date,AOI,atmospheric_correction,scene_id,source,pixel_id,row,col,x,y,B01,B02,B03,B04,B05,B06,B07,B08,B8A,B09,B11,B12
2025-10-28,Iwik,Sen2Cor,S2B_MSIL2A_20251028T113319_N0511_R080_T28QCG_20251028T134111.SAFE,C:\Users\Simon\Nextcloud\Project\Mauritania\Science\Arguin - FieldWork Data Processing\Data\S2\Sen2Cor\S2B_MSIL2A_20251028T113319_N0511_R080_T28QCG_20251028T134111.zip,0,19,6348,363485.0,2199825.0,0.2066,0.252,0.3428,0.4752,0.512,0.5119,0.5323,0.554,0.5461,0.549,0.6553,0.6308
2025-10-28,Iwik,Sen2Cor,S2B_MSIL2A_20251028T113319_N0511_R080_T28QCG_20251028T134111.SAFE,C:\Users\Simon\Nextcloud\Project\Mauritania\Science\Arguin - FieldWork Data Processing\Data\S2\Sen2Cor\S2B_MSIL2A_20251028T113319_N0511_R080_T28QCG_20251028T134111.zip,1,19,6349,363495.0,2199825.0,0.2066,0.24600000000000002,0.3388,0.46840000000000004,0.512,0.5119,0.5323,0.554,0.5461,0.549,0.6553,0.6308
2025-10-28,Iwik,Sen2Cor,S2B_MSIL2A_20251028T113319_N0511_R080_T28QCG_20251028T134111.SAFE,C:\Users\Simon\Nextcloud\Project\Mauritania\Science\Arguin - FieldWork Data Processing\Data\S2\Sen2Cor\S2B_MSIL2A_20251028T113319_N0511_R080_T28QCG_20251028T134111.zip,2,20,6347,363475.0,2199815.0,0.2109,0.2472,0.3408,0.466,0.5094000000000001,0.5123,0.533,0.5508000000000001,0.5416000000000001,0.5502,0.6513,0.6332
2025-10-28,Iwik,Sen2Cor,S2B_MSIL2A_20251028T113319_N0511_R080_T28QCG_20251028T134111.SAFE,C:\Users\Simon\Nextcloud\Project\Mauritania\Science\Arguin - FieldWork Data Processing\Data\S2\Sen2Cor\S2B_MSIL2A_20251028T113319_N0511_R080_T28QCG_20251028T134111.zip,3,20,6348,363485.0,2199815.0,0.21080000000000002,0.24960000000000002,0.34040000000000004,0.46640000000000004,0.509,0.5129,0.5335,0.5516,0.5449,0.549,0.6551,0.6316
2025-10-28,Iwik,Sen2Cor,S2B_MSIL2A_20251028T113319_N0511_R080_T28QCG_20251028T134111.SAFE,C:\Users\Simon\Nextcloud\Project\Mauritania\Science\Arguin - FieldWork Data Processing\Data\S2\Sen2Cor\S2B_MSIL2A_20251028T113319_N0511_R080_T28QCG_20251028T134111.zip,4,20,6349,363495.0,2199815.0,0.21080000000000002,0.24980000000000002,0.342,0.46840000000000004,0.509,0.5129,0.5335,0.5492,0.5449,0.549,0.6551,0.6316
2025-10-28,Iwik,Sen2Cor,S2B_MSIL2A_20251028T113319_N0511_R080_T28QCG_20251028T134111.SAFE,C:\Users\Simon\Nextcloud\Project\Mauritania\Science\Arguin - FieldWork Data Processing\Data\S2\Sen2Cor\S2B_MSIL2A_20251028T113319_N0511_R080_T28QCG_20251028T134111.zip,5,20,6350,363505.0,2199815.0,0.2101,0.2524,0.33840000000000003,0.4716,0.5147,0.517,0.5366000000000001,0.5484,0.5464,0.549,0.6589,0.6337
2025-10-28,Iwik,Sen2Cor,S2B_MSIL2A_20251028T113319_N0511_R080_T28QCG_20251028T134111.SAFE,C:\Users\Simon\Nextcloud\Project\Mauritania\Science\Arguin - FieldWork Data Processing\Data\S2\Sen2Cor\S2B_MSIL2A_20251028T113319_N0511_R080_T28QCG_20251028T134111.zip,6,20,6351,363515.0,2199815.0,0.2101,0.24880000000000002,0.3396,0.4656,0.5147,0.517,0.5366000000000001,0.5488000000000001,0.5464,0.549,0.6589,0.6337
2025-10-28,Iwik,Sen2Cor,S2B_MSIL2A_20251028T113319_N0511_R080_T28QCG_20251028T134111.SAFE,C:\Users\Simon\Nextcloud\Project\Mauritania\Science\Arguin - FieldWork Data Processing\Data\S2\Sen2Cor\S2B_MSIL2A_20251028T113319_N0511_R080_T28QCG_20251028T134111.zip,7,20,6352,363525.0,2199815.0,0.2116,0.2444,0.3392,0.46440000000000003,0.5163,0.521,0.5384,0.546,0.5521,0.549,0.6604,0.6362
2025-10-28,Iwik,Sen2Cor,S2B_MSIL2A_20251028T113319_N0511_R080_T28QCG_20251028T134111.SAFE,C:\Users\Simon\Nextcloud\Project\Mauritania\Science\Arguin - FieldWork Data Processing\Data\S2\Sen2Cor\S2B_MSIL2A_20251028T113319_N0511_R080_T28QCG_20251028T134111.zip,8,21,6346,363465.0,2199805.0,0.2109,0.24780000000000002,0.3428,0.46480000000000005,0.5094000000000001,0.5123,0.533,0.5468000000000001,0.5416000000000001,0.5502,0.6513,0.6332
2025-10-28,Iwik,Sen2Cor,S2B_MSIL2A_20251028T113319_N0511_R080_T28QCG_20251028T134111.SAFE,C:\Users\Simon\Nextcloud\Project\Mauritania\Science\Arguin - FieldWork Data Processing\Data\S2\Sen2Cor\S2B_MSIL2A_20251028T113319_N0511_R080_T28QCG_20251028T134111.zip,9,21,6347,363475.0,2199805.0,0.2109,0.24700000000000003,0.33640000000000003,0.454,0.5094000000000001,0.5123,0.533,0.5456,0.5416000000000001,0.5502,0.6513,0.6332
2025-10-28,Iwik,Sen2Cor,S2B_MSIL2A_20251028T113319_N0511_R080_T28QCG_20251028T134111.SAFE,C:\Users\Simon\Nextcloud\Project\Mauritania\Science\Arguin - FieldWork Data Processing\Data\S2\Sen2Cor\S2B_MSIL2A_20251028T113319_N0511_R080_T28QCG_20251028T134111.zip,10,21,6348,363485.0,2199805.0,0.21080000000000002,0.24700000000000003,0.3376,0.46080000000000004,0.509,0.5129,0.5335,0.542,0.5449,0.549,0.6551,0.6316
2025-10-28,Iwik,Sen2Cor,S2B_MSIL2A_20251028T113319_N0511_R080_T28QCG_20251028T134111.SAFE,C:\Users\Simon\Nextcloud\Project\Mauritania\Science\Arguin - FieldWork Data Processing\Data\S2\Sen2Cor\S2B_MSIL2A_20251028T113319_N0511_R080_T28QCG_20251028T134111.zip,11,21,6349,363495.0,2199805.0,0.21080000000000002,0.24860000000000002,0.342,0.466,0.509,0.5129,0.5335,0.544,0.5449,0.549,0.6551,0.6316
2025-10-28,Iwik,Sen2Cor,S2B_MSIL2A_20251028T113319_N0511_R080_T28QCG_20251028T134111.SAFE,C:\Users\Simon\Nextcloud\Project\Mauritania\Science\Arguin - FieldWork Data Processing\Data\S2\Sen2Cor\S2B_MSIL2A_20251028T113319_N0511_R080_T28QCG_20251028T134111.zip,12,21,6350,363505.0,2199805.0,0.2101,0.2514,0.3416,0.4708,0.5147,0.517,0.5366000000000001,0.5528000000000001,0.5464,0.549,0.6589,0.6337
2025-10-28,Iwik,Sen2Cor,S2B_MSIL2A_20251028T113319_N0511_R080_T28QCG_20251028T134111.SAFE,C:\Users\Simon\Nextcloud\Project\Mauritania\Science\Arguin - FieldWork Data Processing\Data\S2\Sen2Cor\S2B_MSIL2A_20251028T113319_N0511_R080_T28QCG_20251028T134111.zip,13,21,6351,363515.0,2199805.0,0.2101,0.24960000000000002,0.34640000000000004,0.4728,0.5147,0.517,0.5366000000000001,0.5572,0.5464,0.549,0.6589,0.6337
2025-10-28,Iwik,Sen2Cor,S2B_MSIL2A_20251028T113319_N0511_R080_T28QCG_20251028T134111.SAFE,C:\Users\Simon\Nextcloud\Project\Mauritania\Science\Arguin - FieldWork Data Processing\Data\S2\Sen2Cor\S2B_MSIL2A_20251028T113319_N0511_R080_T28QCG_20251028T134111.zip,14,21,6352,363525.0,2199805.0,0.2116,0.2518,0.3452,0.4708,0.5163,0.521,0.5384,0.5536,0.5521,0.549,0.6604,0.6362
2025-10-28,Iwik,Sen2Cor,S2B_MSIL2A_20251028T113319_N0511_R080_T28QCG_20251028T134111.SAFE,C:\Users\Simon\Nextcloud\Project\Mauritania\Science\Arguin - FieldWork Data Processing\Data\S2\Sen2Cor\S2B_MSIL2A_20251028T113319_N0511_R080_T28QCG_20251028T134111.zip,15,21,6353,363535.0,2199805.0,0.2116,0.25120000000000003,0.3452,0.47000000000000003,0.5163,0.521,0.5384,0.5512,0.5521,0.549,0.6604,0.6362
2025-10-28,Iwik,Sen2Cor,S2B_MSIL2A_20251028T113319_N0511_R080_T28QCG_20251028T134111.SAFE,C:\Users\Simon\Nextcloud\Project\Mauritania\Science\Arguin - FieldWork Data Processing\Data\S2\Sen2Cor\S2B_MSIL2A_20251028T113319_N0511_R080_T28QCG_20251028T134111.zip,16,21,6354,363545.0,2199805.0,0.21250000000000002,0.25320000000000004,0.3432,0.47240000000000004,0.5159,0.5183,0.5366000000000001,0.5548000000000001,0.5461,0.5491,0.6591,0.6339
2025-10-28,Iwik,Sen2Cor,S2B_MSIL2A_20251028T113319_N0511_R080_T28QCG_20251028T134111.SAFE,C:\Users\Simon\Nextcloud\Project\Mauritania\Science\Arguin - FieldWork Data Processing\Data\S2\Sen2Cor\S2B_MSIL2A_20251028T113319_N0511_R080_T28QCG_20251028T134111.zip,17,21,6355,363555.0,2199805.0,0.21250000000000002,0.2504,0.3436,0.4696,0.5159,0.5183,0.5366000000000001,0.5556,0.5461,0.5491,0.6591,0.6339
2025-10-28,Iwik,Sen2Cor,S2B_MSIL2A_20251028T113319_N0511_R080_T28QCG_20251028T134111.SAFE,C:\Users\Simon\Nextcloud\Project\Mauritania\Science\Arguin - FieldWork Data Processing\Data\S2\Sen2Cor\S2B_MSIL2A_20251028T113319_N0511_R080_T28QCG_20251028T134111.zip,18,22,6345,363455.0,2199795.0,0.2156,0.2518,0.3376,0.4612,0.5022,0.5123,0.5293,0.5468000000000001,0.5444,0.5502,0.6555000000000001,0.6296
2025-10-28,Iwik,Sen2Cor,S2B_MSIL2A_20251028T113319_N0511_R080_T28QCG_20251028T134111.SAFE,C:\Users\Simon\Nextcloud\Project\Mauritania\Science\Arguin - FieldWork Data Processing\Data\S2\Sen2Cor\S2B_MSIL2A_20251028T113319_N0511_R080_T28QCG_20251028T134111.zip,19,22,6346,363465.0,2199795.0,0.215,0.2472,0.3356,0.46080000000000004,0.5048,0.5081,0.5264,0.5404,0.5421,0.5502,0.6516000000000001,0.6284000000000001
2025-10-28,Iwik,Sen2Cor,S2B_MSIL2A_20251028T113319_N0511_R080_T28QCG_20251028T134111.SAFE,C:\Users\Simon\Nextcloud\Project\Mauritania\Science\Arguin - FieldWork Data Processing\Data\S2\Sen2Cor\S2B_MSIL2A_20251028T113319_N0511_R080_T28QCG_20251028T134111.zip,20,22,6347,363475.0,2199795.0,0.215,0.24680000000000002,0.33280000000000004,0.4544,0.5048,0.5081,0.5264,0.5368,0.5421,0.5502,0.6516000000000001,0.6284000000000001
2025-10-28,Iwik,Sen2Cor,S2B_MSIL2A_20251028T113319_N0511_R080_T28QCG_20251028T134111.SAFE,C:\Users\Simon\Nextcloud\Project\Mauritania\Science\Arguin - FieldWork Data Processing\Data\S2\Sen2Cor\S2B_MSIL2A_20251028T113319_N0511_R080_T28QCG_20251028T134111.zip,21,22,6348,363485.0,2199795.0,0.2134,0.2414,0.334,0.4536,0.49660000000000004,0.4993,0.5212,0.534,0.5355,0.549,0.6493,0.6253000000000001
2025-10-28,Iwik,Sen2Cor,S2B_MSIL2A_20251028T113319_N0511_R080_T28QCG_20251028T134111.SAFE,C:\Users\Simon\Nextcloud\Project\Mauritania\Science\Arguin - FieldWork Data Processing\Data\S2\Sen2Cor\S2B_MSIL2A_20251028T113319_N0511_R080_T28QCG_20251028T134111.zip,22,22,6349,363495.0,2199795.0,0.2134,0.2404,0.332,0.454,0.49660000000000004,0.4993,0.5212,0.5368,0.5355,0.549,0.6493,0.6253000000000001
2025-10-28,Iwik,Sen2Cor,S2B_MSIL2A_20251028T113319_N0511_R080_T28QCG_20251028T134111.SAFE,C:\Users\Simon\Nextcloud\Project\Mauritania\Science\Arguin - FieldWork Data Processing\Data\S2\Sen2Cor\S2B_MSIL2A_20251028T113319_N0511_R080_T28QCG_20251028T134111.zip,23,22,6350,363505.0,2199795.0,0.2131,0.25120000000000003,0.3388,0.46440000000000003,0.5078,0.5064000000000001,0.5315,0.5464,0.537,0.549,0.6571,0.6319
2025-10-28,Iwik,Sen2Cor,S2B_MSIL2A_20251028T113319_N0511_R080_T28QCG_20251028T134111.SAFE,C:\Users\Simon\Nextcloud\Project\Mauritania\Science\Arguin - FieldWork Data Processing\Data\S2\Sen2Cor\S2B_MSIL2A_20251028T113319_N0511_R080_T28QCG_20251028T134111.zip,24,22,6351,363515.0,2199795.0,0.2131,0.25220000000000004,0.3488,0.4716,0.5078,0.5064000000000001,0.5315,0.5528000000000001,0.537,0.549,0.6571,0.6319
2025-10-28,Iwik,Sen2Cor,S2B_MSIL2A_20251028T113319_N0511_R080_T28QCG_20251028T134111.SAFE,C:\Users\Simon\Nextcloud\Project\Mauritania\Science\Arguin - FieldWork Data Processing\Data\S2\Sen2Cor\S2B_MSIL2A_20251028T113319_N0511_R080_T28QCG_20251028T134111.zip,25,22,6352,363525.0,2199795.0,0.21300000000000002,0.25520000000000004,0.34840000000000004,0.4748,0.5183,0.52,0.5412,0.556,0.5485,0.549,0.6597000000000001,0.6349
2025-10-28,Iwik,Sen2Cor,S2B_MSIL2A_20251028T113319_N0511_R080_T28QCG_20251028T134111.SAFE,C:\Users\Simon\Nextcloud\Project\Mauritania\Science\Arguin - FieldWork Data Processing\Data\S2\Sen2Cor\S2B_MSIL2A_20251028T113319_N0511_R080_T28QCG_20251028T134111.zip,26,22,6353,363535.0,2199795.0,0.21300000000000002,0.25320000000000004,0.3492,0.4748,0.5183,0.52,0.5412,0.5508000000000001,0.5485,0.549,0.6597000000000001,0.6349
2025-10-28,Iwik,Sen2Cor,S2B_MSIL2A_20251028T113319_N0511_R080_T28QCG_20251028T134111.SAFE,C:\Users\Simon\Nextcloud\Project\Mauritania\Science\Arguin - FieldWork Data Processing\Data\S2\Sen2Cor\S2B_MSIL2A_20251028T113319_N0511_R080_T28QCG_20251028T134111.zip,27,22,6354,363545.0,2199795.0,0.2134,0.25320000000000004,0.3472,0.4756,0.5137,0.5197,0.538,0.5532,0.5447000000000001,0.5491,0.6604,0.632
2025-10-28,Iwik,Sen2Cor,S2B_MSIL2A_20251028T113319_N0511_R080_T28QCG_20251028T134111.SAFE,C:\Users\Simon\Nextcloud\Project\Mauritania\Science\Arguin - FieldWork Data Processing\Data\S2\Sen2Cor\S2B_MSIL2A_20251028T113319_N0511_R080_T28QCG_20251028T134111.zip,28,22,6355,363555.0,2199795.0,0.2134,0.25220000000000004,0.3428,0.47240000000000004,0.5137,0.5197,0.538,0.5516,0.5447000000000001,0.5491,0.6604,0.632
2025-10-28,Iwik,Sen2Cor,S2B_MSIL2A_20251028T113319_N0511_R080_T28QCG_20251028T134111.SAFE,C:\Users\Simon\Nextcloud\Project\Mauritania\Science\Arguin - FieldWork Data Processing\Data\S2\Sen2Cor\S2B_MSIL2A_20251028T113319_N0511_R080_T28QCG_20251028T134111.zip,29,22,6356,363565.0,2199795.0,0.2151,0.25220000000000004,0.3436,0.46840000000000004,0.5075000000000001,0.5099,0.5257000000000001,0.55,0.54,0.5491,0.6507000000000001,0.6272
2025-10-28,Iwik,Sen2Cor,S2B_MSIL2A_20251028T113319_N0511_R080_T28QCG_20251028T134111.SAFE,C:\Users\Simon\Nextcloud\Project\Mauritania\Science\Arguin - FieldWork Data Processing\Data\S2\Sen2Cor\S2B_MSIL2A_20251028T113319_N0511_R080_T28QCG_20251028T134111.zip,30,22,6357,363575.0,2199795.0,0.2151,0.25120000000000003,0.34400000000000003,0.46680000000000005,0.5075000000000001,0.5099,0.5257000000000001,0.5464,0.54,0.5491,0.6507000000000001,0.6272
2025-10-28,Iwik,Sen2Cor,S2B_MSIL2A_20251028T113319_N0511_R080_T28QCG_20251028T134111.SAFE,C:\Users\Simon\Nextcloud\Project\Mauritania\Science\Arguin - FieldWork Data Processing\Data\S2\Sen2Cor\S2B_MSIL2A_20251028T113319_N0511_R080_T28QCG_20251028T134111.zip,31,23,6345,363455.0,2199785.0,0.2156,0.2508,0.336,0.46280000000000004,0.5022,0.5123,0.5293,0.5436,0.5444,0.5502,0.6555000000000001,0.6296
2025-10-28,Iwik,Sen2Cor,S2B_MSIL2A_20251028T113319_N0511_R080_T28QCG_20251028T134111.SAFE,C:\Users\Simon\Nextcloud\Project\Mauritania\Science\Arguin - FieldWork Data Processing\Data\S2\Sen2Cor\S2B_MSIL2A_20251028T113319_N0511_R080_T28QCG_20251028T134111.zip,32,23,6346,363465.0,2199785.0,0.215,0.249,0.338,0.4576,0.5048,0.5081,0.5264,0.5404,0.5421,0.5502,0.6516000000000001,0.6284000000000001
2025-10-28,Iwik,Sen2Cor,S2B_MSIL2A_20251028T113319_N0511_R080_T28QCG_20251028T134111.SAFE,C:\Users\Simon\Nextcloud\Project\Mauritania\Science\Arguin - FieldWork Data Processing\Data\S2\Sen2Cor\S2B_MSIL2A_20251028T113319_N0511_R080_T28QCG_20251028T134111.zip,33,23,6347,363475.0,2199785.0,0.215,0.24960000000000002,0.3372,0.458,0.5048,0.5081,0.5264,0.5376000000000001,0.5421,0.5502,0.6516000000000001,0.6284000000000001
2025-10-28,Iwik,Sen2Cor,S2B_MSIL2A_20251028T113319_N0511_R080_T28QCG_20251028T134111.SAFE,C:\Users\Simon\Nextcloud\Project\Mauritania\Science\Arguin - FieldWork Data Processing\Data\S2\Sen2Cor\S2B_MSIL2A_20251028T113319_N0511_R080_T28QCG_20251028T134111.zip,34,23,6348,363485.0,2199785.0,0.2134,0.25220000000000004,0.3336,0.45,0.49660000000000004,0.4993,0.5212,0.5316000000000001,0.5355,0.549,0.6493,0.6253000000000001
2025-10-28,Iwik,Sen2Cor,S2B_MSIL2A_20251028T113319_N0511_R080_T28QCG_20251028T134111.SAFE,C:\Users\Simon\Nextcloud\Project\Mauritania\Science\Arguin - FieldWork Data Processing\Data\S2\Sen2Cor\S2B_MSIL2A_20251028T113319_N0511_R080_T28QCG_20251028T134111.zip,35,23,6349,363495.0,2199785.0,0.2134,0.24180000000000001,0.3252,0.44320000000000004,0.49660000000000004,0.4993,0.5212,0.5228,0.5355,0.549,0.6493,0.6253000000000001
2025-10-28,Iwik,Sen2Cor,S2B_MSIL2A_20251028T113319_N0511_R080_T28QCG_20251028T134111.SAFE,C:\Users\Simon\Nextcloud\Project\Mauritania\Science\Arguin - FieldWork Data Processing\Data\S2\Sen2Cor\S2B_MSIL2A_20251028T113319_N0511_R080_T28QCG_20251028T134111.zip,36,23,6350,363505.0,2199785.0,0.2131,0.2464,0.3296,0.4484,0.5078,0.5064000000000001,0.5315,0.5304,0.537,0.549,0.6571,0.6319
2025-10-28,Iwik,Sen2Cor,S2B_MSIL2A_20251028T113319_N0511_R080_T28QCG_20251028T134111.SAFE,C:\Users\Simon\Nextcloud\Project\Mauritania\Science\Arguin - FieldWork Data Processing\Data\S2\Sen2Cor\S2B_MSIL2A_20251028T113319_N0511_R080_T28QCG_20251028T134111.zip,37,23,6351,363515.0,2199785.0,0.2131,0.248,0.33640000000000003,0.458,0.5078,0.5064000000000001,0.5315,0.5412,0.537,0.549,0.6571,0.6319
2025-10-28,Iwik,Sen2Cor,S2B_MSIL2A_20251028T113319_N0511_R080_T28QCG_20251028T134111.SAFE,C:\Users\Simon\Nextcloud\Project\Mauritania\Science\Arguin - FieldWork Data Processing\Data\S2\Sen2Cor\S2B_MSIL2A_20251028T113319_N0511_R080_T28QCG_20251028T134111.zip,38,23,6352,363525.0,2199785.0,0.21300000000000002,0.2564,0.34600000000000003,0.4716,0.5183,0.52,0.5412,0.5528000000000001,0.5485,0.549,0.6597000000000001,0.6349
2025-10-28,Iwik,Sen2Cor,S2B_MSIL2A_20251028T113319_N0511_R080_T28QCG_20251028T134111.SAFE,C:\Users\Simon\Nextcloud\Project\Mauritania\Science\Arguin - FieldWork Data Processing\Data\S2\Sen2Cor\S2B_MSIL2A_20251028T113319_N0511_R080_T28QCG_20251028T134111.zip,39,23,6353,363535.0,2199785.0,0.21300000000000002,0.25520000000000004,0.3468,0.47840000000000005,0.5183,0.52,0.5412,0.5504,0.5485,0.549,0.6597000000000001,0.6349
2025-10-28,Iwik,Sen2Cor,S2B_MSIL2A_20251028T113319_N0511_R080_T28QCG_20251028T134111.SAFE,C:\Users\Simon\Nextcloud\Project\Mauritania\Science\Arguin - FieldWork Data Processing\Data\S2\Sen2Cor\S2B_MSIL2A_20251028T113319_N0511_R080_T28QCG_20251028T134111.zip,40,23,6354,363545.0,2199785.0,0.2134,0.252,0.3452,0.47440000000000004,0.5137,0.5197,0.538,0.5488000000000001,0.5447000000000001,0.5491,0.6604,0.632
2025-10-28,Iwik,Sen2Cor,S2B_MSIL2A_20251028T113319_N0511_R080_T28QCG_20251028T134111.SAFE,C:\Users\Simon\Nextcloud\Project\Mauritania\Science\Arguin - FieldWork Data Processing\Data\S2\Sen2Cor\S2B_MSIL2A_20251028T113319_N0511_R080_T28QCG_20251028T134111.zip,41,23,6355,363555.0,2199785.0,0.2134,0.2514,0.34,0.4656,0.5137,0.5197,0.538,0.5448000000000001,0.5447000000000001,0.5491,0.6604,0.632
2025-10-28,Iwik,Sen2Cor,S2B_MSIL2A_20251028T113319_N0511_R080_T28QCG_20251028T134111.SAFE,C:\Users\Simon\Nextcloud\Project\Mauritania\Science\Arguin - FieldWork Data Processing\Data\S2\Sen2Cor\S2B_MSIL2A_20251028T113319_N0511_R080_T28QCG_20251028T134111.zip,42,23,6356,363565.0,2199785.0,0.2151,0.25,0.3388,0.46440000000000003,0.5075000000000001,0.5099,0.5257000000000001,0.5456,0.54,0.5491,0.6507000000000001,0.6272
2025-10-28,Iwik,Sen2Cor,S2B_MSIL2A_20251028T113319_N0511_R080_T28QCG_20251028T134111.SAFE,C:\Users\Simon\Nextcloud\Project\Mauritania\Science\Arguin - FieldWork Data Processing\Data\S2\Sen2Cor\S2B_MSIL2A_20251028T113319_N0511_R080_T28QCG_20251028T134111.zip,43,23,6357,363575.0,2199785.0,0.2151,0.2564,0.342,0.4676,0.5075000000000001,0.5099,0.5257000000000001,0.5428000000000001,0.54,0.5491,0.6507000000000001,0.6272
2025-10-28,Iwik,Sen2Cor,S2B_MSIL2A_20251028T113319_N0511_R080_T28QCG_20251028T134111.SAFE,C:\Users\Simon\Nextcloud\Project\Mauritania\Science\Arguin - FieldWork Data Processing\Data\S2\Sen2Cor\S2B_MSIL2A_20251028T113319_N0511_R080_T28QCG_20251028T134111.zip,44,24,6344,363445.0,2199775.0,0.22030000000000002,0.2586,0.3488,0.4756,0.5163,0.5195000000000001,0.5399,0.5528000000000001,0.5487000000000001,0.5591,0.66,0.6352
2025-10-28,Iwik,Sen2Cor,S2B_MSIL2A_20251028T113319_N0511_R080_T28QCG_20251028T134111.SAFE,C:\Users\Simon\Nextcloud\Project\Mauritania\Science\Arguin - FieldWork Data Processing\Data\S2\Sen2Cor\S2B_MSIL2A_20251028T113319_N0511_R080_T28QCG_20251028T134111.zip,45,24,6345,363455.0,2199775.0,0.22030000000000002,0.2556,0.34840000000000004,0.46880000000000005,0.5163,0.5195000000000001,0.5399,0.5532,0.5487000000000001,0.5591,0.66,0.6352
2025-10-28,Iwik,Sen2Cor,S2B_MSIL2A_20251028T113319_N0511_R080_T28QCG_20251028T134111.SAFE,C:\Users\Simon\Nextcloud\Project\Mauritania\Science\Arguin - FieldWork Data Processing\Data\S2\Sen2Cor\S2B_MSIL2A_20251028T113319_N0511_R080_T28QCG_20251028T134111.zip,46,24,6346,363465.0,2199775.0,0.2192,0.26,0.34640000000000004,0.47000000000000003,0.5092,0.5151,0.5325,0.5552,0.549,0.5591,0.6577000000000001,0.6314000000000001
2025-10-28,Iwik,Sen2Cor,S2B_MSIL2A_20251028T113319_N0511_R080_T28QCG_20251028T134111.SAFE,C:\Users\Simon\Nextcloud\Project\Mauritania\Science\Arguin - FieldWork Data Processing\Data\S2\Sen2Cor\S2B_MSIL2A_20251028T113319_N0511_R080_T28QCG_20251028T134111.zip,47,24,6347,363475.0,2199775.0,0.2192,0.2534,0.3432,0.46680000000000005,0.5092,0.5151,0.5325,0.5464,0.549,0.5591,0.6577000000000001,0.6314000000000001
2025-10-28,Iwik,Sen2Cor,S2B_MSIL2A_20251028T113319_N0511_R080_T28QCG_20251028T134111.SAFE,C:\Users\Simon\Nextcloud\Project\Mauritania\Science\Arguin - FieldWork Data Processing\Data\S2\Sen2Cor\S2B_MSIL2A_20251028T113319_N0511_R080_T28QCG_20251028T134111.zip,48,24,6348,363485.0,2199775.0,0.2167,0.2484,0.334,0.4536,0.4978,0.5015000000000001,0.5201,0.54,0.5374,0.5515,0.6532,0.625
2025-10-28,Iwik,Sen2Cor,S2B_MSIL2A_20251028T113319_N0511_R080_T28QCG_20251028T134111.SAFE,C:\Users\Simon\Nextcloud\Project\Mauritania\Science\Arguin - FieldWork Data Processing\Data\S2\Sen2Cor\S2B_MSIL2A_20251028T113319_N0511_R080_T28QCG_20251028T134111.zip,49,24,6349,363495.0,2199775.0,0.2167,0.24700000000000003,0.3284,0.444,0.4978,0.5015000000000001,0.5201,0.5324,0.5374,0.5515,0.6532,0.625
2025-10-28,Iwik,Sen2Cor,S2B_MSIL2A_20251028T113319_N0511_R080_T28QCG_20251028T134111.SAFE,C:\Users\Simon\Nextcloud\Project\Mauritania\Science\Arguin - FieldWork Data Processing\Data\S2\Sen2Cor\S2B_MSIL2A_20251028T113319_N0511_R080_T28QCG_20251028T134111.zip,50,24,6350,363505.0,2199775.0,0.2159,0.2432,0.332,0.45080000000000003,0.5016,0.5054000000000001,0.5219,0.5312,0.5358,0.5515,0.655,0.6255000000000001
2025-10-28,Iwik,Sen2Cor,S2B_MSIL2A_20251028T113319_N0511_R080_T28QCG_20251028T134111.SAFE,C:\Users\Simon\Nextcloud\Project\Mauritania\Science\Arguin - FieldWork Data Processing\Data\S2\Sen2Cor\S2B_MSIL2A_20251028T113319_N0511_R080_T28QCG_20251028T134111.zip,51,24,6351,363515.0,2199775.0,0.2159,0.2482,0.3388,0.4616,0.5016,0.5054000000000001,0.5219,0.5392,0.5358,0.5515,0.655,0.6255000000000001
2025-10-28,Iwik,Sen2Cor,S2B_MSIL2A_20251028T113319_N0511_R080_T28QCG_20251028T134111.SAFE,C:\Users\Simon\Nextcloud\Project\Mauritania\Science\Arguin - FieldWork Data Processing\Data\S2\Sen2Cor\S2B_MSIL2A_20251028T113319_N0511_R080_T28QCG_20251028T134111.zip,52,24,6352,363525.0,2199775.0,0.2151,0.25320000000000004,0.34600000000000003,0.4708,0.512,0.5177,0.5339,0.5472,0.5429,0.5515,0.6577000000000001,0.6282
2025-10-28,Iwik,Sen2Cor,S2B_MSIL2A_20251028T113319_N0511_R080_T28QCG_20251028T134111.SAFE,C:\Users\Simon\Nextcloud\Project\Mauritania\Science\Arguin - FieldWork Data Processing\Data\S2\Sen2Cor\S2B_MSIL2A_20251028T113319_N0511_R080_T28QCG_20251028T134111.zip,53,24,6353,363535.0,2199775.0,0.2151,0.25680000000000003,0.3512,0.47600000000000003,0.512,0.5177,0.5339,0.5556,0.5429,0.5515,0.6577000000000001,0.6282
2025-10-28,Iwik,Sen2Cor,S2B_MSIL2A_20251028T113319_N0511_R080_T28QCG_20251028T134111.SAFE,C:\Users\Simon\Nextcloud\Project\Mauritania\Science\Arguin - FieldWork Data Processing\Data\S2\Sen2Cor\S2B_MSIL2A_20251028T113319_N0511_R080_T28QCG_20251028T134111.zip,54,24,6354,363545.0,2199775.0,0.21610000000000001,0.2554,0.34640000000000004,0.4748,0.5117,0.5183,0.5367000000000001,0.5536,0.5433,0.5486,0.658,0.6291
2025-10-28,Iwik,Sen2Cor,S2B_MSIL2A_20251028T113319_N0511_R080_T28QCG_20251028T134111.SAFE,C:\Users\Simon\Nextcloud\Project\Mauritania\Science\Arguin - FieldWork Data Processing\Data\S2\Sen2Cor\S2B_MSIL2A_20251028T113319_N0511_R080_T28QCG_20251028T134111.zip,55,24,6355,363555.0,2199775.0,0.21610000000000001,0.24980000000000002,0.3452,0.4652,0.5117,0.5183,0.5367000000000001,0.5396000000000001,0.5433,0.5486,0.658,0.6291
2025-10-28,Iwik,Sen2Cor,S2B_MSIL2A_20251028T113319_N0511_R080_T28QCG_20251028T134111.SAFE,C:\Users\Simon\Nextcloud\Project\Mauritania\Science\Arguin - FieldWork Data Processing\Data\S2\Sen2Cor\S2B_MSIL2A_20251028T113319_N0511_R080_T28QCG_20251028T134111.zip,56,24,6356,363565.0,2199775.0,0.21610000000000001,0.25020000000000003,0.34,0.46,0.5045000000000001,0.5032,0.5249,0.534,0.5351,0.5486,0.6475000000000001,0.6198
2025-10-28,Iwik,Sen2Cor,S2B_MSIL2A_20251028T113319_N0511_R080_T28QCG_20251028T134111.SAFE,C:\Users\Simon\Nextcloud\Project\Mauritania\Science\Arguin - FieldWork Data Processing\Data\S2\Sen2Cor\S2B_MSIL2A_20251028T113319_N0511_R080_T28QCG_20251028T134111.zip,57,24,6357,363575.0,2199775.0,0.21610000000000001,0.2536,0.3372,0.45840000000000003,0.5045000000000001,0.5032,0.5249,0.5352,0.5351,0.5486,0.6475000000000001,0.6198
2025-10-28,Iwik,Sen2Cor,S2B_MSIL2A_20251028T113319_N0511_R080_T28QCG_20251028T134111.SAFE,C:\Users\Simon\Nextcloud\Project\Mauritania\Science\Arguin - FieldWork Data Processing\Data\S2\Sen2Cor\S2B_MSIL2A_20251028T113319_N0511_R080_T28QCG_20251028T134111.zip,58,24,6358,363585.0,2199775.0,0.21660000000000001,0.24960000000000002,0.3372,0.45640000000000003,0.5032,0.507,0.5288,0.5332,0.5361,0.5486,0.6502,0.6222
2025-10-28,Iwik,Sen2Cor,S2B_MSIL2A_20251028T113319_N0511_R080_T28QCG_20251028T134111.SAFE,C:\Users\Simon\Nextcloud\Project\Mauritania\Science\Arguin - FieldWork Data Processing\Data\S2\Sen2Cor\S2B_MSIL2A_20251028T113319_N0511_R080_T28QCG_20251028T134111.zip,59,25,6343,363435.0,2199765.0,0.2214,0.26480000000000004,0.3528,0.47600000000000003,0.5225000000000001,0.5264,0.5462,0.5604,0.5559000000000001,0.5591,0.6649,0.6374000000000001
2025-10-28,Iwik,Sen2Cor,S2B_MSIL2A_20251028T113319_N0511_R080_T28QCG_20251028T134111.SAFE,C:\Users\Simon\Nextcloud\Project\Mauritania\Science\Arguin - FieldWork Data Processing\Data\S2\Sen2Cor\S2B_MSIL2A_20251028T113319_N0511_R080_T28QCG_20251028T134111.zip,60,25,6344,363445.0,2199765.0,0.22030000000000002,0.2614,0.34840000000000004,0.4796,0.5163,0.5195000000000001,0.5399,0.5576,0.5487000000000001,0.5591,0.66,0.6352
2025-10-28,Iwik,Sen2Cor,S2B_MSIL2A_20251028T113319_N0511_R080_T28QCG_20251028T134111.SAFE,C:\Users\Simon\Nextcloud\Project\Mauritania\Science\Arguin - FieldWork Data Processing\Data\S2\Sen2Cor\S2B_MSIL2A_20251028T113319_N0511_R080_T28QCG_20251028T134111.zip,61,25,6345,363455.0,2199765.0,0.22030000000000002,0.26180000000000003,0.3496,0.4732,0.5163,0.5195000000000001,0.5399,0.5628000000000001,0.5487000000000001,0.5591,0.66,0.6352
2025-10-28,Iwik,Sen2Cor,S2B_MSIL2A_20251028T113319_N0511_R080_T28QCG_20251028T134111.SAFE,C:\Users\Simon\Nextcloud\Project\Mauritania\Science\Arguin - FieldWork Data Processing\Data\S2\Sen2Cor\S2B_MSIL2A_20251028T113319_N0511_R080_T28QCG_20251028T134111.zip,62,25,6346,363465.0,2199765.0,0.2192,0.25680000000000003,0.3468,0.47040000000000004,0.5092,0.5151,0.5325,0.5556,0.549,0.5591,0.6577000000000001,0.6314000000000001
2025-10-28,Iwik,Sen2Cor,S2B_MSIL2A_20251028T113319_N0511_R080_T28QCG_20251028T134111.SAFE,C:\Users\Simon\Nextcloud\Project\Mauritania\Science\Arguin - FieldWork Data Processing\Data\S2\Sen2Cor\S2B_MSIL2A_20251028T113319_N0511_R080_T28QCG_20251028T134111.zip,63,25,6347,363475.0,2199765.0,0.2192,0.2584,0.3436,0.46240000000000003,0.5092,0.5151,0.5325,0.546,0.549,0.5591,0.6577000000000001,0.6314000000000001
2025-10-28,Iwik,Sen2Cor,S2B_MSIL2A_20251028T113319_N0511_R080_T28QCG_20251028T134111.SAFE,C:\Users\Simon\Nextcloud\Project\Mauritania\Science\Arguin - FieldWork Data Processing\Data\S2\Sen2Cor\S2B_MSIL2A_20251028T113319_N0511_R080_T28QCG_20251028T134111.zip,64,25,6348,363485.0,2199765.0,0.2167,0.25620000000000004,0.3416,0.46440000000000003,0.4978,0.5015000000000001,0.5201,0.546,0.5374,0.5515,0.6532,0.625
2025-10-28,Iwik,Sen2Cor,S2B_MSIL2A_20251028T113319_N0511_R080_T28QCG_20251028T134111.SAFE,C:\Users\Simon\Nextcloud\Project\Mauritania\Science\Arguin - FieldWork Data Processing\Data\S2\Sen2Cor\S2B_MSIL2A_20251028T113319_N0511_R080_T28QCG_20251028T134111.zip,65,25,6349,363495.0,2199765.0,0.2167,0.2518,0.3388,0.45880000000000004,0.4978,0.5015000000000001,0.5201,0.5448000000000001,0.5374,0.5515,0.6532,0.625
2025-10-28,Iwik,Sen2Cor,S2B_MSIL2A_20251028T113319_N0511_R080_T28QCG_20251028T134111.SAFE,C:\Users\Simon\Nextcloud\Project\Mauritania\Science\Arguin - FieldWork Data Processing\Data\S2\Sen2Cor\S2B_MSIL2A_20251028T113319_N0511_R080_T28QCG_20251028T134111.zip,66,25,6350,363505.0,2199765.0,0.2159,0.25,0.33840000000000003,0.462,0.5016,0.5054000000000001,0.5219,0.542,0.5358,0.5515,0.655,0.6255000000000001
2025-10-28,Iwik,Sen2Cor,S2B_MSIL2A_20251028T113319_N0511_R080_T28QCG_20251028T134111.SAFE,C:\Users\Simon\Nextcloud\Project\Mauritania\Science\Arguin - FieldWork Data Processing\Data\S2\Sen2Cor\S2B_MSIL2A_20251028T113319_N0511_R080_T28QCG_20251028T134111.zip,67,25,6351,363515.0,2199765.0,0.2159,0.2534,0.342,0.46640000000000004,0.5016,0.5054000000000001,0.5219,0.5464,0.5358,0.5515,0.655,0.6255000000000001
2025-10-28,Iwik,Sen2Cor,S2B_MSIL2A_20251028T113319_N0511_R080_T28QCG_20251028T134111.SAFE,C:\Users\Simon\Nextcloud\Project\Mauritania\Science\Arguin - FieldWork Data Processing\Data\S2\Sen2Cor\S2B_MSIL2A_20251028T113319_N0511_R080_T28QCG_20251028T134111.zip,68,25,6352,363525.0,2199765.0,0.2151,0.253,0.3432,0.4652,0.512,0.5177,0.5339,0.5456,0.5429,0.5515,0.6577000000000001,0.6282
2025-10-28,Iwik,Sen2Cor,S2B_MSIL2A_20251028T113319_N0511_R080_T28QCG_20251028T134111.SAFE,C:\Users\Simon\Nextcloud\Project\Mauritania\Science\Arguin - FieldWork Data Processing\Data\S2\Sen2Cor\S2B_MSIL2A_20251028T113319_N0511_R080_T28QCG_20251028T134111.zip,69,25,6353,363535.0,2199765.0,0.2151,0.25680000000000003,0.3468,0.4708,0.512,0.5177,0.5339,0.5488000000000001,0.5429,0.5515,0.6577000000000001,0.6282
2025-10-28,Iwik,Sen2Cor,S2B_MSIL2A_20251028T113319_N0511_R080_T28QCG_20251028T134111.SAFE,C:\Users\Simon\Nextcloud\Project\Mauritania\Science\Arguin - FieldWork Data Processing\Data\S2\Sen2Cor\S2B_MSIL2A_20251028T113319_N0511_R080_T28QCG_20251028T134111.zip,70,25,6354,363545.0,2199765.0,0.21610000000000001,0.2558,0.34600000000000003,0.4692,0.5117,0.5183,0.5367000000000001,0.5512,0.5433,0.5486,0.658,0.6291
2025-10-28,Iwik,Sen2Cor,S2B_MSIL2A_20251028T113319_N0511_R080_T28QCG_20251028T134111.SAFE,C:\Users\Simon\Nextcloud\Project\Mauritania\Science\Arguin - FieldWork Data Processing\Data\S2\Sen2Cor\S2B_MSIL2A_20251028T113319_N0511_R080_T28QCG_20251028T134111.zip,71,25,6355,363555.0,2199765.0,0.21610000000000001,0.25420000000000004,0.34440000000000004,0.46680000000000005,0.5117,0.5183,0.5367000000000001,0.5464,0.5433,0.5486,0.658,0.6291
2025-10-28,Iwik,Sen2Cor,S2B_MSIL2A_20251028T113319_N0511_R080_T28QCG_20251028T134111.SAFE,C:\Users\Simon\Nextcloud\Project\Mauritania\Science\Arguin - FieldWork Data Processing\Data\S2\Sen2Cor\S2B_MSIL2A_20251028T113319_N0511_R080_T28QCG_20251028T134111.zip,72,25,6356,363565.0,2199765.0,0.21610000000000001,0.252,0.34040000000000004,0.4632,0.5045000000000001,0.5032,0.5249,0.5372,0.5351,0.5486,0.6475000000000001,0.6198
2025-10-28,Iwik,Sen2Cor,S2B_MSIL2A_20251028T113319_N0511_R080_T28QCG_20251028T134111.SAFE,C:\Users\Simon\Nextcloud\Project\Mauritania\Science\Arguin - FieldWork Data Processing\Data\S2\Sen2Cor\S2B_MSIL2A_20251028T113319_N0511_R080_T28QCG_20251028T134111.zip,73,25,6357,363575.0,2199765.0,0.21610000000000001,0.251,0.34040000000000004,0.46040000000000003,0.5045000000000001,0.5032,0.5249,0.5368,0.5351,0.5486,0.6475000000000001,0.6198
2025-10-28,Iwik,Sen2Cor,S2B_MSIL2A_20251028T113319_N0511_R080_T28QCG_20251028T134111.SAFE,C:\Users\Simon\Nextcloud\Project\Mauritania\Science\Arguin - FieldWork Data Processing\Data\S2\Sen2Cor\S2B_MSIL2A_20251028T113319_N0511_R080_T28QCG_20251028T134111.zip,74,26,6343,363435.0,2199755.0,0.22610000000000002,0.26580000000000004,0.35400000000000004,0.47600000000000003,0.5226000000000001,0.5266000000000001,0.5461,0.5536,0.5557,0.5591,0.6664,0.6368
2025-10-28,Iwik,Sen2Cor,S2B_MSIL2A_20251028T113319_N0511_R080_T28QCG_20251028T134111.SAFE,C:\Users\Simon\Nextcloud\Project\Mauritania\Science\Arguin - FieldWork Data Processing\Data\S2\Sen2Cor\S2B_MSIL2A_20251028T113319_N0511_R080_T28QCG_20251028T134111.zip,75,26,6344,363445.0,2199755.0,0.2245,0.262,0.3492,0.4772,0.522,0.5239,0.544,0.554,0.5539000000000001,0.5591,0.6642,0.6378
2025-10-28,Iwik,Sen2Cor,S2B_MSIL2A_20251028T113319_N0511_R080_T28QCG_20251028T134111.SAFE,C:\Users\Simon\Nextcloud\Project\Mauritania\Science\Arguin - FieldWork Data Processing\Data\S2\Sen2Cor\S2B_MSIL2A_20251028T113319_N0511_R080_T28QCG_20251028T134111.zip,76,26,6345,363455.0,2199755.0,0.2245,0.262,0.3516,0.4736,0.522,0.5239,0.544,0.5584,0.5539000000000001,0.5591,0.6642,0.6378
2025-10-28,Iwik,Sen2Cor,S2B_MSIL2A_20251028T113319_N0511_R080_T28QCG_20251028T134111.SAFE,C:\Users\Simon\Nextcloud\Project\Mauritania\Science\Arguin - FieldWork Data Processing\Data\S2\Sen2Cor\S2B_MSIL2A_20251028T113319_N0511_R080_T28QCG_20251028T134111.zip,77,26,6346,363465.0,2199755.0,0.2218,0.25780000000000003,0.3488,0.4672,0.5213,0.5215000000000001,0.5472,0.5492,0.555,0.5591,0.6623,0.6345000000000001
2025-10-28,Iwik,Sen2Cor,S2B_MSIL2A_20251028T113319_N0511_R080_T28QCG_20251028T134111.SAFE,C:\Users\Simon\Nextcloud\Project\Mauritania\Science\Arguin - FieldWork Data Processing\Data\S2\Sen2Cor\S2B_MSIL2A_20251028T113319_N0511_R080_T28QCG_20251028T134111.zip,78,26,6347,363475.0,2199755.0,0.2218,0.2584,0.35000000000000003,0.46480000000000005,0.5213,0.5215000000000001,0.5472,0.5572,0.555,0.5591,0.6623,0.6345000000000001
2025-10-28,Iwik,Sen2Cor,S2B_MSIL2A_20251028T113319_N0511_R080_T28QCG_20251028T134111.SAFE,C:\Users\Simon\Nextcloud\Project\Mauritania\Science\Arguin - FieldWork Data Processing\Data\S2\Sen2Cor\S2B_MSIL2A_20251028T113319_N0511_R080_T28QCG_20251028T134111.zip,79,26,6348,363485.0,2199755.0,0.2199,0.2612,0.34600000000000003,0.4728,0.5172,0.5188,0.542,0.556,0.55,0.5515,0.6616000000000001,0.6336
2025-10-28,Iwik,Sen2Cor,S2B_MSIL2A_20251028T113319_N0511_R080_T28QCG_20251028T134111.SAFE,C:\Users\Simon\Nextcloud\Project\Mauritania\Science\Arguin - FieldWork Data Processing\Data\S2\Sen2Cor\S2B_MSIL2A_20251028T113319_N0511_R080_T28QCG_20251028T134111.zip,80,26,6349,363495.0,2199755.0,0.2199,0.2564,0.3472,0.4652,0.5172,0.5188,0.542,0.55,0.55,0.5515,0.6616000000000001,0.6336
2025-10-28,Iwik,Sen2Cor,S2B_MSIL2A_20251028T113319_N0511_R080_T28QCG_20251028T134111.SAFE,C:\Users\Simon\Nextcloud\Project\Mauritania\Science\Arguin - FieldWork Data Processing\Data\S2\Sen2Cor\S2B_MSIL2A_20251028T113319_N0511_R080_T28QCG_20251028T134111.zip,81,26,6350,363505.0,2199755.0,0.2175,0.2544,0.34400000000000003,0.4632,0.5104000000000001,0.5156000000000001,0.5349,0.5464,0.5429,0.5515,0.6574,0.6252
2025-10-28,Iwik,Sen2Cor,S2B_MSIL2A_20251028T113319_N0511_R080_T28QCG_20251028T134111.SAFE,C:\Users\Simon\Nextcloud\Project\Mauritania\Science\Arguin - FieldWork Data Processing\Data\S2\Sen2Cor\S2B_MSIL2A_20251028T113319_N0511_R080_T28QCG_20251028T134111.zip,82,26,6351,363515.0,2199755.0,0.2175,0.2566,0.3428,0.4636,0.5104000000000001,0.5156000000000001,0.5349,0.5428000000000001,0.5429,0.5515,0.6574,0.6252
2025-10-28,Iwik,Sen2Cor,S2B_MSIL2A_20251028T113319_N0511_R080_T28QCG_20251028T134111.SAFE,C:\Users\Simon\Nextcloud\Project\Mauritania\Science\Arguin - FieldWork Data Processing\Data\S2\Sen2Cor\S2B_MSIL2A_20251028T113319_N0511_R080_T28QCG_20251028T134111.zip,83,26,6352,363525.0,2199755.0,0.2162,0.2554,0.34640000000000004,0.46840000000000004,0.5125000000000001,0.5175000000000001,0.5355,0.5468000000000001,0.5446,0.5515,0.6554,0.6248
2025-10-28,Iwik,Sen2Cor,S2B_MSIL2A_20251028T113319_N0511_R080_T28QCG_20251028T134111.SAFE,C:\Users\Simon\Nextcloud\Project\Mauritania\Science\Arguin - FieldWork Data Processing\Data\S2\Sen2Cor\S2B_MSIL2A_20251028T113319_N0511_R080_T28QCG_20251028T134111.zip,84,26,6353,363535.0,2199755.0,0.2162,0.2566,0.3472,0.4696,0.5125000000000001,0.5175000000000001,0.5355,0.5492,0.5446,0.5515,0.6554,0.6248
2025-10-28,Iwik,Sen2Cor,S2B_MSIL2A_20251028T113319_N0511_R080_T28QCG_20251028T134111.SAFE,C:\Users\Simon\Nextcloud\Project\Mauritania\Science\Arguin - FieldWork Data Processing\Data\S2\Sen2Cor\S2B_MSIL2A_20251028T113319_N0511_R080_T28QCG_20251028T134111.zip,85,26,6354,363545.0,2199755.0,0.2165,0.25520000000000004,0.34800000000000003,0.4672,0.5135000000000001,0.5178,0.5356000000000001,0.55,0.5441,0.5486,0.6546000000000001,0.629
2025-10-28,Iwik,Sen2Cor,S2B_MSIL2A_20251028T113319_N0511_R080_T28QCG_20251028T134111.SAFE,C:\Users\Simon\Nextcloud\Project\Mauritania\Science\Arguin - FieldWork Data Processing\Data\S2\Sen2Cor\S2B_MSIL2A_20251028T113319_N0511_R080_T28QCG_20251028T134111.zip,86,26,6355,363555.0,2199755.0,0.2165,0.2566,0.34640000000000004,0.4696,0.5135000000000001,0.5178,0.5356000000000001,0.5468000000000001,0.5441,0.5486,0.6546000000000001,0.629
2025-10-28,Iwik,Sen2Cor,S2B_MSIL2A_20251028T113319_N0511_R080_T28QCG_20251028T134111.SAFE,C:\Users\Simon\Nextcloud\Project\Mauritania\Science\Arguin - FieldWork Data Processing\Data\S2\Sen2Cor\S2B_MSIL2A_20251028T113319_N0511_R080_T28QCG_20251028T134111.zip,87,26,6356,363565.0,2199755.0,0.2162,0.2548,0.3452,0.4656,0.5103,0.5139,0.5346000000000001,0.5456,0.5353,0.5486,0.6514,0.624
2025-10-28,Iwik,Sen2Cor,S2B_MSIL2A_20251028T113319_N0511_R080_T28QCG_20251028T134111.SAFE,C:\Users\Simon\Nextcloud\Project\Mauritania\Science\Arguin - FieldWork Data Processing\Data\S2\Sen2Cor\S2B_MSIL2A_20251028T113319_N0511_R080_T28QCG_20251028T134111.zip,88,26,6357,363575.0,2199755.0,0.2162,0.2574,0.34400000000000003,0.46640000000000004,0.5103,0.5139,0.5346000000000001,0.546,0.5353,0.5486,0.6514,0.624
2025-10-28,Iwik,Sen2Cor,S2B_MSIL2A_20251028T113319_N0511_R080_T28QCG_20251028T134111.SAFE,C:\Users\Simon\Nextcloud\Project\Mauritania\Science\Arguin - FieldWork Data Processing\Data\S2\Sen2Cor\S2B_MSIL2A_20251028T113319_N0511_R080_T28QCG_20251028T134111.zip,89,27,6342,363425.0,2199745.0,0.22610000000000002,0.272,0.3672,0.48360000000000003,0.5226000000000001,0.5266000000000001,0.5461,0.562,0.5557,0.5591,0.6664,0.6368
2025-10-28,Iwik,Sen2Cor,S2B_MSIL2A_20251028T113319_N0511_R080_T28QCG_20251028T134111.SAFE,C:\Users\Simon\Nextcloud\Project\Mauritania\Science\Arguin - FieldWork Data Processing\Data\S2\Sen2Cor\S2B_MSIL2A_20251028T113319_N0511_R080_T28QCG_20251028T134111.zip,90,27,6343,363435.0,2199745.0,0.22610000000000002,0.2692,0.35600000000000004,0.4792,0.5226000000000001,0.5266000000000001,0.5461,0.5532,0.5557,0.5591,0.6664,0.6368
2025-10-28,Iwik,Sen2Cor,S2B_MSIL2A_20251028T113319_N0511_R080_T28QCG_20251028T134111.SAFE,C:\Users\Simon\Nextcloud\Project\Mauritania\Science\Arguin - FieldWork Data Processing\Data\S2\Sen2Cor\S2B_MSIL2A_20251028T113319_N0511_R080_T28QCG_20251028T134111.zip,91,27,6344,363445.0,2199745.0,0.2245,0.2664,0.3572,0.47600000000000003,0.522,0.5239,0.544,0.5556,0.5539000000000001,0.5591,0.6642,0.6378
2025-10-28,Iwik,Sen2Cor,S2B_MSIL2A_20251028T113319_N0511_R080_T28QCG_20251028T134111.SAFE,C:\Users\Simon\Nextcloud\Project\Mauritania\Science\Arguin - FieldWork Data Processing\Data\S2\Sen2Cor\S2B_MSIL2A_20251028T113319_N0511_R080_T28QCG_20251028T134111.zip,92,27,6345,363455.0,2199745.0,0.2245,0.264,0.3564,0.4772,0.522,0.5239,0.544,0.5636,0.5539000000000001,0.5591,0.6642,0.6378
2025-10-28,Iwik,Sen2Cor,S2B_MSIL2A_20251028T113319_N0511_R080_T28QCG_20251028T134111.SAFE,C:\Users\Simon\Nextcloud\Project\Mauritania\Science\Arguin - FieldWork Data Processing\Data\S2\Sen2Cor\S2B_MSIL2A_20251028T113319_N0511_R080_T28QCG_20251028T134111.zip,93,27,6346,363465.0,2199745.0,0.2218,0.26980000000000004,0.35760000000000003,0.4808,0.5213,0.5215000000000001,0.5472,0.562,0.555,0.5591,0.6623,0.6345000000000001
2025-10-28,Iwik,Sen2Cor,S2B_MSIL2A_20251028T113319_N0511_R080_T28QCG_20251028T134111.SAFE,C:\Users\Simon\Nextcloud\Project\Mauritania\Science\Arguin - FieldWork Data Processing\Data\S2\Sen2Cor\S2B_MSIL2A_20251028T113319_N0511_R080_T28QCG_20251028T134111.zip,94,27,6347,363475.0,2199745.0,0.2218,0.27340000000000003,0.3648,0.48360000000000003,0.5213,0.5215000000000001,0.5472,0.5684,0.555,0.5591,0.6623,0.6345000000000001
2025-10-28,Iwik,Sen2Cor,S2B_MSIL2A_20251028T113319_N0511_R080_T28QCG_20251028T134111.SAFE,C:\Users\Simon\Nextcloud\Project\Mauritania\Science\Arguin - FieldWork Data Processing\Data\S2\Sen2Cor\S2B_MSIL2A_20251028T113319_N0511_R080_T28QCG_20251028T134111.zip,95,27,6348,363485.0,2199745.0,0.2199,0.2654,0.3552,0.48000000000000004,0.5172,0.5188,0.542,0.5648000000000001,0.55,0.5515,0.6616000000000001,0.6336
2025-10-28,Iwik,Sen2Cor,S2B_MSIL2A_20251028T113319_N0511_R080_T28QCG_20251028T134111.SAFE,C:\Users\Simon\Nextcloud\Project\Mauritania\Science\Arguin - FieldWork Data Processing\Data\S2\Sen2Cor\S2B_MSIL2A_20251028T113319_N0511_R080_T28QCG_20251028T134111.zip,96,27,6349,363495.0,2199745.0,0.2199,0.2596,0.3468,0.47040000000000004,0.5172,0.5188,0.542,0.5556,0.55,0.5515,0.6616000000000001,0.6336
2025-10-28,Iwik,Sen2Cor,S2B_MSIL2A_20251028T113319_N0511_R080_T28QCG_20251028T134111.SAFE,C:\Users\Simon\Nextcloud\Project\Mauritania\Science\Arguin - FieldWork Data Processing\Data\S2\Sen2Cor\S2B_MSIL2A_20251028T113319_N0511_R080_T28QCG_20251028T134111.zip,97,27,6350,363505.0,2199745.0,0.2175,0.2584,0.34440000000000004,0.4672,0.5104000000000001,0.5156000000000001,0.5349,0.5492,0.5429,0.5515,0.6574,0.6252
2025-10-28,Iwik,Sen2Cor,S2B_MSIL2A_20251028T113319_N0511_R080_T28QCG_20251028T134111.SAFE,C:\Users\Simon\Nextcloud\Project\Mauritania\Science\Arguin - FieldWork Data Processing\Data\S2\Sen2Cor\S2B_MSIL2A_20251028T113319_N0511_R080_T28QCG_20251028T134111.zip,98,27,6351,363515.0,2199745.0,0.2175,0.2614,0.34640000000000004,0.4672,0.5104000000000001,0.5156000000000001,0.5349,0.548,0.5429,0.5515,0.6574,0.6252
2025-10-28,Iwik,Sen2Cor,S2B_MSIL2A_20251028T113319_N0511_R080_T28QCG_20251028T134111.SAFE,C:\Users\Simon\Nextcloud\Project\Mauritania\Science\Arguin - FieldWork Data Processing\Data\S2\Sen2Cor\S2B_MSIL2A_20251028T113319_N0511_R080_T28QCG_20251028T134111.zip,99,27,6352,363525.0,2199745.0,0.2162,0.2576,0.3476,0.4696,0.5125000000000001,0.5175000000000001,0.5355,0.5516,0.5446,0.5515,0.6554,0.6248
2025-10-28,Iwik,Sen2Cor,S2B_MSIL2A_20251028T113319_N0511_R080_T28QCG_20251028T134111.SAFE,C:\Users\Simon\Nextcloud\Project\Mauritania\Science\Arguin - FieldWork Data Processing\Data\S2\Sen2Cor\S2B_MSIL2A_20251028T113319_N0511_R080_T28QCG_20251028T134111.zip,100,27,6353,363535.0,2199745.0,0.2162,0.2626,0.3512,0.47040000000000004,0.5125000000000001,0.5175000000000001,0.5355,0.5532,0.5446,0.5515,0.6554,0.6248
2025-10-28,Iwik,Sen2Cor,S2B_MSIL2A_20251028T113319_N0511_R080_T28QCG_20251028T134111.SAFE,C:\Users\Simon\Nextcloud\Project\Mauritania\Science\Arguin - FieldWork Data Processing\Data\S2\Sen2Cor\S2B_MSIL2A_20251028T113319_N0511_R080_T28QCG_20251028T134111.zip,101,27,6354,363545.0,2199745.0,0.2165,0.2604,0.3508,0.4768,0.5135000000000001,0.5178,0.5356000000000001,0.5484,0.5441,0.5486,0.6546000000000001,0.629
2025-10-28,Iwik,Sen2Cor,S2B_MSIL2A_20251028T113319_N0511_R080_T28QCG_20251028T134111.SAFE,C:\Users\Simon\Nextcloud\Project\Mauritania\Science\Arguin - FieldWork Data Processing\Data\S2\Sen2Cor\S2B_MSIL2A_20251028T113319_N0511_R080_T28QCG_20251028T134111.zip,102,27,6355,363555.0,2199745.0,0.2165,0.2604,0.3508,0.4748,0.5135000000000001,0.5178,0.5356000000000001,0.5508000000000001,0.5441,0.5486,0.6546000000000001,0.629
2025-10-28,Iwik,Sen2Cor,S2B_MSIL2A_20251028T113319_N0511_R080_T28QCG_20251028T134111.SAFE,C:\Users\Simon\Nextcloud\Project\Mauritania\Science\Arguin - FieldWork Data Processing\Data\S2\Sen2Cor\S2B_MSIL2A_20251028T113319_N0511_R080_T28QCG_20251028T134111.zip,103,27,6356,363565.0,2199745.0,0.2162,0.257,0.3508,0.47000000000000003,0.5103,0.5139,0.5346000000000001,0.5448000000000001,0.5353,0.5486,0.6514,0.624
2025-10-28,Iwik,Sen2Cor,S2B_MSIL2A_20251028T113319_N0511_R080_T28QCG_20251028T134111.SAFE,C:\Users\Simon\Nextcloud\Project\Mauritania\Science\Arguin - FieldWork Data Processing\Data\S2\Sen2Cor\S2B_MSIL2A_20251028T113319_N0511_R080_T28QCG_20251028T134111.zip,104,27,6357,363575.0,2199745.0,0.2162,0.2584,0.3472,0.47000000000000003,0.5103,0.5139,0.5346000000000001,0.5464,0.5353,0.5486,0.6514,0.624
2025-10-28,Iwik,Sen2Cor,S2B_MSIL2A_20251028T113319_N0511_R080_T28QCG_20251028T134111.SAFE,C:\Users\Simon\Nextcloud\Project\Mauritania\Science\Arguin - FieldWork Data Processing\Data\S2\Sen2Cor\S2B_MSIL2A_20251028T113319_N0511_R080_T28QCG_20251028T134111.zip,105,28,6342,363425.0,2199735.0,0.22740000000000002,0.2684,0.3588,0.4776,0.5174,0.5235000000000001,0.5456,0.558,0.5513,0.5591,0.6621,0.6287
2025-10-28,Iwik,Sen2Cor,S2B_MSIL2A_20251028T113319_N0511_R080_T28QCG_20251028T134111.SAFE,C:\Users\Simon\Nextcloud\Project\Mauritania\Science\Arguin - FieldWork Data Processing\Data\S2\Sen2Cor\S2B_MSIL2A_20251028T113319_N0511_R080_T28QCG_20251028T134111.zip,106,28,6343,363435.0,2199735.0,0.22740000000000002,0.2702,0.3568,0.47400000000000003,0.5174,0.5235000000000001,0.5456,0.5568000000000001,0.5513,0.5591,0.6621,0.6287
2025-10-28,Iwik,Sen2Cor,S2B_MSIL2A_20251028T113319_N0511_R080_T28QCG_20251028T134111.SAFE,C:\Users\Simon\Nextcloud\Project\Mauritania\Science\Arguin - FieldWork Data Processing\Data\S2\Sen2Cor\S2B_MSIL2A_20251028T113319_N0511_R080_T28QCG_20251028T134111.zip,107,28,6344,363445.0,2199735.0,0.2253,0.27240000000000003,0.3608,0.47840000000000005,0.5227,0.5298,0.5456,0.5584,0.5562,0.5591,0.6613,0.6332
2025-10-28,Iwik,Sen2Cor,S2B_MSIL2A_20251028T113319_N0511_R080_T28QCG_20251028T134111.SAFE,C:\Users\Simon\Nextcloud\Project\Mauritania\Science\Arguin - FieldWork Data Processing\Data\S2\Sen2Cor\S2B_MSIL2A_20251028T113319_N0511_R080_T28QCG_20251028T134111.zip,108,28,6345,363455.0,2199735.0,0.2253,0.26880000000000004,0.3564,0.4772,0.5227,0.5298,0.5456,0.5584,0.5562,0.5591,0.6613,0.6332
2025-10-28,Iwik,Sen2Cor,S2B_MSIL2A_20251028T113319_N0511_R080_T28QCG_20251028T134111.SAFE,C:\Users\Simon\Nextcloud\Project\Mauritania\Science\Arguin - FieldWork Data Processing\Data\S2\Sen2Cor\S2B_MSIL2A_20251028T113319_N0511_R080_T28QCG_20251028T134111.zip,109,28,6346,363465.0,2199735.0,0.22240000000000001,0.2674,0.35800000000000004,0.48400000000000004,0.5268,0.5294,0.5516,0.5640000000000001,0.5586,0.5591,0.6617000000000001,0.6323000000000001
2025-10-28,Iwik,Sen2Cor,S2B_MSIL2A_20251028T113319_N0511_R080_T28QCG_20251028T134111.SAFE,C:\Users\Simon\Nextcloud\Project\Mauritania\Science\Arguin - FieldWork Data Processing\Data\S2\Sen2Cor\S2B_MSIL2A_20251028T113319_N0511_R080_T28QCG_20251028T134111.zip,110,28,6347,363475.0,2199735.0,0.22240000000000001,0.2674,0.36200000000000004,0.4872,0.5268,0.5294,0.5516,0.5680000000000001,0.5586,0.5591,0.6617000000000001,0.6323000000000001
2025-10-28,Iwik,Sen2Cor,S2B_MSIL2A_20251028T113319_N0511_R080_T28QCG_20251028T134111.SAFE,C:\Users\Simon\Nextcloud\Project\Mauritania\Science\Arguin - FieldWork Data Processing\Data\S2\Sen2Cor\S2B_MSIL2A_20251028T113319_N0511_R080_T28QCG_20251028T134111.zip,111,28,6348,363485.0,2199735.0,0.22030000000000002,0.2646,0.3572,0.48160000000000003,0.522,0.5273,0.5504,0.5644,0.5565,0.5515,0.6606000000000001,0.6344000000000001
2025-10-28,Iwik,Sen2Cor,S2B_MSIL2A_20251028T113319_N0511_R080_T28QCG_20251028T134111.SAFE,C:\Users\Simon\Nextcloud\Project\Mauritania\Science\Arguin - FieldWork Data Processing\Data\S2\Sen2Cor\S2B_MSIL2A_20251028T113319_N0511_R080_T28QCG_20251028T134111.zip,112,28,6349,363495.0,2199735.0,0.22030000000000002,0.2656,0.35760000000000003,0.47640000000000005,0.522,0.5273,0.5504,0.5604,0.5565,0.5515,0.6606000000000001,0.6344000000000001
2025-10-28,Iwik,Sen2Cor,S2B_MSIL2A_20251028T113319_N0511_R080_T28QCG_20251028T134111.SAFE,C:\Users\Simon\Nextcloud\Project\Mauritania\Science\Arguin - FieldWork Data Processing\Data\S2\Sen2Cor\S2B_MSIL2A_20251028T113319_N0511_R080_T28QCG_20251028T134111.zip,113,28,6350,363505.0,2199735.0,0.21760000000000002,0.26,0.3472,0.47200000000000003,0.5181,0.5208,0.5401,0.5504,0.5496,0.5515,0.6571,0.6264000000000001
2025-10-28,Iwik,Sen2Cor,S2B_MSIL2A_20251028T113319_N0511_R080_T28QCG_20251028T134111.SAFE,C:\Users\Simon\Nextcloud\Project\Mauritania\Science\Arguin - FieldWork Data Processing\Data\S2\Sen2Cor\S2B_MSIL2A_20251028T113319_N0511_R080_T28QCG_20251028T134111.zip,114,28,6351,363515.0,2199735.0,0.21760000000000002,0.257,0.3512,0.4716,0.5181,0.5208,0.5401,0.5484,0.5496,0.5515,0.6571,0.6264000000000001
2025-10-28,Iwik,Sen2Cor,S2B_MSIL2A_20251028T113319_N0511_R080_T28QCG_20251028T134111.SAFE,C:\Users\Simon\Nextcloud\Project\Mauritania\Science\Arguin - FieldWork Data Processing\Data\S2\Sen2Cor\S2B_MSIL2A_20251028T113319_N0511_R080_T28QCG_20251028T134111.zip,115,28,6352,363525.0,2199735.0,0.2157,0.2596,0.3508,0.4732,0.5204,0.5198,0.5415,0.5492,0.5499,0.5515,0.6563,0.625
2025-10-28,Iwik,Sen2Cor,S2B_MSIL2A_20251028T113319_N0511_R080_T28QCG_20251028T134111.SAFE,C:\Users\Simon\Nextcloud\Project\Mauritania\Science\Arguin - FieldWork Data Processing\Data\S2\Sen2Cor\S2B_MSIL2A_20251028T113319_N0511_R080_T28QCG_20251028T134111.zip,116,28,6353,363535.0,2199735.0,0.2157,0.2654,0.3516,0.4752,0.5204,0.5198,0.5415,0.5532,0.5499,0.5515,0.6563,0.625
2025-10-28,Iwik,Sen2Cor,S2B_MSIL2A_20251028T113319_N0511_R080_T28QCG_20251028T134111.SAFE,C:\Users\Simon\Nextcloud\Project\Mauritania\Science\Arguin - FieldWork Data Processing\Data\S2\Sen2Cor\S2B_MSIL2A_20251028T113319_N0511_R080_T28QCG_20251028T134111.zip,117,28,6354,363545.0,2199735.0,0.21530000000000002,0.2636,0.3488,0.46880000000000005,0.5167,0.5184,0.5384,0.5508000000000001,0.5494,0.5486,0.6554,0.6257
2025-10-28,Iwik,Sen2Cor,S2B_MSIL2A_20251028T113319_N0511_R080_T28QCG_20251028T134111.SAFE,C:\Users\Simon\Nextcloud\Project\Mauritania\Science\Arguin - FieldWork Data Processing\Data\S2\Sen2Cor\S2B_MSIL2A_20251028T113319_N0511_R080_T28QCG_20251028T134111.zip,118,28,6355,363555.0,2199735.0,0.21530000000000002,0.2632,0.3488,0.46880000000000005,0.5167,0.5184,0.5384,0.554,0.5494,0.5486,0.6554,0.6257
2025-10-28,Iwik,Sen2Cor,S2B_MSIL2A_20251028T113319_N0511_R080_T28QCG_20251028T134111.SAFE,C:\Users\Simon\Nextcloud\Project\Mauritania\Science\Arguin - FieldWork Data Processing\Data\S2\Sen2Cor\S2B_MSIL2A_20251028T113319_N0511_R080_T28QCG_20251028T134111.zip,119,28,6356,363565.0,2199735.0,0.2146,0.2604,0.3508,0.4696,0.5118,0.5174,0.5371,0.5488000000000001,0.5423,0.5486,0.6541,0.624
2025-10-28,Iwik,Sen2Cor,S2B_MSIL2A_20251028T113319_N0511_R080_T28QCG_20251028T134111.SAFE,C:\Users\Simon\Nextcloud\Project\Mauritania\Science\Arguin - FieldWork Data Processing\Data\S2\Sen2Cor\S2B_MSIL2A_20251028T113319_N0511_R080_T28QCG_20251028T134111.zip,120,28,6357,363575.0,2199735.0,0.2146,0.2584,0.34840000000000004,0.4676,0.5118,0.5174,0.5371,0.5488000000000001,0.5423,0.5486,0.6541,0.624
2025-10-28,Iwik,Sen2Cor,S2B_MSIL2A_20251028T113319_N0511_R080_T28QCG_20251028T134111.SAFE,C:\Users\Simon\Nextcloud\Project\Mauritania\Science\Arguin - FieldWork Data Processing\Data\S2\Sen2Cor\S2B_MSIL2A_20251028T113319_N0511_R080_T28QCG_20251028T134111.zip,121,29,6342,363425.0,2199725.0,0.22740000000000002,0.2664,0.3532,0.47600000000000003,0.5174,0.5235000000000001,0.5456,0.558,0.5513,0.5591,0.6621,0.6287
2025-10-28,Iwik,Sen2Cor,S2B_MSIL2A_20251028T113319_N0511_R080_T28QCG_20251028T134111.SAFE,C:\Users\Simon\Nextcloud\Project\Mauritania\Science\Arguin - FieldWork Data Processing\Data\S2\Sen2Cor\S2B_MSIL2A_20251028T113319_N0511_R080_T28QCG_20251028T134111.zip,122,29,6343,363435.0,2199725.0,0.22740000000000002,0.2686,0.3588,0.4788,0.5174,0.5235000000000001,0.5456,0.5584,0.5513,0.5591,0.6621,0.6287
2025-10-28,Iwik,Sen2Cor,S2B_MSIL2A_20251028T113319_N0511_R080_T28QCG_20251028T134111.SAFE,C:\Users\Simon\Nextcloud\Project\Mauritania\Science\Arguin - FieldWork Data Processing\Data\S2\Sen2Cor\S2B_MSIL2A_20251028T113319_N0511_R080_T28QCG_20251028T134111.zip,123,29,6344,363445.0,2199725.0,0.2253,0.2712,0.3648,0.4844,0.5227,0.5298,0.5456,0.5668000000000001,0.5562,0.5591,0.6613,0.6332
2025-10-28,Iwik,Sen2Cor,S2B_MSIL2A_20251028T113319_N0511_R080_T28QCG_20251028T134111.SAFE,C:\Users\Simon\Nextcloud\Project\Mauritania\Science\Arguin - FieldWork Data Processing\Data\S2\Sen2Cor\S2B_MSIL2A_20251028T113319_N0511_R080_T28QCG_20251028T134111.zip,124,29,6345,363455.0,2199725.0,0.2253,0.268,0.3564,0.47640000000000005,0.5227,0.5298,0.5456,0.556,0.5562,0.5591,0.6613,0.6332
2025-10-28,Iwik,Sen2Cor,S2B_MSIL2A_20251028T113319_N0511_R080_T28QCG_20251028T134111.SAFE,C:\Users\Simon\Nextcloud\Project\Mauritania\Science\Arguin - FieldWork Data Processing\Data\S2\Sen2Cor\S2B_MSIL2A_20251028T113319_N0511_R080_T28QCG_20251028T134111.zip,125,29,6346,363465.0,2199725.0,0.22240000000000001,0.2686,0.3528,0.47600000000000003,0.5268,0.5294,0.5516,0.5576,0.5586,0.5591,0.6617000000000001,0.6323000000000001
2025-10-28,Iwik,Sen2Cor,S2B_MSIL2A_20251028T113319_N0511_R080_T28QCG_20251028T134111.SAFE,C:\Users\Simon\Nextcloud\Project\Mauritania\Science\Arguin - FieldWork Data Processing\Data\S2\Sen2Cor\S2B_MSIL2A_20251028T113319_N0511_R080_T28QCG_20251028T134111.zip,126,29,6347,363475.0,2199725.0,0.22240000000000001,0.268,0.3572,0.4772,0.5268,0.5294,0.5516,0.5628000000000001,0.5586,0.5591,0.6617000000000001,0.6323000000000001
2025-10-28,Iwik,Sen2Cor,S2B_MSIL2A_20251028T113319_N0511_R080_T28QCG_20251028T134111.SAFE,C:\Users\Simon\Nextcloud\Project\Mauritania\Science\Arguin - FieldWork Data Processing\Data\S2\Sen2Cor\S2B_MSIL2A_20251028T113319_N0511_R080_T28QCG_20251028T134111.zip,127,29,6348,363485.0,2199725.0,0.22030000000000002,0.26780000000000004,0.35960000000000003,0.48360000000000003,0.522,0.5273,0.5504,0.5604,0.5565,0.5515,0.6606000000000001,0.6344000000000001
2025-10-28,Iwik,Sen2Cor,S2B_MSIL2A_20251028T113319_N0511_R080_T28QCG_20251028T134111.SAFE,C:\Users\Simon\Nextcloud\Project\Mauritania\Science\Arguin - FieldWork Data Processing\Data\S2\Sen2Cor\S2B_MSIL2A_20251028T113319_N0511_R080_T28QCG_20251028T134111.zip,128,29,6349,363495.0,2199725.0,0.22030000000000002,0.26480000000000004,0.3604,0.4824,0.522,0.5273,0.5504,0.5612,0.5565,0.5515,0.6606000000000001,0.6344000000000001
2025-10-28,Iwik,Sen2Cor,S2B_MSIL2A_20251028T113319_N0511_R080_T28QCG_20251028T134111.SAFE,C:\Users\Simon\Nextcloud\Project\Mauritania\Science\Arguin - FieldWork Data Processing\Data\S2\Sen2Cor\S2B_MSIL2A_20251028T113319_N0511_R080_T28QCG_20251028T134111.zip,129,29,6350,363505.0,2199725.0,0.21760000000000002,0.2612,0.3516,0.47200000000000003,0.5181,0.5208,0.5401,0.554,0.5496,0.5515,0.6571,0.6264000000000001
2025-10-28,Iwik,Sen2Cor,S2B_MSIL2A_20251028T113319_N0511_R080_T28QCG_20251028T134111.SAFE,C:\Users\Simon\Nextcloud\Project\Mauritania\Science\Arguin - FieldWork Data Processing\Data\S2\Sen2Cor\S2B_MSIL2A_20251028T113319_N0511_R080_T28QCG_20251028T134111.zip,130,29,6351,363515.0,2199725.0,0.21760000000000002,0.264,0.3556,0.47600000000000003,0.5181,0.5208,0.5401,0.5556,0.5496,0.5515,0.6571,0.6264000000000001
2025-10-28,Iwik,Sen2Cor,S2B_MSIL2A_20251028T113319_N0511_R080_T28QCG_20251028T134111.SAFE,C:\Users\Simon\Nextcloud\Project\Mauritania\Science\Arguin - FieldWork Data Processing\Data\S2\Sen2Cor\S2B_MSIL2A_20251028T113319_N0511_R080_T28QCG_20251028T134111.zip,131,29,6352,363525.0,2199725.0,0.2157,0.26680000000000004,0.36000000000000004,0.4796,0.5204,0.5198,0.5415,0.5584,0.5499,0.5515,0.6563,0.625
2025-10-28,Iwik,Sen2Cor,S2B_MSIL2A_20251028T113319_N0511_R080_T28QCG_20251028T134111.SAFE,C:\Users\Simon\Nextcloud\Project\Mauritania\Science\Arguin - FieldWork Data Processing\Data\S2\Sen2Cor\S2B_MSIL2A_20251028T113319_N0511_R080_T28QCG_20251028T134111.zip,132,29,6353,363535.0,2199725.0,0.2157,0.26480000000000004,0.3568,0.47800000000000004,0.5204,0.5198,0.5415,0.5552,0.5499,0.5515,0.6563,0.625
2025-10-28,Iwik,Sen2Cor,S2B_MSIL2A_20251028T113319_N0511_R080_T28QCG_20251028T134111.SAFE,C:\Users\Simon\Nextcloud\Project\Mauritania\Science\Arguin - FieldWork Data Processing\Data\S2\Sen2Cor\S2B_MSIL2A_20251028T113319_N0511_R080_T28QCG_20251028T134111.zip,133,29,6354,363545.0,2199725.0,0.21530000000000002,0.2624,0.35400000000000004,0.4728,0.5167,0.5184,0.5384,0.5532,0.5494,0.5486,0.6554,0.6257
2025-10-28,Iwik,Sen2Cor,S2B_MSIL2A_20251028T113319_N0511_R080_T28QCG_20251028T134111.SAFE,C:\Users\Simon\Nextcloud\Project\Mauritania\Science\Arguin - FieldWork Data Processing\Data\S2\Sen2Cor\S2B_MSIL2A_20251028T113319_N0511_R080_T28QCG_20251028T134111.zip,134,29,6355,363555.0,2199725.0,0.21530000000000002,0.25680000000000003,0.3488,0.4672,0.5167,0.5184,0.5384,0.5484,0.5494,0.5486,0.6554,0.6257
2025-10-28,Iwik,Sen2Cor,S2B_MSIL2A_20251028T113319_N0511_R080_T28QCG_20251028T134111.SAFE,C:\Users\Simon\Nextcloud\Project\Mauritania\Science\Arguin - FieldWork Data Processing\Data\S2\Sen2Cor\S2B_MSIL2A_20251028T113319_N0511_R080_T28QCG_20251028T134111.zip,135,29,6356,363565.0,2199725.0,0.2146,0.25520000000000004,0.3452,0.46440000000000003,0.5118,0.5174,0.5371,0.548,0.5423,0.5486,0.6541,0.624
2025-10-28,Iwik,Sen2Cor,S2B_MSIL2A_20251028T113319_N0511_R080_T28QCG_20251028T134111.SAFE,C:\Users\Simon\Nextcloud\Project\Mauritania\Science\Arguin - FieldWork Data Processing\Data\S2\Sen2Cor\S2B_MSIL2A_20251028T113319_N0511_R080_T28QCG_20251028T134111.zip,136,29,6357,363575.0,2199725.0,0.2146,0.2602,0.3492,0.4672,0.5118,0.5174,0.5371,0.5468000000000001,0.5423,0.5486,0.6541,0.624
2025-10-28,Iwik,Sen2Cor,S2B_MSIL2A_20251028T113319_N0511_R080_T28QCG_20251028T134111.SAFE,C:\Users\Simon\Nextcloud\Project\Mauritania\Science\Arguin - FieldWork Data Processing\Data\S2\Sen2Cor\S2B_MSIL2A_20251028T113319_N0511_R080_T28QCG_20251028T134111.zip,137,30,6341,363415.0,2199715.0,0.2313,0.27,0.36160000000000003,0.48400000000000004,0.5329,0.5327000000000001,0.5574,0.5668000000000001,0.5598000000000001,0.5695,0.6689,0.6393
2025-10-28,Iwik,Sen2Cor,S2B_MSIL2A_20251028T113319_N0511_R080_T28QCG_20251028T134111.SAFE,C:\Users\Simon\Nextcloud\Project\Mauritania\Science\Arguin - FieldWork Data Processing\Data\S2\Sen2Cor\S2B_MSIL2A_20251028T113319_N0511_R080_T28QCG_20251028T134111.zip,138,30,6342,363425.0,2199715.0,0.22840000000000002,0.26880000000000004,0.3544,0.4772,0.5265000000000001,0.5301,0.5475,0.5592,0.5572,0.5575,0.6639,0.6331
2025-10-28,Iwik,Sen2Cor,S2B_MSIL2A_20251028T113319_N0511_R080_T28QCG_20251028T134111.SAFE,C:\Users\Simon\Nextcloud\Project\Mauritania\Science\Arguin - FieldWork Data Processing\Data\S2\Sen2Cor\S2B_MSIL2A_20251028T113319_N0511_R080_T28QCG_20251028T134111.zip,139,30,6343,363435.0,2199715.0,0.22840000000000002,0.2644,0.3544,0.4776,0.5265000000000001,0.5301,0.5475,0.5592,0.5572,0.5575,0.6639,0.6331
2025-10-28,Iwik,Sen2Cor,S2B_MSIL2A_20251028T113319_N0511_R080_T28QCG_20251028T134111.SAFE,C:\Users\Simon\Nextcloud\Project\Mauritania\Science\Arguin - FieldWork Data Processing\Data\S2\Sen2Cor\S2B_MSIL2A_20251028T113319_N0511_R080_T28QCG_20251028T134111.zip,140,30,6344,363445.0,2199715.0,0.22460000000000002,0.272,0.3628,0.48040000000000005,0.5202,0.5256000000000001,0.5428000000000001,0.562,0.5511,0.5575,0.6575000000000001,0.6279
2025-10-28,Iwik,Sen2Cor,S2B_MSIL2A_20251028T113319_N0511_R080_T28QCG_20251028T134111.SAFE,C:\Users\Simon\Nextcloud\Project\Mauritania\Science\Arguin - FieldWork Data Processing\Data\S2\Sen2Cor\S2B_MSIL2A_20251028T113319_N0511_R080_T28QCG_20251028T134111.zip,141,30,6345,363455.0,2199715.0,0.22460000000000002,0.26780000000000004,0.3588,0.47840000000000005,0.5202,0.5256000000000001,0.5428000000000001,0.5592,0.5511,0.5575,0.6575000000000001,0.6279
2025-10-28,Iwik,Sen2Cor,S2B_MSIL2A_20251028T113319_N0511_R080_T28QCG_20251028T134111.SAFE,C:\Users\Simon\Nextcloud\Project\Mauritania\Science\Arguin - FieldWork Data Processing\Data\S2\Sen2Cor\S2B_MSIL2A_20251028T113319_N0511_R080_T28QCG_20251028T134111.zip,142,30,6346,363465.0,2199715.0,0.2225,0.2752,0.35800000000000004,0.48040000000000005,0.5218,0.5272,0.5448000000000001,0.5624,0.5585,0.5575,0.6599,0.6272
2025-10-28,Iwik,Sen2Cor,S2B_MSIL2A_20251028T113319_N0511_R080_T28QCG_20251028T134111.SAFE,C:\Users\Simon\Nextcloud\Project\Mauritania\Science\Arguin - FieldWork Data Processing\Data\S2\Sen2Cor\S2B_MSIL2A_20251028T113319_N0511_R080_T28QCG_20251028T134111.zip,143,30,6347,363475.0,2199715.0,0.2225,0.2692,0.35800000000000004,0.4788,0.5218,0.5272,0.5448000000000001,0.5584,0.5585,0.5575,0.6599,0.6272
2025-10-28,Iwik,Sen2Cor,S2B_MSIL2A_20251028T113319_N0511_R080_T28QCG_20251028T134111.SAFE,C:\Users\Simon\Nextcloud\Project\Mauritania\Science\Arguin - FieldWork Data Processing\Data\S2\Sen2Cor\S2B_MSIL2A_20251028T113319_N0511_R080_T28QCG_20251028T134111.zip,144,30,6348,363485.0,2199715.0,0.2195,0.26480000000000004,0.3532,0.47840000000000005,0.5201,0.5212,0.5434,0.5572,0.5519000000000001,0.5502,0.6564,0.6281
2025-10-28,Iwik,Sen2Cor,S2B_MSIL2A_20251028T113319_N0511_R080_T28QCG_20251028T134111.SAFE,C:\Users\Simon\Nextcloud\Project\Mauritania\Science\Arguin - FieldWork Data Processing\Data\S2\Sen2Cor\S2B_MSIL2A_20251028T113319_N0511_R080_T28QCG_20251028T134111.zip,145,30,6349,363495.0,2199715.0,0.2195,0.26080000000000003,0.3552,0.4756,0.5201,0.5212,0.5434,0.5516,0.5519000000000001,0.5502,0.6564,0.6281
2025-10-28,Iwik,Sen2Cor,S2B_MSIL2A_20251028T113319_N0511_R080_T28QCG_20251028T134111.SAFE,C:\Users\Simon\Nextcloud\Project\Mauritania\Science\Arguin - FieldWork Data Processing\Data\S2\Sen2Cor\S2B_MSIL2A_20251028T113319_N0511_R080_T28QCG_20251028T134111.zip,146,30,6350,363505.0,2199715.0,0.21680000000000002,0.2612,0.3528,0.4756,0.5191,0.5187,0.5391,0.554,0.5476,0.5502,0.6544,0.6248
2025-10-28,Iwik,Sen2Cor,S2B_MSIL2A_20251028T113319_N0511_R080_T28QCG_20251028T134111.SAFE,C:\Users\Simon\Nextcloud\Project\Mauritania\Science\Arguin - FieldWork Data Processing\Data\S2\Sen2Cor\S2B_MSIL2A_20251028T113319_N0511_R080_T28QCG_20251028T134111.zip,147,30,6351,363515.0,2199715.0,0.21680000000000002,0.262,0.3564,0.4812,0.5191,0.5187,0.5391,0.5568000000000001,0.5476,0.5502,0.6544,0.6248
2025-10-28,Iwik,Sen2Cor,S2B_MSIL2A_20251028T113319_N0511_R080_T28QCG_20251028T134111.SAFE,C:\Users\Simon\Nextcloud\Project\Mauritania\Science\Arguin - FieldWork Data Processing\Data\S2\Sen2Cor\S2B_MSIL2A_20251028T113319_N0511_R080_T28QCG_20251028T134111.zip,148,30,6352,363525.0,2199715.0,0.2154,0.2646,0.35760000000000003,0.4776,0.5221,0.5223,0.5436,0.5572,0.5511,0.5502,0.6569,0.6255000000000001
2025-10-28,Iwik,Sen2Cor,S2B_MSIL2A_20251028T113319_N0511_R080_T28QCG_20251028T134111.SAFE,C:\Users\Simon\Nextcloud\Project\Mauritania\Science\Arguin - FieldWork Data Processing\Data\S2\Sen2Cor\S2B_MSIL2A_20251028T113319_N0511_R080_T28QCG_20251028T134111.zip,149,30,6353,363535.0,2199715.0,0.2154,0.2664,0.35600000000000004,0.47400000000000003,0.5221,0.5223,0.5436,0.5524,0.5511,0.5502,0.6569,0.6255000000000001
2025-10-28,Iwik,Sen2Cor,S2B_MSIL2A_20251028T113319_N0511_R080_T28QCG_20251028T134111.SAFE,C:\Users\Simon\Nextcloud\Project\Mauritania\Science\Arguin - FieldWork Data Processing\Data\S2\Sen2Cor\S2B_MSIL2A_20251028T113319_N0511_R080_T28QCG_20251028T134111.zip,150,30,6354,363545.0,2199715.0,0.2134,0.2652,0.3572,0.4772,0.5157,0.5211,0.5383,0.5532,0.544,0.5417000000000001,0.6519,0.6217
2025-10-28,Iwik,Sen2Cor,S2B_MSIL2A_20251028T113319_N0511_R080_T28QCG_20251028T134111.SAFE,C:\Users\Simon\Nextcloud\Project\Mauritania\Science\Arguin - FieldWork Data Processing\Data\S2\Sen2Cor\S2B_MSIL2A_20251028T113319_N0511_R080_T28QCG_20251028T134111.zip,151,30,6355,363555.0,2199715.0,0.2134,0.2624,0.3544,0.4716,0.5157,0.5211,0.5383,0.554,0.544,0.5417000000000001,0.6519,0.6217
2025-10-28,Iwik,Sen2Cor,S2B_MSIL2A_20251028T113319_N0511_R080_T28QCG_20251028T134111.SAFE,C:\Users\Simon\Nextcloud\Project\Mauritania\Science\Arguin - FieldWork Data Processing\Data\S2\Sen2Cor\S2B_MSIL2A_20251028T113319_N0511_R080_T28QCG_20251028T134111.zip,152,30,6356,363565.0,2199715.0,0.2131,0.2662,0.35400000000000004,0.4712,0.5104000000000001,0.5186000000000001,0.5328,0.5524,0.5427000000000001,0.5417000000000001,0.6527000000000001,0.62
2025-10-28,Iwik,Sen2Cor,S2B_MSIL2A_20251028T113319_N0511_R080_T28QCG_20251028T134111.SAFE,C:\Users\Simon\Nextcloud\Project\Mauritania\Science\Arguin - FieldWork Data Processing\Data\S2\Sen2Cor\S2B_MSIL2A_20251028T113319_N0511_R080_T28QCG_20251028T134111.zip,153,30,6357,363575.0,2199715.0,0.2131,0.268,0.35400000000000004,0.4752,0.5104000000000001,0.5186000000000001,0.5328,0.5532,0.5427000000000001,0.5417000000000001,0.6527000000000001,0.62
2025-10-28,Iwik,Sen2Cor,S2B_MSIL2A_20251028T113319_N0511_R080_T28QCG_20251028T134111.SAFE,C:\Users\Simon\Nextcloud\Project\Mauritania\Science\Arguin - FieldWork Data Processing\Data\S2\Sen2Cor\S2B_MSIL2A_20251028T113319_N0511_R080_T28QCG_20251028T134111.zip,154,31,6341,363415.0,2199705.0,0.2313,0.2722,0.36760000000000004,0.4848,0.5329,0.5327000000000001,0.5574,0.5640000000000001,0.5598000000000001,0.5695,0.6689,0.6393
2025-10-28,Iwik,Sen2Cor,S2B_MSIL2A_20251028T113319_N0511_R080_T28QCG_20251028T134111.SAFE,C:\Users\Simon\Nextcloud\Project\Mauritania\Science\Arguin - FieldWork Data Processing\Data\S2\Sen2Cor\S2B_MSIL2A_20251028T113319_N0511_R080_T28QCG_20251028T134111.zip,155,31,6342,363425.0,2199705.0,0.22840000000000002,0.274,0.3624,0.4844,0.5265000000000001,0.5301,0.5475,0.5640000000000001,0.5572,0.5575,0.6639,0.6331
2025-10-28,Iwik,Sen2Cor,S2B_MSIL2A_20251028T113319_N0511_R080_T28QCG_20251028T134111.SAFE,C:\Users\Simon\Nextcloud\Project\Mauritania\Science\Arguin - FieldWork Data Processing\Data\S2\Sen2Cor\S2B_MSIL2A_20251028T113319_N0511_R080_T28QCG_20251028T134111.zip,156,31,6343,363435.0,2199705.0,0.22840000000000002,0.2686,0.36160000000000003,0.48160000000000003,0.5265000000000001,0.5301,0.5475,0.5616,0.5572,0.5575,0.6639,0.6331
2025-10-28,Iwik,Sen2Cor,S2B_MSIL2A_20251028T113319_N0511_R080_T28QCG_20251028T134111.SAFE,C:\Users\Simon\Nextcloud\Project\Mauritania\Science\Arguin - FieldWork Data Processing\Data\S2\Sen2Cor\S2B_MSIL2A_20251028T113319_N0511_R080_T28QCG_20251028T134111.zip,157,31,6344,363445.0,2199705.0,0.22460000000000002,0.2706,0.3588,0.4776,0.5202,0.5256000000000001,0.5428000000000001,0.556,0.5511,0.5575,0.6575000000000001,0.6279
2025-10-28,Iwik,Sen2Cor,S2B_MSIL2A_20251028T113319_N0511_R080_T28QCG_20251028T134111.SAFE,C:\Users\Simon\Nextcloud\Project\Mauritania\Science\Arguin - FieldWork Data Processing\Data\S2\Sen2Cor\S2B_MSIL2A_20251028T113319_N0511_R080_T28QCG_20251028T134111.zip,158,31,6345,363455.0,2199705.0,0.22460000000000002,0.26980000000000004,0.3564,0.47840000000000005,0.5202,0.5256000000000001,0.5428000000000001,0.5572,0.5511,0.5575,0.6575000000000001,0.6279
2025-10-28,Iwik,Sen2Cor,S2B_MSIL2A_20251028T113319_N0511_R080_T28QCG_20251028T134111.SAFE,C:\Users\Simon\Nextcloud\Project\Mauritania\Science\Arguin - FieldWork Data Processing\Data\S2\Sen2Cor\S2B_MSIL2A_20251028T113319_N0511_R080_T28QCG_20251028T134111.zip,159,31,6346,363465.0,2199705.0,0.2225,0.27080000000000004,0.3588,0.48160000000000003,0.5218,0.5272,0.5448000000000001,0.5552,0.5585,0.5575,0.6599,0.6272
2025-10-28,Iwik,Sen2Cor,S2B_MSIL2A_20251028T113319_N0511_R080_T28QCG_20251028T134111.SAFE,C:\Users\Simon\Nextcloud\Project\Mauritania\Science\Arguin - FieldWork Data Processing\Data\S2\Sen2Cor\S2B_MSIL2A_20251028T113319_N0511_R080_T28QCG_20251028T134111.zip,160,31,6347,363475.0,2199705.0,0.2225,0.263,0.3512,0.47840000000000005,0.5218,0.5272,0.5448000000000001,0.5532,0.5585,0.5575,0.6599,0.6272
2025-10-28,Iwik,Sen2Cor,S2B_MSIL2A_20251028T113319_N0511_R080_T28QCG_20251028T134111.SAFE,C:\Users\Simon\Nextcloud\Project\Mauritania\Science\Arguin - FieldWork Data Processing\Data\S2\Sen2Cor\S2B_MSIL2A_20251028T113319_N0511_R080_T28QCG_20251028T134111.zip,161,31,6348,363485.0,2199705.0,0.2195,0.2632,0.3552,0.47640000000000005,0.5201,0.5212,0.5434,0.5552,0.5519000000000001,0.5502,0.6564,0.6281
2025-10-28,Iwik,Sen2Cor,S2B_MSIL2A_20251028T113319_N0511_R080_T28QCG_20251028T134111.SAFE,C:\Users\Simon\Nextcloud\Project\Mauritania\Science\Arguin - FieldWork Data Processing\Data\S2\Sen2Cor\S2B_MSIL2A_20251028T113319_N0511_R080_T28QCG_20251028T134111.zip,162,31,6349,363495.0,2199705.0,0.2195,0.259,0.3552,0.47400000000000003,0.5201,0.5212,0.5434,0.5552,0.5519000000000001,0.5502,0.6564,0.6281
2025-10-28,Iwik,Sen2Cor,S2B_MSIL2A_20251028T113319_N0511_R080_T28QCG_20251028T134111.SAFE,C:\Users\Simon\Nextcloud\Project\Mauritania\Science\Arguin - FieldWork Data Processing\Data\S2\Sen2Cor\S2B_MSIL2A_20251028T113319_N0511_R080_T28QCG_20251028T134111.zip,163,31,6350,363505.0,2199705.0,0.21680000000000002,0.2622,0.3504,0.47400000000000003,0.5191,0.5187,0.5391,0.5472,0.5476,0.5502,0.6544,0.6248
2025-10-28,Iwik,Sen2Cor,S2B_MSIL2A_20251028T113319_N0511_R080_T28QCG_20251028T134111.SAFE,C:\Users\Simon\Nextcloud\Project\Mauritania\Science\Arguin - FieldWork Data Processing\Data\S2\Sen2Cor\S2B_MSIL2A_20251028T113319_N0511_R080_T28QCG_20251028T134111.zip,164,31,6351,363515.0,2199705.0,0.21680000000000002,0.261,0.3532,0.4776,0.5191,0.5187,0.5391,0.5512,0.5476,0.5502,0.6544,0.6248
2025-10-28,Iwik,Sen2Cor,S2B_MSIL2A_20251028T113319_N0511_R080_T28QCG_20251028T134111.SAFE,C:\Users\Simon\Nextcloud\Project\Mauritania\Science\Arguin - FieldWork Data Processing\Data\S2\Sen2Cor\S2B_MSIL2A_20251028T113319_N0511_R080_T28QCG_20251028T134111.zip,165,31,6352,363525.0,2199705.0,0.2154,0.2614,0.3512,0.4732,0.5221,0.5223,0.5436,0.5552,0.5511,0.5502,0.6569,0.6255000000000001
2025-10-28,Iwik,Sen2Cor,S2B_MSIL2A_20251028T113319_N0511_R080_T28QCG_20251028T134111.SAFE,C:\Users\Simon\Nextcloud\Project\Mauritania\Science\Arguin - FieldWork Data Processing\Data\S2\Sen2Cor\S2B_MSIL2A_20251028T113319_N0511_R080_T28QCG_20251028T134111.zip,166,31,6353,363535.0,2199705.0,0.2154,0.26580000000000004,0.3516,0.4736,0.5221,0.5223,0.5436,0.5536,0.5511,0.5502,0.6569,0.6255000000000001
2025-10-28,Iwik,Sen2Cor,S2B_MSIL2A_20251028T113319_N0511_R080_T28QCG_20251028T134111.SAFE,C:\Users\Simon\Nextcloud\Project\Mauritania\Science\Arguin - FieldWork Data Processing\Data\S2\Sen2Cor\S2B_MSIL2A_20251028T113319_N0511_R080_T28QCG_20251028T134111.zip,167,31,6354,363545.0,2199705.0,0.2134,0.2642,0.35400000000000004,0.47240000000000004,0.5157,0.5211,0.5383,0.5516,0.544,0.5417000000000001,0.6519,0.6217
2025-10-28,Iwik,Sen2Cor,S2B_MSIL2A_20251028T113319_N0511_R080_T28QCG_20251028T134111.SAFE,C:\Users\Simon\Nextcloud\Project\Mauritania\Science\Arguin - FieldWork Data Processing\Data\S2\Sen2Cor\S2B_MSIL2A_20251028T113319_N0511_R080_T28QCG_20251028T134111.zip,168,31,6355,363555.0,2199705.0,0.2134,0.2564,0.3492,0.468,0.5157,0.5211,0.5383,0.5468000000000001,0.544,0.5417000000000001,0.6519,0.6217
2025-10-28,Iwik,Sen2Cor,S2B_MSIL2A_20251028T113319_N0511_R080_T28QCG_20251028T134111.SAFE,C:\Users\Simon\Nextcloud\Project\Mauritania\Science\Arguin - FieldWork Data Processing\Data\S2\Sen2Cor\S2B_MSIL2A_20251028T113319_N0511_R080_T28QCG_20251028T134111.zip,169,31,6356,363565.0,2199705.0,0.2131,0.2592,0.3476,0.4696,0.5104000000000001,0.5186000000000001,0.5328,0.5456,0.5427000000000001,0.5417000000000001,0.6527000000000001,0.62
2025-10-28,Iwik,Sen2Cor,S2B_MSIL2A_20251028T113319_N0511_R080_T28QCG_20251028T134111.SAFE,C:\Users\Simon\Nextcloud\Project\Mauritania\Science\Arguin - FieldWork Data Processing\Data\S2\Sen2Cor\S2B_MSIL2A_20251028T113319_N0511_R080_T28QCG_20251028T134111.zip,170,31,6357,363575.0,2199705.0,0.2131,0.26080000000000003,0.3472,0.4676,0.5104000000000001,0.5186000000000001,0.5328,0.55,0.5427000000000001,0.5417000000000001,0.6527000000000001,0.62
2025-10-28,Iwik,Sen2Cor,S2B_MSIL2A_20251028T113319_N0511_R080_T28QCG_20251028T134111.SAFE,C:\Users\Simon\Nextcloud\Project\Mauritania\Science\Arguin - FieldWork Data Processing\Data\S2\Sen2Cor\S2B_MSIL2A_20251028T113319_N0511_R080_T28QCG_20251028T134111.zip,171,32,6341,363415.0,2199695.0,0.2311,0.27140000000000003,0.3628,0.4828,0.5323,0.5363,0.5544,0.5628000000000001,0.56,0.5695,0.6659,0.6328
2025-10-28,Iwik,Sen2Cor,S2B_MSIL2A_20251028T113319_N0511_R080_T28QCG_20251028T134111.SAFE,C:\Users\Simon\Nextcloud\Project\Mauritania\Science\Arguin - FieldWork Data Processing\Data\S2\Sen2Cor\S2B_MSIL2A_20251028T113319_N0511_R080_T28QCG_20251028T134111.zip,172,32,6342,363425.0,2199695.0,0.22740000000000002,0.2768,0.3664,0.4852,0.5285000000000001,0.5309,0.5505,0.5680000000000001,0.5588000000000001,0.5575,0.6629,0.6304000000000001
2025-10-28,Iwik,Sen2Cor,S2B_MSIL2A_20251028T113319_N0511_R080_T28QCG_20251028T134111.SAFE,C:\Users\Simon\Nextcloud\Project\Mauritania\Science\Arguin - FieldWork Data Processing\Data\S2\Sen2Cor\S2B_MSIL2A_20251028T113319_N0511_R080_T28QCG_20251028T134111.zip,173,32,6343,363435.0,2199695.0,0.22740000000000002,0.27140000000000003,0.35960000000000003,0.4792,0.5285000000000001,0.5309,0.5505,0.5592,0.5588000000000001,0.5575,0.6629,0.6304000000000001
2025-10-28,Iwik,Sen2Cor,S2B_MSIL2A_20251028T113319_N0511_R080_T28QCG_20251028T134111.SAFE,C:\Users\Simon\Nextcloud\Project\Mauritania\Science\Arguin - FieldWork Data Processing\Data\S2\Sen2Cor\S2B_MSIL2A_20251028T113319_N0511_R080_T28QCG_20251028T134111.zip,174,32,6344,363445.0,2199695.0,0.2232,0.267,0.3544,0.4696,0.5206000000000001,0.5192,0.541,0.55,0.5486,0.5575,0.6536000000000001,0.6214000000000001
2025-10-28,Iwik,Sen2Cor,S2B_MSIL2A_20251028T113319_N0511_R080_T28QCG_20251028T134111.SAFE,C:\Users\Simon\Nextcloud\Project\Mauritania\Science\Arguin - FieldWork Data Processing\Data\S2\Sen2Cor\S2B_MSIL2A_20251028T113319_N0511_R080_T28QCG_20251028T134111.zip,175,32,6345,363455.0,2199695.0,0.2232,0.2684,0.35400000000000004,0.4776,0.5206000000000001,0.5192,0.541,0.5552,0.5486,0.5575,0.6536000000000001,0.6214000000000001
2025-10-28,Iwik,Sen2Cor,S2B_MSIL2A_20251028T113319_N0511_R080_T28QCG_20251028T134111.SAFE,C:\Users\Simon\Nextcloud\Project\Mauritania\Science\Arguin - FieldWork Data Processing\Data\S2\Sen2Cor\S2B_MSIL2A_20251028T113319_N0511_R080_T28QCG_20251028T134111.zip,176,32,6346,363465.0,2199695.0,0.22110000000000002,0.2656,0.35960000000000003,0.4776,0.5222,0.5246000000000001,0.5427000000000001,0.5572,0.5496,0.5575,0.6561,0.6216
2025-10-28,Iwik,Sen2Cor,S2B_MSIL2A_20251028T113319_N0511_R080_T28QCG_20251028T134111.SAFE,C:\Users\Simon\Nextcloud\Project\Mauritania\Science\Arguin - FieldWork Data Processing\Data\S2\Sen2Cor\S2B_MSIL2A_20251028T113319_N0511_R080_T28QCG_20251028T134111.zip,177,32,6347,363475.0,2199695.0,0.22110000000000002,0.2654,0.3604,0.4808,0.5222,0.5246000000000001,0.5427000000000001,0.5556,0.5496,0.5575,0.6561,0.6216
2025-10-28,Iwik,Sen2Cor,S2B_MSIL2A_20251028T113319_N0511_R080_T28QCG_20251028T134111.SAFE,C:\Users\Simon\Nextcloud\Project\Mauritania\Science\Arguin - FieldWork Data Processing\Data\S2\Sen2Cor\S2B_MSIL2A_20251028T113319_N0511_R080_T28QCG_20251028T134111.zip,178,32,6348,363485.0,2199695.0,0.218,0.2652,0.3608,0.48400000000000004,0.519,0.5184,0.5402,0.5572,0.546,0.5502,0.6536000000000001,0.6223000000000001
2025-10-28,Iwik,Sen2Cor,S2B_MSIL2A_20251028T113319_N0511_R080_T28QCG_20251028T134111.SAFE,C:\Users\Simon\Nextcloud\Project\Mauritania\Science\Arguin - FieldWork Data Processing\Data\S2\Sen2Cor\S2B_MSIL2A_20251028T113319_N0511_R080_T28QCG_20251028T134111.zip,179,32,6349,363495.0,2199695.0,0.218,0.2592,0.35600000000000004,0.47440000000000004,0.519,0.5184,0.5402,0.5536,0.546,0.5502,0.6536000000000001,0.6223000000000001
2025-10-28,Iwik,Sen2Cor,S2B_MSIL2A_20251028T113319_N0511_R080_T28QCG_20251028T134111.SAFE,C:\Users\Simon\Nextcloud\Project\Mauritania\Science\Arguin - FieldWork Data Processing\Data\S2\Sen2Cor\S2B_MSIL2A_20251028T113319_N0511_R080_T28QCG_20251028T134111.zip,180,32,6350,363505.0,2199695.0,0.2164,0.26,0.35200000000000004,0.46880000000000005,0.5147,0.5183,0.5393,0.55,0.5451,0.5502,0.6531,0.6205
2025-10-28,Iwik,Sen2Cor,S2B_MSIL2A_20251028T113319_N0511_R080_T28QCG_20251028T134111.SAFE,C:\Users\Simon\Nextcloud\Project\Mauritania\Science\Arguin - FieldWork Data Processing\Data\S2\Sen2Cor\S2B_MSIL2A_20251028T113319_N0511_R080_T28QCG_20251028T134111.zip,181,32,6351,363515.0,2199695.0,0.2164,0.25780000000000003,0.3496,0.4728,0.5147,0.5183,0.5393,0.5516,0.5451,0.5502,0.6531,0.6205
2025-10-28,Iwik,Sen2Cor,S2B_MSIL2A_20251028T113319_N0511_R080_T28QCG_20251028T134111.SAFE,C:\Users\Simon\Nextcloud\Project\Mauritania\Science\Arguin - FieldWork Data Processing\Data\S2\Sen2Cor\S2B_MSIL2A_20251028T113319_N0511_R080_T28QCG_20251028T134111.zip,182,32,6352,363525.0,2199695.0,0.2137,0.2596,0.35200000000000004,0.47040000000000004,0.5137,0.5174,0.5364,0.5508000000000001,0.5417000000000001,0.5502,0.6506000000000001,0.6188
2025-10-28,Iwik,Sen2Cor,S2B_MSIL2A_20251028T113319_N0511_R080_T28QCG_20251028T134111.SAFE,C:\Users\Simon\Nextcloud\Project\Mauritania\Science\Arguin - FieldWork Data Processing\Data\S2\Sen2Cor\S2B_MSIL2A_20251028T113319_N0511_R080_T28QCG_20251028T134111.zip,183,32,6353,363535.0,2199695.0,0.2137,0.26080000000000003,0.3512,0.4708,0.5137,0.5174,0.5364,0.5508000000000001,0.5417000000000001,0.5502,0.6506000000000001,0.6188
2025-10-28,Iwik,Sen2Cor,S2B_MSIL2A_20251028T113319_N0511_R080_T28QCG_20251028T134111.SAFE,C:\Users\Simon\Nextcloud\Project\Mauritania\Science\Arguin - FieldWork Data Processing\Data\S2\Sen2Cor\S2B_MSIL2A_20251028T113319_N0511_R080_T28QCG_20251028T134111.zip,184,32,6354,363545.0,2199695.0,0.2112,0.2576,0.3496,0.4712,0.5097,0.5151,0.532,0.548,0.5386000000000001,0.5417000000000001,0.6467,0.6143000000000001
2025-10-28,Iwik,Sen2Cor,S2B_MSIL2A_20251028T113319_N0511_R080_T28QCG_20251028T134111.SAFE,C:\Users\Simon\Nextcloud\Project\Mauritania\Science\Arguin - FieldWork Data Processing\Data\S2\Sen2Cor\S2B_MSIL2A_20251028T113319_N0511_R080_T28QCG_20251028T134111.zip,185,32,6355,363555.0,2199695.0,0.2112,0.259,0.34400000000000003,0.46640000000000004,0.5097,0.5151,0.532,0.542,0.5386000000000001,0.5417000000000001,0.6467,0.6143000000000001
2025-10-28,Iwik,Sen2Cor,S2B_MSIL2A_20251028T113319_N0511_R080_T28QCG_20251028T134111.SAFE,C:\Users\Simon\Nextcloud\Project\Mauritania\Science\Arguin - FieldWork Data Processing\Data\S2\Sen2Cor\S2B_MSIL2A_20251028T113319_N0511_R080_T28QCG_20251028T134111.zip,186,32,6356,363565.0,2199695.0,0.2106,0.25520000000000004,0.3392,0.462,0.5042,0.509,0.5274,0.5404,0.5336000000000001,0.5417000000000001,0.6473,0.6119
2025-10-28,Iwik,Sen2Cor,S2B_MSIL2A_20251028T113319_N0511_R080_T28QCG_20251028T134111.SAFE,C:\Users\Simon\Nextcloud\Project\Mauritania\Science\Arguin - FieldWork Data Processing\Data\S2\Sen2Cor\S2B_MSIL2A_20251028T113319_N0511_R080_T28QCG_20251028T134111.zip,187,32,6357,363575.0,2199695.0,0.2106,0.2544,0.34640000000000004,0.4652,0.5042,0.509,0.5274,0.54,0.5336000000000001,0.5417000000000001,0.6473,0.6119
2025-10-28,Iwik,Sen2Cor,S2B_MSIL2A_20251028T113319_N0511_R080_T28QCG_20251028T134111.SAFE,C:\Users\Simon\Nextcloud\Project\Mauritania\Science\Arguin - FieldWork Data Processing\Data\S2\Sen2Cor\S2B_MSIL2A_20251028T113319_N0511_R080_T28QCG_20251028T134111.zip,188,33,6341,363415.0,2199685.0,0.2311,0.27240000000000003,0.3652,0.48560000000000003,0.5323,0.5363,0.5544,0.5660000000000001,0.56,0.5695,0.6659,0.6328
2025-10-28,Iwik,Sen2Cor,S2B_MSIL2A_20251028T113319_N0511_R080_T28QCG_20251028T134111.SAFE,C:\Users\Simon\Nextcloud\Project\Mauritania\Science\Arguin - FieldWork Data Processing\Data\S2\Sen2Cor\S2B_MSIL2A_20251028T113319_N0511_R080_T28QCG_20251028T134111.zip,189,33,6342,363425.0,2199685.0,0.22740000000000002,0.2746,0.3668,0.48600000000000004,0.5285000000000001,0.5309,0.5505,0.5680000000000001,0.5588000000000001,0.5575,0.6629,0.6304000000000001
2025-10-28,Iwik,Sen2Cor,S2B_MSIL2A_20251028T113319_N0511_R080_T28QCG_20251028T134111.SAFE,C:\Users\Simon\Nextcloud\Project\Mauritania\Science\Arguin - FieldWork Data Processing\Data\S2\Sen2Cor\S2B_MSIL2A_20251028T113319_N0511_R080_T28QCG_20251028T134111.zip,190,33,6343,363435.0,2199685.0,0.22740000000000002,0.2676,0.3584,0.4792,0.5285000000000001,0.5309,0.5505,0.5596,0.5588000000000001,0.5575,0.6629,0.6304000000000001
2025-10-28,Iwik,Sen2Cor,S2B_MSIL2A_20251028T113319_N0511_R080_T28QCG_20251028T134111.SAFE,C:\Users\Simon\Nextcloud\Project\Mauritania\Science\Arguin - FieldWork Data Processing\Data\S2\Sen2Cor\S2B_MSIL2A_20251028T113319_N0511_R080_T28QCG_20251028T134111.zip,191,33,6344,363445.0,2199685.0,0.2232,0.263,0.3548,0.46680000000000005,0.5206000000000001,0.5192,0.541,0.5516,0.5486,0.5575,0.6536000000000001,0.6214000000000001
2025-10-28,Iwik,Sen2Cor,S2B_MSIL2A_20251028T113319_N0511_R080_T28QCG_20251028T134111.SAFE,C:\Users\Simon\Nextcloud\Project\Mauritania\Science\Arguin - FieldWork Data Processing\Data\S2\Sen2Cor\S2B_MSIL2A_20251028T113319_N0511_R080_T28QCG_20251028T134111.zip,192,33,6345,363455.0,2199685.0,0.2232,0.267,0.36000000000000004,0.4796,0.5206000000000001,0.5192,0.541,0.556,0.5486,0.5575,0.6536000000000001,0.6214000000000001
2025-10-28,Iwik,Sen2Cor,S2B_MSIL2A_20251028T113319_N0511_R080_T28QCG_20251028T134111.SAFE,C:\Users\Simon\Nextcloud\Project\Mauritania\Science\Arguin - FieldWork Data Processing\Data\S2\Sen2Cor\S2B_MSIL2A_20251028T113319_N0511_R080_T28QCG_20251028T134111.zip,193,33,6346,363465.0,2199685.0,0.22110000000000002,0.26780000000000004,0.3604,0.48040000000000005,0.5222,0.5246000000000001,0.5427000000000001,0.5596,0.5496,0.5575,0.6561,0.6216
2025-10-28,Iwik,Sen2Cor,S2B_MSIL2A_20251028T113319_N0511_R080_T28QCG_20251028T134111.SAFE,C:\Users\Simon\Nextcloud\Project\Mauritania\Science\Arguin - FieldWork Data Processing\Data\S2\Sen2Cor\S2B_MSIL2A_20251028T113319_N0511_R080_T28QCG_20251028T134111.zip,194,33,6347,363475.0,2199685.0,0.22110000000000002,0.2662,0.35760000000000003,0.48160000000000003,0.5222,0.5246000000000001,0.5427000000000001,0.5596,0.5496,0.5575,0.6561,0.6216
2025-10-28,Iwik,Sen2Cor,S2B_MSIL2A_20251028T113319_N0511_R080_T28QCG_20251028T134111.SAFE,C:\Users\Simon\Nextcloud\Project\Mauritania\Science\Arguin - FieldWork Data Processing\Data\S2\Sen2Cor\S2B_MSIL2A_20251028T113319_N0511_R080_T28QCG_20251028T134111.zip,195,33,6348,363485.0,2199685.0,0.218,0.2636,0.3524,0.4752,0.519,0.5184,0.5402,0.5536,0.546,0.5502,0.6536000000000001,0.6223000000000001
2025-10-28,Iwik,Sen2Cor,S2B_MSIL2A_20251028T113319_N0511_R080_T28QCG_20251028T134111.SAFE,C:\Users\Simon\Nextcloud\Project\Mauritania\Science\Arguin - FieldWork Data Processing\Data\S2\Sen2Cor\S2B_MSIL2A_20251028T113319_N0511_R080_T28QCG_20251028T134111.zip,196,33,6349,363495.0,2199685.0,0.218,0.26,0.3504,0.4692,0.519,0.5184,0.5402,0.546,0.546,0.5502,0.6536000000000001,0.6223000000000001
2025-10-28,Iwik,Sen2Cor,S2B_MSIL2A_20251028T113319_N0511_R080_T28QCG_20251028T134111.SAFE,C:\Users\Simon\Nextcloud\Project\Mauritania\Science\Arguin - FieldWork Data Processing\Data\S2\Sen2Cor\S2B_MSIL2A_20251028T113319_N0511_R080_T28QCG_20251028T134111.zip,197,33,6350,363505.0,2199685.0,0.2164,0.258,0.35000000000000003,0.46880000000000005,0.5147,0.5183,0.5393,0.5484,0.5451,0.5502,0.6531,0.6205
2025-10-28,Iwik,Sen2Cor,S2B_MSIL2A_20251028T113319_N0511_R080_T28QCG_20251028T134111.SAFE,C:\Users\Simon\Nextcloud\Project\Mauritania\Science\Arguin - FieldWork Data Processing\Data\S2\Sen2Cor\S2B_MSIL2A_20251028T113319_N0511_R080_T28QCG_20251028T134111.zip,198,33,6351,363515.0,2199685.0,0.2164,0.2574,0.34600000000000003,0.4716,0.5147,0.5183,0.5393,0.5472,0.5451,0.5502,0.6531,0.6205
2025-10-28,Iwik,Sen2Cor,S2B_MSIL2A_20251028T113319_N0511_R080_T28QCG_20251028T134111.SAFE,C:\Users\Simon\Nextcloud\Project\Mauritania\Science\Arguin - FieldWork Data Processing\Data\S2\Sen2Cor\S2B_MSIL2A_20251028T113319_N0511_R080_T28QCG_20251028T134111.zip,199,33,6352,363525.0,2199685.0,0.2137,0.2596,0.3436,0.4672,0.5137,0.5174,0.5364,0.5448000000000001,0.5417000000000001,0.5502,0.6506000000000001,0.6188
2025-10-28,Iwik,Sen2Cor,S2B_MSIL2A_20251028T113319_N0511_R080_T28QCG_20251028T134111.SAFE,C:\Users\Simon\Nextcloud\Project\Mauritania\Science\Arguin - FieldWork Data Processing\Data\S2\Sen2Cor\S2B_MSIL2A_20251028T113319_N0511_R080_T28QCG_20251028T134111.zip,200,33,6353,363535.0,2199685.0,0.2137,0.2556,0.34640000000000004,0.46840000000000004,0.5137,0.5174,0.5364,0.5472,0.5417000000000001,0.5502,0.6506000000000001,0.6188
2025-10-28,Iwik,Sen2Cor,S2B_MSIL2A_20251028T113319_N0511_R080_T28QCG_20251028T134111.SAFE,C:\Users\Simon\Nextcloud\Project\Mauritania\Science\Arguin - FieldWork Data Processing\Data\S2\Sen2Cor\S2B_MSIL2A_20251028T113319_N0511_R080_T28QCG_20251028T134111.zip,201,33,6354,363545.0,2199685.0,0.2112,0.253,0.34400000000000003,0.46880000000000005,0.5097,0.5151,0.532,0.5424,0.5386000000000001,0.5417000000000001,0.6467,0.6143000000000001
2025-10-28,Iwik,Sen2Cor,S2B_MSIL2A_20251028T113319_N0511_R080_T28QCG_20251028T134111.SAFE,C:\Users\Simon\Nextcloud\Project\Mauritania\Science\Arguin - FieldWork Data Processing\Data\S2\Sen2Cor\S2B_MSIL2A_20251028T113319_N0511_R080_T28QCG_20251028T134111.zip,202,33,6355,363555.0,2199685.0,0.2112,0.2574,0.34040000000000004,0.466,0.5097,0.5151,0.532,0.5404,0.5386000000000001,0.5417000000000001,0.6467,0.6143000000000001
2025-10-28,Iwik,Sen2Cor,S2B_MSIL2A_20251028T113319_N0511_R080_T28QCG_20251028T134111.SAFE,C:\Users\Simon\Nextcloud\Project\Mauritania\Science\Arguin - FieldWork Data Processing\Data\S2\Sen2Cor\S2B_MSIL2A_20251028T113319_N0511_R080_T28QCG_20251028T134111.zip,203,33,6356,363565.0,2199685.0,0.2106,0.2508,0.3388,0.46080000000000004,0.5042,0.509,0.5274,0.5384,0.5336000000000001,0.5417000000000001,0.6473,0.6119
2025-10-28,Iwik,Sen2Cor,S2B_MSIL2A_20251028T113319_N0511_R080_T28QCG_20251028T134111.SAFE,C:\Users\Simon\Nextcloud\Project\Mauritania\Science\Arguin - FieldWork Data Processing\Data\S2\Sen2Cor\S2B_MSIL2A_20251028T113319_N0511_R080_T28QCG_20251028T134111.zip,204,33,6357,363575.0,2199685.0,0.2106,0.2482,0.338,0.46040000000000003,0.5042,0.509,0.5274,0.5376000000000001,0.5336000000000001,0.5417000000000001,0.6473,0.6119
2025-10-28,Iwik,Sen2Cor,S2B_MSIL2A_20251028T113319_N0511_R080_T28QCG_20251028T134111.SAFE,C:\Users\Simon\Nextcloud\Project\Mauritania\Science\Arguin - FieldWork Data Processing\Data\S2\Sen2Cor\S2B_MSIL2A_20251028T113319_N0511_R080_T28QCG_20251028T134111.zip,205,33,6358,363585.0,2199685.0,0.2101,0.2454,0.3372,0.45640000000000003,0.5033,0.5041,0.5238,0.5352,0.5338,0.5417000000000001,0.6434000000000001,0.6102000000000001
2025-10-28,Iwik,Sen2Cor,S2B_MSIL2A_20251028T113319_N0511_R080_T28QCG_20251028T134111.SAFE,C:\Users\Simon\Nextcloud\Project\Mauritania\Science\Arguin - FieldWork Data Processing\Data\S2\Sen2Cor\S2B_MSIL2A_20251028T113319_N0511_R080_T28QCG_20251028T134111.zip,206,34,6340,363405.0,2199675.0,0.2295,0.274,0.3648,0.4908,0.5333,0.5359,0.5555,0.5712,0.5609000000000001,0.5695,0.6629,0.6292
2025-10-28,Iwik,Sen2Cor,S2B_MSIL2A_20251028T113319_N0511_R080_T28QCG_20251028T134111.SAFE,C:\Users\Simon\Nextcloud\Project\Mauritania\Science\Arguin - FieldWork Data Processing\Data\S2\Sen2Cor\S2B_MSIL2A_20251028T113319_N0511_R080_T28QCG_20251028T134111.zip,207,34,6341,363415.0,2199675.0,0.2295,0.274,0.364,0.48960000000000004,0.5333,0.5359,0.5555,0.5692,0.5609000000000001,0.5695,0.6629,0.6292
2025-10-28,Iwik,Sen2Cor,S2B_MSIL2A_20251028T113319_N0511_R080_T28QCG_20251028T134111.SAFE,C:\Users\Simon\Nextcloud\Project\Mauritania\Science\Arguin - FieldWork Data Processing\Data\S2\Sen2Cor\S2B_MSIL2A_20251028T113319_N0511_R080_T28QCG_20251028T134111.zip,208,34,6342,363425.0,2199675.0,0.2255,0.275,0.3612,0.4828,0.5251,0.528,0.5472,0.5636,0.5537000000000001,0.5575,0.6566000000000001,0.6249
2025-10-28,Iwik,Sen2Cor,S2B_MSIL2A_20251028T113319_N0511_R080_T28QCG_20251028T134111.SAFE,C:\Users\Simon\Nextcloud\Project\Mauritania\Science\Arguin - FieldWork Data Processing\Data\S2\Sen2Cor\S2B_MSIL2A_20251028T113319_N0511_R080_T28QCG_20251028T134111.zip,209,34,6343,363435.0,2199675.0,0.2255,0.2662,0.3572,0.47640000000000005,0.5251,0.528,0.5472,0.5576,0.5537000000000001,0.5575,0.6566000000000001,0.6249
2025-10-28,Iwik,Sen2Cor,S2B_MSIL2A_20251028T113319_N0511_R080_T28QCG_20251028T134111.SAFE,C:\Users\Simon\Nextcloud\Project\Mauritania\Science\Arguin - FieldWork Data Processing\Data\S2\Sen2Cor\S2B_MSIL2A_20251028T113319_N0511_R080_T28QCG_20251028T134111.zip,210,34,6344,363445.0,2199675.0,0.22110000000000002,0.2646,0.3536,0.4736,0.52,0.5203,0.5381,0.5528000000000001,0.5477000000000001,0.5575,0.6496000000000001,0.6177
2025-10-28,Iwik,Sen2Cor,S2B_MSIL2A_20251028T113319_N0511_R080_T28QCG_20251028T134111.SAFE,C:\Users\Simon\Nextcloud\Project\Mauritania\Science\Arguin - FieldWork Data Processing\Data\S2\Sen2Cor\S2B_MSIL2A_20251028T113319_N0511_R080_T28QCG_20251028T134111.zip,211,34,6345,363455.0,2199675.0,0.22110000000000002,0.267,0.35600000000000004,0.47640000000000005,0.52,0.5203,0.5381,0.558,0.5477000000000001,0.5575,0.6496000000000001,0.6177
2025-10-28,Iwik,Sen2Cor,S2B_MSIL2A_20251028T113319_N0511_R080_T28QCG_20251028T134111.SAFE,C:\Users\Simon\Nextcloud\Project\Mauritania\Science\Arguin - FieldWork Data Processing\Data\S2\Sen2Cor\S2B_MSIL2A_20251028T113319_N0511_R080_T28QCG_20251028T134111.zip,212,34,6346,363465.0,2199675.0,0.21880000000000002,0.26580000000000004,0.35400000000000004,0.4752,0.5194,0.5197,0.54,0.554,0.5475,0.5575,0.6526000000000001,0.6184000000000001
2025-10-28,Iwik,Sen2Cor,S2B_MSIL2A_20251028T113319_N0511_R080_T28QCG_20251028T134111.SAFE,C:\Users\Simon\Nextcloud\Project\Mauritania\Science\Arguin - FieldWork Data Processing\Data\S2\Sen2Cor\S2B_MSIL2A_20251028T113319_N0511_R080_T28QCG_20251028T134111.zip,213,34,6347,363475.0,2199675.0,0.21880000000000002,0.2596,0.34840000000000004,0.47040000000000004,0.5194,0.5197,0.54,0.5536,0.5475,0.5575,0.6526000000000001,0.6184000000000001
2025-10-28,Iwik,Sen2Cor,S2B_MSIL2A_20251028T113319_N0511_R080_T28QCG_20251028T134111.SAFE,C:\Users\Simon\Nextcloud\Project\Mauritania\Science\Arguin - FieldWork Data Processing\Data\S2\Sen2Cor\S2B_MSIL2A_20251028T113319_N0511_R080_T28QCG_20251028T134111.zip,214,34,6348,363485.0,2199675.0,0.2157,0.2566,0.34640000000000004,0.46880000000000005,0.5159,0.519,0.5344,0.5508000000000001,0.5463,0.5502,0.651,0.6185
2025-10-28,Iwik,Sen2Cor,S2B_MSIL2A_20251028T113319_N0511_R080_T28QCG_20251028T134111.SAFE,C:\Users\Simon\Nextcloud\Project\Mauritania\Science\Arguin - FieldWork Data Processing\Data\S2\Sen2Cor\S2B_MSIL2A_20251028T113319_N0511_R080_T28QCG_20251028T134111.zip,215,34,6349,363495.0,2199675.0,0.2157,0.2604,0.3508,0.4748,0.5159,0.519,0.5344,0.55,0.5463,0.5502,0.651,0.6185
2025-10-28,Iwik,Sen2Cor,S2B_MSIL2A_20251028T113319_N0511_R080_T28QCG_20251028T134111.SAFE,C:\Users\Simon\Nextcloud\Project\Mauritania\Science\Arguin - FieldWork Data Processing\Data\S2\Sen2Cor\S2B_MSIL2A_20251028T113319_N0511_R080_T28QCG_20251028T134111.zip,216,34,6350,363505.0,2199675.0,0.2141,0.2592,0.3496,0.46880000000000005,0.515,0.5153,0.5345,0.5468000000000001,0.5425,0.5502,0.653,0.6207
2025-10-28,Iwik,Sen2Cor,S2B_MSIL2A_20251028T113319_N0511_R080_T28QCG_20251028T134111.SAFE,C:\Users\Simon\Nextcloud\Project\Mauritania\Science\Arguin - FieldWork Data Processing\Data\S2\Sen2Cor\S2B_MSIL2A_20251028T113319_N0511_R080_T28QCG_20251028T134111.zip,217,34,6351,363515.0,2199675.0,0.2141,0.25780000000000003,0.342,0.46440000000000003,0.515,0.5153,0.5345,0.544,0.5425,0.5502,0.653,0.6207
2025-10-28,Iwik,Sen2Cor,S2B_MSIL2A_20251028T113319_N0511_R080_T28QCG_20251028T134111.SAFE,C:\Users\Simon\Nextcloud\Project\Mauritania\Science\Arguin - FieldWork Data Processing\Data\S2\Sen2Cor\S2B_MSIL2A_20251028T113319_N0511_R080_T28QCG_20251028T134111.zip,218,34,6352,363525.0,2199675.0,0.2114,0.2548,0.3396,0.464,0.5082,0.5058,0.529,0.5412,0.5345,0.5502,0.6466000000000001,0.6123000000000001
2025-10-28,Iwik,Sen2Cor,S2B_MSIL2A_20251028T113319_N0511_R080_T28QCG_20251028T134111.SAFE,C:\Users\Simon\Nextcloud\Project\Mauritania\Science\Arguin - FieldWork Data Processing\Data\S2\Sen2Cor\S2B_MSIL2A_20251028T113319_N0511_R080_T28QCG_20251028T134111.zip,219,34,6353,363535.0,2199675.0,0.2114,0.248,0.3408,0.46040000000000003,0.5082,0.5058,0.529,0.5392,0.5345,0.5502,0.6466000000000001,0.6123000000000001
2025-10-28,Iwik,Sen2Cor,S2B_MSIL2A_20251028T113319_N0511_R080_T28QCG_20251028T134111.SAFE,C:\Users\Simon\Nextcloud\Project\Mauritania\Science\Arguin - FieldWork Data Processing\Data\S2\Sen2Cor\S2B_MSIL2A_20251028T113319_N0511_R080_T28QCG_20251028T134111.zip,220,34,6354,363545.0,2199675.0,0.21000000000000002,0.2464,0.3356,0.46280000000000004,0.5031,0.5081,0.5269,0.5404,0.5338,0.5417000000000001,0.6449,0.6101
2025-10-28,Iwik,Sen2Cor,S2B_MSIL2A_20251028T113319_N0511_R080_T28QCG_20251028T134111.SAFE,C:\Users\Simon\Nextcloud\Project\Mauritania\Science\Arguin - FieldWork Data Processing\Data\S2\Sen2Cor\S2B_MSIL2A_20251028T113319_N0511_R080_T28QCG_20251028T134111.zip,221,34,6355,363555.0,2199675.0,0.21000000000000002,0.24780000000000002,0.3352,0.4632,0.5031,0.5081,0.5269,0.5404,0.5338,0.5417000000000001,0.6449,0.6101
2025-10-28,Iwik,Sen2Cor,S2B_MSIL2A_20251028T113319_N0511_R080_T28QCG_20251028T134111.SAFE,C:\Users\Simon\Nextcloud\Project\Mauritania\Science\Arguin - FieldWork Data Processing\Data\S2\Sen2Cor\S2B_MSIL2A_20251028T113319_N0511_R080_T28QCG_20251028T134111.zip,222,34,6356,363565.0,2199675.0,0.2083,0.24680000000000002,0.33440000000000003,0.4596,0.4983,0.5058,0.5234,0.5376000000000001,0.5319,0.5417000000000001,0.6434000000000001,0.6044
2025-10-28,Iwik,Sen2Cor,S2B_MSIL2A_20251028T113319_N0511_R080_T28QCG_20251028T134111.SAFE,C:\Users\Simon\Nextcloud\Project\Mauritania\Science\Arguin - FieldWork Data Processing\Data\S2\Sen2Cor\S2B_MSIL2A_20251028T113319_N0511_R080_T28QCG_20251028T134111.zip,223,34,6357,363575.0,2199675.0,0.2083,0.2466,0.3332,0.4572,0.4983,0.5058,0.5234,0.5336000000000001,0.5319,0.5417000000000001,0.6434000000000001,0.6044
2025-10-28,Iwik,Sen2Cor,S2B_MSIL2A_20251028T113319_N0511_R080_T28QCG_20251028T134111.SAFE,C:\Users\Simon\Nextcloud\Project\Mauritania\Science\Arguin - FieldWork Data Processing\Data\S2\Sen2Cor\S2B_MSIL2A_20251028T113319_N0511_R080_T28QCG_20251028T134111.zip,224,34,6358,363585.0,2199675.0,0.2079,0.249,0.3388,0.4556,0.5037,0.5034000000000001,0.5197,0.5352,0.5318,0.5417000000000001,0.6404000000000001,0.6029
2025-10-28,Iwik,Sen2Cor,S2B_MSIL2A_20251028T113319_N0511_R080_T28QCG_20251028T134111.SAFE,C:\Users\Simon\Nextcloud\Project\Mauritania\Science\Arguin - FieldWork Data Processing\Data\S2\Sen2Cor\S2B_MSIL2A_20251028T113319_N0511_R080_T28QCG_20251028T134111.zip,225,35,6340,363405.0,2199665.0,0.2295,0.2768,0.372,0.4908,0.5333,0.5359,0.5555,0.5712,0.5609000000000001,0.5695,0.6629,0.6292
2025-10-28,Iwik,Sen2Cor,S2B_MSIL2A_20251028T113319_N0511_R080_T28QCG_20251028T134111.SAFE,C:\Users\Simon\Nextcloud\Project\Mauritania\Science\Arguin - FieldWork Data Processing\Data\S2\Sen2Cor\S2B_MSIL2A_20251028T113319_N0511_R080_T28QCG_20251028T134111.zip,226,35,6341,363415.0,2199665.0,0.2295,0.27640000000000003,0.3628,0.48760000000000003,0.5333,0.5359,0.5555,0.5684,0.5609000000000001,0.5695,0.6629,0.6292
2025-10-28,Iwik,Sen2Cor,S2B_MSIL2A_20251028T113319_N0511_R080_T28QCG_20251028T134111.SAFE,C:\Users\Simon\Nextcloud\Project\Mauritania\Science\Arguin - FieldWork Data Processing\Data\S2\Sen2Cor\S2B_MSIL2A_20251028T113319_N0511_R080_T28QCG_20251028T134111.zip,227,35,6342,363425.0,2199665.0,0.2255,0.2742,0.3604,0.48400000000000004,0.5251,0.528,0.5472,0.5616,0.5537000000000001,0.5575,0.6566000000000001,0.6249
2025-10-28,Iwik,Sen2Cor,S2B_MSIL2A_20251028T113319_N0511_R080_T28QCG_20251028T134111.SAFE,C:\Users\Simon\Nextcloud\Project\Mauritania\Science\Arguin - FieldWork Data Processing\Data\S2\Sen2Cor\S2B_MSIL2A_20251028T113319_N0511_R080_T28QCG_20251028T134111.zip,228,35,6343,363435.0,2199665.0,0.2255,0.26480000000000004,0.3556,0.47840000000000005,0.5251,0.528,0.5472,0.5596,0.5537000000000001,0.5575,0.6566000000000001,0.6249
2025-10-28,Iwik,Sen2Cor,S2B_MSIL2A_20251028T113319_N0511_R080_T28QCG_20251028T134111.SAFE,C:\Users\Simon\Nextcloud\Project\Mauritania\Science\Arguin - FieldWork Data Processing\Data\S2\Sen2Cor\S2B_MSIL2A_20251028T113319_N0511_R080_T28QCG_20251028T134111.zip,229,35,6344,363445.0,2199665.0,0.22110000000000002,0.2646,0.3496,0.4716,0.52,0.5203,0.5381,0.5504,0.5477000000000001,0.5575,0.6496000000000001,0.6177
2025-10-28,Iwik,Sen2Cor,S2B_MSIL2A_20251028T113319_N0511_R080_T28QCG_20251028T134111.SAFE,C:\Users\Simon\Nextcloud\Project\Mauritania\Science\Arguin - FieldWork Data Processing\Data\S2\Sen2Cor\S2B_MSIL2A_20251028T113319_N0511_R080_T28QCG_20251028T134111.zip,230,35,6345,363455.0,2199665.0,0.22110000000000002,0.26,0.3512,0.4708,0.52,0.5203,0.5381,0.5484,0.5477000000000001,0.5575,0.6496000000000001,0.6177
2025-10-28,Iwik,Sen2Cor,S2B_MSIL2A_20251028T113319_N0511_R080_T28QCG_20251028T134111.SAFE,C:\Users\Simon\Nextcloud\Project\Mauritania\Science\Arguin - FieldWork Data Processing\Data\S2\Sen2Cor\S2B_MSIL2A_20251028T113319_N0511_R080_T28QCG_20251028T134111.zip,231,35,6346,363465.0,2199665.0,0.21880000000000002,0.263,0.3528,0.4736,0.5194,0.5197,0.54,0.5512,0.5475,0.5575,0.6526000000000001,0.6184000000000001
2025-10-28,Iwik,Sen2Cor,S2B_MSIL2A_20251028T113319_N0511_R080_T28QCG_20251028T134111.SAFE,C:\Users\Simon\Nextcloud\Project\Mauritania\Science\Arguin - FieldWork Data Processing\Data\S2\Sen2Cor\S2B_MSIL2A_20251028T113319_N0511_R080_T28QCG_20251028T134111.zip,232,35,6347,363475.0,2199665.0,0.21880000000000002,0.2596,0.35000000000000003,0.4732,0.5194,0.5197,0.54,0.5504,0.5475,0.5575,0.6526000000000001,0.6184000000000001
2025-10-28,Iwik,Sen2Cor,S2B_MSIL2A_20251028T113319_N0511_R080_T28QCG_20251028T134111.SAFE,C:\Users\Simon\Nextcloud\Project\Mauritania\Science\Arguin - FieldWork Data Processing\Data\S2\Sen2Cor\S2B_MSIL2A_20251028T113319_N0511_R080_T28QCG_20251028T134111.zip,233,35,6348,363485.0,2199665.0,0.2157,0.2602,0.35200000000000004,0.4752,0.5159,0.519,0.5344,0.5536,0.5463,0.5502,0.651,0.6185
2025-10-28,Iwik,Sen2Cor,S2B_MSIL2A_20251028T113319_N0511_R080_T28QCG_20251028T134111.SAFE,C:\Users\Simon\Nextcloud\Project\Mauritania\Science\Arguin - FieldWork Data Processing\Data\S2\Sen2Cor\S2B_MSIL2A_20251028T113319_N0511_R080_T28QCG_20251028T134111.zip,234,35,6349,363495.0,2199665.0,0.2157,0.26080000000000003,0.3524,0.47440000000000004,0.5159,0.519,0.5344,0.5548000000000001,0.5463,0.5502,0.651,0.6185
2025-10-28,Iwik,Sen2Cor,S2B_MSIL2A_20251028T113319_N0511_R080_T28QCG_20251028T134111.SAFE,C:\Users\Simon\Nextcloud\Project\Mauritania\Science\Arguin - FieldWork Data Processing\Data\S2\Sen2Cor\S2B_MSIL2A_20251028T113319_N0511_R080_T28QCG_20251028T134111.zip,235,35,6350,363505.0,2199665.0,0.2141,0.258,0.34800000000000003,0.46640000000000004,0.515,0.5153,0.5345,0.5484,0.5425,0.5502,0.653,0.6207
2025-10-28,Iwik,Sen2Cor,S2B_MSIL2A_20251028T113319_N0511_R080_T28QCG_20251028T134111.SAFE,C:\Users\Simon\Nextcloud\Project\Mauritania\Science\Arguin - FieldWork Data Processing\Data\S2\Sen2Cor\S2B_MSIL2A_20251028T113319_N0511_R080_T28QCG_20251028T134111.zip,236,35,6351,363515.0,2199665.0,0.2141,0.2534,0.3412,0.46440000000000003,0.515,0.5153,0.5345,0.5412,0.5425,0.5502,0.653,0.6207
2025-10-28,Iwik,Sen2Cor,S2B_MSIL2A_20251028T113319_N0511_R080_T28QCG_20251028T134111.SAFE,C:\Users\Simon\Nextcloud\Project\Mauritania\Science\Arguin - FieldWork Data Processing\Data\S2\Sen2Cor\S2B_MSIL2A_20251028T113319_N0511_R080_T28QCG_20251028T134111.zip,237,35,6352,363525.0,2199665.0,0.2114,0.2518,0.33640000000000003,0.4652,0.5082,0.5058,0.529,0.5404,0.5345,0.5502,0.6466000000000001,0.6123000000000001
2025-10-28,Iwik,Sen2Cor,S2B_MSIL2A_20251028T113319_N0511_R080_T28QCG_20251028T134111.SAFE,C:\Users\Simon\Nextcloud\Project\Mauritania\Science\Arguin - FieldWork Data Processing\Data\S2\Sen2Cor\S2B_MSIL2A_20251028T113319_N0511_R080_T28QCG_20251028T134111.zip,238,35,6353,363535.0,2199665.0,0.2114,0.2514,0.33840000000000003,0.458,0.5082,0.5058,0.529,0.5352,0.5345,0.5502,0.6466000000000001,0.6123000000000001
2025-10-28,Iwik,Sen2Cor,S2B_MSIL2A_20251028T113319_N0511_R080_T28QCG_20251028T134111.SAFE,C:\Users\Simon\Nextcloud\Project\Mauritania\Science\Arguin - FieldWork Data Processing\Data\S2\Sen2Cor\S2B_MSIL2A_20251028T113319_N0511_R080_T28QCG_20251028T134111.zip,239,35,6354,363545.0,2199665.0,0.21000000000000002,0.24860000000000002,0.3396,0.4616,0.5031,0.5081,0.5269,0.5372,0.5338,0.5417000000000001,0.6449,0.6101
2025-10-28,Iwik,Sen2Cor,S2B_MSIL2A_20251028T113319_N0511_R080_T28QCG_20251028T134111.SAFE,C:\Users\Simon\Nextcloud\Project\Mauritania\Science\Arguin - FieldWork Data Processing\Data\S2\Sen2Cor\S2B_MSIL2A_20251028T113319_N0511_R080_T28QCG_20251028T134111.zip,240,35,6355,363555.0,2199665.0,0.21000000000000002,0.2492,0.3396,0.45880000000000004,0.5031,0.5081,0.5269,0.538,0.5338,0.5417000000000001,0.6449,0.6101
2025-10-28,Iwik,Sen2Cor,S2B_MSIL2A_20251028T113319_N0511_R080_T28QCG_20251028T134111.SAFE,C:\Users\Simon\Nextcloud\Project\Mauritania\Science\Arguin - FieldWork Data Processing\Data\S2\Sen2Cor\S2B_MSIL2A_20251028T113319_N0511_R080_T28QCG_20251028T134111.zip,241,35,6356,363565.0,2199665.0,0.2083,0.24860000000000002,0.3388,0.45480000000000004,0.4983,0.5058,0.5234,0.5312,0.5319,0.5417000000000001,0.6434000000000001,0.6044
2025-10-28,Iwik,Sen2Cor,S2B_MSIL2A_20251028T113319_N0511_R080_T28QCG_20251028T134111.SAFE,C:\Users\Simon\Nextcloud\Project\Mauritania\Science\Arguin - FieldWork Data Processing\Data\S2\Sen2Cor\S2B_MSIL2A_20251028T113319_N0511_R080_T28QCG_20251028T134111.zip,242,35,6357,363575.0,2199665.0,0.2083,0.24760000000000001,0.33440000000000003,0.45320000000000005,0.4983,0.5058,0.5234,0.5312,0.5319,0.5417000000000001,0.6434000000000001,0.6044
2025-10-28,Iwik,Sen2Cor,S2B_MSIL2A_20251028T113319_N0511_R080_T28QCG_20251028T134111.SAFE,C:\Users\Simon\Nextcloud\Project\Mauritania\Science\Arguin - FieldWork Data Processing\Data\S2\Sen2Cor\S2B_MSIL2A_20251028T113319_N0511_R080_T28QCG_20251028T134111.zip,243,35,6358,363585.0,2199665.0,0.2079,0.2446,0.334,0.4544,0.5037,0.5034000000000001,0.5197,0.5316000000000001,0.5318,0.5417000000000001,0.6404000000000001,0.6029
2025-10-28,Iwik,Sen2Cor,S2B_MSIL2A_20251028T113319_N0511_R080_T28QCG_20251028T134111.SAFE,C:\Users\Simon\Nextcloud\Project\Mauritania\Science\Arguin - FieldWork Data Processing\Data\S2\Sen2Cor\S2B_MSIL2A_20251028T113319_N0511_R080_T28QCG_20251028T134111.zip,244,36,6339,363395.0,2199655.0,0.2313,0.2766,0.3668,0.49200000000000005,0.5359,0.5413,0.5602,0.5736,0.5682,0.5661,0.6674,0.6359
2025-10-28,Iwik,Sen2Cor,S2B_MSIL2A_20251028T113319_N0511_R080_T28QCG_20251028T134111.SAFE,C:\Users\Simon\Nextcloud\Project\Mauritania\Science\Arguin - FieldWork Data Processing\Data\S2\Sen2Cor\S2B_MSIL2A_20251028T113319_N0511_R080_T28QCG_20251028T134111.zip,245,36,6340,363405.0,2199655.0,0.228,0.2776,0.3664,0.4912,0.5369,0.5387000000000001,0.5572,0.5704,0.5651,0.5661,0.6638000000000001,0.6326
2025-10-28,Iwik,Sen2Cor,S2B_MSIL2A_20251028T113319_N0511_R080_T28QCG_20251028T134111.SAFE,C:\Users\Simon\Nextcloud\Project\Mauritania\Science\Arguin - FieldWork Data Processing\Data\S2\Sen2Cor\S2B_MSIL2A_20251028T113319_N0511_R080_T28QCG_20251028T134111.zip,246,36,6341,363415.0,2199655.0,0.228,0.2742,0.3664,0.48960000000000004,0.5369,0.5387000000000001,0.5572,0.5668000000000001,0.5651,0.5661,0.6638000000000001,0.6326
2025-10-28,Iwik,Sen2Cor,S2B_MSIL2A_20251028T113319_N0511_R080_T28QCG_20251028T134111.SAFE,C:\Users\Simon\Nextcloud\Project\Mauritania\Science\Arguin - FieldWork Data Processing\Data\S2\Sen2Cor\S2B_MSIL2A_20251028T113319_N0511_R080_T28QCG_20251028T134111.zip,247,36,6342,363425.0,2199655.0,0.22290000000000001,0.27340000000000003,0.364,0.48560000000000003,0.5252,0.5276000000000001,0.5448000000000001,0.5604,0.5512,0.5501,0.6545000000000001,0.6214000000000001
2025-10-28,Iwik,Sen2Cor,S2B_MSIL2A_20251028T113319_N0511_R080_T28QCG_20251028T134111.SAFE,C:\Users\Simon\Nextcloud\Project\Mauritania\Science\Arguin - FieldWork Data Processing\Data\S2\Sen2Cor\S2B_MSIL2A_20251028T113319_N0511_R080_T28QCG_20251028T134111.zip,248,36,6343,363435.0,2199655.0,0.22290000000000001,0.2686,0.3556,0.4796,0.5252,0.5276000000000001,0.5448000000000001,0.5548000000000001,0.5512,0.5501,0.6545000000000001,0.6214000000000001
2025-10-28,Iwik,Sen2Cor,S2B_MSIL2A_20251028T113319_N0511_R080_T28QCG_20251028T134111.SAFE,C:\Users\Simon\Nextcloud\Project\Mauritania\Science\Arguin - FieldWork Data Processing\Data\S2\Sen2Cor\S2B_MSIL2A_20251028T113319_N0511_R080_T28QCG_20251028T134111.zip,249,36,6344,363445.0,2199655.0,0.2194,0.26,0.3544,0.47240000000000004,0.5202,0.5227,0.5392,0.5504,0.5447000000000001,0.5501,0.6512,0.618
2025-10-28,Iwik,Sen2Cor,S2B_MSIL2A_20251028T113319_N0511_R080_T28QCG_20251028T134111.SAFE,C:\Users\Simon\Nextcloud\Project\Mauritania\Science\Arguin - FieldWork Data Processing\Data\S2\Sen2Cor\S2B_MSIL2A_20251028T113319_N0511_R080_T28QCG_20251028T134111.zip,250,36,6345,363455.0,2199655.0,0.2194,0.2602,0.3516,0.4712,0.5202,0.5227,0.5392,0.544,0.5447000000000001,0.5501,0.6512,0.618
2025-10-28,Iwik,Sen2Cor,S2B_MSIL2A_20251028T113319_N0511_R080_T28QCG_20251028T134111.SAFE,C:\Users\Simon\Nextcloud\Project\Mauritania\Science\Arguin - FieldWork Data Processing\Data\S2\Sen2Cor\S2B_MSIL2A_20251028T113319_N0511_R080_T28QCG_20251028T134111.zip,251,36,6346,363465.0,2199655.0,0.21580000000000002,0.25880000000000003,0.3528,0.4712,0.513,0.5117,0.531,0.5464,0.5405,0.5501,0.6477,0.6137
2025-10-28,Iwik,Sen2Cor,S2B_MSIL2A_20251028T113319_N0511_R080_T28QCG_20251028T134111.SAFE,C:\Users\Simon\Nextcloud\Project\Mauritania\Science\Arguin - FieldWork Data Processing\Data\S2\Sen2Cor\S2B_MSIL2A_20251028T113319_N0511_R080_T28QCG_20251028T134111.zip,252,36,6347,363475.0,2199655.0,0.21580000000000002,0.2548,0.34840000000000004,0.466,0.513,0.5117,0.531,0.5412,0.5405,0.5501,0.6477,0.6137
2025-10-28,Iwik,Sen2Cor,S2B_MSIL2A_20251028T113319_N0511_R080_T28QCG_20251028T134111.SAFE,C:\Users\Simon\Nextcloud\Project\Mauritania\Science\Arguin - FieldWork Data Processing\Data\S2\Sen2Cor\S2B_MSIL2A_20251028T113319_N0511_R080_T28QCG_20251028T134111.zip,253,36,6348,363485.0,2199655.0,0.21400000000000002,0.257,0.3476,0.46840000000000004,0.5095000000000001,0.5081,0.5272,0.5436,0.5342,0.5362,0.6469,0.6128
2025-10-28,Iwik,Sen2Cor,S2B_MSIL2A_20251028T113319_N0511_R080_T28QCG_20251028T134111.SAFE,C:\Users\Simon\Nextcloud\Project\Mauritania\Science\Arguin - FieldWork Data Processing\Data\S2\Sen2Cor\S2B_MSIL2A_20251028T113319_N0511_R080_T28QCG_20251028T134111.zip,254,36,6349,363495.0,2199655.0,0.21400000000000002,0.2558,0.34840000000000004,0.4692,0.5095000000000001,0.5081,0.5272,0.5448000000000001,0.5342,0.5362,0.6469,0.6128
2025-10-28,Iwik,Sen2Cor,S2B_MSIL2A_20251028T113319_N0511_R080_T28QCG_20251028T134111.SAFE,C:\Users\Simon\Nextcloud\Project\Mauritania\Science\Arguin - FieldWork Data Processing\Data\S2\Sen2Cor\S2B_MSIL2A_20251028T113319_N0511_R080_T28QCG_20251028T134111.zip,255,36,6350,363505.0,2199655.0,0.21150000000000002,0.2548,0.34040000000000004,0.4656,0.5047,0.5067,0.5228,0.5456,0.5347000000000001,0.5362,0.6453,0.6118
2025-10-28,Iwik,Sen2Cor,S2B_MSIL2A_20251028T113319_N0511_R080_T28QCG_20251028T134111.SAFE,C:\Users\Simon\Nextcloud\Project\Mauritania\Science\Arguin - FieldWork Data Processing\Data\S2\Sen2Cor\S2B_MSIL2A_20251028T113319_N0511_R080_T28QCG_20251028T134111.zip,256,36,6351,363515.0,2199655.0,0.21150000000000002,0.25320000000000004,0.3436,0.464,0.5047,0.5067,0.5228,0.5376000000000001,0.5347000000000001,0.5362,0.6453,0.6118
2025-10-28,Iwik,Sen2Cor,S2B_MSIL2A_20251028T113319_N0511_R080_T28QCG_20251028T134111.SAFE,C:\Users\Simon\Nextcloud\Project\Mauritania\Science\Arguin - FieldWork Data Processing\Data\S2\Sen2Cor\S2B_MSIL2A_20251028T113319_N0511_R080_T28QCG_20251028T134111.zip,257,36,6352,363525.0,2199655.0,0.20900000000000002,0.25120000000000003,0.34,0.46280000000000004,0.4983,0.5025000000000001,0.5164,0.5376000000000001,0.53,0.5362,0.6395000000000001,0.6067
2025-10-28,Iwik,Sen2Cor,S2B_MSIL2A_20251028T113319_N0511_R080_T28QCG_20251028T134111.SAFE,C:\Users\Simon\Nextcloud\Project\Mauritania\Science\Arguin - FieldWork Data Processing\Data\S2\Sen2Cor\S2B_MSIL2A_20251028T113319_N0511_R080_T28QCG_20251028T134111.zip,258,36,6353,363535.0,2199655.0,0.20900000000000002,0.24760000000000001,0.33640000000000003,0.4576,0.4983,0.5025000000000001,0.5164,0.5336000000000001,0.53,0.5362,0.6395000000000001,0.6067
2025-10-28,Iwik,Sen2Cor,S2B_MSIL2A_20251028T113319_N0511_R080_T28QCG_20251028T134111.SAFE,C:\Users\Simon\Nextcloud\Project\Mauritania\Science\Arguin - FieldWork Data Processing\Data\S2\Sen2Cor\S2B_MSIL2A_20251028T113319_N0511_R080_T28QCG_20251028T134111.zip,259,36,6354,363545.0,2199655.0,0.20770000000000002,0.25,0.3388,0.45680000000000004,0.49510000000000004,0.5,0.5157,0.534,0.5211,0.5319,0.6377,0.6032000000000001
2025-10-28,Iwik,Sen2Cor,S2B_MSIL2A_20251028T113319_N0511_R080_T28QCG_20251028T134111.SAFE,C:\Users\Simon\Nextcloud\Project\Mauritania\Science\Arguin - FieldWork Data Processing\Data\S2\Sen2Cor\S2B_MSIL2A_20251028T113319_N0511_R080_T28QCG_20251028T134111.zip,260,36,6355,363555.0,2199655.0,0.20770000000000002,0.249,0.3356,0.454,0.49510000000000004,0.5,0.5157,0.5296000000000001,0.5211,0.5319,0.6377,0.6032000000000001
2025-10-28,Iwik,Sen2Cor,S2B_MSIL2A_20251028T113319_N0511_R080_T28QCG_20251028T134111.SAFE,C:\Users\Simon\Nextcloud\Project\Mauritania\Science\Arguin - FieldWork Data Processing\Data\S2\Sen2Cor\S2B_MSIL2A_20251028T113319_N0511_R080_T28QCG_20251028T134111.zip,261,36,6356,363565.0,2199655.0,0.2064,0.2432,0.3332,0.4496,0.4917,0.4975,0.5143,0.524,0.5238,0.5319,0.6371,0.5981000000000001
2025-10-28,Iwik,Sen2Cor,S2B_MSIL2A_20251028T113319_N0511_R080_T28QCG_20251028T134111.SAFE,C:\Users\Simon\Nextcloud\Project\Mauritania\Science\Arguin - FieldWork Data Processing\Data\S2\Sen2Cor\S2B_MSIL2A_20251028T113319_N0511_R080_T28QCG_20251028T134111.zip,262,36,6357,363575.0,2199655.0,0.2064,0.24480000000000002,0.3296,0.45,0.4917,0.4975,0.5143,0.5304,0.5238,0.5319,0.6371,0.5981000000000001
2025-10-28,Iwik,Sen2Cor,S2B_MSIL2A_20251028T113319_N0511_R080_T28QCG_20251028T134111.SAFE,C:\Users\Simon\Nextcloud\Project\Mauritania\Science\Arguin - FieldWork Data Processing\Data\S2\Sen2Cor\S2B_MSIL2A_20251028T113319_N0511_R080_T28QCG_20251028T134111.zip,263,36,6358,363585.0,2199655.0,0.2063,0.2446,0.33440000000000003,0.45280000000000004,0.497,0.5026,0.5204,0.5292,0.5298,0.5319,0.6413,0.6005
2025-10-28,Iwik,Sen2Cor,S2B_MSIL2A_20251028T113319_N0511_R080_T28QCG_20251028T134111.SAFE,C:\Users\Simon\Nextcloud\Project\Mauritania\Science\Arguin - FieldWork Data Processing\Data\S2\Sen2Cor\S2B_MSIL2A_20251028T113319_N0511_R080_T28QCG_20251028T134111.zip,264,37,6339,363395.0,2199645.0,0.2313,0.2762,0.36920000000000003,0.49000000000000005,0.5359,0.5413,0.5602,0.5708,0.5682,0.5661,0.6674,0.6359
2025-10-28,Iwik,Sen2Cor,S2B_MSIL2A_20251028T113319_N0511_R080_T28QCG_20251028T134111.SAFE,C:\Users\Simon\Nextcloud\Project\Mauritania\Science\Arguin - FieldWork Data Processing\Data\S2\Sen2Cor\S2B_MSIL2A_20251028T113319_N0511_R080_T28QCG_20251028T134111.zip,265,37,6340,363405.0,2199645.0,0.228,0.279,0.3708,0.49000000000000005,0.5369,0.5387000000000001,0.5572,0.5728,0.5651,0.5661,0.6638000000000001,0.6326
2025-10-28,Iwik,Sen2Cor,S2B_MSIL2A_20251028T113319_N0511_R080_T28QCG_20251028T134111.SAFE,C:\Users\Simon\Nextcloud\Project\Mauritania\Science\Arguin - FieldWork Data Processing\Data\S2\Sen2Cor\S2B_MSIL2A_20251028T113319_N0511_R080_T28QCG_20251028T134111.zip,266,37,6341,363415.0,2199645.0,0.228,0.27640000000000003,0.3688,0.48800000000000004,0.5369,0.5387000000000001,0.5572,0.5668000000000001,0.5651,0.5661,0.6638000000000001,0.6326
2025-10-28,Iwik,Sen2Cor,S2B_MSIL2A_20251028T113319_N0511_R080_T28QCG_20251028T134111.SAFE,C:\Users\Simon\Nextcloud\Project\Mauritania\Science\Arguin - FieldWork Data Processing\Data\S2\Sen2Cor\S2B_MSIL2A_20251028T113319_N0511_R080_T28QCG_20251028T134111.zip,267,37,6342,363425.0,2199645.0,0.22290000000000001,0.272,0.3632,0.4832,0.5252,0.5276000000000001,0.5448000000000001,0.5624,0.5512,0.5501,0.6545000000000001,0.6214000000000001
2025-10-28,Iwik,Sen2Cor,S2B_MSIL2A_20251028T113319_N0511_R080_T28QCG_20251028T134111.SAFE,C:\Users\Simon\Nextcloud\Project\Mauritania\Science\Arguin - FieldWork Data Processing\Data\S2\Sen2Cor\S2B_MSIL2A_20251028T113319_N0511_R080_T28QCG_20251028T134111.zip,268,37,6343,363435.0,2199645.0,0.22290000000000001,0.2702,0.35960000000000003,0.4832,0.5252,0.5276000000000001,0.5448000000000001,0.5604,0.5512,0.5501,0.6545000000000001,0.6214000000000001
2025-10-28,Iwik,Sen2Cor,S2B_MSIL2A_20251028T113319_N0511_R080_T28QCG_20251028T134111.SAFE,C:\Users\Simon\Nextcloud\Project\Mauritania\Science\Arguin - FieldWork Data Processing\Data\S2\Sen2Cor\S2B_MSIL2A_20251028T113319_N0511_R080_T28QCG_20251028T134111.zip,269,37,6344,363445.0,2199645.0,0.2194,0.2634,0.3536,0.4796,0.5202,0.5227,0.5392,0.5568000000000001,0.5447000000000001,0.5501,0.6512,0.618
2025-10-28,Iwik,Sen2Cor,S2B_MSIL2A_20251028T113319_N0511_R080_T28QCG_20251028T134111.SAFE,C:\Users\Simon\Nextcloud\Project\Mauritania\Science\Arguin - FieldWork Data Processing\Data\S2\Sen2Cor\S2B_MSIL2A_20251028T113319_N0511_R080_T28QCG_20251028T134111.zip,270,37,6345,363455.0,2199645.0,0.2194,0.25980000000000003,0.3516,0.4732,0.5202,0.5227,0.5392,0.5504,0.5447000000000001,0.5501,0.6512,0.618
2025-10-28,Iwik,Sen2Cor,S2B_MSIL2A_20251028T113319_N0511_R080_T28QCG_20251028T134111.SAFE,C:\Users\Simon\Nextcloud\Project\Mauritania\Science\Arguin - FieldWork Data Processing\Data\S2\Sen2Cor\S2B_MSIL2A_20251028T113319_N0511_R080_T28QCG_20251028T134111.zip,271,37,6346,363465.0,2199645.0,0.21580000000000002,0.2554,0.3488,0.46440000000000003,0.513,0.5117,0.531,0.5424,0.5405,0.5501,0.6477,0.6137
2025-10-28,Iwik,Sen2Cor,S2B_MSIL2A_20251028T113319_N0511_R080_T28QCG_20251028T134111.SAFE,C:\Users\Simon\Nextcloud\Project\Mauritania\Science\Arguin - FieldWork Data Processing\Data\S2\Sen2Cor\S2B_MSIL2A_20251028T113319_N0511_R080_T28QCG_20251028T134111.zip,272,37,6347,363475.0,2199645.0,0.21580000000000002,0.2494,0.3396,0.458,0.513,0.5117,0.531,0.5376000000000001,0.5405,0.5501,0.6477,0.6137
2025-10-28,Iwik,Sen2Cor,S2B_MSIL2A_20251028T113319_N0511_R080_T28QCG_20251028T134111.SAFE,C:\Users\Simon\Nextcloud\Project\Mauritania\Science\Arguin - FieldWork Data Processing\Data\S2\Sen2Cor\S2B_MSIL2A_20251028T113319_N0511_R080_T28QCG_20251028T134111.zip,273,37,6348,363485.0,2199645.0,0.21400000000000002,0.24700000000000003,0.3372,0.46040000000000003,0.5095000000000001,0.5081,0.5272,0.5332,0.5342,0.5362,0.6469,0.6128
2025-10-28,Iwik,Sen2Cor,S2B_MSIL2A_20251028T113319_N0511_R080_T28QCG_20251028T134111.SAFE,C:\Users\Simon\Nextcloud\Project\Mauritania\Science\Arguin - FieldWork Data Processing\Data\S2\Sen2Cor\S2B_MSIL2A_20251028T113319_N0511_R080_T28QCG_20251028T134111.zip,274,37,6349,363495.0,2199645.0,0.21400000000000002,0.2474,0.3372,0.456,0.5095000000000001,0.5081,0.5272,0.5296000000000001,0.5342,0.5362,0.6469,0.6128
2025-10-28,Iwik,Sen2Cor,S2B_MSIL2A_20251028T113319_N0511_R080_T28QCG_20251028T134111.SAFE,C:\Users\Simon\Nextcloud\Project\Mauritania\Science\Arguin - FieldWork Data Processing\Data\S2\Sen2Cor\S2B_MSIL2A_20251028T113319_N0511_R080_T28QCG_20251028T134111.zip,275,37,6350,363505.0,2199645.0,0.21150000000000002,0.24980000000000002,0.33840000000000003,0.45640000000000003,0.5047,0.5067,0.5228,0.5308,0.5347000000000001,0.5362,0.6453,0.6118
2025-10-28,Iwik,Sen2Cor,S2B_MSIL2A_20251028T113319_N0511_R080_T28QCG_20251028T134111.SAFE,C:\Users\Simon\Nextcloud\Project\Mauritania\Science\Arguin - FieldWork Data Processing\Data\S2\Sen2Cor\S2B_MSIL2A_20251028T113319_N0511_R080_T28QCG_20251028T134111.zip,276,37,6351,363515.0,2199645.0,0.21150000000000002,0.2524,0.34240000000000004,0.46440000000000003,0.5047,0.5067,0.5228,0.5372,0.5347000000000001,0.5362,0.6453,0.6118
2025-10-28,Iwik,Sen2Cor,S2B_MSIL2A_20251028T113319_N0511_R080_T28QCG_20251028T134111.SAFE,C:\Users\Simon\Nextcloud\Project\Mauritania\Science\Arguin - FieldWork Data Processing\Data\S2\Sen2Cor\S2B_MSIL2A_20251028T113319_N0511_R080_T28QCG_20251028T134111.zip,277,37,6352,363525.0,2199645.0,0.20900000000000002,0.2492,0.3396,0.45840000000000003,0.4983,0.5025000000000001,0.5164,0.5352,0.53,0.5362,0.6395000000000001,0.6067
2025-10-28,Iwik,Sen2Cor,S2B_MSIL2A_20251028T113319_N0511_R080_T28QCG_20251028T134111.SAFE,C:\Users\Simon\Nextcloud\Project\Mauritania\Science\Arguin - FieldWork Data Processing\Data\S2\Sen2Cor\S2B_MSIL2A_20251028T113319_N0511_R080_T28QCG_20251028T134111.zip,278,37,6353,363535.0,2199645.0,0.20900000000000002,0.24700000000000003,0.3312,0.454,0.4983,0.5025000000000001,0.5164,0.524,0.53,0.5362,0.6395000000000001,0.6067
2025-10-28,Iwik,Sen2Cor,S2B_MSIL2A_20251028T113319_N0511_R080_T28QCG_20251028T134111.SAFE,C:\Users\Simon\Nextcloud\Project\Mauritania\Science\Arguin - FieldWork Data Processing\Data\S2\Sen2Cor\S2B_MSIL2A_20251028T113319_N0511_R080_T28QCG_20251028T134111.zip,279,37,6354,363545.0,2199645.0,0.20770000000000002,0.24780000000000002,0.33240000000000003,0.4504,0.49510000000000004,0.5,0.5157,0.5228,0.5211,0.5319,0.6377,0.6032000000000001
2025-10-28,Iwik,Sen2Cor,S2B_MSIL2A_20251028T113319_N0511_R080_T28QCG_20251028T134111.SAFE,C:\Users\Simon\Nextcloud\Project\Mauritania\Science\Arguin - FieldWork Data Processing\Data\S2\Sen2Cor\S2B_MSIL2A_20251028T113319_N0511_R080_T28QCG_20251028T134111.zip,280,37,6355,363555.0,2199645.0,0.20770000000000002,0.24380000000000002,0.3296,0.4484,0.49510000000000004,0.5,0.5157,0.526,0.5211,0.5319,0.6377,0.6032000000000001
2025-10-28,Iwik,Sen2Cor,S2B_MSIL2A_20251028T113319_N0511_R080_T28QCG_20251028T134111.SAFE,C:\Users\Simon\Nextcloud\Project\Mauritania\Science\Arguin - FieldWork Data Processing\Data\S2\Sen2Cor\S2B_MSIL2A_20251028T113319_N0511_R080_T28QCG_20251028T134111.zip,281,37,6356,363565.0,2199645.0,0.2064,0.2454,0.3272,0.45,0.4917,0.4975,0.5143,0.526,0.5238,0.5319,0.6371,0.5981000000000001
2025-10-28,Iwik,Sen2Cor,S2B_MSIL2A_20251028T113319_N0511_R080_T28QCG_20251028T134111.SAFE,C:\Users\Simon\Nextcloud\Project\Mauritania\Science\Arguin - FieldWork Data Processing\Data\S2\Sen2Cor\S2B_MSIL2A_20251028T113319_N0511_R080_T28QCG_20251028T134111.zip,282,37,6357,363575.0,2199645.0,0.2064,0.2424,0.33,0.45320000000000005,0.4917,0.4975,0.5143,0.5264,0.5238,0.5319,0.6371,0.5981000000000001
2025-10-28,Iwik,Sen2Cor,S2B_MSIL2A_20251028T113319_N0511_R080_T28QCG_20251028T134111.SAFE,C:\Users\Simon\Nextcloud\Project\Mauritania\Science\Arguin - FieldWork Data Processing\Data\S2\Sen2Cor\S2B_MSIL2A_20251028T113319_N0511_R080_T28QCG_20251028T134111.zip,283,37,6358,363585.0,2199645.0,0.2063,0.2442,0.3356,0.452,0.497,0.5026,0.5204,0.5296000000000001,0.5298,0.5319,0.6413,0.6005
2025-10-28,Iwik,Sen2Cor,S2B_MSIL2A_20251028T113319_N0511_R080_T28QCG_20251028T134111.SAFE,C:\Users\Simon\Nextcloud\Project\Mauritania\Science\Arguin - FieldWork Data Processing\Data\S2\Sen2Cor\S2B_MSIL2A_20251028T113319_N0511_R080_T28QCG_20251028T134111.zip,284,38,6338,363385.0,2199635.0,0.229,0.2728,0.36160000000000003,0.48200000000000004,0.5277000000000001,0.5343,0.5513,0.5636,0.5595,0.5661,0.6626000000000001,0.6298
2025-10-28,Iwik,Sen2Cor,S2B_MSIL2A_20251028T113319_N0511_R080_T28QCG_20251028T134111.SAFE,C:\Users\Simon\Nextcloud\Project\Mauritania\Science\Arguin - FieldWork Data Processing\Data\S2\Sen2Cor\S2B_MSIL2A_20251028T113319_N0511_R080_T28QCG_20251028T134111.zip,285,38,6339,363395.0,2199635.0,0.229,0.2736,0.3648,0.48760000000000003,0.5277000000000001,0.5343,0.5513,0.5688,0.5595,0.5661,0.6626000000000001,0.6298
2025-10-28,Iwik,Sen2Cor,S2B_MSIL2A_20251028T113319_N0511_R080_T28QCG_20251028T134111.SAFE,C:\Users\Simon\Nextcloud\Project\Mauritania\Science\Arguin - FieldWork Data Processing\Data\S2\Sen2Cor\S2B_MSIL2A_20251028T113319_N0511_R080_T28QCG_20251028T134111.zip,286,38,6340,363405.0,2199635.0,0.2257,0.2796,0.3652,0.4904,0.5354,0.5362,0.5537000000000001,0.5708,0.5639000000000001,0.5661,0.6613,0.63
2025-10-28,Iwik,Sen2Cor,S2B_MSIL2A_20251028T113319_N0511_R080_T28QCG_20251028T134111.SAFE,C:\Users\Simon\Nextcloud\Project\Mauritania\Science\Arguin - FieldWork Data Processing\Data\S2\Sen2Cor\S2B_MSIL2A_20251028T113319_N0511_R080_T28QCG_20251028T134111.zip,287,38,6341,363415.0,2199635.0,0.2257,0.278,0.3664,0.4888,0.5354,0.5362,0.5537000000000001,0.5688,0.5639000000000001,0.5661,0.6613,0.63
2025-10-28,Iwik,Sen2Cor,S2B_MSIL2A_20251028T113319_N0511_R080_T28QCG_20251028T134111.SAFE,C:\Users\Simon\Nextcloud\Project\Mauritania\Science\Arguin - FieldWork Data Processing\Data\S2\Sen2Cor\S2B_MSIL2A_20251028T113319_N0511_R080_T28QCG_20251028T134111.zip,288,38,6342,363425.0,2199635.0,0.2217,0.2756,0.3644,0.4844,0.528,0.53,0.5481,0.5672,0.5558000000000001,0.5501,0.6567000000000001,0.6218
2025-10-28,Iwik,Sen2Cor,S2B_MSIL2A_20251028T113319_N0511_R080_T28QCG_20251028T134111.SAFE,C:\Users\Simon\Nextcloud\Project\Mauritania\Science\Arguin - FieldWork Data Processing\Data\S2\Sen2Cor\S2B_MSIL2A_20251028T113319_N0511_R080_T28QCG_20251028T134111.zip,289,38,6343,363435.0,2199635.0,0.2217,0.2664,0.3588,0.4824,0.528,0.53,0.5481,0.5576,0.5558000000000001,0.5501,0.6567000000000001,0.6218
2025-10-28,Iwik,Sen2Cor,S2B_MSIL2A_20251028T113319_N0511_R080_T28QCG_20251028T134111.SAFE,C:\Users\Simon\Nextcloud\Project\Mauritania\Science\Arguin - FieldWork Data Processing\Data\S2\Sen2Cor\S2B_MSIL2A_20251028T113319_N0511_R080_T28QCG_20251028T134111.zip,290,38,6344,363445.0,2199635.0,0.21710000000000002,0.2646,0.35400000000000004,0.4788,0.516,0.5203,0.5402,0.5552,0.5422,0.5501,0.6513,0.6144000000000001
2025-10-28,Iwik,Sen2Cor,S2B_MSIL2A_20251028T113319_N0511_R080_T28QCG_20251028T134111.SAFE,C:\Users\Simon\Nextcloud\Project\Mauritania\Science\Arguin - FieldWork Data Processing\Data\S2\Sen2Cor\S2B_MSIL2A_20251028T113319_N0511_R080_T28QCG_20251028T134111.zip,291,38,6345,363455.0,2199635.0,0.21710000000000002,0.2612,0.35000000000000003,0.47840000000000005,0.516,0.5203,0.5402,0.5528000000000001,0.5422,0.5501,0.6513,0.6144000000000001
2025-10-28,Iwik,Sen2Cor,S2B_MSIL2A_20251028T113319_N0511_R080_T28QCG_20251028T134111.SAFE,C:\Users\Simon\Nextcloud\Project\Mauritania\Science\Arguin - FieldWork Data Processing\Data\S2\Sen2Cor\S2B_MSIL2A_20251028T113319_N0511_R080_T28QCG_20251028T134111.zip,292,38,6346,363465.0,2199635.0,0.21480000000000002,0.2592,0.3496,0.4736,0.5113,0.5135000000000001,0.5311,0.5492,0.5442,0.5501,0.6475000000000001,0.6134000000000001
2025-10-28,Iwik,Sen2Cor,S2B_MSIL2A_20251028T113319_N0511_R080_T28QCG_20251028T134111.SAFE,C:\Users\Simon\Nextcloud\Project\Mauritania\Science\Arguin - FieldWork Data Processing\Data\S2\Sen2Cor\S2B_MSIL2A_20251028T113319_N0511_R080_T28QCG_20251028T134111.zip,293,38,6347,363475.0,2199635.0,0.21480000000000002,0.2504,0.34,0.462,0.5113,0.5135000000000001,0.5311,0.5376000000000001,0.5442,0.5501,0.6475000000000001,0.6134000000000001
2025-10-28,Iwik,Sen2Cor,S2B_MSIL2A_20251028T113319_N0511_R080_T28QCG_20251028T134111.SAFE,C:\Users\Simon\Nextcloud\Project\Mauritania\Science\Arguin - FieldWork Data Processing\Data\S2\Sen2Cor\S2B_MSIL2A_20251028T113319_N0511_R080_T28QCG_20251028T134111.zip,294,38,6348,363485.0,2199635.0,0.21230000000000002,0.2456,0.33640000000000003,0.4572,0.5011,0.5023,0.5273,0.5332,0.5299,0.5362,0.6444000000000001,0.6094
2025-10-28,Iwik,Sen2Cor,S2B_MSIL2A_20251028T113319_N0511_R080_T28QCG_20251028T134111.SAFE,C:\Users\Simon\Nextcloud\Project\Mauritania\Science\Arguin - FieldWork Data Processing\Data\S2\Sen2Cor\S2B_MSIL2A_20251028T113319_N0511_R080_T28QCG_20251028T134111.zip,295,38,6349,363495.0,2199635.0,0.21230000000000002,0.24700000000000003,0.33440000000000003,0.4556,0.5011,0.5023,0.5273,0.5312,0.5299,0.5362,0.6444000000000001,0.6094
2025-10-28,Iwik,Sen2Cor,S2B_MSIL2A_20251028T113319_N0511_R080_T28QCG_20251028T134111.SAFE,C:\Users\Simon\Nextcloud\Project\Mauritania\Science\Arguin - FieldWork Data Processing\Data\S2\Sen2Cor\S2B_MSIL2A_20251028T113319_N0511_R080_T28QCG_20251028T134111.zip,296,38,6350,363505.0,2199635.0,0.2099,0.2472,0.33280000000000004,0.45320000000000005,0.499,0.4988,0.5165000000000001,0.528,0.5248,0.5362,0.6407,0.6042000000000001
2025-10-28,Iwik,Sen2Cor,S2B_MSIL2A_20251028T113319_N0511_R080_T28QCG_20251028T134111.SAFE,C:\Users\Simon\Nextcloud\Project\Mauritania\Science\Arguin - FieldWork Data Processing\Data\S2\Sen2Cor\S2B_MSIL2A_20251028T113319_N0511_R080_T28QCG_20251028T134111.zip,297,38,6351,363515.0,2199635.0,0.2099,0.2466,0.336,0.45280000000000004,0.499,0.4988,0.5165000000000001,0.528,0.5248,0.5362,0.6407,0.6042000000000001
2025-10-28,Iwik,Sen2Cor,S2B_MSIL2A_20251028T113319_N0511_R080_T28QCG_20251028T134111.SAFE,C:\Users\Simon\Nextcloud\Project\Mauritania\Science\Arguin - FieldWork Data Processing\Data\S2\Sen2Cor\S2B_MSIL2A_20251028T113319_N0511_R080_T28QCG_20251028T134111.zip,298,38,6352,363525.0,2199635.0,0.2076,0.24480000000000002,0.334,0.45080000000000003,0.49410000000000004,0.49260000000000004,0.5122,0.5236000000000001,0.5183,0.5362,0.6341,0.5999
2025-10-28,Iwik,Sen2Cor,S2B_MSIL2A_20251028T113319_N0511_R080_T28QCG_20251028T134111.SAFE,C:\Users\Simon\Nextcloud\Project\Mauritania\Science\Arguin - FieldWork Data Processing\Data\S2\Sen2Cor\S2B_MSIL2A_20251028T113319_N0511_R080_T28QCG_20251028T134111.zip,299,38,6353,363535.0,2199635.0,0.2076,0.2436,0.32880000000000004,0.4504,0.49410000000000004,0.49260000000000004,0.5122,0.5216000000000001,0.5183,0.5362,0.6341,0.5999
2025-10-28,Iwik,Sen2Cor,S2B_MSIL2A_20251028T113319_N0511_R080_T28QCG_20251028T134111.SAFE,C:\Users\Simon\Nextcloud\Project\Mauritania\Science\Arguin - FieldWork Data Processing\Data\S2\Sen2Cor\S2B_MSIL2A_20251028T113319_N0511_R080_T28QCG_20251028T134111.zip,300,38,6354,363545.0,2199635.0,0.2068,0.2442,0.3304,0.45080000000000003,0.4937,0.49770000000000003,0.5129,0.5252,0.5255000000000001,0.5319,0.635,0.5961000000000001
2025-10-28,Iwik,Sen2Cor,S2B_MSIL2A_20251028T113319_N0511_R080_T28QCG_20251028T134111.SAFE,C:\Users\Simon\Nextcloud\Project\Mauritania\Science\Arguin - FieldWork Data Processing\Data\S2\Sen2Cor\S2B_MSIL2A_20251028T113319_N0511_R080_T28QCG_20251028T134111.zip,301,38,6355,363555.0,2199635.0,0.2068,0.24680000000000002,0.33640000000000003,0.454,0.4937,0.49770000000000003,0.5129,0.5288,0.5255000000000001,0.5319,0.635,0.5961000000000001
2025-10-28,Iwik,Sen2Cor,S2B_MSIL2A_20251028T113319_N0511_R080_T28QCG_20251028T134111.SAFE,C:\Users\Simon\Nextcloud\Project\Mauritania\Science\Arguin - FieldWork Data Processing\Data\S2\Sen2Cor\S2B_MSIL2A_20251028T113319_N0511_R080_T28QCG_20251028T134111.zip,302,38,6356,363565.0,2199635.0,0.2059,0.2504,0.3352,0.4576,0.4963,0.4979,0.5156000000000001,0.5296000000000001,0.5226000000000001,0.5319,0.6372,0.5946
2025-10-28,Iwik,Sen2Cor,S2B_MSIL2A_20251028T113319_N0511_R080_T28QCG_20251028T134111.SAFE,C:\Users\Simon\Nextcloud\Project\Mauritania\Science\Arguin - FieldWork Data Processing\Data\S2\Sen2Cor\S2B_MSIL2A_20251028T113319_N0511_R080_T28QCG_20251028T134111.zip,303,38,6357,363575.0,2199635.0,0.2059,0.24700000000000003,0.3332,0.4556,0.4963,0.4979,0.5156000000000001,0.5304,0.5226000000000001,0.5319,0.6372,0.5946
2025-10-28,Iwik,Sen2Cor,S2B_MSIL2A_20251028T113319_N0511_R080_T28QCG_20251028T134111.SAFE,C:\Users\Simon\Nextcloud\Project\Mauritania\Science\Arguin - FieldWork Data Processing\Data\S2\Sen2Cor\S2B_MSIL2A_20251028T113319_N0511_R080_T28QCG_20251028T134111.zip,304,38,6358,363585.0,2199635.0,0.2063,0.24680000000000002,0.332,0.4504,0.4953,0.5015000000000001,0.5183,0.5268,0.5262,0.5319,0.6404000000000001,0.5958
2025-10-28,Iwik,Sen2Cor,S2B_MSIL2A_20251028T113319_N0511_R080_T28QCG_20251028T134111.SAFE,C:\Users\Simon\Nextcloud\Project\Mauritania\Science\Arguin - FieldWork Data Processing\Data\S2\Sen2Cor\S2B_MSIL2A_20251028T113319_N0511_R080_T28QCG_20251028T134111.zip,305,39,6338,363385.0,2199625.0,0.229,0.271,0.3624,0.48160000000000003,0.5277000000000001,0.5343,0.5513,0.5584,0.5595,0.5661,0.6626000000000001,0.6298
2025-10-28,Iwik,Sen2Cor,S2B_MSIL2A_20251028T113319_N0511_R080_T28QCG_20251028T134111.SAFE,C:\Users\Simon\Nextcloud\Project\Mauritania\Science\Arguin - FieldWork Data Processing\Data\S2\Sen2Cor\S2B_MSIL2A_20251028T113319_N0511_R080_T28QCG_20251028T134111.zip,306,39,6339,363395.0,2199625.0,0.229,0.2736,0.3604,0.4852,0.5277000000000001,0.5343,0.5513,0.5636,0.5595,0.5661,0.6626000000000001,0.6298
2025-10-28,Iwik,Sen2Cor,S2B_MSIL2A_20251028T113319_N0511_R080_T28QCG_20251028T134111.SAFE,C:\Users\Simon\Nextcloud\Project\Mauritania\Science\Arguin - FieldWork Data Processing\Data\S2\Sen2Cor\S2B_MSIL2A_20251028T113319_N0511_R080_T28QCG_20251028T134111.zip,307,39,6340,363405.0,2199625.0,0.2257,0.2736,0.36200000000000004,0.4864,0.5354,0.5362,0.5537000000000001,0.5680000000000001,0.5639000000000001,0.5661,0.6613,0.63
2025-10-28,Iwik,Sen2Cor,S2B_MSIL2A_20251028T113319_N0511_R080_T28QCG_20251028T134111.SAFE,C:\Users\Simon\Nextcloud\Project\Mauritania\Science\Arguin - FieldWork Data Processing\Data\S2\Sen2Cor\S2B_MSIL2A_20251028T113319_N0511_R080_T28QCG_20251028T134111.zip,308,39,6341,363415.0,2199625.0,0.2257,0.2758,0.36760000000000004,0.4864,0.5354,0.5362,0.5537000000000001,0.5664,0.5639000000000001,0.5661,0.6613,0.63
2025-10-28,Iwik,Sen2Cor,S2B_MSIL2A_20251028T113319_N0511_R080_T28QCG_20251028T134111.SAFE,C:\Users\Simon\Nextcloud\Project\Mauritania\Science\Arguin - FieldWork Data Processing\Data\S2\Sen2Cor\S2B_MSIL2A_20251028T113319_N0511_R080_T28QCG_20251028T134111.zip,309,39,6342,363425.0,2199625.0,0.2217,0.2706,0.3628,0.4852,0.528,0.53,0.5481,0.5648000000000001,0.5558000000000001,0.5501,0.6567000000000001,0.6218
2025-10-28,Iwik,Sen2Cor,S2B_MSIL2A_20251028T113319_N0511_R080_T28QCG_20251028T134111.SAFE,C:\Users\Simon\Nextcloud\Project\Mauritania\Science\Arguin - FieldWork Data Processing\Data\S2\Sen2Cor\S2B_MSIL2A_20251028T113319_N0511_R080_T28QCG_20251028T134111.zip,310,39,6343,363435.0,2199625.0,0.2217,0.2662,0.3572,0.48040000000000005,0.528,0.53,0.5481,0.558,0.5558000000000001,0.5501,0.6567000000000001,0.6218
2025-10-28,Iwik,Sen2Cor,S2B_MSIL2A_20251028T113319_N0511_R080_T28QCG_20251028T134111.SAFE,C:\Users\Simon\Nextcloud\Project\Mauritania\Science\Arguin - FieldWork Data Processing\Data\S2\Sen2Cor\S2B_MSIL2A_20251028T113319_N0511_R080_T28QCG_20251028T134111.zip,311,39,6344,363445.0,2199625.0,0.21710000000000002,0.2626,0.35400000000000004,0.47200000000000003,0.516,0.5203,0.5402,0.5536,0.5422,0.5501,0.6513,0.6144000000000001
2025-10-28,Iwik,Sen2Cor,S2B_MSIL2A_20251028T113319_N0511_R080_T28QCG_20251028T134111.SAFE,C:\Users\Simon\Nextcloud\Project\Mauritania\Science\Arguin - FieldWork Data Processing\Data\S2\Sen2Cor\S2B_MSIL2A_20251028T113319_N0511_R080_T28QCG_20251028T134111.zip,312,39,6345,363455.0,2199625.0,0.21710000000000002,0.2614,0.3532,0.4772,0.516,0.5203,0.5402,0.5484,0.5422,0.5501,0.6513,0.6144000000000001
2025-10-28,Iwik,Sen2Cor,S2B_MSIL2A_20251028T113319_N0511_R080_T28QCG_20251028T134111.SAFE,C:\Users\Simon\Nextcloud\Project\Mauritania\Science\Arguin - FieldWork Data Processing\Data\S2\Sen2Cor\S2B_MSIL2A_20251028T113319_N0511_R080_T28QCG_20251028T134111.zip,313,39,6346,363465.0,2199625.0,0.21480000000000002,0.2574,0.3488,0.468,0.5113,0.5135000000000001,0.5311,0.5472,0.5442,0.5501,0.6475000000000001,0.6134000000000001
2025-10-28,Iwik,Sen2Cor,S2B_MSIL2A_20251028T113319_N0511_R080_T28QCG_20251028T134111.SAFE,C:\Users\Simon\Nextcloud\Project\Mauritania\Science\Arguin - FieldWork Data Processing\Data\S2\Sen2Cor\S2B_MSIL2A_20251028T113319_N0511_R080_T28QCG_20251028T134111.zip,314,39,6347,363475.0,2199625.0,0.21480000000000002,0.2566,0.34640000000000004,0.4632,0.5113,0.5135000000000001,0.5311,0.54,0.5442,0.5501,0.6475000000000001,0.6134000000000001
2025-10-28,Iwik,Sen2Cor,S2B_MSIL2A_20251028T113319_N0511_R080_T28QCG_20251028T134111.SAFE,C:\Users\Simon\Nextcloud\Project\Mauritania\Science\Arguin - FieldWork Data Processing\Data\S2\Sen2Cor\S2B_MSIL2A_20251028T113319_N0511_R080_T28QCG_20251028T134111.zip,315,39,6348,363485.0,2199625.0,0.21230000000000002,0.2518,0.3452,0.4632,0.5011,0.5023,0.5273,0.5348,0.5299,0.5362,0.6444000000000001,0.6094
2025-10-28,Iwik,Sen2Cor,S2B_MSIL2A_20251028T113319_N0511_R080_T28QCG_20251028T134111.SAFE,C:\Users\Simon\Nextcloud\Project\Mauritania\Science\Arguin - FieldWork Data Processing\Data\S2\Sen2Cor\S2B_MSIL2A_20251028T113319_N0511_R080_T28QCG_20251028T134111.zip,316,39,6349,363495.0,2199625.0,0.21230000000000002,0.251,0.3432,0.4652,0.5011,0.5023,0.5273,0.5372,0.5299,0.5362,0.6444000000000001,0.6094
2025-10-28,Iwik,Sen2Cor,S2B_MSIL2A_20251028T113319_N0511_R080_T28QCG_20251028T134111.SAFE,C:\Users\Simon\Nextcloud\Project\Mauritania\Science\Arguin - FieldWork Data Processing\Data\S2\Sen2Cor\S2B_MSIL2A_20251028T113319_N0511_R080_T28QCG_20251028T134111.zip,317,39,6350,363505.0,2199625.0,0.2099,0.24980000000000002,0.338,0.45480000000000004,0.499,0.4988,0.5165000000000001,0.534,0.5248,0.5362,0.6407,0.6042000000000001
2025-10-28,Iwik,Sen2Cor,S2B_MSIL2A_20251028T113319_N0511_R080_T28QCG_20251028T134111.SAFE,C:\Users\Simon\Nextcloud\Project\Mauritania\Science\Arguin - FieldWork Data Processing\Data\S2\Sen2Cor\S2B_MSIL2A_20251028T113319_N0511_R080_T28QCG_20251028T134111.zip,318,39,6351,363515.0,2199625.0,0.2099,0.2472,0.336,0.4544,0.499,0.4988,0.5165000000000001,0.5268,0.5248,0.5362,0.6407,0.6042000000000001
2025-10-28,Iwik,Sen2Cor,S2B_MSIL2A_20251028T113319_N0511_R080_T28QCG_20251028T134111.SAFE,C:\Users\Simon\Nextcloud\Project\Mauritania\Science\Arguin - FieldWork Data Processing\Data\S2\Sen2Cor\S2B_MSIL2A_20251028T113319_N0511_R080_T28QCG_20251028T134111.zip,319,39,6352,363525.0,2199625.0,0.2076,0.24700000000000003,0.3332,0.44920000000000004,0.49410000000000004,0.49260000000000004,0.5122,0.5236000000000001,0.5183,0.5362,0.6341,0.5999
2025-10-28,Iwik,Sen2Cor,S2B_MSIL2A_20251028T113319_N0511_R080_T28QCG_20251028T134111.SAFE,C:\Users\Simon\Nextcloud\Project\Mauritania\Science\Arguin - FieldWork Data Processing\Data\S2\Sen2Cor\S2B_MSIL2A_20251028T113319_N0511_R080_T28QCG_20251028T134111.zip,320,39,6353,363535.0,2199625.0,0.2076,0.2436,0.3296,0.44720000000000004,0.49410000000000004,0.49260000000000004,0.5122,0.5224,0.5183,0.5362,0.6341,0.5999
2025-10-28,Iwik,Sen2Cor,S2B_MSIL2A_20251028T113319_N0511_R080_T28QCG_20251028T134111.SAFE,C:\Users\Simon\Nextcloud\Project\Mauritania\Science\Arguin - FieldWork Data Processing\Data\S2\Sen2Cor\S2B_MSIL2A_20251028T113319_N0511_R080_T28QCG_20251028T134111.zip,321,39,6354,363545.0,2199625.0,0.2068,0.24100000000000002,0.33080000000000004,0.4516,0.4937,0.49770000000000003,0.5129,0.5208,0.5255000000000001,0.5319,0.635,0.5961000000000001
2025-10-28,Iwik,Sen2Cor,S2B_MSIL2A_20251028T113319_N0511_R080_T28QCG_20251028T134111.SAFE,C:\Users\Simon\Nextcloud\Project\Mauritania\Science\Arguin - FieldWork Data Processing\Data\S2\Sen2Cor\S2B_MSIL2A_20251028T113319_N0511_R080_T28QCG_20251028T134111.zip,322,39,6355,363555.0,2199625.0,0.2068,0.2454,0.3356,0.45120000000000005,0.4937,0.49770000000000003,0.5129,0.5236000000000001,0.5255000000000001,0.5319,0.635,0.5961000000000001
2025-10-28,Iwik,Sen2Cor,S2B_MSIL2A_20251028T113319_N0511_R080_T28QCG_20251028T134111.SAFE,C:\Users\Simon\Nextcloud\Project\Mauritania\Science\Arguin - FieldWork Data Processing\Data\S2\Sen2Cor\S2B_MSIL2A_20251028T113319_N0511_R080_T28QCG_20251028T134111.zip,323,39,6356,363565.0,2199625.0,0.2059,0.24880000000000002,0.3332,0.45280000000000004,0.4963,0.4979,0.5156000000000001,0.5216000000000001,0.5226000000000001,0.5319,0.6372,0.5946
2025-10-28,Iwik,Sen2Cor,S2B_MSIL2A_20251028T113319_N0511_R080_T28QCG_20251028T134111.SAFE,C:\Users\Simon\Nextcloud\Project\Mauritania\Science\Arguin - FieldWork Data Processing\Data\S2\Sen2Cor\S2B_MSIL2A_20251028T113319_N0511_R080_T28QCG_20251028T134111.zip,324,39,6357,363575.0,2199625.0,0.2059,0.2466,0.33,0.452,0.4963,0.4979,0.5156000000000001,0.5248,0.5226000000000001,0.5319,0.6372,0.5946
2025-10-28,Iwik,Sen2Cor,S2B_MSIL2A_20251028T113319_N0511_R080_T28QCG_20251028T134111.SAFE,C:\Users\Simon\Nextcloud\Project\Mauritania\Science\Arguin - FieldWork Data Processing\Data\S2\Sen2Cor\S2B_MSIL2A_20251028T113319_N0511_R080_T28QCG_20251028T134111.zip,325,39,6358,363585.0,2199625.0,0.2063,0.24280000000000002,0.3296,0.45320000000000005,0.4953,0.5015000000000001,0.5183,0.5284,0.5262,0.5319,0.6404000000000001,0.5958
2025-10-28,Iwik,Sen2Cor,S2B_MSIL2A_20251028T113319_N0511_R080_T28QCG_20251028T134111.SAFE,C:\Users\Simon\Nextcloud\Project\Mauritania\Science\Arguin - FieldWork Data Processing\Data\S2\Sen2Cor\S2B_MSIL2A_20251028T113319_N0511_R080_T28QCG_20251028T134111.zip,326,40,6337,363375.0,2199615.0,0.23020000000000002,0.2732,0.3664,0.4872,0.5304,0.5327000000000001,0.5532,0.5672,0.5628000000000001,0.5661,0.6631,0.6335000000000001
2025-10-28,Iwik,Sen2Cor,S2B_MSIL2A_20251028T113319_N0511_R080_T28QCG_20251028T134111.SAFE,C:\Users\Simon\Nextcloud\Project\Mauritania\Science\Arguin - FieldWork Data Processing\Data\S2\Sen2Cor\S2B_MSIL2A_20251028T113319_N0511_R080_T28QCG_20251028T134111.zip,327,40,6338,363385.0,2199615.0,0.227,0.26980000000000004,0.3608,0.48400000000000004,0.5245000000000001,0.5263,0.5495,0.5576,0.5535,0.5661,0.6571,0.6257
2025-10-28,Iwik,Sen2Cor,S2B_MSIL2A_20251028T113319_N0511_R080_T28QCG_20251028T134111.SAFE,C:\Users\Simon\Nextcloud\Project\Mauritania\Science\Arguin - FieldWork Data Processing\Data\S2\Sen2Cor\S2B_MSIL2A_20251028T113319_N0511_R080_T28QCG_20251028T134111.zip,328,40,6339,363395.0,2199615.0,0.227,0.2706,0.3608,0.4812,0.5245000000000001,0.5263,0.5495,0.5612,0.5535,0.5661,0.6571,0.6257
2025-10-28,Iwik,Sen2Cor,S2B_MSIL2A_20251028T113319_N0511_R080_T28QCG_20251028T134111.SAFE,C:\Users\Simon\Nextcloud\Project\Mauritania\Science\Arguin - FieldWork Data Processing\Data\S2\Sen2Cor\S2B_MSIL2A_20251028T113319_N0511_R080_T28QCG_20251028T134111.zip,329,40,6340,363405.0,2199615.0,0.224,0.2702,0.3592,0.4844,0.5256000000000001,0.5269,0.5458000000000001,0.5636,0.5506,0.5661,0.6547000000000001,0.6214000000000001
2025-10-28,Iwik,Sen2Cor,S2B_MSIL2A_20251028T113319_N0511_R080_T28QCG_20251028T134111.SAFE,C:\Users\Simon\Nextcloud\Project\Mauritania\Science\Arguin - FieldWork Data Processing\Data\S2\Sen2Cor\S2B_MSIL2A_20251028T113319_N0511_R080_T28QCG_20251028T134111.zip,330,40,6341,363415.0,2199615.0,0.224,0.27080000000000004,0.3604,0.4852,0.5256000000000001,0.5269,0.5458000000000001,0.562,0.5506,0.5661,0.6547000000000001,0.6214000000000001
2025-10-28,Iwik,Sen2Cor,S2B_MSIL2A_20251028T113319_N0511_R080_T28QCG_20251028T134111.SAFE,C:\Users\Simon\Nextcloud\Project\Mauritania\Science\Arguin - FieldWork Data Processing\Data\S2\Sen2Cor\S2B_MSIL2A_20251028T113319_N0511_R080_T28QCG_20251028T134111.zip,331,40,6342,363425.0,2199615.0,0.22030000000000002,0.271,0.3604,0.4844,0.5227,0.5271,0.5469,0.5596,0.5528000000000001,0.5501,0.6531,0.6191
2025-10-28,Iwik,Sen2Cor,S2B_MSIL2A_20251028T113319_N0511_R080_T28QCG_20251028T134111.SAFE,C:\Users\Simon\Nextcloud\Project\Mauritania\Science\Arguin - FieldWork Data Processing\Data\S2\Sen2Cor\S2B_MSIL2A_20251028T113319_N0511_R080_T28QCG_20251028T134111.zip,332,40,6343,363435.0,2199615.0,0.22030000000000002,0.2634,0.3544,0.4792,0.5227,0.5271,0.5469,0.5548000000000001,0.5528000000000001,0.5501,0.6531,0.6191
2025-10-28,Iwik,Sen2Cor,S2B_MSIL2A_20251028T113319_N0511_R080_T28QCG_20251028T134111.SAFE,C:\Users\Simon\Nextcloud\Project\Mauritania\Science\Arguin - FieldWork Data Processing\Data\S2\Sen2Cor\S2B_MSIL2A_20251028T113319_N0511_R080_T28QCG_20251028T134111.zip,333,40,6344,363445.0,2199615.0,0.21610000000000001,0.257,0.3468,0.47040000000000004,0.5103,0.5145000000000001,0.5336000000000001,0.5492,0.541,0.5501,0.6451,0.6103000000000001
2025-10-28,Iwik,Sen2Cor,S2B_MSIL2A_20251028T113319_N0511_R080_T28QCG_20251028T134111.SAFE,C:\Users\Simon\Nextcloud\Project\Mauritania\Science\Arguin - FieldWork Data Processing\Data\S2\Sen2Cor\S2B_MSIL2A_20251028T113319_N0511_R080_T28QCG_20251028T134111.zip,334,40,6345,363455.0,2199615.0,0.21610000000000001,0.257,0.34800000000000003,0.4696,0.5103,0.5145000000000001,0.5336000000000001,0.5464,0.541,0.5501,0.6451,0.6103000000000001
2025-10-28,Iwik,Sen2Cor,S2B_MSIL2A_20251028T113319_N0511_R080_T28QCG_20251028T134111.SAFE,C:\Users\Simon\Nextcloud\Project\Mauritania\Science\Arguin - FieldWork Data Processing\Data\S2\Sen2Cor\S2B_MSIL2A_20251028T113319_N0511_R080_T28QCG_20251028T134111.zip,335,40,6346,363465.0,2199615.0,0.21430000000000002,0.257,0.3472,0.47200000000000003,0.513,0.5171,0.5341,0.55,0.5407000000000001,0.5501,0.6481,0.6123000000000001
2025-10-28,Iwik,Sen2Cor,S2B_MSIL2A_20251028T113319_N0511_R080_T28QCG_20251028T134111.SAFE,C:\Users\Simon\Nextcloud\Project\Mauritania\Science\Arguin - FieldWork Data Processing\Data\S2\Sen2Cor\S2B_MSIL2A_20251028T113319_N0511_R080_T28QCG_20251028T134111.zip,336,40,6347,363475.0,2199615.0,0.21430000000000002,0.2596,0.3476,0.47040000000000004,0.513,0.5171,0.5341,0.5464,0.5407000000000001,0.5501,0.6481,0.6123000000000001
2025-10-28,Iwik,Sen2Cor,S2B_MSIL2A_20251028T113319_N0511_R080_T28QCG_20251028T134111.SAFE,C:\Users\Simon\Nextcloud\Project\Mauritania\Science\Arguin - FieldWork Data Processing\Data\S2\Sen2Cor\S2B_MSIL2A_20251028T113319_N0511_R080_T28QCG_20251028T134111.zip,337,40,6348,363485.0,2199615.0,0.21230000000000002,0.25880000000000003,0.3472,0.4676,0.5077,0.5142,0.5313,0.5444,0.539,0.5362,0.6479,0.6088
2025-10-28,Iwik,Sen2Cor,S2B_MSIL2A_20251028T113319_N0511_R080_T28QCG_20251028T134111.SAFE,C:\Users\Simon\Nextcloud\Project\Mauritania\Science\Arguin - FieldWork Data Processing\Data\S2\Sen2Cor\S2B_MSIL2A_20251028T113319_N0511_R080_T28QCG_20251028T134111.zip,338,40,6349,363495.0,2199615.0,0.21230000000000002,0.2534,0.3456,0.4672,0.5077,0.5142,0.5313,0.5396000000000001,0.539,0.5362,0.6479,0.6088
2025-10-28,Iwik,Sen2Cor,S2B_MSIL2A_20251028T113319_N0511_R080_T28QCG_20251028T134111.SAFE,C:\Users\Simon\Nextcloud\Project\Mauritania\Science\Arguin - FieldWork Data Processing\Data\S2\Sen2Cor\S2B_MSIL2A_20251028T113319_N0511_R080_T28QCG_20251028T134111.zip,339,40,6350,363505.0,2199615.0,0.2104,0.251,0.3388,0.46040000000000003,0.5008,0.5038,0.5198,0.5352,0.5285000000000001,0.5362,0.6399,0.6011000000000001
2025-10-28,Iwik,Sen2Cor,S2B_MSIL2A_20251028T113319_N0511_R080_T28QCG_20251028T134111.SAFE,C:\Users\Simon\Nextcloud\Project\Mauritania\Science\Arguin - FieldWork Data Processing\Data\S2\Sen2Cor\S2B_MSIL2A_20251028T113319_N0511_R080_T28QCG_20251028T134111.zip,340,40,6351,363515.0,2199615.0,0.2104,0.2454,0.33840000000000003,0.452,0.5008,0.5038,0.5198,0.5284,0.5285000000000001,0.5362,0.6399,0.6011000000000001
2025-10-28,Iwik,Sen2Cor,S2B_MSIL2A_20251028T113319_N0511_R080_T28QCG_20251028T134111.SAFE,C:\Users\Simon\Nextcloud\Project\Mauritania\Science\Arguin - FieldWork Data Processing\Data\S2\Sen2Cor\S2B_MSIL2A_20251028T113319_N0511_R080_T28QCG_20251028T134111.zip,341,40,6352,363525.0,2199615.0,0.2086,0.249,0.33640000000000003,0.4544,0.497,0.5027,0.5179,0.5296000000000001,0.524,0.5362,0.635,0.5977
2025-10-28,Iwik,Sen2Cor,S2B_MSIL2A_20251028T113319_N0511_R080_T28QCG_20251028T134111.SAFE,C:\Users\Simon\Nextcloud\Project\Mauritania\Science\Arguin - FieldWork Data Processing\Data\S2\Sen2Cor\S2B_MSIL2A_20251028T113319_N0511_R080_T28QCG_20251028T134111.zip,342,40,6353,363535.0,2199615.0,0.2086,0.249,0.33240000000000003,0.45280000000000004,0.497,0.5027,0.5179,0.5248,0.524,0.5362,0.635,0.5977
2025-10-28,Iwik,Sen2Cor,S2B_MSIL2A_20251028T113319_N0511_R080_T28QCG_20251028T134111.SAFE,C:\Users\Simon\Nextcloud\Project\Mauritania\Science\Arguin - FieldWork Data Processing\Data\S2\Sen2Cor\S2B_MSIL2A_20251028T113319_N0511_R080_T28QCG_20251028T134111.zip,343,40,6354,363545.0,2199615.0,0.2073,0.2426,0.33,0.45,0.49520000000000003,0.4963,0.5123,0.5184,0.5214,0.5319,0.6315000000000001,0.5933
2025-10-28,Iwik,Sen2Cor,S2B_MSIL2A_20251028T113319_N0511_R080_T28QCG_20251028T134111.SAFE,C:\Users\Simon\Nextcloud\Project\Mauritania\Science\Arguin - FieldWork Data Processing\Data\S2\Sen2Cor\S2B_MSIL2A_20251028T113319_N0511_R080_T28QCG_20251028T134111.zip,344,40,6355,363555.0,2199615.0,0.2073,0.2442,0.33480000000000004,0.4504,0.49520000000000003,0.4963,0.5123,0.52,0.5214,0.5319,0.6315000000000001,0.5933
2025-10-28,Iwik,Sen2Cor,S2B_MSIL2A_20251028T113319_N0511_R080_T28QCG_20251028T134111.SAFE,C:\Users\Simon\Nextcloud\Project\Mauritania\Science\Arguin - FieldWork Data Processing\Data\S2\Sen2Cor\S2B_MSIL2A_20251028T113319_N0511_R080_T28QCG_20251028T134111.zip,345,40,6356,363565.0,2199615.0,0.20670000000000002,0.249,0.32880000000000004,0.45120000000000005,0.49920000000000003,0.501,0.5179,0.522,0.5283,0.5319,0.6353,0.5919
2025-10-28,Iwik,Sen2Cor,S2B_MSIL2A_20251028T113319_N0511_R080_T28QCG_20251028T134111.SAFE,C:\Users\Simon\Nextcloud\Project\Mauritania\Science\Arguin - FieldWork Data Processing\Data\S2\Sen2Cor\S2B_MSIL2A_20251028T113319_N0511_R080_T28QCG_20251028T134111.zip,346,40,6357,363575.0,2199615.0,0.20670000000000002,0.24700000000000003,0.3312,0.452,0.49920000000000003,0.501,0.5179,0.524,0.5283,0.5319,0.6353,0.5919
2025-10-28,Iwik,Sen2Cor,S2B_MSIL2A_20251028T113319_N0511_R080_T28QCG_20251028T134111.SAFE,C:\Users\Simon\Nextcloud\Project\Mauritania\Science\Arguin - FieldWork Data Processing\Data\S2\Sen2Cor\S2B_MSIL2A_20251028T113319_N0511_R080_T28QCG_20251028T134111.zip,347,40,6358,363585.0,2199615.0,0.20770000000000002,0.24480000000000002,0.3376,0.45520000000000005,0.5048,0.5048,0.5248,0.5308,0.5284,0.5319,0.6407,0.5952000000000001
2025-10-28,Iwik,Sen2Cor,S2B_MSIL2A_20251028T113319_N0511_R080_T28QCG_20251028T134111.SAFE,C:\Users\Simon\Nextcloud\Project\Mauritania\Science\Arguin - FieldWork Data Processing\Data\S2\Sen2Cor\S2B_MSIL2A_20251028T113319_N0511_R080_T28QCG_20251028T134111.zip,348,41,6337,363375.0,2199605.0,0.23020000000000002,0.2706,0.3628,0.48400000000000004,0.5304,0.5327000000000001,0.5532,0.5636,0.5628000000000001,0.5661,0.6631,0.6335000000000001
2025-10-28,Iwik,Sen2Cor,S2B_MSIL2A_20251028T113319_N0511_R080_T28QCG_20251028T134111.SAFE,C:\Users\Simon\Nextcloud\Project\Mauritania\Science\Arguin - FieldWork Data Processing\Data\S2\Sen2Cor\S2B_MSIL2A_20251028T113319_N0511_R080_T28QCG_20251028T134111.zip,349,41,6338,363385.0,2199605.0,0.227,0.2736,0.3648,0.4872,0.5245000000000001,0.5263,0.5495,0.5664,0.5535,0.5661,0.6571,0.6257
2025-10-28,Iwik,Sen2Cor,S2B_MSIL2A_20251028T113319_N0511_R080_T28QCG_20251028T134111.SAFE,C:\Users\Simon\Nextcloud\Project\Mauritania\Science\Arguin - FieldWork Data Processing\Data\S2\Sen2Cor\S2B_MSIL2A_20251028T113319_N0511_R080_T28QCG_20251028T134111.zip,350,41,6339,363395.0,2199605.0,0.227,0.26880000000000004,0.35960000000000003,0.4776,0.5245000000000001,0.5263,0.5495,0.5592,0.5535,0.5661,0.6571,0.6257
2025-10-28,Iwik,Sen2Cor,S2B_MSIL2A_20251028T113319_N0511_R080_T28QCG_20251028T134111.SAFE,C:\Users\Simon\Nextcloud\Project\Mauritania\Science\Arguin - FieldWork Data Processing\Data\S2\Sen2Cor\S2B_MSIL2A_20251028T113319_N0511_R080_T28QCG_20251028T134111.zip,351,41,6340,363405.0,2199605.0,0.224,0.26480000000000004,0.3544,0.47400000000000003,0.5256000000000001,0.5269,0.5458000000000001,0.554,0.5506,0.5661,0.6547000000000001,0.6214000000000001
2025-10-28,Iwik,Sen2Cor,S2B_MSIL2A_20251028T113319_N0511_R080_T28QCG_20251028T134111.SAFE,C:\Users\Simon\Nextcloud\Project\Mauritania\Science\Arguin - FieldWork Data Processing\Data\S2\Sen2Cor\S2B_MSIL2A_20251028T113319_N0511_R080_T28QCG_20251028T134111.zip,352,41,6341,363415.0,2199605.0,0.224,0.2614,0.3572,0.4792,0.5256000000000001,0.5269,0.5458000000000001,0.558,0.5506,0.5661,0.6547000000000001,0.6214000000000001
2025-10-28,Iwik,Sen2Cor,S2B_MSIL2A_20251028T113319_N0511_R080_T28QCG_20251028T134111.SAFE,C:\Users\Simon\Nextcloud\Project\Mauritania\Science\Arguin - FieldWork Data Processing\Data\S2\Sen2Cor\S2B_MSIL2A_20251028T113319_N0511_R080_T28QCG_20251028T134111.zip,353,41,6342,363425.0,2199605.0,0.22030000000000002,0.2662,0.3604,0.48160000000000003,0.5227,0.5271,0.5469,0.5576,0.5528000000000001,0.5501,0.6531,0.6191
2025-10-28,Iwik,Sen2Cor,S2B_MSIL2A_20251028T113319_N0511_R080_T28QCG_20251028T134111.SAFE,C:\Users\Simon\Nextcloud\Project\Mauritania\Science\Arguin - FieldWork Data Processing\Data\S2\Sen2Cor\S2B_MSIL2A_20251028T113319_N0511_R080_T28QCG_20251028T134111.zip,354,41,6343,363435.0,2199605.0,0.22030000000000002,0.2684,0.35600000000000004,0.4788,0.5227,0.5271,0.5469,0.5528000000000001,0.5528000000000001,0.5501,0.6531,0.6191
2025-10-28,Iwik,Sen2Cor,S2B_MSIL2A_20251028T113319_N0511_R080_T28QCG_20251028T134111.SAFE,C:\Users\Simon\Nextcloud\Project\Mauritania\Science\Arguin - FieldWork Data Processing\Data\S2\Sen2Cor\S2B_MSIL2A_20251028T113319_N0511_R080_T28QCG_20251028T134111.zip,355,41,6344,363445.0,2199605.0,0.21610000000000001,0.259,0.3504,0.47040000000000004,0.5103,0.5145000000000001,0.5336000000000001,0.5472,0.541,0.5501,0.6451,0.6103000000000001
2025-10-28,Iwik,Sen2Cor,S2B_MSIL2A_20251028T113319_N0511_R080_T28QCG_20251028T134111.SAFE,C:\Users\Simon\Nextcloud\Project\Mauritania\Science\Arguin - FieldWork Data Processing\Data\S2\Sen2Cor\S2B_MSIL2A_20251028T113319_N0511_R080_T28QCG_20251028T134111.zip,356,41,6345,363455.0,2199605.0,0.21610000000000001,0.25320000000000004,0.34440000000000004,0.46440000000000003,0.5103,0.5145000000000001,0.5336000000000001,0.54,0.541,0.5501,0.6451,0.6103000000000001
2025-10-28,Iwik,Sen2Cor,S2B_MSIL2A_20251028T113319_N0511_R080_T28QCG_20251028T134111.SAFE,C:\Users\Simon\Nextcloud\Project\Mauritania\Science\Arguin - FieldWork Data Processing\Data\S2\Sen2Cor\S2B_MSIL2A_20251028T113319_N0511_R080_T28QCG_20251028T134111.zip,357,41,6346,363465.0,2199605.0,0.21430000000000002,0.258,0.34600000000000003,0.46880000000000005,0.513,0.5171,0.5341,0.5444,0.5407000000000001,0.5501,0.6481,0.6123000000000001
2025-10-28,Iwik,Sen2Cor,S2B_MSIL2A_20251028T113319_N0511_R080_T28QCG_20251028T134111.SAFE,C:\Users\Simon\Nextcloud\Project\Mauritania\Science\Arguin - FieldWork Data Processing\Data\S2\Sen2Cor\S2B_MSIL2A_20251028T113319_N0511_R080_T28QCG_20251028T134111.zip,358,41,6347,363475.0,2199605.0,0.21430000000000002,0.25780000000000003,0.34840000000000004,0.47200000000000003,0.513,0.5171,0.5341,0.5504,0.5407000000000001,0.5501,0.6481,0.6123000000000001
2025-10-28,Iwik,Sen2Cor,S2B_MSIL2A_20251028T113319_N0511_R080_T28QCG_20251028T134111.SAFE,C:\Users\Simon\Nextcloud\Project\Mauritania\Science\Arguin - FieldWork Data Processing\Data\S2\Sen2Cor\S2B_MSIL2A_20251028T113319_N0511_R080_T28QCG_20251028T134111.zip,359,41,6348,363485.0,2199605.0,0.21230000000000002,0.26080000000000003,0.3516,0.4748,0.5077,0.5142,0.5313,0.5504,0.539,0.5362,0.6479,0.6088
2025-10-28,Iwik,Sen2Cor,S2B_MSIL2A_20251028T113319_N0511_R080_T28QCG_20251028T134111.SAFE,C:\Users\Simon\Nextcloud\Project\Mauritania\Science\Arguin - FieldWork Data Processing\Data\S2\Sen2Cor\S2B_MSIL2A_20251028T113319_N0511_R080_T28QCG_20251028T134111.zip,360,41,6349,363495.0,2199605.0,0.21230000000000002,0.2574,0.34440000000000004,0.46880000000000005,0.5077,0.5142,0.5313,0.5444,0.539,0.5362,0.6479,0.6088
2025-10-28,Iwik,Sen2Cor,S2B_MSIL2A_20251028T113319_N0511_R080_T28QCG_20251028T134111.SAFE,C:\Users\Simon\Nextcloud\Project\Mauritania\Science\Arguin - FieldWork Data Processing\Data\S2\Sen2Cor\S2B_MSIL2A_20251028T113319_N0511_R080_T28QCG_20251028T134111.zip,361,41,6350,363505.0,2199605.0,0.2104,0.2504,0.33840000000000003,0.4592,0.5008,0.5038,0.5198,0.534,0.5285000000000001,0.5362,0.6399,0.6011000000000001
2025-10-28,Iwik,Sen2Cor,S2B_MSIL2A_20251028T113319_N0511_R080_T28QCG_20251028T134111.SAFE,C:\Users\Simon\Nextcloud\Project\Mauritania\Science\Arguin - FieldWork Data Processing\Data\S2\Sen2Cor\S2B_MSIL2A_20251028T113319_N0511_R080_T28QCG_20251028T134111.zip,362,41,6351,363515.0,2199605.0,0.2104,0.2474,0.336,0.4516,0.5008,0.5038,0.5198,0.528,0.5285000000000001,0.5362,0.6399,0.6011000000000001
2025-10-28,Iwik,Sen2Cor,S2B_MSIL2A_20251028T113319_N0511_R080_T28QCG_20251028T134111.SAFE,C:\Users\Simon\Nextcloud\Project\Mauritania\Science\Arguin - FieldWork Data Processing\Data\S2\Sen2Cor\S2B_MSIL2A_20251028T113319_N0511_R080_T28QCG_20251028T134111.zip,363,41,6352,363525.0,2199605.0,0.2086,0.25320000000000004,0.33640000000000003,0.46,0.497,0.5027,0.5179,0.534,0.524,0.5362,0.635,0.5977
2025-10-28,Iwik,Sen2Cor,S2B_MSIL2A_20251028T113319_N0511_R080_T28QCG_20251028T134111.SAFE,C:\Users\Simon\Nextcloud\Project\Mauritania\Science\Arguin - FieldWork Data Processing\Data\S2\Sen2Cor\S2B_MSIL2A_20251028T113319_N0511_R080_T28QCG_20251028T134111.zip,364,41,6353,363535.0,2199605.0,0.2086,0.249,0.3352,0.45840000000000003,0.497,0.5027,0.5179,0.5288,0.524,0.5362,0.635,0.5977
2025-10-28,Iwik,Sen2Cor,S2B_MSIL2A_20251028T113319_N0511_R080_T28QCG_20251028T134111.SAFE,C:\Users\Simon\Nextcloud\Project\Mauritania\Science\Arguin - FieldWork Data Processing\Data\S2\Sen2Cor\S2B_MSIL2A_20251028T113319_N0511_R080_T28QCG_20251028T134111.zip,365,41,6354,363545.0,2199605.0,0.2073,0.24700000000000003,0.3332,0.45080000000000003,0.49520000000000003,0.4963,0.5123,0.5224,0.5214,0.5319,0.6315000000000001,0.5933
2025-10-28,Iwik,Sen2Cor,S2B_MSIL2A_20251028T113319_N0511_R080_T28QCG_20251028T134111.SAFE,C:\Users\Simon\Nextcloud\Project\Mauritania\Science\Arguin - FieldWork Data Processing\Data\S2\Sen2Cor\S2B_MSIL2A_20251028T113319_N0511_R080_T28QCG_20251028T134111.zip,366,41,6355,363555.0,2199605.0,0.2073,0.24180000000000001,0.33240000000000003,0.4484,0.49520000000000003,0.4963,0.5123,0.5244,0.5214,0.5319,0.6315000000000001,0.5933
2025-10-28,Iwik,Sen2Cor,S2B_MSIL2A_20251028T113319_N0511_R080_T28QCG_20251028T134111.SAFE,C:\Users\Simon\Nextcloud\Project\Mauritania\Science\Arguin - FieldWork Data Processing\Data\S2\Sen2Cor\S2B_MSIL2A_20251028T113319_N0511_R080_T28QCG_20251028T134111.zip,367,41,6356,363565.0,2199605.0,0.20670000000000002,0.24780000000000002,0.3332,0.45120000000000005,0.49920000000000003,0.501,0.5179,0.5288,0.5283,0.5319,0.6353,0.5919
2025-10-28,Iwik,Sen2Cor,S2B_MSIL2A_20251028T113319_N0511_R080_T28QCG_20251028T134111.SAFE,C:\Users\Simon\Nextcloud\Project\Mauritania\Science\Arguin - FieldWork Data Processing\Data\S2\Sen2Cor\S2B_MSIL2A_20251028T113319_N0511_R080_T28QCG_20251028T134111.zip,368,41,6357,363575.0,2199605.0,0.20670000000000002,0.2508,0.33640000000000003,0.45880000000000004,0.49920000000000003,0.501,0.5179,0.5332,0.5283,0.5319,0.6353,0.5919
2025-10-28,Iwik,Sen2Cor,S2B_MSIL2A_20251028T113319_N0511_R080_T28QCG_20251028T134111.SAFE,C:\Users\Simon\Nextcloud\Project\Mauritania\Science\Arguin - FieldWork Data Processing\Data\S2\Sen2Cor\S2B_MSIL2A_20251028T113319_N0511_R080_T28QCG_20251028T134111.zip,369,41,6358,363585.0,2199605.0,0.20770000000000002,0.251,0.3388,0.4632,0.5048,0.5048,0.5248,0.5372,0.5284,0.5319,0.6407,0.5952000000000001
2025-10-28,Iwik,Sen2Cor,S2B_MSIL2A_20251028T113319_N0511_R080_T28QCG_20251028T134111.SAFE,C:\Users\Simon\Nextcloud\Project\Mauritania\Science\Arguin - FieldWork Data Processing\Data\S2\Sen2Cor\S2B_MSIL2A_20251028T113319_N0511_R080_T28QCG_20251028T134111.zip,370,42,6336,363365.0,2199595.0,0.22640000000000002,0.2712,0.3584,0.4832,0.5245000000000001,0.5258,0.5472,0.5624,0.5539000000000001,0.5573,0.6547000000000001,0.6244000000000001
2025-10-28,Iwik,Sen2Cor,S2B_MSIL2A_20251028T113319_N0511_R080_T28QCG_20251028T134111.SAFE,C:\Users\Simon\Nextcloud\Project\Mauritania\Science\Arguin - FieldWork Data Processing\Data\S2\Sen2Cor\S2B_MSIL2A_20251028T113319_N0511_R080_T28QCG_20251028T134111.zip,371,42,6337,363375.0,2199595.0,0.22640000000000002,0.269,0.35960000000000003,0.4844,0.5245000000000001,0.5258,0.5472,0.5612,0.5539000000000001,0.5573,0.6547000000000001,0.6244000000000001
2025-10-28,Iwik,Sen2Cor,S2B_MSIL2A_20251028T113319_N0511_R080_T28QCG_20251028T134111.SAFE,C:\Users\Simon\Nextcloud\Project\Mauritania\Science\Arguin - FieldWork Data Processing\Data\S2\Sen2Cor\S2B_MSIL2A_20251028T113319_N0511_R080_T28QCG_20251028T134111.zip,372,42,6338,363385.0,2199595.0,0.2258,0.27440000000000003,0.3628,0.48160000000000003,0.5227,0.5281,0.5474,0.5660000000000001,0.5547000000000001,0.5573,0.6548,0.6229
2025-10-28,Iwik,Sen2Cor,S2B_MSIL2A_20251028T113319_N0511_R080_T28QCG_20251028T134111.SAFE,C:\Users\Simon\Nextcloud\Project\Mauritania\Science\Arguin - FieldWork Data Processing\Data\S2\Sen2Cor\S2B_MSIL2A_20251028T113319_N0511_R080_T28QCG_20251028T134111.zip,373,42,6339,363395.0,2199595.0,0.2258,0.26880000000000004,0.3588,0.48040000000000005,0.5227,0.5281,0.5474,0.5592,0.5547000000000001,0.5573,0.6548,0.6229
2025-10-28,Iwik,Sen2Cor,S2B_MSIL2A_20251028T113319_N0511_R080_T28QCG_20251028T134111.SAFE,C:\Users\Simon\Nextcloud\Project\Mauritania\Science\Arguin - FieldWork Data Processing\Data\S2\Sen2Cor\S2B_MSIL2A_20251028T113319_N0511_R080_T28QCG_20251028T134111.zip,374,42,6340,363405.0,2199595.0,0.22260000000000002,0.26480000000000004,0.3564,0.4768,0.5209,0.5243,0.5437000000000001,0.5572,0.5493,0.5573,0.6528,0.618
2025-10-28,Iwik,Sen2Cor,S2B_MSIL2A_20251028T113319_N0511_R080_T28QCG_20251028T134111.SAFE,C:\Users\Simon\Nextcloud\Project\Mauritania\Science\Arguin - FieldWork Data Processing\Data\S2\Sen2Cor\S2B_MSIL2A_20251028T113319_N0511_R080_T28QCG_20251028T134111.zip,375,42,6341,363415.0,2199595.0,0.22260000000000002,0.2636,0.3564,0.4792,0.5209,0.5243,0.5437000000000001,0.56,0.5493,0.5573,0.6528,0.618
2025-10-28,Iwik,Sen2Cor,S2B_MSIL2A_20251028T113319_N0511_R080_T28QCG_20251028T134111.SAFE,C:\Users\Simon\Nextcloud\Project\Mauritania\Science\Arguin - FieldWork Data Processing\Data\S2\Sen2Cor\S2B_MSIL2A_20251028T113319_N0511_R080_T28QCG_20251028T134111.zip,376,42,6342,363425.0,2199595.0,0.21930000000000002,0.2656,0.35600000000000004,0.48160000000000003,0.5222,0.5238,0.5432,0.5576,0.5446,0.5482,0.6506000000000001,0.6165
2025-10-28,Iwik,Sen2Cor,S2B_MSIL2A_20251028T113319_N0511_R080_T28QCG_20251028T134111.SAFE,C:\Users\Simon\Nextcloud\Project\Mauritania\Science\Arguin - FieldWork Data Processing\Data\S2\Sen2Cor\S2B_MSIL2A_20251028T113319_N0511_R080_T28QCG_20251028T134111.zip,377,42,6343,363435.0,2199595.0,0.21930000000000002,0.2662,0.3544,0.4824,0.5222,0.5238,0.5432,0.5528000000000001,0.5446,0.5482,0.6506000000000001,0.6165
2025-10-28,Iwik,Sen2Cor,S2B_MSIL2A_20251028T113319_N0511_R080_T28QCG_20251028T134111.SAFE,C:\Users\Simon\Nextcloud\Project\Mauritania\Science\Arguin - FieldWork Data Processing\Data\S2\Sen2Cor\S2B_MSIL2A_20251028T113319_N0511_R080_T28QCG_20251028T134111.zip,378,42,6344,363445.0,2199595.0,0.2157,0.2614,0.3488,0.4712,0.51,0.5125000000000001,0.5304,0.544,0.5341,0.5482,0.6436000000000001,0.6055
2025-10-28,Iwik,Sen2Cor,S2B_MSIL2A_20251028T113319_N0511_R080_T28QCG_20251028T134111.SAFE,C:\Users\Simon\Nextcloud\Project\Mauritania\Science\Arguin - FieldWork Data Processing\Data\S2\Sen2Cor\S2B_MSIL2A_20251028T113319_N0511_R080_T28QCG_20251028T134111.zip,379,42,6345,363455.0,2199595.0,0.2157,0.25520000000000004,0.34240000000000004,0.4672,0.51,0.5125000000000001,0.5304,0.5404,0.5341,0.5482,0.6436000000000001,0.6055
2025-10-28,Iwik,Sen2Cor,S2B_MSIL2A_20251028T113319_N0511_R080_T28QCG_20251028T134111.SAFE,C:\Users\Simon\Nextcloud\Project\Mauritania\Science\Arguin - FieldWork Data Processing\Data\S2\Sen2Cor\S2B_MSIL2A_20251028T113319_N0511_R080_T28QCG_20251028T134111.zip,380,42,6346,363465.0,2199595.0,0.21350000000000002,0.2558,0.342,0.46280000000000004,0.507,0.5117,0.5299,0.5396000000000001,0.5354,0.5482,0.6443,0.6048
2025-10-28,Iwik,Sen2Cor,S2B_MSIL2A_20251028T113319_N0511_R080_T28QCG_20251028T134111.SAFE,C:\Users\Simon\Nextcloud\Project\Mauritania\Science\Arguin - FieldWork Data Processing\Data\S2\Sen2Cor\S2B_MSIL2A_20251028T113319_N0511_R080_T28QCG_20251028T134111.zip,381,42,6347,363475.0,2199595.0,0.21350000000000002,0.2602,0.3488,0.4708,0.507,0.5117,0.5299,0.5456,0.5354,0.5482,0.6443,0.6048
2025-10-28,Iwik,Sen2Cor,S2B_MSIL2A_20251028T113319_N0511_R080_T28QCG_20251028T134111.SAFE,C:\Users\Simon\Nextcloud\Project\Mauritania\Science\Arguin - FieldWork Data Processing\Data\S2\Sen2Cor\S2B_MSIL2A_20251028T113319_N0511_R080_T28QCG_20251028T134111.zip,382,42,6348,363485.0,2199595.0,0.21330000000000002,0.25980000000000003,0.3492,0.47600000000000003,0.5157,0.5182,0.5358,0.5492,0.5428000000000001,0.5426,0.6489,0.6109
2025-10-28,Iwik,Sen2Cor,S2B_MSIL2A_20251028T113319_N0511_R080_T28QCG_20251028T134111.SAFE,C:\Users\Simon\Nextcloud\Project\Mauritania\Science\Arguin - FieldWork Data Processing\Data\S2\Sen2Cor\S2B_MSIL2A_20251028T113319_N0511_R080_T28QCG_20251028T134111.zip,383,42,6349,363495.0,2199595.0,0.21330000000000002,0.2574,0.34640000000000004,0.4708,0.5157,0.5182,0.5358,0.5448000000000001,0.5428000000000001,0.5426,0.6489,0.6109
2025-10-28,Iwik,Sen2Cor,S2B_MSIL2A_20251028T113319_N0511_R080_T28QCG_20251028T134111.SAFE,C:\Users\Simon\Nextcloud\Project\Mauritania\Science\Arguin - FieldWork Data Processing\Data\S2\Sen2Cor\S2B_MSIL2A_20251028T113319_N0511_R080_T28QCG_20251028T134111.zip,384,42,6350,363505.0,2199595.0,0.2121,0.25,0.3396,0.4632,0.5091,0.5085000000000001,0.5259,0.536,0.538,0.5426,0.6415000000000001,0.6046
2025-10-28,Iwik,Sen2Cor,S2B_MSIL2A_20251028T113319_N0511_R080_T28QCG_20251028T134111.SAFE,C:\Users\Simon\Nextcloud\Project\Mauritania\Science\Arguin - FieldWork Data Processing\Data\S2\Sen2Cor\S2B_MSIL2A_20251028T113319_N0511_R080_T28QCG_20251028T134111.zip,385,42,6351,363515.0,2199595.0,0.2121,0.2482,0.33640000000000003,0.45480000000000004,0.5091,0.5085000000000001,0.5259,0.5308,0.538,0.5426,0.6415000000000001,0.6046
2025-10-28,Iwik,Sen2Cor,S2B_MSIL2A_20251028T113319_N0511_R080_T28QCG_20251028T134111.SAFE,C:\Users\Simon\Nextcloud\Project\Mauritania\Science\Arguin - FieldWork Data Processing\Data\S2\Sen2Cor\S2B_MSIL2A_20251028T113319_N0511_R080_T28QCG_20251028T134111.zip,386,42,6352,363525.0,2199595.0,0.21100000000000002,0.252,0.3396,0.46040000000000003,0.5019,0.5057,0.5228,0.5368,0.531,0.5426,0.6367,0.5957
2025-10-28,Iwik,Sen2Cor,S2B_MSIL2A_20251028T113319_N0511_R080_T28QCG_20251028T134111.SAFE,C:\Users\Simon\Nextcloud\Project\Mauritania\Science\Arguin - FieldWork Data Processing\Data\S2\Sen2Cor\S2B_MSIL2A_20251028T113319_N0511_R080_T28QCG_20251028T134111.zip,387,42,6353,363535.0,2199595.0,0.21100000000000002,0.25020000000000003,0.342,0.4596,0.5019,0.5057,0.5228,0.5332,0.531,0.5426,0.6367,0.5957
2025-10-28,Iwik,Sen2Cor,S2B_MSIL2A_20251028T113319_N0511_R080_T28QCG_20251028T134111.SAFE,C:\Users\Simon\Nextcloud\Project\Mauritania\Science\Arguin - FieldWork Data Processing\Data\S2\Sen2Cor\S2B_MSIL2A_20251028T113319_N0511_R080_T28QCG_20251028T134111.zip,388,42,6354,363545.0,2199595.0,0.21000000000000002,0.25,0.3376,0.45280000000000004,0.5026,0.5052,0.5177,0.5248,0.5282,0.543,0.6338,0.5941000000000001
2025-10-28,Iwik,Sen2Cor,S2B_MSIL2A_20251028T113319_N0511_R080_T28QCG_20251028T134111.SAFE,C:\Users\Simon\Nextcloud\Project\Mauritania\Science\Arguin - FieldWork Data Processing\Data\S2\Sen2Cor\S2B_MSIL2A_20251028T113319_N0511_R080_T28QCG_20251028T134111.zip,389,42,6355,363555.0,2199595.0,0.21000000000000002,0.24960000000000002,0.33840000000000003,0.45880000000000004,0.5026,0.5052,0.5177,0.534,0.5282,0.543,0.6338,0.5941000000000001
2025-10-28,Iwik,Sen2Cor,S2B_MSIL2A_20251028T113319_N0511_R080_T28QCG_20251028T134111.SAFE,C:\Users\Simon\Nextcloud\Project\Mauritania\Science\Arguin - FieldWork Data Processing\Data\S2\Sen2Cor\S2B_MSIL2A_20251028T113319_N0511_R080_T28QCG_20251028T134111.zip,390,42,6356,363565.0,2199595.0,0.2101,0.25520000000000004,0.3456,0.4652,0.5073,0.5088,0.5301,0.5404,0.536,0.543,0.6406000000000001,0.5969
2025-10-28,Iwik,Sen2Cor,S2B_MSIL2A_20251028T113319_N0511_R080_T28QCG_20251028T134111.SAFE,C:\Users\Simon\Nextcloud\Project\Mauritania\Science\Arguin - FieldWork Data Processing\Data\S2\Sen2Cor\S2B_MSIL2A_20251028T113319_N0511_R080_T28QCG_20251028T134111.zip,391,42,6357,363575.0,2199595.0,0.2101,0.25320000000000004,0.3436,0.466,0.5073,0.5088,0.5301,0.542,0.536,0.543,0.6406000000000001,0.5969
2025-10-28,Iwik,Sen2Cor,S2B_MSIL2A_20251028T113319_N0511_R080_T28QCG_20251028T134111.SAFE,C:\Users\Simon\Nextcloud\Project\Mauritania\Science\Arguin - FieldWork Data Processing\Data\S2\Sen2Cor\S2B_MSIL2A_20251028T113319_N0511_R080_T28QCG_20251028T134111.zip,392,43,6336,363365.0,2199585.0,0.22640000000000002,0.274,0.3628,0.4832,0.5245000000000001,0.5258,0.5472,0.5680000000000001,0.5539000000000001,0.5573,0.6547000000000001,0.6244000000000001
2025-10-28,Iwik,Sen2Cor,S2B_MSIL2A_20251028T113319_N0511_R080_T28QCG_20251028T134111.SAFE,C:\Users\Simon\Nextcloud\Project\Mauritania\Science\Arguin - FieldWork Data Processing\Data\S2\Sen2Cor\S2B_MSIL2A_20251028T113319_N0511_R080_T28QCG_20251028T134111.zip,393,43,6337,363375.0,2199585.0,0.22640000000000002,0.27080000000000004,0.3584,0.4828,0.5245000000000001,0.5258,0.5472,0.558,0.5539000000000001,0.5573,0.6547000000000001,0.6244000000000001
2025-10-28,Iwik,Sen2Cor,S2B_MSIL2A_20251028T113319_N0511_R080_T28QCG_20251028T134111.SAFE,C:\Users\Simon\Nextcloud\Project\Mauritania\Science\Arguin - FieldWork Data Processing\Data\S2\Sen2Cor\S2B_MSIL2A_20251028T113319_N0511_R080_T28QCG_20251028T134111.zip,394,43,6338,363385.0,2199585.0,0.2258,0.269,0.36000000000000004,0.47840000000000005,0.5227,0.5281,0.5474,0.5604,0.5547000000000001,0.5573,0.6548,0.6229
2025-10-28,Iwik,Sen2Cor,S2B_MSIL2A_20251028T113319_N0511_R080_T28QCG_20251028T134111.SAFE,C:\Users\Simon\Nextcloud\Project\Mauritania\Science\Arguin - FieldWork Data Processing\Data\S2\Sen2Cor\S2B_MSIL2A_20251028T113319_N0511_R080_T28QCG_20251028T134111.zip,395,43,6339,363395.0,2199585.0,0.2258,0.2692,0.3588,0.48160000000000003,0.5227,0.5281,0.5474,0.562,0.5547000000000001,0.5573,0.6548,0.6229
2025-10-28,Iwik,Sen2Cor,S2B_MSIL2A_20251028T113319_N0511_R080_T28QCG_20251028T134111.SAFE,C:\Users\Simon\Nextcloud\Project\Mauritania\Science\Arguin - FieldWork Data Processing\Data\S2\Sen2Cor\S2B_MSIL2A_20251028T113319_N0511_R080_T28QCG_20251028T134111.zip,396,43,6340,363405.0,2199585.0,0.22260000000000002,0.26880000000000004,0.3584,0.4864,0.5209,0.5243,0.5437000000000001,0.56,0.5493,0.5573,0.6528,0.618
2025-10-28,Iwik,Sen2Cor,S2B_MSIL2A_20251028T113319_N0511_R080_T28QCG_20251028T134111.SAFE,C:\Users\Simon\Nextcloud\Project\Mauritania\Science\Arguin - FieldWork Data Processing\Data\S2\Sen2Cor\S2B_MSIL2A_20251028T113319_N0511_R080_T28QCG_20251028T134111.zip,397,43,6341,363415.0,2199585.0,0.22260000000000002,0.2684,0.3572,0.48040000000000005,0.5209,0.5243,0.5437000000000001,0.5592,0.5493,0.5573,0.6528,0.618
2025-10-28,Iwik,Sen2Cor,S2B_MSIL2A_20251028T113319_N0511_R080_T28QCG_20251028T134111.SAFE,C:\Users\Simon\Nextcloud\Project\Mauritania\Science\Arguin - FieldWork Data Processing\Data\S2\Sen2Cor\S2B_MSIL2A_20251028T113319_N0511_R080_T28QCG_20251028T134111.zip,398,43,6342,363425.0,2199585.0,0.21930000000000002,0.2652,0.3516,0.47640000000000005,0.5222,0.5238,0.5432,0.5528000000000001,0.5446,0.5482,0.6506000000000001,0.6165
2025-10-28,Iwik,Sen2Cor,S2B_MSIL2A_20251028T113319_N0511_R080_T28QCG_20251028T134111.SAFE,C:\Users\Simon\Nextcloud\Project\Mauritania\Science\Arguin - FieldWork Data Processing\Data\S2\Sen2Cor\S2B_MSIL2A_20251028T113319_N0511_R080_T28QCG_20251028T134111.zip,399,43,6343,363435.0,2199585.0,0.21930000000000002,0.25680000000000003,0.3488,0.4728,0.5222,0.5238,0.5432,0.55,0.5446,0.5482,0.6506000000000001,0.6165
2025-10-28,Iwik,Sen2Cor,S2B_MSIL2A_20251028T113319_N0511_R080_T28QCG_20251028T134111.SAFE,C:\Users\Simon\Nextcloud\Project\Mauritania\Science\Arguin - FieldWork Data Processing\Data\S2\Sen2Cor\S2B_MSIL2A_20251028T113319_N0511_R080_T28QCG_20251028T134111.zip,400,43,6344,363445.0,2199585.0,0.2157,0.2632,0.34800000000000003,0.47040000000000004,0.51,0.5125000000000001,0.5304,0.5428000000000001,0.5341,0.5482,0.6436000000000001,0.6055
2025-10-28,Iwik,Sen2Cor,S2B_MSIL2A_20251028T113319_N0511_R080_T28QCG_20251028T134111.SAFE,C:\Users\Simon\Nextcloud\Project\Mauritania\Science\Arguin - FieldWork Data Processing\Data\S2\Sen2Cor\S2B_MSIL2A_20251028T113319_N0511_R080_T28QCG_20251028T134111.zip,401,43,6345,363455.0,2199585.0,0.2157,0.2566,0.3428,0.46440000000000003,0.51,0.5125000000000001,0.5304,0.5368,0.5341,0.5482,0.6436000000000001,0.6055
2025-10-28,Iwik,Sen2Cor,S2B_MSIL2A_20251028T113319_N0511_R080_T28QCG_20251028T134111.SAFE,C:\Users\Simon\Nextcloud\Project\Mauritania\Science\Arguin - FieldWork Data Processing\Data\S2\Sen2Cor\S2B_MSIL2A_20251028T113319_N0511_R080_T28QCG_20251028T134111.zip,402,43,6346,363465.0,2199585.0,0.21350000000000002,0.2524,0.3412,0.46040000000000003,0.507,0.5117,0.5299,0.5352,0.5354,0.5482,0.6443,0.6048
2025-10-28,Iwik,Sen2Cor,S2B_MSIL2A_20251028T113319_N0511_R080_T28QCG_20251028T134111.SAFE,C:\Users\Simon\Nextcloud\Project\Mauritania\Science\Arguin - FieldWork Data Processing\Data\S2\Sen2Cor\S2B_MSIL2A_20251028T113319_N0511_R080_T28QCG_20251028T134111.zip,403,43,6347,363475.0,2199585.0,0.21350000000000002,0.2602,0.3472,0.4696,0.507,0.5117,0.5299,0.5444,0.5354,0.5482,0.6443,0.6048
2025-10-28,Iwik,Sen2Cor,S2B_MSIL2A_20251028T113319_N0511_R080_T28QCG_20251028T134111.SAFE,C:\Users\Simon\Nextcloud\Project\Mauritania\Science\Arguin - FieldWork Data Processing\Data\S2\Sen2Cor\S2B_MSIL2A_20251028T113319_N0511_R080_T28QCG_20251028T134111.zip,404,43,6348,363485.0,2199585.0,0.21330000000000002,0.2604,0.35000000000000003,0.4728,0.5157,0.5182,0.5358,0.5492,0.5428000000000001,0.5426,0.6489,0.6109
2025-10-28,Iwik,Sen2Cor,S2B_MSIL2A_20251028T113319_N0511_R080_T28QCG_20251028T134111.SAFE,C:\Users\Simon\Nextcloud\Project\Mauritania\Science\Arguin - FieldWork Data Processing\Data\S2\Sen2Cor\S2B_MSIL2A_20251028T113319_N0511_R080_T28QCG_20251028T134111.zip,405,43,6349,363495.0,2199585.0,0.21330000000000002,0.25980000000000003,0.35000000000000003,0.47040000000000004,0.5157,0.5182,0.5358,0.5488000000000001,0.5428000000000001,0.5426,0.6489,0.6109
2025-10-28,Iwik,Sen2Cor,S2B_MSIL2A_20251028T113319_N0511_R080_T28QCG_20251028T134111.SAFE,C:\Users\Simon\Nextcloud\Project\Mauritania\Science\Arguin - FieldWork Data Processing\Data\S2\Sen2Cor\S2B_MSIL2A_20251028T113319_N0511_R080_T28QCG_20251028T134111.zip,406,43,6350,363505.0,2199585.0,0.2121,0.25420000000000004,0.34440000000000004,0.4708,0.5091,0.5085000000000001,0.5259,0.5436,0.538,0.5426,0.6415000000000001,0.6046
2025-10-28,Iwik,Sen2Cor,S2B_MSIL2A_20251028T113319_N0511_R080_T28QCG_20251028T134111.SAFE,C:\Users\Simon\Nextcloud\Project\Mauritania\Science\Arguin - FieldWork Data Processing\Data\S2\Sen2Cor\S2B_MSIL2A_20251028T113319_N0511_R080_T28QCG_20251028T134111.zip,407,43,6351,363515.0,2199585.0,0.2121,0.253,0.3452,0.46080000000000004,0.5091,0.5085000000000001,0.5259,0.538,0.538,0.5426,0.6415000000000001,0.6046
2025-10-28,Iwik,Sen2Cor,S2B_MSIL2A_20251028T113319_N0511_R080_T28QCG_20251028T134111.SAFE,C:\Users\Simon\Nextcloud\Project\Mauritania\Science\Arguin - FieldWork Data Processing\Data\S2\Sen2Cor\S2B_MSIL2A_20251028T113319_N0511_R080_T28QCG_20251028T134111.zip,408,43,6352,363525.0,2199585.0,0.21100000000000002,0.25780000000000003,0.34400000000000003,0.46640000000000004,0.5019,0.5057,0.5228,0.5416000000000001,0.531,0.5426,0.6367,0.5957
2025-10-28,Iwik,Sen2Cor,S2B_MSIL2A_20251028T113319_N0511_R080_T28QCG_20251028T134111.SAFE,C:\Users\Simon\Nextcloud\Project\Mauritania\Science\Arguin - FieldWork Data Processing\Data\S2\Sen2Cor\S2B_MSIL2A_20251028T113319_N0511_R080_T28QCG_20251028T134111.zip,409,43,6353,363535.0,2199585.0,0.21100000000000002,0.2556,0.342,0.4616,0.5019,0.5057,0.5228,0.5356000000000001,0.531,0.5426,0.6367,0.5957
2025-10-28,Iwik,Sen2Cor,S2B_MSIL2A_20251028T113319_N0511_R080_T28QCG_20251028T134111.SAFE,C:\Users\Simon\Nextcloud\Project\Mauritania\Science\Arguin - FieldWork Data Processing\Data\S2\Sen2Cor\S2B_MSIL2A_20251028T113319_N0511_R080_T28QCG_20251028T134111.zip,410,43,6354,363545.0,2199585.0,0.21000000000000002,0.2526,0.3428,0.4592,0.5026,0.5052,0.5177,0.5312,0.5282,0.543,0.6338,0.5941000000000001
2025-10-28,Iwik,Sen2Cor,S2B_MSIL2A_20251028T113319_N0511_R080_T28QCG_20251028T134111.SAFE,C:\Users\Simon\Nextcloud\Project\Mauritania\Science\Arguin - FieldWork Data Processing\Data\S2\Sen2Cor\S2B_MSIL2A_20251028T113319_N0511_R080_T28QCG_20251028T134111.zip,411,43,6355,363555.0,2199585.0,0.21000000000000002,0.2548,0.34640000000000004,0.466,0.5026,0.5052,0.5177,0.5384,0.5282,0.543,0.6338,0.5941000000000001
2025-10-28,Iwik,Sen2Cor,S2B_MSIL2A_20251028T113319_N0511_R080_T28QCG_20251028T134111.SAFE,C:\Users\Simon\Nextcloud\Project\Mauritania\Science\Arguin - FieldWork Data Processing\Data\S2\Sen2Cor\S2B_MSIL2A_20251028T113319_N0511_R080_T28QCG_20251028T134111.zip,412,43,6356,363565.0,2199585.0,0.2101,0.2546,0.34640000000000004,0.46840000000000004,0.5073,0.5088,0.5301,0.546,0.536,0.543,0.6406000000000001,0.5969
2025-10-28,Iwik,Sen2Cor,S2B_MSIL2A_20251028T113319_N0511_R080_T28QCG_20251028T134111.SAFE,C:\Users\Simon\Nextcloud\Project\Mauritania\Science\Arguin - FieldWork Data Processing\Data\S2\Sen2Cor\S2B_MSIL2A_20251028T113319_N0511_R080_T28QCG_20251028T134111.zip,413,43,6357,363575.0,2199585.0,0.2101,0.25320000000000004,0.3416,0.46080000000000004,0.5073,0.5088,0.5301,0.5404,0.536,0.543,0.6406000000000001,0.5969
2025-10-28,Iwik,Sen2Cor,S2B_MSIL2A_20251028T113319_N0511_R080_T28QCG_20251028T134111.SAFE,C:\Users\Simon\Nextcloud\Project\Mauritania\Science\Arguin - FieldWork Data Processing\Data\S2\Sen2Cor\S2B_MSIL2A_20251028T113319_N0511_R080_T28QCG_20251028T134111.zip,414,44,6336,363365.0,2199575.0,0.223,0.27080000000000004,0.35760000000000003,0.47440000000000004,0.5196000000000001,0.5257000000000001,0.5437000000000001,0.5524,0.5525,0.5573,0.6495000000000001,0.6136
2025-10-28,Iwik,Sen2Cor,S2B_MSIL2A_20251028T113319_N0511_R080_T28QCG_20251028T134111.SAFE,C:\Users\Simon\Nextcloud\Project\Mauritania\Science\Arguin - FieldWork Data Processing\Data\S2\Sen2Cor\S2B_MSIL2A_20251028T113319_N0511_R080_T28QCG_20251028T134111.zip,415,44,6337,363375.0,2199575.0,0.223,0.2686,0.35760000000000003,0.4748,0.5196000000000001,0.5257000000000001,0.5437000000000001,0.5532,0.5525,0.5573,0.6495000000000001,0.6136
2025-10-28,Iwik,Sen2Cor,S2B_MSIL2A_20251028T113319_N0511_R080_T28QCG_20251028T134111.SAFE,C:\Users\Simon\Nextcloud\Project\Mauritania\Science\Arguin - FieldWork Data Processing\Data\S2\Sen2Cor\S2B_MSIL2A_20251028T113319_N0511_R080_T28QCG_20251028T134111.zip,416,44,6338,363385.0,2199575.0,0.2238,0.2654,0.35400000000000004,0.47600000000000003,0.5226000000000001,0.5288,0.5456,0.5528000000000001,0.5523,0.5573,0.652,0.6155
2025-10-28,Iwik,Sen2Cor,S2B_MSIL2A_20251028T113319_N0511_R080_T28QCG_20251028T134111.SAFE,C:\Users\Simon\Nextcloud\Project\Mauritania\Science\Arguin - FieldWork Data Processing\Data\S2\Sen2Cor\S2B_MSIL2A_20251028T113319_N0511_R080_T28QCG_20251028T134111.zip,417,44,6339,363395.0,2199575.0,0.2238,0.2676,0.35600000000000004,0.48400000000000004,0.5226000000000001,0.5288,0.5456,0.558,0.5523,0.5573,0.652,0.6155
2025-10-28,Iwik,Sen2Cor,S2B_MSIL2A_20251028T113319_N0511_R080_T28QCG_20251028T134111.SAFE,C:\Users\Simon\Nextcloud\Project\Mauritania\Science\Arguin - FieldWork Data Processing\Data\S2\Sen2Cor\S2B_MSIL2A_20251028T113319_N0511_R080_T28QCG_20251028T134111.zip,418,44,6340,363405.0,2199575.0,0.22240000000000001,0.27,0.3628,0.48560000000000003,0.5265000000000001,0.5294,0.547,0.5656,0.5528000000000001,0.5573,0.6553,0.6211
2025-10-28,Iwik,Sen2Cor,S2B_MSIL2A_20251028T113319_N0511_R080_T28QCG_20251028T134111.SAFE,C:\Users\Simon\Nextcloud\Project\Mauritania\Science\Arguin - FieldWork Data Processing\Data\S2\Sen2Cor\S2B_MSIL2A_20251028T113319_N0511_R080_T28QCG_20251028T134111.zip,419,44,6341,363415.0,2199575.0,0.22240000000000001,0.26680000000000004,0.35960000000000003,0.48160000000000003,0.5265000000000001,0.5294,0.547,0.5568000000000001,0.5528000000000001,0.5573,0.6553,0.6211
2025-10-28,Iwik,Sen2Cor,S2B_MSIL2A_20251028T113319_N0511_R080_T28QCG_20251028T134111.SAFE,C:\Users\Simon\Nextcloud\Project\Mauritania\Science\Arguin - FieldWork Data Processing\Data\S2\Sen2Cor\S2B_MSIL2A_20251028T113319_N0511_R080_T28QCG_20251028T134111.zip,420,44,6342,363425.0,2199575.0,0.21860000000000002,0.2604,0.35200000000000004,0.47400000000000003,0.5143,0.5164,0.5362,0.5488000000000001,0.5427000000000001,0.5482,0.6481,0.6107
2025-10-28,Iwik,Sen2Cor,S2B_MSIL2A_20251028T113319_N0511_R080_T28QCG_20251028T134111.SAFE,C:\Users\Simon\Nextcloud\Project\Mauritania\Science\Arguin - FieldWork Data Processing\Data\S2\Sen2Cor\S2B_MSIL2A_20251028T113319_N0511_R080_T28QCG_20251028T134111.zip,421,44,6343,363435.0,2199575.0,0.21860000000000002,0.2574,0.35200000000000004,0.4692,0.5143,0.5164,0.5362,0.5488000000000001,0.5427000000000001,0.5482,0.6481,0.6107
2025-10-28,Iwik,Sen2Cor,S2B_MSIL2A_20251028T113319_N0511_R080_T28QCG_20251028T134111.SAFE,C:\Users\Simon\Nextcloud\Project\Mauritania\Science\Arguin - FieldWork Data Processing\Data\S2\Sen2Cor\S2B_MSIL2A_20251028T113319_N0511_R080_T28QCG_20251028T134111.zip,422,44,6344,363445.0,2199575.0,0.2156,0.2626,0.3496,0.4696,0.5141,0.5137,0.5333,0.5464,0.5452,0.5482,0.6463,0.6061000000000001
2025-10-28,Iwik,Sen2Cor,S2B_MSIL2A_20251028T113319_N0511_R080_T28QCG_20251028T134111.SAFE,C:\Users\Simon\Nextcloud\Project\Mauritania\Science\Arguin - FieldWork Data Processing\Data\S2\Sen2Cor\S2B_MSIL2A_20251028T113319_N0511_R080_T28QCG_20251028T134111.zip,423,44,6345,363455.0,2199575.0,0.2156,0.2564,0.34240000000000004,0.4632,0.5141,0.5137,0.5333,0.5392,0.5452,0.5482,0.6463,0.6061000000000001
2025-10-28,Iwik,Sen2Cor,S2B_MSIL2A_20251028T113319_N0511_R080_T28QCG_20251028T134111.SAFE,C:\Users\Simon\Nextcloud\Project\Mauritania\Science\Arguin - FieldWork Data Processing\Data\S2\Sen2Cor\S2B_MSIL2A_20251028T113319_N0511_R080_T28QCG_20251028T134111.zip,424,44,6346,363465.0,2199575.0,0.2141,0.2556,0.3408,0.4636,0.5119,0.5136000000000001,0.536,0.5356000000000001,0.5412,0.5482,0.6457,0.6059
2025-10-28,Iwik,Sen2Cor,S2B_MSIL2A_20251028T113319_N0511_R080_T28QCG_20251028T134111.SAFE,C:\Users\Simon\Nextcloud\Project\Mauritania\Science\Arguin - FieldWork Data Processing\Data\S2\Sen2Cor\S2B_MSIL2A_20251028T113319_N0511_R080_T28QCG_20251028T134111.zip,425,44,6347,363475.0,2199575.0,0.2141,0.26180000000000003,0.3516,0.4692,0.5119,0.5136000000000001,0.536,0.5428000000000001,0.5412,0.5482,0.6457,0.6059
2025-10-28,Iwik,Sen2Cor,S2B_MSIL2A_20251028T113319_N0511_R080_T28QCG_20251028T134111.SAFE,C:\Users\Simon\Nextcloud\Project\Mauritania\Science\Arguin - FieldWork Data Processing\Data\S2\Sen2Cor\S2B_MSIL2A_20251028T113319_N0511_R080_T28QCG_20251028T134111.zip,426,44,6348,363485.0,2199575.0,0.21430000000000002,0.261,0.3516,0.46880000000000005,0.5199,0.5198,0.5399,0.5516,0.5451,0.5426,0.6493,0.6097
2025-10-28,Iwik,Sen2Cor,S2B_MSIL2A_20251028T113319_N0511_R080_T28QCG_20251028T134111.SAFE,C:\Users\Simon\Nextcloud\Project\Mauritania\Science\Arguin - FieldWork Data Processing\Data\S2\Sen2Cor\S2B_MSIL2A_20251028T113319_N0511_R080_T28QCG_20251028T134111.zip,427,44,6349,363495.0,2199575.0,0.21430000000000002,0.2644,0.3516,0.47440000000000004,0.5199,0.5198,0.5399,0.5428000000000001,0.5451,0.5426,0.6493,0.6097
2025-10-28,Iwik,Sen2Cor,S2B_MSIL2A_20251028T113319_N0511_R080_T28QCG_20251028T134111.SAFE,C:\Users\Simon\Nextcloud\Project\Mauritania\Science\Arguin - FieldWork Data Processing\Data\S2\Sen2Cor\S2B_MSIL2A_20251028T113319_N0511_R080_T28QCG_20251028T134111.zip,428,44,6350,363505.0,2199575.0,0.2139,0.2602,0.3488,0.47200000000000003,0.5158,0.5177,0.5349,0.5512,0.5437000000000001,0.5426,0.6435000000000001,0.6077
2025-10-28,Iwik,Sen2Cor,S2B_MSIL2A_20251028T113319_N0511_R080_T28QCG_20251028T134111.SAFE,C:\Users\Simon\Nextcloud\Project\Mauritania\Science\Arguin - FieldWork Data Processing\Data\S2\Sen2Cor\S2B_MSIL2A_20251028T113319_N0511_R080_T28QCG_20251028T134111.zip,429,44,6351,363515.0,2199575.0,0.2139,0.261,0.3512,0.466,0.5158,0.5177,0.5349,0.5488000000000001,0.5437000000000001,0.5426,0.6435000000000001,0.6077
2025-10-28,Iwik,Sen2Cor,S2B_MSIL2A_20251028T113319_N0511_R080_T28QCG_20251028T134111.SAFE,C:\Users\Simon\Nextcloud\Project\Mauritania\Science\Arguin - FieldWork Data Processing\Data\S2\Sen2Cor\S2B_MSIL2A_20251028T113319_N0511_R080_T28QCG_20251028T134111.zip,430,44,6352,363525.0,2199575.0,0.21330000000000002,0.2554,0.34400000000000003,0.47000000000000003,0.5048,0.5087,0.5299,0.5436,0.5303,0.5426,0.6372,0.5919
2025-10-28,Iwik,Sen2Cor,S2B_MSIL2A_20251028T113319_N0511_R080_T28QCG_20251028T134111.SAFE,C:\Users\Simon\Nextcloud\Project\Mauritania\Science\Arguin - FieldWork Data Processing\Data\S2\Sen2Cor\S2B_MSIL2A_20251028T113319_N0511_R080_T28QCG_20251028T134111.zip,431,44,6353,363535.0,2199575.0,0.21330000000000002,0.2544,0.3396,0.4616,0.5048,0.5087,0.5299,0.5348,0.5303,0.5426,0.6372,0.5919
2025-10-28,Iwik,Sen2Cor,S2B_MSIL2A_20251028T113319_N0511_R080_T28QCG_20251028T134111.SAFE,C:\Users\Simon\Nextcloud\Project\Mauritania\Science\Arguin - FieldWork Data Processing\Data\S2\Sen2Cor\S2B_MSIL2A_20251028T113319_N0511_R080_T28QCG_20251028T134111.zip,432,44,6354,363545.0,2199575.0,0.21280000000000002,0.252,0.3428,0.4672,0.5019,0.505,0.5203,0.5356000000000001,0.5278,0.543,0.634,0.5871000000000001
2025-10-28,Iwik,Sen2Cor,S2B_MSIL2A_20251028T113319_N0511_R080_T28QCG_20251028T134111.SAFE,C:\Users\Simon\Nextcloud\Project\Mauritania\Science\Arguin - FieldWork Data Processing\Data\S2\Sen2Cor\S2B_MSIL2A_20251028T113319_N0511_R080_T28QCG_20251028T134111.zip,433,44,6355,363555.0,2199575.0,0.21280000000000002,0.25520000000000004,0.3432,0.4632,0.5019,0.505,0.5203,0.5376000000000001,0.5278,0.543,0.634,0.5871000000000001
2025-10-28,Iwik,Sen2Cor,S2B_MSIL2A_20251028T113319_N0511_R080_T28QCG_20251028T134111.SAFE,C:\Users\Simon\Nextcloud\Project\Mauritania\Science\Arguin - FieldWork Data Processing\Data\S2\Sen2Cor\S2B_MSIL2A_20251028T113319_N0511_R080_T28QCG_20251028T134111.zip,434,44,6356,363565.0,2199575.0,0.2131,0.25320000000000004,0.34,0.46080000000000004,0.5045000000000001,0.5083,0.5224,0.5316000000000001,0.533,0.543,0.6359,0.5918
2025-10-28,Iwik,Sen2Cor,S2B_MSIL2A_20251028T113319_N0511_R080_T28QCG_20251028T134111.SAFE,C:\Users\Simon\Nextcloud\Project\Mauritania\Science\Arguin - FieldWork Data Processing\Data\S2\Sen2Cor\S2B_MSIL2A_20251028T113319_N0511_R080_T28QCG_20251028T134111.zip,435,44,6357,363575.0,2199575.0,0.2131,0.25120000000000003,0.33640000000000003,0.4596,0.5045000000000001,0.5083,0.5224,0.5324,0.533,0.543,0.6359,0.5918
2025-10-28,Iwik,Sen2Cor,S2B_MSIL2A_20251028T113319_N0511_R080_T28QCG_20251028T134111.SAFE,C:\Users\Simon\Nextcloud\Project\Mauritania\Science\Arguin - FieldWork Data Processing\Data\S2\Sen2Cor\S2B_MSIL2A_20251028T113319_N0511_R080_T28QCG_20251028T134111.zip,436,45,6335,363355.0,2199565.0,0.2222,0.272,0.36160000000000003,0.4808,0.5223,0.5273,0.5489,0.5556,0.5531,0.549,0.6551,0.6212
2025-10-28,Iwik,Sen2Cor,S2B_MSIL2A_20251028T113319_N0511_R080_T28QCG_20251028T134111.SAFE,C:\Users\Simon\Nextcloud\Project\Mauritania\Science\Arguin - FieldWork Data Processing\Data\S2\Sen2Cor\S2B_MSIL2A_20251028T113319_N0511_R080_T28QCG_20251028T134111.zip,437,45,6336,363365.0,2199565.0,0.223,0.27540000000000003,0.3632,0.4828,0.5196000000000001,0.5257000000000001,0.5437000000000001,0.56,0.5525,0.5573,0.6495000000000001,0.6136
2025-10-28,Iwik,Sen2Cor,S2B_MSIL2A_20251028T113319_N0511_R080_T28QCG_20251028T134111.SAFE,C:\Users\Simon\Nextcloud\Project\Mauritania\Science\Arguin - FieldWork Data Processing\Data\S2\Sen2Cor\S2B_MSIL2A_20251028T113319_N0511_R080_T28QCG_20251028T134111.zip,438,45,6337,363375.0,2199565.0,0.223,0.27080000000000004,0.3604,0.4772,0.5196000000000001,0.5257000000000001,0.5437000000000001,0.5568000000000001,0.5525,0.5573,0.6495000000000001,0.6136
2025-10-28,Iwik,Sen2Cor,S2B_MSIL2A_20251028T113319_N0511_R080_T28QCG_20251028T134111.SAFE,C:\Users\Simon\Nextcloud\Project\Mauritania\Science\Arguin - FieldWork Data Processing\Data\S2\Sen2Cor\S2B_MSIL2A_20251028T113319_N0511_R080_T28QCG_20251028T134111.zip,439,45,6338,363385.0,2199565.0,0.2238,0.27,0.3564,0.4776,0.5226000000000001,0.5288,0.5456,0.5528000000000001,0.5523,0.5573,0.652,0.6155
2025-10-28,Iwik,Sen2Cor,S2B_MSIL2A_20251028T113319_N0511_R080_T28QCG_20251028T134111.SAFE,C:\Users\Simon\Nextcloud\Project\Mauritania\Science\Arguin - FieldWork Data Processing\Data\S2\Sen2Cor\S2B_MSIL2A_20251028T113319_N0511_R080_T28QCG_20251028T134111.zip,440,45,6339,363395.0,2199565.0,0.2238,0.2692,0.36000000000000004,0.48360000000000003,0.5226000000000001,0.5288,0.5456,0.5576,0.5523,0.5573,0.652,0.6155
2025-10-28,Iwik,Sen2Cor,S2B_MSIL2A_20251028T113319_N0511_R080_T28QCG_20251028T134111.SAFE,C:\Users\Simon\Nextcloud\Project\Mauritania\Science\Arguin - FieldWork Data Processing\Data\S2\Sen2Cor\S2B_MSIL2A_20251028T113319_N0511_R080_T28QCG_20251028T134111.zip,441,45,6340,363405.0,2199565.0,0.22240000000000001,0.26880000000000004,0.3644,0.48600000000000004,0.5265000000000001,0.5294,0.547,0.5660000000000001,0.5528000000000001,0.5573,0.6553,0.6211
2025-10-28,Iwik,Sen2Cor,S2B_MSIL2A_20251028T113319_N0511_R080_T28QCG_20251028T134111.SAFE,C:\Users\Simon\Nextcloud\Project\Mauritania\Science\Arguin - FieldWork Data Processing\Data\S2\Sen2Cor\S2B_MSIL2A_20251028T113319_N0511_R080_T28QCG_20251028T134111.zip,442,45,6341,363415.0,2199565.0,0.22240000000000001,0.26780000000000004,0.3584,0.4832,0.5265000000000001,0.5294,0.547,0.5568000000000001,0.5528000000000001,0.5573,0.6553,0.6211
2025-10-28,Iwik,Sen2Cor,S2B_MSIL2A_20251028T113319_N0511_R080_T28QCG_20251028T134111.SAFE,C:\Users\Simon\Nextcloud\Project\Mauritania\Science\Arguin - FieldWork Data Processing\Data\S2\Sen2Cor\S2B_MSIL2A_20251028T113319_N0511_R080_T28QCG_20251028T134111.zip,443,45,6342,363425.0,2199565.0,0.21860000000000002,0.262,0.3516,0.4728,0.5143,0.5164,0.5362,0.5508000000000001,0.5427000000000001,0.5482,0.6481,0.6107
2025-10-28,Iwik,Sen2Cor,S2B_MSIL2A_20251028T113319_N0511_R080_T28QCG_20251028T134111.SAFE,C:\Users\Simon\Nextcloud\Project\Mauritania\Science\Arguin - FieldWork Data Processing\Data\S2\Sen2Cor\S2B_MSIL2A_20251028T113319_N0511_R080_T28QCG_20251028T134111.zip,444,45,6343,363435.0,2199565.0,0.21860000000000002,0.257,0.3452,0.46440000000000003,0.5143,0.5164,0.5362,0.5448000000000001,0.5427000000000001,0.5482,0.6481,0.6107
2025-10-28,Iwik,Sen2Cor,S2B_MSIL2A_20251028T113319_N0511_R080_T28QCG_20251028T134111.SAFE,C:\Users\Simon\Nextcloud\Project\Mauritania\Science\Arguin - FieldWork Data Processing\Data\S2\Sen2Cor\S2B_MSIL2A_20251028T113319_N0511_R080_T28QCG_20251028T134111.zip,445,45,6344,363445.0,2199565.0,0.2156,0.257,0.3488,0.4732,0.5141,0.5137,0.5333,0.5468000000000001,0.5452,0.5482,0.6463,0.6061000000000001
2025-10-28,Iwik,Sen2Cor,S2B_MSIL2A_20251028T113319_N0511_R080_T28QCG_20251028T134111.SAFE,C:\Users\Simon\Nextcloud\Project\Mauritania\Science\Arguin - FieldWork Data Processing\Data\S2\Sen2Cor\S2B_MSIL2A_20251028T113319_N0511_R080_T28QCG_20251028T134111.zip,446,45,6345,363455.0,2199565.0,0.2156,0.2624,0.3528,0.4752,0.5141,0.5137,0.5333,0.5568000000000001,0.5452,0.5482,0.6463,0.6061000000000001
2025-10-28,Iwik,Sen2Cor,S2B_MSIL2A_20251028T113319_N0511_R080_T28QCG_20251028T134111.SAFE,C:\Users\Simon\Nextcloud\Project\Mauritania\Science\Arguin - FieldWork Data Processing\Data\S2\Sen2Cor\S2B_MSIL2A_20251028T113319_N0511_R080_T28QCG_20251028T134111.zip,447,45,6346,363465.0,2199565.0,0.2141,0.2632,0.35400000000000004,0.47240000000000004,0.5119,0.5136000000000001,0.536,0.5492,0.5412,0.5482,0.6457,0.6059
2025-10-28,Iwik,Sen2Cor,S2B_MSIL2A_20251028T113319_N0511_R080_T28QCG_20251028T134111.SAFE,C:\Users\Simon\Nextcloud\Project\Mauritania\Science\Arguin - FieldWork Data Processing\Data\S2\Sen2Cor\S2B_MSIL2A_20251028T113319_N0511_R080_T28QCG_20251028T134111.zip,448,45,6347,363475.0,2199565.0,0.2141,0.26,0.3508,0.4728,0.5119,0.5136000000000001,0.536,0.5464,0.5412,0.5482,0.6457,0.6059
2025-10-28,Iwik,Sen2Cor,S2B_MSIL2A_20251028T113319_N0511_R080_T28QCG_20251028T134111.SAFE,C:\Users\Simon\Nextcloud\Project\Mauritania\Science\Arguin - FieldWork Data Processing\Data\S2\Sen2Cor\S2B_MSIL2A_20251028T113319_N0511_R080_T28QCG_20251028T134111.zip,449,45,6348,363485.0,2199565.0,0.21430000000000002,0.25980000000000003,0.3472,0.4716,0.5199,0.5198,0.5399,0.5472,0.5451,0.5426,0.6493,0.6097
2025-10-28,Iwik,Sen2Cor,S2B_MSIL2A_20251028T113319_N0511_R080_T28QCG_20251028T134111.SAFE,C:\Users\Simon\Nextcloud\Project\Mauritania\Science\Arguin - FieldWork Data Processing\Data\S2\Sen2Cor\S2B_MSIL2A_20251028T113319_N0511_R080_T28QCG_20251028T134111.zip,450,45,6349,363495.0,2199565.0,0.21430000000000002,0.26580000000000004,0.35200000000000004,0.4756,0.5199,0.5198,0.5399,0.5488000000000001,0.5451,0.5426,0.6493,0.6097
2025-10-28,Iwik,Sen2Cor,S2B_MSIL2A_20251028T113319_N0511_R080_T28QCG_20251028T134111.SAFE,C:\Users\Simon\Nextcloud\Project\Mauritania\Science\Arguin - FieldWork Data Processing\Data\S2\Sen2Cor\S2B_MSIL2A_20251028T113319_N0511_R080_T28QCG_20251028T134111.zip,451,45,6350,363505.0,2199565.0,0.2139,0.2636,0.3556,0.47840000000000005,0.5158,0.5177,0.5349,0.556,0.5437000000000001,0.5426,0.6435000000000001,0.6077
2025-10-28,Iwik,Sen2Cor,S2B_MSIL2A_20251028T113319_N0511_R080_T28QCG_20251028T134111.SAFE,C:\Users\Simon\Nextcloud\Project\Mauritania\Science\Arguin - FieldWork Data Processing\Data\S2\Sen2Cor\S2B_MSIL2A_20251028T113319_N0511_R080_T28QCG_20251028T134111.zip,452,45,6351,363515.0,2199565.0,0.2139,0.2612,0.3528,0.4692,0.5158,0.5177,0.5349,0.5488000000000001,0.5437000000000001,0.5426,0.6435000000000001,0.6077
2025-10-28,Iwik,Sen2Cor,S2B_MSIL2A_20251028T113319_N0511_R080_T28QCG_20251028T134111.SAFE,C:\Users\Simon\Nextcloud\Project\Mauritania\Science\Arguin - FieldWork Data Processing\Data\S2\Sen2Cor\S2B_MSIL2A_20251028T113319_N0511_R080_T28QCG_20251028T134111.zip,453,45,6352,363525.0,2199565.0,0.21330000000000002,0.251,0.3408,0.4632,0.5048,0.5087,0.5299,0.5392,0.5303,0.5426,0.6372,0.5919
2025-10-28,Iwik,Sen2Cor,S2B_MSIL2A_20251028T113319_N0511_R080_T28QCG_20251028T134111.SAFE,C:\Users\Simon\Nextcloud\Project\Mauritania\Science\Arguin - FieldWork Data Processing\Data\S2\Sen2Cor\S2B_MSIL2A_20251028T113319_N0511_R080_T28QCG_20251028T134111.zip,454,45,6353,363535.0,2199565.0,0.21330000000000002,0.25220000000000004,0.34240000000000004,0.46040000000000003,0.5048,0.5087,0.5299,0.5332,0.5303,0.5426,0.6372,0.5919
2025-10-28,Iwik,Sen2Cor,S2B_MSIL2A_20251028T113319_N0511_R080_T28QCG_20251028T134111.SAFE,C:\Users\Simon\Nextcloud\Project\Mauritania\Science\Arguin - FieldWork Data Processing\Data\S2\Sen2Cor\S2B_MSIL2A_20251028T113319_N0511_R080_T28QCG_20251028T134111.zip,455,45,6354,363545.0,2199565.0,0.21280000000000002,0.2564,0.3388,0.46040000000000003,0.5019,0.505,0.5203,0.5328,0.5278,0.543,0.634,0.5871000000000001
2025-10-28,Iwik,Sen2Cor,S2B_MSIL2A_20251028T113319_N0511_R080_T28QCG_20251028T134111.SAFE,C:\Users\Simon\Nextcloud\Project\Mauritania\Science\Arguin - FieldWork Data Processing\Data\S2\Sen2Cor\S2B_MSIL2A_20251028T113319_N0511_R080_T28QCG_20251028T134111.zip,456,45,6355,363555.0,2199565.0,0.21280000000000002,0.254,0.3412,0.45640000000000003,0.5019,0.505,0.5203,0.5248,0.5278,0.543,0.634,0.5871000000000001
2025-10-28,Iwik,Sen2Cor,S2B_MSIL2A_20251028T113319_N0511_R080_T28QCG_20251028T134111.SAFE,C:\Users\Simon\Nextcloud\Project\Mauritania\Science\Arguin - FieldWork Data Processing\Data\S2\Sen2Cor\S2B_MSIL2A_20251028T113319_N0511_R080_T28QCG_20251028T134111.zip,457,45,6356,363565.0,2199565.0,0.2131,0.2494,0.3352,0.45320000000000005,0.5045000000000001,0.5083,0.5224,0.5248,0.533,0.543,0.6359,0.5918
2025-10-28,Iwik,Sen2Cor,S2B_MSIL2A_20251028T113319_N0511_R080_T28QCG_20251028T134111.SAFE,C:\Users\Simon\Nextcloud\Project\Mauritania\Science\Arguin - FieldWork Data Processing\Data\S2\Sen2Cor\S2B_MSIL2A_20251028T113319_N0511_R080_T28QCG_20251028T134111.zip,458,45,6357,363575.0,2199565.0,0.2131,0.2536,0.3416,0.464,0.5045000000000001,0.5083,0.5224,0.5376000000000001,0.533,0.543,0.6359,0.5918
2025-10-28,Iwik,Sen2Cor,S2B_MSIL2A_20251028T113319_N0511_R080_T28QCG_20251028T134111.SAFE,C:\Users\Simon\Nextcloud\Project\Mauritania\Science\Arguin - FieldWork Data Processing\Data\S2\Sen2Cor\S2B_MSIL2A_20251028T113319_N0511_R080_T28QCG_20251028T134111.zip,459,46,6335,363355.0,2199555.0,0.21810000000000002,0.27340000000000003,0.364,0.48160000000000003,0.5247,0.525,0.5463,0.5612,0.5525,0.549,0.6555000000000001,0.6222
2025-10-28,Iwik,Sen2Cor,S2B_MSIL2A_20251028T113319_N0511_R080_T28QCG_20251028T134111.SAFE,C:\Users\Simon\Nextcloud\Project\Mauritania\Science\Arguin - FieldWork Data Processing\Data\S2\Sen2Cor\S2B_MSIL2A_20251028T113319_N0511_R080_T28QCG_20251028T134111.zip,460,46,6336,363365.0,2199555.0,0.22030000000000002,0.28200000000000003,0.37520000000000003,0.4964,0.5327000000000001,0.5292,0.5483,0.5732,0.557,0.5573,0.6541,0.6212
2025-10-28,Iwik,Sen2Cor,S2B_MSIL2A_20251028T113319_N0511_R080_T28QCG_20251028T134111.SAFE,C:\Users\Simon\Nextcloud\Project\Mauritania\Science\Arguin - FieldWork Data Processing\Data\S2\Sen2Cor\S2B_MSIL2A_20251028T113319_N0511_R080_T28QCG_20251028T134111.zip,461,46,6337,363375.0,2199555.0,0.22030000000000002,0.2752,0.364,0.49160000000000004,0.5327000000000001,0.5292,0.5483,0.5656,0.557,0.5573,0.6541,0.6212
2025-10-28,Iwik,Sen2Cor,S2B_MSIL2A_20251028T113319_N0511_R080_T28QCG_20251028T134111.SAFE,C:\Users\Simon\Nextcloud\Project\Mauritania\Science\Arguin - FieldWork Data Processing\Data\S2\Sen2Cor\S2B_MSIL2A_20251028T113319_N0511_R080_T28QCG_20251028T134111.zip,462,46,6338,363385.0,2199555.0,0.2223,0.2758,0.3652,0.4808,0.5279,0.5321,0.5485,0.5616,0.552,0.5573,0.6519,0.6163000000000001
2025-10-28,Iwik,Sen2Cor,S2B_MSIL2A_20251028T113319_N0511_R080_T28QCG_20251028T134111.SAFE,C:\Users\Simon\Nextcloud\Project\Mauritania\Science\Arguin - FieldWork Data Processing\Data\S2\Sen2Cor\S2B_MSIL2A_20251028T113319_N0511_R080_T28QCG_20251028T134111.zip,463,46,6339,363395.0,2199555.0,0.2223,0.277,0.3672,0.4904,0.5279,0.5321,0.5485,0.5636,0.552,0.5573,0.6519,0.6163000000000001
2025-10-28,Iwik,Sen2Cor,S2B_MSIL2A_20251028T113319_N0511_R080_T28QCG_20251028T134111.SAFE,C:\Users\Simon\Nextcloud\Project\Mauritania\Science\Arguin - FieldWork Data Processing\Data\S2\Sen2Cor\S2B_MSIL2A_20251028T113319_N0511_R080_T28QCG_20251028T134111.zip,464,46,6340,363405.0,2199555.0,0.2215,0.2736,0.3612,0.4844,0.524,0.5296000000000001,0.5462,0.5664,0.5567,0.5573,0.652,0.6176
2025-10-28,Iwik,Sen2Cor,S2B_MSIL2A_20251028T113319_N0511_R080_T28QCG_20251028T134111.SAFE,C:\Users\Simon\Nextcloud\Project\Mauritania\Science\Arguin - FieldWork Data Processing\Data\S2\Sen2Cor\S2B_MSIL2A_20251028T113319_N0511_R080_T28QCG_20251028T134111.zip,465,46,6341,363415.0,2199555.0,0.2215,0.2666,0.3536,0.4808,0.524,0.5296000000000001,0.5462,0.5572,0.5567,0.5573,0.652,0.6176
2025-10-28,Iwik,Sen2Cor,S2B_MSIL2A_20251028T113319_N0511_R080_T28QCG_20251028T134111.SAFE,C:\Users\Simon\Nextcloud\Project\Mauritania\Science\Arguin - FieldWork Data Processing\Data\S2\Sen2Cor\S2B_MSIL2A_20251028T113319_N0511_R080_T28QCG_20251028T134111.zip,466,46,6342,363425.0,2199555.0,0.2184,0.2576,0.34600000000000003,0.4716,0.5158,0.5146000000000001,0.5353,0.5472,0.5386000000000001,0.5482,0.6471,0.6085
2025-10-28,Iwik,Sen2Cor,S2B_MSIL2A_20251028T113319_N0511_R080_T28QCG_20251028T134111.SAFE,C:\Users\Simon\Nextcloud\Project\Mauritania\Science\Arguin - FieldWork Data Processing\Data\S2\Sen2Cor\S2B_MSIL2A_20251028T113319_N0511_R080_T28QCG_20251028T134111.zip,467,46,6343,363435.0,2199555.0,0.2184,0.2564,0.3472,0.4676,0.5158,0.5146000000000001,0.5353,0.5444,0.5386000000000001,0.5482,0.6471,0.6085
2025-10-28,Iwik,Sen2Cor,S2B_MSIL2A_20251028T113319_N0511_R080_T28QCG_20251028T134111.SAFE,C:\Users\Simon\Nextcloud\Project\Mauritania\Science\Arguin - FieldWork Data Processing\Data\S2\Sen2Cor\S2B_MSIL2A_20251028T113319_N0511_R080_T28QCG_20251028T134111.zip,468,46,6344,363445.0,2199555.0,0.2159,0.26680000000000004,0.3584,0.4824,0.5262,0.5255000000000001,0.5418000000000001,0.56,0.5492,0.5482,0.6502,0.6127
2025-10-28,Iwik,Sen2Cor,S2B_MSIL2A_20251028T113319_N0511_R080_T28QCG_20251028T134111.SAFE,C:\Users\Simon\Nextcloud\Project\Mauritania\Science\Arguin - FieldWork Data Processing\Data\S2\Sen2Cor\S2B_MSIL2A_20251028T113319_N0511_R080_T28QCG_20251028T134111.zip,469,46,6345,363455.0,2199555.0,0.2159,0.271,0.3604,0.48400000000000004,0.5262,0.5255000000000001,0.5418000000000001,0.5672,0.5492,0.5482,0.6502,0.6127
2025-10-28,Iwik,Sen2Cor,S2B_MSIL2A_20251028T113319_N0511_R080_T28QCG_20251028T134111.SAFE,C:\Users\Simon\Nextcloud\Project\Mauritania\Science\Arguin - FieldWork Data Processing\Data\S2\Sen2Cor\S2B_MSIL2A_20251028T113319_N0511_R080_T28QCG_20251028T134111.zip,470,46,6346,363465.0,2199555.0,0.2149,0.2662,0.35960000000000003,0.4796,0.5172,0.5195000000000001,0.5398000000000001,0.5532,0.542,0.5482,0.6457,0.6079
2025-10-28,Iwik,Sen2Cor,S2B_MSIL2A_20251028T113319_N0511_R080_T28QCG_20251028T134111.SAFE,C:\Users\Simon\Nextcloud\Project\Mauritania\Science\Arguin - FieldWork Data Processing\Data\S2\Sen2Cor\S2B_MSIL2A_20251028T113319_N0511_R080_T28QCG_20251028T134111.zip,471,46,6347,363475.0,2199555.0,0.2149,0.2622,0.3516,0.4716,0.5172,0.5195000000000001,0.5398000000000001,0.5488000000000001,0.542,0.5482,0.6457,0.6079
2025-10-28,Iwik,Sen2Cor,S2B_MSIL2A_20251028T113319_N0511_R080_T28QCG_20251028T134111.SAFE,C:\Users\Simon\Nextcloud\Project\Mauritania\Science\Arguin - FieldWork Data Processing\Data\S2\Sen2Cor\S2B_MSIL2A_20251028T113319_N0511_R080_T28QCG_20251028T134111.zip,472,46,6348,363485.0,2199555.0,0.2147,0.2634,0.3496,0.4708,0.5146000000000001,0.5183,0.534,0.5448000000000001,0.5417000000000001,0.5426,0.6444000000000001,0.6031000000000001
2025-10-28,Iwik,Sen2Cor,S2B_MSIL2A_20251028T113319_N0511_R080_T28QCG_20251028T134111.SAFE,C:\Users\Simon\Nextcloud\Project\Mauritania\Science\Arguin - FieldWork Data Processing\Data\S2\Sen2Cor\S2B_MSIL2A_20251028T113319_N0511_R080_T28QCG_20251028T134111.zip,473,46,6349,363495.0,2199555.0,0.2147,0.2662,0.3536,0.4756,0.5146000000000001,0.5183,0.534,0.5464,0.5417000000000001,0.5426,0.6444000000000001,0.6031000000000001
2025-10-28,Iwik,Sen2Cor,S2B_MSIL2A_20251028T113319_N0511_R080_T28QCG_20251028T134111.SAFE,C:\Users\Simon\Nextcloud\Project\Mauritania\Science\Arguin - FieldWork Data Processing\Data\S2\Sen2Cor\S2B_MSIL2A_20251028T113319_N0511_R080_T28QCG_20251028T134111.zip,474,46,6350,363505.0,2199555.0,0.21450000000000002,0.2656,0.3548,0.47800000000000004,0.5134000000000001,0.5149,0.528,0.5516,0.543,0.5426,0.6375000000000001,0.6025
2025-10-28,Iwik,Sen2Cor,S2B_MSIL2A_20251028T113319_N0511_R080_T28QCG_20251028T134111.SAFE,C:\Users\Simon\Nextcloud\Project\Mauritania\Science\Arguin - FieldWork Data Processing\Data\S2\Sen2Cor\S2B_MSIL2A_20251028T113319_N0511_R080_T28QCG_20251028T134111.zip,475,46,6351,363515.0,2199555.0,0.21450000000000002,0.26080000000000003,0.3496,0.46880000000000005,0.5134000000000001,0.5149,0.528,0.5444,0.543,0.5426,0.6375000000000001,0.6025
2025-10-28,Iwik,Sen2Cor,S2B_MSIL2A_20251028T113319_N0511_R080_T28QCG_20251028T134111.SAFE,C:\Users\Simon\Nextcloud\Project\Mauritania\Science\Arguin - FieldWork Data Processing\Data\S2\Sen2Cor\S2B_MSIL2A_20251028T113319_N0511_R080_T28QCG_20251028T134111.zip,476,46,6352,363525.0,2199555.0,0.2141,0.2534,0.3432,0.4616,0.5035000000000001,0.5058,0.5243,0.534,0.5267000000000001,0.5426,0.6338,0.5902000000000001
2025-10-28,Iwik,Sen2Cor,S2B_MSIL2A_20251028T113319_N0511_R080_T28QCG_20251028T134111.SAFE,C:\Users\Simon\Nextcloud\Project\Mauritania\Science\Arguin - FieldWork Data Processing\Data\S2\Sen2Cor\S2B_MSIL2A_20251028T113319_N0511_R080_T28QCG_20251028T134111.zip,477,46,6353,363535.0,2199555.0,0.2141,0.253,0.3412,0.45840000000000003,0.5035000000000001,0.5058,0.5243,0.5336000000000001,0.5267000000000001,0.5426,0.6338,0.5902000000000001
2025-10-28,Iwik,Sen2Cor,S2B_MSIL2A_20251028T113319_N0511_R080_T28QCG_20251028T134111.SAFE,C:\Users\Simon\Nextcloud\Project\Mauritania\Science\Arguin - FieldWork Data Processing\Data\S2\Sen2Cor\S2B_MSIL2A_20251028T113319_N0511_R080_T28QCG_20251028T134111.zip,478,46,6354,363545.0,2199555.0,0.21380000000000002,0.25420000000000004,0.3388,0.4616,0.5112,0.5134000000000001,0.5298,0.534,0.5371,0.543,0.6377,0.5888
2025-10-28,Iwik,Sen2Cor,S2B_MSIL2A_20251028T113319_N0511_R080_T28QCG_20251028T134111.SAFE,C:\Users\Simon\Nextcloud\Project\Mauritania\Science\Arguin - FieldWork Data Processing\Data\S2\Sen2Cor\S2B_MSIL2A_20251028T113319_N0511_R080_T28QCG_20251028T134111.zip,479,46,6355,363555.0,2199555.0,0.21380000000000002,0.2548,0.34800000000000003,0.46240000000000003,0.5112,0.5134000000000001,0.5298,0.5316000000000001,0.5371,0.543,0.6377,0.5888
2025-10-28,Iwik,Sen2Cor,S2B_MSIL2A_20251028T113319_N0511_R080_T28QCG_20251028T134111.SAFE,C:\Users\Simon\Nextcloud\Project\Mauritania\Science\Arguin - FieldWork Data Processing\Data\S2\Sen2Cor\S2B_MSIL2A_20251028T113319_N0511_R080_T28QCG_20251028T134111.zip,480,46,6356,363565.0,2199555.0,0.2152,0.25620000000000004,0.342,0.4652,0.5243,0.5259,0.5474,0.5376000000000001,0.5468000000000001,0.543,0.6521,0.6059
2025-10-28,Iwik,Sen2Cor,S2B_MSIL2A_20251028T113319_N0511_R080_T28QCG_20251028T134111.SAFE,C:\Users\Simon\Nextcloud\Project\Mauritania\Science\Arguin - FieldWork Data Processing\Data\S2\Sen2Cor\S2B_MSIL2A_20251028T113319_N0511_R080_T28QCG_20251028T134111.zip,481,46,6357,363575.0,2199555.0,0.2152,0.26,0.3508,0.4736,0.5243,0.5259,0.5474,0.55,0.5468000000000001,0.543,0.6521,0.6059
2025-10-28,Iwik,Sen2Cor,S2B_MSIL2A_20251028T113319_N0511_R080_T28QCG_20251028T134111.SAFE,C:\Users\Simon\Nextcloud\Project\Mauritania\Science\Arguin - FieldWork Data Processing\Data\S2\Sen2Cor\S2B_MSIL2A_20251028T113319_N0511_R080_T28QCG_20251028T134111.zip,482,47,6335,363355.0,2199545.0,0.21810000000000002,0.269,0.36200000000000004,0.4828,0.5247,0.525,0.5463,0.5596,0.5525,0.549,0.6555000000000001,0.6222
2025-10-28,Iwik,Sen2Cor,S2B_MSIL2A_20251028T113319_N0511_R080_T28QCG_20251028T134111.SAFE,C:\Users\Simon\Nextcloud\Project\Mauritania\Science\Arguin - FieldWork Data Processing\Data\S2\Sen2Cor\S2B_MSIL2A_20251028T113319_N0511_R080_T28QCG_20251028T134111.zip,483,47,6336,363365.0,2199545.0,0.22030000000000002,0.2788,0.372,0.4924,0.5327000000000001,0.5292,0.5483,0.5688,0.557,0.5573,0.6541,0.6212
2025-10-28,Iwik,Sen2Cor,S2B_MSIL2A_20251028T113319_N0511_R080_T28QCG_20251028T134111.SAFE,C:\Users\Simon\Nextcloud\Project\Mauritania\Science\Arguin - FieldWork Data Processing\Data\S2\Sen2Cor\S2B_MSIL2A_20251028T113319_N0511_R080_T28QCG_20251028T134111.zip,484,47,6337,363375.0,2199545.0,0.22030000000000002,0.2732,0.3632,0.4904,0.5327000000000001,0.5292,0.5483,0.5636,0.557,0.5573,0.6541,0.6212
2025-10-28,Iwik,Sen2Cor,S2B_MSIL2A_20251028T113319_N0511_R080_T28QCG_20251028T134111.SAFE,C:\Users\Simon\Nextcloud\Project\Mauritania\Science\Arguin - FieldWork Data Processing\Data\S2\Sen2Cor\S2B_MSIL2A_20251028T113319_N0511_R080_T28QCG_20251028T134111.zip,485,47,6338,363385.0,2199545.0,0.2223,0.2778,0.3684,0.4872,0.5279,0.5321,0.5485,0.5660000000000001,0.552,0.5573,0.6519,0.6163000000000001
2025-10-28,Iwik,Sen2Cor,S2B_MSIL2A_20251028T113319_N0511_R080_T28QCG_20251028T134111.SAFE,C:\Users\Simon\Nextcloud\Project\Mauritania\Science\Arguin - FieldWork Data Processing\Data\S2\Sen2Cor\S2B_MSIL2A_20251028T113319_N0511_R080_T28QCG_20251028T134111.zip,486,47,6339,363395.0,2199545.0,0.2223,0.2756,0.3704,0.49200000000000005,0.5279,0.5321,0.5485,0.5668000000000001,0.552,0.5573,0.6519,0.6163000000000001
2025-10-28,Iwik,Sen2Cor,S2B_MSIL2A_20251028T113319_N0511_R080_T28QCG_20251028T134111.SAFE,C:\Users\Simon\Nextcloud\Project\Mauritania\Science\Arguin - FieldWork Data Processing\Data\S2\Sen2Cor\S2B_MSIL2A_20251028T113319_N0511_R080_T28QCG_20251028T134111.zip,487,47,6340,363405.0,2199545.0,0.2215,0.2706,0.364,0.4808,0.524,0.5296000000000001,0.5462,0.5640000000000001,0.5567,0.5573,0.652,0.6176
2025-10-28,Iwik,Sen2Cor,S2B_MSIL2A_20251028T113319_N0511_R080_T28QCG_20251028T134111.SAFE,C:\Users\Simon\Nextcloud\Project\Mauritania\Science\Arguin - FieldWork Data Processing\Data\S2\Sen2Cor\S2B_MSIL2A_20251028T113319_N0511_R080_T28QCG_20251028T134111.zip,488,47,6341,363415.0,2199545.0,0.2215,0.2624,0.35600000000000004,0.4788,0.524,0.5296000000000001,0.5462,0.5552,0.5567,0.5573,0.652,0.6176
2025-10-28,Iwik,Sen2Cor,S2B_MSIL2A_20251028T113319_N0511_R080_T28QCG_20251028T134111.SAFE,C:\Users\Simon\Nextcloud\Project\Mauritania\Science\Arguin - FieldWork Data Processing\Data\S2\Sen2Cor\S2B_MSIL2A_20251028T113319_N0511_R080_T28QCG_20251028T134111.zip,489,47,6342,363425.0,2199545.0,0.2184,0.2584,0.3496,0.468,0.5158,0.5146000000000001,0.5353,0.5436,0.5386000000000001,0.5482,0.6471,0.6085
2025-10-28,Iwik,Sen2Cor,S2B_MSIL2A_20251028T113319_N0511_R080_T28QCG_20251028T134111.SAFE,C:\Users\Simon\Nextcloud\Project\Mauritania\Science\Arguin - FieldWork Data Processing\Data\S2\Sen2Cor\S2B_MSIL2A_20251028T113319_N0511_R080_T28QCG_20251028T134111.zip,490,47,6343,363435.0,2199545.0,0.2184,0.25980000000000003,0.3508,0.47000000000000003,0.5158,0.5146000000000001,0.5353,0.5488000000000001,0.5386000000000001,0.5482,0.6471,0.6085
2025-10-28,Iwik,Sen2Cor,S2B_MSIL2A_20251028T113319_N0511_R080_T28QCG_20251028T134111.SAFE,C:\Users\Simon\Nextcloud\Project\Mauritania\Science\Arguin - FieldWork Data Processing\Data\S2\Sen2Cor\S2B_MSIL2A_20251028T113319_N0511_R080_T28QCG_20251028T134111.zip,491,47,6344,363445.0,2199545.0,0.2159,0.2676,0.364,0.4812,0.5262,0.5255000000000001,0.5418000000000001,0.5612,0.5492,0.5482,0.6502,0.6127
2025-10-28,Iwik,Sen2Cor,S2B_MSIL2A_20251028T113319_N0511_R080_T28QCG_20251028T134111.SAFE,C:\Users\Simon\Nextcloud\Project\Mauritania\Science\Arguin - FieldWork Data Processing\Data\S2\Sen2Cor\S2B_MSIL2A_20251028T113319_N0511_R080_T28QCG_20251028T134111.zip,492,47,6345,363455.0,2199545.0,0.2159,0.2632,0.3548,0.4828,0.5262,0.5255000000000001,0.5418000000000001,0.56,0.5492,0.5482,0.6502,0.6127
2025-10-28,Iwik,Sen2Cor,S2B_MSIL2A_20251028T113319_N0511_R080_T28QCG_20251028T134111.SAFE,C:\Users\Simon\Nextcloud\Project\Mauritania\Science\Arguin - FieldWork Data Processing\Data\S2\Sen2Cor\S2B_MSIL2A_20251028T113319_N0511_R080_T28QCG_20251028T134111.zip,493,47,6346,363465.0,2199545.0,0.2149,0.2602,0.3528,0.47400000000000003,0.5172,0.5195000000000001,0.5398000000000001,0.5464,0.542,0.5482,0.6457,0.6079
2025-10-28,Iwik,Sen2Cor,S2B_MSIL2A_20251028T113319_N0511_R080_T28QCG_20251028T134111.SAFE,C:\Users\Simon\Nextcloud\Project\Mauritania\Science\Arguin - FieldWork Data Processing\Data\S2\Sen2Cor\S2B_MSIL2A_20251028T113319_N0511_R080_T28QCG_20251028T134111.zip,494,47,6347,363475.0,2199545.0,0.2149,0.26480000000000004,0.3572,0.4776,0.5172,0.5195000000000001,0.5398000000000001,0.5532,0.542,0.5482,0.6457,0.6079
2025-10-28,Iwik,Sen2Cor,S2B_MSIL2A_20251028T113319_N0511_R080_T28QCG_20251028T134111.SAFE,C:\Users\Simon\Nextcloud\Project\Mauritania\Science\Arguin - FieldWork Data Processing\Data\S2\Sen2Cor\S2B_MSIL2A_20251028T113319_N0511_R080_T28QCG_20251028T134111.zip,495,47,6348,363485.0,2199545.0,0.2147,0.2614,0.35000000000000003,0.47200000000000003,0.5146000000000001,0.5183,0.534,0.5492,0.5417000000000001,0.5426,0.6444000000000001,0.6031000000000001
2025-10-28,Iwik,Sen2Cor,S2B_MSIL2A_20251028T113319_N0511_R080_T28QCG_20251028T134111.SAFE,C:\Users\Simon\Nextcloud\Project\Mauritania\Science\Arguin - FieldWork Data Processing\Data\S2\Sen2Cor\S2B_MSIL2A_20251028T113319_N0511_R080_T28QCG_20251028T134111.zip,496,47,6349,363495.0,2199545.0,0.2147,0.2586,0.3488,0.4716,0.5146000000000001,0.5183,0.534,0.5436,0.5417000000000001,0.5426,0.6444000000000001,0.6031000000000001
2025-10-28,Iwik,Sen2Cor,S2B_MSIL2A_20251028T113319_N0511_R080_T28QCG_20251028T134111.SAFE,C:\Users\Simon\Nextcloud\Project\Mauritania\Science\Arguin - FieldWork Data Processing\Data\S2\Sen2Cor\S2B_MSIL2A_20251028T113319_N0511_R080_T28QCG_20251028T134111.zip,497,47,6350,363505.0,2199545.0,0.21450000000000002,0.261,0.3504,0.47400000000000003,0.5134000000000001,0.5149,0.528,0.5504,0.543,0.5426,0.6375000000000001,0.6025
2025-10-28,Iwik,Sen2Cor,S2B_MSIL2A_20251028T113319_N0511_R080_T28QCG_20251028T134111.SAFE,C:\Users\Simon\Nextcloud\Project\Mauritania\Science\Arguin - FieldWork Data Processing\Data\S2\Sen2Cor\S2B_MSIL2A_20251028T113319_N0511_R080_T28QCG_20251028T134111.zip,498,47,6351,363515.0,2199545.0,0.21450000000000002,0.2548,0.34440000000000004,0.4616,0.5134000000000001,0.5149,0.528,0.5348,0.543,0.5426,0.6375000000000001,0.6025
2025-10-28,Iwik,Sen2Cor,S2B_MSIL2A_20251028T113319_N0511_R080_T28QCG_20251028T134111.SAFE,C:\Users\Simon\Nextcloud\Project\Mauritania\Science\Arguin - FieldWork Data Processing\Data\S2\Sen2Cor\S2B_MSIL2A_20251028T113319_N0511_R080_T28QCG_20251028T134111.zip,499,47,6352,363525.0,2199545.0,0.2141,0.2524,0.3388,0.4596,0.5035000000000001,0.5058,0.5243,0.5336000000000001,0.5267000000000001,0.5426,0.6338,0.5902000000000001
2025-10-28,Iwik,Sen2Cor,S2B_MSIL2A_20251028T113319_N0511_R080_T28QCG_20251028T134111.SAFE,C:\Users\Simon\Nextcloud\Project\Mauritania\Science\Arguin - FieldWork Data Processing\Data\S2\Sen2Cor\S2B_MSIL2A_20251028T113319_N0511_R080_T28QCG_20251028T134111.zip,500,47,6353,363535.0,2199545.0,0.2141,0.2564,0.3416,0.4592,0.5035000000000001,0.5058,0.5243,0.5372,0.5267000000000001,0.5426,0.6338,0.5902000000000001
2025-10-28,Iwik,Sen2Cor,S2B_MSIL2A_20251028T113319_N0511_R080_T28QCG_20251028T134111.SAFE,C:\Users\Simon\Nextcloud\Project\Mauritania\Science\Arguin - FieldWork Data Processing\Data\S2\Sen2Cor\S2B_MSIL2A_20251028T113319_N0511_R080_T28QCG_20251028T134111.zip,501,47,6354,363545.0,2199545.0,0.21380000000000002,0.263,0.3516,0.4728,0.5112,0.5134000000000001,0.5298,0.544,0.5371,0.543,0.6377,0.5888
2025-10-28,Iwik,Sen2Cor,S2B_MSIL2A_20251028T113319_N0511_R080_T28QCG_20251028T134111.SAFE,C:\Users\Simon\Nextcloud\Project\Mauritania\Science\Arguin - FieldWork Data Processing\Data\S2\Sen2Cor\S2B_MSIL2A_20251028T113319_N0511_R080_T28QCG_20251028T134111.zip,502,47,6355,363555.0,2199545.0,0.21380000000000002,0.272,0.3624,0.4808,0.5112,0.5134000000000001,0.5298,0.5584,0.5371,0.543,0.6377,0.5888
2025-10-28,Iwik,Sen2Cor,S2B_MSIL2A_20251028T113319_N0511_R080_T28QCG_20251028T134111.SAFE,C:\Users\Simon\Nextcloud\Project\Mauritania\Science\Arguin - FieldWork Data Processing\Data\S2\Sen2Cor\S2B_MSIL2A_20251028T113319_N0511_R080_T28QCG_20251028T134111.zip,503,47,6356,363565.0,2199545.0,0.2152,0.26880000000000004,0.3608,0.48800000000000004,0.5243,0.5259,0.5474,0.5628000000000001,0.5468000000000001,0.543,0.6521,0.6059
2025-10-28,Iwik,Sen2Cor,S2B_MSIL2A_20251028T113319_N0511_R080_T28QCG_20251028T134111.SAFE,C:\Users\Simon\Nextcloud\Project\Mauritania\Science\Arguin - FieldWork Data Processing\Data\S2\Sen2Cor\S2B_MSIL2A_20251028T113319_N0511_R080_T28QCG_20251028T134111.zip,504,47,6357,363575.0,2199545.0,0.2152,0.2676,0.3624,0.49160000000000004,0.5243,0.5259,0.5474,0.5636,0.5468000000000001,0.543,0.6521,0.6059
2025-10-28,Iwik,Sen2Cor,S2B_MSIL2A_20251028T113319_N0511_R080_T28QCG_20251028T134111.SAFE,C:\Users\Simon\Nextcloud\Project\Mauritania\Science\Arguin - FieldWork Data Processing\Data\S2\Sen2Cor\S2B_MSIL2A_20251028T113319_N0511_R080_T28QCG_20251028T134111.zip,505,48,6335,363355.0,2199535.0,0.2142,0.2684,0.35960000000000003,0.47440000000000004,0.5147,0.5152,0.538,0.554,0.5413,0.5357000000000001,0.6467,0.6184000000000001
2025-10-28,Iwik,Sen2Cor,S2B_MSIL2A_20251028T113319_N0511_R080_T28QCG_20251028T134111.SAFE,C:\Users\Simon\Nextcloud\Project\Mauritania\Science\Arguin - FieldWork Data Processing\Data\S2\Sen2Cor\S2B_MSIL2A_20251028T113319_N0511_R080_T28QCG_20251028T134111.zip,506,48,6336,363365.0,2199535.0,0.21880000000000002,0.2706,0.3612,0.48040000000000005,0.5225000000000001,0.5242,0.5449,0.5568000000000001,0.5503,0.5512,0.6505000000000001,0.6183000000000001
2025-10-28,Iwik,Sen2Cor,S2B_MSIL2A_20251028T113319_N0511_R080_T28QCG_20251028T134111.SAFE,C:\Users\Simon\Nextcloud\Project\Mauritania\Science\Arguin - FieldWork Data Processing\Data\S2\Sen2Cor\S2B_MSIL2A_20251028T113319_N0511_R080_T28QCG_20251028T134111.zip,507,48,6337,363375.0,2199535.0,0.21880000000000002,0.26980000000000004,0.36200000000000004,0.48760000000000003,0.5225000000000001,0.5242,0.5449,0.5592,0.5503,0.5512,0.6505000000000001,0.6183000000000001
2025-10-28,Iwik,Sen2Cor,S2B_MSIL2A_20251028T113319_N0511_R080_T28QCG_20251028T134111.SAFE,C:\Users\Simon\Nextcloud\Project\Mauritania\Science\Arguin - FieldWork Data Processing\Data\S2\Sen2Cor\S2B_MSIL2A_20251028T113319_N0511_R080_T28QCG_20251028T134111.zip,508,48,6338,363385.0,2199535.0,0.22190000000000001,0.275,0.364,0.4868,0.5266000000000001,0.5304,0.5445,0.5612,0.553,0.5512,0.6513,0.6146
2025-10-28,Iwik,Sen2Cor,S2B_MSIL2A_20251028T113319_N0511_R080_T28QCG_20251028T134111.SAFE,C:\Users\Simon\Nextcloud\Project\Mauritania\Science\Arguin - FieldWork Data Processing\Data\S2\Sen2Cor\S2B_MSIL2A_20251028T113319_N0511_R080_T28QCG_20251028T134111.zip,509,48,6339,363395.0,2199535.0,0.22190000000000001,0.2776,0.3708,0.4884,0.5266000000000001,0.5304,0.5445,0.5668000000000001,0.553,0.5512,0.6513,0.6146
2025-10-28,Iwik,Sen2Cor,S2B_MSIL2A_20251028T113319_N0511_R080_T28QCG_20251028T134111.SAFE,C:\Users\Simon\Nextcloud\Project\Mauritania\Science\Arguin - FieldWork Data Processing\Data\S2\Sen2Cor\S2B_MSIL2A_20251028T113319_N0511_R080_T28QCG_20251028T134111.zip,510,48,6340,363405.0,2199535.0,0.221,0.2686,0.3548,0.4788,0.5184,0.5218,0.5408000000000001,0.5572,0.5497000000000001,0.5512,0.6471,0.6127
2025-10-28,Iwik,Sen2Cor,S2B_MSIL2A_20251028T113319_N0511_R080_T28QCG_20251028T134111.SAFE,C:\Users\Simon\Nextcloud\Project\Mauritania\Science\Arguin - FieldWork Data Processing\Data\S2\Sen2Cor\S2B_MSIL2A_20251028T113319_N0511_R080_T28QCG_20251028T134111.zip,511,48,6341,363415.0,2199535.0,0.221,0.2656,0.3552,0.4732,0.5184,0.5218,0.5408000000000001,0.5556,0.5497000000000001,0.5512,0.6471,0.6127
2025-10-28,Iwik,Sen2Cor,S2B_MSIL2A_20251028T113319_N0511_R080_T28QCG_20251028T134111.SAFE,C:\Users\Simon\Nextcloud\Project\Mauritania\Science\Arguin - FieldWork Data Processing\Data\S2\Sen2Cor\S2B_MSIL2A_20251028T113319_N0511_R080_T28QCG_20251028T134111.zip,512,48,6342,363425.0,2199535.0,0.2185,0.2624,0.35400000000000004,0.47400000000000003,0.5188,0.5207,0.5387000000000001,0.5464,0.5415,0.5493,0.6454000000000001,0.6116
2025-10-28,Iwik,Sen2Cor,S2B_MSIL2A_20251028T113319_N0511_R080_T28QCG_20251028T134111.SAFE,C:\Users\Simon\Nextcloud\Project\Mauritania\Science\Arguin - FieldWork Data Processing\Data\S2\Sen2Cor\S2B_MSIL2A_20251028T113319_N0511_R080_T28QCG_20251028T134111.zip,513,48,6343,363435.0,2199535.0,0.2185,0.2596,0.35000000000000003,0.47640000000000005,0.5188,0.5207,0.5387000000000001,0.55,0.5415,0.5493,0.6454000000000001,0.6116
2025-10-28,Iwik,Sen2Cor,S2B_MSIL2A_20251028T113319_N0511_R080_T28QCG_20251028T134111.SAFE,C:\Users\Simon\Nextcloud\Project\Mauritania\Science\Arguin - FieldWork Data Processing\Data\S2\Sen2Cor\S2B_MSIL2A_20251028T113319_N0511_R080_T28QCG_20251028T134111.zip,514,48,6344,363445.0,2199535.0,0.2165,0.269,0.3648,0.4812,0.5199,0.525,0.5443,0.5584,0.546,0.5493,0.6471,0.6094
2025-10-28,Iwik,Sen2Cor,S2B_MSIL2A_20251028T113319_N0511_R080_T28QCG_20251028T134111.SAFE,C:\Users\Simon\Nextcloud\Project\Mauritania\Science\Arguin - FieldWork Data Processing\Data\S2\Sen2Cor\S2B_MSIL2A_20251028T113319_N0511_R080_T28QCG_20251028T134111.zip,515,48,6345,363455.0,2199535.0,0.2165,0.2586,0.3488,0.47640000000000005,0.5199,0.525,0.5443,0.5488000000000001,0.546,0.5493,0.6471,0.6094
2025-10-28,Iwik,Sen2Cor,S2B_MSIL2A_20251028T113319_N0511_R080_T28QCG_20251028T134111.SAFE,C:\Users\Simon\Nextcloud\Project\Mauritania\Science\Arguin - FieldWork Data Processing\Data\S2\Sen2Cor\S2B_MSIL2A_20251028T113319_N0511_R080_T28QCG_20251028T134111.zip,516,48,6346,363465.0,2199535.0,0.216,0.2546,0.34600000000000003,0.46440000000000003,0.5129,0.5168,0.5308,0.5436,0.5434,0.5493,0.6448,0.6052000000000001
2025-10-28,Iwik,Sen2Cor,S2B_MSIL2A_20251028T113319_N0511_R080_T28QCG_20251028T134111.SAFE,C:\Users\Simon\Nextcloud\Project\Mauritania\Science\Arguin - FieldWork Data Processing\Data\S2\Sen2Cor\S2B_MSIL2A_20251028T113319_N0511_R080_T28QCG_20251028T134111.zip,517,48,6347,363475.0,2199535.0,0.216,0.26080000000000003,0.35000000000000003,0.4692,0.5129,0.5168,0.5308,0.5456,0.5434,0.5493,0.6448,0.6052000000000001
2025-10-28,Iwik,Sen2Cor,S2B_MSIL2A_20251028T113319_N0511_R080_T28QCG_20251028T134111.SAFE,C:\Users\Simon\Nextcloud\Project\Mauritania\Science\Arguin - FieldWork Data Processing\Data\S2\Sen2Cor\S2B_MSIL2A_20251028T113319_N0511_R080_T28QCG_20251028T134111.zip,518,48,6348,363485.0,2199535.0,0.21610000000000001,0.258,0.34400000000000003,0.46880000000000005,0.5132,0.5149,0.5322,0.5456,0.5381,0.5468000000000001,0.6432,0.6035
2025-10-28,Iwik,Sen2Cor,S2B_MSIL2A_20251028T113319_N0511_R080_T28QCG_20251028T134111.SAFE,C:\Users\Simon\Nextcloud\Project\Mauritania\Science\Arguin - FieldWork Data Processing\Data\S2\Sen2Cor\S2B_MSIL2A_20251028T113319_N0511_R080_T28QCG_20251028T134111.zip,519,48,6349,363495.0,2199535.0,0.21610000000000001,0.2624,0.3488,0.46680000000000005,0.5132,0.5149,0.5322,0.5428000000000001,0.5381,0.5468000000000001,0.6432,0.6035
2025-10-28,Iwik,Sen2Cor,S2B_MSIL2A_20251028T113319_N0511_R080_T28QCG_20251028T134111.SAFE,C:\Users\Simon\Nextcloud\Project\Mauritania\Science\Arguin - FieldWork Data Processing\Data\S2\Sen2Cor\S2B_MSIL2A_20251028T113319_N0511_R080_T28QCG_20251028T134111.zip,520,48,6350,363505.0,2199535.0,0.21630000000000002,0.2586,0.3472,0.46880000000000005,0.5169,0.5132,0.53,0.548,0.5382,0.5468000000000001,0.6379,0.6017
2025-10-28,Iwik,Sen2Cor,S2B_MSIL2A_20251028T113319_N0511_R080_T28QCG_20251028T134111.SAFE,C:\Users\Simon\Nextcloud\Project\Mauritania\Science\Arguin - FieldWork Data Processing\Data\S2\Sen2Cor\S2B_MSIL2A_20251028T113319_N0511_R080_T28QCG_20251028T134111.zip,521,48,6351,363515.0,2199535.0,0.21630000000000002,0.2574,0.3432,0.4572,0.5169,0.5132,0.53,0.5368,0.5382,0.5468000000000001,0.6379,0.6017
2025-10-28,Iwik,Sen2Cor,S2B_MSIL2A_20251028T113319_N0511_R080_T28QCG_20251028T134111.SAFE,C:\Users\Simon\Nextcloud\Project\Mauritania\Science\Arguin - FieldWork Data Processing\Data\S2\Sen2Cor\S2B_MSIL2A_20251028T113319_N0511_R080_T28QCG_20251028T134111.zip,522,48,6352,363525.0,2199535.0,0.216,0.26,0.3492,0.4716,0.52,0.5237,0.5416000000000001,0.542,0.5461,0.5468000000000001,0.646,0.6015
2025-10-28,Iwik,Sen2Cor,S2B_MSIL2A_20251028T113319_N0511_R080_T28QCG_20251028T134111.SAFE,C:\Users\Simon\Nextcloud\Project\Mauritania\Science\Arguin - FieldWork Data Processing\Data\S2\Sen2Cor\S2B_MSIL2A_20251028T113319_N0511_R080_T28QCG_20251028T134111.zip,523,48,6353,363535.0,2199535.0,0.216,0.264,0.3544,0.4812,0.52,0.5237,0.5416000000000001,0.5532,0.5461,0.5468000000000001,0.646,0.6015
2025-10-28,Iwik,Sen2Cor,S2B_MSIL2A_20251028T113319_N0511_R080_T28QCG_20251028T134111.SAFE,C:\Users\Simon\Nextcloud\Project\Mauritania\Science\Arguin - FieldWork Data Processing\Data\S2\Sen2Cor\S2B_MSIL2A_20251028T113319_N0511_R080_T28QCG_20251028T134111.zip,524,48,6354,363545.0,2199535.0,0.21580000000000002,0.2664,0.3544,0.4832,0.5307000000000001,0.5285000000000001,0.5426,0.554,0.5528000000000001,0.5534,0.6516000000000001,0.6097
2025-10-28,Iwik,Sen2Cor,S2B_MSIL2A_20251028T113319_N0511_R080_T28QCG_20251028T134111.SAFE,C:\Users\Simon\Nextcloud\Project\Mauritania\Science\Arguin - FieldWork Data Processing\Data\S2\Sen2Cor\S2B_MSIL2A_20251028T113319_N0511_R080_T28QCG_20251028T134111.zip,525,48,6355,363555.0,2199535.0,0.21580000000000002,0.27,0.35760000000000003,0.48160000000000003,0.5307000000000001,0.5285000000000001,0.5426,0.556,0.5528000000000001,0.5534,0.6516000000000001,0.6097
2025-10-28,Iwik,Sen2Cor,S2B_MSIL2A_20251028T113319_N0511_R080_T28QCG_20251028T134111.SAFE,C:\Users\Simon\Nextcloud\Project\Mauritania\Science\Arguin - FieldWork Data Processing\Data\S2\Sen2Cor\S2B_MSIL2A_20251028T113319_N0511_R080_T28QCG_20251028T134111.zip,526,48,6356,363565.0,2199535.0,0.216,0.2712,0.3652,0.4948,0.5339,0.5429,0.5579000000000001,0.5684,0.5612,0.5534,0.6587000000000001,0.6176
2025-10-28,Iwik,Sen2Cor,S2B_MSIL2A_20251028T113319_N0511_R080_T28QCG_20251028T134111.SAFE,C:\Users\Simon\Nextcloud\Project\Mauritania\Science\Arguin - FieldWork Data Processing\Data\S2\Sen2Cor\S2B_MSIL2A_20251028T113319_N0511_R080_T28QCG_20251028T134111.zip,527,48,6357,363575.0,2199535.0,0.216,0.274,0.368,0.496,0.5339,0.5429,0.5579000000000001,0.5692,0.5612,0.5534,0.6587000000000001,0.6176
2025-10-28,Iwik,Sen2Cor,S2B_MSIL2A_20251028T113319_N0511_R080_T28QCG_20251028T134111.SAFE,C:\Users\Simon\Nextcloud\Project\Mauritania\Science\Arguin - FieldWork Data Processing\Data\S2\Sen2Cor\S2B_MSIL2A_20251028T113319_N0511_R080_T28QCG_20251028T134111.zip,528,49,6334,363345.0,2199525.0,0.2142,0.2576,0.3468,0.4612,0.5147,0.5152,0.538,0.5412,0.5413,0.5357000000000001,0.6467,0.6184000000000001
2025-10-28,Iwik,Sen2Cor,S2B_MSIL2A_20251028T113319_N0511_R080_T28QCG_20251028T134111.SAFE,C:\Users\Simon\Nextcloud\Project\Mauritania\Science\Arguin - FieldWork Data Processing\Data\S2\Sen2Cor\S2B_MSIL2A_20251028T113319_N0511_R080_T28QCG_20251028T134111.zip,529,49,6335,363355.0,2199525.0,0.2142,0.2566,0.3488,0.4652,0.5147,0.5152,0.538,0.5492,0.5413,0.5357000000000001,0.6467,0.6184000000000001
2025-10-28,Iwik,Sen2Cor,S2B_MSIL2A_20251028T113319_N0511_R080_T28QCG_20251028T134111.SAFE,C:\Users\Simon\Nextcloud\Project\Mauritania\Science\Arguin - FieldWork Data Processing\Data\S2\Sen2Cor\S2B_MSIL2A_20251028T113319_N0511_R080_T28QCG_20251028T134111.zip,530,49,6336,363365.0,2199525.0,0.21880000000000002,0.2636,0.3516,0.4736,0.5225000000000001,0.5242,0.5449,0.5508000000000001,0.5503,0.5512,0.6505000000000001,0.6183000000000001
2025-10-28,Iwik,Sen2Cor,S2B_MSIL2A_20251028T113319_N0511_R080_T28QCG_20251028T134111.SAFE,C:\Users\Simon\Nextcloud\Project\Mauritania\Science\Arguin - FieldWork Data Processing\Data\S2\Sen2Cor\S2B_MSIL2A_20251028T113319_N0511_R080_T28QCG_20251028T134111.zip,531,49,6337,363375.0,2199525.0,0.21880000000000002,0.268,0.3604,0.4832,0.5225000000000001,0.5242,0.5449,0.558,0.5503,0.5512,0.6505000000000001,0.6183000000000001
2025-10-28,Iwik,Sen2Cor,S2B_MSIL2A_20251028T113319_N0511_R080_T28QCG_20251028T134111.SAFE,C:\Users\Simon\Nextcloud\Project\Mauritania\Science\Arguin - FieldWork Data Processing\Data\S2\Sen2Cor\S2B_MSIL2A_20251028T113319_N0511_R080_T28QCG_20251028T134111.zip,532,49,6338,363385.0,2199525.0,0.22190000000000001,0.2692,0.35960000000000003,0.48040000000000005,0.5266000000000001,0.5304,0.5445,0.556,0.553,0.5512,0.6513,0.6146
2025-10-28,Iwik,Sen2Cor,S2B_MSIL2A_20251028T113319_N0511_R080_T28QCG_20251028T134111.SAFE,C:\Users\Simon\Nextcloud\Project\Mauritania\Science\Arguin - FieldWork Data Processing\Data\S2\Sen2Cor\S2B_MSIL2A_20251028T113319_N0511_R080_T28QCG_20251028T134111.zip,533,49,6339,363395.0,2199525.0,0.22190000000000001,0.27,0.3608,0.4808,0.5266000000000001,0.5304,0.5445,0.5568000000000001,0.553,0.5512,0.6513,0.6146
2025-10-28,Iwik,Sen2Cor,S2B_MSIL2A_20251028T113319_N0511_R080_T28QCG_20251028T134111.SAFE,C:\Users\Simon\Nextcloud\Project\Mauritania\Science\Arguin - FieldWork Data Processing\Data\S2\Sen2Cor\S2B_MSIL2A_20251028T113319_N0511_R080_T28QCG_20251028T134111.zip,534,49,6340,363405.0,2199525.0,0.221,0.2644,0.3528,0.4752,0.5184,0.5218,0.5408000000000001,0.5504,0.5497000000000001,0.5512,0.6471,0.6127
2025-10-28,Iwik,Sen2Cor,S2B_MSIL2A_20251028T113319_N0511_R080_T28QCG_20251028T134111.SAFE,C:\Users\Simon\Nextcloud\Project\Mauritania\Science\Arguin - FieldWork Data Processing\Data\S2\Sen2Cor\S2B_MSIL2A_20251028T113319_N0511_R080_T28QCG_20251028T134111.zip,535,49,6341,363415.0,2199525.0,0.221,0.2662,0.3568,0.4736,0.5184,0.5218,0.5408000000000001,0.5528000000000001,0.5497000000000001,0.5512,0.6471,0.6127
2025-10-28,Iwik,Sen2Cor,S2B_MSIL2A_20251028T113319_N0511_R080_T28QCG_20251028T134111.SAFE,C:\Users\Simon\Nextcloud\Project\Mauritania\Science\Arguin - FieldWork Data Processing\Data\S2\Sen2Cor\S2B_MSIL2A_20251028T113319_N0511_R080_T28QCG_20251028T134111.zip,536,49,6342,363425.0,2199525.0,0.2185,0.264,0.35200000000000004,0.4716,0.5188,0.5207,0.5387000000000001,0.5472,0.5415,0.5493,0.6454000000000001,0.6116
2025-10-28,Iwik,Sen2Cor,S2B_MSIL2A_20251028T113319_N0511_R080_T28QCG_20251028T134111.SAFE,C:\Users\Simon\Nextcloud\Project\Mauritania\Science\Arguin - FieldWork Data Processing\Data\S2\Sen2Cor\S2B_MSIL2A_20251028T113319_N0511_R080_T28QCG_20251028T134111.zip,537,49,6343,363435.0,2199525.0,0.2185,0.2592,0.35400000000000004,0.47640000000000005,0.5188,0.5207,0.5387000000000001,0.55,0.5415,0.5493,0.6454000000000001,0.6116
2025-10-28,Iwik,Sen2Cor,S2B_MSIL2A_20251028T113319_N0511_R080_T28QCG_20251028T134111.SAFE,C:\Users\Simon\Nextcloud\Project\Mauritania\Science\Arguin - FieldWork Data Processing\Data\S2\Sen2Cor\S2B_MSIL2A_20251028T113319_N0511_R080_T28QCG_20251028T134111.zip,538,49,6344,363445.0,2199525.0,0.2165,0.2634,0.3584,0.4788,0.5199,0.525,0.5443,0.558,0.546,0.5493,0.6471,0.6094
2025-10-28,Iwik,Sen2Cor,S2B_MSIL2A_20251028T113319_N0511_R080_T28QCG_20251028T134111.SAFE,C:\Users\Simon\Nextcloud\Project\Mauritania\Science\Arguin - FieldWork Data Processing\Data\S2\Sen2Cor\S2B_MSIL2A_20251028T113319_N0511_R080_T28QCG_20251028T134111.zip,539,49,6345,363455.0,2199525.0,0.2165,0.25780000000000003,0.34640000000000004,0.4732,0.5199,0.525,0.5443,0.5484,0.546,0.5493,0.6471,0.6094
2025-10-28,Iwik,Sen2Cor,S2B_MSIL2A_20251028T113319_N0511_R080_T28QCG_20251028T134111.SAFE,C:\Users\Simon\Nextcloud\Project\Mauritania\Science\Arguin - FieldWork Data Processing\Data\S2\Sen2Cor\S2B_MSIL2A_20251028T113319_N0511_R080_T28QCG_20251028T134111.zip,540,49,6346,363465.0,2199525.0,0.216,0.25420000000000004,0.3452,0.4652,0.5129,0.5168,0.5308,0.542,0.5434,0.5493,0.6448,0.6052000000000001
2025-10-28,Iwik,Sen2Cor,S2B_MSIL2A_20251028T113319_N0511_R080_T28QCG_20251028T134111.SAFE,C:\Users\Simon\Nextcloud\Project\Mauritania\Science\Arguin - FieldWork Data Processing\Data\S2\Sen2Cor\S2B_MSIL2A_20251028T113319_N0511_R080_T28QCG_20251028T134111.zip,541,49,6347,363475.0,2199525.0,0.216,0.2546,0.34600000000000003,0.46840000000000004,0.5129,0.5168,0.5308,0.538,0.5434,0.5493,0.6448,0.6052000000000001
2025-10-28,Iwik,Sen2Cor,S2B_MSIL2A_20251028T113319_N0511_R080_T28QCG_20251028T134111.SAFE,C:\Users\Simon\Nextcloud\Project\Mauritania\Science\Arguin - FieldWork Data Processing\Data\S2\Sen2Cor\S2B_MSIL2A_20251028T113319_N0511_R080_T28QCG_20251028T134111.zip,542,49,6348,363485.0,2199525.0,0.21610000000000001,0.2626,0.3516,0.47040000000000004,0.5132,0.5149,0.5322,0.5468000000000001,0.5381,0.5468000000000001,0.6432,0.6035
2025-10-28,Iwik,Sen2Cor,S2B_MSIL2A_20251028T113319_N0511_R080_T28QCG_20251028T134111.SAFE,C:\Users\Simon\Nextcloud\Project\Mauritania\Science\Arguin - FieldWork Data Processing\Data\S2\Sen2Cor\S2B_MSIL2A_20251028T113319_N0511_R080_T28QCG_20251028T134111.zip,543,49,6349,363495.0,2199525.0,0.21610000000000001,0.263,0.3536,0.46880000000000005,0.5132,0.5149,0.5322,0.5464,0.5381,0.5468000000000001,0.6432,0.6035
2025-10-28,Iwik,Sen2Cor,S2B_MSIL2A_20251028T113319_N0511_R080_T28QCG_20251028T134111.SAFE,C:\Users\Simon\Nextcloud\Project\Mauritania\Science\Arguin - FieldWork Data Processing\Data\S2\Sen2Cor\S2B_MSIL2A_20251028T113319_N0511_R080_T28QCG_20251028T134111.zip,544,49,6350,363505.0,2199525.0,0.21630000000000002,0.2546,0.3452,0.4652,0.5169,0.5132,0.53,0.542,0.5382,0.5468000000000001,0.6379,0.6017
2025-10-28,Iwik,Sen2Cor,S2B_MSIL2A_20251028T113319_N0511_R080_T28QCG_20251028T134111.SAFE,C:\Users\Simon\Nextcloud\Project\Mauritania\Science\Arguin - FieldWork Data Processing\Data\S2\Sen2Cor\S2B_MSIL2A_20251028T113319_N0511_R080_T28QCG_20251028T134111.zip,545,49,6351,363515.0,2199525.0,0.21630000000000002,0.2674,0.35760000000000003,0.47200000000000003,0.5169,0.5132,0.53,0.5512,0.5382,0.5468000000000001,0.6379,0.6017
2025-10-28,Iwik,Sen2Cor,S2B_MSIL2A_20251028T113319_N0511_R080_T28QCG_20251028T134111.SAFE,C:\Users\Simon\Nextcloud\Project\Mauritania\Science\Arguin - FieldWork Data Processing\Data\S2\Sen2Cor\S2B_MSIL2A_20251028T113319_N0511_R080_T28QCG_20251028T134111.zip,546,49,6352,363525.0,2199525.0,0.216,0.27080000000000004,0.3644,0.4848,0.52,0.5237,0.5416000000000001,0.558,0.5461,0.5468000000000001,0.646,0.6015
2025-10-28,Iwik,Sen2Cor,S2B_MSIL2A_20251028T113319_N0511_R080_T28QCG_20251028T134111.SAFE,C:\Users\Simon\Nextcloud\Project\Mauritania\Science\Arguin - FieldWork Data Processing\Data\S2\Sen2Cor\S2B_MSIL2A_20251028T113319_N0511_R080_T28QCG_20251028T134111.zip,547,49,6353,363535.0,2199525.0,0.216,0.2654,0.35760000000000003,0.48160000000000003,0.52,0.5237,0.5416000000000001,0.558,0.5461,0.5468000000000001,0.646,0.6015
2025-10-28,Iwik,Sen2Cor,S2B_MSIL2A_20251028T113319_N0511_R080_T28QCG_20251028T134111.SAFE,C:\Users\Simon\Nextcloud\Project\Mauritania\Science\Arguin - FieldWork Data Processing\Data\S2\Sen2Cor\S2B_MSIL2A_20251028T113319_N0511_R080_T28QCG_20251028T134111.zip,548,49,6354,363545.0,2199525.0,0.21580000000000002,0.264,0.3536,0.48040000000000005,0.5307000000000001,0.5285000000000001,0.5426,0.5492,0.5528000000000001,0.5534,0.6516000000000001,0.6097
2025-10-28,Iwik,Sen2Cor,S2B_MSIL2A_20251028T113319_N0511_R080_T28QCG_20251028T134111.SAFE,C:\Users\Simon\Nextcloud\Project\Mauritania\Science\Arguin - FieldWork Data Processing\Data\S2\Sen2Cor\S2B_MSIL2A_20251028T113319_N0511_R080_T28QCG_20251028T134111.zip,549,49,6355,363555.0,2199525.0,0.21580000000000002,0.2718,0.36360000000000003,0.4832,0.5307000000000001,0.5285000000000001,0.5426,0.5604,0.5528000000000001,0.5534,0.6516000000000001,0.6097
2025-10-28,Iwik,Sen2Cor,S2B_MSIL2A_20251028T113319_N0511_R080_T28QCG_20251028T134111.SAFE,C:\Users\Simon\Nextcloud\Project\Mauritania\Science\Arguin - FieldWork Data Processing\Data\S2\Sen2Cor\S2B_MSIL2A_20251028T113319_N0511_R080_T28QCG_20251028T134111.zip,550,49,6356,363565.0,2199525.0,0.216,0.27140000000000003,0.3708,0.4948,0.5339,0.5429,0.5579000000000001,0.5692,0.5612,0.5534,0.6587000000000001,0.6176
2025-10-28,Iwik,Sen2Cor,S2B_MSIL2A_20251028T113319_N0511_R080_T28QCG_20251028T134111.SAFE,C:\Users\Simon\Nextcloud\Project\Mauritania\Science\Arguin - FieldWork Data Processing\Data\S2\Sen2Cor\S2B_MSIL2A_20251028T113319_N0511_R080_T28QCG_20251028T134111.zip,551,49,6357,363575.0,2199525.0,0.216,0.2722,0.3652,0.48960000000000004,0.5339,0.5429,0.5579000000000001,0.5688,0.5612,0.5534,0.6587000000000001,0.6176
2025-10-28,Iwik,Sen2Cor,S2B_MSIL2A_20251028T113319_N0511_R080_T28QCG_20251028T134111.SAFE,C:\Users\Simon\Nextcloud\Project\Mauritania\Science\Arguin - FieldWork Data Processing\Data\S2\Sen2Cor\S2B_MSIL2A_20251028T113319_N0511_R080_T28QCG_20251028T134111.zip,552,50,6334,363345.0,2199515.0,0.2117,0.2554,0.3436,0.46280000000000004,0.5074000000000001,0.5123,0.532,0.5384,0.5419,0.5357000000000001,0.6449,0.6152000000000001
2025-10-28,Iwik,Sen2Cor,S2B_MSIL2A_20251028T113319_N0511_R080_T28QCG_20251028T134111.SAFE,C:\Users\Simon\Nextcloud\Project\Mauritania\Science\Arguin - FieldWork Data Processing\Data\S2\Sen2Cor\S2B_MSIL2A_20251028T113319_N0511_R080_T28QCG_20251028T134111.zip,553,50,6335,363355.0,2199515.0,0.2117,0.25680000000000003,0.3476,0.464,0.5074000000000001,0.5123,0.532,0.5448000000000001,0.5419,0.5357000000000001,0.6449,0.6152000000000001
2025-10-28,Iwik,Sen2Cor,S2B_MSIL2A_20251028T113319_N0511_R080_T28QCG_20251028T134111.SAFE,C:\Users\Simon\Nextcloud\Project\Mauritania\Science\Arguin - FieldWork Data Processing\Data\S2\Sen2Cor\S2B_MSIL2A_20251028T113319_N0511_R080_T28QCG_20251028T134111.zip,554,50,6336,363365.0,2199515.0,0.216,0.261,0.35000000000000003,0.46840000000000004,0.5124000000000001,0.516,0.5356000000000001,0.5448000000000001,0.5416000000000001,0.5512,0.6462,0.6129
2025-10-28,Iwik,Sen2Cor,S2B_MSIL2A_20251028T113319_N0511_R080_T28QCG_20251028T134111.SAFE,C:\Users\Simon\Nextcloud\Project\Mauritania\Science\Arguin - FieldWork Data Processing\Data\S2\Sen2Cor\S2B_MSIL2A_20251028T113319_N0511_R080_T28QCG_20251028T134111.zip,555,50,6337,363375.0,2199515.0,0.216,0.2642,0.35200000000000004,0.47400000000000003,0.5124000000000001,0.516,0.5356000000000001,0.5504,0.5416000000000001,0.5512,0.6462,0.6129
2025-10-28,Iwik,Sen2Cor,S2B_MSIL2A_20251028T113319_N0511_R080_T28QCG_20251028T134111.SAFE,C:\Users\Simon\Nextcloud\Project\Mauritania\Science\Arguin - FieldWork Data Processing\Data\S2\Sen2Cor\S2B_MSIL2A_20251028T113319_N0511_R080_T28QCG_20251028T134111.zip,556,50,6338,363385.0,2199515.0,0.21980000000000002,0.267,0.3544,0.47640000000000005,0.5159,0.5196000000000001,0.5371,0.5528000000000001,0.5444,0.5512,0.6473,0.613
2025-10-28,Iwik,Sen2Cor,S2B_MSIL2A_20251028T113319_N0511_R080_T28QCG_20251028T134111.SAFE,C:\Users\Simon\Nextcloud\Project\Mauritania\Science\Arguin - FieldWork Data Processing\Data\S2\Sen2Cor\S2B_MSIL2A_20251028T113319_N0511_R080_T28QCG_20251028T134111.zip,557,50,6339,363395.0,2199515.0,0.21980000000000002,0.2692,0.3544,0.4752,0.5159,0.5196000000000001,0.5371,0.554,0.5444,0.5512,0.6473,0.613
2025-10-28,Iwik,Sen2Cor,S2B_MSIL2A_20251028T113319_N0511_R080_T28QCG_20251028T134111.SAFE,C:\Users\Simon\Nextcloud\Project\Mauritania\Science\Arguin - FieldWork Data Processing\Data\S2\Sen2Cor\S2B_MSIL2A_20251028T113319_N0511_R080_T28QCG_20251028T134111.zip,558,50,6340,363405.0,2199515.0,0.2195,0.2622,0.3512,0.4696,0.5159,0.518,0.5382,0.548,0.5484,0.5512,0.6457,0.6136
2025-10-28,Iwik,Sen2Cor,S2B_MSIL2A_20251028T113319_N0511_R080_T28QCG_20251028T134111.SAFE,C:\Users\Simon\Nextcloud\Project\Mauritania\Science\Arguin - FieldWork Data Processing\Data\S2\Sen2Cor\S2B_MSIL2A_20251028T113319_N0511_R080_T28QCG_20251028T134111.zip,559,50,6341,363415.0,2199515.0,0.2195,0.2642,0.3524,0.47400000000000003,0.5159,0.518,0.5382,0.5484,0.5484,0.5512,0.6457,0.6136
2025-10-28,Iwik,Sen2Cor,S2B_MSIL2A_20251028T113319_N0511_R080_T28QCG_20251028T134111.SAFE,C:\Users\Simon\Nextcloud\Project\Mauritania\Science\Arguin - FieldWork Data Processing\Data\S2\Sen2Cor\S2B_MSIL2A_20251028T113319_N0511_R080_T28QCG_20251028T134111.zip,560,50,6342,363425.0,2199515.0,0.21780000000000002,0.26480000000000004,0.3516,0.4752,0.5213,0.5234,0.542,0.5492,0.5455,0.5493,0.6462,0.6112000000000001
2025-10-28,Iwik,Sen2Cor,S2B_MSIL2A_20251028T113319_N0511_R080_T28QCG_20251028T134111.SAFE,C:\Users\Simon\Nextcloud\Project\Mauritania\Science\Arguin - FieldWork Data Processing\Data\S2\Sen2Cor\S2B_MSIL2A_20251028T113319_N0511_R080_T28QCG_20251028T134111.zip,561,50,6343,363435.0,2199515.0,0.21780000000000002,0.2626,0.3528,0.4748,0.5213,0.5234,0.542,0.55,0.5455,0.5493,0.6462,0.6112000000000001
2025-10-28,Iwik,Sen2Cor,S2B_MSIL2A_20251028T113319_N0511_R080_T28QCG_20251028T134111.SAFE,C:\Users\Simon\Nextcloud\Project\Mauritania\Science\Arguin - FieldWork Data Processing\Data\S2\Sen2Cor\S2B_MSIL2A_20251028T113319_N0511_R080_T28QCG_20251028T134111.zip,562,50,6344,363445.0,2199515.0,0.2165,0.2656,0.3584,0.48000000000000004,0.5278,0.5245000000000001,0.5434,0.5572,0.5477000000000001,0.5493,0.6465000000000001,0.609
2025-10-28,Iwik,Sen2Cor,S2B_MSIL2A_20251028T113319_N0511_R080_T28QCG_20251028T134111.SAFE,C:\Users\Simon\Nextcloud\Project\Mauritania\Science\Arguin - FieldWork Data Processing\Data\S2\Sen2Cor\S2B_MSIL2A_20251028T113319_N0511_R080_T28QCG_20251028T134111.zip,563,50,6345,363455.0,2199515.0,0.2165,0.264,0.3564,0.4796,0.5278,0.5245000000000001,0.5434,0.5556,0.5477000000000001,0.5493,0.6465000000000001,0.609
2025-10-28,Iwik,Sen2Cor,S2B_MSIL2A_20251028T113319_N0511_R080_T28QCG_20251028T134111.SAFE,C:\Users\Simon\Nextcloud\Project\Mauritania\Science\Arguin - FieldWork Data Processing\Data\S2\Sen2Cor\S2B_MSIL2A_20251028T113319_N0511_R080_T28QCG_20251028T134111.zip,564,50,6346,363465.0,2199515.0,0.2164,0.2592,0.34800000000000003,0.46840000000000004,0.5141,0.5149,0.5307000000000001,0.5464,0.5423,0.5493,0.6439,0.6056
2025-10-28,Iwik,Sen2Cor,S2B_MSIL2A_20251028T113319_N0511_R080_T28QCG_20251028T134111.SAFE,C:\Users\Simon\Nextcloud\Project\Mauritania\Science\Arguin - FieldWork Data Processing\Data\S2\Sen2Cor\S2B_MSIL2A_20251028T113319_N0511_R080_T28QCG_20251028T134111.zip,565,50,6347,363475.0,2199515.0,0.2164,0.25420000000000004,0.3496,0.47600000000000003,0.5141,0.5149,0.5307000000000001,0.5456,0.5423,0.5493,0.6439,0.6056
2025-10-28,Iwik,Sen2Cor,S2B_MSIL2A_20251028T113319_N0511_R080_T28QCG_20251028T134111.SAFE,C:\Users\Simon\Nextcloud\Project\Mauritania\Science\Arguin - FieldWork Data Processing\Data\S2\Sen2Cor\S2B_MSIL2A_20251028T113319_N0511_R080_T28QCG_20251028T134111.zip,566,50,6348,363485.0,2199515.0,0.21660000000000001,0.2662,0.3564,0.4732,0.511,0.5182,0.5342,0.5512,0.541,0.5468000000000001,0.6412,0.6037
2025-10-28,Iwik,Sen2Cor,S2B_MSIL2A_20251028T113319_N0511_R080_T28QCG_20251028T134111.SAFE,C:\Users\Simon\Nextcloud\Project\Mauritania\Science\Arguin - FieldWork Data Processing\Data\S2\Sen2Cor\S2B_MSIL2A_20251028T113319_N0511_R080_T28QCG_20251028T134111.zip,567,50,6349,363495.0,2199515.0,0.21660000000000001,0.263,0.35000000000000003,0.47200000000000003,0.511,0.5182,0.5342,0.5416000000000001,0.541,0.5468000000000001,0.6412,0.6037
2025-10-28,Iwik,Sen2Cor,S2B_MSIL2A_20251028T113319_N0511_R080_T28QCG_20251028T134111.SAFE,C:\Users\Simon\Nextcloud\Project\Mauritania\Science\Arguin - FieldWork Data Processing\Data\S2\Sen2Cor\S2B_MSIL2A_20251028T113319_N0511_R080_T28QCG_20251028T134111.zip,568,50,6350,363505.0,2199515.0,0.2169,0.25980000000000003,0.3472,0.47240000000000004,0.5212,0.5194,0.5386000000000001,0.5464,0.5438000000000001,0.5468000000000001,0.6434000000000001,0.6049
2025-10-28,Iwik,Sen2Cor,S2B_MSIL2A_20251028T113319_N0511_R080_T28QCG_20251028T134111.SAFE,C:\Users\Simon\Nextcloud\Project\Mauritania\Science\Arguin - FieldWork Data Processing\Data\S2\Sen2Cor\S2B_MSIL2A_20251028T113319_N0511_R080_T28QCG_20251028T134111.zip,569,50,6351,363515.0,2199515.0,0.2169,0.2706,0.3632,0.4796,0.5212,0.5194,0.5386000000000001,0.5584,0.5438000000000001,0.5468000000000001,0.6434000000000001,0.6049
2025-10-28,Iwik,Sen2Cor,S2B_MSIL2A_20251028T113319_N0511_R080_T28QCG_20251028T134111.SAFE,C:\Users\Simon\Nextcloud\Project\Mauritania\Science\Arguin - FieldWork Data Processing\Data\S2\Sen2Cor\S2B_MSIL2A_20251028T113319_N0511_R080_T28QCG_20251028T134111.zip,570,50,6352,363525.0,2199515.0,0.21680000000000002,0.26680000000000004,0.3584,0.48040000000000005,0.5239,0.524,0.5407000000000001,0.5556,0.5483,0.5468000000000001,0.6484,0.6071000000000001
2025-10-28,Iwik,Sen2Cor,S2B_MSIL2A_20251028T113319_N0511_R080_T28QCG_20251028T134111.SAFE,C:\Users\Simon\Nextcloud\Project\Mauritania\Science\Arguin - FieldWork Data Processing\Data\S2\Sen2Cor\S2B_MSIL2A_20251028T113319_N0511_R080_T28QCG_20251028T134111.zip,571,50,6353,363535.0,2199515.0,0.21680000000000002,0.2656,0.3528,0.47040000000000004,0.5239,0.524,0.5407000000000001,0.5448000000000001,0.5483,0.5468000000000001,0.6484,0.6071000000000001
2025-10-28,Iwik,Sen2Cor,S2B_MSIL2A_20251028T113319_N0511_R080_T28QCG_20251028T134111.SAFE,C:\Users\Simon\Nextcloud\Project\Mauritania\Science\Arguin - FieldWork Data Processing\Data\S2\Sen2Cor\S2B_MSIL2A_20251028T113319_N0511_R080_T28QCG_20251028T134111.zip,572,50,6354,363545.0,2199515.0,0.21680000000000002,0.272,0.3652,0.4848,0.5274,0.5261,0.5481,0.5576,0.5512,0.5534,0.651,0.6118
2025-10-28,Iwik,Sen2Cor,S2B_MSIL2A_20251028T113319_N0511_R080_T28QCG_20251028T134111.SAFE,C:\Users\Simon\Nextcloud\Project\Mauritania\Science\Arguin - FieldWork Data Processing\Data\S2\Sen2Cor\S2B_MSIL2A_20251028T113319_N0511_R080_T28QCG_20251028T134111.zip,573,50,6355,363555.0,2199515.0,0.21680000000000002,0.2742,0.3664,0.4948,0.5274,0.5261,0.5481,0.5700000000000001,0.5512,0.5534,0.651,0.6118
2025-10-28,Iwik,Sen2Cor,S2B_MSIL2A_20251028T113319_N0511_R080_T28QCG_20251028T134111.SAFE,C:\Users\Simon\Nextcloud\Project\Mauritania\Science\Arguin - FieldWork Data Processing\Data\S2\Sen2Cor\S2B_MSIL2A_20251028T113319_N0511_R080_T28QCG_20251028T134111.zip,574,50,6356,363565.0,2199515.0,0.2169,0.27,0.36760000000000004,0.4904,0.5265000000000001,0.531,0.5446,0.5668000000000001,0.552,0.5534,0.6516000000000001,0.6144000000000001
2025-10-28,Iwik,Sen2Cor,S2B_MSIL2A_20251028T113319_N0511_R080_T28QCG_20251028T134111.SAFE,C:\Users\Simon\Nextcloud\Project\Mauritania\Science\Arguin - FieldWork Data Processing\Data\S2\Sen2Cor\S2B_MSIL2A_20251028T113319_N0511_R080_T28QCG_20251028T134111.zip,575,51,6334,363345.0,2199505.0,0.2117,0.2534,0.3432,0.46080000000000004,0.5074000000000001,0.5123,0.532,0.5396000000000001,0.5419,0.5357000000000001,0.6449,0.6152000000000001
2025-10-28,Iwik,Sen2Cor,S2B_MSIL2A_20251028T113319_N0511_R080_T28QCG_20251028T134111.SAFE,C:\Users\Simon\Nextcloud\Project\Mauritania\Science\Arguin - FieldWork Data Processing\Data\S2\Sen2Cor\S2B_MSIL2A_20251028T113319_N0511_R080_T28QCG_20251028T134111.zip,576,51,6335,363355.0,2199505.0,0.2117,0.259,0.34440000000000004,0.464,0.5074000000000001,0.5123,0.532,0.5448000000000001,0.5419,0.5357000000000001,0.6449,0.6152000000000001
2025-10-28,Iwik,Sen2Cor,S2B_MSIL2A_20251028T113319_N0511_R080_T28QCG_20251028T134111.SAFE,C:\Users\Simon\Nextcloud\Project\Mauritania\Science\Arguin - FieldWork Data Processing\Data\S2\Sen2Cor\S2B_MSIL2A_20251028T113319_N0511_R080_T28QCG_20251028T134111.zip,577,51,6336,363365.0,2199505.0,0.216,0.2614,0.35000000000000003,0.4748,0.5124000000000001,0.516,0.5356000000000001,0.5472,0.5416000000000001,0.5512,0.6462,0.6129
2025-10-28,Iwik,Sen2Cor,S2B_MSIL2A_20251028T113319_N0511_R080_T28QCG_20251028T134111.SAFE,C:\Users\Simon\Nextcloud\Project\Mauritania\Science\Arguin - FieldWork Data Processing\Data\S2\Sen2Cor\S2B_MSIL2A_20251028T113319_N0511_R080_T28QCG_20251028T134111.zip,578,51,6337,363375.0,2199505.0,0.216,0.261,0.3452,0.466,0.5124000000000001,0.516,0.5356000000000001,0.544,0.5416000000000001,0.5512,0.6462,0.6129
2025-10-28,Iwik,Sen2Cor,S2B_MSIL2A_20251028T113319_N0511_R080_T28QCG_20251028T134111.SAFE,C:\Users\Simon\Nextcloud\Project\Mauritania\Science\Arguin - FieldWork Data Processing\Data\S2\Sen2Cor\S2B_MSIL2A_20251028T113319_N0511_R080_T28QCG_20251028T134111.zip,579,51,6338,363385.0,2199505.0,0.21980000000000002,0.264,0.3532,0.4728,0.5159,0.5196000000000001,0.5371,0.5464,0.5444,0.5512,0.6473,0.613
2025-10-28,Iwik,Sen2Cor,S2B_MSIL2A_20251028T113319_N0511_R080_T28QCG_20251028T134111.SAFE,C:\Users\Simon\Nextcloud\Project\Mauritania\Science\Arguin - FieldWork Data Processing\Data\S2\Sen2Cor\S2B_MSIL2A_20251028T113319_N0511_R080_T28QCG_20251028T134111.zip,580,51,6339,363395.0,2199505.0,0.21980000000000002,0.261,0.3528,0.4728,0.5159,0.5196000000000001,0.5371,0.5468000000000001,0.5444,0.5512,0.6473,0.613
2025-10-28,Iwik,Sen2Cor,S2B_MSIL2A_20251028T113319_N0511_R080_T28QCG_20251028T134111.SAFE,C:\Users\Simon\Nextcloud\Project\Mauritania\Science\Arguin - FieldWork Data Processing\Data\S2\Sen2Cor\S2B_MSIL2A_20251028T113319_N0511_R080_T28QCG_20251028T134111.zip,581,51,6340,363405.0,2199505.0,0.2195,0.262,0.3472,0.46840000000000004,0.5159,0.518,0.5382,0.548,0.5484,0.5512,0.6457,0.6136
2025-10-28,Iwik,Sen2Cor,S2B_MSIL2A_20251028T113319_N0511_R080_T28QCG_20251028T134111.SAFE,C:\Users\Simon\Nextcloud\Project\Mauritania\Science\Arguin - FieldWork Data Processing\Data\S2\Sen2Cor\S2B_MSIL2A_20251028T113319_N0511_R080_T28QCG_20251028T134111.zip,582,51,6341,363415.0,2199505.0,0.2195,0.2642,0.3528,0.4728,0.5159,0.518,0.5382,0.5536,0.5484,0.5512,0.6457,0.6136
2025-10-28,Iwik,Sen2Cor,S2B_MSIL2A_20251028T113319_N0511_R080_T28QCG_20251028T134111.SAFE,C:\Users\Simon\Nextcloud\Project\Mauritania\Science\Arguin - FieldWork Data Processing\Data\S2\Sen2Cor\S2B_MSIL2A_20251028T113319_N0511_R080_T28QCG_20251028T134111.zip,583,51,6342,363425.0,2199505.0,0.21780000000000002,0.2602,0.3516,0.4728,0.5213,0.5234,0.542,0.5536,0.5455,0.5493,0.6462,0.6112000000000001
2025-10-28,Iwik,Sen2Cor,S2B_MSIL2A_20251028T113319_N0511_R080_T28QCG_20251028T134111.SAFE,C:\Users\Simon\Nextcloud\Project\Mauritania\Science\Arguin - FieldWork Data Processing\Data\S2\Sen2Cor\S2B_MSIL2A_20251028T113319_N0511_R080_T28QCG_20251028T134111.zip,584,51,6343,363435.0,2199505.0,0.21780000000000002,0.2652,0.3548,0.4752,0.5213,0.5234,0.542,0.5548000000000001,0.5455,0.5493,0.6462,0.6112000000000001
2025-10-28,Iwik,Sen2Cor,S2B_MSIL2A_20251028T113319_N0511_R080_T28QCG_20251028T134111.SAFE,C:\Users\Simon\Nextcloud\Project\Mauritania\Science\Arguin - FieldWork Data Processing\Data\S2\Sen2Cor\S2B_MSIL2A_20251028T113319_N0511_R080_T28QCG_20251028T134111.zip,585,51,6344,363445.0,2199505.0,0.2165,0.27080000000000004,0.3628,0.4872,0.5278,0.5245000000000001,0.5434,0.5624,0.5477000000000001,0.5493,0.6465000000000001,0.609
2025-10-28,Iwik,Sen2Cor,S2B_MSIL2A_20251028T113319_N0511_R080_T28QCG_20251028T134111.SAFE,C:\Users\Simon\Nextcloud\Project\Mauritania\Science\Arguin - FieldWork Data Processing\Data\S2\Sen2Cor\S2B_MSIL2A_20251028T113319_N0511_R080_T28QCG_20251028T134111.zip,586,51,6345,363455.0,2199505.0,0.2165,0.2674,0.3608,0.4868,0.5278,0.5245000000000001,0.5434,0.5596,0.5477000000000001,0.5493,0.6465000000000001,0.609
2025-10-28,Iwik,Sen2Cor,S2B_MSIL2A_20251028T113319_N0511_R080_T28QCG_20251028T134111.SAFE,C:\Users\Simon\Nextcloud\Project\Mauritania\Science\Arguin - FieldWork Data Processing\Data\S2\Sen2Cor\S2B_MSIL2A_20251028T113319_N0511_R080_T28QCG_20251028T134111.zip,587,51,6346,363465.0,2199505.0,0.2164,0.2634,0.3544,0.4728,0.5141,0.5149,0.5307000000000001,0.5536,0.5423,0.5493,0.6439,0.6056
2025-10-28,Iwik,Sen2Cor,S2B_MSIL2A_20251028T113319_N0511_R080_T28QCG_20251028T134111.SAFE,C:\Users\Simon\Nextcloud\Project\Mauritania\Science\Arguin - FieldWork Data Processing\Data\S2\Sen2Cor\S2B_MSIL2A_20251028T113319_N0511_R080_T28QCG_20251028T134111.zip,588,51,6347,363475.0,2199505.0,0.2164,0.259,0.3496,0.4732,0.5141,0.5149,0.5307000000000001,0.5488000000000001,0.5423,0.5493,0.6439,0.6056
2025-10-28,Iwik,Sen2Cor,S2B_MSIL2A_20251028T113319_N0511_R080_T28QCG_20251028T134111.SAFE,C:\Users\Simon\Nextcloud\Project\Mauritania\Science\Arguin - FieldWork Data Processing\Data\S2\Sen2Cor\S2B_MSIL2A_20251028T113319_N0511_R080_T28QCG_20251028T134111.zip,589,51,6348,363485.0,2199505.0,0.21660000000000001,0.261,0.34840000000000004,0.4672,0.511,0.5182,0.5342,0.542,0.541,0.5468000000000001,0.6412,0.6037
2025-10-28,Iwik,Sen2Cor,S2B_MSIL2A_20251028T113319_N0511_R080_T28QCG_20251028T134111.SAFE,C:\Users\Simon\Nextcloud\Project\Mauritania\Science\Arguin - FieldWork Data Processing\Data\S2\Sen2Cor\S2B_MSIL2A_20251028T113319_N0511_R080_T28QCG_20251028T134111.zip,590,51,6349,363495.0,2199505.0,0.21660000000000001,0.2646,0.3516,0.4696,0.511,0.5182,0.5342,0.542,0.541,0.5468000000000001,0.6412,0.6037
2025-10-28,Iwik,Sen2Cor,S2B_MSIL2A_20251028T113319_N0511_R080_T28QCG_20251028T134111.SAFE,C:\Users\Simon\Nextcloud\Project\Mauritania\Science\Arguin - FieldWork Data Processing\Data\S2\Sen2Cor\S2B_MSIL2A_20251028T113319_N0511_R080_T28QCG_20251028T134111.zip,591,51,6350,363505.0,2199505.0,0.2169,0.2646,0.36000000000000004,0.48160000000000003,0.5212,0.5194,0.5386000000000001,0.5508000000000001,0.5438000000000001,0.5468000000000001,0.6434000000000001,0.6049
2025-10-28,Iwik,Sen2Cor,S2B_MSIL2A_20251028T113319_N0511_R080_T28QCG_20251028T134111.SAFE,C:\Users\Simon\Nextcloud\Project\Mauritania\Science\Arguin - FieldWork Data Processing\Data\S2\Sen2Cor\S2B_MSIL2A_20251028T113319_N0511_R080_T28QCG_20251028T134111.zip,592,51,6351,363515.0,2199505.0,0.2169,0.2626,0.3532,0.4732,0.5212,0.5194,0.5386000000000001,0.5484,0.5438000000000001,0.5468000000000001,0.6434000000000001,0.6049
2025-10-28,Iwik,Sen2Cor,S2B_MSIL2A_20251028T113319_N0511_R080_T28QCG_20251028T134111.SAFE,C:\Users\Simon\Nextcloud\Project\Mauritania\Science\Arguin - FieldWork Data Processing\Data\S2\Sen2Cor\S2B_MSIL2A_20251028T113319_N0511_R080_T28QCG_20251028T134111.zip,593,51,6352,363525.0,2199505.0,0.21680000000000002,0.262,0.3508,0.47400000000000003,0.5239,0.524,0.5407000000000001,0.5468000000000001,0.5483,0.5468000000000001,0.6484,0.6071000000000001
2025-10-28,Iwik,Sen2Cor,S2B_MSIL2A_20251028T113319_N0511_R080_T28QCG_20251028T134111.SAFE,C:\Users\Simon\Nextcloud\Project\Mauritania\Science\Arguin - FieldWork Data Processing\Data\S2\Sen2Cor\S2B_MSIL2A_20251028T113319_N0511_R080_T28QCG_20251028T134111.zip,594,51,6353,363535.0,2199505.0,0.21680000000000002,0.2664,0.3552,0.47600000000000003,0.5239,0.524,0.5407000000000001,0.5512,0.5483,0.5468000000000001,0.6484,0.6071000000000001
2025-10-28,Iwik,Sen2Cor,S2B_MSIL2A_20251028T113319_N0511_R080_T28QCG_20251028T134111.SAFE,C:\Users\Simon\Nextcloud\Project\Mauritania\Science\Arguin - FieldWork Data Processing\Data\S2\Sen2Cor\S2B_MSIL2A_20251028T113319_N0511_R080_T28QCG_20251028T134111.zip,595,51,6354,363545.0,2199505.0,0.21680000000000002,0.2664,0.36200000000000004,0.48360000000000003,0.5274,0.5261,0.5481,0.558,0.5512,0.5534,0.651,0.6118
2025-10-28,Iwik,Sen2Cor,S2B_MSIL2A_20251028T113319_N0511_R080_T28QCG_20251028T134111.SAFE,C:\Users\Simon\Nextcloud\Project\Mauritania\Science\Arguin - FieldWork Data Processing\Data\S2\Sen2Cor\S2B_MSIL2A_20251028T113319_N0511_R080_T28QCG_20251028T134111.zip,596,51,6355,363555.0,2199505.0,0.21680000000000002,0.2686,0.36200000000000004,0.4864,0.5274,0.5261,0.5481,0.5604,0.5512,0.5534,0.651,0.6118
2025-10-28,Iwik,Sen2Cor,S2B_MSIL2A_20251028T113319_N0511_R080_T28QCG_20251028T134111.SAFE,C:\Users\Simon\Nextcloud\Project\Mauritania\Science\Arguin - FieldWork Data Processing\Data\S2\Sen2Cor\S2B_MSIL2A_20251028T113319_N0511_R080_T28QCG_20251028T134111.zip,597,52,6333,363335.0,2199495.0,0.20470000000000002,0.25320000000000004,0.3388,0.452,0.4913,0.4937,0.5177,0.5396000000000001,0.5296000000000001,0.5357000000000001,0.6374000000000001,0.607
2025-10-28,Iwik,Sen2Cor,S2B_MSIL2A_20251028T113319_N0511_R080_T28QCG_20251028T134111.SAFE,C:\Users\Simon\Nextcloud\Project\Mauritania\Science\Arguin - FieldWork Data Processing\Data\S2\Sen2Cor\S2B_MSIL2A_20251028T113319_N0511_R080_T28QCG_20251028T134111.zip,598,52,6334,363345.0,2199495.0,0.2086,0.2584,0.3432,0.4656,0.508,0.5116,0.5352,0.5488000000000001,0.5408000000000001,0.5357000000000001,0.6454000000000001,0.617
2025-10-28,Iwik,Sen2Cor,S2B_MSIL2A_20251028T113319_N0511_R080_T28QCG_20251028T134111.SAFE,C:\Users\Simon\Nextcloud\Project\Mauritania\Science\Arguin - FieldWork Data Processing\Data\S2\Sen2Cor\S2B_MSIL2A_20251028T113319_N0511_R080_T28QCG_20251028T134111.zip,599,52,6335,363355.0,2199495.0,0.2086,0.26480000000000004,0.3544,0.4732,0.508,0.5116,0.5352,0.5536,0.5408000000000001,0.5357000000000001,0.6454000000000001,0.617
2025-10-28,Iwik,Sen2Cor,S2B_MSIL2A_20251028T113319_N0511_R080_T28QCG_20251028T134111.SAFE,C:\Users\Simon\Nextcloud\Project\Mauritania\Science\Arguin - FieldWork Data Processing\Data\S2\Sen2Cor\S2B_MSIL2A_20251028T113319_N0511_R080_T28QCG_20251028T134111.zip,600,52,6336,363365.0,2199495.0,0.21380000000000002,0.2646,0.3544,0.47840000000000005,0.5152,0.5168,0.5398000000000001,0.5552,0.5435,0.5512,0.6486000000000001,0.6164000000000001
2025-10-28,Iwik,Sen2Cor,S2B_MSIL2A_20251028T113319_N0511_R080_T28QCG_20251028T134111.SAFE,C:\Users\Simon\Nextcloud\Project\Mauritania\Science\Arguin - FieldWork Data Processing\Data\S2\Sen2Cor\S2B_MSIL2A_20251028T113319_N0511_R080_T28QCG_20251028T134111.zip,601,52,6337,363375.0,2199495.0,0.21380000000000002,0.2596,0.34640000000000004,0.46880000000000005,0.5152,0.5168,0.5398000000000001,0.5436,0.5435,0.5512,0.6486000000000001,0.6164000000000001
2025-10-28,Iwik,Sen2Cor,S2B_MSIL2A_20251028T113319_N0511_R080_T28QCG_20251028T134111.SAFE,C:\Users\Simon\Nextcloud\Project\Mauritania\Science\Arguin - FieldWork Data Processing\Data\S2\Sen2Cor\S2B_MSIL2A_20251028T113319_N0511_R080_T28QCG_20251028T134111.zip,602,52,6338,363385.0,2199495.0,0.21660000000000001,0.2626,0.3476,0.46840000000000004,0.51,0.5139,0.5367000000000001,0.5404,0.5398000000000001,0.5512,0.6461,0.6144000000000001
2025-10-28,Iwik,Sen2Cor,S2B_MSIL2A_20251028T113319_N0511_R080_T28QCG_20251028T134111.SAFE,C:\Users\Simon\Nextcloud\Project\Mauritania\Science\Arguin - FieldWork Data Processing\Data\S2\Sen2Cor\S2B_MSIL2A_20251028T113319_N0511_R080_T28QCG_20251028T134111.zip,603,52,6339,363395.0,2199495.0,0.21660000000000001,0.25780000000000003,0.3476,0.4716,0.51,0.5139,0.5367000000000001,0.544,0.5398000000000001,0.5512,0.6461,0.6144000000000001
2025-10-28,Iwik,Sen2Cor,S2B_MSIL2A_20251028T113319_N0511_R080_T28QCG_20251028T134111.SAFE,C:\Users\Simon\Nextcloud\Project\Mauritania\Science\Arguin - FieldWork Data Processing\Data\S2\Sen2Cor\S2B_MSIL2A_20251028T113319_N0511_R080_T28QCG_20251028T134111.zip,604,52,6340,363405.0,2199495.0,0.217,0.2634,0.3512,0.47600000000000003,0.5212,0.5173,0.5408000000000001,0.55,0.5459,0.5512,0.6476000000000001,0.6144000000000001
2025-10-28,Iwik,Sen2Cor,S2B_MSIL2A_20251028T113319_N0511_R080_T28QCG_20251028T134111.SAFE,C:\Users\Simon\Nextcloud\Project\Mauritania\Science\Arguin - FieldWork Data Processing\Data\S2\Sen2Cor\S2B_MSIL2A_20251028T113319_N0511_R080_T28QCG_20251028T134111.zip,605,52,6341,363415.0,2199495.0,0.217,0.2644,0.3528,0.47640000000000005,0.5212,0.5173,0.5408000000000001,0.554,0.5459,0.5512,0.6476000000000001,0.6144000000000001
2025-10-28,Iwik,Sen2Cor,S2B_MSIL2A_20251028T113319_N0511_R080_T28QCG_20251028T134111.SAFE,C:\Users\Simon\Nextcloud\Project\Mauritania\Science\Arguin - FieldWork Data Processing\Data\S2\Sen2Cor\S2B_MSIL2A_20251028T113319_N0511_R080_T28QCG_20251028T134111.zip,606,52,6342,363425.0,2199495.0,0.216,0.25880000000000003,0.3532,0.4712,0.5205000000000001,0.5238,0.5416000000000001,0.544,0.5439,0.5493,0.6468,0.6079
2025-10-28,Iwik,Sen2Cor,S2B_MSIL2A_20251028T113319_N0511_R080_T28QCG_20251028T134111.SAFE,C:\Users\Simon\Nextcloud\Project\Mauritania\Science\Arguin - FieldWork Data Processing\Data\S2\Sen2Cor\S2B_MSIL2A_20251028T113319_N0511_R080_T28QCG_20251028T134111.zip,607,52,6343,363435.0,2199495.0,0.216,0.26080000000000003,0.3564,0.47800000000000004,0.5205000000000001,0.5238,0.5416000000000001,0.554,0.5439,0.5493,0.6468,0.6079
2025-10-28,Iwik,Sen2Cor,S2B_MSIL2A_20251028T113319_N0511_R080_T28QCG_20251028T134111.SAFE,C:\Users\Simon\Nextcloud\Project\Mauritania\Science\Arguin - FieldWork Data Processing\Data\S2\Sen2Cor\S2B_MSIL2A_20251028T113319_N0511_R080_T28QCG_20251028T134111.zip,608,52,6344,363445.0,2199495.0,0.2154,0.2728,0.36160000000000003,0.48560000000000003,0.5273,0.5255000000000001,0.5403,0.5640000000000001,0.5504,0.5493,0.6442,0.6049
2025-10-28,Iwik,Sen2Cor,S2B_MSIL2A_20251028T113319_N0511_R080_T28QCG_20251028T134111.SAFE,C:\Users\Simon\Nextcloud\Project\Mauritania\Science\Arguin - FieldWork Data Processing\Data\S2\Sen2Cor\S2B_MSIL2A_20251028T113319_N0511_R080_T28QCG_20251028T134111.zip,609,52,6345,363455.0,2199495.0,0.2154,0.2674,0.3588,0.48200000000000004,0.5273,0.5255000000000001,0.5403,0.5572,0.5504,0.5493,0.6442,0.6049
2025-10-28,Iwik,Sen2Cor,S2B_MSIL2A_20251028T113319_N0511_R080_T28QCG_20251028T134111.SAFE,C:\Users\Simon\Nextcloud\Project\Mauritania\Science\Arguin - FieldWork Data Processing\Data\S2\Sen2Cor\S2B_MSIL2A_20251028T113319_N0511_R080_T28QCG_20251028T134111.zip,610,52,6346,363465.0,2199495.0,0.2152,0.26,0.3548,0.4692,0.5135000000000001,0.5145000000000001,0.5358,0.5472,0.5418000000000001,0.5493,0.6411,0.6021000000000001
2025-10-28,Iwik,Sen2Cor,S2B_MSIL2A_20251028T113319_N0511_R080_T28QCG_20251028T134111.SAFE,C:\Users\Simon\Nextcloud\Project\Mauritania\Science\Arguin - FieldWork Data Processing\Data\S2\Sen2Cor\S2B_MSIL2A_20251028T113319_N0511_R080_T28QCG_20251028T134111.zip,611,52,6347,363475.0,2199495.0,0.2152,0.2586,0.3448,0.4676,0.5135000000000001,0.5145000000000001,0.5358,0.5392,0.5418000000000001,0.5493,0.6411,0.6021000000000001
2025-10-28,Iwik,Sen2Cor,S2B_MSIL2A_20251028T113319_N0511_R080_T28QCG_20251028T134111.SAFE,C:\Users\Simon\Nextcloud\Project\Mauritania\Science\Arguin - FieldWork Data Processing\Data\S2\Sen2Cor\S2B_MSIL2A_20251028T113319_N0511_R080_T28QCG_20251028T134111.zip,612,52,6348,363485.0,2199495.0,0.2155,0.257,0.3488,0.466,0.5184,0.5182,0.5377000000000001,0.544,0.5405,0.5468000000000001,0.6402,0.604
2025-10-28,Iwik,Sen2Cor,S2B_MSIL2A_20251028T113319_N0511_R080_T28QCG_20251028T134111.SAFE,C:\Users\Simon\Nextcloud\Project\Mauritania\Science\Arguin - FieldWork Data Processing\Data\S2\Sen2Cor\S2B_MSIL2A_20251028T113319_N0511_R080_T28QCG_20251028T134111.zip,613,52,6349,363495.0,2199495.0,0.2155,0.261,0.3488,0.46840000000000004,0.5184,0.5182,0.5377000000000001,0.5488000000000001,0.5405,0.5468000000000001,0.6402,0.604
2025-10-28,Iwik,Sen2Cor,S2B_MSIL2A_20251028T113319_N0511_R080_T28QCG_20251028T134111.SAFE,C:\Users\Simon\Nextcloud\Project\Mauritania\Science\Arguin - FieldWork Data Processing\Data\S2\Sen2Cor\S2B_MSIL2A_20251028T113319_N0511_R080_T28QCG_20251028T134111.zip,614,52,6350,363505.0,2199495.0,0.2157,0.2626,0.3552,0.4748,0.5167,0.5206000000000001,0.5393,0.5508000000000001,0.5398000000000001,0.5468000000000001,0.6429,0.6031000000000001
2025-10-28,Iwik,Sen2Cor,S2B_MSIL2A_20251028T113319_N0511_R080_T28QCG_20251028T134111.SAFE,C:\Users\Simon\Nextcloud\Project\Mauritania\Science\Arguin - FieldWork Data Processing\Data\S2\Sen2Cor\S2B_MSIL2A_20251028T113319_N0511_R080_T28QCG_20251028T134111.zip,615,52,6351,363515.0,2199495.0,0.2157,0.26080000000000003,0.3504,0.47400000000000003,0.5167,0.5206000000000001,0.5393,0.546,0.5398000000000001,0.5468000000000001,0.6429,0.6031000000000001
2025-10-28,Iwik,Sen2Cor,S2B_MSIL2A_20251028T113319_N0511_R080_T28QCG_20251028T134111.SAFE,C:\Users\Simon\Nextcloud\Project\Mauritania\Science\Arguin - FieldWork Data Processing\Data\S2\Sen2Cor\S2B_MSIL2A_20251028T113319_N0511_R080_T28QCG_20251028T134111.zip,616,52,6352,363525.0,2199495.0,0.216,0.2614,0.3536,0.4752,0.52,0.5185000000000001,0.5341,0.5464,0.5412,0.5468000000000001,0.643,0.6049
2025-10-28,Iwik,Sen2Cor,S2B_MSIL2A_20251028T113319_N0511_R080_T28QCG_20251028T134111.SAFE,C:\Users\Simon\Nextcloud\Project\Mauritania\Science\Arguin - FieldWork Data Processing\Data\S2\Sen2Cor\S2B_MSIL2A_20251028T113319_N0511_R080_T28QCG_20251028T134111.zip,617,52,6353,363535.0,2199495.0,0.216,0.2636,0.3552,0.47840000000000005,0.52,0.5185000000000001,0.5341,0.55,0.5412,0.5468000000000001,0.643,0.6049
2025-10-28,Iwik,Sen2Cor,S2B_MSIL2A_20251028T113319_N0511_R080_T28QCG_20251028T134111.SAFE,C:\Users\Simon\Nextcloud\Project\Mauritania\Science\Arguin - FieldWork Data Processing\Data\S2\Sen2Cor\S2B_MSIL2A_20251028T113319_N0511_R080_T28QCG_20251028T134111.zip,618,52,6354,363545.0,2199495.0,0.21730000000000002,0.263,0.3496,0.47640000000000005,0.5187,0.5235000000000001,0.541,0.5568000000000001,0.5489,0.5534,0.6494,0.6112000000000001
2025-10-28,Iwik,Sen2Cor,S2B_MSIL2A_20251028T113319_N0511_R080_T28QCG_20251028T134111.SAFE,C:\Users\Simon\Nextcloud\Project\Mauritania\Science\Arguin - FieldWork Data Processing\Data\S2\Sen2Cor\S2B_MSIL2A_20251028T113319_N0511_R080_T28QCG_20251028T134111.zip,619,53,6333,363335.0,2199485.0,0.20470000000000002,0.24680000000000002,0.332,0.4484,0.4913,0.4937,0.5177,0.5328,0.5296000000000001,0.5357000000000001,0.6374000000000001,0.607
2025-10-28,Iwik,Sen2Cor,S2B_MSIL2A_20251028T113319_N0511_R080_T28QCG_20251028T134111.SAFE,C:\Users\Simon\Nextcloud\Project\Mauritania\Science\Arguin - FieldWork Data Processing\Data\S2\Sen2Cor\S2B_MSIL2A_20251028T113319_N0511_R080_T28QCG_20251028T134111.zip,620,53,6334,363345.0,2199485.0,0.2086,0.2584,0.34400000000000003,0.4636,0.508,0.5116,0.5352,0.5444,0.5408000000000001,0.5357000000000001,0.6454000000000001,0.617
2025-10-28,Iwik,Sen2Cor,S2B_MSIL2A_20251028T113319_N0511_R080_T28QCG_20251028T134111.SAFE,C:\Users\Simon\Nextcloud\Project\Mauritania\Science\Arguin - FieldWork Data Processing\Data\S2\Sen2Cor\S2B_MSIL2A_20251028T113319_N0511_R080_T28QCG_20251028T134111.zip,621,53,6335,363355.0,2199485.0,0.2086,0.2674,0.3532,0.47640000000000005,0.508,0.5116,0.5352,0.5568000000000001,0.5408000000000001,0.5357000000000001,0.6454000000000001,0.617
2025-10-28,Iwik,Sen2Cor,S2B_MSIL2A_20251028T113319_N0511_R080_T28QCG_20251028T134111.SAFE,C:\Users\Simon\Nextcloud\Project\Mauritania\Science\Arguin - FieldWork Data Processing\Data\S2\Sen2Cor\S2B_MSIL2A_20251028T113319_N0511_R080_T28QCG_20251028T134111.zip,622,53,6336,363365.0,2199485.0,0.21380000000000002,0.262,0.3512,0.47600000000000003,0.5152,0.5168,0.5398000000000001,0.5576,0.5435,0.5512,0.6486000000000001,0.6164000000000001
2025-10-28,Iwik,Sen2Cor,S2B_MSIL2A_20251028T113319_N0511_R080_T28QCG_20251028T134111.SAFE,C:\Users\Simon\Nextcloud\Project\Mauritania\Science\Arguin - FieldWork Data Processing\Data\S2\Sen2Cor\S2B_MSIL2A_20251028T113319_N0511_R080_T28QCG_20251028T134111.zip,623,53,6337,363375.0,2199485.0,0.21380000000000002,0.26,0.34840000000000004,0.46880000000000005,0.5152,0.5168,0.5398000000000001,0.5472,0.5435,0.5512,0.6486000000000001,0.6164000000000001
2025-10-28,Iwik,Sen2Cor,S2B_MSIL2A_20251028T113319_N0511_R080_T28QCG_20251028T134111.SAFE,C:\Users\Simon\Nextcloud\Project\Mauritania\Science\Arguin - FieldWork Data Processing\Data\S2\Sen2Cor\S2B_MSIL2A_20251028T113319_N0511_R080_T28QCG_20251028T134111.zip,624,53,6338,363385.0,2199485.0,0.21660000000000001,0.258,0.3432,0.46640000000000004,0.51,0.5139,0.5367000000000001,0.54,0.5398000000000001,0.5512,0.6461,0.6144000000000001
2025-10-28,Iwik,Sen2Cor,S2B_MSIL2A_20251028T113319_N0511_R080_T28QCG_20251028T134111.SAFE,C:\Users\Simon\Nextcloud\Project\Mauritania\Science\Arguin - FieldWork Data Processing\Data\S2\Sen2Cor\S2B_MSIL2A_20251028T113319_N0511_R080_T28QCG_20251028T134111.zip,625,53,6339,363395.0,2199485.0,0.21660000000000001,0.2596,0.35400000000000004,0.4716,0.51,0.5139,0.5367000000000001,0.5472,0.5398000000000001,0.5512,0.6461,0.6144000000000001
2025-10-28,Iwik,Sen2Cor,S2B_MSIL2A_20251028T113319_N0511_R080_T28QCG_20251028T134111.SAFE,C:\Users\Simon\Nextcloud\Project\Mauritania\Science\Arguin - FieldWork Data Processing\Data\S2\Sen2Cor\S2B_MSIL2A_20251028T113319_N0511_R080_T28QCG_20251028T134111.zip,626,53,6340,363405.0,2199485.0,0.217,0.2592,0.3552,0.4752,0.5212,0.5173,0.5408000000000001,0.5516,0.5459,0.5512,0.6476000000000001,0.6144000000000001
2025-10-28,Iwik,Sen2Cor,S2B_MSIL2A_20251028T113319_N0511_R080_T28QCG_20251028T134111.SAFE,C:\Users\Simon\Nextcloud\Project\Mauritania\Science\Arguin - FieldWork Data Processing\Data\S2\Sen2Cor\S2B_MSIL2A_20251028T113319_N0511_R080_T28QCG_20251028T134111.zip,627,53,6341,363415.0,2199485.0,0.217,0.2634,0.3536,0.47600000000000003,0.5212,0.5173,0.5408000000000001,0.5504,0.5459,0.5512,0.6476000000000001,0.6144000000000001
2025-10-28,Iwik,Sen2Cor,S2B_MSIL2A_20251028T113319_N0511_R080_T28QCG_20251028T134111.SAFE,C:\Users\Simon\Nextcloud\Project\Mauritania\Science\Arguin - FieldWork Data Processing\Data\S2\Sen2Cor\S2B_MSIL2A_20251028T113319_N0511_R080_T28QCG_20251028T134111.zip,628,53,6342,363425.0,2199485.0,0.216,0.2656,0.3556,0.4736,0.5205000000000001,0.5238,0.5416000000000001,0.5464,0.5439,0.5493,0.6468,0.6079
2025-10-28,Iwik,Sen2Cor,S2B_MSIL2A_20251028T113319_N0511_R080_T28QCG_20251028T134111.SAFE,C:\Users\Simon\Nextcloud\Project\Mauritania\Science\Arguin - FieldWork Data Processing\Data\S2\Sen2Cor\S2B_MSIL2A_20251028T113319_N0511_R080_T28QCG_20251028T134111.zip,629,53,6343,363435.0,2199485.0,0.216,0.2664,0.35600000000000004,0.4776,0.5205000000000001,0.5238,0.5416000000000001,0.5492,0.5439,0.5493,0.6468,0.6079
2025-10-28,Iwik,Sen2Cor,S2B_MSIL2A_20251028T113319_N0511_R080_T28QCG_20251028T134111.SAFE,C:\Users\Simon\Nextcloud\Project\Mauritania\Science\Arguin - FieldWork Data Processing\Data\S2\Sen2Cor\S2B_MSIL2A_20251028T113319_N0511_R080_T28QCG_20251028T134111.zip,630,53,6344,363445.0,2199485.0,0.2154,0.2666,0.3588,0.47800000000000004,0.5273,0.5255000000000001,0.5403,0.5572,0.5504,0.5493,0.6442,0.6049
2025-10-28,Iwik,Sen2Cor,S2B_MSIL2A_20251028T113319_N0511_R080_T28QCG_20251028T134111.SAFE,C:\Users\Simon\Nextcloud\Project\Mauritania\Science\Arguin - FieldWork Data Processing\Data\S2\Sen2Cor\S2B_MSIL2A_20251028T113319_N0511_R080_T28QCG_20251028T134111.zip,631,53,6345,363455.0,2199485.0,0.2154,0.2642,0.3548,0.47440000000000004,0.5273,0.5255000000000001,0.5403,0.5532,0.5504,0.5493,0.6442,0.6049
2025-10-28,Iwik,Sen2Cor,S2B_MSIL2A_20251028T113319_N0511_R080_T28QCG_20251028T134111.SAFE,C:\Users\Simon\Nextcloud\Project\Mauritania\Science\Arguin - FieldWork Data Processing\Data\S2\Sen2Cor\S2B_MSIL2A_20251028T113319_N0511_R080_T28QCG_20251028T134111.zip,632,53,6346,363465.0,2199485.0,0.2152,0.2612,0.3512,0.4676,0.5135000000000001,0.5145000000000001,0.5358,0.5456,0.5418000000000001,0.5493,0.6411,0.6021000000000001
2025-10-28,Iwik,Sen2Cor,S2B_MSIL2A_20251028T113319_N0511_R080_T28QCG_20251028T134111.SAFE,C:\Users\Simon\Nextcloud\Project\Mauritania\Science\Arguin - FieldWork Data Processing\Data\S2\Sen2Cor\S2B_MSIL2A_20251028T113319_N0511_R080_T28QCG_20251028T134111.zip,633,53,6347,363475.0,2199485.0,0.2152,0.2596,0.34640000000000004,0.4692,0.5135000000000001,0.5145000000000001,0.5358,0.5396000000000001,0.5418000000000001,0.5493,0.6411,0.6021000000000001
2025-10-28,Iwik,Sen2Cor,S2B_MSIL2A_20251028T113319_N0511_R080_T28QCG_20251028T134111.SAFE,C:\Users\Simon\Nextcloud\Project\Mauritania\Science\Arguin - FieldWork Data Processing\Data\S2\Sen2Cor\S2B_MSIL2A_20251028T113319_N0511_R080_T28QCG_20251028T134111.zip,634,53,6348,363485.0,2199485.0,0.2155,0.26880000000000004,0.3588,0.4776,0.5184,0.5182,0.5377000000000001,0.5536,0.5405,0.5468000000000001,0.6402,0.604
2025-10-28,Iwik,Sen2Cor,S2B_MSIL2A_20251028T113319_N0511_R080_T28QCG_20251028T134111.SAFE,C:\Users\Simon\Nextcloud\Project\Mauritania\Science\Arguin - FieldWork Data Processing\Data\S2\Sen2Cor\S2B_MSIL2A_20251028T113319_N0511_R080_T28QCG_20251028T134111.zip,635,53,6349,363495.0,2199485.0,0.2155,0.268,0.3628,0.48360000000000003,0.5184,0.5182,0.5377000000000001,0.5572,0.5405,0.5468000000000001,0.6402,0.604
2025-10-28,Iwik,Sen2Cor,S2B_MSIL2A_20251028T113319_N0511_R080_T28QCG_20251028T134111.SAFE,C:\Users\Simon\Nextcloud\Project\Mauritania\Science\Arguin - FieldWork Data Processing\Data\S2\Sen2Cor\S2B_MSIL2A_20251028T113319_N0511_R080_T28QCG_20251028T134111.zip,636,53,6350,363505.0,2199485.0,0.2157,0.2642,0.36160000000000003,0.48040000000000005,0.5167,0.5206000000000001,0.5393,0.5568000000000001,0.5398000000000001,0.5468000000000001,0.6429,0.6031000000000001
2025-10-28,Iwik,Sen2Cor,S2B_MSIL2A_20251028T113319_N0511_R080_T28QCG_20251028T134111.SAFE,C:\Users\Simon\Nextcloud\Project\Mauritania\Science\Arguin - FieldWork Data Processing\Data\S2\Sen2Cor\S2B_MSIL2A_20251028T113319_N0511_R080_T28QCG_20251028T134111.zip,637,53,6351,363515.0,2199485.0,0.2157,0.2612,0.3496,0.4676,0.5167,0.5206000000000001,0.5393,0.5468000000000001,0.5398000000000001,0.5468000000000001,0.6429,0.6031000000000001
2025-10-28,Iwik,Sen2Cor,S2B_MSIL2A_20251028T113319_N0511_R080_T28QCG_20251028T134111.SAFE,C:\Users\Simon\Nextcloud\Project\Mauritania\Science\Arguin - FieldWork Data Processing\Data\S2\Sen2Cor\S2B_MSIL2A_20251028T113319_N0511_R080_T28QCG_20251028T134111.zip,638,53,6352,363525.0,2199485.0,0.216,0.2556,0.3496,0.4716,0.52,0.5185000000000001,0.5341,0.544,0.5412,0.5468000000000001,0.643,0.6049
2025-10-28,Iwik,Sen2Cor,S2B_MSIL2A_20251028T113319_N0511_R080_T28QCG_20251028T134111.SAFE,C:\Users\Simon\Nextcloud\Project\Mauritania\Science\Arguin - FieldWork Data Processing\Data\S2\Sen2Cor\S2B_MSIL2A_20251028T113319_N0511_R080_T28QCG_20251028T134111.zip,639,53,6353,363535.0,2199485.0,0.216,0.2576,0.3516,0.4732,0.52,0.5185000000000001,0.5341,0.55,0.5412,0.5468000000000001,0.643,0.6049
2025-10-28,Iwik,Sen2Cor,S2B_MSIL2A_20251028T113319_N0511_R080_T28QCG_20251028T134111.SAFE,C:\Users\Simon\Nextcloud\Project\Mauritania\Science\Arguin - FieldWork Data Processing\Data\S2\Sen2Cor\S2B_MSIL2A_20251028T113319_N0511_R080_T28QCG_20251028T134111.zip,640,53,6354,363545.0,2199485.0,0.21730000000000002,0.2576,0.3488,0.47600000000000003,0.5187,0.5235000000000001,0.541,0.5528000000000001,0.5489,0.5534,0.6494,0.6112000000000001
2025-10-28,Iwik,Sen2Cor,S2B_MSIL2A_20251028T113319_N0511_R080_T28QCG_20251028T134111.SAFE,C:\Users\Simon\Nextcloud\Project\Mauritania\Science\Arguin - FieldWork Data Processing\Data\S2\Sen2Cor\S2B_MSIL2A_20251028T113319_N0511_R080_T28QCG_20251028T134111.zip,641,54,6333,363335.0,2199475.0,0.2036,0.2328,0.31880000000000003,0.4424,0.49100000000000005,0.4958,0.5147,0.5252,0.5257000000000001,0.5362,0.6383,0.6084
2025-10-28,Iwik,Sen2Cor,S2B_MSIL2A_20251028T113319_N0511_R080_T28QCG_20251028T134111.SAFE,C:\Users\Simon\Nextcloud\Project\Mauritania\Science\Arguin - FieldWork Data Processing\Data\S2\Sen2Cor\S2B_MSIL2A_20251028T113319_N0511_R080_T28QCG_20251028T134111.zip,642,54,6334,363345.0,2199475.0,0.2058,0.24020000000000002,0.3236,0.45080000000000003,0.4968,0.5017,0.5188,0.5308,0.5304,0.5362,0.6401,0.6108
2025-10-28,Iwik,Sen2Cor,S2B_MSIL2A_20251028T113319_N0511_R080_T28QCG_20251028T134111.SAFE,C:\Users\Simon\Nextcloud\Project\Mauritania\Science\Arguin - FieldWork Data Processing\Data\S2\Sen2Cor\S2B_MSIL2A_20251028T113319_N0511_R080_T28QCG_20251028T134111.zip,643,54,6335,363355.0,2199475.0,0.2058,0.2484,0.3292,0.46040000000000003,0.4968,0.5017,0.5188,0.5372,0.5304,0.5362,0.6401,0.6108
2025-10-28,Iwik,Sen2Cor,S2B_MSIL2A_20251028T113319_N0511_R080_T28QCG_20251028T134111.SAFE,C:\Users\Simon\Nextcloud\Project\Mauritania\Science\Arguin - FieldWork Data Processing\Data\S2\Sen2Cor\S2B_MSIL2A_20251028T113319_N0511_R080_T28QCG_20251028T134111.zip,644,54,6336,363365.0,2199475.0,0.21030000000000001,0.253,0.3412,0.46640000000000004,0.5089,0.5097,0.5297000000000001,0.5412,0.5393,0.5446,0.6458,0.6163000000000001
2025-10-28,Iwik,Sen2Cor,S2B_MSIL2A_20251028T113319_N0511_R080_T28QCG_20251028T134111.SAFE,C:\Users\Simon\Nextcloud\Project\Mauritania\Science\Arguin - FieldWork Data Processing\Data\S2\Sen2Cor\S2B_MSIL2A_20251028T113319_N0511_R080_T28QCG_20251028T134111.zip,645,54,6337,363375.0,2199475.0,0.21030000000000001,0.25780000000000003,0.34640000000000004,0.4708,0.5089,0.5097,0.5297000000000001,0.5436,0.5393,0.5446,0.6458,0.6163000000000001
2025-10-28,Iwik,Sen2Cor,S2B_MSIL2A_20251028T113319_N0511_R080_T28QCG_20251028T134111.SAFE,C:\Users\Simon\Nextcloud\Project\Mauritania\Science\Arguin - FieldWork Data Processing\Data\S2\Sen2Cor\S2B_MSIL2A_20251028T113319_N0511_R080_T28QCG_20251028T134111.zip,646,54,6338,363385.0,2199475.0,0.2127,0.2576,0.3468,0.46840000000000004,0.5115000000000001,0.5161,0.5357000000000001,0.544,0.5437000000000001,0.5446,0.6451,0.6138
2025-10-28,Iwik,Sen2Cor,S2B_MSIL2A_20251028T113319_N0511_R080_T28QCG_20251028T134111.SAFE,C:\Users\Simon\Nextcloud\Project\Mauritania\Science\Arguin - FieldWork Data Processing\Data\S2\Sen2Cor\S2B_MSIL2A_20251028T113319_N0511_R080_T28QCG_20251028T134111.zip,647,54,6339,363395.0,2199475.0,0.2127,0.2614,0.3552,0.47400000000000003,0.5115000000000001,0.5161,0.5357000000000001,0.5484,0.5437000000000001,0.5446,0.6451,0.6138
2025-10-28,Iwik,Sen2Cor,S2B_MSIL2A_20251028T113319_N0511_R080_T28QCG_20251028T134111.SAFE,C:\Users\Simon\Nextcloud\Project\Mauritania\Science\Arguin - FieldWork Data Processing\Data\S2\Sen2Cor\S2B_MSIL2A_20251028T113319_N0511_R080_T28QCG_20251028T134111.zip,648,54,6340,363405.0,2199475.0,0.2147,0.26,0.3548,0.47840000000000005,0.5229,0.5257000000000001,0.5433,0.5536,0.5443,0.5446,0.6486000000000001,0.6149
2025-10-28,Iwik,Sen2Cor,S2B_MSIL2A_20251028T113319_N0511_R080_T28QCG_20251028T134111.SAFE,C:\Users\Simon\Nextcloud\Project\Mauritania\Science\Arguin - FieldWork Data Processing\Data\S2\Sen2Cor\S2B_MSIL2A_20251028T113319_N0511_R080_T28QCG_20251028T134111.zip,649,54,6341,363415.0,2199475.0,0.2147,0.2626,0.3548,0.48000000000000004,0.5229,0.5257000000000001,0.5433,0.554,0.5443,0.5446,0.6486000000000001,0.6149
2025-10-28,Iwik,Sen2Cor,S2B_MSIL2A_20251028T113319_N0511_R080_T28QCG_20251028T134111.SAFE,C:\Users\Simon\Nextcloud\Project\Mauritania\Science\Arguin - FieldWork Data Processing\Data\S2\Sen2Cor\S2B_MSIL2A_20251028T113319_N0511_R080_T28QCG_20251028T134111.zip,650,54,6342,363425.0,2199475.0,0.2146,0.262,0.3548,0.4752,0.5195000000000001,0.5252,0.5407000000000001,0.5504,0.5445,0.5476,0.6456000000000001,0.6072000000000001
2025-10-28,Iwik,Sen2Cor,S2B_MSIL2A_20251028T113319_N0511_R080_T28QCG_20251028T134111.SAFE,C:\Users\Simon\Nextcloud\Project\Mauritania\Science\Arguin - FieldWork Data Processing\Data\S2\Sen2Cor\S2B_MSIL2A_20251028T113319_N0511_R080_T28QCG_20251028T134111.zip,651,54,6343,363435.0,2199475.0,0.2146,0.2622,0.3532,0.4748,0.5195000000000001,0.5252,0.5407000000000001,0.5484,0.5445,0.5476,0.6456000000000001,0.6072000000000001
2025-10-28,Iwik,Sen2Cor,S2B_MSIL2A_20251028T113319_N0511_R080_T28QCG_20251028T134111.SAFE,C:\Users\Simon\Nextcloud\Project\Mauritania\Science\Arguin - FieldWork Data Processing\Data\S2\Sen2Cor\S2B_MSIL2A_20251028T113319_N0511_R080_T28QCG_20251028T134111.zip,652,54,6344,363445.0,2199475.0,0.2146,0.2604,0.3508,0.47440000000000004,0.5196000000000001,0.5209,0.5353,0.548,0.5448000000000001,0.5476,0.644,0.6055
2025-10-28,Iwik,Sen2Cor,S2B_MSIL2A_20251028T113319_N0511_R080_T28QCG_20251028T134111.SAFE,C:\Users\Simon\Nextcloud\Project\Mauritania\Science\Arguin - FieldWork Data Processing\Data\S2\Sen2Cor\S2B_MSIL2A_20251028T113319_N0511_R080_T28QCG_20251028T134111.zip,653,54,6345,363455.0,2199475.0,0.2146,0.259,0.34840000000000004,0.4716,0.5196000000000001,0.5209,0.5353,0.5464,0.5448000000000001,0.5476,0.644,0.6055
2025-10-28,Iwik,Sen2Cor,S2B_MSIL2A_20251028T113319_N0511_R080_T28QCG_20251028T134111.SAFE,C:\Users\Simon\Nextcloud\Project\Mauritania\Science\Arguin - FieldWork Data Processing\Data\S2\Sen2Cor\S2B_MSIL2A_20251028T113319_N0511_R080_T28QCG_20251028T134111.zip,654,54,6346,363465.0,2199475.0,0.21450000000000002,0.264,0.3496,0.47000000000000003,0.519,0.5229,0.5389,0.546,0.5463,0.5476,0.6471,0.6065
2025-10-28,Iwik,Sen2Cor,S2B_MSIL2A_20251028T113319_N0511_R080_T28QCG_20251028T134111.SAFE,C:\Users\Simon\Nextcloud\Project\Mauritania\Science\Arguin - FieldWork Data Processing\Data\S2\Sen2Cor\S2B_MSIL2A_20251028T113319_N0511_R080_T28QCG_20251028T134111.zip,655,54,6347,363475.0,2199475.0,0.21450000000000002,0.2654,0.3524,0.47640000000000005,0.519,0.5229,0.5389,0.5456,0.5463,0.5476,0.6471,0.6065
2025-10-28,Iwik,Sen2Cor,S2B_MSIL2A_20251028T113319_N0511_R080_T28QCG_20251028T134111.SAFE,C:\Users\Simon\Nextcloud\Project\Mauritania\Science\Arguin - FieldWork Data Processing\Data\S2\Sen2Cor\S2B_MSIL2A_20251028T113319_N0511_R080_T28QCG_20251028T134111.zip,656,54,6348,363485.0,2199475.0,0.2144,0.2662,0.3612,0.48160000000000003,0.5258,0.5236000000000001,0.5409,0.5508000000000001,0.5514,0.5491,0.6445000000000001,0.6076
2025-10-28,Iwik,Sen2Cor,S2B_MSIL2A_20251028T113319_N0511_R080_T28QCG_20251028T134111.SAFE,C:\Users\Simon\Nextcloud\Project\Mauritania\Science\Arguin - FieldWork Data Processing\Data\S2\Sen2Cor\S2B_MSIL2A_20251028T113319_N0511_R080_T28QCG_20251028T134111.zip,657,54,6349,363495.0,2199475.0,0.2144,0.2646,0.3568,0.4772,0.5258,0.5236000000000001,0.5409,0.5508000000000001,0.5514,0.5491,0.6445000000000001,0.6076
2025-10-28,Iwik,Sen2Cor,S2B_MSIL2A_20251028T113319_N0511_R080_T28QCG_20251028T134111.SAFE,C:\Users\Simon\Nextcloud\Project\Mauritania\Science\Arguin - FieldWork Data Processing\Data\S2\Sen2Cor\S2B_MSIL2A_20251028T113319_N0511_R080_T28QCG_20251028T134111.zip,658,54,6350,363505.0,2199475.0,0.2134,0.2574,0.3516,0.4716,0.5144000000000001,0.5179,0.5359,0.548,0.5396000000000001,0.5491,0.6398,0.6019
2025-10-28,Iwik,Sen2Cor,S2B_MSIL2A_20251028T113319_N0511_R080_T28QCG_20251028T134111.SAFE,C:\Users\Simon\Nextcloud\Project\Mauritania\Science\Arguin - FieldWork Data Processing\Data\S2\Sen2Cor\S2B_MSIL2A_20251028T113319_N0511_R080_T28QCG_20251028T134111.zip,659,54,6351,363515.0,2199475.0,0.2134,0.25220000000000004,0.3432,0.46880000000000005,0.5144000000000001,0.5179,0.5359,0.5436,0.5396000000000001,0.5491,0.6398,0.6019
2025-10-28,Iwik,Sen2Cor,S2B_MSIL2A_20251028T113319_N0511_R080_T28QCG_20251028T134111.SAFE,C:\Users\Simon\Nextcloud\Project\Mauritania\Science\Arguin - FieldWork Data Processing\Data\S2\Sen2Cor\S2B_MSIL2A_20251028T113319_N0511_R080_T28QCG_20251028T134111.zip,660,54,6352,363525.0,2199475.0,0.2149,0.25620000000000004,0.3488,0.47400000000000003,0.5184,0.52,0.5372,0.5464,0.5448000000000001,0.5491,0.6474000000000001,0.6101
2025-10-28,Iwik,Sen2Cor,S2B_MSIL2A_20251028T113319_N0511_R080_T28QCG_20251028T134111.SAFE,C:\Users\Simon\Nextcloud\Project\Mauritania\Science\Arguin - FieldWork Data Processing\Data\S2\Sen2Cor\S2B_MSIL2A_20251028T113319_N0511_R080_T28QCG_20251028T134111.zip,661,54,6353,363535.0,2199475.0,0.2149,0.26,0.3516,0.47400000000000003,0.5184,0.52,0.5372,0.5528000000000001,0.5448000000000001,0.5491,0.6474000000000001,0.6101
2025-10-28,Iwik,Sen2Cor,S2B_MSIL2A_20251028T113319_N0511_R080_T28QCG_20251028T134111.SAFE,C:\Users\Simon\Nextcloud\Project\Mauritania\Science\Arguin - FieldWork Data Processing\Data\S2\Sen2Cor\S2B_MSIL2A_20251028T113319_N0511_R080_T28QCG_20251028T134111.zip,662,54,6354,363545.0,2199475.0,0.2157,0.25780000000000003,0.3504,0.4752,0.5207,0.5231,0.5411,0.55,0.5437000000000001,0.5535,0.6503,0.6115
2025-10-28,Iwik,Sen2Cor,S2B_MSIL2A_20251028T113319_N0511_R080_T28QCG_20251028T134111.SAFE,C:\Users\Simon\Nextcloud\Project\Mauritania\Science\Arguin - FieldWork Data Processing\Data\S2\Sen2Cor\S2B_MSIL2A_20251028T113319_N0511_R080_T28QCG_20251028T134111.zip,663,55,6332,363325.0,2199465.0,0.2036,0.23820000000000002,0.3272,0.4496,0.49100000000000005,0.4958,0.5147,0.5272,0.5257000000000001,0.5362,0.6383,0.6084
2025-10-28,Iwik,Sen2Cor,S2B_MSIL2A_20251028T113319_N0511_R080_T28QCG_20251028T134111.SAFE,C:\Users\Simon\Nextcloud\Project\Mauritania\Science\Arguin - FieldWork Data Processing\Data\S2\Sen2Cor\S2B_MSIL2A_20251028T113319_N0511_R080_T28QCG_20251028T134111.zip,664,55,6333,363335.0,2199465.0,0.2036,0.23800000000000002,0.3256,0.45,0.49100000000000005,0.4958,0.5147,0.5308,0.5257000000000001,0.5362,0.6383,0.6084
2025-10-28,Iwik,Sen2Cor,S2B_MSIL2A_20251028T113319_N0511_R080_T28QCG_20251028T134111.SAFE,C:\Users\Simon\Nextcloud\Project\Mauritania\Science\Arguin - FieldWork Data Processing\Data\S2\Sen2Cor\S2B_MSIL2A_20251028T113319_N0511_R080_T28QCG_20251028T134111.zip,665,55,6334,363345.0,2199465.0,0.2058,0.23720000000000002,0.33,0.4544,0.4968,0.5017,0.5188,0.5284,0.5304,0.5362,0.6401,0.6108
2025-10-28,Iwik,Sen2Cor,S2B_MSIL2A_20251028T113319_N0511_R080_T28QCG_20251028T134111.SAFE,C:\Users\Simon\Nextcloud\Project\Mauritania\Science\Arguin - FieldWork Data Processing\Data\S2\Sen2Cor\S2B_MSIL2A_20251028T113319_N0511_R080_T28QCG_20251028T134111.zip,666,55,6335,363355.0,2199465.0,0.2058,0.23500000000000001,0.3276,0.456,0.4968,0.5017,0.5188,0.5336000000000001,0.5304,0.5362,0.6401,0.6108
2025-10-28,Iwik,Sen2Cor,S2B_MSIL2A_20251028T113319_N0511_R080_T28QCG_20251028T134111.SAFE,C:\Users\Simon\Nextcloud\Project\Mauritania\Science\Arguin - FieldWork Data Processing\Data\S2\Sen2Cor\S2B_MSIL2A_20251028T113319_N0511_R080_T28QCG_20251028T134111.zip,667,55,6336,363365.0,2199465.0,0.21030000000000001,0.24280000000000002,0.33440000000000003,0.45640000000000003,0.5089,0.5097,0.5297000000000001,0.5336000000000001,0.5393,0.5446,0.6458,0.6163000000000001
2025-10-28,Iwik,Sen2Cor,S2B_MSIL2A_20251028T113319_N0511_R080_T28QCG_20251028T134111.SAFE,C:\Users\Simon\Nextcloud\Project\Mauritania\Science\Arguin - FieldWork Data Processing\Data\S2\Sen2Cor\S2B_MSIL2A_20251028T113319_N0511_R080_T28QCG_20251028T134111.zip,668,55,6337,363375.0,2199465.0,0.21030000000000001,0.2536,0.3452,0.466,0.5089,0.5097,0.5297000000000001,0.544,0.5393,0.5446,0.6458,0.6163000000000001
2025-10-28,Iwik,Sen2Cor,S2B_MSIL2A_20251028T113319_N0511_R080_T28QCG_20251028T134111.SAFE,C:\Users\Simon\Nextcloud\Project\Mauritania\Science\Arguin - FieldWork Data Processing\Data\S2\Sen2Cor\S2B_MSIL2A_20251028T113319_N0511_R080_T28QCG_20251028T134111.zip,669,55,6338,363385.0,2199465.0,0.2127,0.2586,0.34840000000000004,0.4676,0.5115000000000001,0.5161,0.5357000000000001,0.546,0.5437000000000001,0.5446,0.6451,0.6138
2025-10-28,Iwik,Sen2Cor,S2B_MSIL2A_20251028T113319_N0511_R080_T28QCG_20251028T134111.SAFE,C:\Users\Simon\Nextcloud\Project\Mauritania\Science\Arguin - FieldWork Data Processing\Data\S2\Sen2Cor\S2B_MSIL2A_20251028T113319_N0511_R080_T28QCG_20251028T134111.zip,670,55,6339,363395.0,2199465.0,0.2127,0.263,0.3532,0.4748,0.5115000000000001,0.5161,0.5357000000000001,0.5468000000000001,0.5437000000000001,0.5446,0.6451,0.6138
2025-10-28,Iwik,Sen2Cor,S2B_MSIL2A_20251028T113319_N0511_R080_T28QCG_20251028T134111.SAFE,C:\Users\Simon\Nextcloud\Project\Mauritania\Science\Arguin - FieldWork Data Processing\Data\S2\Sen2Cor\S2B_MSIL2A_20251028T113319_N0511_R080_T28QCG_20251028T134111.zip,671,55,6340,363405.0,2199465.0,0.2147,0.2646,0.3572,0.4796,0.5229,0.5257000000000001,0.5433,0.5488000000000001,0.5443,0.5446,0.6486000000000001,0.6149
2025-10-28,Iwik,Sen2Cor,S2B_MSIL2A_20251028T113319_N0511_R080_T28QCG_20251028T134111.SAFE,C:\Users\Simon\Nextcloud\Project\Mauritania\Science\Arguin - FieldWork Data Processing\Data\S2\Sen2Cor\S2B_MSIL2A_20251028T113319_N0511_R080_T28QCG_20251028T134111.zip,672,55,6341,363415.0,2199465.0,0.2147,0.26580000000000004,0.3552,0.4796,0.5229,0.5257000000000001,0.5433,0.5584,0.5443,0.5446,0.6486000000000001,0.6149
2025-10-28,Iwik,Sen2Cor,S2B_MSIL2A_20251028T113319_N0511_R080_T28QCG_20251028T134111.SAFE,C:\Users\Simon\Nextcloud\Project\Mauritania\Science\Arguin - FieldWork Data Processing\Data\S2\Sen2Cor\S2B_MSIL2A_20251028T113319_N0511_R080_T28QCG_20251028T134111.zip,673,55,6342,363425.0,2199465.0,0.2146,0.2632,0.3532,0.4788,0.5195000000000001,0.5252,0.5407000000000001,0.5524,0.5445,0.5476,0.6456000000000001,0.6072000000000001
2025-10-28,Iwik,Sen2Cor,S2B_MSIL2A_20251028T113319_N0511_R080_T28QCG_20251028T134111.SAFE,C:\Users\Simon\Nextcloud\Project\Mauritania\Science\Arguin - FieldWork Data Processing\Data\S2\Sen2Cor\S2B_MSIL2A_20251028T113319_N0511_R080_T28QCG_20251028T134111.zip,674,55,6343,363435.0,2199465.0,0.2146,0.26180000000000003,0.3524,0.47640000000000005,0.5195000000000001,0.5252,0.5407000000000001,0.5524,0.5445,0.5476,0.6456000000000001,0.6072000000000001
2025-10-28,Iwik,Sen2Cor,S2B_MSIL2A_20251028T113319_N0511_R080_T28QCG_20251028T134111.SAFE,C:\Users\Simon\Nextcloud\Project\Mauritania\Science\Arguin - FieldWork Data Processing\Data\S2\Sen2Cor\S2B_MSIL2A_20251028T113319_N0511_R080_T28QCG_20251028T134111.zip,675,55,6344,363445.0,2199465.0,0.2146,0.2602,0.35200000000000004,0.48040000000000005,0.5196000000000001,0.5209,0.5353,0.5472,0.5448000000000001,0.5476,0.644,0.6055
2025-10-28,Iwik,Sen2Cor,S2B_MSIL2A_20251028T113319_N0511_R080_T28QCG_20251028T134111.SAFE,C:\Users\Simon\Nextcloud\Project\Mauritania\Science\Arguin - FieldWork Data Processing\Data\S2\Sen2Cor\S2B_MSIL2A_20251028T113319_N0511_R080_T28QCG_20251028T134111.zip,676,55,6345,363455.0,2199465.0,0.2146,0.259,0.3496,0.4716,0.5196000000000001,0.5209,0.5353,0.5444,0.5448000000000001,0.5476,0.644,0.6055
2025-10-28,Iwik,Sen2Cor,S2B_MSIL2A_20251028T113319_N0511_R080_T28QCG_20251028T134111.SAFE,C:\Users\Simon\Nextcloud\Project\Mauritania\Science\Arguin - FieldWork Data Processing\Data\S2\Sen2Cor\S2B_MSIL2A_20251028T113319_N0511_R080_T28QCG_20251028T134111.zip,677,55,6346,363465.0,2199465.0,0.21450000000000002,0.263,0.3508,0.47400000000000003,0.519,0.5229,0.5389,0.5464,0.5463,0.5476,0.6471,0.6065
2025-10-28,Iwik,Sen2Cor,S2B_MSIL2A_20251028T113319_N0511_R080_T28QCG_20251028T134111.SAFE,C:\Users\Simon\Nextcloud\Project\Mauritania\Science\Arguin - FieldWork Data Processing\Data\S2\Sen2Cor\S2B_MSIL2A_20251028T113319_N0511_R080_T28QCG_20251028T134111.zip,678,55,6347,363475.0,2199465.0,0.21450000000000002,0.2624,0.3508,0.4776,0.519,0.5229,0.5389,0.5484,0.5463,0.5476,0.6471,0.6065
2025-10-28,Iwik,Sen2Cor,S2B_MSIL2A_20251028T113319_N0511_R080_T28QCG_20251028T134111.SAFE,C:\Users\Simon\Nextcloud\Project\Mauritania\Science\Arguin - FieldWork Data Processing\Data\S2\Sen2Cor\S2B_MSIL2A_20251028T113319_N0511_R080_T28QCG_20251028T134111.zip,679,55,6348,363485.0,2199465.0,0.2144,0.25980000000000003,0.3524,0.4732,0.5258,0.5236000000000001,0.5409,0.55,0.5514,0.5491,0.6445000000000001,0.6076
2025-10-28,Iwik,Sen2Cor,S2B_MSIL2A_20251028T113319_N0511_R080_T28QCG_20251028T134111.SAFE,C:\Users\Simon\Nextcloud\Project\Mauritania\Science\Arguin - FieldWork Data Processing\Data\S2\Sen2Cor\S2B_MSIL2A_20251028T113319_N0511_R080_T28QCG_20251028T134111.zip,680,55,6349,363495.0,2199465.0,0.2144,0.2614,0.3532,0.4708,0.5258,0.5236000000000001,0.5409,0.546,0.5514,0.5491,0.6445000000000001,0.6076
2025-10-28,Iwik,Sen2Cor,S2B_MSIL2A_20251028T113319_N0511_R080_T28QCG_20251028T134111.SAFE,C:\Users\Simon\Nextcloud\Project\Mauritania\Science\Arguin - FieldWork Data Processing\Data\S2\Sen2Cor\S2B_MSIL2A_20251028T113319_N0511_R080_T28QCG_20251028T134111.zip,681,55,6350,363505.0,2199465.0,0.2134,0.25680000000000003,0.3472,0.4696,0.5144000000000001,0.5179,0.5359,0.5444,0.5396000000000001,0.5491,0.6398,0.6019
2025-10-28,Iwik,Sen2Cor,S2B_MSIL2A_20251028T113319_N0511_R080_T28QCG_20251028T134111.SAFE,C:\Users\Simon\Nextcloud\Project\Mauritania\Science\Arguin - FieldWork Data Processing\Data\S2\Sen2Cor\S2B_MSIL2A_20251028T113319_N0511_R080_T28QCG_20251028T134111.zip,682,55,6351,363515.0,2199465.0,0.2134,0.251,0.34,0.4672,0.5144000000000001,0.5179,0.5359,0.5472,0.5396000000000001,0.5491,0.6398,0.6019
2025-10-28,Iwik,Sen2Cor,S2B_MSIL2A_20251028T113319_N0511_R080_T28QCG_20251028T134111.SAFE,C:\Users\Simon\Nextcloud\Project\Mauritania\Science\Arguin - FieldWork Data Processing\Data\S2\Sen2Cor\S2B_MSIL2A_20251028T113319_N0511_R080_T28QCG_20251028T134111.zip,683,55,6352,363525.0,2199465.0,0.2149,0.2558,0.3476,0.47440000000000004,0.5184,0.52,0.5372,0.5488000000000001,0.5448000000000001,0.5491,0.6474000000000001,0.6101
2025-10-28,Iwik,Sen2Cor,S2B_MSIL2A_20251028T113319_N0511_R080_T28QCG_20251028T134111.SAFE,C:\Users\Simon\Nextcloud\Project\Mauritania\Science\Arguin - FieldWork Data Processing\Data\S2\Sen2Cor\S2B_MSIL2A_20251028T113319_N0511_R080_T28QCG_20251028T134111.zip,684,55,6353,363535.0,2199465.0,0.2149,0.2634,0.3528,0.47840000000000005,0.5184,0.52,0.5372,0.5528000000000001,0.5448000000000001,0.5491,0.6474000000000001,0.6101
2025-10-28,Iwik,Sen2Cor,S2B_MSIL2A_20251028T113319_N0511_R080_T28QCG_20251028T134111.SAFE,C:\Users\Simon\Nextcloud\Project\Mauritania\Science\Arguin - FieldWork Data Processing\Data\S2\Sen2Cor\S2B_MSIL2A_20251028T113319_N0511_R080_T28QCG_20251028T134111.zip,685,56,6332,363325.0,2199455.0,0.20170000000000002,0.24080000000000001,0.334,0.45840000000000003,0.5009,0.5046,0.5274,0.536,0.5304,0.5362,0.6447,0.6171
2025-10-28,Iwik,Sen2Cor,S2B_MSIL2A_20251028T113319_N0511_R080_T28QCG_20251028T134111.SAFE,C:\Users\Simon\Nextcloud\Project\Mauritania\Science\Arguin - FieldWork Data Processing\Data\S2\Sen2Cor\S2B_MSIL2A_20251028T113319_N0511_R080_T28QCG_20251028T134111.zip,686,56,6333,363335.0,2199455.0,0.20170000000000002,0.2386,0.3284,0.46080000000000004,0.5009,0.5046,0.5274,0.5392,0.5304,0.5362,0.6447,0.6171
2025-10-28,Iwik,Sen2Cor,S2B_MSIL2A_20251028T113319_N0511_R080_T28QCG_20251028T134111.SAFE,C:\Users\Simon\Nextcloud\Project\Mauritania\Science\Arguin - FieldWork Data Processing\Data\S2\Sen2Cor\S2B_MSIL2A_20251028T113319_N0511_R080_T28QCG_20251028T134111.zip,687,56,6334,363345.0,2199455.0,0.2033,0.24080000000000001,0.32880000000000004,0.4572,0.4953,0.4988,0.5161,0.54,0.5304,0.5362,0.6404000000000001,0.6139
2025-10-28,Iwik,Sen2Cor,S2B_MSIL2A_20251028T113319_N0511_R080_T28QCG_20251028T134111.SAFE,C:\Users\Simon\Nextcloud\Project\Mauritania\Science\Arguin - FieldWork Data Processing\Data\S2\Sen2Cor\S2B_MSIL2A_20251028T113319_N0511_R080_T28QCG_20251028T134111.zip,688,56,6335,363355.0,2199455.0,0.2033,0.2422,0.33240000000000003,0.45520000000000005,0.4953,0.4988,0.5161,0.538,0.5304,0.5362,0.6404000000000001,0.6139
2025-10-28,Iwik,Sen2Cor,S2B_MSIL2A_20251028T113319_N0511_R080_T28QCG_20251028T134111.SAFE,C:\Users\Simon\Nextcloud\Project\Mauritania\Science\Arguin - FieldWork Data Processing\Data\S2\Sen2Cor\S2B_MSIL2A_20251028T113319_N0511_R080_T28QCG_20251028T134111.zip,689,56,6336,363365.0,2199455.0,0.2068,0.24780000000000002,0.3356,0.4596,0.5038,0.5067,0.5231,0.538,0.5357000000000001,0.5446,0.6458,0.6165
2025-10-28,Iwik,Sen2Cor,S2B_MSIL2A_20251028T113319_N0511_R080_T28QCG_20251028T134111.SAFE,C:\Users\Simon\Nextcloud\Project\Mauritania\Science\Arguin - FieldWork Data Processing\Data\S2\Sen2Cor\S2B_MSIL2A_20251028T113319_N0511_R080_T28QCG_20251028T134111.zip,690,56,6337,363375.0,2199455.0,0.2068,0.2534,0.34040000000000004,0.46280000000000004,0.5038,0.5067,0.5231,0.538,0.5357000000000001,0.5446,0.6458,0.6165
2025-10-28,Iwik,Sen2Cor,S2B_MSIL2A_20251028T113319_N0511_R080_T28QCG_20251028T134111.SAFE,C:\Users\Simon\Nextcloud\Project\Mauritania\Science\Arguin - FieldWork Data Processing\Data\S2\Sen2Cor\S2B_MSIL2A_20251028T113319_N0511_R080_T28QCG_20251028T134111.zip,691,56,6338,363385.0,2199455.0,0.2088,0.25780000000000003,0.3472,0.4656,0.5119,0.5172,0.5344,0.5456,0.5374,0.5446,0.6425000000000001,0.6138
2025-10-28,Iwik,Sen2Cor,S2B_MSIL2A_20251028T113319_N0511_R080_T28QCG_20251028T134111.SAFE,C:\Users\Simon\Nextcloud\Project\Mauritania\Science\Arguin - FieldWork Data Processing\Data\S2\Sen2Cor\S2B_MSIL2A_20251028T113319_N0511_R080_T28QCG_20251028T134111.zip,692,56,6339,363395.0,2199455.0,0.2088,0.2604,0.3476,0.4676,0.5119,0.5172,0.5344,0.5464,0.5374,0.5446,0.6425000000000001,0.6138
2025-10-28,Iwik,Sen2Cor,S2B_MSIL2A_20251028T113319_N0511_R080_T28QCG_20251028T134111.SAFE,C:\Users\Simon\Nextcloud\Project\Mauritania\Science\Arguin - FieldWork Data Processing\Data\S2\Sen2Cor\S2B_MSIL2A_20251028T113319_N0511_R080_T28QCG_20251028T134111.zip,693,56,6340,363405.0,2199455.0,0.2111,0.2564,0.3508,0.47200000000000003,0.5229,0.5213,0.5396000000000001,0.546,0.5448000000000001,0.5446,0.6464000000000001,0.6141
2025-10-28,Iwik,Sen2Cor,S2B_MSIL2A_20251028T113319_N0511_R080_T28QCG_20251028T134111.SAFE,C:\Users\Simon\Nextcloud\Project\Mauritania\Science\Arguin - FieldWork Data Processing\Data\S2\Sen2Cor\S2B_MSIL2A_20251028T113319_N0511_R080_T28QCG_20251028T134111.zip,694,56,6341,363415.0,2199455.0,0.2111,0.2636,0.35600000000000004,0.48040000000000005,0.5229,0.5213,0.5396000000000001,0.5504,0.5448000000000001,0.5446,0.6464000000000001,0.6141
2025-10-28,Iwik,Sen2Cor,S2B_MSIL2A_20251028T113319_N0511_R080_T28QCG_20251028T134111.SAFE,C:\Users\Simon\Nextcloud\Project\Mauritania\Science\Arguin - FieldWork Data Processing\Data\S2\Sen2Cor\S2B_MSIL2A_20251028T113319_N0511_R080_T28QCG_20251028T134111.zip,695,56,6342,363425.0,2199455.0,0.2119,0.268,0.3544,0.48400000000000004,0.5263,0.5279,0.5486,0.5596,0.5485,0.5476,0.647,0.6082000000000001
2025-10-28,Iwik,Sen2Cor,S2B_MSIL2A_20251028T113319_N0511_R080_T28QCG_20251028T134111.SAFE,C:\Users\Simon\Nextcloud\Project\Mauritania\Science\Arguin - FieldWork Data Processing\Data\S2\Sen2Cor\S2B_MSIL2A_20251028T113319_N0511_R080_T28QCG_20251028T134111.zip,696,56,6343,363435.0,2199455.0,0.2119,0.2664,0.3564,0.4808,0.5263,0.5279,0.5486,0.5568000000000001,0.5485,0.5476,0.647,0.6082000000000001
2025-10-28,Iwik,Sen2Cor,S2B_MSIL2A_20251028T113319_N0511_R080_T28QCG_20251028T134111.SAFE,C:\Users\Simon\Nextcloud\Project\Mauritania\Science\Arguin - FieldWork Data Processing\Data\S2\Sen2Cor\S2B_MSIL2A_20251028T113319_N0511_R080_T28QCG_20251028T134111.zip,697,56,6344,363445.0,2199455.0,0.21250000000000002,0.263,0.3572,0.47840000000000005,0.5177,0.5185000000000001,0.5352,0.5492,0.5427000000000001,0.5476,0.6431,0.6043000000000001
2025-10-28,Iwik,Sen2Cor,S2B_MSIL2A_20251028T113319_N0511_R080_T28QCG_20251028T134111.SAFE,C:\Users\Simon\Nextcloud\Project\Mauritania\Science\Arguin - FieldWork Data Processing\Data\S2\Sen2Cor\S2B_MSIL2A_20251028T113319_N0511_R080_T28QCG_20251028T134111.zip,698,56,6345,363455.0,2199455.0,0.21250000000000002,0.2584,0.3468,0.4708,0.5177,0.5185000000000001,0.5352,0.546,0.5427000000000001,0.5476,0.6431,0.6043000000000001
2025-10-28,Iwik,Sen2Cor,S2B_MSIL2A_20251028T113319_N0511_R080_T28QCG_20251028T134111.SAFE,C:\Users\Simon\Nextcloud\Project\Mauritania\Science\Arguin - FieldWork Data Processing\Data\S2\Sen2Cor\S2B_MSIL2A_20251028T113319_N0511_R080_T28QCG_20251028T134111.zip,699,56,6346,363465.0,2199455.0,0.21250000000000002,0.2612,0.3496,0.47400000000000003,0.515,0.5205000000000001,0.5364,0.5468000000000001,0.5446,0.5476,0.6457,0.6096
2025-10-28,Iwik,Sen2Cor,S2B_MSIL2A_20251028T113319_N0511_R080_T28QCG_20251028T134111.SAFE,C:\Users\Simon\Nextcloud\Project\Mauritania\Science\Arguin - FieldWork Data Processing\Data\S2\Sen2Cor\S2B_MSIL2A_20251028T113319_N0511_R080_T28QCG_20251028T134111.zip,700,56,6347,363475.0,2199455.0,0.21250000000000002,0.2626,0.35200000000000004,0.4768,0.515,0.5205000000000001,0.5364,0.5536,0.5446,0.5476,0.6457,0.6096
2025-10-28,Iwik,Sen2Cor,S2B_MSIL2A_20251028T113319_N0511_R080_T28QCG_20251028T134111.SAFE,C:\Users\Simon\Nextcloud\Project\Mauritania\Science\Arguin - FieldWork Data Processing\Data\S2\Sen2Cor\S2B_MSIL2A_20251028T113319_N0511_R080_T28QCG_20251028T134111.zip,701,56,6348,363485.0,2199455.0,0.2122,0.25980000000000003,0.3528,0.4728,0.518,0.5223,0.5337000000000001,0.554,0.5438000000000001,0.5491,0.6421,0.6062000000000001
2025-10-28,Iwik,Sen2Cor,S2B_MSIL2A_20251028T113319_N0511_R080_T28QCG_20251028T134111.SAFE,C:\Users\Simon\Nextcloud\Project\Mauritania\Science\Arguin - FieldWork Data Processing\Data\S2\Sen2Cor\S2B_MSIL2A_20251028T113319_N0511_R080_T28QCG_20251028T134111.zip,702,56,6349,363495.0,2199455.0,0.2122,0.2626,0.3532,0.4736,0.518,0.5223,0.5337000000000001,0.548,0.5438000000000001,0.5491,0.6421,0.6062000000000001
2025-10-28,Iwik,Sen2Cor,S2B_MSIL2A_20251028T113319_N0511_R080_T28QCG_20251028T134111.SAFE,C:\Users\Simon\Nextcloud\Project\Mauritania\Science\Arguin - FieldWork Data Processing\Data\S2\Sen2Cor\S2B_MSIL2A_20251028T113319_N0511_R080_T28QCG_20251028T134111.zip,703,56,6350,363505.0,2199455.0,0.21230000000000002,0.258,0.3488,0.4736,0.5173,0.5208,0.5436,0.5424,0.5473,0.5491,0.6425000000000001,0.6037
2025-10-28,Iwik,Sen2Cor,S2B_MSIL2A_20251028T113319_N0511_R080_T28QCG_20251028T134111.SAFE,C:\Users\Simon\Nextcloud\Project\Mauritania\Science\Arguin - FieldWork Data Processing\Data\S2\Sen2Cor\S2B_MSIL2A_20251028T113319_N0511_R080_T28QCG_20251028T134111.zip,704,56,6351,363515.0,2199455.0,0.21230000000000002,0.25,0.3476,0.4712,0.5173,0.5208,0.5436,0.5464,0.5473,0.5491,0.6425000000000001,0.6037
2025-10-28,Iwik,Sen2Cor,S2B_MSIL2A_20251028T113319_N0511_R080_T28QCG_20251028T134111.SAFE,C:\Users\Simon\Nextcloud\Project\Mauritania\Science\Arguin - FieldWork Data Processing\Data\S2\Sen2Cor\S2B_MSIL2A_20251028T113319_N0511_R080_T28QCG_20251028T134111.zip,705,56,6352,363525.0,2199455.0,0.2131,0.2584,0.3516,0.47840000000000005,0.522,0.5232,0.5421,0.5508000000000001,0.5514,0.5491,0.6495000000000001,0.6105
2025-10-28,Iwik,Sen2Cor,S2B_MSIL2A_20251028T113319_N0511_R080_T28QCG_20251028T134111.SAFE,C:\Users\Simon\Nextcloud\Project\Mauritania\Science\Arguin - FieldWork Data Processing\Data\S2\Sen2Cor\S2B_MSIL2A_20251028T113319_N0511_R080_T28QCG_20251028T134111.zip,706,57,6334,363345.0,2199445.0,0.2033,0.2376,0.3296,0.45480000000000004,0.4953,0.4988,0.5161,0.5376000000000001,0.5304,0.5362,0.6404000000000001,0.6139
2025-10-28,Iwik,Sen2Cor,S2B_MSIL2A_20251028T113319_N0511_R080_T28QCG_20251028T134111.SAFE,C:\Users\Simon\Nextcloud\Project\Mauritania\Science\Arguin - FieldWork Data Processing\Data\S2\Sen2Cor\S2B_MSIL2A_20251028T113319_N0511_R080_T28QCG_20251028T134111.zip,707,57,6335,363355.0,2199445.0,0.2033,0.2434,0.3312,0.45640000000000003,0.4953,0.4988,0.5161,0.5352,0.5304,0.5362,0.6404000000000001,0.6139
2025-10-28,Iwik,Sen2Cor,S2B_MSIL2A_20251028T113319_N0511_R080_T28QCG_20251028T134111.SAFE,C:\Users\Simon\Nextcloud\Project\Mauritania\Science\Arguin - FieldWork Data Processing\Data\S2\Sen2Cor\S2B_MSIL2A_20251028T113319_N0511_R080_T28QCG_20251028T134111.zip,708,57,6336,363365.0,2199445.0,0.2068,0.2472,0.33680000000000004,0.458,0.5038,0.5067,0.5231,0.5412,0.5357000000000001,0.5446,0.6458,0.6165
2025-10-28,Iwik,Sen2Cor,S2B_MSIL2A_20251028T113319_N0511_R080_T28QCG_20251028T134111.SAFE,C:\Users\Simon\Nextcloud\Project\Mauritania\Science\Arguin - FieldWork Data Processing\Data\S2\Sen2Cor\S2B_MSIL2A_20251028T113319_N0511_R080_T28QCG_20251028T134111.zip,709,57,6337,363375.0,2199445.0,0.2068,0.24380000000000002,0.3372,0.4632,0.5038,0.5067,0.5231,0.5404,0.5357000000000001,0.5446,0.6458,0.6165
2025-10-28,Iwik,Sen2Cor,S2B_MSIL2A_20251028T113319_N0511_R080_T28QCG_20251028T134111.SAFE,C:\Users\Simon\Nextcloud\Project\Mauritania\Science\Arguin - FieldWork Data Processing\Data\S2\Sen2Cor\S2B_MSIL2A_20251028T113319_N0511_R080_T28QCG_20251028T134111.zip,710,57,6338,363385.0,2199445.0,0.2088,0.2596,0.3452,0.466,0.5119,0.5172,0.5344,0.5448000000000001,0.5374,0.5446,0.6425000000000001,0.6138
2025-10-28,Iwik,Sen2Cor,S2B_MSIL2A_20251028T113319_N0511_R080_T28QCG_20251028T134111.SAFE,C:\Users\Simon\Nextcloud\Project\Mauritania\Science\Arguin - FieldWork Data Processing\Data\S2\Sen2Cor\S2B_MSIL2A_20251028T113319_N0511_R080_T28QCG_20251028T134111.zip,711,57,6339,363395.0,2199445.0,0.2088,0.25780000000000003,0.3472,0.46480000000000005,0.5119,0.5172,0.5344,0.5424,0.5374,0.5446,0.6425000000000001,0.6138
2025-10-28,Iwik,Sen2Cor,S2B_MSIL2A_20251028T113319_N0511_R080_T28QCG_20251028T134111.SAFE,C:\Users\Simon\Nextcloud\Project\Mauritania\Science\Arguin - FieldWork Data Processing\Data\S2\Sen2Cor\S2B_MSIL2A_20251028T113319_N0511_R080_T28QCG_20251028T134111.zip,712,57,6340,363405.0,2199445.0,0.2111,0.2504,0.3428,0.46880000000000005,0.5229,0.5213,0.5396000000000001,0.5448000000000001,0.5448000000000001,0.5446,0.6464000000000001,0.6141
2025-10-28,Iwik,Sen2Cor,S2B_MSIL2A_20251028T113319_N0511_R080_T28QCG_20251028T134111.SAFE,C:\Users\Simon\Nextcloud\Project\Mauritania\Science\Arguin - FieldWork Data Processing\Data\S2\Sen2Cor\S2B_MSIL2A_20251028T113319_N0511_R080_T28QCG_20251028T134111.zip,713,57,6341,363415.0,2199445.0,0.2111,0.2596,0.3548,0.47840000000000005,0.5229,0.5213,0.5396000000000001,0.556,0.5448000000000001,0.5446,0.6464000000000001,0.6141
2025-10-28,Iwik,Sen2Cor,S2B_MSIL2A_20251028T113319_N0511_R080_T28QCG_20251028T134111.SAFE,C:\Users\Simon\Nextcloud\Project\Mauritania\Science\Arguin - FieldWork Data Processing\Data\S2\Sen2Cor\S2B_MSIL2A_20251028T113319_N0511_R080_T28QCG_20251028T134111.zip,714,57,6342,363425.0,2199445.0,0.2119,0.2666,0.36160000000000003,0.48560000000000003,0.5263,0.5279,0.5486,0.5612,0.5485,0.5476,0.647,0.6082000000000001
2025-10-28,Iwik,Sen2Cor,S2B_MSIL2A_20251028T113319_N0511_R080_T28QCG_20251028T134111.SAFE,C:\Users\Simon\Nextcloud\Project\Mauritania\Science\Arguin - FieldWork Data Processing\Data\S2\Sen2Cor\S2B_MSIL2A_20251028T113319_N0511_R080_T28QCG_20251028T134111.zip,715,57,6343,363435.0,2199445.0,0.2119,0.26580000000000004,0.3584,0.48400000000000004,0.5263,0.5279,0.5486,0.5548000000000001,0.5485,0.5476,0.647,0.6082000000000001
2025-10-28,Iwik,Sen2Cor,S2B_MSIL2A_20251028T113319_N0511_R080_T28QCG_20251028T134111.SAFE,C:\Users\Simon\Nextcloud\Project\Mauritania\Science\Arguin - FieldWork Data Processing\Data\S2\Sen2Cor\S2B_MSIL2A_20251028T113319_N0511_R080_T28QCG_20251028T134111.zip,716,57,6344,363445.0,2199445.0,0.21250000000000002,0.2596,0.3508,0.47640000000000005,0.5177,0.5185000000000001,0.5352,0.5512,0.5427000000000001,0.5476,0.6431,0.6043000000000001
2025-10-28,Iwik,Sen2Cor,S2B_MSIL2A_20251028T113319_N0511_R080_T28QCG_20251028T134111.SAFE,C:\Users\Simon\Nextcloud\Project\Mauritania\Science\Arguin - FieldWork Data Processing\Data\S2\Sen2Cor\S2B_MSIL2A_20251028T113319_N0511_R080_T28QCG_20251028T134111.zip,717,57,6345,363455.0,2199445.0,0.21250000000000002,0.2494,0.342,0.4676,0.5177,0.5185000000000001,0.5352,0.5416000000000001,0.5427000000000001,0.5476,0.6431,0.6043000000000001
2025-10-28,Iwik,Sen2Cor,S2B_MSIL2A_20251028T113319_N0511_R080_T28QCG_20251028T134111.SAFE,C:\Users\Simon\Nextcloud\Project\Mauritania\Science\Arguin - FieldWork Data Processing\Data\S2\Sen2Cor\S2B_MSIL2A_20251028T113319_N0511_R080_T28QCG_20251028T134111.zip,718,57,6346,363465.0,2199445.0,0.21250000000000002,0.2576,0.3468,0.4708,0.515,0.5205000000000001,0.5364,0.5468000000000001,0.5446,0.5476,0.6457,0.6096
2025-10-28,Iwik,Sen2Cor,S2B_MSIL2A_20251028T113319_N0511_R080_T28QCG_20251028T134111.SAFE,C:\Users\Simon\Nextcloud\Project\Mauritania\Science\Arguin - FieldWork Data Processing\Data\S2\Sen2Cor\S2B_MSIL2A_20251028T113319_N0511_R080_T28QCG_20251028T134111.zip,719,57,6347,363475.0,2199445.0,0.21250000000000002,0.2646,0.3548,0.47800000000000004,0.515,0.5205000000000001,0.5364,0.5516,0.5446,0.5476,0.6457,0.6096
2025-10-28,Iwik,Sen2Cor,S2B_MSIL2A_20251028T113319_N0511_R080_T28QCG_20251028T134111.SAFE,C:\Users\Simon\Nextcloud\Project\Mauritania\Science\Arguin - FieldWork Data Processing\Data\S2\Sen2Cor\S2B_MSIL2A_20251028T113319_N0511_R080_T28QCG_20251028T134111.zip,720,57,6348,363485.0,2199445.0,0.2122,0.261,0.35600000000000004,0.4752,0.518,0.5223,0.5337000000000001,0.5528000000000001,0.5438000000000001,0.5491,0.6421,0.6062000000000001
2025-10-28,Iwik,Sen2Cor,S2B_MSIL2A_20251028T113319_N0511_R080_T28QCG_20251028T134111.SAFE,C:\Users\Simon\Nextcloud\Project\Mauritania\Science\Arguin - FieldWork Data Processing\Data\S2\Sen2Cor\S2B_MSIL2A_20251028T113319_N0511_R080_T28QCG_20251028T134111.zip,721,57,6349,363495.0,2199445.0,0.2122,0.2566,0.3504,0.47200000000000003,0.518,0.5223,0.5337000000000001,0.5468000000000001,0.5438000000000001,0.5491,0.6421,0.6062000000000001
2025-10-28,Iwik,Sen2Cor,S2B_MSIL2A_20251028T113319_N0511_R080_T28QCG_20251028T134111.SAFE,C:\Users\Simon\Nextcloud\Project\Mauritania\Science\Arguin - FieldWork Data Processing\Data\S2\Sen2Cor\S2B_MSIL2A_20251028T113319_N0511_R080_T28QCG_20251028T134111.zip,722,57,6350,363505.0,2199445.0,0.21230000000000002,0.2566,0.3516,0.47400000000000003,0.5173,0.5208,0.5436,0.544,0.5473,0.5491,0.6425000000000001,0.6037
2025-10-28,Iwik,Sen2Cor,S2B_MSIL2A_20251028T113319_N0511_R080_T28QCG_20251028T134111.SAFE,C:\Users\Simon\Nextcloud\Project\Mauritania\Science\Arguin - FieldWork Data Processing\Data\S2\Sen2Cor\S2B_MSIL2A_20251028T113319_N0511_R080_T28QCG_20251028T134111.zip,723,58,6338,363385.0,2199435.0,0.20550000000000002,0.2534,0.3472,0.47200000000000003,0.5093,0.5197,0.5379,0.5472,0.5406000000000001,0.5446,0.6434000000000001,0.6167
2025-10-28,Iwik,Sen2Cor,S2B_MSIL2A_20251028T113319_N0511_R080_T28QCG_20251028T134111.SAFE,C:\Users\Simon\Nextcloud\Project\Mauritania\Science\Arguin - FieldWork Data Processing\Data\S2\Sen2Cor\S2B_MSIL2A_20251028T113319_N0511_R080_T28QCG_20251028T134111.zip,724,58,6339,363395.0,2199435.0,0.20550000000000002,0.25420000000000004,0.3468,0.4672,0.5093,0.5197,0.5379,0.5436,0.5406000000000001,0.5446,0.6434000000000001,0.6167
2025-10-28,Iwik,Sen2Cor,S2B_MSIL2A_20251028T113319_N0511_R080_T28QCG_20251028T134111.SAFE,C:\Users\Simon\Nextcloud\Project\Mauritania\Science\Arguin - FieldWork Data Processing\Data\S2\Sen2Cor\S2B_MSIL2A_20251028T113319_N0511_R080_T28QCG_20251028T134111.zip,725,58,6340,363405.0,2199435.0,0.2069,0.25320000000000004,0.34040000000000004,0.46680000000000005,0.518,0.5204,0.5387000000000001,0.5428000000000001,0.5446,0.5446,0.6455000000000001,0.6161
2025-10-28,Iwik,Sen2Cor,S2B_MSIL2A_20251028T113319_N0511_R080_T28QCG_20251028T134111.SAFE,C:\Users\Simon\Nextcloud\Project\Mauritania\Science\Arguin - FieldWork Data Processing\Data\S2\Sen2Cor\S2B_MSIL2A_20251028T113319_N0511_R080_T28QCG_20251028T134111.zip,726,58,6341,363415.0,2199435.0,0.2069,0.2544,0.35000000000000003,0.4756,0.518,0.5204,0.5387000000000001,0.5516,0.5446,0.5446,0.6455000000000001,0.6161
2025-10-28,Iwik,Sen2Cor,S2B_MSIL2A_20251028T113319_N0511_R080_T28QCG_20251028T134111.SAFE,C:\Users\Simon\Nextcloud\Project\Mauritania\Science\Arguin - FieldWork Data Processing\Data\S2\Sen2Cor\S2B_MSIL2A_20251028T113319_N0511_R080_T28QCG_20251028T134111.zip,727,58,6342,363425.0,2199435.0,0.20850000000000002,0.2596,0.3552,0.4812,0.5242,0.5237,0.5436,0.5576,0.5487000000000001,0.5476,0.6443,0.61
2025-10-28,Iwik,Sen2Cor,S2B_MSIL2A_20251028T113319_N0511_R080_T28QCG_20251028T134111.SAFE,C:\Users\Simon\Nextcloud\Project\Mauritania\Science\Arguin - FieldWork Data Processing\Data\S2\Sen2Cor\S2B_MSIL2A_20251028T113319_N0511_R080_T28QCG_20251028T134111.zip,728,58,6343,363435.0,2199435.0,0.20850000000000002,0.2612,0.35400000000000004,0.4792,0.5242,0.5237,0.5436,0.5536,0.5487000000000001,0.5476,0.6443,0.61
2025-10-28,Iwik,Sen2Cor,S2B_MSIL2A_20251028T113319_N0511_R080_T28QCG_20251028T134111.SAFE,C:\Users\Simon\Nextcloud\Project\Mauritania\Science\Arguin - FieldWork Data Processing\Data\S2\Sen2Cor\S2B_MSIL2A_20251028T113319_N0511_R080_T28QCG_20251028T134111.zip,729,58,6344,363445.0,2199435.0,0.20980000000000001,0.25680000000000003,0.3476,0.4732,0.512,0.5121,0.5299,0.5484,0.5379,0.5476,0.6395000000000001,0.604
2025-10-28,Iwik,Sen2Cor,S2B_MSIL2A_20251028T113319_N0511_R080_T28QCG_20251028T134111.SAFE,C:\Users\Simon\Nextcloud\Project\Mauritania\Science\Arguin - FieldWork Data Processing\Data\S2\Sen2Cor\S2B_MSIL2A_20251028T113319_N0511_R080_T28QCG_20251028T134111.zip,730,58,6345,363455.0,2199435.0,0.20980000000000001,0.25220000000000004,0.34040000000000004,0.46480000000000005,0.512,0.5121,0.5299,0.5444,0.5379,0.5476,0.6395000000000001,0.604
2025-10-28,Iwik,Sen2Cor,S2B_MSIL2A_20251028T113319_N0511_R080_T28QCG_20251028T134111.SAFE,C:\Users\Simon\Nextcloud\Project\Mauritania\Science\Arguin - FieldWork Data Processing\Data\S2\Sen2Cor\S2B_MSIL2A_20251028T113319_N0511_R080_T28QCG_20251028T134111.zip,731,58,6346,363465.0,2199435.0,0.2102,0.2548,0.3468,0.4676,0.5067,0.5084000000000001,0.5294,0.5456,0.5357000000000001,0.5476,0.6392,0.6065
2025-10-28,Iwik,Sen2Cor,S2B_MSIL2A_20251028T113319_N0511_R080_T28QCG_20251028T134111.SAFE,C:\Users\Simon\Nextcloud\Project\Mauritania\Science\Arguin - FieldWork Data Processing\Data\S2\Sen2Cor\S2B_MSIL2A_20251028T113319_N0511_R080_T28QCG_20251028T134111.zip,732,58,6347,363475.0,2199435.0,0.2102,0.263,0.3552,0.47400000000000003,0.5067,0.5084000000000001,0.5294,0.5448000000000001,0.5357000000000001,0.5476,0.6392,0.6065
2025-10-28,Arel,Sen2Cor,S2B_MSIL2A_20251028T113319_N0511_R080_T28QCH_20251028T134111.SAFE,C:\Users\Simon\Nextcloud\Project\Mauritania\Science\Arguin - FieldWork Data Processing\Data\S2\Sen2Cor\S2B_MSIL2A_20251028T113319_N0511_R080_T28QCH_20251028T134111.zip,0,9870,4269,342695.0,2201335.0,0.1874,0.257,0.31720000000000004,0.4184,0.4687,0.47890000000000005,0.5073,0.5456,0.5448000000000001,0.5284,0.5931000000000001,0.43920000000000003
2025-10-28,Arel,Sen2Cor,S2B_MSIL2A_20251028T113319_N0511_R080_T28QCH_20251028T134111.SAFE,C:\Users\Simon\Nextcloud\Project\Mauritania\Science\Arguin - FieldWork Data Processing\Data\S2\Sen2Cor\S2B_MSIL2A_20251028T113319_N0511_R080_T28QCH_20251028T134111.zip,1,9870,4270,342705.0,2201335.0,0.1756,0.268,0.33080000000000004,0.42200000000000004,0.4807,0.48860000000000003,0.5175000000000001,0.5428000000000001,0.5533,0.5284,0.5889,0.4272
2025-10-28,Arel,Sen2Cor,S2B_MSIL2A_20251028T113319_N0511_R080_T28QCH_20251028T134111.SAFE,C:\Users\Simon\Nextcloud\Project\Mauritania\Science\Arguin - FieldWork Data Processing\Data\S2\Sen2Cor\S2B_MSIL2A_20251028T113319_N0511_R080_T28QCH_20251028T134111.zip,2,9870,4271,342715.0,2201335.0,0.1756,0.272,0.3372,0.42200000000000004,0.4807,0.48860000000000003,0.5175000000000001,0.5512,0.5533,0.5284,0.5889,0.4272
2025-10-28,Arel,Sen2Cor,S2B_MSIL2A_20251028T113319_N0511_R080_T28QCH_20251028T134111.SAFE,C:\Users\Simon\Nextcloud\Project\Mauritania\Science\Arguin - FieldWork Data Processing\Data\S2\Sen2Cor\S2B_MSIL2A_20251028T113319_N0511_R080_T28QCH_20251028T134111.zip,3,9871,4264,342645.0,2201325.0,0.191,0.298,0.3652,0.46880000000000005,0.499,0.5016,0.5269,0.5796,0.5541,0.5284,0.5873,0.44980000000000003
2025-10-28,Arel,Sen2Cor,S2B_MSIL2A_20251028T113319_N0511_R080_T28QCH_20251028T134111.SAFE,C:\Users\Simon\Nextcloud\Project\Mauritania\Science\Arguin - FieldWork Data Processing\Data\S2\Sen2Cor\S2B_MSIL2A_20251028T113319_N0511_R080_T28QCH_20251028T134111.zip,4,9871,4265,342655.0,2201325.0,0.191,0.2896,0.3584,0.46040000000000003,0.499,0.5016,0.5269,0.5780000000000001,0.5541,0.5284,0.5873,0.44980000000000003
2025-10-28,Arel,Sen2Cor,S2B_MSIL2A_20251028T113319_N0511_R080_T28QCH_20251028T134111.SAFE,C:\Users\Simon\Nextcloud\Project\Mauritania\Science\Arguin - FieldWork Data Processing\Data\S2\Sen2Cor\S2B_MSIL2A_20251028T113319_N0511_R080_T28QCH_20251028T134111.zip,5,9871,4266,342665.0,2201325.0,0.192,0.274,0.3432,0.4408,0.48550000000000004,0.49410000000000004,0.5203,0.56,0.5426,0.5284,0.5941000000000001,0.44630000000000003
2025-10-28,Arel,Sen2Cor,S2B_MSIL2A_20251028T113319_N0511_R080_T28QCH_20251028T134111.SAFE,C:\Users\Simon\Nextcloud\Project\Mauritania\Science\Arguin - FieldWork Data Processing\Data\S2\Sen2Cor\S2B_MSIL2A_20251028T113319_N0511_R080_T28QCH_20251028T134111.zip,6,9871,4267,342675.0,2201325.0,0.192,0.264,0.326,0.4268,0.48550000000000004,0.49410000000000004,0.5203,0.5456,0.5426,0.5284,0.5941000000000001,0.44630000000000003
2025-10-28,Arel,Sen2Cor,S2B_MSIL2A_20251028T113319_N0511_R080_T28QCH_20251028T134111.SAFE,C:\Users\Simon\Nextcloud\Project\Mauritania\Science\Arguin - FieldWork Data Processing\Data\S2\Sen2Cor\S2B_MSIL2A_20251028T113319_N0511_R080_T28QCH_20251028T134111.zip,7,9871,4268,342685.0,2201325.0,0.1874,0.2558,0.31880000000000003,0.4164,0.4687,0.47890000000000005,0.5073,0.5396000000000001,0.5448000000000001,0.5284,0.5931000000000001,0.43920000000000003
2025-10-28,Arel,Sen2Cor,S2B_MSIL2A_20251028T113319_N0511_R080_T28QCH_20251028T134111.SAFE,C:\Users\Simon\Nextcloud\Project\Mauritania\Science\Arguin - FieldWork Data Processing\Data\S2\Sen2Cor\S2B_MSIL2A_20251028T113319_N0511_R080_T28QCH_20251028T134111.zip,8,9871,4269,342695.0,2201325.0,0.1874,0.2456,0.31,0.41240000000000004,0.4687,0.47890000000000005,0.5073,0.542,0.5448000000000001,0.5284,0.5931000000000001,0.43920000000000003
2025-10-28,Arel,Sen2Cor,S2B_MSIL2A_20251028T113319_N0511_R080_T28QCH_20251028T134111.SAFE,C:\Users\Simon\Nextcloud\Project\Mauritania\Science\Arguin - FieldWork Data Processing\Data\S2\Sen2Cor\S2B_MSIL2A_20251028T113319_N0511_R080_T28QCH_20251028T134111.zip,9,9871,4270,342705.0,2201325.0,0.1756,0.2642,0.31920000000000004,0.4232,0.4807,0.48860000000000003,0.5175000000000001,0.5532,0.5533,0.5284,0.5889,0.4272
2025-10-28,Arel,Sen2Cor,S2B_MSIL2A_20251028T113319_N0511_R080_T28QCH_20251028T134111.SAFE,C:\Users\Simon\Nextcloud\Project\Mauritania\Science\Arguin - FieldWork Data Processing\Data\S2\Sen2Cor\S2B_MSIL2A_20251028T113319_N0511_R080_T28QCH_20251028T134111.zip,10,9871,4271,342715.0,2201325.0,0.1756,0.278,0.3452,0.4436,0.4807,0.48860000000000003,0.5175000000000001,0.5760000000000001,0.5533,0.5284,0.5889,0.4272
2025-10-28,Arel,Sen2Cor,S2B_MSIL2A_20251028T113319_N0511_R080_T28QCH_20251028T134111.SAFE,C:\Users\Simon\Nextcloud\Project\Mauritania\Science\Arguin - FieldWork Data Processing\Data\S2\Sen2Cor\S2B_MSIL2A_20251028T113319_N0511_R080_T28QCH_20251028T134111.zip,11,9871,4272,342725.0,2201325.0,0.1583,0.2756,0.3396,0.436,0.45170000000000005,0.47190000000000004,0.4943,0.5704,0.5286000000000001,0.45680000000000004,0.5650000000000001,0.3997
2025-10-28,Arel,Sen2Cor,S2B_MSIL2A_20251028T113319_N0511_R080_T28QCH_20251028T134111.SAFE,C:\Users\Simon\Nextcloud\Project\Mauritania\Science\Arguin - FieldWork Data Processing\Data\S2\Sen2Cor\S2B_MSIL2A_20251028T113319_N0511_R080_T28QCH_20251028T134111.zip,12,9872,4259,342595.0,2201315.0,0.2205,0.28340000000000004,0.35000000000000003,0.43760000000000004,0.5018,0.5081,0.5267000000000001,0.522,0.5448000000000001,0.4681,0.5775,0.4363
2025-10-28,Arel,Sen2Cor,S2B_MSIL2A_20251028T113319_N0511_R080_T28QCH_20251028T134111.SAFE,C:\Users\Simon\Nextcloud\Project\Mauritania\Science\Arguin - FieldWork Data Processing\Data\S2\Sen2Cor\S2B_MSIL2A_20251028T113319_N0511_R080_T28QCH_20251028T134111.zip,13,9872,4260,342605.0,2201315.0,0.22060000000000002,0.3108,0.37320000000000003,0.4592,0.5232,0.5229,0.5434,0.5568000000000001,0.5624,0.5284,0.5870000000000001,0.4449
2025-10-28,Arel,Sen2Cor,S2B_MSIL2A_20251028T113319_N0511_R080_T28QCH_20251028T134111.SAFE,C:\Users\Simon\Nextcloud\Project\Mauritania\Science\Arguin - FieldWork Data Processing\Data\S2\Sen2Cor\S2B_MSIL2A_20251028T113319_N0511_R080_T28QCH_20251028T134111.zip,14,9872,4261,342615.0,2201315.0,0.22060000000000002,0.3196,0.3876,0.4888,0.5232,0.5229,0.5434,0.5856,0.5624,0.5284,0.5870000000000001,0.4449
2025-10-28,Arel,Sen2Cor,S2B_MSIL2A_20251028T113319_N0511_R080_T28QCH_20251028T134111.SAFE,C:\Users\Simon\Nextcloud\Project\Mauritania\Science\Arguin - FieldWork Data Processing\Data\S2\Sen2Cor\S2B_MSIL2A_20251028T113319_N0511_R080_T28QCH_20251028T134111.zip,15,9872,4262,342625.0,2201315.0,0.21860000000000002,0.3002,0.372,0.466,0.5066,0.5173,0.5401,0.5824,0.5668000000000001,0.5284,0.5994,0.441
2025-10-28,Arel,Sen2Cor,S2B_MSIL2A_20251028T113319_N0511_R080_T28QCH_20251028T134111.SAFE,C:\Users\Simon\Nextcloud\Project\Mauritania\Science\Arguin - FieldWork Data Processing\Data\S2\Sen2Cor\S2B_MSIL2A_20251028T113319_N0511_R080_T28QCH_20251028T134111.zip,16,9872,4263,342635.0,2201315.0,0.21860000000000002,0.2778,0.3584,0.454,0.5066,0.5173,0.5401,0.5692,0.5668000000000001,0.5284,0.5994,0.441
2025-10-28,Arel,Sen2Cor,S2B_MSIL2A_20251028T113319_N0511_R080_T28QCH_20251028T134111.SAFE,C:\Users\Simon\Nextcloud\Project\Mauritania\Science\Arguin - FieldWork Data Processing\Data\S2\Sen2Cor\S2B_MSIL2A_20251028T113319_N0511_R080_T28QCH_20251028T134111.zip,17,9872,4264,342645.0,2201315.0,0.217,0.28300000000000003,0.34840000000000004,0.4496,0.506,0.5076,0.533,0.5628000000000001,0.56,0.5284,0.597,0.4549
2025-10-28,Arel,Sen2Cor,S2B_MSIL2A_20251028T113319_N0511_R080_T28QCH_20251028T134111.SAFE,C:\Users\Simon\Nextcloud\Project\Mauritania\Science\Arguin - FieldWork Data Processing\Data\S2\Sen2Cor\S2B_MSIL2A_20251028T113319_N0511_R080_T28QCH_20251028T134111.zip,18,9872,4265,342655.0,2201315.0,0.217,0.2852,0.3572,0.45120000000000005,0.506,0.5076,0.533,0.5648000000000001,0.56,0.5284,0.597,0.4549
2025-10-28,Arel,Sen2Cor,S2B_MSIL2A_20251028T113319_N0511_R080_T28QCH_20251028T134111.SAFE,C:\Users\Simon\Nextcloud\Project\Mauritania\Science\Arguin - FieldWork Data Processing\Data\S2\Sen2Cor\S2B_MSIL2A_20251028T113319_N0511_R080_T28QCH_20251028T134111.zip,19,9872,4266,342665.0,2201315.0,0.2134,0.2756,0.33440000000000003,0.4364,0.47740000000000005,0.4863,0.5138,0.5528000000000001,0.5418000000000001,0.5284,0.5901000000000001,0.4429
2025-10-28,Arel,Sen2Cor,S2B_MSIL2A_20251028T113319_N0511_R080_T28QCH_20251028T134111.SAFE,C:\Users\Simon\Nextcloud\Project\Mauritania\Science\Arguin - FieldWork Data Processing\Data\S2\Sen2Cor\S2B_MSIL2A_20251028T113319_N0511_R080_T28QCH_20251028T134111.zip,20,9872,4267,342675.0,2201315.0,0.2134,0.25780000000000003,0.3284,0.4264,0.47740000000000005,0.4863,0.5138,0.5368,0.5418000000000001,0.5284,0.5901000000000001,0.4429
2025-10-28,Arel,Sen2Cor,S2B_MSIL2A_20251028T113319_N0511_R080_T28QCH_20251028T134111.SAFE,C:\Users\Simon\Nextcloud\Project\Mauritania\Science\Arguin - FieldWork Data Processing\Data\S2\Sen2Cor\S2B_MSIL2A_20251028T113319_N0511_R080_T28QCH_20251028T134111.zip,21,9872,4268,342685.0,2201315.0,0.2063,0.24680000000000002,0.309,0.406,0.45740000000000003,0.4741,0.5024000000000001,0.5328,0.5393,0.5284,0.5977,0.444
2025-10-28,Arel,Sen2Cor,S2B_MSIL2A_20251028T113319_N0511_R080_T28QCH_20251028T134111.SAFE,C:\Users\Simon\Nextcloud\Project\Mauritania\Science\Arguin - FieldWork Data Processing\Data\S2\Sen2Cor\S2B_MSIL2A_20251028T113319_N0511_R080_T28QCH_20251028T134111.zip,22,9872,4269,342695.0,2201315.0,0.2063,0.2414,0.3032,0.40080000000000005,0.45740000000000003,0.4741,0.5024000000000001,0.5356000000000001,0.5393,0.5284,0.5977,0.444
2025-10-28,Arel,Sen2Cor,S2B_MSIL2A_20251028T113319_N0511_R080_T28QCH_20251028T134111.SAFE,C:\Users\Simon\Nextcloud\Project\Mauritania\Science\Arguin - FieldWork Data Processing\Data\S2\Sen2Cor\S2B_MSIL2A_20251028T113319_N0511_R080_T28QCH_20251028T134111.zip,23,9872,4270,342705.0,2201315.0,0.196,0.263,0.328,0.42960000000000004,0.4884,0.5053,0.5306000000000001,0.558,0.5679000000000001,0.5284,0.6213000000000001,0.47000000000000003
2025-10-28,Arel,Sen2Cor,S2B_MSIL2A_20251028T113319_N0511_R080_T28QCH_20251028T134111.SAFE,C:\Users\Simon\Nextcloud\Project\Mauritania\Science\Arguin - FieldWork Data Processing\Data\S2\Sen2Cor\S2B_MSIL2A_20251028T113319_N0511_R080_T28QCH_20251028T134111.zip,24,9872,4271,342715.0,2201315.0,0.196,0.27,0.3428,0.44720000000000004,0.4884,0.5053,0.5306000000000001,0.5760000000000001,0.5679000000000001,0.5284,0.6213000000000001,0.47000000000000003
2025-10-28,Arel,Sen2Cor,S2B_MSIL2A_20251028T113319_N0511_R080_T28QCH_20251028T134111.SAFE,C:\Users\Simon\Nextcloud\Project\Mauritania\Science\Arguin - FieldWork Data Processing\Data\S2\Sen2Cor\S2B_MSIL2A_20251028T113319_N0511_R080_T28QCH_20251028T134111.zip,25,9872,4272,342725.0,2201315.0,0.1832,0.2752,0.3544,0.44720000000000004,0.5009,0.5088,0.5344,0.5680000000000001,0.5576,0.45680000000000004,0.6119,0.46900000000000003
2025-10-28,Arel,Sen2Cor,S2B_MSIL2A_20251028T113319_N0511_R080_T28QCH_20251028T134111.SAFE,C:\Users\Simon\Nextcloud\Project\Mauritania\Science\Arguin - FieldWork Data Processing\Data\S2\Sen2Cor\S2B_MSIL2A_20251028T113319_N0511_R080_T28QCH_20251028T134111.zip,26,9873,4255,342555.0,2201305.0,0.1942,0.3372,0.38920000000000005,0.4772,0.4441,0.4524,0.47240000000000004,0.5712,0.49200000000000005,0.4681,0.4939,0.364
2025-10-28,Arel,Sen2Cor,S2B_MSIL2A_20251028T113319_N0511_R080_T28QCH_20251028T134111.SAFE,C:\Users\Simon\Nextcloud\Project\Mauritania\Science\Arguin - FieldWork Data Processing\Data\S2\Sen2Cor\S2B_MSIL2A_20251028T113319_N0511_R080_T28QCH_20251028T134111.zip,27,9873,4256,342565.0,2201305.0,0.21330000000000002,0.3196,0.39680000000000004,0.49360000000000004,0.5005000000000001,0.5027,0.5203,0.5736,0.5373,0.4681,0.559,0.4318
2025-10-28,Arel,Sen2Cor,S2B_MSIL2A_20251028T113319_N0511_R080_T28QCH_20251028T134111.SAFE,C:\Users\Simon\Nextcloud\Project\Mauritania\Science\Arguin - FieldWork Data Processing\Data\S2\Sen2Cor\S2B_MSIL2A_20251028T113319_N0511_R080_T28QCH_20251028T134111.zip,28,9873,4257,342575.0,2201305.0,0.21330000000000002,0.32320000000000004,0.3824,0.4824,0.5005000000000001,0.5027,0.5203,0.5736,0.5373,0.4681,0.559,0.4318
2025-10-28,Arel,Sen2Cor,S2B_MSIL2A_20251028T113319_N0511_R080_T28QCH_20251028T134111.SAFE,C:\Users\Simon\Nextcloud\Project\Mauritania\Science\Arguin - FieldWork Data Processing\Data\S2\Sen2Cor\S2B_MSIL2A_20251028T113319_N0511_R080_T28QCH_20251028T134111.zip,29,9873,4258,342585.0,2201305.0,0.2205,0.3088,0.3836,0.47840000000000005,0.5018,0.5081,0.5267000000000001,0.5648000000000001,0.5448000000000001,0.4681,0.5775,0.4363
2025-10-28,Arel,Sen2Cor,S2B_MSIL2A_20251028T113319_N0511_R080_T28QCH_20251028T134111.SAFE,C:\Users\Simon\Nextcloud\Project\Mauritania\Science\Arguin - FieldWork Data Processing\Data\S2\Sen2Cor\S2B_MSIL2A_20251028T113319_N0511_R080_T28QCH_20251028T134111.zip,30,9873,4259,342595.0,2201305.0,0.2205,0.3156,0.3936,0.48360000000000003,0.5018,0.5081,0.5267000000000001,0.5752,0.5448000000000001,0.4681,0.5775,0.4363
2025-10-28,Arel,Sen2Cor,S2B_MSIL2A_20251028T113319_N0511_R080_T28QCH_20251028T134111.SAFE,C:\Users\Simon\Nextcloud\Project\Mauritania\Science\Arguin - FieldWork Data Processing\Data\S2\Sen2Cor\S2B_MSIL2A_20251028T113319_N0511_R080_T28QCH_20251028T134111.zip,31,9873,4260,342605.0,2201305.0,0.22060000000000002,0.31720000000000004,0.39,0.49000000000000005,0.5232,0.5229,0.5434,0.5932000000000001,0.5624,0.5284,0.5870000000000001,0.4449
2025-10-28,Arel,Sen2Cor,S2B_MSIL2A_20251028T113319_N0511_R080_T28QCH_20251028T134111.SAFE,C:\Users\Simon\Nextcloud\Project\Mauritania\Science\Arguin - FieldWork Data Processing\Data\S2\Sen2Cor\S2B_MSIL2A_20251028T113319_N0511_R080_T28QCH_20251028T134111.zip,32,9873,4261,342615.0,2201305.0,0.22060000000000002,0.29960000000000003,0.368,0.47200000000000003,0.5232,0.5229,0.5434,0.5844,0.5624,0.5284,0.5870000000000001,0.4449
2025-10-28,Arel,Sen2Cor,S2B_MSIL2A_20251028T113319_N0511_R080_T28QCH_20251028T134111.SAFE,C:\Users\Simon\Nextcloud\Project\Mauritania\Science\Arguin - FieldWork Data Processing\Data\S2\Sen2Cor\S2B_MSIL2A_20251028T113319_N0511_R080_T28QCH_20251028T134111.zip,33,9873,4262,342625.0,2201305.0,0.21860000000000002,0.2876,0.3524,0.44680000000000003,0.5066,0.5173,0.5401,0.5668000000000001,0.5668000000000001,0.5284,0.5994,0.441
2025-10-28,Arel,Sen2Cor,S2B_MSIL2A_20251028T113319_N0511_R080_T28QCH_20251028T134111.SAFE,C:\Users\Simon\Nextcloud\Project\Mauritania\Science\Arguin - FieldWork Data Processing\Data\S2\Sen2Cor\S2B_MSIL2A_20251028T113319_N0511_R080_T28QCH_20251028T134111.zip,34,9873,4263,342635.0,2201305.0,0.21860000000000002,0.268,0.3396,0.4444,0.5066,0.5173,0.5401,0.5612,0.5668000000000001,0.5284,0.5994,0.441
2025-10-28,Arel,Sen2Cor,S2B_MSIL2A_20251028T113319_N0511_R080_T28QCH_20251028T134111.SAFE,C:\Users\Simon\Nextcloud\Project\Mauritania\Science\Arguin - FieldWork Data Processing\Data\S2\Sen2Cor\S2B_MSIL2A_20251028T113319_N0511_R080_T28QCH_20251028T134111.zip,35,9873,4264,342645.0,2201305.0,0.217,0.2894,0.3572,0.46040000000000003,0.506,0.5076,0.533,0.5688,0.56,0.5284,0.597,0.4549
2025-10-28,Arel,Sen2Cor,S2B_MSIL2A_20251028T113319_N0511_R080_T28QCH_20251028T134111.SAFE,C:\Users\Simon\Nextcloud\Project\Mauritania\Science\Arguin - FieldWork Data Processing\Data\S2\Sen2Cor\S2B_MSIL2A_20251028T113319_N0511_R080_T28QCH_20251028T134111.zip,36,9873,4265,342655.0,2201305.0,0.217,0.2942,0.364,0.4596,0.506,0.5076,0.533,0.562,0.56,0.5284,0.597,0.4549
2025-10-28,Arel,Sen2Cor,S2B_MSIL2A_20251028T113319_N0511_R080_T28QCH_20251028T134111.SAFE,C:\Users\Simon\Nextcloud\Project\Mauritania\Science\Arguin - FieldWork Data Processing\Data\S2\Sen2Cor\S2B_MSIL2A_20251028T113319_N0511_R080_T28QCH_20251028T134111.zip,37,9873,4266,342665.0,2201305.0,0.2134,0.27,0.3292,0.4292,0.47740000000000005,0.4863,0.5138,0.5412,0.5418000000000001,0.5284,0.5901000000000001,0.4429
2025-10-28,Arel,Sen2Cor,S2B_MSIL2A_20251028T113319_N0511_R080_T28QCH_20251028T134111.SAFE,C:\Users\Simon\Nextcloud\Project\Mauritania\Science\Arguin - FieldWork Data Processing\Data\S2\Sen2Cor\S2B_MSIL2A_20251028T113319_N0511_R080_T28QCH_20251028T134111.zip,38,9873,4267,342675.0,2201305.0,0.2134,0.2554,0.32320000000000004,0.42200000000000004,0.47740000000000005,0.4863,0.5138,0.536,0.5418000000000001,0.5284,0.5901000000000001,0.4429
2025-10-28,Arel,Sen2Cor,S2B_MSIL2A_20251028T113319_N0511_R080_T28QCH_20251028T134111.SAFE,C:\Users\Simon\Nextcloud\Project\Mauritania\Science\Arguin - FieldWork Data Processing\Data\S2\Sen2Cor\S2B_MSIL2A_20251028T113319_N0511_R080_T28QCH_20251028T134111.zip,39,9873,4268,342685.0,2201305.0,0.2063,0.24080000000000001,0.299,0.396,0.45740000000000003,0.4741,0.5024000000000001,0.5332,0.5393,0.5284,0.5977,0.444
2025-10-28,Arel,Sen2Cor,S2B_MSIL2A_20251028T113319_N0511_R080_T28QCH_20251028T134111.SAFE,C:\Users\Simon\Nextcloud\Project\Mauritania\Science\Arguin - FieldWork Data Processing\Data\S2\Sen2Cor\S2B_MSIL2A_20251028T113319_N0511_R080_T28QCH_20251028T134111.zip,40,9873,4269,342695.0,2201305.0,0.2063,0.24400000000000002,0.2968,0.39840000000000003,0.45740000000000003,0.4741,0.5024000000000001,0.5404,0.5393,0.5284,0.5977,0.444
2025-10-28,Arel,Sen2Cor,S2B_MSIL2A_20251028T113319_N0511_R080_T28QCH_20251028T134111.SAFE,C:\Users\Simon\Nextcloud\Project\Mauritania\Science\Arguin - FieldWork Data Processing\Data\S2\Sen2Cor\S2B_MSIL2A_20251028T113319_N0511_R080_T28QCH_20251028T134111.zip,41,9873,4270,342705.0,2201305.0,0.196,0.26780000000000004,0.33,0.4344,0.4884,0.5053,0.5306000000000001,0.5604,0.5679000000000001,0.5284,0.6213000000000001,0.47000000000000003
2025-10-28,Arel,Sen2Cor,S2B_MSIL2A_20251028T113319_N0511_R080_T28QCH_20251028T134111.SAFE,C:\Users\Simon\Nextcloud\Project\Mauritania\Science\Arguin - FieldWork Data Processing\Data\S2\Sen2Cor\S2B_MSIL2A_20251028T113319_N0511_R080_T28QCH_20251028T134111.zip,42,9873,4271,342715.0,2201305.0,0.196,0.27840000000000004,0.34,0.4476,0.4884,0.5053,0.5306000000000001,0.5748,0.5679000000000001,0.5284,0.6213000000000001,0.47000000000000003
2025-10-28,Arel,Sen2Cor,S2B_MSIL2A_20251028T113319_N0511_R080_T28QCH_20251028T134111.SAFE,C:\Users\Simon\Nextcloud\Project\Mauritania\Science\Arguin - FieldWork Data Processing\Data\S2\Sen2Cor\S2B_MSIL2A_20251028T113319_N0511_R080_T28QCH_20251028T134111.zip,43,9873,4272,342725.0,2201305.0,0.1832,0.3038,0.3808,0.4788,0.5009,0.5088,0.5344,0.5860000000000001,0.5576,0.45680000000000004,0.6119,0.46900000000000003
2025-10-28,Arel,Sen2Cor,S2B_MSIL2A_20251028T113319_N0511_R080_T28QCH_20251028T134111.SAFE,C:\Users\Simon\Nextcloud\Project\Mauritania\Science\Arguin - FieldWork Data Processing\Data\S2\Sen2Cor\S2B_MSIL2A_20251028T113319_N0511_R080_T28QCH_20251028T134111.zip,44,9873,4273,342735.0,2201305.0,0.1832,0.29760000000000003,0.35960000000000003,0.46080000000000004,0.5009,0.5088,0.5344,0.5724,0.5576,0.45680000000000004,0.6119,0.46900000000000003
2025-10-28,Arel,Sen2Cor,S2B_MSIL2A_20251028T113319_N0511_R080_T28QCH_20251028T134111.SAFE,C:\Users\Simon\Nextcloud\Project\Mauritania\Science\Arguin - FieldWork Data Processing\Data\S2\Sen2Cor\S2B_MSIL2A_20251028T113319_N0511_R080_T28QCH_20251028T134111.zip,45,9874,4254,342545.0,2201295.0,0.23390000000000002,0.3312,0.4016,0.4968,0.546,0.5483,0.5670000000000001,0.5988,0.5767,0.4681,0.5817,0.4267
2025-10-28,Arel,Sen2Cor,S2B_MSIL2A_20251028T113319_N0511_R080_T28QCH_20251028T134111.SAFE,C:\Users\Simon\Nextcloud\Project\Mauritania\Science\Arguin - FieldWork Data Processing\Data\S2\Sen2Cor\S2B_MSIL2A_20251028T113319_N0511_R080_T28QCH_20251028T134111.zip,46,9874,4255,342555.0,2201295.0,0.23390000000000002,0.3416,0.41400000000000003,0.5092,0.546,0.5483,0.5670000000000001,0.5968,0.5767,0.4681,0.5817,0.4267
2025-10-28,Arel,Sen2Cor,S2B_MSIL2A_20251028T113319_N0511_R080_T28QCH_20251028T134111.SAFE,C:\Users\Simon\Nextcloud\Project\Mauritania\Science\Arguin - FieldWork Data Processing\Data\S2\Sen2Cor\S2B_MSIL2A_20251028T113319_N0511_R080_T28QCH_20251028T134111.zip,47,9874,4256,342565.0,2201295.0,0.2472,0.3396,0.4184,0.5132,0.5671,0.5712,0.5808,0.6032000000000001,0.5943,0.4681,0.6037,0.4551
2025-10-28,Arel,Sen2Cor,S2B_MSIL2A_20251028T113319_N0511_R080_T28QCH_20251028T134111.SAFE,C:\Users\Simon\Nextcloud\Project\Mauritania\Science\Arguin - FieldWork Data Processing\Data\S2\Sen2Cor\S2B_MSIL2A_20251028T113319_N0511_R080_T28QCH_20251028T134111.zip,48,9874,4257,342575.0,2201295.0,0.2472,0.3524,0.42960000000000004,0.5176000000000001,0.5671,0.5712,0.5808,0.6092000000000001,0.5943,0.4681,0.6037,0.4551
2025-10-28,Arel,Sen2Cor,S2B_MSIL2A_20251028T113319_N0511_R080_T28QCH_20251028T134111.SAFE,C:\Users\Simon\Nextcloud\Project\Mauritania\Science\Arguin - FieldWork Data Processing\Data\S2\Sen2Cor\S2B_MSIL2A_20251028T113319_N0511_R080_T28QCH_20251028T134111.zip,49,9874,4258,342585.0,2201295.0,0.24760000000000001,0.3432,0.4228,0.5196000000000001,0.5564,0.5576,0.5743,0.6112000000000001,0.5946,0.4681,0.6094,0.4571
2025-10-28,Arel,Sen2Cor,S2B_MSIL2A_20251028T113319_N0511_R080_T28QCH_20251028T134111.SAFE,C:\Users\Simon\Nextcloud\Project\Mauritania\Science\Arguin - FieldWork Data Processing\Data\S2\Sen2Cor\S2B_MSIL2A_20251028T113319_N0511_R080_T28QCH_20251028T134111.zip,50,9874,4259,342595.0,2201295.0,0.24760000000000001,0.3372,0.4068,0.5088,0.5564,0.5576,0.5743,0.6032000000000001,0.5946,0.4681,0.6094,0.4571
2025-10-28,Arel,Sen2Cor,S2B_MSIL2A_20251028T113319_N0511_R080_T28QCH_20251028T134111.SAFE,C:\Users\Simon\Nextcloud\Project\Mauritania\Science\Arguin - FieldWork Data Processing\Data\S2\Sen2Cor\S2B_MSIL2A_20251028T113319_N0511_R080_T28QCH_20251028T134111.zip,51,9874,4260,342605.0,2201295.0,0.2416,0.3108,0.3808,0.4884,0.5202,0.5284,0.5516,0.5892000000000001,0.5758,0.5284,0.6068,0.4529
2025-10-28,Arel,Sen2Cor,S2B_MSIL2A_20251028T113319_N0511_R080_T28QCH_20251028T134111.SAFE,C:\Users\Simon\Nextcloud\Project\Mauritania\Science\Arguin - FieldWork Data Processing\Data\S2\Sen2Cor\S2B_MSIL2A_20251028T113319_N0511_R080_T28QCH_20251028T134111.zip,52,9874,4261,342615.0,2201295.0,0.2416,0.2842,0.35960000000000003,0.46440000000000003,0.5202,0.5284,0.5516,0.5744,0.5758,0.5284,0.6068,0.4529
2025-10-28,Arel,Sen2Cor,S2B_MSIL2A_20251028T113319_N0511_R080_T28QCH_20251028T134111.SAFE,C:\Users\Simon\Nextcloud\Project\Mauritania\Science\Arguin - FieldWork Data Processing\Data\S2\Sen2Cor\S2B_MSIL2A_20251028T113319_N0511_R080_T28QCH_20251028T134111.zip,53,9874,4262,342625.0,2201295.0,0.23440000000000003,0.29000000000000004,0.35200000000000004,0.44720000000000004,0.5077,0.5155000000000001,0.5384,0.5692,0.5698,0.5284,0.5999,0.44380000000000003
2025-10-28,Arel,Sen2Cor,S2B_MSIL2A_20251028T113319_N0511_R080_T28QCH_20251028T134111.SAFE,C:\Users\Simon\Nextcloud\Project\Mauritania\Science\Arguin - FieldWork Data Processing\Data\S2\Sen2Cor\S2B_MSIL2A_20251028T113319_N0511_R080_T28QCH_20251028T134111.zip,54,9874,4263,342635.0,2201295.0,0.23440000000000003,0.2786,0.3508,0.45640000000000003,0.5077,0.5155000000000001,0.5384,0.5664,0.5698,0.5284,0.5999,0.44380000000000003
2025-10-28,Arel,Sen2Cor,S2B_MSIL2A_20251028T113319_N0511_R080_T28QCH_20251028T134111.SAFE,C:\Users\Simon\Nextcloud\Project\Mauritania\Science\Arguin - FieldWork Data Processing\Data\S2\Sen2Cor\S2B_MSIL2A_20251028T113319_N0511_R080_T28QCH_20251028T134111.zip,55,9874,4264,342645.0,2201295.0,0.2288,0.3068,0.37520000000000003,0.4732,0.5158,0.512,0.5443,0.5744,0.5678000000000001,0.5284,0.5926,0.44580000000000003
2025-10-28,Arel,Sen2Cor,S2B_MSIL2A_20251028T113319_N0511_R080_T28QCH_20251028T134111.SAFE,C:\Users\Simon\Nextcloud\Project\Mauritania\Science\Arguin - FieldWork Data Processing\Data\S2\Sen2Cor\S2B_MSIL2A_20251028T113319_N0511_R080_T28QCH_20251028T134111.zip,56,9874,4265,342655.0,2201295.0,0.2288,0.302,0.36920000000000003,0.4612,0.5158,0.512,0.5443,0.562,0.5678000000000001,0.5284,0.5926,0.44580000000000003
2025-10-28,Arel,Sen2Cor,S2B_MSIL2A_20251028T113319_N0511_R080_T28QCH_20251028T134111.SAFE,C:\Users\Simon\Nextcloud\Project\Mauritania\Science\Arguin - FieldWork Data Processing\Data\S2\Sen2Cor\S2B_MSIL2A_20251028T113319_N0511_R080_T28QCH_20251028T134111.zip,57,9874,4266,342665.0,2201295.0,0.22190000000000001,0.2644,0.334,0.4308,0.4741,0.4817,0.5119,0.5396000000000001,0.5463,0.5284,0.5885,0.43710000000000004
2025-10-28,Arel,Sen2Cor,S2B_MSIL2A_20251028T113319_N0511_R080_T28QCH_20251028T134111.SAFE,C:\Users\Simon\Nextcloud\Project\Mauritania\Science\Arguin - FieldWork Data Processing\Data\S2\Sen2Cor\S2B_MSIL2A_20251028T113319_N0511_R080_T28QCH_20251028T134111.zip,58,9874,4267,342675.0,2201295.0,0.22190000000000001,0.2508,0.3148,0.41400000000000003,0.4741,0.4817,0.5119,0.5352,0.5463,0.5284,0.5885,0.43710000000000004
2025-10-28,Arel,Sen2Cor,S2B_MSIL2A_20251028T113319_N0511_R080_T28QCH_20251028T134111.SAFE,C:\Users\Simon\Nextcloud\Project\Mauritania\Science\Arguin - FieldWork Data Processing\Data\S2\Sen2Cor\S2B_MSIL2A_20251028T113319_N0511_R080_T28QCH_20251028T134111.zip,59,9874,4268,342685.0,2201295.0,0.2141,0.2432,0.3022,0.4052,0.4536,0.47040000000000004,0.49860000000000004,0.5324,0.5345,0.5284,0.5961000000000001,0.44520000000000004
2025-10-28,Arel,Sen2Cor,S2B_MSIL2A_20251028T113319_N0511_R080_T28QCH_20251028T134111.SAFE,C:\Users\Simon\Nextcloud\Project\Mauritania\Science\Arguin - FieldWork Data Processing\Data\S2\Sen2Cor\S2B_MSIL2A_20251028T113319_N0511_R080_T28QCH_20251028T134111.zip,60,9874,4269,342695.0,2201295.0,0.2141,0.2388,0.29560000000000003,0.3992,0.4536,0.47040000000000004,0.49860000000000004,0.5324,0.5345,0.5284,0.5961000000000001,0.44520000000000004
2025-10-28,Arel,Sen2Cor,S2B_MSIL2A_20251028T113319_N0511_R080_T28QCH_20251028T134111.SAFE,C:\Users\Simon\Nextcloud\Project\Mauritania\Science\Arguin - FieldWork Data Processing\Data\S2\Sen2Cor\S2B_MSIL2A_20251028T113319_N0511_R080_T28QCH_20251028T134111.zip,61,9874,4270,342705.0,2201295.0,0.2083,0.257,0.3252,0.4284,0.48810000000000003,0.5001,0.528,0.5532,0.5627,0.5284,0.6201,0.468
2025-10-28,Arel,Sen2Cor,S2B_MSIL2A_20251028T113319_N0511_R080_T28QCH_20251028T134111.SAFE,C:\Users\Simon\Nextcloud\Project\Mauritania\Science\Arguin - FieldWork Data Processing\Data\S2\Sen2Cor\S2B_MSIL2A_20251028T113319_N0511_R080_T28QCH_20251028T134111.zip,62,9874,4271,342715.0,2201295.0,0.2083,0.2844,0.35600000000000004,0.4632,0.48810000000000003,0.5001,0.528,0.5820000000000001,0.5627,0.5284,0.6201,0.468
2025-10-28,Arel,Sen2Cor,S2B_MSIL2A_20251028T113319_N0511_R080_T28QCH_20251028T134111.SAFE,C:\Users\Simon\Nextcloud\Project\Mauritania\Science\Arguin - FieldWork Data Processing\Data\S2\Sen2Cor\S2B_MSIL2A_20251028T113319_N0511_R080_T28QCH_20251028T134111.zip,63,9874,4272,342725.0,2201295.0,0.20140000000000002,0.30060000000000003,0.3768,0.4776,0.5082,0.5143,0.537,0.5876,0.5680000000000001,0.45680000000000004,0.616,0.4736
2025-10-28,Arel,Sen2Cor,S2B_MSIL2A_20251028T113319_N0511_R080_T28QCH_20251028T134111.SAFE,C:\Users\Simon\Nextcloud\Project\Mauritania\Science\Arguin - FieldWork Data Processing\Data\S2\Sen2Cor\S2B_MSIL2A_20251028T113319_N0511_R080_T28QCH_20251028T134111.zip,64,9874,4273,342735.0,2201295.0,0.20140000000000002,0.28800000000000003,0.35400000000000004,0.4484,0.5082,0.5143,0.537,0.556,0.5680000000000001,0.45680000000000004,0.616,0.4736
2025-10-28,Arel,Sen2Cor,S2B_MSIL2A_20251028T113319_N0511_R080_T28QCH_20251028T134111.SAFE,C:\Users\Simon\Nextcloud\Project\Mauritania\Science\Arguin - FieldWork Data Processing\Data\S2\Sen2Cor\S2B_MSIL2A_20251028T113319_N0511_R080_T28QCH_20251028T134111.zip,65,9874,4274,342745.0,2201295.0,0.18810000000000002,0.275,0.33840000000000003,0.42800000000000005,0.4811,0.48760000000000003,0.5166000000000001,0.538,0.5438000000000001,0.45680000000000004,0.5715,0.43160000000000004
2025-10-28,Arel,Sen2Cor,S2B_MSIL2A_20251028T113319_N0511_R080_T28QCH_20251028T134111.SAFE,C:\Users\Simon\Nextcloud\Project\Mauritania\Science\Arguin - FieldWork Data Processing\Data\S2\Sen2Cor\S2B_MSIL2A_20251028T113319_N0511_R080_T28QCH_20251028T134111.zip,66,9875,4252,342525.0,2201285.0,0.21250000000000002,0.34440000000000004,0.4116,0.498,0.5118,0.5133,0.5283,0.5928,0.5438000000000001,0.35050000000000003,0.5488000000000001,0.39790000000000003
2025-10-28,Arel,Sen2Cor,S2B_MSIL2A_20251028T113319_N0511_R080_T28QCH_20251028T134111.SAFE,C:\Users\Simon\Nextcloud\Project\Mauritania\Science\Arguin - FieldWork Data Processing\Data\S2\Sen2Cor\S2B_MSIL2A_20251028T113319_N0511_R080_T28QCH_20251028T134111.zip,67,9875,4253,342535.0,2201285.0,0.21250000000000002,0.34600000000000003,0.42000000000000004,0.5092,0.5118,0.5133,0.5283,0.5932000000000001,0.5438000000000001,0.35050000000000003,0.5488000000000001,0.39790000000000003
2025-10-28,Arel,Sen2Cor,S2B_MSIL2A_20251028T113319_N0511_R080_T28QCH_20251028T134111.SAFE,C:\Users\Simon\Nextcloud\Project\Mauritania\Science\Arguin - FieldWork Data Processing\Data\S2\Sen2Cor\S2B_MSIL2A_20251028T113319_N0511_R080_T28QCH_20251028T134111.zip,68,9875,4254,342545.0,2201285.0,0.23390000000000002,0.34040000000000004,0.4056,0.4964,0.546,0.5483,0.5670000000000001,0.5892000000000001,0.5767,0.4681,0.5817,0.4267
2025-10-28,Arel,Sen2Cor,S2B_MSIL2A_20251028T113319_N0511_R080_T28QCH_20251028T134111.SAFE,C:\Users\Simon\Nextcloud\Project\Mauritania\Science\Arguin - FieldWork Data Processing\Data\S2\Sen2Cor\S2B_MSIL2A_20251028T113319_N0511_R080_T28QCH_20251028T134111.zip,69,9875,4255,342555.0,2201285.0,0.23390000000000002,0.3416,0.4092,0.5048,0.546,0.5483,0.5670000000000001,0.5992000000000001,0.5767,0.4681,0.5817,0.4267
2025-10-28,Arel,Sen2Cor,S2B_MSIL2A_20251028T113319_N0511_R080_T28QCH_20251028T134111.SAFE,C:\Users\Simon\Nextcloud\Project\Mauritania\Science\Arguin - FieldWork Data Processing\Data\S2\Sen2Cor\S2B_MSIL2A_20251028T113319_N0511_R080_T28QCH_20251028T134111.zip,70,9875,4256,342565.0,2201285.0,0.2472,0.34600000000000003,0.41000000000000003,0.5152,0.5671,0.5712,0.5808,0.608,0.5943,0.4681,0.6037,0.4551
2025-10-28,Arel,Sen2Cor,S2B_MSIL2A_20251028T113319_N0511_R080_T28QCH_20251028T134111.SAFE,C:\Users\Simon\Nextcloud\Project\Mauritania\Science\Arguin - FieldWork Data Processing\Data\S2\Sen2Cor\S2B_MSIL2A_20251028T113319_N0511_R080_T28QCH_20251028T134111.zip,71,9875,4257,342575.0,2201285.0,0.2472,0.3648,0.43720000000000003,0.5324,0.5671,0.5712,0.5808,0.6208,0.5943,0.4681,0.6037,0.4551
2025-10-28,Arel,Sen2Cor,S2B_MSIL2A_20251028T113319_N0511_R080_T28QCH_20251028T134111.SAFE,C:\Users\Simon\Nextcloud\Project\Mauritania\Science\Arguin - FieldWork Data Processing\Data\S2\Sen2Cor\S2B_MSIL2A_20251028T113319_N0511_R080_T28QCH_20251028T134111.zip,72,9875,4258,342585.0,2201285.0,0.24760000000000001,0.3568,0.4344,0.5292,0.5564,0.5576,0.5743,0.6212,0.5946,0.4681,0.6094,0.4571
2025-10-28,Arel,Sen2Cor,S2B_MSIL2A_20251028T113319_N0511_R080_T28QCH_20251028T134111.SAFE,C:\Users\Simon\Nextcloud\Project\Mauritania\Science\Arguin - FieldWork Data Processing\Data\S2\Sen2Cor\S2B_MSIL2A_20251028T113319_N0511_R080_T28QCH_20251028T134111.zip,73,9875,4259,342595.0,2201285.0,0.24760000000000001,0.32880000000000004,0.4016,0.5008,0.5564,0.5576,0.5743,0.6044,0.5946,0.4681,0.6094,0.4571
2025-10-28,Arel,Sen2Cor,S2B_MSIL2A_20251028T113319_N0511_R080_T28QCH_20251028T134111.SAFE,C:\Users\Simon\Nextcloud\Project\Mauritania\Science\Arguin - FieldWork Data Processing\Data\S2\Sen2Cor\S2B_MSIL2A_20251028T113319_N0511_R080_T28QCH_20251028T134111.zip,74,9875,4260,342605.0,2201285.0,0.2416,0.298,0.37,0.47640000000000005,0.5202,0.5284,0.5516,0.5840000000000001,0.5758,0.5284,0.6068,0.4529
2025-10-28,Arel,Sen2Cor,S2B_MSIL2A_20251028T113319_N0511_R080_T28QCH_20251028T134111.SAFE,C:\Users\Simon\Nextcloud\Project\Mauritania\Science\Arguin - FieldWork Data Processing\Data\S2\Sen2Cor\S2B_MSIL2A_20251028T113319_N0511_R080_T28QCH_20251028T134111.zip,75,9875,4261,342615.0,2201285.0,0.2416,0.2854,0.35760000000000003,0.45880000000000004,0.5202,0.5284,0.5516,0.5732,0.5758,0.5284,0.6068,0.4529
2025-10-28,Arel,Sen2Cor,S2B_MSIL2A_20251028T113319_N0511_R080_T28QCH_20251028T134111.SAFE,C:\Users\Simon\Nextcloud\Project\Mauritania\Science\Arguin - FieldWork Data Processing\Data\S2\Sen2Cor\S2B_MSIL2A_20251028T113319_N0511_R080_T28QCH_20251028T134111.zip,76,9875,4262,342625.0,2201285.0,0.23440000000000003,0.2846,0.3564,0.45480000000000004,0.5077,0.5155000000000001,0.5384,0.5692,0.5698,0.5284,0.5999,0.44380000000000003
2025-10-28,Arel,Sen2Cor,S2B_MSIL2A_20251028T113319_N0511_R080_T28QCH_20251028T134111.SAFE,C:\Users\Simon\Nextcloud\Project\Mauritania\Science\Arguin - FieldWork Data Processing\Data\S2\Sen2Cor\S2B_MSIL2A_20251028T113319_N0511_R080_T28QCH_20251028T134111.zip,77,9875,4263,342635.0,2201285.0,0.23440000000000003,0.2964,0.37320000000000003,0.4728,0.5077,0.5155000000000001,0.5384,0.5716,0.5698,0.5284,0.5999,0.44380000000000003
2025-10-28,Arel,Sen2Cor,S2B_MSIL2A_20251028T113319_N0511_R080_T28QCH_20251028T134111.SAFE,C:\Users\Simon\Nextcloud\Project\Mauritania\Science\Arguin - FieldWork Data Processing\Data\S2\Sen2Cor\S2B_MSIL2A_20251028T113319_N0511_R080_T28QCH_20251028T134111.zip,78,9875,4264,342645.0,2201285.0,0.2288,0.3088,0.3784,0.4736,0.5158,0.512,0.5443,0.5728,0.5678000000000001,0.5284,0.5926,0.44580000000000003
2025-10-28,Arel,Sen2Cor,S2B_MSIL2A_20251028T113319_N0511_R080_T28QCH_20251028T134111.SAFE,C:\Users\Simon\Nextcloud\Project\Mauritania\Science\Arguin - FieldWork Data Processing\Data\S2\Sen2Cor\S2B_MSIL2A_20251028T113319_N0511_R080_T28QCH_20251028T134111.zip,79,9875,4265,342655.0,2201285.0,0.2288,0.3116,0.372,0.462,0.5158,0.512,0.5443,0.5656,0.5678000000000001,0.5284,0.5926,0.44580000000000003
2025-10-28,Arel,Sen2Cor,S2B_MSIL2A_20251028T113319_N0511_R080_T28QCH_20251028T134111.SAFE,C:\Users\Simon\Nextcloud\Project\Mauritania\Science\Arguin - FieldWork Data Processing\Data\S2\Sen2Cor\S2B_MSIL2A_20251028T113319_N0511_R080_T28QCH_20251028T134111.zip,80,9875,4266,342665.0,2201285.0,0.22190000000000001,0.2768,0.3356,0.43520000000000003,0.4741,0.4817,0.5119,0.5548000000000001,0.5463,0.5284,0.5885,0.43710000000000004
2025-10-28,Arel,Sen2Cor,S2B_MSIL2A_20251028T113319_N0511_R080_T28QCH_20251028T134111.SAFE,C:\Users\Simon\Nextcloud\Project\Mauritania\Science\Arguin - FieldWork Data Processing\Data\S2\Sen2Cor\S2B_MSIL2A_20251028T113319_N0511_R080_T28QCH_20251028T134111.zip,81,9875,4267,342675.0,2201285.0,0.22190000000000001,0.2462,0.31,0.4108,0.4741,0.4817,0.5119,0.534,0.5463,0.5284,0.5885,0.43710000000000004
2025-10-28,Arel,Sen2Cor,S2B_MSIL2A_20251028T113319_N0511_R080_T28QCH_20251028T134111.SAFE,C:\Users\Simon\Nextcloud\Project\Mauritania\Science\Arguin - FieldWork Data Processing\Data\S2\Sen2Cor\S2B_MSIL2A_20251028T113319_N0511_R080_T28QCH_20251028T134111.zip,82,9875,4268,342685.0,2201285.0,0.2141,0.24380000000000002,0.30720000000000003,0.40640000000000004,0.4536,0.47040000000000004,0.49860000000000004,0.5312,0.5345,0.5284,0.5961000000000001,0.44520000000000004
2025-10-28,Arel,Sen2Cor,S2B_MSIL2A_20251028T113319_N0511_R080_T28QCH_20251028T134111.SAFE,C:\Users\Simon\Nextcloud\Project\Mauritania\Science\Arguin - FieldWork Data Processing\Data\S2\Sen2Cor\S2B_MSIL2A_20251028T113319_N0511_R080_T28QCH_20251028T134111.zip,83,9875,4269,342695.0,2201285.0,0.2141,0.2398,0.29960000000000003,0.4012,0.4536,0.47040000000000004,0.49860000000000004,0.5316000000000001,0.5345,0.5284,0.5961000000000001,0.44520000000000004
2025-10-28,Arel,Sen2Cor,S2B_MSIL2A_20251028T113319_N0511_R080_T28QCH_20251028T134111.SAFE,C:\Users\Simon\Nextcloud\Project\Mauritania\Science\Arguin - FieldWork Data Processing\Data\S2\Sen2Cor\S2B_MSIL2A_20251028T113319_N0511_R080_T28QCH_20251028T134111.zip,84,9875,4270,342705.0,2201285.0,0.2083,0.2554,0.3176,0.42160000000000003,0.48810000000000003,0.5001,0.528,0.5504,0.5627,0.5284,0.6201,0.468
2025-10-28,Arel,Sen2Cor,S2B_MSIL2A_20251028T113319_N0511_R080_T28QCH_20251028T134111.SAFE,C:\Users\Simon\Nextcloud\Project\Mauritania\Science\Arguin - FieldWork Data Processing\Data\S2\Sen2Cor\S2B_MSIL2A_20251028T113319_N0511_R080_T28QCH_20251028T134111.zip,85,9875,4271,342715.0,2201285.0,0.2083,0.2742,0.34640000000000004,0.45280000000000004,0.48810000000000003,0.5001,0.528,0.5752,0.5627,0.5284,0.6201,0.468
2025-10-28,Arel,Sen2Cor,S2B_MSIL2A_20251028T113319_N0511_R080_T28QCH_20251028T134111.SAFE,C:\Users\Simon\Nextcloud\Project\Mauritania\Science\Arguin - FieldWork Data Processing\Data\S2\Sen2Cor\S2B_MSIL2A_20251028T113319_N0511_R080_T28QCH_20251028T134111.zip,86,9875,4272,342725.0,2201285.0,0.20140000000000002,0.2792,0.3488,0.45520000000000005,0.5082,0.5143,0.537,0.5792,0.5680000000000001,0.45680000000000004,0.616,0.4736
2025-10-28,Arel,Sen2Cor,S2B_MSIL2A_20251028T113319_N0511_R080_T28QCH_20251028T134111.SAFE,C:\Users\Simon\Nextcloud\Project\Mauritania\Science\Arguin - FieldWork Data Processing\Data\S2\Sen2Cor\S2B_MSIL2A_20251028T113319_N0511_R080_T28QCH_20251028T134111.zip,87,9875,4273,342735.0,2201285.0,0.20140000000000002,0.2798,0.34800000000000003,0.4444,0.5082,0.5143,0.537,0.5660000000000001,0.5680000000000001,0.45680000000000004,0.616,0.4736
2025-10-28,Arel,Sen2Cor,S2B_MSIL2A_20251028T113319_N0511_R080_T28QCH_20251028T134111.SAFE,C:\Users\Simon\Nextcloud\Project\Mauritania\Science\Arguin - FieldWork Data Processing\Data\S2\Sen2Cor\S2B_MSIL2A_20251028T113319_N0511_R080_T28QCH_20251028T134111.zip,88,9875,4274,342745.0,2201285.0,0.18810000000000002,0.2902,0.3468,0.444,0.4811,0.48760000000000003,0.5166000000000001,0.5648000000000001,0.5438000000000001,0.45680000000000004,0.5715,0.43160000000000004
2025-10-28,Arel,Sen2Cor,S2B_MSIL2A_20251028T113319_N0511_R080_T28QCH_20251028T134111.SAFE,C:\Users\Simon\Nextcloud\Project\Mauritania\Science\Arguin - FieldWork Data Processing\Data\S2\Sen2Cor\S2B_MSIL2A_20251028T113319_N0511_R080_T28QCH_20251028T134111.zip,89,9875,4275,342755.0,2201285.0,0.18810000000000002,0.2922,0.35600000000000004,0.4484,0.4811,0.48760000000000003,0.5166000000000001,0.5568000000000001,0.5438000000000001,0.45680000000000004,0.5715,0.43160000000000004
2025-10-28,Arel,Sen2Cor,S2B_MSIL2A_20251028T113319_N0511_R080_T28QCH_20251028T134111.SAFE,C:\Users\Simon\Nextcloud\Project\Mauritania\Science\Arguin - FieldWork Data Processing\Data\S2\Sen2Cor\S2B_MSIL2A_20251028T113319_N0511_R080_T28QCH_20251028T134111.zip,90,9876,4251,342515.0,2201275.0,0.2391,0.364,0.42560000000000003,0.5204,0.5536,0.5501,0.5722,0.6092000000000001,0.5881000000000001,0.5489,0.5730000000000001,0.4142
2025-10-28,Arel,Sen2Cor,S2B_MSIL2A_20251028T113319_N0511_R080_T28QCH_20251028T134111.SAFE,C:\Users\Simon\Nextcloud\Project\Mauritania\Science\Arguin - FieldWork Data Processing\Data\S2\Sen2Cor\S2B_MSIL2A_20251028T113319_N0511_R080_T28QCH_20251028T134111.zip,91,9876,4252,342525.0,2201275.0,0.256,0.364,0.432,0.5196000000000001,0.5611,0.5621,0.5782,0.6108,0.598,0.5489,0.5861000000000001,0.4223
2025-10-28,Arel,Sen2Cor,S2B_MSIL2A_20251028T113319_N0511_R080_T28QCH_20251028T134111.SAFE,C:\Users\Simon\Nextcloud\Project\Mauritania\Science\Arguin - FieldWork Data Processing\Data\S2\Sen2Cor\S2B_MSIL2A_20251028T113319_N0511_R080_T28QCH_20251028T134111.zip,92,9876,4253,342535.0,2201275.0,0.256,0.3496,0.42000000000000004,0.5132,0.5611,0.5621,0.5782,0.5952000000000001,0.598,0.5489,0.5861000000000001,0.4223
2025-10-28,Arel,Sen2Cor,S2B_MSIL2A_20251028T113319_N0511_R080_T28QCH_20251028T134111.SAFE,C:\Users\Simon\Nextcloud\Project\Mauritania\Science\Arguin - FieldWork Data Processing\Data\S2\Sen2Cor\S2B_MSIL2A_20251028T113319_N0511_R080_T28QCH_20251028T134111.zip,93,9876,4254,342545.0,2201275.0,0.2656,0.3476,0.4132,0.5008,0.5569000000000001,0.5564,0.5758,0.5908,0.5930000000000001,0.5820000000000001,0.5911000000000001,0.4277
2025-10-28,Arel,Sen2Cor,S2B_MSIL2A_20251028T113319_N0511_R080_T28QCH_20251028T134111.SAFE,C:\Users\Simon\Nextcloud\Project\Mauritania\Science\Arguin - FieldWork Data Processing\Data\S2\Sen2Cor\S2B_MSIL2A_20251028T113319_N0511_R080_T28QCH_20251028T134111.zip,94,9876,4255,342555.0,2201275.0,0.2656,0.3472,0.4212,0.5128,0.5569000000000001,0.5564,0.5758,0.6024,0.5930000000000001,0.5820000000000001,0.5911000000000001,0.4277
2025-10-28,Arel,Sen2Cor,S2B_MSIL2A_20251028T113319_N0511_R080_T28QCH_20251028T134111.SAFE,C:\Users\Simon\Nextcloud\Project\Mauritania\Science\Arguin - FieldWork Data Processing\Data\S2\Sen2Cor\S2B_MSIL2A_20251028T113319_N0511_R080_T28QCH_20251028T134111.zip,95,9876,4256,342565.0,2201275.0,0.26830000000000004,0.3568,0.4284,0.5248,0.5675,0.5675,0.5885,0.6156,0.607,0.5820000000000001,0.6061000000000001,0.4439
2025-10-28,Arel,Sen2Cor,S2B_MSIL2A_20251028T113319_N0511_R080_T28QCH_20251028T134111.SAFE,C:\Users\Simon\Nextcloud\Project\Mauritania\Science\Arguin - FieldWork Data Processing\Data\S2\Sen2Cor\S2B_MSIL2A_20251028T113319_N0511_R080_T28QCH_20251028T134111.zip,96,9876,4257,342575.0,2201275.0,0.26830000000000004,0.3664,0.43520000000000003,0.5308,0.5675,0.5675,0.5885,0.6212,0.607,0.5820000000000001,0.6061000000000001,0.4439
2025-10-28,Arel,Sen2Cor,S2B_MSIL2A_20251028T113319_N0511_R080_T28QCH_20251028T134111.SAFE,C:\Users\Simon\Nextcloud\Project\Mauritania\Science\Arguin - FieldWork Data Processing\Data\S2\Sen2Cor\S2B_MSIL2A_20251028T113319_N0511_R080_T28QCH_20251028T134111.zip,97,9876,4258,342585.0,2201275.0,0.2636,0.3528,0.4252,0.52,0.5555,0.5542,0.5779000000000001,0.6136,0.5890000000000001,0.5820000000000001,0.6024,0.44520000000000004
2025-10-28,Arel,Sen2Cor,S2B_MSIL2A_20251028T113319_N0511_R080_T28QCH_20251028T134111.SAFE,C:\Users\Simon\Nextcloud\Project\Mauritania\Science\Arguin - FieldWork Data Processing\Data\S2\Sen2Cor\S2B_MSIL2A_20251028T113319_N0511_R080_T28QCH_20251028T134111.zip,98,9876,4259,342595.0,2201275.0,0.2636,0.3272,0.39440000000000003,0.4948,0.5555,0.5542,0.5779000000000001,0.5972000000000001,0.5890000000000001,0.5820000000000001,0.6024,0.44520000000000004
2025-10-28,Arel,Sen2Cor,S2B_MSIL2A_20251028T113319_N0511_R080_T28QCH_20251028T134111.SAFE,C:\Users\Simon\Nextcloud\Project\Mauritania\Science\Arguin - FieldWork Data Processing\Data\S2\Sen2Cor\S2B_MSIL2A_20251028T113319_N0511_R080_T28QCH_20251028T134111.zip,99,9876,4260,342605.0,2201275.0,0.25220000000000004,0.306,0.37920000000000004,0.4788,0.5359,0.5367000000000001,0.558,0.5816,0.5800000000000001,0.5686,0.5959,0.43860000000000005
2025-10-28,Arel,Sen2Cor,S2B_MSIL2A_20251028T113319_N0511_R080_T28QCH_20251028T134111.SAFE,C:\Users\Simon\Nextcloud\Project\Mauritania\Science\Arguin - FieldWork Data Processing\Data\S2\Sen2Cor\S2B_MSIL2A_20251028T113319_N0511_R080_T28QCH_20251028T134111.zip,100,9876,4261,342615.0,2201275.0,0.25220000000000004,0.3042,0.37120000000000003,0.4712,0.5359,0.5367000000000001,0.558,0.5832,0.5800000000000001,0.5686,0.5959,0.43860000000000005
2025-10-28,Arel,Sen2Cor,S2B_MSIL2A_20251028T113319_N0511_R080_T28QCH_20251028T134111.SAFE,C:\Users\Simon\Nextcloud\Project\Mauritania\Science\Arguin - FieldWork Data Processing\Data\S2\Sen2Cor\S2B_MSIL2A_20251028T113319_N0511_R080_T28QCH_20251028T134111.zip,101,9876,4262,342625.0,2201275.0,0.2409,0.30560000000000004,0.37720000000000004,0.47840000000000005,0.5201,0.5278,0.5497000000000001,0.5824,0.5744,0.5686,0.5911000000000001,0.43720000000000003
2025-10-28,Arel,Sen2Cor,S2B_MSIL2A_20251028T113319_N0511_R080_T28QCH_20251028T134111.SAFE,C:\Users\Simon\Nextcloud\Project\Mauritania\Science\Arguin - FieldWork Data Processing\Data\S2\Sen2Cor\S2B_MSIL2A_20251028T113319_N0511_R080_T28QCH_20251028T134111.zip,102,9876,4263,342635.0,2201275.0,0.2409,0.3164,0.3924,0.4864,0.5201,0.5278,0.5497000000000001,0.5820000000000001,0.5744,0.5686,0.5911000000000001,0.43720000000000003
2025-10-28,Arel,Sen2Cor,S2B_MSIL2A_20251028T113319_N0511_R080_T28QCH_20251028T134111.SAFE,C:\Users\Simon\Nextcloud\Project\Mauritania\Science\Arguin - FieldWork Data Processing\Data\S2\Sen2Cor\S2B_MSIL2A_20251028T113319_N0511_R080_T28QCH_20251028T134111.zip,103,9876,4264,342645.0,2201275.0,0.2326,0.3144,0.3784,0.4728,0.49620000000000003,0.5063,0.5346000000000001,0.5744,0.5545,0.5686,0.5922000000000001,0.4403
2025-10-28,Arel,Sen2Cor,S2B_MSIL2A_20251028T113319_N0511_R080_T28QCH_20251028T134111.SAFE,C:\Users\Simon\Nextcloud\Project\Mauritania\Science\Arguin - FieldWork Data Processing\Data\S2\Sen2Cor\S2B_MSIL2A_20251028T113319_N0511_R080_T28QCH_20251028T134111.zip,104,9876,4265,342655.0,2201275.0,0.2326,0.302,0.3672,0.45880000000000004,0.49620000000000003,0.5063,0.5346000000000001,0.5648000000000001,0.5545,0.5686,0.5922000000000001,0.4403
2025-10-28,Arel,Sen2Cor,S2B_MSIL2A_20251028T113319_N0511_R080_T28QCH_20251028T134111.SAFE,C:\Users\Simon\Nextcloud\Project\Mauritania\Science\Arguin - FieldWork Data Processing\Data\S2\Sen2Cor\S2B_MSIL2A_20251028T113319_N0511_R080_T28QCH_20251028T134111.zip,105,9876,4266,342665.0,2201275.0,0.2233,0.2696,0.3264,0.4292,0.4641,0.47650000000000003,0.5004000000000001,0.5464,0.5372,0.5497000000000001,0.5925,0.4329
2025-10-28,Arel,Sen2Cor,S2B_MSIL2A_20251028T113319_N0511_R080_T28QCH_20251028T134111.SAFE,C:\Users\Simon\Nextcloud\Project\Mauritania\Science\Arguin - FieldWork Data Processing\Data\S2\Sen2Cor\S2B_MSIL2A_20251028T113319_N0511_R080_T28QCH_20251028T134111.zip,106,9876,4267,342675.0,2201275.0,0.2233,0.23800000000000002,0.3028,0.40280000000000005,0.4641,0.47650000000000003,0.5004000000000001,0.5332,0.5372,0.5497000000000001,0.5925,0.4329
2025-10-28,Arel,Sen2Cor,S2B_MSIL2A_20251028T113319_N0511_R080_T28QCH_20251028T134111.SAFE,C:\Users\Simon\Nextcloud\Project\Mauritania\Science\Arguin - FieldWork Data Processing\Data\S2\Sen2Cor\S2B_MSIL2A_20251028T113319_N0511_R080_T28QCH_20251028T134111.zip,107,9876,4268,342685.0,2201275.0,0.21660000000000001,0.2424,0.2994,0.3996,0.43960000000000005,0.4551,0.49000000000000005,0.5312,0.5332,0.5497000000000001,0.5894,0.4171
2025-10-28,Arel,Sen2Cor,S2B_MSIL2A_20251028T113319_N0511_R080_T28QCH_20251028T134111.SAFE,C:\Users\Simon\Nextcloud\Project\Mauritania\Science\Arguin - FieldWork Data Processing\Data\S2\Sen2Cor\S2B_MSIL2A_20251028T113319_N0511_R080_T28QCH_20251028T134111.zip,108,9876,4269,342695.0,2201275.0,0.21660000000000001,0.23920000000000002,0.30460000000000004,0.39640000000000003,0.43960000000000005,0.4551,0.49000000000000005,0.5284,0.5332,0.5497000000000001,0.5894,0.4171
2025-10-28,Arel,Sen2Cor,S2B_MSIL2A_20251028T113319_N0511_R080_T28QCH_20251028T134111.SAFE,C:\Users\Simon\Nextcloud\Project\Mauritania\Science\Arguin - FieldWork Data Processing\Data\S2\Sen2Cor\S2B_MSIL2A_20251028T113319_N0511_R080_T28QCH_20251028T134111.zip,109,9876,4270,342705.0,2201275.0,0.2151,0.2564,0.309,0.40440000000000004,0.4575,0.47350000000000003,0.5051,0.5384,0.5457000000000001,0.5497000000000001,0.6019,0.4208
2025-10-28,Arel,Sen2Cor,S2B_MSIL2A_20251028T113319_N0511_R080_T28QCH_20251028T134111.SAFE,C:\Users\Simon\Nextcloud\Project\Mauritania\Science\Arguin - FieldWork Data Processing\Data\S2\Sen2Cor\S2B_MSIL2A_20251028T113319_N0511_R080_T28QCH_20251028T134111.zip,110,9876,4271,342715.0,2201275.0,0.2151,0.2652,0.3276,0.4232,0.4575,0.47350000000000003,0.5051,0.5488000000000001,0.5457000000000001,0.5497000000000001,0.6019,0.4208
2025-10-28,Arel,Sen2Cor,S2B_MSIL2A_20251028T113319_N0511_R080_T28QCH_20251028T134111.SAFE,C:\Users\Simon\Nextcloud\Project\Mauritania\Science\Arguin - FieldWork Data Processing\Data\S2\Sen2Cor\S2B_MSIL2A_20251028T113319_N0511_R080_T28QCH_20251028T134111.zip,111,9876,4272,342725.0,2201275.0,0.21530000000000002,0.272,0.34600000000000003,0.444,0.4985,0.5082,0.5393,0.5728,0.5752,0.5694,0.6203000000000001,0.4559
2025-10-28,Arel,Sen2Cor,S2B_MSIL2A_20251028T113319_N0511_R080_T28QCH_20251028T134111.SAFE,C:\Users\Simon\Nextcloud\Project\Mauritania\Science\Arguin - FieldWork Data Processing\Data\S2\Sen2Cor\S2B_MSIL2A_20251028T113319_N0511_R080_T28QCH_20251028T134111.zip,112,9876,4273,342735.0,2201275.0,0.21530000000000002,0.27740000000000004,0.3432,0.44720000000000004,0.4985,0.5082,0.5393,0.5796,0.5752,0.5694,0.6203000000000001,0.4559
2025-10-28,Arel,Sen2Cor,S2B_MSIL2A_20251028T113319_N0511_R080_T28QCH_20251028T134111.SAFE,C:\Users\Simon\Nextcloud\Project\Mauritania\Science\Arguin - FieldWork Data Processing\Data\S2\Sen2Cor\S2B_MSIL2A_20251028T113319_N0511_R080_T28QCH_20251028T134111.zip,113,9876,4274,342745.0,2201275.0,0.2083,0.2768,0.342,0.4424,0.4932,0.49810000000000004,0.5254,0.5724,0.5673,0.5694,0.6064,0.4379
2025-10-28,Arel,Sen2Cor,S2B_MSIL2A_20251028T113319_N0511_R080_T28QCH_20251028T134111.SAFE,C:\Users\Simon\Nextcloud\Project\Mauritania\Science\Arguin - FieldWork Data Processing\Data\S2\Sen2Cor\S2B_MSIL2A_20251028T113319_N0511_R080_T28QCH_20251028T134111.zip,114,9876,4275,342755.0,2201275.0,0.2083,0.2778,0.338,0.43520000000000003,0.4932,0.49810000000000004,0.5254,0.5612,0.5673,0.5694,0.6064,0.4379
2025-10-28,Arel,Sen2Cor,S2B_MSIL2A_20251028T113319_N0511_R080_T28QCH_20251028T134111.SAFE,C:\Users\Simon\Nextcloud\Project\Mauritania\Science\Arguin - FieldWork Data Processing\Data\S2\Sen2Cor\S2B_MSIL2A_20251028T113319_N0511_R080_T28QCH_20251028T134111.zip,115,9877,4250,342505.0,2201265.0,0.2391,0.34040000000000004,0.4288,0.5228,0.5536,0.5501,0.5722,0.6036,0.5881000000000001,0.5489,0.5730000000000001,0.4142
2025-10-28,Arel,Sen2Cor,S2B_MSIL2A_20251028T113319_N0511_R080_T28QCH_20251028T134111.SAFE,C:\Users\Simon\Nextcloud\Project\Mauritania\Science\Arguin - FieldWork Data Processing\Data\S2\Sen2Cor\S2B_MSIL2A_20251028T113319_N0511_R080_T28QCH_20251028T134111.zip,116,9877,4251,342515.0,2201265.0,0.2391,0.38680000000000003,0.4496,0.5348,0.5536,0.5501,0.5722,0.622,0.5881000000000001,0.5489,0.5730000000000001,0.4142
2025-10-28,Arel,Sen2Cor,S2B_MSIL2A_20251028T113319_N0511_R080_T28QCH_20251028T134111.SAFE,C:\Users\Simon\Nextcloud\Project\Mauritania\Science\Arguin - FieldWork Data Processing\Data\S2\Sen2Cor\S2B_MSIL2A_20251028T113319_N0511_R080_T28QCH_20251028T134111.zip,117,9877,4252,342525.0,2201265.0,0.256,0.3784,0.4484,0.5296000000000001,0.5611,0.5621,0.5782,0.618,0.598,0.5489,0.5861000000000001,0.4223
2025-10-28,Arel,Sen2Cor,S2B_MSIL2A_20251028T113319_N0511_R080_T28QCH_20251028T134111.SAFE,C:\Users\Simon\Nextcloud\Project\Mauritania\Science\Arguin - FieldWork Data Processing\Data\S2\Sen2Cor\S2B_MSIL2A_20251028T113319_N0511_R080_T28QCH_20251028T134111.zip,118,9877,4253,342535.0,2201265.0,0.256,0.35400000000000004,0.42600000000000005,0.516,0.5611,0.5621,0.5782,0.5952000000000001,0.598,0.5489,0.5861000000000001,0.4223
2025-10-28,Arel,Sen2Cor,S2B_MSIL2A_20251028T113319_N0511_R080_T28QCH_20251028T134111.SAFE,C:\Users\Simon\Nextcloud\Project\Mauritania\Science\Arguin - FieldWork Data Processing\Data\S2\Sen2Cor\S2B_MSIL2A_20251028T113319_N0511_R080_T28QCH_20251028T134111.zip,119,9877,4254,342545.0,2201265.0,0.2656,0.3564,0.4156,0.5096,0.5569000000000001,0.5564,0.5758,0.5968,0.5930000000000001,0.5820000000000001,0.5911000000000001,0.4277
2025-10-28,Arel,Sen2Cor,S2B_MSIL2A_20251028T113319_N0511_R080_T28QCH_20251028T134111.SAFE,C:\Users\Simon\Nextcloud\Project\Mauritania\Science\Arguin - FieldWork Data Processing\Data\S2\Sen2Cor\S2B_MSIL2A_20251028T113319_N0511_R080_T28QCH_20251028T134111.zip,120,9877,4255,342555.0,2201265.0,0.2656,0.3544,0.4212,0.5152,0.5569000000000001,0.5564,0.5758,0.6048,0.5930000000000001,0.5820000000000001,0.5911000000000001,0.4277
2025-10-28,Arel,Sen2Cor,S2B_MSIL2A_20251028T113319_N0511_R080_T28QCH_20251028T134111.SAFE,C:\Users\Simon\Nextcloud\Project\Mauritania\Science\Arguin - FieldWork Data Processing\Data\S2\Sen2Cor\S2B_MSIL2A_20251028T113319_N0511_R080_T28QCH_20251028T134111.zip,121,9877,4256,342565.0,2201265.0,0.26830000000000004,0.36000000000000004,0.43320000000000003,0.524,0.5675,0.5675,0.5885,0.6152000000000001,0.607,0.5820000000000001,0.6061000000000001,0.4439
2025-10-28,Arel,Sen2Cor,S2B_MSIL2A_20251028T113319_N0511_R080_T28QCH_20251028T134111.SAFE,C:\Users\Simon\Nextcloud\Project\Mauritania\Science\Arguin - FieldWork Data Processing\Data\S2\Sen2Cor\S2B_MSIL2A_20251028T113319_N0511_R080_T28QCH_20251028T134111.zip,122,9877,4257,342575.0,2201265.0,0.26830000000000004,0.3532,0.4224,0.516,0.5675,0.5675,0.5885,0.612,0.607,0.5820000000000001,0.6061000000000001,0.4439
2025-10-28,Arel,Sen2Cor,S2B_MSIL2A_20251028T113319_N0511_R080_T28QCH_20251028T134111.SAFE,C:\Users\Simon\Nextcloud\Project\Mauritania\Science\Arguin - FieldWork Data Processing\Data\S2\Sen2Cor\S2B_MSIL2A_20251028T113319_N0511_R080_T28QCH_20251028T134111.zip,123,9877,4258,342585.0,2201265.0,0.2636,0.34400000000000003,0.41200000000000003,0.5068,0.5555,0.5542,0.5779000000000001,0.6032000000000001,0.5890000000000001,0.5820000000000001,0.6024,0.44520000000000004
2025-10-28,Arel,Sen2Cor,S2B_MSIL2A_20251028T113319_N0511_R080_T28QCH_20251028T134111.SAFE,C:\Users\Simon\Nextcloud\Project\Mauritania\Science\Arguin - FieldWork Data Processing\Data\S2\Sen2Cor\S2B_MSIL2A_20251028T113319_N0511_R080_T28QCH_20251028T134111.zip,124,9877,4259,342595.0,2201265.0,0.2636,0.33640000000000003,0.4088,0.5028,0.5555,0.5542,0.5779000000000001,0.5996,0.5890000000000001,0.5820000000000001,0.6024,0.44520000000000004
2025-10-28,Arel,Sen2Cor,S2B_MSIL2A_20251028T113319_N0511_R080_T28QCH_20251028T134111.SAFE,C:\Users\Simon\Nextcloud\Project\Mauritania\Science\Arguin - FieldWork Data Processing\Data\S2\Sen2Cor\S2B_MSIL2A_20251028T113319_N0511_R080_T28QCH_20251028T134111.zip,125,9877,4260,342605.0,2201265.0,0.25220000000000004,0.3284,0.3992,0.49360000000000004,0.5359,0.5367000000000001,0.558,0.5976,0.5800000000000001,0.5686,0.5959,0.43860000000000005
2025-10-28,Arel,Sen2Cor,S2B_MSIL2A_20251028T113319_N0511_R080_T28QCH_20251028T134111.SAFE,C:\Users\Simon\Nextcloud\Project\Mauritania\Science\Arguin - FieldWork Data Processing\Data\S2\Sen2Cor\S2B_MSIL2A_20251028T113319_N0511_R080_T28QCH_20251028T134111.zip,126,9877,4261,342615.0,2201265.0,0.25220000000000004,0.3196,0.38320000000000004,0.4848,0.5359,0.5367000000000001,0.558,0.5916,0.5800000000000001,0.5686,0.5959,0.43860000000000005
2025-10-28,Arel,Sen2Cor,S2B_MSIL2A_20251028T113319_N0511_R080_T28QCH_20251028T134111.SAFE,C:\Users\Simon\Nextcloud\Project\Mauritania\Science\Arguin - FieldWork Data Processing\Data\S2\Sen2Cor\S2B_MSIL2A_20251028T113319_N0511_R080_T28QCH_20251028T134111.zip,127,9877,4262,342625.0,2201265.0,0.2409,0.3088,0.3796,0.4796,0.5201,0.5278,0.5497000000000001,0.5840000000000001,0.5744,0.5686,0.5911000000000001,0.43720000000000003
2025-10-28,Arel,Sen2Cor,S2B_MSIL2A_20251028T113319_N0511_R080_T28QCH_20251028T134111.SAFE,C:\Users\Simon\Nextcloud\Project\Mauritania\Science\Arguin - FieldWork Data Processing\Data\S2\Sen2Cor\S2B_MSIL2A_20251028T113319_N0511_R080_T28QCH_20251028T134111.zip,128,9877,4263,342635.0,2201265.0,0.2409,0.3018,0.36960000000000004,0.4692,0.5201,0.5278,0.5497000000000001,0.5724,0.5744,0.5686,0.5911000000000001,0.43720000000000003
2025-10-28,Arel,Sen2Cor,S2B_MSIL2A_20251028T113319_N0511_R080_T28QCH_20251028T134111.SAFE,C:\Users\Simon\Nextcloud\Project\Mauritania\Science\Arguin - FieldWork Data Processing\Data\S2\Sen2Cor\S2B_MSIL2A_20251028T113319_N0511_R080_T28QCH_20251028T134111.zip,129,9877,4264,342645.0,2201265.0,0.2326,0.2886,0.3508,0.452,0.49620000000000003,0.5063,0.5346000000000001,0.5568000000000001,0.5545,0.5686,0.5922000000000001,0.4403
2025-10-28,Arel,Sen2Cor,S2B_MSIL2A_20251028T113319_N0511_R080_T28QCH_20251028T134111.SAFE,C:\Users\Simon\Nextcloud\Project\Mauritania\Science\Arguin - FieldWork Data Processing\Data\S2\Sen2Cor\S2B_MSIL2A_20251028T113319_N0511_R080_T28QCH_20251028T134111.zip,130,9877,4265,342655.0,2201265.0,0.2326,0.2712,0.334,0.43320000000000003,0.49620000000000003,0.5063,0.5346000000000001,0.5492,0.5545,0.5686,0.5922000000000001,0.4403
2025-10-28,Arel,Sen2Cor,S2B_MSIL2A_20251028T113319_N0511_R080_T28QCH_20251028T134111.SAFE,C:\Users\Simon\Nextcloud\Project\Mauritania\Science\Arguin - FieldWork Data Processing\Data\S2\Sen2Cor\S2B_MSIL2A_20251028T113319_N0511_R080_T28QCH_20251028T134111.zip,131,9877,4266,342665.0,2201265.0,0.2233,0.2534,0.312,0.41400000000000003,0.4641,0.47650000000000003,0.5004000000000001,0.54,0.5372,0.5497000000000001,0.5925,0.4329
2025-10-28,Arel,Sen2Cor,S2B_MSIL2A_20251028T113319_N0511_R080_T28QCH_20251028T134111.SAFE,C:\Users\Simon\Nextcloud\Project\Mauritania\Science\Arguin - FieldWork Data Processing\Data\S2\Sen2Cor\S2B_MSIL2A_20251028T113319_N0511_R080_T28QCH_20251028T134111.zip,132,9877,4267,342675.0,2201265.0,0.2233,0.24480000000000002,0.30720000000000003,0.402,0.4641,0.47650000000000003,0.5004000000000001,0.5356000000000001,0.5372,0.5497000000000001,0.5925,0.4329
2025-10-28,Arel,Sen2Cor,S2B_MSIL2A_20251028T113319_N0511_R080_T28QCH_20251028T134111.SAFE,C:\Users\Simon\Nextcloud\Project\Mauritania\Science\Arguin - FieldWork Data Processing\Data\S2\Sen2Cor\S2B_MSIL2A_20251028T113319_N0511_R080_T28QCH_20251028T134111.zip,133,9877,4268,342685.0,2201265.0,0.21660000000000001,0.2492,0.3054,0.3992,0.43960000000000005,0.4551,0.49000000000000005,0.5272,0.5332,0.5497000000000001,0.5894,0.4171
2025-10-28,Arel,Sen2Cor,S2B_MSIL2A_20251028T113319_N0511_R080_T28QCH_20251028T134111.SAFE,C:\Users\Simon\Nextcloud\Project\Mauritania\Science\Arguin - FieldWork Data Processing\Data\S2\Sen2Cor\S2B_MSIL2A_20251028T113319_N0511_R080_T28QCH_20251028T134111.zip,134,9877,4269,342695.0,2201265.0,0.21660000000000001,0.24580000000000002,0.3062,0.3904,0.43960000000000005,0.4551,0.49000000000000005,0.5216000000000001,0.5332,0.5497000000000001,0.5894,0.4171
2025-10-28,Arel,Sen2Cor,S2B_MSIL2A_20251028T113319_N0511_R080_T28QCH_20251028T134111.SAFE,C:\Users\Simon\Nextcloud\Project\Mauritania\Science\Arguin - FieldWork Data Processing\Data\S2\Sen2Cor\S2B_MSIL2A_20251028T113319_N0511_R080_T28QCH_20251028T134111.zip,135,9877,4270,342705.0,2201265.0,0.2151,0.24180000000000001,0.2972,0.3824,0.4575,0.47350000000000003,0.5051,0.5204,0.5457000000000001,0.5497000000000001,0.6019,0.4208
2025-10-28,Arel,Sen2Cor,S2B_MSIL2A_20251028T113319_N0511_R080_T28QCH_20251028T134111.SAFE,C:\Users\Simon\Nextcloud\Project\Mauritania\Science\Arguin - FieldWork Data Processing\Data\S2\Sen2Cor\S2B_MSIL2A_20251028T113319_N0511_R080_T28QCH_20251028T134111.zip,136,9877,4271,342715.0,2201265.0,0.2151,0.2556,0.30960000000000004,0.3952,0.4575,0.47350000000000003,0.5051,0.5316000000000001,0.5457000000000001,0.5497000000000001,0.6019,0.4208
2025-10-28,Arel,Sen2Cor,S2B_MSIL2A_20251028T113319_N0511_R080_T28QCH_20251028T134111.SAFE,C:\Users\Simon\Nextcloud\Project\Mauritania\Science\Arguin - FieldWork Data Processing\Data\S2\Sen2Cor\S2B_MSIL2A_20251028T113319_N0511_R080_T28QCH_20251028T134111.zip,137,9877,4272,342725.0,2201265.0,0.21530000000000002,0.2818,0.34840000000000004,0.452,0.4985,0.5082,0.5393,0.5692,0.5752,0.5694,0.6203000000000001,0.4559
2025-10-28,Arel,Sen2Cor,S2B_MSIL2A_20251028T113319_N0511_R080_T28QCH_20251028T134111.SAFE,C:\Users\Simon\Nextcloud\Project\Mauritania\Science\Arguin - FieldWork Data Processing\Data\S2\Sen2Cor\S2B_MSIL2A_20251028T113319_N0511_R080_T28QCH_20251028T134111.zip,138,9877,4273,342735.0,2201265.0,0.21530000000000002,0.2852,0.3516,0.454,0.4985,0.5082,0.5393,0.5824,0.5752,0.5694,0.6203000000000001,0.4559
2025-10-28,Arel,Sen2Cor,S2B_MSIL2A_20251028T113319_N0511_R080_T28QCH_20251028T134111.SAFE,C:\Users\Simon\Nextcloud\Project\Mauritania\Science\Arguin - FieldWork Data Processing\Data\S2\Sen2Cor\S2B_MSIL2A_20251028T113319_N0511_R080_T28QCH_20251028T134111.zip,139,9877,4274,342745.0,2201265.0,0.2083,0.28,0.35000000000000003,0.444,0.4932,0.49810000000000004,0.5254,0.5748,0.5673,0.5694,0.6064,0.4379
2025-10-28,Arel,Sen2Cor,S2B_MSIL2A_20251028T113319_N0511_R080_T28QCH_20251028T134111.SAFE,C:\Users\Simon\Nextcloud\Project\Mauritania\Science\Arguin - FieldWork Data Processing\Data\S2\Sen2Cor\S2B_MSIL2A_20251028T113319_N0511_R080_T28QCH_20251028T134111.zip,140,9877,4275,342755.0,2201265.0,0.2083,0.27,0.32880000000000004,0.4148,0.4932,0.49810000000000004,0.5254,0.5548000000000001,0.5673,0.5694,0.6064,0.4379
2025-10-28,Arel,Sen2Cor,S2B_MSIL2A_20251028T113319_N0511_R080_T28QCH_20251028T134111.SAFE,C:\Users\Simon\Nextcloud\Project\Mauritania\Science\Arguin - FieldWork Data Processing\Data\S2\Sen2Cor\S2B_MSIL2A_20251028T113319_N0511_R080_T28QCH_20251028T134111.zip,141,9877,4276,342765.0,2201265.0,0.1892,0.27540000000000003,0.3392,0.4264,0.4793,0.4857,0.5173,0.558,0.5604,0.5694,0.5864,0.4108
2025-10-28,Arel,Sen2Cor,S2B_MSIL2A_20251028T113319_N0511_R080_T28QCH_20251028T134111.SAFE,C:\Users\Simon\Nextcloud\Project\Mauritania\Science\Arguin - FieldWork Data Processing\Data\S2\Sen2Cor\S2B_MSIL2A_20251028T113319_N0511_R080_T28QCH_20251028T134111.zip,142,9878,4248,342485.0,2201255.0,0.2462,0.334,0.4068,0.4928,0.5438000000000001,0.5459,0.5642,0.5744,0.5768,0.5489,0.5702,0.41040000000000004
2025-10-28,Arel,Sen2Cor,S2B_MSIL2A_20251028T113319_N0511_R080_T28QCH_20251028T134111.SAFE,C:\Users\Simon\Nextcloud\Project\Mauritania\Science\Arguin - FieldWork Data Processing\Data\S2\Sen2Cor\S2B_MSIL2A_20251028T113319_N0511_R080_T28QCH_20251028T134111.zip,143,9878,4249,342495.0,2201255.0,0.2462,0.342,0.406,0.49760000000000004,0.5438000000000001,0.5459,0.5642,0.6048,0.5768,0.5489,0.5702,0.41040000000000004
2025-10-28,Arel,Sen2Cor,S2B_MSIL2A_20251028T113319_N0511_R080_T28QCH_20251028T134111.SAFE,C:\Users\Simon\Nextcloud\Project\Mauritania\Science\Arguin - FieldWork Data Processing\Data\S2\Sen2Cor\S2B_MSIL2A_20251028T113319_N0511_R080_T28QCH_20251028T134111.zip,144,9878,4250,342505.0,2201255.0,0.272,0.3416,0.4176,0.5176000000000001,0.5788,0.5700000000000001,0.5885,0.6036,0.6004,0.5489,0.5856,0.4214
2025-10-28,Arel,Sen2Cor,S2B_MSIL2A_20251028T113319_N0511_R080_T28QCH_20251028T134111.SAFE,C:\Users\Simon\Nextcloud\Project\Mauritania\Science\Arguin - FieldWork Data Processing\Data\S2\Sen2Cor\S2B_MSIL2A_20251028T113319_N0511_R080_T28QCH_20251028T134111.zip,145,9878,4251,342515.0,2201255.0,0.272,0.3936,0.45120000000000005,0.5416000000000001,0.5788,0.5700000000000001,0.5885,0.6236,0.6004,0.5489,0.5856,0.4214
2025-10-28,Arel,Sen2Cor,S2B_MSIL2A_20251028T113319_N0511_R080_T28QCH_20251028T134111.SAFE,C:\Users\Simon\Nextcloud\Project\Mauritania\Science\Arguin - FieldWork Data Processing\Data\S2\Sen2Cor\S2B_MSIL2A_20251028T113319_N0511_R080_T28QCH_20251028T134111.zip,146,9878,4252,342525.0,2201255.0,0.28200000000000003,0.3804,0.4428,0.5272,0.557,0.5563,0.5768,0.6156,0.5953,0.5489,0.5820000000000001,0.4176
2025-10-28,Arel,Sen2Cor,S2B_MSIL2A_20251028T113319_N0511_R080_T28QCH_20251028T134111.SAFE,C:\Users\Simon\Nextcloud\Project\Mauritania\Science\Arguin - FieldWork Data Processing\Data\S2\Sen2Cor\S2B_MSIL2A_20251028T113319_N0511_R080_T28QCH_20251028T134111.zip,147,9878,4253,342535.0,2201255.0,0.28200000000000003,0.3632,0.43,0.5156000000000001,0.557,0.5563,0.5768,0.5936,0.5953,0.5489,0.5820000000000001,0.4176
2025-10-28,Arel,Sen2Cor,S2B_MSIL2A_20251028T113319_N0511_R080_T28QCH_20251028T134111.SAFE,C:\Users\Simon\Nextcloud\Project\Mauritania\Science\Arguin - FieldWork Data Processing\Data\S2\Sen2Cor\S2B_MSIL2A_20251028T113319_N0511_R080_T28QCH_20251028T134111.zip,148,9878,4254,342545.0,2201255.0,0.2831,0.3572,0.42200000000000004,0.5096,0.5542,0.5537000000000001,0.5730000000000001,0.596,0.5935,0.5820000000000001,0.5911000000000001,0.4277
2025-10-28,Arel,Sen2Cor,S2B_MSIL2A_20251028T113319_N0511_R080_T28QCH_20251028T134111.SAFE,C:\Users\Simon\Nextcloud\Project\Mauritania\Science\Arguin - FieldWork Data Processing\Data\S2\Sen2Cor\S2B_MSIL2A_20251028T113319_N0511_R080_T28QCH_20251028T134111.zip,149,9878,4255,342555.0,2201255.0,0.2831,0.3496,0.42400000000000004,0.5156000000000001,0.5542,0.5537000000000001,0.5730000000000001,0.6076,0.5935,0.5820000000000001,0.5911000000000001,0.4277
2025-10-28,Arel,Sen2Cor,S2B_MSIL2A_20251028T113319_N0511_R080_T28QCH_20251028T134111.SAFE,C:\Users\Simon\Nextcloud\Project\Mauritania\Science\Arguin - FieldWork Data Processing\Data\S2\Sen2Cor\S2B_MSIL2A_20251028T113319_N0511_R080_T28QCH_20251028T134111.zip,150,9878,4256,342565.0,2201255.0,0.2787,0.34600000000000003,0.4148,0.508,0.5468000000000001,0.5502,0.5712,0.608,0.5937,0.5820000000000001,0.5975,0.4375
2025-10-28,Arel,Sen2Cor,S2B_MSIL2A_20251028T113319_N0511_R080_T28QCH_20251028T134111.SAFE,C:\Users\Simon\Nextcloud\Project\Mauritania\Science\Arguin - FieldWork Data Processing\Data\S2\Sen2Cor\S2B_MSIL2A_20251028T113319_N0511_R080_T28QCH_20251028T134111.zip,151,9878,4257,342575.0,2201255.0,0.2787,0.3332,0.4036,0.5,0.5468000000000001,0.5502,0.5712,0.598,0.5937,0.5820000000000001,0.5975,0.4375
2025-10-28,Arel,Sen2Cor,S2B_MSIL2A_20251028T113319_N0511_R080_T28QCH_20251028T134111.SAFE,C:\Users\Simon\Nextcloud\Project\Mauritania\Science\Arguin - FieldWork Data Processing\Data\S2\Sen2Cor\S2B_MSIL2A_20251028T113319_N0511_R080_T28QCH_20251028T134111.zip,152,9878,4258,342585.0,2201255.0,0.2695,0.3396,0.4052,0.49960000000000004,0.5332,0.5356000000000001,0.5626,0.5992000000000001,0.5833,0.5820000000000001,0.5924,0.43570000000000003
2025-10-28,Arel,Sen2Cor,S2B_MSIL2A_20251028T113319_N0511_R080_T28QCH_20251028T134111.SAFE,C:\Users\Simon\Nextcloud\Project\Mauritania\Science\Arguin - FieldWork Data Processing\Data\S2\Sen2Cor\S2B_MSIL2A_20251028T113319_N0511_R080_T28QCH_20251028T134111.zip,153,9878,4259,342595.0,2201255.0,0.2695,0.3412,0.4076,0.5028,0.5332,0.5356000000000001,0.5626,0.5968,0.5833,0.5820000000000001,0.5924,0.43570000000000003
2025-10-28,Arel,Sen2Cor,S2B_MSIL2A_20251028T113319_N0511_R080_T28QCH_20251028T134111.SAFE,C:\Users\Simon\Nextcloud\Project\Mauritania\Science\Arguin - FieldWork Data Processing\Data\S2\Sen2Cor\S2B_MSIL2A_20251028T113319_N0511_R080_T28QCH_20251028T134111.zip,154,9878,4260,342605.0,2201255.0,0.2561,0.33480000000000004,0.4076,0.502,0.5371,0.538,0.5606,0.5936,0.5820000000000001,0.5686,0.5905,0.43
2025-10-28,Arel,Sen2Cor,S2B_MSIL2A_20251028T113319_N0511_R080_T28QCH_20251028T134111.SAFE,C:\Users\Simon\Nextcloud\Project\Mauritania\Science\Arguin - FieldWork Data Processing\Data\S2\Sen2Cor\S2B_MSIL2A_20251028T113319_N0511_R080_T28QCH_20251028T134111.zip,155,9878,4261,342615.0,2201255.0,0.2561,0.3336,0.40040000000000003,0.4964,0.5371,0.538,0.5606,0.5936,0.5820000000000001,0.5686,0.5905,0.43
2025-10-28,Arel,Sen2Cor,S2B_MSIL2A_20251028T113319_N0511_R080_T28QCH_20251028T134111.SAFE,C:\Users\Simon\Nextcloud\Project\Mauritania\Science\Arguin - FieldWork Data Processing\Data\S2\Sen2Cor\S2B_MSIL2A_20251028T113319_N0511_R080_T28QCH_20251028T134111.zip,156,9878,4262,342625.0,2201255.0,0.2437,0.306,0.3816,0.4792,0.5139,0.5176000000000001,0.5432,0.5812,0.5691,0.5686,0.5912000000000001,0.4323
2025-10-28,Arel,Sen2Cor,S2B_MSIL2A_20251028T113319_N0511_R080_T28QCH_20251028T134111.SAFE,C:\Users\Simon\Nextcloud\Project\Mauritania\Science\Arguin - FieldWork Data Processing\Data\S2\Sen2Cor\S2B_MSIL2A_20251028T113319_N0511_R080_T28QCH_20251028T134111.zip,157,9878,4263,342635.0,2201255.0,0.2437,0.2788,0.3512,0.4504,0.5139,0.5176000000000001,0.5432,0.5592,0.5691,0.5686,0.5912000000000001,0.4323
2025-10-28,Arel,Sen2Cor,S2B_MSIL2A_20251028T113319_N0511_R080_T28QCH_20251028T134111.SAFE,C:\Users\Simon\Nextcloud\Project\Mauritania\Science\Arguin - FieldWork Data Processing\Data\S2\Sen2Cor\S2B_MSIL2A_20251028T113319_N0511_R080_T28QCH_20251028T134111.zip,158,9878,4264,342645.0,2201255.0,0.23240000000000002,0.251,0.32120000000000004,0.4252,0.4731,0.48560000000000003,0.518,0.538,0.5501,0.5686,0.5912000000000001,0.4312
2025-10-28,Arel,Sen2Cor,S2B_MSIL2A_20251028T113319_N0511_R080_T28QCH_20251028T134111.SAFE,C:\Users\Simon\Nextcloud\Project\Mauritania\Science\Arguin - FieldWork Data Processing\Data\S2\Sen2Cor\S2B_MSIL2A_20251028T113319_N0511_R080_T28QCH_20251028T134111.zip,159,9878,4265,342655.0,2201255.0,0.23240000000000002,0.2456,0.3144,0.4168,0.4731,0.48560000000000003,0.518,0.536,0.5501,0.5686,0.5912000000000001,0.4312
2025-10-28,Arel,Sen2Cor,S2B_MSIL2A_20251028T113319_N0511_R080_T28QCH_20251028T134111.SAFE,C:\Users\Simon\Nextcloud\Project\Mauritania\Science\Arguin - FieldWork Data Processing\Data\S2\Sen2Cor\S2B_MSIL2A_20251028T113319_N0511_R080_T28QCH_20251028T134111.zip,160,9878,4266,342665.0,2201255.0,0.2233,0.2434,0.31,0.4092,0.465,0.47940000000000005,0.5065000000000001,0.5352,0.5428000000000001,0.5497000000000001,0.5914,0.4188
2025-10-28,Arel,Sen2Cor,S2B_MSIL2A_20251028T113319_N0511_R080_T28QCH_20251028T134111.SAFE,C:\Users\Simon\Nextcloud\Project\Mauritania\Science\Arguin - FieldWork Data Processing\Data\S2\Sen2Cor\S2B_MSIL2A_20251028T113319_N0511_R080_T28QCH_20251028T134111.zip,161,9878,4267,342675.0,2201255.0,0.2233,0.25520000000000004,0.3124,0.41400000000000003,0.465,0.47940000000000005,0.5065000000000001,0.5428000000000001,0.5428000000000001,0.5497000000000001,0.5914,0.4188
2025-10-28,Arel,Sen2Cor,S2B_MSIL2A_20251028T113319_N0511_R080_T28QCH_20251028T134111.SAFE,C:\Users\Simon\Nextcloud\Project\Mauritania\Science\Arguin - FieldWork Data Processing\Data\S2\Sen2Cor\S2B_MSIL2A_20251028T113319_N0511_R080_T28QCH_20251028T134111.zip,162,9878,4268,342685.0,2201255.0,0.2174,0.253,0.31,0.39840000000000003,0.4471,0.45520000000000005,0.4909,0.5292,0.5399,0.5497000000000001,0.5781000000000001,0.39180000000000004
2025-10-28,Arel,Sen2Cor,S2B_MSIL2A_20251028T113319_N0511_R080_T28QCH_20251028T134111.SAFE,C:\Users\Simon\Nextcloud\Project\Mauritania\Science\Arguin - FieldWork Data Processing\Data\S2\Sen2Cor\S2B_MSIL2A_20251028T113319_N0511_R080_T28QCH_20251028T134111.zip,163,9878,4269,342695.0,2201255.0,0.2174,0.25220000000000004,0.3,0.3876,0.4471,0.45520000000000005,0.4909,0.5224,0.5399,0.5497000000000001,0.5781000000000001,0.39180000000000004
2025-10-28,Arel,Sen2Cor,S2B_MSIL2A_20251028T113319_N0511_R080_T28QCH_20251028T134111.SAFE,C:\Users\Simon\Nextcloud\Project\Mauritania\Science\Arguin - FieldWork Data Processing\Data\S2\Sen2Cor\S2B_MSIL2A_20251028T113319_N0511_R080_T28QCH_20251028T134111.zip,164,9878,4270,342705.0,2201255.0,0.219,0.25780000000000003,0.3164,0.4092,0.47450000000000003,0.4838,0.5043,0.5372,0.5561,0.5497000000000001,0.5937,0.4097
2025-10-28,Arel,Sen2Cor,S2B_MSIL2A_20251028T113319_N0511_R080_T28QCH_20251028T134111.SAFE,C:\Users\Simon\Nextcloud\Project\Mauritania\Science\Arguin - FieldWork Data Processing\Data\S2\Sen2Cor\S2B_MSIL2A_20251028T113319_N0511_R080_T28QCH_20251028T134111.zip,165,9878,4271,342715.0,2201255.0,0.219,0.273,0.3272,0.42600000000000005,0.47450000000000003,0.4838,0.5043,0.5552,0.5561,0.5497000000000001,0.5937,0.4097
2025-10-28,Arel,Sen2Cor,S2B_MSIL2A_20251028T113319_N0511_R080_T28QCH_20251028T134111.SAFE,C:\Users\Simon\Nextcloud\Project\Mauritania\Science\Arguin - FieldWork Data Processing\Data\S2\Sen2Cor\S2B_MSIL2A_20251028T113319_N0511_R080_T28QCH_20251028T134111.zip,166,9878,4272,342725.0,2201255.0,0.224,0.3022,0.3764,0.47400000000000003,0.5078,0.5188,0.5473,0.5804,0.5842,0.5694,0.6157,0.4535
2025-10-28,Arel,Sen2Cor,S2B_MSIL2A_20251028T113319_N0511_R080_T28QCH_20251028T134111.SAFE,C:\Users\Simon\Nextcloud\Project\Mauritania\Science\Arguin - FieldWork Data Processing\Data\S2\Sen2Cor\S2B_MSIL2A_20251028T113319_N0511_R080_T28QCH_20251028T134111.zip,167,9878,4273,342735.0,2201255.0,0.224,0.309,0.3708,0.4712,0.5078,0.5188,0.5473,0.5904,0.5842,0.5694,0.6157,0.4535
2025-10-28,Arel,Sen2Cor,S2B_MSIL2A_20251028T113319_N0511_R080_T28QCH_20251028T134111.SAFE,C:\Users\Simon\Nextcloud\Project\Mauritania\Science\Arguin - FieldWork Data Processing\Data\S2\Sen2Cor\S2B_MSIL2A_20251028T113319_N0511_R080_T28QCH_20251028T134111.zip,168,9878,4274,342745.0,2201255.0,0.22130000000000002,0.2972,0.36200000000000004,0.4592,0.4995,0.508,0.5376000000000001,0.5804,0.5767,0.5694,0.6199,0.46040000000000003
2025-10-28,Arel,Sen2Cor,S2B_MSIL2A_20251028T113319_N0511_R080_T28QCH_20251028T134111.SAFE,C:\Users\Simon\Nextcloud\Project\Mauritania\Science\Arguin - FieldWork Data Processing\Data\S2\Sen2Cor\S2B_MSIL2A_20251028T113319_N0511_R080_T28QCH_20251028T134111.zip,169,9878,4275,342755.0,2201255.0,0.22130000000000002,0.2844,0.3388,0.4312,0.4995,0.508,0.5376000000000001,0.5668000000000001,0.5767,0.5694,0.6199,0.46040000000000003
2025-10-28,Arel,Sen2Cor,S2B_MSIL2A_20251028T113319_N0511_R080_T28QCH_20251028T134111.SAFE,C:\Users\Simon\Nextcloud\Project\Mauritania\Science\Arguin - FieldWork Data Processing\Data\S2\Sen2Cor\S2B_MSIL2A_20251028T113319_N0511_R080_T28QCH_20251028T134111.zip,170,9878,4276,342765.0,2201255.0,0.20600000000000002,0.28500000000000003,0.3468,0.44520000000000004,0.48650000000000004,0.5012,0.5349,0.5708,0.5763,0.5694,0.602,0.4081
2025-10-28,Arel,Sen2Cor,S2B_MSIL2A_20251028T113319_N0511_R080_T28QCH_20251028T134111.SAFE,C:\Users\Simon\Nextcloud\Project\Mauritania\Science\Arguin - FieldWork Data Processing\Data\S2\Sen2Cor\S2B_MSIL2A_20251028T113319_N0511_R080_T28QCH_20251028T134111.zip,171,9878,4277,342775.0,2201255.0,0.20600000000000002,0.28340000000000004,0.34400000000000003,0.4364,0.48650000000000004,0.5012,0.5349,0.5732,0.5763,0.5694,0.602,0.4081
2025-10-28,Arel,Sen2Cor,S2B_MSIL2A_20251028T113319_N0511_R080_T28QCH_20251028T134111.SAFE,C:\Users\Simon\Nextcloud\Project\Mauritania\Science\Arguin - FieldWork Data Processing\Data\S2\Sen2Cor\S2B_MSIL2A_20251028T113319_N0511_R080_T28QCH_20251028T134111.zip,172,9879,4247,342475.0,2201245.0,0.2061,0.31880000000000003,0.38920000000000005,0.48000000000000004,0.4791,0.48300000000000004,0.5044000000000001,0.5768,0.5215000000000001,0.38320000000000004,0.5175000000000001,0.3809
2025-10-28,Arel,Sen2Cor,S2B_MSIL2A_20251028T113319_N0511_R080_T28QCH_20251028T134111.SAFE,C:\Users\Simon\Nextcloud\Project\Mauritania\Science\Arguin - FieldWork Data Processing\Data\S2\Sen2Cor\S2B_MSIL2A_20251028T113319_N0511_R080_T28QCH_20251028T134111.zip,173,9879,4248,342485.0,2201245.0,0.2462,0.3252,0.396,0.49200000000000005,0.5438000000000001,0.5459,0.5642,0.5900000000000001,0.5768,0.5489,0.5702,0.41040000000000004
2025-10-28,Arel,Sen2Cor,S2B_MSIL2A_20251028T113319_N0511_R080_T28QCH_20251028T134111.SAFE,C:\Users\Simon\Nextcloud\Project\Mauritania\Science\Arguin - FieldWork Data Processing\Data\S2\Sen2Cor\S2B_MSIL2A_20251028T113319_N0511_R080_T28QCH_20251028T134111.zip,174,9879,4249,342495.0,2201245.0,0.2462,0.34400000000000003,0.4148,0.5068,0.5438000000000001,0.5459,0.5642,0.6024,0.5768,0.5489,0.5702,0.41040000000000004
2025-10-28,Arel,Sen2Cor,S2B_MSIL2A_20251028T113319_N0511_R080_T28QCH_20251028T134111.SAFE,C:\Users\Simon\Nextcloud\Project\Mauritania\Science\Arguin - FieldWork Data Processing\Data\S2\Sen2Cor\S2B_MSIL2A_20251028T113319_N0511_R080_T28QCH_20251028T134111.zip,175,9879,4250,342505.0,2201245.0,0.272,0.3748,0.45280000000000004,0.536,0.5788,0.5700000000000001,0.5885,0.6176,0.6004,0.5489,0.5856,0.4214
2025-10-28,Arel,Sen2Cor,S2B_MSIL2A_20251028T113319_N0511_R080_T28QCH_20251028T134111.SAFE,C:\Users\Simon\Nextcloud\Project\Mauritania\Science\Arguin - FieldWork Data Processing\Data\S2\Sen2Cor\S2B_MSIL2A_20251028T113319_N0511_R080_T28QCH_20251028T134111.zip,176,9879,4251,342515.0,2201245.0,0.272,0.388,0.4544,0.5368,0.5788,0.5700000000000001,0.5885,0.6176,0.6004,0.5489,0.5856,0.4214
2025-10-28,Arel,Sen2Cor,S2B_MSIL2A_20251028T113319_N0511_R080_T28QCH_20251028T134111.SAFE,C:\Users\Simon\Nextcloud\Project\Mauritania\Science\Arguin - FieldWork Data Processing\Data\S2\Sen2Cor\S2B_MSIL2A_20251028T113319_N0511_R080_T28QCH_20251028T134111.zip,177,9879,4252,342525.0,2201245.0,0.28200000000000003,0.3648,0.4308,0.5172,0.557,0.5563,0.5768,0.5988,0.5953,0.5489,0.5820000000000001,0.4176
2025-10-28,Arel,Sen2Cor,S2B_MSIL2A_20251028T113319_N0511_R080_T28QCH_20251028T134111.SAFE,C:\Users\Simon\Nextcloud\Project\Mauritania\Science\Arguin - FieldWork Data Processing\Data\S2\Sen2Cor\S2B_MSIL2A_20251028T113319_N0511_R080_T28QCH_20251028T134111.zip,178,9879,4253,342535.0,2201245.0,0.28200000000000003,0.35600000000000004,0.4252,0.516,0.557,0.5563,0.5768,0.5956,0.5953,0.5489,0.5820000000000001,0.4176
2025-10-28,Arel,Sen2Cor,S2B_MSIL2A_20251028T113319_N0511_R080_T28QCH_20251028T134111.SAFE,C:\Users\Simon\Nextcloud\Project\Mauritania\Science\Arguin - FieldWork Data Processing\Data\S2\Sen2Cor\S2B_MSIL2A_20251028T113319_N0511_R080_T28QCH_20251028T134111.zip,179,9879,4254,342545.0,2201245.0,0.2831,0.35200000000000004,0.4116,0.506,0.5542,0.5537000000000001,0.5730000000000001,0.5952000000000001,0.5935,0.5820000000000001,0.5911000000000001,0.4277
2025-10-28,Arel,Sen2Cor,S2B_MSIL2A_20251028T113319_N0511_R080_T28QCH_20251028T134111.SAFE,C:\Users\Simon\Nextcloud\Project\Mauritania\Science\Arguin - FieldWork Data Processing\Data\S2\Sen2Cor\S2B_MSIL2A_20251028T113319_N0511_R080_T28QCH_20251028T134111.zip,180,9879,4255,342555.0,2201245.0,0.2831,0.3352,0.41240000000000004,0.5068,0.5542,0.5537000000000001,0.5730000000000001,0.5952000000000001,0.5935,0.5820000000000001,0.5911000000000001,0.4277
2025-10-28,Arel,Sen2Cor,S2B_MSIL2A_20251028T113319_N0511_R080_T28QCH_20251028T134111.SAFE,C:\Users\Simon\Nextcloud\Project\Mauritania\Science\Arguin - FieldWork Data Processing\Data\S2\Sen2Cor\S2B_MSIL2A_20251028T113319_N0511_R080_T28QCH_20251028T134111.zip,181,9879,4256,342565.0,2201245.0,0.2787,0.336,0.4036,0.498,0.5468000000000001,0.5502,0.5712,0.5988,0.5937,0.5820000000000001,0.5975,0.4375
2025-10-28,Arel,Sen2Cor,S2B_MSIL2A_20251028T113319_N0511_R080_T28QCH_20251028T134111.SAFE,C:\Users\Simon\Nextcloud\Project\Mauritania\Science\Arguin - FieldWork Data Processing\Data\S2\Sen2Cor\S2B_MSIL2A_20251028T113319_N0511_R080_T28QCH_20251028T134111.zip,182,9879,4257,342575.0,2201245.0,0.2787,0.3252,0.3996,0.4924,0.5468000000000001,0.5502,0.5712,0.5908,0.5937,0.5820000000000001,0.5975,0.4375
2025-10-28,Arel,Sen2Cor,S2B_MSIL2A_20251028T113319_N0511_R080_T28QCH_20251028T134111.SAFE,C:\Users\Simon\Nextcloud\Project\Mauritania\Science\Arguin - FieldWork Data Processing\Data\S2\Sen2Cor\S2B_MSIL2A_20251028T113319_N0511_R080_T28QCH_20251028T134111.zip,183,9879,4258,342585.0,2201245.0,0.2695,0.316,0.3808,0.4808,0.5332,0.5356000000000001,0.5626,0.5840000000000001,0.5833,0.5820000000000001,0.5924,0.43570000000000003
2025-10-28,Arel,Sen2Cor,S2B_MSIL2A_20251028T113319_N0511_R080_T28QCH_20251028T134111.SAFE,C:\Users\Simon\Nextcloud\Project\Mauritania\Science\Arguin - FieldWork Data Processing\Data\S2\Sen2Cor\S2B_MSIL2A_20251028T113319_N0511_R080_T28QCH_20251028T134111.zip,184,9879,4259,342595.0,2201245.0,0.2695,0.3176,0.38520000000000004,0.48400000000000004,0.5332,0.5356000000000001,0.5626,0.5812,0.5833,0.5820000000000001,0.5924,0.43570000000000003
2025-10-28,Arel,Sen2Cor,S2B_MSIL2A_20251028T113319_N0511_R080_T28QCH_20251028T134111.SAFE,C:\Users\Simon\Nextcloud\Project\Mauritania\Science\Arguin - FieldWork Data Processing\Data\S2\Sen2Cor\S2B_MSIL2A_20251028T113319_N0511_R080_T28QCH_20251028T134111.zip,185,9879,4260,342605.0,2201245.0,0.2561,0.332,0.3976,0.49160000000000004,0.5371,0.538,0.5606,0.5844,0.5820000000000001,0.5686,0.5905,0.43
2025-10-28,Arel,Sen2Cor,S2B_MSIL2A_20251028T113319_N0511_R080_T28QCH_20251028T134111.SAFE,C:\Users\Simon\Nextcloud\Project\Mauritania\Science\Arguin - FieldWork Data Processing\Data\S2\Sen2Cor\S2B_MSIL2A_20251028T113319_N0511_R080_T28QCH_20251028T134111.zip,186,9879,4261,342615.0,2201245.0,0.2561,0.34,0.396,0.49520000000000003,0.5371,0.538,0.5606,0.5904,0.5820000000000001,0.5686,0.5905,0.43
2025-10-28,Arel,Sen2Cor,S2B_MSIL2A_20251028T113319_N0511_R080_T28QCH_20251028T134111.SAFE,C:\Users\Simon\Nextcloud\Project\Mauritania\Science\Arguin - FieldWork Data Processing\Data\S2\Sen2Cor\S2B_MSIL2A_20251028T113319_N0511_R080_T28QCH_20251028T134111.zip,187,9879,4262,342625.0,2201245.0,0.2437,0.30760000000000004,0.3768,0.4748,0.5139,0.5176000000000001,0.5432,0.5756,0.5691,0.5686,0.5912000000000001,0.4323
2025-10-28,Arel,Sen2Cor,S2B_MSIL2A_20251028T113319_N0511_R080_T28QCH_20251028T134111.SAFE,C:\Users\Simon\Nextcloud\Project\Mauritania\Science\Arguin - FieldWork Data Processing\Data\S2\Sen2Cor\S2B_MSIL2A_20251028T113319_N0511_R080_T28QCH_20251028T134111.zip,188,9879,4263,342635.0,2201245.0,0.2437,0.303,0.364,0.46240000000000003,0.5139,0.5176000000000001,0.5432,0.5688,0.5691,0.5686,0.5912000000000001,0.4323
2025-10-28,Arel,Sen2Cor,S2B_MSIL2A_20251028T113319_N0511_R080_T28QCH_20251028T134111.SAFE,C:\Users\Simon\Nextcloud\Project\Mauritania\Science\Arguin - FieldWork Data Processing\Data\S2\Sen2Cor\S2B_MSIL2A_20251028T113319_N0511_R080_T28QCH_20251028T134111.zip,189,9879,4264,342645.0,2201245.0,0.23240000000000002,0.27740000000000004,0.3408,0.44,0.4731,0.48560000000000003,0.518,0.5592,0.5501,0.5686,0.5912000000000001,0.4312
2025-10-28,Arel,Sen2Cor,S2B_MSIL2A_20251028T113319_N0511_R080_T28QCH_20251028T134111.SAFE,C:\Users\Simon\Nextcloud\Project\Mauritania\Science\Arguin - FieldWork Data Processing\Data\S2\Sen2Cor\S2B_MSIL2A_20251028T113319_N0511_R080_T28QCH_20251028T134111.zip,190,9879,4265,342655.0,2201245.0,0.23240000000000002,0.262,0.322,0.42360000000000003,0.4731,0.48560000000000003,0.518,0.548,0.5501,0.5686,0.5912000000000001,0.4312
2025-10-28,Arel,Sen2Cor,S2B_MSIL2A_20251028T113319_N0511_R080_T28QCH_20251028T134111.SAFE,C:\Users\Simon\Nextcloud\Project\Mauritania\Science\Arguin - FieldWork Data Processing\Data\S2\Sen2Cor\S2B_MSIL2A_20251028T113319_N0511_R080_T28QCH_20251028T134111.zip,191,9879,4266,342665.0,2201245.0,0.2233,0.258,0.322,0.42360000000000003,0.465,0.47940000000000005,0.5065000000000001,0.5468000000000001,0.5428000000000001,0.5497000000000001,0.5914,0.4188
2025-10-28,Arel,Sen2Cor,S2B_MSIL2A_20251028T113319_N0511_R080_T28QCH_20251028T134111.SAFE,C:\Users\Simon\Nextcloud\Project\Mauritania\Science\Arguin - FieldWork Data Processing\Data\S2\Sen2Cor\S2B_MSIL2A_20251028T113319_N0511_R080_T28QCH_20251028T134111.zip,192,9879,4267,342675.0,2201245.0,0.2233,0.2676,0.328,0.4312,0.465,0.47940000000000005,0.5065000000000001,0.554,0.5428000000000001,0.5497000000000001,0.5914,0.4188
2025-10-28,Arel,Sen2Cor,S2B_MSIL2A_20251028T113319_N0511_R080_T28QCH_20251028T134111.SAFE,C:\Users\Simon\Nextcloud\Project\Mauritania\Science\Arguin - FieldWork Data Processing\Data\S2\Sen2Cor\S2B_MSIL2A_20251028T113319_N0511_R080_T28QCH_20251028T134111.zip,193,9879,4268,342685.0,2201245.0,0.2174,0.2642,0.3236,0.4072,0.4471,0.45520000000000005,0.4909,0.538,0.5399,0.5497000000000001,0.5781000000000001,0.39180000000000004
2025-10-28,Arel,Sen2Cor,S2B_MSIL2A_20251028T113319_N0511_R080_T28QCH_20251028T134111.SAFE,C:\Users\Simon\Nextcloud\Project\Mauritania\Science\Arguin - FieldWork Data Processing\Data\S2\Sen2Cor\S2B_MSIL2A_20251028T113319_N0511_R080_T28QCH_20251028T134111.zip,194,9879,4269,342695.0,2201245.0,0.2174,0.2626,0.3168,0.4016,0.4471,0.45520000000000005,0.4909,0.5296000000000001,0.5399,0.5497000000000001,0.5781000000000001,0.39180000000000004
2025-10-28,Arel,Sen2Cor,S2B_MSIL2A_20251028T113319_N0511_R080_T28QCH_20251028T134111.SAFE,C:\Users\Simon\Nextcloud\Project\Mauritania\Science\Arguin - FieldWork Data Processing\Data\S2\Sen2Cor\S2B_MSIL2A_20251028T113319_N0511_R080_T28QCH_20251028T134111.zip,195,9879,4270,342705.0,2201245.0,0.219,0.2788,0.3476,0.44,0.47450000000000003,0.4838,0.5043,0.556,0.5561,0.5497000000000001,0.5937,0.4097
2025-10-28,Arel,Sen2Cor,S2B_MSIL2A_20251028T113319_N0511_R080_T28QCH_20251028T134111.SAFE,C:\Users\Simon\Nextcloud\Project\Mauritania\Science\Arguin - FieldWork Data Processing\Data\S2\Sen2Cor\S2B_MSIL2A_20251028T113319_N0511_R080_T28QCH_20251028T134111.zip,196,9879,4271,342715.0,2201245.0,0.219,0.2908,0.3536,0.45280000000000004,0.47450000000000003,0.4838,0.5043,0.5704,0.5561,0.5497000000000001,0.5937,0.4097
2025-10-28,Arel,Sen2Cor,S2B_MSIL2A_20251028T113319_N0511_R080_T28QCH_20251028T134111.SAFE,C:\Users\Simon\Nextcloud\Project\Mauritania\Science\Arguin - FieldWork Data Processing\Data\S2\Sen2Cor\S2B_MSIL2A_20251028T113319_N0511_R080_T28QCH_20251028T134111.zip,197,9879,4272,342725.0,2201245.0,0.224,0.3068,0.37,0.47240000000000004,0.5078,0.5188,0.5473,0.5836,0.5842,0.5694,0.6157,0.4535
2025-10-28,Arel,Sen2Cor,S2B_MSIL2A_20251028T113319_N0511_R080_T28QCH_20251028T134111.SAFE,C:\Users\Simon\Nextcloud\Project\Mauritania\Science\Arguin - FieldWork Data Processing\Data\S2\Sen2Cor\S2B_MSIL2A_20251028T113319_N0511_R080_T28QCH_20251028T134111.zip,198,9879,4273,342735.0,2201245.0,0.224,0.3054,0.36760000000000004,0.4696,0.5078,0.5188,0.5473,0.5884,0.5842,0.5694,0.6157,0.4535
2025-10-28,Arel,Sen2Cor,S2B_MSIL2A_20251028T113319_N0511_R080_T28QCH_20251028T134111.SAFE,C:\Users\Simon\Nextcloud\Project\Mauritania\Science\Arguin - FieldWork Data Processing\Data\S2\Sen2Cor\S2B_MSIL2A_20251028T113319_N0511_R080_T28QCH_20251028T134111.zip,199,9879,4274,342745.0,2201245.0,0.22130000000000002,0.2858,0.3536,0.4544,0.4995,0.508,0.5376000000000001,0.5832,0.5767,0.5694,0.6199,0.46040000000000003
2025-10-28,Arel,Sen2Cor,S2B_MSIL2A_20251028T113319_N0511_R080_T28QCH_20251028T134111.SAFE,C:\Users\Simon\Nextcloud\Project\Mauritania\Science\Arguin - FieldWork Data Processing\Data\S2\Sen2Cor\S2B_MSIL2A_20251028T113319_N0511_R080_T28QCH_20251028T134111.zip,200,9879,4275,342755.0,2201245.0,0.22130000000000002,0.2832,0.34,0.4384,0.4995,0.508,0.5376000000000001,0.5772,0.5767,0.5694,0.6199,0.46040000000000003
2025-10-28,Arel,Sen2Cor,S2B_MSIL2A_20251028T113319_N0511_R080_T28QCH_20251028T134111.SAFE,C:\Users\Simon\Nextcloud\Project\Mauritania\Science\Arguin - FieldWork Data Processing\Data\S2\Sen2Cor\S2B_MSIL2A_20251028T113319_N0511_R080_T28QCH_20251028T134111.zip,201,9879,4276,342765.0,2201245.0,0.20600000000000002,0.28900000000000003,0.3528,0.4456,0.48650000000000004,0.5012,0.5349,0.5800000000000001,0.5763,0.5694,0.602,0.4081
2025-10-28,Arel,Sen2Cor,S2B_MSIL2A_20251028T113319_N0511_R080_T28QCH_20251028T134111.SAFE,C:\Users\Simon\Nextcloud\Project\Mauritania\Science\Arguin - FieldWork Data Processing\Data\S2\Sen2Cor\S2B_MSIL2A_20251028T113319_N0511_R080_T28QCH_20251028T134111.zip,202,9879,4277,342775.0,2201245.0,0.20600000000000002,0.2908,0.34840000000000004,0.442,0.48650000000000004,0.5012,0.5349,0.5760000000000001,0.5763,0.5694,0.602,0.4081
2025-10-28,Arel,Sen2Cor,S2B_MSIL2A_20251028T113319_N0511_R080_T28QCH_20251028T134111.SAFE,C:\Users\Simon\Nextcloud\Project\Mauritania\Science\Arguin - FieldWork Data Processing\Data\S2\Sen2Cor\S2B_MSIL2A_20251028T113319_N0511_R080_T28QCH_20251028T134111.zip,203,9879,4278,342785.0,2201245.0,0.1831,0.2718,0.3284,0.42360000000000003,0.4776,0.4872,0.5151,0.5616,0.557,0.43810000000000004,0.5770000000000001,0.3799
2025-10-28,Arel,Sen2Cor,S2B_MSIL2A_20251028T113319_N0511_R080_T28QCH_20251028T134111.SAFE,C:\Users\Simon\Nextcloud\Project\Mauritania\Science\Arguin - FieldWork Data Processing\Data\S2\Sen2Cor\S2B_MSIL2A_20251028T113319_N0511_R080_T28QCH_20251028T134111.zip,204,9880,4246,342465.0,2201235.0,0.2177,0.31120000000000003,0.3864,0.4756,0.5149,0.513,0.5354,0.5504,0.5542,0.38320000000000004,0.5475,0.39390000000000003
2025-10-28,Arel,Sen2Cor,S2B_MSIL2A_20251028T113319_N0511_R080_T28QCH_20251028T134111.SAFE,C:\Users\Simon\Nextcloud\Project\Mauritania\Science\Arguin - FieldWork Data Processing\Data\S2\Sen2Cor\S2B_MSIL2A_20251028T113319_N0511_R080_T28QCH_20251028T134111.zip,205,9880,4247,342475.0,2201235.0,0.2177,0.3156,0.3808,0.4732,0.5149,0.513,0.5354,0.5736,0.5542,0.38320000000000004,0.5475,0.39390000000000003
2025-10-28,Arel,Sen2Cor,S2B_MSIL2A_20251028T113319_N0511_R080_T28QCH_20251028T134111.SAFE,C:\Users\Simon\Nextcloud\Project\Mauritania\Science\Arguin - FieldWork Data Processing\Data\S2\Sen2Cor\S2B_MSIL2A_20251028T113319_N0511_R080_T28QCH_20251028T134111.zip,206,9880,4248,342485.0,2201235.0,0.25370000000000004,0.34240000000000004,0.4012,0.49920000000000003,0.549,0.55,0.5708,0.5944,0.5897,0.5489,0.5774,0.41290000000000004
2025-10-28,Arel,Sen2Cor,S2B_MSIL2A_20251028T113319_N0511_R080_T28QCH_20251028T134111.SAFE,C:\Users\Simon\Nextcloud\Project\Mauritania\Science\Arguin - FieldWork Data Processing\Data\S2\Sen2Cor\S2B_MSIL2A_20251028T113319_N0511_R080_T28QCH_20251028T134111.zip,207,9880,4249,342495.0,2201235.0,0.25370000000000004,0.3652,0.44,0.5304,0.549,0.55,0.5708,0.608,0.5897,0.5489,0.5774,0.41290000000000004
2025-10-28,Arel,Sen2Cor,S2B_MSIL2A_20251028T113319_N0511_R080_T28QCH_20251028T134111.SAFE,C:\Users\Simon\Nextcloud\Project\Mauritania\Science\Arguin - FieldWork Data Processing\Data\S2\Sen2Cor\S2B_MSIL2A_20251028T113319_N0511_R080_T28QCH_20251028T134111.zip,208,9880,4250,342505.0,2201235.0,0.2783,0.3816,0.4496,0.5356000000000001,0.5582,0.5584,0.5763,0.6124,0.5919,0.5489,0.5791000000000001,0.4147
2025-10-28,Arel,Sen2Cor,S2B_MSIL2A_20251028T113319_N0511_R080_T28QCH_20251028T134111.SAFE,C:\Users\Simon\Nextcloud\Project\Mauritania\Science\Arguin - FieldWork Data Processing\Data\S2\Sen2Cor\S2B_MSIL2A_20251028T113319_N0511_R080_T28QCH_20251028T134111.zip,209,9880,4251,342515.0,2201235.0,0.2783,0.3664,0.4312,0.5192,0.5582,0.5584,0.5763,0.6032000000000001,0.5919,0.5489,0.5791000000000001,0.4147
2025-10-28,Arel,Sen2Cor,S2B_MSIL2A_20251028T113319_N0511_R080_T28QCH_20251028T134111.SAFE,C:\Users\Simon\Nextcloud\Project\Mauritania\Science\Arguin - FieldWork Data Processing\Data\S2\Sen2Cor\S2B_MSIL2A_20251028T113319_N0511_R080_T28QCH_20251028T134111.zip,210,9880,4252,342525.0,2201235.0,0.2848,0.3476,0.4076,0.5028,0.5396000000000001,0.5399,0.5586,0.5864,0.5773,0.5489,0.5812,0.4168
2025-10-28,Arel,Sen2Cor,S2B_MSIL2A_20251028T113319_N0511_R080_T28QCH_20251028T134111.SAFE,C:\Users\Simon\Nextcloud\Project\Mauritania\Science\Arguin - FieldWork Data Processing\Data\S2\Sen2Cor\S2B_MSIL2A_20251028T113319_N0511_R080_T28QCH_20251028T134111.zip,211,9880,4253,342535.0,2201235.0,0.2848,0.33640000000000003,0.4052,0.4948,0.5396000000000001,0.5399,0.5586,0.5844,0.5773,0.5489,0.5812,0.4168
2025-10-28,Arel,Sen2Cor,S2B_MSIL2A_20251028T113319_N0511_R080_T28QCH_20251028T134111.SAFE,C:\Users\Simon\Nextcloud\Project\Mauritania\Science\Arguin - FieldWork Data Processing\Data\S2\Sen2Cor\S2B_MSIL2A_20251028T113319_N0511_R080_T28QCH_20251028T134111.zip,212,9880,4254,342545.0,2201235.0,0.28190000000000004,0.332,0.3956,0.4904,0.5401,0.5445,0.5656,0.5860000000000001,0.5873,0.5820000000000001,0.5905,0.432
2025-10-28,Arel,Sen2Cor,S2B_MSIL2A_20251028T113319_N0511_R080_T28QCH_20251028T134111.SAFE,C:\Users\Simon\Nextcloud\Project\Mauritania\Science\Arguin - FieldWork Data Processing\Data\S2\Sen2Cor\S2B_MSIL2A_20251028T113319_N0511_R080_T28QCH_20251028T134111.zip,213,9880,4255,342555.0,2201235.0,0.28190000000000004,0.3372,0.4108,0.5048,0.5401,0.5445,0.5656,0.5952000000000001,0.5873,0.5820000000000001,0.5905,0.432
2025-10-28,Arel,Sen2Cor,S2B_MSIL2A_20251028T113319_N0511_R080_T28QCH_20251028T134111.SAFE,C:\Users\Simon\Nextcloud\Project\Mauritania\Science\Arguin - FieldWork Data Processing\Data\S2\Sen2Cor\S2B_MSIL2A_20251028T113319_N0511_R080_T28QCH_20251028T134111.zip,214,9880,4256,342565.0,2201235.0,0.2758,0.3448,0.4148,0.5044000000000001,0.5455,0.5456,0.5662,0.5992000000000001,0.5852,0.5820000000000001,0.5904,0.4299
2025-10-28,Arel,Sen2Cor,S2B_MSIL2A_20251028T113319_N0511_R080_T28QCH_20251028T134111.SAFE,C:\Users\Simon\Nextcloud\Project\Mauritania\Science\Arguin - FieldWork Data Processing\Data\S2\Sen2Cor\S2B_MSIL2A_20251028T113319_N0511_R080_T28QCH_20251028T134111.zip,215,9880,4257,342575.0,2201235.0,0.2758,0.336,0.4088,0.498,0.5455,0.5456,0.5662,0.5948,0.5852,0.5820000000000001,0.5904,0.4299
2025-10-28,Arel,Sen2Cor,S2B_MSIL2A_20251028T113319_N0511_R080_T28QCH_20251028T134111.SAFE,C:\Users\Simon\Nextcloud\Project\Mauritania\Science\Arguin - FieldWork Data Processing\Data\S2\Sen2Cor\S2B_MSIL2A_20251028T113319_N0511_R080_T28QCH_20251028T134111.zip,216,9880,4258,342585.0,2201235.0,0.26530000000000004,0.3136,0.3764,0.4788,0.5312,0.5324,0.5565,0.5832,0.5782,0.5820000000000001,0.5883,0.43410000000000004
2025-10-28,Arel,Sen2Cor,S2B_MSIL2A_20251028T113319_N0511_R080_T28QCH_20251028T134111.SAFE,C:\Users\Simon\Nextcloud\Project\Mauritania\Science\Arguin - FieldWork Data Processing\Data\S2\Sen2Cor\S2B_MSIL2A_20251028T113319_N0511_R080_T28QCH_20251028T134111.zip,217,9880,4259,342595.0,2201235.0,0.26530000000000004,0.312,0.388,0.48040000000000005,0.5312,0.5324,0.5565,0.5768,0.5782,0.5820000000000001,0.5883,0.43410000000000004
2025-10-28,Arel,Sen2Cor,S2B_MSIL2A_20251028T113319_N0511_R080_T28QCH_20251028T134111.SAFE,C:\Users\Simon\Nextcloud\Project\Mauritania\Science\Arguin - FieldWork Data Processing\Data\S2\Sen2Cor\S2B_MSIL2A_20251028T113319_N0511_R080_T28QCH_20251028T134111.zip,218,9880,4260,342605.0,2201235.0,0.2518,0.32320000000000004,0.38720000000000004,0.47840000000000005,0.5194,0.5263,0.5442,0.5780000000000001,0.5730000000000001,0.5686,0.5908,0.4264
2025-10-28,Arel,Sen2Cor,S2B_MSIL2A_20251028T113319_N0511_R080_T28QCH_20251028T134111.SAFE,C:\Users\Simon\Nextcloud\Project\Mauritania\Science\Arguin - FieldWork Data Processing\Data\S2\Sen2Cor\S2B_MSIL2A_20251028T113319_N0511_R080_T28QCH_20251028T134111.zip,219,9880,4261,342615.0,2201235.0,0.2518,0.3176,0.3864,0.4768,0.5194,0.5263,0.5442,0.5792,0.5730000000000001,0.5686,0.5908,0.4264
2025-10-28,Arel,Sen2Cor,S2B_MSIL2A_20251028T113319_N0511_R080_T28QCH_20251028T134111.SAFE,C:\Users\Simon\Nextcloud\Project\Mauritania\Science\Arguin - FieldWork Data Processing\Data\S2\Sen2Cor\S2B_MSIL2A_20251028T113319_N0511_R080_T28QCH_20251028T134111.zip,220,9880,4262,342625.0,2201235.0,0.23970000000000002,0.3,0.368,0.46240000000000003,0.5034000000000001,0.5088,0.5364,0.5736,0.5647,0.5686,0.5901000000000001,0.4259
2025-10-28,Arel,Sen2Cor,S2B_MSIL2A_20251028T113319_N0511_R080_T28QCH_20251028T134111.SAFE,C:\Users\Simon\Nextcloud\Project\Mauritania\Science\Arguin - FieldWork Data Processing\Data\S2\Sen2Cor\S2B_MSIL2A_20251028T113319_N0511_R080_T28QCH_20251028T134111.zip,221,9880,4263,342635.0,2201235.0,0.23970000000000002,0.3012,0.3708,0.4652,0.5034000000000001,0.5088,0.5364,0.5712,0.5647,0.5686,0.5901000000000001,0.4259
2025-10-28,Arel,Sen2Cor,S2B_MSIL2A_20251028T113319_N0511_R080_T28QCH_20251028T134111.SAFE,C:\Users\Simon\Nextcloud\Project\Mauritania\Science\Arguin - FieldWork Data Processing\Data\S2\Sen2Cor\S2B_MSIL2A_20251028T113319_N0511_R080_T28QCH_20251028T134111.zip,222,9880,4264,342645.0,2201235.0,0.2308,0.2924,0.3592,0.45,0.4872,0.49610000000000004,0.5202,0.56,0.5612,0.5686,0.5932000000000001,0.4177
2025-10-28,Arel,Sen2Cor,S2B_MSIL2A_20251028T113319_N0511_R080_T28QCH_20251028T134111.SAFE,C:\Users\Simon\Nextcloud\Project\Mauritania\Science\Arguin - FieldWork Data Processing\Data\S2\Sen2Cor\S2B_MSIL2A_20251028T113319_N0511_R080_T28QCH_20251028T134111.zip,223,9880,4265,342655.0,2201235.0,0.2308,0.2762,0.3428,0.43560000000000004,0.4872,0.49610000000000004,0.5202,0.5532,0.5612,0.5686,0.5932000000000001,0.4177
2025-10-28,Arel,Sen2Cor,S2B_MSIL2A_20251028T113319_N0511_R080_T28QCH_20251028T134111.SAFE,C:\Users\Simon\Nextcloud\Project\Mauritania\Science\Arguin - FieldWork Data Processing\Data\S2\Sen2Cor\S2B_MSIL2A_20251028T113319_N0511_R080_T28QCH_20251028T134111.zip,224,9880,4266,342665.0,2201235.0,0.2235,0.2778,0.342,0.434,0.4853,0.49150000000000005,0.5202,0.556,0.5616,0.5497000000000001,0.5939,0.40280000000000005
2025-10-28,Arel,Sen2Cor,S2B_MSIL2A_20251028T113319_N0511_R080_T28QCH_20251028T134111.SAFE,C:\Users\Simon\Nextcloud\Project\Mauritania\Science\Arguin - FieldWork Data Processing\Data\S2\Sen2Cor\S2B_MSIL2A_20251028T113319_N0511_R080_T28QCH_20251028T134111.zip,225,9880,4267,342675.0,2201235.0,0.2235,0.28800000000000003,0.3524,0.4476,0.4853,0.49150000000000005,0.5202,0.5648000000000001,0.5616,0.5497000000000001,0.5939,0.40280000000000005
2025-10-28,Arel,Sen2Cor,S2B_MSIL2A_20251028T113319_N0511_R080_T28QCH_20251028T134111.SAFE,C:\Users\Simon\Nextcloud\Project\Mauritania\Science\Arguin - FieldWork Data Processing\Data\S2\Sen2Cor\S2B_MSIL2A_20251028T113319_N0511_R080_T28QCH_20251028T134111.zip,226,9880,4268,342685.0,2201235.0,0.2192,0.2808,0.328,0.4188,0.462,0.47490000000000004,0.5169,0.5436,0.5534,0.5497000000000001,0.5840000000000001,0.3844
2025-10-28,Arel,Sen2Cor,S2B_MSIL2A_20251028T113319_N0511_R080_T28QCH_20251028T134111.SAFE,C:\Users\Simon\Nextcloud\Project\Mauritania\Science\Arguin - FieldWork Data Processing\Data\S2\Sen2Cor\S2B_MSIL2A_20251028T113319_N0511_R080_T28QCH_20251028T134111.zip,227,9880,4269,342695.0,2201235.0,0.2192,0.2558,0.3148,0.402,0.462,0.47490000000000004,0.5169,0.5208,0.5534,0.5497000000000001,0.5840000000000001,0.3844
2025-10-28,Arel,Sen2Cor,S2B_MSIL2A_20251028T113319_N0511_R080_T28QCH_20251028T134111.SAFE,C:\Users\Simon\Nextcloud\Project\Mauritania\Science\Arguin - FieldWork Data Processing\Data\S2\Sen2Cor\S2B_MSIL2A_20251028T113319_N0511_R080_T28QCH_20251028T134111.zip,228,9880,4270,342705.0,2201235.0,0.2207,0.2862,0.342,0.4408,0.4823,0.5017,0.5163,0.5616,0.5546,0.5497000000000001,0.5941000000000001,0.41240000000000004
2025-10-28,Arel,Sen2Cor,S2B_MSIL2A_20251028T113319_N0511_R080_T28QCH_20251028T134111.SAFE,C:\Users\Simon\Nextcloud\Project\Mauritania\Science\Arguin - FieldWork Data Processing\Data\S2\Sen2Cor\S2B_MSIL2A_20251028T113319_N0511_R080_T28QCH_20251028T134111.zip,229,9880,4271,342715.0,2201235.0,0.2207,0.2932,0.3604,0.4536,0.4823,0.5017,0.5163,0.5636,0.5546,0.5497000000000001,0.5941000000000001,0.41240000000000004
2025-10-28,Arel,Sen2Cor,S2B_MSIL2A_20251028T113319_N0511_R080_T28QCH_20251028T134111.SAFE,C:\Users\Simon\Nextcloud\Project\Mauritania\Science\Arguin - FieldWork Data Processing\Data\S2\Sen2Cor\S2B_MSIL2A_20251028T113319_N0511_R080_T28QCH_20251028T134111.zip,230,9880,4272,342725.0,2201235.0,0.2262,0.2928,0.3556,0.45,0.4917,0.5012,0.5319,0.5724,0.5716,0.5694,0.6105,0.4475
2025-10-28,Arel,Sen2Cor,S2B_MSIL2A_20251028T113319_N0511_R080_T28QCH_20251028T134111.SAFE,C:\Users\Simon\Nextcloud\Project\Mauritania\Science\Arguin - FieldWork Data Processing\Data\S2\Sen2Cor\S2B_MSIL2A_20251028T113319_N0511_R080_T28QCH_20251028T134111.zip,231,9880,4273,342735.0,2201235.0,0.2262,0.2856,0.35000000000000003,0.4484,0.4917,0.5012,0.5319,0.5744,0.5716,0.5694,0.6105,0.4475
2025-10-28,Arel,Sen2Cor,S2B_MSIL2A_20251028T113319_N0511_R080_T28QCH_20251028T134111.SAFE,C:\Users\Simon\Nextcloud\Project\Mauritania\Science\Arguin - FieldWork Data Processing\Data\S2\Sen2Cor\S2B_MSIL2A_20251028T113319_N0511_R080_T28QCH_20251028T134111.zip,232,9880,4274,342745.0,2201235.0,0.223,0.2762,0.34040000000000004,0.4408,0.4888,0.49810000000000004,0.5303,0.5708,0.5713,0.5694,0.6092000000000001,0.4333
2025-10-28,Arel,Sen2Cor,S2B_MSIL2A_20251028T113319_N0511_R080_T28QCH_20251028T134111.SAFE,C:\Users\Simon\Nextcloud\Project\Mauritania\Science\Arguin - FieldWork Data Processing\Data\S2\Sen2Cor\S2B_MSIL2A_20251028T113319_N0511_R080_T28QCH_20251028T134111.zip,233,9880,4275,342755.0,2201235.0,0.223,0.2818,0.3396,0.44160000000000005,0.4888,0.49810000000000004,0.5303,0.5760000000000001,0.5713,0.5694,0.6092000000000001,0.4333
2025-10-28,Arel,Sen2Cor,S2B_MSIL2A_20251028T113319_N0511_R080_T28QCH_20251028T134111.SAFE,C:\Users\Simon\Nextcloud\Project\Mauritania\Science\Arguin - FieldWork Data Processing\Data\S2\Sen2Cor\S2B_MSIL2A_20251028T113319_N0511_R080_T28QCH_20251028T134111.zip,234,9880,4276,342765.0,2201235.0,0.2089,0.28400000000000003,0.3492,0.4436,0.4887,0.5043,0.5317000000000001,0.5804,0.5792,0.5694,0.6026,0.4033
2025-10-28,Arel,Sen2Cor,S2B_MSIL2A_20251028T113319_N0511_R080_T28QCH_20251028T134111.SAFE,C:\Users\Simon\Nextcloud\Project\Mauritania\Science\Arguin - FieldWork Data Processing\Data\S2\Sen2Cor\S2B_MSIL2A_20251028T113319_N0511_R080_T28QCH_20251028T134111.zip,235,9880,4277,342775.0,2201235.0,0.2089,0.2872,0.35000000000000003,0.44160000000000005,0.4887,0.5043,0.5317000000000001,0.5756,0.5792,0.5694,0.6026,0.4033
2025-10-28,Arel,Sen2Cor,S2B_MSIL2A_20251028T113319_N0511_R080_T28QCH_20251028T134111.SAFE,C:\Users\Simon\Nextcloud\Project\Mauritania\Science\Arguin - FieldWork Data Processing\Data\S2\Sen2Cor\S2B_MSIL2A_20251028T113319_N0511_R080_T28QCH_20251028T134111.zip,236,9880,4278,342785.0,2201235.0,0.1874,0.27340000000000003,0.33280000000000004,0.42760000000000004,0.47700000000000004,0.48600000000000004,0.5127,0.56,0.5554,0.43810000000000004,0.5965,0.4103
2025-10-28,Arel,Sen2Cor,S2B_MSIL2A_20251028T113319_N0511_R080_T28QCH_20251028T134111.SAFE,C:\Users\Simon\Nextcloud\Project\Mauritania\Science\Arguin - FieldWork Data Processing\Data\S2\Sen2Cor\S2B_MSIL2A_20251028T113319_N0511_R080_T28QCH_20251028T134111.zip,237,9880,4279,342795.0,2201235.0,0.1874,0.259,0.3252,0.4176,0.47700000000000004,0.48600000000000004,0.5127,0.5572,0.5554,0.43810000000000004,0.5965,0.4103
2025-10-28,Arel,Sen2Cor,S2B_MSIL2A_20251028T113319_N0511_R080_T28QCH_20251028T134111.SAFE,C:\Users\Simon\Nextcloud\Project\Mauritania\Science\Arguin - FieldWork Data Processing\Data\S2\Sen2Cor\S2B_MSIL2A_20251028T113319_N0511_R080_T28QCH_20251028T134111.zip,238,9881,4246,342465.0,2201225.0,0.2177,0.3052,0.374,0.462,0.5149,0.513,0.5354,0.548,0.5542,0.38320000000000004,0.5475,0.39390000000000003
2025-10-28,Arel,Sen2Cor,S2B_MSIL2A_20251028T113319_N0511_R080_T28QCH_20251028T134111.SAFE,C:\Users\Simon\Nextcloud\Project\Mauritania\Science\Arguin - FieldWork Data Processing\Data\S2\Sen2Cor\S2B_MSIL2A_20251028T113319_N0511_R080_T28QCH_20251028T134111.zip,239,9881,4247,342475.0,2201225.0,0.2177,0.31120000000000003,0.382,0.47440000000000004,0.5149,0.513,0.5354,0.5612,0.5542,0.38320000000000004,0.5475,0.39390000000000003
2025-10-28,Arel,Sen2Cor,S2B_MSIL2A_20251028T113319_N0511_R080_T28QCH_20251028T134111.SAFE,C:\Users\Simon\Nextcloud\Project\Mauritania\Science\Arguin - FieldWork Data Processing\Data\S2\Sen2Cor\S2B_MSIL2A_20251028T113319_N0511_R080_T28QCH_20251028T134111.zip,240,9881,4248,342485.0,2201225.0,0.25370000000000004,0.34040000000000004,0.4092,0.49960000000000004,0.549,0.55,0.5708,0.5908,0.5897,0.5489,0.5774,0.41290000000000004
2025-10-28,Arel,Sen2Cor,S2B_MSIL2A_20251028T113319_N0511_R080_T28QCH_20251028T134111.SAFE,C:\Users\Simon\Nextcloud\Project\Mauritania\Science\Arguin - FieldWork Data Processing\Data\S2\Sen2Cor\S2B_MSIL2A_20251028T113319_N0511_R080_T28QCH_20251028T134111.zip,241,9881,4249,342495.0,2201225.0,0.25370000000000004,0.3528,0.4228,0.5104000000000001,0.549,0.55,0.5708,0.5948,0.5897,0.5489,0.5774,0.41290000000000004
2025-10-28,Arel,Sen2Cor,S2B_MSIL2A_20251028T113319_N0511_R080_T28QCH_20251028T134111.SAFE,C:\Users\Simon\Nextcloud\Project\Mauritania\Science\Arguin - FieldWork Data Processing\Data\S2\Sen2Cor\S2B_MSIL2A_20251028T113319_N0511_R080_T28QCH_20251028T134111.zip,242,9881,4250,342505.0,2201225.0,0.2783,0.3544,0.4176,0.5064000000000001,0.5582,0.5584,0.5763,0.5924,0.5919,0.5489,0.5791000000000001,0.4147
2025-10-28,Arel,Sen2Cor,S2B_MSIL2A_20251028T113319_N0511_R080_T28QCH_20251028T134111.SAFE,C:\Users\Simon\Nextcloud\Project\Mauritania\Science\Arguin - FieldWork Data Processing\Data\S2\Sen2Cor\S2B_MSIL2A_20251028T113319_N0511_R080_T28QCH_20251028T134111.zip,243,9881,4251,342515.0,2201225.0,0.2783,0.34640000000000004,0.4176,0.5004000000000001,0.5582,0.5584,0.5763,0.5880000000000001,0.5919,0.5489,0.5791000000000001,0.4147
2025-10-28,Arel,Sen2Cor,S2B_MSIL2A_20251028T113319_N0511_R080_T28QCH_20251028T134111.SAFE,C:\Users\Simon\Nextcloud\Project\Mauritania\Science\Arguin - FieldWork Data Processing\Data\S2\Sen2Cor\S2B_MSIL2A_20251028T113319_N0511_R080_T28QCH_20251028T134111.zip,244,9881,4252,342525.0,2201225.0,0.2848,0.3276,0.394,0.4872,0.5396000000000001,0.5399,0.5586,0.5780000000000001,0.5773,0.5489,0.5812,0.4168
2025-10-28,Arel,Sen2Cor,S2B_MSIL2A_20251028T113319_N0511_R080_T28QCH_20251028T134111.SAFE,C:\Users\Simon\Nextcloud\Project\Mauritania\Science\Arguin - FieldWork Data Processing\Data\S2\Sen2Cor\S2B_MSIL2A_20251028T113319_N0511_R080_T28QCH_20251028T134111.zip,245,9881,4253,342535.0,2201225.0,0.2848,0.3256,0.3876,0.4832,0.5396000000000001,0.5399,0.5586,0.5788,0.5773,0.5489,0.5812,0.4168
2025-10-28,Arel,Sen2Cor,S2B_MSIL2A_20251028T113319_N0511_R080_T28QCH_20251028T134111.SAFE,C:\Users\Simon\Nextcloud\Project\Mauritania\Science\Arguin - FieldWork Data Processing\Data\S2\Sen2Cor\S2B_MSIL2A_20251028T113319_N0511_R080_T28QCH_20251028T134111.zip,246,9881,4254,342545.0,2201225.0,0.28190000000000004,0.3264,0.392,0.4884,0.5401,0.5445,0.5656,0.5860000000000001,0.5873,0.5820000000000001,0.5905,0.432
2025-10-28,Arel,Sen2Cor,S2B_MSIL2A_20251028T113319_N0511_R080_T28QCH_20251028T134111.SAFE,C:\Users\Simon\Nextcloud\Project\Mauritania\Science\Arguin - FieldWork Data Processing\Data\S2\Sen2Cor\S2B_MSIL2A_20251028T113319_N0511_R080_T28QCH_20251028T134111.zip,247,9881,4255,342555.0,2201225.0,0.28190000000000004,0.34240000000000004,0.4088,0.5024000000000001,0.5401,0.5445,0.5656,0.5972000000000001,0.5873,0.5820000000000001,0.5905,0.432
2025-10-28,Arel,Sen2Cor,S2B_MSIL2A_20251028T113319_N0511_R080_T28QCH_20251028T134111.SAFE,C:\Users\Simon\Nextcloud\Project\Mauritania\Science\Arguin - FieldWork Data Processing\Data\S2\Sen2Cor\S2B_MSIL2A_20251028T113319_N0511_R080_T28QCH_20251028T134111.zip,248,9881,4256,342565.0,2201225.0,0.2758,0.3512,0.4212,0.5044000000000001,0.5455,0.5456,0.5662,0.5972000000000001,0.5852,0.5820000000000001,0.5904,0.4299
2025-10-28,Arel,Sen2Cor,S2B_MSIL2A_20251028T113319_N0511_R080_T28QCH_20251028T134111.SAFE,C:\Users\Simon\Nextcloud\Project\Mauritania\Science\Arguin - FieldWork Data Processing\Data\S2\Sen2Cor\S2B_MSIL2A_20251028T113319_N0511_R080_T28QCH_20251028T134111.zip,249,9881,4257,342575.0,2201225.0,0.2758,0.3416,0.406,0.498,0.5455,0.5456,0.5662,0.5936,0.5852,0.5820000000000001,0.5904,0.4299
2025-10-28,Arel,Sen2Cor,S2B_MSIL2A_20251028T113319_N0511_R080_T28QCH_20251028T134111.SAFE,C:\Users\Simon\Nextcloud\Project\Mauritania\Science\Arguin - FieldWork Data Processing\Data\S2\Sen2Cor\S2B_MSIL2A_20251028T113319_N0511_R080_T28QCH_20251028T134111.zip,250,9881,4258,342585.0,2201225.0,0.26530000000000004,0.3376,0.3976,0.49360000000000004,0.5312,0.5324,0.5565,0.5908,0.5782,0.5820000000000001,0.5883,0.43410000000000004
2025-10-28,Arel,Sen2Cor,S2B_MSIL2A_20251028T113319_N0511_R080_T28QCH_20251028T134111.SAFE,C:\Users\Simon\Nextcloud\Project\Mauritania\Science\Arguin - FieldWork Data Processing\Data\S2\Sen2Cor\S2B_MSIL2A_20251028T113319_N0511_R080_T28QCH_20251028T134111.zip,251,9881,4259,342595.0,2201225.0,0.26530000000000004,0.33,0.40440000000000004,0.4928,0.5312,0.5324,0.5565,0.5888,0.5782,0.5820000000000001,0.5883,0.43410000000000004
2025-10-28,Arel,Sen2Cor,S2B_MSIL2A_20251028T113319_N0511_R080_T28QCH_20251028T134111.SAFE,C:\Users\Simon\Nextcloud\Project\Mauritania\Science\Arguin - FieldWork Data Processing\Data\S2\Sen2Cor\S2B_MSIL2A_20251028T113319_N0511_R080_T28QCH_20251028T134111.zip,252,9881,4260,342605.0,2201225.0,0.2518,0.31520000000000004,0.3724,0.4728,0.5194,0.5263,0.5442,0.5788,0.5730000000000001,0.5686,0.5908,0.4264
2025-10-28,Arel,Sen2Cor,S2B_MSIL2A_20251028T113319_N0511_R080_T28QCH_20251028T134111.SAFE,C:\Users\Simon\Nextcloud\Project\Mauritania\Science\Arguin - FieldWork Data Processing\Data\S2\Sen2Cor\S2B_MSIL2A_20251028T113319_N0511_R080_T28QCH_20251028T134111.zip,253,9881,4261,342615.0,2201225.0,0.2518,0.30720000000000003,0.3704,0.464,0.5194,0.5263,0.5442,0.5712,0.5730000000000001,0.5686,0.5908,0.4264
2025-10-28,Arel,Sen2Cor,S2B_MSIL2A_20251028T113319_N0511_R080_T28QCH_20251028T134111.SAFE,C:\Users\Simon\Nextcloud\Project\Mauritania\Science\Arguin - FieldWork Data Processing\Data\S2\Sen2Cor\S2B_MSIL2A_20251028T113319_N0511_R080_T28QCH_20251028T134111.zip,254,9881,4262,342625.0,2201225.0,0.23970000000000002,0.29860000000000003,0.3612,0.456,0.5034000000000001,0.5088,0.5364,0.5672,0.5647,0.5686,0.5901000000000001,0.4259
2025-10-28,Arel,Sen2Cor,S2B_MSIL2A_20251028T113319_N0511_R080_T28QCH_20251028T134111.SAFE,C:\Users\Simon\Nextcloud\Project\Mauritania\Science\Arguin - FieldWork Data Processing\Data\S2\Sen2Cor\S2B_MSIL2A_20251028T113319_N0511_R080_T28QCH_20251028T134111.zip,255,9881,4263,342635.0,2201225.0,0.23970000000000002,0.2954,0.364,0.456,0.5034000000000001,0.5088,0.5364,0.5636,0.5647,0.5686,0.5901000000000001,0.4259
2025-10-28,Arel,Sen2Cor,S2B_MSIL2A_20251028T113319_N0511_R080_T28QCH_20251028T134111.SAFE,C:\Users\Simon\Nextcloud\Project\Mauritania\Science\Arguin - FieldWork Data Processing\Data\S2\Sen2Cor\S2B_MSIL2A_20251028T113319_N0511_R080_T28QCH_20251028T134111.zip,256,9881,4264,342645.0,2201225.0,0.2308,0.2888,0.35200000000000004,0.4408,0.4872,0.49610000000000004,0.5202,0.5552,0.5612,0.5686,0.5932000000000001,0.4177
2025-10-28,Arel,Sen2Cor,S2B_MSIL2A_20251028T113319_N0511_R080_T28QCH_20251028T134111.SAFE,C:\Users\Simon\Nextcloud\Project\Mauritania\Science\Arguin - FieldWork Data Processing\Data\S2\Sen2Cor\S2B_MSIL2A_20251028T113319_N0511_R080_T28QCH_20251028T134111.zip,257,9881,4265,342655.0,2201225.0,0.2308,0.2728,0.3296,0.4284,0.4872,0.49610000000000004,0.5202,0.5516,0.5612,0.5686,0.5932000000000001,0.4177
2025-10-28,Arel,Sen2Cor,S2B_MSIL2A_20251028T113319_N0511_R080_T28QCH_20251028T134111.SAFE,C:\Users\Simon\Nextcloud\Project\Mauritania\Science\Arguin - FieldWork Data Processing\Data\S2\Sen2Cor\S2B_MSIL2A_20251028T113319_N0511_R080_T28QCH_20251028T134111.zip,258,9881,4266,342665.0,2201225.0,0.2235,0.2776,0.3352,0.4328,0.4853,0.49150000000000005,0.5202,0.5616,0.5616,0.5497000000000001,0.5939,0.40280000000000005
2025-10-28,Arel,Sen2Cor,S2B_MSIL2A_20251028T113319_N0511_R080_T28QCH_20251028T134111.SAFE,C:\Users\Simon\Nextcloud\Project\Mauritania\Science\Arguin - FieldWork Data Processing\Data\S2\Sen2Cor\S2B_MSIL2A_20251028T113319_N0511_R080_T28QCH_20251028T134111.zip,259,9881,4267,342675.0,2201225.0,0.2235,0.29460000000000003,0.35960000000000003,0.45,0.4853,0.49150000000000005,0.5202,0.5692,0.5616,0.5497000000000001,0.5939,0.40280000000000005
2025-10-28,Arel,Sen2Cor,S2B_MSIL2A_20251028T113319_N0511_R080_T28QCH_20251028T134111.SAFE,C:\Users\Simon\Nextcloud\Project\Mauritania\Science\Arguin - FieldWork Data Processing\Data\S2\Sen2Cor\S2B_MSIL2A_20251028T113319_N0511_R080_T28QCH_20251028T134111.zip,260,9881,4268,342685.0,2201225.0,0.2192,0.2828,0.33440000000000003,0.4176,0.462,0.47490000000000004,0.5169,0.5488000000000001,0.5534,0.5497000000000001,0.5840000000000001,0.3844
2025-10-28,Arel,Sen2Cor,S2B_MSIL2A_20251028T113319_N0511_R080_T28QCH_20251028T134111.SAFE,C:\Users\Simon\Nextcloud\Project\Mauritania\Science\Arguin - FieldWork Data Processing\Data\S2\Sen2Cor\S2B_MSIL2A_20251028T113319_N0511_R080_T28QCH_20251028T134111.zip,261,9881,4269,342695.0,2201225.0,0.2192,0.26,0.33080000000000004,0.4168,0.462,0.47490000000000004,0.5169,0.536,0.5534,0.5497000000000001,0.5840000000000001,0.3844
2025-10-28,Arel,Sen2Cor,S2B_MSIL2A_20251028T113319_N0511_R080_T28QCH_20251028T134111.SAFE,C:\Users\Simon\Nextcloud\Project\Mauritania\Science\Arguin - FieldWork Data Processing\Data\S2\Sen2Cor\S2B_MSIL2A_20251028T113319_N0511_R080_T28QCH_20251028T134111.zip,262,9881,4270,342705.0,2201225.0,0.2207,0.2942,0.3552,0.4408,0.4823,0.5017,0.5163,0.5644,0.5546,0.5497000000000001,0.5941000000000001,0.41240000000000004
2025-10-28,Arel,Sen2Cor,S2B_MSIL2A_20251028T113319_N0511_R080_T28QCH_20251028T134111.SAFE,C:\Users\Simon\Nextcloud\Project\Mauritania\Science\Arguin - FieldWork Data Processing\Data\S2\Sen2Cor\S2B_MSIL2A_20251028T113319_N0511_R080_T28QCH_20251028T134111.zip,263,9881,4271,342715.0,2201225.0,0.2207,0.2808,0.34600000000000003,0.43720000000000003,0.4823,0.5017,0.5163,0.5516,0.5546,0.5497000000000001,0.5941000000000001,0.41240000000000004
2025-10-28,Arel,Sen2Cor,S2B_MSIL2A_20251028T113319_N0511_R080_T28QCH_20251028T134111.SAFE,C:\Users\Simon\Nextcloud\Project\Mauritania\Science\Arguin - FieldWork Data Processing\Data\S2\Sen2Cor\S2B_MSIL2A_20251028T113319_N0511_R080_T28QCH_20251028T134111.zip,264,9881,4272,342725.0,2201225.0,0.2262,0.2702,0.3312,0.4272,0.4917,0.5012,0.5319,0.5556,0.5716,0.5694,0.6105,0.4475
2025-10-28,Arel,Sen2Cor,S2B_MSIL2A_20251028T113319_N0511_R080_T28QCH_20251028T134111.SAFE,C:\Users\Simon\Nextcloud\Project\Mauritania\Science\Arguin - FieldWork Data Processing\Data\S2\Sen2Cor\S2B_MSIL2A_20251028T113319_N0511_R080_T28QCH_20251028T134111.zip,265,9881,4273,342735.0,2201225.0,0.2262,0.2768,0.33280000000000004,0.43760000000000004,0.4917,0.5012,0.5319,0.5612,0.5716,0.5694,0.6105,0.4475
2025-10-28,Arel,Sen2Cor,S2B_MSIL2A_20251028T113319_N0511_R080_T28QCH_20251028T134111.SAFE,C:\Users\Simon\Nextcloud\Project\Mauritania\Science\Arguin - FieldWork Data Processing\Data\S2\Sen2Cor\S2B_MSIL2A_20251028T113319_N0511_R080_T28QCH_20251028T134111.zip,266,9881,4274,342745.0,2201225.0,0.223,0.27440000000000003,0.334,0.43520000000000003,0.4888,0.49810000000000004,0.5303,0.5688,0.5713,0.5694,0.6092000000000001,0.4333
2025-10-28,Arel,Sen2Cor,S2B_MSIL2A_20251028T113319_N0511_R080_T28QCH_20251028T134111.SAFE,C:\Users\Simon\Nextcloud\Project\Mauritania\Science\Arguin - FieldWork Data Processing\Data\S2\Sen2Cor\S2B_MSIL2A_20251028T113319_N0511_R080_T28QCH_20251028T134111.zip,267,9881,4275,342755.0,2201225.0,0.223,0.27740000000000004,0.3372,0.43320000000000003,0.4888,0.49810000000000004,0.5303,0.5712,0.5713,0.5694,0.6092000000000001,0.4333
2025-10-28,Arel,Sen2Cor,S2B_MSIL2A_20251028T113319_N0511_R080_T28QCH_20251028T134111.SAFE,C:\Users\Simon\Nextcloud\Project\Mauritania\Science\Arguin - FieldWork Data Processing\Data\S2\Sen2Cor\S2B_MSIL2A_20251028T113319_N0511_R080_T28QCH_20251028T134111.zip,268,9881,4276,342765.0,2201225.0,0.2089,0.28300000000000003,0.34640000000000004,0.43960000000000005,0.4887,0.5043,0.5317000000000001,0.5772,0.5792,0.5694,0.6026,0.4033
2025-10-28,Arel,Sen2Cor,S2B_MSIL2A_20251028T113319_N0511_R080_T28QCH_20251028T134111.SAFE,C:\Users\Simon\Nextcloud\Project\Mauritania\Science\Arguin - FieldWork Data Processing\Data\S2\Sen2Cor\S2B_MSIL2A_20251028T113319_N0511_R080_T28QCH_20251028T134111.zip,269,9881,4277,342775.0,2201225.0,0.2089,0.28500000000000003,0.3468,0.44120000000000004,0.4887,0.5043,0.5317000000000001,0.5752,0.5792,0.5694,0.6026,0.4033
2025-10-28,Arel,Sen2Cor,S2B_MSIL2A_20251028T113319_N0511_R080_T28QCH_20251028T134111.SAFE,C:\Users\Simon\Nextcloud\Project\Mauritania\Science\Arguin - FieldWork Data Processing\Data\S2\Sen2Cor\S2B_MSIL2A_20251028T113319_N0511_R080_T28QCH_20251028T134111.zip,270,9881,4278,342785.0,2201225.0,0.1874,0.267,0.3296,0.42400000000000004,0.47700000000000004,0.48600000000000004,0.5127,0.5572,0.5554,0.43810000000000004,0.5965,0.4103
2025-10-28,Arel,Sen2Cor,S2B_MSIL2A_20251028T113319_N0511_R080_T28QCH_20251028T134111.SAFE,C:\Users\Simon\Nextcloud\Project\Mauritania\Science\Arguin - FieldWork Data Processing\Data\S2\Sen2Cor\S2B_MSIL2A_20251028T113319_N0511_R080_T28QCH_20251028T134111.zip,271,9881,4279,342795.0,2201225.0,0.1874,0.26080000000000003,0.3252,0.41960000000000003,0.47700000000000004,0.48600000000000004,0.5127,0.546,0.5554,0.43810000000000004,0.5965,0.4103
2025-10-28,Arel,Sen2Cor,S2B_MSIL2A_20251028T113319_N0511_R080_T28QCH_20251028T134111.SAFE,C:\Users\Simon\Nextcloud\Project\Mauritania\Science\Arguin - FieldWork Data Processing\Data\S2\Sen2Cor\S2B_MSIL2A_20251028T113319_N0511_R080_T28QCH_20251028T134111.zip,272,9882,4246,342465.0,2201215.0,0.21680000000000002,0.3068,0.3688,0.458,0.5117,0.5159,0.5251,0.546,0.5463,0.4495,0.5565,0.401
2025-10-28,Arel,Sen2Cor,S2B_MSIL2A_20251028T113319_N0511_R080_T28QCH_20251028T134111.SAFE,C:\Users\Simon\Nextcloud\Project\Mauritania\Science\Arguin - FieldWork Data Processing\Data\S2\Sen2Cor\S2B_MSIL2A_20251028T113319_N0511_R080_T28QCH_20251028T134111.zip,273,9882,4247,342475.0,2201215.0,0.21680000000000002,0.3176,0.38320000000000004,0.47640000000000005,0.5117,0.5159,0.5251,0.5732,0.5463,0.4495,0.5565,0.401
2025-10-28,Arel,Sen2Cor,S2B_MSIL2A_20251028T113319_N0511_R080_T28QCH_20251028T134111.SAFE,C:\Users\Simon\Nextcloud\Project\Mauritania\Science\Arguin - FieldWork Data Processing\Data\S2\Sen2Cor\S2B_MSIL2A_20251028T113319_N0511_R080_T28QCH_20251028T134111.zip,274,9882,4248,342485.0,2201215.0,0.2485,0.3264,0.39640000000000003,0.49400000000000005,0.5349,0.5336000000000001,0.5524,0.5776,0.5687,0.5686,0.5720000000000001,0.41750000000000004
2025-10-28,Arel,Sen2Cor,S2B_MSIL2A_20251028T113319_N0511_R080_T28QCH_20251028T134111.SAFE,C:\Users\Simon\Nextcloud\Project\Mauritania\Science\Arguin - FieldWork Data Processing\Data\S2\Sen2Cor\S2B_MSIL2A_20251028T113319_N0511_R080_T28QCH_20251028T134111.zip,275,9882,4249,342495.0,2201215.0,0.2485,0.3356,0.404,0.4928,0.5349,0.5336000000000001,0.5524,0.5820000000000001,0.5687,0.5686,0.5720000000000001,0.41750000000000004
2025-10-28,Arel,Sen2Cor,S2B_MSIL2A_20251028T113319_N0511_R080_T28QCH_20251028T134111.SAFE,C:\Users\Simon\Nextcloud\Project\Mauritania\Science\Arguin - FieldWork Data Processing\Data\S2\Sen2Cor\S2B_MSIL2A_20251028T113319_N0511_R080_T28QCH_20251028T134111.zip,276,9882,4250,342505.0,2201215.0,0.268,0.34640000000000004,0.4096,0.49520000000000003,0.534,0.534,0.5558000000000001,0.5816,0.5766,0.5686,0.5730000000000001,0.4122
2025-10-28,Arel,Sen2Cor,S2B_MSIL2A_20251028T113319_N0511_R080_T28QCH_20251028T134111.SAFE,C:\Users\Simon\Nextcloud\Project\Mauritania\Science\Arguin - FieldWork Data Processing\Data\S2\Sen2Cor\S2B_MSIL2A_20251028T113319_N0511_R080_T28QCH_20251028T134111.zip,277,9882,4251,342515.0,2201215.0,0.268,0.34600000000000003,0.41000000000000003,0.49720000000000003,0.534,0.534,0.5558000000000001,0.5816,0.5766,0.5686,0.5730000000000001,0.4122
2025-10-28,Arel,Sen2Cor,S2B_MSIL2A_20251028T113319_N0511_R080_T28QCH_20251028T134111.SAFE,C:\Users\Simon\Nextcloud\Project\Mauritania\Science\Arguin - FieldWork Data Processing\Data\S2\Sen2Cor\S2B_MSIL2A_20251028T113319_N0511_R080_T28QCH_20251028T134111.zip,278,9882,4252,342525.0,2201215.0,0.273,0.3316,0.3976,0.4884,0.5277000000000001,0.5293,0.5492,0.5816,0.5693,0.5686,0.5799000000000001,0.41900000000000004
2025-10-28,Arel,Sen2Cor,S2B_MSIL2A_20251028T113319_N0511_R080_T28QCH_20251028T134111.SAFE,C:\Users\Simon\Nextcloud\Project\Mauritania\Science\Arguin - FieldWork Data Processing\Data\S2\Sen2Cor\S2B_MSIL2A_20251028T113319_N0511_R080_T28QCH_20251028T134111.zip,279,9882,4253,342535.0,2201215.0,0.273,0.3108,0.3788,0.4748,0.5277000000000001,0.5293,0.5492,0.5756,0.5693,0.5686,0.5799000000000001,0.41900000000000004
2025-10-28,Arel,Sen2Cor,S2B_MSIL2A_20251028T113319_N0511_R080_T28QCH_20251028T134111.SAFE,C:\Users\Simon\Nextcloud\Project\Mauritania\Science\Arguin - FieldWork Data Processing\Data\S2\Sen2Cor\S2B_MSIL2A_20251028T113319_N0511_R080_T28QCH_20251028T134111.zip,280,9882,4254,342545.0,2201215.0,0.269,0.32,0.38720000000000004,0.4828,0.536,0.5387000000000001,0.561,0.5812,0.5883,0.5631,0.5921000000000001,0.4349
2025-10-28,Arel,Sen2Cor,S2B_MSIL2A_20251028T113319_N0511_R080_T28QCH_20251028T134111.SAFE,C:\Users\Simon\Nextcloud\Project\Mauritania\Science\Arguin - FieldWork Data Processing\Data\S2\Sen2Cor\S2B_MSIL2A_20251028T113319_N0511_R080_T28QCH_20251028T134111.zip,281,9882,4255,342555.0,2201215.0,0.269,0.3428,0.4132,0.5008,0.536,0.5387000000000001,0.561,0.5968,0.5883,0.5631,0.5921000000000001,0.4349
2025-10-28,Arel,Sen2Cor,S2B_MSIL2A_20251028T113319_N0511_R080_T28QCH_20251028T134111.SAFE,C:\Users\Simon\Nextcloud\Project\Mauritania\Science\Arguin - FieldWork Data Processing\Data\S2\Sen2Cor\S2B_MSIL2A_20251028T113319_N0511_R080_T28QCH_20251028T134111.zip,282,9882,4256,342565.0,2201215.0,0.2617,0.34840000000000004,0.4156,0.5024000000000001,0.5352,0.538,0.5609000000000001,0.596,0.5823,0.5631,0.5937,0.43310000000000004
2025-10-28,Arel,Sen2Cor,S2B_MSIL2A_20251028T113319_N0511_R080_T28QCH_20251028T134111.SAFE,C:\Users\Simon\Nextcloud\Project\Mauritania\Science\Arguin - FieldWork Data Processing\Data\S2\Sen2Cor\S2B_MSIL2A_20251028T113319_N0511_R080_T28QCH_20251028T134111.zip,283,9882,4257,342575.0,2201215.0,0.2617,0.33080000000000004,0.40080000000000005,0.4884,0.5352,0.538,0.5609000000000001,0.5824,0.5823,0.5631,0.5937,0.43310000000000004
2025-10-28,Arel,Sen2Cor,S2B_MSIL2A_20251028T113319_N0511_R080_T28QCH_20251028T134111.SAFE,C:\Users\Simon\Nextcloud\Project\Mauritania\Science\Arguin - FieldWork Data Processing\Data\S2\Sen2Cor\S2B_MSIL2A_20251028T113319_N0511_R080_T28QCH_20251028T134111.zip,284,9882,4258,342585.0,2201215.0,0.2531,0.3256,0.39680000000000004,0.4844,0.5106,0.5145000000000001,0.5357000000000001,0.5832,0.5691,0.5631,0.5936,0.4388
2025-10-28,Arel,Sen2Cor,S2B_MSIL2A_20251028T113319_N0511_R080_T28QCH_20251028T134111.SAFE,C:\Users\Simon\Nextcloud\Project\Mauritania\Science\Arguin - FieldWork Data Processing\Data\S2\Sen2Cor\S2B_MSIL2A_20251028T113319_N0511_R080_T28QCH_20251028T134111.zip,285,9882,4259,342595.0,2201215.0,0.2531,0.332,0.39680000000000004,0.4868,0.5106,0.5145000000000001,0.5357000000000001,0.5824,0.5691,0.5631,0.5936,0.4388
2025-10-28,Arel,Sen2Cor,S2B_MSIL2A_20251028T113319_N0511_R080_T28QCH_20251028T134111.SAFE,C:\Users\Simon\Nextcloud\Project\Mauritania\Science\Arguin - FieldWork Data Processing\Data\S2\Sen2Cor\S2B_MSIL2A_20251028T113319_N0511_R080_T28QCH_20251028T134111.zip,286,9882,4260,342605.0,2201215.0,0.2412,0.3164,0.3776,0.4676,0.5004000000000001,0.5067,0.5323,0.5712,0.5651,0.5556,0.5918,0.4247
2025-10-28,Arel,Sen2Cor,S2B_MSIL2A_20251028T113319_N0511_R080_T28QCH_20251028T134111.SAFE,C:\Users\Simon\Nextcloud\Project\Mauritania\Science\Arguin - FieldWork Data Processing\Data\S2\Sen2Cor\S2B_MSIL2A_20251028T113319_N0511_R080_T28QCH_20251028T134111.zip,287,9882,4261,342615.0,2201215.0,0.2412,0.2998,0.3608,0.4536,0.5004000000000001,0.5067,0.5323,0.5616,0.5651,0.5556,0.5918,0.4247
2025-10-28,Arel,Sen2Cor,S2B_MSIL2A_20251028T113319_N0511_R080_T28QCH_20251028T134111.SAFE,C:\Users\Simon\Nextcloud\Project\Mauritania\Science\Arguin - FieldWork Data Processing\Data\S2\Sen2Cor\S2B_MSIL2A_20251028T113319_N0511_R080_T28QCH_20251028T134111.zip,288,9882,4262,342625.0,2201215.0,0.2313,0.3022,0.3588,0.4544,0.49400000000000005,0.5006,0.5295,0.5640000000000001,0.5618000000000001,0.5556,0.5921000000000001,0.42010000000000003
2025-10-28,Arel,Sen2Cor,S2B_MSIL2A_20251028T113319_N0511_R080_T28QCH_20251028T134111.SAFE,C:\Users\Simon\Nextcloud\Project\Mauritania\Science\Arguin - FieldWork Data Processing\Data\S2\Sen2Cor\S2B_MSIL2A_20251028T113319_N0511_R080_T28QCH_20251028T134111.zip,289,9882,4263,342635.0,2201215.0,0.2313,0.3018,0.3604,0.456,0.49400000000000005,0.5006,0.5295,0.5656,0.5618000000000001,0.5556,0.5921000000000001,0.42010000000000003
2025-10-28,Arel,Sen2Cor,S2B_MSIL2A_20251028T113319_N0511_R080_T28QCH_20251028T134111.SAFE,C:\Users\Simon\Nextcloud\Project\Mauritania\Science\Arguin - FieldWork Data Processing\Data\S2\Sen2Cor\S2B_MSIL2A_20251028T113319_N0511_R080_T28QCH_20251028T134111.zip,290,9882,4264,342645.0,2201215.0,0.2253,0.2932,0.35400000000000004,0.44520000000000004,0.4813,0.4908,0.521,0.5644,0.5611,0.5556,0.5939,0.4073
2025-10-28,Arel,Sen2Cor,S2B_MSIL2A_20251028T113319_N0511_R080_T28QCH_20251028T134111.SAFE,C:\Users\Simon\Nextcloud\Project\Mauritania\Science\Arguin - FieldWork Data Processing\Data\S2\Sen2Cor\S2B_MSIL2A_20251028T113319_N0511_R080_T28QCH_20251028T134111.zip,291,9882,4265,342655.0,2201215.0,0.2253,0.2766,0.3372,0.43560000000000004,0.4813,0.4908,0.521,0.5628000000000001,0.5611,0.5556,0.5939,0.4073
2025-10-28,Arel,Sen2Cor,S2B_MSIL2A_20251028T113319_N0511_R080_T28QCH_20251028T134111.SAFE,C:\Users\Simon\Nextcloud\Project\Mauritania\Science\Arguin - FieldWork Data Processing\Data\S2\Sen2Cor\S2B_MSIL2A_20251028T113319_N0511_R080_T28QCH_20251028T134111.zip,292,9882,4266,342665.0,2201215.0,0.2215,0.2752,0.3352,0.4308,0.4748,0.4854,0.5146000000000001,0.5628000000000001,0.5598000000000001,0.5511,0.5961000000000001,0.3967
2025-10-28,Arel,Sen2Cor,S2B_MSIL2A_20251028T113319_N0511_R080_T28QCH_20251028T134111.SAFE,C:\Users\Simon\Nextcloud\Project\Mauritania\Science\Arguin - FieldWork Data Processing\Data\S2\Sen2Cor\S2B_MSIL2A_20251028T113319_N0511_R080_T28QCH_20251028T134111.zip,293,9882,4267,342675.0,2201215.0,0.2215,0.2922,0.3544,0.446,0.4748,0.4854,0.5146000000000001,0.5644,0.5598000000000001,0.5511,0.5961000000000001,0.3967
2025-10-28,Arel,Sen2Cor,S2B_MSIL2A_20251028T113319_N0511_R080_T28QCH_20251028T134111.SAFE,C:\Users\Simon\Nextcloud\Project\Mauritania\Science\Arguin - FieldWork Data Processing\Data\S2\Sen2Cor\S2B_MSIL2A_20251028T113319_N0511_R080_T28QCH_20251028T134111.zip,294,9882,4268,342685.0,2201215.0,0.2182,0.299,0.3588,0.44320000000000004,0.4824,0.4853,0.5214,0.5656,0.5627,0.5511,0.5926,0.3981
2025-10-28,Arel,Sen2Cor,S2B_MSIL2A_20251028T113319_N0511_R080_T28QCH_20251028T134111.SAFE,C:\Users\Simon\Nextcloud\Project\Mauritania\Science\Arguin - FieldWork Data Processing\Data\S2\Sen2Cor\S2B_MSIL2A_20251028T113319_N0511_R080_T28QCH_20251028T134111.zip,295,9882,4269,342695.0,2201215.0,0.2182,0.2922,0.3592,0.4464,0.4824,0.4853,0.5214,0.5640000000000001,0.5627,0.5511,0.5926,0.3981
2025-10-28,Arel,Sen2Cor,S2B_MSIL2A_20251028T113319_N0511_R080_T28QCH_20251028T134111.SAFE,C:\Users\Simon\Nextcloud\Project\Mauritania\Science\Arguin - FieldWork Data Processing\Data\S2\Sen2Cor\S2B_MSIL2A_20251028T113319_N0511_R080_T28QCH_20251028T134111.zip,296,9882,4270,342705.0,2201215.0,0.2204,0.2972,0.3608,0.4456,0.47740000000000005,0.4904,0.5132,0.562,0.5534,0.5511,0.5984,0.4184
2025-10-28,Arel,Sen2Cor,S2B_MSIL2A_20251028T113319_N0511_R080_T28QCH_20251028T134111.SAFE,C:\Users\Simon\Nextcloud\Project\Mauritania\Science\Arguin - FieldWork Data Processing\Data\S2\Sen2Cor\S2B_MSIL2A_20251028T113319_N0511_R080_T28QCH_20251028T134111.zip,297,9882,4271,342715.0,2201215.0,0.2204,0.2666,0.32880000000000004,0.4212,0.47740000000000005,0.4904,0.5132,0.5456,0.5534,0.5511,0.5984,0.4184
2025-10-28,Arel,Sen2Cor,S2B_MSIL2A_20251028T113319_N0511_R080_T28QCH_20251028T134111.SAFE,C:\Users\Simon\Nextcloud\Project\Mauritania\Science\Arguin - FieldWork Data Processing\Data\S2\Sen2Cor\S2B_MSIL2A_20251028T113319_N0511_R080_T28QCH_20251028T134111.zip,298,9882,4272,342725.0,2201215.0,0.2232,0.252,0.3156,0.4156,0.47600000000000003,0.4822,0.5198,0.5484,0.5633,0.5694,0.6022000000000001,0.4288
2025-10-28,Arel,Sen2Cor,S2B_MSIL2A_20251028T113319_N0511_R080_T28QCH_20251028T134111.SAFE,C:\Users\Simon\Nextcloud\Project\Mauritania\Science\Arguin - FieldWork Data Processing\Data\S2\Sen2Cor\S2B_MSIL2A_20251028T113319_N0511_R080_T28QCH_20251028T134111.zip,299,9882,4273,342735.0,2201215.0,0.2232,0.271,0.332,0.4344,0.47600000000000003,0.4822,0.5198,0.5640000000000001,0.5633,0.5694,0.6022000000000001,0.4288
2025-10-28,Arel,Sen2Cor,S2B_MSIL2A_20251028T113319_N0511_R080_T28QCH_20251028T134111.SAFE,C:\Users\Simon\Nextcloud\Project\Mauritania\Science\Arguin - FieldWork Data Processing\Data\S2\Sen2Cor\S2B_MSIL2A_20251028T113319_N0511_R080_T28QCH_20251028T134111.zip,300,9882,4274,342745.0,2201215.0,0.22010000000000002,0.2766,0.334,0.4312,0.47440000000000004,0.49100000000000005,0.5222,0.5672,0.5712,0.5694,0.6053000000000001,0.4026
2025-10-28,Arel,Sen2Cor,S2B_MSIL2A_20251028T113319_N0511_R080_T28QCH_20251028T134111.SAFE,C:\Users\Simon\Nextcloud\Project\Mauritania\Science\Arguin - FieldWork Data Processing\Data\S2\Sen2Cor\S2B_MSIL2A_20251028T113319_N0511_R080_T28QCH_20251028T134111.zip,301,9882,4275,342755.0,2201215.0,0.22010000000000002,0.26880000000000004,0.3296,0.42200000000000004,0.47440000000000004,0.49100000000000005,0.5222,0.5640000000000001,0.5712,0.5694,0.6053000000000001,0.4026
2025-10-28,Arel,Sen2Cor,S2B_MSIL2A_20251028T113319_N0511_R080_T28QCH_20251028T134111.SAFE,C:\Users\Simon\Nextcloud\Project\Mauritania\Science\Arguin - FieldWork Data Processing\Data\S2\Sen2Cor\S2B_MSIL2A_20251028T113319_N0511_R080_T28QCH_20251028T134111.zip,302,9882,4276,342765.0,2201215.0,0.2058,0.26880000000000004,0.334,0.4288,0.47400000000000003,0.4868,0.5178,0.5688,0.5647,0.5694,0.6077,0.4192
2025-10-28,Arel,Sen2Cor,S2B_MSIL2A_20251028T113319_N0511_R080_T28QCH_20251028T134111.SAFE,C:\Users\Simon\Nextcloud\Project\Mauritania\Science\Arguin - FieldWork Data Processing\Data\S2\Sen2Cor\S2B_MSIL2A_20251028T113319_N0511_R080_T28QCH_20251028T134111.zip,303,9882,4277,342775.0,2201215.0,0.2058,0.2758,0.3356,0.4288,0.47400000000000003,0.4868,0.5178,0.5680000000000001,0.5647,0.5694,0.6077,0.4192
2025-10-28,Arel,Sen2Cor,S2B_MSIL2A_20251028T113319_N0511_R080_T28QCH_20251028T134111.SAFE,C:\Users\Simon\Nextcloud\Project\Mauritania\Science\Arguin - FieldWork Data Processing\Data\S2\Sen2Cor\S2B_MSIL2A_20251028T113319_N0511_R080_T28QCH_20251028T134111.zip,304,9882,4278,342785.0,2201215.0,0.18460000000000001,0.253,0.314,0.4088,0.4526,0.4671,0.4969,0.5468000000000001,0.5357000000000001,0.4703,0.6008,0.44120000000000004
2025-10-28,Arel,Sen2Cor,S2B_MSIL2A_20251028T113319_N0511_R080_T28QCH_20251028T134111.SAFE,C:\Users\Simon\Nextcloud\Project\Mauritania\Science\Arguin - FieldWork Data Processing\Data\S2\Sen2Cor\S2B_MSIL2A_20251028T113319_N0511_R080_T28QCH_20251028T134111.zip,305,9882,4279,342795.0,2201215.0,0.18460000000000001,0.24500000000000002,0.3062,0.40040000000000003,0.4526,0.4671,0.4969,0.5268,0.5357000000000001,0.4703,0.6008,0.44120000000000004
2025-10-28,Arel,Sen2Cor,S2B_MSIL2A_20251028T113319_N0511_R080_T28QCH_20251028T134111.SAFE,C:\Users\Simon\Nextcloud\Project\Mauritania\Science\Arguin - FieldWork Data Processing\Data\S2\Sen2Cor\S2B_MSIL2A_20251028T113319_N0511_R080_T28QCH_20251028T134111.zip,306,9883,4246,342465.0,2201205.0,0.21680000000000002,0.301,0.3684,0.45280000000000004,0.5117,0.5159,0.5251,0.5444,0.5463,0.4495,0.5565,0.401
2025-10-28,Arel,Sen2Cor,S2B_MSIL2A_20251028T113319_N0511_R080_T28QCH_20251028T134111.SAFE,C:\Users\Simon\Nextcloud\Project\Mauritania\Science\Arguin - FieldWork Data Processing\Data\S2\Sen2Cor\S2B_MSIL2A_20251028T113319_N0511_R080_T28QCH_20251028T134111.zip,307,9883,4247,342475.0,2201205.0,0.21680000000000002,0.31920000000000004,0.3844,0.4788,0.5117,0.5159,0.5251,0.5716,0.5463,0.4495,0.5565,0.401
2025-10-28,Arel,Sen2Cor,S2B_MSIL2A_20251028T113319_N0511_R080_T28QCH_20251028T134111.SAFE,C:\Users\Simon\Nextcloud\Project\Mauritania\Science\Arguin - FieldWork Data Processing\Data\S2\Sen2Cor\S2B_MSIL2A_20251028T113319_N0511_R080_T28QCH_20251028T134111.zip,308,9883,4248,342485.0,2201205.0,0.2485,0.32880000000000004,0.3936,0.48800000000000004,0.5349,0.5336000000000001,0.5524,0.5744,0.5687,0.5686,0.5720000000000001,0.41750000000000004
2025-10-28,Arel,Sen2Cor,S2B_MSIL2A_20251028T113319_N0511_R080_T28QCH_20251028T134111.SAFE,C:\Users\Simon\Nextcloud\Project\Mauritania\Science\Arguin - FieldWork Data Processing\Data\S2\Sen2Cor\S2B_MSIL2A_20251028T113319_N0511_R080_T28QCH_20251028T134111.zip,309,9883,4249,342495.0,2201205.0,0.2485,0.3264,0.38920000000000005,0.48160000000000003,0.5349,0.5336000000000001,0.5524,0.5712,0.5687,0.5686,0.5720000000000001,0.41750000000000004
2025-10-28,Arel,Sen2Cor,S2B_MSIL2A_20251028T113319_N0511_R080_T28QCH_20251028T134111.SAFE,C:\Users\Simon\Nextcloud\Project\Mauritania\Science\Arguin - FieldWork Data Processing\Data\S2\Sen2Cor\S2B_MSIL2A_20251028T113319_N0511_R080_T28QCH_20251028T134111.zip,310,9883,4250,342505.0,2201205.0,0.268,0.35000000000000003,0.4096,0.4964,0.534,0.534,0.5558000000000001,0.5824,0.5766,0.5686,0.5730000000000001,0.4122
2025-10-28,Arel,Sen2Cor,S2B_MSIL2A_20251028T113319_N0511_R080_T28QCH_20251028T134111.SAFE,C:\Users\Simon\Nextcloud\Project\Mauritania\Science\Arguin - FieldWork Data Processing\Data\S2\Sen2Cor\S2B_MSIL2A_20251028T113319_N0511_R080_T28QCH_20251028T134111.zip,311,9883,4251,342515.0,2201205.0,0.268,0.3428,0.402,0.49160000000000004,0.534,0.534,0.5558000000000001,0.5840000000000001,0.5766,0.5686,0.5730000000000001,0.4122
2025-10-28,Arel,Sen2Cor,S2B_MSIL2A_20251028T113319_N0511_R080_T28QCH_20251028T134111.SAFE,C:\Users\Simon\Nextcloud\Project\Mauritania\Science\Arguin - FieldWork Data Processing\Data\S2\Sen2Cor\S2B_MSIL2A_20251028T113319_N0511_R080_T28QCH_20251028T134111.zip,312,9883,4252,342525.0,2201205.0,0.273,0.3256,0.394,0.4832,0.5277000000000001,0.5293,0.5492,0.5716,0.5693,0.5686,0.5799000000000001,0.41900000000000004
2025-10-28,Arel,Sen2Cor,S2B_MSIL2A_20251028T113319_N0511_R080_T28QCH_20251028T134111.SAFE,C:\Users\Simon\Nextcloud\Project\Mauritania\Science\Arguin - FieldWork Data Processing\Data\S2\Sen2Cor\S2B_MSIL2A_20251028T113319_N0511_R080_T28QCH_20251028T134111.zip,313,9883,4253,342535.0,2201205.0,0.273,0.31520000000000004,0.3816,0.4772,0.5277000000000001,0.5293,0.5492,0.5704,0.5693,0.5686,0.5799000000000001,0.41900000000000004
2025-10-28,Arel,Sen2Cor,S2B_MSIL2A_20251028T113319_N0511_R080_T28QCH_20251028T134111.SAFE,C:\Users\Simon\Nextcloud\Project\Mauritania\Science\Arguin - FieldWork Data Processing\Data\S2\Sen2Cor\S2B_MSIL2A_20251028T113319_N0511_R080_T28QCH_20251028T134111.zip,314,9883,4254,342545.0,2201205.0,0.269,0.31720000000000004,0.3836,0.48200000000000004,0.536,0.5387000000000001,0.561,0.5840000000000001,0.5883,0.5631,0.5921000000000001,0.4349
2025-10-28,Arel,Sen2Cor,S2B_MSIL2A_20251028T113319_N0511_R080_T28QCH_20251028T134111.SAFE,C:\Users\Simon\Nextcloud\Project\Mauritania\Science\Arguin - FieldWork Data Processing\Data\S2\Sen2Cor\S2B_MSIL2A_20251028T113319_N0511_R080_T28QCH_20251028T134111.zip,315,9883,4255,342555.0,2201205.0,0.269,0.332,0.40080000000000005,0.49520000000000003,0.536,0.5387000000000001,0.561,0.5900000000000001,0.5883,0.5631,0.5921000000000001,0.4349
2025-10-28,Arel,Sen2Cor,S2B_MSIL2A_20251028T113319_N0511_R080_T28QCH_20251028T134111.SAFE,C:\Users\Simon\Nextcloud\Project\Mauritania\Science\Arguin - FieldWork Data Processing\Data\S2\Sen2Cor\S2B_MSIL2A_20251028T113319_N0511_R080_T28QCH_20251028T134111.zip,316,9883,4256,342565.0,2201205.0,0.2617,0.3536,0.4048,0.5,0.5352,0.538,0.5609000000000001,0.5936,0.5823,0.5631,0.5937,0.43310000000000004
2025-10-28,Arel,Sen2Cor,S2B_MSIL2A_20251028T113319_N0511_R080_T28QCH_20251028T134111.SAFE,C:\Users\Simon\Nextcloud\Project\Mauritania\Science\Arguin - FieldWork Data Processing\Data\S2\Sen2Cor\S2B_MSIL2A_20251028T113319_N0511_R080_T28QCH_20251028T134111.zip,317,9883,4257,342575.0,2201205.0,0.2617,0.338,0.4016,0.49400000000000005,0.5352,0.538,0.5609000000000001,0.5880000000000001,0.5823,0.5631,0.5937,0.43310000000000004
2025-10-28,Arel,Sen2Cor,S2B_MSIL2A_20251028T113319_N0511_R080_T28QCH_20251028T134111.SAFE,C:\Users\Simon\Nextcloud\Project\Mauritania\Science\Arguin - FieldWork Data Processing\Data\S2\Sen2Cor\S2B_MSIL2A_20251028T113319_N0511_R080_T28QCH_20251028T134111.zip,318,9883,4258,342585.0,2201205.0,0.2531,0.31,0.3708,0.46080000000000004,0.5106,0.5145000000000001,0.5357000000000001,0.5656,0.5691,0.5631,0.5936,0.4388
2025-10-28,Arel,Sen2Cor,S2B_MSIL2A_20251028T113319_N0511_R080_T28QCH_20251028T134111.SAFE,C:\Users\Simon\Nextcloud\Project\Mauritania\Science\Arguin - FieldWork Data Processing\Data\S2\Sen2Cor\S2B_MSIL2A_20251028T113319_N0511_R080_T28QCH_20251028T134111.zip,319,9883,4259,342595.0,2201205.0,0.2531,0.2938,0.3612,0.45,0.5106,0.5145000000000001,0.5357000000000001,0.5516,0.5691,0.5631,0.5936,0.4388
2025-10-28,Arel,Sen2Cor,S2B_MSIL2A_20251028T113319_N0511_R080_T28QCH_20251028T134111.SAFE,C:\Users\Simon\Nextcloud\Project\Mauritania\Science\Arguin - FieldWork Data Processing\Data\S2\Sen2Cor\S2B_MSIL2A_20251028T113319_N0511_R080_T28QCH_20251028T134111.zip,320,9883,4260,342605.0,2201205.0,0.2412,0.30720000000000003,0.3648,0.45640000000000003,0.5004000000000001,0.5067,0.5323,0.5648000000000001,0.5651,0.5556,0.5918,0.4247
2025-10-28,Arel,Sen2Cor,S2B_MSIL2A_20251028T113319_N0511_R080_T28QCH_20251028T134111.SAFE,C:\Users\Simon\Nextcloud\Project\Mauritania\Science\Arguin - FieldWork Data Processing\Data\S2\Sen2Cor\S2B_MSIL2A_20251028T113319_N0511_R080_T28QCH_20251028T134111.zip,321,9883,4261,342615.0,2201205.0,0.2412,0.2952,0.3608,0.4544,0.5004000000000001,0.5067,0.5323,0.5644,0.5651,0.5556,0.5918,0.4247
2025-10-28,Arel,Sen2Cor,S2B_MSIL2A_20251028T113319_N0511_R080_T28QCH_20251028T134111.SAFE,C:\Users\Simon\Nextcloud\Project\Mauritania\Science\Arguin - FieldWork Data Processing\Data\S2\Sen2Cor\S2B_MSIL2A_20251028T113319_N0511_R080_T28QCH_20251028T134111.zip,322,9883,4262,342625.0,2201205.0,0.2313,0.29100000000000004,0.3544,0.44320000000000004,0.49400000000000005,0.5006,0.5295,0.5624,0.5618000000000001,0.5556,0.5921000000000001,0.42010000000000003
2025-10-28,Arel,Sen2Cor,S2B_MSIL2A_20251028T113319_N0511_R080_T28QCH_20251028T134111.SAFE,C:\Users\Simon\Nextcloud\Project\Mauritania\Science\Arguin - FieldWork Data Processing\Data\S2\Sen2Cor\S2B_MSIL2A_20251028T113319_N0511_R080_T28QCH_20251028T134111.zip,323,9883,4263,342635.0,2201205.0,0.2313,0.2868,0.3492,0.4388,0.49400000000000005,0.5006,0.5295,0.5508000000000001,0.5618000000000001,0.5556,0.5921000000000001,0.42010000000000003
2025-10-28,Arel,Sen2Cor,S2B_MSIL2A_20251028T113319_N0511_R080_T28QCH_20251028T134111.SAFE,C:\Users\Simon\Nextcloud\Project\Mauritania\Science\Arguin - FieldWork Data Processing\Data\S2\Sen2Cor\S2B_MSIL2A_20251028T113319_N0511_R080_T28QCH_20251028T134111.zip,324,9883,4264,342645.0,2201205.0,0.2253,0.2872,0.3476,0.44120000000000004,0.4813,0.4908,0.521,0.5612,0.5611,0.5556,0.5939,0.4073
2025-10-28,Arel,Sen2Cor,S2B_MSIL2A_20251028T113319_N0511_R080_T28QCH_20251028T134111.SAFE,C:\Users\Simon\Nextcloud\Project\Mauritania\Science\Arguin - FieldWork Data Processing\Data\S2\Sen2Cor\S2B_MSIL2A_20251028T113319_N0511_R080_T28QCH_20251028T134111.zip,325,9883,4265,342655.0,2201205.0,0.2253,0.27440000000000003,0.33480000000000004,0.42960000000000004,0.4813,0.4908,0.521,0.5616,0.5611,0.5556,0.5939,0.4073
2025-10-28,Arel,Sen2Cor,S2B_MSIL2A_20251028T113319_N0511_R080_T28QCH_20251028T134111.SAFE,C:\Users\Simon\Nextcloud\Project\Mauritania\Science\Arguin - FieldWork Data Processing\Data\S2\Sen2Cor\S2B_MSIL2A_20251028T113319_N0511_R080_T28QCH_20251028T134111.zip,326,9883,4266,342665.0,2201205.0,0.2215,0.2712,0.3276,0.4164,0.4748,0.4854,0.5146000000000001,0.5472,0.5598000000000001,0.5511,0.5961000000000001,0.3967
2025-10-28,Arel,Sen2Cor,S2B_MSIL2A_20251028T113319_N0511_R080_T28QCH_20251028T134111.SAFE,C:\Users\Simon\Nextcloud\Project\Mauritania\Science\Arguin - FieldWork Data Processing\Data\S2\Sen2Cor\S2B_MSIL2A_20251028T113319_N0511_R080_T28QCH_20251028T134111.zip,327,9883,4267,342675.0,2201205.0,0.2215,0.28,0.33280000000000004,0.4248,0.4748,0.4854,0.5146000000000001,0.5492,0.5598000000000001,0.5511,0.5961000000000001,0.3967
2025-10-28,Arel,Sen2Cor,S2B_MSIL2A_20251028T113319_N0511_R080_T28QCH_20251028T134111.SAFE,C:\Users\Simon\Nextcloud\Project\Mauritania\Science\Arguin - FieldWork Data Processing\Data\S2\Sen2Cor\S2B_MSIL2A_20251028T113319_N0511_R080_T28QCH_20251028T134111.zip,328,9883,4268,342685.0,2201205.0,0.2182,0.29200000000000004,0.35400000000000004,0.44120000000000004,0.4824,0.4853,0.5214,0.5684,0.5627,0.5511,0.5926,0.3981
2025-10-28,Arel,Sen2Cor,S2B_MSIL2A_20251028T113319_N0511_R080_T28QCH_20251028T134111.SAFE,C:\Users\Simon\Nextcloud\Project\Mauritania\Science\Arguin - FieldWork Data Processing\Data\S2\Sen2Cor\S2B_MSIL2A_20251028T113319_N0511_R080_T28QCH_20251028T134111.zip,329,9883,4269,342695.0,2201205.0,0.2182,0.29400000000000004,0.35200000000000004,0.4408,0.4824,0.4853,0.5214,0.5612,0.5627,0.5511,0.5926,0.3981
2025-10-28,Arel,Sen2Cor,S2B_MSIL2A_20251028T113319_N0511_R080_T28QCH_20251028T134111.SAFE,C:\Users\Simon\Nextcloud\Project\Mauritania\Science\Arguin - FieldWork Data Processing\Data\S2\Sen2Cor\S2B_MSIL2A_20251028T113319_N0511_R080_T28QCH_20251028T134111.zip,330,9883,4270,342705.0,2201205.0,0.2204,0.28240000000000004,0.3448,0.43520000000000003,0.47740000000000005,0.4904,0.5132,0.55,0.5534,0.5511,0.5984,0.4184
2025-10-28,Arel,Sen2Cor,S2B_MSIL2A_20251028T113319_N0511_R080_T28QCH_20251028T134111.SAFE,C:\Users\Simon\Nextcloud\Project\Mauritania\Science\Arguin - FieldWork Data Processing\Data\S2\Sen2Cor\S2B_MSIL2A_20251028T113319_N0511_R080_T28QCH_20251028T134111.zip,331,9883,4271,342715.0,2201205.0,0.2204,0.26880000000000004,0.3312,0.4228,0.47740000000000005,0.4904,0.5132,0.548,0.5534,0.5511,0.5984,0.4184
2025-10-28,Arel,Sen2Cor,S2B_MSIL2A_20251028T113319_N0511_R080_T28QCH_20251028T134111.SAFE,C:\Users\Simon\Nextcloud\Project\Mauritania\Science\Arguin - FieldWork Data Processing\Data\S2\Sen2Cor\S2B_MSIL2A_20251028T113319_N0511_R080_T28QCH_20251028T134111.zip,332,9883,4272,342725.0,2201205.0,0.2232,0.2652,0.32680000000000003,0.4272,0.47600000000000003,0.4822,0.5198,0.5552,0.5633,0.5694,0.6022000000000001,0.4288
2025-10-28,Arel,Sen2Cor,S2B_MSIL2A_20251028T113319_N0511_R080_T28QCH_20251028T134111.SAFE,C:\Users\Simon\Nextcloud\Project\Mauritania\Science\Arguin - FieldWork Data Processing\Data\S2\Sen2Cor\S2B_MSIL2A_20251028T113319_N0511_R080_T28QCH_20251028T134111.zip,333,9883,4273,342735.0,2201205.0,0.2232,0.278,0.3408,0.4388,0.47600000000000003,0.4822,0.5198,0.56,0.5633,0.5694,0.6022000000000001,0.4288
2025-10-28,Arel,Sen2Cor,S2B_MSIL2A_20251028T113319_N0511_R080_T28QCH_20251028T134111.SAFE,C:\Users\Simon\Nextcloud\Project\Mauritania\Science\Arguin - FieldWork Data Processing\Data\S2\Sen2Cor\S2B_MSIL2A_20251028T113319_N0511_R080_T28QCH_20251028T134111.zip,334,9883,4274,342745.0,2201205.0,0.22010000000000002,0.2696,0.3264,0.42760000000000004,0.47440000000000004,0.49100000000000005,0.5222,0.5656,0.5712,0.5694,0.6053000000000001,0.4026
2025-10-28,Arel,Sen2Cor,S2B_MSIL2A_20251028T113319_N0511_R080_T28QCH_20251028T134111.SAFE,C:\Users\Simon\Nextcloud\Project\Mauritania\Science\Arguin - FieldWork Data Processing\Data\S2\Sen2Cor\S2B_MSIL2A_20251028T113319_N0511_R080_T28QCH_20251028T134111.zip,335,9883,4275,342755.0,2201205.0,0.22010000000000002,0.2526,0.31920000000000004,0.41440000000000005,0.47440000000000004,0.49100000000000005,0.5222,0.5592,0.5712,0.5694,0.6053000000000001,0.4026
2025-10-28,Arel,Sen2Cor,S2B_MSIL2A_20251028T113319_N0511_R080_T28QCH_20251028T134111.SAFE,C:\Users\Simon\Nextcloud\Project\Mauritania\Science\Arguin - FieldWork Data Processing\Data\S2\Sen2Cor\S2B_MSIL2A_20251028T113319_N0511_R080_T28QCH_20251028T134111.zip,336,9883,4276,342765.0,2201205.0,0.2058,0.25520000000000004,0.3148,0.4168,0.47400000000000003,0.4868,0.5178,0.5556,0.5647,0.5694,0.6077,0.4192
2025-10-28,Arel,Sen2Cor,S2B_MSIL2A_20251028T113319_N0511_R080_T28QCH_20251028T134111.SAFE,C:\Users\Simon\Nextcloud\Project\Mauritania\Science\Arguin - FieldWork Data Processing\Data\S2\Sen2Cor\S2B_MSIL2A_20251028T113319_N0511_R080_T28QCH_20251028T134111.zip,337,9883,4277,342775.0,2201205.0,0.2058,0.2602,0.3144,0.4116,0.47400000000000003,0.4868,0.5178,0.5508000000000001,0.5647,0.5694,0.6077,0.4192
2025-10-28,Arel,Sen2Cor,S2B_MSIL2A_20251028T113319_N0511_R080_T28QCH_20251028T134111.SAFE,C:\Users\Simon\Nextcloud\Project\Mauritania\Science\Arguin - FieldWork Data Processing\Data\S2\Sen2Cor\S2B_MSIL2A_20251028T113319_N0511_R080_T28QCH_20251028T134111.zip,338,9883,4278,342785.0,2201205.0,0.18460000000000001,0.24480000000000002,0.3028,0.39840000000000003,0.4526,0.4671,0.4969,0.5352,0.5357000000000001,0.4703,0.6008,0.44120000000000004
2025-10-28,Arel,Sen2Cor,S2B_MSIL2A_20251028T113319_N0511_R080_T28QCH_20251028T134111.SAFE,C:\Users\Simon\Nextcloud\Project\Mauritania\Science\Arguin - FieldWork Data Processing\Data\S2\Sen2Cor\S2B_MSIL2A_20251028T113319_N0511_R080_T28QCH_20251028T134111.zip,339,9883,4279,342795.0,2201205.0,0.18460000000000001,0.2366,0.2952,0.384,0.4526,0.4671,0.4969,0.5196000000000001,0.5357000000000001,0.4703,0.6008,0.44120000000000004
2025-10-28,Arel,Sen2Cor,S2B_MSIL2A_20251028T113319_N0511_R080_T28QCH_20251028T134111.SAFE,C:\Users\Simon\Nextcloud\Project\Mauritania\Science\Arguin - FieldWork Data Processing\Data\S2\Sen2Cor\S2B_MSIL2A_20251028T113319_N0511_R080_T28QCH_20251028T134111.zip,340,9884,4246,342465.0,2201195.0,0.2126,0.2806,0.3428,0.434,0.49200000000000005,0.49620000000000003,0.5117,0.5292,0.5292,0.4495,0.5555,0.4092
2025-10-28,Arel,Sen2Cor,S2B_MSIL2A_20251028T113319_N0511_R080_T28QCH_20251028T134111.SAFE,C:\Users\Simon\Nextcloud\Project\Mauritania\Science\Arguin - FieldWork Data Processing\Data\S2\Sen2Cor\S2B_MSIL2A_20251028T113319_N0511_R080_T28QCH_20251028T134111.zip,341,9884,4247,342475.0,2201195.0,0.2126,0.30660000000000004,0.37160000000000004,0.4632,0.49200000000000005,0.49620000000000003,0.5117,0.5592,0.5292,0.4495,0.5555,0.4092
2025-10-28,Arel,Sen2Cor,S2B_MSIL2A_20251028T113319_N0511_R080_T28QCH_20251028T134111.SAFE,C:\Users\Simon\Nextcloud\Project\Mauritania\Science\Arguin - FieldWork Data Processing\Data\S2\Sen2Cor\S2B_MSIL2A_20251028T113319_N0511_R080_T28QCH_20251028T134111.zip,342,9884,4248,342485.0,2201195.0,0.24020000000000002,0.324,0.3904,0.47840000000000005,0.5161,0.5161,0.5395,0.5648000000000001,0.5594,0.5686,0.5743,0.4279
2025-10-28,Arel,Sen2Cor,S2B_MSIL2A_20251028T113319_N0511_R080_T28QCH_20251028T134111.SAFE,C:\Users\Simon\Nextcloud\Project\Mauritania\Science\Arguin - FieldWork Data Processing\Data\S2\Sen2Cor\S2B_MSIL2A_20251028T113319_N0511_R080_T28QCH_20251028T134111.zip,343,9884,4249,342495.0,2201195.0,0.24020000000000002,0.31880000000000003,0.38520000000000004,0.47400000000000003,0.5161,0.5161,0.5395,0.5660000000000001,0.5594,0.5686,0.5743,0.4279
2025-10-28,Arel,Sen2Cor,S2B_MSIL2A_20251028T113319_N0511_R080_T28QCH_20251028T134111.SAFE,C:\Users\Simon\Nextcloud\Project\Mauritania\Science\Arguin - FieldWork Data Processing\Data\S2\Sen2Cor\S2B_MSIL2A_20251028T113319_N0511_R080_T28QCH_20251028T134111.zip,344,9884,4250,342505.0,2201195.0,0.25630000000000003,0.3332,0.39840000000000003,0.4884,0.5217,0.5241,0.5418000000000001,0.5776,0.5678000000000001,0.5686,0.5840000000000001,0.4303
2025-10-28,Arel,Sen2Cor,S2B_MSIL2A_20251028T113319_N0511_R080_T28QCH_20251028T134111.SAFE,C:\Users\Simon\Nextcloud\Project\Mauritania\Science\Arguin - FieldWork Data Processing\Data\S2\Sen2Cor\S2B_MSIL2A_20251028T113319_N0511_R080_T28QCH_20251028T134111.zip,345,9884,4251,342515.0,2201195.0,0.25630000000000003,0.3284,0.392,0.4848,0.5217,0.5241,0.5418000000000001,0.5792,0.5678000000000001,0.5686,0.5840000000000001,0.4303
2025-10-28,Arel,Sen2Cor,S2B_MSIL2A_20251028T113319_N0511_R080_T28QCH_20251028T134111.SAFE,C:\Users\Simon\Nextcloud\Project\Mauritania\Science\Arguin - FieldWork Data Processing\Data\S2\Sen2Cor\S2B_MSIL2A_20251028T113319_N0511_R080_T28QCH_20251028T134111.zip,346,9884,4252,342525.0,2201195.0,0.2605,0.3204,0.3836,0.47240000000000004,0.5244,0.5272,0.5449,0.5716,0.5711,0.5686,0.5955,0.4359
2025-10-28,Arel,Sen2Cor,S2B_MSIL2A_20251028T113319_N0511_R080_T28QCH_20251028T134111.SAFE,C:\Users\Simon\Nextcloud\Project\Mauritania\Science\Arguin - FieldWork Data Processing\Data\S2\Sen2Cor\S2B_MSIL2A_20251028T113319_N0511_R080_T28QCH_20251028T134111.zip,347,9884,4253,342535.0,2201195.0,0.2605,0.3276,0.3904,0.4832,0.5244,0.5272,0.5449,0.5804,0.5711,0.5686,0.5955,0.4359
2025-10-28,Arel,Sen2Cor,S2B_MSIL2A_20251028T113319_N0511_R080_T28QCH_20251028T134111.SAFE,C:\Users\Simon\Nextcloud\Project\Mauritania\Science\Arguin - FieldWork Data Processing\Data\S2\Sen2Cor\S2B_MSIL2A_20251028T113319_N0511_R080_T28QCH_20251028T134111.zip,348,9884,4254,342545.0,2201195.0,0.2549,0.32320000000000004,0.39080000000000004,0.4832,0.5296000000000001,0.5323,0.5548000000000001,0.5848,0.5795,0.5631,0.5940000000000001,0.43670000000000003
2025-10-28,Arel,Sen2Cor,S2B_MSIL2A_20251028T113319_N0511_R080_T28QCH_20251028T134111.SAFE,C:\Users\Simon\Nextcloud\Project\Mauritania\Science\Arguin - FieldWork Data Processing\Data\S2\Sen2Cor\S2B_MSIL2A_20251028T113319_N0511_R080_T28QCH_20251028T134111.zip,349,9884,4255,342555.0,2201195.0,0.2549,0.33240000000000003,0.396,0.4884,0.5296000000000001,0.5323,0.5548000000000001,0.5848,0.5795,0.5631,0.5940000000000001,0.43670000000000003
2025-10-28,Arel,Sen2Cor,S2B_MSIL2A_20251028T113319_N0511_R080_T28QCH_20251028T134111.SAFE,C:\Users\Simon\Nextcloud\Project\Mauritania\Science\Arguin - FieldWork Data Processing\Data\S2\Sen2Cor\S2B_MSIL2A_20251028T113319_N0511_R080_T28QCH_20251028T134111.zip,350,9884,4256,342565.0,2201195.0,0.2482,0.3416,0.3952,0.4828,0.5046,0.5103,0.5361,0.5792,0.5659000000000001,0.5631,0.5941000000000001,0.434
2025-10-28,Arel,Sen2Cor,S2B_MSIL2A_20251028T113319_N0511_R080_T28QCH_20251028T134111.SAFE,C:\Users\Simon\Nextcloud\Project\Mauritania\Science\Arguin - FieldWork Data Processing\Data\S2\Sen2Cor\S2B_MSIL2A_20251028T113319_N0511_R080_T28QCH_20251028T134111.zip,351,9884,4257,342575.0,2201195.0,0.2482,0.3168,0.38280000000000003,0.4728,0.5046,0.5103,0.5361,0.562,0.5659000000000001,0.5631,0.5941000000000001,0.434
2025-10-28,Arel,Sen2Cor,S2B_MSIL2A_20251028T113319_N0511_R080_T28QCH_20251028T134111.SAFE,C:\Users\Simon\Nextcloud\Project\Mauritania\Science\Arguin - FieldWork Data Processing\Data\S2\Sen2Cor\S2B_MSIL2A_20251028T113319_N0511_R080_T28QCH_20251028T134111.zip,352,9884,4258,342585.0,2201195.0,0.24020000000000002,0.28200000000000003,0.3356,0.42000000000000004,0.46580000000000005,0.47300000000000003,0.48910000000000003,0.5252,0.5226000000000001,0.5631,0.5924,0.4349
2025-10-28,Arel,Sen2Cor,S2B_MSIL2A_20251028T113319_N0511_R080_T28QCH_20251028T134111.SAFE,C:\Users\Simon\Nextcloud\Project\Mauritania\Science\Arguin - FieldWork Data Processing\Data\S2\Sen2Cor\S2B_MSIL2A_20251028T113319_N0511_R080_T28QCH_20251028T134111.zip,353,9884,4259,342595.0,2201195.0,0.24020000000000002,0.2684,0.328,0.41240000000000004,0.46580000000000005,0.47300000000000003,0.48910000000000003,0.5184,0.5226000000000001,0.5631,0.5924,0.4349
2025-10-28,Arel,Sen2Cor,S2B_MSIL2A_20251028T113319_N0511_R080_T28QCH_20251028T134111.SAFE,C:\Users\Simon\Nextcloud\Project\Mauritania\Science\Arguin - FieldWork Data Processing\Data\S2\Sen2Cor\S2B_MSIL2A_20251028T113319_N0511_R080_T28QCH_20251028T134111.zip,354,9884,4260,342605.0,2201195.0,0.23020000000000002,0.2906,0.3508,0.44160000000000005,0.47350000000000003,0.48700000000000004,0.5177,0.5516,0.5562,0.5556,0.5938,0.42210000000000003
2025-10-28,Arel,Sen2Cor,S2B_MSIL2A_20251028T113319_N0511_R080_T28QCH_20251028T134111.SAFE,C:\Users\Simon\Nextcloud\Project\Mauritania\Science\Arguin - FieldWork Data Processing\Data\S2\Sen2Cor\S2B_MSIL2A_20251028T113319_N0511_R080_T28QCH_20251028T134111.zip,355,9884,4261,342615.0,2201195.0,0.23020000000000002,0.2898,0.3512,0.44520000000000004,0.47350000000000003,0.48700000000000004,0.5177,0.5604,0.5562,0.5556,0.5938,0.42210000000000003
2025-10-28,Arel,Sen2Cor,S2B_MSIL2A_20251028T113319_N0511_R080_T28QCH_20251028T134111.SAFE,C:\Users\Simon\Nextcloud\Project\Mauritania\Science\Arguin - FieldWork Data Processing\Data\S2\Sen2Cor\S2B_MSIL2A_20251028T113319_N0511_R080_T28QCH_20251028T134111.zip,356,9884,4262,342625.0,2201195.0,0.22240000000000001,0.28300000000000003,0.34600000000000003,0.44120000000000004,0.4808,0.4918,0.5175000000000001,0.5644,0.5587,0.5556,0.5947,0.4107
2025-10-28,Arel,Sen2Cor,S2B_MSIL2A_20251028T113319_N0511_R080_T28QCH_20251028T134111.SAFE,C:\Users\Simon\Nextcloud\Project\Mauritania\Science\Arguin - FieldWork Data Processing\Data\S2\Sen2Cor\S2B_MSIL2A_20251028T113319_N0511_R080_T28QCH_20251028T134111.zip,357,9884,4263,342635.0,2201195.0,0.22240000000000001,0.28140000000000004,0.34,0.43560000000000004,0.4808,0.4918,0.5175000000000001,0.5548000000000001,0.5587,0.5556,0.5947,0.4107
2025-10-28,Arel,Sen2Cor,S2B_MSIL2A_20251028T113319_N0511_R080_T28QCH_20251028T134111.SAFE,C:\Users\Simon\Nextcloud\Project\Mauritania\Science\Arguin - FieldWork Data Processing\Data\S2\Sen2Cor\S2B_MSIL2A_20251028T113319_N0511_R080_T28QCH_20251028T134111.zip,358,9884,4264,342645.0,2201195.0,0.21910000000000002,0.2788,0.334,0.4264,0.4646,0.4773,0.5113,0.5524,0.5542,0.5556,0.5898,0.39980000000000004
2025-10-28,Arel,Sen2Cor,S2B_MSIL2A_20251028T113319_N0511_R080_T28QCH_20251028T134111.SAFE,C:\Users\Simon\Nextcloud\Project\Mauritania\Science\Arguin - FieldWork Data Processing\Data\S2\Sen2Cor\S2B_MSIL2A_20251028T113319_N0511_R080_T28QCH_20251028T134111.zip,359,9884,4265,342655.0,2201195.0,0.21910000000000002,0.2706,0.326,0.4176,0.4646,0.4773,0.5113,0.5492,0.5542,0.5556,0.5898,0.39980000000000004
2025-10-28,Arel,Sen2Cor,S2B_MSIL2A_20251028T113319_N0511_R080_T28QCH_20251028T134111.SAFE,C:\Users\Simon\Nextcloud\Project\Mauritania\Science\Arguin - FieldWork Data Processing\Data\S2\Sen2Cor\S2B_MSIL2A_20251028T113319_N0511_R080_T28QCH_20251028T134111.zip,360,9884,4266,342665.0,2201195.0,0.217,0.25980000000000003,0.3176,0.4048,0.4474,0.4635,0.4912,0.538,0.5413,0.5511,0.5923,0.3986
2025-10-28,Arel,Sen2Cor,S2B_MSIL2A_20251028T113319_N0511_R080_T28QCH_20251028T134111.SAFE,C:\Users\Simon\Nextcloud\Project\Mauritania\Science\Arguin - FieldWork Data Processing\Data\S2\Sen2Cor\S2B_MSIL2A_20251028T113319_N0511_R080_T28QCH_20251028T134111.zip,361,9884,4267,342675.0,2201195.0,0.217,0.25880000000000003,0.312,0.4052,0.4474,0.4635,0.4912,0.5336000000000001,0.5413,0.5511,0.5923,0.3986
2025-10-28,Arel,Sen2Cor,S2B_MSIL2A_20251028T113319_N0511_R080_T28QCH_20251028T134111.SAFE,C:\Users\Simon\Nextcloud\Project\Mauritania\Science\Arguin - FieldWork Data Processing\Data\S2\Sen2Cor\S2B_MSIL2A_20251028T113319_N0511_R080_T28QCH_20251028T134111.zip,362,9884,4268,342685.0,2201195.0,0.2165,0.2728,0.3296,0.4192,0.45740000000000003,0.46950000000000003,0.5029,0.5436,0.5496,0.5511,0.5977,0.4183
2025-10-28,Arel,Sen2Cor,S2B_MSIL2A_20251028T113319_N0511_R080_T28QCH_20251028T134111.SAFE,C:\Users\Simon\Nextcloud\Project\Mauritania\Science\Arguin - FieldWork Data Processing\Data\S2\Sen2Cor\S2B_MSIL2A_20251028T113319_N0511_R080_T28QCH_20251028T134111.zip,363,9884,4269,342695.0,2201195.0,0.2165,0.2766,0.3332,0.42200000000000004,0.45740000000000003,0.46950000000000003,0.5029,0.546,0.5496,0.5511,0.5977,0.4183
2025-10-28,Arel,Sen2Cor,S2B_MSIL2A_20251028T113319_N0511_R080_T28QCH_20251028T134111.SAFE,C:\Users\Simon\Nextcloud\Project\Mauritania\Science\Arguin - FieldWork Data Processing\Data\S2\Sen2Cor\S2B_MSIL2A_20251028T113319_N0511_R080_T28QCH_20251028T134111.zip,364,9884,4270,342705.0,2201195.0,0.21710000000000002,0.2712,0.334,0.42760000000000004,0.46640000000000004,0.4807,0.5103,0.5448000000000001,0.5495,0.5511,0.5971000000000001,0.4163
2025-10-28,Arel,Sen2Cor,S2B_MSIL2A_20251028T113319_N0511_R080_T28QCH_20251028T134111.SAFE,C:\Users\Simon\Nextcloud\Project\Mauritania\Science\Arguin - FieldWork Data Processing\Data\S2\Sen2Cor\S2B_MSIL2A_20251028T113319_N0511_R080_T28QCH_20251028T134111.zip,365,9884,4271,342715.0,2201195.0,0.21710000000000002,0.28300000000000003,0.3408,0.4312,0.46640000000000004,0.4807,0.5103,0.5532,0.5495,0.5511,0.5971000000000001,0.4163
2025-10-28,Arel,Sen2Cor,S2B_MSIL2A_20251028T113319_N0511_R080_T28QCH_20251028T134111.SAFE,C:\Users\Simon\Nextcloud\Project\Mauritania\Science\Arguin - FieldWork Data Processing\Data\S2\Sen2Cor\S2B_MSIL2A_20251028T113319_N0511_R080_T28QCH_20251028T134111.zip,366,9884,4272,342725.0,2201195.0,0.219,0.2656,0.332,0.42760000000000004,0.47700000000000004,0.48810000000000003,0.5233,0.5556,0.5699000000000001,0.5694,0.5993,0.406
2025-10-28,Arel,Sen2Cor,S2B_MSIL2A_20251028T113319_N0511_R080_T28QCH_20251028T134111.SAFE,C:\Users\Simon\Nextcloud\Project\Mauritania\Science\Arguin - FieldWork Data Processing\Data\S2\Sen2Cor\S2B_MSIL2A_20251028T113319_N0511_R080_T28QCH_20251028T134111.zip,367,9884,4273,342735.0,2201195.0,0.219,0.27,0.33280000000000004,0.432,0.47700000000000004,0.48810000000000003,0.5233,0.5640000000000001,0.5699000000000001,0.5694,0.5993,0.406
2025-10-28,Arel,Sen2Cor,S2B_MSIL2A_20251028T113319_N0511_R080_T28QCH_20251028T134111.SAFE,C:\Users\Simon\Nextcloud\Project\Mauritania\Science\Arguin - FieldWork Data Processing\Data\S2\Sen2Cor\S2B_MSIL2A_20251028T113319_N0511_R080_T28QCH_20251028T134111.zip,368,9884,4274,342745.0,2201195.0,0.21430000000000002,0.25680000000000003,0.322,0.4188,0.4731,0.4887,0.5163,0.5552,0.5668000000000001,0.5694,0.6068,0.4132
2025-10-28,Arel,Sen2Cor,S2B_MSIL2A_20251028T113319_N0511_R080_T28QCH_20251028T134111.SAFE,C:\Users\Simon\Nextcloud\Project\Mauritania\Science\Arguin - FieldWork Data Processing\Data\S2\Sen2Cor\S2B_MSIL2A_20251028T113319_N0511_R080_T28QCH_20251028T134111.zip,369,9884,4275,342755.0,2201195.0,0.21430000000000002,0.254,0.3196,0.4152,0.4731,0.4887,0.5163,0.5524,0.5668000000000001,0.5694,0.6068,0.4132
2025-10-28,Arel,Sen2Cor,S2B_MSIL2A_20251028T113319_N0511_R080_T28QCH_20251028T134111.SAFE,C:\Users\Simon\Nextcloud\Project\Mauritania\Science\Arguin - FieldWork Data Processing\Data\S2\Sen2Cor\S2B_MSIL2A_20251028T113319_N0511_R080_T28QCH_20251028T134111.zip,370,9884,4276,342765.0,2201195.0,0.19940000000000002,0.2634,0.3252,0.4224,0.4662,0.47750000000000004,0.5107,0.5596,0.5525,0.5694,0.6077,0.4423
2025-10-28,Arel,Sen2Cor,S2B_MSIL2A_20251028T113319_N0511_R080_T28QCH_20251028T134111.SAFE,C:\Users\Simon\Nextcloud\Project\Mauritania\Science\Arguin - FieldWork Data Processing\Data\S2\Sen2Cor\S2B_MSIL2A_20251028T113319_N0511_R080_T28QCH_20251028T134111.zip,371,9884,4277,342775.0,2201195.0,0.19940000000000002,0.24880000000000002,0.30960000000000004,0.404,0.4662,0.47750000000000004,0.5107,0.5404,0.5525,0.5694,0.6077,0.4423
2025-10-28,Arel,Sen2Cor,S2B_MSIL2A_20251028T113319_N0511_R080_T28QCH_20251028T134111.SAFE,C:\Users\Simon\Nextcloud\Project\Mauritania\Science\Arguin - FieldWork Data Processing\Data\S2\Sen2Cor\S2B_MSIL2A_20251028T113319_N0511_R080_T28QCH_20251028T134111.zip,372,9884,4278,342785.0,2201195.0,0.17880000000000001,0.2396,0.29400000000000004,0.3952,0.4395,0.4565,0.48950000000000005,0.5284,0.5271,0.4703,0.6034,0.4516
2025-10-28,Arel,Sen2Cor,S2B_MSIL2A_20251028T113319_N0511_R080_T28QCH_20251028T134111.SAFE,C:\Users\Simon\Nextcloud\Project\Mauritania\Science\Arguin - FieldWork Data Processing\Data\S2\Sen2Cor\S2B_MSIL2A_20251028T113319_N0511_R080_T28QCH_20251028T134111.zip,373,9885,4247,342475.0,2201185.0,0.2126,0.2854,0.3516,0.4484,0.49200000000000005,0.49620000000000003,0.5117,0.5436,0.5292,0.4495,0.5555,0.4092
2025-10-28,Arel,Sen2Cor,S2B_MSIL2A_20251028T113319_N0511_R080_T28QCH_20251028T134111.SAFE,C:\Users\Simon\Nextcloud\Project\Mauritania\Science\Arguin - FieldWork Data Processing\Data\S2\Sen2Cor\S2B_MSIL2A_20251028T113319_N0511_R080_T28QCH_20251028T134111.zip,374,9885,4248,342485.0,2201185.0,0.24020000000000002,0.3044,0.3728,0.46280000000000004,0.5161,0.5161,0.5395,0.5528000000000001,0.5594,0.5686,0.5743,0.4279
2025-10-28,Arel,Sen2Cor,S2B_MSIL2A_20251028T113319_N0511_R080_T28QCH_20251028T134111.SAFE,C:\Users\Simon\Nextcloud\Project\Mauritania\Science\Arguin - FieldWork Data Processing\Data\S2\Sen2Cor\S2B_MSIL2A_20251028T113319_N0511_R080_T28QCH_20251028T134111.zip,375,9885,4249,342495.0,2201185.0,0.24020000000000002,0.3084,0.3728,0.4672,0.5161,0.5161,0.5395,0.5624,0.5594,0.5686,0.5743,0.4279
2025-10-28,Arel,Sen2Cor,S2B_MSIL2A_20251028T113319_N0511_R080_T28QCH_20251028T134111.SAFE,C:\Users\Simon\Nextcloud\Project\Mauritania\Science\Arguin - FieldWork Data Processing\Data\S2\Sen2Cor\S2B_MSIL2A_20251028T113319_N0511_R080_T28QCH_20251028T134111.zip,376,9885,4250,342505.0,2201185.0,0.25630000000000003,0.3164,0.38,0.47640000000000005,0.5217,0.5241,0.5418000000000001,0.5724,0.5678000000000001,0.5686,0.5840000000000001,0.4303
2025-10-28,Arel,Sen2Cor,S2B_MSIL2A_20251028T113319_N0511_R080_T28QCH_20251028T134111.SAFE,C:\Users\Simon\Nextcloud\Project\Mauritania\Science\Arguin - FieldWork Data Processing\Data\S2\Sen2Cor\S2B_MSIL2A_20251028T113319_N0511_R080_T28QCH_20251028T134111.zip,377,9885,4251,342515.0,2201185.0,0.25630000000000003,0.31,0.3768,0.4696,0.5217,0.5241,0.5418000000000001,0.5736,0.5678000000000001,0.5686,0.5840000000000001,0.4303
2025-10-28,Arel,Sen2Cor,S2B_MSIL2A_20251028T113319_N0511_R080_T28QCH_20251028T134111.SAFE,C:\Users\Simon\Nextcloud\Project\Mauritania\Science\Arguin - FieldWork Data Processing\Data\S2\Sen2Cor\S2B_MSIL2A_20251028T113319_N0511_R080_T28QCH_20251028T134111.zip,378,9885,4252,342525.0,2201185.0,0.2605,0.304,0.368,0.4632,0.5244,0.5272,0.5449,0.5668000000000001,0.5711,0.5686,0.5955,0.4359
2025-10-28,Arel,Sen2Cor,S2B_MSIL2A_20251028T113319_N0511_R080_T28QCH_20251028T134111.SAFE,C:\Users\Simon\Nextcloud\Project\Mauritania\Science\Arguin - FieldWork Data Processing\Data\S2\Sen2Cor\S2B_MSIL2A_20251028T113319_N0511_R080_T28QCH_20251028T134111.zip,379,9885,4253,342535.0,2201185.0,0.2605,0.31920000000000004,0.38280000000000003,0.4792,0.5244,0.5272,0.5449,0.5836,0.5711,0.5686,0.5955,0.4359
2025-10-28,Arel,Sen2Cor,S2B_MSIL2A_20251028T113319_N0511_R080_T28QCH_20251028T134111.SAFE,C:\Users\Simon\Nextcloud\Project\Mauritania\Science\Arguin - FieldWork Data Processing\Data\S2\Sen2Cor\S2B_MSIL2A_20251028T113319_N0511_R080_T28QCH_20251028T134111.zip,380,9885,4254,342545.0,2201185.0,0.2549,0.3312,0.394,0.4844,0.5296000000000001,0.5323,0.5548000000000001,0.5840000000000001,0.5795,0.5631,0.5940000000000001,0.43670000000000003
2025-10-28,Arel,Sen2Cor,S2B_MSIL2A_20251028T113319_N0511_R080_T28QCH_20251028T134111.SAFE,C:\Users\Simon\Nextcloud\Project\Mauritania\Science\Arguin - FieldWork Data Processing\Data\S2\Sen2Cor\S2B_MSIL2A_20251028T113319_N0511_R080_T28QCH_20251028T134111.zip,381,9885,4255,342555.0,2201185.0,0.2549,0.3416,0.39840000000000003,0.4872,0.5296000000000001,0.5323,0.5548000000000001,0.5836,0.5795,0.5631,0.5940000000000001,0.43670000000000003
2025-10-28,Arel,Sen2Cor,S2B_MSIL2A_20251028T113319_N0511_R080_T28QCH_20251028T134111.SAFE,C:\Users\Simon\Nextcloud\Project\Mauritania\Science\Arguin - FieldWork Data Processing\Data\S2\Sen2Cor\S2B_MSIL2A_20251028T113319_N0511_R080_T28QCH_20251028T134111.zip,382,9885,4256,342565.0,2201185.0,0.2482,0.33240000000000003,0.38720000000000004,0.4772,0.5046,0.5103,0.5361,0.5724,0.5659000000000001,0.5631,0.5941000000000001,0.434
2025-10-28,Arel,Sen2Cor,S2B_MSIL2A_20251028T113319_N0511_R080_T28QCH_20251028T134111.SAFE,C:\Users\Simon\Nextcloud\Project\Mauritania\Science\Arguin - FieldWork Data Processing\Data\S2\Sen2Cor\S2B_MSIL2A_20251028T113319_N0511_R080_T28QCH_20251028T134111.zip,383,9885,4257,342575.0,2201185.0,0.2482,0.304,0.3588,0.446,0.5046,0.5103,0.5361,0.5468000000000001,0.5659000000000001,0.5631,0.5941000000000001,0.434
2025-10-28,Arel,Sen2Cor,S2B_MSIL2A_20251028T113319_N0511_R080_T28QCH_20251028T134111.SAFE,C:\Users\Simon\Nextcloud\Project\Mauritania\Science\Arguin - FieldWork Data Processing\Data\S2\Sen2Cor\S2B_MSIL2A_20251028T113319_N0511_R080_T28QCH_20251028T134111.zip,384,9885,4258,342585.0,2201185.0,0.24020000000000002,0.26580000000000004,0.32320000000000004,0.406,0.46580000000000005,0.47300000000000003,0.48910000000000003,0.5108,0.5226000000000001,0.5631,0.5924,0.4349
2025-10-28,Arel,Sen2Cor,S2B_MSIL2A_20251028T113319_N0511_R080_T28QCH_20251028T134111.SAFE,C:\Users\Simon\Nextcloud\Project\Mauritania\Science\Arguin - FieldWork Data Processing\Data\S2\Sen2Cor\S2B_MSIL2A_20251028T113319_N0511_R080_T28QCH_20251028T134111.zip,385,9885,4259,342595.0,2201185.0,0.24020000000000002,0.2634,0.3148,0.39680000000000004,0.46580000000000005,0.47300000000000003,0.48910000000000003,0.5088,0.5226000000000001,0.5631,0.5924,0.4349
2025-10-28,Arel,Sen2Cor,S2B_MSIL2A_20251028T113319_N0511_R080_T28QCH_20251028T134111.SAFE,C:\Users\Simon\Nextcloud\Project\Mauritania\Science\Arguin - FieldWork Data Processing\Data\S2\Sen2Cor\S2B_MSIL2A_20251028T113319_N0511_R080_T28QCH_20251028T134111.zip,386,9885,4260,342605.0,2201185.0,0.23020000000000002,0.2796,0.3332,0.42560000000000003,0.47350000000000003,0.48700000000000004,0.5177,0.5456,0.5562,0.5556,0.5938,0.42210000000000003
2025-10-28,Arel,Sen2Cor,S2B_MSIL2A_20251028T113319_N0511_R080_T28QCH_20251028T134111.SAFE,C:\Users\Simon\Nextcloud\Project\Mauritania\Science\Arguin - FieldWork Data Processing\Data\S2\Sen2Cor\S2B_MSIL2A_20251028T113319_N0511_R080_T28QCH_20251028T134111.zip,387,9885,4261,342615.0,2201185.0,0.23020000000000002,0.2788,0.3436,0.4328,0.47350000000000003,0.48700000000000004,0.5177,0.5556,0.5562,0.5556,0.5938,0.42210000000000003
2025-10-28,Arel,Sen2Cor,S2B_MSIL2A_20251028T113319_N0511_R080_T28QCH_20251028T134111.SAFE,C:\Users\Simon\Nextcloud\Project\Mauritania\Science\Arguin - FieldWork Data Processing\Data\S2\Sen2Cor\S2B_MSIL2A_20251028T113319_N0511_R080_T28QCH_20251028T134111.zip,388,9885,4262,342625.0,2201185.0,0.22240000000000001,0.2676,0.3312,0.4284,0.4808,0.4918,0.5175000000000001,0.5568000000000001,0.5587,0.5556,0.5947,0.4107
2025-10-28,Arel,Sen2Cor,S2B_MSIL2A_20251028T113319_N0511_R080_T28QCH_20251028T134111.SAFE,C:\Users\Simon\Nextcloud\Project\Mauritania\Science\Arguin - FieldWork Data Processing\Data\S2\Sen2Cor\S2B_MSIL2A_20251028T113319_N0511_R080_T28QCH_20251028T134111.zip,389,9885,4263,342635.0,2201185.0,0.22240000000000001,0.26880000000000004,0.328,0.4232,0.4808,0.4918,0.5175000000000001,0.5524,0.5587,0.5556,0.5947,0.4107
2025-10-28,Arel,Sen2Cor,S2B_MSIL2A_20251028T113319_N0511_R080_T28QCH_20251028T134111.SAFE,C:\Users\Simon\Nextcloud\Project\Mauritania\Science\Arguin - FieldWork Data Processing\Data\S2\Sen2Cor\S2B_MSIL2A_20251028T113319_N0511_R080_T28QCH_20251028T134111.zip,390,9885,4264,342645.0,2201185.0,0.21910000000000002,0.2796,0.3356,0.4228,0.4646,0.4773,0.5113,0.5484,0.5542,0.5556,0.5898,0.39980000000000004
2025-10-28,Arel,Sen2Cor,S2B_MSIL2A_20251028T113319_N0511_R080_T28QCH_20251028T134111.SAFE,C:\Users\Simon\Nextcloud\Project\Mauritania\Science\Arguin - FieldWork Data Processing\Data\S2\Sen2Cor\S2B_MSIL2A_20251028T113319_N0511_R080_T28QCH_20251028T134111.zip,391,9885,4265,342655.0,2201185.0,0.21910000000000002,0.27540000000000003,0.3352,0.41800000000000004,0.4646,0.4773,0.5113,0.5428000000000001,0.5542,0.5556,0.5898,0.39980000000000004
2025-10-28,Arel,Sen2Cor,S2B_MSIL2A_20251028T113319_N0511_R080_T28QCH_20251028T134111.SAFE,C:\Users\Simon\Nextcloud\Project\Mauritania\Science\Arguin - FieldWork Data Processing\Data\S2\Sen2Cor\S2B_MSIL2A_20251028T113319_N0511_R080_T28QCH_20251028T134111.zip,392,9885,4266,342665.0,2201185.0,0.217,0.2556,0.31320000000000003,0.40080000000000005,0.4474,0.4635,0.4912,0.5324,0.5413,0.5511,0.5923,0.3986
2025-10-28,Arel,Sen2Cor,S2B_MSIL2A_20251028T113319_N0511_R080_T28QCH_20251028T134111.SAFE,C:\Users\Simon\Nextcloud\Project\Mauritania\Science\Arguin - FieldWork Data Processing\Data\S2\Sen2Cor\S2B_MSIL2A_20251028T113319_N0511_R080_T28QCH_20251028T134111.zip,393,9885,4267,342675.0,2201185.0,0.217,0.24100000000000002,0.2974,0.38680000000000003,0.4474,0.4635,0.4912,0.5252,0.5413,0.5511,0.5923,0.3986
2025-10-28,Arel,Sen2Cor,S2B_MSIL2A_20251028T113319_N0511_R080_T28QCH_20251028T134111.SAFE,C:\Users\Simon\Nextcloud\Project\Mauritania\Science\Arguin - FieldWork Data Processing\Data\S2\Sen2Cor\S2B_MSIL2A_20251028T113319_N0511_R080_T28QCH_20251028T134111.zip,394,9885,4268,342685.0,2201185.0,0.2165,0.252,0.3068,0.398,0.45740000000000003,0.46950000000000003,0.5029,0.5316000000000001,0.5496,0.5511,0.5977,0.4183
2025-10-28,Arel,Sen2Cor,S2B_MSIL2A_20251028T113319_N0511_R080_T28QCH_20251028T134111.SAFE,C:\Users\Simon\Nextcloud\Project\Mauritania\Science\Arguin - FieldWork Data Processing\Data\S2\Sen2Cor\S2B_MSIL2A_20251028T113319_N0511_R080_T28QCH_20251028T134111.zip,395,9885,4269,342695.0,2201185.0,0.2165,0.2584,0.3144,0.40840000000000004,0.45740000000000003,0.46950000000000003,0.5029,0.5316000000000001,0.5496,0.5511,0.5977,0.4183
2025-10-28,Arel,Sen2Cor,S2B_MSIL2A_20251028T113319_N0511_R080_T28QCH_20251028T134111.SAFE,C:\Users\Simon\Nextcloud\Project\Mauritania\Science\Arguin - FieldWork Data Processing\Data\S2\Sen2Cor\S2B_MSIL2A_20251028T113319_N0511_R080_T28QCH_20251028T134111.zip,396,9885,4270,342705.0,2201185.0,0.21710000000000002,0.2656,0.3196,0.4136,0.46640000000000004,0.4807,0.5103,0.5424,0.5495,0.5511,0.5971000000000001,0.4163
2025-10-28,Arel,Sen2Cor,S2B_MSIL2A_20251028T113319_N0511_R080_T28QCH_20251028T134111.SAFE,C:\Users\Simon\Nextcloud\Project\Mauritania\Science\Arguin - FieldWork Data Processing\Data\S2\Sen2Cor\S2B_MSIL2A_20251028T113319_N0511_R080_T28QCH_20251028T134111.zip,397,9885,4271,342715.0,2201185.0,0.21710000000000002,0.2792,0.3388,0.42760000000000004,0.46640000000000004,0.4807,0.5103,0.5468000000000001,0.5495,0.5511,0.5971000000000001,0.4163
2025-10-28,Arel,Sen2Cor,S2B_MSIL2A_20251028T113319_N0511_R080_T28QCH_20251028T134111.SAFE,C:\Users\Simon\Nextcloud\Project\Mauritania\Science\Arguin - FieldWork Data Processing\Data\S2\Sen2Cor\S2B_MSIL2A_20251028T113319_N0511_R080_T28QCH_20251028T134111.zip,398,9885,4272,342725.0,2201185.0,0.219,0.2798,0.3372,0.4364,0.47700000000000004,0.48810000000000003,0.5233,0.5636,0.5699000000000001,0.5694,0.5993,0.406
2025-10-28,Arel,Sen2Cor,S2B_MSIL2A_20251028T113319_N0511_R080_T28QCH_20251028T134111.SAFE,C:\Users\Simon\Nextcloud\Project\Mauritania\Science\Arguin - FieldWork Data Processing\Data\S2\Sen2Cor\S2B_MSIL2A_20251028T113319_N0511_R080_T28QCH_20251028T134111.zip,399,9885,4273,342735.0,2201185.0,0.219,0.2798,0.3376,0.442,0.47700000000000004,0.48810000000000003,0.5233,0.5736,0.5699000000000001,0.5694,0.5993,0.406
2025-10-28,Arel,Sen2Cor,S2B_MSIL2A_20251028T113319_N0511_R080_T28QCH_20251028T134111.SAFE,C:\Users\Simon\Nextcloud\Project\Mauritania\Science\Arguin - FieldWork Data Processing\Data\S2\Sen2Cor\S2B_MSIL2A_20251028T113319_N0511_R080_T28QCH_20251028T134111.zip,400,9885,4274,342745.0,2201185.0,0.21430000000000002,0.2634,0.3236,0.42000000000000004,0.4731,0.4887,0.5163,0.5596,0.5668000000000001,0.5694,0.6068,0.4132
2025-10-28,Arel,Sen2Cor,S2B_MSIL2A_20251028T113319_N0511_R080_T28QCH_20251028T134111.SAFE,C:\Users\Simon\Nextcloud\Project\Mauritania\Science\Arguin - FieldWork Data Processing\Data\S2\Sen2Cor\S2B_MSIL2A_20251028T113319_N0511_R080_T28QCH_20251028T134111.zip,401,9885,4275,342755.0,2201185.0,0.21430000000000002,0.25680000000000003,0.32080000000000003,0.42000000000000004,0.4731,0.4887,0.5163,0.5568000000000001,0.5668000000000001,0.5694,0.6068,0.4132
2025-10-28,Arel,Sen2Cor,S2B_MSIL2A_20251028T113319_N0511_R080_T28QCH_20251028T134111.SAFE,C:\Users\Simon\Nextcloud\Project\Mauritania\Science\Arguin - FieldWork Data Processing\Data\S2\Sen2Cor\S2B_MSIL2A_20251028T113319_N0511_R080_T28QCH_20251028T134111.zip,402,9885,4276,342765.0,2201185.0,0.19940000000000002,0.263,0.3264,0.4244,0.4662,0.47750000000000004,0.5107,0.56,0.5525,0.5694,0.6077,0.4423
2025-10-28,Arel,Sen2Cor,S2B_MSIL2A_20251028T113319_N0511_R080_T28QCH_20251028T134111.SAFE,C:\Users\Simon\Nextcloud\Project\Mauritania\Science\Arguin - FieldWork Data Processing\Data\S2\Sen2Cor\S2B_MSIL2A_20251028T113319_N0511_R080_T28QCH_20251028T134111.zip,403,9885,4277,342775.0,2201185.0,0.19940000000000002,0.2452,0.302,0.40040000000000003,0.4662,0.47750000000000004,0.5107,0.5352,0.5525,0.5694,0.6077,0.4423
2025-10-28,Arel,Sen2Cor,S2B_MSIL2A_20251028T113319_N0511_R080_T28QCH_20251028T134111.SAFE,C:\Users\Simon\Nextcloud\Project\Mauritania\Science\Arguin - FieldWork Data Processing\Data\S2\Sen2Cor\S2B_MSIL2A_20251028T113319_N0511_R080_T28QCH_20251028T134111.zip,404,9885,4278,342785.0,2201185.0,0.17880000000000001,0.23420000000000002,0.2862,0.3884,0.4395,0.4565,0.48950000000000005,0.5248,0.5271,0.4703,0.6034,0.4516
2025-10-28,Arel,Sen2Cor,S2B_MSIL2A_20251028T113319_N0511_R080_T28QCH_20251028T134111.SAFE,C:\Users\Simon\Nextcloud\Project\Mauritania\Science\Arguin - FieldWork Data Processing\Data\S2\Sen2Cor\S2B_MSIL2A_20251028T113319_N0511_R080_T28QCH_20251028T134111.zip,405,9886,4247,342475.0,2201175.0,0.2079,0.2788,0.3428,0.444,0.49160000000000004,0.4933,0.5142,0.5428000000000001,0.5366000000000001,0.4495,0.5669000000000001,0.43010000000000004
2025-10-28,Arel,Sen2Cor,S2B_MSIL2A_20251028T113319_N0511_R080_T28QCH_20251028T134111.SAFE,C:\Users\Simon\Nextcloud\Project\Mauritania\Science\Arguin - FieldWork Data Processing\Data\S2\Sen2Cor\S2B_MSIL2A_20251028T113319_N0511_R080_T28QCH_20251028T134111.zip,406,9886,4248,342485.0,2201175.0,0.23220000000000002,0.2858,0.34840000000000004,0.44880000000000003,0.5095000000000001,0.5174,0.5367000000000001,0.5524,0.5637,0.5686,0.6023000000000001,0.46040000000000003
2025-10-28,Arel,Sen2Cor,S2B_MSIL2A_20251028T113319_N0511_R080_T28QCH_20251028T134111.SAFE,C:\Users\Simon\Nextcloud\Project\Mauritania\Science\Arguin - FieldWork Data Processing\Data\S2\Sen2Cor\S2B_MSIL2A_20251028T113319_N0511_R080_T28QCH_20251028T134111.zip,407,9886,4249,342495.0,2201175.0,0.23220000000000002,0.29300000000000004,0.3564,0.46040000000000003,0.5095000000000001,0.5174,0.5367000000000001,0.5664,0.5637,0.5686,0.6023000000000001,0.46040000000000003
2025-10-28,Arel,Sen2Cor,S2B_MSIL2A_20251028T113319_N0511_R080_T28QCH_20251028T134111.SAFE,C:\Users\Simon\Nextcloud\Project\Mauritania\Science\Arguin - FieldWork Data Processing\Data\S2\Sen2Cor\S2B_MSIL2A_20251028T113319_N0511_R080_T28QCH_20251028T134111.zip,408,9886,4250,342505.0,2201175.0,0.2469,0.29460000000000003,0.364,0.4676,0.5141,0.5223,0.5468000000000001,0.5744,0.5760000000000001,0.5686,0.6093000000000001,0.4616
2025-10-28,Arel,Sen2Cor,S2B_MSIL2A_20251028T113319_N0511_R080_T28QCH_20251028T134111.SAFE,C:\Users\Simon\Nextcloud\Project\Mauritania\Science\Arguin - FieldWork Data Processing\Data\S2\Sen2Cor\S2B_MSIL2A_20251028T113319_N0511_R080_T28QCH_20251028T134111.zip,409,9886,4251,342515.0,2201175.0,0.2469,0.30860000000000004,0.36960000000000004,0.47200000000000003,0.5141,0.5223,0.5468000000000001,0.5776,0.5760000000000001,0.5686,0.6093000000000001,0.4616
2025-10-28,Arel,Sen2Cor,S2B_MSIL2A_20251028T113319_N0511_R080_T28QCH_20251028T134111.SAFE,C:\Users\Simon\Nextcloud\Project\Mauritania\Science\Arguin - FieldWork Data Processing\Data\S2\Sen2Cor\S2B_MSIL2A_20251028T113319_N0511_R080_T28QCH_20251028T134111.zip,410,9886,4252,342525.0,2201175.0,0.2494,0.29860000000000003,0.3672,0.4716,0.5181,0.5257000000000001,0.5483,0.5788,0.5721,0.5686,0.6049,0.4525
2025-10-28,Arel,Sen2Cor,S2B_MSIL2A_20251028T113319_N0511_R080_T28QCH_20251028T134111.SAFE,C:\Users\Simon\Nextcloud\Project\Mauritania\Science\Arguin - FieldWork Data Processing\Data\S2\Sen2Cor\S2B_MSIL2A_20251028T113319_N0511_R080_T28QCH_20251028T134111.zip,411,9886,4253,342535.0,2201175.0,0.2494,0.30960000000000004,0.3796,0.47840000000000005,0.5181,0.5257000000000001,0.5483,0.5876,0.5721,0.5686,0.6049,0.4525
2025-10-28,Arel,Sen2Cor,S2B_MSIL2A_20251028T113319_N0511_R080_T28QCH_20251028T134111.SAFE,C:\Users\Simon\Nextcloud\Project\Mauritania\Science\Arguin - FieldWork Data Processing\Data\S2\Sen2Cor\S2B_MSIL2A_20251028T113319_N0511_R080_T28QCH_20251028T134111.zip,412,9886,4254,342545.0,2201175.0,0.2441,0.3244,0.38680000000000003,0.48160000000000003,0.5113,0.5138,0.5394,0.5768,0.5646,0.5631,0.5926,0.4383
2025-10-28,Arel,Sen2Cor,S2B_MSIL2A_20251028T113319_N0511_R080_T28QCH_20251028T134111.SAFE,C:\Users\Simon\Nextcloud\Project\Mauritania\Science\Arguin - FieldWork Data Processing\Data\S2\Sen2Cor\S2B_MSIL2A_20251028T113319_N0511_R080_T28QCH_20251028T134111.zip,413,9886,4255,342555.0,2201175.0,0.2441,0.3296,0.3864,0.47600000000000003,0.5113,0.5138,0.5394,0.5700000000000001,0.5646,0.5631,0.5926,0.4383
2025-10-28,Arel,Sen2Cor,S2B_MSIL2A_20251028T113319_N0511_R080_T28QCH_20251028T134111.SAFE,C:\Users\Simon\Nextcloud\Project\Mauritania\Science\Arguin - FieldWork Data Processing\Data\S2\Sen2Cor\S2B_MSIL2A_20251028T113319_N0511_R080_T28QCH_20251028T134111.zip,414,9886,4256,342565.0,2201175.0,0.23720000000000002,0.3164,0.3804,0.46840000000000004,0.4959,0.49450000000000005,0.5183,0.5664,0.5506,0.5631,0.5959,0.44
2025-10-28,Arel,Sen2Cor,S2B_MSIL2A_20251028T113319_N0511_R080_T28QCH_20251028T134111.SAFE,C:\Users\Simon\Nextcloud\Project\Mauritania\Science\Arguin - FieldWork Data Processing\Data\S2\Sen2Cor\S2B_MSIL2A_20251028T113319_N0511_R080_T28QCH_20251028T134111.zip,415,9886,4257,342575.0,2201175.0,0.23720000000000002,0.30660000000000004,0.36560000000000004,0.452,0.4959,0.49450000000000005,0.5183,0.5536,0.5506,0.5631,0.5959,0.44
2025-10-28,Arel,Sen2Cor,S2B_MSIL2A_20251028T113319_N0511_R080_T28QCH_20251028T134111.SAFE,C:\Users\Simon\Nextcloud\Project\Mauritania\Science\Arguin - FieldWork Data Processing\Data\S2\Sen2Cor\S2B_MSIL2A_20251028T113319_N0511_R080_T28QCH_20251028T134111.zip,416,9886,4258,342585.0,2201175.0,0.2301,0.27640000000000003,0.3356,0.4168,0.46280000000000004,0.4677,0.4933,0.524,0.5317000000000001,0.5631,0.5951000000000001,0.4379
2025-10-28,Arel,Sen2Cor,S2B_MSIL2A_20251028T113319_N0511_R080_T28QCH_20251028T134111.SAFE,C:\Users\Simon\Nextcloud\Project\Mauritania\Science\Arguin - FieldWork Data Processing\Data\S2\Sen2Cor\S2B_MSIL2A_20251028T113319_N0511_R080_T28QCH_20251028T134111.zip,417,9886,4259,342595.0,2201175.0,0.2301,0.2644,0.31720000000000004,0.40280000000000005,0.46280000000000004,0.4677,0.4933,0.5148,0.5317000000000001,0.5631,0.5951000000000001,0.4379
2025-10-28,Arel,Sen2Cor,S2B_MSIL2A_20251028T113319_N0511_R080_T28QCH_20251028T134111.SAFE,C:\Users\Simon\Nextcloud\Project\Mauritania\Science\Arguin - FieldWork Data Processing\Data\S2\Sen2Cor\S2B_MSIL2A_20251028T113319_N0511_R080_T28QCH_20251028T134111.zip,418,9886,4260,342605.0,2201175.0,0.2205,0.27240000000000003,0.3216,0.4176,0.4514,0.466,0.4964,0.5396000000000001,0.5429,0.5556,0.5904,0.4031
2025-10-28,Arel,Sen2Cor,S2B_MSIL2A_20251028T113319_N0511_R080_T28QCH_20251028T134111.SAFE,C:\Users\Simon\Nextcloud\Project\Mauritania\Science\Arguin - FieldWork Data Processing\Data\S2\Sen2Cor\S2B_MSIL2A_20251028T113319_N0511_R080_T28QCH_20251028T134111.zip,419,9886,4261,342615.0,2201175.0,0.2205,0.2624,0.3244,0.4112,0.4514,0.466,0.4964,0.5424,0.5429,0.5556,0.5904,0.4031
2025-10-28,Arel,Sen2Cor,S2B_MSIL2A_20251028T113319_N0511_R080_T28QCH_20251028T134111.SAFE,C:\Users\Simon\Nextcloud\Project\Mauritania\Science\Arguin - FieldWork Data Processing\Data\S2\Sen2Cor\S2B_MSIL2A_20251028T113319_N0511_R080_T28QCH_20251028T134111.zip,420,9886,4262,342625.0,2201175.0,0.21450000000000002,0.2546,0.3148,0.4116,0.46590000000000004,0.4782,0.507,0.5456,0.5522,0.5556,0.5953,0.39490000000000003
2025-10-28,Arel,Sen2Cor,S2B_MSIL2A_20251028T113319_N0511_R080_T28QCH_20251028T134111.SAFE,C:\Users\Simon\Nextcloud\Project\Mauritania\Science\Arguin - FieldWork Data Processing\Data\S2\Sen2Cor\S2B_MSIL2A_20251028T113319_N0511_R080_T28QCH_20251028T134111.zip,421,9886,4263,342635.0,2201175.0,0.21450000000000002,0.2626,0.32320000000000004,0.4192,0.46590000000000004,0.4782,0.507,0.55,0.5522,0.5556,0.5953,0.39490000000000003
2025-10-28,Arel,Sen2Cor,S2B_MSIL2A_20251028T113319_N0511_R080_T28QCH_20251028T134111.SAFE,C:\Users\Simon\Nextcloud\Project\Mauritania\Science\Arguin - FieldWork Data Processing\Data\S2\Sen2Cor\S2B_MSIL2A_20251028T113319_N0511_R080_T28QCH_20251028T134111.zip,422,9886,4264,342645.0,2201175.0,0.2131,0.26480000000000004,0.3164,0.4148,0.457,0.4692,0.5043,0.5516,0.5532,0.5556,0.595,0.4016
2025-10-28,Arel,Sen2Cor,S2B_MSIL2A_20251028T113319_N0511_R080_T28QCH_20251028T134111.SAFE,C:\Users\Simon\Nextcloud\Project\Mauritania\Science\Arguin - FieldWork Data Processing\Data\S2\Sen2Cor\S2B_MSIL2A_20251028T113319_N0511_R080_T28QCH_20251028T134111.zip,423,9886,4265,342655.0,2201175.0,0.2131,0.2654,0.32,0.41200000000000003,0.457,0.4692,0.5043,0.5448000000000001,0.5532,0.5556,0.595,0.4016
2025-10-28,Arel,Sen2Cor,S2B_MSIL2A_20251028T113319_N0511_R080_T28QCH_20251028T134111.SAFE,C:\Users\Simon\Nextcloud\Project\Mauritania\Science\Arguin - FieldWork Data Processing\Data\S2\Sen2Cor\S2B_MSIL2A_20251028T113319_N0511_R080_T28QCH_20251028T134111.zip,424,9886,4266,342665.0,2201175.0,0.2142,0.25420000000000004,0.305,0.39640000000000003,0.4403,0.453,0.48400000000000004,0.5316000000000001,0.5339,0.5511,0.5971000000000001,0.4173
2025-10-28,Arel,Sen2Cor,S2B_MSIL2A_20251028T113319_N0511_R080_T28QCH_20251028T134111.SAFE,C:\Users\Simon\Nextcloud\Project\Mauritania\Science\Arguin - FieldWork Data Processing\Data\S2\Sen2Cor\S2B_MSIL2A_20251028T113319_N0511_R080_T28QCH_20251028T134111.zip,425,9886,4267,342675.0,2201175.0,0.2142,0.24020000000000002,0.2974,0.38480000000000003,0.4403,0.453,0.48400000000000004,0.5248,0.5339,0.5511,0.5971000000000001,0.4173
2025-10-28,Arel,Sen2Cor,S2B_MSIL2A_20251028T113319_N0511_R080_T28QCH_20251028T134111.SAFE,C:\Users\Simon\Nextcloud\Project\Mauritania\Science\Arguin - FieldWork Data Processing\Data\S2\Sen2Cor\S2B_MSIL2A_20251028T113319_N0511_R080_T28QCH_20251028T134111.zip,426,9886,4268,342685.0,2201175.0,0.2139,0.23700000000000002,0.29300000000000004,0.39,0.4428,0.4556,0.4868,0.5196000000000001,0.5362,0.5511,0.5991000000000001,0.4248
2025-10-28,Arel,Sen2Cor,S2B_MSIL2A_20251028T113319_N0511_R080_T28QCH_20251028T134111.SAFE,C:\Users\Simon\Nextcloud\Project\Mauritania\Science\Arguin - FieldWork Data Processing\Data\S2\Sen2Cor\S2B_MSIL2A_20251028T113319_N0511_R080_T28QCH_20251028T134111.zip,427,9886,4269,342695.0,2201175.0,0.2139,0.253,0.3068,0.40640000000000004,0.4428,0.4556,0.4868,0.5316000000000001,0.5362,0.5511,0.5991000000000001,0.4248
2025-10-28,Arel,Sen2Cor,S2B_MSIL2A_20251028T113319_N0511_R080_T28QCH_20251028T134111.SAFE,C:\Users\Simon\Nextcloud\Project\Mauritania\Science\Arguin - FieldWork Data Processing\Data\S2\Sen2Cor\S2B_MSIL2A_20251028T113319_N0511_R080_T28QCH_20251028T134111.zip,428,9886,4270,342705.0,2201175.0,0.21530000000000002,0.26180000000000003,0.3196,0.4108,0.4731,0.47890000000000005,0.5166000000000001,0.544,0.5583,0.5511,0.5981000000000001,0.4111
2025-10-28,Arel,Sen2Cor,S2B_MSIL2A_20251028T113319_N0511_R080_T28QCH_20251028T134111.SAFE,C:\Users\Simon\Nextcloud\Project\Mauritania\Science\Arguin - FieldWork Data Processing\Data\S2\Sen2Cor\S2B_MSIL2A_20251028T113319_N0511_R080_T28QCH_20251028T134111.zip,429,9886,4271,342715.0,2201175.0,0.21530000000000002,0.268,0.336,0.42960000000000004,0.4731,0.47890000000000005,0.5166000000000001,0.548,0.5583,0.5511,0.5981000000000001,0.4111
2025-10-28,Arel,Sen2Cor,S2B_MSIL2A_20251028T113319_N0511_R080_T28QCH_20251028T134111.SAFE,C:\Users\Simon\Nextcloud\Project\Mauritania\Science\Arguin - FieldWork Data Processing\Data\S2\Sen2Cor\S2B_MSIL2A_20251028T113319_N0511_R080_T28QCH_20251028T134111.zip,430,9886,4272,342725.0,2201175.0,0.2162,0.2832,0.34240000000000004,0.43960000000000005,0.49570000000000003,0.505,0.5347000000000001,0.5684,0.5801000000000001,0.5694,0.603,0.4
2025-10-28,Arel,Sen2Cor,S2B_MSIL2A_20251028T113319_N0511_R080_T28QCH_20251028T134111.SAFE,C:\Users\Simon\Nextcloud\Project\Mauritania\Science\Arguin - FieldWork Data Processing\Data\S2\Sen2Cor\S2B_MSIL2A_20251028T113319_N0511_R080_T28QCH_20251028T134111.zip,431,9886,4273,342735.0,2201175.0,0.2162,0.2894,0.35600000000000004,0.45280000000000004,0.49570000000000003,0.505,0.5347000000000001,0.5796,0.5801000000000001,0.5694,0.603,0.4
2025-10-28,Arel,Sen2Cor,S2B_MSIL2A_20251028T113319_N0511_R080_T28QCH_20251028T134111.SAFE,C:\Users\Simon\Nextcloud\Project\Mauritania\Science\Arguin - FieldWork Data Processing\Data\S2\Sen2Cor\S2B_MSIL2A_20251028T113319_N0511_R080_T28QCH_20251028T134111.zip,432,9886,4274,342745.0,2201175.0,0.2102,0.27240000000000003,0.34240000000000004,0.43320000000000003,0.4872,0.4948,0.5237,0.5668000000000001,0.5632,0.5694,0.6048,0.4151
2025-10-28,Arel,Sen2Cor,S2B_MSIL2A_20251028T113319_N0511_R080_T28QCH_20251028T134111.SAFE,C:\Users\Simon\Nextcloud\Project\Mauritania\Science\Arguin - FieldWork Data Processing\Data\S2\Sen2Cor\S2B_MSIL2A_20251028T113319_N0511_R080_T28QCH_20251028T134111.zip,433,9886,4275,342755.0,2201175.0,0.2102,0.26180000000000003,0.33280000000000004,0.42560000000000003,0.4872,0.4948,0.5237,0.5584,0.5632,0.5694,0.6048,0.4151
2025-10-28,Arel,Sen2Cor,S2B_MSIL2A_20251028T113319_N0511_R080_T28QCH_20251028T134111.SAFE,C:\Users\Simon\Nextcloud\Project\Mauritania\Science\Arguin - FieldWork Data Processing\Data\S2\Sen2Cor\S2B_MSIL2A_20251028T113319_N0511_R080_T28QCH_20251028T134111.zip,434,9886,4276,342765.0,2201175.0,0.1943,0.2696,0.3332,0.4312,0.46640000000000004,0.48160000000000003,0.5125000000000001,0.5584,0.554,0.5694,0.604,0.43310000000000004
2025-10-28,Arel,Sen2Cor,S2B_MSIL2A_20251028T113319_N0511_R080_T28QCH_20251028T134111.SAFE,C:\Users\Simon\Nextcloud\Project\Mauritania\Science\Arguin - FieldWork Data Processing\Data\S2\Sen2Cor\S2B_MSIL2A_20251028T113319_N0511_R080_T28QCH_20251028T134111.zip,435,9886,4277,342775.0,2201175.0,0.1943,0.25680000000000003,0.3196,0.4152,0.46640000000000004,0.48160000000000003,0.5125000000000001,0.5488000000000001,0.554,0.5694,0.604,0.43310000000000004
2025-10-28,Arel,Sen2Cor,S2B_MSIL2A_20251028T113319_N0511_R080_T28QCH_20251028T134111.SAFE,C:\Users\Simon\Nextcloud\Project\Mauritania\Science\Arguin - FieldWork Data Processing\Data\S2\Sen2Cor\S2B_MSIL2A_20251028T113319_N0511_R080_T28QCH_20251028T134111.zip,436,9887,4247,342475.0,2201165.0,0.2079,0.277,0.34440000000000004,0.4444,0.49160000000000004,0.4933,0.5142,0.5548000000000001,0.5366000000000001,0.4495,0.5669000000000001,0.43010000000000004
2025-10-28,Arel,Sen2Cor,S2B_MSIL2A_20251028T113319_N0511_R080_T28QCH_20251028T134111.SAFE,C:\Users\Simon\Nextcloud\Project\Mauritania\Science\Arguin - FieldWork Data Processing\Data\S2\Sen2Cor\S2B_MSIL2A_20251028T113319_N0511_R080_T28QCH_20251028T134111.zip,437,9887,4248,342485.0,2201165.0,0.23220000000000002,0.278,0.3456,0.4504,0.5095000000000001,0.5174,0.5367000000000001,0.5664,0.5637,0.5686,0.6023000000000001,0.46040000000000003
2025-10-28,Arel,Sen2Cor,S2B_MSIL2A_20251028T113319_N0511_R080_T28QCH_20251028T134111.SAFE,C:\Users\Simon\Nextcloud\Project\Mauritania\Science\Arguin - FieldWork Data Processing\Data\S2\Sen2Cor\S2B_MSIL2A_20251028T113319_N0511_R080_T28QCH_20251028T134111.zip,438,9887,4249,342495.0,2201165.0,0.23220000000000002,0.2852,0.3556,0.46480000000000005,0.5095000000000001,0.5174,0.5367000000000001,0.5780000000000001,0.5637,0.5686,0.6023000000000001,0.46040000000000003
2025-10-28,Arel,Sen2Cor,S2B_MSIL2A_20251028T113319_N0511_R080_T28QCH_20251028T134111.SAFE,C:\Users\Simon\Nextcloud\Project\Mauritania\Science\Arguin - FieldWork Data Processing\Data\S2\Sen2Cor\S2B_MSIL2A_20251028T113319_N0511_R080_T28QCH_20251028T134111.zip,439,9887,4250,342505.0,2201165.0,0.2469,0.2788,0.3568,0.4632,0.5141,0.5223,0.5468000000000001,0.5732,0.5760000000000001,0.5686,0.6093000000000001,0.4616
2025-10-28,Arel,Sen2Cor,S2B_MSIL2A_20251028T113319_N0511_R080_T28QCH_20251028T134111.SAFE,C:\Users\Simon\Nextcloud\Project\Mauritania\Science\Arguin - FieldWork Data Processing\Data\S2\Sen2Cor\S2B_MSIL2A_20251028T113319_N0511_R080_T28QCH_20251028T134111.zip,440,9887,4251,342515.0,2201165.0,0.2469,0.30060000000000003,0.376,0.4768,0.5141,0.5223,0.5468000000000001,0.5796,0.5760000000000001,0.5686,0.6093000000000001,0.4616
2025-10-28,Arel,Sen2Cor,S2B_MSIL2A_20251028T113319_N0511_R080_T28QCH_20251028T134111.SAFE,C:\Users\Simon\Nextcloud\Project\Mauritania\Science\Arguin - FieldWork Data Processing\Data\S2\Sen2Cor\S2B_MSIL2A_20251028T113319_N0511_R080_T28QCH_20251028T134111.zip,441,9887,4252,342525.0,2201165.0,0.2494,0.31,0.3776,0.4772,0.5181,0.5257000000000001,0.5483,0.5856,0.5721,0.5686,0.6049,0.4525
2025-10-28,Arel,Sen2Cor,S2B_MSIL2A_20251028T113319_N0511_R080_T28QCH_20251028T134111.SAFE,C:\Users\Simon\Nextcloud\Project\Mauritania\Science\Arguin - FieldWork Data Processing\Data\S2\Sen2Cor\S2B_MSIL2A_20251028T113319_N0511_R080_T28QCH_20251028T134111.zip,442,9887,4253,342535.0,2201165.0,0.2494,0.31120000000000003,0.37920000000000004,0.4736,0.5181,0.5257000000000001,0.5483,0.5804,0.5721,0.5686,0.6049,0.4525
2025-10-28,Arel,Sen2Cor,S2B_MSIL2A_20251028T113319_N0511_R080_T28QCH_20251028T134111.SAFE,C:\Users\Simon\Nextcloud\Project\Mauritania\Science\Arguin - FieldWork Data Processing\Data\S2\Sen2Cor\S2B_MSIL2A_20251028T113319_N0511_R080_T28QCH_20251028T134111.zip,443,9887,4254,342545.0,2201165.0,0.2441,0.3012,0.37120000000000003,0.46280000000000004,0.5113,0.5138,0.5394,0.5648000000000001,0.5646,0.5631,0.5926,0.4383
2025-10-28,Arel,Sen2Cor,S2B_MSIL2A_20251028T113319_N0511_R080_T28QCH_20251028T134111.SAFE,C:\Users\Simon\Nextcloud\Project\Mauritania\Science\Arguin - FieldWork Data Processing\Data\S2\Sen2Cor\S2B_MSIL2A_20251028T113319_N0511_R080_T28QCH_20251028T134111.zip,444,9887,4255,342555.0,2201165.0,0.2441,0.2858,0.3544,0.4496,0.5113,0.5138,0.5394,0.5532,0.5646,0.5631,0.5926,0.4383
2025-10-28,Arel,Sen2Cor,S2B_MSIL2A_20251028T113319_N0511_R080_T28QCH_20251028T134111.SAFE,C:\Users\Simon\Nextcloud\Project\Mauritania\Science\Arguin - FieldWork Data Processing\Data\S2\Sen2Cor\S2B_MSIL2A_20251028T113319_N0511_R080_T28QCH_20251028T134111.zip,445,9887,4256,342565.0,2201165.0,0.23720000000000002,0.29660000000000003,0.3604,0.45520000000000005,0.4959,0.49450000000000005,0.5183,0.5528000000000001,0.5506,0.5631,0.5959,0.44
2025-10-28,Arel,Sen2Cor,S2B_MSIL2A_20251028T113319_N0511_R080_T28QCH_20251028T134111.SAFE,C:\Users\Simon\Nextcloud\Project\Mauritania\Science\Arguin - FieldWork Data Processing\Data\S2\Sen2Cor\S2B_MSIL2A_20251028T113319_N0511_R080_T28QCH_20251028T134111.zip,446,9887,4257,342575.0,2201165.0,0.23720000000000002,0.2962,0.3588,0.44920000000000004,0.4959,0.49450000000000005,0.5183,0.5516,0.5506,0.5631,0.5959,0.44
2025-10-28,Arel,Sen2Cor,S2B_MSIL2A_20251028T113319_N0511_R080_T28QCH_20251028T134111.SAFE,C:\Users\Simon\Nextcloud\Project\Mauritania\Science\Arguin - FieldWork Data Processing\Data\S2\Sen2Cor\S2B_MSIL2A_20251028T113319_N0511_R080_T28QCH_20251028T134111.zip,447,9887,4258,342585.0,2201165.0,0.2301,0.28340000000000004,0.34240000000000004,0.4288,0.46280000000000004,0.4677,0.4933,0.5372,0.5317000000000001,0.5631,0.5951000000000001,0.4379
2025-10-28,Arel,Sen2Cor,S2B_MSIL2A_20251028T113319_N0511_R080_T28QCH_20251028T134111.SAFE,C:\Users\Simon\Nextcloud\Project\Mauritania\Science\Arguin - FieldWork Data Processing\Data\S2\Sen2Cor\S2B_MSIL2A_20251028T113319_N0511_R080_T28QCH_20251028T134111.zip,448,9887,4259,342595.0,2201165.0,0.2301,0.2676,0.3292,0.4176,0.46280000000000004,0.4677,0.4933,0.5252,0.5317000000000001,0.5631,0.5951000000000001,0.4379
2025-10-28,Arel,Sen2Cor,S2B_MSIL2A_20251028T113319_N0511_R080_T28QCH_20251028T134111.SAFE,C:\Users\Simon\Nextcloud\Project\Mauritania\Science\Arguin - FieldWork Data Processing\Data\S2\Sen2Cor\S2B_MSIL2A_20251028T113319_N0511_R080_T28QCH_20251028T134111.zip,449,9887,4260,342605.0,2201165.0,0.2205,0.269,0.3236,0.41240000000000004,0.4514,0.466,0.4964,0.5332,0.5429,0.5556,0.5904,0.4031
2025-10-28,Arel,Sen2Cor,S2B_MSIL2A_20251028T113319_N0511_R080_T28QCH_20251028T134111.SAFE,C:\Users\Simon\Nextcloud\Project\Mauritania\Science\Arguin - FieldWork Data Processing\Data\S2\Sen2Cor\S2B_MSIL2A_20251028T113319_N0511_R080_T28QCH_20251028T134111.zip,450,9887,4261,342615.0,2201165.0,0.2205,0.271,0.3168,0.4036,0.4514,0.466,0.4964,0.5308,0.5429,0.5556,0.5904,0.4031
2025-10-28,Arel,Sen2Cor,S2B_MSIL2A_20251028T113319_N0511_R080_T28QCH_20251028T134111.SAFE,C:\Users\Simon\Nextcloud\Project\Mauritania\Science\Arguin - FieldWork Data Processing\Data\S2\Sen2Cor\S2B_MSIL2A_20251028T113319_N0511_R080_T28QCH_20251028T134111.zip,451,9887,4262,342625.0,2201165.0,0.21450000000000002,0.257,0.32120000000000004,0.41240000000000004,0.46590000000000004,0.4782,0.507,0.5472,0.5522,0.5556,0.5953,0.39490000000000003
2025-10-28,Arel,Sen2Cor,S2B_MSIL2A_20251028T113319_N0511_R080_T28QCH_20251028T134111.SAFE,C:\Users\Simon\Nextcloud\Project\Mauritania\Science\Arguin - FieldWork Data Processing\Data\S2\Sen2Cor\S2B_MSIL2A_20251028T113319_N0511_R080_T28QCH_20251028T134111.zip,452,9887,4263,342635.0,2201165.0,0.21450000000000002,0.2642,0.33080000000000004,0.4244,0.46590000000000004,0.4782,0.507,0.5612,0.5522,0.5556,0.5953,0.39490000000000003
2025-10-28,Arel,Sen2Cor,S2B_MSIL2A_20251028T113319_N0511_R080_T28QCH_20251028T134111.SAFE,C:\Users\Simon\Nextcloud\Project\Mauritania\Science\Arguin - FieldWork Data Processing\Data\S2\Sen2Cor\S2B_MSIL2A_20251028T113319_N0511_R080_T28QCH_20251028T134111.zip,453,9887,4264,342645.0,2201165.0,0.2131,0.2456,0.3108,0.41040000000000004,0.457,0.4692,0.5043,0.5516,0.5532,0.5556,0.595,0.4016
2025-10-28,Arel,Sen2Cor,S2B_MSIL2A_20251028T113319_N0511_R080_T28QCH_20251028T134111.SAFE,C:\Users\Simon\Nextcloud\Project\Mauritania\Science\Arguin - FieldWork Data Processing\Data\S2\Sen2Cor\S2B_MSIL2A_20251028T113319_N0511_R080_T28QCH_20251028T134111.zip,454,9887,4265,342655.0,2201165.0,0.2131,0.24400000000000002,0.3108,0.4052,0.457,0.4692,0.5043,0.54,0.5532,0.5556,0.595,0.4016
2025-10-28,Arel,Sen2Cor,S2B_MSIL2A_20251028T113319_N0511_R080_T28QCH_20251028T134111.SAFE,C:\Users\Simon\Nextcloud\Project\Mauritania\Science\Arguin - FieldWork Data Processing\Data\S2\Sen2Cor\S2B_MSIL2A_20251028T113319_N0511_R080_T28QCH_20251028T134111.zip,455,9887,4266,342665.0,2201165.0,0.2142,0.253,0.3068,0.3996,0.4403,0.453,0.48400000000000004,0.5336000000000001,0.5339,0.5511,0.5971000000000001,0.4173
2025-10-28,Arel,Sen2Cor,S2B_MSIL2A_20251028T113319_N0511_R080_T28QCH_20251028T134111.SAFE,C:\Users\Simon\Nextcloud\Project\Mauritania\Science\Arguin - FieldWork Data Processing\Data\S2\Sen2Cor\S2B_MSIL2A_20251028T113319_N0511_R080_T28QCH_20251028T134111.zip,456,9887,4267,342675.0,2201165.0,0.2142,0.23520000000000002,0.2962,0.386,0.4403,0.453,0.48400000000000004,0.526,0.5339,0.5511,0.5971000000000001,0.4173
2025-10-28,Arel,Sen2Cor,S2B_MSIL2A_20251028T113319_N0511_R080_T28QCH_20251028T134111.SAFE,C:\Users\Simon\Nextcloud\Project\Mauritania\Science\Arguin - FieldWork Data Processing\Data\S2\Sen2Cor\S2B_MSIL2A_20251028T113319_N0511_R080_T28QCH_20251028T134111.zip,457,9887,4268,342685.0,2201165.0,0.2139,0.2366,0.2958,0.3896,0.4428,0.4556,0.4868,0.5176000000000001,0.5362,0.5511,0.5991000000000001,0.4248
2025-10-28,Arel,Sen2Cor,S2B_MSIL2A_20251028T113319_N0511_R080_T28QCH_20251028T134111.SAFE,C:\Users\Simon\Nextcloud\Project\Mauritania\Science\Arguin - FieldWork Data Processing\Data\S2\Sen2Cor\S2B_MSIL2A_20251028T113319_N0511_R080_T28QCH_20251028T134111.zip,458,9887,4269,342695.0,2201165.0,0.2139,0.25980000000000003,0.31320000000000003,0.40840000000000004,0.4428,0.4556,0.4868,0.5356000000000001,0.5362,0.5511,0.5991000000000001,0.4248
2025-10-28,Arel,Sen2Cor,S2B_MSIL2A_20251028T113319_N0511_R080_T28QCH_20251028T134111.SAFE,C:\Users\Simon\Nextcloud\Project\Mauritania\Science\Arguin - FieldWork Data Processing\Data\S2\Sen2Cor\S2B_MSIL2A_20251028T113319_N0511_R080_T28QCH_20251028T134111.zip,459,9887,4270,342705.0,2201165.0,0.21530000000000002,0.2676,0.33,0.42000000000000004,0.4731,0.47890000000000005,0.5166000000000001,0.5484,0.5583,0.5511,0.5981000000000001,0.4111
2025-10-28,Arel,Sen2Cor,S2B_MSIL2A_20251028T113319_N0511_R080_T28QCH_20251028T134111.SAFE,C:\Users\Simon\Nextcloud\Project\Mauritania\Science\Arguin - FieldWork Data Processing\Data\S2\Sen2Cor\S2B_MSIL2A_20251028T113319_N0511_R080_T28QCH_20251028T134111.zip,460,9887,4271,342715.0,2201165.0,0.21530000000000002,0.2766,0.3408,0.4348,0.4731,0.47890000000000005,0.5166000000000001,0.5536,0.5583,0.5511,0.5981000000000001,0.4111
2025-10-28,Arel,Sen2Cor,S2B_MSIL2A_20251028T113319_N0511_R080_T28QCH_20251028T134111.SAFE,C:\Users\Simon\Nextcloud\Project\Mauritania\Science\Arguin - FieldWork Data Processing\Data\S2\Sen2Cor\S2B_MSIL2A_20251028T113319_N0511_R080_T28QCH_20251028T134111.zip,461,9887,4272,342725.0,2201165.0,0.2162,0.2938,0.3552,0.4572,0.49570000000000003,0.505,0.5347000000000001,0.5732,0.5801000000000001,0.5694,0.603,0.4
2025-10-28,Arel,Sen2Cor,S2B_MSIL2A_20251028T113319_N0511_R080_T28QCH_20251028T134111.SAFE,C:\Users\Simon\Nextcloud\Project\Mauritania\Science\Arguin - FieldWork Data Processing\Data\S2\Sen2Cor\S2B_MSIL2A_20251028T113319_N0511_R080_T28QCH_20251028T134111.zip,462,9887,4273,342735.0,2201165.0,0.2162,0.2908,0.3552,0.454,0.49570000000000003,0.505,0.5347000000000001,0.5820000000000001,0.5801000000000001,0.5694,0.603,0.4
2025-10-28,Arel,Sen2Cor,S2B_MSIL2A_20251028T113319_N0511_R080_T28QCH_20251028T134111.SAFE,C:\Users\Simon\Nextcloud\Project\Mauritania\Science\Arguin - FieldWork Data Processing\Data\S2\Sen2Cor\S2B_MSIL2A_20251028T113319_N0511_R080_T28QCH_20251028T134111.zip,463,9887,4274,342745.0,2201165.0,0.2102,0.2732,0.33640000000000003,0.44120000000000004,0.4872,0.4948,0.5237,0.562,0.5632,0.5694,0.6048,0.4151
2025-10-28,Arel,Sen2Cor,S2B_MSIL2A_20251028T113319_N0511_R080_T28QCH_20251028T134111.SAFE,C:\Users\Simon\Nextcloud\Project\Mauritania\Science\Arguin - FieldWork Data Processing\Data\S2\Sen2Cor\S2B_MSIL2A_20251028T113319_N0511_R080_T28QCH_20251028T134111.zip,464,9887,4275,342755.0,2201165.0,0.2102,0.2676,0.32880000000000004,0.4244,0.4872,0.4948,0.5237,0.554,0.5632,0.5694,0.6048,0.4151
2025-10-28,Arel,Sen2Cor,S2B_MSIL2A_20251028T113319_N0511_R080_T28QCH_20251028T134111.SAFE,C:\Users\Simon\Nextcloud\Project\Mauritania\Science\Arguin - FieldWork Data Processing\Data\S2\Sen2Cor\S2B_MSIL2A_20251028T113319_N0511_R080_T28QCH_20251028T134111.zip,465,9887,4276,342765.0,2201165.0,0.1943,0.28200000000000003,0.3408,0.4388,0.46640000000000004,0.48160000000000003,0.5125000000000001,0.5640000000000001,0.554,0.5694,0.604,0.43310000000000004
2025-10-28,Arel,Sen2Cor,S2B_MSIL2A_20251028T113319_N0511_R080_T28QCH_20251028T134111.SAFE,C:\Users\Simon\Nextcloud\Project\Mauritania\Science\Arguin - FieldWork Data Processing\Data\S2\Sen2Cor\S2B_MSIL2A_20251028T113319_N0511_R080_T28QCH_20251028T134111.zip,466,9887,4277,342775.0,2201165.0,0.1943,0.27080000000000004,0.3304,0.4272,0.46640000000000004,0.48160000000000003,0.5125000000000001,0.5528000000000001,0.554,0.5694,0.604,0.43310000000000004
2025-10-28,Arel,Sen2Cor,S2B_MSIL2A_20251028T113319_N0511_R080_T28QCH_20251028T134111.SAFE,C:\Users\Simon\Nextcloud\Project\Mauritania\Science\Arguin - FieldWork Data Processing\Data\S2\Sen2Cor\S2B_MSIL2A_20251028T113319_N0511_R080_T28QCH_20251028T134111.zip,467,9888,4247,342475.0,2201155.0,0.201,0.2898,0.36160000000000003,0.46840000000000004,0.5178,0.5203,0.5501,0.5772,0.5737,0.4592,0.6069,0.464
2025-10-28,Arel,Sen2Cor,S2B_MSIL2A_20251028T113319_N0511_R080_T28QCH_20251028T134111.SAFE,C:\Users\Simon\Nextcloud\Project\Mauritania\Science\Arguin - FieldWork Data Processing\Data\S2\Sen2Cor\S2B_MSIL2A_20251028T113319_N0511_R080_T28QCH_20251028T134111.zip,468,9888,4248,342485.0,2201155.0,0.22210000000000002,0.2868,0.3608,0.4708,0.5197,0.5245000000000001,0.5472,0.5848,0.5768,0.5561,0.6275000000000001,0.48410000000000003
2025-10-28,Arel,Sen2Cor,S2B_MSIL2A_20251028T113319_N0511_R080_T28QCH_20251028T134111.SAFE,C:\Users\Simon\Nextcloud\Project\Mauritania\Science\Arguin - FieldWork Data Processing\Data\S2\Sen2Cor\S2B_MSIL2A_20251028T113319_N0511_R080_T28QCH_20251028T134111.zip,469,9888,4249,342495.0,2201155.0,0.22210000000000002,0.2866,0.36160000000000003,0.47040000000000004,0.5197,0.5245000000000001,0.5472,0.5832,0.5768,0.5561,0.6275000000000001,0.48410000000000003
2025-10-28,Arel,Sen2Cor,S2B_MSIL2A_20251028T113319_N0511_R080_T28QCH_20251028T134111.SAFE,C:\Users\Simon\Nextcloud\Project\Mauritania\Science\Arguin - FieldWork Data Processing\Data\S2\Sen2Cor\S2B_MSIL2A_20251028T113319_N0511_R080_T28QCH_20251028T134111.zip,470,9888,4250,342505.0,2201155.0,0.23470000000000002,0.28,0.3528,0.45880000000000004,0.5062,0.5098,0.5333,0.5692,0.5632,0.5561,0.609,0.4632
2025-10-28,Arel,Sen2Cor,S2B_MSIL2A_20251028T113319_N0511_R080_T28QCH_20251028T134111.SAFE,C:\Users\Simon\Nextcloud\Project\Mauritania\Science\Arguin - FieldWork Data Processing\Data\S2\Sen2Cor\S2B_MSIL2A_20251028T113319_N0511_R080_T28QCH_20251028T134111.zip,471,9888,4251,342515.0,2201155.0,0.23470000000000002,0.29100000000000004,0.366,0.466,0.5062,0.5098,0.5333,0.5692,0.5632,0.5561,0.609,0.4632
2025-10-28,Arel,Sen2Cor,S2B_MSIL2A_20251028T113319_N0511_R080_T28QCH_20251028T134111.SAFE,C:\Users\Simon\Nextcloud\Project\Mauritania\Science\Arguin - FieldWork Data Processing\Data\S2\Sen2Cor\S2B_MSIL2A_20251028T113319_N0511_R080_T28QCH_20251028T134111.zip,472,9888,4252,342525.0,2201155.0,0.2363,0.302,0.3648,0.4652,0.4948,0.5013000000000001,0.5247,0.5672,0.5546,0.5561,0.5959,0.44520000000000004
2025-10-28,Arel,Sen2Cor,S2B_MSIL2A_20251028T113319_N0511_R080_T28QCH_20251028T134111.SAFE,C:\Users\Simon\Nextcloud\Project\Mauritania\Science\Arguin - FieldWork Data Processing\Data\S2\Sen2Cor\S2B_MSIL2A_20251028T113319_N0511_R080_T28QCH_20251028T134111.zip,473,9888,4253,342535.0,2201155.0,0.2363,0.29760000000000003,0.36160000000000003,0.45880000000000004,0.4948,0.5013000000000001,0.5247,0.5612,0.5546,0.5561,0.5959,0.44520000000000004
2025-10-28,Arel,Sen2Cor,S2B_MSIL2A_20251028T113319_N0511_R080_T28QCH_20251028T134111.SAFE,C:\Users\Simon\Nextcloud\Project\Mauritania\Science\Arguin - FieldWork Data Processing\Data\S2\Sen2Cor\S2B_MSIL2A_20251028T113319_N0511_R080_T28QCH_20251028T134111.zip,474,9888,4254,342545.0,2201155.0,0.2305,0.275,0.34400000000000003,0.4408,0.47350000000000003,0.48000000000000004,0.5094000000000001,0.548,0.5423,0.5393,0.5895,0.43610000000000004
2025-10-28,Arel,Sen2Cor,S2B_MSIL2A_20251028T113319_N0511_R080_T28QCH_20251028T134111.SAFE,C:\Users\Simon\Nextcloud\Project\Mauritania\Science\Arguin - FieldWork Data Processing\Data\S2\Sen2Cor\S2B_MSIL2A_20251028T113319_N0511_R080_T28QCH_20251028T134111.zip,475,9888,4255,342555.0,2201155.0,0.2305,0.26,0.3272,0.4244,0.47350000000000003,0.48000000000000004,0.5094000000000001,0.5392,0.5423,0.5393,0.5895,0.43610000000000004
2025-10-28,Arel,Sen2Cor,S2B_MSIL2A_20251028T113319_N0511_R080_T28QCH_20251028T134111.SAFE,C:\Users\Simon\Nextcloud\Project\Mauritania\Science\Arguin - FieldWork Data Processing\Data\S2\Sen2Cor\S2B_MSIL2A_20251028T113319_N0511_R080_T28QCH_20251028T134111.zip,476,9888,4256,342565.0,2201155.0,0.22410000000000002,0.2712,0.33680000000000004,0.43320000000000003,0.4733,0.48050000000000004,0.5086,0.544,0.5371,0.5393,0.5954,0.44620000000000004
2025-10-28,Arel,Sen2Cor,S2B_MSIL2A_20251028T113319_N0511_R080_T28QCH_20251028T134111.SAFE,C:\Users\Simon\Nextcloud\Project\Mauritania\Science\Arguin - FieldWork Data Processing\Data\S2\Sen2Cor\S2B_MSIL2A_20251028T113319_N0511_R080_T28QCH_20251028T134111.zip,477,9888,4257,342575.0,2201155.0,0.22410000000000002,0.27740000000000004,0.3376,0.4344,0.4733,0.48050000000000004,0.5086,0.5428000000000001,0.5371,0.5393,0.5954,0.44620000000000004
2025-10-28,Arel,Sen2Cor,S2B_MSIL2A_20251028T113319_N0511_R080_T28QCH_20251028T134111.SAFE,C:\Users\Simon\Nextcloud\Project\Mauritania\Science\Arguin - FieldWork Data Processing\Data\S2\Sen2Cor\S2B_MSIL2A_20251028T113319_N0511_R080_T28QCH_20251028T134111.zip,478,9888,4258,342585.0,2201155.0,0.2182,0.27740000000000004,0.34440000000000004,0.43760000000000004,0.4723,0.47900000000000004,0.5077,0.5396000000000001,0.5361,0.5393,0.5952000000000001,0.4375
2025-10-28,Arel,Sen2Cor,S2B_MSIL2A_20251028T113319_N0511_R080_T28QCH_20251028T134111.SAFE,C:\Users\Simon\Nextcloud\Project\Mauritania\Science\Arguin - FieldWork Data Processing\Data\S2\Sen2Cor\S2B_MSIL2A_20251028T113319_N0511_R080_T28QCH_20251028T134111.zip,479,9888,4259,342595.0,2201155.0,0.2182,0.2758,0.3372,0.42800000000000005,0.4723,0.47900000000000004,0.5077,0.5356000000000001,0.5361,0.5393,0.5952000000000001,0.4375
2025-10-28,Arel,Sen2Cor,S2B_MSIL2A_20251028T113319_N0511_R080_T28QCH_20251028T134111.SAFE,C:\Users\Simon\Nextcloud\Project\Mauritania\Science\Arguin - FieldWork Data Processing\Data\S2\Sen2Cor\S2B_MSIL2A_20251028T113319_N0511_R080_T28QCH_20251028T134111.zip,480,9888,4260,342605.0,2201155.0,0.2117,0.26880000000000004,0.324,0.41000000000000003,0.44380000000000003,0.45890000000000003,0.48900000000000005,0.5324,0.538,0.55,0.5901000000000001,0.39280000000000004
2025-10-28,Arel,Sen2Cor,S2B_MSIL2A_20251028T113319_N0511_R080_T28QCH_20251028T134111.SAFE,C:\Users\Simon\Nextcloud\Project\Mauritania\Science\Arguin - FieldWork Data Processing\Data\S2\Sen2Cor\S2B_MSIL2A_20251028T113319_N0511_R080_T28QCH_20251028T134111.zip,481,9888,4261,342615.0,2201155.0,0.2117,0.26680000000000004,0.316,0.398,0.44380000000000003,0.45890000000000003,0.48900000000000005,0.5284,0.538,0.55,0.5901000000000001,0.39280000000000004
2025-10-28,Arel,Sen2Cor,S2B_MSIL2A_20251028T113319_N0511_R080_T28QCH_20251028T134111.SAFE,C:\Users\Simon\Nextcloud\Project\Mauritania\Science\Arguin - FieldWork Data Processing\Data\S2\Sen2Cor\S2B_MSIL2A_20251028T113319_N0511_R080_T28QCH_20251028T134111.zip,482,9888,4262,342625.0,2201155.0,0.2073,0.2586,0.3176,0.4136,0.4718,0.47890000000000005,0.5112,0.5488000000000001,0.5573,0.55,0.6028,0.39530000000000004
2025-10-28,Arel,Sen2Cor,S2B_MSIL2A_20251028T113319_N0511_R080_T28QCH_20251028T134111.SAFE,C:\Users\Simon\Nextcloud\Project\Mauritania\Science\Arguin - FieldWork Data Processing\Data\S2\Sen2Cor\S2B_MSIL2A_20251028T113319_N0511_R080_T28QCH_20251028T134111.zip,483,9888,4263,342635.0,2201155.0,0.2073,0.2664,0.32880000000000004,0.42800000000000005,0.4718,0.47890000000000005,0.5112,0.5668000000000001,0.5573,0.55,0.6028,0.39530000000000004
2025-10-28,Arel,Sen2Cor,S2B_MSIL2A_20251028T113319_N0511_R080_T28QCH_20251028T134111.SAFE,C:\Users\Simon\Nextcloud\Project\Mauritania\Science\Arguin - FieldWork Data Processing\Data\S2\Sen2Cor\S2B_MSIL2A_20251028T113319_N0511_R080_T28QCH_20251028T134111.zip,484,9888,4264,342645.0,2201155.0,0.2074,0.2566,0.3128,0.41440000000000005,0.453,0.46940000000000004,0.5088,0.5572,0.5563,0.55,0.5974,0.392
2025-10-28,Arel,Sen2Cor,S2B_MSIL2A_20251028T113319_N0511_R080_T28QCH_20251028T134111.SAFE,C:\Users\Simon\Nextcloud\Project\Mauritania\Science\Arguin - FieldWork Data Processing\Data\S2\Sen2Cor\S2B_MSIL2A_20251028T113319_N0511_R080_T28QCH_20251028T134111.zip,485,9888,4265,342655.0,2201155.0,0.2074,0.2414,0.298,0.4016,0.453,0.46940000000000004,0.5088,0.5396000000000001,0.5563,0.55,0.5974,0.392
2025-10-28,Arel,Sen2Cor,S2B_MSIL2A_20251028T113319_N0511_R080_T28QCH_20251028T134111.SAFE,C:\Users\Simon\Nextcloud\Project\Mauritania\Science\Arguin - FieldWork Data Processing\Data\S2\Sen2Cor\S2B_MSIL2A_20251028T113319_N0511_R080_T28QCH_20251028T134111.zip,486,9888,4266,342665.0,2201155.0,0.2099,0.2508,0.3088,0.40240000000000004,0.4455,0.4591,0.4878,0.5384,0.5336000000000001,0.5553,0.5882000000000001,0.3986
2025-10-28,Arel,Sen2Cor,S2B_MSIL2A_20251028T113319_N0511_R080_T28QCH_20251028T134111.SAFE,C:\Users\Simon\Nextcloud\Project\Mauritania\Science\Arguin - FieldWork Data Processing\Data\S2\Sen2Cor\S2B_MSIL2A_20251028T113319_N0511_R080_T28QCH_20251028T134111.zip,487,9888,4267,342675.0,2201155.0,0.2099,0.24580000000000002,0.3012,0.3904,0.4455,0.4591,0.4878,0.526,0.5336000000000001,0.5553,0.5882000000000001,0.3986
2025-10-28,Arel,Sen2Cor,S2B_MSIL2A_20251028T113319_N0511_R080_T28QCH_20251028T134111.SAFE,C:\Users\Simon\Nextcloud\Project\Mauritania\Science\Arguin - FieldWork Data Processing\Data\S2\Sen2Cor\S2B_MSIL2A_20251028T113319_N0511_R080_T28QCH_20251028T134111.zip,488,9888,4268,342685.0,2201155.0,0.2102,0.2398,0.2954,0.388,0.4546,0.4647,0.49460000000000004,0.5172,0.5416000000000001,0.5553,0.5952000000000001,0.40750000000000003
2025-10-28,Arel,Sen2Cor,S2B_MSIL2A_20251028T113319_N0511_R080_T28QCH_20251028T134111.SAFE,C:\Users\Simon\Nextcloud\Project\Mauritania\Science\Arguin - FieldWork Data Processing\Data\S2\Sen2Cor\S2B_MSIL2A_20251028T113319_N0511_R080_T28QCH_20251028T134111.zip,489,9888,4269,342695.0,2201155.0,0.2102,0.252,0.3144,0.4072,0.4546,0.4647,0.49460000000000004,0.5352,0.5416000000000001,0.5553,0.5952000000000001,0.40750000000000003
2025-10-28,Arel,Sen2Cor,S2B_MSIL2A_20251028T113319_N0511_R080_T28QCH_20251028T134111.SAFE,C:\Users\Simon\Nextcloud\Project\Mauritania\Science\Arguin - FieldWork Data Processing\Data\S2\Sen2Cor\S2B_MSIL2A_20251028T113319_N0511_R080_T28QCH_20251028T134111.zip,490,9888,4270,342705.0,2201155.0,0.2112,0.27240000000000003,0.33440000000000003,0.4272,0.49520000000000003,0.5013000000000001,0.5306000000000001,0.5536,0.5695,0.5553,0.6009,0.41090000000000004
2025-10-28,Arel,Sen2Cor,S2B_MSIL2A_20251028T113319_N0511_R080_T28QCH_20251028T134111.SAFE,C:\Users\Simon\Nextcloud\Project\Mauritania\Science\Arguin - FieldWork Data Processing\Data\S2\Sen2Cor\S2B_MSIL2A_20251028T113319_N0511_R080_T28QCH_20251028T134111.zip,491,9888,4271,342715.0,2201155.0,0.2112,0.2878,0.3548,0.4572,0.49520000000000003,0.5013000000000001,0.5306000000000001,0.5752,0.5695,0.5553,0.6009,0.41090000000000004
2025-10-28,Arel,Sen2Cor,S2B_MSIL2A_20251028T113319_N0511_R080_T28QCH_20251028T134111.SAFE,C:\Users\Simon\Nextcloud\Project\Mauritania\Science\Arguin - FieldWork Data Processing\Data\S2\Sen2Cor\S2B_MSIL2A_20251028T113319_N0511_R080_T28QCH_20251028T134111.zip,492,9888,4272,342725.0,2201155.0,0.21200000000000002,0.3028,0.3784,0.4752,0.5049,0.5159,0.5389,0.5904,0.5784,0.528,0.6069,0.4083
2025-10-28,Arel,Sen2Cor,S2B_MSIL2A_20251028T113319_N0511_R080_T28QCH_20251028T134111.SAFE,C:\Users\Simon\Nextcloud\Project\Mauritania\Science\Arguin - FieldWork Data Processing\Data\S2\Sen2Cor\S2B_MSIL2A_20251028T113319_N0511_R080_T28QCH_20251028T134111.zip,493,9888,4273,342735.0,2201155.0,0.21200000000000002,0.2944,0.3604,0.45880000000000004,0.5049,0.5159,0.5389,0.5868,0.5784,0.528,0.6069,0.4083
2025-10-28,Arel,Sen2Cor,S2B_MSIL2A_20251028T113319_N0511_R080_T28QCH_20251028T134111.SAFE,C:\Users\Simon\Nextcloud\Project\Mauritania\Science\Arguin - FieldWork Data Processing\Data\S2\Sen2Cor\S2B_MSIL2A_20251028T113319_N0511_R080_T28QCH_20251028T134111.zip,494,9888,4274,342745.0,2201155.0,0.2044,0.2614,0.32880000000000004,0.4288,0.4581,0.4693,0.5057,0.5572,0.5462,0.528,0.5979,0.4113
2025-10-28,Arel,Sen2Cor,S2B_MSIL2A_20251028T113319_N0511_R080_T28QCH_20251028T134111.SAFE,C:\Users\Simon\Nextcloud\Project\Mauritania\Science\Arguin - FieldWork Data Processing\Data\S2\Sen2Cor\S2B_MSIL2A_20251028T113319_N0511_R080_T28QCH_20251028T134111.zip,495,9888,4275,342755.0,2201155.0,0.2044,0.24760000000000001,0.3062,0.402,0.4581,0.4693,0.5057,0.5376000000000001,0.5462,0.528,0.5979,0.4113
2025-10-28,Arel,Sen2Cor,S2B_MSIL2A_20251028T113319_N0511_R080_T28QCH_20251028T134111.SAFE,C:\Users\Simon\Nextcloud\Project\Mauritania\Science\Arguin - FieldWork Data Processing\Data\S2\Sen2Cor\S2B_MSIL2A_20251028T113319_N0511_R080_T28QCH_20251028T134111.zip,496,9888,4276,342765.0,2201155.0,0.18580000000000002,0.2454,0.30860000000000004,0.4036,0.43760000000000004,0.45990000000000003,0.49000000000000005,0.5376000000000001,0.5342,0.528,0.598,0.4207
2025-10-28,Arel,Sen2Cor,S2B_MSIL2A_20251028T113319_N0511_R080_T28QCH_20251028T134111.SAFE,C:\Users\Simon\Nextcloud\Project\Mauritania\Science\Arguin - FieldWork Data Processing\Data\S2\Sen2Cor\S2B_MSIL2A_20251028T113319_N0511_R080_T28QCH_20251028T134111.zip,497,9889,4247,342475.0,2201145.0,0.201,0.3002,0.36960000000000004,0.4812,0.5178,0.5203,0.5501,0.5968,0.5737,0.4592,0.6069,0.464
2025-10-28,Arel,Sen2Cor,S2B_MSIL2A_20251028T113319_N0511_R080_T28QCH_20251028T134111.SAFE,C:\Users\Simon\Nextcloud\Project\Mauritania\Science\Arguin - FieldWork Data Processing\Data\S2\Sen2Cor\S2B_MSIL2A_20251028T113319_N0511_R080_T28QCH_20251028T134111.zip,498,9889,4248,342485.0,2201145.0,0.22210000000000002,0.2868,0.36000000000000004,0.47200000000000003,0.5197,0.5245000000000001,0.5472,0.5848,0.5768,0.5561,0.6275000000000001,0.48410000000000003
2025-10-28,Arel,Sen2Cor,S2B_MSIL2A_20251028T113319_N0511_R080_T28QCH_20251028T134111.SAFE,C:\Users\Simon\Nextcloud\Project\Mauritania\Science\Arguin - FieldWork Data Processing\Data\S2\Sen2Cor\S2B_MSIL2A_20251028T113319_N0511_R080_T28QCH_20251028T134111.zip,499,9889,4249,342495.0,2201145.0,0.22210000000000002,0.2884,0.3568,0.46080000000000004,0.5197,0.5245000000000001,0.5472,0.5712,0.5768,0.5561,0.6275000000000001,0.48410000000000003
2025-10-28,Arel,Sen2Cor,S2B_MSIL2A_20251028T113319_N0511_R080_T28QCH_20251028T134111.SAFE,C:\Users\Simon\Nextcloud\Project\Mauritania\Science\Arguin - FieldWork Data Processing\Data\S2\Sen2Cor\S2B_MSIL2A_20251028T113319_N0511_R080_T28QCH_20251028T134111.zip,500,9889,4250,342505.0,2201145.0,0.23470000000000002,0.2802,0.3516,0.454,0.5062,0.5098,0.5333,0.5616,0.5632,0.5561,0.609,0.4632
2025-10-28,Arel,Sen2Cor,S2B_MSIL2A_20251028T113319_N0511_R080_T28QCH_20251028T134111.SAFE,C:\Users\Simon\Nextcloud\Project\Mauritania\Science\Arguin - FieldWork Data Processing\Data\S2\Sen2Cor\S2B_MSIL2A_20251028T113319_N0511_R080_T28QCH_20251028T134111.zip,501,9889,4251,342515.0,2201145.0,0.23470000000000002,0.281,0.3512,0.45280000000000004,0.5062,0.5098,0.5333,0.5584,0.5632,0.5561,0.609,0.4632
2025-10-28,Arel,Sen2Cor,S2B_MSIL2A_20251028T113319_N0511_R080_T28QCH_20251028T134111.SAFE,C:\Users\Simon\Nextcloud\Project\Mauritania\Science\Arguin - FieldWork Data Processing\Data\S2\Sen2Cor\S2B_MSIL2A_20251028T113319_N0511_R080_T28QCH_20251028T134111.zip,502,9889,4252,342525.0,2201145.0,0.2363,0.278,0.3408,0.4424,0.4948,0.5013000000000001,0.5247,0.5512,0.5546,0.5561,0.5959,0.44520000000000004
2025-10-28,Arel,Sen2Cor,S2B_MSIL2A_20251028T113319_N0511_R080_T28QCH_20251028T134111.SAFE,C:\Users\Simon\Nextcloud\Project\Mauritania\Science\Arguin - FieldWork Data Processing\Data\S2\Sen2Cor\S2B_MSIL2A_20251028T113319_N0511_R080_T28QCH_20251028T134111.zip,503,9889,4253,342535.0,2201145.0,0.2363,0.2768,0.3452,0.43960000000000005,0.4948,0.5013000000000001,0.5247,0.5464,0.5546,0.5561,0.5959,0.44520000000000004
2025-10-28,Arel,Sen2Cor,S2B_MSIL2A_20251028T113319_N0511_R080_T28QCH_20251028T134111.SAFE,C:\Users\Simon\Nextcloud\Project\Mauritania\Science\Arguin - FieldWork Data Processing\Data\S2\Sen2Cor\S2B_MSIL2A_20251028T113319_N0511_R080_T28QCH_20251028T134111.zip,504,9889,4254,342545.0,2201145.0,0.2305,0.2596,0.3272,0.4264,0.47350000000000003,0.48000000000000004,0.5094000000000001,0.536,0.5423,0.5393,0.5895,0.43610000000000004
2025-10-28,Arel,Sen2Cor,S2B_MSIL2A_20251028T113319_N0511_R080_T28QCH_20251028T134111.SAFE,C:\Users\Simon\Nextcloud\Project\Mauritania\Science\Arguin - FieldWork Data Processing\Data\S2\Sen2Cor\S2B_MSIL2A_20251028T113319_N0511_R080_T28QCH_20251028T134111.zip,505,9889,4255,342555.0,2201145.0,0.2305,0.2518,0.312,0.41000000000000003,0.47350000000000003,0.48000000000000004,0.5094000000000001,0.5356000000000001,0.5423,0.5393,0.5895,0.43610000000000004
2025-10-28,Arel,Sen2Cor,S2B_MSIL2A_20251028T113319_N0511_R080_T28QCH_20251028T134111.SAFE,C:\Users\Simon\Nextcloud\Project\Mauritania\Science\Arguin - FieldWork Data Processing\Data\S2\Sen2Cor\S2B_MSIL2A_20251028T113319_N0511_R080_T28QCH_20251028T134111.zip,506,9889,4256,342565.0,2201145.0,0.22410000000000002,0.2556,0.322,0.4148,0.4733,0.48050000000000004,0.5086,0.538,0.5371,0.5393,0.5954,0.44620000000000004
2025-10-28,Arel,Sen2Cor,S2B_MSIL2A_20251028T113319_N0511_R080_T28QCH_20251028T134111.SAFE,C:\Users\Simon\Nextcloud\Project\Mauritania\Science\Arguin - FieldWork Data Processing\Data\S2\Sen2Cor\S2B_MSIL2A_20251028T113319_N0511_R080_T28QCH_20251028T134111.zip,507,9889,4257,342575.0,2201145.0,0.22410000000000002,0.261,0.3264,0.4228,0.4733,0.48050000000000004,0.5086,0.5368,0.5371,0.5393,0.5954,0.44620000000000004
2025-10-28,Arel,Sen2Cor,S2B_MSIL2A_20251028T113319_N0511_R080_T28QCH_20251028T134111.SAFE,C:\Users\Simon\Nextcloud\Project\Mauritania\Science\Arguin - FieldWork Data Processing\Data\S2\Sen2Cor\S2B_MSIL2A_20251028T113319_N0511_R080_T28QCH_20251028T134111.zip,508,9889,4258,342585.0,2201145.0,0.2182,0.27540000000000003,0.3412,0.438,0.4723,0.47900000000000004,0.5077,0.5428000000000001,0.5361,0.5393,0.5952000000000001,0.4375
2025-10-28,Arel,Sen2Cor,S2B_MSIL2A_20251028T113319_N0511_R080_T28QCH_20251028T134111.SAFE,C:\Users\Simon\Nextcloud\Project\Mauritania\Science\Arguin - FieldWork Data Processing\Data\S2\Sen2Cor\S2B_MSIL2A_20251028T113319_N0511_R080_T28QCH_20251028T134111.zip,509,9889,4259,342595.0,2201145.0,0.2182,0.275,0.336,0.4312,0.4723,0.47900000000000004,0.5077,0.54,0.5361,0.5393,0.5952000000000001,0.4375
2025-10-28,Arel,Sen2Cor,S2B_MSIL2A_20251028T113319_N0511_R080_T28QCH_20251028T134111.SAFE,C:\Users\Simon\Nextcloud\Project\Mauritania\Science\Arguin - FieldWork Data Processing\Data\S2\Sen2Cor\S2B_MSIL2A_20251028T113319_N0511_R080_T28QCH_20251028T134111.zip,510,9889,4260,342605.0,2201145.0,0.2117,0.25120000000000003,0.3084,0.3992,0.44380000000000003,0.45890000000000003,0.48900000000000005,0.524,0.538,0.55,0.5901000000000001,0.39280000000000004
2025-10-28,Arel,Sen2Cor,S2B_MSIL2A_20251028T113319_N0511_R080_T28QCH_20251028T134111.SAFE,C:\Users\Simon\Nextcloud\Project\Mauritania\Science\Arguin - FieldWork Data Processing\Data\S2\Sen2Cor\S2B_MSIL2A_20251028T113319_N0511_R080_T28QCH_20251028T134111.zip,511,9889,4261,342615.0,2201145.0,0.2117,0.23720000000000002,0.2952,0.38280000000000003,0.44380000000000003,0.45890000000000003,0.48900000000000005,0.5196000000000001,0.538,0.55,0.5901000000000001,0.39280000000000004
2025-10-28,Arel,Sen2Cor,S2B_MSIL2A_20251028T113319_N0511_R080_T28QCH_20251028T134111.SAFE,C:\Users\Simon\Nextcloud\Project\Mauritania\Science\Arguin - FieldWork Data Processing\Data\S2\Sen2Cor\S2B_MSIL2A_20251028T113319_N0511_R080_T28QCH_20251028T134111.zip,512,9889,4262,342625.0,2201145.0,0.2073,0.2482,0.3094,0.40640000000000004,0.4718,0.47890000000000005,0.5112,0.5524,0.5573,0.55,0.6028,0.39530000000000004
2025-10-28,Arel,Sen2Cor,S2B_MSIL2A_20251028T113319_N0511_R080_T28QCH_20251028T134111.SAFE,C:\Users\Simon\Nextcloud\Project\Mauritania\Science\Arguin - FieldWork Data Processing\Data\S2\Sen2Cor\S2B_MSIL2A_20251028T113319_N0511_R080_T28QCH_20251028T134111.zip,513,9889,4263,342635.0,2201145.0,0.2073,0.2624,0.3256,0.42960000000000004,0.4718,0.47890000000000005,0.5112,0.5692,0.5573,0.55,0.6028,0.39530000000000004
2025-10-28,Arel,Sen2Cor,S2B_MSIL2A_20251028T113319_N0511_R080_T28QCH_20251028T134111.SAFE,C:\Users\Simon\Nextcloud\Project\Mauritania\Science\Arguin - FieldWork Data Processing\Data\S2\Sen2Cor\S2B_MSIL2A_20251028T113319_N0511_R080_T28QCH_20251028T134111.zip,514,9889,4264,342645.0,2201145.0,0.2074,0.2526,0.3148,0.4116,0.453,0.46940000000000004,0.5088,0.5556,0.5563,0.55,0.5974,0.392
2025-10-28,Arel,Sen2Cor,S2B_MSIL2A_20251028T113319_N0511_R080_T28QCH_20251028T134111.SAFE,C:\Users\Simon\Nextcloud\Project\Mauritania\Science\Arguin - FieldWork Data Processing\Data\S2\Sen2Cor\S2B_MSIL2A_20251028T113319_N0511_R080_T28QCH_20251028T134111.zip,515,9889,4265,342655.0,2201145.0,0.2074,0.23920000000000002,0.302,0.3992,0.453,0.46940000000000004,0.5088,0.5336000000000001,0.5563,0.55,0.5974,0.392
2025-10-28,Arel,Sen2Cor,S2B_MSIL2A_20251028T113319_N0511_R080_T28QCH_20251028T134111.SAFE,C:\Users\Simon\Nextcloud\Project\Mauritania\Science\Arguin - FieldWork Data Processing\Data\S2\Sen2Cor\S2B_MSIL2A_20251028T113319_N0511_R080_T28QCH_20251028T134111.zip,516,9889,4266,342665.0,2201145.0,0.2099,0.24880000000000002,0.312,0.4036,0.4455,0.4591,0.4878,0.5292,0.5336000000000001,0.5553,0.5882000000000001,0.3986
2025-10-28,Arel,Sen2Cor,S2B_MSIL2A_20251028T113319_N0511_R080_T28QCH_20251028T134111.SAFE,C:\Users\Simon\Nextcloud\Project\Mauritania\Science\Arguin - FieldWork Data Processing\Data\S2\Sen2Cor\S2B_MSIL2A_20251028T113319_N0511_R080_T28QCH_20251028T134111.zip,517,9889,4267,342675.0,2201145.0,0.2099,0.257,0.3044,0.39640000000000003,0.4455,0.4591,0.4878,0.5296000000000001,0.5336000000000001,0.5553,0.5882000000000001,0.3986
2025-10-28,Arel,Sen2Cor,S2B_MSIL2A_20251028T113319_N0511_R080_T28QCH_20251028T134111.SAFE,C:\Users\Simon\Nextcloud\Project\Mauritania\Science\Arguin - FieldWork Data Processing\Data\S2\Sen2Cor\S2B_MSIL2A_20251028T113319_N0511_R080_T28QCH_20251028T134111.zip,518,9889,4268,342685.0,2201145.0,0.2102,0.24960000000000002,0.3052,0.402,0.4546,0.4647,0.49460000000000004,0.5332,0.5416000000000001,0.5553,0.5952000000000001,0.40750000000000003
2025-10-28,Arel,Sen2Cor,S2B_MSIL2A_20251028T113319_N0511_R080_T28QCH_20251028T134111.SAFE,C:\Users\Simon\Nextcloud\Project\Mauritania\Science\Arguin - FieldWork Data Processing\Data\S2\Sen2Cor\S2B_MSIL2A_20251028T113319_N0511_R080_T28QCH_20251028T134111.zip,519,9889,4269,342695.0,2201145.0,0.2102,0.258,0.32080000000000003,0.4188,0.4546,0.4647,0.49460000000000004,0.548,0.5416000000000001,0.5553,0.5952000000000001,0.40750000000000003
2025-10-28,Arel,Sen2Cor,S2B_MSIL2A_20251028T113319_N0511_R080_T28QCH_20251028T134111.SAFE,C:\Users\Simon\Nextcloud\Project\Mauritania\Science\Arguin - FieldWork Data Processing\Data\S2\Sen2Cor\S2B_MSIL2A_20251028T113319_N0511_R080_T28QCH_20251028T134111.zip,520,9889,4270,342705.0,2201145.0,0.2112,0.2788,0.3388,0.4384,0.49520000000000003,0.5013000000000001,0.5306000000000001,0.5668000000000001,0.5695,0.5553,0.6009,0.41090000000000004
2025-10-28,Arel,Sen2Cor,S2B_MSIL2A_20251028T113319_N0511_R080_T28QCH_20251028T134111.SAFE,C:\Users\Simon\Nextcloud\Project\Mauritania\Science\Arguin - FieldWork Data Processing\Data\S2\Sen2Cor\S2B_MSIL2A_20251028T113319_N0511_R080_T28QCH_20251028T134111.zip,521,9889,4271,342715.0,2201145.0,0.2112,0.29000000000000004,0.3608,0.464,0.49520000000000003,0.5013000000000001,0.5306000000000001,0.5792,0.5695,0.5553,0.6009,0.41090000000000004
2025-10-28,Arel,Sen2Cor,S2B_MSIL2A_20251028T113319_N0511_R080_T28QCH_20251028T134111.SAFE,C:\Users\Simon\Nextcloud\Project\Mauritania\Science\Arguin - FieldWork Data Processing\Data\S2\Sen2Cor\S2B_MSIL2A_20251028T113319_N0511_R080_T28QCH_20251028T134111.zip,522,9889,4272,342725.0,2201145.0,0.21200000000000002,0.298,0.36560000000000004,0.46640000000000004,0.5049,0.5159,0.5389,0.5864,0.5784,0.528,0.6069,0.4083
2025-10-28,Arel,Sen2Cor,S2B_MSIL2A_20251028T113319_N0511_R080_T28QCH_20251028T134111.SAFE,C:\Users\Simon\Nextcloud\Project\Mauritania\Science\Arguin - FieldWork Data Processing\Data\S2\Sen2Cor\S2B_MSIL2A_20251028T113319_N0511_R080_T28QCH_20251028T134111.zip,523,9889,4273,342735.0,2201145.0,0.21200000000000002,0.2874,0.3508,0.44880000000000003,0.5049,0.5159,0.5389,0.5712,0.5784,0.528,0.6069,0.4083
2025-10-28,Arel,Sen2Cor,S2B_MSIL2A_20251028T113319_N0511_R080_T28QCH_20251028T134111.SAFE,C:\Users\Simon\Nextcloud\Project\Mauritania\Science\Arguin - FieldWork Data Processing\Data\S2\Sen2Cor\S2B_MSIL2A_20251028T113319_N0511_R080_T28QCH_20251028T134111.zip,524,9889,4274,342745.0,2201145.0,0.2044,0.24980000000000002,0.314,0.40640000000000004,0.4581,0.4693,0.5057,0.5424,0.5462,0.528,0.5979,0.4113
2025-10-28,Arel,Sen2Cor,S2B_MSIL2A_20251028T113319_N0511_R080_T28QCH_20251028T134111.SAFE,C:\Users\Simon\Nextcloud\Project\Mauritania\Science\Arguin - FieldWork Data Processing\Data\S2\Sen2Cor\S2B_MSIL2A_20251028T113319_N0511_R080_T28QCH_20251028T134111.zip,525,9889,4275,342755.0,2201145.0,0.2044,0.2308,0.2818,0.3804,0.4581,0.4693,0.5057,0.5308,0.5462,0.528,0.5979,0.4113
2025-10-28,Arel,Sen2Cor,S2B_MSIL2A_20251028T113319_N0511_R080_T28QCH_20251028T134111.SAFE,C:\Users\Simon\Nextcloud\Project\Mauritania\Science\Arguin - FieldWork Data Processing\Data\S2\Sen2Cor\S2B_MSIL2A_20251028T113319_N0511_R080_T28QCH_20251028T134111.zip,526,9889,4276,342765.0,2201145.0,0.18580000000000002,0.226,0.27640000000000003,0.3768,0.43760000000000004,0.45990000000000003,0.49000000000000005,0.5236000000000001,0.5342,0.528,0.598,0.4207
2025-10-28,Arel,Sen2Cor,S2B_MSIL2A_20251028T113319_N0511_R080_T28QCH_20251028T134111.SAFE,C:\Users\Simon\Nextcloud\Project\Mauritania\Science\Arguin - FieldWork Data Processing\Data\S2\Sen2Cor\S2B_MSIL2A_20251028T113319_N0511_R080_T28QCH_20251028T134111.zip,527,9890,4247,342475.0,2201135.0,0.19340000000000002,0.2812,0.35600000000000004,0.46480000000000005,0.5015000000000001,0.5048,0.5358,0.5832,0.5702,0.4592,0.6225,0.4718
2025-10-28,Arel,Sen2Cor,S2B_MSIL2A_20251028T113319_N0511_R080_T28QCH_20251028T134111.SAFE,C:\Users\Simon\Nextcloud\Project\Mauritania\Science\Arguin - FieldWork Data Processing\Data\S2\Sen2Cor\S2B_MSIL2A_20251028T113319_N0511_R080_T28QCH_20251028T134111.zip,528,9890,4248,342485.0,2201135.0,0.2131,0.278,0.35000000000000003,0.45680000000000004,0.496,0.5018,0.5277000000000001,0.5780000000000001,0.5611,0.5561,0.6172000000000001,0.4696
2025-10-28,Arel,Sen2Cor,S2B_MSIL2A_20251028T113319_N0511_R080_T28QCH_20251028T134111.SAFE,C:\Users\Simon\Nextcloud\Project\Mauritania\Science\Arguin - FieldWork Data Processing\Data\S2\Sen2Cor\S2B_MSIL2A_20251028T113319_N0511_R080_T28QCH_20251028T134111.zip,529,9890,4249,342495.0,2201135.0,0.2131,0.27740000000000004,0.3468,0.44880000000000003,0.496,0.5018,0.5277000000000001,0.5628000000000001,0.5611,0.5561,0.6172000000000001,0.4696
2025-10-28,Arel,Sen2Cor,S2B_MSIL2A_20251028T113319_N0511_R080_T28QCH_20251028T134111.SAFE,C:\Users\Simon\Nextcloud\Project\Mauritania\Science\Arguin - FieldWork Data Processing\Data\S2\Sen2Cor\S2B_MSIL2A_20251028T113319_N0511_R080_T28QCH_20251028T134111.zip,530,9890,4250,342505.0,2201135.0,0.225,0.27440000000000003,0.3428,0.4444,0.4888,0.4949,0.5193,0.5528000000000001,0.5509000000000001,0.5561,0.6005,0.43960000000000005
2025-10-28,Arel,Sen2Cor,S2B_MSIL2A_20251028T113319_N0511_R080_T28QCH_20251028T134111.SAFE,C:\Users\Simon\Nextcloud\Project\Mauritania\Science\Arguin - FieldWork Data Processing\Data\S2\Sen2Cor\S2B_MSIL2A_20251028T113319_N0511_R080_T28QCH_20251028T134111.zip,531,9890,4251,342515.0,2201135.0,0.225,0.2792,0.3432,0.44320000000000004,0.4888,0.4949,0.5193,0.5532,0.5509000000000001,0.5561,0.6005,0.43960000000000005
2025-10-28,Arel,Sen2Cor,S2B_MSIL2A_20251028T113319_N0511_R080_T28QCH_20251028T134111.SAFE,C:\Users\Simon\Nextcloud\Project\Mauritania\Science\Arguin - FieldWork Data Processing\Data\S2\Sen2Cor\S2B_MSIL2A_20251028T113319_N0511_R080_T28QCH_20251028T134111.zip,532,9890,4252,342525.0,2201135.0,0.2263,0.27640000000000003,0.3432,0.4388,0.4771,0.4833,0.515,0.5504,0.545,0.5561,0.5925,0.42560000000000003
2025-10-28,Arel,Sen2Cor,S2B_MSIL2A_20251028T113319_N0511_R080_T28QCH_20251028T134111.SAFE,C:\Users\Simon\Nextcloud\Project\Mauritania\Science\Arguin - FieldWork Data Processing\Data\S2\Sen2Cor\S2B_MSIL2A_20251028T113319_N0511_R080_T28QCH_20251028T134111.zip,533,9890,4253,342535.0,2201135.0,0.2263,0.2792,0.34440000000000004,0.43720000000000003,0.4771,0.4833,0.515,0.5488000000000001,0.545,0.5561,0.5925,0.42560000000000003
2025-10-28,Arel,Sen2Cor,S2B_MSIL2A_20251028T113319_N0511_R080_T28QCH_20251028T134111.SAFE,C:\Users\Simon\Nextcloud\Project\Mauritania\Science\Arguin - FieldWork Data Processing\Data\S2\Sen2Cor\S2B_MSIL2A_20251028T113319_N0511_R080_T28QCH_20251028T134111.zip,534,9890,4254,342545.0,2201135.0,0.22080000000000002,0.254,0.3196,0.41600000000000004,0.45330000000000004,0.4632,0.49520000000000003,0.5372,0.5322,0.5393,0.5939,0.43210000000000004
2025-10-28,Arel,Sen2Cor,S2B_MSIL2A_20251028T113319_N0511_R080_T28QCH_20251028T134111.SAFE,C:\Users\Simon\Nextcloud\Project\Mauritania\Science\Arguin - FieldWork Data Processing\Data\S2\Sen2Cor\S2B_MSIL2A_20251028T113319_N0511_R080_T28QCH_20251028T134111.zip,535,9890,4255,342555.0,2201135.0,0.22080000000000002,0.2378,0.2972,0.39640000000000003,0.45330000000000004,0.4632,0.49520000000000003,0.5284,0.5322,0.5393,0.5939,0.43210000000000004
2025-10-28,Arel,Sen2Cor,S2B_MSIL2A_20251028T113319_N0511_R080_T28QCH_20251028T134111.SAFE,C:\Users\Simon\Nextcloud\Project\Mauritania\Science\Arguin - FieldWork Data Processing\Data\S2\Sen2Cor\S2B_MSIL2A_20251028T113319_N0511_R080_T28QCH_20251028T134111.zip,536,9890,4256,342565.0,2201135.0,0.215,0.2364,0.29960000000000003,0.4,0.44780000000000003,0.4642,0.49450000000000005,0.5252,0.5357000000000001,0.5393,0.5984,0.4383
2025-10-28,Arel,Sen2Cor,S2B_MSIL2A_20251028T113319_N0511_R080_T28QCH_20251028T134111.SAFE,C:\Users\Simon\Nextcloud\Project\Mauritania\Science\Arguin - FieldWork Data Processing\Data\S2\Sen2Cor\S2B_MSIL2A_20251028T113319_N0511_R080_T28QCH_20251028T134111.zip,537,9890,4257,342575.0,2201135.0,0.215,0.25020000000000003,0.3128,0.4132,0.44780000000000003,0.4642,0.49450000000000005,0.5316000000000001,0.5357000000000001,0.5393,0.5984,0.4383
2025-10-28,Arel,Sen2Cor,S2B_MSIL2A_20251028T113319_N0511_R080_T28QCH_20251028T134111.SAFE,C:\Users\Simon\Nextcloud\Project\Mauritania\Science\Arguin - FieldWork Data Processing\Data\S2\Sen2Cor\S2B_MSIL2A_20251028T113319_N0511_R080_T28QCH_20251028T134111.zip,538,9890,4258,342585.0,2201135.0,0.20950000000000002,0.2644,0.33280000000000004,0.4312,0.46540000000000004,0.4777,0.5062,0.544,0.5428000000000001,0.5393,0.5935,0.4222
2025-10-28,Arel,Sen2Cor,S2B_MSIL2A_20251028T113319_N0511_R080_T28QCH_20251028T134111.SAFE,C:\Users\Simon\Nextcloud\Project\Mauritania\Science\Arguin - FieldWork Data Processing\Data\S2\Sen2Cor\S2B_MSIL2A_20251028T113319_N0511_R080_T28QCH_20251028T134111.zip,539,9890,4259,342595.0,2201135.0,0.20950000000000002,0.2686,0.33240000000000003,0.4272,0.46540000000000004,0.4777,0.5062,0.544,0.5428000000000001,0.5393,0.5935,0.4222
2025-10-28,Arel,Sen2Cor,S2B_MSIL2A_20251028T113319_N0511_R080_T28QCH_20251028T134111.SAFE,C:\Users\Simon\Nextcloud\Project\Mauritania\Science\Arguin - FieldWork Data Processing\Data\S2\Sen2Cor\S2B_MSIL2A_20251028T113319_N0511_R080_T28QCH_20251028T134111.zip,540,9890,4260,342605.0,2201135.0,0.2044,0.24600000000000002,0.3062,0.3992,0.4535,0.47240000000000004,0.49500000000000005,0.5316000000000001,0.5433,0.55,0.5937,0.4015
2025-10-28,Arel,Sen2Cor,S2B_MSIL2A_20251028T113319_N0511_R080_T28QCH_20251028T134111.SAFE,C:\Users\Simon\Nextcloud\Project\Mauritania\Science\Arguin - FieldWork Data Processing\Data\S2\Sen2Cor\S2B_MSIL2A_20251028T113319_N0511_R080_T28QCH_20251028T134111.zip,541,9890,4261,342615.0,2201135.0,0.2044,0.2338,0.29660000000000003,0.39480000000000004,0.4535,0.47240000000000004,0.49500000000000005,0.5308,0.5433,0.55,0.5937,0.4015
2025-10-28,Arel,Sen2Cor,S2B_MSIL2A_20251028T113319_N0511_R080_T28QCH_20251028T134111.SAFE,C:\Users\Simon\Nextcloud\Project\Mauritania\Science\Arguin - FieldWork Data Processing\Data\S2\Sen2Cor\S2B_MSIL2A_20251028T113319_N0511_R080_T28QCH_20251028T134111.zip,542,9890,4262,342625.0,2201135.0,0.20090000000000002,0.25620000000000004,0.3136,0.41800000000000004,0.47290000000000004,0.4839,0.5183,0.5612,0.5626,0.55,0.5989,0.3945
2025-10-28,Arel,Sen2Cor,S2B_MSIL2A_20251028T113319_N0511_R080_T28QCH_20251028T134111.SAFE,C:\Users\Simon\Nextcloud\Project\Mauritania\Science\Arguin - FieldWork Data Processing\Data\S2\Sen2Cor\S2B_MSIL2A_20251028T113319_N0511_R080_T28QCH_20251028T134111.zip,543,9890,4263,342635.0,2201135.0,0.20090000000000002,0.2664,0.3352,0.4368,0.47290000000000004,0.4839,0.5183,0.5708,0.5626,0.55,0.5989,0.3945
2025-10-28,Arel,Sen2Cor,S2B_MSIL2A_20251028T113319_N0511_R080_T28QCH_20251028T134111.SAFE,C:\Users\Simon\Nextcloud\Project\Mauritania\Science\Arguin - FieldWork Data Processing\Data\S2\Sen2Cor\S2B_MSIL2A_20251028T113319_N0511_R080_T28QCH_20251028T134111.zip,544,9890,4264,342645.0,2201135.0,0.20090000000000002,0.25420000000000004,0.3168,0.4184,0.4592,0.4756,0.5093,0.554,0.5545,0.55,0.5846,0.3688
2025-10-28,Arel,Sen2Cor,S2B_MSIL2A_20251028T113319_N0511_R080_T28QCH_20251028T134111.SAFE,C:\Users\Simon\Nextcloud\Project\Mauritania\Science\Arguin - FieldWork Data Processing\Data\S2\Sen2Cor\S2B_MSIL2A_20251028T113319_N0511_R080_T28QCH_20251028T134111.zip,545,9890,4265,342655.0,2201135.0,0.20090000000000002,0.2546,0.3124,0.4092,0.4592,0.4756,0.5093,0.5428000000000001,0.5545,0.55,0.5846,0.3688
2025-10-28,Arel,Sen2Cor,S2B_MSIL2A_20251028T113319_N0511_R080_T28QCH_20251028T134111.SAFE,C:\Users\Simon\Nextcloud\Project\Mauritania\Science\Arguin - FieldWork Data Processing\Data\S2\Sen2Cor\S2B_MSIL2A_20251028T113319_N0511_R080_T28QCH_20251028T134111.zip,546,9890,4266,342665.0,2201135.0,0.2024,0.25520000000000004,0.3104,0.4052,0.44770000000000004,0.45940000000000003,0.49620000000000003,0.5392,0.5468000000000001,0.5553,0.5814,0.3723
2025-10-28,Arel,Sen2Cor,S2B_MSIL2A_20251028T113319_N0511_R080_T28QCH_20251028T134111.SAFE,C:\Users\Simon\Nextcloud\Project\Mauritania\Science\Arguin - FieldWork Data Processing\Data\S2\Sen2Cor\S2B_MSIL2A_20251028T113319_N0511_R080_T28QCH_20251028T134111.zip,547,9890,4267,342675.0,2201135.0,0.2024,0.257,0.318,0.4136,0.44770000000000004,0.45940000000000003,0.49620000000000003,0.5456,0.5468000000000001,0.5553,0.5814,0.3723
2025-10-28,Arel,Sen2Cor,S2B_MSIL2A_20251028T113319_N0511_R080_T28QCH_20251028T134111.SAFE,C:\Users\Simon\Nextcloud\Project\Mauritania\Science\Arguin - FieldWork Data Processing\Data\S2\Sen2Cor\S2B_MSIL2A_20251028T113319_N0511_R080_T28QCH_20251028T134111.zip,548,9890,4268,342685.0,2201135.0,0.2024,0.261,0.3184,0.4164,0.4641,0.4771,0.5104000000000001,0.5536,0.5597,0.5553,0.5972000000000001,0.3896
2025-10-28,Arel,Sen2Cor,S2B_MSIL2A_20251028T113319_N0511_R080_T28QCH_20251028T134111.SAFE,C:\Users\Simon\Nextcloud\Project\Mauritania\Science\Arguin - FieldWork Data Processing\Data\S2\Sen2Cor\S2B_MSIL2A_20251028T113319_N0511_R080_T28QCH_20251028T134111.zip,549,9890,4269,342695.0,2201135.0,0.2024,0.2612,0.32280000000000003,0.42160000000000003,0.4641,0.4771,0.5104000000000001,0.5568000000000001,0.5597,0.5553,0.5972000000000001,0.3896
2025-10-28,Arel,Sen2Cor,S2B_MSIL2A_20251028T113319_N0511_R080_T28QCH_20251028T134111.SAFE,C:\Users\Simon\Nextcloud\Project\Mauritania\Science\Arguin - FieldWork Data Processing\Data\S2\Sen2Cor\S2B_MSIL2A_20251028T113319_N0511_R080_T28QCH_20251028T134111.zip,550,9890,4270,342705.0,2201135.0,0.2025,0.275,0.3396,0.4404,0.49410000000000004,0.5021,0.5309,0.5700000000000001,0.5684,0.5553,0.5992000000000001,0.39790000000000003
2025-10-28,Arel,Sen2Cor,S2B_MSIL2A_20251028T113319_N0511_R080_T28QCH_20251028T134111.SAFE,C:\Users\Simon\Nextcloud\Project\Mauritania\Science\Arguin - FieldWork Data Processing\Data\S2\Sen2Cor\S2B_MSIL2A_20251028T113319_N0511_R080_T28QCH_20251028T134111.zip,551,9890,4271,342715.0,2201135.0,0.2025,0.2974,0.36560000000000004,0.46840000000000004,0.49410000000000004,0.5021,0.5309,0.5840000000000001,0.5684,0.5553,0.5992000000000001,0.39790000000000003
2025-10-28,Arel,Sen2Cor,S2B_MSIL2A_20251028T113319_N0511_R080_T28QCH_20251028T134111.SAFE,C:\Users\Simon\Nextcloud\Project\Mauritania\Science\Arguin - FieldWork Data Processing\Data\S2\Sen2Cor\S2B_MSIL2A_20251028T113319_N0511_R080_T28QCH_20251028T134111.zip,552,9890,4272,342725.0,2201135.0,0.2,0.2874,0.3472,0.44720000000000004,0.4727,0.4822,0.5096,0.5688,0.5535,0.528,0.5925,0.39790000000000003
2025-10-28,Arel,Sen2Cor,S2B_MSIL2A_20251028T113319_N0511_R080_T28QCH_20251028T134111.SAFE,C:\Users\Simon\Nextcloud\Project\Mauritania\Science\Arguin - FieldWork Data Processing\Data\S2\Sen2Cor\S2B_MSIL2A_20251028T113319_N0511_R080_T28QCH_20251028T134111.zip,553,9890,4273,342735.0,2201135.0,0.2,0.2632,0.32320000000000004,0.4228,0.4727,0.4822,0.5096,0.548,0.5535,0.528,0.5925,0.39790000000000003
2025-10-28,Arel,Sen2Cor,S2B_MSIL2A_20251028T113319_N0511_R080_T28QCH_20251028T134111.SAFE,C:\Users\Simon\Nextcloud\Project\Mauritania\Science\Arguin - FieldWork Data Processing\Data\S2\Sen2Cor\S2B_MSIL2A_20251028T113319_N0511_R080_T28QCH_20251028T134111.zip,554,9891,4247,342475.0,2201125.0,0.19340000000000002,0.2524,0.31880000000000003,0.42960000000000004,0.5015000000000001,0.5048,0.5358,0.554,0.5702,0.4592,0.6225,0.4718
2025-10-28,Arel,Sen2Cor,S2B_MSIL2A_20251028T113319_N0511_R080_T28QCH_20251028T134111.SAFE,C:\Users\Simon\Nextcloud\Project\Mauritania\Science\Arguin - FieldWork Data Processing\Data\S2\Sen2Cor\S2B_MSIL2A_20251028T113319_N0511_R080_T28QCH_20251028T134111.zip,555,9891,4248,342485.0,2201125.0,0.2131,0.26080000000000003,0.33080000000000004,0.4368,0.496,0.5018,0.5277000000000001,0.5592,0.5611,0.5561,0.6172000000000001,0.4696
2025-10-28,Arel,Sen2Cor,S2B_MSIL2A_20251028T113319_N0511_R080_T28QCH_20251028T134111.SAFE,C:\Users\Simon\Nextcloud\Project\Mauritania\Science\Arguin - FieldWork Data Processing\Data\S2\Sen2Cor\S2B_MSIL2A_20251028T113319_N0511_R080_T28QCH_20251028T134111.zip,556,9891,4249,342495.0,2201125.0,0.2131,0.2706,0.3388,0.4436,0.496,0.5018,0.5277000000000001,0.5536,0.5611,0.5561,0.6172000000000001,0.4696
2025-10-28,Arel,Sen2Cor,S2B_MSIL2A_20251028T113319_N0511_R080_T28QCH_20251028T134111.SAFE,C:\Users\Simon\Nextcloud\Project\Mauritania\Science\Arguin - FieldWork Data Processing\Data\S2\Sen2Cor\S2B_MSIL2A_20251028T113319_N0511_R080_T28QCH_20251028T134111.zip,557,9891,4250,342505.0,2201125.0,0.225,0.271,0.3372,0.438,0.4888,0.4949,0.5193,0.5484,0.5509000000000001,0.5561,0.6005,0.43960000000000005
2025-10-28,Arel,Sen2Cor,S2B_MSIL2A_20251028T113319_N0511_R080_T28QCH_20251028T134111.SAFE,C:\Users\Simon\Nextcloud\Project\Mauritania\Science\Arguin - FieldWork Data Processing\Data\S2\Sen2Cor\S2B_MSIL2A_20251028T113319_N0511_R080_T28QCH_20251028T134111.zip,558,9891,4251,342515.0,2201125.0,0.225,0.275,0.3408,0.43720000000000003,0.4888,0.4949,0.5193,0.5472,0.5509000000000001,0.5561,0.6005,0.43960000000000005
2025-10-28,Arel,Sen2Cor,S2B_MSIL2A_20251028T113319_N0511_R080_T28QCH_20251028T134111.SAFE,C:\Users\Simon\Nextcloud\Project\Mauritania\Science\Arguin - FieldWork Data Processing\Data\S2\Sen2Cor\S2B_MSIL2A_20251028T113319_N0511_R080_T28QCH_20251028T134111.zip,559,9891,4252,342525.0,2201125.0,0.2263,0.2896,0.3516,0.444,0.4771,0.4833,0.515,0.5508000000000001,0.545,0.5561,0.5925,0.42560000000000003
2025-10-28,Arel,Sen2Cor,S2B_MSIL2A_20251028T113319_N0511_R080_T28QCH_20251028T134111.SAFE,C:\Users\Simon\Nextcloud\Project\Mauritania\Science\Arguin - FieldWork Data Processing\Data\S2\Sen2Cor\S2B_MSIL2A_20251028T113319_N0511_R080_T28QCH_20251028T134111.zip,560,9891,4253,342535.0,2201125.0,0.2263,0.2808,0.3428,0.434,0.4771,0.4833,0.515,0.548,0.545,0.5561,0.5925,0.42560000000000003
2025-10-28,Arel,Sen2Cor,S2B_MSIL2A_20251028T113319_N0511_R080_T28QCH_20251028T134111.SAFE,C:\Users\Simon\Nextcloud\Project\Mauritania\Science\Arguin - FieldWork Data Processing\Data\S2\Sen2Cor\S2B_MSIL2A_20251028T113319_N0511_R080_T28QCH_20251028T134111.zip,561,9891,4254,342545.0,2201125.0,0.22080000000000002,0.2422,0.30960000000000004,0.404,0.45330000000000004,0.4632,0.49520000000000003,0.5284,0.5322,0.5393,0.5939,0.43210000000000004
2025-10-28,Arel,Sen2Cor,S2B_MSIL2A_20251028T113319_N0511_R080_T28QCH_20251028T134111.SAFE,C:\Users\Simon\Nextcloud\Project\Mauritania\Science\Arguin - FieldWork Data Processing\Data\S2\Sen2Cor\S2B_MSIL2A_20251028T113319_N0511_R080_T28QCH_20251028T134111.zip,562,9891,4255,342555.0,2201125.0,0.22080000000000002,0.23140000000000002,0.2924,0.38720000000000004,0.45330000000000004,0.4632,0.49520000000000003,0.5236000000000001,0.5322,0.5393,0.5939,0.43210000000000004
2025-10-28,Arel,Sen2Cor,S2B_MSIL2A_20251028T113319_N0511_R080_T28QCH_20251028T134111.SAFE,C:\Users\Simon\Nextcloud\Project\Mauritania\Science\Arguin - FieldWork Data Processing\Data\S2\Sen2Cor\S2B_MSIL2A_20251028T113319_N0511_R080_T28QCH_20251028T134111.zip,563,9891,4256,342565.0,2201125.0,0.215,0.228,0.29460000000000003,0.392,0.44780000000000003,0.4642,0.49450000000000005,0.5208,0.5357000000000001,0.5393,0.5984,0.4383
2025-10-28,Arel,Sen2Cor,S2B_MSIL2A_20251028T113319_N0511_R080_T28QCH_20251028T134111.SAFE,C:\Users\Simon\Nextcloud\Project\Mauritania\Science\Arguin - FieldWork Data Processing\Data\S2\Sen2Cor\S2B_MSIL2A_20251028T113319_N0511_R080_T28QCH_20251028T134111.zip,564,9891,4257,342575.0,2201125.0,0.215,0.24480000000000002,0.303,0.406,0.44780000000000003,0.4642,0.49450000000000005,0.5316000000000001,0.5357000000000001,0.5393,0.5984,0.4383
2025-10-28,Arel,Sen2Cor,S2B_MSIL2A_20251028T113319_N0511_R080_T28QCH_20251028T134111.SAFE,C:\Users\Simon\Nextcloud\Project\Mauritania\Science\Arguin - FieldWork Data Processing\Data\S2\Sen2Cor\S2B_MSIL2A_20251028T113319_N0511_R080_T28QCH_20251028T134111.zip,565,9891,4258,342585.0,2201125.0,0.20950000000000002,0.2518,0.3164,0.4168,0.46540000000000004,0.4777,0.5062,0.536,0.5428000000000001,0.5393,0.5935,0.4222
2025-10-28,Arel,Sen2Cor,S2B_MSIL2A_20251028T113319_N0511_R080_T28QCH_20251028T134111.SAFE,C:\Users\Simon\Nextcloud\Project\Mauritania\Science\Arguin - FieldWork Data Processing\Data\S2\Sen2Cor\S2B_MSIL2A_20251028T113319_N0511_R080_T28QCH_20251028T134111.zip,566,9891,4259,342595.0,2201125.0,0.20950000000000002,0.27540000000000003,0.33080000000000004,0.42600000000000005,0.46540000000000004,0.4777,0.5062,0.5492,0.5428000000000001,0.5393,0.5935,0.4222
2025-10-28,Arel,Sen2Cor,S2B_MSIL2A_20251028T113319_N0511_R080_T28QCH_20251028T134111.SAFE,C:\Users\Simon\Nextcloud\Project\Mauritania\Science\Arguin - FieldWork Data Processing\Data\S2\Sen2Cor\S2B_MSIL2A_20251028T113319_N0511_R080_T28QCH_20251028T134111.zip,567,9891,4260,342605.0,2201125.0,0.2044,0.25520000000000004,0.31720000000000004,0.4152,0.4535,0.47240000000000004,0.49500000000000005,0.5428000000000001,0.5433,0.55,0.5937,0.4015
2025-10-28,Arel,Sen2Cor,S2B_MSIL2A_20251028T113319_N0511_R080_T28QCH_20251028T134111.SAFE,C:\Users\Simon\Nextcloud\Project\Mauritania\Science\Arguin - FieldWork Data Processing\Data\S2\Sen2Cor\S2B_MSIL2A_20251028T113319_N0511_R080_T28QCH_20251028T134111.zip,568,9891,4261,342615.0,2201125.0,0.2044,0.2436,0.3044,0.4052,0.4535,0.47240000000000004,0.49500000000000005,0.5396000000000001,0.5433,0.55,0.5937,0.4015
2025-10-28,Arel,Sen2Cor,S2B_MSIL2A_20251028T113319_N0511_R080_T28QCH_20251028T134111.SAFE,C:\Users\Simon\Nextcloud\Project\Mauritania\Science\Arguin - FieldWork Data Processing\Data\S2\Sen2Cor\S2B_MSIL2A_20251028T113319_N0511_R080_T28QCH_20251028T134111.zip,569,9891,4262,342625.0,2201125.0,0.20090000000000002,0.26780000000000004,0.3284,0.42600000000000005,0.47290000000000004,0.4839,0.5183,0.5612,0.5626,0.55,0.5989,0.3945
2025-10-28,Arel,Sen2Cor,S2B_MSIL2A_20251028T113319_N0511_R080_T28QCH_20251028T134111.SAFE,C:\Users\Simon\Nextcloud\Project\Mauritania\Science\Arguin - FieldWork Data Processing\Data\S2\Sen2Cor\S2B_MSIL2A_20251028T113319_N0511_R080_T28QCH_20251028T134111.zip,570,9891,4263,342635.0,2201125.0,0.20090000000000002,0.2702,0.33840000000000003,0.43960000000000005,0.47290000000000004,0.4839,0.5183,0.5688,0.5626,0.55,0.5989,0.3945
2025-10-28,Arel,Sen2Cor,S2B_MSIL2A_20251028T113319_N0511_R080_T28QCH_20251028T134111.SAFE,C:\Users\Simon\Nextcloud\Project\Mauritania\Science\Arguin - FieldWork Data Processing\Data\S2\Sen2Cor\S2B_MSIL2A_20251028T113319_N0511_R080_T28QCH_20251028T134111.zip,571,9891,4264,342645.0,2201125.0,0.20090000000000002,0.26180000000000003,0.32280000000000003,0.4228,0.4592,0.4756,0.5093,0.5548000000000001,0.5545,0.55,0.5846,0.3688
2025-10-28,Arel,Sen2Cor,S2B_MSIL2A_20251028T113319_N0511_R080_T28QCH_20251028T134111.SAFE,C:\Users\Simon\Nextcloud\Project\Mauritania\Science\Arguin - FieldWork Data Processing\Data\S2\Sen2Cor\S2B_MSIL2A_20251028T113319_N0511_R080_T28QCH_20251028T134111.zip,572,9891,4265,342655.0,2201125.0,0.20090000000000002,0.24760000000000001,0.30460000000000004,0.40040000000000003,0.4592,0.4756,0.5093,0.536,0.5545,0.55,0.5846,0.3688
2025-10-28,Arel,Sen2Cor,S2B_MSIL2A_20251028T113319_N0511_R080_T28QCH_20251028T134111.SAFE,C:\Users\Simon\Nextcloud\Project\Mauritania\Science\Arguin - FieldWork Data Processing\Data\S2\Sen2Cor\S2B_MSIL2A_20251028T113319_N0511_R080_T28QCH_20251028T134111.zip,573,9891,4266,342665.0,2201125.0,0.2024,0.2414,0.3044,0.40040000000000003,0.44770000000000004,0.45940000000000003,0.49620000000000003,0.5404,0.5468000000000001,0.5553,0.5814,0.3723
2025-10-28,Arel,Sen2Cor,S2B_MSIL2A_20251028T113319_N0511_R080_T28QCH_20251028T134111.SAFE,C:\Users\Simon\Nextcloud\Project\Mauritania\Science\Arguin - FieldWork Data Processing\Data\S2\Sen2Cor\S2B_MSIL2A_20251028T113319_N0511_R080_T28QCH_20251028T134111.zip,574,9891,4267,342675.0,2201125.0,0.2024,0.2426,0.305,0.40440000000000004,0.44770000000000004,0.45940000000000003,0.49620000000000003,0.5436,0.5468000000000001,0.5553,0.5814,0.3723
2025-10-28,Arel,Sen2Cor,S2B_MSIL2A_20251028T113319_N0511_R080_T28QCH_20251028T134111.SAFE,C:\Users\Simon\Nextcloud\Project\Mauritania\Science\Arguin - FieldWork Data Processing\Data\S2\Sen2Cor\S2B_MSIL2A_20251028T113319_N0511_R080_T28QCH_20251028T134111.zip,575,9891,4268,342685.0,2201125.0,0.2024,0.2426,0.30860000000000004,0.40800000000000003,0.4641,0.4771,0.5104000000000001,0.5504,0.5597,0.5553,0.5972000000000001,0.3896
2025-10-28,Arel,Sen2Cor,S2B_MSIL2A_20251028T113319_N0511_R080_T28QCH_20251028T134111.SAFE,C:\Users\Simon\Nextcloud\Project\Mauritania\Science\Arguin - FieldWork Data Processing\Data\S2\Sen2Cor\S2B_MSIL2A_20251028T113319_N0511_R080_T28QCH_20251028T134111.zip,576,9891,4269,342695.0,2201125.0,0.2024,0.25220000000000004,0.32080000000000003,0.4184,0.4641,0.4771,0.5104000000000001,0.554,0.5597,0.5553,0.5972000000000001,0.3896
2025-10-28,Arel,Sen2Cor,S2B_MSIL2A_20251028T113319_N0511_R080_T28QCH_20251028T134111.SAFE,C:\Users\Simon\Nextcloud\Project\Mauritania\Science\Arguin - FieldWork Data Processing\Data\S2\Sen2Cor\S2B_MSIL2A_20251028T113319_N0511_R080_T28QCH_20251028T134111.zip,577,9891,4270,342705.0,2201125.0,0.2025,0.27140000000000003,0.3376,0.4324,0.49410000000000004,0.5021,0.5309,0.5660000000000001,0.5684,0.5553,0.5992000000000001,0.39790000000000003
2025-10-28,Arel,Sen2Cor,S2B_MSIL2A_20251028T113319_N0511_R080_T28QCH_20251028T134111.SAFE,C:\Users\Simon\Nextcloud\Project\Mauritania\Science\Arguin - FieldWork Data Processing\Data\S2\Sen2Cor\S2B_MSIL2A_20251028T113319_N0511_R080_T28QCH_20251028T134111.zip,578,9891,4271,342715.0,2201125.0,0.2025,0.2822,0.3508,0.4516,0.49410000000000004,0.5021,0.5309,0.5712,0.5684,0.5553,0.5992000000000001,0.39790000000000003
2025-10-28,Arel,Sen2Cor,S2B_MSIL2A_20251028T113319_N0511_R080_T28QCH_20251028T134111.SAFE,C:\Users\Simon\Nextcloud\Project\Mauritania\Science\Arguin - FieldWork Data Processing\Data\S2\Sen2Cor\S2B_MSIL2A_20251028T113319_N0511_R080_T28QCH_20251028T134111.zip,579,9892,4247,342475.0,2201115.0,0.187,0.22920000000000001,0.2938,0.4016,0.45890000000000003,0.465,0.49520000000000003,0.5328,0.5279,0.4592,0.6015,0.44920000000000004
2025-10-28,Arel,Sen2Cor,S2B_MSIL2A_20251028T113319_N0511_R080_T28QCH_20251028T134111.SAFE,C:\Users\Simon\Nextcloud\Project\Mauritania\Science\Arguin - FieldWork Data Processing\Data\S2\Sen2Cor\S2B_MSIL2A_20251028T113319_N0511_R080_T28QCH_20251028T134111.zip,580,9892,4248,342485.0,2201115.0,0.2043,0.25020000000000003,0.3144,0.42200000000000004,0.4727,0.48050000000000004,0.5081,0.5396000000000001,0.5483,0.5561,0.5969,0.4292
2025-10-28,Arel,Sen2Cor,S2B_MSIL2A_20251028T113319_N0511_R080_T28QCH_20251028T134111.SAFE,C:\Users\Simon\Nextcloud\Project\Mauritania\Science\Arguin - FieldWork Data Processing\Data\S2\Sen2Cor\S2B_MSIL2A_20251028T113319_N0511_R080_T28QCH_20251028T134111.zip,581,9892,4249,342495.0,2201115.0,0.2043,0.2736,0.3376,0.4348,0.4727,0.48050000000000004,0.5081,0.5492,0.5483,0.5561,0.5969,0.4292
2025-10-28,Arel,Sen2Cor,S2B_MSIL2A_20251028T113319_N0511_R080_T28QCH_20251028T134111.SAFE,C:\Users\Simon\Nextcloud\Project\Mauritania\Science\Arguin - FieldWork Data Processing\Data\S2\Sen2Cor\S2B_MSIL2A_20251028T113319_N0511_R080_T28QCH_20251028T134111.zip,582,9892,4250,342505.0,2201115.0,0.2156,0.275,0.3392,0.432,0.48260000000000003,0.4864,0.5161,0.5512,0.5547000000000001,0.5561,0.5918,0.39740000000000003
2025-10-28,Arel,Sen2Cor,S2B_MSIL2A_20251028T113319_N0511_R080_T28QCH_20251028T134111.SAFE,C:\Users\Simon\Nextcloud\Project\Mauritania\Science\Arguin - FieldWork Data Processing\Data\S2\Sen2Cor\S2B_MSIL2A_20251028T113319_N0511_R080_T28QCH_20251028T134111.zip,583,9892,4251,342515.0,2201115.0,0.2156,0.28,0.3476,0.4404,0.48260000000000003,0.4864,0.5161,0.5548000000000001,0.5547000000000001,0.5561,0.5918,0.39740000000000003
2025-10-28,Arel,Sen2Cor,S2B_MSIL2A_20251028T113319_N0511_R080_T28QCH_20251028T134111.SAFE,C:\Users\Simon\Nextcloud\Project\Mauritania\Science\Arguin - FieldWork Data Processing\Data\S2\Sen2Cor\S2B_MSIL2A_20251028T113319_N0511_R080_T28QCH_20251028T134111.zip,584,9892,4252,342525.0,2201115.0,0.21760000000000002,0.2878,0.35200000000000004,0.442,0.47390000000000004,0.47890000000000005,0.5071,0.5528000000000001,0.5453,0.5561,0.5856,0.39
2025-10-28,Arel,Sen2Cor,S2B_MSIL2A_20251028T113319_N0511_R080_T28QCH_20251028T134111.SAFE,C:\Users\Simon\Nextcloud\Project\Mauritania\Science\Arguin - FieldWork Data Processing\Data\S2\Sen2Cor\S2B_MSIL2A_20251028T113319_N0511_R080_T28QCH_20251028T134111.zip,585,9892,4253,342535.0,2201115.0,0.21760000000000002,0.27440000000000003,0.33440000000000003,0.4292,0.47390000000000004,0.47890000000000005,0.5071,0.5468000000000001,0.5453,0.5561,0.5856,0.39
2025-10-28,Arel,Sen2Cor,S2B_MSIL2A_20251028T113319_N0511_R080_T28QCH_20251028T134111.SAFE,C:\Users\Simon\Nextcloud\Project\Mauritania\Science\Arguin - FieldWork Data Processing\Data\S2\Sen2Cor\S2B_MSIL2A_20251028T113319_N0511_R080_T28QCH_20251028T134111.zip,586,9892,4254,342545.0,2201115.0,0.2139,0.251,0.3074,0.40800000000000003,0.46190000000000003,0.46990000000000004,0.496,0.5284,0.536,0.5393,0.5917,0.41140000000000004
2025-10-28,Arel,Sen2Cor,S2B_MSIL2A_20251028T113319_N0511_R080_T28QCH_20251028T134111.SAFE,C:\Users\Simon\Nextcloud\Project\Mauritania\Science\Arguin - FieldWork Data Processing\Data\S2\Sen2Cor\S2B_MSIL2A_20251028T113319_N0511_R080_T28QCH_20251028T134111.zip,587,9892,4255,342555.0,2201115.0,0.2139,0.2426,0.3028,0.40080000000000005,0.46190000000000003,0.46990000000000004,0.496,0.5284,0.536,0.5393,0.5917,0.41140000000000004
2025-10-28,Arel,Sen2Cor,S2B_MSIL2A_20251028T113319_N0511_R080_T28QCH_20251028T134111.SAFE,C:\Users\Simon\Nextcloud\Project\Mauritania\Science\Arguin - FieldWork Data Processing\Data\S2\Sen2Cor\S2B_MSIL2A_20251028T113319_N0511_R080_T28QCH_20251028T134111.zip,588,9892,4256,342565.0,2201115.0,0.2097,0.24500000000000002,0.304,0.39880000000000004,0.45570000000000005,0.4675,0.49760000000000004,0.5324,0.5405,0.5393,0.5931000000000001,0.41600000000000004
2025-10-28,Arel,Sen2Cor,S2B_MSIL2A_20251028T113319_N0511_R080_T28QCH_20251028T134111.SAFE,C:\Users\Simon\Nextcloud\Project\Mauritania\Science\Arguin - FieldWork Data Processing\Data\S2\Sen2Cor\S2B_MSIL2A_20251028T113319_N0511_R080_T28QCH_20251028T134111.zip,589,9892,4257,342575.0,2201115.0,0.2097,0.2492,0.3078,0.4048,0.45570000000000005,0.4675,0.49760000000000004,0.5352,0.5405,0.5393,0.5931000000000001,0.41600000000000004
2025-10-28,Arel,Sen2Cor,S2B_MSIL2A_20251028T113319_N0511_R080_T28QCH_20251028T134111.SAFE,C:\Users\Simon\Nextcloud\Project\Mauritania\Science\Arguin - FieldWork Data Processing\Data\S2\Sen2Cor\S2B_MSIL2A_20251028T113319_N0511_R080_T28QCH_20251028T134111.zip,590,9892,4258,342585.0,2201115.0,0.20570000000000002,0.25620000000000004,0.3168,0.4116,0.4632,0.4747,0.4998,0.5352,0.5445,0.5393,0.5867,0.40790000000000004
2025-10-28,Arel,Sen2Cor,S2B_MSIL2A_20251028T113319_N0511_R080_T28QCH_20251028T134111.SAFE,C:\Users\Simon\Nextcloud\Project\Mauritania\Science\Arguin - FieldWork Data Processing\Data\S2\Sen2Cor\S2B_MSIL2A_20251028T113319_N0511_R080_T28QCH_20251028T134111.zip,591,9892,4259,342595.0,2201115.0,0.20570000000000002,0.2712,0.3352,0.4304,0.4632,0.4747,0.4998,0.5436,0.5445,0.5393,0.5867,0.40790000000000004
2025-10-28,Arel,Sen2Cor,S2B_MSIL2A_20251028T113319_N0511_R080_T28QCH_20251028T134111.SAFE,C:\Users\Simon\Nextcloud\Project\Mauritania\Science\Arguin - FieldWork Data Processing\Data\S2\Sen2Cor\S2B_MSIL2A_20251028T113319_N0511_R080_T28QCH_20251028T134111.zip,592,9892,4260,342605.0,2201115.0,0.202,0.273,0.3264,0.4232,0.46240000000000003,0.47500000000000003,0.504,0.55,0.5472,0.55,0.5936,0.4076
2025-10-28,Arel,Sen2Cor,S2B_MSIL2A_20251028T113319_N0511_R080_T28QCH_20251028T134111.SAFE,C:\Users\Simon\Nextcloud\Project\Mauritania\Science\Arguin - FieldWork Data Processing\Data\S2\Sen2Cor\S2B_MSIL2A_20251028T113319_N0511_R080_T28QCH_20251028T134111.zip,593,9892,4261,342615.0,2201115.0,0.202,0.24200000000000002,0.30460000000000004,0.4016,0.46240000000000003,0.47500000000000003,0.504,0.536,0.5472,0.55,0.5936,0.4076
2025-10-28,Arel,Sen2Cor,S2B_MSIL2A_20251028T113319_N0511_R080_T28QCH_20251028T134111.SAFE,C:\Users\Simon\Nextcloud\Project\Mauritania\Science\Arguin - FieldWork Data Processing\Data\S2\Sen2Cor\S2B_MSIL2A_20251028T113319_N0511_R080_T28QCH_20251028T134111.zip,594,9892,4262,342625.0,2201115.0,0.19920000000000002,0.25680000000000003,0.3144,0.4112,0.45630000000000004,0.4687,0.5035000000000001,0.5484,0.5541,0.55,0.595,0.3891
2025-10-28,Arel,Sen2Cor,S2B_MSIL2A_20251028T113319_N0511_R080_T28QCH_20251028T134111.SAFE,C:\Users\Simon\Nextcloud\Project\Mauritania\Science\Arguin - FieldWork Data Processing\Data\S2\Sen2Cor\S2B_MSIL2A_20251028T113319_N0511_R080_T28QCH_20251028T134111.zip,595,9892,4263,342635.0,2201115.0,0.19920000000000002,0.2554,0.31920000000000004,0.4232,0.45630000000000004,0.4687,0.5035000000000001,0.5532,0.5541,0.55,0.595,0.3891
2025-10-28,Arel,Sen2Cor,S2B_MSIL2A_20251028T113319_N0511_R080_T28QCH_20251028T134111.SAFE,C:\Users\Simon\Nextcloud\Project\Mauritania\Science\Arguin - FieldWork Data Processing\Data\S2\Sen2Cor\S2B_MSIL2A_20251028T113319_N0511_R080_T28QCH_20251028T134111.zip,596,9892,4264,342645.0,2201115.0,0.19590000000000002,0.2596,0.32,0.41800000000000004,0.45630000000000004,0.46940000000000004,0.5044000000000001,0.5572,0.5507000000000001,0.55,0.5874,0.3705
2025-10-28,Arel,Sen2Cor,S2B_MSIL2A_20251028T113319_N0511_R080_T28QCH_20251028T134111.SAFE,C:\Users\Simon\Nextcloud\Project\Mauritania\Science\Arguin - FieldWork Data Processing\Data\S2\Sen2Cor\S2B_MSIL2A_20251028T113319_N0511_R080_T28QCH_20251028T134111.zip,597,9892,4265,342655.0,2201115.0,0.19590000000000002,0.2518,0.30860000000000004,0.4036,0.45630000000000004,0.46940000000000004,0.5044000000000001,0.5436,0.5507000000000001,0.55,0.5874,0.3705
2025-10-28,Arel,Sen2Cor,S2B_MSIL2A_20251028T113319_N0511_R080_T28QCH_20251028T134111.SAFE,C:\Users\Simon\Nextcloud\Project\Mauritania\Science\Arguin - FieldWork Data Processing\Data\S2\Sen2Cor\S2B_MSIL2A_20251028T113319_N0511_R080_T28QCH_20251028T134111.zip,598,9892,4266,342665.0,2201115.0,0.19240000000000002,0.24080000000000001,0.302,0.39680000000000004,0.4551,0.4646,0.49520000000000003,0.5348,0.5464,0.5553,0.5858,0.3789
2025-10-28,Arel,Sen2Cor,S2B_MSIL2A_20251028T113319_N0511_R080_T28QCH_20251028T134111.SAFE,C:\Users\Simon\Nextcloud\Project\Mauritania\Science\Arguin - FieldWork Data Processing\Data\S2\Sen2Cor\S2B_MSIL2A_20251028T113319_N0511_R080_T28QCH_20251028T134111.zip,599,9892,4267,342675.0,2201115.0,0.19240000000000002,0.2386,0.2932,0.39480000000000004,0.4551,0.4646,0.49520000000000003,0.5356000000000001,0.5464,0.5553,0.5858,0.3789
2025-10-28,Arel,Sen2Cor,S2B_MSIL2A_20251028T113319_N0511_R080_T28QCH_20251028T134111.SAFE,C:\Users\Simon\Nextcloud\Project\Mauritania\Science\Arguin - FieldWork Data Processing\Data\S2\Sen2Cor\S2B_MSIL2A_20251028T113319_N0511_R080_T28QCH_20251028T134111.zip,600,9892,4268,342685.0,2201115.0,0.1874,0.2426,0.3054,0.4092,0.4681,0.4756,0.508,0.5472,0.5554,0.5553,0.5838,0.3758
2025-10-28,Arel,Sen2Cor,S2B_MSIL2A_20251028T113319_N0511_R080_T28QCH_20251028T134111.SAFE,C:\Users\Simon\Nextcloud\Project\Mauritania\Science\Arguin - FieldWork Data Processing\Data\S2\Sen2Cor\S2B_MSIL2A_20251028T113319_N0511_R080_T28QCH_20251028T134111.zip,601,9893,4247,342475.0,2201105.0,0.187,0.2364,0.2938,0.39880000000000004,0.45890000000000003,0.465,0.49520000000000003,0.5264,0.5279,0.4592,0.6015,0.44920000000000004
2025-10-28,Arel,Sen2Cor,S2B_MSIL2A_20251028T113319_N0511_R080_T28QCH_20251028T134111.SAFE,C:\Users\Simon\Nextcloud\Project\Mauritania\Science\Arguin - FieldWork Data Processing\Data\S2\Sen2Cor\S2B_MSIL2A_20251028T113319_N0511_R080_T28QCH_20251028T134111.zip,602,9893,4248,342485.0,2201105.0,0.2043,0.25620000000000004,0.3144,0.4164,0.4727,0.48050000000000004,0.5081,0.5372,0.5483,0.5561,0.5969,0.4292
2025-10-28,Arel,Sen2Cor,S2B_MSIL2A_20251028T113319_N0511_R080_T28QCH_20251028T134111.SAFE,C:\Users\Simon\Nextcloud\Project\Mauritania\Science\Arguin - FieldWork Data Processing\Data\S2\Sen2Cor\S2B_MSIL2A_20251028T113319_N0511_R080_T28QCH_20251028T134111.zip,603,9893,4249,342495.0,2201105.0,0.2043,0.2854,0.34640000000000004,0.43720000000000003,0.4727,0.48050000000000004,0.5081,0.5508000000000001,0.5483,0.5561,0.5969,0.4292
2025-10-28,Arel,Sen2Cor,S2B_MSIL2A_20251028T113319_N0511_R080_T28QCH_20251028T134111.SAFE,C:\Users\Simon\Nextcloud\Project\Mauritania\Science\Arguin - FieldWork Data Processing\Data\S2\Sen2Cor\S2B_MSIL2A_20251028T113319_N0511_R080_T28QCH_20251028T134111.zip,604,9893,4250,342505.0,2201105.0,0.2156,0.3008,0.3604,0.4428,0.48260000000000003,0.4864,0.5161,0.5592,0.5547000000000001,0.5561,0.5918,0.39740000000000003
2025-10-28,Arel,Sen2Cor,S2B_MSIL2A_20251028T113319_N0511_R080_T28QCH_20251028T134111.SAFE,C:\Users\Simon\Nextcloud\Project\Mauritania\Science\Arguin - FieldWork Data Processing\Data\S2\Sen2Cor\S2B_MSIL2A_20251028T113319_N0511_R080_T28QCH_20251028T134111.zip,605,9893,4251,342515.0,2201105.0,0.2156,0.2932,0.3572,0.4408,0.48260000000000003,0.4864,0.5161,0.5532,0.5547000000000001,0.5561,0.5918,0.39740000000000003
2025-10-28,Arel,Sen2Cor,S2B_MSIL2A_20251028T113319_N0511_R080_T28QCH_20251028T134111.SAFE,C:\Users\Simon\Nextcloud\Project\Mauritania\Science\Arguin - FieldWork Data Processing\Data\S2\Sen2Cor\S2B_MSIL2A_20251028T113319_N0511_R080_T28QCH_20251028T134111.zip,606,9893,4252,342525.0,2201105.0,0.21760000000000002,0.28900000000000003,0.3512,0.4348,0.47390000000000004,0.47890000000000005,0.5071,0.5492,0.5453,0.5561,0.5856,0.39
2025-10-28,Arel,Sen2Cor,S2B_MSIL2A_20251028T113319_N0511_R080_T28QCH_20251028T134111.SAFE,C:\Users\Simon\Nextcloud\Project\Mauritania\Science\Arguin - FieldWork Data Processing\Data\S2\Sen2Cor\S2B_MSIL2A_20251028T113319_N0511_R080_T28QCH_20251028T134111.zip,607,9893,4253,342535.0,2201105.0,0.21760000000000002,0.2808,0.33840000000000003,0.4292,0.47390000000000004,0.47890000000000005,0.5071,0.5468000000000001,0.5453,0.5561,0.5856,0.39
2025-10-28,Arel,Sen2Cor,S2B_MSIL2A_20251028T113319_N0511_R080_T28QCH_20251028T134111.SAFE,C:\Users\Simon\Nextcloud\Project\Mauritania\Science\Arguin - FieldWork Data Processing\Data\S2\Sen2Cor\S2B_MSIL2A_20251028T113319_N0511_R080_T28QCH_20251028T134111.zip,608,9893,4254,342545.0,2201105.0,0.2139,0.2676,0.3296,0.42160000000000003,0.46190000000000003,0.46990000000000004,0.496,0.5428000000000001,0.536,0.5393,0.5917,0.41140000000000004
2025-10-28,Arel,Sen2Cor,S2B_MSIL2A_20251028T113319_N0511_R080_T28QCH_20251028T134111.SAFE,C:\Users\Simon\Nextcloud\Project\Mauritania\Science\Arguin - FieldWork Data Processing\Data\S2\Sen2Cor\S2B_MSIL2A_20251028T113319_N0511_R080_T28QCH_20251028T134111.zip,609,9893,4255,342555.0,2201105.0,0.2139,0.2632,0.32080000000000003,0.4184,0.46190000000000003,0.46990000000000004,0.496,0.5412,0.536,0.5393,0.5917,0.41140000000000004
2025-10-28,Arel,Sen2Cor,S2B_MSIL2A_20251028T113319_N0511_R080_T28QCH_20251028T134111.SAFE,C:\Users\Simon\Nextcloud\Project\Mauritania\Science\Arguin - FieldWork Data Processing\Data\S2\Sen2Cor\S2B_MSIL2A_20251028T113319_N0511_R080_T28QCH_20251028T134111.zip,610,9893,4256,342565.0,2201105.0,0.2097,0.2676,0.328,0.4248,0.45570000000000005,0.4675,0.49760000000000004,0.544,0.5405,0.5393,0.5931000000000001,0.41600000000000004
2025-10-28,Arel,Sen2Cor,S2B_MSIL2A_20251028T113319_N0511_R080_T28QCH_20251028T134111.SAFE,C:\Users\Simon\Nextcloud\Project\Mauritania\Science\Arguin - FieldWork Data Processing\Data\S2\Sen2Cor\S2B_MSIL2A_20251028T113319_N0511_R080_T28QCH_20251028T134111.zip,611,9893,4257,342575.0,2201105.0,0.2097,0.2644,0.3272,0.4208,0.45570000000000005,0.4675,0.49760000000000004,0.5416000000000001,0.5405,0.5393,0.5931000000000001,0.41600000000000004
2025-10-28,Arel,Sen2Cor,S2B_MSIL2A_20251028T113319_N0511_R080_T28QCH_20251028T134111.SAFE,C:\Users\Simon\Nextcloud\Project\Mauritania\Science\Arguin - FieldWork Data Processing\Data\S2\Sen2Cor\S2B_MSIL2A_20251028T113319_N0511_R080_T28QCH_20251028T134111.zip,612,9893,4258,342585.0,2201105.0,0.20570000000000002,0.2634,0.322,0.4156,0.4632,0.4747,0.4998,0.5416000000000001,0.5445,0.5393,0.5867,0.40790000000000004
2025-10-28,Arel,Sen2Cor,S2B_MSIL2A_20251028T113319_N0511_R080_T28QCH_20251028T134111.SAFE,C:\Users\Simon\Nextcloud\Project\Mauritania\Science\Arguin - FieldWork Data Processing\Data\S2\Sen2Cor\S2B_MSIL2A_20251028T113319_N0511_R080_T28QCH_20251028T134111.zip,613,9893,4259,342595.0,2201105.0,0.20570000000000002,0.2644,0.3216,0.4188,0.4632,0.4747,0.4998,0.5428000000000001,0.5445,0.5393,0.5867,0.40790000000000004
2025-10-28,Arel,Sen2Cor,S2B_MSIL2A_20251028T113319_N0511_R080_T28QCH_20251028T134111.SAFE,C:\Users\Simon\Nextcloud\Project\Mauritania\Science\Arguin - FieldWork Data Processing\Data\S2\Sen2Cor\S2B_MSIL2A_20251028T113319_N0511_R080_T28QCH_20251028T134111.zip,614,9893,4260,342605.0,2201105.0,0.202,0.273,0.3312,0.42760000000000004,0.46240000000000003,0.47500000000000003,0.504,0.5472,0.5472,0.55,0.5936,0.4076
2025-10-28,Arel,Sen2Cor,S2B_MSIL2A_20251028T113319_N0511_R080_T28QCH_20251028T134111.SAFE,C:\Users\Simon\Nextcloud\Project\Mauritania\Science\Arguin - FieldWork Data Processing\Data\S2\Sen2Cor\S2B_MSIL2A_20251028T113319_N0511_R080_T28QCH_20251028T134111.zip,615,9893,4261,342615.0,2201105.0,0.202,0.2472,0.3038,0.4036,0.46240000000000003,0.47500000000000003,0.504,0.536,0.5472,0.55,0.5936,0.4076
2025-10-28,Arel,Sen2Cor,S2B_MSIL2A_20251028T113319_N0511_R080_T28QCH_20251028T134111.SAFE,C:\Users\Simon\Nextcloud\Project\Mauritania\Science\Arguin - FieldWork Data Processing\Data\S2\Sen2Cor\S2B_MSIL2A_20251028T113319_N0511_R080_T28QCH_20251028T134111.zip,616,9893,4262,342625.0,2201105.0,0.19920000000000002,0.24000000000000002,0.29200000000000004,0.3932,0.45630000000000004,0.4687,0.5035000000000001,0.5384,0.5541,0.55,0.595,0.3891
2025-10-28,Arel,Sen2Cor,S2B_MSIL2A_20251028T113319_N0511_R080_T28QCH_20251028T134111.SAFE,C:\Users\Simon\Nextcloud\Project\Mauritania\Science\Arguin - FieldWork Data Processing\Data\S2\Sen2Cor\S2B_MSIL2A_20251028T113319_N0511_R080_T28QCH_20251028T134111.zip,617,9893,4263,342635.0,2201105.0,0.19920000000000002,0.23420000000000002,0.29460000000000003,0.39280000000000004,0.45630000000000004,0.4687,0.5035000000000001,0.5372,0.5541,0.55,0.595,0.3891
2025-10-28,Arel,Sen2Cor,S2B_MSIL2A_20251028T113319_N0511_R080_T28QCH_20251028T134111.SAFE,C:\Users\Simon\Nextcloud\Project\Mauritania\Science\Arguin - FieldWork Data Processing\Data\S2\Sen2Cor\S2B_MSIL2A_20251028T113319_N0511_R080_T28QCH_20251028T134111.zip,618,9893,4264,342645.0,2201105.0,0.19590000000000002,0.2484,0.3054,0.40040000000000003,0.45630000000000004,0.46940000000000004,0.5044000000000001,0.5436,0.5507000000000001,0.55,0.5874,0.3705
2025-10-28,Arel,Sen2Cor,S2B_MSIL2A_20251028T113319_N0511_R080_T28QCH_20251028T134111.SAFE,C:\Users\Simon\Nextcloud\Project\Mauritania\Science\Arguin - FieldWork Data Processing\Data\S2\Sen2Cor\S2B_MSIL2A_20251028T113319_N0511_R080_T28QCH_20251028T134111.zip,619,9893,4265,342655.0,2201105.0,0.19590000000000002,0.25620000000000004,0.3148,0.40800000000000003,0.45630000000000004,0.46940000000000004,0.5044000000000001,0.5508000000000001,0.5507000000000001,0.55,0.5874,0.3705
2025-10-28,Arel,Sen2Cor,S2B_MSIL2A_20251028T113319_N0511_R080_T28QCH_20251028T134111.SAFE,C:\Users\Simon\Nextcloud\Project\Mauritania\Science\Arguin - FieldWork Data Processing\Data\S2\Sen2Cor\S2B_MSIL2A_20251028T113319_N0511_R080_T28QCH_20251028T134111.zip,620,9893,4266,342665.0,2201105.0,0.19240000000000002,0.2464,0.3084,0.4052,0.4551,0.4646,0.49520000000000003,0.5376000000000001,0.5464,0.5553,0.5858,0.3789
2025-10-28,Arel,Sen2Cor,S2B_MSIL2A_20251028T113319_N0511_R080_T28QCH_20251028T134111.SAFE,C:\Users\Simon\Nextcloud\Project\Mauritania\Science\Arguin - FieldWork Data Processing\Data\S2\Sen2Cor\S2B_MSIL2A_20251028T113319_N0511_R080_T28QCH_20251028T134111.zip,621,9894,4247,342475.0,2201095.0,0.1792,0.24080000000000001,0.30060000000000003,0.3992,0.4405,0.4546,0.49260000000000004,0.5288,0.5269,0.4444,0.5861000000000001,0.4128
2025-10-28,Arel,Sen2Cor,S2B_MSIL2A_20251028T113319_N0511_R080_T28QCH_20251028T134111.SAFE,C:\Users\Simon\Nextcloud\Project\Mauritania\Science\Arguin - FieldWork Data Processing\Data\S2\Sen2Cor\S2B_MSIL2A_20251028T113319_N0511_R080_T28QCH_20251028T134111.zip,622,9894,4248,342485.0,2201095.0,0.1966,0.273,0.32880000000000004,0.4168,0.4636,0.47850000000000004,0.5045000000000001,0.5456,0.5455,0.5413,0.5884,0.3831
2025-10-28,Arel,Sen2Cor,S2B_MSIL2A_20251028T113319_N0511_R080_T28QCH_20251028T134111.SAFE,C:\Users\Simon\Nextcloud\Project\Mauritania\Science\Arguin - FieldWork Data Processing\Data\S2\Sen2Cor\S2B_MSIL2A_20251028T113319_N0511_R080_T28QCH_20251028T134111.zip,623,9894,4249,342495.0,2201095.0,0.1966,0.3002,0.3552,0.43720000000000003,0.4636,0.47850000000000004,0.5045000000000001,0.5536,0.5455,0.5413,0.5884,0.3831
2025-10-28,Arel,Sen2Cor,S2B_MSIL2A_20251028T113319_N0511_R080_T28QCH_20251028T134111.SAFE,C:\Users\Simon\Nextcloud\Project\Mauritania\Science\Arguin - FieldWork Data Processing\Data\S2\Sen2Cor\S2B_MSIL2A_20251028T113319_N0511_R080_T28QCH_20251028T134111.zip,624,9894,4250,342505.0,2201095.0,0.2078,0.30720000000000003,0.3588,0.4424,0.4733,0.48190000000000005,0.5111,0.5584,0.5554,0.5413,0.5836,0.3622
2025-10-28,Arel,Sen2Cor,S2B_MSIL2A_20251028T113319_N0511_R080_T28QCH_20251028T134111.SAFE,C:\Users\Simon\Nextcloud\Project\Mauritania\Science\Arguin - FieldWork Data Processing\Data\S2\Sen2Cor\S2B_MSIL2A_20251028T113319_N0511_R080_T28QCH_20251028T134111.zip,625,9894,4251,342515.0,2201095.0,0.2078,0.2934,0.35200000000000004,0.43320000000000003,0.4733,0.48190000000000005,0.5111,0.5504,0.5554,0.5413,0.5836,0.3622
2025-10-28,Arel,Sen2Cor,S2B_MSIL2A_20251028T113319_N0511_R080_T28QCH_20251028T134111.SAFE,C:\Users\Simon\Nextcloud\Project\Mauritania\Science\Arguin - FieldWork Data Processing\Data\S2\Sen2Cor\S2B_MSIL2A_20251028T113319_N0511_R080_T28QCH_20251028T134111.zip,626,9894,4252,342525.0,2201095.0,0.21130000000000002,0.28500000000000003,0.33680000000000004,0.4208,0.4662,0.47900000000000004,0.5087,0.5488000000000001,0.5497000000000001,0.5413,0.5749000000000001,0.3619
2025-10-28,Arel,Sen2Cor,S2B_MSIL2A_20251028T113319_N0511_R080_T28QCH_20251028T134111.SAFE,C:\Users\Simon\Nextcloud\Project\Mauritania\Science\Arguin - FieldWork Data Processing\Data\S2\Sen2Cor\S2B_MSIL2A_20251028T113319_N0511_R080_T28QCH_20251028T134111.zip,627,9894,4253,342535.0,2201095.0,0.21130000000000002,0.2788,0.3356,0.4264,0.4662,0.47900000000000004,0.5087,0.546,0.5497000000000001,0.5413,0.5749000000000001,0.3619
2025-10-28,Arel,Sen2Cor,S2B_MSIL2A_20251028T113319_N0511_R080_T28QCH_20251028T134111.SAFE,C:\Users\Simon\Nextcloud\Project\Mauritania\Science\Arguin - FieldWork Data Processing\Data\S2\Sen2Cor\S2B_MSIL2A_20251028T113319_N0511_R080_T28QCH_20251028T134111.zip,628,9894,4254,342545.0,2201095.0,0.2087,0.278,0.3392,0.4252,0.4685,0.47940000000000005,0.511,0.5436,0.5446,0.5493,0.5729000000000001,0.3685
2025-10-28,Arel,Sen2Cor,S2B_MSIL2A_20251028T113319_N0511_R080_T28QCH_20251028T134111.SAFE,C:\Users\Simon\Nextcloud\Project\Mauritania\Science\Arguin - FieldWork Data Processing\Data\S2\Sen2Cor\S2B_MSIL2A_20251028T113319_N0511_R080_T28QCH_20251028T134111.zip,629,9894,4255,342555.0,2201095.0,0.2087,0.2742,0.3332,0.4264,0.4685,0.47940000000000005,0.511,0.5492,0.5446,0.5493,0.5729000000000001,0.3685
2025-10-28,Arel,Sen2Cor,S2B_MSIL2A_20251028T113319_N0511_R080_T28QCH_20251028T134111.SAFE,C:\Users\Simon\Nextcloud\Project\Mauritania\Science\Arguin - FieldWork Data Processing\Data\S2\Sen2Cor\S2B_MSIL2A_20251028T113319_N0511_R080_T28QCH_20251028T134111.zip,630,9894,4256,342565.0,2201095.0,0.20620000000000002,0.277,0.33640000000000003,0.434,0.4621,0.47500000000000003,0.5056,0.5504,0.5477000000000001,0.5493,0.5850000000000001,0.3819
2025-10-28,Arel,Sen2Cor,S2B_MSIL2A_20251028T113319_N0511_R080_T28QCH_20251028T134111.SAFE,C:\Users\Simon\Nextcloud\Project\Mauritania\Science\Arguin - FieldWork Data Processing\Data\S2\Sen2Cor\S2B_MSIL2A_20251028T113319_N0511_R080_T28QCH_20251028T134111.zip,631,9894,4257,342575.0,2201095.0,0.20620000000000002,0.2596,0.3184,0.41600000000000004,0.4621,0.47500000000000003,0.5056,0.5396000000000001,0.5477000000000001,0.5493,0.5850000000000001,0.3819
2025-10-28,Arel,Sen2Cor,S2B_MSIL2A_20251028T113319_N0511_R080_T28QCH_20251028T134111.SAFE,C:\Users\Simon\Nextcloud\Project\Mauritania\Science\Arguin - FieldWork Data Processing\Data\S2\Sen2Cor\S2B_MSIL2A_20251028T113319_N0511_R080_T28QCH_20251028T134111.zip,632,9894,4258,342585.0,2201095.0,0.2048,0.2504,0.31,0.40080000000000005,0.457,0.4661,0.4975,0.5336000000000001,0.5446,0.5493,0.5889,0.3919
2025-10-28,Arel,Sen2Cor,S2B_MSIL2A_20251028T113319_N0511_R080_T28QCH_20251028T134111.SAFE,C:\Users\Simon\Nextcloud\Project\Mauritania\Science\Arguin - FieldWork Data Processing\Data\S2\Sen2Cor\S2B_MSIL2A_20251028T113319_N0511_R080_T28QCH_20251028T134111.zip,633,9894,4259,342595.0,2201095.0,0.2048,0.25,0.30460000000000004,0.4072,0.457,0.4661,0.4975,0.5332,0.5446,0.5493,0.5889,0.3919
2025-10-28,Arel,Sen2Cor,S2B_MSIL2A_20251028T113319_N0511_R080_T28QCH_20251028T134111.SAFE,C:\Users\Simon\Nextcloud\Project\Mauritania\Science\Arguin - FieldWork Data Processing\Data\S2\Sen2Cor\S2B_MSIL2A_20251028T113319_N0511_R080_T28QCH_20251028T134111.zip,634,9894,4260,342605.0,2201095.0,0.2025,0.2636,0.3272,0.4244,0.46330000000000005,0.47390000000000004,0.5081,0.5424,0.5463,0.5296000000000001,0.5926,0.4015
2025-10-28,Arel,Sen2Cor,S2B_MSIL2A_20251028T113319_N0511_R080_T28QCH_20251028T134111.SAFE,C:\Users\Simon\Nextcloud\Project\Mauritania\Science\Arguin - FieldWork Data Processing\Data\S2\Sen2Cor\S2B_MSIL2A_20251028T113319_N0511_R080_T28QCH_20251028T134111.zip,635,9894,4261,342615.0,2201095.0,0.2025,0.259,0.3224,0.4156,0.46330000000000005,0.47390000000000004,0.5081,0.5436,0.5463,0.5296000000000001,0.5926,0.4015
2025-10-28,Arel,Sen2Cor,S2B_MSIL2A_20251028T113319_N0511_R080_T28QCH_20251028T134111.SAFE,C:\Users\Simon\Nextcloud\Project\Mauritania\Science\Arguin - FieldWork Data Processing\Data\S2\Sen2Cor\S2B_MSIL2A_20251028T113319_N0511_R080_T28QCH_20251028T134111.zip,636,9894,4262,342625.0,2201095.0,0.1976,0.2412,0.29760000000000003,0.3972,0.4554,0.46940000000000004,0.49960000000000004,0.5404,0.5413,0.5296000000000001,0.5895,0.3839
2025-10-28,Arel,Sen2Cor,S2B_MSIL2A_20251028T113319_N0511_R080_T28QCH_20251028T134111.SAFE,C:\Users\Simon\Nextcloud\Project\Mauritania\Science\Arguin - FieldWork Data Processing\Data\S2\Sen2Cor\S2B_MSIL2A_20251028T113319_N0511_R080_T28QCH_20251028T134111.zip,637,9894,4263,342635.0,2201095.0,0.1976,0.23220000000000002,0.2866,0.3864,0.4554,0.46940000000000004,0.49960000000000004,0.5376000000000001,0.5413,0.5296000000000001,0.5895,0.3839
2025-10-28,Arel,Sen2Cor,S2B_MSIL2A_20251028T113319_N0511_R080_T28QCH_20251028T134111.SAFE,C:\Users\Simon\Nextcloud\Project\Mauritania\Science\Arguin - FieldWork Data Processing\Data\S2\Sen2Cor\S2B_MSIL2A_20251028T113319_N0511_R080_T28QCH_20251028T134111.zip,638,9894,4264,342645.0,2201095.0,0.1902,0.23800000000000002,0.2958,0.39280000000000004,0.4541,0.4682,0.5044000000000001,0.538,0.5513,0.5296000000000001,0.5836,0.3617
2025-10-28,Arel,Sen2Cor,S2B_MSIL2A_20251028T113319_N0511_R080_T28QCH_20251028T134111.SAFE,C:\Users\Simon\Nextcloud\Project\Mauritania\Science\Arguin - FieldWork Data Processing\Data\S2\Sen2Cor\S2B_MSIL2A_20251028T113319_N0511_R080_T28QCH_20251028T134111.zip,639,9894,4265,342655.0,2201095.0,0.1902,0.2474,0.30720000000000003,0.4076,0.4541,0.4682,0.5044000000000001,0.5472,0.5513,0.5296000000000001,0.5836,0.3617
2025-10-28,Arel,Sen2Cor,S2B_MSIL2A_20251028T113319_N0511_R080_T28QCH_20251028T134111.SAFE,C:\Users\Simon\Nextcloud\Project\Mauritania\Science\Arguin - FieldWork Data Processing\Data\S2\Sen2Cor\S2B_MSIL2A_20251028T113319_N0511_R080_T28QCH_20251028T134111.zip,640,9895,4247,342475.0,2201085.0,0.1792,0.24860000000000002,0.302,0.40040000000000003,0.4405,0.4546,0.49260000000000004,0.5288,0.5269,0.4444,0.5861000000000001,0.4128
2025-10-28,Arel,Sen2Cor,S2B_MSIL2A_20251028T113319_N0511_R080_T28QCH_20251028T134111.SAFE,C:\Users\Simon\Nextcloud\Project\Mauritania\Science\Arguin - FieldWork Data Processing\Data\S2\Sen2Cor\S2B_MSIL2A_20251028T113319_N0511_R080_T28QCH_20251028T134111.zip,641,9895,4248,342485.0,2201085.0,0.1966,0.271,0.3284,0.4164,0.4636,0.47850000000000004,0.5045000000000001,0.5412,0.5455,0.5413,0.5884,0.3831
2025-10-28,Arel,Sen2Cor,S2B_MSIL2A_20251028T113319_N0511_R080_T28QCH_20251028T134111.SAFE,C:\Users\Simon\Nextcloud\Project\Mauritania\Science\Arguin - FieldWork Data Processing\Data\S2\Sen2Cor\S2B_MSIL2A_20251028T113319_N0511_R080_T28QCH_20251028T134111.zip,642,9895,4249,342495.0,2201085.0,0.1966,0.2878,0.3432,0.42160000000000003,0.4636,0.47850000000000004,0.5045000000000001,0.542,0.5455,0.5413,0.5884,0.3831
2025-10-28,Arel,Sen2Cor,S2B_MSIL2A_20251028T113319_N0511_R080_T28QCH_20251028T134111.SAFE,C:\Users\Simon\Nextcloud\Project\Mauritania\Science\Arguin - FieldWork Data Processing\Data\S2\Sen2Cor\S2B_MSIL2A_20251028T113319_N0511_R080_T28QCH_20251028T134111.zip,643,9895,4250,342505.0,2201085.0,0.2078,0.29460000000000003,0.3552,0.43560000000000004,0.4733,0.48190000000000005,0.5111,0.5552,0.5554,0.5413,0.5836,0.3622
2025-10-28,Arel,Sen2Cor,S2B_MSIL2A_20251028T113319_N0511_R080_T28QCH_20251028T134111.SAFE,C:\Users\Simon\Nextcloud\Project\Mauritania\Science\Arguin - FieldWork Data Processing\Data\S2\Sen2Cor\S2B_MSIL2A_20251028T113319_N0511_R080_T28QCH_20251028T134111.zip,644,9895,4251,342515.0,2201085.0,0.2078,0.28400000000000003,0.3436,0.4264,0.4733,0.48190000000000005,0.5111,0.5528000000000001,0.5554,0.5413,0.5836,0.3622
2025-10-28,Arel,Sen2Cor,S2B_MSIL2A_20251028T113319_N0511_R080_T28QCH_20251028T134111.SAFE,C:\Users\Simon\Nextcloud\Project\Mauritania\Science\Arguin - FieldWork Data Processing\Data\S2\Sen2Cor\S2B_MSIL2A_20251028T113319_N0511_R080_T28QCH_20251028T134111.zip,645,9895,4252,342525.0,2201085.0,0.21130000000000002,0.2768,0.33640000000000003,0.4212,0.4662,0.47900000000000004,0.5087,0.5528000000000001,0.5497000000000001,0.5413,0.5749000000000001,0.3619
2025-10-28,Arel,Sen2Cor,S2B_MSIL2A_20251028T113319_N0511_R080_T28QCH_20251028T134111.SAFE,C:\Users\Simon\Nextcloud\Project\Mauritania\Science\Arguin - FieldWork Data Processing\Data\S2\Sen2Cor\S2B_MSIL2A_20251028T113319_N0511_R080_T28QCH_20251028T134111.zip,646,9895,4253,342535.0,2201085.0,0.21130000000000002,0.271,0.332,0.42160000000000003,0.4662,0.47900000000000004,0.5087,0.5524,0.5497000000000001,0.5413,0.5749000000000001,0.3619
2025-10-28,Arel,Sen2Cor,S2B_MSIL2A_20251028T113319_N0511_R080_T28QCH_20251028T134111.SAFE,C:\Users\Simon\Nextcloud\Project\Mauritania\Science\Arguin - FieldWork Data Processing\Data\S2\Sen2Cor\S2B_MSIL2A_20251028T113319_N0511_R080_T28QCH_20251028T134111.zip,647,9895,4254,342545.0,2201085.0,0.2087,0.27,0.332,0.4212,0.4685,0.47940000000000005,0.511,0.5424,0.5446,0.5493,0.5729000000000001,0.3685
2025-10-28,Arel,Sen2Cor,S2B_MSIL2A_20251028T113319_N0511_R080_T28QCH_20251028T134111.SAFE,C:\Users\Simon\Nextcloud\Project\Mauritania\Science\Arguin - FieldWork Data Processing\Data\S2\Sen2Cor\S2B_MSIL2A_20251028T113319_N0511_R080_T28QCH_20251028T134111.zip,648,9895,4255,342555.0,2201085.0,0.2087,0.27140000000000003,0.3376,0.4264,0.4685,0.47940000000000005,0.511,0.5444,0.5446,0.5493,0.5729000000000001,0.3685
2025-10-28,Arel,Sen2Cor,S2B_MSIL2A_20251028T113319_N0511_R080_T28QCH_20251028T134111.SAFE,C:\Users\Simon\Nextcloud\Project\Mauritania\Science\Arguin - FieldWork Data Processing\Data\S2\Sen2Cor\S2B_MSIL2A_20251028T113319_N0511_R080_T28QCH_20251028T134111.zip,649,9895,4256,342565.0,2201085.0,0.20620000000000002,0.2662,0.3252,0.4204,0.4621,0.47500000000000003,0.5056,0.5492,0.5477000000000001,0.5493,0.5850000000000001,0.3819
2025-10-28,Arel,Sen2Cor,S2B_MSIL2A_20251028T113319_N0511_R080_T28QCH_20251028T134111.SAFE,C:\Users\Simon\Nextcloud\Project\Mauritania\Science\Arguin - FieldWork Data Processing\Data\S2\Sen2Cor\S2B_MSIL2A_20251028T113319_N0511_R080_T28QCH_20251028T134111.zip,650,9895,4257,342575.0,2201085.0,0.20620000000000002,0.2474,0.309,0.4032,0.4621,0.47500000000000003,0.5056,0.5424,0.5477000000000001,0.5493,0.5850000000000001,0.3819
2025-10-28,Arel,Sen2Cor,S2B_MSIL2A_20251028T113319_N0511_R080_T28QCH_20251028T134111.SAFE,C:\Users\Simon\Nextcloud\Project\Mauritania\Science\Arguin - FieldWork Data Processing\Data\S2\Sen2Cor\S2B_MSIL2A_20251028T113319_N0511_R080_T28QCH_20251028T134111.zip,651,9895,4258,342585.0,2201085.0,0.2048,0.2464,0.305,0.3996,0.457,0.4661,0.4975,0.5356000000000001,0.5446,0.5493,0.5889,0.3919
2025-10-28,Arel,Sen2Cor,S2B_MSIL2A_20251028T113319_N0511_R080_T28QCH_20251028T134111.SAFE,C:\Users\Simon\Nextcloud\Project\Mauritania\Science\Arguin - FieldWork Data Processing\Data\S2\Sen2Cor\S2B_MSIL2A_20251028T113319_N0511_R080_T28QCH_20251028T134111.zip,652,9895,4259,342595.0,2201085.0,0.2048,0.2464,0.3084,0.4048,0.457,0.4661,0.4975,0.5372,0.5446,0.5493,0.5889,0.3919
2025-10-28,Arel,Sen2Cor,S2B_MSIL2A_20251028T113319_N0511_R080_T28QCH_20251028T134111.SAFE,C:\Users\Simon\Nextcloud\Project\Mauritania\Science\Arguin - FieldWork Data Processing\Data\S2\Sen2Cor\S2B_MSIL2A_20251028T113319_N0511_R080_T28QCH_20251028T134111.zip,653,9895,4260,342605.0,2201085.0,0.2025,0.2642,0.32280000000000003,0.4212,0.46330000000000005,0.47390000000000004,0.5081,0.5468000000000001,0.5463,0.5296000000000001,0.5926,0.4015
2025-10-28,Arel,Sen2Cor,S2B_MSIL2A_20251028T113319_N0511_R080_T28QCH_20251028T134111.SAFE,C:\Users\Simon\Nextcloud\Project\Mauritania\Science\Arguin - FieldWork Data Processing\Data\S2\Sen2Cor\S2B_MSIL2A_20251028T113319_N0511_R080_T28QCH_20251028T134111.zip,654,9895,4261,342615.0,2201085.0,0.2025,0.2664,0.3272,0.42600000000000005,0.46330000000000005,0.47390000000000004,0.5081,0.546,0.5463,0.5296000000000001,0.5926,0.4015
2025-10-28,Arel,Sen2Cor,S2B_MSIL2A_20251028T113319_N0511_R080_T28QCH_20251028T134111.SAFE,C:\Users\Simon\Nextcloud\Project\Mauritania\Science\Arguin - FieldWork Data Processing\Data\S2\Sen2Cor\S2B_MSIL2A_20251028T113319_N0511_R080_T28QCH_20251028T134111.zip,655,9895,4262,342625.0,2201085.0,0.1976,0.2604,0.3156,0.41440000000000005,0.4554,0.46940000000000004,0.49960000000000004,0.5492,0.5413,0.5296000000000001,0.5895,0.3839
2025-10-28,Arel,Sen2Cor,S2B_MSIL2A_20251028T113319_N0511_R080_T28QCH_20251028T134111.SAFE,C:\Users\Simon\Nextcloud\Project\Mauritania\Science\Arguin - FieldWork Data Processing\Data\S2\Sen2Cor\S2B_MSIL2A_20251028T113319_N0511_R080_T28QCH_20251028T134111.zip,656,9895,4263,342635.0,2201085.0,0.1976,0.2484,0.30760000000000004,0.406,0.4554,0.46940000000000004,0.49960000000000004,0.5516,0.5413,0.5296000000000001,0.5895,0.3839
2025-10-28,Arel,Sen2Cor,S2B_MSIL2A_20251028T113319_N0511_R080_T28QCH_20251028T134111.SAFE,C:\Users\Simon\Nextcloud\Project\Mauritania\Science\Arguin - FieldWork Data Processing\Data\S2\Sen2Cor\S2B_MSIL2A_20251028T113319_N0511_R080_T28QCH_20251028T134111.zip,657,9896,4247,342475.0,2201075.0,0.1746,0.24200000000000002,0.2984,0.39,0.4388,0.4505,0.49000000000000005,0.5252,0.5413,0.4444,0.5867,0.38780000000000003
2025-10-28,Arel,Sen2Cor,S2B_MSIL2A_20251028T113319_N0511_R080_T28QCH_20251028T134111.SAFE,C:\Users\Simon\Nextcloud\Project\Mauritania\Science\Arguin - FieldWork Data Processing\Data\S2\Sen2Cor\S2B_MSIL2A_20251028T113319_N0511_R080_T28QCH_20251028T134111.zip,658,9896,4248,342485.0,2201075.0,0.1915,0.24860000000000002,0.3042,0.39080000000000004,0.43760000000000004,0.4494,0.4843,0.5228,0.5297000000000001,0.5413,0.5793,0.3588
2025-10-28,Arel,Sen2Cor,S2B_MSIL2A_20251028T113319_N0511_R080_T28QCH_20251028T134111.SAFE,C:\Users\Simon\Nextcloud\Project\Mauritania\Science\Arguin - FieldWork Data Processing\Data\S2\Sen2Cor\S2B_MSIL2A_20251028T113319_N0511_R080_T28QCH_20251028T134111.zip,659,9896,4249,342495.0,2201075.0,0.1915,0.2632,0.31520000000000004,0.404,0.43760000000000004,0.4494,0.4843,0.5312,0.5297000000000001,0.5413,0.5793,0.3588
2025-10-28,Arel,Sen2Cor,S2B_MSIL2A_20251028T113319_N0511_R080_T28QCH_20251028T134111.SAFE,C:\Users\Simon\Nextcloud\Project\Mauritania\Science\Arguin - FieldWork Data Processing\Data\S2\Sen2Cor\S2B_MSIL2A_20251028T113319_N0511_R080_T28QCH_20251028T134111.zip,660,9896,4250,342505.0,2201075.0,0.2024,0.28200000000000003,0.3452,0.4264,0.4519,0.4592,0.48850000000000005,0.542,0.5362,0.5413,0.5730000000000001,0.3406
2025-10-28,Arel,Sen2Cor,S2B_MSIL2A_20251028T113319_N0511_R080_T28QCH_20251028T134111.SAFE,C:\Users\Simon\Nextcloud\Project\Mauritania\Science\Arguin - FieldWork Data Processing\Data\S2\Sen2Cor\S2B_MSIL2A_20251028T113319_N0511_R080_T28QCH_20251028T134111.zip,661,9896,4251,342515.0,2201075.0,0.2024,0.2874,0.334,0.41800000000000004,0.4519,0.4592,0.48850000000000005,0.5488000000000001,0.5362,0.5413,0.5730000000000001,0.3406
2025-10-28,Arel,Sen2Cor,S2B_MSIL2A_20251028T113319_N0511_R080_T28QCH_20251028T134111.SAFE,C:\Users\Simon\Nextcloud\Project\Mauritania\Science\Arguin - FieldWork Data Processing\Data\S2\Sen2Cor\S2B_MSIL2A_20251028T113319_N0511_R080_T28QCH_20251028T134111.zip,662,9896,4252,342525.0,2201075.0,0.2059,0.2806,0.3312,0.4208,0.4485,0.45630000000000004,0.4934,0.5468000000000001,0.5468000000000001,0.5413,0.5654,0.3372
2025-10-28,Arel,Sen2Cor,S2B_MSIL2A_20251028T113319_N0511_R080_T28QCH_20251028T134111.SAFE,C:\Users\Simon\Nextcloud\Project\Mauritania\Science\Arguin - FieldWork Data Processing\Data\S2\Sen2Cor\S2B_MSIL2A_20251028T113319_N0511_R080_T28QCH_20251028T134111.zip,663,9896,4253,342535.0,2201075.0,0.2059,0.2676,0.3296,0.4208,0.4485,0.45630000000000004,0.4934,0.5528000000000001,0.5468000000000001,0.5413,0.5654,0.3372
2025-10-28,Arel,Sen2Cor,S2B_MSIL2A_20251028T113319_N0511_R080_T28QCH_20251028T134111.SAFE,C:\Users\Simon\Nextcloud\Project\Mauritania\Science\Arguin - FieldWork Data Processing\Data\S2\Sen2Cor\S2B_MSIL2A_20251028T113319_N0511_R080_T28QCH_20251028T134111.zip,664,9896,4254,342545.0,2201075.0,0.2036,0.2596,0.324,0.41440000000000005,0.44830000000000003,0.46090000000000003,0.4937,0.542,0.544,0.5493,0.5555,0.3252
2025-10-28,Arel,Sen2Cor,S2B_MSIL2A_20251028T113319_N0511_R080_T28QCH_20251028T134111.SAFE,C:\Users\Simon\Nextcloud\Project\Mauritania\Science\Arguin - FieldWork Data Processing\Data\S2\Sen2Cor\S2B_MSIL2A_20251028T113319_N0511_R080_T28QCH_20251028T134111.zip,665,9896,4255,342555.0,2201075.0,0.2036,0.2632,0.3276,0.4172,0.44830000000000003,0.46090000000000003,0.4937,0.536,0.544,0.5493,0.5555,0.3252
2025-10-28,Arel,Sen2Cor,S2B_MSIL2A_20251028T113319_N0511_R080_T28QCH_20251028T134111.SAFE,C:\Users\Simon\Nextcloud\Project\Mauritania\Science\Arguin - FieldWork Data Processing\Data\S2\Sen2Cor\S2B_MSIL2A_20251028T113319_N0511_R080_T28QCH_20251028T134111.zip,666,9896,4256,342565.0,2201075.0,0.20090000000000002,0.2546,0.318,0.41200000000000003,0.4559,0.46840000000000004,0.5028,0.5472,0.5509000000000001,0.5493,0.5690000000000001,0.3418
2025-10-28,Arel,Sen2Cor,S2B_MSIL2A_20251028T113319_N0511_R080_T28QCH_20251028T134111.SAFE,C:\Users\Simon\Nextcloud\Project\Mauritania\Science\Arguin - FieldWork Data Processing\Data\S2\Sen2Cor\S2B_MSIL2A_20251028T113319_N0511_R080_T28QCH_20251028T134111.zip,667,9896,4257,342575.0,2201075.0,0.20090000000000002,0.2536,0.3094,0.4092,0.4559,0.46840000000000004,0.5028,0.5504,0.5509000000000001,0.5493,0.5690000000000001,0.3418
2025-10-28,Arel,Sen2Cor,S2B_MSIL2A_20251028T113319_N0511_R080_T28QCH_20251028T134111.SAFE,C:\Users\Simon\Nextcloud\Project\Mauritania\Science\Arguin - FieldWork Data Processing\Data\S2\Sen2Cor\S2B_MSIL2A_20251028T113319_N0511_R080_T28QCH_20251028T134111.zip,668,9896,4258,342585.0,2201075.0,0.1986,0.25020000000000003,0.309,0.4048,0.45780000000000004,0.47400000000000003,0.5073,0.548,0.5537000000000001,0.5493,0.5750000000000001,0.35050000000000003
2025-10-28,Arel,Sen2Cor,S2B_MSIL2A_20251028T113319_N0511_R080_T28QCH_20251028T134111.SAFE,C:\Users\Simon\Nextcloud\Project\Mauritania\Science\Arguin - FieldWork Data Processing\Data\S2\Sen2Cor\S2B_MSIL2A_20251028T113319_N0511_R080_T28QCH_20251028T134111.zip,669,9896,4259,342595.0,2201075.0,0.1986,0.2536,0.3156,0.4096,0.45780000000000004,0.47400000000000003,0.5073,0.5464,0.5537000000000001,0.5493,0.5750000000000001,0.35050000000000003
2025-10-28,Arel,Sen2Cor,S2B_MSIL2A_20251028T113319_N0511_R080_T28QCH_20251028T134111.SAFE,C:\Users\Simon\Nextcloud\Project\Mauritania\Science\Arguin - FieldWork Data Processing\Data\S2\Sen2Cor\S2B_MSIL2A_20251028T113319_N0511_R080_T28QCH_20251028T134111.zip,670,9896,4260,342605.0,2201075.0,0.1968,0.2632,0.3244,0.42400000000000004,0.4706,0.47990000000000005,0.5082,0.5488000000000001,0.5496,0.5296000000000001,0.5748,0.3639
2025-10-28,Arel,Sen2Cor,S2B_MSIL2A_20251028T113319_N0511_R080_T28QCH_20251028T134111.SAFE,C:\Users\Simon\Nextcloud\Project\Mauritania\Science\Arguin - FieldWork Data Processing\Data\S2\Sen2Cor\S2B_MSIL2A_20251028T113319_N0511_R080_T28QCH_20251028T134111.zip,671,9896,4261,342615.0,2201075.0,0.1968,0.2632,0.32320000000000004,0.42160000000000003,0.4706,0.47990000000000005,0.5082,0.5448000000000001,0.5496,0.5296000000000001,0.5748,0.3639
2025-10-28,Arel,Sen2Cor,S2B_MSIL2A_20251028T113319_N0511_R080_T28QCH_20251028T134111.SAFE,C:\Users\Simon\Nextcloud\Project\Mauritania\Science\Arguin - FieldWork Data Processing\Data\S2\Sen2Cor\S2B_MSIL2A_20251028T113319_N0511_R080_T28QCH_20251028T134111.zip,672,9897,4247,342475.0,2201065.0,0.1746,0.2436,0.3012,0.3876,0.4388,0.4505,0.49000000000000005,0.5292,0.5413,0.4444,0.5867,0.38780000000000003
2025-10-28,Arel,Sen2Cor,S2B_MSIL2A_20251028T113319_N0511_R080_T28QCH_20251028T134111.SAFE,C:\Users\Simon\Nextcloud\Project\Mauritania\Science\Arguin - FieldWork Data Processing\Data\S2\Sen2Cor\S2B_MSIL2A_20251028T113319_N0511_R080_T28QCH_20251028T134111.zip,673,9897,4248,342485.0,2201065.0,0.1915,0.2394,0.2924,0.3804,0.43760000000000004,0.4494,0.4843,0.5204,0.5297000000000001,0.5413,0.5793,0.3588
2025-10-28,Arel,Sen2Cor,S2B_MSIL2A_20251028T113319_N0511_R080_T28QCH_20251028T134111.SAFE,C:\Users\Simon\Nextcloud\Project\Mauritania\Science\Arguin - FieldWork Data Processing\Data\S2\Sen2Cor\S2B_MSIL2A_20251028T113319_N0511_R080_T28QCH_20251028T134111.zip,674,9897,4249,342495.0,2201065.0,0.1915,0.2492,0.29960000000000003,0.3864,0.43760000000000004,0.4494,0.4843,0.5184,0.5297000000000001,0.5413,0.5793,0.3588
2025-10-28,Arel,Sen2Cor,S2B_MSIL2A_20251028T113319_N0511_R080_T28QCH_20251028T134111.SAFE,C:\Users\Simon\Nextcloud\Project\Mauritania\Science\Arguin - FieldWork Data Processing\Data\S2\Sen2Cor\S2B_MSIL2A_20251028T113319_N0511_R080_T28QCH_20251028T134111.zip,675,9897,4250,342505.0,2201065.0,0.2024,0.2626,0.322,0.402,0.4519,0.4592,0.48850000000000005,0.5216000000000001,0.5362,0.5413,0.5730000000000001,0.3406
2025-10-28,Arel,Sen2Cor,S2B_MSIL2A_20251028T113319_N0511_R080_T28QCH_20251028T134111.SAFE,C:\Users\Simon\Nextcloud\Project\Mauritania\Science\Arguin - FieldWork Data Processing\Data\S2\Sen2Cor\S2B_MSIL2A_20251028T113319_N0511_R080_T28QCH_20251028T134111.zip,676,9897,4251,342515.0,2201065.0,0.2024,0.254,0.30660000000000004,0.392,0.4519,0.4592,0.48850000000000005,0.528,0.5362,0.5413,0.5730000000000001,0.3406
2025-10-28,Arel,Sen2Cor,S2B_MSIL2A_20251028T113319_N0511_R080_T28QCH_20251028T134111.SAFE,C:\Users\Simon\Nextcloud\Project\Mauritania\Science\Arguin - FieldWork Data Processing\Data\S2\Sen2Cor\S2B_MSIL2A_20251028T113319_N0511_R080_T28QCH_20251028T134111.zip,677,9897,4252,342525.0,2201065.0,0.2059,0.23800000000000002,0.2998,0.38920000000000005,0.4485,0.45630000000000004,0.4934,0.5284,0.5468000000000001,0.5413,0.5654,0.3372
2025-10-28,Arel,Sen2Cor,S2B_MSIL2A_20251028T113319_N0511_R080_T28QCH_20251028T134111.SAFE,C:\Users\Simon\Nextcloud\Project\Mauritania\Science\Arguin - FieldWork Data Processing\Data\S2\Sen2Cor\S2B_MSIL2A_20251028T113319_N0511_R080_T28QCH_20251028T134111.zip,678,9897,4253,342535.0,2201065.0,0.2059,0.24020000000000002,0.3008,0.3936,0.4485,0.45630000000000004,0.4934,0.5308,0.5468000000000001,0.5413,0.5654,0.3372
2025-10-28,Arel,Sen2Cor,S2B_MSIL2A_20251028T113319_N0511_R080_T28QCH_20251028T134111.SAFE,C:\Users\Simon\Nextcloud\Project\Mauritania\Science\Arguin - FieldWork Data Processing\Data\S2\Sen2Cor\S2B_MSIL2A_20251028T113319_N0511_R080_T28QCH_20251028T134111.zip,679,9897,4254,342545.0,2201065.0,0.2036,0.2416,0.305,0.3936,0.44830000000000003,0.46090000000000003,0.4937,0.5272,0.544,0.5493,0.5555,0.3252
2025-10-28,Arel,Sen2Cor,S2B_MSIL2A_20251028T113319_N0511_R080_T28QCH_20251028T134111.SAFE,C:\Users\Simon\Nextcloud\Project\Mauritania\Science\Arguin - FieldWork Data Processing\Data\S2\Sen2Cor\S2B_MSIL2A_20251028T113319_N0511_R080_T28QCH_20251028T134111.zip,680,9897,4255,342555.0,2201065.0,0.2036,0.25,0.3068,0.402,0.44830000000000003,0.46090000000000003,0.4937,0.5288,0.544,0.5493,0.5555,0.3252
2025-10-28,Arel,Sen2Cor,S2B_MSIL2A_20251028T113319_N0511_R080_T28QCH_20251028T134111.SAFE,C:\Users\Simon\Nextcloud\Project\Mauritania\Science\Arguin - FieldWork Data Processing\Data\S2\Sen2Cor\S2B_MSIL2A_20251028T113319_N0511_R080_T28QCH_20251028T134111.zip,681,9897,4256,342565.0,2201065.0,0.20090000000000002,0.2492,0.314,0.4072,0.4559,0.46840000000000004,0.5028,0.542,0.5509000000000001,0.5493,0.5690000000000001,0.3418
2025-10-28,Arel,Sen2Cor,S2B_MSIL2A_20251028T113319_N0511_R080_T28QCH_20251028T134111.SAFE,C:\Users\Simon\Nextcloud\Project\Mauritania\Science\Arguin - FieldWork Data Processing\Data\S2\Sen2Cor\S2B_MSIL2A_20251028T113319_N0511_R080_T28QCH_20251028T134111.zip,682,9897,4257,342575.0,2201065.0,0.20090000000000002,0.25,0.3104,0.41200000000000003,0.4559,0.46840000000000004,0.5028,0.5516,0.5509000000000001,0.5493,0.5690000000000001,0.3418
2025-10-28,Arel,Sen2Cor,S2B_MSIL2A_20251028T113319_N0511_R080_T28QCH_20251028T134111.SAFE,C:\Users\Simon\Nextcloud\Project\Mauritania\Science\Arguin - FieldWork Data Processing\Data\S2\Sen2Cor\S2B_MSIL2A_20251028T113319_N0511_R080_T28QCH_20251028T134111.zip,683,9897,4258,342585.0,2201065.0,0.1986,0.25,0.3144,0.41400000000000003,0.45780000000000004,0.47400000000000003,0.5073,0.5528000000000001,0.5537000000000001,0.5493,0.5750000000000001,0.35050000000000003
2025-10-28,Arel,Sen2Cor,S2B_MSIL2A_20251028T113319_N0511_R080_T28QCH_20251028T134111.SAFE,C:\Users\Simon\Nextcloud\Project\Mauritania\Science\Arguin - FieldWork Data Processing\Data\S2\Sen2Cor\S2B_MSIL2A_20251028T113319_N0511_R080_T28QCH_20251028T134111.zip,684,9897,4259,342595.0,2201065.0,0.1986,0.25,0.3116,0.4128,0.45780000000000004,0.47400000000000003,0.5073,0.5524,0.5537000000000001,0.5493,0.5750000000000001,0.35050000000000003
2025-10-28,Arel,Sen2Cor,S2B_MSIL2A_20251028T113319_N0511_R080_T28QCH_20251028T134111.SAFE,C:\Users\Simon\Nextcloud\Project\Mauritania\Science\Arguin - FieldWork Data Processing\Data\S2\Sen2Cor\S2B_MSIL2A_20251028T113319_N0511_R080_T28QCH_20251028T134111.zip,685,9898,4247,342475.0,2201055.0,0.17600000000000002,0.24880000000000002,0.2984,0.39080000000000004,0.434,0.45280000000000004,0.48350000000000004,0.5292,0.5299,0.4444,0.5848,0.38220000000000004
2025-10-28,Arel,Sen2Cor,S2B_MSIL2A_20251028T113319_N0511_R080_T28QCH_20251028T134111.SAFE,C:\Users\Simon\Nextcloud\Project\Mauritania\Science\Arguin - FieldWork Data Processing\Data\S2\Sen2Cor\S2B_MSIL2A_20251028T113319_N0511_R080_T28QCH_20251028T134111.zip,686,9898,4248,342485.0,2201055.0,0.1933,0.2356,0.2858,0.3776,0.41960000000000003,0.4395,0.4747,0.5176000000000001,0.5208,0.5413,0.5701,0.3477
2025-10-28,Arel,Sen2Cor,S2B_MSIL2A_20251028T113319_N0511_R080_T28QCH_20251028T134111.SAFE,C:\Users\Simon\Nextcloud\Project\Mauritania\Science\Arguin - FieldWork Data Processing\Data\S2\Sen2Cor\S2B_MSIL2A_20251028T113319_N0511_R080_T28QCH_20251028T134111.zip,687,9898,4249,342495.0,2201055.0,0.1933,0.24020000000000002,0.2896,0.3748,0.41960000000000003,0.4395,0.4747,0.508,0.5208,0.5413,0.5701,0.3477
2025-10-28,Arel,Sen2Cor,S2B_MSIL2A_20251028T113319_N0511_R080_T28QCH_20251028T134111.SAFE,C:\Users\Simon\Nextcloud\Project\Mauritania\Science\Arguin - FieldWork Data Processing\Data\S2\Sen2Cor\S2B_MSIL2A_20251028T113319_N0511_R080_T28QCH_20251028T134111.zip,688,9898,4250,342505.0,2201055.0,0.2034,0.23420000000000002,0.29100000000000004,0.37160000000000004,0.4192,0.44010000000000005,0.4692,0.5024000000000001,0.5167,0.5413,0.5665,0.3257
2025-10-28,Arel,Sen2Cor,S2B_MSIL2A_20251028T113319_N0511_R080_T28QCH_20251028T134111.SAFE,C:\Users\Simon\Nextcloud\Project\Mauritania\Science\Arguin - FieldWork Data Processing\Data\S2\Sen2Cor\S2B_MSIL2A_20251028T113319_N0511_R080_T28QCH_20251028T134111.zip,689,9898,4251,342515.0,2201055.0,0.2034,0.231,0.2846,0.3684,0.4192,0.44010000000000005,0.4692,0.5036,0.5167,0.5413,0.5665,0.3257
2025-10-28,Arel,Sen2Cor,S2B_MSIL2A_20251028T113319_N0511_R080_T28QCH_20251028T134111.SAFE,C:\Users\Simon\Nextcloud\Project\Mauritania\Science\Arguin - FieldWork Data Processing\Data\S2\Sen2Cor\S2B_MSIL2A_20251028T113319_N0511_R080_T28QCH_20251028T134111.zip,690,9898,4252,342525.0,2201055.0,0.2039,0.22640000000000002,0.2844,0.3684,0.42850000000000005,0.4445,0.4767,0.5088,0.5287000000000001,0.5413,0.5607,0.31870000000000004
2025-10-28,Arel,Sen2Cor,S2B_MSIL2A_20251028T113319_N0511_R080_T28QCH_20251028T134111.SAFE,C:\Users\Simon\Nextcloud\Project\Mauritania\Science\Arguin - FieldWork Data Processing\Data\S2\Sen2Cor\S2B_MSIL2A_20251028T113319_N0511_R080_T28QCH_20251028T134111.zip,691,9898,4253,342535.0,2201055.0,0.2039,0.2306,0.28900000000000003,0.3816,0.42850000000000005,0.4445,0.4767,0.5196000000000001,0.5287000000000001,0.5413,0.5607,0.31870000000000004
2025-10-28,Arel,Sen2Cor,S2B_MSIL2A_20251028T113319_N0511_R080_T28QCH_20251028T134111.SAFE,C:\Users\Simon\Nextcloud\Project\Mauritania\Science\Arguin - FieldWork Data Processing\Data\S2\Sen2Cor\S2B_MSIL2A_20251028T113319_N0511_R080_T28QCH_20251028T134111.zip,692,9898,4254,342545.0,2201055.0,0.19820000000000002,0.2296,0.29500000000000004,0.388,0.4506,0.4607,0.49310000000000004,0.522,0.5397000000000001,0.5493,0.5506,0.3103
2025-10-28,Arel,Sen2Cor,S2B_MSIL2A_20251028T113319_N0511_R080_T28QCH_20251028T134111.SAFE,C:\Users\Simon\Nextcloud\Project\Mauritania\Science\Arguin - FieldWork Data Processing\Data\S2\Sen2Cor\S2B_MSIL2A_20251028T113319_N0511_R080_T28QCH_20251028T134111.zip,693,9898,4255,342555.0,2201055.0,0.19820000000000002,0.23900000000000002,0.3012,0.39880000000000004,0.4506,0.4607,0.49310000000000004,0.5252,0.5397000000000001,0.5493,0.5506,0.3103
2025-10-28,Arel,Sen2Cor,S2B_MSIL2A_20251028T113319_N0511_R080_T28QCH_20251028T134111.SAFE,C:\Users\Simon\Nextcloud\Project\Mauritania\Science\Arguin - FieldWork Data Processing\Data\S2\Sen2Cor\S2B_MSIL2A_20251028T113319_N0511_R080_T28QCH_20251028T134111.zip,694,9898,4256,342565.0,2201055.0,0.19060000000000002,0.24200000000000002,0.3104,0.4068,0.46330000000000005,0.47440000000000004,0.5079,0.54,0.5561,0.5493,0.5531,0.3165
2025-10-28,Arel,Sen2Cor,S2B_MSIL2A_20251028T113319_N0511_R080_T28QCH_20251028T134111.SAFE,C:\Users\Simon\Nextcloud\Project\Mauritania\Science\Arguin - FieldWork Data Processing\Data\S2\Sen2Cor\S2B_MSIL2A_20251028T113319_N0511_R080_T28QCH_20251028T134111.zip,695,9898,4257,342575.0,2201055.0,0.19060000000000002,0.2424,0.3108,0.4156,0.46330000000000005,0.47440000000000004,0.5079,0.5552,0.5561,0.5493,0.5531,0.3165
2025-10-28,Arel,Sen2Cor,S2B_MSIL2A_20251028T113319_N0511_R080_T28QCH_20251028T134111.SAFE,C:\Users\Simon\Nextcloud\Project\Mauritania\Science\Arguin - FieldWork Data Processing\Data\S2\Sen2Cor\S2B_MSIL2A_20251028T113319_N0511_R080_T28QCH_20251028T134111.zip,696,9898,4258,342585.0,2201055.0,0.18560000000000001,0.24500000000000002,0.3176,0.4176,0.4666,0.47950000000000004,0.5087,0.5568000000000001,0.5533,0.5493,0.5595,0.323
2025-10-28,Arel,Sen2Cor,S2B_MSIL2A_20251028T113319_N0511_R080_T28QCH_20251028T134111.SAFE,C:\Users\Simon\Nextcloud\Project\Mauritania\Science\Arguin - FieldWork Data Processing\Data\S2\Sen2Cor\S2B_MSIL2A_20251028T113319_N0511_R080_T28QCH_20251028T134111.zip,697,9899,4247,342475.0,2201045.0,0.17600000000000002,0.2396,0.2878,0.3764,0.434,0.45280000000000004,0.48350000000000004,0.5168,0.5299,0.4444,0.5848,0.38220000000000004
2025-10-28,Arel,Sen2Cor,S2B_MSIL2A_20251028T113319_N0511_R080_T28QCH_20251028T134111.SAFE,C:\Users\Simon\Nextcloud\Project\Mauritania\Science\Arguin - FieldWork Data Processing\Data\S2\Sen2Cor\S2B_MSIL2A_20251028T113319_N0511_R080_T28QCH_20251028T134111.zip,698,9899,4248,342485.0,2201045.0,0.1933,0.23420000000000002,0.2876,0.3776,0.41960000000000003,0.4395,0.4747,0.5184,0.5208,0.5413,0.5701,0.3477
2025-10-28,Arel,Sen2Cor,S2B_MSIL2A_20251028T113319_N0511_R080_T28QCH_20251028T134111.SAFE,C:\Users\Simon\Nextcloud\Project\Mauritania\Science\Arguin - FieldWork Data Processing\Data\S2\Sen2Cor\S2B_MSIL2A_20251028T113319_N0511_R080_T28QCH_20251028T134111.zip,699,9899,4249,342495.0,2201045.0,0.1933,0.23620000000000002,0.2918,0.3776,0.41960000000000003,0.4395,0.4747,0.5136000000000001,0.5208,0.5413,0.5701,0.3477
2025-10-28,Arel,Sen2Cor,S2B_MSIL2A_20251028T113319_N0511_R080_T28QCH_20251028T134111.SAFE,C:\Users\Simon\Nextcloud\Project\Mauritania\Science\Arguin - FieldWork Data Processing\Data\S2\Sen2Cor\S2B_MSIL2A_20251028T113319_N0511_R080_T28QCH_20251028T134111.zip,700,9899,4250,342505.0,2201045.0,0.2034,0.23140000000000002,0.2918,0.3748,0.4192,0.44010000000000005,0.4692,0.5112,0.5167,0.5413,0.5665,0.3257
2025-10-28,Arel,Sen2Cor,S2B_MSIL2A_20251028T113319_N0511_R080_T28QCH_20251028T134111.SAFE,C:\Users\Simon\Nextcloud\Project\Mauritania\Science\Arguin - FieldWork Data Processing\Data\S2\Sen2Cor\S2B_MSIL2A_20251028T113319_N0511_R080_T28QCH_20251028T134111.zip,701,9899,4251,342515.0,2201045.0,0.2034,0.23420000000000002,0.2884,0.37520000000000003,0.4192,0.44010000000000005,0.4692,0.5128,0.5167,0.5413,0.5665,0.3257
2025-10-28,Arel,Sen2Cor,S2B_MSIL2A_20251028T113319_N0511_R080_T28QCH_20251028T134111.SAFE,C:\Users\Simon\Nextcloud\Project\Mauritania\Science\Arguin - FieldWork Data Processing\Data\S2\Sen2Cor\S2B_MSIL2A_20251028T113319_N0511_R080_T28QCH_20251028T134111.zip,702,9899,4252,342525.0,2201045.0,0.2039,0.23600000000000002,0.2916,0.38280000000000003,0.42850000000000005,0.4445,0.4767,0.516,0.5287000000000001,0.5413,0.5607,0.31870000000000004
2025-10-28,Arel,Sen2Cor,S2B_MSIL2A_20251028T113319_N0511_R080_T28QCH_20251028T134111.SAFE,C:\Users\Simon\Nextcloud\Project\Mauritania\Science\Arguin - FieldWork Data Processing\Data\S2\Sen2Cor\S2B_MSIL2A_20251028T113319_N0511_R080_T28QCH_20251028T134111.zip,703,9899,4253,342535.0,2201045.0,0.2039,0.23440000000000003,0.298,0.39440000000000003,0.42850000000000005,0.4445,0.4767,0.534,0.5287000000000001,0.5413,0.5607,0.31870000000000004
2025-10-28,Arel,Sen2Cor,S2B_MSIL2A_20251028T113319_N0511_R080_T28QCH_20251028T134111.SAFE,C:\Users\Simon\Nextcloud\Project\Mauritania\Science\Arguin - FieldWork Data Processing\Data\S2\Sen2Cor\S2B_MSIL2A_20251028T113319_N0511_R080_T28QCH_20251028T134111.zip,704,9899,4254,342545.0,2201045.0,0.19820000000000002,0.2374,0.306,0.4036,0.4506,0.4607,0.49310000000000004,0.5384,0.5397000000000001,0.5493,0.5506,0.3103
2025-10-28,Arel,Sen2Cor,S2B_MSIL2A_20251028T113319_N0511_R080_T28QCH_20251028T134111.SAFE,C:\Users\Simon\Nextcloud\Project\Mauritania\Science\Arguin - FieldWork Data Processing\Data\S2\Sen2Cor\S2B_MSIL2A_20251028T113319_N0511_R080_T28QCH_20251028T134111.zip,705,9899,4255,342555.0,2201045.0,0.19820000000000002,0.2406,0.30860000000000004,0.40640000000000004,0.4506,0.4607,0.49310000000000004,0.5372,0.5397000000000001,0.5493,0.5506,0.3103
2025-10-28,Arel,Sen2Cor,S2B_MSIL2A_20251028T113319_N0511_R080_T28QCH_20251028T134111.SAFE,C:\Users\Simon\Nextcloud\Project\Mauritania\Science\Arguin - FieldWork Data Processing\Data\S2\Sen2Cor\S2B_MSIL2A_20251028T113319_N0511_R080_T28QCH_20251028T134111.zip,706,9899,4256,342565.0,2201045.0,0.19060000000000002,0.2436,0.3078,0.4088,0.46330000000000005,0.47440000000000004,0.5079,0.5468000000000001,0.5561,0.5493,0.5531,0.3165
2025-10-28,Arel,Sen2Cor,S2B_MSIL2A_20251028T113319_N0511_R080_T28QCH_20251028T134111.SAFE,C:\Users\Simon\Nextcloud\Project\Mauritania\Science\Arguin - FieldWork Data Processing\Data\S2\Sen2Cor\S2B_MSIL2A_20251028T113319_N0511_R080_T28QCH_20251028T134111.zip,707,9900,4247,342475.0,2201035.0,0.1797,0.23040000000000002,0.28140000000000004,0.3664,0.4312,0.44530000000000003,0.4788,0.516,0.5264,0.44820000000000004,0.5836,0.3871
2025-10-28,Arel,Sen2Cor,S2B_MSIL2A_20251028T113319_N0511_R080_T28QCH_20251028T134111.SAFE,C:\Users\Simon\Nextcloud\Project\Mauritania\Science\Arguin - FieldWork Data Processing\Data\S2\Sen2Cor\S2B_MSIL2A_20251028T113319_N0511_R080_T28QCH_20251028T134111.zip,708,9900,4248,342485.0,2201035.0,0.1978,0.2368,0.2872,0.374,0.4252,0.4415,0.4753,0.5184,0.5314,0.5354,0.5720000000000001,0.3451
2025-10-28,Arel,Sen2Cor,S2B_MSIL2A_20251028T113319_N0511_R080_T28QCH_20251028T134111.SAFE,C:\Users\Simon\Nextcloud\Project\Mauritania\Science\Arguin - FieldWork Data Processing\Data\S2\Sen2Cor\S2B_MSIL2A_20251028T113319_N0511_R080_T28QCH_20251028T134111.zip,709,9900,4249,342495.0,2201035.0,0.1978,0.24180000000000001,0.2968,0.3808,0.4252,0.4415,0.4753,0.5236000000000001,0.5314,0.5354,0.5720000000000001,0.3451
2025-10-28,Arel,Sen2Cor,S2B_MSIL2A_20251028T113319_N0511_R080_T28QCH_20251028T134111.SAFE,C:\Users\Simon\Nextcloud\Project\Mauritania\Science\Arguin - FieldWork Data Processing\Data\S2\Sen2Cor\S2B_MSIL2A_20251028T113319_N0511_R080_T28QCH_20251028T134111.zip,710,9900,4250,342505.0,2201035.0,0.20670000000000002,0.2426,0.3002,0.38720000000000004,0.434,0.44630000000000003,0.48160000000000003,0.5272,0.5312,0.5354,0.562,0.3247
2025-10-28,Arel,Sen2Cor,S2B_MSIL2A_20251028T113319_N0511_R080_T28QCH_20251028T134111.SAFE,C:\Users\Simon\Nextcloud\Project\Mauritania\Science\Arguin - FieldWork Data Processing\Data\S2\Sen2Cor\S2B_MSIL2A_20251028T113319_N0511_R080_T28QCH_20251028T134111.zip,711,9900,4251,342515.0,2201035.0,0.20670000000000002,0.2376,0.2942,0.384,0.434,0.44630000000000003,0.48160000000000003,0.5252,0.5312,0.5354,0.562,0.3247
2025-10-28,Arel,Sen2Cor,S2B_MSIL2A_20251028T113319_N0511_R080_T28QCH_20251028T134111.SAFE,C:\Users\Simon\Nextcloud\Project\Mauritania\Science\Arguin - FieldWork Data Processing\Data\S2\Sen2Cor\S2B_MSIL2A_20251028T113319_N0511_R080_T28QCH_20251028T134111.zip,712,9900,4252,342525.0,2201035.0,0.2039,0.24020000000000002,0.2994,0.3952,0.4439,0.45830000000000004,0.4949,0.5312,0.5377000000000001,0.5354,0.5512,0.31070000000000003
2025-10-28,Arel,Sen2Cor,S2B_MSIL2A_20251028T113319_N0511_R080_T28QCH_20251028T134111.SAFE,C:\Users\Simon\Nextcloud\Project\Mauritania\Science\Arguin - FieldWork Data Processing\Data\S2\Sen2Cor\S2B_MSIL2A_20251028T113319_N0511_R080_T28QCH_20251028T134111.zip,713,9900,4253,342535.0,2201035.0,0.2039,0.24280000000000002,0.304,0.4036,0.4439,0.45830000000000004,0.4949,0.5444,0.5377000000000001,0.5354,0.5512,0.31070000000000003
2025-10-28,Arel,Sen2Cor,S2B_MSIL2A_20251028T113319_N0511_R080_T28QCH_20251028T134111.SAFE,C:\Users\Simon\Nextcloud\Project\Mauritania\Science\Arguin - FieldWork Data Processing\Data\S2\Sen2Cor\S2B_MSIL2A_20251028T113319_N0511_R080_T28QCH_20251028T134111.zip,714,9900,4254,342545.0,2201035.0,0.19090000000000001,0.2446,0.312,0.4108,0.457,0.47000000000000003,0.5059,0.548,0.5475,0.4767,0.5428000000000001,0.3008
2025-10-28,Arel,Sen2Cor,S2B_MSIL2A_20251028T113319_N0511_R080_T28QCH_20251028T134111.SAFE,C:\Users\Simon\Nextcloud\Project\Mauritania\Science\Arguin - FieldWork Data Processing\Data\S2\Sen2Cor\S2B_MSIL2A_20251028T113319_N0511_R080_T28QCH_20251028T134111.zip,715,9901,4247,342475.0,2201025.0,0.1797,0.23900000000000002,0.28240000000000004,0.368,0.4312,0.44530000000000003,0.4788,0.5228,0.5264,0.44820000000000004,0.5836,0.3871
2025-10-28,Arel,Sen2Cor,S2B_MSIL2A_20251028T113319_N0511_R080_T28QCH_20251028T134111.SAFE,C:\Users\Simon\Nextcloud\Project\Mauritania\Science\Arguin - FieldWork Data Processing\Data\S2\Sen2Cor\S2B_MSIL2A_20251028T113319_N0511_R080_T28QCH_20251028T134111.zip,716,9901,4248,342485.0,2201025.0,0.1978,0.24200000000000002,0.2874,0.372,0.4252,0.4415,0.4753,0.518,0.5314,0.5354,0.5720000000000001,0.3451
2025-10-28,Arel,Sen2Cor,S2B_MSIL2A_20251028T113319_N0511_R080_T28QCH_20251028T134111.SAFE,C:\Users\Simon\Nextcloud\Project\Mauritania\Science\Arguin - FieldWork Data Processing\Data\S2\Sen2Cor\S2B_MSIL2A_20251028T113319_N0511_R080_T28QCH_20251028T134111.zip,717,9901,4249,342495.0,2201025.0,0.1978,0.2442,0.2964,0.3776,0.4252,0.4415,0.4753,0.5248,0.5314,0.5354,0.5720000000000001,0.3451
2025-10-28,Arel,Sen2Cor,S2B_MSIL2A_20251028T113319_N0511_R080_T28QCH_20251028T134111.SAFE,C:\Users\Simon\Nextcloud\Project\Mauritania\Science\Arguin - FieldWork Data Processing\Data\S2\Sen2Cor\S2B_MSIL2A_20251028T113319_N0511_R080_T28QCH_20251028T134111.zip,718,9901,4250,342505.0,2201025.0,0.20670000000000002,0.2414,0.29660000000000003,0.3824,0.434,0.44630000000000003,0.48160000000000003,0.5244,0.5312,0.5354,0.562,0.3247
2025-10-28,Arel,Sen2Cor,S2B_MSIL2A_20251028T113319_N0511_R080_T28QCH_20251028T134111.SAFE,C:\Users\Simon\Nextcloud\Project\Mauritania\Science\Arguin - FieldWork Data Processing\Data\S2\Sen2Cor\S2B_MSIL2A_20251028T113319_N0511_R080_T28QCH_20251028T134111.zip,719,9901,4251,342515.0,2201025.0,0.20670000000000002,0.2366,0.2954,0.38880000000000003,0.434,0.44630000000000003,0.48160000000000003,0.5244,0.5312,0.5354,0.562,0.3247
2025-10-28,Arel,Sen2Cor,S2B_MSIL2A_20251028T113319_N0511_R080_T28QCH_20251028T134111.SAFE,C:\Users\Simon\Nextcloud\Project\Mauritania\Science\Arguin - FieldWork Data Processing\Data\S2\Sen2Cor\S2B_MSIL2A_20251028T113319_N0511_R080_T28QCH_20251028T134111.zip,720,9901,4252,342525.0,2201025.0,0.2039,0.2396,0.301,0.3924,0.4439,0.45830000000000004,0.4949,0.5332,0.5377000000000001,0.5354,0.5512,0.31070000000000003
2025-10-28,Arel,Sen2Cor,S2B_MSIL2A_20251028T113319_N0511_R080_T28QCH_20251028T134111.SAFE,C:\Users\Simon\Nextcloud\Project\Mauritania\Science\Arguin - FieldWork Data Processing\Data\S2\Sen2Cor\S2B_MSIL2A_20251028T113319_N0511_R080_T28QCH_20251028T134111.zip,721,9902,4247,342475.0,2201015.0,0.1758,0.2436,0.2868,0.374,0.4428,0.45330000000000004,0.49770000000000003,0.5288,0.541,0.44820000000000004,0.5870000000000001,0.39540000000000003
2025-10-28,Arel,Sen2Cor,S2B_MSIL2A_20251028T113319_N0511_R080_T28QCH_20251028T134111.SAFE,C:\Users\Simon\Nextcloud\Project\Mauritania\Science\Arguin - FieldWork Data Processing\Data\S2\Sen2Cor\S2B_MSIL2A_20251028T113319_N0511_R080_T28QCH_20251028T134111.zip,722,9902,4248,342485.0,2201015.0,0.19310000000000002,0.252,0.2994,0.3796,0.43670000000000003,0.45990000000000003,0.4892,0.5308,0.5398000000000001,0.5354,0.5712,0.3497
2025-10-28,Arel,Sen2Cor,S2B_MSIL2A_20251028T113319_N0511_R080_T28QCH_20251028T134111.SAFE,C:\Users\Simon\Nextcloud\Project\Mauritania\Science\Arguin - FieldWork Data Processing\Data\S2\Sen2Cor\S2B_MSIL2A_20251028T113319_N0511_R080_T28QCH_20251028T134111.zip,723,9902,4249,342495.0,2201015.0,0.19310000000000002,0.24680000000000002,0.29400000000000004,0.3804,0.43670000000000003,0.45990000000000003,0.4892,0.528,0.5398000000000001,0.5354,0.5712,0.3497
2025-10-28,Arel,Sen2Cor,S2B_MSIL2A_20251028T113319_N0511_R080_T28QCH_20251028T134111.SAFE,C:\Users\Simon\Nextcloud\Project\Mauritania\Science\Arguin - FieldWork Data Processing\Data\S2\Sen2Cor\S2B_MSIL2A_20251028T113319_N0511_R080_T28QCH_20251028T134111.zip,724,9902,4250,342505.0,2201015.0,0.20040000000000002,0.2404,0.2962,0.38680000000000003,0.44520000000000004,0.45780000000000004,0.48750000000000004,0.5272,0.5383,0.5354,0.5471,0.3169
2025-10-28,Arel,Sen2Cor,S2B_MSIL2A_20251028T113319_N0511_R080_T28QCH_20251028T134111.SAFE,C:\Users\Simon\Nextcloud\Project\Mauritania\Science\Arguin - FieldWork Data Processing\Data\S2\Sen2Cor\S2B_MSIL2A_20251028T113319_N0511_R080_T28QCH_20251028T134111.zip,725,9902,4251,342515.0,2201015.0,0.20040000000000002,0.24020000000000002,0.29760000000000003,0.39480000000000004,0.44520000000000004,0.45780000000000004,0.48750000000000004,0.5308,0.5383,0.5354,0.5471,0.3169
2025-10-28,Arel,Sen2Cor,S2B_MSIL2A_20251028T113319_N0511_R080_T28QCH_20251028T134111.SAFE,C:\Users\Simon\Nextcloud\Project\Mauritania\Science\Arguin - FieldWork Data Processing\Data\S2\Sen2Cor\S2B_MSIL2A_20251028T113319_N0511_R080_T28QCH_20251028T134111.zip,726,9903,4247,342475.0,2201005.0,0.1758,0.25220000000000004,0.29760000000000003,0.3876,0.4428,0.45330000000000004,0.49770000000000003,0.5396000000000001,0.541,0.44820000000000004,0.5870000000000001,0.39540000000000003
2025-10-28,Arel,Sen2Cor,S2B_MSIL2A_20251028T113319_N0511_R080_T28QCH_20251028T134111.SAFE,C:\Users\Simon\Nextcloud\Project\Mauritania\Science\Arguin - FieldWork Data Processing\Data\S2\Sen2Cor\S2B_MSIL2A_20251028T113319_N0511_R080_T28QCH_20251028T134111.zip,727,9903,4248,342485.0,2201005.0,0.19310000000000002,0.2626,0.3062,0.38920000000000005,0.43670000000000003,0.45990000000000003,0.4892,0.5428000000000001,0.5398000000000001,0.5354,0.5712,0.3497
2025-10-28,Arel,Sen2Cor,S2B_MSIL2A_20251028T113319_N0511_R080_T28QCH_20251028T134111.SAFE,C:\Users\Simon\Nextcloud\Project\Mauritania\Science\Arguin - FieldWork Data Processing\Data\S2\Sen2Cor\S2B_MSIL2A_20251028T113319_N0511_R080_T28QCH_20251028T134111.zip,728,9903,4249,342495.0,2201005.0,0.19310000000000002,0.253,0.3044,0.38680000000000003,0.43670000000000003,0.45990000000000003,0.4892,0.5296000000000001,0.5398000000000001,0.5354,0.5712,0.3497
2025-10-28,Arel,Sen2Cor,S2B_MSIL2A_20251028T113319_N0511_R080_T28QCH_20251028T134111.SAFE,C:\Users\Simon\Nextcloud\Project\Mauritania\Science\Arguin - FieldWork Data Processing\Data\S2\Sen2Cor\S2B_MSIL2A_20251028T113319_N0511_R080_T28QCH_20251028T134111.zip,729,9904,4247,342475.0,2200995.0,0.1573,0.2696,0.3216,0.4096,0.46,0.46950000000000003,0.5025000000000001,0.5504,0.551,0.44820000000000004,0.5861000000000001,0.4007
