date,AOI,atmospheric_correction,scene_id,source,pixel_id,row,col,x,y,B01,B02,B03,B04,B05,B06,B07,B08,B8A,B09,B11,B12
2025-01-31,Iwik,Sen2Cor,S2B_MSIL2A_20250131T113319_N0511_R080_T28QCG_20250131T170258.SAFE,C:\Users\Simon\Nextcloud\Project\Mauritania\Science\Arguin - FieldWork Data Processing\Data\S2\Sen2Cor\S2B_MSIL2A_20250131T113319_N0511_R080_T28QCG_20250131T170258.zip,0,19,6348,363485.0,2199825.0,0.21330000000000002,0.24760000000000001,0.35200000000000004,0.4792,0.5172,0.5272,0.5439,0.5844,0.5508000000000001,0.5519000000000001,0.6509,0.6054
2025-01-31,Iwik,Sen2Cor,S2B_MSIL2A_20250131T113319_N0511_R080_T28QCG_20250131T170258.SAFE,C:\Users\Simon\Nextcloud\Project\Mauritania\Science\Arguin - FieldWork Data Processing\Data\S2\Sen2Cor\S2B_MSIL2A_20250131T113319_N0511_R080_T28QCG_20250131T170258.zip,1,19,6349,363495.0,2199825.0,0.21330000000000002,0.24280000000000002,0.3476,0.4748,0.5172,0.5272,0.5439,0.5804,0.5508000000000001,0.5519000000000001,0.6509,0.6054
2025-01-31,Iwik,Sen2Cor,S2B_MSIL2A_20250131T113319_N0511_R080_T28QCG_20250131T170258.SAFE,C:\Users\Simon\Nextcloud\Project\Mauritania\Science\Arguin - FieldWork Data Processing\Data\S2\Sen2Cor\S2B_MSIL2A_20250131T113319_N0511_R080_T28QCG_20250131T170258.zip,2,20,6347,363475.0,2199815.0,0.2165,0.24700000000000003,0.3416,0.47040000000000004,0.5055000000000001,0.5174,0.5355,0.5768,0.549,0.5511,0.6391,0.5977
2025-01-31,Iwik,Sen2Cor,S2B_MSIL2A_20250131T113319_N0511_R080_T28QCG_20250131T170258.SAFE,C:\Users\Simon\Nextcloud\Project\Mauritania\Science\Arguin - FieldWork Data Processing\Data\S2\Sen2Cor\S2B_MSIL2A_20250131T113319_N0511_R080_T28QCG_20250131T170258.zip,3,20,6348,363485.0,2199815.0,0.21730000000000002,0.24580000000000002,0.34600000000000003,0.4728,0.5122,0.5208,0.5406000000000001,0.5744,0.5471,0.5519000000000001,0.6468,0.6028
2025-01-31,Iwik,Sen2Cor,S2B_MSIL2A_20250131T113319_N0511_R080_T28QCG_20250131T170258.SAFE,C:\Users\Simon\Nextcloud\Project\Mauritania\Science\Arguin - FieldWork Data Processing\Data\S2\Sen2Cor\S2B_MSIL2A_20250131T113319_N0511_R080_T28QCG_20250131T170258.zip,4,20,6349,363495.0,2199815.0,0.21730000000000002,0.2456,0.34600000000000003,0.47440000000000004,0.5122,0.5208,0.5406000000000001,0.5776,0.5471,0.5519000000000001,0.6468,0.6028
2025-01-31,Iwik,Sen2Cor,S2B_MSIL2A_20250131T113319_N0511_R080_T28QCG_20250131T170258.SAFE,C:\Users\Simon\Nextcloud\Project\Mauritania\Science\Arguin - FieldWork Data Processing\Data\S2\Sen2Cor\S2B_MSIL2A_20250131T113319_N0511_R080_T28QCG_20250131T170258.zip,5,20,6350,363505.0,2199815.0,0.2174,0.24980000000000002,0.3496,0.4792,0.517,0.5261,0.5475,0.5800000000000001,0.5508000000000001,0.5519000000000001,0.6508,0.6034
2025-01-31,Iwik,Sen2Cor,S2B_MSIL2A_20250131T113319_N0511_R080_T28QCG_20250131T170258.SAFE,C:\Users\Simon\Nextcloud\Project\Mauritania\Science\Arguin - FieldWork Data Processing\Data\S2\Sen2Cor\S2B_MSIL2A_20250131T113319_N0511_R080_T28QCG_20250131T170258.zip,6,20,6351,363515.0,2199815.0,0.2174,0.252,0.3492,0.4792,0.517,0.5261,0.5475,0.5756,0.5508000000000001,0.5519000000000001,0.6508,0.6034
2025-01-31,Iwik,Sen2Cor,S2B_MSIL2A_20250131T113319_N0511_R080_T28QCG_20250131T170258.SAFE,C:\Users\Simon\Nextcloud\Project\Mauritania\Science\Arguin - FieldWork Data Processing\Data\S2\Sen2Cor\S2B_MSIL2A_20250131T113319_N0511_R080_T28QCG_20250131T170258.zip,7,20,6352,363525.0,2199815.0,0.21910000000000002,0.24960000000000002,0.35200000000000004,0.4788,0.5184,0.532,0.55,0.5812,0.5511,0.5519000000000001,0.651,0.6058
2025-01-31,Iwik,Sen2Cor,S2B_MSIL2A_20250131T113319_N0511_R080_T28QCG_20250131T170258.SAFE,C:\Users\Simon\Nextcloud\Project\Mauritania\Science\Arguin - FieldWork Data Processing\Data\S2\Sen2Cor\S2B_MSIL2A_20250131T113319_N0511_R080_T28QCG_20250131T170258.zip,8,21,6346,363465.0,2199805.0,0.2165,0.2442,0.3468,0.46840000000000004,0.5055000000000001,0.5174,0.5355,0.5692,0.549,0.5511,0.6391,0.5977
2025-01-31,Iwik,Sen2Cor,S2B_MSIL2A_20250131T113319_N0511_R080_T28QCG_20250131T170258.SAFE,C:\Users\Simon\Nextcloud\Project\Mauritania\Science\Arguin - FieldWork Data Processing\Data\S2\Sen2Cor\S2B_MSIL2A_20250131T113319_N0511_R080_T28QCG_20250131T170258.zip,9,21,6347,363475.0,2199805.0,0.2165,0.2446,0.3452,0.4656,0.5055000000000001,0.5174,0.5355,0.5692,0.549,0.5511,0.6391,0.5977
2025-01-31,Iwik,Sen2Cor,S2B_MSIL2A_20250131T113319_N0511_R080_T28QCG_20250131T170258.SAFE,C:\Users\Simon\Nextcloud\Project\Mauritania\Science\Arguin - FieldWork Data Processing\Data\S2\Sen2Cor\S2B_MSIL2A_20250131T113319_N0511_R080_T28QCG_20250131T170258.zip,10,21,6348,363485.0,2199805.0,0.21730000000000002,0.2474,0.34,0.46840000000000004,0.5122,0.5208,0.5406000000000001,0.5732,0.5471,0.5519000000000001,0.6468,0.6028
2025-01-31,Iwik,Sen2Cor,S2B_MSIL2A_20250131T113319_N0511_R080_T28QCG_20250131T170258.SAFE,C:\Users\Simon\Nextcloud\Project\Mauritania\Science\Arguin - FieldWork Data Processing\Data\S2\Sen2Cor\S2B_MSIL2A_20250131T113319_N0511_R080_T28QCG_20250131T170258.zip,11,21,6349,363495.0,2199805.0,0.21730000000000002,0.24700000000000003,0.34400000000000003,0.4728,0.5122,0.5208,0.5406000000000001,0.5760000000000001,0.5471,0.5519000000000001,0.6468,0.6028
2025-01-31,Iwik,Sen2Cor,S2B_MSIL2A_20250131T113319_N0511_R080_T28QCG_20250131T170258.SAFE,C:\Users\Simon\Nextcloud\Project\Mauritania\Science\Arguin - FieldWork Data Processing\Data\S2\Sen2Cor\S2B_MSIL2A_20250131T113319_N0511_R080_T28QCG_20250131T170258.zip,12,21,6350,363505.0,2199805.0,0.2174,0.2546,0.35000000000000003,0.47600000000000003,0.517,0.5261,0.5475,0.5832,0.5508000000000001,0.5519000000000001,0.6508,0.6034
2025-01-31,Iwik,Sen2Cor,S2B_MSIL2A_20250131T113319_N0511_R080_T28QCG_20250131T170258.SAFE,C:\Users\Simon\Nextcloud\Project\Mauritania\Science\Arguin - FieldWork Data Processing\Data\S2\Sen2Cor\S2B_MSIL2A_20250131T113319_N0511_R080_T28QCG_20250131T170258.zip,13,21,6351,363515.0,2199805.0,0.2174,0.25220000000000004,0.3552,0.48040000000000005,0.517,0.5261,0.5475,0.5844,0.5508000000000001,0.5519000000000001,0.6508,0.6034
2025-01-31,Iwik,Sen2Cor,S2B_MSIL2A_20250131T113319_N0511_R080_T28QCG_20250131T170258.SAFE,C:\Users\Simon\Nextcloud\Project\Mauritania\Science\Arguin - FieldWork Data Processing\Data\S2\Sen2Cor\S2B_MSIL2A_20250131T113319_N0511_R080_T28QCG_20250131T170258.zip,14,21,6352,363525.0,2199805.0,0.21910000000000002,0.259,0.3552,0.4848,0.5184,0.532,0.55,0.5868,0.5511,0.5519000000000001,0.651,0.6058
2025-01-31,Iwik,Sen2Cor,S2B_MSIL2A_20250131T113319_N0511_R080_T28QCG_20250131T170258.SAFE,C:\Users\Simon\Nextcloud\Project\Mauritania\Science\Arguin - FieldWork Data Processing\Data\S2\Sen2Cor\S2B_MSIL2A_20250131T113319_N0511_R080_T28QCG_20250131T170258.zip,15,21,6353,363535.0,2199805.0,0.21910000000000002,0.2536,0.35400000000000004,0.4848,0.5184,0.532,0.55,0.5844,0.5511,0.5519000000000001,0.651,0.6058
2025-01-31,Iwik,Sen2Cor,S2B_MSIL2A_20250131T113319_N0511_R080_T28QCG_20250131T170258.SAFE,C:\Users\Simon\Nextcloud\Project\Mauritania\Science\Arguin - FieldWork Data Processing\Data\S2\Sen2Cor\S2B_MSIL2A_20250131T113319_N0511_R080_T28QCG_20250131T170258.zip,16,21,6354,363545.0,2199805.0,0.2202,0.2566,0.35400000000000004,0.4832,0.5215000000000001,0.5313,0.5473,0.5912000000000001,0.5549000000000001,0.5563,0.6511,0.6046
2025-01-31,Iwik,Sen2Cor,S2B_MSIL2A_20250131T113319_N0511_R080_T28QCG_20250131T170258.SAFE,C:\Users\Simon\Nextcloud\Project\Mauritania\Science\Arguin - FieldWork Data Processing\Data\S2\Sen2Cor\S2B_MSIL2A_20250131T113319_N0511_R080_T28QCG_20250131T170258.zip,17,21,6355,363555.0,2199805.0,0.2202,0.253,0.3552,0.48160000000000003,0.5215000000000001,0.5313,0.5473,0.5888,0.5549000000000001,0.5563,0.6511,0.6046
2025-01-31,Iwik,Sen2Cor,S2B_MSIL2A_20250131T113319_N0511_R080_T28QCG_20250131T170258.SAFE,C:\Users\Simon\Nextcloud\Project\Mauritania\Science\Arguin - FieldWork Data Processing\Data\S2\Sen2Cor\S2B_MSIL2A_20250131T113319_N0511_R080_T28QCG_20250131T170258.zip,18,22,6345,363455.0,2199795.0,0.22060000000000002,0.249,0.3432,0.4676,0.5135000000000001,0.521,0.5389,0.5732,0.5487000000000001,0.5511,0.646,0.599
2025-01-31,Iwik,Sen2Cor,S2B_MSIL2A_20250131T113319_N0511_R080_T28QCG_20250131T170258.SAFE,C:\Users\Simon\Nextcloud\Project\Mauritania\Science\Arguin - FieldWork Data Processing\Data\S2\Sen2Cor\S2B_MSIL2A_20250131T113319_N0511_R080_T28QCG_20250131T170258.zip,19,22,6346,363465.0,2199795.0,0.2214,0.24680000000000002,0.34,0.46480000000000005,0.5079,0.5176000000000001,0.5338,0.5700000000000001,0.5469,0.5511,0.6436000000000001,0.5969
2025-01-31,Iwik,Sen2Cor,S2B_MSIL2A_20250131T113319_N0511_R080_T28QCG_20250131T170258.SAFE,C:\Users\Simon\Nextcloud\Project\Mauritania\Science\Arguin - FieldWork Data Processing\Data\S2\Sen2Cor\S2B_MSIL2A_20250131T113319_N0511_R080_T28QCG_20250131T170258.zip,20,22,6347,363475.0,2199795.0,0.2214,0.2492,0.3452,0.46680000000000005,0.5079,0.5176000000000001,0.5338,0.5656,0.5469,0.5511,0.6436000000000001,0.5969
2025-01-31,Iwik,Sen2Cor,S2B_MSIL2A_20250131T113319_N0511_R080_T28QCG_20250131T170258.SAFE,C:\Users\Simon\Nextcloud\Project\Mauritania\Science\Arguin - FieldWork Data Processing\Data\S2\Sen2Cor\S2B_MSIL2A_20250131T113319_N0511_R080_T28QCG_20250131T170258.zip,21,22,6348,363485.0,2199795.0,0.2222,0.25120000000000003,0.3396,0.46640000000000004,0.5048,0.5203,0.5332,0.5732,0.5477000000000001,0.5519000000000001,0.645,0.5958
2025-01-31,Iwik,Sen2Cor,S2B_MSIL2A_20250131T113319_N0511_R080_T28QCG_20250131T170258.SAFE,C:\Users\Simon\Nextcloud\Project\Mauritania\Science\Arguin - FieldWork Data Processing\Data\S2\Sen2Cor\S2B_MSIL2A_20250131T113319_N0511_R080_T28QCG_20250131T170258.zip,22,22,6349,363495.0,2199795.0,0.2222,0.2492,0.3396,0.46640000000000004,0.5048,0.5203,0.5332,0.5736,0.5477000000000001,0.5519000000000001,0.645,0.5958
2025-01-31,Iwik,Sen2Cor,S2B_MSIL2A_20250131T113319_N0511_R080_T28QCG_20250131T170258.SAFE,C:\Users\Simon\Nextcloud\Project\Mauritania\Science\Arguin - FieldWork Data Processing\Data\S2\Sen2Cor\S2B_MSIL2A_20250131T113319_N0511_R080_T28QCG_20250131T170258.zip,23,22,6350,363505.0,2199795.0,0.2218,0.2492,0.3476,0.4708,0.5095000000000001,0.5231,0.5395,0.5800000000000001,0.5542,0.5519000000000001,0.6489,0.6005
2025-01-31,Iwik,Sen2Cor,S2B_MSIL2A_20250131T113319_N0511_R080_T28QCG_20250131T170258.SAFE,C:\Users\Simon\Nextcloud\Project\Mauritania\Science\Arguin - FieldWork Data Processing\Data\S2\Sen2Cor\S2B_MSIL2A_20250131T113319_N0511_R080_T28QCG_20250131T170258.zip,24,22,6351,363515.0,2199795.0,0.2218,0.251,0.3528,0.4792,0.5095000000000001,0.5231,0.5395,0.5848,0.5542,0.5519000000000001,0.6489,0.6005
2025-01-31,Iwik,Sen2Cor,S2B_MSIL2A_20250131T113319_N0511_R080_T28QCG_20250131T170258.SAFE,C:\Users\Simon\Nextcloud\Project\Mauritania\Science\Arguin - FieldWork Data Processing\Data\S2\Sen2Cor\S2B_MSIL2A_20250131T113319_N0511_R080_T28QCG_20250131T170258.zip,25,22,6352,363525.0,2199795.0,0.2217,0.25680000000000003,0.35600000000000004,0.48200000000000004,0.5225000000000001,0.5311,0.5518000000000001,0.5892000000000001,0.56,0.5519000000000001,0.6532,0.6054
2025-01-31,Iwik,Sen2Cor,S2B_MSIL2A_20250131T113319_N0511_R080_T28QCG_20250131T170258.SAFE,C:\Users\Simon\Nextcloud\Project\Mauritania\Science\Arguin - FieldWork Data Processing\Data\S2\Sen2Cor\S2B_MSIL2A_20250131T113319_N0511_R080_T28QCG_20250131T170258.zip,26,22,6353,363535.0,2199795.0,0.2217,0.2556,0.35760000000000003,0.4848,0.5225000000000001,0.5311,0.5518000000000001,0.5944,0.56,0.5519000000000001,0.6532,0.6054
2025-01-31,Iwik,Sen2Cor,S2B_MSIL2A_20250131T113319_N0511_R080_T28QCG_20250131T170258.SAFE,C:\Users\Simon\Nextcloud\Project\Mauritania\Science\Arguin - FieldWork Data Processing\Data\S2\Sen2Cor\S2B_MSIL2A_20250131T113319_N0511_R080_T28QCG_20250131T170258.zip,27,22,6354,363545.0,2199795.0,0.2228,0.25780000000000003,0.35600000000000004,0.48400000000000004,0.5257000000000001,0.5328,0.5525,0.5912000000000001,0.5608000000000001,0.5563,0.6555000000000001,0.6056
2025-01-31,Iwik,Sen2Cor,S2B_MSIL2A_20250131T113319_N0511_R080_T28QCG_20250131T170258.SAFE,C:\Users\Simon\Nextcloud\Project\Mauritania\Science\Arguin - FieldWork Data Processing\Data\S2\Sen2Cor\S2B_MSIL2A_20250131T113319_N0511_R080_T28QCG_20250131T170258.zip,28,22,6355,363555.0,2199795.0,0.2228,0.25520000000000004,0.3544,0.4788,0.5257000000000001,0.5328,0.5525,0.5888,0.5608000000000001,0.5563,0.6555000000000001,0.6056
2025-01-31,Iwik,Sen2Cor,S2B_MSIL2A_20250131T113319_N0511_R080_T28QCG_20250131T170258.SAFE,C:\Users\Simon\Nextcloud\Project\Mauritania\Science\Arguin - FieldWork Data Processing\Data\S2\Sen2Cor\S2B_MSIL2A_20250131T113319_N0511_R080_T28QCG_20250131T170258.zip,29,22,6356,363565.0,2199795.0,0.2227,0.254,0.35600000000000004,0.4792,0.5186000000000001,0.5258,0.5418000000000001,0.5884,0.5521,0.5563,0.648,0.5985
2025-01-31,Iwik,Sen2Cor,S2B_MSIL2A_20250131T113319_N0511_R080_T28QCG_20250131T170258.SAFE,C:\Users\Simon\Nextcloud\Project\Mauritania\Science\Arguin - FieldWork Data Processing\Data\S2\Sen2Cor\S2B_MSIL2A_20250131T113319_N0511_R080_T28QCG_20250131T170258.zip,30,22,6357,363575.0,2199795.0,0.2227,0.2574,0.3584,0.4844,0.5186000000000001,0.5258,0.5418000000000001,0.5880000000000001,0.5521,0.5563,0.648,0.5985
2025-01-31,Iwik,Sen2Cor,S2B_MSIL2A_20250131T113319_N0511_R080_T28QCG_20250131T170258.SAFE,C:\Users\Simon\Nextcloud\Project\Mauritania\Science\Arguin - FieldWork Data Processing\Data\S2\Sen2Cor\S2B_MSIL2A_20250131T113319_N0511_R080_T28QCG_20250131T170258.zip,31,23,6345,363455.0,2199785.0,0.22060000000000002,0.249,0.3488,0.47000000000000003,0.5135000000000001,0.521,0.5389,0.5724,0.5487000000000001,0.5511,0.646,0.599
2025-01-31,Iwik,Sen2Cor,S2B_MSIL2A_20250131T113319_N0511_R080_T28QCG_20250131T170258.SAFE,C:\Users\Simon\Nextcloud\Project\Mauritania\Science\Arguin - FieldWork Data Processing\Data\S2\Sen2Cor\S2B_MSIL2A_20250131T113319_N0511_R080_T28QCG_20250131T170258.zip,32,23,6346,363465.0,2199785.0,0.2214,0.2534,0.3516,0.4732,0.5079,0.5176000000000001,0.5338,0.5820000000000001,0.5469,0.5511,0.6436000000000001,0.5969
2025-01-31,Iwik,Sen2Cor,S2B_MSIL2A_20250131T113319_N0511_R080_T28QCG_20250131T170258.SAFE,C:\Users\Simon\Nextcloud\Project\Mauritania\Science\Arguin - FieldWork Data Processing\Data\S2\Sen2Cor\S2B_MSIL2A_20250131T113319_N0511_R080_T28QCG_20250131T170258.zip,33,23,6347,363475.0,2199785.0,0.2214,0.2548,0.3508,0.47200000000000003,0.5079,0.5176000000000001,0.5338,0.5768,0.5469,0.5511,0.6436000000000001,0.5969
2025-01-31,Iwik,Sen2Cor,S2B_MSIL2A_20250131T113319_N0511_R080_T28QCG_20250131T170258.SAFE,C:\Users\Simon\Nextcloud\Project\Mauritania\Science\Arguin - FieldWork Data Processing\Data\S2\Sen2Cor\S2B_MSIL2A_20250131T113319_N0511_R080_T28QCG_20250131T170258.zip,34,23,6348,363485.0,2199785.0,0.2222,0.2524,0.3432,0.4656,0.5048,0.5203,0.5332,0.5708,0.5477000000000001,0.5519000000000001,0.645,0.5958
2025-01-31,Iwik,Sen2Cor,S2B_MSIL2A_20250131T113319_N0511_R080_T28QCG_20250131T170258.SAFE,C:\Users\Simon\Nextcloud\Project\Mauritania\Science\Arguin - FieldWork Data Processing\Data\S2\Sen2Cor\S2B_MSIL2A_20250131T113319_N0511_R080_T28QCG_20250131T170258.zip,35,23,6349,363495.0,2199785.0,0.2222,0.2524,0.3432,0.4612,0.5048,0.5203,0.5332,0.5672,0.5477000000000001,0.5519000000000001,0.645,0.5958
2025-01-31,Iwik,Sen2Cor,S2B_MSIL2A_20250131T113319_N0511_R080_T28QCG_20250131T170258.SAFE,C:\Users\Simon\Nextcloud\Project\Mauritania\Science\Arguin - FieldWork Data Processing\Data\S2\Sen2Cor\S2B_MSIL2A_20250131T113319_N0511_R080_T28QCG_20250131T170258.zip,36,23,6350,363505.0,2199785.0,0.2218,0.25,0.34240000000000004,0.4656,0.5095000000000001,0.5231,0.5395,0.5704,0.5542,0.5519000000000001,0.6489,0.6005
2025-01-31,Iwik,Sen2Cor,S2B_MSIL2A_20250131T113319_N0511_R080_T28QCG_20250131T170258.SAFE,C:\Users\Simon\Nextcloud\Project\Mauritania\Science\Arguin - FieldWork Data Processing\Data\S2\Sen2Cor\S2B_MSIL2A_20250131T113319_N0511_R080_T28QCG_20250131T170258.zip,37,23,6351,363515.0,2199785.0,0.2218,0.25,0.34640000000000004,0.4772,0.5095000000000001,0.5231,0.5395,0.5812,0.5542,0.5519000000000001,0.6489,0.6005
2025-01-31,Iwik,Sen2Cor,S2B_MSIL2A_20250131T113319_N0511_R080_T28QCG_20250131T170258.SAFE,C:\Users\Simon\Nextcloud\Project\Mauritania\Science\Arguin - FieldWork Data Processing\Data\S2\Sen2Cor\S2B_MSIL2A_20250131T113319_N0511_R080_T28QCG_20250131T170258.zip,38,23,6352,363525.0,2199785.0,0.2217,0.2524,0.35760000000000003,0.4808,0.5225000000000001,0.5311,0.5518000000000001,0.5888,0.56,0.5519000000000001,0.6532,0.6054
2025-01-31,Iwik,Sen2Cor,S2B_MSIL2A_20250131T113319_N0511_R080_T28QCG_20250131T170258.SAFE,C:\Users\Simon\Nextcloud\Project\Mauritania\Science\Arguin - FieldWork Data Processing\Data\S2\Sen2Cor\S2B_MSIL2A_20250131T113319_N0511_R080_T28QCG_20250131T170258.zip,39,23,6353,363535.0,2199785.0,0.2217,0.2586,0.3556,0.4872,0.5225000000000001,0.5311,0.5518000000000001,0.5904,0.56,0.5519000000000001,0.6532,0.6054
2025-01-31,Iwik,Sen2Cor,S2B_MSIL2A_20250131T113319_N0511_R080_T28QCG_20250131T170258.SAFE,C:\Users\Simon\Nextcloud\Project\Mauritania\Science\Arguin - FieldWork Data Processing\Data\S2\Sen2Cor\S2B_MSIL2A_20250131T113319_N0511_R080_T28QCG_20250131T170258.zip,40,23,6354,363545.0,2199785.0,0.2228,0.2602,0.3588,0.4844,0.5257000000000001,0.5328,0.5525,0.5904,0.5608000000000001,0.5563,0.6555000000000001,0.6056
2025-01-31,Iwik,Sen2Cor,S2B_MSIL2A_20250131T113319_N0511_R080_T28QCG_20250131T170258.SAFE,C:\Users\Simon\Nextcloud\Project\Mauritania\Science\Arguin - FieldWork Data Processing\Data\S2\Sen2Cor\S2B_MSIL2A_20250131T113319_N0511_R080_T28QCG_20250131T170258.zip,41,23,6355,363555.0,2199785.0,0.2228,0.2574,0.3544,0.4832,0.5257000000000001,0.5328,0.5525,0.5864,0.5608000000000001,0.5563,0.6555000000000001,0.6056
2025-01-31,Iwik,Sen2Cor,S2B_MSIL2A_20250131T113319_N0511_R080_T28QCG_20250131T170258.SAFE,C:\Users\Simon\Nextcloud\Project\Mauritania\Science\Arguin - FieldWork Data Processing\Data\S2\Sen2Cor\S2B_MSIL2A_20250131T113319_N0511_R080_T28QCG_20250131T170258.zip,42,23,6356,363565.0,2199785.0,0.2227,0.25420000000000004,0.3488,0.4792,0.5186000000000001,0.5258,0.5418000000000001,0.5816,0.5521,0.5563,0.648,0.5985
2025-01-31,Iwik,Sen2Cor,S2B_MSIL2A_20250131T113319_N0511_R080_T28QCG_20250131T170258.SAFE,C:\Users\Simon\Nextcloud\Project\Mauritania\Science\Arguin - FieldWork Data Processing\Data\S2\Sen2Cor\S2B_MSIL2A_20250131T113319_N0511_R080_T28QCG_20250131T170258.zip,43,23,6357,363575.0,2199785.0,0.2227,0.2566,0.3544,0.4756,0.5186000000000001,0.5258,0.5418000000000001,0.5824,0.5521,0.5563,0.648,0.5985
2025-01-31,Iwik,Sen2Cor,S2B_MSIL2A_20250131T113319_N0511_R080_T28QCG_20250131T170258.SAFE,C:\Users\Simon\Nextcloud\Project\Mauritania\Science\Arguin - FieldWork Data Processing\Data\S2\Sen2Cor\S2B_MSIL2A_20250131T113319_N0511_R080_T28QCG_20250131T170258.zip,44,24,6344,363445.0,2199775.0,0.2258,0.257,0.3584,0.4824,0.5216000000000001,0.5315,0.5509000000000001,0.5884,0.5602,0.5617,0.6511,0.604
2025-01-31,Iwik,Sen2Cor,S2B_MSIL2A_20250131T113319_N0511_R080_T28QCG_20250131T170258.SAFE,C:\Users\Simon\Nextcloud\Project\Mauritania\Science\Arguin - FieldWork Data Processing\Data\S2\Sen2Cor\S2B_MSIL2A_20250131T113319_N0511_R080_T28QCG_20250131T170258.zip,45,24,6345,363455.0,2199775.0,0.2258,0.25680000000000003,0.35400000000000004,0.47840000000000005,0.5216000000000001,0.5315,0.5509000000000001,0.5860000000000001,0.5602,0.5617,0.6511,0.604
2025-01-31,Iwik,Sen2Cor,S2B_MSIL2A_20250131T113319_N0511_R080_T28QCG_20250131T170258.SAFE,C:\Users\Simon\Nextcloud\Project\Mauritania\Science\Arguin - FieldWork Data Processing\Data\S2\Sen2Cor\S2B_MSIL2A_20250131T113319_N0511_R080_T28QCG_20250131T170258.zip,46,24,6346,363465.0,2199775.0,0.2262,0.2602,0.35800000000000004,0.4828,0.5186000000000001,0.5281,0.548,0.5900000000000001,0.5542,0.5617,0.6513,0.6038
2025-01-31,Iwik,Sen2Cor,S2B_MSIL2A_20250131T113319_N0511_R080_T28QCG_20250131T170258.SAFE,C:\Users\Simon\Nextcloud\Project\Mauritania\Science\Arguin - FieldWork Data Processing\Data\S2\Sen2Cor\S2B_MSIL2A_20250131T113319_N0511_R080_T28QCG_20250131T170258.zip,47,24,6347,363475.0,2199775.0,0.2262,0.25680000000000003,0.3532,0.47640000000000005,0.5186000000000001,0.5281,0.548,0.5856,0.5542,0.5617,0.6513,0.6038
2025-01-31,Iwik,Sen2Cor,S2B_MSIL2A_20250131T113319_N0511_R080_T28QCG_20250131T170258.SAFE,C:\Users\Simon\Nextcloud\Project\Mauritania\Science\Arguin - FieldWork Data Processing\Data\S2\Sen2Cor\S2B_MSIL2A_20250131T113319_N0511_R080_T28QCG_20250131T170258.zip,48,24,6348,363485.0,2199775.0,0.22660000000000002,0.2584,0.3508,0.47640000000000005,0.5147,0.5261,0.5466,0.5904,0.5559000000000001,0.5621,0.6551,0.6049
2025-01-31,Iwik,Sen2Cor,S2B_MSIL2A_20250131T113319_N0511_R080_T28QCG_20250131T170258.SAFE,C:\Users\Simon\Nextcloud\Project\Mauritania\Science\Arguin - FieldWork Data Processing\Data\S2\Sen2Cor\S2B_MSIL2A_20250131T113319_N0511_R080_T28QCG_20250131T170258.zip,49,24,6349,363495.0,2199775.0,0.22660000000000002,0.2614,0.3528,0.4732,0.5147,0.5261,0.5466,0.5840000000000001,0.5559000000000001,0.5621,0.6551,0.6049
2025-01-31,Iwik,Sen2Cor,S2B_MSIL2A_20250131T113319_N0511_R080_T28QCG_20250131T170258.SAFE,C:\Users\Simon\Nextcloud\Project\Mauritania\Science\Arguin - FieldWork Data Processing\Data\S2\Sen2Cor\S2B_MSIL2A_20250131T113319_N0511_R080_T28QCG_20250131T170258.zip,50,24,6350,363505.0,2199775.0,0.2258,0.2574,0.3516,0.47440000000000004,0.5187,0.5269,0.5472,0.5864,0.5552,0.5621,0.653,0.6037
2025-01-31,Iwik,Sen2Cor,S2B_MSIL2A_20250131T113319_N0511_R080_T28QCG_20250131T170258.SAFE,C:\Users\Simon\Nextcloud\Project\Mauritania\Science\Arguin - FieldWork Data Processing\Data\S2\Sen2Cor\S2B_MSIL2A_20250131T113319_N0511_R080_T28QCG_20250131T170258.zip,51,24,6351,363515.0,2199775.0,0.2258,0.2596,0.3584,0.48040000000000005,0.5187,0.5269,0.5472,0.5844,0.5552,0.5621,0.653,0.6037
2025-01-31,Iwik,Sen2Cor,S2B_MSIL2A_20250131T113319_N0511_R080_T28QCG_20250131T170258.SAFE,C:\Users\Simon\Nextcloud\Project\Mauritania\Science\Arguin - FieldWork Data Processing\Data\S2\Sen2Cor\S2B_MSIL2A_20250131T113319_N0511_R080_T28QCG_20250131T170258.zip,52,24,6352,363525.0,2199775.0,0.225,0.25780000000000003,0.3572,0.4792,0.5242,0.534,0.5534,0.5824,0.5617,0.5621,0.6527000000000001,0.603
2025-01-31,Iwik,Sen2Cor,S2B_MSIL2A_20250131T113319_N0511_R080_T28QCG_20250131T170258.SAFE,C:\Users\Simon\Nextcloud\Project\Mauritania\Science\Arguin - FieldWork Data Processing\Data\S2\Sen2Cor\S2B_MSIL2A_20250131T113319_N0511_R080_T28QCG_20250131T170258.zip,53,24,6353,363535.0,2199775.0,0.225,0.2564,0.3592,0.4848,0.5242,0.534,0.5534,0.5936,0.5617,0.5621,0.6527000000000001,0.603
2025-01-31,Iwik,Sen2Cor,S2B_MSIL2A_20250131T113319_N0511_R080_T28QCG_20250131T170258.SAFE,C:\Users\Simon\Nextcloud\Project\Mauritania\Science\Arguin - FieldWork Data Processing\Data\S2\Sen2Cor\S2B_MSIL2A_20250131T113319_N0511_R080_T28QCG_20250131T170258.zip,54,24,6354,363545.0,2199775.0,0.22540000000000002,0.2566,0.3588,0.4888,0.5216000000000001,0.5352,0.551,0.5912000000000001,0.5566,0.5567,0.6524,0.6044
2025-01-31,Iwik,Sen2Cor,S2B_MSIL2A_20250131T113319_N0511_R080_T28QCG_20250131T170258.SAFE,C:\Users\Simon\Nextcloud\Project\Mauritania\Science\Arguin - FieldWork Data Processing\Data\S2\Sen2Cor\S2B_MSIL2A_20250131T113319_N0511_R080_T28QCG_20250131T170258.zip,55,24,6355,363555.0,2199775.0,0.22540000000000002,0.25680000000000003,0.3544,0.4852,0.5216000000000001,0.5352,0.551,0.5860000000000001,0.5566,0.5567,0.6524,0.6044
2025-01-31,Iwik,Sen2Cor,S2B_MSIL2A_20250131T113319_N0511_R080_T28QCG_20250131T170258.SAFE,C:\Users\Simon\Nextcloud\Project\Mauritania\Science\Arguin - FieldWork Data Processing\Data\S2\Sen2Cor\S2B_MSIL2A_20250131T113319_N0511_R080_T28QCG_20250131T170258.zip,56,24,6356,363565.0,2199775.0,0.22440000000000002,0.25520000000000004,0.3508,0.4752,0.5123,0.5273,0.5404,0.5728,0.5457000000000001,0.5567,0.6432,0.595
2025-01-31,Iwik,Sen2Cor,S2B_MSIL2A_20250131T113319_N0511_R080_T28QCG_20250131T170258.SAFE,C:\Users\Simon\Nextcloud\Project\Mauritania\Science\Arguin - FieldWork Data Processing\Data\S2\Sen2Cor\S2B_MSIL2A_20250131T113319_N0511_R080_T28QCG_20250131T170258.zip,57,24,6357,363575.0,2199775.0,0.22440000000000002,0.2574,0.35000000000000003,0.4728,0.5123,0.5273,0.5404,0.5708,0.5457000000000001,0.5567,0.6432,0.595
2025-01-31,Iwik,Sen2Cor,S2B_MSIL2A_20250131T113319_N0511_R080_T28QCG_20250131T170258.SAFE,C:\Users\Simon\Nextcloud\Project\Mauritania\Science\Arguin - FieldWork Data Processing\Data\S2\Sen2Cor\S2B_MSIL2A_20250131T113319_N0511_R080_T28QCG_20250131T170258.zip,58,24,6358,363585.0,2199775.0,0.2235,0.2508,0.34840000000000004,0.4652,0.5154,0.5252,0.5408000000000001,0.5704,0.5501,0.5567,0.6445000000000001,0.5945
2025-01-31,Iwik,Sen2Cor,S2B_MSIL2A_20250131T113319_N0511_R080_T28QCG_20250131T170258.SAFE,C:\Users\Simon\Nextcloud\Project\Mauritania\Science\Arguin - FieldWork Data Processing\Data\S2\Sen2Cor\S2B_MSIL2A_20250131T113319_N0511_R080_T28QCG_20250131T170258.zip,59,25,6343,363435.0,2199765.0,0.2257,0.2652,0.3644,0.4864,0.5294,0.5393,0.5558000000000001,0.5912000000000001,0.5621,0.5617,0.6545000000000001,0.6052000000000001
2025-01-31,Iwik,Sen2Cor,S2B_MSIL2A_20250131T113319_N0511_R080_T28QCG_20250131T170258.SAFE,C:\Users\Simon\Nextcloud\Project\Mauritania\Science\Arguin - FieldWork Data Processing\Data\S2\Sen2Cor\S2B_MSIL2A_20250131T113319_N0511_R080_T28QCG_20250131T170258.zip,60,25,6344,363445.0,2199765.0,0.2258,0.26980000000000004,0.3588,0.48400000000000004,0.5216000000000001,0.5315,0.5509000000000001,0.5952000000000001,0.5602,0.5617,0.6511,0.604
2025-01-31,Iwik,Sen2Cor,S2B_MSIL2A_20250131T113319_N0511_R080_T28QCG_20250131T170258.SAFE,C:\Users\Simon\Nextcloud\Project\Mauritania\Science\Arguin - FieldWork Data Processing\Data\S2\Sen2Cor\S2B_MSIL2A_20250131T113319_N0511_R080_T28QCG_20250131T170258.zip,61,25,6345,363455.0,2199765.0,0.2258,0.2656,0.3564,0.4808,0.5216000000000001,0.5315,0.5509000000000001,0.5900000000000001,0.5602,0.5617,0.6511,0.604
2025-01-31,Iwik,Sen2Cor,S2B_MSIL2A_20250131T113319_N0511_R080_T28QCG_20250131T170258.SAFE,C:\Users\Simon\Nextcloud\Project\Mauritania\Science\Arguin - FieldWork Data Processing\Data\S2\Sen2Cor\S2B_MSIL2A_20250131T113319_N0511_R080_T28QCG_20250131T170258.zip,62,25,6346,363465.0,2199765.0,0.2262,0.261,0.35400000000000004,0.4808,0.5186000000000001,0.5281,0.548,0.5832,0.5542,0.5617,0.6513,0.6038
2025-01-31,Iwik,Sen2Cor,S2B_MSIL2A_20250131T113319_N0511_R080_T28QCG_20250131T170258.SAFE,C:\Users\Simon\Nextcloud\Project\Mauritania\Science\Arguin - FieldWork Data Processing\Data\S2\Sen2Cor\S2B_MSIL2A_20250131T113319_N0511_R080_T28QCG_20250131T170258.zip,63,25,6347,363475.0,2199765.0,0.2262,0.2602,0.3548,0.4776,0.5186000000000001,0.5281,0.548,0.5824,0.5542,0.5617,0.6513,0.6038
2025-01-31,Iwik,Sen2Cor,S2B_MSIL2A_20250131T113319_N0511_R080_T28QCG_20250131T170258.SAFE,C:\Users\Simon\Nextcloud\Project\Mauritania\Science\Arguin - FieldWork Data Processing\Data\S2\Sen2Cor\S2B_MSIL2A_20250131T113319_N0511_R080_T28QCG_20250131T170258.zip,64,25,6348,363485.0,2199765.0,0.22660000000000002,0.2634,0.3544,0.4824,0.5147,0.5261,0.5466,0.5912000000000001,0.5559000000000001,0.5621,0.6551,0.6049
2025-01-31,Iwik,Sen2Cor,S2B_MSIL2A_20250131T113319_N0511_R080_T28QCG_20250131T170258.SAFE,C:\Users\Simon\Nextcloud\Project\Mauritania\Science\Arguin - FieldWork Data Processing\Data\S2\Sen2Cor\S2B_MSIL2A_20250131T113319_N0511_R080_T28QCG_20250131T170258.zip,65,25,6349,363495.0,2199765.0,0.22660000000000002,0.2644,0.3568,0.48200000000000004,0.5147,0.5261,0.5466,0.5900000000000001,0.5559000000000001,0.5621,0.6551,0.6049
2025-01-31,Iwik,Sen2Cor,S2B_MSIL2A_20250131T113319_N0511_R080_T28QCG_20250131T170258.SAFE,C:\Users\Simon\Nextcloud\Project\Mauritania\Science\Arguin - FieldWork Data Processing\Data\S2\Sen2Cor\S2B_MSIL2A_20250131T113319_N0511_R080_T28QCG_20250131T170258.zip,66,25,6350,363505.0,2199765.0,0.2258,0.2644,0.3592,0.4808,0.5187,0.5269,0.5472,0.5876,0.5552,0.5621,0.653,0.6037
2025-01-31,Iwik,Sen2Cor,S2B_MSIL2A_20250131T113319_N0511_R080_T28QCG_20250131T170258.SAFE,C:\Users\Simon\Nextcloud\Project\Mauritania\Science\Arguin - FieldWork Data Processing\Data\S2\Sen2Cor\S2B_MSIL2A_20250131T113319_N0511_R080_T28QCG_20250131T170258.zip,67,25,6351,363515.0,2199765.0,0.2258,0.2632,0.3612,0.4832,0.5187,0.5269,0.5472,0.5824,0.5552,0.5621,0.653,0.6037
2025-01-31,Iwik,Sen2Cor,S2B_MSIL2A_20250131T113319_N0511_R080_T28QCG_20250131T170258.SAFE,C:\Users\Simon\Nextcloud\Project\Mauritania\Science\Arguin - FieldWork Data Processing\Data\S2\Sen2Cor\S2B_MSIL2A_20250131T113319_N0511_R080_T28QCG_20250131T170258.zip,68,25,6352,363525.0,2199765.0,0.225,0.258,0.36000000000000004,0.4844,0.5242,0.534,0.5534,0.5844,0.5617,0.5621,0.6527000000000001,0.603
2025-01-31,Iwik,Sen2Cor,S2B_MSIL2A_20250131T113319_N0511_R080_T28QCG_20250131T170258.SAFE,C:\Users\Simon\Nextcloud\Project\Mauritania\Science\Arguin - FieldWork Data Processing\Data\S2\Sen2Cor\S2B_MSIL2A_20250131T113319_N0511_R080_T28QCG_20250131T170258.zip,69,25,6353,363535.0,2199765.0,0.225,0.2574,0.35960000000000003,0.4828,0.5242,0.534,0.5534,0.5860000000000001,0.5617,0.5621,0.6527000000000001,0.603
2025-01-31,Iwik,Sen2Cor,S2B_MSIL2A_20250131T113319_N0511_R080_T28QCG_20250131T170258.SAFE,C:\Users\Simon\Nextcloud\Project\Mauritania\Science\Arguin - FieldWork Data Processing\Data\S2\Sen2Cor\S2B_MSIL2A_20250131T113319_N0511_R080_T28QCG_20250131T170258.zip,70,25,6354,363545.0,2199765.0,0.22540000000000002,0.2574,0.3556,0.4852,0.5216000000000001,0.5352,0.551,0.5880000000000001,0.5566,0.5567,0.6524,0.6044
2025-01-31,Iwik,Sen2Cor,S2B_MSIL2A_20250131T113319_N0511_R080_T28QCG_20250131T170258.SAFE,C:\Users\Simon\Nextcloud\Project\Mauritania\Science\Arguin - FieldWork Data Processing\Data\S2\Sen2Cor\S2B_MSIL2A_20250131T113319_N0511_R080_T28QCG_20250131T170258.zip,71,25,6355,363555.0,2199765.0,0.22540000000000002,0.2584,0.3548,0.4824,0.5216000000000001,0.5352,0.551,0.5836,0.5566,0.5567,0.6524,0.6044
2025-01-31,Iwik,Sen2Cor,S2B_MSIL2A_20250131T113319_N0511_R080_T28QCG_20250131T170258.SAFE,C:\Users\Simon\Nextcloud\Project\Mauritania\Science\Arguin - FieldWork Data Processing\Data\S2\Sen2Cor\S2B_MSIL2A_20250131T113319_N0511_R080_T28QCG_20250131T170258.zip,72,25,6356,363565.0,2199765.0,0.22440000000000002,0.26,0.3572,0.4792,0.5123,0.5273,0.5404,0.5788,0.5457000000000001,0.5567,0.6432,0.595
2025-01-31,Iwik,Sen2Cor,S2B_MSIL2A_20250131T113319_N0511_R080_T28QCG_20250131T170258.SAFE,C:\Users\Simon\Nextcloud\Project\Mauritania\Science\Arguin - FieldWork Data Processing\Data\S2\Sen2Cor\S2B_MSIL2A_20250131T113319_N0511_R080_T28QCG_20250131T170258.zip,73,25,6357,363575.0,2199765.0,0.22440000000000002,0.2602,0.35400000000000004,0.4772,0.5123,0.5273,0.5404,0.5800000000000001,0.5457000000000001,0.5567,0.6432,0.595
2025-01-31,Iwik,Sen2Cor,S2B_MSIL2A_20250131T113319_N0511_R080_T28QCG_20250131T170258.SAFE,C:\Users\Simon\Nextcloud\Project\Mauritania\Science\Arguin - FieldWork Data Processing\Data\S2\Sen2Cor\S2B_MSIL2A_20250131T113319_N0511_R080_T28QCG_20250131T170258.zip,74,26,6343,363435.0,2199755.0,0.2298,0.2696,0.36760000000000004,0.48600000000000004,0.5288,0.5408000000000001,0.5567,0.5976,0.5601,0.5617,0.6537000000000001,0.6003000000000001
2025-01-31,Iwik,Sen2Cor,S2B_MSIL2A_20250131T113319_N0511_R080_T28QCG_20250131T170258.SAFE,C:\Users\Simon\Nextcloud\Project\Mauritania\Science\Arguin - FieldWork Data Processing\Data\S2\Sen2Cor\S2B_MSIL2A_20250131T113319_N0511_R080_T28QCG_20250131T170258.zip,75,26,6344,363445.0,2199755.0,0.2298,0.2654,0.35960000000000003,0.4864,0.5218,0.5394,0.5524,0.5944,0.5595,0.5617,0.6492,0.6012000000000001
2025-01-31,Iwik,Sen2Cor,S2B_MSIL2A_20250131T113319_N0511_R080_T28QCG_20250131T170258.SAFE,C:\Users\Simon\Nextcloud\Project\Mauritania\Science\Arguin - FieldWork Data Processing\Data\S2\Sen2Cor\S2B_MSIL2A_20250131T113319_N0511_R080_T28QCG_20250131T170258.zip,76,26,6345,363455.0,2199755.0,0.2298,0.2642,0.3608,0.4848,0.5218,0.5394,0.5524,0.5892000000000001,0.5595,0.5617,0.6492,0.6012000000000001
2025-01-31,Iwik,Sen2Cor,S2B_MSIL2A_20250131T113319_N0511_R080_T28QCG_20250131T170258.SAFE,C:\Users\Simon\Nextcloud\Project\Mauritania\Science\Arguin - FieldWork Data Processing\Data\S2\Sen2Cor\S2B_MSIL2A_20250131T113319_N0511_R080_T28QCG_20250131T170258.zip,77,26,6346,363465.0,2199755.0,0.22990000000000002,0.2652,0.3628,0.4852,0.5281,0.5381,0.5585,0.5892000000000001,0.5645,0.5617,0.6538,0.6029
2025-01-31,Iwik,Sen2Cor,S2B_MSIL2A_20250131T113319_N0511_R080_T28QCG_20250131T170258.SAFE,C:\Users\Simon\Nextcloud\Project\Mauritania\Science\Arguin - FieldWork Data Processing\Data\S2\Sen2Cor\S2B_MSIL2A_20250131T113319_N0511_R080_T28QCG_20250131T170258.zip,78,26,6347,363475.0,2199755.0,0.22990000000000002,0.271,0.36560000000000004,0.4844,0.5281,0.5381,0.5585,0.5912000000000001,0.5645,0.5617,0.6538,0.6029
2025-01-31,Iwik,Sen2Cor,S2B_MSIL2A_20250131T113319_N0511_R080_T28QCG_20250131T170258.SAFE,C:\Users\Simon\Nextcloud\Project\Mauritania\Science\Arguin - FieldWork Data Processing\Data\S2\Sen2Cor\S2B_MSIL2A_20250131T113319_N0511_R080_T28QCG_20250131T170258.zip,79,26,6348,363485.0,2199755.0,0.22970000000000002,0.271,0.3628,0.48760000000000003,0.5294,0.5398000000000001,0.557,0.5944,0.5697,0.5621,0.6558,0.6063000000000001
2025-01-31,Iwik,Sen2Cor,S2B_MSIL2A_20250131T113319_N0511_R080_T28QCG_20250131T170258.SAFE,C:\Users\Simon\Nextcloud\Project\Mauritania\Science\Arguin - FieldWork Data Processing\Data\S2\Sen2Cor\S2B_MSIL2A_20250131T113319_N0511_R080_T28QCG_20250131T170258.zip,80,26,6349,363495.0,2199755.0,0.22970000000000002,0.2614,0.3584,0.4828,0.5294,0.5398000000000001,0.557,0.5840000000000001,0.5697,0.5621,0.6558,0.6063000000000001
2025-01-31,Iwik,Sen2Cor,S2B_MSIL2A_20250131T113319_N0511_R080_T28QCG_20250131T170258.SAFE,C:\Users\Simon\Nextcloud\Project\Mauritania\Science\Arguin - FieldWork Data Processing\Data\S2\Sen2Cor\S2B_MSIL2A_20250131T113319_N0511_R080_T28QCG_20250131T170258.zip,81,26,6350,363505.0,2199755.0,0.22840000000000002,0.2626,0.36160000000000003,0.48160000000000003,0.5258,0.537,0.5515,0.5812,0.5576,0.5621,0.6509,0.6012000000000001
2025-01-31,Iwik,Sen2Cor,S2B_MSIL2A_20250131T113319_N0511_R080_T28QCG_20250131T170258.SAFE,C:\Users\Simon\Nextcloud\Project\Mauritania\Science\Arguin - FieldWork Data Processing\Data\S2\Sen2Cor\S2B_MSIL2A_20250131T113319_N0511_R080_T28QCG_20250131T170258.zip,82,26,6351,363515.0,2199755.0,0.22840000000000002,0.2632,0.3628,0.4848,0.5258,0.537,0.5515,0.5884,0.5576,0.5621,0.6509,0.6012000000000001
2025-01-31,Iwik,Sen2Cor,S2B_MSIL2A_20250131T113319_N0511_R080_T28QCG_20250131T170258.SAFE,C:\Users\Simon\Nextcloud\Project\Mauritania\Science\Arguin - FieldWork Data Processing\Data\S2\Sen2Cor\S2B_MSIL2A_20250131T113319_N0511_R080_T28QCG_20250131T170258.zip,83,26,6352,363525.0,2199755.0,0.227,0.2646,0.35960000000000003,0.48400000000000004,0.5242,0.5347000000000001,0.5511,0.5900000000000001,0.5593,0.5621,0.6493,0.5995
2025-01-31,Iwik,Sen2Cor,S2B_MSIL2A_20250131T113319_N0511_R080_T28QCG_20250131T170258.SAFE,C:\Users\Simon\Nextcloud\Project\Mauritania\Science\Arguin - FieldWork Data Processing\Data\S2\Sen2Cor\S2B_MSIL2A_20250131T113319_N0511_R080_T28QCG_20250131T170258.zip,84,26,6353,363535.0,2199755.0,0.227,0.2636,0.3628,0.4832,0.5242,0.5347000000000001,0.5511,0.5844,0.5593,0.5621,0.6493,0.5995
2025-01-31,Iwik,Sen2Cor,S2B_MSIL2A_20250131T113319_N0511_R080_T28QCG_20250131T170258.SAFE,C:\Users\Simon\Nextcloud\Project\Mauritania\Science\Arguin - FieldWork Data Processing\Data\S2\Sen2Cor\S2B_MSIL2A_20250131T113319_N0511_R080_T28QCG_20250131T170258.zip,85,26,6354,363545.0,2199755.0,0.2267,0.2636,0.36360000000000003,0.48600000000000004,0.5263,0.5364,0.5531,0.5868,0.5629000000000001,0.5567,0.6522,0.6045
2025-01-31,Iwik,Sen2Cor,S2B_MSIL2A_20250131T113319_N0511_R080_T28QCG_20250131T170258.SAFE,C:\Users\Simon\Nextcloud\Project\Mauritania\Science\Arguin - FieldWork Data Processing\Data\S2\Sen2Cor\S2B_MSIL2A_20250131T113319_N0511_R080_T28QCG_20250131T170258.zip,86,26,6355,363555.0,2199755.0,0.2267,0.2674,0.3632,0.4864,0.5263,0.5364,0.5531,0.5884,0.5629000000000001,0.5567,0.6522,0.6045
2025-01-31,Iwik,Sen2Cor,S2B_MSIL2A_20250131T113319_N0511_R080_T28QCG_20250131T170258.SAFE,C:\Users\Simon\Nextcloud\Project\Mauritania\Science\Arguin - FieldWork Data Processing\Data\S2\Sen2Cor\S2B_MSIL2A_20250131T113319_N0511_R080_T28QCG_20250131T170258.zip,87,26,6356,363565.0,2199755.0,0.2253,0.2612,0.35760000000000003,0.4792,0.5228,0.5299,0.5451,0.5848,0.5556,0.5567,0.6468,0.6
2025-01-31,Iwik,Sen2Cor,S2B_MSIL2A_20250131T113319_N0511_R080_T28QCG_20250131T170258.SAFE,C:\Users\Simon\Nextcloud\Project\Mauritania\Science\Arguin - FieldWork Data Processing\Data\S2\Sen2Cor\S2B_MSIL2A_20250131T113319_N0511_R080_T28QCG_20250131T170258.zip,88,26,6357,363575.0,2199755.0,0.2253,0.2614,0.35600000000000004,0.47840000000000005,0.5228,0.5299,0.5451,0.5824,0.5556,0.5567,0.6468,0.6
2025-01-31,Iwik,Sen2Cor,S2B_MSIL2A_20250131T113319_N0511_R080_T28QCG_20250131T170258.SAFE,C:\Users\Simon\Nextcloud\Project\Mauritania\Science\Arguin - FieldWork Data Processing\Data\S2\Sen2Cor\S2B_MSIL2A_20250131T113319_N0511_R080_T28QCG_20250131T170258.zip,89,27,6342,363425.0,2199745.0,0.2298,0.2736,0.3688,0.4904,0.5288,0.5408000000000001,0.5567,0.5952000000000001,0.5601,0.5617,0.6537000000000001,0.6003000000000001
2025-01-31,Iwik,Sen2Cor,S2B_MSIL2A_20250131T113319_N0511_R080_T28QCG_20250131T170258.SAFE,C:\Users\Simon\Nextcloud\Project\Mauritania\Science\Arguin - FieldWork Data Processing\Data\S2\Sen2Cor\S2B_MSIL2A_20250131T113319_N0511_R080_T28QCG_20250131T170258.zip,90,27,6343,363435.0,2199745.0,0.2298,0.271,0.37160000000000004,0.49000000000000005,0.5288,0.5408000000000001,0.5567,0.5924,0.5601,0.5617,0.6537000000000001,0.6003000000000001
2025-01-31,Iwik,Sen2Cor,S2B_MSIL2A_20250131T113319_N0511_R080_T28QCG_20250131T170258.SAFE,C:\Users\Simon\Nextcloud\Project\Mauritania\Science\Arguin - FieldWork Data Processing\Data\S2\Sen2Cor\S2B_MSIL2A_20250131T113319_N0511_R080_T28QCG_20250131T170258.zip,91,27,6344,363445.0,2199745.0,0.2298,0.2674,0.3704,0.4864,0.5218,0.5394,0.5524,0.5912000000000001,0.5595,0.5617,0.6492,0.6012000000000001
2025-01-31,Iwik,Sen2Cor,S2B_MSIL2A_20250131T113319_N0511_R080_T28QCG_20250131T170258.SAFE,C:\Users\Simon\Nextcloud\Project\Mauritania\Science\Arguin - FieldWork Data Processing\Data\S2\Sen2Cor\S2B_MSIL2A_20250131T113319_N0511_R080_T28QCG_20250131T170258.zip,92,27,6345,363455.0,2199745.0,0.2298,0.2702,0.3704,0.48760000000000003,0.5218,0.5394,0.5524,0.5968,0.5595,0.5617,0.6492,0.6012000000000001
2025-01-31,Iwik,Sen2Cor,S2B_MSIL2A_20250131T113319_N0511_R080_T28QCG_20250131T170258.SAFE,C:\Users\Simon\Nextcloud\Project\Mauritania\Science\Arguin - FieldWork Data Processing\Data\S2\Sen2Cor\S2B_MSIL2A_20250131T113319_N0511_R080_T28QCG_20250131T170258.zip,93,27,6346,363465.0,2199745.0,0.22990000000000002,0.269,0.374,0.4944,0.5281,0.5381,0.5585,0.606,0.5645,0.5617,0.6538,0.6029
2025-01-31,Iwik,Sen2Cor,S2B_MSIL2A_20250131T113319_N0511_R080_T28QCG_20250131T170258.SAFE,C:\Users\Simon\Nextcloud\Project\Mauritania\Science\Arguin - FieldWork Data Processing\Data\S2\Sen2Cor\S2B_MSIL2A_20250131T113319_N0511_R080_T28QCG_20250131T170258.zip,94,27,6347,363475.0,2199745.0,0.22990000000000002,0.2732,0.374,0.49520000000000003,0.5281,0.5381,0.5585,0.606,0.5645,0.5617,0.6538,0.6029
2025-01-31,Iwik,Sen2Cor,S2B_MSIL2A_20250131T113319_N0511_R080_T28QCG_20250131T170258.SAFE,C:\Users\Simon\Nextcloud\Project\Mauritania\Science\Arguin - FieldWork Data Processing\Data\S2\Sen2Cor\S2B_MSIL2A_20250131T113319_N0511_R080_T28QCG_20250131T170258.zip,95,27,6348,363485.0,2199745.0,0.22970000000000002,0.271,0.368,0.4948,0.5294,0.5398000000000001,0.557,0.604,0.5697,0.5621,0.6558,0.6063000000000001
2025-01-31,Iwik,Sen2Cor,S2B_MSIL2A_20250131T113319_N0511_R080_T28QCG_20250131T170258.SAFE,C:\Users\Simon\Nextcloud\Project\Mauritania\Science\Arguin - FieldWork Data Processing\Data\S2\Sen2Cor\S2B_MSIL2A_20250131T113319_N0511_R080_T28QCG_20250131T170258.zip,96,27,6349,363495.0,2199745.0,0.22970000000000002,0.26780000000000004,0.364,0.4868,0.5294,0.5398000000000001,0.557,0.5924,0.5697,0.5621,0.6558,0.6063000000000001
2025-01-31,Iwik,Sen2Cor,S2B_MSIL2A_20250131T113319_N0511_R080_T28QCG_20250131T170258.SAFE,C:\Users\Simon\Nextcloud\Project\Mauritania\Science\Arguin - FieldWork Data Processing\Data\S2\Sen2Cor\S2B_MSIL2A_20250131T113319_N0511_R080_T28QCG_20250131T170258.zip,97,27,6350,363505.0,2199745.0,0.22840000000000002,0.2652,0.36200000000000004,0.4872,0.5258,0.537,0.5515,0.5888,0.5576,0.5621,0.6509,0.6012000000000001
2025-01-31,Iwik,Sen2Cor,S2B_MSIL2A_20250131T113319_N0511_R080_T28QCG_20250131T170258.SAFE,C:\Users\Simon\Nextcloud\Project\Mauritania\Science\Arguin - FieldWork Data Processing\Data\S2\Sen2Cor\S2B_MSIL2A_20250131T113319_N0511_R080_T28QCG_20250131T170258.zip,98,27,6351,363515.0,2199745.0,0.22840000000000002,0.2666,0.3644,0.4848,0.5258,0.537,0.5515,0.5884,0.5576,0.5621,0.6509,0.6012000000000001
2025-01-31,Iwik,Sen2Cor,S2B_MSIL2A_20250131T113319_N0511_R080_T28QCG_20250131T170258.SAFE,C:\Users\Simon\Nextcloud\Project\Mauritania\Science\Arguin - FieldWork Data Processing\Data\S2\Sen2Cor\S2B_MSIL2A_20250131T113319_N0511_R080_T28QCG_20250131T170258.zip,99,27,6352,363525.0,2199745.0,0.227,0.2706,0.3632,0.4848,0.5242,0.5347000000000001,0.5511,0.5868,0.5593,0.5621,0.6493,0.5995
2025-01-31,Iwik,Sen2Cor,S2B_MSIL2A_20250131T113319_N0511_R080_T28QCG_20250131T170258.SAFE,C:\Users\Simon\Nextcloud\Project\Mauritania\Science\Arguin - FieldWork Data Processing\Data\S2\Sen2Cor\S2B_MSIL2A_20250131T113319_N0511_R080_T28QCG_20250131T170258.zip,100,27,6353,363535.0,2199745.0,0.227,0.2706,0.3684,0.48960000000000004,0.5242,0.5347000000000001,0.5511,0.5900000000000001,0.5593,0.5621,0.6493,0.5995
2025-01-31,Iwik,Sen2Cor,S2B_MSIL2A_20250131T113319_N0511_R080_T28QCG_20250131T170258.SAFE,C:\Users\Simon\Nextcloud\Project\Mauritania\Science\Arguin - FieldWork Data Processing\Data\S2\Sen2Cor\S2B_MSIL2A_20250131T113319_N0511_R080_T28QCG_20250131T170258.zip,101,27,6354,363545.0,2199745.0,0.2267,0.26880000000000004,0.3672,0.48960000000000004,0.5263,0.5364,0.5531,0.5932000000000001,0.5629000000000001,0.5567,0.6522,0.6045
2025-01-31,Iwik,Sen2Cor,S2B_MSIL2A_20250131T113319_N0511_R080_T28QCG_20250131T170258.SAFE,C:\Users\Simon\Nextcloud\Project\Mauritania\Science\Arguin - FieldWork Data Processing\Data\S2\Sen2Cor\S2B_MSIL2A_20250131T113319_N0511_R080_T28QCG_20250131T170258.zip,102,27,6355,363555.0,2199745.0,0.2267,0.26780000000000004,0.3644,0.4928,0.5263,0.5364,0.5531,0.5908,0.5629000000000001,0.5567,0.6522,0.6045
2025-01-31,Iwik,Sen2Cor,S2B_MSIL2A_20250131T113319_N0511_R080_T28QCG_20250131T170258.SAFE,C:\Users\Simon\Nextcloud\Project\Mauritania\Science\Arguin - FieldWork Data Processing\Data\S2\Sen2Cor\S2B_MSIL2A_20250131T113319_N0511_R080_T28QCG_20250131T170258.zip,103,27,6356,363565.0,2199745.0,0.2253,0.263,0.3572,0.4812,0.5228,0.5299,0.5451,0.5848,0.5556,0.5567,0.6468,0.6
2025-01-31,Iwik,Sen2Cor,S2B_MSIL2A_20250131T113319_N0511_R080_T28QCG_20250131T170258.SAFE,C:\Users\Simon\Nextcloud\Project\Mauritania\Science\Arguin - FieldWork Data Processing\Data\S2\Sen2Cor\S2B_MSIL2A_20250131T113319_N0511_R080_T28QCG_20250131T170258.zip,104,27,6357,363575.0,2199745.0,0.2253,0.263,0.36200000000000004,0.4832,0.5228,0.5299,0.5451,0.5864,0.5556,0.5567,0.6468,0.6
2025-01-31,Iwik,Sen2Cor,S2B_MSIL2A_20250131T113319_N0511_R080_T28QCG_20250131T170258.SAFE,C:\Users\Simon\Nextcloud\Project\Mauritania\Science\Arguin - FieldWork Data Processing\Data\S2\Sen2Cor\S2B_MSIL2A_20250131T113319_N0511_R080_T28QCG_20250131T170258.zip,105,28,6342,363425.0,2199735.0,0.23320000000000002,0.2718,0.364,0.48600000000000004,0.5283,0.5356000000000001,0.5556,0.5912000000000001,0.5627,0.5617,0.6514,0.6006
2025-01-31,Iwik,Sen2Cor,S2B_MSIL2A_20250131T113319_N0511_R080_T28QCG_20250131T170258.SAFE,C:\Users\Simon\Nextcloud\Project\Mauritania\Science\Arguin - FieldWork Data Processing\Data\S2\Sen2Cor\S2B_MSIL2A_20250131T113319_N0511_R080_T28QCG_20250131T170258.zip,106,28,6343,363435.0,2199735.0,0.23320000000000002,0.2742,0.3708,0.4908,0.5283,0.5356000000000001,0.5556,0.6004,0.5627,0.5617,0.6514,0.6006
2025-01-31,Iwik,Sen2Cor,S2B_MSIL2A_20250131T113319_N0511_R080_T28QCG_20250131T170258.SAFE,C:\Users\Simon\Nextcloud\Project\Mauritania\Science\Arguin - FieldWork Data Processing\Data\S2\Sen2Cor\S2B_MSIL2A_20250131T113319_N0511_R080_T28QCG_20250131T170258.zip,107,28,6344,363445.0,2199735.0,0.23270000000000002,0.273,0.372,0.4904,0.53,0.5375,0.5572,0.5996,0.5627,0.5617,0.652,0.6012000000000001
2025-01-31,Iwik,Sen2Cor,S2B_MSIL2A_20250131T113319_N0511_R080_T28QCG_20250131T170258.SAFE,C:\Users\Simon\Nextcloud\Project\Mauritania\Science\Arguin - FieldWork Data Processing\Data\S2\Sen2Cor\S2B_MSIL2A_20250131T113319_N0511_R080_T28QCG_20250131T170258.zip,108,28,6345,363455.0,2199735.0,0.23270000000000002,0.2758,0.3664,0.49000000000000005,0.53,0.5375,0.5572,0.5936,0.5627,0.5617,0.652,0.6012000000000001
2025-01-31,Iwik,Sen2Cor,S2B_MSIL2A_20250131T113319_N0511_R080_T28QCG_20250131T170258.SAFE,C:\Users\Simon\Nextcloud\Project\Mauritania\Science\Arguin - FieldWork Data Processing\Data\S2\Sen2Cor\S2B_MSIL2A_20250131T113319_N0511_R080_T28QCG_20250131T170258.zip,109,28,6346,363465.0,2199735.0,0.23120000000000002,0.26680000000000004,0.3704,0.49200000000000005,0.5285000000000001,0.543,0.5602,0.596,0.5702,0.5617,0.6518,0.6001000000000001
2025-01-31,Iwik,Sen2Cor,S2B_MSIL2A_20250131T113319_N0511_R080_T28QCG_20250131T170258.SAFE,C:\Users\Simon\Nextcloud\Project\Mauritania\Science\Arguin - FieldWork Data Processing\Data\S2\Sen2Cor\S2B_MSIL2A_20250131T113319_N0511_R080_T28QCG_20250131T170258.zip,110,28,6347,363475.0,2199735.0,0.23120000000000002,0.2728,0.37520000000000003,0.4984,0.5285000000000001,0.543,0.5602,0.6048,0.5702,0.5617,0.6518,0.6001000000000001
2025-01-31,Iwik,Sen2Cor,S2B_MSIL2A_20250131T113319_N0511_R080_T28QCG_20250131T170258.SAFE,C:\Users\Simon\Nextcloud\Project\Mauritania\Science\Arguin - FieldWork Data Processing\Data\S2\Sen2Cor\S2B_MSIL2A_20250131T113319_N0511_R080_T28QCG_20250131T170258.zip,111,28,6348,363485.0,2199735.0,0.23070000000000002,0.27240000000000003,0.37,0.4948,0.5342,0.5443,0.5604,0.5992000000000001,0.5705,0.5621,0.6542,0.6027
2025-01-31,Iwik,Sen2Cor,S2B_MSIL2A_20250131T113319_N0511_R080_T28QCG_20250131T170258.SAFE,C:\Users\Simon\Nextcloud\Project\Mauritania\Science\Arguin - FieldWork Data Processing\Data\S2\Sen2Cor\S2B_MSIL2A_20250131T113319_N0511_R080_T28QCG_20250131T170258.zip,112,28,6349,363495.0,2199735.0,0.23070000000000002,0.2676,0.3652,0.48960000000000004,0.5342,0.5443,0.5604,0.5972000000000001,0.5705,0.5621,0.6542,0.6027
2025-01-31,Iwik,Sen2Cor,S2B_MSIL2A_20250131T113319_N0511_R080_T28QCG_20250131T170258.SAFE,C:\Users\Simon\Nextcloud\Project\Mauritania\Science\Arguin - FieldWork Data Processing\Data\S2\Sen2Cor\S2B_MSIL2A_20250131T113319_N0511_R080_T28QCG_20250131T170258.zip,113,28,6350,363505.0,2199735.0,0.229,0.2664,0.36200000000000004,0.4888,0.5281,0.5391,0.5571,0.596,0.5614,0.5621,0.6516000000000001,0.6016
2025-01-31,Iwik,Sen2Cor,S2B_MSIL2A_20250131T113319_N0511_R080_T28QCG_20250131T170258.SAFE,C:\Users\Simon\Nextcloud\Project\Mauritania\Science\Arguin - FieldWork Data Processing\Data\S2\Sen2Cor\S2B_MSIL2A_20250131T113319_N0511_R080_T28QCG_20250131T170258.zip,114,28,6351,363515.0,2199735.0,0.229,0.2696,0.36760000000000004,0.4928,0.5281,0.5391,0.5571,0.5968,0.5614,0.5621,0.6516000000000001,0.6016
2025-01-31,Iwik,Sen2Cor,S2B_MSIL2A_20250131T113319_N0511_R080_T28QCG_20250131T170258.SAFE,C:\Users\Simon\Nextcloud\Project\Mauritania\Science\Arguin - FieldWork Data Processing\Data\S2\Sen2Cor\S2B_MSIL2A_20250131T113319_N0511_R080_T28QCG_20250131T170258.zip,115,28,6352,363525.0,2199735.0,0.2283,0.271,0.37160000000000004,0.4928,0.5304,0.5405,0.5556,0.5976,0.5716,0.5621,0.6528,0.6009
2025-01-31,Iwik,Sen2Cor,S2B_MSIL2A_20250131T113319_N0511_R080_T28QCG_20250131T170258.SAFE,C:\Users\Simon\Nextcloud\Project\Mauritania\Science\Arguin - FieldWork Data Processing\Data\S2\Sen2Cor\S2B_MSIL2A_20250131T113319_N0511_R080_T28QCG_20250131T170258.zip,116,28,6353,363535.0,2199735.0,0.2283,0.272,0.37,0.4924,0.5304,0.5405,0.5556,0.5976,0.5716,0.5621,0.6528,0.6009
2025-01-31,Iwik,Sen2Cor,S2B_MSIL2A_20250131T113319_N0511_R080_T28QCG_20250131T170258.SAFE,C:\Users\Simon\Nextcloud\Project\Mauritania\Science\Arguin - FieldWork Data Processing\Data\S2\Sen2Cor\S2B_MSIL2A_20250131T113319_N0511_R080_T28QCG_20250131T170258.zip,117,28,6354,363545.0,2199735.0,0.2262,0.2686,0.3672,0.4904,0.5276000000000001,0.54,0.5521,0.5932000000000001,0.5613,0.5567,0.6497,0.5982000000000001
2025-01-31,Iwik,Sen2Cor,S2B_MSIL2A_20250131T113319_N0511_R080_T28QCG_20250131T170258.SAFE,C:\Users\Simon\Nextcloud\Project\Mauritania\Science\Arguin - FieldWork Data Processing\Data\S2\Sen2Cor\S2B_MSIL2A_20250131T113319_N0511_R080_T28QCG_20250131T170258.zip,118,28,6355,363555.0,2199735.0,0.2262,0.26580000000000004,0.3632,0.4872,0.5276000000000001,0.54,0.5521,0.5824,0.5613,0.5567,0.6497,0.5982000000000001
2025-01-31,Iwik,Sen2Cor,S2B_MSIL2A_20250131T113319_N0511_R080_T28QCG_20250131T170258.SAFE,C:\Users\Simon\Nextcloud\Project\Mauritania\Science\Arguin - FieldWork Data Processing\Data\S2\Sen2Cor\S2B_MSIL2A_20250131T113319_N0511_R080_T28QCG_20250131T170258.zip,119,28,6356,363565.0,2199735.0,0.2255,0.2624,0.36200000000000004,0.48400000000000004,0.5215000000000001,0.5371,0.5497000000000001,0.5924,0.5601,0.5567,0.6481,0.5996
2025-01-31,Iwik,Sen2Cor,S2B_MSIL2A_20250131T113319_N0511_R080_T28QCG_20250131T170258.SAFE,C:\Users\Simon\Nextcloud\Project\Mauritania\Science\Arguin - FieldWork Data Processing\Data\S2\Sen2Cor\S2B_MSIL2A_20250131T113319_N0511_R080_T28QCG_20250131T170258.zip,120,28,6357,363575.0,2199735.0,0.2255,0.2676,0.3608,0.48160000000000003,0.5215000000000001,0.5371,0.5497000000000001,0.5880000000000001,0.5601,0.5567,0.6481,0.5996
2025-01-31,Iwik,Sen2Cor,S2B_MSIL2A_20250131T113319_N0511_R080_T28QCG_20250131T170258.SAFE,C:\Users\Simon\Nextcloud\Project\Mauritania\Science\Arguin - FieldWork Data Processing\Data\S2\Sen2Cor\S2B_MSIL2A_20250131T113319_N0511_R080_T28QCG_20250131T170258.zip,121,29,6342,363425.0,2199725.0,0.23320000000000002,0.2706,0.3648,0.4872,0.5283,0.5356000000000001,0.5556,0.5900000000000001,0.5627,0.5617,0.6514,0.6006
2025-01-31,Iwik,Sen2Cor,S2B_MSIL2A_20250131T113319_N0511_R080_T28QCG_20250131T170258.SAFE,C:\Users\Simon\Nextcloud\Project\Mauritania\Science\Arguin - FieldWork Data Processing\Data\S2\Sen2Cor\S2B_MSIL2A_20250131T113319_N0511_R080_T28QCG_20250131T170258.zip,122,29,6343,363435.0,2199725.0,0.23320000000000002,0.268,0.3668,0.4848,0.5283,0.5356000000000001,0.5556,0.5892000000000001,0.5627,0.5617,0.6514,0.6006
2025-01-31,Iwik,Sen2Cor,S2B_MSIL2A_20250131T113319_N0511_R080_T28QCG_20250131T170258.SAFE,C:\Users\Simon\Nextcloud\Project\Mauritania\Science\Arguin - FieldWork Data Processing\Data\S2\Sen2Cor\S2B_MSIL2A_20250131T113319_N0511_R080_T28QCG_20250131T170258.zip,123,29,6344,363445.0,2199725.0,0.23270000000000002,0.273,0.37520000000000003,0.49000000000000005,0.53,0.5375,0.5572,0.5908,0.5627,0.5617,0.652,0.6012000000000001
2025-01-31,Iwik,Sen2Cor,S2B_MSIL2A_20250131T113319_N0511_R080_T28QCG_20250131T170258.SAFE,C:\Users\Simon\Nextcloud\Project\Mauritania\Science\Arguin - FieldWork Data Processing\Data\S2\Sen2Cor\S2B_MSIL2A_20250131T113319_N0511_R080_T28QCG_20250131T170258.zip,124,29,6345,363455.0,2199725.0,0.23270000000000002,0.2786,0.364,0.49000000000000005,0.53,0.5375,0.5572,0.5912000000000001,0.5627,0.5617,0.652,0.6012000000000001
2025-01-31,Iwik,Sen2Cor,S2B_MSIL2A_20250131T113319_N0511_R080_T28QCG_20250131T170258.SAFE,C:\Users\Simon\Nextcloud\Project\Mauritania\Science\Arguin - FieldWork Data Processing\Data\S2\Sen2Cor\S2B_MSIL2A_20250131T113319_N0511_R080_T28QCG_20250131T170258.zip,125,29,6346,363465.0,2199725.0,0.23120000000000002,0.268,0.3672,0.49200000000000005,0.5285000000000001,0.543,0.5602,0.5884,0.5702,0.5617,0.6518,0.6001000000000001
2025-01-31,Iwik,Sen2Cor,S2B_MSIL2A_20250131T113319_N0511_R080_T28QCG_20250131T170258.SAFE,C:\Users\Simon\Nextcloud\Project\Mauritania\Science\Arguin - FieldWork Data Processing\Data\S2\Sen2Cor\S2B_MSIL2A_20250131T113319_N0511_R080_T28QCG_20250131T170258.zip,126,29,6347,363475.0,2199725.0,0.23120000000000002,0.2702,0.3728,0.49200000000000005,0.5285000000000001,0.543,0.5602,0.5880000000000001,0.5702,0.5617,0.6518,0.6001000000000001
2025-01-31,Iwik,Sen2Cor,S2B_MSIL2A_20250131T113319_N0511_R080_T28QCG_20250131T170258.SAFE,C:\Users\Simon\Nextcloud\Project\Mauritania\Science\Arguin - FieldWork Data Processing\Data\S2\Sen2Cor\S2B_MSIL2A_20250131T113319_N0511_R080_T28QCG_20250131T170258.zip,127,29,6348,363485.0,2199725.0,0.23070000000000002,0.274,0.3708,0.49400000000000005,0.5342,0.5443,0.5604,0.5924,0.5705,0.5621,0.6542,0.6027
2025-01-31,Iwik,Sen2Cor,S2B_MSIL2A_20250131T113319_N0511_R080_T28QCG_20250131T170258.SAFE,C:\Users\Simon\Nextcloud\Project\Mauritania\Science\Arguin - FieldWork Data Processing\Data\S2\Sen2Cor\S2B_MSIL2A_20250131T113319_N0511_R080_T28QCG_20250131T170258.zip,128,29,6349,363495.0,2199725.0,0.23070000000000002,0.2692,0.3684,0.4944,0.5342,0.5443,0.5604,0.598,0.5705,0.5621,0.6542,0.6027
2025-01-31,Iwik,Sen2Cor,S2B_MSIL2A_20250131T113319_N0511_R080_T28QCG_20250131T170258.SAFE,C:\Users\Simon\Nextcloud\Project\Mauritania\Science\Arguin - FieldWork Data Processing\Data\S2\Sen2Cor\S2B_MSIL2A_20250131T113319_N0511_R080_T28QCG_20250131T170258.zip,129,29,6350,363505.0,2199725.0,0.229,0.2696,0.364,0.48960000000000004,0.5281,0.5391,0.5571,0.5956,0.5614,0.5621,0.6516000000000001,0.6016
2025-01-31,Iwik,Sen2Cor,S2B_MSIL2A_20250131T113319_N0511_R080_T28QCG_20250131T170258.SAFE,C:\Users\Simon\Nextcloud\Project\Mauritania\Science\Arguin - FieldWork Data Processing\Data\S2\Sen2Cor\S2B_MSIL2A_20250131T113319_N0511_R080_T28QCG_20250131T170258.zip,130,29,6351,363515.0,2199725.0,0.229,0.2752,0.37,0.4924,0.5281,0.5391,0.5571,0.5968,0.5614,0.5621,0.6516000000000001,0.6016
2025-01-31,Iwik,Sen2Cor,S2B_MSIL2A_20250131T113319_N0511_R080_T28QCG_20250131T170258.SAFE,C:\Users\Simon\Nextcloud\Project\Mauritania\Science\Arguin - FieldWork Data Processing\Data\S2\Sen2Cor\S2B_MSIL2A_20250131T113319_N0511_R080_T28QCG_20250131T170258.zip,131,29,6352,363525.0,2199725.0,0.2283,0.2756,0.374,0.4948,0.5304,0.5405,0.5556,0.602,0.5716,0.5621,0.6528,0.6009
2025-01-31,Iwik,Sen2Cor,S2B_MSIL2A_20250131T113319_N0511_R080_T28QCG_20250131T170258.SAFE,C:\Users\Simon\Nextcloud\Project\Mauritania\Science\Arguin - FieldWork Data Processing\Data\S2\Sen2Cor\S2B_MSIL2A_20250131T113319_N0511_R080_T28QCG_20250131T170258.zip,132,29,6353,363535.0,2199725.0,0.2283,0.275,0.37160000000000004,0.4948,0.5304,0.5405,0.5556,0.5944,0.5716,0.5621,0.6528,0.6009
2025-01-31,Iwik,Sen2Cor,S2B_MSIL2A_20250131T113319_N0511_R080_T28QCG_20250131T170258.SAFE,C:\Users\Simon\Nextcloud\Project\Mauritania\Science\Arguin - FieldWork Data Processing\Data\S2\Sen2Cor\S2B_MSIL2A_20250131T113319_N0511_R080_T28QCG_20250131T170258.zip,133,29,6354,363545.0,2199725.0,0.2262,0.272,0.37120000000000003,0.4924,0.5276000000000001,0.54,0.5521,0.5944,0.5613,0.5567,0.6497,0.5982000000000001
2025-01-31,Iwik,Sen2Cor,S2B_MSIL2A_20250131T113319_N0511_R080_T28QCG_20250131T170258.SAFE,C:\Users\Simon\Nextcloud\Project\Mauritania\Science\Arguin - FieldWork Data Processing\Data\S2\Sen2Cor\S2B_MSIL2A_20250131T113319_N0511_R080_T28QCG_20250131T170258.zip,134,29,6355,363555.0,2199725.0,0.2262,0.267,0.36560000000000004,0.48400000000000004,0.5276000000000001,0.54,0.5521,0.5848,0.5613,0.5567,0.6497,0.5982000000000001
2025-01-31,Iwik,Sen2Cor,S2B_MSIL2A_20250131T113319_N0511_R080_T28QCG_20250131T170258.SAFE,C:\Users\Simon\Nextcloud\Project\Mauritania\Science\Arguin - FieldWork Data Processing\Data\S2\Sen2Cor\S2B_MSIL2A_20250131T113319_N0511_R080_T28QCG_20250131T170258.zip,135,29,6356,363565.0,2199725.0,0.2255,0.2666,0.3608,0.4828,0.5215000000000001,0.5371,0.5497000000000001,0.5876,0.5601,0.5567,0.6481,0.5996
2025-01-31,Iwik,Sen2Cor,S2B_MSIL2A_20250131T113319_N0511_R080_T28QCG_20250131T170258.SAFE,C:\Users\Simon\Nextcloud\Project\Mauritania\Science\Arguin - FieldWork Data Processing\Data\S2\Sen2Cor\S2B_MSIL2A_20250131T113319_N0511_R080_T28QCG_20250131T170258.zip,136,29,6357,363575.0,2199725.0,0.2255,0.2646,0.3592,0.4828,0.5215000000000001,0.5371,0.5497000000000001,0.5880000000000001,0.5601,0.5567,0.6481,0.5996
2025-01-31,Iwik,Sen2Cor,S2B_MSIL2A_20250131T113319_N0511_R080_T28QCG_20250131T170258.SAFE,C:\Users\Simon\Nextcloud\Project\Mauritania\Science\Arguin - FieldWork Data Processing\Data\S2\Sen2Cor\S2B_MSIL2A_20250131T113319_N0511_R080_T28QCG_20250131T170258.zip,137,30,6341,363415.0,2199715.0,0.2351,0.2742,0.3688,0.49400000000000005,0.5285000000000001,0.5423,0.5559000000000001,0.602,0.5676,0.5706,0.6502,0.6028
2025-01-31,Iwik,Sen2Cor,S2B_MSIL2A_20250131T113319_N0511_R080_T28QCG_20250131T170258.SAFE,C:\Users\Simon\Nextcloud\Project\Mauritania\Science\Arguin - FieldWork Data Processing\Data\S2\Sen2Cor\S2B_MSIL2A_20250131T113319_N0511_R080_T28QCG_20250131T170258.zip,138,30,6342,363425.0,2199715.0,0.23420000000000002,0.2732,0.3652,0.4888,0.5281,0.538,0.5534,0.5948,0.5639000000000001,0.5613,0.6494,0.5984
2025-01-31,Iwik,Sen2Cor,S2B_MSIL2A_20250131T113319_N0511_R080_T28QCG_20250131T170258.SAFE,C:\Users\Simon\Nextcloud\Project\Mauritania\Science\Arguin - FieldWork Data Processing\Data\S2\Sen2Cor\S2B_MSIL2A_20250131T113319_N0511_R080_T28QCG_20250131T170258.zip,139,30,6343,363435.0,2199715.0,0.23420000000000002,0.2712,0.3612,0.48800000000000004,0.5281,0.538,0.5534,0.5916,0.5639000000000001,0.5613,0.6494,0.5984
2025-01-31,Iwik,Sen2Cor,S2B_MSIL2A_20250131T113319_N0511_R080_T28QCG_20250131T170258.SAFE,C:\Users\Simon\Nextcloud\Project\Mauritania\Science\Arguin - FieldWork Data Processing\Data\S2\Sen2Cor\S2B_MSIL2A_20250131T113319_N0511_R080_T28QCG_20250131T170258.zip,140,30,6344,363445.0,2199715.0,0.23320000000000002,0.2736,0.366,0.4884,0.5322,0.5408000000000001,0.5535,0.5908,0.5619000000000001,0.5613,0.6492,0.5957
2025-01-31,Iwik,Sen2Cor,S2B_MSIL2A_20250131T113319_N0511_R080_T28QCG_20250131T170258.SAFE,C:\Users\Simon\Nextcloud\Project\Mauritania\Science\Arguin - FieldWork Data Processing\Data\S2\Sen2Cor\S2B_MSIL2A_20250131T113319_N0511_R080_T28QCG_20250131T170258.zip,141,30,6345,363455.0,2199715.0,0.23320000000000002,0.2742,0.366,0.4924,0.5322,0.5408000000000001,0.5535,0.5916,0.5619000000000001,0.5613,0.6492,0.5957
2025-01-31,Iwik,Sen2Cor,S2B_MSIL2A_20250131T113319_N0511_R080_T28QCG_20250131T170258.SAFE,C:\Users\Simon\Nextcloud\Project\Mauritania\Science\Arguin - FieldWork Data Processing\Data\S2\Sen2Cor\S2B_MSIL2A_20250131T113319_N0511_R080_T28QCG_20250131T170258.zip,142,30,6346,363465.0,2199715.0,0.2325,0.2736,0.36960000000000004,0.49560000000000004,0.5325,0.5427000000000001,0.5564,0.5952000000000001,0.5682,0.5613,0.6498,0.5985
2025-01-31,Iwik,Sen2Cor,S2B_MSIL2A_20250131T113319_N0511_R080_T28QCG_20250131T170258.SAFE,C:\Users\Simon\Nextcloud\Project\Mauritania\Science\Arguin - FieldWork Data Processing\Data\S2\Sen2Cor\S2B_MSIL2A_20250131T113319_N0511_R080_T28QCG_20250131T170258.zip,143,30,6347,363475.0,2199715.0,0.2325,0.27340000000000003,0.36560000000000004,0.48960000000000004,0.5325,0.5427000000000001,0.5564,0.5936,0.5682,0.5613,0.6498,0.5985
2025-01-31,Iwik,Sen2Cor,S2B_MSIL2A_20250131T113319_N0511_R080_T28QCG_20250131T170258.SAFE,C:\Users\Simon\Nextcloud\Project\Mauritania\Science\Arguin - FieldWork Data Processing\Data\S2\Sen2Cor\S2B_MSIL2A_20250131T113319_N0511_R080_T28QCG_20250131T170258.zip,144,30,6348,363485.0,2199715.0,0.23040000000000002,0.2722,0.3652,0.49520000000000003,0.5306000000000001,0.5384,0.5582,0.5916,0.5668000000000001,0.5604,0.6492,0.5979
2025-01-31,Iwik,Sen2Cor,S2B_MSIL2A_20250131T113319_N0511_R080_T28QCG_20250131T170258.SAFE,C:\Users\Simon\Nextcloud\Project\Mauritania\Science\Arguin - FieldWork Data Processing\Data\S2\Sen2Cor\S2B_MSIL2A_20250131T113319_N0511_R080_T28QCG_20250131T170258.zip,145,30,6349,363495.0,2199715.0,0.23040000000000002,0.271,0.37,0.4928,0.5306000000000001,0.5384,0.5582,0.5936,0.5668000000000001,0.5604,0.6492,0.5979
2025-01-31,Iwik,Sen2Cor,S2B_MSIL2A_20250131T113319_N0511_R080_T28QCG_20250131T170258.SAFE,C:\Users\Simon\Nextcloud\Project\Mauritania\Science\Arguin - FieldWork Data Processing\Data\S2\Sen2Cor\S2B_MSIL2A_20250131T113319_N0511_R080_T28QCG_20250131T170258.zip,146,30,6350,363505.0,2199715.0,0.2295,0.26980000000000004,0.37120000000000003,0.49520000000000003,0.5309,0.5397000000000001,0.5589000000000001,0.5976,0.5615,0.5604,0.6522,0.5999
2025-01-31,Iwik,Sen2Cor,S2B_MSIL2A_20250131T113319_N0511_R080_T28QCG_20250131T170258.SAFE,C:\Users\Simon\Nextcloud\Project\Mauritania\Science\Arguin - FieldWork Data Processing\Data\S2\Sen2Cor\S2B_MSIL2A_20250131T113319_N0511_R080_T28QCG_20250131T170258.zip,147,30,6351,363515.0,2199715.0,0.2295,0.27080000000000004,0.3724,0.4932,0.5309,0.5397000000000001,0.5589000000000001,0.5968,0.5615,0.5604,0.6522,0.5999
2025-01-31,Iwik,Sen2Cor,S2B_MSIL2A_20250131T113319_N0511_R080_T28QCG_20250131T170258.SAFE,C:\Users\Simon\Nextcloud\Project\Mauritania\Science\Arguin - FieldWork Data Processing\Data\S2\Sen2Cor\S2B_MSIL2A_20250131T113319_N0511_R080_T28QCG_20250131T170258.zip,148,30,6352,363525.0,2199715.0,0.22710000000000002,0.2732,0.37,0.49360000000000004,0.5294,0.5376000000000001,0.555,0.5944,0.5639000000000001,0.5604,0.6509,0.5979
2025-01-31,Iwik,Sen2Cor,S2B_MSIL2A_20250131T113319_N0511_R080_T28QCG_20250131T170258.SAFE,C:\Users\Simon\Nextcloud\Project\Mauritania\Science\Arguin - FieldWork Data Processing\Data\S2\Sen2Cor\S2B_MSIL2A_20250131T113319_N0511_R080_T28QCG_20250131T170258.zip,149,30,6353,363535.0,2199715.0,0.22710000000000002,0.26680000000000004,0.37160000000000004,0.4904,0.5294,0.5376000000000001,0.555,0.5916,0.5639000000000001,0.5604,0.6509,0.5979
2025-01-31,Iwik,Sen2Cor,S2B_MSIL2A_20250131T113319_N0511_R080_T28QCG_20250131T170258.SAFE,C:\Users\Simon\Nextcloud\Project\Mauritania\Science\Arguin - FieldWork Data Processing\Data\S2\Sen2Cor\S2B_MSIL2A_20250131T113319_N0511_R080_T28QCG_20250131T170258.zip,150,30,6354,363545.0,2199715.0,0.2255,0.269,0.37,0.48800000000000004,0.5261,0.5379,0.5531,0.5936,0.5613,0.5487000000000001,0.6492,0.5957
2025-01-31,Iwik,Sen2Cor,S2B_MSIL2A_20250131T113319_N0511_R080_T28QCG_20250131T170258.SAFE,C:\Users\Simon\Nextcloud\Project\Mauritania\Science\Arguin - FieldWork Data Processing\Data\S2\Sen2Cor\S2B_MSIL2A_20250131T113319_N0511_R080_T28QCG_20250131T170258.zip,151,30,6355,363555.0,2199715.0,0.2255,0.2642,0.3648,0.48600000000000004,0.5261,0.5379,0.5531,0.5912000000000001,0.5613,0.5487000000000001,0.6492,0.5957
2025-01-31,Iwik,Sen2Cor,S2B_MSIL2A_20250131T113319_N0511_R080_T28QCG_20250131T170258.SAFE,C:\Users\Simon\Nextcloud\Project\Mauritania\Science\Arguin - FieldWork Data Processing\Data\S2\Sen2Cor\S2B_MSIL2A_20250131T113319_N0511_R080_T28QCG_20250131T170258.zip,152,30,6356,363565.0,2199715.0,0.22340000000000002,0.26480000000000004,0.3608,0.48200000000000004,0.5173,0.5275000000000001,0.5446,0.5880000000000001,0.5499,0.5487000000000001,0.6446000000000001,0.5910000000000001
2025-01-31,Iwik,Sen2Cor,S2B_MSIL2A_20250131T113319_N0511_R080_T28QCG_20250131T170258.SAFE,C:\Users\Simon\Nextcloud\Project\Mauritania\Science\Arguin - FieldWork Data Processing\Data\S2\Sen2Cor\S2B_MSIL2A_20250131T113319_N0511_R080_T28QCG_20250131T170258.zip,153,30,6357,363575.0,2199715.0,0.22340000000000002,0.2656,0.35960000000000003,0.4832,0.5173,0.5275000000000001,0.5446,0.5836,0.5499,0.5487000000000001,0.6446000000000001,0.5910000000000001
2025-01-31,Iwik,Sen2Cor,S2B_MSIL2A_20250131T113319_N0511_R080_T28QCG_20250131T170258.SAFE,C:\Users\Simon\Nextcloud\Project\Mauritania\Science\Arguin - FieldWork Data Processing\Data\S2\Sen2Cor\S2B_MSIL2A_20250131T113319_N0511_R080_T28QCG_20250131T170258.zip,154,31,6341,363415.0,2199705.0,0.2351,0.2752,0.36960000000000004,0.4944,0.5285000000000001,0.5423,0.5559000000000001,0.598,0.5676,0.5706,0.6502,0.6028
2025-01-31,Iwik,Sen2Cor,S2B_MSIL2A_20250131T113319_N0511_R080_T28QCG_20250131T170258.SAFE,C:\Users\Simon\Nextcloud\Project\Mauritania\Science\Arguin - FieldWork Data Processing\Data\S2\Sen2Cor\S2B_MSIL2A_20250131T113319_N0511_R080_T28QCG_20250131T170258.zip,155,31,6342,363425.0,2199705.0,0.23420000000000002,0.2718,0.36960000000000004,0.4948,0.5281,0.538,0.5534,0.5952000000000001,0.5639000000000001,0.5613,0.6494,0.5984
2025-01-31,Iwik,Sen2Cor,S2B_MSIL2A_20250131T113319_N0511_R080_T28QCG_20250131T170258.SAFE,C:\Users\Simon\Nextcloud\Project\Mauritania\Science\Arguin - FieldWork Data Processing\Data\S2\Sen2Cor\S2B_MSIL2A_20250131T113319_N0511_R080_T28QCG_20250131T170258.zip,156,31,6343,363435.0,2199705.0,0.23420000000000002,0.26980000000000004,0.3708,0.4932,0.5281,0.538,0.5534,0.5924,0.5639000000000001,0.5613,0.6494,0.5984
2025-01-31,Iwik,Sen2Cor,S2B_MSIL2A_20250131T113319_N0511_R080_T28QCG_20250131T170258.SAFE,C:\Users\Simon\Nextcloud\Project\Mauritania\Science\Arguin - FieldWork Data Processing\Data\S2\Sen2Cor\S2B_MSIL2A_20250131T113319_N0511_R080_T28QCG_20250131T170258.zip,157,31,6344,363445.0,2199705.0,0.23320000000000002,0.2728,0.3672,0.4872,0.5322,0.5408000000000001,0.5535,0.5900000000000001,0.5619000000000001,0.5613,0.6492,0.5957
2025-01-31,Iwik,Sen2Cor,S2B_MSIL2A_20250131T113319_N0511_R080_T28QCG_20250131T170258.SAFE,C:\Users\Simon\Nextcloud\Project\Mauritania\Science\Arguin - FieldWork Data Processing\Data\S2\Sen2Cor\S2B_MSIL2A_20250131T113319_N0511_R080_T28QCG_20250131T170258.zip,158,31,6345,363455.0,2199705.0,0.23320000000000002,0.2736,0.3708,0.4892,0.5322,0.5408000000000001,0.5535,0.5876,0.5619000000000001,0.5613,0.6492,0.5957
2025-01-31,Iwik,Sen2Cor,S2B_MSIL2A_20250131T113319_N0511_R080_T28QCG_20250131T170258.SAFE,C:\Users\Simon\Nextcloud\Project\Mauritania\Science\Arguin - FieldWork Data Processing\Data\S2\Sen2Cor\S2B_MSIL2A_20250131T113319_N0511_R080_T28QCG_20250131T170258.zip,159,31,6346,363465.0,2199705.0,0.2325,0.275,0.36960000000000004,0.4872,0.5325,0.5427000000000001,0.5564,0.5968,0.5682,0.5613,0.6498,0.5985
2025-01-31,Iwik,Sen2Cor,S2B_MSIL2A_20250131T113319_N0511_R080_T28QCG_20250131T170258.SAFE,C:\Users\Simon\Nextcloud\Project\Mauritania\Science\Arguin - FieldWork Data Processing\Data\S2\Sen2Cor\S2B_MSIL2A_20250131T113319_N0511_R080_T28QCG_20250131T170258.zip,160,31,6347,363475.0,2199705.0,0.2325,0.27540000000000003,0.3704,0.4892,0.5325,0.5427000000000001,0.5564,0.5924,0.5682,0.5613,0.6498,0.5985
2025-01-31,Iwik,Sen2Cor,S2B_MSIL2A_20250131T113319_N0511_R080_T28QCG_20250131T170258.SAFE,C:\Users\Simon\Nextcloud\Project\Mauritania\Science\Arguin - FieldWork Data Processing\Data\S2\Sen2Cor\S2B_MSIL2A_20250131T113319_N0511_R080_T28QCG_20250131T170258.zip,161,31,6348,363485.0,2199705.0,0.23040000000000002,0.27340000000000003,0.3684,0.4928,0.5306000000000001,0.5384,0.5582,0.5900000000000001,0.5668000000000001,0.5604,0.6492,0.5979
2025-01-31,Iwik,Sen2Cor,S2B_MSIL2A_20250131T113319_N0511_R080_T28QCG_20250131T170258.SAFE,C:\Users\Simon\Nextcloud\Project\Mauritania\Science\Arguin - FieldWork Data Processing\Data\S2\Sen2Cor\S2B_MSIL2A_20250131T113319_N0511_R080_T28QCG_20250131T170258.zip,162,31,6349,363495.0,2199705.0,0.23040000000000002,0.27080000000000004,0.3724,0.48960000000000004,0.5306000000000001,0.5384,0.5582,0.5888,0.5668000000000001,0.5604,0.6492,0.5979
2025-01-31,Iwik,Sen2Cor,S2B_MSIL2A_20250131T113319_N0511_R080_T28QCG_20250131T170258.SAFE,C:\Users\Simon\Nextcloud\Project\Mauritania\Science\Arguin - FieldWork Data Processing\Data\S2\Sen2Cor\S2B_MSIL2A_20250131T113319_N0511_R080_T28QCG_20250131T170258.zip,163,31,6350,363505.0,2199705.0,0.2295,0.2702,0.36960000000000004,0.48960000000000004,0.5309,0.5397000000000001,0.5589000000000001,0.5908,0.5615,0.5604,0.6522,0.5999
2025-01-31,Iwik,Sen2Cor,S2B_MSIL2A_20250131T113319_N0511_R080_T28QCG_20250131T170258.SAFE,C:\Users\Simon\Nextcloud\Project\Mauritania\Science\Arguin - FieldWork Data Processing\Data\S2\Sen2Cor\S2B_MSIL2A_20250131T113319_N0511_R080_T28QCG_20250131T170258.zip,164,31,6351,363515.0,2199705.0,0.2295,0.271,0.372,0.4912,0.5309,0.5397000000000001,0.5589000000000001,0.5948,0.5615,0.5604,0.6522,0.5999
2025-01-31,Iwik,Sen2Cor,S2B_MSIL2A_20250131T113319_N0511_R080_T28QCG_20250131T170258.SAFE,C:\Users\Simon\Nextcloud\Project\Mauritania\Science\Arguin - FieldWork Data Processing\Data\S2\Sen2Cor\S2B_MSIL2A_20250131T113319_N0511_R080_T28QCG_20250131T170258.zip,165,31,6352,363525.0,2199705.0,0.22710000000000002,0.26880000000000004,0.3648,0.4872,0.5294,0.5376000000000001,0.555,0.5908,0.5639000000000001,0.5604,0.6509,0.5979
2025-01-31,Iwik,Sen2Cor,S2B_MSIL2A_20250131T113319_N0511_R080_T28QCG_20250131T170258.SAFE,C:\Users\Simon\Nextcloud\Project\Mauritania\Science\Arguin - FieldWork Data Processing\Data\S2\Sen2Cor\S2B_MSIL2A_20250131T113319_N0511_R080_T28QCG_20250131T170258.zip,166,31,6353,363535.0,2199705.0,0.22710000000000002,0.2676,0.3652,0.4852,0.5294,0.5376000000000001,0.555,0.5924,0.5639000000000001,0.5604,0.6509,0.5979
2025-01-31,Iwik,Sen2Cor,S2B_MSIL2A_20250131T113319_N0511_R080_T28QCG_20250131T170258.SAFE,C:\Users\Simon\Nextcloud\Project\Mauritania\Science\Arguin - FieldWork Data Processing\Data\S2\Sen2Cor\S2B_MSIL2A_20250131T113319_N0511_R080_T28QCG_20250131T170258.zip,167,31,6354,363545.0,2199705.0,0.2255,0.267,0.36920000000000003,0.48360000000000003,0.5261,0.5379,0.5531,0.5904,0.5613,0.5487000000000001,0.6492,0.5957
2025-01-31,Iwik,Sen2Cor,S2B_MSIL2A_20250131T113319_N0511_R080_T28QCG_20250131T170258.SAFE,C:\Users\Simon\Nextcloud\Project\Mauritania\Science\Arguin - FieldWork Data Processing\Data\S2\Sen2Cor\S2B_MSIL2A_20250131T113319_N0511_R080_T28QCG_20250131T170258.zip,168,31,6355,363555.0,2199705.0,0.2255,0.2612,0.3604,0.4768,0.5261,0.5379,0.5531,0.5832,0.5613,0.5487000000000001,0.6492,0.5957
2025-01-31,Iwik,Sen2Cor,S2B_MSIL2A_20250131T113319_N0511_R080_T28QCG_20250131T170258.SAFE,C:\Users\Simon\Nextcloud\Project\Mauritania\Science\Arguin - FieldWork Data Processing\Data\S2\Sen2Cor\S2B_MSIL2A_20250131T113319_N0511_R080_T28QCG_20250131T170258.zip,169,31,6356,363565.0,2199705.0,0.22340000000000002,0.2626,0.3568,0.4732,0.5173,0.5275000000000001,0.5446,0.5800000000000001,0.5499,0.5487000000000001,0.6446000000000001,0.5910000000000001
2025-01-31,Iwik,Sen2Cor,S2B_MSIL2A_20250131T113319_N0511_R080_T28QCG_20250131T170258.SAFE,C:\Users\Simon\Nextcloud\Project\Mauritania\Science\Arguin - FieldWork Data Processing\Data\S2\Sen2Cor\S2B_MSIL2A_20250131T113319_N0511_R080_T28QCG_20250131T170258.zip,170,31,6357,363575.0,2199705.0,0.22340000000000002,0.2622,0.35960000000000003,0.4796,0.5173,0.5275000000000001,0.5446,0.5760000000000001,0.5499,0.5487000000000001,0.6446000000000001,0.5910000000000001
2025-01-31,Iwik,Sen2Cor,S2B_MSIL2A_20250131T113319_N0511_R080_T28QCG_20250131T170258.SAFE,C:\Users\Simon\Nextcloud\Project\Mauritania\Science\Arguin - FieldWork Data Processing\Data\S2\Sen2Cor\S2B_MSIL2A_20250131T113319_N0511_R080_T28QCG_20250131T170258.zip,171,32,6341,363415.0,2199695.0,0.2369,0.27240000000000003,0.36960000000000004,0.49360000000000004,0.5342,0.5443,0.5589000000000001,0.5976,0.5688,0.5706,0.6537000000000001,0.6012000000000001
2025-01-31,Iwik,Sen2Cor,S2B_MSIL2A_20250131T113319_N0511_R080_T28QCG_20250131T170258.SAFE,C:\Users\Simon\Nextcloud\Project\Mauritania\Science\Arguin - FieldWork Data Processing\Data\S2\Sen2Cor\S2B_MSIL2A_20250131T113319_N0511_R080_T28QCG_20250131T170258.zip,172,32,6342,363425.0,2199695.0,0.23550000000000001,0.277,0.3704,0.4964,0.5283,0.5394,0.5588000000000001,0.6048,0.5648000000000001,0.5613,0.649,0.5965
2025-01-31,Iwik,Sen2Cor,S2B_MSIL2A_20250131T113319_N0511_R080_T28QCG_20250131T170258.SAFE,C:\Users\Simon\Nextcloud\Project\Mauritania\Science\Arguin - FieldWork Data Processing\Data\S2\Sen2Cor\S2B_MSIL2A_20250131T113319_N0511_R080_T28QCG_20250131T170258.zip,173,32,6343,363435.0,2199695.0,0.23550000000000001,0.27140000000000003,0.3628,0.48800000000000004,0.5283,0.5394,0.5588000000000001,0.5912000000000001,0.5648000000000001,0.5613,0.649,0.5965
2025-01-31,Iwik,Sen2Cor,S2B_MSIL2A_20250131T113319_N0511_R080_T28QCG_20250131T170258.SAFE,C:\Users\Simon\Nextcloud\Project\Mauritania\Science\Arguin - FieldWork Data Processing\Data\S2\Sen2Cor\S2B_MSIL2A_20250131T113319_N0511_R080_T28QCG_20250131T170258.zip,174,32,6344,363445.0,2199695.0,0.23290000000000002,0.272,0.36560000000000004,0.4832,0.5234,0.5352,0.5523,0.5876,0.5582,0.5613,0.6431,0.5915
2025-01-31,Iwik,Sen2Cor,S2B_MSIL2A_20250131T113319_N0511_R080_T28QCG_20250131T170258.SAFE,C:\Users\Simon\Nextcloud\Project\Mauritania\Science\Arguin - FieldWork Data Processing\Data\S2\Sen2Cor\S2B_MSIL2A_20250131T113319_N0511_R080_T28QCG_20250131T170258.zip,175,32,6345,363455.0,2199695.0,0.23290000000000002,0.2766,0.372,0.4892,0.5234,0.5352,0.5523,0.5948,0.5582,0.5613,0.6431,0.5915
2025-01-31,Iwik,Sen2Cor,S2B_MSIL2A_20250131T113319_N0511_R080_T28QCG_20250131T170258.SAFE,C:\Users\Simon\Nextcloud\Project\Mauritania\Science\Arguin - FieldWork Data Processing\Data\S2\Sen2Cor\S2B_MSIL2A_20250131T113319_N0511_R080_T28QCG_20250131T170258.zip,176,32,6346,363465.0,2199695.0,0.2318,0.2732,0.374,0.4884,0.531,0.5404,0.554,0.5928,0.5619000000000001,0.5613,0.6466000000000001,0.5948
2025-01-31,Iwik,Sen2Cor,S2B_MSIL2A_20250131T113319_N0511_R080_T28QCG_20250131T170258.SAFE,C:\Users\Simon\Nextcloud\Project\Mauritania\Science\Arguin - FieldWork Data Processing\Data\S2\Sen2Cor\S2B_MSIL2A_20250131T113319_N0511_R080_T28QCG_20250131T170258.zip,177,32,6347,363475.0,2199695.0,0.2318,0.2736,0.37360000000000004,0.49360000000000004,0.531,0.5404,0.554,0.5968,0.5619000000000001,0.5613,0.6466000000000001,0.5948
2025-01-31,Iwik,Sen2Cor,S2B_MSIL2A_20250131T113319_N0511_R080_T28QCG_20250131T170258.SAFE,C:\Users\Simon\Nextcloud\Project\Mauritania\Science\Arguin - FieldWork Data Processing\Data\S2\Sen2Cor\S2B_MSIL2A_20250131T113319_N0511_R080_T28QCG_20250131T170258.zip,178,32,6348,363485.0,2199695.0,0.2306,0.2752,0.3688,0.4944,0.528,0.5401,0.554,0.5968,0.5646,0.5604,0.6461,0.595
2025-01-31,Iwik,Sen2Cor,S2B_MSIL2A_20250131T113319_N0511_R080_T28QCG_20250131T170258.SAFE,C:\Users\Simon\Nextcloud\Project\Mauritania\Science\Arguin - FieldWork Data Processing\Data\S2\Sen2Cor\S2B_MSIL2A_20250131T113319_N0511_R080_T28QCG_20250131T170258.zip,179,32,6349,363495.0,2199695.0,0.2306,0.2676,0.3664,0.49520000000000003,0.528,0.5401,0.554,0.5908,0.5646,0.5604,0.6461,0.595
2025-01-31,Iwik,Sen2Cor,S2B_MSIL2A_20250131T113319_N0511_R080_T28QCG_20250131T170258.SAFE,C:\Users\Simon\Nextcloud\Project\Mauritania\Science\Arguin - FieldWork Data Processing\Data\S2\Sen2Cor\S2B_MSIL2A_20250131T113319_N0511_R080_T28QCG_20250131T170258.zip,180,32,6350,363505.0,2199695.0,0.2283,0.2654,0.364,0.4884,0.5257000000000001,0.538,0.5503,0.5888,0.5626,0.5604,0.6463,0.5952000000000001
2025-01-31,Iwik,Sen2Cor,S2B_MSIL2A_20250131T113319_N0511_R080_T28QCG_20250131T170258.SAFE,C:\Users\Simon\Nextcloud\Project\Mauritania\Science\Arguin - FieldWork Data Processing\Data\S2\Sen2Cor\S2B_MSIL2A_20250131T113319_N0511_R080_T28QCG_20250131T170258.zip,181,32,6351,363515.0,2199695.0,0.2283,0.26880000000000004,0.36960000000000004,0.48360000000000003,0.5257000000000001,0.538,0.5503,0.5928,0.5626,0.5604,0.6463,0.5952000000000001
2025-01-31,Iwik,Sen2Cor,S2B_MSIL2A_20250131T113319_N0511_R080_T28QCG_20250131T170258.SAFE,C:\Users\Simon\Nextcloud\Project\Mauritania\Science\Arguin - FieldWork Data Processing\Data\S2\Sen2Cor\S2B_MSIL2A_20250131T113319_N0511_R080_T28QCG_20250131T170258.zip,182,32,6352,363525.0,2199695.0,0.22660000000000002,0.273,0.3684,0.48800000000000004,0.5266000000000001,0.539,0.5483,0.5908,0.5613,0.5604,0.6492,0.5967
2025-01-31,Iwik,Sen2Cor,S2B_MSIL2A_20250131T113319_N0511_R080_T28QCG_20250131T170258.SAFE,C:\Users\Simon\Nextcloud\Project\Mauritania\Science\Arguin - FieldWork Data Processing\Data\S2\Sen2Cor\S2B_MSIL2A_20250131T113319_N0511_R080_T28QCG_20250131T170258.zip,183,32,6353,363535.0,2199695.0,0.22660000000000002,0.2712,0.3644,0.49000000000000005,0.5266000000000001,0.539,0.5483,0.5892000000000001,0.5613,0.5604,0.6492,0.5967
2025-01-31,Iwik,Sen2Cor,S2B_MSIL2A_20250131T113319_N0511_R080_T28QCG_20250131T170258.SAFE,C:\Users\Simon\Nextcloud\Project\Mauritania\Science\Arguin - FieldWork Data Processing\Data\S2\Sen2Cor\S2B_MSIL2A_20250131T113319_N0511_R080_T28QCG_20250131T170258.zip,184,32,6354,363545.0,2199695.0,0.2238,0.2686,0.36200000000000004,0.48360000000000003,0.5184,0.5313,0.5452,0.5908,0.5564,0.5487000000000001,0.6445000000000001,0.5883
2025-01-31,Iwik,Sen2Cor,S2B_MSIL2A_20250131T113319_N0511_R080_T28QCG_20250131T170258.SAFE,C:\Users\Simon\Nextcloud\Project\Mauritania\Science\Arguin - FieldWork Data Processing\Data\S2\Sen2Cor\S2B_MSIL2A_20250131T113319_N0511_R080_T28QCG_20250131T170258.zip,185,32,6355,363555.0,2199695.0,0.2238,0.2644,0.35960000000000003,0.47800000000000004,0.5184,0.5313,0.5452,0.5824,0.5564,0.5487000000000001,0.6445000000000001,0.5883
2025-01-31,Iwik,Sen2Cor,S2B_MSIL2A_20250131T113319_N0511_R080_T28QCG_20250131T170258.SAFE,C:\Users\Simon\Nextcloud\Project\Mauritania\Science\Arguin - FieldWork Data Processing\Data\S2\Sen2Cor\S2B_MSIL2A_20250131T113319_N0511_R080_T28QCG_20250131T170258.zip,186,32,6356,363565.0,2199695.0,0.22290000000000001,0.25880000000000003,0.3556,0.4716,0.5133,0.5246000000000001,0.5433,0.5756,0.5477000000000001,0.5487000000000001,0.6407,0.5852
2025-01-31,Iwik,Sen2Cor,S2B_MSIL2A_20250131T113319_N0511_R080_T28QCG_20250131T170258.SAFE,C:\Users\Simon\Nextcloud\Project\Mauritania\Science\Arguin - FieldWork Data Processing\Data\S2\Sen2Cor\S2B_MSIL2A_20250131T113319_N0511_R080_T28QCG_20250131T170258.zip,187,32,6357,363575.0,2199695.0,0.22290000000000001,0.2584,0.3536,0.47840000000000005,0.5133,0.5246000000000001,0.5433,0.5824,0.5477000000000001,0.5487000000000001,0.6407,0.5852
2025-01-31,Iwik,Sen2Cor,S2B_MSIL2A_20250131T113319_N0511_R080_T28QCG_20250131T170258.SAFE,C:\Users\Simon\Nextcloud\Project\Mauritania\Science\Arguin - FieldWork Data Processing\Data\S2\Sen2Cor\S2B_MSIL2A_20250131T113319_N0511_R080_T28QCG_20250131T170258.zip,188,33,6341,363415.0,2199685.0,0.2369,0.2746,0.3748,0.49520000000000003,0.5342,0.5443,0.5589000000000001,0.5988,0.5688,0.5706,0.6537000000000001,0.6012000000000001
2025-01-31,Iwik,Sen2Cor,S2B_MSIL2A_20250131T113319_N0511_R080_T28QCG_20250131T170258.SAFE,C:\Users\Simon\Nextcloud\Project\Mauritania\Science\Arguin - FieldWork Data Processing\Data\S2\Sen2Cor\S2B_MSIL2A_20250131T113319_N0511_R080_T28QCG_20250131T170258.zip,189,33,6342,363425.0,2199685.0,0.23550000000000001,0.278,0.3744,0.49520000000000003,0.5283,0.5394,0.5588000000000001,0.6016,0.5648000000000001,0.5613,0.649,0.5965
2025-01-31,Iwik,Sen2Cor,S2B_MSIL2A_20250131T113319_N0511_R080_T28QCG_20250131T170258.SAFE,C:\Users\Simon\Nextcloud\Project\Mauritania\Science\Arguin - FieldWork Data Processing\Data\S2\Sen2Cor\S2B_MSIL2A_20250131T113319_N0511_R080_T28QCG_20250131T170258.zip,190,33,6343,363435.0,2199685.0,0.23550000000000001,0.27240000000000003,0.3648,0.48760000000000003,0.5283,0.5394,0.5588000000000001,0.5924,0.5648000000000001,0.5613,0.649,0.5965
2025-01-31,Iwik,Sen2Cor,S2B_MSIL2A_20250131T113319_N0511_R080_T28QCG_20250131T170258.SAFE,C:\Users\Simon\Nextcloud\Project\Mauritania\Science\Arguin - FieldWork Data Processing\Data\S2\Sen2Cor\S2B_MSIL2A_20250131T113319_N0511_R080_T28QCG_20250131T170258.zip,191,33,6344,363445.0,2199685.0,0.23290000000000002,0.2656,0.3644,0.48560000000000003,0.5234,0.5352,0.5523,0.5860000000000001,0.5582,0.5613,0.6431,0.5915
2025-01-31,Iwik,Sen2Cor,S2B_MSIL2A_20250131T113319_N0511_R080_T28QCG_20250131T170258.SAFE,C:\Users\Simon\Nextcloud\Project\Mauritania\Science\Arguin - FieldWork Data Processing\Data\S2\Sen2Cor\S2B_MSIL2A_20250131T113319_N0511_R080_T28QCG_20250131T170258.zip,192,33,6345,363455.0,2199685.0,0.23290000000000002,0.27140000000000003,0.37120000000000003,0.4928,0.5234,0.5352,0.5523,0.5932000000000001,0.5582,0.5613,0.6431,0.5915
2025-01-31,Iwik,Sen2Cor,S2B_MSIL2A_20250131T113319_N0511_R080_T28QCG_20250131T170258.SAFE,C:\Users\Simon\Nextcloud\Project\Mauritania\Science\Arguin - FieldWork Data Processing\Data\S2\Sen2Cor\S2B_MSIL2A_20250131T113319_N0511_R080_T28QCG_20250131T170258.zip,193,33,6346,363465.0,2199685.0,0.2318,0.272,0.37520000000000003,0.4924,0.531,0.5404,0.554,0.5880000000000001,0.5619000000000001,0.5613,0.6466000000000001,0.5948
2025-01-31,Iwik,Sen2Cor,S2B_MSIL2A_20250131T113319_N0511_R080_T28QCG_20250131T170258.SAFE,C:\Users\Simon\Nextcloud\Project\Mauritania\Science\Arguin - FieldWork Data Processing\Data\S2\Sen2Cor\S2B_MSIL2A_20250131T113319_N0511_R080_T28QCG_20250131T170258.zip,194,33,6347,363475.0,2199685.0,0.2318,0.271,0.3728,0.49360000000000004,0.531,0.5404,0.554,0.5912000000000001,0.5619000000000001,0.5613,0.6466000000000001,0.5948
2025-01-31,Iwik,Sen2Cor,S2B_MSIL2A_20250131T113319_N0511_R080_T28QCG_20250131T170258.SAFE,C:\Users\Simon\Nextcloud\Project\Mauritania\Science\Arguin - FieldWork Data Processing\Data\S2\Sen2Cor\S2B_MSIL2A_20250131T113319_N0511_R080_T28QCG_20250131T170258.zip,195,33,6348,363485.0,2199685.0,0.2306,0.2674,0.368,0.4888,0.528,0.5401,0.554,0.5916,0.5646,0.5604,0.6461,0.595
2025-01-31,Iwik,Sen2Cor,S2B_MSIL2A_20250131T113319_N0511_R080_T28QCG_20250131T170258.SAFE,C:\Users\Simon\Nextcloud\Project\Mauritania\Science\Arguin - FieldWork Data Processing\Data\S2\Sen2Cor\S2B_MSIL2A_20250131T113319_N0511_R080_T28QCG_20250131T170258.zip,196,33,6349,363495.0,2199685.0,0.2306,0.2652,0.3648,0.4852,0.528,0.5401,0.554,0.5856,0.5646,0.5604,0.6461,0.595
2025-01-31,Iwik,Sen2Cor,S2B_MSIL2A_20250131T113319_N0511_R080_T28QCG_20250131T170258.SAFE,C:\Users\Simon\Nextcloud\Project\Mauritania\Science\Arguin - FieldWork Data Processing\Data\S2\Sen2Cor\S2B_MSIL2A_20250131T113319_N0511_R080_T28QCG_20250131T170258.zip,197,33,6350,363505.0,2199685.0,0.2283,0.2706,0.3632,0.4864,0.5257000000000001,0.538,0.5503,0.5868,0.5626,0.5604,0.6463,0.5952000000000001
2025-01-31,Iwik,Sen2Cor,S2B_MSIL2A_20250131T113319_N0511_R080_T28QCG_20250131T170258.SAFE,C:\Users\Simon\Nextcloud\Project\Mauritania\Science\Arguin - FieldWork Data Processing\Data\S2\Sen2Cor\S2B_MSIL2A_20250131T113319_N0511_R080_T28QCG_20250131T170258.zip,198,33,6351,363515.0,2199685.0,0.2283,0.2676,0.3624,0.4852,0.5257000000000001,0.538,0.5503,0.5916,0.5626,0.5604,0.6463,0.5952000000000001
2025-01-31,Iwik,Sen2Cor,S2B_MSIL2A_20250131T113319_N0511_R080_T28QCG_20250131T170258.SAFE,C:\Users\Simon\Nextcloud\Project\Mauritania\Science\Arguin - FieldWork Data Processing\Data\S2\Sen2Cor\S2B_MSIL2A_20250131T113319_N0511_R080_T28QCG_20250131T170258.zip,199,33,6352,363525.0,2199685.0,0.22660000000000002,0.262,0.35960000000000003,0.48760000000000003,0.5266000000000001,0.539,0.5483,0.5880000000000001,0.5613,0.5604,0.6492,0.5967
2025-01-31,Iwik,Sen2Cor,S2B_MSIL2A_20250131T113319_N0511_R080_T28QCG_20250131T170258.SAFE,C:\Users\Simon\Nextcloud\Project\Mauritania\Science\Arguin - FieldWork Data Processing\Data\S2\Sen2Cor\S2B_MSIL2A_20250131T113319_N0511_R080_T28QCG_20250131T170258.zip,200,33,6353,363535.0,2199685.0,0.22660000000000002,0.26680000000000004,0.3588,0.48400000000000004,0.5266000000000001,0.539,0.5483,0.5868,0.5613,0.5604,0.6492,0.5967
2025-01-31,Iwik,Sen2Cor,S2B_MSIL2A_20250131T113319_N0511_R080_T28QCG_20250131T170258.SAFE,C:\Users\Simon\Nextcloud\Project\Mauritania\Science\Arguin - FieldWork Data Processing\Data\S2\Sen2Cor\S2B_MSIL2A_20250131T113319_N0511_R080_T28QCG_20250131T170258.zip,201,33,6354,363545.0,2199685.0,0.2238,0.263,0.3608,0.4792,0.5184,0.5313,0.5452,0.5860000000000001,0.5564,0.5487000000000001,0.6445000000000001,0.5883
2025-01-31,Iwik,Sen2Cor,S2B_MSIL2A_20250131T113319_N0511_R080_T28QCG_20250131T170258.SAFE,C:\Users\Simon\Nextcloud\Project\Mauritania\Science\Arguin - FieldWork Data Processing\Data\S2\Sen2Cor\S2B_MSIL2A_20250131T113319_N0511_R080_T28QCG_20250131T170258.zip,202,33,6355,363555.0,2199685.0,0.2238,0.2632,0.3588,0.48160000000000003,0.5184,0.5313,0.5452,0.5816,0.5564,0.5487000000000001,0.6445000000000001,0.5883
2025-01-31,Iwik,Sen2Cor,S2B_MSIL2A_20250131T113319_N0511_R080_T28QCG_20250131T170258.SAFE,C:\Users\Simon\Nextcloud\Project\Mauritania\Science\Arguin - FieldWork Data Processing\Data\S2\Sen2Cor\S2B_MSIL2A_20250131T113319_N0511_R080_T28QCG_20250131T170258.zip,203,33,6356,363565.0,2199685.0,0.22290000000000001,0.262,0.3548,0.47840000000000005,0.5133,0.5246000000000001,0.5433,0.5820000000000001,0.5477000000000001,0.5487000000000001,0.6407,0.5852
2025-01-31,Iwik,Sen2Cor,S2B_MSIL2A_20250131T113319_N0511_R080_T28QCG_20250131T170258.SAFE,C:\Users\Simon\Nextcloud\Project\Mauritania\Science\Arguin - FieldWork Data Processing\Data\S2\Sen2Cor\S2B_MSIL2A_20250131T113319_N0511_R080_T28QCG_20250131T170258.zip,204,33,6357,363575.0,2199685.0,0.22290000000000001,0.2564,0.3508,0.47440000000000004,0.5133,0.5246000000000001,0.5433,0.5788,0.5477000000000001,0.5487000000000001,0.6407,0.5852
2025-01-31,Iwik,Sen2Cor,S2B_MSIL2A_20250131T113319_N0511_R080_T28QCG_20250131T170258.SAFE,C:\Users\Simon\Nextcloud\Project\Mauritania\Science\Arguin - FieldWork Data Processing\Data\S2\Sen2Cor\S2B_MSIL2A_20250131T113319_N0511_R080_T28QCG_20250131T170258.zip,205,33,6358,363585.0,2199685.0,0.2217,0.25220000000000004,0.35200000000000004,0.47400000000000003,0.5121,0.5241,0.536,0.5736,0.5411,0.5487000000000001,0.6366,0.5822
2025-01-31,Iwik,Sen2Cor,S2B_MSIL2A_20250131T113319_N0511_R080_T28QCG_20250131T170258.SAFE,C:\Users\Simon\Nextcloud\Project\Mauritania\Science\Arguin - FieldWork Data Processing\Data\S2\Sen2Cor\S2B_MSIL2A_20250131T113319_N0511_R080_T28QCG_20250131T170258.zip,206,34,6340,363405.0,2199675.0,0.23700000000000002,0.28200000000000003,0.378,0.502,0.5371,0.546,0.5617,0.6044,0.5725,0.5706,0.6502,0.5973
2025-01-31,Iwik,Sen2Cor,S2B_MSIL2A_20250131T113319_N0511_R080_T28QCG_20250131T170258.SAFE,C:\Users\Simon\Nextcloud\Project\Mauritania\Science\Arguin - FieldWork Data Processing\Data\S2\Sen2Cor\S2B_MSIL2A_20250131T113319_N0511_R080_T28QCG_20250131T170258.zip,207,34,6341,363415.0,2199675.0,0.23700000000000002,0.2778,0.37320000000000003,0.4932,0.5371,0.546,0.5617,0.5948,0.5725,0.5706,0.6502,0.5973
2025-01-31,Iwik,Sen2Cor,S2B_MSIL2A_20250131T113319_N0511_R080_T28QCG_20250131T170258.SAFE,C:\Users\Simon\Nextcloud\Project\Mauritania\Science\Arguin - FieldWork Data Processing\Data\S2\Sen2Cor\S2B_MSIL2A_20250131T113319_N0511_R080_T28QCG_20250131T170258.zip,208,34,6342,363425.0,2199675.0,0.2348,0.2752,0.3744,0.4912,0.5275000000000001,0.5385,0.5551,0.5924,0.5615,0.5613,0.6431,0.5913
2025-01-31,Iwik,Sen2Cor,S2B_MSIL2A_20250131T113319_N0511_R080_T28QCG_20250131T170258.SAFE,C:\Users\Simon\Nextcloud\Project\Mauritania\Science\Arguin - FieldWork Data Processing\Data\S2\Sen2Cor\S2B_MSIL2A_20250131T113319_N0511_R080_T28QCG_20250131T170258.zip,209,34,6343,363435.0,2199675.0,0.2348,0.2722,0.36760000000000004,0.4868,0.5275000000000001,0.5385,0.5551,0.5936,0.5615,0.5613,0.6431,0.5913
2025-01-31,Iwik,Sen2Cor,S2B_MSIL2A_20250131T113319_N0511_R080_T28QCG_20250131T170258.SAFE,C:\Users\Simon\Nextcloud\Project\Mauritania\Science\Arguin - FieldWork Data Processing\Data\S2\Sen2Cor\S2B_MSIL2A_20250131T113319_N0511_R080_T28QCG_20250131T170258.zip,210,34,6344,363445.0,2199675.0,0.23290000000000002,0.2664,0.3664,0.4844,0.5256000000000001,0.5356000000000001,0.5507000000000001,0.5868,0.557,0.5613,0.6421,0.5893
2025-01-31,Iwik,Sen2Cor,S2B_MSIL2A_20250131T113319_N0511_R080_T28QCG_20250131T170258.SAFE,C:\Users\Simon\Nextcloud\Project\Mauritania\Science\Arguin - FieldWork Data Processing\Data\S2\Sen2Cor\S2B_MSIL2A_20250131T113319_N0511_R080_T28QCG_20250131T170258.zip,211,34,6345,363455.0,2199675.0,0.23290000000000002,0.2752,0.3684,0.4872,0.5256000000000001,0.5356000000000001,0.5507000000000001,0.5844,0.557,0.5613,0.6421,0.5893
2025-01-31,Iwik,Sen2Cor,S2B_MSIL2A_20250131T113319_N0511_R080_T28QCG_20250131T170258.SAFE,C:\Users\Simon\Nextcloud\Project\Mauritania\Science\Arguin - FieldWork Data Processing\Data\S2\Sen2Cor\S2B_MSIL2A_20250131T113319_N0511_R080_T28QCG_20250131T170258.zip,212,34,6346,363465.0,2199675.0,0.2301,0.27240000000000003,0.36920000000000003,0.4872,0.5244,0.5329,0.5473,0.5848,0.5556,0.5613,0.6429,0.5891000000000001
2025-01-31,Iwik,Sen2Cor,S2B_MSIL2A_20250131T113319_N0511_R080_T28QCG_20250131T170258.SAFE,C:\Users\Simon\Nextcloud\Project\Mauritania\Science\Arguin - FieldWork Data Processing\Data\S2\Sen2Cor\S2B_MSIL2A_20250131T113319_N0511_R080_T28QCG_20250131T170258.zip,213,34,6347,363475.0,2199675.0,0.2301,0.2684,0.3632,0.4868,0.5244,0.5329,0.5473,0.5844,0.5556,0.5613,0.6429,0.5891000000000001
2025-01-31,Iwik,Sen2Cor,S2B_MSIL2A_20250131T113319_N0511_R080_T28QCG_20250131T170258.SAFE,C:\Users\Simon\Nextcloud\Project\Mauritania\Science\Arguin - FieldWork Data Processing\Data\S2\Sen2Cor\S2B_MSIL2A_20250131T113319_N0511_R080_T28QCG_20250131T170258.zip,214,34,6348,363485.0,2199675.0,0.22870000000000001,0.2656,0.3648,0.49000000000000005,0.5221,0.5328,0.5496,0.5848,0.5586,0.5604,0.6455000000000001,0.5924
2025-01-31,Iwik,Sen2Cor,S2B_MSIL2A_20250131T113319_N0511_R080_T28QCG_20250131T170258.SAFE,C:\Users\Simon\Nextcloud\Project\Mauritania\Science\Arguin - FieldWork Data Processing\Data\S2\Sen2Cor\S2B_MSIL2A_20250131T113319_N0511_R080_T28QCG_20250131T170258.zip,215,34,6349,363495.0,2199675.0,0.22870000000000001,0.2674,0.3632,0.4832,0.5221,0.5328,0.5496,0.5832,0.5586,0.5604,0.6455000000000001,0.5924
2025-01-31,Iwik,Sen2Cor,S2B_MSIL2A_20250131T113319_N0511_R080_T28QCG_20250131T170258.SAFE,C:\Users\Simon\Nextcloud\Project\Mauritania\Science\Arguin - FieldWork Data Processing\Data\S2\Sen2Cor\S2B_MSIL2A_20250131T113319_N0511_R080_T28QCG_20250131T170258.zip,216,34,6350,363505.0,2199675.0,0.2273,0.2642,0.36000000000000004,0.48400000000000004,0.5225000000000001,0.5339,0.5496,0.5844,0.5595,0.5604,0.6468,0.5943
2025-01-31,Iwik,Sen2Cor,S2B_MSIL2A_20250131T113319_N0511_R080_T28QCG_20250131T170258.SAFE,C:\Users\Simon\Nextcloud\Project\Mauritania\Science\Arguin - FieldWork Data Processing\Data\S2\Sen2Cor\S2B_MSIL2A_20250131T113319_N0511_R080_T28QCG_20250131T170258.zip,217,34,6351,363515.0,2199675.0,0.2273,0.269,0.3588,0.4832,0.5225000000000001,0.5339,0.5496,0.5836,0.5595,0.5604,0.6468,0.5943
2025-01-31,Iwik,Sen2Cor,S2B_MSIL2A_20250131T113319_N0511_R080_T28QCG_20250131T170258.SAFE,C:\Users\Simon\Nextcloud\Project\Mauritania\Science\Arguin - FieldWork Data Processing\Data\S2\Sen2Cor\S2B_MSIL2A_20250131T113319_N0511_R080_T28QCG_20250131T170258.zip,218,34,6352,363525.0,2199675.0,0.2248,0.264,0.3588,0.48040000000000005,0.5164,0.5276000000000001,0.5425,0.5820000000000001,0.5489,0.5604,0.643,0.5901000000000001
2025-01-31,Iwik,Sen2Cor,S2B_MSIL2A_20250131T113319_N0511_R080_T28QCG_20250131T170258.SAFE,C:\Users\Simon\Nextcloud\Project\Mauritania\Science\Arguin - FieldWork Data Processing\Data\S2\Sen2Cor\S2B_MSIL2A_20250131T113319_N0511_R080_T28QCG_20250131T170258.zip,219,34,6353,363535.0,2199675.0,0.2248,0.2636,0.3568,0.4828,0.5164,0.5276000000000001,0.5425,0.5824,0.5489,0.5604,0.643,0.5901000000000001
2025-01-31,Iwik,Sen2Cor,S2B_MSIL2A_20250131T113319_N0511_R080_T28QCG_20250131T170258.SAFE,C:\Users\Simon\Nextcloud\Project\Mauritania\Science\Arguin - FieldWork Data Processing\Data\S2\Sen2Cor\S2B_MSIL2A_20250131T113319_N0511_R080_T28QCG_20250131T170258.zip,220,34,6354,363545.0,2199675.0,0.22310000000000002,0.2586,0.3564,0.48040000000000005,0.5144000000000001,0.526,0.5431,0.5796,0.5525,0.5487000000000001,0.6439,0.5895
2025-01-31,Iwik,Sen2Cor,S2B_MSIL2A_20250131T113319_N0511_R080_T28QCG_20250131T170258.SAFE,C:\Users\Simon\Nextcloud\Project\Mauritania\Science\Arguin - FieldWork Data Processing\Data\S2\Sen2Cor\S2B_MSIL2A_20250131T113319_N0511_R080_T28QCG_20250131T170258.zip,221,34,6355,363555.0,2199675.0,0.22310000000000002,0.2566,0.35400000000000004,0.4788,0.5144000000000001,0.526,0.5431,0.5816,0.5525,0.5487000000000001,0.6439,0.5895
2025-01-31,Iwik,Sen2Cor,S2B_MSIL2A_20250131T113319_N0511_R080_T28QCG_20250131T170258.SAFE,C:\Users\Simon\Nextcloud\Project\Mauritania\Science\Arguin - FieldWork Data Processing\Data\S2\Sen2Cor\S2B_MSIL2A_20250131T113319_N0511_R080_T28QCG_20250131T170258.zip,222,34,6356,363565.0,2199675.0,0.2215,0.2596,0.3508,0.48040000000000005,0.5123,0.5209,0.5374,0.5724,0.5472,0.5487000000000001,0.6402,0.5814
2025-01-31,Iwik,Sen2Cor,S2B_MSIL2A_20250131T113319_N0511_R080_T28QCG_20250131T170258.SAFE,C:\Users\Simon\Nextcloud\Project\Mauritania\Science\Arguin - FieldWork Data Processing\Data\S2\Sen2Cor\S2B_MSIL2A_20250131T113319_N0511_R080_T28QCG_20250131T170258.zip,223,34,6357,363575.0,2199675.0,0.2215,0.25520000000000004,0.3508,0.4728,0.5123,0.5209,0.5374,0.5700000000000001,0.5472,0.5487000000000001,0.6402,0.5814
2025-01-31,Iwik,Sen2Cor,S2B_MSIL2A_20250131T113319_N0511_R080_T28QCG_20250131T170258.SAFE,C:\Users\Simon\Nextcloud\Project\Mauritania\Science\Arguin - FieldWork Data Processing\Data\S2\Sen2Cor\S2B_MSIL2A_20250131T113319_N0511_R080_T28QCG_20250131T170258.zip,224,34,6358,363585.0,2199675.0,0.2207,0.2534,0.3512,0.4708,0.5141,0.5218,0.5358,0.5724,0.5467000000000001,0.5487000000000001,0.6374000000000001,0.5817
2025-01-31,Iwik,Sen2Cor,S2B_MSIL2A_20250131T113319_N0511_R080_T28QCG_20250131T170258.SAFE,C:\Users\Simon\Nextcloud\Project\Mauritania\Science\Arguin - FieldWork Data Processing\Data\S2\Sen2Cor\S2B_MSIL2A_20250131T113319_N0511_R080_T28QCG_20250131T170258.zip,225,35,6340,363405.0,2199665.0,0.23700000000000002,0.2828,0.3796,0.5016,0.5371,0.546,0.5617,0.604,0.5725,0.5706,0.6502,0.5973
2025-01-31,Iwik,Sen2Cor,S2B_MSIL2A_20250131T113319_N0511_R080_T28QCG_20250131T170258.SAFE,C:\Users\Simon\Nextcloud\Project\Mauritania\Science\Arguin - FieldWork Data Processing\Data\S2\Sen2Cor\S2B_MSIL2A_20250131T113319_N0511_R080_T28QCG_20250131T170258.zip,226,35,6341,363415.0,2199665.0,0.23700000000000002,0.2812,0.37920000000000004,0.496,0.5371,0.546,0.5617,0.598,0.5725,0.5706,0.6502,0.5973
2025-01-31,Iwik,Sen2Cor,S2B_MSIL2A_20250131T113319_N0511_R080_T28QCG_20250131T170258.SAFE,C:\Users\Simon\Nextcloud\Project\Mauritania\Science\Arguin - FieldWork Data Processing\Data\S2\Sen2Cor\S2B_MSIL2A_20250131T113319_N0511_R080_T28QCG_20250131T170258.zip,227,35,6342,363425.0,2199665.0,0.2348,0.27840000000000004,0.374,0.49200000000000005,0.5275000000000001,0.5385,0.5551,0.5968,0.5615,0.5613,0.6431,0.5913
2025-01-31,Iwik,Sen2Cor,S2B_MSIL2A_20250131T113319_N0511_R080_T28QCG_20250131T170258.SAFE,C:\Users\Simon\Nextcloud\Project\Mauritania\Science\Arguin - FieldWork Data Processing\Data\S2\Sen2Cor\S2B_MSIL2A_20250131T113319_N0511_R080_T28QCG_20250131T170258.zip,228,35,6343,363435.0,2199665.0,0.2348,0.2758,0.36760000000000004,0.4908,0.5275000000000001,0.5385,0.5551,0.5972000000000001,0.5615,0.5613,0.6431,0.5913
2025-01-31,Iwik,Sen2Cor,S2B_MSIL2A_20250131T113319_N0511_R080_T28QCG_20250131T170258.SAFE,C:\Users\Simon\Nextcloud\Project\Mauritania\Science\Arguin - FieldWork Data Processing\Data\S2\Sen2Cor\S2B_MSIL2A_20250131T113319_N0511_R080_T28QCG_20250131T170258.zip,229,35,6344,363445.0,2199665.0,0.23290000000000002,0.268,0.3664,0.48600000000000004,0.5256000000000001,0.5356000000000001,0.5507000000000001,0.5832,0.557,0.5613,0.6421,0.5893
2025-01-31,Iwik,Sen2Cor,S2B_MSIL2A_20250131T113319_N0511_R080_T28QCG_20250131T170258.SAFE,C:\Users\Simon\Nextcloud\Project\Mauritania\Science\Arguin - FieldWork Data Processing\Data\S2\Sen2Cor\S2B_MSIL2A_20250131T113319_N0511_R080_T28QCG_20250131T170258.zip,230,35,6345,363455.0,2199665.0,0.23290000000000002,0.273,0.36360000000000003,0.4828,0.5256000000000001,0.5356000000000001,0.5507000000000001,0.5836,0.557,0.5613,0.6421,0.5893
2025-01-31,Iwik,Sen2Cor,S2B_MSIL2A_20250131T113319_N0511_R080_T28QCG_20250131T170258.SAFE,C:\Users\Simon\Nextcloud\Project\Mauritania\Science\Arguin - FieldWork Data Processing\Data\S2\Sen2Cor\S2B_MSIL2A_20250131T113319_N0511_R080_T28QCG_20250131T170258.zip,231,35,6346,363465.0,2199665.0,0.2301,0.2696,0.36200000000000004,0.4864,0.5244,0.5329,0.5473,0.5892000000000001,0.5556,0.5613,0.6429,0.5891000000000001
2025-01-31,Iwik,Sen2Cor,S2B_MSIL2A_20250131T113319_N0511_R080_T28QCG_20250131T170258.SAFE,C:\Users\Simon\Nextcloud\Project\Mauritania\Science\Arguin - FieldWork Data Processing\Data\S2\Sen2Cor\S2B_MSIL2A_20250131T113319_N0511_R080_T28QCG_20250131T170258.zip,232,35,6347,363475.0,2199665.0,0.2301,0.2676,0.3644,0.4864,0.5244,0.5329,0.5473,0.5904,0.5556,0.5613,0.6429,0.5891000000000001
2025-01-31,Iwik,Sen2Cor,S2B_MSIL2A_20250131T113319_N0511_R080_T28QCG_20250131T170258.SAFE,C:\Users\Simon\Nextcloud\Project\Mauritania\Science\Arguin - FieldWork Data Processing\Data\S2\Sen2Cor\S2B_MSIL2A_20250131T113319_N0511_R080_T28QCG_20250131T170258.zip,233,35,6348,363485.0,2199665.0,0.22870000000000001,0.2656,0.3592,0.48600000000000004,0.5221,0.5328,0.5496,0.5868,0.5586,0.5604,0.6455000000000001,0.5924
2025-01-31,Iwik,Sen2Cor,S2B_MSIL2A_20250131T113319_N0511_R080_T28QCG_20250131T170258.SAFE,C:\Users\Simon\Nextcloud\Project\Mauritania\Science\Arguin - FieldWork Data Processing\Data\S2\Sen2Cor\S2B_MSIL2A_20250131T113319_N0511_R080_T28QCG_20250131T170258.zip,234,35,6349,363495.0,2199665.0,0.22870000000000001,0.26180000000000003,0.3608,0.48560000000000003,0.5221,0.5328,0.5496,0.5868,0.5586,0.5604,0.6455000000000001,0.5924
2025-01-31,Iwik,Sen2Cor,S2B_MSIL2A_20250131T113319_N0511_R080_T28QCG_20250131T170258.SAFE,C:\Users\Simon\Nextcloud\Project\Mauritania\Science\Arguin - FieldWork Data Processing\Data\S2\Sen2Cor\S2B_MSIL2A_20250131T113319_N0511_R080_T28QCG_20250131T170258.zip,235,35,6350,363505.0,2199665.0,0.2273,0.2612,0.3592,0.4812,0.5225000000000001,0.5339,0.5496,0.5832,0.5595,0.5604,0.6468,0.5943
2025-01-31,Iwik,Sen2Cor,S2B_MSIL2A_20250131T113319_N0511_R080_T28QCG_20250131T170258.SAFE,C:\Users\Simon\Nextcloud\Project\Mauritania\Science\Arguin - FieldWork Data Processing\Data\S2\Sen2Cor\S2B_MSIL2A_20250131T113319_N0511_R080_T28QCG_20250131T170258.zip,236,35,6351,363515.0,2199665.0,0.2273,0.2626,0.36200000000000004,0.48200000000000004,0.5225000000000001,0.5339,0.5496,0.5768,0.5595,0.5604,0.6468,0.5943
2025-01-31,Iwik,Sen2Cor,S2B_MSIL2A_20250131T113319_N0511_R080_T28QCG_20250131T170258.SAFE,C:\Users\Simon\Nextcloud\Project\Mauritania\Science\Arguin - FieldWork Data Processing\Data\S2\Sen2Cor\S2B_MSIL2A_20250131T113319_N0511_R080_T28QCG_20250131T170258.zip,237,35,6352,363525.0,2199665.0,0.2248,0.2624,0.35960000000000003,0.48160000000000003,0.5164,0.5276000000000001,0.5425,0.5760000000000001,0.5489,0.5604,0.643,0.5901000000000001
2025-01-31,Iwik,Sen2Cor,S2B_MSIL2A_20250131T113319_N0511_R080_T28QCG_20250131T170258.SAFE,C:\Users\Simon\Nextcloud\Project\Mauritania\Science\Arguin - FieldWork Data Processing\Data\S2\Sen2Cor\S2B_MSIL2A_20250131T113319_N0511_R080_T28QCG_20250131T170258.zip,238,35,6353,363535.0,2199665.0,0.2248,0.2604,0.35400000000000004,0.4752,0.5164,0.5276000000000001,0.5425,0.5776,0.5489,0.5604,0.643,0.5901000000000001
2025-01-31,Iwik,Sen2Cor,S2B_MSIL2A_20250131T113319_N0511_R080_T28QCG_20250131T170258.SAFE,C:\Users\Simon\Nextcloud\Project\Mauritania\Science\Arguin - FieldWork Data Processing\Data\S2\Sen2Cor\S2B_MSIL2A_20250131T113319_N0511_R080_T28QCG_20250131T170258.zip,239,35,6354,363545.0,2199665.0,0.22310000000000002,0.2604,0.3552,0.47640000000000005,0.5144000000000001,0.526,0.5431,0.5760000000000001,0.5525,0.5487000000000001,0.6439,0.5895
2025-01-31,Iwik,Sen2Cor,S2B_MSIL2A_20250131T113319_N0511_R080_T28QCG_20250131T170258.SAFE,C:\Users\Simon\Nextcloud\Project\Mauritania\Science\Arguin - FieldWork Data Processing\Data\S2\Sen2Cor\S2B_MSIL2A_20250131T113319_N0511_R080_T28QCG_20250131T170258.zip,240,35,6355,363555.0,2199665.0,0.22310000000000002,0.25620000000000004,0.35600000000000004,0.4776,0.5144000000000001,0.526,0.5431,0.5776,0.5525,0.5487000000000001,0.6439,0.5895
2025-01-31,Iwik,Sen2Cor,S2B_MSIL2A_20250131T113319_N0511_R080_T28QCG_20250131T170258.SAFE,C:\Users\Simon\Nextcloud\Project\Mauritania\Science\Arguin - FieldWork Data Processing\Data\S2\Sen2Cor\S2B_MSIL2A_20250131T113319_N0511_R080_T28QCG_20250131T170258.zip,241,35,6356,363565.0,2199665.0,0.2215,0.254,0.3508,0.47600000000000003,0.5123,0.5209,0.5374,0.5692,0.5472,0.5487000000000001,0.6402,0.5814
2025-01-31,Iwik,Sen2Cor,S2B_MSIL2A_20250131T113319_N0511_R080_T28QCG_20250131T170258.SAFE,C:\Users\Simon\Nextcloud\Project\Mauritania\Science\Arguin - FieldWork Data Processing\Data\S2\Sen2Cor\S2B_MSIL2A_20250131T113319_N0511_R080_T28QCG_20250131T170258.zip,242,35,6357,363575.0,2199665.0,0.2215,0.25420000000000004,0.3472,0.4728,0.5123,0.5209,0.5374,0.5680000000000001,0.5472,0.5487000000000001,0.6402,0.5814
2025-01-31,Iwik,Sen2Cor,S2B_MSIL2A_20250131T113319_N0511_R080_T28QCG_20250131T170258.SAFE,C:\Users\Simon\Nextcloud\Project\Mauritania\Science\Arguin - FieldWork Data Processing\Data\S2\Sen2Cor\S2B_MSIL2A_20250131T113319_N0511_R080_T28QCG_20250131T170258.zip,243,35,6358,363585.0,2199665.0,0.2207,0.2558,0.35000000000000003,0.4728,0.5141,0.5218,0.5358,0.5704,0.5467000000000001,0.5487000000000001,0.6374000000000001,0.5817
2025-01-31,Iwik,Sen2Cor,S2B_MSIL2A_20250131T113319_N0511_R080_T28QCG_20250131T170258.SAFE,C:\Users\Simon\Nextcloud\Project\Mauritania\Science\Arguin - FieldWork Data Processing\Data\S2\Sen2Cor\S2B_MSIL2A_20250131T113319_N0511_R080_T28QCG_20250131T170258.zip,244,36,6339,363395.0,2199655.0,0.24020000000000002,0.2806,0.38280000000000003,0.5036,0.5423,0.5559000000000001,0.5690000000000001,0.6104,0.5764,0.5757,0.6582,0.6058
2025-01-31,Iwik,Sen2Cor,S2B_MSIL2A_20250131T113319_N0511_R080_T28QCG_20250131T170258.SAFE,C:\Users\Simon\Nextcloud\Project\Mauritania\Science\Arguin - FieldWork Data Processing\Data\S2\Sen2Cor\S2B_MSIL2A_20250131T113319_N0511_R080_T28QCG_20250131T170258.zip,245,36,6340,363405.0,2199655.0,0.23770000000000002,0.2888,0.37920000000000004,0.5036,0.5443,0.5545,0.5672,0.6168,0.5784,0.5757,0.6543,0.6002000000000001
2025-01-31,Iwik,Sen2Cor,S2B_MSIL2A_20250131T113319_N0511_R080_T28QCG_20250131T170258.SAFE,C:\Users\Simon\Nextcloud\Project\Mauritania\Science\Arguin - FieldWork Data Processing\Data\S2\Sen2Cor\S2B_MSIL2A_20250131T113319_N0511_R080_T28QCG_20250131T170258.zip,246,36,6341,363415.0,2199655.0,0.23770000000000002,0.2844,0.37560000000000004,0.5028,0.5443,0.5545,0.5672,0.6024,0.5784,0.5757,0.6543,0.6002000000000001
2025-01-31,Iwik,Sen2Cor,S2B_MSIL2A_20250131T113319_N0511_R080_T28QCG_20250131T170258.SAFE,C:\Users\Simon\Nextcloud\Project\Mauritania\Science\Arguin - FieldWork Data Processing\Data\S2\Sen2Cor\S2B_MSIL2A_20250131T113319_N0511_R080_T28QCG_20250131T170258.zip,247,36,6342,363425.0,2199655.0,0.2348,0.28240000000000004,0.3748,0.49960000000000004,0.5361,0.5454,0.5597,0.602,0.5642,0.5628000000000001,0.6482,0.595
2025-01-31,Iwik,Sen2Cor,S2B_MSIL2A_20250131T113319_N0511_R080_T28QCG_20250131T170258.SAFE,C:\Users\Simon\Nextcloud\Project\Mauritania\Science\Arguin - FieldWork Data Processing\Data\S2\Sen2Cor\S2B_MSIL2A_20250131T113319_N0511_R080_T28QCG_20250131T170258.zip,248,36,6343,363435.0,2199655.0,0.2348,0.273,0.3708,0.4932,0.5361,0.5454,0.5597,0.5956,0.5642,0.5628000000000001,0.6482,0.595
2025-01-31,Iwik,Sen2Cor,S2B_MSIL2A_20250131T113319_N0511_R080_T28QCG_20250131T170258.SAFE,C:\Users\Simon\Nextcloud\Project\Mauritania\Science\Arguin - FieldWork Data Processing\Data\S2\Sen2Cor\S2B_MSIL2A_20250131T113319_N0511_R080_T28QCG_20250131T170258.zip,249,36,6344,363445.0,2199655.0,0.2308,0.27,0.3672,0.48760000000000003,0.5287000000000001,0.5359,0.5515,0.5880000000000001,0.5597,0.5628000000000001,0.6459,0.5899
2025-01-31,Iwik,Sen2Cor,S2B_MSIL2A_20250131T113319_N0511_R080_T28QCG_20250131T170258.SAFE,C:\Users\Simon\Nextcloud\Project\Mauritania\Science\Arguin - FieldWork Data Processing\Data\S2\Sen2Cor\S2B_MSIL2A_20250131T113319_N0511_R080_T28QCG_20250131T170258.zip,250,36,6345,363455.0,2199655.0,0.2308,0.268,0.364,0.48600000000000004,0.5287000000000001,0.5359,0.5515,0.5816,0.5597,0.5628000000000001,0.6459,0.5899
2025-01-31,Iwik,Sen2Cor,S2B_MSIL2A_20250131T113319_N0511_R080_T28QCG_20250131T170258.SAFE,C:\Users\Simon\Nextcloud\Project\Mauritania\Science\Arguin - FieldWork Data Processing\Data\S2\Sen2Cor\S2B_MSIL2A_20250131T113319_N0511_R080_T28QCG_20250131T170258.zip,251,36,6346,363465.0,2199655.0,0.229,0.2654,0.3624,0.4796,0.5219,0.5293,0.5439,0.5884,0.5539000000000001,0.5628000000000001,0.641,0.5872
2025-01-31,Iwik,Sen2Cor,S2B_MSIL2A_20250131T113319_N0511_R080_T28QCG_20250131T170258.SAFE,C:\Users\Simon\Nextcloud\Project\Mauritania\Science\Arguin - FieldWork Data Processing\Data\S2\Sen2Cor\S2B_MSIL2A_20250131T113319_N0511_R080_T28QCG_20250131T170258.zip,252,36,6347,363475.0,2199655.0,0.229,0.263,0.36000000000000004,0.48200000000000004,0.5219,0.5293,0.5439,0.5820000000000001,0.5539000000000001,0.5628000000000001,0.641,0.5872
2025-01-31,Iwik,Sen2Cor,S2B_MSIL2A_20250131T113319_N0511_R080_T28QCG_20250131T170258.SAFE,C:\Users\Simon\Nextcloud\Project\Mauritania\Science\Arguin - FieldWork Data Processing\Data\S2\Sen2Cor\S2B_MSIL2A_20250131T113319_N0511_R080_T28QCG_20250131T170258.zip,253,36,6348,363485.0,2199655.0,0.226,0.262,0.3552,0.48600000000000004,0.5144000000000001,0.5255000000000001,0.5374,0.5804,0.5483,0.5463,0.6388,0.5824
2025-01-31,Iwik,Sen2Cor,S2B_MSIL2A_20250131T113319_N0511_R080_T28QCG_20250131T170258.SAFE,C:\Users\Simon\Nextcloud\Project\Mauritania\Science\Arguin - FieldWork Data Processing\Data\S2\Sen2Cor\S2B_MSIL2A_20250131T113319_N0511_R080_T28QCG_20250131T170258.zip,254,36,6349,363495.0,2199655.0,0.226,0.26180000000000003,0.35960000000000003,0.4788,0.5144000000000001,0.5255000000000001,0.5374,0.5832,0.5483,0.5463,0.6388,0.5824
2025-01-31,Iwik,Sen2Cor,S2B_MSIL2A_20250131T113319_N0511_R080_T28QCG_20250131T170258.SAFE,C:\Users\Simon\Nextcloud\Project\Mauritania\Science\Arguin - FieldWork Data Processing\Data\S2\Sen2Cor\S2B_MSIL2A_20250131T113319_N0511_R080_T28QCG_20250131T170258.zip,255,36,6350,363505.0,2199655.0,0.2248,0.2626,0.3588,0.47800000000000004,0.5155000000000001,0.5245000000000001,0.5403,0.5824,0.5444,0.5463,0.6401,0.5849
2025-01-31,Iwik,Sen2Cor,S2B_MSIL2A_20250131T113319_N0511_R080_T28QCG_20250131T170258.SAFE,C:\Users\Simon\Nextcloud\Project\Mauritania\Science\Arguin - FieldWork Data Processing\Data\S2\Sen2Cor\S2B_MSIL2A_20250131T113319_N0511_R080_T28QCG_20250131T170258.zip,256,36,6351,363515.0,2199655.0,0.2248,0.2592,0.35760000000000003,0.4796,0.5155000000000001,0.5245000000000001,0.5403,0.5792,0.5444,0.5463,0.6401,0.5849
2025-01-31,Iwik,Sen2Cor,S2B_MSIL2A_20250131T113319_N0511_R080_T28QCG_20250131T170258.SAFE,C:\Users\Simon\Nextcloud\Project\Mauritania\Science\Arguin - FieldWork Data Processing\Data\S2\Sen2Cor\S2B_MSIL2A_20250131T113319_N0511_R080_T28QCG_20250131T170258.zip,257,36,6352,363525.0,2199655.0,0.22240000000000001,0.2592,0.35760000000000003,0.48040000000000005,0.5078,0.5201,0.5364,0.5748,0.5411,0.5463,0.6366,0.5823
2025-01-31,Iwik,Sen2Cor,S2B_MSIL2A_20250131T113319_N0511_R080_T28QCG_20250131T170258.SAFE,C:\Users\Simon\Nextcloud\Project\Mauritania\Science\Arguin - FieldWork Data Processing\Data\S2\Sen2Cor\S2B_MSIL2A_20250131T113319_N0511_R080_T28QCG_20250131T170258.zip,258,36,6353,363535.0,2199655.0,0.22240000000000001,0.2566,0.3504,0.4692,0.5078,0.5201,0.5364,0.5700000000000001,0.5411,0.5463,0.6366,0.5823
2025-01-31,Iwik,Sen2Cor,S2B_MSIL2A_20250131T113319_N0511_R080_T28QCG_20250131T170258.SAFE,C:\Users\Simon\Nextcloud\Project\Mauritania\Science\Arguin - FieldWork Data Processing\Data\S2\Sen2Cor\S2B_MSIL2A_20250131T113319_N0511_R080_T28QCG_20250131T170258.zip,259,36,6354,363545.0,2199655.0,0.2215,0.2576,0.3488,0.4716,0.5082,0.5165000000000001,0.5337000000000001,0.5664,0.5436,0.5446,0.6373,0.5782
2025-01-31,Iwik,Sen2Cor,S2B_MSIL2A_20250131T113319_N0511_R080_T28QCG_20250131T170258.SAFE,C:\Users\Simon\Nextcloud\Project\Mauritania\Science\Arguin - FieldWork Data Processing\Data\S2\Sen2Cor\S2B_MSIL2A_20250131T113319_N0511_R080_T28QCG_20250131T170258.zip,260,36,6355,363555.0,2199655.0,0.2215,0.258,0.34640000000000004,0.47000000000000003,0.5082,0.5165000000000001,0.5337000000000001,0.5704,0.5436,0.5446,0.6373,0.5782
2025-01-31,Iwik,Sen2Cor,S2B_MSIL2A_20250131T113319_N0511_R080_T28QCG_20250131T170258.SAFE,C:\Users\Simon\Nextcloud\Project\Mauritania\Science\Arguin - FieldWork Data Processing\Data\S2\Sen2Cor\S2B_MSIL2A_20250131T113319_N0511_R080_T28QCG_20250131T170258.zip,261,36,6356,363565.0,2199655.0,0.22030000000000002,0.2514,0.3472,0.4672,0.5087,0.5175000000000001,0.5319,0.5688,0.542,0.5446,0.6344000000000001,0.5766
2025-01-31,Iwik,Sen2Cor,S2B_MSIL2A_20250131T113319_N0511_R080_T28QCG_20250131T170258.SAFE,C:\Users\Simon\Nextcloud\Project\Mauritania\Science\Arguin - FieldWork Data Processing\Data\S2\Sen2Cor\S2B_MSIL2A_20250131T113319_N0511_R080_T28QCG_20250131T170258.zip,262,36,6357,363575.0,2199655.0,0.22030000000000002,0.2524,0.3496,0.4696,0.5087,0.5175000000000001,0.5319,0.5704,0.542,0.5446,0.6344000000000001,0.5766
2025-01-31,Iwik,Sen2Cor,S2B_MSIL2A_20250131T113319_N0511_R080_T28QCG_20250131T170258.SAFE,C:\Users\Simon\Nextcloud\Project\Mauritania\Science\Arguin - FieldWork Data Processing\Data\S2\Sen2Cor\S2B_MSIL2A_20250131T113319_N0511_R080_T28QCG_20250131T170258.zip,263,36,6358,363585.0,2199655.0,0.2202,0.2556,0.3496,0.4768,0.5121,0.5207,0.5381,0.5768,0.5459,0.5446,0.639,0.5790000000000001
2025-01-31,Iwik,Sen2Cor,S2B_MSIL2A_20250131T113319_N0511_R080_T28QCG_20250131T170258.SAFE,C:\Users\Simon\Nextcloud\Project\Mauritania\Science\Arguin - FieldWork Data Processing\Data\S2\Sen2Cor\S2B_MSIL2A_20250131T113319_N0511_R080_T28QCG_20250131T170258.zip,264,37,6339,363395.0,2199645.0,0.24020000000000002,0.2832,0.3784,0.502,0.5423,0.5559000000000001,0.5690000000000001,0.6092000000000001,0.5764,0.5757,0.6582,0.6058
2025-01-31,Iwik,Sen2Cor,S2B_MSIL2A_20250131T113319_N0511_R080_T28QCG_20250131T170258.SAFE,C:\Users\Simon\Nextcloud\Project\Mauritania\Science\Arguin - FieldWork Data Processing\Data\S2\Sen2Cor\S2B_MSIL2A_20250131T113319_N0511_R080_T28QCG_20250131T170258.zip,265,37,6340,363405.0,2199645.0,0.23770000000000002,0.28200000000000003,0.3836,0.5068,0.5443,0.5545,0.5672,0.6176,0.5784,0.5757,0.6543,0.6002000000000001
2025-01-31,Iwik,Sen2Cor,S2B_MSIL2A_20250131T113319_N0511_R080_T28QCG_20250131T170258.SAFE,C:\Users\Simon\Nextcloud\Project\Mauritania\Science\Arguin - FieldWork Data Processing\Data\S2\Sen2Cor\S2B_MSIL2A_20250131T113319_N0511_R080_T28QCG_20250131T170258.zip,266,37,6341,363415.0,2199645.0,0.23770000000000002,0.28500000000000003,0.382,0.5036,0.5443,0.5545,0.5672,0.6032000000000001,0.5784,0.5757,0.6543,0.6002000000000001
2025-01-31,Iwik,Sen2Cor,S2B_MSIL2A_20250131T113319_N0511_R080_T28QCG_20250131T170258.SAFE,C:\Users\Simon\Nextcloud\Project\Mauritania\Science\Arguin - FieldWork Data Processing\Data\S2\Sen2Cor\S2B_MSIL2A_20250131T113319_N0511_R080_T28QCG_20250131T170258.zip,267,37,6342,363425.0,2199645.0,0.2348,0.2792,0.38,0.49960000000000004,0.5361,0.5454,0.5597,0.602,0.5642,0.5628000000000001,0.6482,0.595
2025-01-31,Iwik,Sen2Cor,S2B_MSIL2A_20250131T113319_N0511_R080_T28QCG_20250131T170258.SAFE,C:\Users\Simon\Nextcloud\Project\Mauritania\Science\Arguin - FieldWork Data Processing\Data\S2\Sen2Cor\S2B_MSIL2A_20250131T113319_N0511_R080_T28QCG_20250131T170258.zip,268,37,6343,363435.0,2199645.0,0.2348,0.2736,0.3748,0.498,0.5361,0.5454,0.5597,0.6004,0.5642,0.5628000000000001,0.6482,0.595
2025-01-31,Iwik,Sen2Cor,S2B_MSIL2A_20250131T113319_N0511_R080_T28QCG_20250131T170258.SAFE,C:\Users\Simon\Nextcloud\Project\Mauritania\Science\Arguin - FieldWork Data Processing\Data\S2\Sen2Cor\S2B_MSIL2A_20250131T113319_N0511_R080_T28QCG_20250131T170258.zip,269,37,6344,363445.0,2199645.0,0.2308,0.2758,0.3684,0.4912,0.5287000000000001,0.5359,0.5515,0.5900000000000001,0.5597,0.5628000000000001,0.6459,0.5899
2025-01-31,Iwik,Sen2Cor,S2B_MSIL2A_20250131T113319_N0511_R080_T28QCG_20250131T170258.SAFE,C:\Users\Simon\Nextcloud\Project\Mauritania\Science\Arguin - FieldWork Data Processing\Data\S2\Sen2Cor\S2B_MSIL2A_20250131T113319_N0511_R080_T28QCG_20250131T170258.zip,270,37,6345,363455.0,2199645.0,0.2308,0.2676,0.364,0.4872,0.5287000000000001,0.5359,0.5515,0.5892000000000001,0.5597,0.5628000000000001,0.6459,0.5899
2025-01-31,Iwik,Sen2Cor,S2B_MSIL2A_20250131T113319_N0511_R080_T28QCG_20250131T170258.SAFE,C:\Users\Simon\Nextcloud\Project\Mauritania\Science\Arguin - FieldWork Data Processing\Data\S2\Sen2Cor\S2B_MSIL2A_20250131T113319_N0511_R080_T28QCG_20250131T170258.zip,271,37,6346,363465.0,2199645.0,0.229,0.26780000000000004,0.36160000000000003,0.4828,0.5219,0.5293,0.5439,0.5832,0.5539000000000001,0.5628000000000001,0.641,0.5872
2025-01-31,Iwik,Sen2Cor,S2B_MSIL2A_20250131T113319_N0511_R080_T28QCG_20250131T170258.SAFE,C:\Users\Simon\Nextcloud\Project\Mauritania\Science\Arguin - FieldWork Data Processing\Data\S2\Sen2Cor\S2B_MSIL2A_20250131T113319_N0511_R080_T28QCG_20250131T170258.zip,272,37,6347,363475.0,2199645.0,0.229,0.2622,0.3544,0.4812,0.5219,0.5293,0.5439,0.5736,0.5539000000000001,0.5628000000000001,0.641,0.5872
2025-01-31,Iwik,Sen2Cor,S2B_MSIL2A_20250131T113319_N0511_R080_T28QCG_20250131T170258.SAFE,C:\Users\Simon\Nextcloud\Project\Mauritania\Science\Arguin - FieldWork Data Processing\Data\S2\Sen2Cor\S2B_MSIL2A_20250131T113319_N0511_R080_T28QCG_20250131T170258.zip,273,37,6348,363485.0,2199645.0,0.226,0.2612,0.3528,0.47440000000000004,0.5144000000000001,0.5255000000000001,0.5374,0.5728,0.5483,0.5463,0.6388,0.5824
2025-01-31,Iwik,Sen2Cor,S2B_MSIL2A_20250131T113319_N0511_R080_T28QCG_20250131T170258.SAFE,C:\Users\Simon\Nextcloud\Project\Mauritania\Science\Arguin - FieldWork Data Processing\Data\S2\Sen2Cor\S2B_MSIL2A_20250131T113319_N0511_R080_T28QCG_20250131T170258.zip,274,37,6349,363495.0,2199645.0,0.226,0.2592,0.35200000000000004,0.46880000000000005,0.5144000000000001,0.5255000000000001,0.5374,0.5664,0.5483,0.5463,0.6388,0.5824
2025-01-31,Iwik,Sen2Cor,S2B_MSIL2A_20250131T113319_N0511_R080_T28QCG_20250131T170258.SAFE,C:\Users\Simon\Nextcloud\Project\Mauritania\Science\Arguin - FieldWork Data Processing\Data\S2\Sen2Cor\S2B_MSIL2A_20250131T113319_N0511_R080_T28QCG_20250131T170258.zip,275,37,6350,363505.0,2199645.0,0.2248,0.26,0.35400000000000004,0.47200000000000003,0.5155000000000001,0.5245000000000001,0.5403,0.5712,0.5444,0.5463,0.6401,0.5849
2025-01-31,Iwik,Sen2Cor,S2B_MSIL2A_20250131T113319_N0511_R080_T28QCG_20250131T170258.SAFE,C:\Users\Simon\Nextcloud\Project\Mauritania\Science\Arguin - FieldWork Data Processing\Data\S2\Sen2Cor\S2B_MSIL2A_20250131T113319_N0511_R080_T28QCG_20250131T170258.zip,276,37,6351,363515.0,2199645.0,0.2248,0.25780000000000003,0.3544,0.4732,0.5155000000000001,0.5245000000000001,0.5403,0.5716,0.5444,0.5463,0.6401,0.5849
2025-01-31,Iwik,Sen2Cor,S2B_MSIL2A_20250131T113319_N0511_R080_T28QCG_20250131T170258.SAFE,C:\Users\Simon\Nextcloud\Project\Mauritania\Science\Arguin - FieldWork Data Processing\Data\S2\Sen2Cor\S2B_MSIL2A_20250131T113319_N0511_R080_T28QCG_20250131T170258.zip,277,37,6352,363525.0,2199645.0,0.22240000000000001,0.257,0.3488,0.4716,0.5078,0.5201,0.5364,0.5708,0.5411,0.5463,0.6366,0.5823
2025-01-31,Iwik,Sen2Cor,S2B_MSIL2A_20250131T113319_N0511_R080_T28QCG_20250131T170258.SAFE,C:\Users\Simon\Nextcloud\Project\Mauritania\Science\Arguin - FieldWork Data Processing\Data\S2\Sen2Cor\S2B_MSIL2A_20250131T113319_N0511_R080_T28QCG_20250131T170258.zip,278,37,6353,363535.0,2199645.0,0.22240000000000001,0.2556,0.3472,0.46840000000000004,0.5078,0.5201,0.5364,0.5700000000000001,0.5411,0.5463,0.6366,0.5823
2025-01-31,Iwik,Sen2Cor,S2B_MSIL2A_20250131T113319_N0511_R080_T28QCG_20250131T170258.SAFE,C:\Users\Simon\Nextcloud\Project\Mauritania\Science\Arguin - FieldWork Data Processing\Data\S2\Sen2Cor\S2B_MSIL2A_20250131T113319_N0511_R080_T28QCG_20250131T170258.zip,279,37,6354,363545.0,2199645.0,0.2215,0.25220000000000004,0.34840000000000004,0.4656,0.5082,0.5165000000000001,0.5337000000000001,0.5628000000000001,0.5436,0.5446,0.6373,0.5782
2025-01-31,Iwik,Sen2Cor,S2B_MSIL2A_20250131T113319_N0511_R080_T28QCG_20250131T170258.SAFE,C:\Users\Simon\Nextcloud\Project\Mauritania\Science\Arguin - FieldWork Data Processing\Data\S2\Sen2Cor\S2B_MSIL2A_20250131T113319_N0511_R080_T28QCG_20250131T170258.zip,280,37,6355,363555.0,2199645.0,0.2215,0.2564,0.3504,0.4676,0.5082,0.5165000000000001,0.5337000000000001,0.5628000000000001,0.5436,0.5446,0.6373,0.5782
2025-01-31,Iwik,Sen2Cor,S2B_MSIL2A_20250131T113319_N0511_R080_T28QCG_20250131T170258.SAFE,C:\Users\Simon\Nextcloud\Project\Mauritania\Science\Arguin - FieldWork Data Processing\Data\S2\Sen2Cor\S2B_MSIL2A_20250131T113319_N0511_R080_T28QCG_20250131T170258.zip,281,37,6356,363565.0,2199645.0,0.22030000000000002,0.25420000000000004,0.35200000000000004,0.47040000000000004,0.5087,0.5175000000000001,0.5319,0.5668000000000001,0.542,0.5446,0.6344000000000001,0.5766
2025-01-31,Iwik,Sen2Cor,S2B_MSIL2A_20250131T113319_N0511_R080_T28QCG_20250131T170258.SAFE,C:\Users\Simon\Nextcloud\Project\Mauritania\Science\Arguin - FieldWork Data Processing\Data\S2\Sen2Cor\S2B_MSIL2A_20250131T113319_N0511_R080_T28QCG_20250131T170258.zip,282,37,6357,363575.0,2199645.0,0.22030000000000002,0.2548,0.35000000000000003,0.46840000000000004,0.5087,0.5175000000000001,0.5319,0.5708,0.542,0.5446,0.6344000000000001,0.5766
2025-01-31,Iwik,Sen2Cor,S2B_MSIL2A_20250131T113319_N0511_R080_T28QCG_20250131T170258.SAFE,C:\Users\Simon\Nextcloud\Project\Mauritania\Science\Arguin - FieldWork Data Processing\Data\S2\Sen2Cor\S2B_MSIL2A_20250131T113319_N0511_R080_T28QCG_20250131T170258.zip,283,37,6358,363585.0,2199645.0,0.2202,0.2576,0.3508,0.47600000000000003,0.5121,0.5207,0.5381,0.5728,0.5459,0.5446,0.639,0.5790000000000001
2025-01-31,Iwik,Sen2Cor,S2B_MSIL2A_20250131T113319_N0511_R080_T28QCG_20250131T170258.SAFE,C:\Users\Simon\Nextcloud\Project\Mauritania\Science\Arguin - FieldWork Data Processing\Data\S2\Sen2Cor\S2B_MSIL2A_20250131T113319_N0511_R080_T28QCG_20250131T170258.zip,284,38,6338,363385.0,2199635.0,0.2399,0.2836,0.376,0.49920000000000003,0.545,0.5489,0.5681,0.6092000000000001,0.5745,0.5757,0.6585000000000001,0.605
2025-01-31,Iwik,Sen2Cor,S2B_MSIL2A_20250131T113319_N0511_R080_T28QCG_20250131T170258.SAFE,C:\Users\Simon\Nextcloud\Project\Mauritania\Science\Arguin - FieldWork Data Processing\Data\S2\Sen2Cor\S2B_MSIL2A_20250131T113319_N0511_R080_T28QCG_20250131T170258.zip,285,38,6339,363395.0,2199635.0,0.2399,0.2796,0.3796,0.5044000000000001,0.545,0.5489,0.5681,0.6056,0.5745,0.5757,0.6585000000000001,0.605
2025-01-31,Iwik,Sen2Cor,S2B_MSIL2A_20250131T113319_N0511_R080_T28QCG_20250131T170258.SAFE,C:\Users\Simon\Nextcloud\Project\Mauritania\Science\Arguin - FieldWork Data Processing\Data\S2\Sen2Cor\S2B_MSIL2A_20250131T113319_N0511_R080_T28QCG_20250131T170258.zip,286,38,6340,363405.0,2199635.0,0.23700000000000002,0.28,0.3776,0.5104000000000001,0.5461,0.5538000000000001,0.5674,0.6104,0.5763,0.5757,0.6568,0.6017
2025-01-31,Iwik,Sen2Cor,S2B_MSIL2A_20250131T113319_N0511_R080_T28QCG_20250131T170258.SAFE,C:\Users\Simon\Nextcloud\Project\Mauritania\Science\Arguin - FieldWork Data Processing\Data\S2\Sen2Cor\S2B_MSIL2A_20250131T113319_N0511_R080_T28QCG_20250131T170258.zip,287,38,6341,363415.0,2199635.0,0.23700000000000002,0.2852,0.382,0.5036,0.5461,0.5538000000000001,0.5674,0.6108,0.5763,0.5757,0.6568,0.6017
2025-01-31,Iwik,Sen2Cor,S2B_MSIL2A_20250131T113319_N0511_R080_T28QCG_20250131T170258.SAFE,C:\Users\Simon\Nextcloud\Project\Mauritania\Science\Arguin - FieldWork Data Processing\Data\S2\Sen2Cor\S2B_MSIL2A_20250131T113319_N0511_R080_T28QCG_20250131T170258.zip,288,38,6342,363425.0,2199635.0,0.2336,0.2836,0.3824,0.5,0.5361,0.5459,0.5624,0.6044,0.5710000000000001,0.5628000000000001,0.6506000000000001,0.5959
2025-01-31,Iwik,Sen2Cor,S2B_MSIL2A_20250131T113319_N0511_R080_T28QCG_20250131T170258.SAFE,C:\Users\Simon\Nextcloud\Project\Mauritania\Science\Arguin - FieldWork Data Processing\Data\S2\Sen2Cor\S2B_MSIL2A_20250131T113319_N0511_R080_T28QCG_20250131T170258.zip,289,38,6343,363435.0,2199635.0,0.2336,0.27540000000000003,0.3724,0.4948,0.5361,0.5459,0.5624,0.6,0.5710000000000001,0.5628000000000001,0.6506000000000001,0.5959
2025-01-31,Iwik,Sen2Cor,S2B_MSIL2A_20250131T113319_N0511_R080_T28QCG_20250131T170258.SAFE,C:\Users\Simon\Nextcloud\Project\Mauritania\Science\Arguin - FieldWork Data Processing\Data\S2\Sen2Cor\S2B_MSIL2A_20250131T113319_N0511_R080_T28QCG_20250131T170258.zip,290,38,6344,363445.0,2199635.0,0.22940000000000002,0.2742,0.372,0.49360000000000004,0.5284,0.5352,0.5525,0.5968,0.5622,0.5628000000000001,0.6436000000000001,0.5901000000000001
2025-01-31,Iwik,Sen2Cor,S2B_MSIL2A_20250131T113319_N0511_R080_T28QCG_20250131T170258.SAFE,C:\Users\Simon\Nextcloud\Project\Mauritania\Science\Arguin - FieldWork Data Processing\Data\S2\Sen2Cor\S2B_MSIL2A_20250131T113319_N0511_R080_T28QCG_20250131T170258.zip,291,38,6345,363455.0,2199635.0,0.22940000000000002,0.2684,0.3672,0.4968,0.5284,0.5352,0.5525,0.5952000000000001,0.5622,0.5628000000000001,0.6436000000000001,0.5901000000000001
2025-01-31,Iwik,Sen2Cor,S2B_MSIL2A_20250131T113319_N0511_R080_T28QCG_20250131T170258.SAFE,C:\Users\Simon\Nextcloud\Project\Mauritania\Science\Arguin - FieldWork Data Processing\Data\S2\Sen2Cor\S2B_MSIL2A_20250131T113319_N0511_R080_T28QCG_20250131T170258.zip,292,38,6346,363465.0,2199635.0,0.22740000000000002,0.2684,0.3628,0.49000000000000005,0.5238,0.5332,0.5464,0.5864,0.5576,0.5628000000000001,0.6422,0.5875
2025-01-31,Iwik,Sen2Cor,S2B_MSIL2A_20250131T113319_N0511_R080_T28QCG_20250131T170258.SAFE,C:\Users\Simon\Nextcloud\Project\Mauritania\Science\Arguin - FieldWork Data Processing\Data\S2\Sen2Cor\S2B_MSIL2A_20250131T113319_N0511_R080_T28QCG_20250131T170258.zip,293,38,6347,363475.0,2199635.0,0.22740000000000002,0.2634,0.35960000000000003,0.4796,0.5238,0.5332,0.5464,0.5772,0.5576,0.5628000000000001,0.6422,0.5875
2025-01-31,Iwik,Sen2Cor,S2B_MSIL2A_20250131T113319_N0511_R080_T28QCG_20250131T170258.SAFE,C:\Users\Simon\Nextcloud\Project\Mauritania\Science\Arguin - FieldWork Data Processing\Data\S2\Sen2Cor\S2B_MSIL2A_20250131T113319_N0511_R080_T28QCG_20250131T170258.zip,294,38,6348,363485.0,2199635.0,0.22460000000000002,0.2592,0.3544,0.47600000000000003,0.5162,0.5264,0.5362,0.5744,0.5572,0.5463,0.6368,0.5800000000000001
2025-01-31,Iwik,Sen2Cor,S2B_MSIL2A_20250131T113319_N0511_R080_T28QCG_20250131T170258.SAFE,C:\Users\Simon\Nextcloud\Project\Mauritania\Science\Arguin - FieldWork Data Processing\Data\S2\Sen2Cor\S2B_MSIL2A_20250131T113319_N0511_R080_T28QCG_20250131T170258.zip,295,38,6349,363495.0,2199635.0,0.22460000000000002,0.2612,0.3528,0.4756,0.5162,0.5264,0.5362,0.5800000000000001,0.5572,0.5463,0.6368,0.5800000000000001
2025-01-31,Iwik,Sen2Cor,S2B_MSIL2A_20250131T113319_N0511_R080_T28QCG_20250131T170258.SAFE,C:\Users\Simon\Nextcloud\Project\Mauritania\Science\Arguin - FieldWork Data Processing\Data\S2\Sen2Cor\S2B_MSIL2A_20250131T113319_N0511_R080_T28QCG_20250131T170258.zip,296,38,6350,363505.0,2199635.0,0.22340000000000002,0.25980000000000003,0.3528,0.47200000000000003,0.5108,0.5185000000000001,0.5345,0.5700000000000001,0.5463,0.5463,0.6349,0.5795
2025-01-31,Iwik,Sen2Cor,S2B_MSIL2A_20250131T113319_N0511_R080_T28QCG_20250131T170258.SAFE,C:\Users\Simon\Nextcloud\Project\Mauritania\Science\Arguin - FieldWork Data Processing\Data\S2\Sen2Cor\S2B_MSIL2A_20250131T113319_N0511_R080_T28QCG_20250131T170258.zip,297,38,6351,363515.0,2199635.0,0.22340000000000002,0.2586,0.3512,0.46880000000000005,0.5108,0.5185000000000001,0.5345,0.5680000000000001,0.5463,0.5463,0.6349,0.5795
2025-01-31,Iwik,Sen2Cor,S2B_MSIL2A_20250131T113319_N0511_R080_T28QCG_20250131T170258.SAFE,C:\Users\Simon\Nextcloud\Project\Mauritania\Science\Arguin - FieldWork Data Processing\Data\S2\Sen2Cor\S2B_MSIL2A_20250131T113319_N0511_R080_T28QCG_20250131T170258.zip,298,38,6352,363525.0,2199635.0,0.2215,0.254,0.34440000000000004,0.4656,0.5081,0.5164,0.5315,0.5680000000000001,0.5379,0.5463,0.6322,0.5769000000000001
2025-01-31,Iwik,Sen2Cor,S2B_MSIL2A_20250131T113319_N0511_R080_T28QCG_20250131T170258.SAFE,C:\Users\Simon\Nextcloud\Project\Mauritania\Science\Arguin - FieldWork Data Processing\Data\S2\Sen2Cor\S2B_MSIL2A_20250131T113319_N0511_R080_T28QCG_20250131T170258.zip,299,38,6353,363535.0,2199635.0,0.2215,0.25320000000000004,0.34640000000000004,0.466,0.5081,0.5164,0.5315,0.5604,0.5379,0.5463,0.6322,0.5769000000000001
2025-01-31,Iwik,Sen2Cor,S2B_MSIL2A_20250131T113319_N0511_R080_T28QCG_20250131T170258.SAFE,C:\Users\Simon\Nextcloud\Project\Mauritania\Science\Arguin - FieldWork Data Processing\Data\S2\Sen2Cor\S2B_MSIL2A_20250131T113319_N0511_R080_T28QCG_20250131T170258.zip,300,38,6354,363545.0,2199635.0,0.22,0.2556,0.3488,0.468,0.5074000000000001,0.5158,0.5309,0.5616,0.5395,0.5446,0.6304000000000001,0.5726
2025-01-31,Iwik,Sen2Cor,S2B_MSIL2A_20250131T113319_N0511_R080_T28QCG_20250131T170258.SAFE,C:\Users\Simon\Nextcloud\Project\Mauritania\Science\Arguin - FieldWork Data Processing\Data\S2\Sen2Cor\S2B_MSIL2A_20250131T113319_N0511_R080_T28QCG_20250131T170258.zip,301,38,6355,363555.0,2199635.0,0.22,0.2574,0.3532,0.4768,0.5074000000000001,0.5158,0.5309,0.5712,0.5395,0.5446,0.6304000000000001,0.5726
2025-01-31,Iwik,Sen2Cor,S2B_MSIL2A_20250131T113319_N0511_R080_T28QCG_20250131T170258.SAFE,C:\Users\Simon\Nextcloud\Project\Mauritania\Science\Arguin - FieldWork Data Processing\Data\S2\Sen2Cor\S2B_MSIL2A_20250131T113319_N0511_R080_T28QCG_20250131T170258.zip,302,38,6356,363565.0,2199635.0,0.21930000000000002,0.25880000000000003,0.3532,0.4788,0.5083,0.5185000000000001,0.534,0.5732,0.5426,0.5446,0.63,0.5724
2025-01-31,Iwik,Sen2Cor,S2B_MSIL2A_20250131T113319_N0511_R080_T28QCG_20250131T170258.SAFE,C:\Users\Simon\Nextcloud\Project\Mauritania\Science\Arguin - FieldWork Data Processing\Data\S2\Sen2Cor\S2B_MSIL2A_20250131T113319_N0511_R080_T28QCG_20250131T170258.zip,303,38,6357,363575.0,2199635.0,0.21930000000000002,0.25980000000000003,0.3528,0.4728,0.5083,0.5185000000000001,0.534,0.5760000000000001,0.5426,0.5446,0.63,0.5724
2025-01-31,Iwik,Sen2Cor,S2B_MSIL2A_20250131T113319_N0511_R080_T28QCG_20250131T170258.SAFE,C:\Users\Simon\Nextcloud\Project\Mauritania\Science\Arguin - FieldWork Data Processing\Data\S2\Sen2Cor\S2B_MSIL2A_20250131T113319_N0511_R080_T28QCG_20250131T170258.zip,304,38,6358,363585.0,2199635.0,0.2197,0.2586,0.35400000000000004,0.4712,0.5122,0.5237,0.5388000000000001,0.5724,0.545,0.5446,0.6365000000000001,0.5746
2025-01-31,Iwik,Sen2Cor,S2B_MSIL2A_20250131T113319_N0511_R080_T28QCG_20250131T170258.SAFE,C:\Users\Simon\Nextcloud\Project\Mauritania\Science\Arguin - FieldWork Data Processing\Data\S2\Sen2Cor\S2B_MSIL2A_20250131T113319_N0511_R080_T28QCG_20250131T170258.zip,305,39,6338,363385.0,2199625.0,0.2399,0.278,0.3776,0.5024000000000001,0.545,0.5489,0.5681,0.608,0.5745,0.5757,0.6585000000000001,0.605
2025-01-31,Iwik,Sen2Cor,S2B_MSIL2A_20250131T113319_N0511_R080_T28QCG_20250131T170258.SAFE,C:\Users\Simon\Nextcloud\Project\Mauritania\Science\Arguin - FieldWork Data Processing\Data\S2\Sen2Cor\S2B_MSIL2A_20250131T113319_N0511_R080_T28QCG_20250131T170258.zip,306,39,6339,363395.0,2199625.0,0.2399,0.28400000000000003,0.3844,0.5052,0.545,0.5489,0.5681,0.6068,0.5745,0.5757,0.6585000000000001,0.605
2025-01-31,Iwik,Sen2Cor,S2B_MSIL2A_20250131T113319_N0511_R080_T28QCG_20250131T170258.SAFE,C:\Users\Simon\Nextcloud\Project\Mauritania\Science\Arguin - FieldWork Data Processing\Data\S2\Sen2Cor\S2B_MSIL2A_20250131T113319_N0511_R080_T28QCG_20250131T170258.zip,307,39,6340,363405.0,2199625.0,0.23700000000000002,0.28400000000000003,0.3808,0.5092,0.5461,0.5538000000000001,0.5674,0.61,0.5763,0.5757,0.6568,0.6017
2025-01-31,Iwik,Sen2Cor,S2B_MSIL2A_20250131T113319_N0511_R080_T28QCG_20250131T170258.SAFE,C:\Users\Simon\Nextcloud\Project\Mauritania\Science\Arguin - FieldWork Data Processing\Data\S2\Sen2Cor\S2B_MSIL2A_20250131T113319_N0511_R080_T28QCG_20250131T170258.zip,308,39,6341,363415.0,2199625.0,0.23700000000000002,0.2866,0.3884,0.5096,0.5461,0.5538000000000001,0.5674,0.6148,0.5763,0.5757,0.6568,0.6017
2025-01-31,Iwik,Sen2Cor,S2B_MSIL2A_20250131T113319_N0511_R080_T28QCG_20250131T170258.SAFE,C:\Users\Simon\Nextcloud\Project\Mauritania\Science\Arguin - FieldWork Data Processing\Data\S2\Sen2Cor\S2B_MSIL2A_20250131T113319_N0511_R080_T28QCG_20250131T170258.zip,309,39,6342,363425.0,2199625.0,0.2336,0.2846,0.378,0.5008,0.5361,0.5459,0.5624,0.6056,0.5710000000000001,0.5628000000000001,0.6506000000000001,0.5959
2025-01-31,Iwik,Sen2Cor,S2B_MSIL2A_20250131T113319_N0511_R080_T28QCG_20250131T170258.SAFE,C:\Users\Simon\Nextcloud\Project\Mauritania\Science\Arguin - FieldWork Data Processing\Data\S2\Sen2Cor\S2B_MSIL2A_20250131T113319_N0511_R080_T28QCG_20250131T170258.zip,310,39,6343,363435.0,2199625.0,0.2336,0.2718,0.3704,0.49160000000000004,0.5361,0.5459,0.5624,0.6016,0.5710000000000001,0.5628000000000001,0.6506000000000001,0.5959
2025-01-31,Iwik,Sen2Cor,S2B_MSIL2A_20250131T113319_N0511_R080_T28QCG_20250131T170258.SAFE,C:\Users\Simon\Nextcloud\Project\Mauritania\Science\Arguin - FieldWork Data Processing\Data\S2\Sen2Cor\S2B_MSIL2A_20250131T113319_N0511_R080_T28QCG_20250131T170258.zip,311,39,6344,363445.0,2199625.0,0.22940000000000002,0.27140000000000003,0.372,0.4908,0.5284,0.5352,0.5525,0.5968,0.5622,0.5628000000000001,0.6436000000000001,0.5901000000000001
2025-01-31,Iwik,Sen2Cor,S2B_MSIL2A_20250131T113319_N0511_R080_T28QCG_20250131T170258.SAFE,C:\Users\Simon\Nextcloud\Project\Mauritania\Science\Arguin - FieldWork Data Processing\Data\S2\Sen2Cor\S2B_MSIL2A_20250131T113319_N0511_R080_T28QCG_20250131T170258.zip,312,39,6345,363455.0,2199625.0,0.22940000000000002,0.271,0.3704,0.4908,0.5284,0.5352,0.5525,0.5936,0.5622,0.5628000000000001,0.6436000000000001,0.5901000000000001
2025-01-31,Iwik,Sen2Cor,S2B_MSIL2A_20250131T113319_N0511_R080_T28QCG_20250131T170258.SAFE,C:\Users\Simon\Nextcloud\Project\Mauritania\Science\Arguin - FieldWork Data Processing\Data\S2\Sen2Cor\S2B_MSIL2A_20250131T113319_N0511_R080_T28QCG_20250131T170258.zip,313,39,6346,363465.0,2199625.0,0.22740000000000002,0.268,0.3628,0.4872,0.5238,0.5332,0.5464,0.5928,0.5576,0.5628000000000001,0.6422,0.5875
2025-01-31,Iwik,Sen2Cor,S2B_MSIL2A_20250131T113319_N0511_R080_T28QCG_20250131T170258.SAFE,C:\Users\Simon\Nextcloud\Project\Mauritania\Science\Arguin - FieldWork Data Processing\Data\S2\Sen2Cor\S2B_MSIL2A_20250131T113319_N0511_R080_T28QCG_20250131T170258.zip,314,39,6347,363475.0,2199625.0,0.22740000000000002,0.2646,0.3628,0.48400000000000004,0.5238,0.5332,0.5464,0.5860000000000001,0.5576,0.5628000000000001,0.6422,0.5875
2025-01-31,Iwik,Sen2Cor,S2B_MSIL2A_20250131T113319_N0511_R080_T28QCG_20250131T170258.SAFE,C:\Users\Simon\Nextcloud\Project\Mauritania\Science\Arguin - FieldWork Data Processing\Data\S2\Sen2Cor\S2B_MSIL2A_20250131T113319_N0511_R080_T28QCG_20250131T170258.zip,315,39,6348,363485.0,2199625.0,0.22460000000000002,0.2626,0.35960000000000003,0.48160000000000003,0.5162,0.5264,0.5362,0.5792,0.5572,0.5463,0.6368,0.5800000000000001
2025-01-31,Iwik,Sen2Cor,S2B_MSIL2A_20250131T113319_N0511_R080_T28QCG_20250131T170258.SAFE,C:\Users\Simon\Nextcloud\Project\Mauritania\Science\Arguin - FieldWork Data Processing\Data\S2\Sen2Cor\S2B_MSIL2A_20250131T113319_N0511_R080_T28QCG_20250131T170258.zip,316,39,6349,363495.0,2199625.0,0.22460000000000002,0.26780000000000004,0.36200000000000004,0.48040000000000005,0.5162,0.5264,0.5362,0.5804,0.5572,0.5463,0.6368,0.5800000000000001
2025-01-31,Iwik,Sen2Cor,S2B_MSIL2A_20250131T113319_N0511_R080_T28QCG_20250131T170258.SAFE,C:\Users\Simon\Nextcloud\Project\Mauritania\Science\Arguin - FieldWork Data Processing\Data\S2\Sen2Cor\S2B_MSIL2A_20250131T113319_N0511_R080_T28QCG_20250131T170258.zip,317,39,6350,363505.0,2199625.0,0.22340000000000002,0.261,0.3572,0.47600000000000003,0.5108,0.5185000000000001,0.5345,0.5772,0.5463,0.5463,0.6349,0.5795
2025-01-31,Iwik,Sen2Cor,S2B_MSIL2A_20250131T113319_N0511_R080_T28QCG_20250131T170258.SAFE,C:\Users\Simon\Nextcloud\Project\Mauritania\Science\Arguin - FieldWork Data Processing\Data\S2\Sen2Cor\S2B_MSIL2A_20250131T113319_N0511_R080_T28QCG_20250131T170258.zip,318,39,6351,363515.0,2199625.0,0.22340000000000002,0.2546,0.3532,0.4712,0.5108,0.5185000000000001,0.5345,0.5736,0.5463,0.5463,0.6349,0.5795
2025-01-31,Iwik,Sen2Cor,S2B_MSIL2A_20250131T113319_N0511_R080_T28QCG_20250131T170258.SAFE,C:\Users\Simon\Nextcloud\Project\Mauritania\Science\Arguin - FieldWork Data Processing\Data\S2\Sen2Cor\S2B_MSIL2A_20250131T113319_N0511_R080_T28QCG_20250131T170258.zip,319,39,6352,363525.0,2199625.0,0.2215,0.257,0.35200000000000004,0.4708,0.5081,0.5164,0.5315,0.5704,0.5379,0.5463,0.6322,0.5769000000000001
2025-01-31,Iwik,Sen2Cor,S2B_MSIL2A_20250131T113319_N0511_R080_T28QCG_20250131T170258.SAFE,C:\Users\Simon\Nextcloud\Project\Mauritania\Science\Arguin - FieldWork Data Processing\Data\S2\Sen2Cor\S2B_MSIL2A_20250131T113319_N0511_R080_T28QCG_20250131T170258.zip,320,39,6353,363535.0,2199625.0,0.2215,0.2584,0.3488,0.4672,0.5081,0.5164,0.5315,0.5628000000000001,0.5379,0.5463,0.6322,0.5769000000000001
2025-01-31,Iwik,Sen2Cor,S2B_MSIL2A_20250131T113319_N0511_R080_T28QCG_20250131T170258.SAFE,C:\Users\Simon\Nextcloud\Project\Mauritania\Science\Arguin - FieldWork Data Processing\Data\S2\Sen2Cor\S2B_MSIL2A_20250131T113319_N0511_R080_T28QCG_20250131T170258.zip,321,39,6354,363545.0,2199625.0,0.22,0.25520000000000004,0.3476,0.4728,0.5074000000000001,0.5158,0.5309,0.5616,0.5395,0.5446,0.6304000000000001,0.5726
2025-01-31,Iwik,Sen2Cor,S2B_MSIL2A_20250131T113319_N0511_R080_T28QCG_20250131T170258.SAFE,C:\Users\Simon\Nextcloud\Project\Mauritania\Science\Arguin - FieldWork Data Processing\Data\S2\Sen2Cor\S2B_MSIL2A_20250131T113319_N0511_R080_T28QCG_20250131T170258.zip,322,39,6355,363555.0,2199625.0,0.22,0.257,0.3488,0.4732,0.5074000000000001,0.5158,0.5309,0.5692,0.5395,0.5446,0.6304000000000001,0.5726
2025-01-31,Iwik,Sen2Cor,S2B_MSIL2A_20250131T113319_N0511_R080_T28QCG_20250131T170258.SAFE,C:\Users\Simon\Nextcloud\Project\Mauritania\Science\Arguin - FieldWork Data Processing\Data\S2\Sen2Cor\S2B_MSIL2A_20250131T113319_N0511_R080_T28QCG_20250131T170258.zip,323,39,6356,363565.0,2199625.0,0.21930000000000002,0.25880000000000003,0.35000000000000003,0.4696,0.5083,0.5185000000000001,0.534,0.5704,0.5426,0.5446,0.63,0.5724
2025-01-31,Iwik,Sen2Cor,S2B_MSIL2A_20250131T113319_N0511_R080_T28QCG_20250131T170258.SAFE,C:\Users\Simon\Nextcloud\Project\Mauritania\Science\Arguin - FieldWork Data Processing\Data\S2\Sen2Cor\S2B_MSIL2A_20250131T113319_N0511_R080_T28QCG_20250131T170258.zip,324,39,6357,363575.0,2199625.0,0.21930000000000002,0.2586,0.3532,0.4672,0.5083,0.5185000000000001,0.534,0.5704,0.5426,0.5446,0.63,0.5724
2025-01-31,Iwik,Sen2Cor,S2B_MSIL2A_20250131T113319_N0511_R080_T28QCG_20250131T170258.SAFE,C:\Users\Simon\Nextcloud\Project\Mauritania\Science\Arguin - FieldWork Data Processing\Data\S2\Sen2Cor\S2B_MSIL2A_20250131T113319_N0511_R080_T28QCG_20250131T170258.zip,325,39,6358,363585.0,2199625.0,0.2197,0.2602,0.3508,0.47240000000000004,0.5122,0.5237,0.5388000000000001,0.5712,0.545,0.5446,0.6365000000000001,0.5746
2025-01-31,Iwik,Sen2Cor,S2B_MSIL2A_20250131T113319_N0511_R080_T28QCG_20250131T170258.SAFE,C:\Users\Simon\Nextcloud\Project\Mauritania\Science\Arguin - FieldWork Data Processing\Data\S2\Sen2Cor\S2B_MSIL2A_20250131T113319_N0511_R080_T28QCG_20250131T170258.zip,326,40,6337,363375.0,2199615.0,0.2427,0.2842,0.37720000000000004,0.5024000000000001,0.545,0.5575,0.5690000000000001,0.6084,0.5774,0.5757,0.6597000000000001,0.6049
2025-01-31,Iwik,Sen2Cor,S2B_MSIL2A_20250131T113319_N0511_R080_T28QCG_20250131T170258.SAFE,C:\Users\Simon\Nextcloud\Project\Mauritania\Science\Arguin - FieldWork Data Processing\Data\S2\Sen2Cor\S2B_MSIL2A_20250131T113319_N0511_R080_T28QCG_20250131T170258.zip,327,40,6338,363385.0,2199615.0,0.2409,0.281,0.376,0.5024000000000001,0.545,0.5545,0.5717,0.6056,0.5787,0.5757,0.6594,0.6076
2025-01-31,Iwik,Sen2Cor,S2B_MSIL2A_20250131T113319_N0511_R080_T28QCG_20250131T170258.SAFE,C:\Users\Simon\Nextcloud\Project\Mauritania\Science\Arguin - FieldWork Data Processing\Data\S2\Sen2Cor\S2B_MSIL2A_20250131T113319_N0511_R080_T28QCG_20250131T170258.zip,328,40,6339,363395.0,2199615.0,0.2409,0.28340000000000004,0.3748,0.5064000000000001,0.545,0.5545,0.5717,0.606,0.5787,0.5757,0.6594,0.6076
2025-01-31,Iwik,Sen2Cor,S2B_MSIL2A_20250131T113319_N0511_R080_T28QCG_20250131T170258.SAFE,C:\Users\Simon\Nextcloud\Project\Mauritania\Science\Arguin - FieldWork Data Processing\Data\S2\Sen2Cor\S2B_MSIL2A_20250131T113319_N0511_R080_T28QCG_20250131T170258.zip,329,40,6340,363405.0,2199615.0,0.23670000000000002,0.2822,0.3816,0.5068,0.5424,0.5528000000000001,0.5673,0.606,0.5741,0.5757,0.6546000000000001,0.6011000000000001
2025-01-31,Iwik,Sen2Cor,S2B_MSIL2A_20250131T113319_N0511_R080_T28QCG_20250131T170258.SAFE,C:\Users\Simon\Nextcloud\Project\Mauritania\Science\Arguin - FieldWork Data Processing\Data\S2\Sen2Cor\S2B_MSIL2A_20250131T113319_N0511_R080_T28QCG_20250131T170258.zip,330,40,6341,363415.0,2199615.0,0.23670000000000002,0.278,0.3824,0.5068,0.5424,0.5528000000000001,0.5673,0.6068,0.5741,0.5757,0.6546000000000001,0.6011000000000001
2025-01-31,Iwik,Sen2Cor,S2B_MSIL2A_20250131T113319_N0511_R080_T28QCG_20250131T170258.SAFE,C:\Users\Simon\Nextcloud\Project\Mauritania\Science\Arguin - FieldWork Data Processing\Data\S2\Sen2Cor\S2B_MSIL2A_20250131T113319_N0511_R080_T28QCG_20250131T170258.zip,331,40,6342,363425.0,2199615.0,0.2331,0.2776,0.3768,0.5004000000000001,0.5377000000000001,0.5479,0.5612,0.6068,0.5700000000000001,0.5628000000000001,0.6483,0.5944
2025-01-31,Iwik,Sen2Cor,S2B_MSIL2A_20250131T113319_N0511_R080_T28QCG_20250131T170258.SAFE,C:\Users\Simon\Nextcloud\Project\Mauritania\Science\Arguin - FieldWork Data Processing\Data\S2\Sen2Cor\S2B_MSIL2A_20250131T113319_N0511_R080_T28QCG_20250131T170258.zip,332,40,6343,363435.0,2199615.0,0.2331,0.27640000000000003,0.36960000000000004,0.4928,0.5377000000000001,0.5479,0.5612,0.5956,0.5700000000000001,0.5628000000000001,0.6483,0.5944
2025-01-31,Iwik,Sen2Cor,S2B_MSIL2A_20250131T113319_N0511_R080_T28QCG_20250131T170258.SAFE,C:\Users\Simon\Nextcloud\Project\Mauritania\Science\Arguin - FieldWork Data Processing\Data\S2\Sen2Cor\S2B_MSIL2A_20250131T113319_N0511_R080_T28QCG_20250131T170258.zip,333,40,6344,363445.0,2199615.0,0.2301,0.271,0.3668,0.4908,0.5287000000000001,0.537,0.5501,0.5912000000000001,0.56,0.5628000000000001,0.6433,0.5893
2025-01-31,Iwik,Sen2Cor,S2B_MSIL2A_20250131T113319_N0511_R080_T28QCG_20250131T170258.SAFE,C:\Users\Simon\Nextcloud\Project\Mauritania\Science\Arguin - FieldWork Data Processing\Data\S2\Sen2Cor\S2B_MSIL2A_20250131T113319_N0511_R080_T28QCG_20250131T170258.zip,334,40,6345,363455.0,2199615.0,0.2301,0.2696,0.36760000000000004,0.49200000000000005,0.5287000000000001,0.537,0.5501,0.5932000000000001,0.56,0.5628000000000001,0.6433,0.5893
2025-01-31,Iwik,Sen2Cor,S2B_MSIL2A_20250131T113319_N0511_R080_T28QCG_20250131T170258.SAFE,C:\Users\Simon\Nextcloud\Project\Mauritania\Science\Arguin - FieldWork Data Processing\Data\S2\Sen2Cor\S2B_MSIL2A_20250131T113319_N0511_R080_T28QCG_20250131T170258.zip,335,40,6346,363465.0,2199615.0,0.22710000000000002,0.271,0.364,0.4892,0.5257000000000001,0.5372,0.5503,0.5908,0.561,0.5628000000000001,0.6427,0.5875
2025-01-31,Iwik,Sen2Cor,S2B_MSIL2A_20250131T113319_N0511_R080_T28QCG_20250131T170258.SAFE,C:\Users\Simon\Nextcloud\Project\Mauritania\Science\Arguin - FieldWork Data Processing\Data\S2\Sen2Cor\S2B_MSIL2A_20250131T113319_N0511_R080_T28QCG_20250131T170258.zip,336,40,6347,363475.0,2199615.0,0.22710000000000002,0.2692,0.36160000000000003,0.48760000000000003,0.5257000000000001,0.5372,0.5503,0.5888,0.561,0.5628000000000001,0.6427,0.5875
2025-01-31,Iwik,Sen2Cor,S2B_MSIL2A_20250131T113319_N0511_R080_T28QCG_20250131T170258.SAFE,C:\Users\Simon\Nextcloud\Project\Mauritania\Science\Arguin - FieldWork Data Processing\Data\S2\Sen2Cor\S2B_MSIL2A_20250131T113319_N0511_R080_T28QCG_20250131T170258.zip,337,40,6348,363485.0,2199615.0,0.2248,0.2692,0.3668,0.4884,0.5211,0.53,0.5481,0.5900000000000001,0.5566,0.5463,0.6396000000000001,0.5848
2025-01-31,Iwik,Sen2Cor,S2B_MSIL2A_20250131T113319_N0511_R080_T28QCG_20250131T170258.SAFE,C:\Users\Simon\Nextcloud\Project\Mauritania\Science\Arguin - FieldWork Data Processing\Data\S2\Sen2Cor\S2B_MSIL2A_20250131T113319_N0511_R080_T28QCG_20250131T170258.zip,338,40,6349,363495.0,2199615.0,0.2248,0.267,0.3652,0.4844,0.5211,0.53,0.5481,0.5848,0.5566,0.5463,0.6396000000000001,0.5848
2025-01-31,Iwik,Sen2Cor,S2B_MSIL2A_20250131T113319_N0511_R080_T28QCG_20250131T170258.SAFE,C:\Users\Simon\Nextcloud\Project\Mauritania\Science\Arguin - FieldWork Data Processing\Data\S2\Sen2Cor\S2B_MSIL2A_20250131T113319_N0511_R080_T28QCG_20250131T170258.zip,339,40,6350,363505.0,2199615.0,0.2243,0.26,0.3612,0.48160000000000003,0.5146000000000001,0.526,0.5383,0.5732,0.5479,0.5463,0.6377,0.5797
2025-01-31,Iwik,Sen2Cor,S2B_MSIL2A_20250131T113319_N0511_R080_T28QCG_20250131T170258.SAFE,C:\Users\Simon\Nextcloud\Project\Mauritania\Science\Arguin - FieldWork Data Processing\Data\S2\Sen2Cor\S2B_MSIL2A_20250131T113319_N0511_R080_T28QCG_20250131T170258.zip,340,40,6351,363515.0,2199615.0,0.2243,0.258,0.3556,0.4728,0.5146000000000001,0.526,0.5383,0.5724,0.5479,0.5463,0.6377,0.5797
2025-01-31,Iwik,Sen2Cor,S2B_MSIL2A_20250131T113319_N0511_R080_T28QCG_20250131T170258.SAFE,C:\Users\Simon\Nextcloud\Project\Mauritania\Science\Arguin - FieldWork Data Processing\Data\S2\Sen2Cor\S2B_MSIL2A_20250131T113319_N0511_R080_T28QCG_20250131T170258.zip,341,40,6352,363525.0,2199615.0,0.223,0.25980000000000003,0.35800000000000004,0.4824,0.5154,0.5224,0.5395,0.5744,0.543,0.5463,0.635,0.5761000000000001
2025-01-31,Iwik,Sen2Cor,S2B_MSIL2A_20250131T113319_N0511_R080_T28QCG_20250131T170258.SAFE,C:\Users\Simon\Nextcloud\Project\Mauritania\Science\Arguin - FieldWork Data Processing\Data\S2\Sen2Cor\S2B_MSIL2A_20250131T113319_N0511_R080_T28QCG_20250131T170258.zip,342,40,6353,363535.0,2199615.0,0.223,0.257,0.3564,0.4708,0.5154,0.5224,0.5395,0.5748,0.543,0.5463,0.635,0.5761000000000001
2025-01-31,Iwik,Sen2Cor,S2B_MSIL2A_20250131T113319_N0511_R080_T28QCG_20250131T170258.SAFE,C:\Users\Simon\Nextcloud\Project\Mauritania\Science\Arguin - FieldWork Data Processing\Data\S2\Sen2Cor\S2B_MSIL2A_20250131T113319_N0511_R080_T28QCG_20250131T170258.zip,343,40,6354,363545.0,2199615.0,0.2223,0.2576,0.3508,0.47040000000000004,0.5085000000000001,0.5206000000000001,0.5352,0.5700000000000001,0.5426,0.5446,0.6333000000000001,0.5723
2025-01-31,Iwik,Sen2Cor,S2B_MSIL2A_20250131T113319_N0511_R080_T28QCG_20250131T170258.SAFE,C:\Users\Simon\Nextcloud\Project\Mauritania\Science\Arguin - FieldWork Data Processing\Data\S2\Sen2Cor\S2B_MSIL2A_20250131T113319_N0511_R080_T28QCG_20250131T170258.zip,344,40,6355,363555.0,2199615.0,0.2223,0.2612,0.34840000000000004,0.4736,0.5085000000000001,0.5206000000000001,0.5352,0.5664,0.5426,0.5446,0.6333000000000001,0.5723
2025-01-31,Iwik,Sen2Cor,S2B_MSIL2A_20250131T113319_N0511_R080_T28QCG_20250131T170258.SAFE,C:\Users\Simon\Nextcloud\Project\Mauritania\Science\Arguin - FieldWork Data Processing\Data\S2\Sen2Cor\S2B_MSIL2A_20250131T113319_N0511_R080_T28QCG_20250131T170258.zip,345,40,6356,363565.0,2199615.0,0.222,0.25980000000000003,0.3512,0.47200000000000003,0.5184,0.5253,0.5436,0.5704,0.5516,0.5446,0.6366,0.5741
2025-01-31,Iwik,Sen2Cor,S2B_MSIL2A_20250131T113319_N0511_R080_T28QCG_20250131T170258.SAFE,C:\Users\Simon\Nextcloud\Project\Mauritania\Science\Arguin - FieldWork Data Processing\Data\S2\Sen2Cor\S2B_MSIL2A_20250131T113319_N0511_R080_T28QCG_20250131T170258.zip,346,40,6357,363575.0,2199615.0,0.222,0.25780000000000003,0.3552,0.47200000000000003,0.5184,0.5253,0.5436,0.5768,0.5516,0.5446,0.6366,0.5741
2025-01-31,Iwik,Sen2Cor,S2B_MSIL2A_20250131T113319_N0511_R080_T28QCG_20250131T170258.SAFE,C:\Users\Simon\Nextcloud\Project\Mauritania\Science\Arguin - FieldWork Data Processing\Data\S2\Sen2Cor\S2B_MSIL2A_20250131T113319_N0511_R080_T28QCG_20250131T170258.zip,347,40,6358,363585.0,2199615.0,0.22240000000000001,0.2596,0.3564,0.4796,0.5269,0.5362,0.5528000000000001,0.5792,0.5584,0.5446,0.6431,0.5787
2025-01-31,Iwik,Sen2Cor,S2B_MSIL2A_20250131T113319_N0511_R080_T28QCG_20250131T170258.SAFE,C:\Users\Simon\Nextcloud\Project\Mauritania\Science\Arguin - FieldWork Data Processing\Data\S2\Sen2Cor\S2B_MSIL2A_20250131T113319_N0511_R080_T28QCG_20250131T170258.zip,348,41,6337,363375.0,2199605.0,0.2427,0.2806,0.374,0.5,0.545,0.5575,0.5690000000000001,0.606,0.5774,0.5757,0.6597000000000001,0.6049
2025-01-31,Iwik,Sen2Cor,S2B_MSIL2A_20250131T113319_N0511_R080_T28QCG_20250131T170258.SAFE,C:\Users\Simon\Nextcloud\Project\Mauritania\Science\Arguin - FieldWork Data Processing\Data\S2\Sen2Cor\S2B_MSIL2A_20250131T113319_N0511_R080_T28QCG_20250131T170258.zip,349,41,6338,363385.0,2199605.0,0.2409,0.2802,0.3804,0.5016,0.545,0.5545,0.5717,0.6076,0.5787,0.5757,0.6594,0.6076
2025-01-31,Iwik,Sen2Cor,S2B_MSIL2A_20250131T113319_N0511_R080_T28QCG_20250131T170258.SAFE,C:\Users\Simon\Nextcloud\Project\Mauritania\Science\Arguin - FieldWork Data Processing\Data\S2\Sen2Cor\S2B_MSIL2A_20250131T113319_N0511_R080_T28QCG_20250131T170258.zip,350,41,6339,363395.0,2199605.0,0.2409,0.2798,0.3776,0.506,0.545,0.5545,0.5717,0.6084,0.5787,0.5757,0.6594,0.6076
2025-01-31,Iwik,Sen2Cor,S2B_MSIL2A_20250131T113319_N0511_R080_T28QCG_20250131T170258.SAFE,C:\Users\Simon\Nextcloud\Project\Mauritania\Science\Arguin - FieldWork Data Processing\Data\S2\Sen2Cor\S2B_MSIL2A_20250131T113319_N0511_R080_T28QCG_20250131T170258.zip,351,41,6340,363405.0,2199605.0,0.23670000000000002,0.2802,0.3764,0.5024000000000001,0.5424,0.5528000000000001,0.5673,0.6048,0.5741,0.5757,0.6546000000000001,0.6011000000000001
2025-01-31,Iwik,Sen2Cor,S2B_MSIL2A_20250131T113319_N0511_R080_T28QCG_20250131T170258.SAFE,C:\Users\Simon\Nextcloud\Project\Mauritania\Science\Arguin - FieldWork Data Processing\Data\S2\Sen2Cor\S2B_MSIL2A_20250131T113319_N0511_R080_T28QCG_20250131T170258.zip,352,41,6341,363415.0,2199605.0,0.23670000000000002,0.27440000000000003,0.3796,0.5008,0.5424,0.5528000000000001,0.5673,0.6068,0.5741,0.5757,0.6546000000000001,0.6011000000000001
2025-01-31,Iwik,Sen2Cor,S2B_MSIL2A_20250131T113319_N0511_R080_T28QCG_20250131T170258.SAFE,C:\Users\Simon\Nextcloud\Project\Mauritania\Science\Arguin - FieldWork Data Processing\Data\S2\Sen2Cor\S2B_MSIL2A_20250131T113319_N0511_R080_T28QCG_20250131T170258.zip,353,41,6342,363425.0,2199605.0,0.2331,0.2812,0.3796,0.5048,0.5377000000000001,0.5479,0.5612,0.6084,0.5700000000000001,0.5628000000000001,0.6483,0.5944
2025-01-31,Iwik,Sen2Cor,S2B_MSIL2A_20250131T113319_N0511_R080_T28QCG_20250131T170258.SAFE,C:\Users\Simon\Nextcloud\Project\Mauritania\Science\Arguin - FieldWork Data Processing\Data\S2\Sen2Cor\S2B_MSIL2A_20250131T113319_N0511_R080_T28QCG_20250131T170258.zip,354,41,6343,363435.0,2199605.0,0.2331,0.2788,0.3748,0.5028,0.5377000000000001,0.5479,0.5612,0.6048,0.5700000000000001,0.5628000000000001,0.6483,0.5944
2025-01-31,Iwik,Sen2Cor,S2B_MSIL2A_20250131T113319_N0511_R080_T28QCG_20250131T170258.SAFE,C:\Users\Simon\Nextcloud\Project\Mauritania\Science\Arguin - FieldWork Data Processing\Data\S2\Sen2Cor\S2B_MSIL2A_20250131T113319_N0511_R080_T28QCG_20250131T170258.zip,355,41,6344,363445.0,2199605.0,0.2301,0.272,0.3724,0.49400000000000005,0.5287000000000001,0.537,0.5501,0.5904,0.56,0.5628000000000001,0.6433,0.5893
2025-01-31,Iwik,Sen2Cor,S2B_MSIL2A_20250131T113319_N0511_R080_T28QCG_20250131T170258.SAFE,C:\Users\Simon\Nextcloud\Project\Mauritania\Science\Arguin - FieldWork Data Processing\Data\S2\Sen2Cor\S2B_MSIL2A_20250131T113319_N0511_R080_T28QCG_20250131T170258.zip,356,41,6345,363455.0,2199605.0,0.2301,0.27,0.3652,0.4864,0.5287000000000001,0.537,0.5501,0.5888,0.56,0.5628000000000001,0.6433,0.5893
2025-01-31,Iwik,Sen2Cor,S2B_MSIL2A_20250131T113319_N0511_R080_T28QCG_20250131T170258.SAFE,C:\Users\Simon\Nextcloud\Project\Mauritania\Science\Arguin - FieldWork Data Processing\Data\S2\Sen2Cor\S2B_MSIL2A_20250131T113319_N0511_R080_T28QCG_20250131T170258.zip,357,41,6346,363465.0,2199605.0,0.22710000000000002,0.26980000000000004,0.3652,0.4892,0.5257000000000001,0.5372,0.5503,0.5832,0.561,0.5628000000000001,0.6427,0.5875
2025-01-31,Iwik,Sen2Cor,S2B_MSIL2A_20250131T113319_N0511_R080_T28QCG_20250131T170258.SAFE,C:\Users\Simon\Nextcloud\Project\Mauritania\Science\Arguin - FieldWork Data Processing\Data\S2\Sen2Cor\S2B_MSIL2A_20250131T113319_N0511_R080_T28QCG_20250131T170258.zip,358,41,6347,363475.0,2199605.0,0.22710000000000002,0.26680000000000004,0.3648,0.49000000000000005,0.5257000000000001,0.5372,0.5503,0.5892000000000001,0.561,0.5628000000000001,0.6427,0.5875
2025-01-31,Iwik,Sen2Cor,S2B_MSIL2A_20250131T113319_N0511_R080_T28QCG_20250131T170258.SAFE,C:\Users\Simon\Nextcloud\Project\Mauritania\Science\Arguin - FieldWork Data Processing\Data\S2\Sen2Cor\S2B_MSIL2A_20250131T113319_N0511_R080_T28QCG_20250131T170258.zip,359,41,6348,363485.0,2199605.0,0.2248,0.2718,0.3708,0.4932,0.5211,0.53,0.5481,0.5956,0.5566,0.5463,0.6396000000000001,0.5848
2025-01-31,Iwik,Sen2Cor,S2B_MSIL2A_20250131T113319_N0511_R080_T28QCG_20250131T170258.SAFE,C:\Users\Simon\Nextcloud\Project\Mauritania\Science\Arguin - FieldWork Data Processing\Data\S2\Sen2Cor\S2B_MSIL2A_20250131T113319_N0511_R080_T28QCG_20250131T170258.zip,360,41,6349,363495.0,2199605.0,0.2248,0.268,0.36200000000000004,0.4868,0.5211,0.53,0.5481,0.5884,0.5566,0.5463,0.6396000000000001,0.5848
2025-01-31,Iwik,Sen2Cor,S2B_MSIL2A_20250131T113319_N0511_R080_T28QCG_20250131T170258.SAFE,C:\Users\Simon\Nextcloud\Project\Mauritania\Science\Arguin - FieldWork Data Processing\Data\S2\Sen2Cor\S2B_MSIL2A_20250131T113319_N0511_R080_T28QCG_20250131T170258.zip,361,41,6350,363505.0,2199605.0,0.2243,0.2614,0.3572,0.4772,0.5146000000000001,0.526,0.5383,0.5752,0.5479,0.5463,0.6377,0.5797
2025-01-31,Iwik,Sen2Cor,S2B_MSIL2A_20250131T113319_N0511_R080_T28QCG_20250131T170258.SAFE,C:\Users\Simon\Nextcloud\Project\Mauritania\Science\Arguin - FieldWork Data Processing\Data\S2\Sen2Cor\S2B_MSIL2A_20250131T113319_N0511_R080_T28QCG_20250131T170258.zip,362,41,6351,363515.0,2199605.0,0.2243,0.26780000000000004,0.3552,0.4736,0.5146000000000001,0.526,0.5383,0.5772,0.5479,0.5463,0.6377,0.5797
2025-01-31,Iwik,Sen2Cor,S2B_MSIL2A_20250131T113319_N0511_R080_T28QCG_20250131T170258.SAFE,C:\Users\Simon\Nextcloud\Project\Mauritania\Science\Arguin - FieldWork Data Processing\Data\S2\Sen2Cor\S2B_MSIL2A_20250131T113319_N0511_R080_T28QCG_20250131T170258.zip,363,41,6352,363525.0,2199605.0,0.223,0.2662,0.35760000000000003,0.4808,0.5154,0.5224,0.5395,0.5860000000000001,0.543,0.5463,0.635,0.5761000000000001
2025-01-31,Iwik,Sen2Cor,S2B_MSIL2A_20250131T113319_N0511_R080_T28QCG_20250131T170258.SAFE,C:\Users\Simon\Nextcloud\Project\Mauritania\Science\Arguin - FieldWork Data Processing\Data\S2\Sen2Cor\S2B_MSIL2A_20250131T113319_N0511_R080_T28QCG_20250131T170258.zip,364,41,6353,363535.0,2199605.0,0.223,0.26080000000000003,0.35800000000000004,0.4756,0.5154,0.5224,0.5395,0.5792,0.543,0.5463,0.635,0.5761000000000001
2025-01-31,Iwik,Sen2Cor,S2B_MSIL2A_20250131T113319_N0511_R080_T28QCG_20250131T170258.SAFE,C:\Users\Simon\Nextcloud\Project\Mauritania\Science\Arguin - FieldWork Data Processing\Data\S2\Sen2Cor\S2B_MSIL2A_20250131T113319_N0511_R080_T28QCG_20250131T170258.zip,365,41,6354,363545.0,2199605.0,0.2223,0.257,0.3456,0.47040000000000004,0.5085000000000001,0.5206000000000001,0.5352,0.5708,0.5426,0.5446,0.6333000000000001,0.5723
2025-01-31,Iwik,Sen2Cor,S2B_MSIL2A_20250131T113319_N0511_R080_T28QCG_20250131T170258.SAFE,C:\Users\Simon\Nextcloud\Project\Mauritania\Science\Arguin - FieldWork Data Processing\Data\S2\Sen2Cor\S2B_MSIL2A_20250131T113319_N0511_R080_T28QCG_20250131T170258.zip,366,41,6355,363555.0,2199605.0,0.2223,0.2612,0.3532,0.4752,0.5085000000000001,0.5206000000000001,0.5352,0.5688,0.5426,0.5446,0.6333000000000001,0.5723
2025-01-31,Iwik,Sen2Cor,S2B_MSIL2A_20250131T113319_N0511_R080_T28QCG_20250131T170258.SAFE,C:\Users\Simon\Nextcloud\Project\Mauritania\Science\Arguin - FieldWork Data Processing\Data\S2\Sen2Cor\S2B_MSIL2A_20250131T113319_N0511_R080_T28QCG_20250131T170258.zip,367,41,6356,363565.0,2199605.0,0.222,0.2646,0.3604,0.4796,0.5184,0.5253,0.5436,0.5792,0.5516,0.5446,0.6366,0.5741
2025-01-31,Iwik,Sen2Cor,S2B_MSIL2A_20250131T113319_N0511_R080_T28QCG_20250131T170258.SAFE,C:\Users\Simon\Nextcloud\Project\Mauritania\Science\Arguin - FieldWork Data Processing\Data\S2\Sen2Cor\S2B_MSIL2A_20250131T113319_N0511_R080_T28QCG_20250131T170258.zip,368,41,6357,363575.0,2199605.0,0.222,0.25980000000000003,0.3612,0.4864,0.5184,0.5253,0.5436,0.5860000000000001,0.5516,0.5446,0.6366,0.5741
2025-01-31,Iwik,Sen2Cor,S2B_MSIL2A_20250131T113319_N0511_R080_T28QCG_20250131T170258.SAFE,C:\Users\Simon\Nextcloud\Project\Mauritania\Science\Arguin - FieldWork Data Processing\Data\S2\Sen2Cor\S2B_MSIL2A_20250131T113319_N0511_R080_T28QCG_20250131T170258.zip,369,41,6358,363585.0,2199605.0,0.22240000000000001,0.2652,0.3624,0.49000000000000005,0.5269,0.5362,0.5528000000000001,0.5868,0.5584,0.5446,0.6431,0.5787
2025-01-31,Iwik,Sen2Cor,S2B_MSIL2A_20250131T113319_N0511_R080_T28QCG_20250131T170258.SAFE,C:\Users\Simon\Nextcloud\Project\Mauritania\Science\Arguin - FieldWork Data Processing\Data\S2\Sen2Cor\S2B_MSIL2A_20250131T113319_N0511_R080_T28QCG_20250131T170258.zip,370,42,6336,363365.0,2199595.0,0.24080000000000001,0.28200000000000003,0.3788,0.5028,0.5411,0.5547000000000001,0.5665,0.6136,0.5777,0.5826,0.6543,0.6014
2025-01-31,Iwik,Sen2Cor,S2B_MSIL2A_20250131T113319_N0511_R080_T28QCG_20250131T170258.SAFE,C:\Users\Simon\Nextcloud\Project\Mauritania\Science\Arguin - FieldWork Data Processing\Data\S2\Sen2Cor\S2B_MSIL2A_20250131T113319_N0511_R080_T28QCG_20250131T170258.zip,371,42,6337,363375.0,2199595.0,0.24080000000000001,0.2776,0.3784,0.5016,0.5411,0.5547000000000001,0.5665,0.6112000000000001,0.5777,0.5826,0.6543,0.6014
2025-01-31,Iwik,Sen2Cor,S2B_MSIL2A_20250131T113319_N0511_R080_T28QCG_20250131T170258.SAFE,C:\Users\Simon\Nextcloud\Project\Mauritania\Science\Arguin - FieldWork Data Processing\Data\S2\Sen2Cor\S2B_MSIL2A_20250131T113319_N0511_R080_T28QCG_20250131T170258.zip,372,42,6338,363385.0,2199595.0,0.24020000000000002,0.2798,0.38280000000000003,0.5044000000000001,0.5458000000000001,0.5562,0.5683,0.6144000000000001,0.5800000000000001,0.5826,0.6563,0.6026
2025-01-31,Iwik,Sen2Cor,S2B_MSIL2A_20250131T113319_N0511_R080_T28QCG_20250131T170258.SAFE,C:\Users\Simon\Nextcloud\Project\Mauritania\Science\Arguin - FieldWork Data Processing\Data\S2\Sen2Cor\S2B_MSIL2A_20250131T113319_N0511_R080_T28QCG_20250131T170258.zip,373,42,6339,363395.0,2199595.0,0.24020000000000002,0.2788,0.37920000000000004,0.5048,0.5458000000000001,0.5562,0.5683,0.6128,0.5800000000000001,0.5826,0.6563,0.6026
2025-01-31,Iwik,Sen2Cor,S2B_MSIL2A_20250131T113319_N0511_R080_T28QCG_20250131T170258.SAFE,C:\Users\Simon\Nextcloud\Project\Mauritania\Science\Arguin - FieldWork Data Processing\Data\S2\Sen2Cor\S2B_MSIL2A_20250131T113319_N0511_R080_T28QCG_20250131T170258.zip,374,42,6340,363405.0,2199595.0,0.2379,0.2812,0.3804,0.5104000000000001,0.5448000000000001,0.5588000000000001,0.5709000000000001,0.6124,0.5785,0.5826,0.6588,0.6048
2025-01-31,Iwik,Sen2Cor,S2B_MSIL2A_20250131T113319_N0511_R080_T28QCG_20250131T170258.SAFE,C:\Users\Simon\Nextcloud\Project\Mauritania\Science\Arguin - FieldWork Data Processing\Data\S2\Sen2Cor\S2B_MSIL2A_20250131T113319_N0511_R080_T28QCG_20250131T170258.zip,375,42,6341,363415.0,2199595.0,0.2379,0.2768,0.38280000000000003,0.5068,0.5448000000000001,0.5588000000000001,0.5709000000000001,0.6128,0.5785,0.5826,0.6588,0.6048
2025-01-31,Iwik,Sen2Cor,S2B_MSIL2A_20250131T113319_N0511_R080_T28QCG_20250131T170258.SAFE,C:\Users\Simon\Nextcloud\Project\Mauritania\Science\Arguin - FieldWork Data Processing\Data\S2\Sen2Cor\S2B_MSIL2A_20250131T113319_N0511_R080_T28QCG_20250131T170258.zip,376,42,6342,363425.0,2199595.0,0.2331,0.279,0.38120000000000004,0.504,0.5341,0.5485,0.561,0.6124,0.5652,0.5666,0.6484,0.5916
2025-01-31,Iwik,Sen2Cor,S2B_MSIL2A_20250131T113319_N0511_R080_T28QCG_20250131T170258.SAFE,C:\Users\Simon\Nextcloud\Project\Mauritania\Science\Arguin - FieldWork Data Processing\Data\S2\Sen2Cor\S2B_MSIL2A_20250131T113319_N0511_R080_T28QCG_20250131T170258.zip,377,42,6343,363435.0,2199595.0,0.2331,0.27540000000000003,0.37120000000000003,0.49560000000000004,0.5341,0.5485,0.561,0.6004,0.5652,0.5666,0.6484,0.5916
2025-01-31,Iwik,Sen2Cor,S2B_MSIL2A_20250131T113319_N0511_R080_T28QCG_20250131T170258.SAFE,C:\Users\Simon\Nextcloud\Project\Mauritania\Science\Arguin - FieldWork Data Processing\Data\S2\Sen2Cor\S2B_MSIL2A_20250131T113319_N0511_R080_T28QCG_20250131T170258.zip,378,42,6344,363445.0,2199595.0,0.23040000000000002,0.2676,0.36960000000000004,0.48800000000000004,0.5231,0.5353,0.5513,0.5868,0.5525,0.5666,0.6418,0.5824
2025-01-31,Iwik,Sen2Cor,S2B_MSIL2A_20250131T113319_N0511_R080_T28QCG_20250131T170258.SAFE,C:\Users\Simon\Nextcloud\Project\Mauritania\Science\Arguin - FieldWork Data Processing\Data\S2\Sen2Cor\S2B_MSIL2A_20250131T113319_N0511_R080_T28QCG_20250131T170258.zip,379,42,6345,363455.0,2199595.0,0.23040000000000002,0.2684,0.3628,0.4848,0.5231,0.5353,0.5513,0.5884,0.5525,0.5666,0.6418,0.5824
2025-01-31,Iwik,Sen2Cor,S2B_MSIL2A_20250131T113319_N0511_R080_T28QCG_20250131T170258.SAFE,C:\Users\Simon\Nextcloud\Project\Mauritania\Science\Arguin - FieldWork Data Processing\Data\S2\Sen2Cor\S2B_MSIL2A_20250131T113319_N0511_R080_T28QCG_20250131T170258.zip,380,42,6346,363465.0,2199595.0,0.228,0.26680000000000004,0.36200000000000004,0.48560000000000003,0.524,0.535,0.5525,0.5820000000000001,0.5589000000000001,0.5666,0.6421,0.5837
2025-01-31,Iwik,Sen2Cor,S2B_MSIL2A_20250131T113319_N0511_R080_T28QCG_20250131T170258.SAFE,C:\Users\Simon\Nextcloud\Project\Mauritania\Science\Arguin - FieldWork Data Processing\Data\S2\Sen2Cor\S2B_MSIL2A_20250131T113319_N0511_R080_T28QCG_20250131T170258.zip,381,42,6347,363475.0,2199595.0,0.228,0.2666,0.3688,0.48960000000000004,0.524,0.535,0.5525,0.5848,0.5589000000000001,0.5666,0.6421,0.5837
2025-01-31,Iwik,Sen2Cor,S2B_MSIL2A_20250131T113319_N0511_R080_T28QCG_20250131T170258.SAFE,C:\Users\Simon\Nextcloud\Project\Mauritania\Science\Arguin - FieldWork Data Processing\Data\S2\Sen2Cor\S2B_MSIL2A_20250131T113319_N0511_R080_T28QCG_20250131T170258.zip,382,42,6348,363485.0,2199595.0,0.2263,0.2728,0.37160000000000004,0.48960000000000004,0.5273,0.5405,0.5539000000000001,0.5932000000000001,0.5616,0.5579000000000001,0.6443,0.5860000000000001
2025-01-31,Iwik,Sen2Cor,S2B_MSIL2A_20250131T113319_N0511_R080_T28QCG_20250131T170258.SAFE,C:\Users\Simon\Nextcloud\Project\Mauritania\Science\Arguin - FieldWork Data Processing\Data\S2\Sen2Cor\S2B_MSIL2A_20250131T113319_N0511_R080_T28QCG_20250131T170258.zip,383,42,6349,363495.0,2199595.0,0.2263,0.2674,0.36560000000000004,0.48760000000000003,0.5273,0.5405,0.5539000000000001,0.5848,0.5616,0.5579000000000001,0.6443,0.5860000000000001
2025-01-31,Iwik,Sen2Cor,S2B_MSIL2A_20250131T113319_N0511_R080_T28QCG_20250131T170258.SAFE,C:\Users\Simon\Nextcloud\Project\Mauritania\Science\Arguin - FieldWork Data Processing\Data\S2\Sen2Cor\S2B_MSIL2A_20250131T113319_N0511_R080_T28QCG_20250131T170258.zip,384,42,6350,363505.0,2199595.0,0.22510000000000002,0.2636,0.36200000000000004,0.4864,0.5232,0.5324,0.5467000000000001,0.5844,0.5562,0.5579000000000001,0.6403,0.5788
2025-01-31,Iwik,Sen2Cor,S2B_MSIL2A_20250131T113319_N0511_R080_T28QCG_20250131T170258.SAFE,C:\Users\Simon\Nextcloud\Project\Mauritania\Science\Arguin - FieldWork Data Processing\Data\S2\Sen2Cor\S2B_MSIL2A_20250131T113319_N0511_R080_T28QCG_20250131T170258.zip,385,42,6351,363515.0,2199595.0,0.22510000000000002,0.2624,0.3612,0.4832,0.5232,0.5324,0.5467000000000001,0.5748,0.5562,0.5579000000000001,0.6403,0.5788
2025-01-31,Iwik,Sen2Cor,S2B_MSIL2A_20250131T113319_N0511_R080_T28QCG_20250131T170258.SAFE,C:\Users\Simon\Nextcloud\Project\Mauritania\Science\Arguin - FieldWork Data Processing\Data\S2\Sen2Cor\S2B_MSIL2A_20250131T113319_N0511_R080_T28QCG_20250131T170258.zip,386,42,6352,363525.0,2199595.0,0.22460000000000002,0.2664,0.36200000000000004,0.48400000000000004,0.5162,0.526,0.5417000000000001,0.5848,0.5498000000000001,0.5579000000000001,0.6336,0.5730000000000001
2025-01-31,Iwik,Sen2Cor,S2B_MSIL2A_20250131T113319_N0511_R080_T28QCG_20250131T170258.SAFE,C:\Users\Simon\Nextcloud\Project\Mauritania\Science\Arguin - FieldWork Data Processing\Data\S2\Sen2Cor\S2B_MSIL2A_20250131T113319_N0511_R080_T28QCG_20250131T170258.zip,387,42,6353,363535.0,2199595.0,0.22460000000000002,0.2622,0.36160000000000003,0.4788,0.5162,0.526,0.5417000000000001,0.5820000000000001,0.5498000000000001,0.5579000000000001,0.6336,0.5730000000000001
2025-01-31,Iwik,Sen2Cor,S2B_MSIL2A_20250131T113319_N0511_R080_T28QCG_20250131T170258.SAFE,C:\Users\Simon\Nextcloud\Project\Mauritania\Science\Arguin - FieldWork Data Processing\Data\S2\Sen2Cor\S2B_MSIL2A_20250131T113319_N0511_R080_T28QCG_20250131T170258.zip,388,42,6354,363545.0,2199595.0,0.22590000000000002,0.2564,0.35200000000000004,0.47640000000000005,0.5171,0.5289,0.5407000000000001,0.5716,0.5473,0.5623,0.6359,0.5762
2025-01-31,Iwik,Sen2Cor,S2B_MSIL2A_20250131T113319_N0511_R080_T28QCG_20250131T170258.SAFE,C:\Users\Simon\Nextcloud\Project\Mauritania\Science\Arguin - FieldWork Data Processing\Data\S2\Sen2Cor\S2B_MSIL2A_20250131T113319_N0511_R080_T28QCG_20250131T170258.zip,389,42,6355,363555.0,2199595.0,0.22590000000000002,0.2652,0.3588,0.4844,0.5171,0.5289,0.5407000000000001,0.5748,0.5473,0.5623,0.6359,0.5762
2025-01-31,Iwik,Sen2Cor,S2B_MSIL2A_20250131T113319_N0511_R080_T28QCG_20250131T170258.SAFE,C:\Users\Simon\Nextcloud\Project\Mauritania\Science\Arguin - FieldWork Data Processing\Data\S2\Sen2Cor\S2B_MSIL2A_20250131T113319_N0511_R080_T28QCG_20250131T170258.zip,390,42,6356,363565.0,2199595.0,0.22610000000000002,0.2692,0.364,0.48600000000000004,0.5237,0.5348,0.5484,0.5856,0.5573,0.5623,0.6413,0.5773
2025-01-31,Iwik,Sen2Cor,S2B_MSIL2A_20250131T113319_N0511_R080_T28QCG_20250131T170258.SAFE,C:\Users\Simon\Nextcloud\Project\Mauritania\Science\Arguin - FieldWork Data Processing\Data\S2\Sen2Cor\S2B_MSIL2A_20250131T113319_N0511_R080_T28QCG_20250131T170258.zip,391,42,6357,363575.0,2199595.0,0.22610000000000002,0.2706,0.366,0.4872,0.5237,0.5348,0.5484,0.5836,0.5573,0.5623,0.6413,0.5773
2025-01-31,Iwik,Sen2Cor,S2B_MSIL2A_20250131T113319_N0511_R080_T28QCG_20250131T170258.SAFE,C:\Users\Simon\Nextcloud\Project\Mauritania\Science\Arguin - FieldWork Data Processing\Data\S2\Sen2Cor\S2B_MSIL2A_20250131T113319_N0511_R080_T28QCG_20250131T170258.zip,392,43,6336,363365.0,2199585.0,0.24080000000000001,0.2846,0.3808,0.5,0.5411,0.5547000000000001,0.5665,0.6108,0.5777,0.5826,0.6543,0.6014
2025-01-31,Iwik,Sen2Cor,S2B_MSIL2A_20250131T113319_N0511_R080_T28QCG_20250131T170258.SAFE,C:\Users\Simon\Nextcloud\Project\Mauritania\Science\Arguin - FieldWork Data Processing\Data\S2\Sen2Cor\S2B_MSIL2A_20250131T113319_N0511_R080_T28QCG_20250131T170258.zip,393,43,6337,363375.0,2199585.0,0.24080000000000001,0.28140000000000004,0.3808,0.5048,0.5411,0.5547000000000001,0.5665,0.6092000000000001,0.5777,0.5826,0.6543,0.6014
2025-01-31,Iwik,Sen2Cor,S2B_MSIL2A_20250131T113319_N0511_R080_T28QCG_20250131T170258.SAFE,C:\Users\Simon\Nextcloud\Project\Mauritania\Science\Arguin - FieldWork Data Processing\Data\S2\Sen2Cor\S2B_MSIL2A_20250131T113319_N0511_R080_T28QCG_20250131T170258.zip,394,43,6338,363385.0,2199585.0,0.24020000000000002,0.2796,0.3808,0.5068,0.5458000000000001,0.5562,0.5683,0.6088,0.5800000000000001,0.5826,0.6563,0.6026
2025-01-31,Iwik,Sen2Cor,S2B_MSIL2A_20250131T113319_N0511_R080_T28QCG_20250131T170258.SAFE,C:\Users\Simon\Nextcloud\Project\Mauritania\Science\Arguin - FieldWork Data Processing\Data\S2\Sen2Cor\S2B_MSIL2A_20250131T113319_N0511_R080_T28QCG_20250131T170258.zip,395,43,6339,363395.0,2199585.0,0.24020000000000002,0.2828,0.38280000000000003,0.5092,0.5458000000000001,0.5562,0.5683,0.618,0.5800000000000001,0.5826,0.6563,0.6026
2025-01-31,Iwik,Sen2Cor,S2B_MSIL2A_20250131T113319_N0511_R080_T28QCG_20250131T170258.SAFE,C:\Users\Simon\Nextcloud\Project\Mauritania\Science\Arguin - FieldWork Data Processing\Data\S2\Sen2Cor\S2B_MSIL2A_20250131T113319_N0511_R080_T28QCG_20250131T170258.zip,396,43,6340,363405.0,2199585.0,0.2379,0.2822,0.38920000000000005,0.5088,0.5448000000000001,0.5588000000000001,0.5709000000000001,0.6172000000000001,0.5785,0.5826,0.6588,0.6048
2025-01-31,Iwik,Sen2Cor,S2B_MSIL2A_20250131T113319_N0511_R080_T28QCG_20250131T170258.SAFE,C:\Users\Simon\Nextcloud\Project\Mauritania\Science\Arguin - FieldWork Data Processing\Data\S2\Sen2Cor\S2B_MSIL2A_20250131T113319_N0511_R080_T28QCG_20250131T170258.zip,397,43,6341,363415.0,2199585.0,0.2379,0.2844,0.3876,0.5112,0.5448000000000001,0.5588000000000001,0.5709000000000001,0.6152000000000001,0.5785,0.5826,0.6588,0.6048
2025-01-31,Iwik,Sen2Cor,S2B_MSIL2A_20250131T113319_N0511_R080_T28QCG_20250131T170258.SAFE,C:\Users\Simon\Nextcloud\Project\Mauritania\Science\Arguin - FieldWork Data Processing\Data\S2\Sen2Cor\S2B_MSIL2A_20250131T113319_N0511_R080_T28QCG_20250131T170258.zip,398,43,6342,363425.0,2199585.0,0.2331,0.2806,0.382,0.504,0.5341,0.5485,0.561,0.608,0.5652,0.5666,0.6484,0.5916
2025-01-31,Iwik,Sen2Cor,S2B_MSIL2A_20250131T113319_N0511_R080_T28QCG_20250131T170258.SAFE,C:\Users\Simon\Nextcloud\Project\Mauritania\Science\Arguin - FieldWork Data Processing\Data\S2\Sen2Cor\S2B_MSIL2A_20250131T113319_N0511_R080_T28QCG_20250131T170258.zip,399,43,6343,363435.0,2199585.0,0.2331,0.2756,0.3704,0.4908,0.5341,0.5485,0.561,0.5976,0.5652,0.5666,0.6484,0.5916
2025-01-31,Iwik,Sen2Cor,S2B_MSIL2A_20250131T113319_N0511_R080_T28QCG_20250131T170258.SAFE,C:\Users\Simon\Nextcloud\Project\Mauritania\Science\Arguin - FieldWork Data Processing\Data\S2\Sen2Cor\S2B_MSIL2A_20250131T113319_N0511_R080_T28QCG_20250131T170258.zip,400,43,6344,363445.0,2199585.0,0.23040000000000002,0.27,0.3672,0.4892,0.5231,0.5353,0.5513,0.5916,0.5525,0.5666,0.6418,0.5824
2025-01-31,Iwik,Sen2Cor,S2B_MSIL2A_20250131T113319_N0511_R080_T28QCG_20250131T170258.SAFE,C:\Users\Simon\Nextcloud\Project\Mauritania\Science\Arguin - FieldWork Data Processing\Data\S2\Sen2Cor\S2B_MSIL2A_20250131T113319_N0511_R080_T28QCG_20250131T170258.zip,401,43,6345,363455.0,2199585.0,0.23040000000000002,0.268,0.35960000000000003,0.48800000000000004,0.5231,0.5353,0.5513,0.5876,0.5525,0.5666,0.6418,0.5824
2025-01-31,Iwik,Sen2Cor,S2B_MSIL2A_20250131T113319_N0511_R080_T28QCG_20250131T170258.SAFE,C:\Users\Simon\Nextcloud\Project\Mauritania\Science\Arguin - FieldWork Data Processing\Data\S2\Sen2Cor\S2B_MSIL2A_20250131T113319_N0511_R080_T28QCG_20250131T170258.zip,402,43,6346,363465.0,2199585.0,0.228,0.2642,0.36200000000000004,0.48760000000000003,0.524,0.535,0.5525,0.5836,0.5589000000000001,0.5666,0.6421,0.5837
2025-01-31,Iwik,Sen2Cor,S2B_MSIL2A_20250131T113319_N0511_R080_T28QCG_20250131T170258.SAFE,C:\Users\Simon\Nextcloud\Project\Mauritania\Science\Arguin - FieldWork Data Processing\Data\S2\Sen2Cor\S2B_MSIL2A_20250131T113319_N0511_R080_T28QCG_20250131T170258.zip,403,43,6347,363475.0,2199585.0,0.228,0.2636,0.37160000000000004,0.48960000000000004,0.524,0.535,0.5525,0.5868,0.5589000000000001,0.5666,0.6421,0.5837
2025-01-31,Iwik,Sen2Cor,S2B_MSIL2A_20250131T113319_N0511_R080_T28QCG_20250131T170258.SAFE,C:\Users\Simon\Nextcloud\Project\Mauritania\Science\Arguin - FieldWork Data Processing\Data\S2\Sen2Cor\S2B_MSIL2A_20250131T113319_N0511_R080_T28QCG_20250131T170258.zip,404,43,6348,363485.0,2199585.0,0.2263,0.272,0.37120000000000003,0.49200000000000005,0.5273,0.5405,0.5539000000000001,0.5904,0.5616,0.5579000000000001,0.6443,0.5860000000000001
2025-01-31,Iwik,Sen2Cor,S2B_MSIL2A_20250131T113319_N0511_R080_T28QCG_20250131T170258.SAFE,C:\Users\Simon\Nextcloud\Project\Mauritania\Science\Arguin - FieldWork Data Processing\Data\S2\Sen2Cor\S2B_MSIL2A_20250131T113319_N0511_R080_T28QCG_20250131T170258.zip,405,43,6349,363495.0,2199585.0,0.2263,0.27,0.3688,0.49200000000000005,0.5273,0.5405,0.5539000000000001,0.5880000000000001,0.5616,0.5579000000000001,0.6443,0.5860000000000001
2025-01-31,Iwik,Sen2Cor,S2B_MSIL2A_20250131T113319_N0511_R080_T28QCG_20250131T170258.SAFE,C:\Users\Simon\Nextcloud\Project\Mauritania\Science\Arguin - FieldWork Data Processing\Data\S2\Sen2Cor\S2B_MSIL2A_20250131T113319_N0511_R080_T28QCG_20250131T170258.zip,406,43,6350,363505.0,2199585.0,0.22510000000000002,0.2666,0.36160000000000003,0.4904,0.5232,0.5324,0.5467000000000001,0.5900000000000001,0.5562,0.5579000000000001,0.6403,0.5788
2025-01-31,Iwik,Sen2Cor,S2B_MSIL2A_20250131T113319_N0511_R080_T28QCG_20250131T170258.SAFE,C:\Users\Simon\Nextcloud\Project\Mauritania\Science\Arguin - FieldWork Data Processing\Data\S2\Sen2Cor\S2B_MSIL2A_20250131T113319_N0511_R080_T28QCG_20250131T170258.zip,407,43,6351,363515.0,2199585.0,0.22510000000000002,0.2644,0.3684,0.48600000000000004,0.5232,0.5324,0.5467000000000001,0.5864,0.5562,0.5579000000000001,0.6403,0.5788
2025-01-31,Iwik,Sen2Cor,S2B_MSIL2A_20250131T113319_N0511_R080_T28QCG_20250131T170258.SAFE,C:\Users\Simon\Nextcloud\Project\Mauritania\Science\Arguin - FieldWork Data Processing\Data\S2\Sen2Cor\S2B_MSIL2A_20250131T113319_N0511_R080_T28QCG_20250131T170258.zip,408,43,6352,363525.0,2199585.0,0.22460000000000002,0.2686,0.3652,0.4828,0.5162,0.526,0.5417000000000001,0.5836,0.5498000000000001,0.5579000000000001,0.6336,0.5730000000000001
2025-01-31,Iwik,Sen2Cor,S2B_MSIL2A_20250131T113319_N0511_R080_T28QCG_20250131T170258.SAFE,C:\Users\Simon\Nextcloud\Project\Mauritania\Science\Arguin - FieldWork Data Processing\Data\S2\Sen2Cor\S2B_MSIL2A_20250131T113319_N0511_R080_T28QCG_20250131T170258.zip,409,43,6353,363535.0,2199585.0,0.22460000000000002,0.2626,0.3592,0.4796,0.5162,0.526,0.5417000000000001,0.5776,0.5498000000000001,0.5579000000000001,0.6336,0.5730000000000001
2025-01-31,Iwik,Sen2Cor,S2B_MSIL2A_20250131T113319_N0511_R080_T28QCG_20250131T170258.SAFE,C:\Users\Simon\Nextcloud\Project\Mauritania\Science\Arguin - FieldWork Data Processing\Data\S2\Sen2Cor\S2B_MSIL2A_20250131T113319_N0511_R080_T28QCG_20250131T170258.zip,410,43,6354,363545.0,2199585.0,0.22590000000000002,0.262,0.36160000000000003,0.48200000000000004,0.5171,0.5289,0.5407000000000001,0.5796,0.5473,0.5623,0.6359,0.5762
2025-01-31,Iwik,Sen2Cor,S2B_MSIL2A_20250131T113319_N0511_R080_T28QCG_20250131T170258.SAFE,C:\Users\Simon\Nextcloud\Project\Mauritania\Science\Arguin - FieldWork Data Processing\Data\S2\Sen2Cor\S2B_MSIL2A_20250131T113319_N0511_R080_T28QCG_20250131T170258.zip,411,43,6355,363555.0,2199585.0,0.22590000000000002,0.2684,0.36560000000000004,0.48360000000000003,0.5171,0.5289,0.5407000000000001,0.5820000000000001,0.5473,0.5623,0.6359,0.5762
2025-01-31,Iwik,Sen2Cor,S2B_MSIL2A_20250131T113319_N0511_R080_T28QCG_20250131T170258.SAFE,C:\Users\Simon\Nextcloud\Project\Mauritania\Science\Arguin - FieldWork Data Processing\Data\S2\Sen2Cor\S2B_MSIL2A_20250131T113319_N0511_R080_T28QCG_20250131T170258.zip,412,43,6356,363565.0,2199585.0,0.22610000000000002,0.26980000000000004,0.364,0.4844,0.5237,0.5348,0.5484,0.5816,0.5573,0.5623,0.6413,0.5773
2025-01-31,Iwik,Sen2Cor,S2B_MSIL2A_20250131T113319_N0511_R080_T28QCG_20250131T170258.SAFE,C:\Users\Simon\Nextcloud\Project\Mauritania\Science\Arguin - FieldWork Data Processing\Data\S2\Sen2Cor\S2B_MSIL2A_20250131T113319_N0511_R080_T28QCG_20250131T170258.zip,413,43,6357,363575.0,2199585.0,0.22610000000000002,0.2736,0.36160000000000003,0.48600000000000004,0.5237,0.5348,0.5484,0.5812,0.5573,0.5623,0.6413,0.5773
2025-01-31,Iwik,Sen2Cor,S2B_MSIL2A_20250131T113319_N0511_R080_T28QCG_20250131T170258.SAFE,C:\Users\Simon\Nextcloud\Project\Mauritania\Science\Arguin - FieldWork Data Processing\Data\S2\Sen2Cor\S2B_MSIL2A_20250131T113319_N0511_R080_T28QCG_20250131T170258.zip,414,44,6336,363365.0,2199575.0,0.23900000000000002,0.2842,0.3768,0.49920000000000003,0.5482,0.5554,0.5736,0.6036,0.5856,0.5826,0.6574,0.601
2025-01-31,Iwik,Sen2Cor,S2B_MSIL2A_20250131T113319_N0511_R080_T28QCG_20250131T170258.SAFE,C:\Users\Simon\Nextcloud\Project\Mauritania\Science\Arguin - FieldWork Data Processing\Data\S2\Sen2Cor\S2B_MSIL2A_20250131T113319_N0511_R080_T28QCG_20250131T170258.zip,415,44,6337,363375.0,2199575.0,0.23900000000000002,0.2786,0.38,0.5028,0.5482,0.5554,0.5736,0.6044,0.5856,0.5826,0.6574,0.601
2025-01-31,Iwik,Sen2Cor,S2B_MSIL2A_20250131T113319_N0511_R080_T28QCG_20250131T170258.SAFE,C:\Users\Simon\Nextcloud\Project\Mauritania\Science\Arguin - FieldWork Data Processing\Data\S2\Sen2Cor\S2B_MSIL2A_20250131T113319_N0511_R080_T28QCG_20250131T170258.zip,416,44,6338,363385.0,2199575.0,0.24070000000000003,0.27740000000000004,0.37720000000000004,0.5028,0.5542,0.5597,0.5758,0.6024,0.5862,0.5826,0.6627000000000001,0.6046
2025-01-31,Iwik,Sen2Cor,S2B_MSIL2A_20250131T113319_N0511_R080_T28QCG_20250131T170258.SAFE,C:\Users\Simon\Nextcloud\Project\Mauritania\Science\Arguin - FieldWork Data Processing\Data\S2\Sen2Cor\S2B_MSIL2A_20250131T113319_N0511_R080_T28QCG_20250131T170258.zip,417,44,6339,363395.0,2199575.0,0.24070000000000003,0.28400000000000003,0.3836,0.508,0.5542,0.5597,0.5758,0.62,0.5862,0.5826,0.6627000000000001,0.6046
2025-01-31,Iwik,Sen2Cor,S2B_MSIL2A_20250131T113319_N0511_R080_T28QCG_20250131T170258.SAFE,C:\Users\Simon\Nextcloud\Project\Mauritania\Science\Arguin - FieldWork Data Processing\Data\S2\Sen2Cor\S2B_MSIL2A_20250131T113319_N0511_R080_T28QCG_20250131T170258.zip,418,44,6340,363405.0,2199575.0,0.2389,0.28300000000000003,0.39,0.5168,0.5567,0.5649000000000001,0.5773,0.622,0.5848,0.5826,0.6623,0.6089
2025-01-31,Iwik,Sen2Cor,S2B_MSIL2A_20250131T113319_N0511_R080_T28QCG_20250131T170258.SAFE,C:\Users\Simon\Nextcloud\Project\Mauritania\Science\Arguin - FieldWork Data Processing\Data\S2\Sen2Cor\S2B_MSIL2A_20250131T113319_N0511_R080_T28QCG_20250131T170258.zip,419,44,6341,363415.0,2199575.0,0.2389,0.28800000000000003,0.3844,0.5124000000000001,0.5567,0.5649000000000001,0.5773,0.6192000000000001,0.5848,0.5826,0.6623,0.6089
2025-01-31,Iwik,Sen2Cor,S2B_MSIL2A_20250131T113319_N0511_R080_T28QCG_20250131T170258.SAFE,C:\Users\Simon\Nextcloud\Project\Mauritania\Science\Arguin - FieldWork Data Processing\Data\S2\Sen2Cor\S2B_MSIL2A_20250131T113319_N0511_R080_T28QCG_20250131T170258.zip,420,44,6342,363425.0,2199575.0,0.23450000000000001,0.2844,0.3776,0.5052,0.5365,0.5472,0.5612,0.6108,0.5657,0.5666,0.6508,0.5935
2025-01-31,Iwik,Sen2Cor,S2B_MSIL2A_20250131T113319_N0511_R080_T28QCG_20250131T170258.SAFE,C:\Users\Simon\Nextcloud\Project\Mauritania\Science\Arguin - FieldWork Data Processing\Data\S2\Sen2Cor\S2B_MSIL2A_20250131T113319_N0511_R080_T28QCG_20250131T170258.zip,421,44,6343,363435.0,2199575.0,0.23450000000000001,0.2732,0.376,0.4948,0.5365,0.5472,0.5612,0.5988,0.5657,0.5666,0.6508,0.5935
2025-01-31,Iwik,Sen2Cor,S2B_MSIL2A_20250131T113319_N0511_R080_T28QCG_20250131T170258.SAFE,C:\Users\Simon\Nextcloud\Project\Mauritania\Science\Arguin - FieldWork Data Processing\Data\S2\Sen2Cor\S2B_MSIL2A_20250131T113319_N0511_R080_T28QCG_20250131T170258.zip,422,44,6344,363445.0,2199575.0,0.231,0.271,0.3684,0.4948,0.5326000000000001,0.5433,0.5599000000000001,0.5936,0.5666,0.5666,0.6501,0.5884
2025-01-31,Iwik,Sen2Cor,S2B_MSIL2A_20250131T113319_N0511_R080_T28QCG_20250131T170258.SAFE,C:\Users\Simon\Nextcloud\Project\Mauritania\Science\Arguin - FieldWork Data Processing\Data\S2\Sen2Cor\S2B_MSIL2A_20250131T113319_N0511_R080_T28QCG_20250131T170258.zip,423,44,6345,363455.0,2199575.0,0.231,0.2712,0.3672,0.4888,0.5326000000000001,0.5433,0.5599000000000001,0.5876,0.5666,0.5666,0.6501,0.5884
2025-01-31,Iwik,Sen2Cor,S2B_MSIL2A_20250131T113319_N0511_R080_T28QCG_20250131T170258.SAFE,C:\Users\Simon\Nextcloud\Project\Mauritania\Science\Arguin - FieldWork Data Processing\Data\S2\Sen2Cor\S2B_MSIL2A_20250131T113319_N0511_R080_T28QCG_20250131T170258.zip,424,44,6346,363465.0,2199575.0,0.2291,0.269,0.36360000000000003,0.4928,0.535,0.5418000000000001,0.5613,0.5904,0.5659000000000001,0.5666,0.6471,0.5867
2025-01-31,Iwik,Sen2Cor,S2B_MSIL2A_20250131T113319_N0511_R080_T28QCG_20250131T170258.SAFE,C:\Users\Simon\Nextcloud\Project\Mauritania\Science\Arguin - FieldWork Data Processing\Data\S2\Sen2Cor\S2B_MSIL2A_20250131T113319_N0511_R080_T28QCG_20250131T170258.zip,425,44,6347,363475.0,2199575.0,0.2291,0.27140000000000003,0.3708,0.49200000000000005,0.535,0.5418000000000001,0.5613,0.5936,0.5659000000000001,0.5666,0.6471,0.5867
2025-01-31,Iwik,Sen2Cor,S2B_MSIL2A_20250131T113319_N0511_R080_T28QCG_20250131T170258.SAFE,C:\Users\Simon\Nextcloud\Project\Mauritania\Science\Arguin - FieldWork Data Processing\Data\S2\Sen2Cor\S2B_MSIL2A_20250131T113319_N0511_R080_T28QCG_20250131T170258.zip,426,44,6348,363485.0,2199575.0,0.22790000000000002,0.2746,0.37160000000000004,0.49200000000000005,0.5325,0.5458000000000001,0.56,0.5912000000000001,0.5595,0.5579000000000001,0.6451,0.5858
2025-01-31,Iwik,Sen2Cor,S2B_MSIL2A_20250131T113319_N0511_R080_T28QCG_20250131T170258.SAFE,C:\Users\Simon\Nextcloud\Project\Mauritania\Science\Arguin - FieldWork Data Processing\Data\S2\Sen2Cor\S2B_MSIL2A_20250131T113319_N0511_R080_T28QCG_20250131T170258.zip,427,44,6349,363495.0,2199575.0,0.22790000000000002,0.2722,0.37120000000000003,0.49360000000000004,0.5325,0.5458000000000001,0.56,0.5912000000000001,0.5595,0.5579000000000001,0.6451,0.5858
2025-01-31,Iwik,Sen2Cor,S2B_MSIL2A_20250131T113319_N0511_R080_T28QCG_20250131T170258.SAFE,C:\Users\Simon\Nextcloud\Project\Mauritania\Science\Arguin - FieldWork Data Processing\Data\S2\Sen2Cor\S2B_MSIL2A_20250131T113319_N0511_R080_T28QCG_20250131T170258.zip,428,44,6350,363505.0,2199575.0,0.22740000000000002,0.2702,0.366,0.4948,0.5295,0.5386000000000001,0.5556,0.5944,0.5658000000000001,0.5579000000000001,0.6407,0.5821000000000001
2025-01-31,Iwik,Sen2Cor,S2B_MSIL2A_20250131T113319_N0511_R080_T28QCG_20250131T170258.SAFE,C:\Users\Simon\Nextcloud\Project\Mauritania\Science\Arguin - FieldWork Data Processing\Data\S2\Sen2Cor\S2B_MSIL2A_20250131T113319_N0511_R080_T28QCG_20250131T170258.zip,429,44,6351,363515.0,2199575.0,0.22740000000000002,0.27140000000000003,0.36960000000000004,0.49560000000000004,0.5295,0.5386000000000001,0.5556,0.5928,0.5658000000000001,0.5579000000000001,0.6407,0.5821000000000001
2025-01-31,Iwik,Sen2Cor,S2B_MSIL2A_20250131T113319_N0511_R080_T28QCG_20250131T170258.SAFE,C:\Users\Simon\Nextcloud\Project\Mauritania\Science\Arguin - FieldWork Data Processing\Data\S2\Sen2Cor\S2B_MSIL2A_20250131T113319_N0511_R080_T28QCG_20250131T170258.zip,430,44,6352,363525.0,2199575.0,0.2273,0.262,0.3652,0.4812,0.5165000000000001,0.5284,0.5467000000000001,0.5820000000000001,0.5515,0.5579000000000001,0.6337,0.5705
2025-01-31,Iwik,Sen2Cor,S2B_MSIL2A_20250131T113319_N0511_R080_T28QCG_20250131T170258.SAFE,C:\Users\Simon\Nextcloud\Project\Mauritania\Science\Arguin - FieldWork Data Processing\Data\S2\Sen2Cor\S2B_MSIL2A_20250131T113319_N0511_R080_T28QCG_20250131T170258.zip,431,44,6353,363535.0,2199575.0,0.2273,0.262,0.35760000000000003,0.48160000000000003,0.5165000000000001,0.5284,0.5467000000000001,0.5744,0.5515,0.5579000000000001,0.6337,0.5705
2025-01-31,Iwik,Sen2Cor,S2B_MSIL2A_20250131T113319_N0511_R080_T28QCG_20250131T170258.SAFE,C:\Users\Simon\Nextcloud\Project\Mauritania\Science\Arguin - FieldWork Data Processing\Data\S2\Sen2Cor\S2B_MSIL2A_20250131T113319_N0511_R080_T28QCG_20250131T170258.zip,432,44,6354,363545.0,2199575.0,0.2277,0.2684,0.3632,0.4832,0.5199,0.5289,0.5454,0.5780000000000001,0.5515,0.5623,0.6337,0.5691
2025-01-31,Iwik,Sen2Cor,S2B_MSIL2A_20250131T113319_N0511_R080_T28QCG_20250131T170258.SAFE,C:\Users\Simon\Nextcloud\Project\Mauritania\Science\Arguin - FieldWork Data Processing\Data\S2\Sen2Cor\S2B_MSIL2A_20250131T113319_N0511_R080_T28QCG_20250131T170258.zip,433,44,6355,363555.0,2199575.0,0.2277,0.26880000000000004,0.3648,0.4808,0.5199,0.5289,0.5454,0.5780000000000001,0.5515,0.5623,0.6337,0.5691
2025-01-31,Iwik,Sen2Cor,S2B_MSIL2A_20250131T113319_N0511_R080_T28QCG_20250131T170258.SAFE,C:\Users\Simon\Nextcloud\Project\Mauritania\Science\Arguin - FieldWork Data Processing\Data\S2\Sen2Cor\S2B_MSIL2A_20250131T113319_N0511_R080_T28QCG_20250131T170258.zip,434,44,6356,363565.0,2199575.0,0.2281,0.2676,0.36200000000000004,0.4792,0.5277000000000001,0.5307000000000001,0.5504,0.5780000000000001,0.5466,0.5623,0.6399,0.5751000000000001
2025-01-31,Iwik,Sen2Cor,S2B_MSIL2A_20250131T113319_N0511_R080_T28QCG_20250131T170258.SAFE,C:\Users\Simon\Nextcloud\Project\Mauritania\Science\Arguin - FieldWork Data Processing\Data\S2\Sen2Cor\S2B_MSIL2A_20250131T113319_N0511_R080_T28QCG_20250131T170258.zip,435,44,6357,363575.0,2199575.0,0.2281,0.2652,0.35960000000000003,0.4848,0.5277000000000001,0.5307000000000001,0.5504,0.5792,0.5466,0.5623,0.6399,0.5751000000000001
2025-01-31,Iwik,Sen2Cor,S2B_MSIL2A_20250131T113319_N0511_R080_T28QCG_20250131T170258.SAFE,C:\Users\Simon\Nextcloud\Project\Mauritania\Science\Arguin - FieldWork Data Processing\Data\S2\Sen2Cor\S2B_MSIL2A_20250131T113319_N0511_R080_T28QCG_20250131T170258.zip,436,45,6335,363355.0,2199565.0,0.2373,0.28340000000000004,0.38480000000000003,0.5068,0.542,0.5538000000000001,0.5704,0.6132000000000001,0.5782,0.5708,0.6577000000000001,0.6037
2025-01-31,Iwik,Sen2Cor,S2B_MSIL2A_20250131T113319_N0511_R080_T28QCG_20250131T170258.SAFE,C:\Users\Simon\Nextcloud\Project\Mauritania\Science\Arguin - FieldWork Data Processing\Data\S2\Sen2Cor\S2B_MSIL2A_20250131T113319_N0511_R080_T28QCG_20250131T170258.zip,437,45,6336,363365.0,2199565.0,0.23900000000000002,0.28900000000000003,0.3876,0.5132,0.5482,0.5554,0.5736,0.6148,0.5856,0.5826,0.6574,0.601
2025-01-31,Iwik,Sen2Cor,S2B_MSIL2A_20250131T113319_N0511_R080_T28QCG_20250131T170258.SAFE,C:\Users\Simon\Nextcloud\Project\Mauritania\Science\Arguin - FieldWork Data Processing\Data\S2\Sen2Cor\S2B_MSIL2A_20250131T113319_N0511_R080_T28QCG_20250131T170258.zip,438,45,6337,363375.0,2199565.0,0.23900000000000002,0.2856,0.3904,0.5092,0.5482,0.5554,0.5736,0.6156,0.5856,0.5826,0.6574,0.601
2025-01-31,Iwik,Sen2Cor,S2B_MSIL2A_20250131T113319_N0511_R080_T28QCG_20250131T170258.SAFE,C:\Users\Simon\Nextcloud\Project\Mauritania\Science\Arguin - FieldWork Data Processing\Data\S2\Sen2Cor\S2B_MSIL2A_20250131T113319_N0511_R080_T28QCG_20250131T170258.zip,439,45,6338,363385.0,2199565.0,0.24070000000000003,0.28140000000000004,0.384,0.5108,0.5542,0.5597,0.5758,0.6124,0.5862,0.5826,0.6627000000000001,0.6046
2025-01-31,Iwik,Sen2Cor,S2B_MSIL2A_20250131T113319_N0511_R080_T28QCG_20250131T170258.SAFE,C:\Users\Simon\Nextcloud\Project\Mauritania\Science\Arguin - FieldWork Data Processing\Data\S2\Sen2Cor\S2B_MSIL2A_20250131T113319_N0511_R080_T28QCG_20250131T170258.zip,440,45,6339,363395.0,2199565.0,0.24070000000000003,0.28800000000000003,0.38520000000000004,0.5124000000000001,0.5542,0.5597,0.5758,0.62,0.5862,0.5826,0.6627000000000001,0.6046
2025-01-31,Iwik,Sen2Cor,S2B_MSIL2A_20250131T113319_N0511_R080_T28QCG_20250131T170258.SAFE,C:\Users\Simon\Nextcloud\Project\Mauritania\Science\Arguin - FieldWork Data Processing\Data\S2\Sen2Cor\S2B_MSIL2A_20250131T113319_N0511_R080_T28QCG_20250131T170258.zip,441,45,6340,363405.0,2199565.0,0.2389,0.2894,0.3864,0.5204,0.5567,0.5649000000000001,0.5773,0.6192000000000001,0.5848,0.5826,0.6623,0.6089
2025-01-31,Iwik,Sen2Cor,S2B_MSIL2A_20250131T113319_N0511_R080_T28QCG_20250131T170258.SAFE,C:\Users\Simon\Nextcloud\Project\Mauritania\Science\Arguin - FieldWork Data Processing\Data\S2\Sen2Cor\S2B_MSIL2A_20250131T113319_N0511_R080_T28QCG_20250131T170258.zip,442,45,6341,363415.0,2199565.0,0.2389,0.2928,0.3876,0.5172,0.5567,0.5649000000000001,0.5773,0.6188,0.5848,0.5826,0.6623,0.6089
2025-01-31,Iwik,Sen2Cor,S2B_MSIL2A_20250131T113319_N0511_R080_T28QCG_20250131T170258.SAFE,C:\Users\Simon\Nextcloud\Project\Mauritania\Science\Arguin - FieldWork Data Processing\Data\S2\Sen2Cor\S2B_MSIL2A_20250131T113319_N0511_R080_T28QCG_20250131T170258.zip,443,45,6342,363425.0,2199565.0,0.23450000000000001,0.28240000000000004,0.3776,0.5028,0.5365,0.5472,0.5612,0.6044,0.5657,0.5666,0.6508,0.5935
2025-01-31,Iwik,Sen2Cor,S2B_MSIL2A_20250131T113319_N0511_R080_T28QCG_20250131T170258.SAFE,C:\Users\Simon\Nextcloud\Project\Mauritania\Science\Arguin - FieldWork Data Processing\Data\S2\Sen2Cor\S2B_MSIL2A_20250131T113319_N0511_R080_T28QCG_20250131T170258.zip,444,45,6343,363435.0,2199565.0,0.23450000000000001,0.2768,0.37320000000000003,0.49560000000000004,0.5365,0.5472,0.5612,0.6012000000000001,0.5657,0.5666,0.6508,0.5935
2025-01-31,Iwik,Sen2Cor,S2B_MSIL2A_20250131T113319_N0511_R080_T28QCG_20250131T170258.SAFE,C:\Users\Simon\Nextcloud\Project\Mauritania\Science\Arguin - FieldWork Data Processing\Data\S2\Sen2Cor\S2B_MSIL2A_20250131T113319_N0511_R080_T28QCG_20250131T170258.zip,445,45,6344,363445.0,2199565.0,0.231,0.2786,0.376,0.4984,0.5326000000000001,0.5433,0.5599000000000001,0.6036,0.5666,0.5666,0.6501,0.5884
2025-01-31,Iwik,Sen2Cor,S2B_MSIL2A_20250131T113319_N0511_R080_T28QCG_20250131T170258.SAFE,C:\Users\Simon\Nextcloud\Project\Mauritania\Science\Arguin - FieldWork Data Processing\Data\S2\Sen2Cor\S2B_MSIL2A_20250131T113319_N0511_R080_T28QCG_20250131T170258.zip,446,45,6345,363455.0,2199565.0,0.231,0.28340000000000004,0.37560000000000004,0.504,0.5326000000000001,0.5433,0.5599000000000001,0.6004,0.5666,0.5666,0.6501,0.5884
2025-01-31,Iwik,Sen2Cor,S2B_MSIL2A_20250131T113319_N0511_R080_T28QCG_20250131T170258.SAFE,C:\Users\Simon\Nextcloud\Project\Mauritania\Science\Arguin - FieldWork Data Processing\Data\S2\Sen2Cor\S2B_MSIL2A_20250131T113319_N0511_R080_T28QCG_20250131T170258.zip,447,45,6346,363465.0,2199565.0,0.2291,0.2768,0.37120000000000003,0.5,0.535,0.5418000000000001,0.5613,0.6,0.5659000000000001,0.5666,0.6471,0.5867
2025-01-31,Iwik,Sen2Cor,S2B_MSIL2A_20250131T113319_N0511_R080_T28QCG_20250131T170258.SAFE,C:\Users\Simon\Nextcloud\Project\Mauritania\Science\Arguin - FieldWork Data Processing\Data\S2\Sen2Cor\S2B_MSIL2A_20250131T113319_N0511_R080_T28QCG_20250131T170258.zip,448,45,6347,363475.0,2199565.0,0.2291,0.2692,0.36760000000000004,0.4948,0.535,0.5418000000000001,0.5613,0.5924,0.5659000000000001,0.5666,0.6471,0.5867
2025-01-31,Iwik,Sen2Cor,S2B_MSIL2A_20250131T113319_N0511_R080_T28QCG_20250131T170258.SAFE,C:\Users\Simon\Nextcloud\Project\Mauritania\Science\Arguin - FieldWork Data Processing\Data\S2\Sen2Cor\S2B_MSIL2A_20250131T113319_N0511_R080_T28QCG_20250131T170258.zip,449,45,6348,363485.0,2199565.0,0.22790000000000002,0.27140000000000003,0.36760000000000004,0.4908,0.5325,0.5458000000000001,0.56,0.5900000000000001,0.5595,0.5579000000000001,0.6451,0.5858
2025-01-31,Iwik,Sen2Cor,S2B_MSIL2A_20250131T113319_N0511_R080_T28QCG_20250131T170258.SAFE,C:\Users\Simon\Nextcloud\Project\Mauritania\Science\Arguin - FieldWork Data Processing\Data\S2\Sen2Cor\S2B_MSIL2A_20250131T113319_N0511_R080_T28QCG_20250131T170258.zip,450,45,6349,363495.0,2199565.0,0.22790000000000002,0.272,0.3688,0.4964,0.5325,0.5458000000000001,0.56,0.5948,0.5595,0.5579000000000001,0.6451,0.5858
2025-01-31,Iwik,Sen2Cor,S2B_MSIL2A_20250131T113319_N0511_R080_T28QCG_20250131T170258.SAFE,C:\Users\Simon\Nextcloud\Project\Mauritania\Science\Arguin - FieldWork Data Processing\Data\S2\Sen2Cor\S2B_MSIL2A_20250131T113319_N0511_R080_T28QCG_20250131T170258.zip,451,45,6350,363505.0,2199565.0,0.22740000000000002,0.2762,0.3704,0.49160000000000004,0.5295,0.5386000000000001,0.5556,0.6016,0.5658000000000001,0.5579000000000001,0.6407,0.5821000000000001
2025-01-31,Iwik,Sen2Cor,S2B_MSIL2A_20250131T113319_N0511_R080_T28QCG_20250131T170258.SAFE,C:\Users\Simon\Nextcloud\Project\Mauritania\Science\Arguin - FieldWork Data Processing\Data\S2\Sen2Cor\S2B_MSIL2A_20250131T113319_N0511_R080_T28QCG_20250131T170258.zip,452,45,6351,363515.0,2199565.0,0.22740000000000002,0.2736,0.368,0.4904,0.5295,0.5386000000000001,0.5556,0.5948,0.5658000000000001,0.5579000000000001,0.6407,0.5821000000000001
2025-01-31,Iwik,Sen2Cor,S2B_MSIL2A_20250131T113319_N0511_R080_T28QCG_20250131T170258.SAFE,C:\Users\Simon\Nextcloud\Project\Mauritania\Science\Arguin - FieldWork Data Processing\Data\S2\Sen2Cor\S2B_MSIL2A_20250131T113319_N0511_R080_T28QCG_20250131T170258.zip,453,45,6352,363525.0,2199565.0,0.2273,0.2644,0.364,0.48040000000000005,0.5165000000000001,0.5284,0.5467000000000001,0.5812,0.5515,0.5579000000000001,0.6337,0.5705
2025-01-31,Iwik,Sen2Cor,S2B_MSIL2A_20250131T113319_N0511_R080_T28QCG_20250131T170258.SAFE,C:\Users\Simon\Nextcloud\Project\Mauritania\Science\Arguin - FieldWork Data Processing\Data\S2\Sen2Cor\S2B_MSIL2A_20250131T113319_N0511_R080_T28QCG_20250131T170258.zip,454,45,6353,363535.0,2199565.0,0.2273,0.263,0.35800000000000004,0.4808,0.5165000000000001,0.5284,0.5467000000000001,0.5752,0.5515,0.5579000000000001,0.6337,0.5705
2025-01-31,Iwik,Sen2Cor,S2B_MSIL2A_20250131T113319_N0511_R080_T28QCG_20250131T170258.SAFE,C:\Users\Simon\Nextcloud\Project\Mauritania\Science\Arguin - FieldWork Data Processing\Data\S2\Sen2Cor\S2B_MSIL2A_20250131T113319_N0511_R080_T28QCG_20250131T170258.zip,455,45,6354,363545.0,2199565.0,0.2277,0.2692,0.36160000000000003,0.4828,0.5199,0.5289,0.5454,0.5780000000000001,0.5515,0.5623,0.6337,0.5691
2025-01-31,Iwik,Sen2Cor,S2B_MSIL2A_20250131T113319_N0511_R080_T28QCG_20250131T170258.SAFE,C:\Users\Simon\Nextcloud\Project\Mauritania\Science\Arguin - FieldWork Data Processing\Data\S2\Sen2Cor\S2B_MSIL2A_20250131T113319_N0511_R080_T28QCG_20250131T170258.zip,456,45,6355,363555.0,2199565.0,0.2277,0.271,0.3632,0.4828,0.5199,0.5289,0.5454,0.5760000000000001,0.5515,0.5623,0.6337,0.5691
2025-01-31,Iwik,Sen2Cor,S2B_MSIL2A_20250131T113319_N0511_R080_T28QCG_20250131T170258.SAFE,C:\Users\Simon\Nextcloud\Project\Mauritania\Science\Arguin - FieldWork Data Processing\Data\S2\Sen2Cor\S2B_MSIL2A_20250131T113319_N0511_R080_T28QCG_20250131T170258.zip,457,45,6356,363565.0,2199565.0,0.2281,0.269,0.36200000000000004,0.4788,0.5277000000000001,0.5307000000000001,0.5504,0.5824,0.5466,0.5623,0.6399,0.5751000000000001
2025-01-31,Iwik,Sen2Cor,S2B_MSIL2A_20250131T113319_N0511_R080_T28QCG_20250131T170258.SAFE,C:\Users\Simon\Nextcloud\Project\Mauritania\Science\Arguin - FieldWork Data Processing\Data\S2\Sen2Cor\S2B_MSIL2A_20250131T113319_N0511_R080_T28QCG_20250131T170258.zip,458,45,6357,363575.0,2199565.0,0.2281,0.2686,0.36200000000000004,0.4884,0.5277000000000001,0.5307000000000001,0.5504,0.5860000000000001,0.5466,0.5623,0.6399,0.5751000000000001
2025-01-31,Iwik,Sen2Cor,S2B_MSIL2A_20250131T113319_N0511_R080_T28QCG_20250131T170258.SAFE,C:\Users\Simon\Nextcloud\Project\Mauritania\Science\Arguin - FieldWork Data Processing\Data\S2\Sen2Cor\S2B_MSIL2A_20250131T113319_N0511_R080_T28QCG_20250131T170258.zip,459,46,6335,363355.0,2199555.0,0.2341,0.29200000000000004,0.386,0.5072,0.5472,0.5569000000000001,0.5733,0.612,0.5776,0.5708,0.6602,0.6074
2025-01-31,Iwik,Sen2Cor,S2B_MSIL2A_20250131T113319_N0511_R080_T28QCG_20250131T170258.SAFE,C:\Users\Simon\Nextcloud\Project\Mauritania\Science\Arguin - FieldWork Data Processing\Data\S2\Sen2Cor\S2B_MSIL2A_20250131T113319_N0511_R080_T28QCG_20250131T170258.zip,460,46,6336,363365.0,2199555.0,0.23850000000000002,0.2964,0.3952,0.522,0.5589000000000001,0.5726,0.5852,0.6192000000000001,0.5888,0.5826,0.6648000000000001,0.6081
2025-01-31,Iwik,Sen2Cor,S2B_MSIL2A_20250131T113319_N0511_R080_T28QCG_20250131T170258.SAFE,C:\Users\Simon\Nextcloud\Project\Mauritania\Science\Arguin - FieldWork Data Processing\Data\S2\Sen2Cor\S2B_MSIL2A_20250131T113319_N0511_R080_T28QCG_20250131T170258.zip,461,46,6337,363375.0,2199555.0,0.23850000000000002,0.2922,0.3912,0.518,0.5589000000000001,0.5726,0.5852,0.6216,0.5888,0.5826,0.6648000000000001,0.6081
2025-01-31,Iwik,Sen2Cor,S2B_MSIL2A_20250131T113319_N0511_R080_T28QCG_20250131T170258.SAFE,C:\Users\Simon\Nextcloud\Project\Mauritania\Science\Arguin - FieldWork Data Processing\Data\S2\Sen2Cor\S2B_MSIL2A_20250131T113319_N0511_R080_T28QCG_20250131T170258.zip,462,46,6338,363385.0,2199555.0,0.24000000000000002,0.29000000000000004,0.39,0.5204,0.5623,0.5694,0.5832,0.6224000000000001,0.5888,0.5826,0.6658000000000001,0.6068
2025-01-31,Iwik,Sen2Cor,S2B_MSIL2A_20250131T113319_N0511_R080_T28QCG_20250131T170258.SAFE,C:\Users\Simon\Nextcloud\Project\Mauritania\Science\Arguin - FieldWork Data Processing\Data\S2\Sen2Cor\S2B_MSIL2A_20250131T113319_N0511_R080_T28QCG_20250131T170258.zip,463,46,6339,363395.0,2199555.0,0.24000000000000002,0.2934,0.3916,0.5224,0.5623,0.5694,0.5832,0.6276,0.5888,0.5826,0.6658000000000001,0.6068
2025-01-31,Iwik,Sen2Cor,S2B_MSIL2A_20250131T113319_N0511_R080_T28QCG_20250131T170258.SAFE,C:\Users\Simon\Nextcloud\Project\Mauritania\Science\Arguin - FieldWork Data Processing\Data\S2\Sen2Cor\S2B_MSIL2A_20250131T113319_N0511_R080_T28QCG_20250131T170258.zip,464,46,6340,363405.0,2199555.0,0.23920000000000002,0.2886,0.3904,0.522,0.5531,0.5641,0.5775,0.6288,0.5864,0.5826,0.6626000000000001,0.6058
2025-01-31,Iwik,Sen2Cor,S2B_MSIL2A_20250131T113319_N0511_R080_T28QCG_20250131T170258.SAFE,C:\Users\Simon\Nextcloud\Project\Mauritania\Science\Arguin - FieldWork Data Processing\Data\S2\Sen2Cor\S2B_MSIL2A_20250131T113319_N0511_R080_T28QCG_20250131T170258.zip,465,46,6341,363415.0,2199555.0,0.23920000000000002,0.28340000000000004,0.38920000000000005,0.5132,0.5531,0.5641,0.5775,0.618,0.5864,0.5826,0.6626000000000001,0.6058
2025-01-31,Iwik,Sen2Cor,S2B_MSIL2A_20250131T113319_N0511_R080_T28QCG_20250131T170258.SAFE,C:\Users\Simon\Nextcloud\Project\Mauritania\Science\Arguin - FieldWork Data Processing\Data\S2\Sen2Cor\S2B_MSIL2A_20250131T113319_N0511_R080_T28QCG_20250131T170258.zip,466,46,6342,363425.0,2199555.0,0.23570000000000002,0.27840000000000004,0.3784,0.5008,0.5408000000000001,0.552,0.5657,0.6084,0.5735,0.5666,0.6548,0.5964
2025-01-31,Iwik,Sen2Cor,S2B_MSIL2A_20250131T113319_N0511_R080_T28QCG_20250131T170258.SAFE,C:\Users\Simon\Nextcloud\Project\Mauritania\Science\Arguin - FieldWork Data Processing\Data\S2\Sen2Cor\S2B_MSIL2A_20250131T113319_N0511_R080_T28QCG_20250131T170258.zip,467,46,6343,363435.0,2199555.0,0.23570000000000002,0.28300000000000003,0.3768,0.5008,0.5408000000000001,0.552,0.5657,0.6024,0.5735,0.5666,0.6548,0.5964
2025-01-31,Iwik,Sen2Cor,S2B_MSIL2A_20250131T113319_N0511_R080_T28QCG_20250131T170258.SAFE,C:\Users\Simon\Nextcloud\Project\Mauritania\Science\Arguin - FieldWork Data Processing\Data\S2\Sen2Cor\S2B_MSIL2A_20250131T113319_N0511_R080_T28QCG_20250131T170258.zip,468,46,6344,363445.0,2199555.0,0.2326,0.2886,0.386,0.5092,0.5452,0.5581,0.5721,0.6104,0.5715,0.5666,0.655,0.5921000000000001
2025-01-31,Iwik,Sen2Cor,S2B_MSIL2A_20250131T113319_N0511_R080_T28QCG_20250131T170258.SAFE,C:\Users\Simon\Nextcloud\Project\Mauritania\Science\Arguin - FieldWork Data Processing\Data\S2\Sen2Cor\S2B_MSIL2A_20250131T113319_N0511_R080_T28QCG_20250131T170258.zip,469,46,6345,363455.0,2199555.0,0.2326,0.2786,0.3816,0.5044000000000001,0.5452,0.5581,0.5721,0.6108,0.5715,0.5666,0.655,0.5921000000000001
2025-01-31,Iwik,Sen2Cor,S2B_MSIL2A_20250131T113319_N0511_R080_T28QCG_20250131T170258.SAFE,C:\Users\Simon\Nextcloud\Project\Mauritania\Science\Arguin - FieldWork Data Processing\Data\S2\Sen2Cor\S2B_MSIL2A_20250131T113319_N0511_R080_T28QCG_20250131T170258.zip,470,46,6346,363465.0,2199555.0,0.23120000000000002,0.2806,0.38,0.504,0.5374,0.5494,0.5664,0.61,0.5695,0.5666,0.6485000000000001,0.5887
2025-01-31,Iwik,Sen2Cor,S2B_MSIL2A_20250131T113319_N0511_R080_T28QCG_20250131T170258.SAFE,C:\Users\Simon\Nextcloud\Project\Mauritania\Science\Arguin - FieldWork Data Processing\Data\S2\Sen2Cor\S2B_MSIL2A_20250131T113319_N0511_R080_T28QCG_20250131T170258.zip,471,46,6347,363475.0,2199555.0,0.23120000000000002,0.2768,0.37120000000000003,0.5036,0.5374,0.5494,0.5664,0.602,0.5695,0.5666,0.6485000000000001,0.5887
2025-01-31,Iwik,Sen2Cor,S2B_MSIL2A_20250131T113319_N0511_R080_T28QCG_20250131T170258.SAFE,C:\Users\Simon\Nextcloud\Project\Mauritania\Science\Arguin - FieldWork Data Processing\Data\S2\Sen2Cor\S2B_MSIL2A_20250131T113319_N0511_R080_T28QCG_20250131T170258.zip,472,46,6348,363485.0,2199555.0,0.23040000000000002,0.273,0.36960000000000004,0.4964,0.5351,0.542,0.5589000000000001,0.5924,0.5640000000000001,0.5579000000000001,0.6437,0.5859
2025-01-31,Iwik,Sen2Cor,S2B_MSIL2A_20250131T113319_N0511_R080_T28QCG_20250131T170258.SAFE,C:\Users\Simon\Nextcloud\Project\Mauritania\Science\Arguin - FieldWork Data Processing\Data\S2\Sen2Cor\S2B_MSIL2A_20250131T113319_N0511_R080_T28QCG_20250131T170258.zip,473,46,6349,363495.0,2199555.0,0.23040000000000002,0.2722,0.3708,0.498,0.5351,0.542,0.5589000000000001,0.5976,0.5640000000000001,0.5579000000000001,0.6437,0.5859
2025-01-31,Iwik,Sen2Cor,S2B_MSIL2A_20250131T113319_N0511_R080_T28QCG_20250131T170258.SAFE,C:\Users\Simon\Nextcloud\Project\Mauritania\Science\Arguin - FieldWork Data Processing\Data\S2\Sen2Cor\S2B_MSIL2A_20250131T113319_N0511_R080_T28QCG_20250131T170258.zip,474,46,6350,363505.0,2199555.0,0.22990000000000002,0.2786,0.3744,0.5004000000000001,0.5274,0.5414,0.5549000000000001,0.6036,0.5636,0.5579000000000001,0.6394000000000001,0.5814
2025-01-31,Iwik,Sen2Cor,S2B_MSIL2A_20250131T113319_N0511_R080_T28QCG_20250131T170258.SAFE,C:\Users\Simon\Nextcloud\Project\Mauritania\Science\Arguin - FieldWork Data Processing\Data\S2\Sen2Cor\S2B_MSIL2A_20250131T113319_N0511_R080_T28QCG_20250131T170258.zip,475,46,6351,363515.0,2199555.0,0.22990000000000002,0.27080000000000004,0.3724,0.4908,0.5274,0.5414,0.5549000000000001,0.5916,0.5636,0.5579000000000001,0.6394000000000001,0.5814
2025-01-31,Iwik,Sen2Cor,S2B_MSIL2A_20250131T113319_N0511_R080_T28QCG_20250131T170258.SAFE,C:\Users\Simon\Nextcloud\Project\Mauritania\Science\Arguin - FieldWork Data Processing\Data\S2\Sen2Cor\S2B_MSIL2A_20250131T113319_N0511_R080_T28QCG_20250131T170258.zip,476,46,6352,363525.0,2199555.0,0.2296,0.272,0.3624,0.4828,0.526,0.5372,0.5541,0.5848,0.5576,0.5579000000000001,0.6401,0.5756
2025-01-31,Iwik,Sen2Cor,S2B_MSIL2A_20250131T113319_N0511_R080_T28QCG_20250131T170258.SAFE,C:\Users\Simon\Nextcloud\Project\Mauritania\Science\Arguin - FieldWork Data Processing\Data\S2\Sen2Cor\S2B_MSIL2A_20250131T113319_N0511_R080_T28QCG_20250131T170258.zip,477,46,6353,363535.0,2199555.0,0.2296,0.2664,0.36200000000000004,0.48600000000000004,0.526,0.5372,0.5541,0.5836,0.5576,0.5579000000000001,0.6401,0.5756
2025-01-31,Iwik,Sen2Cor,S2B_MSIL2A_20250131T113319_N0511_R080_T28QCG_20250131T170258.SAFE,C:\Users\Simon\Nextcloud\Project\Mauritania\Science\Arguin - FieldWork Data Processing\Data\S2\Sen2Cor\S2B_MSIL2A_20250131T113319_N0511_R080_T28QCG_20250131T170258.zip,478,46,6354,363545.0,2199555.0,0.2295,0.2746,0.3664,0.49000000000000005,0.5391,0.5472,0.5612,0.5912000000000001,0.5687,0.5623,0.6458,0.5805
2025-01-31,Iwik,Sen2Cor,S2B_MSIL2A_20250131T113319_N0511_R080_T28QCG_20250131T170258.SAFE,C:\Users\Simon\Nextcloud\Project\Mauritania\Science\Arguin - FieldWork Data Processing\Data\S2\Sen2Cor\S2B_MSIL2A_20250131T113319_N0511_R080_T28QCG_20250131T170258.zip,479,46,6355,363555.0,2199555.0,0.2295,0.2786,0.37360000000000004,0.49920000000000003,0.5391,0.5472,0.5612,0.6024,0.5687,0.5623,0.6458,0.5805
2025-01-31,Iwik,Sen2Cor,S2B_MSIL2A_20250131T113319_N0511_R080_T28QCG_20250131T170258.SAFE,C:\Users\Simon\Nextcloud\Project\Mauritania\Science\Arguin - FieldWork Data Processing\Data\S2\Sen2Cor\S2B_MSIL2A_20250131T113319_N0511_R080_T28QCG_20250131T170258.zip,480,46,6356,363565.0,2199555.0,0.2295,0.2728,0.37320000000000003,0.4988,0.5469,0.5563,0.5680000000000001,0.6004,0.5769000000000001,0.5623,0.652,0.5882000000000001
2025-01-31,Iwik,Sen2Cor,S2B_MSIL2A_20250131T113319_N0511_R080_T28QCG_20250131T170258.SAFE,C:\Users\Simon\Nextcloud\Project\Mauritania\Science\Arguin - FieldWork Data Processing\Data\S2\Sen2Cor\S2B_MSIL2A_20250131T113319_N0511_R080_T28QCG_20250131T170258.zip,481,46,6357,363575.0,2199555.0,0.2295,0.2778,0.376,0.49960000000000004,0.5469,0.5563,0.5680000000000001,0.6032000000000001,0.5769000000000001,0.5623,0.652,0.5882000000000001
2025-01-31,Iwik,Sen2Cor,S2B_MSIL2A_20250131T113319_N0511_R080_T28QCG_20250131T170258.SAFE,C:\Users\Simon\Nextcloud\Project\Mauritania\Science\Arguin - FieldWork Data Processing\Data\S2\Sen2Cor\S2B_MSIL2A_20250131T113319_N0511_R080_T28QCG_20250131T170258.zip,482,47,6335,363355.0,2199545.0,0.2341,0.28400000000000003,0.3804,0.5096,0.5472,0.5569000000000001,0.5733,0.6164000000000001,0.5776,0.5708,0.6602,0.6074
2025-01-31,Iwik,Sen2Cor,S2B_MSIL2A_20250131T113319_N0511_R080_T28QCG_20250131T170258.SAFE,C:\Users\Simon\Nextcloud\Project\Mauritania\Science\Arguin - FieldWork Data Processing\Data\S2\Sen2Cor\S2B_MSIL2A_20250131T113319_N0511_R080_T28QCG_20250131T170258.zip,483,47,6336,363365.0,2199545.0,0.23850000000000002,0.2896,0.39440000000000003,0.516,0.5589000000000001,0.5726,0.5852,0.6192000000000001,0.5888,0.5826,0.6648000000000001,0.6081
2025-01-31,Iwik,Sen2Cor,S2B_MSIL2A_20250131T113319_N0511_R080_T28QCG_20250131T170258.SAFE,C:\Users\Simon\Nextcloud\Project\Mauritania\Science\Arguin - FieldWork Data Processing\Data\S2\Sen2Cor\S2B_MSIL2A_20250131T113319_N0511_R080_T28QCG_20250131T170258.zip,484,47,6337,363375.0,2199545.0,0.23850000000000002,0.29100000000000004,0.39480000000000004,0.5168,0.5589000000000001,0.5726,0.5852,0.6212,0.5888,0.5826,0.6648000000000001,0.6081
2025-01-31,Iwik,Sen2Cor,S2B_MSIL2A_20250131T113319_N0511_R080_T28QCG_20250131T170258.SAFE,C:\Users\Simon\Nextcloud\Project\Mauritania\Science\Arguin - FieldWork Data Processing\Data\S2\Sen2Cor\S2B_MSIL2A_20250131T113319_N0511_R080_T28QCG_20250131T170258.zip,485,47,6338,363385.0,2199545.0,0.24000000000000002,0.2932,0.39280000000000004,0.522,0.5623,0.5694,0.5832,0.6264000000000001,0.5888,0.5826,0.6658000000000001,0.6068
2025-01-31,Iwik,Sen2Cor,S2B_MSIL2A_20250131T113319_N0511_R080_T28QCG_20250131T170258.SAFE,C:\Users\Simon\Nextcloud\Project\Mauritania\Science\Arguin - FieldWork Data Processing\Data\S2\Sen2Cor\S2B_MSIL2A_20250131T113319_N0511_R080_T28QCG_20250131T170258.zip,486,47,6339,363395.0,2199545.0,0.24000000000000002,0.2934,0.39640000000000003,0.5216000000000001,0.5623,0.5694,0.5832,0.6344000000000001,0.5888,0.5826,0.6658000000000001,0.6068
2025-01-31,Iwik,Sen2Cor,S2B_MSIL2A_20250131T113319_N0511_R080_T28QCG_20250131T170258.SAFE,C:\Users\Simon\Nextcloud\Project\Mauritania\Science\Arguin - FieldWork Data Processing\Data\S2\Sen2Cor\S2B_MSIL2A_20250131T113319_N0511_R080_T28QCG_20250131T170258.zip,487,47,6340,363405.0,2199545.0,0.23920000000000002,0.2862,0.3916,0.5148,0.5531,0.5641,0.5775,0.6292,0.5864,0.5826,0.6626000000000001,0.6058
2025-01-31,Iwik,Sen2Cor,S2B_MSIL2A_20250131T113319_N0511_R080_T28QCG_20250131T170258.SAFE,C:\Users\Simon\Nextcloud\Project\Mauritania\Science\Arguin - FieldWork Data Processing\Data\S2\Sen2Cor\S2B_MSIL2A_20250131T113319_N0511_R080_T28QCG_20250131T170258.zip,488,47,6341,363415.0,2199545.0,0.23920000000000002,0.2818,0.38480000000000003,0.5088,0.5531,0.5641,0.5775,0.6176,0.5864,0.5826,0.6626000000000001,0.6058
2025-01-31,Iwik,Sen2Cor,S2B_MSIL2A_20250131T113319_N0511_R080_T28QCG_20250131T170258.SAFE,C:\Users\Simon\Nextcloud\Project\Mauritania\Science\Arguin - FieldWork Data Processing\Data\S2\Sen2Cor\S2B_MSIL2A_20250131T113319_N0511_R080_T28QCG_20250131T170258.zip,489,47,6342,363425.0,2199545.0,0.23570000000000002,0.2792,0.3808,0.506,0.5408000000000001,0.552,0.5657,0.6064,0.5735,0.5666,0.6548,0.5964
2025-01-31,Iwik,Sen2Cor,S2B_MSIL2A_20250131T113319_N0511_R080_T28QCG_20250131T170258.SAFE,C:\Users\Simon\Nextcloud\Project\Mauritania\Science\Arguin - FieldWork Data Processing\Data\S2\Sen2Cor\S2B_MSIL2A_20250131T113319_N0511_R080_T28QCG_20250131T170258.zip,490,47,6343,363435.0,2199545.0,0.23570000000000002,0.2836,0.38120000000000004,0.5064000000000001,0.5408000000000001,0.552,0.5657,0.6068,0.5735,0.5666,0.6548,0.5964
2025-01-31,Iwik,Sen2Cor,S2B_MSIL2A_20250131T113319_N0511_R080_T28QCG_20250131T170258.SAFE,C:\Users\Simon\Nextcloud\Project\Mauritania\Science\Arguin - FieldWork Data Processing\Data\S2\Sen2Cor\S2B_MSIL2A_20250131T113319_N0511_R080_T28QCG_20250131T170258.zip,491,47,6344,363445.0,2199545.0,0.2326,0.2858,0.3896,0.5152,0.5452,0.5581,0.5721,0.6152000000000001,0.5715,0.5666,0.655,0.5921000000000001
2025-01-31,Iwik,Sen2Cor,S2B_MSIL2A_20250131T113319_N0511_R080_T28QCG_20250131T170258.SAFE,C:\Users\Simon\Nextcloud\Project\Mauritania\Science\Arguin - FieldWork Data Processing\Data\S2\Sen2Cor\S2B_MSIL2A_20250131T113319_N0511_R080_T28QCG_20250131T170258.zip,492,47,6345,363455.0,2199545.0,0.2326,0.2762,0.37720000000000004,0.5068,0.5452,0.5581,0.5721,0.6124,0.5715,0.5666,0.655,0.5921000000000001
2025-01-31,Iwik,Sen2Cor,S2B_MSIL2A_20250131T113319_N0511_R080_T28QCG_20250131T170258.SAFE,C:\Users\Simon\Nextcloud\Project\Mauritania\Science\Arguin - FieldWork Data Processing\Data\S2\Sen2Cor\S2B_MSIL2A_20250131T113319_N0511_R080_T28QCG_20250131T170258.zip,493,47,6346,363465.0,2199545.0,0.23120000000000002,0.277,0.37560000000000004,0.5008,0.5374,0.5494,0.5664,0.6004,0.5695,0.5666,0.6485000000000001,0.5887
2025-01-31,Iwik,Sen2Cor,S2B_MSIL2A_20250131T113319_N0511_R080_T28QCG_20250131T170258.SAFE,C:\Users\Simon\Nextcloud\Project\Mauritania\Science\Arguin - FieldWork Data Processing\Data\S2\Sen2Cor\S2B_MSIL2A_20250131T113319_N0511_R080_T28QCG_20250131T170258.zip,494,47,6347,363475.0,2199545.0,0.23120000000000002,0.2818,0.382,0.504,0.5374,0.5494,0.5664,0.604,0.5695,0.5666,0.6485000000000001,0.5887
2025-01-31,Iwik,Sen2Cor,S2B_MSIL2A_20250131T113319_N0511_R080_T28QCG_20250131T170258.SAFE,C:\Users\Simon\Nextcloud\Project\Mauritania\Science\Arguin - FieldWork Data Processing\Data\S2\Sen2Cor\S2B_MSIL2A_20250131T113319_N0511_R080_T28QCG_20250131T170258.zip,495,47,6348,363485.0,2199545.0,0.23040000000000002,0.2762,0.3724,0.5016,0.5351,0.542,0.5589000000000001,0.5952000000000001,0.5640000000000001,0.5579000000000001,0.6437,0.5859
2025-01-31,Iwik,Sen2Cor,S2B_MSIL2A_20250131T113319_N0511_R080_T28QCG_20250131T170258.SAFE,C:\Users\Simon\Nextcloud\Project\Mauritania\Science\Arguin - FieldWork Data Processing\Data\S2\Sen2Cor\S2B_MSIL2A_20250131T113319_N0511_R080_T28QCG_20250131T170258.zip,496,47,6349,363495.0,2199545.0,0.23040000000000002,0.27840000000000004,0.37320000000000003,0.5004000000000001,0.5351,0.542,0.5589000000000001,0.5932000000000001,0.5640000000000001,0.5579000000000001,0.6437,0.5859
2025-01-31,Iwik,Sen2Cor,S2B_MSIL2A_20250131T113319_N0511_R080_T28QCG_20250131T170258.SAFE,C:\Users\Simon\Nextcloud\Project\Mauritania\Science\Arguin - FieldWork Data Processing\Data\S2\Sen2Cor\S2B_MSIL2A_20250131T113319_N0511_R080_T28QCG_20250131T170258.zip,497,47,6350,363505.0,2199545.0,0.22990000000000002,0.2778,0.37160000000000004,0.4912,0.5274,0.5414,0.5549000000000001,0.5924,0.5636,0.5579000000000001,0.6394000000000001,0.5814
2025-01-31,Iwik,Sen2Cor,S2B_MSIL2A_20250131T113319_N0511_R080_T28QCG_20250131T170258.SAFE,C:\Users\Simon\Nextcloud\Project\Mauritania\Science\Arguin - FieldWork Data Processing\Data\S2\Sen2Cor\S2B_MSIL2A_20250131T113319_N0511_R080_T28QCG_20250131T170258.zip,498,47,6351,363515.0,2199545.0,0.22990000000000002,0.2666,0.3648,0.48400000000000004,0.5274,0.5414,0.5549000000000001,0.5820000000000001,0.5636,0.5579000000000001,0.6394000000000001,0.5814
2025-01-31,Iwik,Sen2Cor,S2B_MSIL2A_20250131T113319_N0511_R080_T28QCG_20250131T170258.SAFE,C:\Users\Simon\Nextcloud\Project\Mauritania\Science\Arguin - FieldWork Data Processing\Data\S2\Sen2Cor\S2B_MSIL2A_20250131T113319_N0511_R080_T28QCG_20250131T170258.zip,499,47,6352,363525.0,2199545.0,0.2296,0.2722,0.3688,0.49000000000000005,0.526,0.5372,0.5541,0.5864,0.5576,0.5579000000000001,0.6401,0.5756
2025-01-31,Iwik,Sen2Cor,S2B_MSIL2A_20250131T113319_N0511_R080_T28QCG_20250131T170258.SAFE,C:\Users\Simon\Nextcloud\Project\Mauritania\Science\Arguin - FieldWork Data Processing\Data\S2\Sen2Cor\S2B_MSIL2A_20250131T113319_N0511_R080_T28QCG_20250131T170258.zip,500,47,6353,363535.0,2199545.0,0.2296,0.2776,0.3728,0.4964,0.526,0.5372,0.5541,0.598,0.5576,0.5579000000000001,0.6401,0.5756
2025-01-31,Iwik,Sen2Cor,S2B_MSIL2A_20250131T113319_N0511_R080_T28QCG_20250131T170258.SAFE,C:\Users\Simon\Nextcloud\Project\Mauritania\Science\Arguin - FieldWork Data Processing\Data\S2\Sen2Cor\S2B_MSIL2A_20250131T113319_N0511_R080_T28QCG_20250131T170258.zip,501,47,6354,363545.0,2199545.0,0.2295,0.28240000000000004,0.3764,0.5068,0.5391,0.5472,0.5612,0.606,0.5687,0.5623,0.6458,0.5805
2025-01-31,Iwik,Sen2Cor,S2B_MSIL2A_20250131T113319_N0511_R080_T28QCG_20250131T170258.SAFE,C:\Users\Simon\Nextcloud\Project\Mauritania\Science\Arguin - FieldWork Data Processing\Data\S2\Sen2Cor\S2B_MSIL2A_20250131T113319_N0511_R080_T28QCG_20250131T170258.zip,502,47,6355,363555.0,2199545.0,0.2295,0.2928,0.3836,0.5088,0.5391,0.5472,0.5612,0.618,0.5687,0.5623,0.6458,0.5805
2025-01-31,Iwik,Sen2Cor,S2B_MSIL2A_20250131T113319_N0511_R080_T28QCG_20250131T170258.SAFE,C:\Users\Simon\Nextcloud\Project\Mauritania\Science\Arguin - FieldWork Data Processing\Data\S2\Sen2Cor\S2B_MSIL2A_20250131T113319_N0511_R080_T28QCG_20250131T170258.zip,503,47,6356,363565.0,2199545.0,0.2295,0.2846,0.3856,0.5116,0.5469,0.5563,0.5680000000000001,0.6112000000000001,0.5769000000000001,0.5623,0.652,0.5882000000000001
2025-01-31,Iwik,Sen2Cor,S2B_MSIL2A_20250131T113319_N0511_R080_T28QCG_20250131T170258.SAFE,C:\Users\Simon\Nextcloud\Project\Mauritania\Science\Arguin - FieldWork Data Processing\Data\S2\Sen2Cor\S2B_MSIL2A_20250131T113319_N0511_R080_T28QCG_20250131T170258.zip,504,47,6357,363575.0,2199545.0,0.2295,0.2856,0.38520000000000004,0.5136000000000001,0.5469,0.5563,0.5680000000000001,0.6164000000000001,0.5769000000000001,0.5623,0.652,0.5882000000000001
2025-01-31,Iwik,Sen2Cor,S2B_MSIL2A_20250131T113319_N0511_R080_T28QCG_20250131T170258.SAFE,C:\Users\Simon\Nextcloud\Project\Mauritania\Science\Arguin - FieldWork Data Processing\Data\S2\Sen2Cor\S2B_MSIL2A_20250131T113319_N0511_R080_T28QCG_20250131T170258.zip,505,48,6335,363355.0,2199535.0,0.232,0.2798,0.378,0.49920000000000003,0.537,0.5522,0.5674,0.6104,0.5680000000000001,0.5680000000000001,0.6585000000000001,0.6069
2025-01-31,Iwik,Sen2Cor,S2B_MSIL2A_20250131T113319_N0511_R080_T28QCG_20250131T170258.SAFE,C:\Users\Simon\Nextcloud\Project\Mauritania\Science\Arguin - FieldWork Data Processing\Data\S2\Sen2Cor\S2B_MSIL2A_20250131T113319_N0511_R080_T28QCG_20250131T170258.zip,506,48,6336,363365.0,2199535.0,0.23650000000000002,0.2856,0.384,0.5072,0.5478000000000001,0.5627,0.5776,0.6156,0.5846,0.5813,0.6609,0.6052000000000001
2025-01-31,Iwik,Sen2Cor,S2B_MSIL2A_20250131T113319_N0511_R080_T28QCG_20250131T170258.SAFE,C:\Users\Simon\Nextcloud\Project\Mauritania\Science\Arguin - FieldWork Data Processing\Data\S2\Sen2Cor\S2B_MSIL2A_20250131T113319_N0511_R080_T28QCG_20250131T170258.zip,507,48,6337,363375.0,2199535.0,0.23650000000000002,0.28900000000000003,0.3904,0.5168,0.5478000000000001,0.5627,0.5776,0.6176,0.5846,0.5813,0.6609,0.6052000000000001
2025-01-31,Iwik,Sen2Cor,S2B_MSIL2A_20250131T113319_N0511_R080_T28QCG_20250131T170258.SAFE,C:\Users\Simon\Nextcloud\Project\Mauritania\Science\Arguin - FieldWork Data Processing\Data\S2\Sen2Cor\S2B_MSIL2A_20250131T113319_N0511_R080_T28QCG_20250131T170258.zip,508,48,6338,363385.0,2199535.0,0.2394,0.2898,0.392,0.5196000000000001,0.5547000000000001,0.5644,0.5804,0.6208,0.5891000000000001,0.5813,0.6643,0.6047
2025-01-31,Iwik,Sen2Cor,S2B_MSIL2A_20250131T113319_N0511_R080_T28QCG_20250131T170258.SAFE,C:\Users\Simon\Nextcloud\Project\Mauritania\Science\Arguin - FieldWork Data Processing\Data\S2\Sen2Cor\S2B_MSIL2A_20250131T113319_N0511_R080_T28QCG_20250131T170258.zip,509,48,6339,363395.0,2199535.0,0.2394,0.2924,0.394,0.5228,0.5547000000000001,0.5644,0.5804,0.6264000000000001,0.5891000000000001,0.5813,0.6643,0.6047
2025-01-31,Iwik,Sen2Cor,S2B_MSIL2A_20250131T113319_N0511_R080_T28QCG_20250131T170258.SAFE,C:\Users\Simon\Nextcloud\Project\Mauritania\Science\Arguin - FieldWork Data Processing\Data\S2\Sen2Cor\S2B_MSIL2A_20250131T113319_N0511_R080_T28QCG_20250131T170258.zip,510,48,6340,363405.0,2199535.0,0.2396,0.2878,0.384,0.5108,0.5514,0.561,0.5761000000000001,0.6192000000000001,0.5840000000000001,0.5813,0.6612,0.6045
2025-01-31,Iwik,Sen2Cor,S2B_MSIL2A_20250131T113319_N0511_R080_T28QCG_20250131T170258.SAFE,C:\Users\Simon\Nextcloud\Project\Mauritania\Science\Arguin - FieldWork Data Processing\Data\S2\Sen2Cor\S2B_MSIL2A_20250131T113319_N0511_R080_T28QCG_20250131T170258.zip,511,48,6341,363415.0,2199535.0,0.2396,0.2836,0.3836,0.5104000000000001,0.5514,0.561,0.5761000000000001,0.6176,0.5840000000000001,0.5813,0.6612,0.6045
2025-01-31,Iwik,Sen2Cor,S2B_MSIL2A_20250131T113319_N0511_R080_T28QCG_20250131T170258.SAFE,C:\Users\Simon\Nextcloud\Project\Mauritania\Science\Arguin - FieldWork Data Processing\Data\S2\Sen2Cor\S2B_MSIL2A_20250131T113319_N0511_R080_T28QCG_20250131T170258.zip,512,48,6342,363425.0,2199535.0,0.23700000000000002,0.28,0.38480000000000003,0.508,0.5503,0.5589000000000001,0.5761000000000001,0.608,0.5811000000000001,0.5755,0.6567000000000001,0.5969
2025-01-31,Iwik,Sen2Cor,S2B_MSIL2A_20250131T113319_N0511_R080_T28QCG_20250131T170258.SAFE,C:\Users\Simon\Nextcloud\Project\Mauritania\Science\Arguin - FieldWork Data Processing\Data\S2\Sen2Cor\S2B_MSIL2A_20250131T113319_N0511_R080_T28QCG_20250131T170258.zip,513,48,6343,363435.0,2199535.0,0.23700000000000002,0.28500000000000003,0.3864,0.5132,0.5503,0.5589000000000001,0.5761000000000001,0.6152000000000001,0.5811000000000001,0.5755,0.6567000000000001,0.5969
2025-01-31,Iwik,Sen2Cor,S2B_MSIL2A_20250131T113319_N0511_R080_T28QCG_20250131T170258.SAFE,C:\Users\Simon\Nextcloud\Project\Mauritania\Science\Arguin - FieldWork Data Processing\Data\S2\Sen2Cor\S2B_MSIL2A_20250131T113319_N0511_R080_T28QCG_20250131T170258.zip,514,48,6344,363445.0,2199535.0,0.2349,0.2836,0.3884,0.5124000000000001,0.5471,0.5578000000000001,0.5769000000000001,0.6176,0.5742,0.5755,0.6528,0.5903
2025-01-31,Iwik,Sen2Cor,S2B_MSIL2A_20250131T113319_N0511_R080_T28QCG_20250131T170258.SAFE,C:\Users\Simon\Nextcloud\Project\Mauritania\Science\Arguin - FieldWork Data Processing\Data\S2\Sen2Cor\S2B_MSIL2A_20250131T113319_N0511_R080_T28QCG_20250131T170258.zip,515,48,6345,363455.0,2199535.0,0.2349,0.28140000000000004,0.3764,0.5028,0.5471,0.5578000000000001,0.5769000000000001,0.6108,0.5742,0.5755,0.6528,0.5903
2025-01-31,Iwik,Sen2Cor,S2B_MSIL2A_20250131T113319_N0511_R080_T28QCG_20250131T170258.SAFE,C:\Users\Simon\Nextcloud\Project\Mauritania\Science\Arguin - FieldWork Data Processing\Data\S2\Sen2Cor\S2B_MSIL2A_20250131T113319_N0511_R080_T28QCG_20250131T170258.zip,516,48,6346,363465.0,2199535.0,0.23390000000000002,0.2798,0.37720000000000004,0.49720000000000003,0.5354,0.5491,0.5651,0.6012000000000001,0.5661,0.5755,0.6496000000000001,0.5874
2025-01-31,Iwik,Sen2Cor,S2B_MSIL2A_20250131T113319_N0511_R080_T28QCG_20250131T170258.SAFE,C:\Users\Simon\Nextcloud\Project\Mauritania\Science\Arguin - FieldWork Data Processing\Data\S2\Sen2Cor\S2B_MSIL2A_20250131T113319_N0511_R080_T28QCG_20250131T170258.zip,517,48,6347,363475.0,2199535.0,0.23390000000000002,0.277,0.37920000000000004,0.49960000000000004,0.5354,0.5491,0.5651,0.5976,0.5661,0.5755,0.6496000000000001,0.5874
2025-01-31,Iwik,Sen2Cor,S2B_MSIL2A_20250131T113319_N0511_R080_T28QCG_20250131T170258.SAFE,C:\Users\Simon\Nextcloud\Project\Mauritania\Science\Arguin - FieldWork Data Processing\Data\S2\Sen2Cor\S2B_MSIL2A_20250131T113319_N0511_R080_T28QCG_20250131T170258.zip,518,48,6348,363485.0,2199535.0,0.23190000000000002,0.2732,0.3708,0.4948,0.531,0.5447000000000001,0.5591,0.5952000000000001,0.5612,0.5678000000000001,0.6448,0.5831000000000001
2025-01-31,Iwik,Sen2Cor,S2B_MSIL2A_20250131T113319_N0511_R080_T28QCG_20250131T170258.SAFE,C:\Users\Simon\Nextcloud\Project\Mauritania\Science\Arguin - FieldWork Data Processing\Data\S2\Sen2Cor\S2B_MSIL2A_20250131T113319_N0511_R080_T28QCG_20250131T170258.zip,519,48,6349,363495.0,2199535.0,0.23190000000000002,0.2762,0.3764,0.5008,0.531,0.5447000000000001,0.5591,0.5996,0.5612,0.5678000000000001,0.6448,0.5831000000000001
2025-01-31,Iwik,Sen2Cor,S2B_MSIL2A_20250131T113319_N0511_R080_T28QCG_20250131T170258.SAFE,C:\Users\Simon\Nextcloud\Project\Mauritania\Science\Arguin - FieldWork Data Processing\Data\S2\Sen2Cor\S2B_MSIL2A_20250131T113319_N0511_R080_T28QCG_20250131T170258.zip,520,48,6350,363505.0,2199535.0,0.23120000000000002,0.2728,0.368,0.4888,0.5328,0.5449,0.5581,0.5972000000000001,0.5638000000000001,0.5678000000000001,0.645,0.5837
2025-01-31,Iwik,Sen2Cor,S2B_MSIL2A_20250131T113319_N0511_R080_T28QCG_20250131T170258.SAFE,C:\Users\Simon\Nextcloud\Project\Mauritania\Science\Arguin - FieldWork Data Processing\Data\S2\Sen2Cor\S2B_MSIL2A_20250131T113319_N0511_R080_T28QCG_20250131T170258.zip,521,48,6351,363515.0,2199535.0,0.23120000000000002,0.27,0.36960000000000004,0.49520000000000003,0.5328,0.5449,0.5581,0.5924,0.5638000000000001,0.5678000000000001,0.645,0.5837
2025-01-31,Iwik,Sen2Cor,S2B_MSIL2A_20250131T113319_N0511_R080_T28QCG_20250131T170258.SAFE,C:\Users\Simon\Nextcloud\Project\Mauritania\Science\Arguin - FieldWork Data Processing\Data\S2\Sen2Cor\S2B_MSIL2A_20250131T113319_N0511_R080_T28QCG_20250131T170258.zip,522,48,6352,363525.0,2199535.0,0.23040000000000002,0.28,0.38520000000000004,0.5128,0.5441,0.5533,0.5656,0.6048,0.5677,0.5678000000000001,0.649,0.5863
2025-01-31,Iwik,Sen2Cor,S2B_MSIL2A_20250131T113319_N0511_R080_T28QCG_20250131T170258.SAFE,C:\Users\Simon\Nextcloud\Project\Mauritania\Science\Arguin - FieldWork Data Processing\Data\S2\Sen2Cor\S2B_MSIL2A_20250131T113319_N0511_R080_T28QCG_20250131T170258.zip,523,48,6353,363535.0,2199535.0,0.23040000000000002,0.2844,0.3836,0.5112,0.5441,0.5533,0.5656,0.6144000000000001,0.5677,0.5678000000000001,0.649,0.5863
2025-01-31,Iwik,Sen2Cor,S2B_MSIL2A_20250131T113319_N0511_R080_T28QCG_20250131T170258.SAFE,C:\Users\Simon\Nextcloud\Project\Mauritania\Science\Arguin - FieldWork Data Processing\Data\S2\Sen2Cor\S2B_MSIL2A_20250131T113319_N0511_R080_T28QCG_20250131T170258.zip,524,48,6354,363545.0,2199535.0,0.23070000000000002,0.2778,0.382,0.5052,0.5498000000000001,0.5576,0.5710000000000001,0.61,0.5743,0.5685,0.6535000000000001,0.5943
2025-01-31,Iwik,Sen2Cor,S2B_MSIL2A_20250131T113319_N0511_R080_T28QCG_20250131T170258.SAFE,C:\Users\Simon\Nextcloud\Project\Mauritania\Science\Arguin - FieldWork Data Processing\Data\S2\Sen2Cor\S2B_MSIL2A_20250131T113319_N0511_R080_T28QCG_20250131T170258.zip,525,48,6355,363555.0,2199535.0,0.23070000000000002,0.2846,0.38680000000000003,0.508,0.5498000000000001,0.5576,0.5710000000000001,0.6124,0.5743,0.5685,0.6535000000000001,0.5943
2025-01-31,Iwik,Sen2Cor,S2B_MSIL2A_20250131T113319_N0511_R080_T28QCG_20250131T170258.SAFE,C:\Users\Simon\Nextcloud\Project\Mauritania\Science\Arguin - FieldWork Data Processing\Data\S2\Sen2Cor\S2B_MSIL2A_20250131T113319_N0511_R080_T28QCG_20250131T170258.zip,526,48,6356,363565.0,2199535.0,0.23,0.2874,0.3856,0.516,0.5533,0.5611,0.5734,0.6164000000000001,0.5776,0.5685,0.6548,0.5939
2025-01-31,Iwik,Sen2Cor,S2B_MSIL2A_20250131T113319_N0511_R080_T28QCG_20250131T170258.SAFE,C:\Users\Simon\Nextcloud\Project\Mauritania\Science\Arguin - FieldWork Data Processing\Data\S2\Sen2Cor\S2B_MSIL2A_20250131T113319_N0511_R080_T28QCG_20250131T170258.zip,527,48,6357,363575.0,2199535.0,0.23,0.2842,0.3864,0.5128,0.5533,0.5611,0.5734,0.6188,0.5776,0.5685,0.6548,0.5939
2025-01-31,Iwik,Sen2Cor,S2B_MSIL2A_20250131T113319_N0511_R080_T28QCG_20250131T170258.SAFE,C:\Users\Simon\Nextcloud\Project\Mauritania\Science\Arguin - FieldWork Data Processing\Data\S2\Sen2Cor\S2B_MSIL2A_20250131T113319_N0511_R080_T28QCG_20250131T170258.zip,528,49,6334,363345.0,2199525.0,0.232,0.2746,0.36960000000000004,0.49200000000000005,0.537,0.5522,0.5674,0.598,0.5680000000000001,0.5680000000000001,0.6585000000000001,0.6069
2025-01-31,Iwik,Sen2Cor,S2B_MSIL2A_20250131T113319_N0511_R080_T28QCG_20250131T170258.SAFE,C:\Users\Simon\Nextcloud\Project\Mauritania\Science\Arguin - FieldWork Data Processing\Data\S2\Sen2Cor\S2B_MSIL2A_20250131T113319_N0511_R080_T28QCG_20250131T170258.zip,529,49,6335,363355.0,2199525.0,0.232,0.2802,0.3744,0.498,0.537,0.5522,0.5674,0.6108,0.5680000000000001,0.5680000000000001,0.6585000000000001,0.6069
2025-01-31,Iwik,Sen2Cor,S2B_MSIL2A_20250131T113319_N0511_R080_T28QCG_20250131T170258.SAFE,C:\Users\Simon\Nextcloud\Project\Mauritania\Science\Arguin - FieldWork Data Processing\Data\S2\Sen2Cor\S2B_MSIL2A_20250131T113319_N0511_R080_T28QCG_20250131T170258.zip,530,49,6336,363365.0,2199525.0,0.23650000000000002,0.28340000000000004,0.3796,0.5088,0.5478000000000001,0.5627,0.5776,0.6164000000000001,0.5846,0.5813,0.6609,0.6052000000000001
2025-01-31,Iwik,Sen2Cor,S2B_MSIL2A_20250131T113319_N0511_R080_T28QCG_20250131T170258.SAFE,C:\Users\Simon\Nextcloud\Project\Mauritania\Science\Arguin - FieldWork Data Processing\Data\S2\Sen2Cor\S2B_MSIL2A_20250131T113319_N0511_R080_T28QCG_20250131T170258.zip,531,49,6337,363375.0,2199525.0,0.23650000000000002,0.2862,0.3904,0.5152,0.5478000000000001,0.5627,0.5776,0.6192000000000001,0.5846,0.5813,0.6609,0.6052000000000001
2025-01-31,Iwik,Sen2Cor,S2B_MSIL2A_20250131T113319_N0511_R080_T28QCG_20250131T170258.SAFE,C:\Users\Simon\Nextcloud\Project\Mauritania\Science\Arguin - FieldWork Data Processing\Data\S2\Sen2Cor\S2B_MSIL2A_20250131T113319_N0511_R080_T28QCG_20250131T170258.zip,532,49,6338,363385.0,2199525.0,0.2394,0.2854,0.3904,0.5132,0.5547000000000001,0.5644,0.5804,0.6176,0.5891000000000001,0.5813,0.6643,0.6047
2025-01-31,Iwik,Sen2Cor,S2B_MSIL2A_20250131T113319_N0511_R080_T28QCG_20250131T170258.SAFE,C:\Users\Simon\Nextcloud\Project\Mauritania\Science\Arguin - FieldWork Data Processing\Data\S2\Sen2Cor\S2B_MSIL2A_20250131T113319_N0511_R080_T28QCG_20250131T170258.zip,533,49,6339,363395.0,2199525.0,0.2394,0.2872,0.3876,0.514,0.5547000000000001,0.5644,0.5804,0.6208,0.5891000000000001,0.5813,0.6643,0.6047
2025-01-31,Iwik,Sen2Cor,S2B_MSIL2A_20250131T113319_N0511_R080_T28QCG_20250131T170258.SAFE,C:\Users\Simon\Nextcloud\Project\Mauritania\Science\Arguin - FieldWork Data Processing\Data\S2\Sen2Cor\S2B_MSIL2A_20250131T113319_N0511_R080_T28QCG_20250131T170258.zip,534,49,6340,363405.0,2199525.0,0.2396,0.2812,0.38320000000000004,0.5092,0.5514,0.561,0.5761000000000001,0.612,0.5840000000000001,0.5813,0.6612,0.6045
2025-01-31,Iwik,Sen2Cor,S2B_MSIL2A_20250131T113319_N0511_R080_T28QCG_20250131T170258.SAFE,C:\Users\Simon\Nextcloud\Project\Mauritania\Science\Arguin - FieldWork Data Processing\Data\S2\Sen2Cor\S2B_MSIL2A_20250131T113319_N0511_R080_T28QCG_20250131T170258.zip,535,49,6341,363415.0,2199525.0,0.2396,0.2822,0.384,0.5116,0.5514,0.561,0.5761000000000001,0.6188,0.5840000000000001,0.5813,0.6612,0.6045
2025-01-31,Iwik,Sen2Cor,S2B_MSIL2A_20250131T113319_N0511_R080_T28QCG_20250131T170258.SAFE,C:\Users\Simon\Nextcloud\Project\Mauritania\Science\Arguin - FieldWork Data Processing\Data\S2\Sen2Cor\S2B_MSIL2A_20250131T113319_N0511_R080_T28QCG_20250131T170258.zip,536,49,6342,363425.0,2199525.0,0.23700000000000002,0.2812,0.3816,0.508,0.5503,0.5589000000000001,0.5761000000000001,0.6084,0.5811000000000001,0.5755,0.6567000000000001,0.5969
2025-01-31,Iwik,Sen2Cor,S2B_MSIL2A_20250131T113319_N0511_R080_T28QCG_20250131T170258.SAFE,C:\Users\Simon\Nextcloud\Project\Mauritania\Science\Arguin - FieldWork Data Processing\Data\S2\Sen2Cor\S2B_MSIL2A_20250131T113319_N0511_R080_T28QCG_20250131T170258.zip,537,49,6343,363435.0,2199525.0,0.23700000000000002,0.2866,0.3864,0.514,0.5503,0.5589000000000001,0.5761000000000001,0.6132000000000001,0.5811000000000001,0.5755,0.6567000000000001,0.5969
2025-01-31,Iwik,Sen2Cor,S2B_MSIL2A_20250131T113319_N0511_R080_T28QCG_20250131T170258.SAFE,C:\Users\Simon\Nextcloud\Project\Mauritania\Science\Arguin - FieldWork Data Processing\Data\S2\Sen2Cor\S2B_MSIL2A_20250131T113319_N0511_R080_T28QCG_20250131T170258.zip,538,49,6344,363445.0,2199525.0,0.2349,0.2856,0.3884,0.5148,0.5471,0.5578000000000001,0.5769000000000001,0.6128,0.5742,0.5755,0.6528,0.5903
2025-01-31,Iwik,Sen2Cor,S2B_MSIL2A_20250131T113319_N0511_R080_T28QCG_20250131T170258.SAFE,C:\Users\Simon\Nextcloud\Project\Mauritania\Science\Arguin - FieldWork Data Processing\Data\S2\Sen2Cor\S2B_MSIL2A_20250131T113319_N0511_R080_T28QCG_20250131T170258.zip,539,49,6345,363455.0,2199525.0,0.2349,0.2762,0.382,0.504,0.5471,0.5578000000000001,0.5769000000000001,0.6108,0.5742,0.5755,0.6528,0.5903
2025-01-31,Iwik,Sen2Cor,S2B_MSIL2A_20250131T113319_N0511_R080_T28QCG_20250131T170258.SAFE,C:\Users\Simon\Nextcloud\Project\Mauritania\Science\Arguin - FieldWork Data Processing\Data\S2\Sen2Cor\S2B_MSIL2A_20250131T113319_N0511_R080_T28QCG_20250131T170258.zip,540,49,6346,363465.0,2199525.0,0.23390000000000002,0.2736,0.37560000000000004,0.5004000000000001,0.5354,0.5491,0.5651,0.6,0.5661,0.5755,0.6496000000000001,0.5874
2025-01-31,Iwik,Sen2Cor,S2B_MSIL2A_20250131T113319_N0511_R080_T28QCG_20250131T170258.SAFE,C:\Users\Simon\Nextcloud\Project\Mauritania\Science\Arguin - FieldWork Data Processing\Data\S2\Sen2Cor\S2B_MSIL2A_20250131T113319_N0511_R080_T28QCG_20250131T170258.zip,541,49,6347,363475.0,2199525.0,0.23390000000000002,0.2756,0.37,0.5008,0.5354,0.5491,0.5651,0.596,0.5661,0.5755,0.6496000000000001,0.5874
2025-01-31,Iwik,Sen2Cor,S2B_MSIL2A_20250131T113319_N0511_R080_T28QCG_20250131T170258.SAFE,C:\Users\Simon\Nextcloud\Project\Mauritania\Science\Arguin - FieldWork Data Processing\Data\S2\Sen2Cor\S2B_MSIL2A_20250131T113319_N0511_R080_T28QCG_20250131T170258.zip,542,49,6348,363485.0,2199525.0,0.23190000000000002,0.279,0.378,0.4984,0.531,0.5447000000000001,0.5591,0.6016,0.5612,0.5678000000000001,0.6448,0.5831000000000001
2025-01-31,Iwik,Sen2Cor,S2B_MSIL2A_20250131T113319_N0511_R080_T28QCG_20250131T170258.SAFE,C:\Users\Simon\Nextcloud\Project\Mauritania\Science\Arguin - FieldWork Data Processing\Data\S2\Sen2Cor\S2B_MSIL2A_20250131T113319_N0511_R080_T28QCG_20250131T170258.zip,543,49,6349,363495.0,2199525.0,0.23190000000000002,0.27740000000000004,0.3804,0.49520000000000003,0.531,0.5447000000000001,0.5591,0.602,0.5612,0.5678000000000001,0.6448,0.5831000000000001
2025-01-31,Iwik,Sen2Cor,S2B_MSIL2A_20250131T113319_N0511_R080_T28QCG_20250131T170258.SAFE,C:\Users\Simon\Nextcloud\Project\Mauritania\Science\Arguin - FieldWork Data Processing\Data\S2\Sen2Cor\S2B_MSIL2A_20250131T113319_N0511_R080_T28QCG_20250131T170258.zip,544,49,6350,363505.0,2199525.0,0.23120000000000002,0.27440000000000003,0.36960000000000004,0.4884,0.5328,0.5449,0.5581,0.5912000000000001,0.5638000000000001,0.5678000000000001,0.645,0.5837
2025-01-31,Iwik,Sen2Cor,S2B_MSIL2A_20250131T113319_N0511_R080_T28QCG_20250131T170258.SAFE,C:\Users\Simon\Nextcloud\Project\Mauritania\Science\Arguin - FieldWork Data Processing\Data\S2\Sen2Cor\S2B_MSIL2A_20250131T113319_N0511_R080_T28QCG_20250131T170258.zip,545,49,6351,363515.0,2199525.0,0.23120000000000002,0.28400000000000003,0.38280000000000003,0.5132,0.5328,0.5449,0.5581,0.6076,0.5638000000000001,0.5678000000000001,0.645,0.5837
2025-01-31,Iwik,Sen2Cor,S2B_MSIL2A_20250131T113319_N0511_R080_T28QCG_20250131T170258.SAFE,C:\Users\Simon\Nextcloud\Project\Mauritania\Science\Arguin - FieldWork Data Processing\Data\S2\Sen2Cor\S2B_MSIL2A_20250131T113319_N0511_R080_T28QCG_20250131T170258.zip,546,49,6352,363525.0,2199525.0,0.23040000000000002,0.2856,0.3912,0.5148,0.5441,0.5533,0.5656,0.6148,0.5677,0.5678000000000001,0.649,0.5863
2025-01-31,Iwik,Sen2Cor,S2B_MSIL2A_20250131T113319_N0511_R080_T28QCG_20250131T170258.SAFE,C:\Users\Simon\Nextcloud\Project\Mauritania\Science\Arguin - FieldWork Data Processing\Data\S2\Sen2Cor\S2B_MSIL2A_20250131T113319_N0511_R080_T28QCG_20250131T170258.zip,547,49,6353,363535.0,2199525.0,0.23040000000000002,0.2806,0.3768,0.5028,0.5441,0.5533,0.5656,0.606,0.5677,0.5678000000000001,0.649,0.5863
2025-01-31,Iwik,Sen2Cor,S2B_MSIL2A_20250131T113319_N0511_R080_T28QCG_20250131T170258.SAFE,C:\Users\Simon\Nextcloud\Project\Mauritania\Science\Arguin - FieldWork Data Processing\Data\S2\Sen2Cor\S2B_MSIL2A_20250131T113319_N0511_R080_T28QCG_20250131T170258.zip,548,49,6354,363545.0,2199525.0,0.23070000000000002,0.2792,0.3796,0.498,0.5498000000000001,0.5576,0.5710000000000001,0.6044,0.5743,0.5685,0.6535000000000001,0.5943
2025-01-31,Iwik,Sen2Cor,S2B_MSIL2A_20250131T113319_N0511_R080_T28QCG_20250131T170258.SAFE,C:\Users\Simon\Nextcloud\Project\Mauritania\Science\Arguin - FieldWork Data Processing\Data\S2\Sen2Cor\S2B_MSIL2A_20250131T113319_N0511_R080_T28QCG_20250131T170258.zip,549,49,6355,363555.0,2199525.0,0.23070000000000002,0.2832,0.3904,0.5124000000000001,0.5498000000000001,0.5576,0.5710000000000001,0.6092000000000001,0.5743,0.5685,0.6535000000000001,0.5943
2025-01-31,Iwik,Sen2Cor,S2B_MSIL2A_20250131T113319_N0511_R080_T28QCG_20250131T170258.SAFE,C:\Users\Simon\Nextcloud\Project\Mauritania\Science\Arguin - FieldWork Data Processing\Data\S2\Sen2Cor\S2B_MSIL2A_20250131T113319_N0511_R080_T28QCG_20250131T170258.zip,550,49,6356,363565.0,2199525.0,0.23,0.2842,0.386,0.5132,0.5533,0.5611,0.5734,0.6136,0.5776,0.5685,0.6548,0.5939
2025-01-31,Iwik,Sen2Cor,S2B_MSIL2A_20250131T113319_N0511_R080_T28QCG_20250131T170258.SAFE,C:\Users\Simon\Nextcloud\Project\Mauritania\Science\Arguin - FieldWork Data Processing\Data\S2\Sen2Cor\S2B_MSIL2A_20250131T113319_N0511_R080_T28QCG_20250131T170258.zip,551,49,6357,363575.0,2199525.0,0.23,0.27540000000000003,0.3816,0.502,0.5533,0.5611,0.5734,0.6064,0.5776,0.5685,0.6548,0.5939
2025-01-31,Iwik,Sen2Cor,S2B_MSIL2A_20250131T113319_N0511_R080_T28QCG_20250131T170258.SAFE,C:\Users\Simon\Nextcloud\Project\Mauritania\Science\Arguin - FieldWork Data Processing\Data\S2\Sen2Cor\S2B_MSIL2A_20250131T113319_N0511_R080_T28QCG_20250131T170258.zip,552,50,6334,363345.0,2199515.0,0.22870000000000001,0.2742,0.36960000000000004,0.4892,0.5365,0.5505,0.5655,0.606,0.5748,0.5680000000000001,0.6575000000000001,0.6052000000000001
2025-01-31,Iwik,Sen2Cor,S2B_MSIL2A_20250131T113319_N0511_R080_T28QCG_20250131T170258.SAFE,C:\Users\Simon\Nextcloud\Project\Mauritania\Science\Arguin - FieldWork Data Processing\Data\S2\Sen2Cor\S2B_MSIL2A_20250131T113319_N0511_R080_T28QCG_20250131T170258.zip,553,50,6335,363355.0,2199515.0,0.22870000000000001,0.27740000000000004,0.376,0.49760000000000004,0.5365,0.5505,0.5655,0.6132000000000001,0.5748,0.5680000000000001,0.6575000000000001,0.6052000000000001
2025-01-31,Iwik,Sen2Cor,S2B_MSIL2A_20250131T113319_N0511_R080_T28QCG_20250131T170258.SAFE,C:\Users\Simon\Nextcloud\Project\Mauritania\Science\Arguin - FieldWork Data Processing\Data\S2\Sen2Cor\S2B_MSIL2A_20250131T113319_N0511_R080_T28QCG_20250131T170258.zip,554,50,6336,363365.0,2199515.0,0.23420000000000002,0.2786,0.38,0.5036,0.5421,0.5535,0.5727,0.608,0.5785,0.5813,0.6577000000000001,0.6048
2025-01-31,Iwik,Sen2Cor,S2B_MSIL2A_20250131T113319_N0511_R080_T28QCG_20250131T170258.SAFE,C:\Users\Simon\Nextcloud\Project\Mauritania\Science\Arguin - FieldWork Data Processing\Data\S2\Sen2Cor\S2B_MSIL2A_20250131T113319_N0511_R080_T28QCG_20250131T170258.zip,555,50,6337,363375.0,2199515.0,0.23420000000000002,0.2812,0.384,0.508,0.5421,0.5535,0.5727,0.6108,0.5785,0.5813,0.6577000000000001,0.6048
2025-01-31,Iwik,Sen2Cor,S2B_MSIL2A_20250131T113319_N0511_R080_T28QCG_20250131T170258.SAFE,C:\Users\Simon\Nextcloud\Project\Mauritania\Science\Arguin - FieldWork Data Processing\Data\S2\Sen2Cor\S2B_MSIL2A_20250131T113319_N0511_R080_T28QCG_20250131T170258.zip,556,50,6338,363385.0,2199515.0,0.2381,0.2854,0.386,0.5132,0.5465,0.5558000000000001,0.5796,0.6152000000000001,0.5832,0.5813,0.6599,0.603
2025-01-31,Iwik,Sen2Cor,S2B_MSIL2A_20250131T113319_N0511_R080_T28QCG_20250131T170258.SAFE,C:\Users\Simon\Nextcloud\Project\Mauritania\Science\Arguin - FieldWork Data Processing\Data\S2\Sen2Cor\S2B_MSIL2A_20250131T113319_N0511_R080_T28QCG_20250131T170258.zip,557,50,6339,363395.0,2199515.0,0.2381,0.2876,0.38480000000000003,0.5112,0.5465,0.5558000000000001,0.5796,0.6168,0.5832,0.5813,0.6599,0.603
2025-01-31,Iwik,Sen2Cor,S2B_MSIL2A_20250131T113319_N0511_R080_T28QCG_20250131T170258.SAFE,C:\Users\Simon\Nextcloud\Project\Mauritania\Science\Arguin - FieldWork Data Processing\Data\S2\Sen2Cor\S2B_MSIL2A_20250131T113319_N0511_R080_T28QCG_20250131T170258.zip,558,50,6340,363405.0,2199515.0,0.23820000000000002,0.2806,0.3844,0.5104000000000001,0.5461,0.556,0.5722,0.6168,0.5773,0.5813,0.6582,0.6023000000000001
2025-01-31,Iwik,Sen2Cor,S2B_MSIL2A_20250131T113319_N0511_R080_T28QCG_20250131T170258.SAFE,C:\Users\Simon\Nextcloud\Project\Mauritania\Science\Arguin - FieldWork Data Processing\Data\S2\Sen2Cor\S2B_MSIL2A_20250131T113319_N0511_R080_T28QCG_20250131T170258.zip,559,50,6341,363415.0,2199515.0,0.23820000000000002,0.28240000000000004,0.38280000000000003,0.5112,0.5461,0.556,0.5722,0.6168,0.5773,0.5813,0.6582,0.6023000000000001
2025-01-31,Iwik,Sen2Cor,S2B_MSIL2A_20250131T113319_N0511_R080_T28QCG_20250131T170258.SAFE,C:\Users\Simon\Nextcloud\Project\Mauritania\Science\Arguin - FieldWork Data Processing\Data\S2\Sen2Cor\S2B_MSIL2A_20250131T113319_N0511_R080_T28QCG_20250131T170258.zip,560,50,6342,363425.0,2199515.0,0.2378,0.279,0.3804,0.5108,0.5546,0.5637,0.5782,0.6112000000000001,0.5824,0.5755,0.66,0.5967
2025-01-31,Iwik,Sen2Cor,S2B_MSIL2A_20250131T113319_N0511_R080_T28QCG_20250131T170258.SAFE,C:\Users\Simon\Nextcloud\Project\Mauritania\Science\Arguin - FieldWork Data Processing\Data\S2\Sen2Cor\S2B_MSIL2A_20250131T113319_N0511_R080_T28QCG_20250131T170258.zip,561,50,6343,363435.0,2199515.0,0.2378,0.2832,0.38680000000000003,0.5124000000000001,0.5546,0.5637,0.5782,0.618,0.5824,0.5755,0.66,0.5967
2025-01-31,Iwik,Sen2Cor,S2B_MSIL2A_20250131T113319_N0511_R080_T28QCG_20250131T170258.SAFE,C:\Users\Simon\Nextcloud\Project\Mauritania\Science\Arguin - FieldWork Data Processing\Data\S2\Sen2Cor\S2B_MSIL2A_20250131T113319_N0511_R080_T28QCG_20250131T170258.zip,562,50,6344,363445.0,2199515.0,0.2363,0.2874,0.39080000000000004,0.5168,0.5512,0.5640000000000001,0.5760000000000001,0.6212,0.5816,0.5755,0.6544,0.5900000000000001
2025-01-31,Iwik,Sen2Cor,S2B_MSIL2A_20250131T113319_N0511_R080_T28QCG_20250131T170258.SAFE,C:\Users\Simon\Nextcloud\Project\Mauritania\Science\Arguin - FieldWork Data Processing\Data\S2\Sen2Cor\S2B_MSIL2A_20250131T113319_N0511_R080_T28QCG_20250131T170258.zip,563,50,6345,363455.0,2199515.0,0.2363,0.2878,0.38520000000000004,0.5084000000000001,0.5512,0.5640000000000001,0.5760000000000001,0.6196,0.5816,0.5755,0.6544,0.5900000000000001
2025-01-31,Iwik,Sen2Cor,S2B_MSIL2A_20250131T113319_N0511_R080_T28QCG_20250131T170258.SAFE,C:\Users\Simon\Nextcloud\Project\Mauritania\Science\Arguin - FieldWork Data Processing\Data\S2\Sen2Cor\S2B_MSIL2A_20250131T113319_N0511_R080_T28QCG_20250131T170258.zip,564,50,6346,363465.0,2199515.0,0.2356,0.2786,0.3804,0.5008,0.5382,0.5484,0.5630000000000001,0.6024,0.5668000000000001,0.5755,0.6481,0.5854
2025-01-31,Iwik,Sen2Cor,S2B_MSIL2A_20250131T113319_N0511_R080_T28QCG_20250131T170258.SAFE,C:\Users\Simon\Nextcloud\Project\Mauritania\Science\Arguin - FieldWork Data Processing\Data\S2\Sen2Cor\S2B_MSIL2A_20250131T113319_N0511_R080_T28QCG_20250131T170258.zip,565,50,6347,363475.0,2199515.0,0.2356,0.2786,0.3776,0.49960000000000004,0.5382,0.5484,0.5630000000000001,0.6004,0.5668000000000001,0.5755,0.6481,0.5854
2025-01-31,Iwik,Sen2Cor,S2B_MSIL2A_20250131T113319_N0511_R080_T28QCG_20250131T170258.SAFE,C:\Users\Simon\Nextcloud\Project\Mauritania\Science\Arguin - FieldWork Data Processing\Data\S2\Sen2Cor\S2B_MSIL2A_20250131T113319_N0511_R080_T28QCG_20250131T170258.zip,566,50,6348,363485.0,2199515.0,0.2336,0.2808,0.37720000000000004,0.49920000000000003,0.5388000000000001,0.5458000000000001,0.5607,0.6,0.5661,0.5678000000000001,0.6451,0.5827
2025-01-31,Iwik,Sen2Cor,S2B_MSIL2A_20250131T113319_N0511_R080_T28QCG_20250131T170258.SAFE,C:\Users\Simon\Nextcloud\Project\Mauritania\Science\Arguin - FieldWork Data Processing\Data\S2\Sen2Cor\S2B_MSIL2A_20250131T113319_N0511_R080_T28QCG_20250131T170258.zip,567,50,6349,363495.0,2199515.0,0.2336,0.28,0.3748,0.5008,0.5388000000000001,0.5458000000000001,0.5607,0.6,0.5661,0.5678000000000001,0.6451,0.5827
2025-01-31,Iwik,Sen2Cor,S2B_MSIL2A_20250131T113319_N0511_R080_T28QCG_20250131T170258.SAFE,C:\Users\Simon\Nextcloud\Project\Mauritania\Science\Arguin - FieldWork Data Processing\Data\S2\Sen2Cor\S2B_MSIL2A_20250131T113319_N0511_R080_T28QCG_20250131T170258.zip,568,50,6350,363505.0,2199515.0,0.2326,0.2836,0.37920000000000004,0.5,0.5398000000000001,0.5486,0.5641,0.6024,0.5708,0.5678000000000001,0.6464000000000001,0.5842
2025-01-31,Iwik,Sen2Cor,S2B_MSIL2A_20250131T113319_N0511_R080_T28QCG_20250131T170258.SAFE,C:\Users\Simon\Nextcloud\Project\Mauritania\Science\Arguin - FieldWork Data Processing\Data\S2\Sen2Cor\S2B_MSIL2A_20250131T113319_N0511_R080_T28QCG_20250131T170258.zip,569,50,6351,363515.0,2199515.0,0.2326,0.279,0.38520000000000004,0.508,0.5398000000000001,0.5486,0.5641,0.604,0.5708,0.5678000000000001,0.6464000000000001,0.5842
2025-01-31,Iwik,Sen2Cor,S2B_MSIL2A_20250131T113319_N0511_R080_T28QCG_20250131T170258.SAFE,C:\Users\Simon\Nextcloud\Project\Mauritania\Science\Arguin - FieldWork Data Processing\Data\S2\Sen2Cor\S2B_MSIL2A_20250131T113319_N0511_R080_T28QCG_20250131T170258.zip,570,50,6352,363525.0,2199515.0,0.23140000000000002,0.279,0.374,0.49720000000000003,0.5427000000000001,0.5479,0.5655,0.598,0.5709000000000001,0.5678000000000001,0.6469,0.5857
2025-01-31,Iwik,Sen2Cor,S2B_MSIL2A_20250131T113319_N0511_R080_T28QCG_20250131T170258.SAFE,C:\Users\Simon\Nextcloud\Project\Mauritania\Science\Arguin - FieldWork Data Processing\Data\S2\Sen2Cor\S2B_MSIL2A_20250131T113319_N0511_R080_T28QCG_20250131T170258.zip,571,50,6353,363535.0,2199515.0,0.23140000000000002,0.2762,0.37120000000000003,0.49000000000000005,0.5427000000000001,0.5479,0.5655,0.5928,0.5709000000000001,0.5678000000000001,0.6469,0.5857
2025-01-31,Iwik,Sen2Cor,S2B_MSIL2A_20250131T113319_N0511_R080_T28QCG_20250131T170258.SAFE,C:\Users\Simon\Nextcloud\Project\Mauritania\Science\Arguin - FieldWork Data Processing\Data\S2\Sen2Cor\S2B_MSIL2A_20250131T113319_N0511_R080_T28QCG_20250131T170258.zip,572,50,6354,363545.0,2199515.0,0.23120000000000002,0.2856,0.3804,0.506,0.5453,0.5515,0.5670000000000001,0.6036,0.5754,0.5685,0.6504,0.5901000000000001
2025-01-31,Iwik,Sen2Cor,S2B_MSIL2A_20250131T113319_N0511_R080_T28QCG_20250131T170258.SAFE,C:\Users\Simon\Nextcloud\Project\Mauritania\Science\Arguin - FieldWork Data Processing\Data\S2\Sen2Cor\S2B_MSIL2A_20250131T113319_N0511_R080_T28QCG_20250131T170258.zip,573,50,6355,363555.0,2199515.0,0.23120000000000002,0.2798,0.384,0.5136000000000001,0.5453,0.5515,0.5670000000000001,0.6076,0.5754,0.5685,0.6504,0.5901000000000001
2025-01-31,Iwik,Sen2Cor,S2B_MSIL2A_20250131T113319_N0511_R080_T28QCG_20250131T170258.SAFE,C:\Users\Simon\Nextcloud\Project\Mauritania\Science\Arguin - FieldWork Data Processing\Data\S2\Sen2Cor\S2B_MSIL2A_20250131T113319_N0511_R080_T28QCG_20250131T170258.zip,574,50,6356,363565.0,2199515.0,0.2298,0.2776,0.38320000000000004,0.5068,0.538,0.5471,0.561,0.6048,0.5689000000000001,0.5685,0.6458,0.5857
2025-01-31,Iwik,Sen2Cor,S2B_MSIL2A_20250131T113319_N0511_R080_T28QCG_20250131T170258.SAFE,C:\Users\Simon\Nextcloud\Project\Mauritania\Science\Arguin - FieldWork Data Processing\Data\S2\Sen2Cor\S2B_MSIL2A_20250131T113319_N0511_R080_T28QCG_20250131T170258.zip,575,51,6334,363345.0,2199505.0,0.22870000000000001,0.2786,0.37520000000000003,0.4948,0.5365,0.5505,0.5655,0.606,0.5748,0.5680000000000001,0.6575000000000001,0.6052000000000001
2025-01-31,Iwik,Sen2Cor,S2B_MSIL2A_20250131T113319_N0511_R080_T28QCG_20250131T170258.SAFE,C:\Users\Simon\Nextcloud\Project\Mauritania\Science\Arguin - FieldWork Data Processing\Data\S2\Sen2Cor\S2B_MSIL2A_20250131T113319_N0511_R080_T28QCG_20250131T170258.zip,576,51,6335,363355.0,2199505.0,0.22870000000000001,0.281,0.37920000000000004,0.5044000000000001,0.5365,0.5505,0.5655,0.6104,0.5748,0.5680000000000001,0.6575000000000001,0.6052000000000001
2025-01-31,Iwik,Sen2Cor,S2B_MSIL2A_20250131T113319_N0511_R080_T28QCG_20250131T170258.SAFE,C:\Users\Simon\Nextcloud\Project\Mauritania\Science\Arguin - FieldWork Data Processing\Data\S2\Sen2Cor\S2B_MSIL2A_20250131T113319_N0511_R080_T28QCG_20250131T170258.zip,577,51,6336,363365.0,2199505.0,0.23420000000000002,0.2792,0.3796,0.5024000000000001,0.5421,0.5535,0.5727,0.6092000000000001,0.5785,0.5813,0.6577000000000001,0.6048
2025-01-31,Iwik,Sen2Cor,S2B_MSIL2A_20250131T113319_N0511_R080_T28QCG_20250131T170258.SAFE,C:\Users\Simon\Nextcloud\Project\Mauritania\Science\Arguin - FieldWork Data Processing\Data\S2\Sen2Cor\S2B_MSIL2A_20250131T113319_N0511_R080_T28QCG_20250131T170258.zip,578,51,6337,363375.0,2199505.0,0.23420000000000002,0.2786,0.37920000000000004,0.502,0.5421,0.5535,0.5727,0.6076,0.5785,0.5813,0.6577000000000001,0.6048
2025-01-31,Iwik,Sen2Cor,S2B_MSIL2A_20250131T113319_N0511_R080_T28QCG_20250131T170258.SAFE,C:\Users\Simon\Nextcloud\Project\Mauritania\Science\Arguin - FieldWork Data Processing\Data\S2\Sen2Cor\S2B_MSIL2A_20250131T113319_N0511_R080_T28QCG_20250131T170258.zip,579,51,6338,363385.0,2199505.0,0.2381,0.2768,0.38280000000000003,0.5016,0.5465,0.5558000000000001,0.5796,0.6088,0.5832,0.5813,0.6599,0.603
2025-01-31,Iwik,Sen2Cor,S2B_MSIL2A_20250131T113319_N0511_R080_T28QCG_20250131T170258.SAFE,C:\Users\Simon\Nextcloud\Project\Mauritania\Science\Arguin - FieldWork Data Processing\Data\S2\Sen2Cor\S2B_MSIL2A_20250131T113319_N0511_R080_T28QCG_20250131T170258.zip,580,51,6339,363395.0,2199505.0,0.2381,0.279,0.38280000000000003,0.5064000000000001,0.5465,0.5558000000000001,0.5796,0.612,0.5832,0.5813,0.6599,0.603
2025-01-31,Iwik,Sen2Cor,S2B_MSIL2A_20250131T113319_N0511_R080_T28QCG_20250131T170258.SAFE,C:\Users\Simon\Nextcloud\Project\Mauritania\Science\Arguin - FieldWork Data Processing\Data\S2\Sen2Cor\S2B_MSIL2A_20250131T113319_N0511_R080_T28QCG_20250131T170258.zip,581,51,6340,363405.0,2199505.0,0.23820000000000002,0.2876,0.3808,0.5088,0.5461,0.556,0.5722,0.6144000000000001,0.5773,0.5813,0.6582,0.6023000000000001
2025-01-31,Iwik,Sen2Cor,S2B_MSIL2A_20250131T113319_N0511_R080_T28QCG_20250131T170258.SAFE,C:\Users\Simon\Nextcloud\Project\Mauritania\Science\Arguin - FieldWork Data Processing\Data\S2\Sen2Cor\S2B_MSIL2A_20250131T113319_N0511_R080_T28QCG_20250131T170258.zip,582,51,6341,363415.0,2199505.0,0.23820000000000002,0.2842,0.38,0.5084000000000001,0.5461,0.556,0.5722,0.6148,0.5773,0.5813,0.6582,0.6023000000000001
2025-01-31,Iwik,Sen2Cor,S2B_MSIL2A_20250131T113319_N0511_R080_T28QCG_20250131T170258.SAFE,C:\Users\Simon\Nextcloud\Project\Mauritania\Science\Arguin - FieldWork Data Processing\Data\S2\Sen2Cor\S2B_MSIL2A_20250131T113319_N0511_R080_T28QCG_20250131T170258.zip,583,51,6342,363425.0,2199505.0,0.2378,0.2792,0.3808,0.506,0.5546,0.5637,0.5782,0.6132000000000001,0.5824,0.5755,0.66,0.5967
2025-01-31,Iwik,Sen2Cor,S2B_MSIL2A_20250131T113319_N0511_R080_T28QCG_20250131T170258.SAFE,C:\Users\Simon\Nextcloud\Project\Mauritania\Science\Arguin - FieldWork Data Processing\Data\S2\Sen2Cor\S2B_MSIL2A_20250131T113319_N0511_R080_T28QCG_20250131T170258.zip,584,51,6343,363435.0,2199505.0,0.2378,0.2866,0.38680000000000003,0.5124000000000001,0.5546,0.5637,0.5782,0.6172000000000001,0.5824,0.5755,0.66,0.5967
2025-01-31,Iwik,Sen2Cor,S2B_MSIL2A_20250131T113319_N0511_R080_T28QCG_20250131T170258.SAFE,C:\Users\Simon\Nextcloud\Project\Mauritania\Science\Arguin - FieldWork Data Processing\Data\S2\Sen2Cor\S2B_MSIL2A_20250131T113319_N0511_R080_T28QCG_20250131T170258.zip,585,51,6344,363445.0,2199505.0,0.2363,0.29000000000000004,0.3916,0.518,0.5512,0.5640000000000001,0.5760000000000001,0.6224000000000001,0.5816,0.5755,0.6544,0.5900000000000001
2025-01-31,Iwik,Sen2Cor,S2B_MSIL2A_20250131T113319_N0511_R080_T28QCG_20250131T170258.SAFE,C:\Users\Simon\Nextcloud\Project\Mauritania\Science\Arguin - FieldWork Data Processing\Data\S2\Sen2Cor\S2B_MSIL2A_20250131T113319_N0511_R080_T28QCG_20250131T170258.zip,586,51,6345,363455.0,2199505.0,0.2363,0.28500000000000003,0.3816,0.5092,0.5512,0.5640000000000001,0.5760000000000001,0.6172000000000001,0.5816,0.5755,0.6544,0.5900000000000001
2025-01-31,Iwik,Sen2Cor,S2B_MSIL2A_20250131T113319_N0511_R080_T28QCG_20250131T170258.SAFE,C:\Users\Simon\Nextcloud\Project\Mauritania\Science\Arguin - FieldWork Data Processing\Data\S2\Sen2Cor\S2B_MSIL2A_20250131T113319_N0511_R080_T28QCG_20250131T170258.zip,587,51,6346,363465.0,2199505.0,0.2356,0.27740000000000004,0.3748,0.504,0.5382,0.5484,0.5630000000000001,0.6036,0.5668000000000001,0.5755,0.6481,0.5854
2025-01-31,Iwik,Sen2Cor,S2B_MSIL2A_20250131T113319_N0511_R080_T28QCG_20250131T170258.SAFE,C:\Users\Simon\Nextcloud\Project\Mauritania\Science\Arguin - FieldWork Data Processing\Data\S2\Sen2Cor\S2B_MSIL2A_20250131T113319_N0511_R080_T28QCG_20250131T170258.zip,588,51,6347,363475.0,2199505.0,0.2356,0.2712,0.372,0.49560000000000004,0.5382,0.5484,0.5630000000000001,0.5976,0.5668000000000001,0.5755,0.6481,0.5854
2025-01-31,Iwik,Sen2Cor,S2B_MSIL2A_20250131T113319_N0511_R080_T28QCG_20250131T170258.SAFE,C:\Users\Simon\Nextcloud\Project\Mauritania\Science\Arguin - FieldWork Data Processing\Data\S2\Sen2Cor\S2B_MSIL2A_20250131T113319_N0511_R080_T28QCG_20250131T170258.zip,589,51,6348,363485.0,2199505.0,0.2336,0.2684,0.3704,0.4904,0.5388000000000001,0.5458000000000001,0.5607,0.5944,0.5661,0.5678000000000001,0.6451,0.5827
2025-01-31,Iwik,Sen2Cor,S2B_MSIL2A_20250131T113319_N0511_R080_T28QCG_20250131T170258.SAFE,C:\Users\Simon\Nextcloud\Project\Mauritania\Science\Arguin - FieldWork Data Processing\Data\S2\Sen2Cor\S2B_MSIL2A_20250131T113319_N0511_R080_T28QCG_20250131T170258.zip,590,51,6349,363495.0,2199505.0,0.2336,0.2802,0.376,0.5016,0.5388000000000001,0.5458000000000001,0.5607,0.6004,0.5661,0.5678000000000001,0.6451,0.5827
2025-01-31,Iwik,Sen2Cor,S2B_MSIL2A_20250131T113319_N0511_R080_T28QCG_20250131T170258.SAFE,C:\Users\Simon\Nextcloud\Project\Mauritania\Science\Arguin - FieldWork Data Processing\Data\S2\Sen2Cor\S2B_MSIL2A_20250131T113319_N0511_R080_T28QCG_20250131T170258.zip,591,51,6350,363505.0,2199505.0,0.2326,0.2796,0.3804,0.506,0.5398000000000001,0.5486,0.5641,0.6064,0.5708,0.5678000000000001,0.6464000000000001,0.5842
2025-01-31,Iwik,Sen2Cor,S2B_MSIL2A_20250131T113319_N0511_R080_T28QCG_20250131T170258.SAFE,C:\Users\Simon\Nextcloud\Project\Mauritania\Science\Arguin - FieldWork Data Processing\Data\S2\Sen2Cor\S2B_MSIL2A_20250131T113319_N0511_R080_T28QCG_20250131T170258.zip,592,51,6351,363515.0,2199505.0,0.2326,0.27240000000000003,0.3768,0.49920000000000003,0.5398000000000001,0.5486,0.5641,0.5988,0.5708,0.5678000000000001,0.6464000000000001,0.5842
2025-01-31,Iwik,Sen2Cor,S2B_MSIL2A_20250131T113319_N0511_R080_T28QCG_20250131T170258.SAFE,C:\Users\Simon\Nextcloud\Project\Mauritania\Science\Arguin - FieldWork Data Processing\Data\S2\Sen2Cor\S2B_MSIL2A_20250131T113319_N0511_R080_T28QCG_20250131T170258.zip,593,51,6352,363525.0,2199505.0,0.23140000000000002,0.2818,0.372,0.49960000000000004,0.5427000000000001,0.5479,0.5655,0.5924,0.5709000000000001,0.5678000000000001,0.6469,0.5857
2025-01-31,Iwik,Sen2Cor,S2B_MSIL2A_20250131T113319_N0511_R080_T28QCG_20250131T170258.SAFE,C:\Users\Simon\Nextcloud\Project\Mauritania\Science\Arguin - FieldWork Data Processing\Data\S2\Sen2Cor\S2B_MSIL2A_20250131T113319_N0511_R080_T28QCG_20250131T170258.zip,594,51,6353,363535.0,2199505.0,0.23140000000000002,0.28200000000000003,0.3776,0.5004000000000001,0.5427000000000001,0.5479,0.5655,0.596,0.5709000000000001,0.5678000000000001,0.6469,0.5857
2025-01-31,Iwik,Sen2Cor,S2B_MSIL2A_20250131T113319_N0511_R080_T28QCG_20250131T170258.SAFE,C:\Users\Simon\Nextcloud\Project\Mauritania\Science\Arguin - FieldWork Data Processing\Data\S2\Sen2Cor\S2B_MSIL2A_20250131T113319_N0511_R080_T28QCG_20250131T170258.zip,595,51,6354,363545.0,2199505.0,0.23120000000000002,0.28340000000000004,0.3804,0.5028,0.5453,0.5515,0.5670000000000001,0.606,0.5754,0.5685,0.6504,0.5901000000000001
2025-01-31,Iwik,Sen2Cor,S2B_MSIL2A_20250131T113319_N0511_R080_T28QCG_20250131T170258.SAFE,C:\Users\Simon\Nextcloud\Project\Mauritania\Science\Arguin - FieldWork Data Processing\Data\S2\Sen2Cor\S2B_MSIL2A_20250131T113319_N0511_R080_T28QCG_20250131T170258.zip,596,51,6355,363555.0,2199505.0,0.23120000000000002,0.2776,0.3784,0.5044000000000001,0.5453,0.5515,0.5670000000000001,0.602,0.5754,0.5685,0.6504,0.5901000000000001
2025-01-31,Iwik,Sen2Cor,S2B_MSIL2A_20250131T113319_N0511_R080_T28QCG_20250131T170258.SAFE,C:\Users\Simon\Nextcloud\Project\Mauritania\Science\Arguin - FieldWork Data Processing\Data\S2\Sen2Cor\S2B_MSIL2A_20250131T113319_N0511_R080_T28QCG_20250131T170258.zip,597,52,6333,363335.0,2199495.0,0.2207,0.2732,0.37320000000000003,0.496,0.529,0.5394,0.5599000000000001,0.6132000000000001,0.5702,0.5680000000000001,0.6563,0.6034
2025-01-31,Iwik,Sen2Cor,S2B_MSIL2A_20250131T113319_N0511_R080_T28QCG_20250131T170258.SAFE,C:\Users\Simon\Nextcloud\Project\Mauritania\Science\Arguin - FieldWork Data Processing\Data\S2\Sen2Cor\S2B_MSIL2A_20250131T113319_N0511_R080_T28QCG_20250131T170258.zip,598,52,6334,363345.0,2199495.0,0.2265,0.2872,0.382,0.504,0.5453,0.5594,0.5722,0.6192000000000001,0.5807,0.5680000000000001,0.6606000000000001,0.6082000000000001
2025-01-31,Iwik,Sen2Cor,S2B_MSIL2A_20250131T113319_N0511_R080_T28QCG_20250131T170258.SAFE,C:\Users\Simon\Nextcloud\Project\Mauritania\Science\Arguin - FieldWork Data Processing\Data\S2\Sen2Cor\S2B_MSIL2A_20250131T113319_N0511_R080_T28QCG_20250131T170258.zip,599,52,6335,363355.0,2199495.0,0.2265,0.2928,0.39480000000000004,0.5196000000000001,0.5453,0.5594,0.5722,0.6224000000000001,0.5807,0.5680000000000001,0.6606000000000001,0.6082000000000001
2025-01-31,Iwik,Sen2Cor,S2B_MSIL2A_20250131T113319_N0511_R080_T28QCG_20250131T170258.SAFE,C:\Users\Simon\Nextcloud\Project\Mauritania\Science\Arguin - FieldWork Data Processing\Data\S2\Sen2Cor\S2B_MSIL2A_20250131T113319_N0511_R080_T28QCG_20250131T170258.zip,600,52,6336,363365.0,2199495.0,0.2328,0.2874,0.3836,0.5128,0.5456,0.5594,0.5726,0.6216,0.5843,0.5813,0.6629,0.6101
2025-01-31,Iwik,Sen2Cor,S2B_MSIL2A_20250131T113319_N0511_R080_T28QCG_20250131T170258.SAFE,C:\Users\Simon\Nextcloud\Project\Mauritania\Science\Arguin - FieldWork Data Processing\Data\S2\Sen2Cor\S2B_MSIL2A_20250131T113319_N0511_R080_T28QCG_20250131T170258.zip,601,52,6337,363375.0,2199495.0,0.2328,0.2776,0.3784,0.5024000000000001,0.5456,0.5594,0.5726,0.6168,0.5843,0.5813,0.6629,0.6101
2025-01-31,Iwik,Sen2Cor,S2B_MSIL2A_20250131T113319_N0511_R080_T28QCG_20250131T170258.SAFE,C:\Users\Simon\Nextcloud\Project\Mauritania\Science\Arguin - FieldWork Data Processing\Data\S2\Sen2Cor\S2B_MSIL2A_20250131T113319_N0511_R080_T28QCG_20250131T170258.zip,602,52,6338,363385.0,2199495.0,0.2363,0.27640000000000003,0.376,0.49920000000000003,0.5469,0.5552,0.5739000000000001,0.6068,0.5797,0.5813,0.6601,0.6038
2025-01-31,Iwik,Sen2Cor,S2B_MSIL2A_20250131T113319_N0511_R080_T28QCG_20250131T170258.SAFE,C:\Users\Simon\Nextcloud\Project\Mauritania\Science\Arguin - FieldWork Data Processing\Data\S2\Sen2Cor\S2B_MSIL2A_20250131T113319_N0511_R080_T28QCG_20250131T170258.zip,603,52,6339,363395.0,2199495.0,0.2363,0.2802,0.382,0.5092,0.5469,0.5552,0.5739000000000001,0.6064,0.5797,0.5813,0.6601,0.6038
2025-01-31,Iwik,Sen2Cor,S2B_MSIL2A_20250131T113319_N0511_R080_T28QCG_20250131T170258.SAFE,C:\Users\Simon\Nextcloud\Project\Mauritania\Science\Arguin - FieldWork Data Processing\Data\S2\Sen2Cor\S2B_MSIL2A_20250131T113319_N0511_R080_T28QCG_20250131T170258.zip,604,52,6340,363405.0,2199495.0,0.2381,0.28400000000000003,0.38720000000000004,0.5088,0.5515,0.5607,0.5770000000000001,0.6132000000000001,0.5808,0.5813,0.6616000000000001,0.6026
2025-01-31,Iwik,Sen2Cor,S2B_MSIL2A_20250131T113319_N0511_R080_T28QCG_20250131T170258.SAFE,C:\Users\Simon\Nextcloud\Project\Mauritania\Science\Arguin - FieldWork Data Processing\Data\S2\Sen2Cor\S2B_MSIL2A_20250131T113319_N0511_R080_T28QCG_20250131T170258.zip,605,52,6341,363415.0,2199495.0,0.2381,0.2806,0.37720000000000004,0.5068,0.5515,0.5607,0.5770000000000001,0.6124,0.5808,0.5813,0.6616000000000001,0.6026
2025-01-31,Iwik,Sen2Cor,S2B_MSIL2A_20250131T113319_N0511_R080_T28QCG_20250131T170258.SAFE,C:\Users\Simon\Nextcloud\Project\Mauritania\Science\Arguin - FieldWork Data Processing\Data\S2\Sen2Cor\S2B_MSIL2A_20250131T113319_N0511_R080_T28QCG_20250131T170258.zip,606,52,6342,363425.0,2199495.0,0.2374,0.2864,0.38520000000000004,0.5108,0.5539000000000001,0.5624,0.5772,0.6136,0.5839,0.5755,0.6581,0.5951000000000001
2025-01-31,Iwik,Sen2Cor,S2B_MSIL2A_20250131T113319_N0511_R080_T28QCG_20250131T170258.SAFE,C:\Users\Simon\Nextcloud\Project\Mauritania\Science\Arguin - FieldWork Data Processing\Data\S2\Sen2Cor\S2B_MSIL2A_20250131T113319_N0511_R080_T28QCG_20250131T170258.zip,607,52,6343,363435.0,2199495.0,0.2374,0.2888,0.388,0.5152,0.5539000000000001,0.5624,0.5772,0.6172000000000001,0.5839,0.5755,0.6581,0.5951000000000001
2025-01-31,Iwik,Sen2Cor,S2B_MSIL2A_20250131T113319_N0511_R080_T28QCG_20250131T170258.SAFE,C:\Users\Simon\Nextcloud\Project\Mauritania\Science\Arguin - FieldWork Data Processing\Data\S2\Sen2Cor\S2B_MSIL2A_20250131T113319_N0511_R080_T28QCG_20250131T170258.zip,608,52,6344,363445.0,2199495.0,0.2361,0.29000000000000004,0.392,0.5184,0.5486,0.5632,0.5692,0.6212,0.5799000000000001,0.5755,0.6512,0.5896
2025-01-31,Iwik,Sen2Cor,S2B_MSIL2A_20250131T113319_N0511_R080_T28QCG_20250131T170258.SAFE,C:\Users\Simon\Nextcloud\Project\Mauritania\Science\Arguin - FieldWork Data Processing\Data\S2\Sen2Cor\S2B_MSIL2A_20250131T113319_N0511_R080_T28QCG_20250131T170258.zip,609,52,6345,363455.0,2199495.0,0.2361,0.28140000000000004,0.38520000000000004,0.5096,0.5486,0.5632,0.5692,0.6124,0.5799000000000001,0.5755,0.6512,0.5896
2025-01-31,Iwik,Sen2Cor,S2B_MSIL2A_20250131T113319_N0511_R080_T28QCG_20250131T170258.SAFE,C:\Users\Simon\Nextcloud\Project\Mauritania\Science\Arguin - FieldWork Data Processing\Data\S2\Sen2Cor\S2B_MSIL2A_20250131T113319_N0511_R080_T28QCG_20250131T170258.zip,610,52,6346,363465.0,2199495.0,0.2351,0.2732,0.3776,0.5008,0.5398000000000001,0.5505,0.5614,0.598,0.5696,0.5755,0.6473,0.5842
2025-01-31,Iwik,Sen2Cor,S2B_MSIL2A_20250131T113319_N0511_R080_T28QCG_20250131T170258.SAFE,C:\Users\Simon\Nextcloud\Project\Mauritania\Science\Arguin - FieldWork Data Processing\Data\S2\Sen2Cor\S2B_MSIL2A_20250131T113319_N0511_R080_T28QCG_20250131T170258.zip,611,52,6347,363475.0,2199495.0,0.2351,0.2736,0.3704,0.4948,0.5398000000000001,0.5505,0.5614,0.596,0.5696,0.5755,0.6473,0.5842
2025-01-31,Iwik,Sen2Cor,S2B_MSIL2A_20250131T113319_N0511_R080_T28QCG_20250131T170258.SAFE,C:\Users\Simon\Nextcloud\Project\Mauritania\Science\Arguin - FieldWork Data Processing\Data\S2\Sen2Cor\S2B_MSIL2A_20250131T113319_N0511_R080_T28QCG_20250131T170258.zip,612,52,6348,363485.0,2199495.0,0.23390000000000002,0.2752,0.3776,0.502,0.5481,0.557,0.5666,0.6004,0.5729000000000001,0.5678000000000001,0.6499,0.5866
2025-01-31,Iwik,Sen2Cor,S2B_MSIL2A_20250131T113319_N0511_R080_T28QCG_20250131T170258.SAFE,C:\Users\Simon\Nextcloud\Project\Mauritania\Science\Arguin - FieldWork Data Processing\Data\S2\Sen2Cor\S2B_MSIL2A_20250131T113319_N0511_R080_T28QCG_20250131T170258.zip,613,52,6349,363495.0,2199495.0,0.23390000000000002,0.2832,0.3824,0.5088,0.5481,0.557,0.5666,0.61,0.5729000000000001,0.5678000000000001,0.6499,0.5866
2025-01-31,Iwik,Sen2Cor,S2B_MSIL2A_20250131T113319_N0511_R080_T28QCG_20250131T170258.SAFE,C:\Users\Simon\Nextcloud\Project\Mauritania\Science\Arguin - FieldWork Data Processing\Data\S2\Sen2Cor\S2B_MSIL2A_20250131T113319_N0511_R080_T28QCG_20250131T170258.zip,614,52,6350,363505.0,2199495.0,0.23270000000000002,0.28400000000000003,0.38520000000000004,0.5092,0.5419,0.5525,0.5655,0.61,0.5748,0.5678000000000001,0.6497,0.5856
2025-01-31,Iwik,Sen2Cor,S2B_MSIL2A_20250131T113319_N0511_R080_T28QCG_20250131T170258.SAFE,C:\Users\Simon\Nextcloud\Project\Mauritania\Science\Arguin - FieldWork Data Processing\Data\S2\Sen2Cor\S2B_MSIL2A_20250131T113319_N0511_R080_T28QCG_20250131T170258.zip,615,52,6351,363515.0,2199495.0,0.23270000000000002,0.27740000000000004,0.382,0.49960000000000004,0.5419,0.5525,0.5655,0.5976,0.5748,0.5678000000000001,0.6497,0.5856
2025-01-31,Iwik,Sen2Cor,S2B_MSIL2A_20250131T113319_N0511_R080_T28QCG_20250131T170258.SAFE,C:\Users\Simon\Nextcloud\Project\Mauritania\Science\Arguin - FieldWork Data Processing\Data\S2\Sen2Cor\S2B_MSIL2A_20250131T113319_N0511_R080_T28QCG_20250131T170258.zip,616,52,6352,363525.0,2199495.0,0.2303,0.28,0.3724,0.49920000000000003,0.5354,0.549,0.5593,0.5948,0.5672,0.5678000000000001,0.6433,0.5810000000000001
2025-01-31,Iwik,Sen2Cor,S2B_MSIL2A_20250131T113319_N0511_R080_T28QCG_20250131T170258.SAFE,C:\Users\Simon\Nextcloud\Project\Mauritania\Science\Arguin - FieldWork Data Processing\Data\S2\Sen2Cor\S2B_MSIL2A_20250131T113319_N0511_R080_T28QCG_20250131T170258.zip,617,52,6353,363535.0,2199495.0,0.2303,0.2762,0.3764,0.5,0.5354,0.549,0.5593,0.5972000000000001,0.5672,0.5678000000000001,0.6433,0.5810000000000001
2025-01-31,Iwik,Sen2Cor,S2B_MSIL2A_20250131T113319_N0511_R080_T28QCG_20250131T170258.SAFE,C:\Users\Simon\Nextcloud\Project\Mauritania\Science\Arguin - FieldWork Data Processing\Data\S2\Sen2Cor\S2B_MSIL2A_20250131T113319_N0511_R080_T28QCG_20250131T170258.zip,618,52,6354,363545.0,2199495.0,0.2303,0.2766,0.3748,0.5024000000000001,0.5373,0.5452,0.5577,0.602,0.5664,0.5685,0.6457,0.5839
2025-01-31,Iwik,Sen2Cor,S2B_MSIL2A_20250131T113319_N0511_R080_T28QCG_20250131T170258.SAFE,C:\Users\Simon\Nextcloud\Project\Mauritania\Science\Arguin - FieldWork Data Processing\Data\S2\Sen2Cor\S2B_MSIL2A_20250131T113319_N0511_R080_T28QCG_20250131T170258.zip,619,53,6333,363335.0,2199485.0,0.2207,0.2602,0.36200000000000004,0.48560000000000003,0.529,0.5394,0.5599000000000001,0.604,0.5702,0.5680000000000001,0.6563,0.6034
2025-01-31,Iwik,Sen2Cor,S2B_MSIL2A_20250131T113319_N0511_R080_T28QCG_20250131T170258.SAFE,C:\Users\Simon\Nextcloud\Project\Mauritania\Science\Arguin - FieldWork Data Processing\Data\S2\Sen2Cor\S2B_MSIL2A_20250131T113319_N0511_R080_T28QCG_20250131T170258.zip,620,53,6334,363345.0,2199485.0,0.2265,0.27140000000000003,0.3764,0.496,0.5453,0.5594,0.5722,0.6104,0.5807,0.5680000000000001,0.6606000000000001,0.6082000000000001
2025-01-31,Iwik,Sen2Cor,S2B_MSIL2A_20250131T113319_N0511_R080_T28QCG_20250131T170258.SAFE,C:\Users\Simon\Nextcloud\Project\Mauritania\Science\Arguin - FieldWork Data Processing\Data\S2\Sen2Cor\S2B_MSIL2A_20250131T113319_N0511_R080_T28QCG_20250131T170258.zip,621,53,6335,363355.0,2199485.0,0.2265,0.2836,0.392,0.5108,0.5453,0.5594,0.5722,0.6156,0.5807,0.5680000000000001,0.6606000000000001,0.6082000000000001
2025-01-31,Iwik,Sen2Cor,S2B_MSIL2A_20250131T113319_N0511_R080_T28QCG_20250131T170258.SAFE,C:\Users\Simon\Nextcloud\Project\Mauritania\Science\Arguin - FieldWork Data Processing\Data\S2\Sen2Cor\S2B_MSIL2A_20250131T113319_N0511_R080_T28QCG_20250131T170258.zip,622,53,6336,363365.0,2199485.0,0.2328,0.2844,0.3864,0.5124000000000001,0.5456,0.5594,0.5726,0.6136,0.5843,0.5813,0.6629,0.6101
2025-01-31,Iwik,Sen2Cor,S2B_MSIL2A_20250131T113319_N0511_R080_T28QCG_20250131T170258.SAFE,C:\Users\Simon\Nextcloud\Project\Mauritania\Science\Arguin - FieldWork Data Processing\Data\S2\Sen2Cor\S2B_MSIL2A_20250131T113319_N0511_R080_T28QCG_20250131T170258.zip,623,53,6337,363375.0,2199485.0,0.2328,0.281,0.3804,0.504,0.5456,0.5594,0.5726,0.62,0.5843,0.5813,0.6629,0.6101
2025-01-31,Iwik,Sen2Cor,S2B_MSIL2A_20250131T113319_N0511_R080_T28QCG_20250131T170258.SAFE,C:\Users\Simon\Nextcloud\Project\Mauritania\Science\Arguin - FieldWork Data Processing\Data\S2\Sen2Cor\S2B_MSIL2A_20250131T113319_N0511_R080_T28QCG_20250131T170258.zip,624,53,6338,363385.0,2199485.0,0.2363,0.278,0.3776,0.5004000000000001,0.5469,0.5552,0.5739000000000001,0.6092000000000001,0.5797,0.5813,0.6601,0.6038
2025-01-31,Iwik,Sen2Cor,S2B_MSIL2A_20250131T113319_N0511_R080_T28QCG_20250131T170258.SAFE,C:\Users\Simon\Nextcloud\Project\Mauritania\Science\Arguin - FieldWork Data Processing\Data\S2\Sen2Cor\S2B_MSIL2A_20250131T113319_N0511_R080_T28QCG_20250131T170258.zip,625,53,6339,363395.0,2199485.0,0.2363,0.2864,0.3884,0.5116,0.5469,0.5552,0.5739000000000001,0.6164000000000001,0.5797,0.5813,0.6601,0.6038
2025-01-31,Iwik,Sen2Cor,S2B_MSIL2A_20250131T113319_N0511_R080_T28QCG_20250131T170258.SAFE,C:\Users\Simon\Nextcloud\Project\Mauritania\Science\Arguin - FieldWork Data Processing\Data\S2\Sen2Cor\S2B_MSIL2A_20250131T113319_N0511_R080_T28QCG_20250131T170258.zip,626,53,6340,363405.0,2199485.0,0.2381,0.2808,0.3864,0.5084000000000001,0.5515,0.5607,0.5770000000000001,0.618,0.5808,0.5813,0.6616000000000001,0.6026
2025-01-31,Iwik,Sen2Cor,S2B_MSIL2A_20250131T113319_N0511_R080_T28QCG_20250131T170258.SAFE,C:\Users\Simon\Nextcloud\Project\Mauritania\Science\Arguin - FieldWork Data Processing\Data\S2\Sen2Cor\S2B_MSIL2A_20250131T113319_N0511_R080_T28QCG_20250131T170258.zip,627,53,6341,363415.0,2199485.0,0.2381,0.28200000000000003,0.382,0.5052,0.5515,0.5607,0.5770000000000001,0.6124,0.5808,0.5813,0.6616000000000001,0.6026
2025-01-31,Iwik,Sen2Cor,S2B_MSIL2A_20250131T113319_N0511_R080_T28QCG_20250131T170258.SAFE,C:\Users\Simon\Nextcloud\Project\Mauritania\Science\Arguin - FieldWork Data Processing\Data\S2\Sen2Cor\S2B_MSIL2A_20250131T113319_N0511_R080_T28QCG_20250131T170258.zip,628,53,6342,363425.0,2199485.0,0.2374,0.2858,0.38720000000000004,0.5108,0.5539000000000001,0.5624,0.5772,0.6124,0.5839,0.5755,0.6581,0.5951000000000001
2025-01-31,Iwik,Sen2Cor,S2B_MSIL2A_20250131T113319_N0511_R080_T28QCG_20250131T170258.SAFE,C:\Users\Simon\Nextcloud\Project\Mauritania\Science\Arguin - FieldWork Data Processing\Data\S2\Sen2Cor\S2B_MSIL2A_20250131T113319_N0511_R080_T28QCG_20250131T170258.zip,629,53,6343,363435.0,2199485.0,0.2374,0.2898,0.39080000000000004,0.516,0.5539000000000001,0.5624,0.5772,0.6092000000000001,0.5839,0.5755,0.6581,0.5951000000000001
2025-01-31,Iwik,Sen2Cor,S2B_MSIL2A_20250131T113319_N0511_R080_T28QCG_20250131T170258.SAFE,C:\Users\Simon\Nextcloud\Project\Mauritania\Science\Arguin - FieldWork Data Processing\Data\S2\Sen2Cor\S2B_MSIL2A_20250131T113319_N0511_R080_T28QCG_20250131T170258.zip,630,53,6344,363445.0,2199485.0,0.2361,0.2898,0.3864,0.5156000000000001,0.5486,0.5632,0.5692,0.6172000000000001,0.5799000000000001,0.5755,0.6512,0.5896
2025-01-31,Iwik,Sen2Cor,S2B_MSIL2A_20250131T113319_N0511_R080_T28QCG_20250131T170258.SAFE,C:\Users\Simon\Nextcloud\Project\Mauritania\Science\Arguin - FieldWork Data Processing\Data\S2\Sen2Cor\S2B_MSIL2A_20250131T113319_N0511_R080_T28QCG_20250131T170258.zip,631,53,6345,363455.0,2199485.0,0.2361,0.2842,0.38480000000000003,0.5052,0.5486,0.5632,0.5692,0.6112000000000001,0.5799000000000001,0.5755,0.6512,0.5896
2025-01-31,Iwik,Sen2Cor,S2B_MSIL2A_20250131T113319_N0511_R080_T28QCG_20250131T170258.SAFE,C:\Users\Simon\Nextcloud\Project\Mauritania\Science\Arguin - FieldWork Data Processing\Data\S2\Sen2Cor\S2B_MSIL2A_20250131T113319_N0511_R080_T28QCG_20250131T170258.zip,632,53,6346,363465.0,2199485.0,0.2351,0.2808,0.37720000000000004,0.5016,0.5398000000000001,0.5505,0.5614,0.596,0.5696,0.5755,0.6473,0.5842
2025-01-31,Iwik,Sen2Cor,S2B_MSIL2A_20250131T113319_N0511_R080_T28QCG_20250131T170258.SAFE,C:\Users\Simon\Nextcloud\Project\Mauritania\Science\Arguin - FieldWork Data Processing\Data\S2\Sen2Cor\S2B_MSIL2A_20250131T113319_N0511_R080_T28QCG_20250131T170258.zip,633,53,6347,363475.0,2199485.0,0.2351,0.2842,0.3808,0.5052,0.5398000000000001,0.5505,0.5614,0.6024,0.5696,0.5755,0.6473,0.5842
2025-01-31,Iwik,Sen2Cor,S2B_MSIL2A_20250131T113319_N0511_R080_T28QCG_20250131T170258.SAFE,C:\Users\Simon\Nextcloud\Project\Mauritania\Science\Arguin - FieldWork Data Processing\Data\S2\Sen2Cor\S2B_MSIL2A_20250131T113319_N0511_R080_T28QCG_20250131T170258.zip,634,53,6348,363485.0,2199485.0,0.23390000000000002,0.29300000000000004,0.3876,0.5136000000000001,0.5481,0.557,0.5666,0.6172000000000001,0.5729000000000001,0.5678000000000001,0.6499,0.5866
2025-01-31,Iwik,Sen2Cor,S2B_MSIL2A_20250131T113319_N0511_R080_T28QCG_20250131T170258.SAFE,C:\Users\Simon\Nextcloud\Project\Mauritania\Science\Arguin - FieldWork Data Processing\Data\S2\Sen2Cor\S2B_MSIL2A_20250131T113319_N0511_R080_T28QCG_20250131T170258.zip,635,53,6349,363495.0,2199485.0,0.23390000000000002,0.2962,0.38520000000000004,0.5116,0.5481,0.557,0.5666,0.6148,0.5729000000000001,0.5678000000000001,0.6499,0.5866
2025-01-31,Iwik,Sen2Cor,S2B_MSIL2A_20250131T113319_N0511_R080_T28QCG_20250131T170258.SAFE,C:\Users\Simon\Nextcloud\Project\Mauritania\Science\Arguin - FieldWork Data Processing\Data\S2\Sen2Cor\S2B_MSIL2A_20250131T113319_N0511_R080_T28QCG_20250131T170258.zip,636,53,6350,363505.0,2199485.0,0.23270000000000002,0.281,0.3836,0.5072,0.5419,0.5525,0.5655,0.604,0.5748,0.5678000000000001,0.6497,0.5856
2025-01-31,Iwik,Sen2Cor,S2B_MSIL2A_20250131T113319_N0511_R080_T28QCG_20250131T170258.SAFE,C:\Users\Simon\Nextcloud\Project\Mauritania\Science\Arguin - FieldWork Data Processing\Data\S2\Sen2Cor\S2B_MSIL2A_20250131T113319_N0511_R080_T28QCG_20250131T170258.zip,637,53,6351,363515.0,2199485.0,0.23270000000000002,0.2718,0.37920000000000004,0.4984,0.5419,0.5525,0.5655,0.5968,0.5748,0.5678000000000001,0.6497,0.5856
2025-01-31,Iwik,Sen2Cor,S2B_MSIL2A_20250131T113319_N0511_R080_T28QCG_20250131T170258.SAFE,C:\Users\Simon\Nextcloud\Project\Mauritania\Science\Arguin - FieldWork Data Processing\Data\S2\Sen2Cor\S2B_MSIL2A_20250131T113319_N0511_R080_T28QCG_20250131T170258.zip,638,53,6352,363525.0,2199485.0,0.2303,0.274,0.37120000000000003,0.4928,0.5354,0.549,0.5593,0.5948,0.5672,0.5678000000000001,0.6433,0.5810000000000001
2025-01-31,Iwik,Sen2Cor,S2B_MSIL2A_20250131T113319_N0511_R080_T28QCG_20250131T170258.SAFE,C:\Users\Simon\Nextcloud\Project\Mauritania\Science\Arguin - FieldWork Data Processing\Data\S2\Sen2Cor\S2B_MSIL2A_20250131T113319_N0511_R080_T28QCG_20250131T170258.zip,639,53,6353,363535.0,2199485.0,0.2303,0.2768,0.3748,0.49520000000000003,0.5354,0.549,0.5593,0.602,0.5672,0.5678000000000001,0.6433,0.5810000000000001
2025-01-31,Iwik,Sen2Cor,S2B_MSIL2A_20250131T113319_N0511_R080_T28QCG_20250131T170258.SAFE,C:\Users\Simon\Nextcloud\Project\Mauritania\Science\Arguin - FieldWork Data Processing\Data\S2\Sen2Cor\S2B_MSIL2A_20250131T113319_N0511_R080_T28QCG_20250131T170258.zip,640,53,6354,363545.0,2199485.0,0.2303,0.27,0.3708,0.4964,0.5373,0.5452,0.5577,0.5952000000000001,0.5664,0.5685,0.6457,0.5839
2025-01-31,Iwik,Sen2Cor,S2B_MSIL2A_20250131T113319_N0511_R080_T28QCG_20250131T170258.SAFE,C:\Users\Simon\Nextcloud\Project\Mauritania\Science\Arguin - FieldWork Data Processing\Data\S2\Sen2Cor\S2B_MSIL2A_20250131T113319_N0511_R080_T28QCG_20250131T170258.zip,641,54,6333,363335.0,2199475.0,0.218,0.25520000000000004,0.3512,0.4828,0.5301,0.541,0.5617,0.5948,0.5735,0.5715,0.6601,0.6079
2025-01-31,Iwik,Sen2Cor,S2B_MSIL2A_20250131T113319_N0511_R080_T28QCG_20250131T170258.SAFE,C:\Users\Simon\Nextcloud\Project\Mauritania\Science\Arguin - FieldWork Data Processing\Data\S2\Sen2Cor\S2B_MSIL2A_20250131T113319_N0511_R080_T28QCG_20250131T170258.zip,642,54,6334,363345.0,2199475.0,0.223,0.25680000000000003,0.35200000000000004,0.4872,0.5334,0.5461,0.5593,0.5956,0.5743,0.5715,0.6601,0.6073000000000001
2025-01-31,Iwik,Sen2Cor,S2B_MSIL2A_20250131T113319_N0511_R080_T28QCG_20250131T170258.SAFE,C:\Users\Simon\Nextcloud\Project\Mauritania\Science\Arguin - FieldWork Data Processing\Data\S2\Sen2Cor\S2B_MSIL2A_20250131T113319_N0511_R080_T28QCG_20250131T170258.zip,643,54,6335,363355.0,2199475.0,0.223,0.2706,0.36160000000000003,0.49400000000000005,0.5334,0.5461,0.5593,0.5988,0.5743,0.5715,0.6601,0.6073000000000001
2025-01-31,Iwik,Sen2Cor,S2B_MSIL2A_20250131T113319_N0511_R080_T28QCG_20250131T170258.SAFE,C:\Users\Simon\Nextcloud\Project\Mauritania\Science\Arguin - FieldWork Data Processing\Data\S2\Sen2Cor\S2B_MSIL2A_20250131T113319_N0511_R080_T28QCG_20250131T170258.zip,644,54,6336,363365.0,2199475.0,0.22990000000000002,0.272,0.37320000000000003,0.5044000000000001,0.5407000000000001,0.555,0.5703,0.6076,0.5802,0.5815,0.6624,0.6105
2025-01-31,Iwik,Sen2Cor,S2B_MSIL2A_20250131T113319_N0511_R080_T28QCG_20250131T170258.SAFE,C:\Users\Simon\Nextcloud\Project\Mauritania\Science\Arguin - FieldWork Data Processing\Data\S2\Sen2Cor\S2B_MSIL2A_20250131T113319_N0511_R080_T28QCG_20250131T170258.zip,645,54,6337,363375.0,2199475.0,0.22990000000000002,0.27740000000000004,0.37720000000000004,0.5,0.5407000000000001,0.555,0.5703,0.6156,0.5802,0.5815,0.6624,0.6105
2025-01-31,Iwik,Sen2Cor,S2B_MSIL2A_20250131T113319_N0511_R080_T28QCG_20250131T170258.SAFE,C:\Users\Simon\Nextcloud\Project\Mauritania\Science\Arguin - FieldWork Data Processing\Data\S2\Sen2Cor\S2B_MSIL2A_20250131T113319_N0511_R080_T28QCG_20250131T170258.zip,646,54,6338,363385.0,2199475.0,0.2353,0.2768,0.3776,0.5048,0.5469,0.5588000000000001,0.5752,0.61,0.5827,0.5815,0.662,0.6079
2025-01-31,Iwik,Sen2Cor,S2B_MSIL2A_20250131T113319_N0511_R080_T28QCG_20250131T170258.SAFE,C:\Users\Simon\Nextcloud\Project\Mauritania\Science\Arguin - FieldWork Data Processing\Data\S2\Sen2Cor\S2B_MSIL2A_20250131T113319_N0511_R080_T28QCG_20250131T170258.zip,647,54,6339,363395.0,2199475.0,0.2353,0.2866,0.38480000000000003,0.5096,0.5469,0.5588000000000001,0.5752,0.6144000000000001,0.5827,0.5815,0.662,0.6079
2025-01-31,Iwik,Sen2Cor,S2B_MSIL2A_20250131T113319_N0511_R080_T28QCG_20250131T170258.SAFE,C:\Users\Simon\Nextcloud\Project\Mauritania\Science\Arguin - FieldWork Data Processing\Data\S2\Sen2Cor\S2B_MSIL2A_20250131T113319_N0511_R080_T28QCG_20250131T170258.zip,648,54,6340,363405.0,2199475.0,0.2364,0.28400000000000003,0.3864,0.5108,0.5549000000000001,0.5660000000000001,0.5808,0.6132000000000001,0.5852,0.5815,0.6608,0.5989
2025-01-31,Iwik,Sen2Cor,S2B_MSIL2A_20250131T113319_N0511_R080_T28QCG_20250131T170258.SAFE,C:\Users\Simon\Nextcloud\Project\Mauritania\Science\Arguin - FieldWork Data Processing\Data\S2\Sen2Cor\S2B_MSIL2A_20250131T113319_N0511_R080_T28QCG_20250131T170258.zip,649,54,6341,363415.0,2199475.0,0.2364,0.2888,0.384,0.5108,0.5549000000000001,0.5660000000000001,0.5808,0.6164000000000001,0.5852,0.5815,0.6608,0.5989
2025-01-31,Iwik,Sen2Cor,S2B_MSIL2A_20250131T113319_N0511_R080_T28QCG_20250131T170258.SAFE,C:\Users\Simon\Nextcloud\Project\Mauritania\Science\Arguin - FieldWork Data Processing\Data\S2\Sen2Cor\S2B_MSIL2A_20250131T113319_N0511_R080_T28QCG_20250131T170258.zip,650,54,6342,363425.0,2199475.0,0.2361,0.28200000000000003,0.38480000000000003,0.5128,0.556,0.5629000000000001,0.5766,0.6164000000000001,0.5810000000000001,0.5763,0.6577000000000001,0.5916
2025-01-31,Iwik,Sen2Cor,S2B_MSIL2A_20250131T113319_N0511_R080_T28QCG_20250131T170258.SAFE,C:\Users\Simon\Nextcloud\Project\Mauritania\Science\Arguin - FieldWork Data Processing\Data\S2\Sen2Cor\S2B_MSIL2A_20250131T113319_N0511_R080_T28QCG_20250131T170258.zip,651,54,6343,363435.0,2199475.0,0.2361,0.28340000000000004,0.386,0.5124000000000001,0.556,0.5629000000000001,0.5766,0.6176,0.5810000000000001,0.5763,0.6577000000000001,0.5916
2025-01-31,Iwik,Sen2Cor,S2B_MSIL2A_20250131T113319_N0511_R080_T28QCG_20250131T170258.SAFE,C:\Users\Simon\Nextcloud\Project\Mauritania\Science\Arguin - FieldWork Data Processing\Data\S2\Sen2Cor\S2B_MSIL2A_20250131T113319_N0511_R080_T28QCG_20250131T170258.zip,652,54,6344,363445.0,2199475.0,0.2351,0.2874,0.386,0.508,0.5449,0.5542,0.5704,0.6112000000000001,0.5769000000000001,0.5763,0.6506000000000001,0.5894
2025-01-31,Iwik,Sen2Cor,S2B_MSIL2A_20250131T113319_N0511_R080_T28QCG_20250131T170258.SAFE,C:\Users\Simon\Nextcloud\Project\Mauritania\Science\Arguin - FieldWork Data Processing\Data\S2\Sen2Cor\S2B_MSIL2A_20250131T113319_N0511_R080_T28QCG_20250131T170258.zip,653,54,6345,363455.0,2199475.0,0.2351,0.2822,0.3816,0.5036,0.5449,0.5542,0.5704,0.6048,0.5769000000000001,0.5763,0.6506000000000001,0.5894
2025-01-31,Iwik,Sen2Cor,S2B_MSIL2A_20250131T113319_N0511_R080_T28QCG_20250131T170258.SAFE,C:\Users\Simon\Nextcloud\Project\Mauritania\Science\Arguin - FieldWork Data Processing\Data\S2\Sen2Cor\S2B_MSIL2A_20250131T113319_N0511_R080_T28QCG_20250131T170258.zip,654,54,6346,363465.0,2199475.0,0.2338,0.2858,0.3784,0.5028,0.5448000000000001,0.554,0.5682,0.6044,0.5723,0.5763,0.6496000000000001,0.5861000000000001
2025-01-31,Iwik,Sen2Cor,S2B_MSIL2A_20250131T113319_N0511_R080_T28QCG_20250131T170258.SAFE,C:\Users\Simon\Nextcloud\Project\Mauritania\Science\Arguin - FieldWork Data Processing\Data\S2\Sen2Cor\S2B_MSIL2A_20250131T113319_N0511_R080_T28QCG_20250131T170258.zip,655,54,6347,363475.0,2199475.0,0.2338,0.2878,0.38880000000000003,0.5052,0.5448000000000001,0.554,0.5682,0.6056,0.5723,0.5763,0.6496000000000001,0.5861000000000001
2025-01-31,Iwik,Sen2Cor,S2B_MSIL2A_20250131T113319_N0511_R080_T28QCG_20250131T170258.SAFE,C:\Users\Simon\Nextcloud\Project\Mauritania\Science\Arguin - FieldWork Data Processing\Data\S2\Sen2Cor\S2B_MSIL2A_20250131T113319_N0511_R080_T28QCG_20250131T170258.zip,656,54,6348,363485.0,2199475.0,0.232,0.28400000000000003,0.3808,0.5084000000000001,0.5438000000000001,0.5534,0.5687,0.6068,0.5734,0.5681,0.6475000000000001,0.5830000000000001
2025-01-31,Iwik,Sen2Cor,S2B_MSIL2A_20250131T113319_N0511_R080_T28QCG_20250131T170258.SAFE,C:\Users\Simon\Nextcloud\Project\Mauritania\Science\Arguin - FieldWork Data Processing\Data\S2\Sen2Cor\S2B_MSIL2A_20250131T113319_N0511_R080_T28QCG_20250131T170258.zip,657,54,6349,363495.0,2199475.0,0.232,0.2858,0.3764,0.506,0.5438000000000001,0.5534,0.5687,0.6084,0.5734,0.5681,0.6475000000000001,0.5830000000000001
2025-01-31,Iwik,Sen2Cor,S2B_MSIL2A_20250131T113319_N0511_R080_T28QCG_20250131T170258.SAFE,C:\Users\Simon\Nextcloud\Project\Mauritania\Science\Arguin - FieldWork Data Processing\Data\S2\Sen2Cor\S2B_MSIL2A_20250131T113319_N0511_R080_T28QCG_20250131T170258.zip,658,54,6350,363505.0,2199475.0,0.2305,0.275,0.3776,0.5004000000000001,0.5412,0.5483,0.5643,0.6032000000000001,0.5721,0.5681,0.6469,0.5817
2025-01-31,Iwik,Sen2Cor,S2B_MSIL2A_20250131T113319_N0511_R080_T28QCG_20250131T170258.SAFE,C:\Users\Simon\Nextcloud\Project\Mauritania\Science\Arguin - FieldWork Data Processing\Data\S2\Sen2Cor\S2B_MSIL2A_20250131T113319_N0511_R080_T28QCG_20250131T170258.zip,659,54,6351,363515.0,2199475.0,0.2305,0.2722,0.3744,0.5004000000000001,0.5412,0.5483,0.5643,0.6004,0.5721,0.5681,0.6469,0.5817
2025-01-31,Iwik,Sen2Cor,S2B_MSIL2A_20250131T113319_N0511_R080_T28QCG_20250131T170258.SAFE,C:\Users\Simon\Nextcloud\Project\Mauritania\Science\Arguin - FieldWork Data Processing\Data\S2\Sen2Cor\S2B_MSIL2A_20250131T113319_N0511_R080_T28QCG_20250131T170258.zip,660,54,6352,363525.0,2199475.0,0.2293,0.2766,0.3728,0.496,0.5377000000000001,0.5459,0.5578000000000001,0.6,0.5643,0.5681,0.6458,0.5832
2025-01-31,Iwik,Sen2Cor,S2B_MSIL2A_20250131T113319_N0511_R080_T28QCG_20250131T170258.SAFE,C:\Users\Simon\Nextcloud\Project\Mauritania\Science\Arguin - FieldWork Data Processing\Data\S2\Sen2Cor\S2B_MSIL2A_20250131T113319_N0511_R080_T28QCG_20250131T170258.zip,661,54,6353,363535.0,2199475.0,0.2293,0.28140000000000004,0.372,0.4944,0.5377000000000001,0.5459,0.5578000000000001,0.5936,0.5643,0.5681,0.6458,0.5832
2025-01-31,Iwik,Sen2Cor,S2B_MSIL2A_20250131T113319_N0511_R080_T28QCG_20250131T170258.SAFE,C:\Users\Simon\Nextcloud\Project\Mauritania\Science\Arguin - FieldWork Data Processing\Data\S2\Sen2Cor\S2B_MSIL2A_20250131T113319_N0511_R080_T28QCG_20250131T170258.zip,662,54,6354,363545.0,2199475.0,0.2298,0.2762,0.3708,0.4928,0.5401,0.5433,0.5636,0.5936,0.5649000000000001,0.5662,0.6479,0.5856
2025-01-31,Iwik,Sen2Cor,S2B_MSIL2A_20250131T113319_N0511_R080_T28QCG_20250131T170258.SAFE,C:\Users\Simon\Nextcloud\Project\Mauritania\Science\Arguin - FieldWork Data Processing\Data\S2\Sen2Cor\S2B_MSIL2A_20250131T113319_N0511_R080_T28QCG_20250131T170258.zip,663,55,6332,363325.0,2199465.0,0.218,0.2518,0.3588,0.4904,0.5301,0.541,0.5617,0.598,0.5735,0.5715,0.6601,0.6079
2025-01-31,Iwik,Sen2Cor,S2B_MSIL2A_20250131T113319_N0511_R080_T28QCG_20250131T170258.SAFE,C:\Users\Simon\Nextcloud\Project\Mauritania\Science\Arguin - FieldWork Data Processing\Data\S2\Sen2Cor\S2B_MSIL2A_20250131T113319_N0511_R080_T28QCG_20250131T170258.zip,664,55,6333,363335.0,2199465.0,0.218,0.25420000000000004,0.3572,0.48760000000000003,0.5301,0.541,0.5617,0.6032000000000001,0.5735,0.5715,0.6601,0.6079
2025-01-31,Iwik,Sen2Cor,S2B_MSIL2A_20250131T113319_N0511_R080_T28QCG_20250131T170258.SAFE,C:\Users\Simon\Nextcloud\Project\Mauritania\Science\Arguin - FieldWork Data Processing\Data\S2\Sen2Cor\S2B_MSIL2A_20250131T113319_N0511_R080_T28QCG_20250131T170258.zip,665,55,6334,363345.0,2199465.0,0.223,0.2558,0.3628,0.49160000000000004,0.5334,0.5461,0.5593,0.604,0.5743,0.5715,0.6601,0.6073000000000001
2025-01-31,Iwik,Sen2Cor,S2B_MSIL2A_20250131T113319_N0511_R080_T28QCG_20250131T170258.SAFE,C:\Users\Simon\Nextcloud\Project\Mauritania\Science\Arguin - FieldWork Data Processing\Data\S2\Sen2Cor\S2B_MSIL2A_20250131T113319_N0511_R080_T28QCG_20250131T170258.zip,666,55,6335,363355.0,2199465.0,0.223,0.2626,0.3648,0.496,0.5334,0.5461,0.5593,0.6044,0.5743,0.5715,0.6601,0.6073000000000001
2025-01-31,Iwik,Sen2Cor,S2B_MSIL2A_20250131T113319_N0511_R080_T28QCG_20250131T170258.SAFE,C:\Users\Simon\Nextcloud\Project\Mauritania\Science\Arguin - FieldWork Data Processing\Data\S2\Sen2Cor\S2B_MSIL2A_20250131T113319_N0511_R080_T28QCG_20250131T170258.zip,667,55,6336,363365.0,2199465.0,0.22990000000000002,0.2662,0.3688,0.4964,0.5407000000000001,0.555,0.5703,0.6076,0.5802,0.5815,0.6624,0.6105
2025-01-31,Iwik,Sen2Cor,S2B_MSIL2A_20250131T113319_N0511_R080_T28QCG_20250131T170258.SAFE,C:\Users\Simon\Nextcloud\Project\Mauritania\Science\Arguin - FieldWork Data Processing\Data\S2\Sen2Cor\S2B_MSIL2A_20250131T113319_N0511_R080_T28QCG_20250131T170258.zip,668,55,6337,363375.0,2199465.0,0.22990000000000002,0.274,0.374,0.5028,0.5407000000000001,0.555,0.5703,0.6144000000000001,0.5802,0.5815,0.6624,0.6105
2025-01-31,Iwik,Sen2Cor,S2B_MSIL2A_20250131T113319_N0511_R080_T28QCG_20250131T170258.SAFE,C:\Users\Simon\Nextcloud\Project\Mauritania\Science\Arguin - FieldWork Data Processing\Data\S2\Sen2Cor\S2B_MSIL2A_20250131T113319_N0511_R080_T28QCG_20250131T170258.zip,669,55,6338,363385.0,2199465.0,0.2353,0.2798,0.38280000000000003,0.5084000000000001,0.5469,0.5588000000000001,0.5752,0.6152000000000001,0.5827,0.5815,0.662,0.6079
2025-01-31,Iwik,Sen2Cor,S2B_MSIL2A_20250131T113319_N0511_R080_T28QCG_20250131T170258.SAFE,C:\Users\Simon\Nextcloud\Project\Mauritania\Science\Arguin - FieldWork Data Processing\Data\S2\Sen2Cor\S2B_MSIL2A_20250131T113319_N0511_R080_T28QCG_20250131T170258.zip,670,55,6339,363395.0,2199465.0,0.2353,0.281,0.38720000000000004,0.5108,0.5469,0.5588000000000001,0.5752,0.6144000000000001,0.5827,0.5815,0.662,0.6079
2025-01-31,Iwik,Sen2Cor,S2B_MSIL2A_20250131T113319_N0511_R080_T28QCG_20250131T170258.SAFE,C:\Users\Simon\Nextcloud\Project\Mauritania\Science\Arguin - FieldWork Data Processing\Data\S2\Sen2Cor\S2B_MSIL2A_20250131T113319_N0511_R080_T28QCG_20250131T170258.zip,671,55,6340,363405.0,2199465.0,0.2364,0.2844,0.384,0.5096,0.5549000000000001,0.5660000000000001,0.5808,0.6144000000000001,0.5852,0.5815,0.6608,0.5989
2025-01-31,Iwik,Sen2Cor,S2B_MSIL2A_20250131T113319_N0511_R080_T28QCG_20250131T170258.SAFE,C:\Users\Simon\Nextcloud\Project\Mauritania\Science\Arguin - FieldWork Data Processing\Data\S2\Sen2Cor\S2B_MSIL2A_20250131T113319_N0511_R080_T28QCG_20250131T170258.zip,672,55,6341,363415.0,2199465.0,0.2364,0.2934,0.39,0.5148,0.5549000000000001,0.5660000000000001,0.5808,0.62,0.5852,0.5815,0.6608,0.5989
2025-01-31,Iwik,Sen2Cor,S2B_MSIL2A_20250131T113319_N0511_R080_T28QCG_20250131T170258.SAFE,C:\Users\Simon\Nextcloud\Project\Mauritania\Science\Arguin - FieldWork Data Processing\Data\S2\Sen2Cor\S2B_MSIL2A_20250131T113319_N0511_R080_T28QCG_20250131T170258.zip,673,55,6342,363425.0,2199465.0,0.2361,0.2896,0.3912,0.5184,0.556,0.5629000000000001,0.5766,0.6224000000000001,0.5810000000000001,0.5763,0.6577000000000001,0.5916
2025-01-31,Iwik,Sen2Cor,S2B_MSIL2A_20250131T113319_N0511_R080_T28QCG_20250131T170258.SAFE,C:\Users\Simon\Nextcloud\Project\Mauritania\Science\Arguin - FieldWork Data Processing\Data\S2\Sen2Cor\S2B_MSIL2A_20250131T113319_N0511_R080_T28QCG_20250131T170258.zip,674,55,6343,363435.0,2199465.0,0.2361,0.2866,0.3864,0.5112,0.556,0.5629000000000001,0.5766,0.618,0.5810000000000001,0.5763,0.6577000000000001,0.5916
2025-01-31,Iwik,Sen2Cor,S2B_MSIL2A_20250131T113319_N0511_R080_T28QCG_20250131T170258.SAFE,C:\Users\Simon\Nextcloud\Project\Mauritania\Science\Arguin - FieldWork Data Processing\Data\S2\Sen2Cor\S2B_MSIL2A_20250131T113319_N0511_R080_T28QCG_20250131T170258.zip,675,55,6344,363445.0,2199465.0,0.2351,0.28340000000000004,0.3824,0.5048,0.5449,0.5542,0.5704,0.608,0.5769000000000001,0.5763,0.6506000000000001,0.5894
2025-01-31,Iwik,Sen2Cor,S2B_MSIL2A_20250131T113319_N0511_R080_T28QCG_20250131T170258.SAFE,C:\Users\Simon\Nextcloud\Project\Mauritania\Science\Arguin - FieldWork Data Processing\Data\S2\Sen2Cor\S2B_MSIL2A_20250131T113319_N0511_R080_T28QCG_20250131T170258.zip,676,55,6345,363455.0,2199465.0,0.2351,0.2822,0.3816,0.5036,0.5449,0.5542,0.5704,0.6012000000000001,0.5769000000000001,0.5763,0.6506000000000001,0.5894
2025-01-31,Iwik,Sen2Cor,S2B_MSIL2A_20250131T113319_N0511_R080_T28QCG_20250131T170258.SAFE,C:\Users\Simon\Nextcloud\Project\Mauritania\Science\Arguin - FieldWork Data Processing\Data\S2\Sen2Cor\S2B_MSIL2A_20250131T113319_N0511_R080_T28QCG_20250131T170258.zip,677,55,6346,363465.0,2199465.0,0.2338,0.2822,0.382,0.5004000000000001,0.5448000000000001,0.554,0.5682,0.6088,0.5723,0.5763,0.6496000000000001,0.5861000000000001
2025-01-31,Iwik,Sen2Cor,S2B_MSIL2A_20250131T113319_N0511_R080_T28QCG_20250131T170258.SAFE,C:\Users\Simon\Nextcloud\Project\Mauritania\Science\Arguin - FieldWork Data Processing\Data\S2\Sen2Cor\S2B_MSIL2A_20250131T113319_N0511_R080_T28QCG_20250131T170258.zip,678,55,6347,363475.0,2199465.0,0.2338,0.2812,0.3836,0.5088,0.5448000000000001,0.554,0.5682,0.6056,0.5723,0.5763,0.6496000000000001,0.5861000000000001
2025-01-31,Iwik,Sen2Cor,S2B_MSIL2A_20250131T113319_N0511_R080_T28QCG_20250131T170258.SAFE,C:\Users\Simon\Nextcloud\Project\Mauritania\Science\Arguin - FieldWork Data Processing\Data\S2\Sen2Cor\S2B_MSIL2A_20250131T113319_N0511_R080_T28QCG_20250131T170258.zip,679,55,6348,363485.0,2199465.0,0.232,0.28400000000000003,0.3796,0.5052,0.5438000000000001,0.5534,0.5687,0.6032000000000001,0.5734,0.5681,0.6475000000000001,0.5830000000000001
2025-01-31,Iwik,Sen2Cor,S2B_MSIL2A_20250131T113319_N0511_R080_T28QCG_20250131T170258.SAFE,C:\Users\Simon\Nextcloud\Project\Mauritania\Science\Arguin - FieldWork Data Processing\Data\S2\Sen2Cor\S2B_MSIL2A_20250131T113319_N0511_R080_T28QCG_20250131T170258.zip,680,55,6349,363495.0,2199465.0,0.232,0.27740000000000004,0.3764,0.49960000000000004,0.5438000000000001,0.5534,0.5687,0.5996,0.5734,0.5681,0.6475000000000001,0.5830000000000001
2025-01-31,Iwik,Sen2Cor,S2B_MSIL2A_20250131T113319_N0511_R080_T28QCG_20250131T170258.SAFE,C:\Users\Simon\Nextcloud\Project\Mauritania\Science\Arguin - FieldWork Data Processing\Data\S2\Sen2Cor\S2B_MSIL2A_20250131T113319_N0511_R080_T28QCG_20250131T170258.zip,681,55,6350,363505.0,2199465.0,0.2305,0.27440000000000003,0.376,0.4964,0.5412,0.5483,0.5643,0.6016,0.5721,0.5681,0.6469,0.5817
2025-01-31,Iwik,Sen2Cor,S2B_MSIL2A_20250131T113319_N0511_R080_T28QCG_20250131T170258.SAFE,C:\Users\Simon\Nextcloud\Project\Mauritania\Science\Arguin - FieldWork Data Processing\Data\S2\Sen2Cor\S2B_MSIL2A_20250131T113319_N0511_R080_T28QCG_20250131T170258.zip,682,55,6351,363515.0,2199465.0,0.2305,0.27,0.37160000000000004,0.4984,0.5412,0.5483,0.5643,0.5976,0.5721,0.5681,0.6469,0.5817
2025-01-31,Iwik,Sen2Cor,S2B_MSIL2A_20250131T113319_N0511_R080_T28QCG_20250131T170258.SAFE,C:\Users\Simon\Nextcloud\Project\Mauritania\Science\Arguin - FieldWork Data Processing\Data\S2\Sen2Cor\S2B_MSIL2A_20250131T113319_N0511_R080_T28QCG_20250131T170258.zip,683,55,6352,363525.0,2199465.0,0.2293,0.27140000000000003,0.37,0.49960000000000004,0.5377000000000001,0.5459,0.5578000000000001,0.6032000000000001,0.5643,0.5681,0.6458,0.5832
2025-01-31,Iwik,Sen2Cor,S2B_MSIL2A_20250131T113319_N0511_R080_T28QCG_20250131T170258.SAFE,C:\Users\Simon\Nextcloud\Project\Mauritania\Science\Arguin - FieldWork Data Processing\Data\S2\Sen2Cor\S2B_MSIL2A_20250131T113319_N0511_R080_T28QCG_20250131T170258.zip,684,55,6353,363535.0,2199465.0,0.2293,0.2728,0.37360000000000004,0.496,0.5377000000000001,0.5459,0.5578000000000001,0.5948,0.5643,0.5681,0.6458,0.5832
2025-01-31,Iwik,Sen2Cor,S2B_MSIL2A_20250131T113319_N0511_R080_T28QCG_20250131T170258.SAFE,C:\Users\Simon\Nextcloud\Project\Mauritania\Science\Arguin - FieldWork Data Processing\Data\S2\Sen2Cor\S2B_MSIL2A_20250131T113319_N0511_R080_T28QCG_20250131T170258.zip,685,56,6332,363325.0,2199455.0,0.215,0.2586,0.3604,0.4944,0.5362,0.5501,0.5691,0.6016,0.5753,0.5715,0.6621,0.6107
2025-01-31,Iwik,Sen2Cor,S2B_MSIL2A_20250131T113319_N0511_R080_T28QCG_20250131T170258.SAFE,C:\Users\Simon\Nextcloud\Project\Mauritania\Science\Arguin - FieldWork Data Processing\Data\S2\Sen2Cor\S2B_MSIL2A_20250131T113319_N0511_R080_T28QCG_20250131T170258.zip,686,56,6333,363335.0,2199455.0,0.215,0.2566,0.3592,0.4908,0.5362,0.5501,0.5691,0.6016,0.5753,0.5715,0.6621,0.6107
2025-01-31,Iwik,Sen2Cor,S2B_MSIL2A_20250131T113319_N0511_R080_T28QCG_20250131T170258.SAFE,C:\Users\Simon\Nextcloud\Project\Mauritania\Science\Arguin - FieldWork Data Processing\Data\S2\Sen2Cor\S2B_MSIL2A_20250131T113319_N0511_R080_T28QCG_20250131T170258.zip,687,56,6334,363345.0,2199455.0,0.2197,0.25520000000000004,0.3632,0.4864,0.5357000000000001,0.5483,0.5656,0.6,0.5715,0.5715,0.6624,0.6103000000000001
2025-01-31,Iwik,Sen2Cor,S2B_MSIL2A_20250131T113319_N0511_R080_T28QCG_20250131T170258.SAFE,C:\Users\Simon\Nextcloud\Project\Mauritania\Science\Arguin - FieldWork Data Processing\Data\S2\Sen2Cor\S2B_MSIL2A_20250131T113319_N0511_R080_T28QCG_20250131T170258.zip,688,56,6335,363355.0,2199455.0,0.2197,0.263,0.364,0.5004000000000001,0.5357000000000001,0.5483,0.5656,0.6024,0.5715,0.5715,0.6624,0.6103000000000001
2025-01-31,Iwik,Sen2Cor,S2B_MSIL2A_20250131T113319_N0511_R080_T28QCG_20250131T170258.SAFE,C:\Users\Simon\Nextcloud\Project\Mauritania\Science\Arguin - FieldWork Data Processing\Data\S2\Sen2Cor\S2B_MSIL2A_20250131T113319_N0511_R080_T28QCG_20250131T170258.zip,689,56,6336,363365.0,2199455.0,0.2268,0.27240000000000003,0.37360000000000004,0.5024000000000001,0.5448000000000001,0.5541,0.5724,0.6108,0.5777,0.5815,0.6652,0.6122000000000001
2025-01-31,Iwik,Sen2Cor,S2B_MSIL2A_20250131T113319_N0511_R080_T28QCG_20250131T170258.SAFE,C:\Users\Simon\Nextcloud\Project\Mauritania\Science\Arguin - FieldWork Data Processing\Data\S2\Sen2Cor\S2B_MSIL2A_20250131T113319_N0511_R080_T28QCG_20250131T170258.zip,690,56,6337,363375.0,2199455.0,0.2268,0.27640000000000003,0.3776,0.5064000000000001,0.5448000000000001,0.5541,0.5724,0.6176,0.5777,0.5815,0.6652,0.6122000000000001
2025-01-31,Iwik,Sen2Cor,S2B_MSIL2A_20250131T113319_N0511_R080_T28QCG_20250131T170258.SAFE,C:\Users\Simon\Nextcloud\Project\Mauritania\Science\Arguin - FieldWork Data Processing\Data\S2\Sen2Cor\S2B_MSIL2A_20250131T113319_N0511_R080_T28QCG_20250131T170258.zip,691,56,6338,363385.0,2199455.0,0.23240000000000002,0.28240000000000004,0.3808,0.5052,0.5545,0.5623,0.5769000000000001,0.612,0.5866,0.5815,0.6635,0.6078
2025-01-31,Iwik,Sen2Cor,S2B_MSIL2A_20250131T113319_N0511_R080_T28QCG_20250131T170258.SAFE,C:\Users\Simon\Nextcloud\Project\Mauritania\Science\Arguin - FieldWork Data Processing\Data\S2\Sen2Cor\S2B_MSIL2A_20250131T113319_N0511_R080_T28QCG_20250131T170258.zip,692,56,6339,363395.0,2199455.0,0.23240000000000002,0.2828,0.38480000000000003,0.5124000000000001,0.5545,0.5623,0.5769000000000001,0.6164000000000001,0.5866,0.5815,0.6635,0.6078
2025-01-31,Iwik,Sen2Cor,S2B_MSIL2A_20250131T113319_N0511_R080_T28QCG_20250131T170258.SAFE,C:\Users\Simon\Nextcloud\Project\Mauritania\Science\Arguin - FieldWork Data Processing\Data\S2\Sen2Cor\S2B_MSIL2A_20250131T113319_N0511_R080_T28QCG_20250131T170258.zip,693,56,6340,363405.0,2199455.0,0.23420000000000002,0.2866,0.3864,0.516,0.56,0.5701,0.5838,0.6232,0.5921000000000001,0.5815,0.6632,0.6021000000000001
2025-01-31,Iwik,Sen2Cor,S2B_MSIL2A_20250131T113319_N0511_R080_T28QCG_20250131T170258.SAFE,C:\Users\Simon\Nextcloud\Project\Mauritania\Science\Arguin - FieldWork Data Processing\Data\S2\Sen2Cor\S2B_MSIL2A_20250131T113319_N0511_R080_T28QCG_20250131T170258.zip,694,56,6341,363415.0,2199455.0,0.23420000000000002,0.2978,0.394,0.5252,0.56,0.5701,0.5838,0.6284000000000001,0.5921000000000001,0.5815,0.6632,0.6021000000000001
2025-01-31,Iwik,Sen2Cor,S2B_MSIL2A_20250131T113319_N0511_R080_T28QCG_20250131T170258.SAFE,C:\Users\Simon\Nextcloud\Project\Mauritania\Science\Arguin - FieldWork Data Processing\Data\S2\Sen2Cor\S2B_MSIL2A_20250131T113319_N0511_R080_T28QCG_20250131T170258.zip,695,56,6342,363425.0,2199455.0,0.2343,0.29400000000000004,0.3972,0.522,0.5593,0.5680000000000001,0.5807,0.6284000000000001,0.5886,0.5763,0.66,0.5916
2025-01-31,Iwik,Sen2Cor,S2B_MSIL2A_20250131T113319_N0511_R080_T28QCG_20250131T170258.SAFE,C:\Users\Simon\Nextcloud\Project\Mauritania\Science\Arguin - FieldWork Data Processing\Data\S2\Sen2Cor\S2B_MSIL2A_20250131T113319_N0511_R080_T28QCG_20250131T170258.zip,696,56,6343,363435.0,2199455.0,0.2343,0.2906,0.39280000000000004,0.5196000000000001,0.5593,0.5680000000000001,0.5807,0.6224000000000001,0.5886,0.5763,0.66,0.5916
2025-01-31,Iwik,Sen2Cor,S2B_MSIL2A_20250131T113319_N0511_R080_T28QCG_20250131T170258.SAFE,C:\Users\Simon\Nextcloud\Project\Mauritania\Science\Arguin - FieldWork Data Processing\Data\S2\Sen2Cor\S2B_MSIL2A_20250131T113319_N0511_R080_T28QCG_20250131T170258.zip,697,56,6344,363445.0,2199455.0,0.2338,0.2888,0.3884,0.5064000000000001,0.5453,0.5537000000000001,0.5715,0.6164000000000001,0.5800000000000001,0.5763,0.6514,0.5876
2025-01-31,Iwik,Sen2Cor,S2B_MSIL2A_20250131T113319_N0511_R080_T28QCG_20250131T170258.SAFE,C:\Users\Simon\Nextcloud\Project\Mauritania\Science\Arguin - FieldWork Data Processing\Data\S2\Sen2Cor\S2B_MSIL2A_20250131T113319_N0511_R080_T28QCG_20250131T170258.zip,698,56,6345,363455.0,2199455.0,0.2338,0.28500000000000003,0.382,0.5024000000000001,0.5453,0.5537000000000001,0.5715,0.6044,0.5800000000000001,0.5763,0.6514,0.5876
2025-01-31,Iwik,Sen2Cor,S2B_MSIL2A_20250131T113319_N0511_R080_T28QCG_20250131T170258.SAFE,C:\Users\Simon\Nextcloud\Project\Mauritania\Science\Arguin - FieldWork Data Processing\Data\S2\Sen2Cor\S2B_MSIL2A_20250131T113319_N0511_R080_T28QCG_20250131T170258.zip,699,56,6346,363465.0,2199455.0,0.2323,0.2842,0.376,0.49920000000000003,0.5397000000000001,0.5504,0.5642,0.6056,0.5701,0.5763,0.6479,0.5866
2025-01-31,Iwik,Sen2Cor,S2B_MSIL2A_20250131T113319_N0511_R080_T28QCG_20250131T170258.SAFE,C:\Users\Simon\Nextcloud\Project\Mauritania\Science\Arguin - FieldWork Data Processing\Data\S2\Sen2Cor\S2B_MSIL2A_20250131T113319_N0511_R080_T28QCG_20250131T170258.zip,700,56,6347,363475.0,2199455.0,0.2323,0.2836,0.382,0.5052,0.5397000000000001,0.5504,0.5642,0.606,0.5701,0.5763,0.6479,0.5866
2025-01-31,Iwik,Sen2Cor,S2B_MSIL2A_20250131T113319_N0511_R080_T28QCG_20250131T170258.SAFE,C:\Users\Simon\Nextcloud\Project\Mauritania\Science\Arguin - FieldWork Data Processing\Data\S2\Sen2Cor\S2B_MSIL2A_20250131T113319_N0511_R080_T28QCG_20250131T170258.zip,701,56,6348,363485.0,2199455.0,0.23020000000000002,0.2768,0.3796,0.5,0.5398000000000001,0.5445,0.5609000000000001,0.6036,0.5658000000000001,0.5681,0.6455000000000001,0.5835
2025-01-31,Iwik,Sen2Cor,S2B_MSIL2A_20250131T113319_N0511_R080_T28QCG_20250131T170258.SAFE,C:\Users\Simon\Nextcloud\Project\Mauritania\Science\Arguin - FieldWork Data Processing\Data\S2\Sen2Cor\S2B_MSIL2A_20250131T113319_N0511_R080_T28QCG_20250131T170258.zip,702,56,6349,363495.0,2199455.0,0.23020000000000002,0.273,0.3728,0.5004000000000001,0.5398000000000001,0.5445,0.5609000000000001,0.5988,0.5658000000000001,0.5681,0.6455000000000001,0.5835
2025-01-31,Iwik,Sen2Cor,S2B_MSIL2A_20250131T113319_N0511_R080_T28QCG_20250131T170258.SAFE,C:\Users\Simon\Nextcloud\Project\Mauritania\Science\Arguin - FieldWork Data Processing\Data\S2\Sen2Cor\S2B_MSIL2A_20250131T113319_N0511_R080_T28QCG_20250131T170258.zip,703,56,6350,363505.0,2199455.0,0.2283,0.273,0.3704,0.49920000000000003,0.5392,0.5463,0.561,0.5992000000000001,0.5695,0.5681,0.6448,0.5810000000000001
2025-01-31,Iwik,Sen2Cor,S2B_MSIL2A_20250131T113319_N0511_R080_T28QCG_20250131T170258.SAFE,C:\Users\Simon\Nextcloud\Project\Mauritania\Science\Arguin - FieldWork Data Processing\Data\S2\Sen2Cor\S2B_MSIL2A_20250131T113319_N0511_R080_T28QCG_20250131T170258.zip,704,56,6351,363515.0,2199455.0,0.2283,0.2736,0.37560000000000004,0.5044000000000001,0.5392,0.5463,0.561,0.6024,0.5695,0.5681,0.6448,0.5810000000000001
2025-01-31,Iwik,Sen2Cor,S2B_MSIL2A_20250131T113319_N0511_R080_T28QCG_20250131T170258.SAFE,C:\Users\Simon\Nextcloud\Project\Mauritania\Science\Arguin - FieldWork Data Processing\Data\S2\Sen2Cor\S2B_MSIL2A_20250131T113319_N0511_R080_T28QCG_20250131T170258.zip,705,56,6352,363525.0,2199455.0,0.2288,0.275,0.376,0.5,0.544,0.5563,0.5646,0.6012000000000001,0.5772,0.5681,0.6491,0.5875
2025-01-31,Iwik,Sen2Cor,S2B_MSIL2A_20250131T113319_N0511_R080_T28QCG_20250131T170258.SAFE,C:\Users\Simon\Nextcloud\Project\Mauritania\Science\Arguin - FieldWork Data Processing\Data\S2\Sen2Cor\S2B_MSIL2A_20250131T113319_N0511_R080_T28QCG_20250131T170258.zip,706,57,6334,363345.0,2199445.0,0.2197,0.2604,0.3608,0.49360000000000004,0.5357000000000001,0.5483,0.5656,0.6044,0.5715,0.5715,0.6624,0.6103000000000001
2025-01-31,Iwik,Sen2Cor,S2B_MSIL2A_20250131T113319_N0511_R080_T28QCG_20250131T170258.SAFE,C:\Users\Simon\Nextcloud\Project\Mauritania\Science\Arguin - FieldWork Data Processing\Data\S2\Sen2Cor\S2B_MSIL2A_20250131T113319_N0511_R080_T28QCG_20250131T170258.zip,707,57,6335,363355.0,2199445.0,0.2197,0.2622,0.36560000000000004,0.5004000000000001,0.5357000000000001,0.5483,0.5656,0.6024,0.5715,0.5715,0.6624,0.6103000000000001
2025-01-31,Iwik,Sen2Cor,S2B_MSIL2A_20250131T113319_N0511_R080_T28QCG_20250131T170258.SAFE,C:\Users\Simon\Nextcloud\Project\Mauritania\Science\Arguin - FieldWork Data Processing\Data\S2\Sen2Cor\S2B_MSIL2A_20250131T113319_N0511_R080_T28QCG_20250131T170258.zip,708,57,6336,363365.0,2199445.0,0.2268,0.264,0.3728,0.5044000000000001,0.5448000000000001,0.5541,0.5724,0.6084,0.5777,0.5815,0.6652,0.6122000000000001
2025-01-31,Iwik,Sen2Cor,S2B_MSIL2A_20250131T113319_N0511_R080_T28QCG_20250131T170258.SAFE,C:\Users\Simon\Nextcloud\Project\Mauritania\Science\Arguin - FieldWork Data Processing\Data\S2\Sen2Cor\S2B_MSIL2A_20250131T113319_N0511_R080_T28QCG_20250131T170258.zip,709,57,6337,363375.0,2199445.0,0.2268,0.2778,0.378,0.5108,0.5448000000000001,0.5541,0.5724,0.6156,0.5777,0.5815,0.6652,0.6122000000000001
2025-01-31,Iwik,Sen2Cor,S2B_MSIL2A_20250131T113319_N0511_R080_T28QCG_20250131T170258.SAFE,C:\Users\Simon\Nextcloud\Project\Mauritania\Science\Arguin - FieldWork Data Processing\Data\S2\Sen2Cor\S2B_MSIL2A_20250131T113319_N0511_R080_T28QCG_20250131T170258.zip,710,57,6338,363385.0,2199445.0,0.23240000000000002,0.27840000000000004,0.3796,0.5112,0.5545,0.5623,0.5769000000000001,0.618,0.5866,0.5815,0.6635,0.6078
2025-01-31,Iwik,Sen2Cor,S2B_MSIL2A_20250131T113319_N0511_R080_T28QCG_20250131T170258.SAFE,C:\Users\Simon\Nextcloud\Project\Mauritania\Science\Arguin - FieldWork Data Processing\Data\S2\Sen2Cor\S2B_MSIL2A_20250131T113319_N0511_R080_T28QCG_20250131T170258.zip,711,57,6339,363395.0,2199445.0,0.23240000000000002,0.2842,0.386,0.5152,0.5545,0.5623,0.5769000000000001,0.6172000000000001,0.5866,0.5815,0.6635,0.6078
2025-01-31,Iwik,Sen2Cor,S2B_MSIL2A_20250131T113319_N0511_R080_T28QCG_20250131T170258.SAFE,C:\Users\Simon\Nextcloud\Project\Mauritania\Science\Arguin - FieldWork Data Processing\Data\S2\Sen2Cor\S2B_MSIL2A_20250131T113319_N0511_R080_T28QCG_20250131T170258.zip,712,57,6340,363405.0,2199445.0,0.23420000000000002,0.28900000000000003,0.39280000000000004,0.5204,0.56,0.5701,0.5838,0.6244000000000001,0.5921000000000001,0.5815,0.6632,0.6021000000000001
2025-01-31,Iwik,Sen2Cor,S2B_MSIL2A_20250131T113319_N0511_R080_T28QCG_20250131T170258.SAFE,C:\Users\Simon\Nextcloud\Project\Mauritania\Science\Arguin - FieldWork Data Processing\Data\S2\Sen2Cor\S2B_MSIL2A_20250131T113319_N0511_R080_T28QCG_20250131T170258.zip,713,57,6341,363415.0,2199445.0,0.23420000000000002,0.29200000000000004,0.39440000000000003,0.522,0.56,0.5701,0.5838,0.6304000000000001,0.5921000000000001,0.5815,0.6632,0.6021000000000001
2025-01-31,Iwik,Sen2Cor,S2B_MSIL2A_20250131T113319_N0511_R080_T28QCG_20250131T170258.SAFE,C:\Users\Simon\Nextcloud\Project\Mauritania\Science\Arguin - FieldWork Data Processing\Data\S2\Sen2Cor\S2B_MSIL2A_20250131T113319_N0511_R080_T28QCG_20250131T170258.zip,714,57,6342,363425.0,2199445.0,0.2343,0.3,0.3992,0.526,0.5593,0.5680000000000001,0.5807,0.6288,0.5886,0.5763,0.66,0.5916
2025-01-31,Iwik,Sen2Cor,S2B_MSIL2A_20250131T113319_N0511_R080_T28QCG_20250131T170258.SAFE,C:\Users\Simon\Nextcloud\Project\Mauritania\Science\Arguin - FieldWork Data Processing\Data\S2\Sen2Cor\S2B_MSIL2A_20250131T113319_N0511_R080_T28QCG_20250131T170258.zip,715,57,6343,363435.0,2199445.0,0.2343,0.2932,0.3956,0.5244,0.5593,0.5680000000000001,0.5807,0.626,0.5886,0.5763,0.66,0.5916
2025-01-31,Iwik,Sen2Cor,S2B_MSIL2A_20250131T113319_N0511_R080_T28QCG_20250131T170258.SAFE,C:\Users\Simon\Nextcloud\Project\Mauritania\Science\Arguin - FieldWork Data Processing\Data\S2\Sen2Cor\S2B_MSIL2A_20250131T113319_N0511_R080_T28QCG_20250131T170258.zip,716,57,6344,363445.0,2199445.0,0.2338,0.28900000000000003,0.3884,0.5124000000000001,0.5453,0.5537000000000001,0.5715,0.6196,0.5800000000000001,0.5763,0.6514,0.5876
2025-01-31,Iwik,Sen2Cor,S2B_MSIL2A_20250131T113319_N0511_R080_T28QCG_20250131T170258.SAFE,C:\Users\Simon\Nextcloud\Project\Mauritania\Science\Arguin - FieldWork Data Processing\Data\S2\Sen2Cor\S2B_MSIL2A_20250131T113319_N0511_R080_T28QCG_20250131T170258.zip,717,57,6345,363455.0,2199445.0,0.2338,0.2858,0.38280000000000003,0.5072,0.5453,0.5537000000000001,0.5715,0.608,0.5800000000000001,0.5763,0.6514,0.5876
2025-01-31,Iwik,Sen2Cor,S2B_MSIL2A_20250131T113319_N0511_R080_T28QCG_20250131T170258.SAFE,C:\Users\Simon\Nextcloud\Project\Mauritania\Science\Arguin - FieldWork Data Processing\Data\S2\Sen2Cor\S2B_MSIL2A_20250131T113319_N0511_R080_T28QCG_20250131T170258.zip,718,57,6346,363465.0,2199445.0,0.2323,0.2822,0.3784,0.5,0.5397000000000001,0.5504,0.5642,0.6044,0.5701,0.5763,0.6479,0.5866
2025-01-31,Iwik,Sen2Cor,S2B_MSIL2A_20250131T113319_N0511_R080_T28QCG_20250131T170258.SAFE,C:\Users\Simon\Nextcloud\Project\Mauritania\Science\Arguin - FieldWork Data Processing\Data\S2\Sen2Cor\S2B_MSIL2A_20250131T113319_N0511_R080_T28QCG_20250131T170258.zip,719,57,6347,363475.0,2199445.0,0.2323,0.2822,0.3808,0.506,0.5397000000000001,0.5504,0.5642,0.6048,0.5701,0.5763,0.6479,0.5866
2025-01-31,Iwik,Sen2Cor,S2B_MSIL2A_20250131T113319_N0511_R080_T28QCG_20250131T170258.SAFE,C:\Users\Simon\Nextcloud\Project\Mauritania\Science\Arguin - FieldWork Data Processing\Data\S2\Sen2Cor\S2B_MSIL2A_20250131T113319_N0511_R080_T28QCG_20250131T170258.zip,720,57,6348,363485.0,2199445.0,0.23020000000000002,0.2758,0.3728,0.4984,0.5398000000000001,0.5445,0.5609000000000001,0.6016,0.5658000000000001,0.5681,0.6455000000000001,0.5835
2025-01-31,Iwik,Sen2Cor,S2B_MSIL2A_20250131T113319_N0511_R080_T28QCG_20250131T170258.SAFE,C:\Users\Simon\Nextcloud\Project\Mauritania\Science\Arguin - FieldWork Data Processing\Data\S2\Sen2Cor\S2B_MSIL2A_20250131T113319_N0511_R080_T28QCG_20250131T170258.zip,721,57,6349,363495.0,2199445.0,0.23020000000000002,0.271,0.3724,0.498,0.5398000000000001,0.5445,0.5609000000000001,0.6016,0.5658000000000001,0.5681,0.6455000000000001,0.5835
2025-01-31,Iwik,Sen2Cor,S2B_MSIL2A_20250131T113319_N0511_R080_T28QCG_20250131T170258.SAFE,C:\Users\Simon\Nextcloud\Project\Mauritania\Science\Arguin - FieldWork Data Processing\Data\S2\Sen2Cor\S2B_MSIL2A_20250131T113319_N0511_R080_T28QCG_20250131T170258.zip,722,57,6350,363505.0,2199445.0,0.2283,0.2766,0.36960000000000004,0.498,0.5392,0.5463,0.561,0.5988,0.5695,0.5681,0.6448,0.5810000000000001
2025-01-31,Iwik,Sen2Cor,S2B_MSIL2A_20250131T113319_N0511_R080_T28QCG_20250131T170258.SAFE,C:\Users\Simon\Nextcloud\Project\Mauritania\Science\Arguin - FieldWork Data Processing\Data\S2\Sen2Cor\S2B_MSIL2A_20250131T113319_N0511_R080_T28QCG_20250131T170258.zip,723,58,6338,363385.0,2199435.0,0.22840000000000002,0.27540000000000003,0.38280000000000003,0.5148,0.5559000000000001,0.5682,0.5816,0.62,0.5843,0.5815,0.664,0.6096
2025-01-31,Iwik,Sen2Cor,S2B_MSIL2A_20250131T113319_N0511_R080_T28QCG_20250131T170258.SAFE,C:\Users\Simon\Nextcloud\Project\Mauritania\Science\Arguin - FieldWork Data Processing\Data\S2\Sen2Cor\S2B_MSIL2A_20250131T113319_N0511_R080_T28QCG_20250131T170258.zip,724,58,6339,363395.0,2199435.0,0.22840000000000002,0.2836,0.386,0.5172,0.5559000000000001,0.5682,0.5816,0.6196,0.5843,0.5815,0.664,0.6096
2025-01-31,Iwik,Sen2Cor,S2B_MSIL2A_20250131T113319_N0511_R080_T28QCG_20250131T170258.SAFE,C:\Users\Simon\Nextcloud\Project\Mauritania\Science\Arguin - FieldWork Data Processing\Data\S2\Sen2Cor\S2B_MSIL2A_20250131T113319_N0511_R080_T28QCG_20250131T170258.zip,725,58,6340,363405.0,2199435.0,0.2308,0.2852,0.392,0.5204,0.5606,0.5730000000000001,0.5840000000000001,0.624,0.5913,0.5815,0.6644,0.6068
2025-01-31,Iwik,Sen2Cor,S2B_MSIL2A_20250131T113319_N0511_R080_T28QCG_20250131T170258.SAFE,C:\Users\Simon\Nextcloud\Project\Mauritania\Science\Arguin - FieldWork Data Processing\Data\S2\Sen2Cor\S2B_MSIL2A_20250131T113319_N0511_R080_T28QCG_20250131T170258.zip,726,58,6341,363415.0,2199435.0,0.2308,0.2852,0.392,0.5196000000000001,0.5606,0.5730000000000001,0.5840000000000001,0.6248,0.5913,0.5815,0.6644,0.6068
2025-01-31,Iwik,Sen2Cor,S2B_MSIL2A_20250131T113319_N0511_R080_T28QCG_20250131T170258.SAFE,C:\Users\Simon\Nextcloud\Project\Mauritania\Science\Arguin - FieldWork Data Processing\Data\S2\Sen2Cor\S2B_MSIL2A_20250131T113319_N0511_R080_T28QCG_20250131T170258.zip,727,58,6342,363425.0,2199435.0,0.23190000000000002,0.2922,0.4,0.5208,0.5538000000000001,0.5637,0.5777,0.63,0.5857,0.5763,0.6578,0.5939
2025-01-31,Iwik,Sen2Cor,S2B_MSIL2A_20250131T113319_N0511_R080_T28QCG_20250131T170258.SAFE,C:\Users\Simon\Nextcloud\Project\Mauritania\Science\Arguin - FieldWork Data Processing\Data\S2\Sen2Cor\S2B_MSIL2A_20250131T113319_N0511_R080_T28QCG_20250131T170258.zip,728,58,6343,363435.0,2199435.0,0.23190000000000002,0.28900000000000003,0.39480000000000004,0.5184,0.5538000000000001,0.5637,0.5777,0.6232,0.5857,0.5763,0.6578,0.5939
2025-01-31,Iwik,Sen2Cor,S2B_MSIL2A_20250131T113319_N0511_R080_T28QCG_20250131T170258.SAFE,C:\Users\Simon\Nextcloud\Project\Mauritania\Science\Arguin - FieldWork Data Processing\Data\S2\Sen2Cor\S2B_MSIL2A_20250131T113319_N0511_R080_T28QCG_20250131T170258.zip,729,58,6344,363445.0,2199435.0,0.2333,0.2868,0.38480000000000003,0.506,0.5437000000000001,0.5539000000000001,0.5680000000000001,0.6128,0.5746,0.5763,0.6532,0.5876
2025-01-31,Iwik,Sen2Cor,S2B_MSIL2A_20250131T113319_N0511_R080_T28QCG_20250131T170258.SAFE,C:\Users\Simon\Nextcloud\Project\Mauritania\Science\Arguin - FieldWork Data Processing\Data\S2\Sen2Cor\S2B_MSIL2A_20250131T113319_N0511_R080_T28QCG_20250131T170258.zip,730,58,6345,363455.0,2199435.0,0.2333,0.2776,0.3776,0.5052,0.5437000000000001,0.5539000000000001,0.5680000000000001,0.606,0.5746,0.5763,0.6532,0.5876
2025-01-31,Iwik,Sen2Cor,S2B_MSIL2A_20250131T113319_N0511_R080_T28QCG_20250131T170258.SAFE,C:\Users\Simon\Nextcloud\Project\Mauritania\Science\Arguin - FieldWork Data Processing\Data\S2\Sen2Cor\S2B_MSIL2A_20250131T113319_N0511_R080_T28QCG_20250131T170258.zip,731,58,6346,363465.0,2199435.0,0.2321,0.2812,0.37720000000000004,0.5044000000000001,0.5359,0.5473,0.5599000000000001,0.604,0.5675,0.5763,0.6504,0.5882000000000001
2025-01-31,Iwik,Sen2Cor,S2B_MSIL2A_20250131T113319_N0511_R080_T28QCG_20250131T170258.SAFE,C:\Users\Simon\Nextcloud\Project\Mauritania\Science\Arguin - FieldWork Data Processing\Data\S2\Sen2Cor\S2B_MSIL2A_20250131T113319_N0511_R080_T28QCG_20250131T170258.zip,732,58,6347,363475.0,2199435.0,0.2321,0.2746,0.37560000000000004,0.49920000000000003,0.5359,0.5473,0.5599000000000001,0.6036,0.5675,0.5763,0.6504,0.5882000000000001
2025-01-31,Arel,Sen2Cor,S2B_MSIL2A_20250131T113319_N0511_R080_T28QCH_20250131T170258.SAFE,C:\Users\Simon\Nextcloud\Project\Mauritania\Science\Arguin - FieldWork Data Processing\Data\S2\Sen2Cor\S2B_MSIL2A_20250131T113319_N0511_R080_T28QCH_20250131T170258.zip,0,9870,4269,342695.0,2201335.0,0.26,0.3644,0.4476,0.5464,0.5911000000000001,0.6005,0.6103000000000001,0.6776,0.635,0.6464000000000001,0.5775,0.4174
2025-01-31,Arel,Sen2Cor,S2B_MSIL2A_20250131T113319_N0511_R080_T28QCH_20250131T170258.SAFE,C:\Users\Simon\Nextcloud\Project\Mauritania\Science\Arguin - FieldWork Data Processing\Data\S2\Sen2Cor\S2B_MSIL2A_20250131T113319_N0511_R080_T28QCH_20250131T170258.zip,1,9870,4270,342705.0,2201335.0,0.24130000000000001,0.3536,0.4388,0.5332,0.5646,0.5720000000000001,0.5930000000000001,0.6596000000000001,0.618,0.6464000000000001,0.5659000000000001,0.40080000000000005
2025-01-31,Arel,Sen2Cor,S2B_MSIL2A_20250131T113319_N0511_R080_T28QCH_20250131T170258.SAFE,C:\Users\Simon\Nextcloud\Project\Mauritania\Science\Arguin - FieldWork Data Processing\Data\S2\Sen2Cor\S2B_MSIL2A_20250131T113319_N0511_R080_T28QCH_20250131T170258.zip,2,9870,4271,342715.0,2201335.0,0.24130000000000001,0.34440000000000004,0.41440000000000005,0.4908,0.5646,0.5720000000000001,0.5930000000000001,0.6396000000000001,0.618,0.6464000000000001,0.5659000000000001,0.40080000000000005
2025-01-31,Arel,Sen2Cor,S2B_MSIL2A_20250131T113319_N0511_R080_T28QCH_20250131T170258.SAFE,C:\Users\Simon\Nextcloud\Project\Mauritania\Science\Arguin - FieldWork Data Processing\Data\S2\Sen2Cor\S2B_MSIL2A_20250131T113319_N0511_R080_T28QCH_20250131T170258.zip,3,9871,4264,342645.0,2201325.0,0.2581,0.378,0.46640000000000004,0.5804,0.595,0.6015,0.6191,0.7084,0.6421,0.6314000000000001,0.5809000000000001,0.42850000000000005
2025-01-31,Arel,Sen2Cor,S2B_MSIL2A_20250131T113319_N0511_R080_T28QCH_20250131T170258.SAFE,C:\Users\Simon\Nextcloud\Project\Mauritania\Science\Arguin - FieldWork Data Processing\Data\S2\Sen2Cor\S2B_MSIL2A_20250131T113319_N0511_R080_T28QCH_20250131T170258.zip,4,9871,4265,342655.0,2201325.0,0.2581,0.382,0.46640000000000004,0.5748,0.595,0.6015,0.6191,0.7008,0.6421,0.6314000000000001,0.5809000000000001,0.42850000000000005
2025-01-31,Arel,Sen2Cor,S2B_MSIL2A_20250131T113319_N0511_R080_T28QCH_20250131T170258.SAFE,C:\Users\Simon\Nextcloud\Project\Mauritania\Science\Arguin - FieldWork Data Processing\Data\S2\Sen2Cor\S2B_MSIL2A_20250131T113319_N0511_R080_T28QCH_20250131T170258.zip,5,9871,4266,342665.0,2201325.0,0.2635,0.374,0.46280000000000004,0.5700000000000001,0.5953,0.6068,0.6212,0.6932,0.6422,0.6464000000000001,0.5839,0.4253
2025-01-31,Arel,Sen2Cor,S2B_MSIL2A_20250131T113319_N0511_R080_T28QCH_20250131T170258.SAFE,C:\Users\Simon\Nextcloud\Project\Mauritania\Science\Arguin - FieldWork Data Processing\Data\S2\Sen2Cor\S2B_MSIL2A_20250131T113319_N0511_R080_T28QCH_20250131T170258.zip,6,9871,4267,342675.0,2201325.0,0.2635,0.3776,0.464,0.5680000000000001,0.5953,0.6068,0.6212,0.6880000000000001,0.6422,0.6464000000000001,0.5839,0.4253
2025-01-31,Arel,Sen2Cor,S2B_MSIL2A_20250131T113319_N0511_R080_T28QCH_20250131T170258.SAFE,C:\Users\Simon\Nextcloud\Project\Mauritania\Science\Arguin - FieldWork Data Processing\Data\S2\Sen2Cor\S2B_MSIL2A_20250131T113319_N0511_R080_T28QCH_20250131T170258.zip,7,9871,4268,342685.0,2201325.0,0.26,0.3796,0.4632,0.5636,0.5911000000000001,0.6005,0.6103000000000001,0.6932,0.635,0.6464000000000001,0.5775,0.4174
2025-01-31,Arel,Sen2Cor,S2B_MSIL2A_20250131T113319_N0511_R080_T28QCH_20250131T170258.SAFE,C:\Users\Simon\Nextcloud\Project\Mauritania\Science\Arguin - FieldWork Data Processing\Data\S2\Sen2Cor\S2B_MSIL2A_20250131T113319_N0511_R080_T28QCH_20250131T170258.zip,8,9871,4269,342695.0,2201325.0,0.26,0.3688,0.45320000000000005,0.556,0.5911000000000001,0.6005,0.6103000000000001,0.6808000000000001,0.635,0.6464000000000001,0.5775,0.4174
2025-01-31,Arel,Sen2Cor,S2B_MSIL2A_20250131T113319_N0511_R080_T28QCH_20250131T170258.SAFE,C:\Users\Simon\Nextcloud\Project\Mauritania\Science\Arguin - FieldWork Data Processing\Data\S2\Sen2Cor\S2B_MSIL2A_20250131T113319_N0511_R080_T28QCH_20250131T170258.zip,9,9871,4270,342705.0,2201325.0,0.24130000000000001,0.372,0.4536,0.5548000000000001,0.5646,0.5720000000000001,0.5930000000000001,0.68,0.618,0.6464000000000001,0.5659000000000001,0.40080000000000005
2025-01-31,Arel,Sen2Cor,S2B_MSIL2A_20250131T113319_N0511_R080_T28QCH_20250131T170258.SAFE,C:\Users\Simon\Nextcloud\Project\Mauritania\Science\Arguin - FieldWork Data Processing\Data\S2\Sen2Cor\S2B_MSIL2A_20250131T113319_N0511_R080_T28QCH_20250131T170258.zip,10,9871,4271,342715.0,2201325.0,0.24130000000000001,0.38280000000000003,0.4612,0.5472,0.5646,0.5720000000000001,0.5930000000000001,0.6876,0.618,0.6464000000000001,0.5659000000000001,0.40080000000000005
2025-01-31,Arel,Sen2Cor,S2B_MSIL2A_20250131T113319_N0511_R080_T28QCH_20250131T170258.SAFE,C:\Users\Simon\Nextcloud\Project\Mauritania\Science\Arguin - FieldWork Data Processing\Data\S2\Sen2Cor\S2B_MSIL2A_20250131T113319_N0511_R080_T28QCH_20250131T170258.zip,11,9871,4272,342725.0,2201325.0,0.2141,0.3688,0.43560000000000004,0.5296000000000001,0.5194,0.55,0.5611,0.6732,0.5902000000000001,0.5219,0.5361,0.3705
2025-01-31,Arel,Sen2Cor,S2B_MSIL2A_20250131T113319_N0511_R080_T28QCH_20250131T170258.SAFE,C:\Users\Simon\Nextcloud\Project\Mauritania\Science\Arguin - FieldWork Data Processing\Data\S2\Sen2Cor\S2B_MSIL2A_20250131T113319_N0511_R080_T28QCH_20250131T170258.zip,12,9872,4259,342595.0,2201315.0,0.27040000000000003,0.35200000000000004,0.43560000000000004,0.5268,0.5676,0.5872,0.5936,0.6396000000000001,0.6131,0.5654,0.5637,0.3942
2025-01-31,Arel,Sen2Cor,S2B_MSIL2A_20250131T113319_N0511_R080_T28QCH_20250131T170258.SAFE,C:\Users\Simon\Nextcloud\Project\Mauritania\Science\Arguin - FieldWork Data Processing\Data\S2\Sen2Cor\S2B_MSIL2A_20250131T113319_N0511_R080_T28QCH_20250131T170258.zip,13,9872,4260,342605.0,2201315.0,0.28150000000000003,0.394,0.47640000000000005,0.5752,0.617,0.619,0.6335000000000001,0.6896,0.6518,0.6314000000000001,0.5903,0.4162
2025-01-31,Arel,Sen2Cor,S2B_MSIL2A_20250131T113319_N0511_R080_T28QCH_20250131T170258.SAFE,C:\Users\Simon\Nextcloud\Project\Mauritania\Science\Arguin - FieldWork Data Processing\Data\S2\Sen2Cor\S2B_MSIL2A_20250131T113319_N0511_R080_T28QCH_20250131T170258.zip,14,9872,4261,342615.0,2201315.0,0.28150000000000003,0.4076,0.5044000000000001,0.5992000000000001,0.617,0.619,0.6335000000000001,0.7192000000000001,0.6518,0.6314000000000001,0.5903,0.4162
2025-01-31,Arel,Sen2Cor,S2B_MSIL2A_20250131T113319_N0511_R080_T28QCH_20250131T170258.SAFE,C:\Users\Simon\Nextcloud\Project\Mauritania\Science\Arguin - FieldWork Data Processing\Data\S2\Sen2Cor\S2B_MSIL2A_20250131T113319_N0511_R080_T28QCH_20250131T170258.zip,15,9872,4262,342625.0,2201315.0,0.2898,0.3972,0.4852,0.5948,0.6277,0.6366,0.6493,0.7216,0.6712,0.6314000000000001,0.606,0.437
2025-01-31,Arel,Sen2Cor,S2B_MSIL2A_20250131T113319_N0511_R080_T28QCH_20250131T170258.SAFE,C:\Users\Simon\Nextcloud\Project\Mauritania\Science\Arguin - FieldWork Data Processing\Data\S2\Sen2Cor\S2B_MSIL2A_20250131T113319_N0511_R080_T28QCH_20250131T170258.zip,16,9872,4263,342635.0,2201315.0,0.2898,0.3876,0.4864,0.5916,0.6277,0.6366,0.6493,0.7148,0.6712,0.6314000000000001,0.606,0.437
2025-01-31,Arel,Sen2Cor,S2B_MSIL2A_20250131T113319_N0511_R080_T28QCH_20250131T170258.SAFE,C:\Users\Simon\Nextcloud\Project\Mauritania\Science\Arguin - FieldWork Data Processing\Data\S2\Sen2Cor\S2B_MSIL2A_20250131T113319_N0511_R080_T28QCH_20250131T170258.zip,17,9872,4264,342645.0,2201315.0,0.2967,0.38920000000000005,0.48000000000000004,0.5848,0.6156,0.6215,0.6396000000000001,0.7140000000000001,0.6573,0.6314000000000001,0.5942000000000001,0.4334
2025-01-31,Arel,Sen2Cor,S2B_MSIL2A_20250131T113319_N0511_R080_T28QCH_20250131T170258.SAFE,C:\Users\Simon\Nextcloud\Project\Mauritania\Science\Arguin - FieldWork Data Processing\Data\S2\Sen2Cor\S2B_MSIL2A_20250131T113319_N0511_R080_T28QCH_20250131T170258.zip,18,9872,4265,342655.0,2201315.0,0.2967,0.38920000000000005,0.4752,0.5848,0.6156,0.6215,0.6396000000000001,0.7000000000000001,0.6573,0.6314000000000001,0.5942000000000001,0.4334
2025-01-31,Arel,Sen2Cor,S2B_MSIL2A_20250131T113319_N0511_R080_T28QCH_20250131T170258.SAFE,C:\Users\Simon\Nextcloud\Project\Mauritania\Science\Arguin - FieldWork Data Processing\Data\S2\Sen2Cor\S2B_MSIL2A_20250131T113319_N0511_R080_T28QCH_20250131T170258.zip,19,9872,4266,342665.0,2201315.0,0.3014,0.3836,0.4692,0.5804,0.606,0.6117,0.6307,0.6908000000000001,0.6496000000000001,0.6464000000000001,0.5903,0.42400000000000004
2025-01-31,Arel,Sen2Cor,S2B_MSIL2A_20250131T113319_N0511_R080_T28QCH_20250131T170258.SAFE,C:\Users\Simon\Nextcloud\Project\Mauritania\Science\Arguin - FieldWork Data Processing\Data\S2\Sen2Cor\S2B_MSIL2A_20250131T113319_N0511_R080_T28QCH_20250131T170258.zip,20,9872,4267,342675.0,2201315.0,0.3014,0.3864,0.47440000000000004,0.5756,0.606,0.6117,0.6307,0.6964,0.6496000000000001,0.6464000000000001,0.5903,0.42400000000000004
2025-01-31,Arel,Sen2Cor,S2B_MSIL2A_20250131T113319_N0511_R080_T28QCH_20250131T170258.SAFE,C:\Users\Simon\Nextcloud\Project\Mauritania\Science\Arguin - FieldWork Data Processing\Data\S2\Sen2Cor\S2B_MSIL2A_20250131T113319_N0511_R080_T28QCH_20250131T170258.zip,21,9872,4268,342685.0,2201315.0,0.2968,0.3784,0.46280000000000004,0.5668000000000001,0.5986,0.6085,0.6248,0.6948000000000001,0.6484,0.6464000000000001,0.5934,0.4302
2025-01-31,Arel,Sen2Cor,S2B_MSIL2A_20250131T113319_N0511_R080_T28QCH_20250131T170258.SAFE,C:\Users\Simon\Nextcloud\Project\Mauritania\Science\Arguin - FieldWork Data Processing\Data\S2\Sen2Cor\S2B_MSIL2A_20250131T113319_N0511_R080_T28QCH_20250131T170258.zip,22,9872,4269,342695.0,2201315.0,0.2968,0.3784,0.46,0.5624,0.5986,0.6085,0.6248,0.6924,0.6484,0.6464000000000001,0.5934,0.4302
2025-01-31,Arel,Sen2Cor,S2B_MSIL2A_20250131T113319_N0511_R080_T28QCH_20250131T170258.SAFE,C:\Users\Simon\Nextcloud\Project\Mauritania\Science\Arguin - FieldWork Data Processing\Data\S2\Sen2Cor\S2B_MSIL2A_20250131T113319_N0511_R080_T28QCH_20250131T170258.zip,23,9872,4270,342705.0,2201315.0,0.2791,0.3864,0.46640000000000004,0.5700000000000001,0.6108,0.6156,0.634,0.7036,0.653,0.6464000000000001,0.5967,0.43960000000000005
2025-01-31,Arel,Sen2Cor,S2B_MSIL2A_20250131T113319_N0511_R080_T28QCH_20250131T170258.SAFE,C:\Users\Simon\Nextcloud\Project\Mauritania\Science\Arguin - FieldWork Data Processing\Data\S2\Sen2Cor\S2B_MSIL2A_20250131T113319_N0511_R080_T28QCH_20250131T170258.zip,24,9872,4271,342715.0,2201315.0,0.2791,0.384,0.47800000000000004,0.5760000000000001,0.6108,0.6156,0.634,0.7072,0.653,0.6464000000000001,0.5967,0.43960000000000005
2025-01-31,Arel,Sen2Cor,S2B_MSIL2A_20250131T113319_N0511_R080_T28QCH_20250131T170258.SAFE,C:\Users\Simon\Nextcloud\Project\Mauritania\Science\Arguin - FieldWork Data Processing\Data\S2\Sen2Cor\S2B_MSIL2A_20250131T113319_N0511_R080_T28QCH_20250131T170258.zip,25,9872,4272,342725.0,2201315.0,0.2525,0.38,0.46840000000000004,0.562,0.5699000000000001,0.5832,0.5973,0.6852,0.6182000000000001,0.5219,0.5614,0.4091
2025-01-31,Arel,Sen2Cor,S2B_MSIL2A_20250131T113319_N0511_R080_T28QCH_20250131T170258.SAFE,C:\Users\Simon\Nextcloud\Project\Mauritania\Science\Arguin - FieldWork Data Processing\Data\S2\Sen2Cor\S2B_MSIL2A_20250131T113319_N0511_R080_T28QCH_20250131T170258.zip,26,9873,4255,342555.0,2201305.0,0.23370000000000002,0.4152,0.4964,0.5824,0.533,0.531,0.5389,0.6924,0.5619000000000001,0.5654,0.5029,0.3421
2025-01-31,Arel,Sen2Cor,S2B_MSIL2A_20250131T113319_N0511_R080_T28QCH_20250131T170258.SAFE,C:\Users\Simon\Nextcloud\Project\Mauritania\Science\Arguin - FieldWork Data Processing\Data\S2\Sen2Cor\S2B_MSIL2A_20250131T113319_N0511_R080_T28QCH_20250131T170258.zip,27,9873,4256,342565.0,2201305.0,0.2549,0.4156,0.49200000000000005,0.5800000000000001,0.5633,0.5754,0.5841000000000001,0.7016,0.5989,0.5654,0.5408000000000001,0.3704
2025-01-31,Arel,Sen2Cor,S2B_MSIL2A_20250131T113319_N0511_R080_T28QCH_20250131T170258.SAFE,C:\Users\Simon\Nextcloud\Project\Mauritania\Science\Arguin - FieldWork Data Processing\Data\S2\Sen2Cor\S2B_MSIL2A_20250131T113319_N0511_R080_T28QCH_20250131T170258.zip,28,9873,4257,342575.0,2201305.0,0.2549,0.41000000000000003,0.4904,0.5848,0.5633,0.5754,0.5841000000000001,0.6928000000000001,0.5989,0.5654,0.5408000000000001,0.3704
2025-01-31,Arel,Sen2Cor,S2B_MSIL2A_20250131T113319_N0511_R080_T28QCH_20250131T170258.SAFE,C:\Users\Simon\Nextcloud\Project\Mauritania\Science\Arguin - FieldWork Data Processing\Data\S2\Sen2Cor\S2B_MSIL2A_20250131T113319_N0511_R080_T28QCH_20250131T170258.zip,29,9873,4258,342585.0,2201305.0,0.27040000000000003,0.3996,0.4904,0.5804,0.5676,0.5872,0.5936,0.6916,0.6131,0.5654,0.5637,0.3942
2025-01-31,Arel,Sen2Cor,S2B_MSIL2A_20250131T113319_N0511_R080_T28QCH_20250131T170258.SAFE,C:\Users\Simon\Nextcloud\Project\Mauritania\Science\Arguin - FieldWork Data Processing\Data\S2\Sen2Cor\S2B_MSIL2A_20250131T113319_N0511_R080_T28QCH_20250131T170258.zip,30,9873,4259,342595.0,2201305.0,0.27040000000000003,0.388,0.47840000000000005,0.5736,0.5676,0.5872,0.5936,0.6976,0.6131,0.5654,0.5637,0.3942
2025-01-31,Arel,Sen2Cor,S2B_MSIL2A_20250131T113319_N0511_R080_T28QCH_20250131T170258.SAFE,C:\Users\Simon\Nextcloud\Project\Mauritania\Science\Arguin - FieldWork Data Processing\Data\S2\Sen2Cor\S2B_MSIL2A_20250131T113319_N0511_R080_T28QCH_20250131T170258.zip,31,9873,4260,342605.0,2201305.0,0.28150000000000003,0.41200000000000003,0.49520000000000003,0.5988,0.617,0.619,0.6335000000000001,0.7248,0.6518,0.6314000000000001,0.5903,0.4162
2025-01-31,Arel,Sen2Cor,S2B_MSIL2A_20250131T113319_N0511_R080_T28QCH_20250131T170258.SAFE,C:\Users\Simon\Nextcloud\Project\Mauritania\Science\Arguin - FieldWork Data Processing\Data\S2\Sen2Cor\S2B_MSIL2A_20250131T113319_N0511_R080_T28QCH_20250131T170258.zip,32,9873,4261,342615.0,2201305.0,0.28150000000000003,0.40640000000000004,0.5036,0.6108,0.617,0.619,0.6335000000000001,0.7288,0.6518,0.6314000000000001,0.5903,0.4162
2025-01-31,Arel,Sen2Cor,S2B_MSIL2A_20250131T113319_N0511_R080_T28QCH_20250131T170258.SAFE,C:\Users\Simon\Nextcloud\Project\Mauritania\Science\Arguin - FieldWork Data Processing\Data\S2\Sen2Cor\S2B_MSIL2A_20250131T113319_N0511_R080_T28QCH_20250131T170258.zip,33,9873,4262,342625.0,2201305.0,0.2898,0.3972,0.49200000000000005,0.6016,0.6277,0.6366,0.6493,0.7288,0.6712,0.6314000000000001,0.606,0.437
2025-01-31,Arel,Sen2Cor,S2B_MSIL2A_20250131T113319_N0511_R080_T28QCH_20250131T170258.SAFE,C:\Users\Simon\Nextcloud\Project\Mauritania\Science\Arguin - FieldWork Data Processing\Data\S2\Sen2Cor\S2B_MSIL2A_20250131T113319_N0511_R080_T28QCH_20250131T170258.zip,34,9873,4263,342635.0,2201305.0,0.2898,0.402,0.4888,0.5988,0.6277,0.6366,0.6493,0.7224,0.6712,0.6314000000000001,0.606,0.437
2025-01-31,Arel,Sen2Cor,S2B_MSIL2A_20250131T113319_N0511_R080_T28QCH_20250131T170258.SAFE,C:\Users\Simon\Nextcloud\Project\Mauritania\Science\Arguin - FieldWork Data Processing\Data\S2\Sen2Cor\S2B_MSIL2A_20250131T113319_N0511_R080_T28QCH_20250131T170258.zip,35,9873,4264,342645.0,2201305.0,0.2967,0.40240000000000004,0.49200000000000005,0.6024,0.6156,0.6215,0.6396000000000001,0.7152000000000001,0.6573,0.6314000000000001,0.5942000000000001,0.4334
2025-01-31,Arel,Sen2Cor,S2B_MSIL2A_20250131T113319_N0511_R080_T28QCH_20250131T170258.SAFE,C:\Users\Simon\Nextcloud\Project\Mauritania\Science\Arguin - FieldWork Data Processing\Data\S2\Sen2Cor\S2B_MSIL2A_20250131T113319_N0511_R080_T28QCH_20250131T170258.zip,36,9873,4265,342655.0,2201305.0,0.2967,0.396,0.4884,0.596,0.6156,0.6215,0.6396000000000001,0.7060000000000001,0.6573,0.6314000000000001,0.5942000000000001,0.4334
2025-01-31,Arel,Sen2Cor,S2B_MSIL2A_20250131T113319_N0511_R080_T28QCH_20250131T170258.SAFE,C:\Users\Simon\Nextcloud\Project\Mauritania\Science\Arguin - FieldWork Data Processing\Data\S2\Sen2Cor\S2B_MSIL2A_20250131T113319_N0511_R080_T28QCH_20250131T170258.zip,37,9873,4266,342665.0,2201305.0,0.3014,0.396,0.48160000000000003,0.5864,0.606,0.6117,0.6307,0.6996,0.6496000000000001,0.6464000000000001,0.5903,0.42400000000000004
2025-01-31,Arel,Sen2Cor,S2B_MSIL2A_20250131T113319_N0511_R080_T28QCH_20250131T170258.SAFE,C:\Users\Simon\Nextcloud\Project\Mauritania\Science\Arguin - FieldWork Data Processing\Data\S2\Sen2Cor\S2B_MSIL2A_20250131T113319_N0511_R080_T28QCH_20250131T170258.zip,38,9873,4267,342675.0,2201305.0,0.3014,0.3996,0.48040000000000005,0.5836,0.606,0.6117,0.6307,0.7012,0.6496000000000001,0.6464000000000001,0.5903,0.42400000000000004
2025-01-31,Arel,Sen2Cor,S2B_MSIL2A_20250131T113319_N0511_R080_T28QCH_20250131T170258.SAFE,C:\Users\Simon\Nextcloud\Project\Mauritania\Science\Arguin - FieldWork Data Processing\Data\S2\Sen2Cor\S2B_MSIL2A_20250131T113319_N0511_R080_T28QCH_20250131T170258.zip,39,9873,4268,342685.0,2201305.0,0.2968,0.38,0.46440000000000003,0.5712,0.5986,0.6085,0.6248,0.6964,0.6484,0.6464000000000001,0.5934,0.4302
2025-01-31,Arel,Sen2Cor,S2B_MSIL2A_20250131T113319_N0511_R080_T28QCH_20250131T170258.SAFE,C:\Users\Simon\Nextcloud\Project\Mauritania\Science\Arguin - FieldWork Data Processing\Data\S2\Sen2Cor\S2B_MSIL2A_20250131T113319_N0511_R080_T28QCH_20250131T170258.zip,40,9873,4269,342695.0,2201305.0,0.2968,0.38280000000000003,0.462,0.5700000000000001,0.5986,0.6085,0.6248,0.6960000000000001,0.6484,0.6464000000000001,0.5934,0.4302
2025-01-31,Arel,Sen2Cor,S2B_MSIL2A_20250131T113319_N0511_R080_T28QCH_20250131T170258.SAFE,C:\Users\Simon\Nextcloud\Project\Mauritania\Science\Arguin - FieldWork Data Processing\Data\S2\Sen2Cor\S2B_MSIL2A_20250131T113319_N0511_R080_T28QCH_20250131T170258.zip,41,9873,4270,342705.0,2201305.0,0.2791,0.3896,0.47240000000000004,0.5800000000000001,0.6108,0.6156,0.634,0.7052,0.653,0.6464000000000001,0.5967,0.43960000000000005
2025-01-31,Arel,Sen2Cor,S2B_MSIL2A_20250131T113319_N0511_R080_T28QCH_20250131T170258.SAFE,C:\Users\Simon\Nextcloud\Project\Mauritania\Science\Arguin - FieldWork Data Processing\Data\S2\Sen2Cor\S2B_MSIL2A_20250131T113319_N0511_R080_T28QCH_20250131T170258.zip,42,9873,4271,342715.0,2201305.0,0.2791,0.396,0.4852,0.5804,0.6108,0.6156,0.634,0.7008,0.653,0.6464000000000001,0.5967,0.43960000000000005
2025-01-31,Arel,Sen2Cor,S2B_MSIL2A_20250131T113319_N0511_R080_T28QCH_20250131T170258.SAFE,C:\Users\Simon\Nextcloud\Project\Mauritania\Science\Arguin - FieldWork Data Processing\Data\S2\Sen2Cor\S2B_MSIL2A_20250131T113319_N0511_R080_T28QCH_20250131T170258.zip,43,9873,4272,342725.0,2201305.0,0.2525,0.41200000000000003,0.48000000000000004,0.5672,0.5699000000000001,0.5832,0.5973,0.6888000000000001,0.6182000000000001,0.5219,0.5614,0.4091
2025-01-31,Arel,Sen2Cor,S2B_MSIL2A_20250131T113319_N0511_R080_T28QCH_20250131T170258.SAFE,C:\Users\Simon\Nextcloud\Project\Mauritania\Science\Arguin - FieldWork Data Processing\Data\S2\Sen2Cor\S2B_MSIL2A_20250131T113319_N0511_R080_T28QCH_20250131T170258.zip,44,9873,4273,342735.0,2201305.0,0.2525,0.3628,0.43,0.522,0.5699000000000001,0.5832,0.5973,0.642,0.6182000000000001,0.5219,0.5614,0.4091
2025-01-31,Arel,Sen2Cor,S2B_MSIL2A_20250131T113319_N0511_R080_T28QCH_20250131T170258.SAFE,C:\Users\Simon\Nextcloud\Project\Mauritania\Science\Arguin - FieldWork Data Processing\Data\S2\Sen2Cor\S2B_MSIL2A_20250131T113319_N0511_R080_T28QCH_20250131T170258.zip,45,9874,4254,342545.0,2201295.0,0.27790000000000004,0.3972,0.4864,0.5876,0.6234000000000001,0.6324000000000001,0.6452,0.6996,0.6526000000000001,0.5654,0.5896,0.4209
2025-01-31,Arel,Sen2Cor,S2B_MSIL2A_20250131T113319_N0511_R080_T28QCH_20250131T170258.SAFE,C:\Users\Simon\Nextcloud\Project\Mauritania\Science\Arguin - FieldWork Data Processing\Data\S2\Sen2Cor\S2B_MSIL2A_20250131T113319_N0511_R080_T28QCH_20250131T170258.zip,46,9874,4255,342555.0,2201295.0,0.27790000000000004,0.4112,0.5004000000000001,0.5972000000000001,0.6234000000000001,0.6324000000000001,0.6452,0.7096,0.6526000000000001,0.5654,0.5896,0.4209
2025-01-31,Arel,Sen2Cor,S2B_MSIL2A_20250131T113319_N0511_R080_T28QCH_20250131T170258.SAFE,C:\Users\Simon\Nextcloud\Project\Mauritania\Science\Arguin - FieldWork Data Processing\Data\S2\Sen2Cor\S2B_MSIL2A_20250131T113319_N0511_R080_T28QCH_20250131T170258.zip,47,9874,4256,342565.0,2201295.0,0.2932,0.42200000000000004,0.5036,0.6088,0.6384000000000001,0.6492,0.6541,0.728,0.6747000000000001,0.5654,0.6064,0.4309
2025-01-31,Arel,Sen2Cor,S2B_MSIL2A_20250131T113319_N0511_R080_T28QCH_20250131T170258.SAFE,C:\Users\Simon\Nextcloud\Project\Mauritania\Science\Arguin - FieldWork Data Processing\Data\S2\Sen2Cor\S2B_MSIL2A_20250131T113319_N0511_R080_T28QCH_20250131T170258.zip,48,9874,4257,342575.0,2201295.0,0.2932,0.42160000000000003,0.5128,0.6156,0.6384000000000001,0.6492,0.6541,0.7264,0.6747000000000001,0.5654,0.6064,0.4309
2025-01-31,Arel,Sen2Cor,S2B_MSIL2A_20250131T113319_N0511_R080_T28QCH_20250131T170258.SAFE,C:\Users\Simon\Nextcloud\Project\Mauritania\Science\Arguin - FieldWork Data Processing\Data\S2\Sen2Cor\S2B_MSIL2A_20250131T113319_N0511_R080_T28QCH_20250131T170258.zip,49,9874,4258,342585.0,2201295.0,0.30210000000000004,0.4156,0.4928,0.6048,0.6285000000000001,0.6403,0.6521,0.7208,0.6655,0.5654,0.6042000000000001,0.4364
2025-01-31,Arel,Sen2Cor,S2B_MSIL2A_20250131T113319_N0511_R080_T28QCH_20250131T170258.SAFE,C:\Users\Simon\Nextcloud\Project\Mauritania\Science\Arguin - FieldWork Data Processing\Data\S2\Sen2Cor\S2B_MSIL2A_20250131T113319_N0511_R080_T28QCH_20250131T170258.zip,50,9874,4259,342595.0,2201295.0,0.30210000000000004,0.40280000000000005,0.49160000000000004,0.602,0.6285000000000001,0.6403,0.6521,0.7256,0.6655,0.5654,0.6042000000000001,0.4364
2025-01-31,Arel,Sen2Cor,S2B_MSIL2A_20250131T113319_N0511_R080_T28QCH_20250131T170258.SAFE,C:\Users\Simon\Nextcloud\Project\Mauritania\Science\Arguin - FieldWork Data Processing\Data\S2\Sen2Cor\S2B_MSIL2A_20250131T113319_N0511_R080_T28QCH_20250131T170258.zip,51,9874,4260,342605.0,2201295.0,0.30720000000000003,0.4232,0.5052,0.6088,0.6366,0.6479,0.6585000000000001,0.7304,0.6776,0.6314000000000001,0.6076,0.4329
2025-01-31,Arel,Sen2Cor,S2B_MSIL2A_20250131T113319_N0511_R080_T28QCH_20250131T170258.SAFE,C:\Users\Simon\Nextcloud\Project\Mauritania\Science\Arguin - FieldWork Data Processing\Data\S2\Sen2Cor\S2B_MSIL2A_20250131T113319_N0511_R080_T28QCH_20250131T170258.zip,52,9874,4261,342615.0,2201295.0,0.30720000000000003,0.4176,0.5052,0.6188,0.6366,0.6479,0.6585000000000001,0.728,0.6776,0.6314000000000001,0.6076,0.4329
2025-01-31,Arel,Sen2Cor,S2B_MSIL2A_20250131T113319_N0511_R080_T28QCH_20250131T170258.SAFE,C:\Users\Simon\Nextcloud\Project\Mauritania\Science\Arguin - FieldWork Data Processing\Data\S2\Sen2Cor\S2B_MSIL2A_20250131T113319_N0511_R080_T28QCH_20250131T170258.zip,53,9874,4262,342625.0,2201295.0,0.31010000000000004,0.4088,0.506,0.6156,0.6382,0.6506000000000001,0.6536000000000001,0.732,0.6709,0.6314000000000001,0.6004,0.4312
2025-01-31,Arel,Sen2Cor,S2B_MSIL2A_20250131T113319_N0511_R080_T28QCH_20250131T170258.SAFE,C:\Users\Simon\Nextcloud\Project\Mauritania\Science\Arguin - FieldWork Data Processing\Data\S2\Sen2Cor\S2B_MSIL2A_20250131T113319_N0511_R080_T28QCH_20250131T170258.zip,54,9874,4263,342635.0,2201295.0,0.31010000000000004,0.41200000000000003,0.5104000000000001,0.612,0.6382,0.6506000000000001,0.6536000000000001,0.7256,0.6709,0.6314000000000001,0.6004,0.4312
2025-01-31,Arel,Sen2Cor,S2B_MSIL2A_20250131T113319_N0511_R080_T28QCH_20250131T170258.SAFE,C:\Users\Simon\Nextcloud\Project\Mauritania\Science\Arguin - FieldWork Data Processing\Data\S2\Sen2Cor\S2B_MSIL2A_20250131T113319_N0511_R080_T28QCH_20250131T170258.zip,55,9874,4264,342645.0,2201295.0,0.3136,0.41000000000000003,0.49960000000000004,0.6004,0.6152000000000001,0.6291,0.6439,0.7096,0.6599,0.6314000000000001,0.595,0.4207
2025-01-31,Arel,Sen2Cor,S2B_MSIL2A_20250131T113319_N0511_R080_T28QCH_20250131T170258.SAFE,C:\Users\Simon\Nextcloud\Project\Mauritania\Science\Arguin - FieldWork Data Processing\Data\S2\Sen2Cor\S2B_MSIL2A_20250131T113319_N0511_R080_T28QCH_20250131T170258.zip,56,9874,4265,342655.0,2201295.0,0.3136,0.40240000000000004,0.49560000000000004,0.5932000000000001,0.6152000000000001,0.6291,0.6439,0.7056,0.6599,0.6314000000000001,0.595,0.4207
2025-01-31,Arel,Sen2Cor,S2B_MSIL2A_20250131T113319_N0511_R080_T28QCH_20250131T170258.SAFE,C:\Users\Simon\Nextcloud\Project\Mauritania\Science\Arguin - FieldWork Data Processing\Data\S2\Sen2Cor\S2B_MSIL2A_20250131T113319_N0511_R080_T28QCH_20250131T170258.zip,57,9874,4266,342665.0,2201295.0,0.3148,0.3992,0.4844,0.5884,0.6117,0.621,0.6386000000000001,0.7052,0.6599,0.6464000000000001,0.5977,0.4207
2025-01-31,Arel,Sen2Cor,S2B_MSIL2A_20250131T113319_N0511_R080_T28QCH_20250131T170258.SAFE,C:\Users\Simon\Nextcloud\Project\Mauritania\Science\Arguin - FieldWork Data Processing\Data\S2\Sen2Cor\S2B_MSIL2A_20250131T113319_N0511_R080_T28QCH_20250131T170258.zip,58,9874,4267,342675.0,2201295.0,0.3148,0.40240000000000004,0.47800000000000004,0.5836,0.6117,0.621,0.6386000000000001,0.7036,0.6599,0.6464000000000001,0.5977,0.4207
2025-01-31,Arel,Sen2Cor,S2B_MSIL2A_20250131T113319_N0511_R080_T28QCH_20250131T170258.SAFE,C:\Users\Simon\Nextcloud\Project\Mauritania\Science\Arguin - FieldWork Data Processing\Data\S2\Sen2Cor\S2B_MSIL2A_20250131T113319_N0511_R080_T28QCH_20250131T170258.zip,59,9874,4268,342685.0,2201295.0,0.3095,0.39440000000000003,0.4792,0.5768,0.6069,0.6194000000000001,0.6378,0.7008,0.6562,0.6464000000000001,0.5985,0.42550000000000004
2025-01-31,Arel,Sen2Cor,S2B_MSIL2A_20250131T113319_N0511_R080_T28QCH_20250131T170258.SAFE,C:\Users\Simon\Nextcloud\Project\Mauritania\Science\Arguin - FieldWork Data Processing\Data\S2\Sen2Cor\S2B_MSIL2A_20250131T113319_N0511_R080_T28QCH_20250131T170258.zip,60,9874,4269,342695.0,2201295.0,0.3095,0.392,0.4812,0.5796,0.6069,0.6194000000000001,0.6378,0.6984,0.6562,0.6464000000000001,0.5985,0.42550000000000004
2025-01-31,Arel,Sen2Cor,S2B_MSIL2A_20250131T113319_N0511_R080_T28QCH_20250131T170258.SAFE,C:\Users\Simon\Nextcloud\Project\Mauritania\Science\Arguin - FieldWork Data Processing\Data\S2\Sen2Cor\S2B_MSIL2A_20250131T113319_N0511_R080_T28QCH_20250131T170258.zip,61,9874,4270,342705.0,2201295.0,0.2972,0.39280000000000004,0.4812,0.5848,0.6135,0.6197,0.637,0.7104,0.6606000000000001,0.6464000000000001,0.5988,0.42550000000000004
2025-01-31,Arel,Sen2Cor,S2B_MSIL2A_20250131T113319_N0511_R080_T28QCH_20250131T170258.SAFE,C:\Users\Simon\Nextcloud\Project\Mauritania\Science\Arguin - FieldWork Data Processing\Data\S2\Sen2Cor\S2B_MSIL2A_20250131T113319_N0511_R080_T28QCH_20250131T170258.zip,62,9874,4271,342715.0,2201295.0,0.2972,0.39840000000000003,0.48200000000000004,0.5860000000000001,0.6135,0.6197,0.637,0.7104,0.6606000000000001,0.6464000000000001,0.5988,0.42550000000000004
2025-01-31,Arel,Sen2Cor,S2B_MSIL2A_20250131T113319_N0511_R080_T28QCH_20250131T170258.SAFE,C:\Users\Simon\Nextcloud\Project\Mauritania\Science\Arguin - FieldWork Data Processing\Data\S2\Sen2Cor\S2B_MSIL2A_20250131T113319_N0511_R080_T28QCH_20250131T170258.zip,63,9874,4272,342725.0,2201295.0,0.2772,0.39480000000000004,0.4756,0.5672,0.5651,0.5892000000000001,0.6029,0.682,0.6213000000000001,0.5219,0.5650000000000001,0.3884
2025-01-31,Arel,Sen2Cor,S2B_MSIL2A_20250131T113319_N0511_R080_T28QCH_20250131T170258.SAFE,C:\Users\Simon\Nextcloud\Project\Mauritania\Science\Arguin - FieldWork Data Processing\Data\S2\Sen2Cor\S2B_MSIL2A_20250131T113319_N0511_R080_T28QCH_20250131T170258.zip,64,9874,4273,342735.0,2201295.0,0.2772,0.3684,0.4328,0.502,0.5651,0.5892000000000001,0.6029,0.6264000000000001,0.6213000000000001,0.5219,0.5650000000000001,0.3884
2025-01-31,Arel,Sen2Cor,S2B_MSIL2A_20250131T113319_N0511_R080_T28QCH_20250131T170258.SAFE,C:\Users\Simon\Nextcloud\Project\Mauritania\Science\Arguin - FieldWork Data Processing\Data\S2\Sen2Cor\S2B_MSIL2A_20250131T113319_N0511_R080_T28QCH_20250131T170258.zip,65,9874,4274,342745.0,2201295.0,0.2518,0.3528,0.40640000000000004,0.48760000000000003,0.5359,0.5473,0.5623,0.6004,0.5875,0.5219,0.5235000000000001,0.3599
2025-01-31,Arel,Sen2Cor,S2B_MSIL2A_20250131T113319_N0511_R080_T28QCH_20250131T170258.SAFE,C:\Users\Simon\Nextcloud\Project\Mauritania\Science\Arguin - FieldWork Data Processing\Data\S2\Sen2Cor\S2B_MSIL2A_20250131T113319_N0511_R080_T28QCH_20250131T170258.zip,66,9875,4252,342525.0,2201285.0,0.2577,0.4152,0.49960000000000004,0.5936,0.5948,0.5985,0.611,0.7120000000000001,0.623,0.4374,0.5592,0.3957
2025-01-31,Arel,Sen2Cor,S2B_MSIL2A_20250131T113319_N0511_R080_T28QCH_20250131T170258.SAFE,C:\Users\Simon\Nextcloud\Project\Mauritania\Science\Arguin - FieldWork Data Processing\Data\S2\Sen2Cor\S2B_MSIL2A_20250131T113319_N0511_R080_T28QCH_20250131T170258.zip,67,9875,4253,342535.0,2201285.0,0.2577,0.4108,0.5004000000000001,0.5988,0.5948,0.5985,0.611,0.7084,0.623,0.4374,0.5592,0.3957
2025-01-31,Arel,Sen2Cor,S2B_MSIL2A_20250131T113319_N0511_R080_T28QCH_20250131T170258.SAFE,C:\Users\Simon\Nextcloud\Project\Mauritania\Science\Arguin - FieldWork Data Processing\Data\S2\Sen2Cor\S2B_MSIL2A_20250131T113319_N0511_R080_T28QCH_20250131T170258.zip,68,9875,4254,342545.0,2201285.0,0.27790000000000004,0.4136,0.5024000000000001,0.6048,0.6234000000000001,0.6324000000000001,0.6452,0.7088,0.6526000000000001,0.5654,0.5896,0.4209
2025-01-31,Arel,Sen2Cor,S2B_MSIL2A_20250131T113319_N0511_R080_T28QCH_20250131T170258.SAFE,C:\Users\Simon\Nextcloud\Project\Mauritania\Science\Arguin - FieldWork Data Processing\Data\S2\Sen2Cor\S2B_MSIL2A_20250131T113319_N0511_R080_T28QCH_20250131T170258.zip,69,9875,4255,342555.0,2201285.0,0.27790000000000004,0.42760000000000004,0.52,0.6156,0.6234000000000001,0.6324000000000001,0.6452,0.7216,0.6526000000000001,0.5654,0.5896,0.4209
2025-01-31,Arel,Sen2Cor,S2B_MSIL2A_20250131T113319_N0511_R080_T28QCH_20250131T170258.SAFE,C:\Users\Simon\Nextcloud\Project\Mauritania\Science\Arguin - FieldWork Data Processing\Data\S2\Sen2Cor\S2B_MSIL2A_20250131T113319_N0511_R080_T28QCH_20250131T170258.zip,70,9875,4256,342565.0,2201285.0,0.2932,0.43320000000000003,0.514,0.6196,0.6384000000000001,0.6492,0.6541,0.7376,0.6747000000000001,0.5654,0.6064,0.4309
2025-01-31,Arel,Sen2Cor,S2B_MSIL2A_20250131T113319_N0511_R080_T28QCH_20250131T170258.SAFE,C:\Users\Simon\Nextcloud\Project\Mauritania\Science\Arguin - FieldWork Data Processing\Data\S2\Sen2Cor\S2B_MSIL2A_20250131T113319_N0511_R080_T28QCH_20250131T170258.zip,71,9875,4257,342575.0,2201285.0,0.2932,0.42560000000000003,0.52,0.6232,0.6384000000000001,0.6492,0.6541,0.7344,0.6747000000000001,0.5654,0.6064,0.4309
2025-01-31,Arel,Sen2Cor,S2B_MSIL2A_20250131T113319_N0511_R080_T28QCH_20250131T170258.SAFE,C:\Users\Simon\Nextcloud\Project\Mauritania\Science\Arguin - FieldWork Data Processing\Data\S2\Sen2Cor\S2B_MSIL2A_20250131T113319_N0511_R080_T28QCH_20250131T170258.zip,72,9875,4258,342585.0,2201285.0,0.30210000000000004,0.42560000000000003,0.5132,0.6152000000000001,0.6285000000000001,0.6403,0.6521,0.7304,0.6655,0.5654,0.6042000000000001,0.4364
2025-01-31,Arel,Sen2Cor,S2B_MSIL2A_20250131T113319_N0511_R080_T28QCH_20250131T170258.SAFE,C:\Users\Simon\Nextcloud\Project\Mauritania\Science\Arguin - FieldWork Data Processing\Data\S2\Sen2Cor\S2B_MSIL2A_20250131T113319_N0511_R080_T28QCH_20250131T170258.zip,73,9875,4259,342595.0,2201285.0,0.30210000000000004,0.4176,0.506,0.6152000000000001,0.6285000000000001,0.6403,0.6521,0.736,0.6655,0.5654,0.6042000000000001,0.4364
2025-01-31,Arel,Sen2Cor,S2B_MSIL2A_20250131T113319_N0511_R080_T28QCH_20250131T170258.SAFE,C:\Users\Simon\Nextcloud\Project\Mauritania\Science\Arguin - FieldWork Data Processing\Data\S2\Sen2Cor\S2B_MSIL2A_20250131T113319_N0511_R080_T28QCH_20250131T170258.zip,74,9875,4260,342605.0,2201285.0,0.30720000000000003,0.42000000000000004,0.5132,0.622,0.6366,0.6479,0.6585000000000001,0.7312000000000001,0.6776,0.6314000000000001,0.6076,0.4329
2025-01-31,Arel,Sen2Cor,S2B_MSIL2A_20250131T113319_N0511_R080_T28QCH_20250131T170258.SAFE,C:\Users\Simon\Nextcloud\Project\Mauritania\Science\Arguin - FieldWork Data Processing\Data\S2\Sen2Cor\S2B_MSIL2A_20250131T113319_N0511_R080_T28QCH_20250131T170258.zip,75,9875,4261,342615.0,2201285.0,0.30720000000000003,0.4272,0.5168,0.6256,0.6366,0.6479,0.6585000000000001,0.7424000000000001,0.6776,0.6314000000000001,0.6076,0.4329
2025-01-31,Arel,Sen2Cor,S2B_MSIL2A_20250131T113319_N0511_R080_T28QCH_20250131T170258.SAFE,C:\Users\Simon\Nextcloud\Project\Mauritania\Science\Arguin - FieldWork Data Processing\Data\S2\Sen2Cor\S2B_MSIL2A_20250131T113319_N0511_R080_T28QCH_20250131T170258.zip,76,9875,4262,342625.0,2201285.0,0.31010000000000004,0.4232,0.5128,0.6256,0.6382,0.6506000000000001,0.6536000000000001,0.7376,0.6709,0.6314000000000001,0.6004,0.4312
2025-01-31,Arel,Sen2Cor,S2B_MSIL2A_20250131T113319_N0511_R080_T28QCH_20250131T170258.SAFE,C:\Users\Simon\Nextcloud\Project\Mauritania\Science\Arguin - FieldWork Data Processing\Data\S2\Sen2Cor\S2B_MSIL2A_20250131T113319_N0511_R080_T28QCH_20250131T170258.zip,77,9875,4263,342635.0,2201285.0,0.31010000000000004,0.4248,0.5184,0.6176,0.6382,0.6506000000000001,0.6536000000000001,0.7216,0.6709,0.6314000000000001,0.6004,0.4312
2025-01-31,Arel,Sen2Cor,S2B_MSIL2A_20250131T113319_N0511_R080_T28QCH_20250131T170258.SAFE,C:\Users\Simon\Nextcloud\Project\Mauritania\Science\Arguin - FieldWork Data Processing\Data\S2\Sen2Cor\S2B_MSIL2A_20250131T113319_N0511_R080_T28QCH_20250131T170258.zip,78,9875,4264,342645.0,2201285.0,0.3136,0.4112,0.5084000000000001,0.6016,0.6152000000000001,0.6291,0.6439,0.7124,0.6599,0.6314000000000001,0.595,0.4207
2025-01-31,Arel,Sen2Cor,S2B_MSIL2A_20250131T113319_N0511_R080_T28QCH_20250131T170258.SAFE,C:\Users\Simon\Nextcloud\Project\Mauritania\Science\Arguin - FieldWork Data Processing\Data\S2\Sen2Cor\S2B_MSIL2A_20250131T113319_N0511_R080_T28QCH_20250131T170258.zip,79,9875,4265,342655.0,2201285.0,0.3136,0.40240000000000004,0.4892,0.5856,0.6152000000000001,0.6291,0.6439,0.7040000000000001,0.6599,0.6314000000000001,0.595,0.4207
2025-01-31,Arel,Sen2Cor,S2B_MSIL2A_20250131T113319_N0511_R080_T28QCH_20250131T170258.SAFE,C:\Users\Simon\Nextcloud\Project\Mauritania\Science\Arguin - FieldWork Data Processing\Data\S2\Sen2Cor\S2B_MSIL2A_20250131T113319_N0511_R080_T28QCH_20250131T170258.zip,80,9875,4266,342665.0,2201285.0,0.3148,0.40080000000000005,0.4768,0.5876,0.6117,0.621,0.6386000000000001,0.7040000000000001,0.6599,0.6464000000000001,0.5977,0.4207
2025-01-31,Arel,Sen2Cor,S2B_MSIL2A_20250131T113319_N0511_R080_T28QCH_20250131T170258.SAFE,C:\Users\Simon\Nextcloud\Project\Mauritania\Science\Arguin - FieldWork Data Processing\Data\S2\Sen2Cor\S2B_MSIL2A_20250131T113319_N0511_R080_T28QCH_20250131T170258.zip,81,9875,4267,342675.0,2201285.0,0.3148,0.39680000000000004,0.48000000000000004,0.5824,0.6117,0.621,0.6386000000000001,0.7072,0.6599,0.6464000000000001,0.5977,0.4207
2025-01-31,Arel,Sen2Cor,S2B_MSIL2A_20250131T113319_N0511_R080_T28QCH_20250131T170258.SAFE,C:\Users\Simon\Nextcloud\Project\Mauritania\Science\Arguin - FieldWork Data Processing\Data\S2\Sen2Cor\S2B_MSIL2A_20250131T113319_N0511_R080_T28QCH_20250131T170258.zip,82,9875,4268,342685.0,2201285.0,0.3095,0.4072,0.4864,0.5876,0.6069,0.6194000000000001,0.6378,0.7096,0.6562,0.6464000000000001,0.5985,0.42550000000000004
2025-01-31,Arel,Sen2Cor,S2B_MSIL2A_20250131T113319_N0511_R080_T28QCH_20250131T170258.SAFE,C:\Users\Simon\Nextcloud\Project\Mauritania\Science\Arguin - FieldWork Data Processing\Data\S2\Sen2Cor\S2B_MSIL2A_20250131T113319_N0511_R080_T28QCH_20250131T170258.zip,83,9875,4269,342695.0,2201285.0,0.3095,0.404,0.4808,0.5868,0.6069,0.6194000000000001,0.6378,0.7096,0.6562,0.6464000000000001,0.5985,0.42550000000000004
2025-01-31,Arel,Sen2Cor,S2B_MSIL2A_20250131T113319_N0511_R080_T28QCH_20250131T170258.SAFE,C:\Users\Simon\Nextcloud\Project\Mauritania\Science\Arguin - FieldWork Data Processing\Data\S2\Sen2Cor\S2B_MSIL2A_20250131T113319_N0511_R080_T28QCH_20250131T170258.zip,84,9875,4270,342705.0,2201285.0,0.2972,0.4016,0.4868,0.5848,0.6135,0.6197,0.637,0.7104,0.6606000000000001,0.6464000000000001,0.5988,0.42550000000000004
2025-01-31,Arel,Sen2Cor,S2B_MSIL2A_20250131T113319_N0511_R080_T28QCH_20250131T170258.SAFE,C:\Users\Simon\Nextcloud\Project\Mauritania\Science\Arguin - FieldWork Data Processing\Data\S2\Sen2Cor\S2B_MSIL2A_20250131T113319_N0511_R080_T28QCH_20250131T170258.zip,85,9875,4271,342715.0,2201285.0,0.2972,0.39480000000000004,0.47640000000000005,0.5840000000000001,0.6135,0.6197,0.637,0.7120000000000001,0.6606000000000001,0.6464000000000001,0.5988,0.42550000000000004
2025-01-31,Arel,Sen2Cor,S2B_MSIL2A_20250131T113319_N0511_R080_T28QCH_20250131T170258.SAFE,C:\Users\Simon\Nextcloud\Project\Mauritania\Science\Arguin - FieldWork Data Processing\Data\S2\Sen2Cor\S2B_MSIL2A_20250131T113319_N0511_R080_T28QCH_20250131T170258.zip,86,9875,4272,342725.0,2201285.0,0.2772,0.38680000000000003,0.46440000000000003,0.5660000000000001,0.5651,0.5892000000000001,0.6029,0.6952,0.6213000000000001,0.5219,0.5650000000000001,0.3884
2025-01-31,Arel,Sen2Cor,S2B_MSIL2A_20250131T113319_N0511_R080_T28QCH_20250131T170258.SAFE,C:\Users\Simon\Nextcloud\Project\Mauritania\Science\Arguin - FieldWork Data Processing\Data\S2\Sen2Cor\S2B_MSIL2A_20250131T113319_N0511_R080_T28QCH_20250131T170258.zip,87,9875,4273,342735.0,2201285.0,0.2772,0.382,0.44680000000000003,0.5272,0.5651,0.5892000000000001,0.6029,0.6684,0.6213000000000001,0.5219,0.5650000000000001,0.3884
2025-01-31,Arel,Sen2Cor,S2B_MSIL2A_20250131T113319_N0511_R080_T28QCH_20250131T170258.SAFE,C:\Users\Simon\Nextcloud\Project\Mauritania\Science\Arguin - FieldWork Data Processing\Data\S2\Sen2Cor\S2B_MSIL2A_20250131T113319_N0511_R080_T28QCH_20250131T170258.zip,88,9875,4274,342745.0,2201285.0,0.2518,0.384,0.442,0.5272,0.5359,0.5473,0.5623,0.6444000000000001,0.5875,0.5219,0.5235000000000001,0.3599
2025-01-31,Arel,Sen2Cor,S2B_MSIL2A_20250131T113319_N0511_R080_T28QCH_20250131T170258.SAFE,C:\Users\Simon\Nextcloud\Project\Mauritania\Science\Arguin - FieldWork Data Processing\Data\S2\Sen2Cor\S2B_MSIL2A_20250131T113319_N0511_R080_T28QCH_20250131T170258.zip,89,9875,4275,342755.0,2201285.0,0.2518,0.37560000000000004,0.44160000000000005,0.5216000000000001,0.5359,0.5473,0.5623,0.6368,0.5875,0.5219,0.5235000000000001,0.3599
2025-01-31,Arel,Sen2Cor,S2B_MSIL2A_20250131T113319_N0511_R080_T28QCH_20250131T170258.SAFE,C:\Users\Simon\Nextcloud\Project\Mauritania\Science\Arguin - FieldWork Data Processing\Data\S2\Sen2Cor\S2B_MSIL2A_20250131T113319_N0511_R080_T28QCH_20250131T170258.zip,90,9876,4251,342515.0,2201275.0,0.28150000000000003,0.43760000000000004,0.5152,0.6136,0.6333000000000001,0.6316,0.6489,0.7256,0.6639,0.6444000000000001,0.5842,0.4142
2025-01-31,Arel,Sen2Cor,S2B_MSIL2A_20250131T113319_N0511_R080_T28QCH_20250131T170258.SAFE,C:\Users\Simon\Nextcloud\Project\Mauritania\Science\Arguin - FieldWork Data Processing\Data\S2\Sen2Cor\S2B_MSIL2A_20250131T113319_N0511_R080_T28QCH_20250131T170258.zip,91,9876,4252,342525.0,2201275.0,0.3009,0.4288,0.516,0.6144000000000001,0.6354000000000001,0.6356,0.6497,0.7192000000000001,0.6598,0.6444000000000001,0.5926,0.42550000000000004
2025-01-31,Arel,Sen2Cor,S2B_MSIL2A_20250131T113319_N0511_R080_T28QCH_20250131T170258.SAFE,C:\Users\Simon\Nextcloud\Project\Mauritania\Science\Arguin - FieldWork Data Processing\Data\S2\Sen2Cor\S2B_MSIL2A_20250131T113319_N0511_R080_T28QCH_20250131T170258.zip,92,9876,4253,342535.0,2201275.0,0.3009,0.4188,0.506,0.608,0.6354000000000001,0.6356,0.6497,0.7120000000000001,0.6598,0.6444000000000001,0.5926,0.42550000000000004
2025-01-31,Arel,Sen2Cor,S2B_MSIL2A_20250131T113319_N0511_R080_T28QCH_20250131T170258.SAFE,C:\Users\Simon\Nextcloud\Project\Mauritania\Science\Arguin - FieldWork Data Processing\Data\S2\Sen2Cor\S2B_MSIL2A_20250131T113319_N0511_R080_T28QCH_20250131T170258.zip,93,9876,4254,342545.0,2201275.0,0.3136,0.4232,0.5096,0.6216,0.635,0.6427,0.658,0.7144,0.6658000000000001,0.6634,0.6002000000000001,0.4268
2025-01-31,Arel,Sen2Cor,S2B_MSIL2A_20250131T113319_N0511_R080_T28QCH_20250131T170258.SAFE,C:\Users\Simon\Nextcloud\Project\Mauritania\Science\Arguin - FieldWork Data Processing\Data\S2\Sen2Cor\S2B_MSIL2A_20250131T113319_N0511_R080_T28QCH_20250131T170258.zip,94,9876,4255,342555.0,2201275.0,0.3136,0.4436,0.536,0.6304000000000001,0.635,0.6427,0.658,0.732,0.6658000000000001,0.6634,0.6002000000000001,0.4268
2025-01-31,Arel,Sen2Cor,S2B_MSIL2A_20250131T113319_N0511_R080_T28QCH_20250131T170258.SAFE,C:\Users\Simon\Nextcloud\Project\Mauritania\Science\Arguin - FieldWork Data Processing\Data\S2\Sen2Cor\S2B_MSIL2A_20250131T113319_N0511_R080_T28QCH_20250131T170258.zip,95,9876,4256,342565.0,2201275.0,0.3215,0.45840000000000003,0.5336000000000001,0.6324000000000001,0.647,0.6543,0.6658000000000001,0.744,0.6809000000000001,0.6634,0.6156,0.4441
2025-01-31,Arel,Sen2Cor,S2B_MSIL2A_20250131T113319_N0511_R080_T28QCH_20250131T170258.SAFE,C:\Users\Simon\Nextcloud\Project\Mauritania\Science\Arguin - FieldWork Data Processing\Data\S2\Sen2Cor\S2B_MSIL2A_20250131T113319_N0511_R080_T28QCH_20250131T170258.zip,96,9876,4257,342575.0,2201275.0,0.3215,0.436,0.5208,0.6188,0.647,0.6543,0.6658000000000001,0.7392000000000001,0.6809000000000001,0.6634,0.6156,0.4441
2025-01-31,Arel,Sen2Cor,S2B_MSIL2A_20250131T113319_N0511_R080_T28QCH_20250131T170258.SAFE,C:\Users\Simon\Nextcloud\Project\Mauritania\Science\Arguin - FieldWork Data Processing\Data\S2\Sen2Cor\S2B_MSIL2A_20250131T113319_N0511_R080_T28QCH_20250131T170258.zip,97,9876,4258,342585.0,2201275.0,0.3236,0.4212,0.5084000000000001,0.612,0.6345000000000001,0.6502,0.66,0.7216,0.6726000000000001,0.6634,0.6083000000000001,0.4455
2025-01-31,Arel,Sen2Cor,S2B_MSIL2A_20250131T113319_N0511_R080_T28QCH_20250131T170258.SAFE,C:\Users\Simon\Nextcloud\Project\Mauritania\Science\Arguin - FieldWork Data Processing\Data\S2\Sen2Cor\S2B_MSIL2A_20250131T113319_N0511_R080_T28QCH_20250131T170258.zip,98,9876,4259,342595.0,2201275.0,0.3236,0.4232,0.5116,0.6208,0.6345000000000001,0.6502,0.66,0.7312000000000001,0.6726000000000001,0.6634,0.6083000000000001,0.4455
2025-01-31,Arel,Sen2Cor,S2B_MSIL2A_20250131T113319_N0511_R080_T28QCH_20250131T170258.SAFE,C:\Users\Simon\Nextcloud\Project\Mauritania\Science\Arguin - FieldWork Data Processing\Data\S2\Sen2Cor\S2B_MSIL2A_20250131T113319_N0511_R080_T28QCH_20250131T170258.zip,99,9876,4260,342605.0,2201275.0,0.3221,0.4328,0.5228,0.628,0.6414000000000001,0.6494,0.6647000000000001,0.7344,0.6792,0.6583,0.6039,0.43170000000000003
2025-01-31,Arel,Sen2Cor,S2B_MSIL2A_20250131T113319_N0511_R080_T28QCH_20250131T170258.SAFE,C:\Users\Simon\Nextcloud\Project\Mauritania\Science\Arguin - FieldWork Data Processing\Data\S2\Sen2Cor\S2B_MSIL2A_20250131T113319_N0511_R080_T28QCH_20250131T170258.zip,100,9876,4261,342615.0,2201275.0,0.3221,0.4384,0.5204,0.6268,0.6414000000000001,0.6494,0.6647000000000001,0.7376,0.6792,0.6583,0.6039,0.43170000000000003
2025-01-31,Arel,Sen2Cor,S2B_MSIL2A_20250131T113319_N0511_R080_T28QCH_20250131T170258.SAFE,C:\Users\Simon\Nextcloud\Project\Mauritania\Science\Arguin - FieldWork Data Processing\Data\S2\Sen2Cor\S2B_MSIL2A_20250131T113319_N0511_R080_T28QCH_20250131T170258.zip,101,9876,4262,342625.0,2201275.0,0.31930000000000003,0.4324,0.5216000000000001,0.6224000000000001,0.6384000000000001,0.643,0.6579,0.7352000000000001,0.6729,0.6583,0.5956,0.4237
2025-01-31,Arel,Sen2Cor,S2B_MSIL2A_20250131T113319_N0511_R080_T28QCH_20250131T170258.SAFE,C:\Users\Simon\Nextcloud\Project\Mauritania\Science\Arguin - FieldWork Data Processing\Data\S2\Sen2Cor\S2B_MSIL2A_20250131T113319_N0511_R080_T28QCH_20250131T170258.zip,102,9876,4263,342635.0,2201275.0,0.31930000000000003,0.43320000000000003,0.5224,0.6168,0.6384000000000001,0.643,0.6579,0.7264,0.6729,0.6583,0.5956,0.4237
2025-01-31,Arel,Sen2Cor,S2B_MSIL2A_20250131T113319_N0511_R080_T28QCH_20250131T170258.SAFE,C:\Users\Simon\Nextcloud\Project\Mauritania\Science\Arguin - FieldWork Data Processing\Data\S2\Sen2Cor\S2B_MSIL2A_20250131T113319_N0511_R080_T28QCH_20250131T170258.zip,103,9876,4264,342645.0,2201275.0,0.3171,0.4152,0.5048,0.5992000000000001,0.6156,0.6263000000000001,0.6409,0.7200000000000001,0.6633,0.6583,0.5977,0.41400000000000003
2025-01-31,Arel,Sen2Cor,S2B_MSIL2A_20250131T113319_N0511_R080_T28QCH_20250131T170258.SAFE,C:\Users\Simon\Nextcloud\Project\Mauritania\Science\Arguin - FieldWork Data Processing\Data\S2\Sen2Cor\S2B_MSIL2A_20250131T113319_N0511_R080_T28QCH_20250131T170258.zip,104,9876,4265,342655.0,2201275.0,0.3171,0.3996,0.47840000000000005,0.5804,0.6156,0.6263000000000001,0.6409,0.7080000000000001,0.6633,0.6583,0.5977,0.41400000000000003
2025-01-31,Arel,Sen2Cor,S2B_MSIL2A_20250131T113319_N0511_R080_T28QCH_20250131T170258.SAFE,C:\Users\Simon\Nextcloud\Project\Mauritania\Science\Arguin - FieldWork Data Processing\Data\S2\Sen2Cor\S2B_MSIL2A_20250131T113319_N0511_R080_T28QCH_20250131T170258.zip,105,9876,4266,342665.0,2201275.0,0.31470000000000004,0.39640000000000003,0.4748,0.5876,0.6096,0.6188,0.6391,0.7064,0.6627000000000001,0.6327,0.5998,0.4097
2025-01-31,Arel,Sen2Cor,S2B_MSIL2A_20250131T113319_N0511_R080_T28QCH_20250131T170258.SAFE,C:\Users\Simon\Nextcloud\Project\Mauritania\Science\Arguin - FieldWork Data Processing\Data\S2\Sen2Cor\S2B_MSIL2A_20250131T113319_N0511_R080_T28QCH_20250131T170258.zip,106,9876,4267,342675.0,2201275.0,0.31470000000000004,0.40040000000000003,0.48200000000000004,0.5864,0.6096,0.6188,0.6391,0.7160000000000001,0.6627000000000001,0.6327,0.5998,0.4097
2025-01-31,Arel,Sen2Cor,S2B_MSIL2A_20250131T113319_N0511_R080_T28QCH_20250131T170258.SAFE,C:\Users\Simon\Nextcloud\Project\Mauritania\Science\Arguin - FieldWork Data Processing\Data\S2\Sen2Cor\S2B_MSIL2A_20250131T113319_N0511_R080_T28QCH_20250131T170258.zip,107,9876,4268,342685.0,2201275.0,0.3088,0.41000000000000003,0.4864,0.5924,0.5996,0.6172000000000001,0.6341,0.7116,0.6612,0.6327,0.5915,0.4037
2025-01-31,Arel,Sen2Cor,S2B_MSIL2A_20250131T113319_N0511_R080_T28QCH_20250131T170258.SAFE,C:\Users\Simon\Nextcloud\Project\Mauritania\Science\Arguin - FieldWork Data Processing\Data\S2\Sen2Cor\S2B_MSIL2A_20250131T113319_N0511_R080_T28QCH_20250131T170258.zip,108,9876,4269,342695.0,2201275.0,0.3088,0.406,0.48600000000000004,0.5780000000000001,0.5996,0.6172000000000001,0.6341,0.7080000000000001,0.6612,0.6327,0.5915,0.4037
2025-01-31,Arel,Sen2Cor,S2B_MSIL2A_20250131T113319_N0511_R080_T28QCH_20250131T170258.SAFE,C:\Users\Simon\Nextcloud\Project\Mauritania\Science\Arguin - FieldWork Data Processing\Data\S2\Sen2Cor\S2B_MSIL2A_20250131T113319_N0511_R080_T28QCH_20250131T170258.zip,109,9876,4270,342705.0,2201275.0,0.3027,0.4016,0.4852,0.5816,0.5936,0.6072000000000001,0.6275000000000001,0.7032,0.6532,0.6327,0.5881000000000001,0.404
2025-01-31,Arel,Sen2Cor,S2B_MSIL2A_20250131T113319_N0511_R080_T28QCH_20250131T170258.SAFE,C:\Users\Simon\Nextcloud\Project\Mauritania\Science\Arguin - FieldWork Data Processing\Data\S2\Sen2Cor\S2B_MSIL2A_20250131T113319_N0511_R080_T28QCH_20250131T170258.zip,110,9876,4271,342715.0,2201275.0,0.3027,0.39480000000000004,0.47640000000000005,0.5788,0.5936,0.6072000000000001,0.6275000000000001,0.7040000000000001,0.6532,0.6327,0.5881000000000001,0.404
2025-01-31,Arel,Sen2Cor,S2B_MSIL2A_20250131T113319_N0511_R080_T28QCH_20250131T170258.SAFE,C:\Users\Simon\Nextcloud\Project\Mauritania\Science\Arguin - FieldWork Data Processing\Data\S2\Sen2Cor\S2B_MSIL2A_20250131T113319_N0511_R080_T28QCH_20250131T170258.zip,111,9876,4272,342725.0,2201275.0,0.29410000000000003,0.39080000000000004,0.4716,0.5716,0.5853,0.5954,0.6191,0.7052,0.6493,0.6075,0.5806,0.4021
2025-01-31,Arel,Sen2Cor,S2B_MSIL2A_20250131T113319_N0511_R080_T28QCH_20250131T170258.SAFE,C:\Users\Simon\Nextcloud\Project\Mauritania\Science\Arguin - FieldWork Data Processing\Data\S2\Sen2Cor\S2B_MSIL2A_20250131T113319_N0511_R080_T28QCH_20250131T170258.zip,112,9876,4273,342735.0,2201275.0,0.29410000000000003,0.38280000000000003,0.45480000000000004,0.5604,0.5853,0.5954,0.6191,0.6904,0.6493,0.6075,0.5806,0.4021
2025-01-31,Arel,Sen2Cor,S2B_MSIL2A_20250131T113319_N0511_R080_T28QCH_20250131T170258.SAFE,C:\Users\Simon\Nextcloud\Project\Mauritania\Science\Arguin - FieldWork Data Processing\Data\S2\Sen2Cor\S2B_MSIL2A_20250131T113319_N0511_R080_T28QCH_20250131T170258.zip,113,9876,4274,342745.0,2201275.0,0.2776,0.372,0.4484,0.5428000000000001,0.5583,0.5762,0.5969,0.672,0.6211,0.6075,0.5563,0.3779
2025-01-31,Arel,Sen2Cor,S2B_MSIL2A_20250131T113319_N0511_R080_T28QCH_20250131T170258.SAFE,C:\Users\Simon\Nextcloud\Project\Mauritania\Science\Arguin - FieldWork Data Processing\Data\S2\Sen2Cor\S2B_MSIL2A_20250131T113319_N0511_R080_T28QCH_20250131T170258.zip,114,9876,4275,342755.0,2201275.0,0.2776,0.3632,0.4288,0.5184,0.5583,0.5762,0.5969,0.6508,0.6211,0.6075,0.5563,0.3779
2025-01-31,Arel,Sen2Cor,S2B_MSIL2A_20250131T113319_N0511_R080_T28QCH_20250131T170258.SAFE,C:\Users\Simon\Nextcloud\Project\Mauritania\Science\Arguin - FieldWork Data Processing\Data\S2\Sen2Cor\S2B_MSIL2A_20250131T113319_N0511_R080_T28QCH_20250131T170258.zip,115,9877,4250,342505.0,2201265.0,0.28150000000000003,0.4164,0.5112,0.6136,0.6333000000000001,0.6316,0.6489,0.7224,0.6639,0.6444000000000001,0.5842,0.4142
2025-01-31,Arel,Sen2Cor,S2B_MSIL2A_20250131T113319_N0511_R080_T28QCH_20250131T170258.SAFE,C:\Users\Simon\Nextcloud\Project\Mauritania\Science\Arguin - FieldWork Data Processing\Data\S2\Sen2Cor\S2B_MSIL2A_20250131T113319_N0511_R080_T28QCH_20250131T170258.zip,116,9877,4251,342515.0,2201265.0,0.28150000000000003,0.4424,0.5252,0.6232,0.6333000000000001,0.6316,0.6489,0.7264,0.6639,0.6444000000000001,0.5842,0.4142
2025-01-31,Arel,Sen2Cor,S2B_MSIL2A_20250131T113319_N0511_R080_T28QCH_20250131T170258.SAFE,C:\Users\Simon\Nextcloud\Project\Mauritania\Science\Arguin - FieldWork Data Processing\Data\S2\Sen2Cor\S2B_MSIL2A_20250131T113319_N0511_R080_T28QCH_20250131T170258.zip,117,9877,4252,342525.0,2201265.0,0.3009,0.43560000000000004,0.5184,0.6232,0.6354000000000001,0.6356,0.6497,0.7232000000000001,0.6598,0.6444000000000001,0.5926,0.42550000000000004
2025-01-31,Arel,Sen2Cor,S2B_MSIL2A_20250131T113319_N0511_R080_T28QCH_20250131T170258.SAFE,C:\Users\Simon\Nextcloud\Project\Mauritania\Science\Arguin - FieldWork Data Processing\Data\S2\Sen2Cor\S2B_MSIL2A_20250131T113319_N0511_R080_T28QCH_20250131T170258.zip,118,9877,4253,342535.0,2201265.0,0.3009,0.4232,0.5088,0.6068,0.6354000000000001,0.6356,0.6497,0.7128,0.6598,0.6444000000000001,0.5926,0.42550000000000004
2025-01-31,Arel,Sen2Cor,S2B_MSIL2A_20250131T113319_N0511_R080_T28QCH_20250131T170258.SAFE,C:\Users\Simon\Nextcloud\Project\Mauritania\Science\Arguin - FieldWork Data Processing\Data\S2\Sen2Cor\S2B_MSIL2A_20250131T113319_N0511_R080_T28QCH_20250131T170258.zip,119,9877,4254,342545.0,2201265.0,0.3136,0.4212,0.5028,0.6088,0.635,0.6427,0.658,0.7176,0.6658000000000001,0.6634,0.6002000000000001,0.4268
2025-01-31,Arel,Sen2Cor,S2B_MSIL2A_20250131T113319_N0511_R080_T28QCH_20250131T170258.SAFE,C:\Users\Simon\Nextcloud\Project\Mauritania\Science\Arguin - FieldWork Data Processing\Data\S2\Sen2Cor\S2B_MSIL2A_20250131T113319_N0511_R080_T28QCH_20250131T170258.zip,120,9877,4255,342555.0,2201265.0,0.3136,0.4384,0.5176000000000001,0.624,0.635,0.6427,0.658,0.7352000000000001,0.6658000000000001,0.6634,0.6002000000000001,0.4268
2025-01-31,Arel,Sen2Cor,S2B_MSIL2A_20250131T113319_N0511_R080_T28QCH_20250131T170258.SAFE,C:\Users\Simon\Nextcloud\Project\Mauritania\Science\Arguin - FieldWork Data Processing\Data\S2\Sen2Cor\S2B_MSIL2A_20250131T113319_N0511_R080_T28QCH_20250131T170258.zip,121,9877,4256,342565.0,2201265.0,0.3215,0.44,0.5244,0.6248,0.647,0.6543,0.6658000000000001,0.7368,0.6809000000000001,0.6634,0.6156,0.4441
2025-01-31,Arel,Sen2Cor,S2B_MSIL2A_20250131T113319_N0511_R080_T28QCH_20250131T170258.SAFE,C:\Users\Simon\Nextcloud\Project\Mauritania\Science\Arguin - FieldWork Data Processing\Data\S2\Sen2Cor\S2B_MSIL2A_20250131T113319_N0511_R080_T28QCH_20250131T170258.zip,122,9877,4257,342575.0,2201265.0,0.3215,0.42560000000000003,0.5124000000000001,0.6224000000000001,0.647,0.6543,0.6658000000000001,0.7328,0.6809000000000001,0.6634,0.6156,0.4441
2025-01-31,Arel,Sen2Cor,S2B_MSIL2A_20250131T113319_N0511_R080_T28QCH_20250131T170258.SAFE,C:\Users\Simon\Nextcloud\Project\Mauritania\Science\Arguin - FieldWork Data Processing\Data\S2\Sen2Cor\S2B_MSIL2A_20250131T113319_N0511_R080_T28QCH_20250131T170258.zip,123,9877,4258,342585.0,2201265.0,0.3236,0.4232,0.5072,0.6216,0.6345000000000001,0.6502,0.66,0.7264,0.6726000000000001,0.6634,0.6083000000000001,0.4455
2025-01-31,Arel,Sen2Cor,S2B_MSIL2A_20250131T113319_N0511_R080_T28QCH_20250131T170258.SAFE,C:\Users\Simon\Nextcloud\Project\Mauritania\Science\Arguin - FieldWork Data Processing\Data\S2\Sen2Cor\S2B_MSIL2A_20250131T113319_N0511_R080_T28QCH_20250131T170258.zip,124,9877,4259,342595.0,2201265.0,0.3236,0.4232,0.5176000000000001,0.618,0.6345000000000001,0.6502,0.66,0.7272000000000001,0.6726000000000001,0.6634,0.6083000000000001,0.4455
2025-01-31,Arel,Sen2Cor,S2B_MSIL2A_20250131T113319_N0511_R080_T28QCH_20250131T170258.SAFE,C:\Users\Simon\Nextcloud\Project\Mauritania\Science\Arguin - FieldWork Data Processing\Data\S2\Sen2Cor\S2B_MSIL2A_20250131T113319_N0511_R080_T28QCH_20250131T170258.zip,125,9877,4260,342605.0,2201265.0,0.3221,0.4408,0.5288,0.628,0.6414000000000001,0.6494,0.6647000000000001,0.7344,0.6792,0.6583,0.6039,0.43170000000000003
2025-01-31,Arel,Sen2Cor,S2B_MSIL2A_20250131T113319_N0511_R080_T28QCH_20250131T170258.SAFE,C:\Users\Simon\Nextcloud\Project\Mauritania\Science\Arguin - FieldWork Data Processing\Data\S2\Sen2Cor\S2B_MSIL2A_20250131T113319_N0511_R080_T28QCH_20250131T170258.zip,126,9877,4261,342615.0,2201265.0,0.3221,0.444,0.5264,0.6324000000000001,0.6414000000000001,0.6494,0.6647000000000001,0.7368,0.6792,0.6583,0.6039,0.43170000000000003
2025-01-31,Arel,Sen2Cor,S2B_MSIL2A_20250131T113319_N0511_R080_T28QCH_20250131T170258.SAFE,C:\Users\Simon\Nextcloud\Project\Mauritania\Science\Arguin - FieldWork Data Processing\Data\S2\Sen2Cor\S2B_MSIL2A_20250131T113319_N0511_R080_T28QCH_20250131T170258.zip,127,9877,4262,342625.0,2201265.0,0.31930000000000003,0.43160000000000004,0.522,0.618,0.6384000000000001,0.643,0.6579,0.7344,0.6729,0.6583,0.5956,0.4237
2025-01-31,Arel,Sen2Cor,S2B_MSIL2A_20250131T113319_N0511_R080_T28QCH_20250131T170258.SAFE,C:\Users\Simon\Nextcloud\Project\Mauritania\Science\Arguin - FieldWork Data Processing\Data\S2\Sen2Cor\S2B_MSIL2A_20250131T113319_N0511_R080_T28QCH_20250131T170258.zip,128,9877,4263,342635.0,2201265.0,0.31930000000000003,0.42400000000000004,0.5128,0.6112000000000001,0.6384000000000001,0.643,0.6579,0.732,0.6729,0.6583,0.5956,0.4237
2025-01-31,Arel,Sen2Cor,S2B_MSIL2A_20250131T113319_N0511_R080_T28QCH_20250131T170258.SAFE,C:\Users\Simon\Nextcloud\Project\Mauritania\Science\Arguin - FieldWork Data Processing\Data\S2\Sen2Cor\S2B_MSIL2A_20250131T113319_N0511_R080_T28QCH_20250131T170258.zip,129,9877,4264,342645.0,2201265.0,0.3171,0.41200000000000003,0.5004000000000001,0.5992000000000001,0.6156,0.6263000000000001,0.6409,0.7232000000000001,0.6633,0.6583,0.5977,0.41400000000000003
2025-01-31,Arel,Sen2Cor,S2B_MSIL2A_20250131T113319_N0511_R080_T28QCH_20250131T170258.SAFE,C:\Users\Simon\Nextcloud\Project\Mauritania\Science\Arguin - FieldWork Data Processing\Data\S2\Sen2Cor\S2B_MSIL2A_20250131T113319_N0511_R080_T28QCH_20250131T170258.zip,130,9877,4265,342655.0,2201265.0,0.3171,0.4048,0.4792,0.5900000000000001,0.6156,0.6263000000000001,0.6409,0.7152000000000001,0.6633,0.6583,0.5977,0.41400000000000003
2025-01-31,Arel,Sen2Cor,S2B_MSIL2A_20250131T113319_N0511_R080_T28QCH_20250131T170258.SAFE,C:\Users\Simon\Nextcloud\Project\Mauritania\Science\Arguin - FieldWork Data Processing\Data\S2\Sen2Cor\S2B_MSIL2A_20250131T113319_N0511_R080_T28QCH_20250131T170258.zip,131,9877,4266,342665.0,2201265.0,0.31470000000000004,0.4048,0.4752,0.5880000000000001,0.6096,0.6188,0.6391,0.7160000000000001,0.6627000000000001,0.6327,0.5998,0.4097
2025-01-31,Arel,Sen2Cor,S2B_MSIL2A_20250131T113319_N0511_R080_T28QCH_20250131T170258.SAFE,C:\Users\Simon\Nextcloud\Project\Mauritania\Science\Arguin - FieldWork Data Processing\Data\S2\Sen2Cor\S2B_MSIL2A_20250131T113319_N0511_R080_T28QCH_20250131T170258.zip,132,9877,4267,342675.0,2201265.0,0.31470000000000004,0.41000000000000003,0.48160000000000003,0.5848,0.6096,0.6188,0.6391,0.7160000000000001,0.6627000000000001,0.6327,0.5998,0.4097
2025-01-31,Arel,Sen2Cor,S2B_MSIL2A_20250131T113319_N0511_R080_T28QCH_20250131T170258.SAFE,C:\Users\Simon\Nextcloud\Project\Mauritania\Science\Arguin - FieldWork Data Processing\Data\S2\Sen2Cor\S2B_MSIL2A_20250131T113319_N0511_R080_T28QCH_20250131T170258.zip,133,9877,4268,342685.0,2201265.0,0.3088,0.4112,0.48800000000000004,0.5832,0.5996,0.6172000000000001,0.6341,0.7128,0.6612,0.6327,0.5915,0.4037
2025-01-31,Arel,Sen2Cor,S2B_MSIL2A_20250131T113319_N0511_R080_T28QCH_20250131T170258.SAFE,C:\Users\Simon\Nextcloud\Project\Mauritania\Science\Arguin - FieldWork Data Processing\Data\S2\Sen2Cor\S2B_MSIL2A_20250131T113319_N0511_R080_T28QCH_20250131T170258.zip,134,9877,4269,342695.0,2201265.0,0.3088,0.4036,0.47640000000000005,0.5700000000000001,0.5996,0.6172000000000001,0.6341,0.7084,0.6612,0.6327,0.5915,0.4037
2025-01-31,Arel,Sen2Cor,S2B_MSIL2A_20250131T113319_N0511_R080_T28QCH_20250131T170258.SAFE,C:\Users\Simon\Nextcloud\Project\Mauritania\Science\Arguin - FieldWork Data Processing\Data\S2\Sen2Cor\S2B_MSIL2A_20250131T113319_N0511_R080_T28QCH_20250131T170258.zip,135,9877,4270,342705.0,2201265.0,0.3027,0.39480000000000004,0.46840000000000004,0.5688,0.5936,0.6072000000000001,0.6275000000000001,0.7020000000000001,0.6532,0.6327,0.5881000000000001,0.404
2025-01-31,Arel,Sen2Cor,S2B_MSIL2A_20250131T113319_N0511_R080_T28QCH_20250131T170258.SAFE,C:\Users\Simon\Nextcloud\Project\Mauritania\Science\Arguin - FieldWork Data Processing\Data\S2\Sen2Cor\S2B_MSIL2A_20250131T113319_N0511_R080_T28QCH_20250131T170258.zip,136,9877,4271,342715.0,2201265.0,0.3027,0.39280000000000004,0.4748,0.5700000000000001,0.5936,0.6072000000000001,0.6275000000000001,0.7008,0.6532,0.6327,0.5881000000000001,0.404
2025-01-31,Arel,Sen2Cor,S2B_MSIL2A_20250131T113319_N0511_R080_T28QCH_20250131T170258.SAFE,C:\Users\Simon\Nextcloud\Project\Mauritania\Science\Arguin - FieldWork Data Processing\Data\S2\Sen2Cor\S2B_MSIL2A_20250131T113319_N0511_R080_T28QCH_20250131T170258.zip,137,9877,4272,342725.0,2201265.0,0.29410000000000003,0.4,0.47640000000000005,0.5680000000000001,0.5853,0.5954,0.6191,0.7012,0.6493,0.6075,0.5806,0.4021
2025-01-31,Arel,Sen2Cor,S2B_MSIL2A_20250131T113319_N0511_R080_T28QCH_20250131T170258.SAFE,C:\Users\Simon\Nextcloud\Project\Mauritania\Science\Arguin - FieldWork Data Processing\Data\S2\Sen2Cor\S2B_MSIL2A_20250131T113319_N0511_R080_T28QCH_20250131T170258.zip,138,9877,4273,342735.0,2201265.0,0.29410000000000003,0.3936,0.45880000000000004,0.56,0.5853,0.5954,0.6191,0.6908000000000001,0.6493,0.6075,0.5806,0.4021
2025-01-31,Arel,Sen2Cor,S2B_MSIL2A_20250131T113319_N0511_R080_T28QCH_20250131T170258.SAFE,C:\Users\Simon\Nextcloud\Project\Mauritania\Science\Arguin - FieldWork Data Processing\Data\S2\Sen2Cor\S2B_MSIL2A_20250131T113319_N0511_R080_T28QCH_20250131T170258.zip,139,9877,4274,342745.0,2201265.0,0.2776,0.388,0.45480000000000004,0.5492,0.5583,0.5762,0.5969,0.6732,0.6211,0.6075,0.5563,0.3779
2025-01-31,Arel,Sen2Cor,S2B_MSIL2A_20250131T113319_N0511_R080_T28QCH_20250131T170258.SAFE,C:\Users\Simon\Nextcloud\Project\Mauritania\Science\Arguin - FieldWork Data Processing\Data\S2\Sen2Cor\S2B_MSIL2A_20250131T113319_N0511_R080_T28QCH_20250131T170258.zip,140,9877,4275,342755.0,2201265.0,0.2776,0.3876,0.4384,0.526,0.5583,0.5762,0.5969,0.6568,0.6211,0.6075,0.5563,0.3779
2025-01-31,Arel,Sen2Cor,S2B_MSIL2A_20250131T113319_N0511_R080_T28QCH_20250131T170258.SAFE,C:\Users\Simon\Nextcloud\Project\Mauritania\Science\Arguin - FieldWork Data Processing\Data\S2\Sen2Cor\S2B_MSIL2A_20250131T113319_N0511_R080_T28QCH_20250131T170258.zip,141,9877,4276,342765.0,2201265.0,0.25,0.3784,0.43720000000000003,0.5128,0.5199,0.5278,0.5472,0.6424000000000001,0.5786,0.6075,0.5106,0.33390000000000003
2025-01-31,Arel,Sen2Cor,S2B_MSIL2A_20250131T113319_N0511_R080_T28QCH_20250131T170258.SAFE,C:\Users\Simon\Nextcloud\Project\Mauritania\Science\Arguin - FieldWork Data Processing\Data\S2\Sen2Cor\S2B_MSIL2A_20250131T113319_N0511_R080_T28QCH_20250131T170258.zip,142,9878,4248,342485.0,2201255.0,0.28240000000000004,0.3952,0.4832,0.5844,0.6217,0.6292,0.6431,0.7012,0.6505000000000001,0.6444000000000001,0.5769000000000001,0.4157
2025-01-31,Arel,Sen2Cor,S2B_MSIL2A_20250131T113319_N0511_R080_T28QCH_20250131T170258.SAFE,C:\Users\Simon\Nextcloud\Project\Mauritania\Science\Arguin - FieldWork Data Processing\Data\S2\Sen2Cor\S2B_MSIL2A_20250131T113319_N0511_R080_T28QCH_20250131T170258.zip,143,9878,4249,342495.0,2201255.0,0.28240000000000004,0.40800000000000003,0.4928,0.606,0.6217,0.6292,0.6431,0.7192000000000001,0.6505000000000001,0.6444000000000001,0.5769000000000001,0.4157
2025-01-31,Arel,Sen2Cor,S2B_MSIL2A_20250131T113319_N0511_R080_T28QCH_20250131T170258.SAFE,C:\Users\Simon\Nextcloud\Project\Mauritania\Science\Arguin - FieldWork Data Processing\Data\S2\Sen2Cor\S2B_MSIL2A_20250131T113319_N0511_R080_T28QCH_20250131T170258.zip,144,9878,4250,342505.0,2201255.0,0.31370000000000003,0.43,0.5196000000000001,0.6216,0.6413,0.6452,0.658,0.7288,0.6679,0.6444000000000001,0.5901000000000001,0.42260000000000003
2025-01-31,Arel,Sen2Cor,S2B_MSIL2A_20250131T113319_N0511_R080_T28QCH_20250131T170258.SAFE,C:\Users\Simon\Nextcloud\Project\Mauritania\Science\Arguin - FieldWork Data Processing\Data\S2\Sen2Cor\S2B_MSIL2A_20250131T113319_N0511_R080_T28QCH_20250131T170258.zip,145,9878,4251,342515.0,2201255.0,0.31370000000000003,0.45280000000000004,0.5368,0.6324000000000001,0.6413,0.6452,0.658,0.732,0.6679,0.6444000000000001,0.5901000000000001,0.42260000000000003
2025-01-31,Arel,Sen2Cor,S2B_MSIL2A_20250131T113319_N0511_R080_T28QCH_20250131T170258.SAFE,C:\Users\Simon\Nextcloud\Project\Mauritania\Science\Arguin - FieldWork Data Processing\Data\S2\Sen2Cor\S2B_MSIL2A_20250131T113319_N0511_R080_T28QCH_20250131T170258.zip,146,9878,4252,342525.0,2201255.0,0.3291,0.4368,0.5132,0.6108,0.6283000000000001,0.6314000000000001,0.6453,0.7192000000000001,0.6636000000000001,0.6444000000000001,0.5928,0.42600000000000005
2025-01-31,Arel,Sen2Cor,S2B_MSIL2A_20250131T113319_N0511_R080_T28QCH_20250131T170258.SAFE,C:\Users\Simon\Nextcloud\Project\Mauritania\Science\Arguin - FieldWork Data Processing\Data\S2\Sen2Cor\S2B_MSIL2A_20250131T113319_N0511_R080_T28QCH_20250131T170258.zip,147,9878,4253,342535.0,2201255.0,0.3291,0.4252,0.504,0.6032000000000001,0.6283000000000001,0.6314000000000001,0.6453,0.7056,0.6636000000000001,0.6444000000000001,0.5928,0.42600000000000005
2025-01-31,Arel,Sen2Cor,S2B_MSIL2A_20250131T113319_N0511_R080_T28QCH_20250131T170258.SAFE,C:\Users\Simon\Nextcloud\Project\Mauritania\Science\Arguin - FieldWork Data Processing\Data\S2\Sen2Cor\S2B_MSIL2A_20250131T113319_N0511_R080_T28QCH_20250131T170258.zip,148,9878,4254,342545.0,2201255.0,0.334,0.4164,0.4968,0.602,0.6266,0.6342,0.6481,0.7108,0.6668000000000001,0.6634,0.5987,0.4292
2025-01-31,Arel,Sen2Cor,S2B_MSIL2A_20250131T113319_N0511_R080_T28QCH_20250131T170258.SAFE,C:\Users\Simon\Nextcloud\Project\Mauritania\Science\Arguin - FieldWork Data Processing\Data\S2\Sen2Cor\S2B_MSIL2A_20250131T113319_N0511_R080_T28QCH_20250131T170258.zip,149,9878,4255,342555.0,2201255.0,0.334,0.4156,0.5024000000000001,0.6112000000000001,0.6266,0.6342,0.6481,0.7216,0.6668000000000001,0.6634,0.5987,0.4292
2025-01-31,Arel,Sen2Cor,S2B_MSIL2A_20250131T113319_N0511_R080_T28QCH_20250131T170258.SAFE,C:\Users\Simon\Nextcloud\Project\Mauritania\Science\Arguin - FieldWork Data Processing\Data\S2\Sen2Cor\S2B_MSIL2A_20250131T113319_N0511_R080_T28QCH_20250131T170258.zip,150,9878,4256,342565.0,2201255.0,0.3357,0.4164,0.508,0.6124,0.6356,0.6482,0.6584,0.7264,0.668,0.6634,0.606,0.4389
2025-01-31,Arel,Sen2Cor,S2B_MSIL2A_20250131T113319_N0511_R080_T28QCH_20250131T170258.SAFE,C:\Users\Simon\Nextcloud\Project\Mauritania\Science\Arguin - FieldWork Data Processing\Data\S2\Sen2Cor\S2B_MSIL2A_20250131T113319_N0511_R080_T28QCH_20250131T170258.zip,151,9878,4257,342575.0,2201255.0,0.3357,0.41960000000000003,0.5112,0.6168,0.6356,0.6482,0.6584,0.7232000000000001,0.668,0.6634,0.606,0.4389
2025-01-31,Arel,Sen2Cor,S2B_MSIL2A_20250131T113319_N0511_R080_T28QCH_20250131T170258.SAFE,C:\Users\Simon\Nextcloud\Project\Mauritania\Science\Arguin - FieldWork Data Processing\Data\S2\Sen2Cor\S2B_MSIL2A_20250131T113319_N0511_R080_T28QCH_20250131T170258.zip,152,9878,4258,342585.0,2201255.0,0.33440000000000003,0.4284,0.5152,0.6224000000000001,0.6373,0.6454000000000001,0.6605000000000001,0.728,0.6714,0.6634,0.6057,0.4369
2025-01-31,Arel,Sen2Cor,S2B_MSIL2A_20250131T113319_N0511_R080_T28QCH_20250131T170258.SAFE,C:\Users\Simon\Nextcloud\Project\Mauritania\Science\Arguin - FieldWork Data Processing\Data\S2\Sen2Cor\S2B_MSIL2A_20250131T113319_N0511_R080_T28QCH_20250131T170258.zip,153,9878,4259,342595.0,2201255.0,0.33440000000000003,0.4288,0.5132,0.6172000000000001,0.6373,0.6454000000000001,0.6605000000000001,0.7264,0.6714,0.6634,0.6057,0.4369
2025-01-31,Arel,Sen2Cor,S2B_MSIL2A_20250131T113319_N0511_R080_T28QCH_20250131T170258.SAFE,C:\Users\Simon\Nextcloud\Project\Mauritania\Science\Arguin - FieldWork Data Processing\Data\S2\Sen2Cor\S2B_MSIL2A_20250131T113319_N0511_R080_T28QCH_20250131T170258.zip,154,9878,4260,342605.0,2201255.0,0.32830000000000004,0.4464,0.5296000000000001,0.628,0.6368,0.6455000000000001,0.6593,0.7304,0.6755,0.6583,0.5996,0.42360000000000003
2025-01-31,Arel,Sen2Cor,S2B_MSIL2A_20250131T113319_N0511_R080_T28QCH_20250131T170258.SAFE,C:\Users\Simon\Nextcloud\Project\Mauritania\Science\Arguin - FieldWork Data Processing\Data\S2\Sen2Cor\S2B_MSIL2A_20250131T113319_N0511_R080_T28QCH_20250131T170258.zip,155,9878,4261,342615.0,2201255.0,0.32830000000000004,0.44320000000000004,0.526,0.6336,0.6368,0.6455000000000001,0.6593,0.7352000000000001,0.6755,0.6583,0.5996,0.42360000000000003
2025-01-31,Arel,Sen2Cor,S2B_MSIL2A_20250131T113319_N0511_R080_T28QCH_20250131T170258.SAFE,C:\Users\Simon\Nextcloud\Project\Mauritania\Science\Arguin - FieldWork Data Processing\Data\S2\Sen2Cor\S2B_MSIL2A_20250131T113319_N0511_R080_T28QCH_20250131T170258.zip,156,9878,4262,342625.0,2201255.0,0.3231,0.432,0.518,0.6196,0.6315000000000001,0.6375000000000001,0.6516000000000001,0.7344,0.6721,0.6583,0.5953,0.41400000000000003
2025-01-31,Arel,Sen2Cor,S2B_MSIL2A_20250131T113319_N0511_R080_T28QCH_20250131T170258.SAFE,C:\Users\Simon\Nextcloud\Project\Mauritania\Science\Arguin - FieldWork Data Processing\Data\S2\Sen2Cor\S2B_MSIL2A_20250131T113319_N0511_R080_T28QCH_20250131T170258.zip,157,9878,4263,342635.0,2201255.0,0.3231,0.4164,0.5052,0.612,0.6315000000000001,0.6375000000000001,0.6516000000000001,0.7272000000000001,0.6721,0.6583,0.5953,0.41400000000000003
2025-01-31,Arel,Sen2Cor,S2B_MSIL2A_20250131T113319_N0511_R080_T28QCH_20250131T170258.SAFE,C:\Users\Simon\Nextcloud\Project\Mauritania\Science\Arguin - FieldWork Data Processing\Data\S2\Sen2Cor\S2B_MSIL2A_20250131T113319_N0511_R080_T28QCH_20250131T170258.zip,158,9878,4264,342645.0,2201255.0,0.31820000000000004,0.4096,0.4924,0.5968,0.6097,0.6185,0.636,0.7208,0.663,0.6583,0.5946,0.39680000000000004
2025-01-31,Arel,Sen2Cor,S2B_MSIL2A_20250131T113319_N0511_R080_T28QCH_20250131T170258.SAFE,C:\Users\Simon\Nextcloud\Project\Mauritania\Science\Arguin - FieldWork Data Processing\Data\S2\Sen2Cor\S2B_MSIL2A_20250131T113319_N0511_R080_T28QCH_20250131T170258.zip,159,9878,4265,342655.0,2201255.0,0.31820000000000004,0.4048,0.4824,0.5916,0.6097,0.6185,0.636,0.7176,0.663,0.6583,0.5946,0.39680000000000004
2025-01-31,Arel,Sen2Cor,S2B_MSIL2A_20250131T113319_N0511_R080_T28QCH_20250131T170258.SAFE,C:\Users\Simon\Nextcloud\Project\Mauritania\Science\Arguin - FieldWork Data Processing\Data\S2\Sen2Cor\S2B_MSIL2A_20250131T113319_N0511_R080_T28QCH_20250131T170258.zip,160,9878,4266,342665.0,2201255.0,0.31270000000000003,0.4096,0.4808,0.5844,0.596,0.6041000000000001,0.6341,0.7124,0.6546000000000001,0.6327,0.5886,0.38170000000000004
2025-01-31,Arel,Sen2Cor,S2B_MSIL2A_20250131T113319_N0511_R080_T28QCH_20250131T170258.SAFE,C:\Users\Simon\Nextcloud\Project\Mauritania\Science\Arguin - FieldWork Data Processing\Data\S2\Sen2Cor\S2B_MSIL2A_20250131T113319_N0511_R080_T28QCH_20250131T170258.zip,161,9878,4267,342675.0,2201255.0,0.31270000000000003,0.41240000000000004,0.4852,0.5804,0.596,0.6041000000000001,0.6341,0.7108,0.6546000000000001,0.6327,0.5886,0.38170000000000004
2025-01-31,Arel,Sen2Cor,S2B_MSIL2A_20250131T113319_N0511_R080_T28QCH_20250131T170258.SAFE,C:\Users\Simon\Nextcloud\Project\Mauritania\Science\Arguin - FieldWork Data Processing\Data\S2\Sen2Cor\S2B_MSIL2A_20250131T113319_N0511_R080_T28QCH_20250131T170258.zip,162,9878,4268,342685.0,2201255.0,0.3075,0.4096,0.47840000000000005,0.5716,0.5826,0.5949,0.6142000000000001,0.7076,0.6453,0.6327,0.5803,0.37820000000000004
2025-01-31,Arel,Sen2Cor,S2B_MSIL2A_20250131T113319_N0511_R080_T28QCH_20250131T170258.SAFE,C:\Users\Simon\Nextcloud\Project\Mauritania\Science\Arguin - FieldWork Data Processing\Data\S2\Sen2Cor\S2B_MSIL2A_20250131T113319_N0511_R080_T28QCH_20250131T170258.zip,163,9878,4269,342695.0,2201255.0,0.3075,0.392,0.4656,0.5552,0.5826,0.5949,0.6142000000000001,0.6960000000000001,0.6453,0.6327,0.5803,0.37820000000000004
2025-01-31,Arel,Sen2Cor,S2B_MSIL2A_20250131T113319_N0511_R080_T28QCH_20250131T170258.SAFE,C:\Users\Simon\Nextcloud\Project\Mauritania\Science\Arguin - FieldWork Data Processing\Data\S2\Sen2Cor\S2B_MSIL2A_20250131T113319_N0511_R080_T28QCH_20250131T170258.zip,164,9878,4270,342705.0,2201255.0,0.3054,0.38720000000000004,0.458,0.5516,0.5730000000000001,0.5862,0.6076,0.6872,0.6317,0.6327,0.5759000000000001,0.3845
2025-01-31,Arel,Sen2Cor,S2B_MSIL2A_20250131T113319_N0511_R080_T28QCH_20250131T170258.SAFE,C:\Users\Simon\Nextcloud\Project\Mauritania\Science\Arguin - FieldWork Data Processing\Data\S2\Sen2Cor\S2B_MSIL2A_20250131T113319_N0511_R080_T28QCH_20250131T170258.zip,165,9878,4271,342715.0,2201255.0,0.3054,0.39280000000000004,0.462,0.5612,0.5730000000000001,0.5862,0.6076,0.6932,0.6317,0.6327,0.5759000000000001,0.3845
2025-01-31,Arel,Sen2Cor,S2B_MSIL2A_20250131T113319_N0511_R080_T28QCH_20250131T170258.SAFE,C:\Users\Simon\Nextcloud\Project\Mauritania\Science\Arguin - FieldWork Data Processing\Data\S2\Sen2Cor\S2B_MSIL2A_20250131T113319_N0511_R080_T28QCH_20250131T170258.zip,166,9878,4272,342725.0,2201255.0,0.3048,0.406,0.4776,0.5660000000000001,0.5812,0.5935,0.6107,0.6964,0.6417,0.6075,0.5727,0.3865
2025-01-31,Arel,Sen2Cor,S2B_MSIL2A_20250131T113319_N0511_R080_T28QCH_20250131T170258.SAFE,C:\Users\Simon\Nextcloud\Project\Mauritania\Science\Arguin - FieldWork Data Processing\Data\S2\Sen2Cor\S2B_MSIL2A_20250131T113319_N0511_R080_T28QCH_20250131T170258.zip,167,9878,4273,342735.0,2201255.0,0.3048,0.40440000000000004,0.4768,0.5612,0.5812,0.5935,0.6107,0.6928000000000001,0.6417,0.6075,0.5727,0.3865
2025-01-31,Arel,Sen2Cor,S2B_MSIL2A_20250131T113319_N0511_R080_T28QCH_20250131T170258.SAFE,C:\Users\Simon\Nextcloud\Project\Mauritania\Science\Arguin - FieldWork Data Processing\Data\S2\Sen2Cor\S2B_MSIL2A_20250131T113319_N0511_R080_T28QCH_20250131T170258.zip,168,9878,4274,342745.0,2201255.0,0.2953,0.3876,0.456,0.5436,0.5471,0.5602,0.5829,0.6696000000000001,0.6094,0.6075,0.5539000000000001,0.3668
2025-01-31,Arel,Sen2Cor,S2B_MSIL2A_20250131T113319_N0511_R080_T28QCH_20250131T170258.SAFE,C:\Users\Simon\Nextcloud\Project\Mauritania\Science\Arguin - FieldWork Data Processing\Data\S2\Sen2Cor\S2B_MSIL2A_20250131T113319_N0511_R080_T28QCH_20250131T170258.zip,169,9878,4275,342755.0,2201255.0,0.2953,0.38520000000000004,0.44,0.5228,0.5471,0.5602,0.5829,0.6528,0.6094,0.6075,0.5539000000000001,0.3668
2025-01-31,Arel,Sen2Cor,S2B_MSIL2A_20250131T113319_N0511_R080_T28QCH_20250131T170258.SAFE,C:\Users\Simon\Nextcloud\Project\Mauritania\Science\Arguin - FieldWork Data Processing\Data\S2\Sen2Cor\S2B_MSIL2A_20250131T113319_N0511_R080_T28QCH_20250131T170258.zip,170,9878,4276,342765.0,2201255.0,0.272,0.366,0.4288,0.4908,0.5097,0.5267000000000001,0.5493,0.6328,0.5743,0.6075,0.5244,0.32780000000000004
2025-01-31,Arel,Sen2Cor,S2B_MSIL2A_20250131T113319_N0511_R080_T28QCH_20250131T170258.SAFE,C:\Users\Simon\Nextcloud\Project\Mauritania\Science\Arguin - FieldWork Data Processing\Data\S2\Sen2Cor\S2B_MSIL2A_20250131T113319_N0511_R080_T28QCH_20250131T170258.zip,171,9878,4277,342775.0,2201255.0,0.272,0.3592,0.39880000000000004,0.46840000000000004,0.5097,0.5267000000000001,0.5493,0.604,0.5743,0.6075,0.5244,0.32780000000000004
2025-01-31,Arel,Sen2Cor,S2B_MSIL2A_20250131T113319_N0511_R080_T28QCH_20250131T170258.SAFE,C:\Users\Simon\Nextcloud\Project\Mauritania\Science\Arguin - FieldWork Data Processing\Data\S2\Sen2Cor\S2B_MSIL2A_20250131T113319_N0511_R080_T28QCH_20250131T170258.zip,172,9879,4247,342475.0,2201245.0,0.2383,0.3996,0.4796,0.5884,0.5576,0.5575,0.5829,0.7000000000000001,0.5835,0.4637,0.5247,0.37670000000000003
2025-01-31,Arel,Sen2Cor,S2B_MSIL2A_20250131T113319_N0511_R080_T28QCH_20250131T170258.SAFE,C:\Users\Simon\Nextcloud\Project\Mauritania\Science\Arguin - FieldWork Data Processing\Data\S2\Sen2Cor\S2B_MSIL2A_20250131T113319_N0511_R080_T28QCH_20250131T170258.zip,173,9879,4248,342485.0,2201245.0,0.28240000000000004,0.41200000000000003,0.49360000000000004,0.6012000000000001,0.6217,0.6292,0.6431,0.7148,0.6505000000000001,0.6444000000000001,0.5769000000000001,0.4157
2025-01-31,Arel,Sen2Cor,S2B_MSIL2A_20250131T113319_N0511_R080_T28QCH_20250131T170258.SAFE,C:\Users\Simon\Nextcloud\Project\Mauritania\Science\Arguin - FieldWork Data Processing\Data\S2\Sen2Cor\S2B_MSIL2A_20250131T113319_N0511_R080_T28QCH_20250131T170258.zip,174,9879,4249,342495.0,2201245.0,0.28240000000000004,0.42600000000000005,0.5128,0.6212,0.6217,0.6292,0.6431,0.7240000000000001,0.6505000000000001,0.6444000000000001,0.5769000000000001,0.4157
2025-01-31,Arel,Sen2Cor,S2B_MSIL2A_20250131T113319_N0511_R080_T28QCH_20250131T170258.SAFE,C:\Users\Simon\Nextcloud\Project\Mauritania\Science\Arguin - FieldWork Data Processing\Data\S2\Sen2Cor\S2B_MSIL2A_20250131T113319_N0511_R080_T28QCH_20250131T170258.zip,175,9879,4250,342505.0,2201245.0,0.31370000000000003,0.45840000000000003,0.5348,0.6288,0.6413,0.6452,0.658,0.7264,0.6679,0.6444000000000001,0.5901000000000001,0.42260000000000003
2025-01-31,Arel,Sen2Cor,S2B_MSIL2A_20250131T113319_N0511_R080_T28QCH_20250131T170258.SAFE,C:\Users\Simon\Nextcloud\Project\Mauritania\Science\Arguin - FieldWork Data Processing\Data\S2\Sen2Cor\S2B_MSIL2A_20250131T113319_N0511_R080_T28QCH_20250131T170258.zip,176,9879,4251,342515.0,2201245.0,0.31370000000000003,0.43920000000000003,0.524,0.6208,0.6413,0.6452,0.658,0.7264,0.6679,0.6444000000000001,0.5901000000000001,0.42260000000000003
2025-01-31,Arel,Sen2Cor,S2B_MSIL2A_20250131T113319_N0511_R080_T28QCH_20250131T170258.SAFE,C:\Users\Simon\Nextcloud\Project\Mauritania\Science\Arguin - FieldWork Data Processing\Data\S2\Sen2Cor\S2B_MSIL2A_20250131T113319_N0511_R080_T28QCH_20250131T170258.zip,177,9879,4252,342525.0,2201245.0,0.3291,0.4212,0.508,0.604,0.6283000000000001,0.6314000000000001,0.6453,0.7072,0.6636000000000001,0.6444000000000001,0.5928,0.42600000000000005
2025-01-31,Arel,Sen2Cor,S2B_MSIL2A_20250131T113319_N0511_R080_T28QCH_20250131T170258.SAFE,C:\Users\Simon\Nextcloud\Project\Mauritania\Science\Arguin - FieldWork Data Processing\Data\S2\Sen2Cor\S2B_MSIL2A_20250131T113319_N0511_R080_T28QCH_20250131T170258.zip,178,9879,4253,342535.0,2201245.0,0.3291,0.42200000000000004,0.506,0.604,0.6283000000000001,0.6314000000000001,0.6453,0.7100000000000001,0.6636000000000001,0.6444000000000001,0.5928,0.42600000000000005
2025-01-31,Arel,Sen2Cor,S2B_MSIL2A_20250131T113319_N0511_R080_T28QCH_20250131T170258.SAFE,C:\Users\Simon\Nextcloud\Project\Mauritania\Science\Arguin - FieldWork Data Processing\Data\S2\Sen2Cor\S2B_MSIL2A_20250131T113319_N0511_R080_T28QCH_20250131T170258.zip,179,9879,4254,342545.0,2201245.0,0.334,0.41000000000000003,0.49760000000000004,0.6,0.6266,0.6342,0.6481,0.7168,0.6668000000000001,0.6634,0.5987,0.4292
2025-01-31,Arel,Sen2Cor,S2B_MSIL2A_20250131T113319_N0511_R080_T28QCH_20250131T170258.SAFE,C:\Users\Simon\Nextcloud\Project\Mauritania\Science\Arguin - FieldWork Data Processing\Data\S2\Sen2Cor\S2B_MSIL2A_20250131T113319_N0511_R080_T28QCH_20250131T170258.zip,180,9879,4255,342555.0,2201245.0,0.334,0.4152,0.504,0.604,0.6266,0.6342,0.6481,0.7200000000000001,0.6668000000000001,0.6634,0.5987,0.4292
2025-01-31,Arel,Sen2Cor,S2B_MSIL2A_20250131T113319_N0511_R080_T28QCH_20250131T170258.SAFE,C:\Users\Simon\Nextcloud\Project\Mauritania\Science\Arguin - FieldWork Data Processing\Data\S2\Sen2Cor\S2B_MSIL2A_20250131T113319_N0511_R080_T28QCH_20250131T170258.zip,181,9879,4256,342565.0,2201245.0,0.3357,0.41800000000000004,0.506,0.6088,0.6356,0.6482,0.6584,0.7296,0.668,0.6634,0.606,0.4389
2025-01-31,Arel,Sen2Cor,S2B_MSIL2A_20250131T113319_N0511_R080_T28QCH_20250131T170258.SAFE,C:\Users\Simon\Nextcloud\Project\Mauritania\Science\Arguin - FieldWork Data Processing\Data\S2\Sen2Cor\S2B_MSIL2A_20250131T113319_N0511_R080_T28QCH_20250131T170258.zip,182,9879,4257,342575.0,2201245.0,0.3357,0.4212,0.5136000000000001,0.6108,0.6356,0.6482,0.6584,0.7200000000000001,0.668,0.6634,0.606,0.4389
2025-01-31,Arel,Sen2Cor,S2B_MSIL2A_20250131T113319_N0511_R080_T28QCH_20250131T170258.SAFE,C:\Users\Simon\Nextcloud\Project\Mauritania\Science\Arguin - FieldWork Data Processing\Data\S2\Sen2Cor\S2B_MSIL2A_20250131T113319_N0511_R080_T28QCH_20250131T170258.zip,183,9879,4258,342585.0,2201245.0,0.33440000000000003,0.4244,0.5072,0.6188,0.6373,0.6454000000000001,0.6605000000000001,0.7208,0.6714,0.6634,0.6057,0.4369
2025-01-31,Arel,Sen2Cor,S2B_MSIL2A_20250131T113319_N0511_R080_T28QCH_20250131T170258.SAFE,C:\Users\Simon\Nextcloud\Project\Mauritania\Science\Arguin - FieldWork Data Processing\Data\S2\Sen2Cor\S2B_MSIL2A_20250131T113319_N0511_R080_T28QCH_20250131T170258.zip,184,9879,4259,342595.0,2201245.0,0.33440000000000003,0.42560000000000003,0.514,0.6188,0.6373,0.6454000000000001,0.6605000000000001,0.7296,0.6714,0.6634,0.6057,0.4369
2025-01-31,Arel,Sen2Cor,S2B_MSIL2A_20250131T113319_N0511_R080_T28QCH_20250131T170258.SAFE,C:\Users\Simon\Nextcloud\Project\Mauritania\Science\Arguin - FieldWork Data Processing\Data\S2\Sen2Cor\S2B_MSIL2A_20250131T113319_N0511_R080_T28QCH_20250131T170258.zip,185,9879,4260,342605.0,2201245.0,0.32830000000000004,0.4328,0.518,0.6172000000000001,0.6368,0.6455000000000001,0.6593,0.7304,0.6755,0.6583,0.5996,0.42360000000000003
2025-01-31,Arel,Sen2Cor,S2B_MSIL2A_20250131T113319_N0511_R080_T28QCH_20250131T170258.SAFE,C:\Users\Simon\Nextcloud\Project\Mauritania\Science\Arguin - FieldWork Data Processing\Data\S2\Sen2Cor\S2B_MSIL2A_20250131T113319_N0511_R080_T28QCH_20250131T170258.zip,186,9879,4261,342615.0,2201245.0,0.32830000000000004,0.4364,0.522,0.6192000000000001,0.6368,0.6455000000000001,0.6593,0.7312000000000001,0.6755,0.6583,0.5996,0.42360000000000003
2025-01-31,Arel,Sen2Cor,S2B_MSIL2A_20250131T113319_N0511_R080_T28QCH_20250131T170258.SAFE,C:\Users\Simon\Nextcloud\Project\Mauritania\Science\Arguin - FieldWork Data Processing\Data\S2\Sen2Cor\S2B_MSIL2A_20250131T113319_N0511_R080_T28QCH_20250131T170258.zip,187,9879,4262,342625.0,2201245.0,0.3231,0.4344,0.5108,0.6112000000000001,0.6315000000000001,0.6375000000000001,0.6516000000000001,0.7312000000000001,0.6721,0.6583,0.5953,0.41400000000000003
2025-01-31,Arel,Sen2Cor,S2B_MSIL2A_20250131T113319_N0511_R080_T28QCH_20250131T170258.SAFE,C:\Users\Simon\Nextcloud\Project\Mauritania\Science\Arguin - FieldWork Data Processing\Data\S2\Sen2Cor\S2B_MSIL2A_20250131T113319_N0511_R080_T28QCH_20250131T170258.zip,188,9879,4263,342635.0,2201245.0,0.3231,0.41960000000000003,0.5036,0.604,0.6315000000000001,0.6375000000000001,0.6516000000000001,0.7232000000000001,0.6721,0.6583,0.5953,0.41400000000000003
2025-01-31,Arel,Sen2Cor,S2B_MSIL2A_20250131T113319_N0511_R080_T28QCH_20250131T170258.SAFE,C:\Users\Simon\Nextcloud\Project\Mauritania\Science\Arguin - FieldWork Data Processing\Data\S2\Sen2Cor\S2B_MSIL2A_20250131T113319_N0511_R080_T28QCH_20250131T170258.zip,189,9879,4264,342645.0,2201245.0,0.31820000000000004,0.4012,0.4844,0.5844,0.6097,0.6185,0.636,0.7140000000000001,0.663,0.6583,0.5946,0.39680000000000004
2025-01-31,Arel,Sen2Cor,S2B_MSIL2A_20250131T113319_N0511_R080_T28QCH_20250131T170258.SAFE,C:\Users\Simon\Nextcloud\Project\Mauritania\Science\Arguin - FieldWork Data Processing\Data\S2\Sen2Cor\S2B_MSIL2A_20250131T113319_N0511_R080_T28QCH_20250131T170258.zip,190,9879,4265,342655.0,2201245.0,0.31820000000000004,0.406,0.48200000000000004,0.5800000000000001,0.6097,0.6185,0.636,0.7064,0.663,0.6583,0.5946,0.39680000000000004
2025-01-31,Arel,Sen2Cor,S2B_MSIL2A_20250131T113319_N0511_R080_T28QCH_20250131T170258.SAFE,C:\Users\Simon\Nextcloud\Project\Mauritania\Science\Arguin - FieldWork Data Processing\Data\S2\Sen2Cor\S2B_MSIL2A_20250131T113319_N0511_R080_T28QCH_20250131T170258.zip,191,9879,4266,342665.0,2201245.0,0.31270000000000003,0.41200000000000003,0.48400000000000004,0.5728,0.596,0.6041000000000001,0.6341,0.7016,0.6546000000000001,0.6327,0.5886,0.38170000000000004
2025-01-31,Arel,Sen2Cor,S2B_MSIL2A_20250131T113319_N0511_R080_T28QCH_20250131T170258.SAFE,C:\Users\Simon\Nextcloud\Project\Mauritania\Science\Arguin - FieldWork Data Processing\Data\S2\Sen2Cor\S2B_MSIL2A_20250131T113319_N0511_R080_T28QCH_20250131T170258.zip,192,9879,4267,342675.0,2201245.0,0.31270000000000003,0.4116,0.4776,0.5776,0.596,0.6041000000000001,0.6341,0.6984,0.6546000000000001,0.6327,0.5886,0.38170000000000004
2025-01-31,Arel,Sen2Cor,S2B_MSIL2A_20250131T113319_N0511_R080_T28QCH_20250131T170258.SAFE,C:\Users\Simon\Nextcloud\Project\Mauritania\Science\Arguin - FieldWork Data Processing\Data\S2\Sen2Cor\S2B_MSIL2A_20250131T113319_N0511_R080_T28QCH_20250131T170258.zip,193,9879,4268,342685.0,2201245.0,0.3075,0.4068,0.46840000000000004,0.5668000000000001,0.5826,0.5949,0.6142000000000001,0.6952,0.6453,0.6327,0.5803,0.37820000000000004
2025-01-31,Arel,Sen2Cor,S2B_MSIL2A_20250131T113319_N0511_R080_T28QCH_20250131T170258.SAFE,C:\Users\Simon\Nextcloud\Project\Mauritania\Science\Arguin - FieldWork Data Processing\Data\S2\Sen2Cor\S2B_MSIL2A_20250131T113319_N0511_R080_T28QCH_20250131T170258.zip,194,9879,4269,342695.0,2201245.0,0.3075,0.3784,0.4496,0.542,0.5826,0.5949,0.6142000000000001,0.68,0.6453,0.6327,0.5803,0.37820000000000004
2025-01-31,Arel,Sen2Cor,S2B_MSIL2A_20250131T113319_N0511_R080_T28QCH_20250131T170258.SAFE,C:\Users\Simon\Nextcloud\Project\Mauritania\Science\Arguin - FieldWork Data Processing\Data\S2\Sen2Cor\S2B_MSIL2A_20250131T113319_N0511_R080_T28QCH_20250131T170258.zip,195,9879,4270,342705.0,2201245.0,0.3054,0.3748,0.4436,0.5372,0.5730000000000001,0.5862,0.6076,0.6656000000000001,0.6317,0.6327,0.5759000000000001,0.3845
2025-01-31,Arel,Sen2Cor,S2B_MSIL2A_20250131T113319_N0511_R080_T28QCH_20250131T170258.SAFE,C:\Users\Simon\Nextcloud\Project\Mauritania\Science\Arguin - FieldWork Data Processing\Data\S2\Sen2Cor\S2B_MSIL2A_20250131T113319_N0511_R080_T28QCH_20250131T170258.zip,196,9879,4271,342715.0,2201245.0,0.3054,0.38320000000000004,0.4576,0.5508000000000001,0.5730000000000001,0.5862,0.6076,0.6764,0.6317,0.6327,0.5759000000000001,0.3845
2025-01-31,Arel,Sen2Cor,S2B_MSIL2A_20250131T113319_N0511_R080_T28QCH_20250131T170258.SAFE,C:\Users\Simon\Nextcloud\Project\Mauritania\Science\Arguin - FieldWork Data Processing\Data\S2\Sen2Cor\S2B_MSIL2A_20250131T113319_N0511_R080_T28QCH_20250131T170258.zip,197,9879,4272,342725.0,2201245.0,0.3048,0.3936,0.46680000000000005,0.5604,0.5812,0.5935,0.6107,0.684,0.6417,0.6075,0.5727,0.3865
2025-01-31,Arel,Sen2Cor,S2B_MSIL2A_20250131T113319_N0511_R080_T28QCH_20250131T170258.SAFE,C:\Users\Simon\Nextcloud\Project\Mauritania\Science\Arguin - FieldWork Data Processing\Data\S2\Sen2Cor\S2B_MSIL2A_20250131T113319_N0511_R080_T28QCH_20250131T170258.zip,198,9879,4273,342735.0,2201245.0,0.3048,0.39,0.46040000000000003,0.5516,0.5812,0.5935,0.6107,0.6776,0.6417,0.6075,0.5727,0.3865
2025-01-31,Arel,Sen2Cor,S2B_MSIL2A_20250131T113319_N0511_R080_T28QCH_20250131T170258.SAFE,C:\Users\Simon\Nextcloud\Project\Mauritania\Science\Arguin - FieldWork Data Processing\Data\S2\Sen2Cor\S2B_MSIL2A_20250131T113319_N0511_R080_T28QCH_20250131T170258.zip,199,9879,4274,342745.0,2201245.0,0.2953,0.3708,0.44480000000000003,0.5308,0.5471,0.5602,0.5829,0.6572,0.6094,0.6075,0.5539000000000001,0.3668
2025-01-31,Arel,Sen2Cor,S2B_MSIL2A_20250131T113319_N0511_R080_T28QCH_20250131T170258.SAFE,C:\Users\Simon\Nextcloud\Project\Mauritania\Science\Arguin - FieldWork Data Processing\Data\S2\Sen2Cor\S2B_MSIL2A_20250131T113319_N0511_R080_T28QCH_20250131T170258.zip,200,9879,4275,342755.0,2201245.0,0.2953,0.37160000000000004,0.4224,0.5092,0.5471,0.5602,0.5829,0.6288,0.6094,0.6075,0.5539000000000001,0.3668
2025-01-31,Arel,Sen2Cor,S2B_MSIL2A_20250131T113319_N0511_R080_T28QCH_20250131T170258.SAFE,C:\Users\Simon\Nextcloud\Project\Mauritania\Science\Arguin - FieldWork Data Processing\Data\S2\Sen2Cor\S2B_MSIL2A_20250131T113319_N0511_R080_T28QCH_20250131T170258.zip,201,9879,4276,342765.0,2201245.0,0.272,0.3492,0.4096,0.4716,0.5097,0.5267000000000001,0.5493,0.5888,0.5743,0.6075,0.5244,0.32780000000000004
2025-01-31,Arel,Sen2Cor,S2B_MSIL2A_20250131T113319_N0511_R080_T28QCH_20250131T170258.SAFE,C:\Users\Simon\Nextcloud\Project\Mauritania\Science\Arguin - FieldWork Data Processing\Data\S2\Sen2Cor\S2B_MSIL2A_20250131T113319_N0511_R080_T28QCH_20250131T170258.zip,202,9879,4277,342775.0,2201245.0,0.272,0.3856,0.4228,0.4888,0.5097,0.5267000000000001,0.5493,0.62,0.5743,0.6075,0.5244,0.32780000000000004
2025-01-31,Arel,Sen2Cor,S2B_MSIL2A_20250131T113319_N0511_R080_T28QCH_20250131T170258.SAFE,C:\Users\Simon\Nextcloud\Project\Mauritania\Science\Arguin - FieldWork Data Processing\Data\S2\Sen2Cor\S2B_MSIL2A_20250131T113319_N0511_R080_T28QCH_20250131T170258.zip,203,9879,4278,342785.0,2201245.0,0.2411,0.3652,0.4516,0.5116,0.513,0.5244,0.5457000000000001,0.6452,0.5857,0.4763,0.5167,0.3179
2025-01-31,Arel,Sen2Cor,S2B_MSIL2A_20250131T113319_N0511_R080_T28QCH_20250131T170258.SAFE,C:\Users\Simon\Nextcloud\Project\Mauritania\Science\Arguin - FieldWork Data Processing\Data\S2\Sen2Cor\S2B_MSIL2A_20250131T113319_N0511_R080_T28QCH_20250131T170258.zip,204,9880,4246,342465.0,2201235.0,0.2521,0.38480000000000003,0.46880000000000005,0.5536,0.5931000000000001,0.6006,0.6112000000000001,0.6688000000000001,0.6234000000000001,0.4637,0.5505,0.397
2025-01-31,Arel,Sen2Cor,S2B_MSIL2A_20250131T113319_N0511_R080_T28QCH_20250131T170258.SAFE,C:\Users\Simon\Nextcloud\Project\Mauritania\Science\Arguin - FieldWork Data Processing\Data\S2\Sen2Cor\S2B_MSIL2A_20250131T113319_N0511_R080_T28QCH_20250131T170258.zip,205,9880,4247,342475.0,2201235.0,0.2521,0.40040000000000003,0.4824,0.5860000000000001,0.5931000000000001,0.6006,0.6112000000000001,0.6984,0.6234000000000001,0.4637,0.5505,0.397
2025-01-31,Arel,Sen2Cor,S2B_MSIL2A_20250131T113319_N0511_R080_T28QCH_20250131T170258.SAFE,C:\Users\Simon\Nextcloud\Project\Mauritania\Science\Arguin - FieldWork Data Processing\Data\S2\Sen2Cor\S2B_MSIL2A_20250131T113319_N0511_R080_T28QCH_20250131T170258.zip,206,9880,4248,342485.0,2201235.0,0.2943,0.4108,0.5044000000000001,0.6076,0.6336,0.6402,0.6466000000000001,0.7168,0.6614,0.6444000000000001,0.5854,0.4242
2025-01-31,Arel,Sen2Cor,S2B_MSIL2A_20250131T113319_N0511_R080_T28QCH_20250131T170258.SAFE,C:\Users\Simon\Nextcloud\Project\Mauritania\Science\Arguin - FieldWork Data Processing\Data\S2\Sen2Cor\S2B_MSIL2A_20250131T113319_N0511_R080_T28QCH_20250131T170258.zip,207,9880,4249,342495.0,2201235.0,0.2943,0.4344,0.522,0.6216,0.6336,0.6402,0.6466000000000001,0.7240000000000001,0.6614,0.6444000000000001,0.5854,0.4242
2025-01-31,Arel,Sen2Cor,S2B_MSIL2A_20250131T113319_N0511_R080_T28QCH_20250131T170258.SAFE,C:\Users\Simon\Nextcloud\Project\Mauritania\Science\Arguin - FieldWork Data Processing\Data\S2\Sen2Cor\S2B_MSIL2A_20250131T113319_N0511_R080_T28QCH_20250131T170258.zip,208,9880,4250,342505.0,2201235.0,0.3224,0.444,0.5216000000000001,0.6196,0.63,0.6349,0.6448,0.7176,0.6549,0.6444000000000001,0.5864,0.42100000000000004
2025-01-31,Arel,Sen2Cor,S2B_MSIL2A_20250131T113319_N0511_R080_T28QCH_20250131T170258.SAFE,C:\Users\Simon\Nextcloud\Project\Mauritania\Science\Arguin - FieldWork Data Processing\Data\S2\Sen2Cor\S2B_MSIL2A_20250131T113319_N0511_R080_T28QCH_20250131T170258.zip,209,9880,4251,342515.0,2201235.0,0.3224,0.4092,0.5052,0.6068,0.63,0.6349,0.6448,0.7104,0.6549,0.6444000000000001,0.5864,0.42100000000000004
2025-01-31,Arel,Sen2Cor,S2B_MSIL2A_20250131T113319_N0511_R080_T28QCH_20250131T170258.SAFE,C:\Users\Simon\Nextcloud\Project\Mauritania\Science\Arguin - FieldWork Data Processing\Data\S2\Sen2Cor\S2B_MSIL2A_20250131T113319_N0511_R080_T28QCH_20250131T170258.zip,210,9880,4252,342525.0,2201235.0,0.33440000000000003,0.4136,0.49400000000000005,0.5972000000000001,0.6217,0.6263000000000001,0.6368,0.6996,0.6564,0.6444000000000001,0.5925,0.42710000000000004
2025-01-31,Arel,Sen2Cor,S2B_MSIL2A_20250131T113319_N0511_R080_T28QCH_20250131T170258.SAFE,C:\Users\Simon\Nextcloud\Project\Mauritania\Science\Arguin - FieldWork Data Processing\Data\S2\Sen2Cor\S2B_MSIL2A_20250131T113319_N0511_R080_T28QCH_20250131T170258.zip,211,9880,4253,342535.0,2201235.0,0.33440000000000003,0.4152,0.5028,0.596,0.6217,0.6263000000000001,0.6368,0.7076,0.6564,0.6444000000000001,0.5925,0.42710000000000004
2025-01-31,Arel,Sen2Cor,S2B_MSIL2A_20250131T113319_N0511_R080_T28QCH_20250131T170258.SAFE,C:\Users\Simon\Nextcloud\Project\Mauritania\Science\Arguin - FieldWork Data Processing\Data\S2\Sen2Cor\S2B_MSIL2A_20250131T113319_N0511_R080_T28QCH_20250131T170258.zip,212,9880,4254,342545.0,2201235.0,0.337,0.4152,0.5052,0.6056,0.6293000000000001,0.6374000000000001,0.6509,0.7124,0.6636000000000001,0.6634,0.6011000000000001,0.4358
2025-01-31,Arel,Sen2Cor,S2B_MSIL2A_20250131T113319_N0511_R080_T28QCH_20250131T170258.SAFE,C:\Users\Simon\Nextcloud\Project\Mauritania\Science\Arguin - FieldWork Data Processing\Data\S2\Sen2Cor\S2B_MSIL2A_20250131T113319_N0511_R080_T28QCH_20250131T170258.zip,213,9880,4255,342555.0,2201235.0,0.337,0.42000000000000004,0.508,0.612,0.6293000000000001,0.6374000000000001,0.6509,0.7232000000000001,0.6636000000000001,0.6634,0.6011000000000001,0.4358
2025-01-31,Arel,Sen2Cor,S2B_MSIL2A_20250131T113319_N0511_R080_T28QCH_20250131T170258.SAFE,C:\Users\Simon\Nextcloud\Project\Mauritania\Science\Arguin - FieldWork Data Processing\Data\S2\Sen2Cor\S2B_MSIL2A_20250131T113319_N0511_R080_T28QCH_20250131T170258.zip,214,9880,4256,342565.0,2201235.0,0.3357,0.42760000000000004,0.5128,0.618,0.6321,0.6427,0.6579,0.7240000000000001,0.6614,0.6634,0.6022000000000001,0.43970000000000004
2025-01-31,Arel,Sen2Cor,S2B_MSIL2A_20250131T113319_N0511_R080_T28QCH_20250131T170258.SAFE,C:\Users\Simon\Nextcloud\Project\Mauritania\Science\Arguin - FieldWork Data Processing\Data\S2\Sen2Cor\S2B_MSIL2A_20250131T113319_N0511_R080_T28QCH_20250131T170258.zip,215,9880,4257,342575.0,2201235.0,0.3357,0.4344,0.518,0.6224000000000001,0.6321,0.6427,0.6579,0.7240000000000001,0.6614,0.6634,0.6022000000000001,0.43970000000000004
2025-01-31,Arel,Sen2Cor,S2B_MSIL2A_20250131T113319_N0511_R080_T28QCH_20250131T170258.SAFE,C:\Users\Simon\Nextcloud\Project\Mauritania\Science\Arguin - FieldWork Data Processing\Data\S2\Sen2Cor\S2B_MSIL2A_20250131T113319_N0511_R080_T28QCH_20250131T170258.zip,216,9880,4258,342585.0,2201235.0,0.3342,0.43720000000000003,0.5184,0.6256,0.6386000000000001,0.6426000000000001,0.6608,0.7312000000000001,0.6742,0.6634,0.6049,0.4343
2025-01-31,Arel,Sen2Cor,S2B_MSIL2A_20250131T113319_N0511_R080_T28QCH_20250131T170258.SAFE,C:\Users\Simon\Nextcloud\Project\Mauritania\Science\Arguin - FieldWork Data Processing\Data\S2\Sen2Cor\S2B_MSIL2A_20250131T113319_N0511_R080_T28QCH_20250131T170258.zip,217,9880,4259,342595.0,2201235.0,0.3342,0.4364,0.5288,0.6224000000000001,0.6386000000000001,0.6426000000000001,0.6608,0.7368,0.6742,0.6634,0.6049,0.4343
2025-01-31,Arel,Sen2Cor,S2B_MSIL2A_20250131T113319_N0511_R080_T28QCH_20250131T170258.SAFE,C:\Users\Simon\Nextcloud\Project\Mauritania\Science\Arguin - FieldWork Data Processing\Data\S2\Sen2Cor\S2B_MSIL2A_20250131T113319_N0511_R080_T28QCH_20250131T170258.zip,218,9880,4260,342605.0,2201235.0,0.3271,0.43160000000000004,0.5124000000000001,0.6148,0.6334000000000001,0.6392,0.652,0.728,0.6715,0.6583,0.5978,0.41850000000000004
2025-01-31,Arel,Sen2Cor,S2B_MSIL2A_20250131T113319_N0511_R080_T28QCH_20250131T170258.SAFE,C:\Users\Simon\Nextcloud\Project\Mauritania\Science\Arguin - FieldWork Data Processing\Data\S2\Sen2Cor\S2B_MSIL2A_20250131T113319_N0511_R080_T28QCH_20250131T170258.zip,219,9880,4261,342615.0,2201235.0,0.3271,0.43520000000000003,0.514,0.6168,0.6334000000000001,0.6392,0.652,0.7256,0.6715,0.6583,0.5978,0.41850000000000004
2025-01-31,Arel,Sen2Cor,S2B_MSIL2A_20250131T113319_N0511_R080_T28QCH_20250131T170258.SAFE,C:\Users\Simon\Nextcloud\Project\Mauritania\Science\Arguin - FieldWork Data Processing\Data\S2\Sen2Cor\S2B_MSIL2A_20250131T113319_N0511_R080_T28QCH_20250131T170258.zip,220,9880,4262,342625.0,2201235.0,0.3211,0.432,0.5064000000000001,0.6112000000000001,0.6106,0.6229,0.6377,0.7328,0.658,0.6583,0.5897,0.3955
2025-01-31,Arel,Sen2Cor,S2B_MSIL2A_20250131T113319_N0511_R080_T28QCH_20250131T170258.SAFE,C:\Users\Simon\Nextcloud\Project\Mauritania\Science\Arguin - FieldWork Data Processing\Data\S2\Sen2Cor\S2B_MSIL2A_20250131T113319_N0511_R080_T28QCH_20250131T170258.zip,221,9880,4263,342635.0,2201235.0,0.3211,0.4052,0.4928,0.5904,0.6106,0.6229,0.6377,0.7208,0.658,0.6583,0.5897,0.3955
2025-01-31,Arel,Sen2Cor,S2B_MSIL2A_20250131T113319_N0511_R080_T28QCH_20250131T170258.SAFE,C:\Users\Simon\Nextcloud\Project\Mauritania\Science\Arguin - FieldWork Data Processing\Data\S2\Sen2Cor\S2B_MSIL2A_20250131T113319_N0511_R080_T28QCH_20250131T170258.zip,222,9880,4264,342645.0,2201235.0,0.315,0.388,0.47440000000000004,0.5748,0.5896,0.5985,0.6159,0.7016,0.647,0.6583,0.5844,0.3704
2025-01-31,Arel,Sen2Cor,S2B_MSIL2A_20250131T113319_N0511_R080_T28QCH_20250131T170258.SAFE,C:\Users\Simon\Nextcloud\Project\Mauritania\Science\Arguin - FieldWork Data Processing\Data\S2\Sen2Cor\S2B_MSIL2A_20250131T113319_N0511_R080_T28QCH_20250131T170258.zip,223,9880,4265,342655.0,2201235.0,0.315,0.3952,0.4796,0.5672,0.5896,0.5985,0.6159,0.6960000000000001,0.647,0.6583,0.5844,0.3704
2025-01-31,Arel,Sen2Cor,S2B_MSIL2A_20250131T113319_N0511_R080_T28QCH_20250131T170258.SAFE,C:\Users\Simon\Nextcloud\Project\Mauritania\Science\Arguin - FieldWork Data Processing\Data\S2\Sen2Cor\S2B_MSIL2A_20250131T113319_N0511_R080_T28QCH_20250131T170258.zip,224,9880,4266,342665.0,2201235.0,0.30860000000000004,0.40080000000000005,0.4672,0.556,0.5783,0.5849,0.605,0.6960000000000001,0.6378,0.6327,0.5750000000000001,0.3537
2025-01-31,Arel,Sen2Cor,S2B_MSIL2A_20250131T113319_N0511_R080_T28QCH_20250131T170258.SAFE,C:\Users\Simon\Nextcloud\Project\Mauritania\Science\Arguin - FieldWork Data Processing\Data\S2\Sen2Cor\S2B_MSIL2A_20250131T113319_N0511_R080_T28QCH_20250131T170258.zip,225,9880,4267,342675.0,2201235.0,0.30860000000000004,0.398,0.4672,0.5576,0.5783,0.5849,0.605,0.6828000000000001,0.6378,0.6327,0.5750000000000001,0.3537
2025-01-31,Arel,Sen2Cor,S2B_MSIL2A_20250131T113319_N0511_R080_T28QCH_20250131T170258.SAFE,C:\Users\Simon\Nextcloud\Project\Mauritania\Science\Arguin - FieldWork Data Processing\Data\S2\Sen2Cor\S2B_MSIL2A_20250131T113319_N0511_R080_T28QCH_20250131T170258.zip,226,9880,4268,342685.0,2201235.0,0.30410000000000004,0.38720000000000004,0.45840000000000003,0.5484,0.549,0.5624,0.5784,0.6756,0.6151,0.6327,0.5654,0.3517
2025-01-31,Arel,Sen2Cor,S2B_MSIL2A_20250131T113319_N0511_R080_T28QCH_20250131T170258.SAFE,C:\Users\Simon\Nextcloud\Project\Mauritania\Science\Arguin - FieldWork Data Processing\Data\S2\Sen2Cor\S2B_MSIL2A_20250131T113319_N0511_R080_T28QCH_20250131T170258.zip,227,9880,4269,342695.0,2201235.0,0.30410000000000004,0.3608,0.4204,0.52,0.549,0.5624,0.5784,0.6504,0.6151,0.6327,0.5654,0.3517
2025-01-31,Arel,Sen2Cor,S2B_MSIL2A_20250131T113319_N0511_R080_T28QCH_20250131T170258.SAFE,C:\Users\Simon\Nextcloud\Project\Mauritania\Science\Arguin - FieldWork Data Processing\Data\S2\Sen2Cor\S2B_MSIL2A_20250131T113319_N0511_R080_T28QCH_20250131T170258.zip,228,9880,4270,342705.0,2201235.0,0.3047,0.3652,0.4408,0.5296000000000001,0.5505,0.5670000000000001,0.5879,0.6484,0.6141,0.6327,0.5688,0.377
2025-01-31,Arel,Sen2Cor,S2B_MSIL2A_20250131T113319_N0511_R080_T28QCH_20250131T170258.SAFE,C:\Users\Simon\Nextcloud\Project\Mauritania\Science\Arguin - FieldWork Data Processing\Data\S2\Sen2Cor\S2B_MSIL2A_20250131T113319_N0511_R080_T28QCH_20250131T170258.zip,229,9880,4271,342715.0,2201235.0,0.3047,0.37720000000000004,0.4596,0.5448000000000001,0.5505,0.5670000000000001,0.5879,0.6732,0.6141,0.6327,0.5688,0.377
2025-01-31,Arel,Sen2Cor,S2B_MSIL2A_20250131T113319_N0511_R080_T28QCH_20250131T170258.SAFE,C:\Users\Simon\Nextcloud\Project\Mauritania\Science\Arguin - FieldWork Data Processing\Data\S2\Sen2Cor\S2B_MSIL2A_20250131T113319_N0511_R080_T28QCH_20250131T170258.zip,230,9880,4272,342725.0,2201235.0,0.3083,0.386,0.4516,0.5444,0.559,0.5713,0.5873,0.6776,0.6253000000000001,0.6075,0.5676,0.37320000000000003
2025-01-31,Arel,Sen2Cor,S2B_MSIL2A_20250131T113319_N0511_R080_T28QCH_20250131T170258.SAFE,C:\Users\Simon\Nextcloud\Project\Mauritania\Science\Arguin - FieldWork Data Processing\Data\S2\Sen2Cor\S2B_MSIL2A_20250131T113319_N0511_R080_T28QCH_20250131T170258.zip,231,9880,4273,342735.0,2201235.0,0.3083,0.37320000000000003,0.4364,0.5324,0.559,0.5713,0.5873,0.66,0.6253000000000001,0.6075,0.5676,0.37320000000000003
2025-01-31,Arel,Sen2Cor,S2B_MSIL2A_20250131T113319_N0511_R080_T28QCH_20250131T170258.SAFE,C:\Users\Simon\Nextcloud\Project\Mauritania\Science\Arguin - FieldWork Data Processing\Data\S2\Sen2Cor\S2B_MSIL2A_20250131T113319_N0511_R080_T28QCH_20250131T170258.zip,232,9880,4274,342745.0,2201235.0,0.3014,0.37160000000000004,0.43320000000000003,0.5112,0.5354,0.5435,0.5722,0.6468,0.6076,0.6075,0.5484,0.3427
2025-01-31,Arel,Sen2Cor,S2B_MSIL2A_20250131T113319_N0511_R080_T28QCH_20250131T170258.SAFE,C:\Users\Simon\Nextcloud\Project\Mauritania\Science\Arguin - FieldWork Data Processing\Data\S2\Sen2Cor\S2B_MSIL2A_20250131T113319_N0511_R080_T28QCH_20250131T170258.zip,233,9880,4275,342755.0,2201235.0,0.3014,0.3924,0.4312,0.5052,0.5354,0.5435,0.5722,0.6388,0.6076,0.6075,0.5484,0.3427
2025-01-31,Arel,Sen2Cor,S2B_MSIL2A_20250131T113319_N0511_R080_T28QCH_20250131T170258.SAFE,C:\Users\Simon\Nextcloud\Project\Mauritania\Science\Arguin - FieldWork Data Processing\Data\S2\Sen2Cor\S2B_MSIL2A_20250131T113319_N0511_R080_T28QCH_20250131T170258.zip,234,9880,4276,342765.0,2201235.0,0.2818,0.3836,0.43720000000000003,0.5068,0.5352,0.5531,0.5783,0.6284000000000001,0.6065,0.6075,0.5476,0.3401
2025-01-31,Arel,Sen2Cor,S2B_MSIL2A_20250131T113319_N0511_R080_T28QCH_20250131T170258.SAFE,C:\Users\Simon\Nextcloud\Project\Mauritania\Science\Arguin - FieldWork Data Processing\Data\S2\Sen2Cor\S2B_MSIL2A_20250131T113319_N0511_R080_T28QCH_20250131T170258.zip,235,9880,4277,342775.0,2201235.0,0.2818,0.40080000000000005,0.44880000000000003,0.5244,0.5352,0.5531,0.5783,0.648,0.6065,0.6075,0.5476,0.3401
2025-01-31,Arel,Sen2Cor,S2B_MSIL2A_20250131T113319_N0511_R080_T28QCH_20250131T170258.SAFE,C:\Users\Simon\Nextcloud\Project\Mauritania\Science\Arguin - FieldWork Data Processing\Data\S2\Sen2Cor\S2B_MSIL2A_20250131T113319_N0511_R080_T28QCH_20250131T170258.zip,236,9880,4278,342785.0,2201235.0,0.2529,0.386,0.4484,0.5204,0.5402,0.5554,0.5721,0.6632,0.6033000000000001,0.4763,0.5446,0.3549
2025-01-31,Arel,Sen2Cor,S2B_MSIL2A_20250131T113319_N0511_R080_T28QCH_20250131T170258.SAFE,C:\Users\Simon\Nextcloud\Project\Mauritania\Science\Arguin - FieldWork Data Processing\Data\S2\Sen2Cor\S2B_MSIL2A_20250131T113319_N0511_R080_T28QCH_20250131T170258.zip,237,9880,4279,342795.0,2201235.0,0.2529,0.3796,0.44120000000000004,0.5184,0.5402,0.5554,0.5721,0.6528,0.6033000000000001,0.4763,0.5446,0.3549
2025-01-31,Arel,Sen2Cor,S2B_MSIL2A_20250131T113319_N0511_R080_T28QCH_20250131T170258.SAFE,C:\Users\Simon\Nextcloud\Project\Mauritania\Science\Arguin - FieldWork Data Processing\Data\S2\Sen2Cor\S2B_MSIL2A_20250131T113319_N0511_R080_T28QCH_20250131T170258.zip,238,9881,4246,342465.0,2201225.0,0.2521,0.3796,0.46,0.5568000000000001,0.5931000000000001,0.6006,0.6112000000000001,0.6572,0.6234000000000001,0.4637,0.5505,0.397
2025-01-31,Arel,Sen2Cor,S2B_MSIL2A_20250131T113319_N0511_R080_T28QCH_20250131T170258.SAFE,C:\Users\Simon\Nextcloud\Project\Mauritania\Science\Arguin - FieldWork Data Processing\Data\S2\Sen2Cor\S2B_MSIL2A_20250131T113319_N0511_R080_T28QCH_20250131T170258.zip,239,9881,4247,342475.0,2201225.0,0.2521,0.398,0.4852,0.5868,0.5931000000000001,0.6006,0.6112000000000001,0.6944,0.6234000000000001,0.4637,0.5505,0.397
2025-01-31,Arel,Sen2Cor,S2B_MSIL2A_20250131T113319_N0511_R080_T28QCH_20250131T170258.SAFE,C:\Users\Simon\Nextcloud\Project\Mauritania\Science\Arguin - FieldWork Data Processing\Data\S2\Sen2Cor\S2B_MSIL2A_20250131T113319_N0511_R080_T28QCH_20250131T170258.zip,240,9881,4248,342485.0,2201225.0,0.2943,0.4108,0.504,0.6024,0.6336,0.6402,0.6466000000000001,0.7132000000000001,0.6614,0.6444000000000001,0.5854,0.4242
2025-01-31,Arel,Sen2Cor,S2B_MSIL2A_20250131T113319_N0511_R080_T28QCH_20250131T170258.SAFE,C:\Users\Simon\Nextcloud\Project\Mauritania\Science\Arguin - FieldWork Data Processing\Data\S2\Sen2Cor\S2B_MSIL2A_20250131T113319_N0511_R080_T28QCH_20250131T170258.zip,241,9881,4249,342495.0,2201225.0,0.2943,0.42760000000000004,0.5112,0.6068,0.6336,0.6402,0.6466000000000001,0.7160000000000001,0.6614,0.6444000000000001,0.5854,0.4242
2025-01-31,Arel,Sen2Cor,S2B_MSIL2A_20250131T113319_N0511_R080_T28QCH_20250131T170258.SAFE,C:\Users\Simon\Nextcloud\Project\Mauritania\Science\Arguin - FieldWork Data Processing\Data\S2\Sen2Cor\S2B_MSIL2A_20250131T113319_N0511_R080_T28QCH_20250131T170258.zip,242,9881,4250,342505.0,2201225.0,0.3224,0.42360000000000003,0.5112,0.608,0.63,0.6349,0.6448,0.7100000000000001,0.6549,0.6444000000000001,0.5864,0.42100000000000004
2025-01-31,Arel,Sen2Cor,S2B_MSIL2A_20250131T113319_N0511_R080_T28QCH_20250131T170258.SAFE,C:\Users\Simon\Nextcloud\Project\Mauritania\Science\Arguin - FieldWork Data Processing\Data\S2\Sen2Cor\S2B_MSIL2A_20250131T113319_N0511_R080_T28QCH_20250131T170258.zip,243,9881,4251,342515.0,2201225.0,0.3224,0.4156,0.5008,0.5996,0.63,0.6349,0.6448,0.7064,0.6549,0.6444000000000001,0.5864,0.42100000000000004
2025-01-31,Arel,Sen2Cor,S2B_MSIL2A_20250131T113319_N0511_R080_T28QCH_20250131T170258.SAFE,C:\Users\Simon\Nextcloud\Project\Mauritania\Science\Arguin - FieldWork Data Processing\Data\S2\Sen2Cor\S2B_MSIL2A_20250131T113319_N0511_R080_T28QCH_20250131T170258.zip,244,9881,4252,342525.0,2201225.0,0.33440000000000003,0.41000000000000003,0.4912,0.5948,0.6217,0.6263000000000001,0.6368,0.7044,0.6564,0.6444000000000001,0.5925,0.42710000000000004
2025-01-31,Arel,Sen2Cor,S2B_MSIL2A_20250131T113319_N0511_R080_T28QCH_20250131T170258.SAFE,C:\Users\Simon\Nextcloud\Project\Mauritania\Science\Arguin - FieldWork Data Processing\Data\S2\Sen2Cor\S2B_MSIL2A_20250131T113319_N0511_R080_T28QCH_20250131T170258.zip,245,9881,4253,342535.0,2201225.0,0.33440000000000003,0.41240000000000004,0.49920000000000003,0.5972000000000001,0.6217,0.6263000000000001,0.6368,0.7076,0.6564,0.6444000000000001,0.5925,0.42710000000000004
2025-01-31,Arel,Sen2Cor,S2B_MSIL2A_20250131T113319_N0511_R080_T28QCH_20250131T170258.SAFE,C:\Users\Simon\Nextcloud\Project\Mauritania\Science\Arguin - FieldWork Data Processing\Data\S2\Sen2Cor\S2B_MSIL2A_20250131T113319_N0511_R080_T28QCH_20250131T170258.zip,246,9881,4254,342545.0,2201225.0,0.337,0.4212,0.508,0.6108,0.6293000000000001,0.6374000000000001,0.6509,0.7164,0.6636000000000001,0.6634,0.6011000000000001,0.4358
2025-01-31,Arel,Sen2Cor,S2B_MSIL2A_20250131T113319_N0511_R080_T28QCH_20250131T170258.SAFE,C:\Users\Simon\Nextcloud\Project\Mauritania\Science\Arguin - FieldWork Data Processing\Data\S2\Sen2Cor\S2B_MSIL2A_20250131T113319_N0511_R080_T28QCH_20250131T170258.zip,247,9881,4255,342555.0,2201225.0,0.337,0.4304,0.5176000000000001,0.618,0.6293000000000001,0.6374000000000001,0.6509,0.7256,0.6636000000000001,0.6634,0.6011000000000001,0.4358
2025-01-31,Arel,Sen2Cor,S2B_MSIL2A_20250131T113319_N0511_R080_T28QCH_20250131T170258.SAFE,C:\Users\Simon\Nextcloud\Project\Mauritania\Science\Arguin - FieldWork Data Processing\Data\S2\Sen2Cor\S2B_MSIL2A_20250131T113319_N0511_R080_T28QCH_20250131T170258.zip,248,9881,4256,342565.0,2201225.0,0.3357,0.4388,0.5196000000000001,0.6196,0.6321,0.6427,0.6579,0.7240000000000001,0.6614,0.6634,0.6022000000000001,0.43970000000000004
2025-01-31,Arel,Sen2Cor,S2B_MSIL2A_20250131T113319_N0511_R080_T28QCH_20250131T170258.SAFE,C:\Users\Simon\Nextcloud\Project\Mauritania\Science\Arguin - FieldWork Data Processing\Data\S2\Sen2Cor\S2B_MSIL2A_20250131T113319_N0511_R080_T28QCH_20250131T170258.zip,249,9881,4257,342575.0,2201225.0,0.3357,0.43360000000000004,0.5112,0.6136,0.6321,0.6427,0.6579,0.7200000000000001,0.6614,0.6634,0.6022000000000001,0.43970000000000004
2025-01-31,Arel,Sen2Cor,S2B_MSIL2A_20250131T113319_N0511_R080_T28QCH_20250131T170258.SAFE,C:\Users\Simon\Nextcloud\Project\Mauritania\Science\Arguin - FieldWork Data Processing\Data\S2\Sen2Cor\S2B_MSIL2A_20250131T113319_N0511_R080_T28QCH_20250131T170258.zip,250,9881,4258,342585.0,2201225.0,0.3342,0.4424,0.5192,0.6244000000000001,0.6386000000000001,0.6426000000000001,0.6608,0.7328,0.6742,0.6634,0.6049,0.4343
2025-01-31,Arel,Sen2Cor,S2B_MSIL2A_20250131T113319_N0511_R080_T28QCH_20250131T170258.SAFE,C:\Users\Simon\Nextcloud\Project\Mauritania\Science\Arguin - FieldWork Data Processing\Data\S2\Sen2Cor\S2B_MSIL2A_20250131T113319_N0511_R080_T28QCH_20250131T170258.zip,251,9881,4259,342595.0,2201225.0,0.3342,0.4496,0.5332,0.6268,0.6386000000000001,0.6426000000000001,0.6608,0.736,0.6742,0.6634,0.6049,0.4343
2025-01-31,Arel,Sen2Cor,S2B_MSIL2A_20250131T113319_N0511_R080_T28QCH_20250131T170258.SAFE,C:\Users\Simon\Nextcloud\Project\Mauritania\Science\Arguin - FieldWork Data Processing\Data\S2\Sen2Cor\S2B_MSIL2A_20250131T113319_N0511_R080_T28QCH_20250131T170258.zip,252,9881,4260,342605.0,2201225.0,0.3271,0.43560000000000004,0.5172,0.6124,0.6334000000000001,0.6392,0.652,0.7264,0.6715,0.6583,0.5978,0.41850000000000004
2025-01-31,Arel,Sen2Cor,S2B_MSIL2A_20250131T113319_N0511_R080_T28QCH_20250131T170258.SAFE,C:\Users\Simon\Nextcloud\Project\Mauritania\Science\Arguin - FieldWork Data Processing\Data\S2\Sen2Cor\S2B_MSIL2A_20250131T113319_N0511_R080_T28QCH_20250131T170258.zip,253,9881,4261,342615.0,2201225.0,0.3271,0.4328,0.5072,0.6088,0.6334000000000001,0.6392,0.652,0.7240000000000001,0.6715,0.6583,0.5978,0.41850000000000004
2025-01-31,Arel,Sen2Cor,S2B_MSIL2A_20250131T113319_N0511_R080_T28QCH_20250131T170258.SAFE,C:\Users\Simon\Nextcloud\Project\Mauritania\Science\Arguin - FieldWork Data Processing\Data\S2\Sen2Cor\S2B_MSIL2A_20250131T113319_N0511_R080_T28QCH_20250131T170258.zip,254,9881,4262,342625.0,2201225.0,0.3211,0.42560000000000003,0.5036,0.6048,0.6106,0.6229,0.6377,0.7232000000000001,0.658,0.6583,0.5897,0.3955
2025-01-31,Arel,Sen2Cor,S2B_MSIL2A_20250131T113319_N0511_R080_T28QCH_20250131T170258.SAFE,C:\Users\Simon\Nextcloud\Project\Mauritania\Science\Arguin - FieldWork Data Processing\Data\S2\Sen2Cor\S2B_MSIL2A_20250131T113319_N0511_R080_T28QCH_20250131T170258.zip,255,9881,4263,342635.0,2201225.0,0.3211,0.398,0.4832,0.5820000000000001,0.6106,0.6229,0.6377,0.7020000000000001,0.658,0.6583,0.5897,0.3955
2025-01-31,Arel,Sen2Cor,S2B_MSIL2A_20250131T113319_N0511_R080_T28QCH_20250131T170258.SAFE,C:\Users\Simon\Nextcloud\Project\Mauritania\Science\Arguin - FieldWork Data Processing\Data\S2\Sen2Cor\S2B_MSIL2A_20250131T113319_N0511_R080_T28QCH_20250131T170258.zip,256,9881,4264,342645.0,2201225.0,0.315,0.39840000000000003,0.47040000000000004,0.5680000000000001,0.5896,0.5985,0.6159,0.6924,0.647,0.6583,0.5844,0.3704
2025-01-31,Arel,Sen2Cor,S2B_MSIL2A_20250131T113319_N0511_R080_T28QCH_20250131T170258.SAFE,C:\Users\Simon\Nextcloud\Project\Mauritania\Science\Arguin - FieldWork Data Processing\Data\S2\Sen2Cor\S2B_MSIL2A_20250131T113319_N0511_R080_T28QCH_20250131T170258.zip,257,9881,4265,342655.0,2201225.0,0.315,0.39840000000000003,0.4732,0.5584,0.5896,0.5985,0.6159,0.6832,0.647,0.6583,0.5844,0.3704
2025-01-31,Arel,Sen2Cor,S2B_MSIL2A_20250131T113319_N0511_R080_T28QCH_20250131T170258.SAFE,C:\Users\Simon\Nextcloud\Project\Mauritania\Science\Arguin - FieldWork Data Processing\Data\S2\Sen2Cor\S2B_MSIL2A_20250131T113319_N0511_R080_T28QCH_20250131T170258.zip,258,9881,4266,342665.0,2201225.0,0.30860000000000004,0.3936,0.468,0.5548000000000001,0.5783,0.5849,0.605,0.68,0.6378,0.6327,0.5750000000000001,0.3537
2025-01-31,Arel,Sen2Cor,S2B_MSIL2A_20250131T113319_N0511_R080_T28QCH_20250131T170258.SAFE,C:\Users\Simon\Nextcloud\Project\Mauritania\Science\Arguin - FieldWork Data Processing\Data\S2\Sen2Cor\S2B_MSIL2A_20250131T113319_N0511_R080_T28QCH_20250131T170258.zip,259,9881,4267,342675.0,2201225.0,0.30860000000000004,0.3924,0.468,0.5524,0.5783,0.5849,0.605,0.6792,0.6378,0.6327,0.5750000000000001,0.3537
2025-01-31,Arel,Sen2Cor,S2B_MSIL2A_20250131T113319_N0511_R080_T28QCH_20250131T170258.SAFE,C:\Users\Simon\Nextcloud\Project\Mauritania\Science\Arguin - FieldWork Data Processing\Data\S2\Sen2Cor\S2B_MSIL2A_20250131T113319_N0511_R080_T28QCH_20250131T170258.zip,260,9881,4268,342685.0,2201225.0,0.30410000000000004,0.372,0.43760000000000004,0.5284,0.549,0.5624,0.5784,0.6564,0.6151,0.6327,0.5654,0.3517
2025-01-31,Arel,Sen2Cor,S2B_MSIL2A_20250131T113319_N0511_R080_T28QCH_20250131T170258.SAFE,C:\Users\Simon\Nextcloud\Project\Mauritania\Science\Arguin - FieldWork Data Processing\Data\S2\Sen2Cor\S2B_MSIL2A_20250131T113319_N0511_R080_T28QCH_20250131T170258.zip,261,9881,4269,342695.0,2201225.0,0.30410000000000004,0.36160000000000003,0.41960000000000003,0.5104000000000001,0.549,0.5624,0.5784,0.6388,0.6151,0.6327,0.5654,0.3517
2025-01-31,Arel,Sen2Cor,S2B_MSIL2A_20250131T113319_N0511_R080_T28QCH_20250131T170258.SAFE,C:\Users\Simon\Nextcloud\Project\Mauritania\Science\Arguin - FieldWork Data Processing\Data\S2\Sen2Cor\S2B_MSIL2A_20250131T113319_N0511_R080_T28QCH_20250131T170258.zip,262,9881,4270,342705.0,2201225.0,0.3047,0.3764,0.444,0.5296000000000001,0.5505,0.5670000000000001,0.5879,0.6556000000000001,0.6141,0.6327,0.5688,0.377
2025-01-31,Arel,Sen2Cor,S2B_MSIL2A_20250131T113319_N0511_R080_T28QCH_20250131T170258.SAFE,C:\Users\Simon\Nextcloud\Project\Mauritania\Science\Arguin - FieldWork Data Processing\Data\S2\Sen2Cor\S2B_MSIL2A_20250131T113319_N0511_R080_T28QCH_20250131T170258.zip,263,9881,4271,342715.0,2201225.0,0.3047,0.3728,0.4496,0.5412,0.5505,0.5670000000000001,0.5879,0.6764,0.6141,0.6327,0.5688,0.377
2025-01-31,Arel,Sen2Cor,S2B_MSIL2A_20250131T113319_N0511_R080_T28QCH_20250131T170258.SAFE,C:\Users\Simon\Nextcloud\Project\Mauritania\Science\Arguin - FieldWork Data Processing\Data\S2\Sen2Cor\S2B_MSIL2A_20250131T113319_N0511_R080_T28QCH_20250131T170258.zip,264,9881,4272,342725.0,2201225.0,0.3083,0.3664,0.43320000000000003,0.5264,0.559,0.5713,0.5873,0.6652,0.6253000000000001,0.6075,0.5676,0.37320000000000003
2025-01-31,Arel,Sen2Cor,S2B_MSIL2A_20250131T113319_N0511_R080_T28QCH_20250131T170258.SAFE,C:\Users\Simon\Nextcloud\Project\Mauritania\Science\Arguin - FieldWork Data Processing\Data\S2\Sen2Cor\S2B_MSIL2A_20250131T113319_N0511_R080_T28QCH_20250131T170258.zip,265,9881,4273,342735.0,2201225.0,0.3083,0.3608,0.41240000000000004,0.506,0.559,0.5713,0.5873,0.6388,0.6253000000000001,0.6075,0.5676,0.37320000000000003
2025-01-31,Arel,Sen2Cor,S2B_MSIL2A_20250131T113319_N0511_R080_T28QCH_20250131T170258.SAFE,C:\Users\Simon\Nextcloud\Project\Mauritania\Science\Arguin - FieldWork Data Processing\Data\S2\Sen2Cor\S2B_MSIL2A_20250131T113319_N0511_R080_T28QCH_20250131T170258.zip,266,9881,4274,342745.0,2201225.0,0.3014,0.3796,0.44880000000000003,0.5176000000000001,0.5354,0.5435,0.5722,0.6452,0.6076,0.6075,0.5484,0.3427
2025-01-31,Arel,Sen2Cor,S2B_MSIL2A_20250131T113319_N0511_R080_T28QCH_20250131T170258.SAFE,C:\Users\Simon\Nextcloud\Project\Mauritania\Science\Arguin - FieldWork Data Processing\Data\S2\Sen2Cor\S2B_MSIL2A_20250131T113319_N0511_R080_T28QCH_20250131T170258.zip,267,9881,4275,342755.0,2201225.0,0.3014,0.3912,0.452,0.5272,0.5354,0.5435,0.5722,0.65,0.6076,0.6075,0.5484,0.3427
2025-01-31,Arel,Sen2Cor,S2B_MSIL2A_20250131T113319_N0511_R080_T28QCH_20250131T170258.SAFE,C:\Users\Simon\Nextcloud\Project\Mauritania\Science\Arguin - FieldWork Data Processing\Data\S2\Sen2Cor\S2B_MSIL2A_20250131T113319_N0511_R080_T28QCH_20250131T170258.zip,268,9881,4276,342765.0,2201225.0,0.2818,0.3884,0.462,0.5292,0.5352,0.5531,0.5783,0.6668000000000001,0.6065,0.6075,0.5476,0.3401
2025-01-31,Arel,Sen2Cor,S2B_MSIL2A_20250131T113319_N0511_R080_T28QCH_20250131T170258.SAFE,C:\Users\Simon\Nextcloud\Project\Mauritania\Science\Arguin - FieldWork Data Processing\Data\S2\Sen2Cor\S2B_MSIL2A_20250131T113319_N0511_R080_T28QCH_20250131T170258.zip,269,9881,4277,342775.0,2201225.0,0.2818,0.3684,0.43320000000000003,0.516,0.5352,0.5531,0.5783,0.66,0.6065,0.6075,0.5476,0.3401
2025-01-31,Arel,Sen2Cor,S2B_MSIL2A_20250131T113319_N0511_R080_T28QCH_20250131T170258.SAFE,C:\Users\Simon\Nextcloud\Project\Mauritania\Science\Arguin - FieldWork Data Processing\Data\S2\Sen2Cor\S2B_MSIL2A_20250131T113319_N0511_R080_T28QCH_20250131T170258.zip,270,9881,4278,342785.0,2201225.0,0.2529,0.3608,0.4284,0.5104000000000001,0.5402,0.5554,0.5721,0.6512,0.6033000000000001,0.4763,0.5446,0.3549
2025-01-31,Arel,Sen2Cor,S2B_MSIL2A_20250131T113319_N0511_R080_T28QCH_20250131T170258.SAFE,C:\Users\Simon\Nextcloud\Project\Mauritania\Science\Arguin - FieldWork Data Processing\Data\S2\Sen2Cor\S2B_MSIL2A_20250131T113319_N0511_R080_T28QCH_20250131T170258.zip,271,9881,4279,342795.0,2201225.0,0.2529,0.3584,0.4252,0.5104000000000001,0.5402,0.5554,0.5721,0.6356,0.6033000000000001,0.4763,0.5446,0.3549
2025-01-31,Arel,Sen2Cor,S2B_MSIL2A_20250131T113319_N0511_R080_T28QCH_20250131T170258.SAFE,C:\Users\Simon\Nextcloud\Project\Mauritania\Science\Arguin - FieldWork Data Processing\Data\S2\Sen2Cor\S2B_MSIL2A_20250131T113319_N0511_R080_T28QCH_20250131T170258.zip,272,9882,4246,342465.0,2201215.0,0.2548,0.36960000000000004,0.452,0.5456,0.5725,0.5897,0.599,0.6572,0.6131,0.5053,0.5574,0.3961
2025-01-31,Arel,Sen2Cor,S2B_MSIL2A_20250131T113319_N0511_R080_T28QCH_20250131T170258.SAFE,C:\Users\Simon\Nextcloud\Project\Mauritania\Science\Arguin - FieldWork Data Processing\Data\S2\Sen2Cor\S2B_MSIL2A_20250131T113319_N0511_R080_T28QCH_20250131T170258.zip,273,9882,4247,342475.0,2201215.0,0.2548,0.3996,0.4776,0.5844,0.5725,0.5897,0.599,0.6964,0.6131,0.5053,0.5574,0.3961
2025-01-31,Arel,Sen2Cor,S2B_MSIL2A_20250131T113319_N0511_R080_T28QCH_20250131T170258.SAFE,C:\Users\Simon\Nextcloud\Project\Mauritania\Science\Arguin - FieldWork Data Processing\Data\S2\Sen2Cor\S2B_MSIL2A_20250131T113319_N0511_R080_T28QCH_20250131T170258.zip,274,9882,4248,342485.0,2201215.0,0.2923,0.404,0.4964,0.5932000000000001,0.6134000000000001,0.6234000000000001,0.6356,0.7072,0.6439,0.6369,0.5783,0.4219
2025-01-31,Arel,Sen2Cor,S2B_MSIL2A_20250131T113319_N0511_R080_T28QCH_20250131T170258.SAFE,C:\Users\Simon\Nextcloud\Project\Mauritania\Science\Arguin - FieldWork Data Processing\Data\S2\Sen2Cor\S2B_MSIL2A_20250131T113319_N0511_R080_T28QCH_20250131T170258.zip,275,9882,4249,342495.0,2201215.0,0.2923,0.4176,0.5008,0.6004,0.6134000000000001,0.6234000000000001,0.6356,0.7064,0.6439,0.6369,0.5783,0.4219
2025-01-31,Arel,Sen2Cor,S2B_MSIL2A_20250131T113319_N0511_R080_T28QCH_20250131T170258.SAFE,C:\Users\Simon\Nextcloud\Project\Mauritania\Science\Arguin - FieldWork Data Processing\Data\S2\Sen2Cor\S2B_MSIL2A_20250131T113319_N0511_R080_T28QCH_20250131T170258.zip,276,9882,4250,342505.0,2201215.0,0.3181,0.4268,0.5052,0.6024,0.6188,0.6222,0.6341,0.7040000000000001,0.6435000000000001,0.6369,0.5845,0.4193
2025-01-31,Arel,Sen2Cor,S2B_MSIL2A_20250131T113319_N0511_R080_T28QCH_20250131T170258.SAFE,C:\Users\Simon\Nextcloud\Project\Mauritania\Science\Arguin - FieldWork Data Processing\Data\S2\Sen2Cor\S2B_MSIL2A_20250131T113319_N0511_R080_T28QCH_20250131T170258.zip,277,9882,4251,342515.0,2201215.0,0.3181,0.4272,0.5072,0.6012000000000001,0.6188,0.6222,0.6341,0.7076,0.6435000000000001,0.6369,0.5845,0.4193
2025-01-31,Arel,Sen2Cor,S2B_MSIL2A_20250131T113319_N0511_R080_T28QCH_20250131T170258.SAFE,C:\Users\Simon\Nextcloud\Project\Mauritania\Science\Arguin - FieldWork Data Processing\Data\S2\Sen2Cor\S2B_MSIL2A_20250131T113319_N0511_R080_T28QCH_20250131T170258.zip,278,9882,4252,342525.0,2201215.0,0.32730000000000004,0.41400000000000003,0.49760000000000004,0.5992000000000001,0.6091,0.6197,0.6359,0.7032,0.6491,0.6369,0.5915,0.42110000000000003
2025-01-31,Arel,Sen2Cor,S2B_MSIL2A_20250131T113319_N0511_R080_T28QCH_20250131T170258.SAFE,C:\Users\Simon\Nextcloud\Project\Mauritania\Science\Arguin - FieldWork Data Processing\Data\S2\Sen2Cor\S2B_MSIL2A_20250131T113319_N0511_R080_T28QCH_20250131T170258.zip,279,9882,4253,342535.0,2201215.0,0.32730000000000004,0.4108,0.4848,0.5912000000000001,0.6091,0.6197,0.6359,0.6964,0.6491,0.6369,0.5915,0.42110000000000003
2025-01-31,Arel,Sen2Cor,S2B_MSIL2A_20250131T113319_N0511_R080_T28QCH_20250131T170258.SAFE,C:\Users\Simon\Nextcloud\Project\Mauritania\Science\Arguin - FieldWork Data Processing\Data\S2\Sen2Cor\S2B_MSIL2A_20250131T113319_N0511_R080_T28QCH_20250131T170258.zip,280,9882,4254,342545.0,2201215.0,0.3272,0.42000000000000004,0.498,0.6064,0.6283000000000001,0.6346,0.6451,0.7120000000000001,0.6594,0.6409,0.6022000000000001,0.4335
2025-01-31,Arel,Sen2Cor,S2B_MSIL2A_20250131T113319_N0511_R080_T28QCH_20250131T170258.SAFE,C:\Users\Simon\Nextcloud\Project\Mauritania\Science\Arguin - FieldWork Data Processing\Data\S2\Sen2Cor\S2B_MSIL2A_20250131T113319_N0511_R080_T28QCH_20250131T170258.zip,281,9882,4255,342555.0,2201215.0,0.3272,0.4328,0.5172,0.6224000000000001,0.6283000000000001,0.6346,0.6451,0.7264,0.6594,0.6409,0.6022000000000001,0.4335
2025-01-31,Arel,Sen2Cor,S2B_MSIL2A_20250131T113319_N0511_R080_T28QCH_20250131T170258.SAFE,C:\Users\Simon\Nextcloud\Project\Mauritania\Science\Arguin - FieldWork Data Processing\Data\S2\Sen2Cor\S2B_MSIL2A_20250131T113319_N0511_R080_T28QCH_20250131T170258.zip,282,9882,4256,342565.0,2201215.0,0.3267,0.43760000000000004,0.522,0.6176,0.6275000000000001,0.6341,0.6462,0.7240000000000001,0.6669,0.6409,0.6064,0.4358
2025-01-31,Arel,Sen2Cor,S2B_MSIL2A_20250131T113319_N0511_R080_T28QCH_20250131T170258.SAFE,C:\Users\Simon\Nextcloud\Project\Mauritania\Science\Arguin - FieldWork Data Processing\Data\S2\Sen2Cor\S2B_MSIL2A_20250131T113319_N0511_R080_T28QCH_20250131T170258.zip,283,9882,4257,342575.0,2201215.0,0.3267,0.43560000000000004,0.5124000000000001,0.612,0.6275000000000001,0.6341,0.6462,0.7200000000000001,0.6669,0.6409,0.6064,0.4358
2025-01-31,Arel,Sen2Cor,S2B_MSIL2A_20250131T113319_N0511_R080_T28QCH_20250131T170258.SAFE,C:\Users\Simon\Nextcloud\Project\Mauritania\Science\Arguin - FieldWork Data Processing\Data\S2\Sen2Cor\S2B_MSIL2A_20250131T113319_N0511_R080_T28QCH_20250131T170258.zip,284,9882,4258,342585.0,2201215.0,0.3239,0.4328,0.5148,0.6168,0.6126,0.6215,0.6393,0.7256,0.6523,0.6409,0.6006,0.42560000000000003
2025-01-31,Arel,Sen2Cor,S2B_MSIL2A_20250131T113319_N0511_R080_T28QCH_20250131T170258.SAFE,C:\Users\Simon\Nextcloud\Project\Mauritania\Science\Arguin - FieldWork Data Processing\Data\S2\Sen2Cor\S2B_MSIL2A_20250131T113319_N0511_R080_T28QCH_20250131T170258.zip,285,9882,4259,342595.0,2201215.0,0.3239,0.444,0.5216000000000001,0.6168,0.6126,0.6215,0.6393,0.7328,0.6523,0.6409,0.6006,0.42560000000000003
2025-01-31,Arel,Sen2Cor,S2B_MSIL2A_20250131T113319_N0511_R080_T28QCH_20250131T170258.SAFE,C:\Users\Simon\Nextcloud\Project\Mauritania\Science\Arguin - FieldWork Data Processing\Data\S2\Sen2Cor\S2B_MSIL2A_20250131T113319_N0511_R080_T28QCH_20250131T170258.zip,286,9882,4260,342605.0,2201215.0,0.3191,0.43560000000000004,0.516,0.6136,0.6245,0.6297,0.6437,0.7304,0.6634,0.63,0.5945,0.4122
2025-01-31,Arel,Sen2Cor,S2B_MSIL2A_20250131T113319_N0511_R080_T28QCH_20250131T170258.SAFE,C:\Users\Simon\Nextcloud\Project\Mauritania\Science\Arguin - FieldWork Data Processing\Data\S2\Sen2Cor\S2B_MSIL2A_20250131T113319_N0511_R080_T28QCH_20250131T170258.zip,287,9882,4261,342615.0,2201215.0,0.3191,0.42760000000000004,0.5088,0.6144000000000001,0.6245,0.6297,0.6437,0.7256,0.6634,0.63,0.5945,0.4122
2025-01-31,Arel,Sen2Cor,S2B_MSIL2A_20250131T113319_N0511_R080_T28QCH_20250131T170258.SAFE,C:\Users\Simon\Nextcloud\Project\Mauritania\Science\Arguin - FieldWork Data Processing\Data\S2\Sen2Cor\S2B_MSIL2A_20250131T113319_N0511_R080_T28QCH_20250131T170258.zip,288,9882,4262,342625.0,2201215.0,0.3139,0.4244,0.5,0.5992000000000001,0.5978,0.615,0.6333000000000001,0.7184,0.6513,0.63,0.5870000000000001,0.39130000000000004
2025-01-31,Arel,Sen2Cor,S2B_MSIL2A_20250131T113319_N0511_R080_T28QCH_20250131T170258.SAFE,C:\Users\Simon\Nextcloud\Project\Mauritania\Science\Arguin - FieldWork Data Processing\Data\S2\Sen2Cor\S2B_MSIL2A_20250131T113319_N0511_R080_T28QCH_20250131T170258.zip,289,9882,4263,342635.0,2201215.0,0.3139,0.4016,0.4832,0.5796,0.5978,0.615,0.6333000000000001,0.6968000000000001,0.6513,0.63,0.5870000000000001,0.39130000000000004
2025-01-31,Arel,Sen2Cor,S2B_MSIL2A_20250131T113319_N0511_R080_T28QCH_20250131T170258.SAFE,C:\Users\Simon\Nextcloud\Project\Mauritania\Science\Arguin - FieldWork Data Processing\Data\S2\Sen2Cor\S2B_MSIL2A_20250131T113319_N0511_R080_T28QCH_20250131T170258.zip,290,9882,4264,342645.0,2201215.0,0.3085,0.40280000000000005,0.47200000000000003,0.5664,0.5716,0.5798,0.6068,0.6924,0.6391,0.63,0.5809000000000001,0.36510000000000004
2025-01-31,Arel,Sen2Cor,S2B_MSIL2A_20250131T113319_N0511_R080_T28QCH_20250131T170258.SAFE,C:\Users\Simon\Nextcloud\Project\Mauritania\Science\Arguin - FieldWork Data Processing\Data\S2\Sen2Cor\S2B_MSIL2A_20250131T113319_N0511_R080_T28QCH_20250131T170258.zip,291,9882,4265,342655.0,2201215.0,0.3085,0.4052,0.46680000000000005,0.5568000000000001,0.5716,0.5798,0.6068,0.684,0.6391,0.63,0.5809000000000001,0.36510000000000004
2025-01-31,Arel,Sen2Cor,S2B_MSIL2A_20250131T113319_N0511_R080_T28QCH_20250131T170258.SAFE,C:\Users\Simon\Nextcloud\Project\Mauritania\Science\Arguin - FieldWork Data Processing\Data\S2\Sen2Cor\S2B_MSIL2A_20250131T113319_N0511_R080_T28QCH_20250131T170258.zip,292,9882,4266,342665.0,2201215.0,0.3028,0.3924,0.4696,0.5536,0.5483,0.5598000000000001,0.5868,0.6712,0.6173000000000001,0.5987,0.5672,0.3451
2025-01-31,Arel,Sen2Cor,S2B_MSIL2A_20250131T113319_N0511_R080_T28QCH_20250131T170258.SAFE,C:\Users\Simon\Nextcloud\Project\Mauritania\Science\Arguin - FieldWork Data Processing\Data\S2\Sen2Cor\S2B_MSIL2A_20250131T113319_N0511_R080_T28QCH_20250131T170258.zip,293,9882,4267,342675.0,2201215.0,0.3028,0.40840000000000004,0.46840000000000004,0.5444,0.5483,0.5598000000000001,0.5868,0.668,0.6173000000000001,0.5987,0.5672,0.3451
2025-01-31,Arel,Sen2Cor,S2B_MSIL2A_20250131T113319_N0511_R080_T28QCH_20250131T170258.SAFE,C:\Users\Simon\Nextcloud\Project\Mauritania\Science\Arguin - FieldWork Data Processing\Data\S2\Sen2Cor\S2B_MSIL2A_20250131T113319_N0511_R080_T28QCH_20250131T170258.zip,294,9882,4268,342685.0,2201215.0,0.298,0.3684,0.4284,0.5136000000000001,0.5233,0.5439,0.5633,0.6388,0.6,0.5987,0.5617,0.3483
2025-01-31,Arel,Sen2Cor,S2B_MSIL2A_20250131T113319_N0511_R080_T28QCH_20250131T170258.SAFE,C:\Users\Simon\Nextcloud\Project\Mauritania\Science\Arguin - FieldWork Data Processing\Data\S2\Sen2Cor\S2B_MSIL2A_20250131T113319_N0511_R080_T28QCH_20250131T170258.zip,295,9882,4269,342695.0,2201215.0,0.298,0.3432,0.406,0.49200000000000005,0.5233,0.5439,0.5633,0.618,0.6,0.5987,0.5617,0.3483
2025-01-31,Arel,Sen2Cor,S2B_MSIL2A_20250131T113319_N0511_R080_T28QCH_20250131T170258.SAFE,C:\Users\Simon\Nextcloud\Project\Mauritania\Science\Arguin - FieldWork Data Processing\Data\S2\Sen2Cor\S2B_MSIL2A_20250131T113319_N0511_R080_T28QCH_20250131T170258.zip,296,9882,4270,342705.0,2201215.0,0.30010000000000003,0.3572,0.4224,0.5184,0.5315,0.5467000000000001,0.5811000000000001,0.6408,0.6098,0.5987,0.5662,0.36920000000000003
2025-01-31,Arel,Sen2Cor,S2B_MSIL2A_20250131T113319_N0511_R080_T28QCH_20250131T170258.SAFE,C:\Users\Simon\Nextcloud\Project\Mauritania\Science\Arguin - FieldWork Data Processing\Data\S2\Sen2Cor\S2B_MSIL2A_20250131T113319_N0511_R080_T28QCH_20250131T170258.zip,297,9882,4271,342715.0,2201215.0,0.30010000000000003,0.36760000000000004,0.43760000000000004,0.54,0.5315,0.5467000000000001,0.5811000000000001,0.6636000000000001,0.6098,0.5987,0.5662,0.36920000000000003
2025-01-31,Arel,Sen2Cor,S2B_MSIL2A_20250131T113319_N0511_R080_T28QCH_20250131T170258.SAFE,C:\Users\Simon\Nextcloud\Project\Mauritania\Science\Arguin - FieldWork Data Processing\Data\S2\Sen2Cor\S2B_MSIL2A_20250131T113319_N0511_R080_T28QCH_20250131T170258.zip,298,9882,4272,342725.0,2201215.0,0.3058,0.3552,0.4344,0.52,0.5381,0.5481,0.5676,0.6488,0.6129,0.6028,0.5637,0.35050000000000003
2025-01-31,Arel,Sen2Cor,S2B_MSIL2A_20250131T113319_N0511_R080_T28QCH_20250131T170258.SAFE,C:\Users\Simon\Nextcloud\Project\Mauritania\Science\Arguin - FieldWork Data Processing\Data\S2\Sen2Cor\S2B_MSIL2A_20250131T113319_N0511_R080_T28QCH_20250131T170258.zip,299,9882,4273,342735.0,2201215.0,0.3058,0.38480000000000003,0.434,0.5216000000000001,0.5381,0.5481,0.5676,0.644,0.6129,0.6028,0.5637,0.35050000000000003
2025-01-31,Arel,Sen2Cor,S2B_MSIL2A_20250131T113319_N0511_R080_T28QCH_20250131T170258.SAFE,C:\Users\Simon\Nextcloud\Project\Mauritania\Science\Arguin - FieldWork Data Processing\Data\S2\Sen2Cor\S2B_MSIL2A_20250131T113319_N0511_R080_T28QCH_20250131T170258.zip,300,9882,4274,342745.0,2201215.0,0.3008,0.3896,0.456,0.5332,0.5352,0.5549000000000001,0.5818,0.6608,0.6108,0.6028,0.5527000000000001,0.3367
2025-01-31,Arel,Sen2Cor,S2B_MSIL2A_20250131T113319_N0511_R080_T28QCH_20250131T170258.SAFE,C:\Users\Simon\Nextcloud\Project\Mauritania\Science\Arguin - FieldWork Data Processing\Data\S2\Sen2Cor\S2B_MSIL2A_20250131T113319_N0511_R080_T28QCH_20250131T170258.zip,301,9882,4275,342755.0,2201215.0,0.3008,0.376,0.4344,0.5204,0.5352,0.5549000000000001,0.5818,0.6556000000000001,0.6108,0.6028,0.5527000000000001,0.3367
2025-01-31,Arel,Sen2Cor,S2B_MSIL2A_20250131T113319_N0511_R080_T28QCH_20250131T170258.SAFE,C:\Users\Simon\Nextcloud\Project\Mauritania\Science\Arguin - FieldWork Data Processing\Data\S2\Sen2Cor\S2B_MSIL2A_20250131T113319_N0511_R080_T28QCH_20250131T170258.zip,302,9882,4276,342765.0,2201215.0,0.28250000000000003,0.3708,0.43920000000000003,0.5148,0.5406000000000001,0.557,0.5806,0.6608,0.6104,0.6028,0.5513,0.3529
2025-01-31,Arel,Sen2Cor,S2B_MSIL2A_20250131T113319_N0511_R080_T28QCH_20250131T170258.SAFE,C:\Users\Simon\Nextcloud\Project\Mauritania\Science\Arguin - FieldWork Data Processing\Data\S2\Sen2Cor\S2B_MSIL2A_20250131T113319_N0511_R080_T28QCH_20250131T170258.zip,303,9882,4277,342775.0,2201215.0,0.28250000000000003,0.3668,0.41800000000000004,0.504,0.5406000000000001,0.557,0.5806,0.6488,0.6104,0.6028,0.5513,0.3529
2025-01-31,Arel,Sen2Cor,S2B_MSIL2A_20250131T113319_N0511_R080_T28QCH_20250131T170258.SAFE,C:\Users\Simon\Nextcloud\Project\Mauritania\Science\Arguin - FieldWork Data Processing\Data\S2\Sen2Cor\S2B_MSIL2A_20250131T113319_N0511_R080_T28QCH_20250131T170258.zip,304,9882,4278,342785.0,2201215.0,0.256,0.36160000000000003,0.42760000000000004,0.5104000000000001,0.5229,0.5418000000000001,0.5637,0.6424000000000001,0.5858,0.48550000000000004,0.5431,0.364
2025-01-31,Arel,Sen2Cor,S2B_MSIL2A_20250131T113319_N0511_R080_T28QCH_20250131T170258.SAFE,C:\Users\Simon\Nextcloud\Project\Mauritania\Science\Arguin - FieldWork Data Processing\Data\S2\Sen2Cor\S2B_MSIL2A_20250131T113319_N0511_R080_T28QCH_20250131T170258.zip,305,9882,4279,342795.0,2201215.0,0.256,0.3588,0.4108,0.49200000000000005,0.5229,0.5418000000000001,0.5637,0.6212,0.5858,0.48550000000000004,0.5431,0.364
2025-01-31,Arel,Sen2Cor,S2B_MSIL2A_20250131T113319_N0511_R080_T28QCH_20250131T170258.SAFE,C:\Users\Simon\Nextcloud\Project\Mauritania\Science\Arguin - FieldWork Data Processing\Data\S2\Sen2Cor\S2B_MSIL2A_20250131T113319_N0511_R080_T28QCH_20250131T170258.zip,306,9883,4246,342465.0,2201205.0,0.2548,0.3496,0.4248,0.5244,0.5725,0.5897,0.599,0.646,0.6131,0.5053,0.5574,0.3961
2025-01-31,Arel,Sen2Cor,S2B_MSIL2A_20250131T113319_N0511_R080_T28QCH_20250131T170258.SAFE,C:\Users\Simon\Nextcloud\Project\Mauritania\Science\Arguin - FieldWork Data Processing\Data\S2\Sen2Cor\S2B_MSIL2A_20250131T113319_N0511_R080_T28QCH_20250131T170258.zip,307,9883,4247,342475.0,2201205.0,0.2548,0.3952,0.47840000000000005,0.5804,0.5725,0.5897,0.599,0.6900000000000001,0.6131,0.5053,0.5574,0.3961
2025-01-31,Arel,Sen2Cor,S2B_MSIL2A_20250131T113319_N0511_R080_T28QCH_20250131T170258.SAFE,C:\Users\Simon\Nextcloud\Project\Mauritania\Science\Arguin - FieldWork Data Processing\Data\S2\Sen2Cor\S2B_MSIL2A_20250131T113319_N0511_R080_T28QCH_20250131T170258.zip,308,9883,4248,342485.0,2201205.0,0.2923,0.406,0.49160000000000004,0.5844,0.6134000000000001,0.6234000000000001,0.6356,0.6960000000000001,0.6439,0.6369,0.5783,0.4219
2025-01-31,Arel,Sen2Cor,S2B_MSIL2A_20250131T113319_N0511_R080_T28QCH_20250131T170258.SAFE,C:\Users\Simon\Nextcloud\Project\Mauritania\Science\Arguin - FieldWork Data Processing\Data\S2\Sen2Cor\S2B_MSIL2A_20250131T113319_N0511_R080_T28QCH_20250131T170258.zip,309,9883,4249,342495.0,2201205.0,0.2923,0.4112,0.4912,0.5912000000000001,0.6134000000000001,0.6234000000000001,0.6356,0.6920000000000001,0.6439,0.6369,0.5783,0.4219
2025-01-31,Arel,Sen2Cor,S2B_MSIL2A_20250131T113319_N0511_R080_T28QCH_20250131T170258.SAFE,C:\Users\Simon\Nextcloud\Project\Mauritania\Science\Arguin - FieldWork Data Processing\Data\S2\Sen2Cor\S2B_MSIL2A_20250131T113319_N0511_R080_T28QCH_20250131T170258.zip,310,9883,4250,342505.0,2201205.0,0.3181,0.4264,0.5004000000000001,0.6036,0.6188,0.6222,0.6341,0.6960000000000001,0.6435000000000001,0.6369,0.5845,0.4193
2025-01-31,Arel,Sen2Cor,S2B_MSIL2A_20250131T113319_N0511_R080_T28QCH_20250131T170258.SAFE,C:\Users\Simon\Nextcloud\Project\Mauritania\Science\Arguin - FieldWork Data Processing\Data\S2\Sen2Cor\S2B_MSIL2A_20250131T113319_N0511_R080_T28QCH_20250131T170258.zip,311,9883,4251,342515.0,2201205.0,0.3181,0.4212,0.5,0.6012000000000001,0.6188,0.6222,0.6341,0.6996,0.6435000000000001,0.6369,0.5845,0.4193
2025-01-31,Arel,Sen2Cor,S2B_MSIL2A_20250131T113319_N0511_R080_T28QCH_20250131T170258.SAFE,C:\Users\Simon\Nextcloud\Project\Mauritania\Science\Arguin - FieldWork Data Processing\Data\S2\Sen2Cor\S2B_MSIL2A_20250131T113319_N0511_R080_T28QCH_20250131T170258.zip,312,9883,4252,342525.0,2201205.0,0.32730000000000004,0.40080000000000005,0.4884,0.5856,0.6091,0.6197,0.6359,0.6932,0.6491,0.6369,0.5915,0.42110000000000003
2025-01-31,Arel,Sen2Cor,S2B_MSIL2A_20250131T113319_N0511_R080_T28QCH_20250131T170258.SAFE,C:\Users\Simon\Nextcloud\Project\Mauritania\Science\Arguin - FieldWork Data Processing\Data\S2\Sen2Cor\S2B_MSIL2A_20250131T113319_N0511_R080_T28QCH_20250131T170258.zip,313,9883,4253,342535.0,2201205.0,0.32730000000000004,0.4048,0.4796,0.5888,0.6091,0.6197,0.6359,0.6948000000000001,0.6491,0.6369,0.5915,0.42110000000000003
2025-01-31,Arel,Sen2Cor,S2B_MSIL2A_20250131T113319_N0511_R080_T28QCH_20250131T170258.SAFE,C:\Users\Simon\Nextcloud\Project\Mauritania\Science\Arguin - FieldWork Data Processing\Data\S2\Sen2Cor\S2B_MSIL2A_20250131T113319_N0511_R080_T28QCH_20250131T170258.zip,314,9883,4254,342545.0,2201205.0,0.3272,0.4156,0.49560000000000004,0.6064,0.6283000000000001,0.6346,0.6451,0.7152000000000001,0.6594,0.6409,0.6022000000000001,0.4335
2025-01-31,Arel,Sen2Cor,S2B_MSIL2A_20250131T113319_N0511_R080_T28QCH_20250131T170258.SAFE,C:\Users\Simon\Nextcloud\Project\Mauritania\Science\Arguin - FieldWork Data Processing\Data\S2\Sen2Cor\S2B_MSIL2A_20250131T113319_N0511_R080_T28QCH_20250131T170258.zip,315,9883,4255,342555.0,2201205.0,0.3272,0.4284,0.5084000000000001,0.61,0.6283000000000001,0.6346,0.6451,0.7184,0.6594,0.6409,0.6022000000000001,0.4335
2025-01-31,Arel,Sen2Cor,S2B_MSIL2A_20250131T113319_N0511_R080_T28QCH_20250131T170258.SAFE,C:\Users\Simon\Nextcloud\Project\Mauritania\Science\Arguin - FieldWork Data Processing\Data\S2\Sen2Cor\S2B_MSIL2A_20250131T113319_N0511_R080_T28QCH_20250131T170258.zip,316,9883,4256,342565.0,2201205.0,0.3267,0.4384,0.5116,0.6124,0.6275000000000001,0.6341,0.6462,0.7176,0.6669,0.6409,0.6064,0.4358
2025-01-31,Arel,Sen2Cor,S2B_MSIL2A_20250131T113319_N0511_R080_T28QCH_20250131T170258.SAFE,C:\Users\Simon\Nextcloud\Project\Mauritania\Science\Arguin - FieldWork Data Processing\Data\S2\Sen2Cor\S2B_MSIL2A_20250131T113319_N0511_R080_T28QCH_20250131T170258.zip,317,9883,4257,342575.0,2201205.0,0.3267,0.438,0.506,0.6092000000000001,0.6275000000000001,0.6341,0.6462,0.7160000000000001,0.6669,0.6409,0.6064,0.4358
2025-01-31,Arel,Sen2Cor,S2B_MSIL2A_20250131T113319_N0511_R080_T28QCH_20250131T170258.SAFE,C:\Users\Simon\Nextcloud\Project\Mauritania\Science\Arguin - FieldWork Data Processing\Data\S2\Sen2Cor\S2B_MSIL2A_20250131T113319_N0511_R080_T28QCH_20250131T170258.zip,318,9883,4258,342585.0,2201205.0,0.3239,0.41400000000000003,0.4812,0.5864,0.6126,0.6215,0.6393,0.7052,0.6523,0.6409,0.6006,0.42560000000000003
2025-01-31,Arel,Sen2Cor,S2B_MSIL2A_20250131T113319_N0511_R080_T28QCH_20250131T170258.SAFE,C:\Users\Simon\Nextcloud\Project\Mauritania\Science\Arguin - FieldWork Data Processing\Data\S2\Sen2Cor\S2B_MSIL2A_20250131T113319_N0511_R080_T28QCH_20250131T170258.zip,319,9883,4259,342595.0,2201205.0,0.3239,0.41400000000000003,0.4872,0.5848,0.6126,0.6215,0.6393,0.7052,0.6523,0.6409,0.6006,0.42560000000000003
2025-01-31,Arel,Sen2Cor,S2B_MSIL2A_20250131T113319_N0511_R080_T28QCH_20250131T170258.SAFE,C:\Users\Simon\Nextcloud\Project\Mauritania\Science\Arguin - FieldWork Data Processing\Data\S2\Sen2Cor\S2B_MSIL2A_20250131T113319_N0511_R080_T28QCH_20250131T170258.zip,320,9883,4260,342605.0,2201205.0,0.3191,0.43360000000000004,0.5084000000000001,0.6092000000000001,0.6245,0.6297,0.6437,0.7208,0.6634,0.63,0.5945,0.4122
2025-01-31,Arel,Sen2Cor,S2B_MSIL2A_20250131T113319_N0511_R080_T28QCH_20250131T170258.SAFE,C:\Users\Simon\Nextcloud\Project\Mauritania\Science\Arguin - FieldWork Data Processing\Data\S2\Sen2Cor\S2B_MSIL2A_20250131T113319_N0511_R080_T28QCH_20250131T170258.zip,321,9883,4261,342615.0,2201205.0,0.3191,0.436,0.5112,0.608,0.6245,0.6297,0.6437,0.7256,0.6634,0.63,0.5945,0.4122
2025-01-31,Arel,Sen2Cor,S2B_MSIL2A_20250131T113319_N0511_R080_T28QCH_20250131T170258.SAFE,C:\Users\Simon\Nextcloud\Project\Mauritania\Science\Arguin - FieldWork Data Processing\Data\S2\Sen2Cor\S2B_MSIL2A_20250131T113319_N0511_R080_T28QCH_20250131T170258.zip,322,9883,4262,342625.0,2201205.0,0.3139,0.42200000000000004,0.49520000000000003,0.5968,0.5978,0.615,0.6333000000000001,0.7120000000000001,0.6513,0.63,0.5870000000000001,0.39130000000000004
2025-01-31,Arel,Sen2Cor,S2B_MSIL2A_20250131T113319_N0511_R080_T28QCH_20250131T170258.SAFE,C:\Users\Simon\Nextcloud\Project\Mauritania\Science\Arguin - FieldWork Data Processing\Data\S2\Sen2Cor\S2B_MSIL2A_20250131T113319_N0511_R080_T28QCH_20250131T170258.zip,323,9883,4263,342635.0,2201205.0,0.3139,0.39840000000000003,0.4768,0.5732,0.5978,0.615,0.6333000000000001,0.6976,0.6513,0.63,0.5870000000000001,0.39130000000000004
2025-01-31,Arel,Sen2Cor,S2B_MSIL2A_20250131T113319_N0511_R080_T28QCH_20250131T170258.SAFE,C:\Users\Simon\Nextcloud\Project\Mauritania\Science\Arguin - FieldWork Data Processing\Data\S2\Sen2Cor\S2B_MSIL2A_20250131T113319_N0511_R080_T28QCH_20250131T170258.zip,324,9883,4264,342645.0,2201205.0,0.3085,0.3904,0.4676,0.5612,0.5716,0.5798,0.6068,0.6932,0.6391,0.63,0.5809000000000001,0.36510000000000004
2025-01-31,Arel,Sen2Cor,S2B_MSIL2A_20250131T113319_N0511_R080_T28QCH_20250131T170258.SAFE,C:\Users\Simon\Nextcloud\Project\Mauritania\Science\Arguin - FieldWork Data Processing\Data\S2\Sen2Cor\S2B_MSIL2A_20250131T113319_N0511_R080_T28QCH_20250131T170258.zip,325,9883,4265,342655.0,2201205.0,0.3085,0.38520000000000004,0.45520000000000005,0.548,0.5716,0.5798,0.6068,0.6752,0.6391,0.63,0.5809000000000001,0.36510000000000004
2025-01-31,Arel,Sen2Cor,S2B_MSIL2A_20250131T113319_N0511_R080_T28QCH_20250131T170258.SAFE,C:\Users\Simon\Nextcloud\Project\Mauritania\Science\Arguin - FieldWork Data Processing\Data\S2\Sen2Cor\S2B_MSIL2A_20250131T113319_N0511_R080_T28QCH_20250131T170258.zip,326,9883,4266,342665.0,2201205.0,0.3028,0.36960000000000004,0.4428,0.5284,0.5483,0.5598000000000001,0.5868,0.6572,0.6173000000000001,0.5987,0.5672,0.3451
2025-01-31,Arel,Sen2Cor,S2B_MSIL2A_20250131T113319_N0511_R080_T28QCH_20250131T170258.SAFE,C:\Users\Simon\Nextcloud\Project\Mauritania\Science\Arguin - FieldWork Data Processing\Data\S2\Sen2Cor\S2B_MSIL2A_20250131T113319_N0511_R080_T28QCH_20250131T170258.zip,327,9883,4267,342675.0,2201205.0,0.3028,0.3704,0.4388,0.5252,0.5483,0.5598000000000001,0.5868,0.652,0.6173000000000001,0.5987,0.5672,0.3451
2025-01-31,Arel,Sen2Cor,S2B_MSIL2A_20250131T113319_N0511_R080_T28QCH_20250131T170258.SAFE,C:\Users\Simon\Nextcloud\Project\Mauritania\Science\Arguin - FieldWork Data Processing\Data\S2\Sen2Cor\S2B_MSIL2A_20250131T113319_N0511_R080_T28QCH_20250131T170258.zip,328,9883,4268,342685.0,2201205.0,0.298,0.36160000000000003,0.4192,0.506,0.5233,0.5439,0.5633,0.6432,0.6,0.5987,0.5617,0.3483
2025-01-31,Arel,Sen2Cor,S2B_MSIL2A_20250131T113319_N0511_R080_T28QCH_20250131T170258.SAFE,C:\Users\Simon\Nextcloud\Project\Mauritania\Science\Arguin - FieldWork Data Processing\Data\S2\Sen2Cor\S2B_MSIL2A_20250131T113319_N0511_R080_T28QCH_20250131T170258.zip,329,9883,4269,342695.0,2201205.0,0.298,0.3372,0.40280000000000005,0.4888,0.5233,0.5439,0.5633,0.6288,0.6,0.5987,0.5617,0.3483
2025-01-31,Arel,Sen2Cor,S2B_MSIL2A_20250131T113319_N0511_R080_T28QCH_20250131T170258.SAFE,C:\Users\Simon\Nextcloud\Project\Mauritania\Science\Arguin - FieldWork Data Processing\Data\S2\Sen2Cor\S2B_MSIL2A_20250131T113319_N0511_R080_T28QCH_20250131T170258.zip,330,9883,4270,342705.0,2201205.0,0.30010000000000003,0.35600000000000004,0.42800000000000005,0.5176000000000001,0.5315,0.5467000000000001,0.5811000000000001,0.6544,0.6098,0.5987,0.5662,0.36920000000000003
2025-01-31,Arel,Sen2Cor,S2B_MSIL2A_20250131T113319_N0511_R080_T28QCH_20250131T170258.SAFE,C:\Users\Simon\Nextcloud\Project\Mauritania\Science\Arguin - FieldWork Data Processing\Data\S2\Sen2Cor\S2B_MSIL2A_20250131T113319_N0511_R080_T28QCH_20250131T170258.zip,331,9883,4271,342715.0,2201205.0,0.30010000000000003,0.366,0.4232,0.514,0.5315,0.5467000000000001,0.5811000000000001,0.6424000000000001,0.6098,0.5987,0.5662,0.36920000000000003
2025-01-31,Arel,Sen2Cor,S2B_MSIL2A_20250131T113319_N0511_R080_T28QCH_20250131T170258.SAFE,C:\Users\Simon\Nextcloud\Project\Mauritania\Science\Arguin - FieldWork Data Processing\Data\S2\Sen2Cor\S2B_MSIL2A_20250131T113319_N0511_R080_T28QCH_20250131T170258.zip,332,9883,4272,342725.0,2201205.0,0.3058,0.3428,0.4076,0.4904,0.5381,0.5481,0.5676,0.6192000000000001,0.6129,0.6028,0.5637,0.35050000000000003
2025-01-31,Arel,Sen2Cor,S2B_MSIL2A_20250131T113319_N0511_R080_T28QCH_20250131T170258.SAFE,C:\Users\Simon\Nextcloud\Project\Mauritania\Science\Arguin - FieldWork Data Processing\Data\S2\Sen2Cor\S2B_MSIL2A_20250131T113319_N0511_R080_T28QCH_20250131T170258.zip,333,9883,4273,342735.0,2201205.0,0.3058,0.388,0.43520000000000003,0.5244,0.5381,0.5481,0.5676,0.6576000000000001,0.6129,0.6028,0.5637,0.35050000000000003
2025-01-31,Arel,Sen2Cor,S2B_MSIL2A_20250131T113319_N0511_R080_T28QCH_20250131T170258.SAFE,C:\Users\Simon\Nextcloud\Project\Mauritania\Science\Arguin - FieldWork Data Processing\Data\S2\Sen2Cor\S2B_MSIL2A_20250131T113319_N0511_R080_T28QCH_20250131T170258.zip,334,9883,4274,342745.0,2201205.0,0.3008,0.374,0.4436,0.5244,0.5352,0.5549000000000001,0.5818,0.662,0.6108,0.6028,0.5527000000000001,0.3367
2025-01-31,Arel,Sen2Cor,S2B_MSIL2A_20250131T113319_N0511_R080_T28QCH_20250131T170258.SAFE,C:\Users\Simon\Nextcloud\Project\Mauritania\Science\Arguin - FieldWork Data Processing\Data\S2\Sen2Cor\S2B_MSIL2A_20250131T113319_N0511_R080_T28QCH_20250131T170258.zip,335,9883,4275,342755.0,2201205.0,0.3008,0.38280000000000003,0.43360000000000004,0.5044000000000001,0.5352,0.5549000000000001,0.5818,0.648,0.6108,0.6028,0.5527000000000001,0.3367
2025-01-31,Arel,Sen2Cor,S2B_MSIL2A_20250131T113319_N0511_R080_T28QCH_20250131T170258.SAFE,C:\Users\Simon\Nextcloud\Project\Mauritania\Science\Arguin - FieldWork Data Processing\Data\S2\Sen2Cor\S2B_MSIL2A_20250131T113319_N0511_R080_T28QCH_20250131T170258.zip,336,9883,4276,342765.0,2201205.0,0.28250000000000003,0.3724,0.43320000000000003,0.5112,0.5406000000000001,0.557,0.5806,0.648,0.6104,0.6028,0.5513,0.3529
2025-01-31,Arel,Sen2Cor,S2B_MSIL2A_20250131T113319_N0511_R080_T28QCH_20250131T170258.SAFE,C:\Users\Simon\Nextcloud\Project\Mauritania\Science\Arguin - FieldWork Data Processing\Data\S2\Sen2Cor\S2B_MSIL2A_20250131T113319_N0511_R080_T28QCH_20250131T170258.zip,337,9883,4277,342775.0,2201205.0,0.28250000000000003,0.3632,0.42760000000000004,0.5064000000000001,0.5406000000000001,0.557,0.5806,0.64,0.6104,0.6028,0.5513,0.3529
2025-01-31,Arel,Sen2Cor,S2B_MSIL2A_20250131T113319_N0511_R080_T28QCH_20250131T170258.SAFE,C:\Users\Simon\Nextcloud\Project\Mauritania\Science\Arguin - FieldWork Data Processing\Data\S2\Sen2Cor\S2B_MSIL2A_20250131T113319_N0511_R080_T28QCH_20250131T170258.zip,338,9883,4278,342785.0,2201205.0,0.256,0.3552,0.4244,0.5036,0.5229,0.5418000000000001,0.5637,0.6396000000000001,0.5858,0.48550000000000004,0.5431,0.364
2025-01-31,Arel,Sen2Cor,S2B_MSIL2A_20250131T113319_N0511_R080_T28QCH_20250131T170258.SAFE,C:\Users\Simon\Nextcloud\Project\Mauritania\Science\Arguin - FieldWork Data Processing\Data\S2\Sen2Cor\S2B_MSIL2A_20250131T113319_N0511_R080_T28QCH_20250131T170258.zip,339,9883,4279,342795.0,2201205.0,0.256,0.3472,0.4076,0.48760000000000003,0.5229,0.5418000000000001,0.5637,0.6144000000000001,0.5858,0.48550000000000004,0.5431,0.364
2025-01-31,Arel,Sen2Cor,S2B_MSIL2A_20250131T113319_N0511_R080_T28QCH_20250131T170258.SAFE,C:\Users\Simon\Nextcloud\Project\Mauritania\Science\Arguin - FieldWork Data Processing\Data\S2\Sen2Cor\S2B_MSIL2A_20250131T113319_N0511_R080_T28QCH_20250131T170258.zip,340,9884,4246,342465.0,2201195.0,0.2555,0.32880000000000004,0.4068,0.5112,0.5431,0.5775,0.5827,0.6248,0.5949,0.5053,0.5551,0.3977
2025-01-31,Arel,Sen2Cor,S2B_MSIL2A_20250131T113319_N0511_R080_T28QCH_20250131T170258.SAFE,C:\Users\Simon\Nextcloud\Project\Mauritania\Science\Arguin - FieldWork Data Processing\Data\S2\Sen2Cor\S2B_MSIL2A_20250131T113319_N0511_R080_T28QCH_20250131T170258.zip,341,9884,4247,342475.0,2201195.0,0.2555,0.3796,0.46840000000000004,0.5640000000000001,0.5431,0.5775,0.5827,0.6728000000000001,0.5949,0.5053,0.5551,0.3977
2025-01-31,Arel,Sen2Cor,S2B_MSIL2A_20250131T113319_N0511_R080_T28QCH_20250131T170258.SAFE,C:\Users\Simon\Nextcloud\Project\Mauritania\Science\Arguin - FieldWork Data Processing\Data\S2\Sen2Cor\S2B_MSIL2A_20250131T113319_N0511_R080_T28QCH_20250131T170258.zip,342,9884,4248,342485.0,2201195.0,0.2902,0.3936,0.4776,0.5704,0.6017,0.6062000000000001,0.6251,0.6772,0.6397,0.6369,0.5826,0.4253
2025-01-31,Arel,Sen2Cor,S2B_MSIL2A_20250131T113319_N0511_R080_T28QCH_20250131T170258.SAFE,C:\Users\Simon\Nextcloud\Project\Mauritania\Science\Arguin - FieldWork Data Processing\Data\S2\Sen2Cor\S2B_MSIL2A_20250131T113319_N0511_R080_T28QCH_20250131T170258.zip,343,9884,4249,342495.0,2201195.0,0.2902,0.3956,0.4796,0.5788,0.6017,0.6062000000000001,0.6251,0.6900000000000001,0.6397,0.6369,0.5826,0.4253
2025-01-31,Arel,Sen2Cor,S2B_MSIL2A_20250131T113319_N0511_R080_T28QCH_20250131T170258.SAFE,C:\Users\Simon\Nextcloud\Project\Mauritania\Science\Arguin - FieldWork Data Processing\Data\S2\Sen2Cor\S2B_MSIL2A_20250131T113319_N0511_R080_T28QCH_20250131T170258.zip,344,9884,4250,342505.0,2201195.0,0.31120000000000003,0.4108,0.48960000000000004,0.5904,0.6049,0.6135,0.6259,0.6988000000000001,0.6425000000000001,0.6369,0.5861000000000001,0.42060000000000003
2025-01-31,Arel,Sen2Cor,S2B_MSIL2A_20250131T113319_N0511_R080_T28QCH_20250131T170258.SAFE,C:\Users\Simon\Nextcloud\Project\Mauritania\Science\Arguin - FieldWork Data Processing\Data\S2\Sen2Cor\S2B_MSIL2A_20250131T113319_N0511_R080_T28QCH_20250131T170258.zip,345,9884,4251,342515.0,2201195.0,0.31120000000000003,0.406,0.48600000000000004,0.5816,0.6049,0.6135,0.6259,0.6928000000000001,0.6425000000000001,0.6369,0.5861000000000001,0.42060000000000003
2025-01-31,Arel,Sen2Cor,S2B_MSIL2A_20250131T113319_N0511_R080_T28QCH_20250131T170258.SAFE,C:\Users\Simon\Nextcloud\Project\Mauritania\Science\Arguin - FieldWork Data Processing\Data\S2\Sen2Cor\S2B_MSIL2A_20250131T113319_N0511_R080_T28QCH_20250131T170258.zip,346,9884,4252,342525.0,2201195.0,0.31920000000000004,0.39840000000000003,0.47400000000000003,0.5692,0.5949,0.6113000000000001,0.6254000000000001,0.6812,0.6397,0.6369,0.5947,0.41850000000000004
2025-01-31,Arel,Sen2Cor,S2B_MSIL2A_20250131T113319_N0511_R080_T28QCH_20250131T170258.SAFE,C:\Users\Simon\Nextcloud\Project\Mauritania\Science\Arguin - FieldWork Data Processing\Data\S2\Sen2Cor\S2B_MSIL2A_20250131T113319_N0511_R080_T28QCH_20250131T170258.zip,347,9884,4253,342535.0,2201195.0,0.31920000000000004,0.406,0.47840000000000005,0.5836,0.5949,0.6113000000000001,0.6254000000000001,0.6988000000000001,0.6397,0.6369,0.5947,0.41850000000000004
2025-01-31,Arel,Sen2Cor,S2B_MSIL2A_20250131T113319_N0511_R080_T28QCH_20250131T170258.SAFE,C:\Users\Simon\Nextcloud\Project\Mauritania\Science\Arguin - FieldWork Data Processing\Data\S2\Sen2Cor\S2B_MSIL2A_20250131T113319_N0511_R080_T28QCH_20250131T170258.zip,348,9884,4254,342545.0,2201195.0,0.31770000000000004,0.41200000000000003,0.4852,0.5992000000000001,0.6141,0.6233000000000001,0.6393,0.7172000000000001,0.6515000000000001,0.6409,0.5964,0.4254
2025-01-31,Arel,Sen2Cor,S2B_MSIL2A_20250131T113319_N0511_R080_T28QCH_20250131T170258.SAFE,C:\Users\Simon\Nextcloud\Project\Mauritania\Science\Arguin - FieldWork Data Processing\Data\S2\Sen2Cor\S2B_MSIL2A_20250131T113319_N0511_R080_T28QCH_20250131T170258.zip,349,9884,4255,342555.0,2201195.0,0.31770000000000004,0.4192,0.5048,0.6048,0.6141,0.6233000000000001,0.6393,0.7128,0.6515000000000001,0.6409,0.5964,0.4254
2025-01-31,Arel,Sen2Cor,S2B_MSIL2A_20250131T113319_N0511_R080_T28QCH_20250131T170258.SAFE,C:\Users\Simon\Nextcloud\Project\Mauritania\Science\Arguin - FieldWork Data Processing\Data\S2\Sen2Cor\S2B_MSIL2A_20250131T113319_N0511_R080_T28QCH_20250131T170258.zip,350,9884,4256,342565.0,2201195.0,0.3156,0.42560000000000003,0.5008,0.602,0.6001000000000001,0.601,0.6229,0.7152000000000001,0.6465000000000001,0.6409,0.5983,0.4229
2025-01-31,Arel,Sen2Cor,S2B_MSIL2A_20250131T113319_N0511_R080_T28QCH_20250131T170258.SAFE,C:\Users\Simon\Nextcloud\Project\Mauritania\Science\Arguin - FieldWork Data Processing\Data\S2\Sen2Cor\S2B_MSIL2A_20250131T113319_N0511_R080_T28QCH_20250131T170258.zip,351,9884,4257,342575.0,2201195.0,0.3156,0.40800000000000003,0.4884,0.5860000000000001,0.6001000000000001,0.601,0.6229,0.6960000000000001,0.6465000000000001,0.6409,0.5983,0.4229
2025-01-31,Arel,Sen2Cor,S2B_MSIL2A_20250131T113319_N0511_R080_T28QCH_20250131T170258.SAFE,C:\Users\Simon\Nextcloud\Project\Mauritania\Science\Arguin - FieldWork Data Processing\Data\S2\Sen2Cor\S2B_MSIL2A_20250131T113319_N0511_R080_T28QCH_20250131T170258.zip,352,9884,4258,342585.0,2201195.0,0.3138,0.37520000000000003,0.45080000000000003,0.55,0.5675,0.5892000000000001,0.6098,0.6588,0.6256,0.6409,0.5944,0.4117
2025-01-31,Arel,Sen2Cor,S2B_MSIL2A_20250131T113319_N0511_R080_T28QCH_20250131T170258.SAFE,C:\Users\Simon\Nextcloud\Project\Mauritania\Science\Arguin - FieldWork Data Processing\Data\S2\Sen2Cor\S2B_MSIL2A_20250131T113319_N0511_R080_T28QCH_20250131T170258.zip,353,9884,4259,342595.0,2201195.0,0.3138,0.3924,0.46880000000000005,0.5584,0.5675,0.5892000000000001,0.6098,0.6784,0.6256,0.6409,0.5944,0.4117
2025-01-31,Arel,Sen2Cor,S2B_MSIL2A_20250131T113319_N0511_R080_T28QCH_20250131T170258.SAFE,C:\Users\Simon\Nextcloud\Project\Mauritania\Science\Arguin - FieldWork Data Processing\Data\S2\Sen2Cor\S2B_MSIL2A_20250131T113319_N0511_R080_T28QCH_20250131T170258.zip,354,9884,4260,342605.0,2201195.0,0.3104,0.42400000000000004,0.5052,0.6036,0.613,0.6116,0.6309,0.7148,0.6588,0.63,0.5890000000000001,0.4007
2025-01-31,Arel,Sen2Cor,S2B_MSIL2A_20250131T113319_N0511_R080_T28QCH_20250131T170258.SAFE,C:\Users\Simon\Nextcloud\Project\Mauritania\Science\Arguin - FieldWork Data Processing\Data\S2\Sen2Cor\S2B_MSIL2A_20250131T113319_N0511_R080_T28QCH_20250131T170258.zip,355,9884,4261,342615.0,2201195.0,0.3104,0.43,0.5108,0.6064,0.613,0.6116,0.6309,0.7232000000000001,0.6588,0.63,0.5890000000000001,0.4007
2025-01-31,Arel,Sen2Cor,S2B_MSIL2A_20250131T113319_N0511_R080_T28QCH_20250131T170258.SAFE,C:\Users\Simon\Nextcloud\Project\Mauritania\Science\Arguin - FieldWork Data Processing\Data\S2\Sen2Cor\S2B_MSIL2A_20250131T113319_N0511_R080_T28QCH_20250131T170258.zip,356,9884,4262,342625.0,2201195.0,0.3065,0.4136,0.4928,0.596,0.5961000000000001,0.612,0.6301,0.7076,0.6551,0.63,0.5858,0.38480000000000003
2025-01-31,Arel,Sen2Cor,S2B_MSIL2A_20250131T113319_N0511_R080_T28QCH_20250131T170258.SAFE,C:\Users\Simon\Nextcloud\Project\Mauritania\Science\Arguin - FieldWork Data Processing\Data\S2\Sen2Cor\S2B_MSIL2A_20250131T113319_N0511_R080_T28QCH_20250131T170258.zip,357,9884,4263,342635.0,2201195.0,0.3065,0.3896,0.46640000000000004,0.5644,0.5961000000000001,0.612,0.6301,0.6864,0.6551,0.63,0.5858,0.38480000000000003
2025-01-31,Arel,Sen2Cor,S2B_MSIL2A_20250131T113319_N0511_R080_T28QCH_20250131T170258.SAFE,C:\Users\Simon\Nextcloud\Project\Mauritania\Science\Arguin - FieldWork Data Processing\Data\S2\Sen2Cor\S2B_MSIL2A_20250131T113319_N0511_R080_T28QCH_20250131T170258.zip,358,9884,4264,342645.0,2201195.0,0.3023,0.38,0.45680000000000004,0.5488000000000001,0.5511,0.5616,0.5835,0.6772,0.6268,0.63,0.5726,0.3614
2025-01-31,Arel,Sen2Cor,S2B_MSIL2A_20250131T113319_N0511_R080_T28QCH_20250131T170258.SAFE,C:\Users\Simon\Nextcloud\Project\Mauritania\Science\Arguin - FieldWork Data Processing\Data\S2\Sen2Cor\S2B_MSIL2A_20250131T113319_N0511_R080_T28QCH_20250131T170258.zip,359,9884,4265,342655.0,2201195.0,0.3023,0.3652,0.4312,0.5272,0.5511,0.5616,0.5835,0.6588,0.6268,0.63,0.5726,0.3614
2025-01-31,Arel,Sen2Cor,S2B_MSIL2A_20250131T113319_N0511_R080_T28QCH_20250131T170258.SAFE,C:\Users\Simon\Nextcloud\Project\Mauritania\Science\Arguin - FieldWork Data Processing\Data\S2\Sen2Cor\S2B_MSIL2A_20250131T113319_N0511_R080_T28QCH_20250131T170258.zip,360,9884,4266,342665.0,2201195.0,0.2964,0.3504,0.4232,0.514,0.5205000000000001,0.5393,0.562,0.6456000000000001,0.5954,0.5987,0.5617,0.3538
2025-01-31,Arel,Sen2Cor,S2B_MSIL2A_20250131T113319_N0511_R080_T28QCH_20250131T170258.SAFE,C:\Users\Simon\Nextcloud\Project\Mauritania\Science\Arguin - FieldWork Data Processing\Data\S2\Sen2Cor\S2B_MSIL2A_20250131T113319_N0511_R080_T28QCH_20250131T170258.zip,361,9884,4267,342675.0,2201195.0,0.2964,0.3584,0.4308,0.5172,0.5205000000000001,0.5393,0.562,0.65,0.5954,0.5987,0.5617,0.3538
2025-01-31,Arel,Sen2Cor,S2B_MSIL2A_20250131T113319_N0511_R080_T28QCH_20250131T170258.SAFE,C:\Users\Simon\Nextcloud\Project\Mauritania\Science\Arguin - FieldWork Data Processing\Data\S2\Sen2Cor\S2B_MSIL2A_20250131T113319_N0511_R080_T28QCH_20250131T170258.zip,362,9884,4268,342685.0,2201195.0,0.2937,0.3652,0.4232,0.5116,0.5366000000000001,0.5511,0.5749000000000001,0.6512,0.6042000000000001,0.5987,0.5685,0.3669
2025-01-31,Arel,Sen2Cor,S2B_MSIL2A_20250131T113319_N0511_R080_T28QCH_20250131T170258.SAFE,C:\Users\Simon\Nextcloud\Project\Mauritania\Science\Arguin - FieldWork Data Processing\Data\S2\Sen2Cor\S2B_MSIL2A_20250131T113319_N0511_R080_T28QCH_20250131T170258.zip,363,9884,4269,342695.0,2201195.0,0.2937,0.3584,0.4308,0.5236000000000001,0.5366000000000001,0.5511,0.5749000000000001,0.6624,0.6042000000000001,0.5987,0.5685,0.3669
2025-01-31,Arel,Sen2Cor,S2B_MSIL2A_20250131T113319_N0511_R080_T28QCH_20250131T170258.SAFE,C:\Users\Simon\Nextcloud\Project\Mauritania\Science\Arguin - FieldWork Data Processing\Data\S2\Sen2Cor\S2B_MSIL2A_20250131T113319_N0511_R080_T28QCH_20250131T170258.zip,364,9884,4270,342705.0,2201195.0,0.2964,0.3704,0.4388,0.5284,0.5372,0.5467000000000001,0.5741,0.6644,0.6058,0.5987,0.5643,0.3622
2025-01-31,Arel,Sen2Cor,S2B_MSIL2A_20250131T113319_N0511_R080_T28QCH_20250131T170258.SAFE,C:\Users\Simon\Nextcloud\Project\Mauritania\Science\Arguin - FieldWork Data Processing\Data\S2\Sen2Cor\S2B_MSIL2A_20250131T113319_N0511_R080_T28QCH_20250131T170258.zip,365,9884,4271,342715.0,2201195.0,0.2964,0.3632,0.4152,0.49960000000000004,0.5372,0.5467000000000001,0.5741,0.6308,0.6058,0.5987,0.5643,0.3622
2025-01-31,Arel,Sen2Cor,S2B_MSIL2A_20250131T113319_N0511_R080_T28QCH_20250131T170258.SAFE,C:\Users\Simon\Nextcloud\Project\Mauritania\Science\Arguin - FieldWork Data Processing\Data\S2\Sen2Cor\S2B_MSIL2A_20250131T113319_N0511_R080_T28QCH_20250131T170258.zip,366,9884,4272,342725.0,2201195.0,0.3018,0.3664,0.43720000000000003,0.5084000000000001,0.5344,0.5469,0.562,0.6196,0.6027,0.6028,0.5587,0.3392
2025-01-31,Arel,Sen2Cor,S2B_MSIL2A_20250131T113319_N0511_R080_T28QCH_20250131T170258.SAFE,C:\Users\Simon\Nextcloud\Project\Mauritania\Science\Arguin - FieldWork Data Processing\Data\S2\Sen2Cor\S2B_MSIL2A_20250131T113319_N0511_R080_T28QCH_20250131T170258.zip,367,9884,4273,342735.0,2201195.0,0.3018,0.4036,0.4444,0.5208,0.5344,0.5469,0.562,0.6512,0.6027,0.6028,0.5587,0.3392
2025-01-31,Arel,Sen2Cor,S2B_MSIL2A_20250131T113319_N0511_R080_T28QCH_20250131T170258.SAFE,C:\Users\Simon\Nextcloud\Project\Mauritania\Science\Arguin - FieldWork Data Processing\Data\S2\Sen2Cor\S2B_MSIL2A_20250131T113319_N0511_R080_T28QCH_20250131T170258.zip,368,9884,4274,342745.0,2201195.0,0.2968,0.3628,0.4288,0.5028,0.5295,0.5494,0.5706,0.642,0.6036,0.6028,0.5485,0.34490000000000004
2025-01-31,Arel,Sen2Cor,S2B_MSIL2A_20250131T113319_N0511_R080_T28QCH_20250131T170258.SAFE,C:\Users\Simon\Nextcloud\Project\Mauritania\Science\Arguin - FieldWork Data Processing\Data\S2\Sen2Cor\S2B_MSIL2A_20250131T113319_N0511_R080_T28QCH_20250131T170258.zip,369,9884,4275,342755.0,2201195.0,0.2968,0.3748,0.4244,0.5028,0.5295,0.5494,0.5706,0.6376000000000001,0.6036,0.6028,0.5485,0.34490000000000004
2025-01-31,Arel,Sen2Cor,S2B_MSIL2A_20250131T113319_N0511_R080_T28QCH_20250131T170258.SAFE,C:\Users\Simon\Nextcloud\Project\Mauritania\Science\Arguin - FieldWork Data Processing\Data\S2\Sen2Cor\S2B_MSIL2A_20250131T113319_N0511_R080_T28QCH_20250131T170258.zip,370,9884,4276,342765.0,2201195.0,0.2783,0.376,0.4244,0.5,0.529,0.5393,0.5593,0.6352,0.5963,0.6028,0.54,0.34850000000000003
2025-01-31,Arel,Sen2Cor,S2B_MSIL2A_20250131T113319_N0511_R080_T28QCH_20250131T170258.SAFE,C:\Users\Simon\Nextcloud\Project\Mauritania\Science\Arguin - FieldWork Data Processing\Data\S2\Sen2Cor\S2B_MSIL2A_20250131T113319_N0511_R080_T28QCH_20250131T170258.zip,371,9884,4277,342775.0,2201195.0,0.2783,0.3608,0.41600000000000004,0.5,0.529,0.5393,0.5593,0.6328,0.5963,0.6028,0.54,0.34850000000000003
2025-01-31,Arel,Sen2Cor,S2B_MSIL2A_20250131T113319_N0511_R080_T28QCH_20250131T170258.SAFE,C:\Users\Simon\Nextcloud\Project\Mauritania\Science\Arguin - FieldWork Data Processing\Data\S2\Sen2Cor\S2B_MSIL2A_20250131T113319_N0511_R080_T28QCH_20250131T170258.zip,372,9884,4278,342785.0,2201195.0,0.2509,0.3568,0.4072,0.49400000000000005,0.5124000000000001,0.5319,0.5561,0.6288,0.5791000000000001,0.48550000000000004,0.5369,0.3597
2025-01-31,Arel,Sen2Cor,S2B_MSIL2A_20250131T113319_N0511_R080_T28QCH_20250131T170258.SAFE,C:\Users\Simon\Nextcloud\Project\Mauritania\Science\Arguin - FieldWork Data Processing\Data\S2\Sen2Cor\S2B_MSIL2A_20250131T113319_N0511_R080_T28QCH_20250131T170258.zip,373,9885,4247,342475.0,2201185.0,0.2555,0.3564,0.452,0.5456,0.5431,0.5775,0.5827,0.668,0.5949,0.5053,0.5551,0.3977
2025-01-31,Arel,Sen2Cor,S2B_MSIL2A_20250131T113319_N0511_R080_T28QCH_20250131T170258.SAFE,C:\Users\Simon\Nextcloud\Project\Mauritania\Science\Arguin - FieldWork Data Processing\Data\S2\Sen2Cor\S2B_MSIL2A_20250131T113319_N0511_R080_T28QCH_20250131T170258.zip,374,9885,4248,342485.0,2201185.0,0.2902,0.37920000000000004,0.46440000000000003,0.5656,0.6017,0.6062000000000001,0.6251,0.6772,0.6397,0.6369,0.5826,0.4253
2025-01-31,Arel,Sen2Cor,S2B_MSIL2A_20250131T113319_N0511_R080_T28QCH_20250131T170258.SAFE,C:\Users\Simon\Nextcloud\Project\Mauritania\Science\Arguin - FieldWork Data Processing\Data\S2\Sen2Cor\S2B_MSIL2A_20250131T113319_N0511_R080_T28QCH_20250131T170258.zip,375,9885,4249,342495.0,2201185.0,0.2902,0.3916,0.4748,0.5848,0.6017,0.6062000000000001,0.6251,0.6924,0.6397,0.6369,0.5826,0.4253
2025-01-31,Arel,Sen2Cor,S2B_MSIL2A_20250131T113319_N0511_R080_T28QCH_20250131T170258.SAFE,C:\Users\Simon\Nextcloud\Project\Mauritania\Science\Arguin - FieldWork Data Processing\Data\S2\Sen2Cor\S2B_MSIL2A_20250131T113319_N0511_R080_T28QCH_20250131T170258.zip,376,9885,4250,342505.0,2201185.0,0.31120000000000003,0.4012,0.48160000000000003,0.5860000000000001,0.6049,0.6135,0.6259,0.7072,0.6425000000000001,0.6369,0.5861000000000001,0.42060000000000003
2025-01-31,Arel,Sen2Cor,S2B_MSIL2A_20250131T113319_N0511_R080_T28QCH_20250131T170258.SAFE,C:\Users\Simon\Nextcloud\Project\Mauritania\Science\Arguin - FieldWork Data Processing\Data\S2\Sen2Cor\S2B_MSIL2A_20250131T113319_N0511_R080_T28QCH_20250131T170258.zip,377,9885,4251,342515.0,2201185.0,0.31120000000000003,0.3904,0.4708,0.5792,0.6049,0.6135,0.6259,0.6960000000000001,0.6425000000000001,0.6369,0.5861000000000001,0.42060000000000003
2025-01-31,Arel,Sen2Cor,S2B_MSIL2A_20250131T113319_N0511_R080_T28QCH_20250131T170258.SAFE,C:\Users\Simon\Nextcloud\Project\Mauritania\Science\Arguin - FieldWork Data Processing\Data\S2\Sen2Cor\S2B_MSIL2A_20250131T113319_N0511_R080_T28QCH_20250131T170258.zip,378,9885,4252,342525.0,2201185.0,0.31920000000000004,0.38480000000000003,0.46840000000000004,0.5752,0.5949,0.6113000000000001,0.6254000000000001,0.6900000000000001,0.6397,0.6369,0.5947,0.41850000000000004
2025-01-31,Arel,Sen2Cor,S2B_MSIL2A_20250131T113319_N0511_R080_T28QCH_20250131T170258.SAFE,C:\Users\Simon\Nextcloud\Project\Mauritania\Science\Arguin - FieldWork Data Processing\Data\S2\Sen2Cor\S2B_MSIL2A_20250131T113319_N0511_R080_T28QCH_20250131T170258.zip,379,9885,4253,342535.0,2201185.0,0.31920000000000004,0.4036,0.47600000000000003,0.5796,0.5949,0.6113000000000001,0.6254000000000001,0.7020000000000001,0.6397,0.6369,0.5947,0.41850000000000004
2025-01-31,Arel,Sen2Cor,S2B_MSIL2A_20250131T113319_N0511_R080_T28QCH_20250131T170258.SAFE,C:\Users\Simon\Nextcloud\Project\Mauritania\Science\Arguin - FieldWork Data Processing\Data\S2\Sen2Cor\S2B_MSIL2A_20250131T113319_N0511_R080_T28QCH_20250131T170258.zip,380,9885,4254,342545.0,2201185.0,0.31770000000000004,0.4048,0.48400000000000004,0.5932000000000001,0.6141,0.6233000000000001,0.6393,0.7032,0.6515000000000001,0.6409,0.5964,0.4254
2025-01-31,Arel,Sen2Cor,S2B_MSIL2A_20250131T113319_N0511_R080_T28QCH_20250131T170258.SAFE,C:\Users\Simon\Nextcloud\Project\Mauritania\Science\Arguin - FieldWork Data Processing\Data\S2\Sen2Cor\S2B_MSIL2A_20250131T113319_N0511_R080_T28QCH_20250131T170258.zip,381,9885,4255,342555.0,2201185.0,0.31770000000000004,0.41240000000000004,0.4984,0.6012000000000001,0.6141,0.6233000000000001,0.6393,0.7116,0.6515000000000001,0.6409,0.5964,0.4254
2025-01-31,Arel,Sen2Cor,S2B_MSIL2A_20250131T113319_N0511_R080_T28QCH_20250131T170258.SAFE,C:\Users\Simon\Nextcloud\Project\Mauritania\Science\Arguin - FieldWork Data Processing\Data\S2\Sen2Cor\S2B_MSIL2A_20250131T113319_N0511_R080_T28QCH_20250131T170258.zip,382,9885,4256,342565.0,2201185.0,0.3156,0.4164,0.5,0.5944,0.6001000000000001,0.601,0.6229,0.7104,0.6465000000000001,0.6409,0.5983,0.4229
2025-01-31,Arel,Sen2Cor,S2B_MSIL2A_20250131T113319_N0511_R080_T28QCH_20250131T170258.SAFE,C:\Users\Simon\Nextcloud\Project\Mauritania\Science\Arguin - FieldWork Data Processing\Data\S2\Sen2Cor\S2B_MSIL2A_20250131T113319_N0511_R080_T28QCH_20250131T170258.zip,383,9885,4257,342575.0,2201185.0,0.3156,0.394,0.4692,0.5616,0.6001000000000001,0.601,0.6229,0.6796,0.6465000000000001,0.6409,0.5983,0.4229
2025-01-31,Arel,Sen2Cor,S2B_MSIL2A_20250131T113319_N0511_R080_T28QCH_20250131T170258.SAFE,C:\Users\Simon\Nextcloud\Project\Mauritania\Science\Arguin - FieldWork Data Processing\Data\S2\Sen2Cor\S2B_MSIL2A_20250131T113319_N0511_R080_T28QCH_20250131T170258.zip,384,9885,4258,342585.0,2201185.0,0.3138,0.3652,0.4456,0.536,0.5675,0.5892000000000001,0.6098,0.6592,0.6256,0.6409,0.5944,0.4117
2025-01-31,Arel,Sen2Cor,S2B_MSIL2A_20250131T113319_N0511_R080_T28QCH_20250131T170258.SAFE,C:\Users\Simon\Nextcloud\Project\Mauritania\Science\Arguin - FieldWork Data Processing\Data\S2\Sen2Cor\S2B_MSIL2A_20250131T113319_N0511_R080_T28QCH_20250131T170258.zip,385,9885,4259,342595.0,2201185.0,0.3138,0.3864,0.4612,0.5536,0.5675,0.5892000000000001,0.6098,0.6752,0.6256,0.6409,0.5944,0.4117
2025-01-31,Arel,Sen2Cor,S2B_MSIL2A_20250131T113319_N0511_R080_T28QCH_20250131T170258.SAFE,C:\Users\Simon\Nextcloud\Project\Mauritania\Science\Arguin - FieldWork Data Processing\Data\S2\Sen2Cor\S2B_MSIL2A_20250131T113319_N0511_R080_T28QCH_20250131T170258.zip,386,9885,4260,342605.0,2201185.0,0.3104,0.40640000000000004,0.4928,0.5844,0.613,0.6116,0.6309,0.7032,0.6588,0.63,0.5890000000000001,0.4007
2025-01-31,Arel,Sen2Cor,S2B_MSIL2A_20250131T113319_N0511_R080_T28QCH_20250131T170258.SAFE,C:\Users\Simon\Nextcloud\Project\Mauritania\Science\Arguin - FieldWork Data Processing\Data\S2\Sen2Cor\S2B_MSIL2A_20250131T113319_N0511_R080_T28QCH_20250131T170258.zip,387,9885,4261,342615.0,2201185.0,0.3104,0.4136,0.496,0.5944,0.613,0.6116,0.6309,0.7116,0.6588,0.63,0.5890000000000001,0.4007
2025-01-31,Arel,Sen2Cor,S2B_MSIL2A_20250131T113319_N0511_R080_T28QCH_20250131T170258.SAFE,C:\Users\Simon\Nextcloud\Project\Mauritania\Science\Arguin - FieldWork Data Processing\Data\S2\Sen2Cor\S2B_MSIL2A_20250131T113319_N0511_R080_T28QCH_20250131T170258.zip,388,9885,4262,342625.0,2201185.0,0.3065,0.41240000000000004,0.4884,0.5932000000000001,0.5961000000000001,0.612,0.6301,0.7116,0.6551,0.63,0.5858,0.38480000000000003
2025-01-31,Arel,Sen2Cor,S2B_MSIL2A_20250131T113319_N0511_R080_T28QCH_20250131T170258.SAFE,C:\Users\Simon\Nextcloud\Project\Mauritania\Science\Arguin - FieldWork Data Processing\Data\S2\Sen2Cor\S2B_MSIL2A_20250131T113319_N0511_R080_T28QCH_20250131T170258.zip,389,9885,4263,342635.0,2201185.0,0.3065,0.39840000000000003,0.47240000000000004,0.5732,0.5961000000000001,0.612,0.6301,0.6992,0.6551,0.63,0.5858,0.38480000000000003
2025-01-31,Arel,Sen2Cor,S2B_MSIL2A_20250131T113319_N0511_R080_T28QCH_20250131T170258.SAFE,C:\Users\Simon\Nextcloud\Project\Mauritania\Science\Arguin - FieldWork Data Processing\Data\S2\Sen2Cor\S2B_MSIL2A_20250131T113319_N0511_R080_T28QCH_20250131T170258.zip,390,9885,4264,342645.0,2201185.0,0.3023,0.38,0.4464,0.544,0.5511,0.5616,0.5835,0.6788000000000001,0.6268,0.63,0.5726,0.3614
2025-01-31,Arel,Sen2Cor,S2B_MSIL2A_20250131T113319_N0511_R080_T28QCH_20250131T170258.SAFE,C:\Users\Simon\Nextcloud\Project\Mauritania\Science\Arguin - FieldWork Data Processing\Data\S2\Sen2Cor\S2B_MSIL2A_20250131T113319_N0511_R080_T28QCH_20250131T170258.zip,391,9885,4265,342655.0,2201185.0,0.3023,0.34240000000000004,0.41200000000000003,0.5068,0.5511,0.5616,0.5835,0.6508,0.6268,0.63,0.5726,0.3614
2025-01-31,Arel,Sen2Cor,S2B_MSIL2A_20250131T113319_N0511_R080_T28QCH_20250131T170258.SAFE,C:\Users\Simon\Nextcloud\Project\Mauritania\Science\Arguin - FieldWork Data Processing\Data\S2\Sen2Cor\S2B_MSIL2A_20250131T113319_N0511_R080_T28QCH_20250131T170258.zip,392,9885,4266,342665.0,2201185.0,0.2964,0.326,0.3952,0.4868,0.5205000000000001,0.5393,0.562,0.6312,0.5954,0.5987,0.5617,0.3538
2025-01-31,Arel,Sen2Cor,S2B_MSIL2A_20250131T113319_N0511_R080_T28QCH_20250131T170258.SAFE,C:\Users\Simon\Nextcloud\Project\Mauritania\Science\Arguin - FieldWork Data Processing\Data\S2\Sen2Cor\S2B_MSIL2A_20250131T113319_N0511_R080_T28QCH_20250131T170258.zip,393,9885,4267,342675.0,2201185.0,0.2964,0.35800000000000004,0.4172,0.5068,0.5205000000000001,0.5393,0.562,0.6444000000000001,0.5954,0.5987,0.5617,0.3538
2025-01-31,Arel,Sen2Cor,S2B_MSIL2A_20250131T113319_N0511_R080_T28QCH_20250131T170258.SAFE,C:\Users\Simon\Nextcloud\Project\Mauritania\Science\Arguin - FieldWork Data Processing\Data\S2\Sen2Cor\S2B_MSIL2A_20250131T113319_N0511_R080_T28QCH_20250131T170258.zip,394,9885,4268,342685.0,2201185.0,0.2937,0.368,0.43160000000000004,0.5184,0.5366000000000001,0.5511,0.5749000000000001,0.6508,0.6042000000000001,0.5987,0.5685,0.3669
2025-01-31,Arel,Sen2Cor,S2B_MSIL2A_20250131T113319_N0511_R080_T28QCH_20250131T170258.SAFE,C:\Users\Simon\Nextcloud\Project\Mauritania\Science\Arguin - FieldWork Data Processing\Data\S2\Sen2Cor\S2B_MSIL2A_20250131T113319_N0511_R080_T28QCH_20250131T170258.zip,395,9885,4269,342695.0,2201185.0,0.2937,0.3584,0.4208,0.5204,0.5366000000000001,0.5511,0.5749000000000001,0.6564,0.6042000000000001,0.5987,0.5685,0.3669
2025-01-31,Arel,Sen2Cor,S2B_MSIL2A_20250131T113319_N0511_R080_T28QCH_20250131T170258.SAFE,C:\Users\Simon\Nextcloud\Project\Mauritania\Science\Arguin - FieldWork Data Processing\Data\S2\Sen2Cor\S2B_MSIL2A_20250131T113319_N0511_R080_T28QCH_20250131T170258.zip,396,9885,4270,342705.0,2201185.0,0.2964,0.3652,0.438,0.5268,0.5372,0.5467000000000001,0.5741,0.6588,0.6058,0.5987,0.5643,0.3622
2025-01-31,Arel,Sen2Cor,S2B_MSIL2A_20250131T113319_N0511_R080_T28QCH_20250131T170258.SAFE,C:\Users\Simon\Nextcloud\Project\Mauritania\Science\Arguin - FieldWork Data Processing\Data\S2\Sen2Cor\S2B_MSIL2A_20250131T113319_N0511_R080_T28QCH_20250131T170258.zip,397,9885,4271,342715.0,2201185.0,0.2964,0.372,0.432,0.5156000000000001,0.5372,0.5467000000000001,0.5741,0.6476000000000001,0.6058,0.5987,0.5643,0.3622
2025-01-31,Arel,Sen2Cor,S2B_MSIL2A_20250131T113319_N0511_R080_T28QCH_20250131T170258.SAFE,C:\Users\Simon\Nextcloud\Project\Mauritania\Science\Arguin - FieldWork Data Processing\Data\S2\Sen2Cor\S2B_MSIL2A_20250131T113319_N0511_R080_T28QCH_20250131T170258.zip,398,9885,4272,342725.0,2201185.0,0.3018,0.384,0.448,0.5192,0.5344,0.5469,0.562,0.638,0.6027,0.6028,0.5587,0.3392
2025-01-31,Arel,Sen2Cor,S2B_MSIL2A_20250131T113319_N0511_R080_T28QCH_20250131T170258.SAFE,C:\Users\Simon\Nextcloud\Project\Mauritania\Science\Arguin - FieldWork Data Processing\Data\S2\Sen2Cor\S2B_MSIL2A_20250131T113319_N0511_R080_T28QCH_20250131T170258.zip,399,9885,4273,342735.0,2201185.0,0.3018,0.3904,0.4388,0.518,0.5344,0.5469,0.562,0.6432,0.6027,0.6028,0.5587,0.3392
2025-01-31,Arel,Sen2Cor,S2B_MSIL2A_20250131T113319_N0511_R080_T28QCH_20250131T170258.SAFE,C:\Users\Simon\Nextcloud\Project\Mauritania\Science\Arguin - FieldWork Data Processing\Data\S2\Sen2Cor\S2B_MSIL2A_20250131T113319_N0511_R080_T28QCH_20250131T170258.zip,400,9885,4274,342745.0,2201185.0,0.2968,0.38480000000000003,0.4408,0.5104000000000001,0.5295,0.5494,0.5706,0.6548,0.6036,0.6028,0.5485,0.34490000000000004
2025-01-31,Arel,Sen2Cor,S2B_MSIL2A_20250131T113319_N0511_R080_T28QCH_20250131T170258.SAFE,C:\Users\Simon\Nextcloud\Project\Mauritania\Science\Arguin - FieldWork Data Processing\Data\S2\Sen2Cor\S2B_MSIL2A_20250131T113319_N0511_R080_T28QCH_20250131T170258.zip,401,9885,4275,342755.0,2201185.0,0.2968,0.36920000000000003,0.432,0.5128,0.5295,0.5494,0.5706,0.6424000000000001,0.6036,0.6028,0.5485,0.34490000000000004
2025-01-31,Arel,Sen2Cor,S2B_MSIL2A_20250131T113319_N0511_R080_T28QCH_20250131T170258.SAFE,C:\Users\Simon\Nextcloud\Project\Mauritania\Science\Arguin - FieldWork Data Processing\Data\S2\Sen2Cor\S2B_MSIL2A_20250131T113319_N0511_R080_T28QCH_20250131T170258.zip,402,9885,4276,342765.0,2201185.0,0.2783,0.3584,0.42000000000000004,0.49400000000000005,0.529,0.5393,0.5593,0.6248,0.5963,0.6028,0.54,0.34850000000000003
2025-01-31,Arel,Sen2Cor,S2B_MSIL2A_20250131T113319_N0511_R080_T28QCH_20250131T170258.SAFE,C:\Users\Simon\Nextcloud\Project\Mauritania\Science\Arguin - FieldWork Data Processing\Data\S2\Sen2Cor\S2B_MSIL2A_20250131T113319_N0511_R080_T28QCH_20250131T170258.zip,403,9885,4277,342775.0,2201185.0,0.2783,0.3688,0.42400000000000004,0.5028,0.529,0.5393,0.5593,0.6268,0.5963,0.6028,0.54,0.34850000000000003
2025-01-31,Arel,Sen2Cor,S2B_MSIL2A_20250131T113319_N0511_R080_T28QCH_20250131T170258.SAFE,C:\Users\Simon\Nextcloud\Project\Mauritania\Science\Arguin - FieldWork Data Processing\Data\S2\Sen2Cor\S2B_MSIL2A_20250131T113319_N0511_R080_T28QCH_20250131T170258.zip,404,9885,4278,342785.0,2201185.0,0.2509,0.3604,0.4112,0.4928,0.5124000000000001,0.5319,0.5561,0.63,0.5791000000000001,0.48550000000000004,0.5369,0.3597
2025-01-31,Arel,Sen2Cor,S2B_MSIL2A_20250131T113319_N0511_R080_T28QCH_20250131T170258.SAFE,C:\Users\Simon\Nextcloud\Project\Mauritania\Science\Arguin - FieldWork Data Processing\Data\S2\Sen2Cor\S2B_MSIL2A_20250131T113319_N0511_R080_T28QCH_20250131T170258.zip,405,9886,4247,342475.0,2201175.0,0.2607,0.376,0.456,0.5548000000000001,0.5727,0.5900000000000001,0.6033000000000001,0.6816,0.6158,0.5053,0.5716,0.4174
2025-01-31,Arel,Sen2Cor,S2B_MSIL2A_20250131T113319_N0511_R080_T28QCH_20250131T170258.SAFE,C:\Users\Simon\Nextcloud\Project\Mauritania\Science\Arguin - FieldWork Data Processing\Data\S2\Sen2Cor\S2B_MSIL2A_20250131T113319_N0511_R080_T28QCH_20250131T170258.zip,406,9886,4248,342485.0,2201175.0,0.2909,0.382,0.46440000000000003,0.5656,0.6101,0.6177,0.6328,0.6904,0.6508,0.6369,0.6037,0.44270000000000004
2025-01-31,Arel,Sen2Cor,S2B_MSIL2A_20250131T113319_N0511_R080_T28QCH_20250131T170258.SAFE,C:\Users\Simon\Nextcloud\Project\Mauritania\Science\Arguin - FieldWork Data Processing\Data\S2\Sen2Cor\S2B_MSIL2A_20250131T113319_N0511_R080_T28QCH_20250131T170258.zip,407,9886,4249,342495.0,2201175.0,0.2909,0.38480000000000003,0.4736,0.5800000000000001,0.6101,0.6177,0.6328,0.6988000000000001,0.6508,0.6369,0.6037,0.44270000000000004
2025-01-31,Arel,Sen2Cor,S2B_MSIL2A_20250131T113319_N0511_R080_T28QCH_20250131T170258.SAFE,C:\Users\Simon\Nextcloud\Project\Mauritania\Science\Arguin - FieldWork Data Processing\Data\S2\Sen2Cor\S2B_MSIL2A_20250131T113319_N0511_R080_T28QCH_20250131T170258.zip,408,9886,4250,342505.0,2201175.0,0.3111,0.3916,0.47200000000000003,0.5832,0.6045,0.6182000000000001,0.6301,0.7072,0.651,0.6369,0.604,0.44470000000000004
2025-01-31,Arel,Sen2Cor,S2B_MSIL2A_20250131T113319_N0511_R080_T28QCH_20250131T170258.SAFE,C:\Users\Simon\Nextcloud\Project\Mauritania\Science\Arguin - FieldWork Data Processing\Data\S2\Sen2Cor\S2B_MSIL2A_20250131T113319_N0511_R080_T28QCH_20250131T170258.zip,409,9886,4251,342515.0,2201175.0,0.3111,0.39640000000000003,0.47200000000000003,0.5836,0.6045,0.6182000000000001,0.6301,0.7052,0.651,0.6369,0.604,0.44470000000000004
2025-01-31,Arel,Sen2Cor,S2B_MSIL2A_20250131T113319_N0511_R080_T28QCH_20250131T170258.SAFE,C:\Users\Simon\Nextcloud\Project\Mauritania\Science\Arguin - FieldWork Data Processing\Data\S2\Sen2Cor\S2B_MSIL2A_20250131T113319_N0511_R080_T28QCH_20250131T170258.zip,410,9886,4252,342525.0,2201175.0,0.31570000000000004,0.38920000000000005,0.47440000000000004,0.5736,0.5965,0.6084,0.6263000000000001,0.6968000000000001,0.6483,0.6369,0.5996,0.4339
2025-01-31,Arel,Sen2Cor,S2B_MSIL2A_20250131T113319_N0511_R080_T28QCH_20250131T170258.SAFE,C:\Users\Simon\Nextcloud\Project\Mauritania\Science\Arguin - FieldWork Data Processing\Data\S2\Sen2Cor\S2B_MSIL2A_20250131T113319_N0511_R080_T28QCH_20250131T170258.zip,411,9886,4253,342535.0,2201175.0,0.31570000000000004,0.40240000000000004,0.47640000000000005,0.5876,0.5965,0.6084,0.6263000000000001,0.7064,0.6483,0.6369,0.5996,0.4339
2025-01-31,Arel,Sen2Cor,S2B_MSIL2A_20250131T113319_N0511_R080_T28QCH_20250131T170258.SAFE,C:\Users\Simon\Nextcloud\Project\Mauritania\Science\Arguin - FieldWork Data Processing\Data\S2\Sen2Cor\S2B_MSIL2A_20250131T113319_N0511_R080_T28QCH_20250131T170258.zip,412,9886,4254,342545.0,2201175.0,0.3124,0.4072,0.48600000000000004,0.596,0.6047,0.6125,0.6257,0.7052,0.6473,0.6409,0.5976,0.4284
2025-01-31,Arel,Sen2Cor,S2B_MSIL2A_20250131T113319_N0511_R080_T28QCH_20250131T170258.SAFE,C:\Users\Simon\Nextcloud\Project\Mauritania\Science\Arguin - FieldWork Data Processing\Data\S2\Sen2Cor\S2B_MSIL2A_20250131T113319_N0511_R080_T28QCH_20250131T170258.zip,413,9886,4255,342555.0,2201175.0,0.3124,0.4152,0.4928,0.5924,0.6047,0.6125,0.6257,0.7052,0.6473,0.6409,0.5976,0.4284
2025-01-31,Arel,Sen2Cor,S2B_MSIL2A_20250131T113319_N0511_R080_T28QCH_20250131T170258.SAFE,C:\Users\Simon\Nextcloud\Project\Mauritania\Science\Arguin - FieldWork Data Processing\Data\S2\Sen2Cor\S2B_MSIL2A_20250131T113319_N0511_R080_T28QCH_20250131T170258.zip,414,9886,4256,342565.0,2201175.0,0.3085,0.4096,0.4868,0.5876,0.5963,0.604,0.6173000000000001,0.6992,0.6389,0.6409,0.5991000000000001,0.4244
2025-01-31,Arel,Sen2Cor,S2B_MSIL2A_20250131T113319_N0511_R080_T28QCH_20250131T170258.SAFE,C:\Users\Simon\Nextcloud\Project\Mauritania\Science\Arguin - FieldWork Data Processing\Data\S2\Sen2Cor\S2B_MSIL2A_20250131T113319_N0511_R080_T28QCH_20250131T170258.zip,415,9886,4257,342575.0,2201175.0,0.3085,0.3904,0.46640000000000004,0.5640000000000001,0.5963,0.604,0.6173000000000001,0.6788000000000001,0.6389,0.6409,0.5991000000000001,0.4244
2025-01-31,Arel,Sen2Cor,S2B_MSIL2A_20250131T113319_N0511_R080_T28QCH_20250131T170258.SAFE,C:\Users\Simon\Nextcloud\Project\Mauritania\Science\Arguin - FieldWork Data Processing\Data\S2\Sen2Cor\S2B_MSIL2A_20250131T113319_N0511_R080_T28QCH_20250131T170258.zip,416,9886,4258,342585.0,2201175.0,0.30660000000000004,0.376,0.45280000000000004,0.548,0.5765,0.5877,0.6068,0.6688000000000001,0.6342,0.6409,0.5923,0.40740000000000004
2025-01-31,Arel,Sen2Cor,S2B_MSIL2A_20250131T113319_N0511_R080_T28QCH_20250131T170258.SAFE,C:\Users\Simon\Nextcloud\Project\Mauritania\Science\Arguin - FieldWork Data Processing\Data\S2\Sen2Cor\S2B_MSIL2A_20250131T113319_N0511_R080_T28QCH_20250131T170258.zip,417,9886,4259,342595.0,2201175.0,0.30660000000000004,0.3864,0.45640000000000003,0.5612,0.5765,0.5877,0.6068,0.6768000000000001,0.6342,0.6409,0.5923,0.40740000000000004
2025-01-31,Arel,Sen2Cor,S2B_MSIL2A_20250131T113319_N0511_R080_T28QCH_20250131T170258.SAFE,C:\Users\Simon\Nextcloud\Project\Mauritania\Science\Arguin - FieldWork Data Processing\Data\S2\Sen2Cor\S2B_MSIL2A_20250131T113319_N0511_R080_T28QCH_20250131T170258.zip,418,9886,4260,342605.0,2201175.0,0.30310000000000004,0.39280000000000004,0.4712,0.5736,0.5881000000000001,0.5940000000000001,0.6138,0.6928000000000001,0.6407,0.63,0.5830000000000001,0.38830000000000003
2025-01-31,Arel,Sen2Cor,S2B_MSIL2A_20250131T113319_N0511_R080_T28QCH_20250131T170258.SAFE,C:\Users\Simon\Nextcloud\Project\Mauritania\Science\Arguin - FieldWork Data Processing\Data\S2\Sen2Cor\S2B_MSIL2A_20250131T113319_N0511_R080_T28QCH_20250131T170258.zip,419,9886,4261,342615.0,2201175.0,0.30310000000000004,0.396,0.47600000000000003,0.5752,0.5881000000000001,0.5940000000000001,0.6138,0.7036,0.6407,0.63,0.5830000000000001,0.38830000000000003
2025-01-31,Arel,Sen2Cor,S2B_MSIL2A_20250131T113319_N0511_R080_T28QCH_20250131T170258.SAFE,C:\Users\Simon\Nextcloud\Project\Mauritania\Science\Arguin - FieldWork Data Processing\Data\S2\Sen2Cor\S2B_MSIL2A_20250131T113319_N0511_R080_T28QCH_20250131T170258.zip,420,9886,4262,342625.0,2201175.0,0.301,0.4052,0.4812,0.5824,0.5804,0.5997,0.6174000000000001,0.7088,0.6376000000000001,0.63,0.5780000000000001,0.3643
2025-01-31,Arel,Sen2Cor,S2B_MSIL2A_20250131T113319_N0511_R080_T28QCH_20250131T170258.SAFE,C:\Users\Simon\Nextcloud\Project\Mauritania\Science\Arguin - FieldWork Data Processing\Data\S2\Sen2Cor\S2B_MSIL2A_20250131T113319_N0511_R080_T28QCH_20250131T170258.zip,421,9886,4263,342635.0,2201175.0,0.301,0.3992,0.47000000000000003,0.5680000000000001,0.5804,0.5997,0.6174000000000001,0.6952,0.6376000000000001,0.63,0.5780000000000001,0.3643
2025-01-31,Arel,Sen2Cor,S2B_MSIL2A_20250131T113319_N0511_R080_T28QCH_20250131T170258.SAFE,C:\Users\Simon\Nextcloud\Project\Mauritania\Science\Arguin - FieldWork Data Processing\Data\S2\Sen2Cor\S2B_MSIL2A_20250131T113319_N0511_R080_T28QCH_20250131T170258.zip,422,9886,4264,342645.0,2201175.0,0.2995,0.3748,0.4368,0.5324,0.5444,0.5534,0.5778,0.666,0.62,0.63,0.5647,0.3467
2025-01-31,Arel,Sen2Cor,S2B_MSIL2A_20250131T113319_N0511_R080_T28QCH_20250131T170258.SAFE,C:\Users\Simon\Nextcloud\Project\Mauritania\Science\Arguin - FieldWork Data Processing\Data\S2\Sen2Cor\S2B_MSIL2A_20250131T113319_N0511_R080_T28QCH_20250131T170258.zip,423,9886,4265,342655.0,2201175.0,0.2995,0.3492,0.4132,0.5036,0.5444,0.5534,0.5778,0.648,0.62,0.63,0.5647,0.3467
2025-01-31,Arel,Sen2Cor,S2B_MSIL2A_20250131T113319_N0511_R080_T28QCH_20250131T170258.SAFE,C:\Users\Simon\Nextcloud\Project\Mauritania\Science\Arguin - FieldWork Data Processing\Data\S2\Sen2Cor\S2B_MSIL2A_20250131T113319_N0511_R080_T28QCH_20250131T170258.zip,424,9886,4266,342665.0,2201175.0,0.298,0.34840000000000004,0.41240000000000004,0.5008,0.5263,0.5511,0.5729000000000001,0.6368,0.6094,0.5987,0.5666,0.3563
2025-01-31,Arel,Sen2Cor,S2B_MSIL2A_20250131T113319_N0511_R080_T28QCH_20250131T170258.SAFE,C:\Users\Simon\Nextcloud\Project\Mauritania\Science\Arguin - FieldWork Data Processing\Data\S2\Sen2Cor\S2B_MSIL2A_20250131T113319_N0511_R080_T28QCH_20250131T170258.zip,425,9886,4267,342675.0,2201175.0,0.298,0.3664,0.4264,0.5204,0.5263,0.5511,0.5729000000000001,0.654,0.6094,0.5987,0.5666,0.3563
2025-01-31,Arel,Sen2Cor,S2B_MSIL2A_20250131T113319_N0511_R080_T28QCH_20250131T170258.SAFE,C:\Users\Simon\Nextcloud\Project\Mauritania\Science\Arguin - FieldWork Data Processing\Data\S2\Sen2Cor\S2B_MSIL2A_20250131T113319_N0511_R080_T28QCH_20250131T170258.zip,426,9886,4268,342685.0,2201175.0,0.2959,0.3672,0.42800000000000005,0.5172,0.5363,0.542,0.5729000000000001,0.6524,0.6044,0.5987,0.5623,0.3584
2025-01-31,Arel,Sen2Cor,S2B_MSIL2A_20250131T113319_N0511_R080_T28QCH_20250131T170258.SAFE,C:\Users\Simon\Nextcloud\Project\Mauritania\Science\Arguin - FieldWork Data Processing\Data\S2\Sen2Cor\S2B_MSIL2A_20250131T113319_N0511_R080_T28QCH_20250131T170258.zip,427,9886,4269,342695.0,2201175.0,0.2959,0.36000000000000004,0.4188,0.514,0.5363,0.542,0.5729000000000001,0.648,0.6044,0.5987,0.5623,0.3584
2025-01-31,Arel,Sen2Cor,S2B_MSIL2A_20250131T113319_N0511_R080_T28QCH_20250131T170258.SAFE,C:\Users\Simon\Nextcloud\Project\Mauritania\Science\Arguin - FieldWork Data Processing\Data\S2\Sen2Cor\S2B_MSIL2A_20250131T113319_N0511_R080_T28QCH_20250131T170258.zip,428,9886,4270,342705.0,2201175.0,0.2983,0.37120000000000003,0.43960000000000005,0.5244,0.5412,0.551,0.5713,0.654,0.6129,0.5987,0.5581,0.3457
2025-01-31,Arel,Sen2Cor,S2B_MSIL2A_20250131T113319_N0511_R080_T28QCH_20250131T170258.SAFE,C:\Users\Simon\Nextcloud\Project\Mauritania\Science\Arguin - FieldWork Data Processing\Data\S2\Sen2Cor\S2B_MSIL2A_20250131T113319_N0511_R080_T28QCH_20250131T170258.zip,429,9886,4271,342715.0,2201175.0,0.2983,0.3632,0.4252,0.5096,0.5412,0.551,0.5713,0.6392,0.6129,0.5987,0.5581,0.3457
2025-01-31,Arel,Sen2Cor,S2B_MSIL2A_20250131T113319_N0511_R080_T28QCH_20250131T170258.SAFE,C:\Users\Simon\Nextcloud\Project\Mauritania\Science\Arguin - FieldWork Data Processing\Data\S2\Sen2Cor\S2B_MSIL2A_20250131T113319_N0511_R080_T28QCH_20250131T170258.zip,430,9886,4272,342725.0,2201175.0,0.3013,0.388,0.44320000000000004,0.518,0.5521,0.5672,0.5897,0.6552,0.6238,0.6028,0.5680000000000001,0.3458
2025-01-31,Arel,Sen2Cor,S2B_MSIL2A_20250131T113319_N0511_R080_T28QCH_20250131T170258.SAFE,C:\Users\Simon\Nextcloud\Project\Mauritania\Science\Arguin - FieldWork Data Processing\Data\S2\Sen2Cor\S2B_MSIL2A_20250131T113319_N0511_R080_T28QCH_20250131T170258.zip,431,9886,4273,342735.0,2201175.0,0.3013,0.402,0.45280000000000004,0.5352,0.5521,0.5672,0.5897,0.6664,0.6238,0.6028,0.5680000000000001,0.3458
2025-01-31,Arel,Sen2Cor,S2B_MSIL2A_20250131T113319_N0511_R080_T28QCH_20250131T170258.SAFE,C:\Users\Simon\Nextcloud\Project\Mauritania\Science\Arguin - FieldWork Data Processing\Data\S2\Sen2Cor\S2B_MSIL2A_20250131T113319_N0511_R080_T28QCH_20250131T170258.zip,432,9886,4274,342745.0,2201175.0,0.29410000000000003,0.4036,0.45880000000000004,0.5268,0.5423,0.5478000000000001,0.5775,0.6608,0.6138,0.6028,0.5576,0.3528
2025-01-31,Arel,Sen2Cor,S2B_MSIL2A_20250131T113319_N0511_R080_T28QCH_20250131T170258.SAFE,C:\Users\Simon\Nextcloud\Project\Mauritania\Science\Arguin - FieldWork Data Processing\Data\S2\Sen2Cor\S2B_MSIL2A_20250131T113319_N0511_R080_T28QCH_20250131T170258.zip,433,9886,4275,342755.0,2201175.0,0.29410000000000003,0.3748,0.4188,0.5,0.5423,0.5478000000000001,0.5775,0.6336,0.6138,0.6028,0.5576,0.3528
2025-01-31,Arel,Sen2Cor,S2B_MSIL2A_20250131T113319_N0511_R080_T28QCH_20250131T170258.SAFE,C:\Users\Simon\Nextcloud\Project\Mauritania\Science\Arguin - FieldWork Data Processing\Data\S2\Sen2Cor\S2B_MSIL2A_20250131T113319_N0511_R080_T28QCH_20250131T170258.zip,434,9886,4276,342765.0,2201175.0,0.2717,0.3668,0.42360000000000003,0.4928,0.5172,0.5362,0.5504,0.6248,0.5936,0.6028,0.538,0.3441
2025-01-31,Arel,Sen2Cor,S2B_MSIL2A_20250131T113319_N0511_R080_T28QCH_20250131T170258.SAFE,C:\Users\Simon\Nextcloud\Project\Mauritania\Science\Arguin - FieldWork Data Processing\Data\S2\Sen2Cor\S2B_MSIL2A_20250131T113319_N0511_R080_T28QCH_20250131T170258.zip,435,9886,4277,342775.0,2201175.0,0.2717,0.3744,0.42800000000000005,0.5008,0.5172,0.5362,0.5504,0.6276,0.5936,0.6028,0.538,0.3441
2025-01-31,Arel,Sen2Cor,S2B_MSIL2A_20250131T113319_N0511_R080_T28QCH_20250131T170258.SAFE,C:\Users\Simon\Nextcloud\Project\Mauritania\Science\Arguin - FieldWork Data Processing\Data\S2\Sen2Cor\S2B_MSIL2A_20250131T113319_N0511_R080_T28QCH_20250131T170258.zip,436,9887,4247,342475.0,2201165.0,0.2607,0.3992,0.4768,0.5892000000000001,0.5727,0.5900000000000001,0.6033000000000001,0.7052,0.6158,0.5053,0.5716,0.4174
2025-01-31,Arel,Sen2Cor,S2B_MSIL2A_20250131T113319_N0511_R080_T28QCH_20250131T170258.SAFE,C:\Users\Simon\Nextcloud\Project\Mauritania\Science\Arguin - FieldWork Data Processing\Data\S2\Sen2Cor\S2B_MSIL2A_20250131T113319_N0511_R080_T28QCH_20250131T170258.zip,437,9887,4248,342485.0,2201165.0,0.2909,0.38720000000000004,0.4796,0.5916,0.6101,0.6177,0.6328,0.7164,0.6508,0.6369,0.6037,0.44270000000000004
2025-01-31,Arel,Sen2Cor,S2B_MSIL2A_20250131T113319_N0511_R080_T28QCH_20250131T170258.SAFE,C:\Users\Simon\Nextcloud\Project\Mauritania\Science\Arguin - FieldWork Data Processing\Data\S2\Sen2Cor\S2B_MSIL2A_20250131T113319_N0511_R080_T28QCH_20250131T170258.zip,438,9887,4249,342495.0,2201165.0,0.2909,0.3776,0.47600000000000003,0.5900000000000001,0.6101,0.6177,0.6328,0.7116,0.6508,0.6369,0.6037,0.44270000000000004
2025-01-31,Arel,Sen2Cor,S2B_MSIL2A_20250131T113319_N0511_R080_T28QCH_20250131T170258.SAFE,C:\Users\Simon\Nextcloud\Project\Mauritania\Science\Arguin - FieldWork Data Processing\Data\S2\Sen2Cor\S2B_MSIL2A_20250131T113319_N0511_R080_T28QCH_20250131T170258.zip,439,9887,4250,342505.0,2201165.0,0.3111,0.37160000000000004,0.46440000000000003,0.5804,0.6045,0.6182000000000001,0.6301,0.6968000000000001,0.651,0.6369,0.604,0.44470000000000004
2025-01-31,Arel,Sen2Cor,S2B_MSIL2A_20250131T113319_N0511_R080_T28QCH_20250131T170258.SAFE,C:\Users\Simon\Nextcloud\Project\Mauritania\Science\Arguin - FieldWork Data Processing\Data\S2\Sen2Cor\S2B_MSIL2A_20250131T113319_N0511_R080_T28QCH_20250131T170258.zip,440,9887,4251,342515.0,2201165.0,0.3111,0.38880000000000003,0.47440000000000004,0.5812,0.6045,0.6182000000000001,0.6301,0.6988000000000001,0.651,0.6369,0.604,0.44470000000000004
2025-01-31,Arel,Sen2Cor,S2B_MSIL2A_20250131T113319_N0511_R080_T28QCH_20250131T170258.SAFE,C:\Users\Simon\Nextcloud\Project\Mauritania\Science\Arguin - FieldWork Data Processing\Data\S2\Sen2Cor\S2B_MSIL2A_20250131T113319_N0511_R080_T28QCH_20250131T170258.zip,441,9887,4252,342525.0,2201165.0,0.31570000000000004,0.396,0.47840000000000005,0.5812,0.5965,0.6084,0.6263000000000001,0.7016,0.6483,0.6369,0.5996,0.4339
2025-01-31,Arel,Sen2Cor,S2B_MSIL2A_20250131T113319_N0511_R080_T28QCH_20250131T170258.SAFE,C:\Users\Simon\Nextcloud\Project\Mauritania\Science\Arguin - FieldWork Data Processing\Data\S2\Sen2Cor\S2B_MSIL2A_20250131T113319_N0511_R080_T28QCH_20250131T170258.zip,442,9887,4253,342535.0,2201165.0,0.31570000000000004,0.3952,0.47640000000000005,0.5856,0.5965,0.6084,0.6263000000000001,0.6940000000000001,0.6483,0.6369,0.5996,0.4339
2025-01-31,Arel,Sen2Cor,S2B_MSIL2A_20250131T113319_N0511_R080_T28QCH_20250131T170258.SAFE,C:\Users\Simon\Nextcloud\Project\Mauritania\Science\Arguin - FieldWork Data Processing\Data\S2\Sen2Cor\S2B_MSIL2A_20250131T113319_N0511_R080_T28QCH_20250131T170258.zip,443,9887,4254,342545.0,2201165.0,0.3124,0.402,0.47640000000000005,0.5860000000000001,0.6047,0.6125,0.6257,0.7008,0.6473,0.6409,0.5976,0.4284
2025-01-31,Arel,Sen2Cor,S2B_MSIL2A_20250131T113319_N0511_R080_T28QCH_20250131T170258.SAFE,C:\Users\Simon\Nextcloud\Project\Mauritania\Science\Arguin - FieldWork Data Processing\Data\S2\Sen2Cor\S2B_MSIL2A_20250131T113319_N0511_R080_T28QCH_20250131T170258.zip,444,9887,4255,342555.0,2201165.0,0.3124,0.39840000000000003,0.4808,0.5812,0.6047,0.6125,0.6257,0.6976,0.6473,0.6409,0.5976,0.4284
2025-01-31,Arel,Sen2Cor,S2B_MSIL2A_20250131T113319_N0511_R080_T28QCH_20250131T170258.SAFE,C:\Users\Simon\Nextcloud\Project\Mauritania\Science\Arguin - FieldWork Data Processing\Data\S2\Sen2Cor\S2B_MSIL2A_20250131T113319_N0511_R080_T28QCH_20250131T170258.zip,445,9887,4256,342565.0,2201165.0,0.3085,0.4016,0.48040000000000005,0.5856,0.5963,0.604,0.6173000000000001,0.6928000000000001,0.6389,0.6409,0.5991000000000001,0.4244
2025-01-31,Arel,Sen2Cor,S2B_MSIL2A_20250131T113319_N0511_R080_T28QCH_20250131T170258.SAFE,C:\Users\Simon\Nextcloud\Project\Mauritania\Science\Arguin - FieldWork Data Processing\Data\S2\Sen2Cor\S2B_MSIL2A_20250131T113319_N0511_R080_T28QCH_20250131T170258.zip,446,9887,4257,342575.0,2201165.0,0.3085,0.392,0.46840000000000004,0.5748,0.5963,0.604,0.6173000000000001,0.6816,0.6389,0.6409,0.5991000000000001,0.4244
2025-01-31,Arel,Sen2Cor,S2B_MSIL2A_20250131T113319_N0511_R080_T28QCH_20250131T170258.SAFE,C:\Users\Simon\Nextcloud\Project\Mauritania\Science\Arguin - FieldWork Data Processing\Data\S2\Sen2Cor\S2B_MSIL2A_20250131T113319_N0511_R080_T28QCH_20250131T170258.zip,447,9887,4258,342585.0,2201165.0,0.30660000000000004,0.3836,0.4672,0.5612,0.5765,0.5877,0.6068,0.6812,0.6342,0.6409,0.5923,0.40740000000000004
2025-01-31,Arel,Sen2Cor,S2B_MSIL2A_20250131T113319_N0511_R080_T28QCH_20250131T170258.SAFE,C:\Users\Simon\Nextcloud\Project\Mauritania\Science\Arguin - FieldWork Data Processing\Data\S2\Sen2Cor\S2B_MSIL2A_20250131T113319_N0511_R080_T28QCH_20250131T170258.zip,448,9887,4259,342595.0,2201165.0,0.30660000000000004,0.38880000000000003,0.46440000000000003,0.5596,0.5765,0.5877,0.6068,0.6832,0.6342,0.6409,0.5923,0.40740000000000004
2025-01-31,Arel,Sen2Cor,S2B_MSIL2A_20250131T113319_N0511_R080_T28QCH_20250131T170258.SAFE,C:\Users\Simon\Nextcloud\Project\Mauritania\Science\Arguin - FieldWork Data Processing\Data\S2\Sen2Cor\S2B_MSIL2A_20250131T113319_N0511_R080_T28QCH_20250131T170258.zip,449,9887,4260,342605.0,2201165.0,0.30310000000000004,0.382,0.46280000000000004,0.5680000000000001,0.5881000000000001,0.5940000000000001,0.6138,0.6896,0.6407,0.63,0.5830000000000001,0.38830000000000003
2025-01-31,Arel,Sen2Cor,S2B_MSIL2A_20250131T113319_N0511_R080_T28QCH_20250131T170258.SAFE,C:\Users\Simon\Nextcloud\Project\Mauritania\Science\Arguin - FieldWork Data Processing\Data\S2\Sen2Cor\S2B_MSIL2A_20250131T113319_N0511_R080_T28QCH_20250131T170258.zip,450,9887,4261,342615.0,2201165.0,0.30310000000000004,0.3764,0.4572,0.5636,0.5881000000000001,0.5940000000000001,0.6138,0.6916,0.6407,0.63,0.5830000000000001,0.38830000000000003
2025-01-31,Arel,Sen2Cor,S2B_MSIL2A_20250131T113319_N0511_R080_T28QCH_20250131T170258.SAFE,C:\Users\Simon\Nextcloud\Project\Mauritania\Science\Arguin - FieldWork Data Processing\Data\S2\Sen2Cor\S2B_MSIL2A_20250131T113319_N0511_R080_T28QCH_20250131T170258.zip,451,9887,4262,342625.0,2201165.0,0.301,0.38720000000000004,0.4656,0.5688,0.5804,0.5997,0.6174000000000001,0.6960000000000001,0.6376000000000001,0.63,0.5780000000000001,0.3643
2025-01-31,Arel,Sen2Cor,S2B_MSIL2A_20250131T113319_N0511_R080_T28QCH_20250131T170258.SAFE,C:\Users\Simon\Nextcloud\Project\Mauritania\Science\Arguin - FieldWork Data Processing\Data\S2\Sen2Cor\S2B_MSIL2A_20250131T113319_N0511_R080_T28QCH_20250131T170258.zip,452,9887,4263,342635.0,2201165.0,0.301,0.3924,0.46080000000000004,0.5552,0.5804,0.5997,0.6174000000000001,0.6928000000000001,0.6376000000000001,0.63,0.5780000000000001,0.3643
2025-01-31,Arel,Sen2Cor,S2B_MSIL2A_20250131T113319_N0511_R080_T28QCH_20250131T170258.SAFE,C:\Users\Simon\Nextcloud\Project\Mauritania\Science\Arguin - FieldWork Data Processing\Data\S2\Sen2Cor\S2B_MSIL2A_20250131T113319_N0511_R080_T28QCH_20250131T170258.zip,453,9887,4264,342645.0,2201165.0,0.2995,0.3764,0.4464,0.5324,0.5444,0.5534,0.5778,0.666,0.62,0.63,0.5647,0.3467
2025-01-31,Arel,Sen2Cor,S2B_MSIL2A_20250131T113319_N0511_R080_T28QCH_20250131T170258.SAFE,C:\Users\Simon\Nextcloud\Project\Mauritania\Science\Arguin - FieldWork Data Processing\Data\S2\Sen2Cor\S2B_MSIL2A_20250131T113319_N0511_R080_T28QCH_20250131T170258.zip,454,9887,4265,342655.0,2201165.0,0.2995,0.3632,0.4312,0.5108,0.5444,0.5534,0.5778,0.6504,0.62,0.63,0.5647,0.3467
2025-01-31,Arel,Sen2Cor,S2B_MSIL2A_20250131T113319_N0511_R080_T28QCH_20250131T170258.SAFE,C:\Users\Simon\Nextcloud\Project\Mauritania\Science\Arguin - FieldWork Data Processing\Data\S2\Sen2Cor\S2B_MSIL2A_20250131T113319_N0511_R080_T28QCH_20250131T170258.zip,455,9887,4266,342665.0,2201165.0,0.298,0.3804,0.43520000000000003,0.5208,0.5263,0.5511,0.5729000000000001,0.6576000000000001,0.6094,0.5987,0.5666,0.3563
2025-01-31,Arel,Sen2Cor,S2B_MSIL2A_20250131T113319_N0511_R080_T28QCH_20250131T170258.SAFE,C:\Users\Simon\Nextcloud\Project\Mauritania\Science\Arguin - FieldWork Data Processing\Data\S2\Sen2Cor\S2B_MSIL2A_20250131T113319_N0511_R080_T28QCH_20250131T170258.zip,456,9887,4267,342675.0,2201165.0,0.298,0.37920000000000004,0.4388,0.5272,0.5263,0.5511,0.5729000000000001,0.6596000000000001,0.6094,0.5987,0.5666,0.3563
2025-01-31,Arel,Sen2Cor,S2B_MSIL2A_20250131T113319_N0511_R080_T28QCH_20250131T170258.SAFE,C:\Users\Simon\Nextcloud\Project\Mauritania\Science\Arguin - FieldWork Data Processing\Data\S2\Sen2Cor\S2B_MSIL2A_20250131T113319_N0511_R080_T28QCH_20250131T170258.zip,457,9887,4268,342685.0,2201165.0,0.2959,0.36920000000000003,0.4156,0.5096,0.5363,0.542,0.5729000000000001,0.6412,0.6044,0.5987,0.5623,0.3584
2025-01-31,Arel,Sen2Cor,S2B_MSIL2A_20250131T113319_N0511_R080_T28QCH_20250131T170258.SAFE,C:\Users\Simon\Nextcloud\Project\Mauritania\Science\Arguin - FieldWork Data Processing\Data\S2\Sen2Cor\S2B_MSIL2A_20250131T113319_N0511_R080_T28QCH_20250131T170258.zip,458,9887,4269,342695.0,2201165.0,0.2959,0.3664,0.4156,0.5024000000000001,0.5363,0.542,0.5729000000000001,0.6268,0.6044,0.5987,0.5623,0.3584
2025-01-31,Arel,Sen2Cor,S2B_MSIL2A_20250131T113319_N0511_R080_T28QCH_20250131T170258.SAFE,C:\Users\Simon\Nextcloud\Project\Mauritania\Science\Arguin - FieldWork Data Processing\Data\S2\Sen2Cor\S2B_MSIL2A_20250131T113319_N0511_R080_T28QCH_20250131T170258.zip,459,9887,4270,342705.0,2201165.0,0.2983,0.3884,0.44,0.5208,0.5412,0.551,0.5713,0.65,0.6129,0.5987,0.5581,0.3457
2025-01-31,Arel,Sen2Cor,S2B_MSIL2A_20250131T113319_N0511_R080_T28QCH_20250131T170258.SAFE,C:\Users\Simon\Nextcloud\Project\Mauritania\Science\Arguin - FieldWork Data Processing\Data\S2\Sen2Cor\S2B_MSIL2A_20250131T113319_N0511_R080_T28QCH_20250131T170258.zip,460,9887,4271,342715.0,2201165.0,0.2983,0.3884,0.4388,0.5196000000000001,0.5412,0.551,0.5713,0.6484,0.6129,0.5987,0.5581,0.3457
2025-01-31,Arel,Sen2Cor,S2B_MSIL2A_20250131T113319_N0511_R080_T28QCH_20250131T170258.SAFE,C:\Users\Simon\Nextcloud\Project\Mauritania\Science\Arguin - FieldWork Data Processing\Data\S2\Sen2Cor\S2B_MSIL2A_20250131T113319_N0511_R080_T28QCH_20250131T170258.zip,461,9887,4272,342725.0,2201165.0,0.3013,0.4156,0.47040000000000004,0.5384,0.5521,0.5672,0.5897,0.674,0.6238,0.6028,0.5680000000000001,0.3458
2025-01-31,Arel,Sen2Cor,S2B_MSIL2A_20250131T113319_N0511_R080_T28QCH_20250131T170258.SAFE,C:\Users\Simon\Nextcloud\Project\Mauritania\Science\Arguin - FieldWork Data Processing\Data\S2\Sen2Cor\S2B_MSIL2A_20250131T113319_N0511_R080_T28QCH_20250131T170258.zip,462,9887,4273,342735.0,2201165.0,0.3013,0.42800000000000005,0.4848,0.5592,0.5521,0.5672,0.5897,0.6852,0.6238,0.6028,0.5680000000000001,0.3458
2025-01-31,Arel,Sen2Cor,S2B_MSIL2A_20250131T113319_N0511_R080_T28QCH_20250131T170258.SAFE,C:\Users\Simon\Nextcloud\Project\Mauritania\Science\Arguin - FieldWork Data Processing\Data\S2\Sen2Cor\S2B_MSIL2A_20250131T113319_N0511_R080_T28QCH_20250131T170258.zip,463,9887,4274,342745.0,2201165.0,0.29410000000000003,0.406,0.45520000000000005,0.5308,0.5423,0.5478000000000001,0.5775,0.6712,0.6138,0.6028,0.5576,0.3528
2025-01-31,Arel,Sen2Cor,S2B_MSIL2A_20250131T113319_N0511_R080_T28QCH_20250131T170258.SAFE,C:\Users\Simon\Nextcloud\Project\Mauritania\Science\Arguin - FieldWork Data Processing\Data\S2\Sen2Cor\S2B_MSIL2A_20250131T113319_N0511_R080_T28QCH_20250131T170258.zip,464,9887,4275,342755.0,2201165.0,0.29410000000000003,0.3632,0.4228,0.5048,0.5423,0.5478000000000001,0.5775,0.6348,0.6138,0.6028,0.5576,0.3528
2025-01-31,Arel,Sen2Cor,S2B_MSIL2A_20250131T113319_N0511_R080_T28QCH_20250131T170258.SAFE,C:\Users\Simon\Nextcloud\Project\Mauritania\Science\Arguin - FieldWork Data Processing\Data\S2\Sen2Cor\S2B_MSIL2A_20250131T113319_N0511_R080_T28QCH_20250131T170258.zip,465,9887,4276,342765.0,2201165.0,0.2717,0.3628,0.4156,0.49400000000000005,0.5172,0.5362,0.5504,0.6276,0.5936,0.6028,0.538,0.3441
2025-01-31,Arel,Sen2Cor,S2B_MSIL2A_20250131T113319_N0511_R080_T28QCH_20250131T170258.SAFE,C:\Users\Simon\Nextcloud\Project\Mauritania\Science\Arguin - FieldWork Data Processing\Data\S2\Sen2Cor\S2B_MSIL2A_20250131T113319_N0511_R080_T28QCH_20250131T170258.zip,466,9887,4277,342775.0,2201165.0,0.2717,0.35960000000000003,0.4132,0.4892,0.5172,0.5362,0.5504,0.628,0.5936,0.6028,0.538,0.3441
2025-01-31,Arel,Sen2Cor,S2B_MSIL2A_20250131T113319_N0511_R080_T28QCH_20250131T170258.SAFE,C:\Users\Simon\Nextcloud\Project\Mauritania\Science\Arguin - FieldWork Data Processing\Data\S2\Sen2Cor\S2B_MSIL2A_20250131T113319_N0511_R080_T28QCH_20250131T170258.zip,467,9888,4247,342475.0,2201155.0,0.26480000000000004,0.3936,0.4872,0.5972000000000001,0.6013000000000001,0.5988,0.6249,0.7256,0.648,0.5433,0.5978,0.4373
2025-01-31,Arel,Sen2Cor,S2B_MSIL2A_20250131T113319_N0511_R080_T28QCH_20250131T170258.SAFE,C:\Users\Simon\Nextcloud\Project\Mauritania\Science\Arguin - FieldWork Data Processing\Data\S2\Sen2Cor\S2B_MSIL2A_20250131T113319_N0511_R080_T28QCH_20250131T170258.zip,468,9888,4248,342485.0,2201155.0,0.2926,0.38920000000000005,0.4828,0.5916,0.6081,0.625,0.643,0.7176,0.6541,0.6368,0.6177,0.4531
2025-01-31,Arel,Sen2Cor,S2B_MSIL2A_20250131T113319_N0511_R080_T28QCH_20250131T170258.SAFE,C:\Users\Simon\Nextcloud\Project\Mauritania\Science\Arguin - FieldWork Data Processing\Data\S2\Sen2Cor\S2B_MSIL2A_20250131T113319_N0511_R080_T28QCH_20250131T170258.zip,469,9888,4249,342495.0,2201155.0,0.2926,0.38280000000000003,0.47440000000000004,0.5816,0.6081,0.625,0.643,0.7104,0.6541,0.6368,0.6177,0.4531
2025-01-31,Arel,Sen2Cor,S2B_MSIL2A_20250131T113319_N0511_R080_T28QCH_20250131T170258.SAFE,C:\Users\Simon\Nextcloud\Project\Mauritania\Science\Arguin - FieldWork Data Processing\Data\S2\Sen2Cor\S2B_MSIL2A_20250131T113319_N0511_R080_T28QCH_20250131T170258.zip,470,9888,4250,342505.0,2201155.0,0.3094,0.3728,0.46640000000000004,0.5752,0.5953,0.6081,0.623,0.6888000000000001,0.6401,0.6368,0.6008,0.447
2025-01-31,Arel,Sen2Cor,S2B_MSIL2A_20250131T113319_N0511_R080_T28QCH_20250131T170258.SAFE,C:\Users\Simon\Nextcloud\Project\Mauritania\Science\Arguin - FieldWork Data Processing\Data\S2\Sen2Cor\S2B_MSIL2A_20250131T113319_N0511_R080_T28QCH_20250131T170258.zip,471,9888,4251,342515.0,2201155.0,0.3094,0.38720000000000004,0.4672,0.5760000000000001,0.5953,0.6081,0.623,0.6872,0.6401,0.6368,0.6008,0.447
2025-01-31,Arel,Sen2Cor,S2B_MSIL2A_20250131T113319_N0511_R080_T28QCH_20250131T170258.SAFE,C:\Users\Simon\Nextcloud\Project\Mauritania\Science\Arguin - FieldWork Data Processing\Data\S2\Sen2Cor\S2B_MSIL2A_20250131T113319_N0511_R080_T28QCH_20250131T170258.zip,472,9888,4252,342525.0,2201155.0,0.3121,0.38280000000000003,0.46840000000000004,0.5776,0.5964,0.6038,0.6236,0.6904,0.6396000000000001,0.6368,0.596,0.4385
2025-01-31,Arel,Sen2Cor,S2B_MSIL2A_20250131T113319_N0511_R080_T28QCH_20250131T170258.SAFE,C:\Users\Simon\Nextcloud\Project\Mauritania\Science\Arguin - FieldWork Data Processing\Data\S2\Sen2Cor\S2B_MSIL2A_20250131T113319_N0511_R080_T28QCH_20250131T170258.zip,473,9888,4253,342535.0,2201155.0,0.3121,0.384,0.47200000000000003,0.5748,0.5964,0.6038,0.6236,0.686,0.6396000000000001,0.6368,0.596,0.4385
2025-01-31,Arel,Sen2Cor,S2B_MSIL2A_20250131T113319_N0511_R080_T28QCH_20250131T170258.SAFE,C:\Users\Simon\Nextcloud\Project\Mauritania\Science\Arguin - FieldWork Data Processing\Data\S2\Sen2Cor\S2B_MSIL2A_20250131T113319_N0511_R080_T28QCH_20250131T170258.zip,474,9888,4254,342545.0,2201155.0,0.305,0.3952,0.4756,0.5788,0.5961000000000001,0.6064,0.6271,0.6968000000000001,0.6395000000000001,0.6314000000000001,0.5994,0.43060000000000004
2025-01-31,Arel,Sen2Cor,S2B_MSIL2A_20250131T113319_N0511_R080_T28QCH_20250131T170258.SAFE,C:\Users\Simon\Nextcloud\Project\Mauritania\Science\Arguin - FieldWork Data Processing\Data\S2\Sen2Cor\S2B_MSIL2A_20250131T113319_N0511_R080_T28QCH_20250131T170258.zip,475,9888,4255,342555.0,2201155.0,0.305,0.4,0.4808,0.5812,0.5961000000000001,0.6064,0.6271,0.6932,0.6395000000000001,0.6314000000000001,0.5994,0.43060000000000004
2025-01-31,Arel,Sen2Cor,S2B_MSIL2A_20250131T113319_N0511_R080_T28QCH_20250131T170258.SAFE,C:\Users\Simon\Nextcloud\Project\Mauritania\Science\Arguin - FieldWork Data Processing\Data\S2\Sen2Cor\S2B_MSIL2A_20250131T113319_N0511_R080_T28QCH_20250131T170258.zip,476,9888,4256,342565.0,2201155.0,0.2993,0.3956,0.4796,0.5788,0.5907,0.6021000000000001,0.6207,0.6972,0.6434000000000001,0.6314000000000001,0.5991000000000001,0.4262
2025-01-31,Arel,Sen2Cor,S2B_MSIL2A_20250131T113319_N0511_R080_T28QCH_20250131T170258.SAFE,C:\Users\Simon\Nextcloud\Project\Mauritania\Science\Arguin - FieldWork Data Processing\Data\S2\Sen2Cor\S2B_MSIL2A_20250131T113319_N0511_R080_T28QCH_20250131T170258.zip,477,9888,4257,342575.0,2201155.0,0.2993,0.39080000000000004,0.46840000000000004,0.5760000000000001,0.5907,0.6021000000000001,0.6207,0.7020000000000001,0.6434000000000001,0.6314000000000001,0.5991000000000001,0.4262
2025-01-31,Arel,Sen2Cor,S2B_MSIL2A_20250131T113319_N0511_R080_T28QCH_20250131T170258.SAFE,C:\Users\Simon\Nextcloud\Project\Mauritania\Science\Arguin - FieldWork Data Processing\Data\S2\Sen2Cor\S2B_MSIL2A_20250131T113319_N0511_R080_T28QCH_20250131T170258.zip,478,9888,4258,342585.0,2201155.0,0.2975,0.38920000000000005,0.4676,0.5644,0.5707,0.5824,0.6037,0.682,0.6355000000000001,0.6314000000000001,0.5888,0.39880000000000004
2025-01-31,Arel,Sen2Cor,S2B_MSIL2A_20250131T113319_N0511_R080_T28QCH_20250131T170258.SAFE,C:\Users\Simon\Nextcloud\Project\Mauritania\Science\Arguin - FieldWork Data Processing\Data\S2\Sen2Cor\S2B_MSIL2A_20250131T113319_N0511_R080_T28QCH_20250131T170258.zip,479,9888,4259,342595.0,2201155.0,0.2975,0.37920000000000004,0.446,0.5488000000000001,0.5707,0.5824,0.6037,0.6756,0.6355000000000001,0.6314000000000001,0.5888,0.39880000000000004
2025-01-31,Arel,Sen2Cor,S2B_MSIL2A_20250131T113319_N0511_R080_T28QCH_20250131T170258.SAFE,C:\Users\Simon\Nextcloud\Project\Mauritania\Science\Arguin - FieldWork Data Processing\Data\S2\Sen2Cor\S2B_MSIL2A_20250131T113319_N0511_R080_T28QCH_20250131T170258.zip,480,9888,4260,342605.0,2201155.0,0.29660000000000003,0.3708,0.4484,0.5448000000000001,0.5629000000000001,0.5786,0.603,0.6828000000000001,0.6325000000000001,0.613,0.5780000000000001,0.3753
2025-01-31,Arel,Sen2Cor,S2B_MSIL2A_20250131T113319_N0511_R080_T28QCH_20250131T170258.SAFE,C:\Users\Simon\Nextcloud\Project\Mauritania\Science\Arguin - FieldWork Data Processing\Data\S2\Sen2Cor\S2B_MSIL2A_20250131T113319_N0511_R080_T28QCH_20250131T170258.zip,481,9888,4261,342615.0,2201155.0,0.29660000000000003,0.37160000000000004,0.444,0.5464,0.5629000000000001,0.5786,0.603,0.6876,0.6325000000000001,0.613,0.5780000000000001,0.3753
2025-01-31,Arel,Sen2Cor,S2B_MSIL2A_20250131T113319_N0511_R080_T28QCH_20250131T170258.SAFE,C:\Users\Simon\Nextcloud\Project\Mauritania\Science\Arguin - FieldWork Data Processing\Data\S2\Sen2Cor\S2B_MSIL2A_20250131T113319_N0511_R080_T28QCH_20250131T170258.zip,482,9888,4262,342625.0,2201155.0,0.2963,0.3668,0.44720000000000004,0.5504,0.5630000000000001,0.5763,0.5994,0.6896,0.6345000000000001,0.613,0.5699000000000001,0.3443
2025-01-31,Arel,Sen2Cor,S2B_MSIL2A_20250131T113319_N0511_R080_T28QCH_20250131T170258.SAFE,C:\Users\Simon\Nextcloud\Project\Mauritania\Science\Arguin - FieldWork Data Processing\Data\S2\Sen2Cor\S2B_MSIL2A_20250131T113319_N0511_R080_T28QCH_20250131T170258.zip,483,9888,4263,342635.0,2201155.0,0.2963,0.36960000000000004,0.4476,0.5428000000000001,0.5630000000000001,0.5763,0.5994,0.682,0.6345000000000001,0.613,0.5699000000000001,0.3443
2025-01-31,Arel,Sen2Cor,S2B_MSIL2A_20250131T113319_N0511_R080_T28QCH_20250131T170258.SAFE,C:\Users\Simon\Nextcloud\Project\Mauritania\Science\Arguin - FieldWork Data Processing\Data\S2\Sen2Cor\S2B_MSIL2A_20250131T113319_N0511_R080_T28QCH_20250131T170258.zip,484,9888,4264,342645.0,2201155.0,0.29810000000000003,0.3724,0.44320000000000004,0.5224,0.5387000000000001,0.5512,0.5764,0.666,0.6197,0.613,0.5569000000000001,0.3267
2025-01-31,Arel,Sen2Cor,S2B_MSIL2A_20250131T113319_N0511_R080_T28QCH_20250131T170258.SAFE,C:\Users\Simon\Nextcloud\Project\Mauritania\Science\Arguin - FieldWork Data Processing\Data\S2\Sen2Cor\S2B_MSIL2A_20250131T113319_N0511_R080_T28QCH_20250131T170258.zip,485,9888,4265,342655.0,2201155.0,0.29810000000000003,0.3648,0.4232,0.5072,0.5387000000000001,0.5512,0.5764,0.6508,0.6197,0.613,0.5569000000000001,0.3267
2025-01-31,Arel,Sen2Cor,S2B_MSIL2A_20250131T113319_N0511_R080_T28QCH_20250131T170258.SAFE,C:\Users\Simon\Nextcloud\Project\Mauritania\Science\Arguin - FieldWork Data Processing\Data\S2\Sen2Cor\S2B_MSIL2A_20250131T113319_N0511_R080_T28QCH_20250131T170258.zip,486,9888,4266,342665.0,2201155.0,0.3005,0.38320000000000004,0.4324,0.518,0.5329,0.5491,0.5727,0.6588,0.6151,0.5835,0.5574,0.3378
2025-01-31,Arel,Sen2Cor,S2B_MSIL2A_20250131T113319_N0511_R080_T28QCH_20250131T170258.SAFE,C:\Users\Simon\Nextcloud\Project\Mauritania\Science\Arguin - FieldWork Data Processing\Data\S2\Sen2Cor\S2B_MSIL2A_20250131T113319_N0511_R080_T28QCH_20250131T170258.zip,487,9888,4267,342675.0,2201155.0,0.3005,0.39840000000000003,0.44920000000000004,0.5308,0.5329,0.5491,0.5727,0.6656000000000001,0.6151,0.5835,0.5574,0.3378
2025-01-31,Arel,Sen2Cor,S2B_MSIL2A_20250131T113319_N0511_R080_T28QCH_20250131T170258.SAFE,C:\Users\Simon\Nextcloud\Project\Mauritania\Science\Arguin - FieldWork Data Processing\Data\S2\Sen2Cor\S2B_MSIL2A_20250131T113319_N0511_R080_T28QCH_20250131T170258.zip,488,9888,4268,342685.0,2201155.0,0.2999,0.3796,0.4364,0.516,0.5414,0.5507000000000001,0.5708,0.6444000000000001,0.6118,0.5835,0.5536,0.3387
2025-01-31,Arel,Sen2Cor,S2B_MSIL2A_20250131T113319_N0511_R080_T28QCH_20250131T170258.SAFE,C:\Users\Simon\Nextcloud\Project\Mauritania\Science\Arguin - FieldWork Data Processing\Data\S2\Sen2Cor\S2B_MSIL2A_20250131T113319_N0511_R080_T28QCH_20250131T170258.zip,489,9888,4269,342695.0,2201155.0,0.2999,0.3824,0.4408,0.5136000000000001,0.5414,0.5507000000000001,0.5708,0.64,0.6118,0.5835,0.5536,0.3387
2025-01-31,Arel,Sen2Cor,S2B_MSIL2A_20250131T113319_N0511_R080_T28QCH_20250131T170258.SAFE,C:\Users\Simon\Nextcloud\Project\Mauritania\Science\Arguin - FieldWork Data Processing\Data\S2\Sen2Cor\S2B_MSIL2A_20250131T113319_N0511_R080_T28QCH_20250131T170258.zip,490,9888,4270,342705.0,2201155.0,0.2999,0.4088,0.46080000000000004,0.536,0.5471,0.5575,0.5776,0.6568,0.6181,0.5835,0.5536,0.33480000000000004
2025-01-31,Arel,Sen2Cor,S2B_MSIL2A_20250131T113319_N0511_R080_T28QCH_20250131T170258.SAFE,C:\Users\Simon\Nextcloud\Project\Mauritania\Science\Arguin - FieldWork Data Processing\Data\S2\Sen2Cor\S2B_MSIL2A_20250131T113319_N0511_R080_T28QCH_20250131T170258.zip,491,9888,4271,342715.0,2201155.0,0.2999,0.3936,0.45280000000000004,0.5268,0.5471,0.5575,0.5776,0.6576000000000001,0.6181,0.5835,0.5536,0.33480000000000004
2025-01-31,Arel,Sen2Cor,S2B_MSIL2A_20250131T113319_N0511_R080_T28QCH_20250131T170258.SAFE,C:\Users\Simon\Nextcloud\Project\Mauritania\Science\Arguin - FieldWork Data Processing\Data\S2\Sen2Cor\S2B_MSIL2A_20250131T113319_N0511_R080_T28QCH_20250131T170258.zip,492,9888,4272,342725.0,2201155.0,0.299,0.4252,0.4752,0.5472,0.5574,0.5742,0.5936,0.6744,0.6227,0.5423,0.5654,0.35050000000000003
2025-01-31,Arel,Sen2Cor,S2B_MSIL2A_20250131T113319_N0511_R080_T28QCH_20250131T170258.SAFE,C:\Users\Simon\Nextcloud\Project\Mauritania\Science\Arguin - FieldWork Data Processing\Data\S2\Sen2Cor\S2B_MSIL2A_20250131T113319_N0511_R080_T28QCH_20250131T170258.zip,493,9888,4273,342735.0,2201155.0,0.299,0.42760000000000004,0.48160000000000003,0.5576,0.5574,0.5742,0.5936,0.68,0.6227,0.5423,0.5654,0.35050000000000003
2025-01-31,Arel,Sen2Cor,S2B_MSIL2A_20250131T113319_N0511_R080_T28QCH_20250131T170258.SAFE,C:\Users\Simon\Nextcloud\Project\Mauritania\Science\Arguin - FieldWork Data Processing\Data\S2\Sen2Cor\S2B_MSIL2A_20250131T113319_N0511_R080_T28QCH_20250131T170258.zip,494,9888,4274,342745.0,2201155.0,0.28700000000000003,0.3952,0.44160000000000005,0.528,0.5396000000000001,0.5478000000000001,0.5731,0.6588,0.6072000000000001,0.5423,0.5547000000000001,0.35500000000000004
2025-01-31,Arel,Sen2Cor,S2B_MSIL2A_20250131T113319_N0511_R080_T28QCH_20250131T170258.SAFE,C:\Users\Simon\Nextcloud\Project\Mauritania\Science\Arguin - FieldWork Data Processing\Data\S2\Sen2Cor\S2B_MSIL2A_20250131T113319_N0511_R080_T28QCH_20250131T170258.zip,495,9888,4275,342755.0,2201155.0,0.28700000000000003,0.3588,0.4152,0.5036,0.5396000000000001,0.5478000000000001,0.5731,0.64,0.6072000000000001,0.5423,0.5547000000000001,0.35500000000000004
2025-01-31,Arel,Sen2Cor,S2B_MSIL2A_20250131T113319_N0511_R080_T28QCH_20250131T170258.SAFE,C:\Users\Simon\Nextcloud\Project\Mauritania\Science\Arguin - FieldWork Data Processing\Data\S2\Sen2Cor\S2B_MSIL2A_20250131T113319_N0511_R080_T28QCH_20250131T170258.zip,496,9888,4276,342765.0,2201155.0,0.25980000000000003,0.3528,0.40640000000000004,0.4884,0.5171,0.5306000000000001,0.5533,0.6288,0.5931000000000001,0.5423,0.5369,0.34690000000000004
2025-01-31,Arel,Sen2Cor,S2B_MSIL2A_20250131T113319_N0511_R080_T28QCH_20250131T170258.SAFE,C:\Users\Simon\Nextcloud\Project\Mauritania\Science\Arguin - FieldWork Data Processing\Data\S2\Sen2Cor\S2B_MSIL2A_20250131T113319_N0511_R080_T28QCH_20250131T170258.zip,497,9889,4247,342475.0,2201145.0,0.26480000000000004,0.3924,0.4768,0.5832,0.6013000000000001,0.5988,0.6249,0.7164,0.648,0.5433,0.5978,0.4373
2025-01-31,Arel,Sen2Cor,S2B_MSIL2A_20250131T113319_N0511_R080_T28QCH_20250131T170258.SAFE,C:\Users\Simon\Nextcloud\Project\Mauritania\Science\Arguin - FieldWork Data Processing\Data\S2\Sen2Cor\S2B_MSIL2A_20250131T113319_N0511_R080_T28QCH_20250131T170258.zip,498,9889,4248,342485.0,2201145.0,0.2926,0.3996,0.47640000000000005,0.5888,0.6081,0.625,0.643,0.7076,0.6541,0.6368,0.6177,0.4531
2025-01-31,Arel,Sen2Cor,S2B_MSIL2A_20250131T113319_N0511_R080_T28QCH_20250131T170258.SAFE,C:\Users\Simon\Nextcloud\Project\Mauritania\Science\Arguin - FieldWork Data Processing\Data\S2\Sen2Cor\S2B_MSIL2A_20250131T113319_N0511_R080_T28QCH_20250131T170258.zip,499,9889,4249,342495.0,2201145.0,0.2926,0.386,0.4728,0.5768,0.6081,0.625,0.643,0.7000000000000001,0.6541,0.6368,0.6177,0.4531
2025-01-31,Arel,Sen2Cor,S2B_MSIL2A_20250131T113319_N0511_R080_T28QCH_20250131T170258.SAFE,C:\Users\Simon\Nextcloud\Project\Mauritania\Science\Arguin - FieldWork Data Processing\Data\S2\Sen2Cor\S2B_MSIL2A_20250131T113319_N0511_R080_T28QCH_20250131T170258.zip,500,9889,4250,342505.0,2201145.0,0.3094,0.376,0.4672,0.5704,0.5953,0.6081,0.623,0.6836,0.6401,0.6368,0.6008,0.447
2025-01-31,Arel,Sen2Cor,S2B_MSIL2A_20250131T113319_N0511_R080_T28QCH_20250131T170258.SAFE,C:\Users\Simon\Nextcloud\Project\Mauritania\Science\Arguin - FieldWork Data Processing\Data\S2\Sen2Cor\S2B_MSIL2A_20250131T113319_N0511_R080_T28QCH_20250131T170258.zip,501,9889,4251,342515.0,2201145.0,0.3094,0.3804,0.45880000000000004,0.5648000000000001,0.5953,0.6081,0.623,0.6836,0.6401,0.6368,0.6008,0.447
2025-01-31,Arel,Sen2Cor,S2B_MSIL2A_20250131T113319_N0511_R080_T28QCH_20250131T170258.SAFE,C:\Users\Simon\Nextcloud\Project\Mauritania\Science\Arguin - FieldWork Data Processing\Data\S2\Sen2Cor\S2B_MSIL2A_20250131T113319_N0511_R080_T28QCH_20250131T170258.zip,502,9889,4252,342525.0,2201145.0,0.3121,0.37360000000000004,0.46080000000000004,0.5636,0.5964,0.6038,0.6236,0.6836,0.6396000000000001,0.6368,0.596,0.4385
2025-01-31,Arel,Sen2Cor,S2B_MSIL2A_20250131T113319_N0511_R080_T28QCH_20250131T170258.SAFE,C:\Users\Simon\Nextcloud\Project\Mauritania\Science\Arguin - FieldWork Data Processing\Data\S2\Sen2Cor\S2B_MSIL2A_20250131T113319_N0511_R080_T28QCH_20250131T170258.zip,503,9889,4253,342535.0,2201145.0,0.3121,0.38920000000000005,0.4728,0.5760000000000001,0.5964,0.6038,0.6236,0.6884,0.6396000000000001,0.6368,0.596,0.4385
2025-01-31,Arel,Sen2Cor,S2B_MSIL2A_20250131T113319_N0511_R080_T28QCH_20250131T170258.SAFE,C:\Users\Simon\Nextcloud\Project\Mauritania\Science\Arguin - FieldWork Data Processing\Data\S2\Sen2Cor\S2B_MSIL2A_20250131T113319_N0511_R080_T28QCH_20250131T170258.zip,504,9889,4254,342545.0,2201145.0,0.305,0.392,0.47800000000000004,0.5856,0.5961000000000001,0.6064,0.6271,0.6988000000000001,0.6395000000000001,0.6314000000000001,0.5994,0.43060000000000004
2025-01-31,Arel,Sen2Cor,S2B_MSIL2A_20250131T113319_N0511_R080_T28QCH_20250131T170258.SAFE,C:\Users\Simon\Nextcloud\Project\Mauritania\Science\Arguin - FieldWork Data Processing\Data\S2\Sen2Cor\S2B_MSIL2A_20250131T113319_N0511_R080_T28QCH_20250131T170258.zip,505,9889,4255,342555.0,2201145.0,0.305,0.3936,0.4752,0.5836,0.5961000000000001,0.6064,0.6271,0.6996,0.6395000000000001,0.6314000000000001,0.5994,0.43060000000000004
2025-01-31,Arel,Sen2Cor,S2B_MSIL2A_20250131T113319_N0511_R080_T28QCH_20250131T170258.SAFE,C:\Users\Simon\Nextcloud\Project\Mauritania\Science\Arguin - FieldWork Data Processing\Data\S2\Sen2Cor\S2B_MSIL2A_20250131T113319_N0511_R080_T28QCH_20250131T170258.zip,506,9889,4256,342565.0,2201145.0,0.2993,0.3916,0.47240000000000004,0.5760000000000001,0.5907,0.6021000000000001,0.6207,0.6984,0.6434000000000001,0.6314000000000001,0.5991000000000001,0.4262
2025-01-31,Arel,Sen2Cor,S2B_MSIL2A_20250131T113319_N0511_R080_T28QCH_20250131T170258.SAFE,C:\Users\Simon\Nextcloud\Project\Mauritania\Science\Arguin - FieldWork Data Processing\Data\S2\Sen2Cor\S2B_MSIL2A_20250131T113319_N0511_R080_T28QCH_20250131T170258.zip,507,9889,4257,342575.0,2201145.0,0.2993,0.3856,0.4716,0.5732,0.5907,0.6021000000000001,0.6207,0.6916,0.6434000000000001,0.6314000000000001,0.5991000000000001,0.4262
2025-01-31,Arel,Sen2Cor,S2B_MSIL2A_20250131T113319_N0511_R080_T28QCH_20250131T170258.SAFE,C:\Users\Simon\Nextcloud\Project\Mauritania\Science\Arguin - FieldWork Data Processing\Data\S2\Sen2Cor\S2B_MSIL2A_20250131T113319_N0511_R080_T28QCH_20250131T170258.zip,508,9889,4258,342585.0,2201145.0,0.2975,0.3816,0.462,0.556,0.5707,0.5824,0.6037,0.6844,0.6355000000000001,0.6314000000000001,0.5888,0.39880000000000004
2025-01-31,Arel,Sen2Cor,S2B_MSIL2A_20250131T113319_N0511_R080_T28QCH_20250131T170258.SAFE,C:\Users\Simon\Nextcloud\Project\Mauritania\Science\Arguin - FieldWork Data Processing\Data\S2\Sen2Cor\S2B_MSIL2A_20250131T113319_N0511_R080_T28QCH_20250131T170258.zip,509,9889,4259,342595.0,2201145.0,0.2975,0.35600000000000004,0.43320000000000003,0.5396000000000001,0.5707,0.5824,0.6037,0.6668000000000001,0.6355000000000001,0.6314000000000001,0.5888,0.39880000000000004
2025-01-31,Arel,Sen2Cor,S2B_MSIL2A_20250131T113319_N0511_R080_T28QCH_20250131T170258.SAFE,C:\Users\Simon\Nextcloud\Project\Mauritania\Science\Arguin - FieldWork Data Processing\Data\S2\Sen2Cor\S2B_MSIL2A_20250131T113319_N0511_R080_T28QCH_20250131T170258.zip,510,9889,4260,342605.0,2201145.0,0.29660000000000003,0.3644,0.44320000000000004,0.5392,0.5629000000000001,0.5786,0.603,0.6712,0.6325000000000001,0.613,0.5780000000000001,0.3753
2025-01-31,Arel,Sen2Cor,S2B_MSIL2A_20250131T113319_N0511_R080_T28QCH_20250131T170258.SAFE,C:\Users\Simon\Nextcloud\Project\Mauritania\Science\Arguin - FieldWork Data Processing\Data\S2\Sen2Cor\S2B_MSIL2A_20250131T113319_N0511_R080_T28QCH_20250131T170258.zip,511,9889,4261,342615.0,2201145.0,0.29660000000000003,0.3544,0.43320000000000003,0.536,0.5629000000000001,0.5786,0.603,0.68,0.6325000000000001,0.613,0.5780000000000001,0.3753
2025-01-31,Arel,Sen2Cor,S2B_MSIL2A_20250131T113319_N0511_R080_T28QCH_20250131T170258.SAFE,C:\Users\Simon\Nextcloud\Project\Mauritania\Science\Arguin - FieldWork Data Processing\Data\S2\Sen2Cor\S2B_MSIL2A_20250131T113319_N0511_R080_T28QCH_20250131T170258.zip,512,9889,4262,342625.0,2201145.0,0.2963,0.3608,0.43760000000000004,0.5352,0.5630000000000001,0.5763,0.5994,0.6784,0.6345000000000001,0.613,0.5699000000000001,0.3443
2025-01-31,Arel,Sen2Cor,S2B_MSIL2A_20250131T113319_N0511_R080_T28QCH_20250131T170258.SAFE,C:\Users\Simon\Nextcloud\Project\Mauritania\Science\Arguin - FieldWork Data Processing\Data\S2\Sen2Cor\S2B_MSIL2A_20250131T113319_N0511_R080_T28QCH_20250131T170258.zip,513,9889,4263,342635.0,2201145.0,0.2963,0.3788,0.44720000000000004,0.536,0.5630000000000001,0.5763,0.5994,0.6764,0.6345000000000001,0.613,0.5699000000000001,0.3443
2025-01-31,Arel,Sen2Cor,S2B_MSIL2A_20250131T113319_N0511_R080_T28QCH_20250131T170258.SAFE,C:\Users\Simon\Nextcloud\Project\Mauritania\Science\Arguin - FieldWork Data Processing\Data\S2\Sen2Cor\S2B_MSIL2A_20250131T113319_N0511_R080_T28QCH_20250131T170258.zip,514,9889,4264,342645.0,2201145.0,0.29810000000000003,0.382,0.44320000000000004,0.5296000000000001,0.5387000000000001,0.5512,0.5764,0.66,0.6197,0.613,0.5569000000000001,0.3267
2025-01-31,Arel,Sen2Cor,S2B_MSIL2A_20250131T113319_N0511_R080_T28QCH_20250131T170258.SAFE,C:\Users\Simon\Nextcloud\Project\Mauritania\Science\Arguin - FieldWork Data Processing\Data\S2\Sen2Cor\S2B_MSIL2A_20250131T113319_N0511_R080_T28QCH_20250131T170258.zip,515,9889,4265,342655.0,2201145.0,0.29810000000000003,0.37160000000000004,0.4328,0.5064000000000001,0.5387000000000001,0.5512,0.5764,0.646,0.6197,0.613,0.5569000000000001,0.3267
2025-01-31,Arel,Sen2Cor,S2B_MSIL2A_20250131T113319_N0511_R080_T28QCH_20250131T170258.SAFE,C:\Users\Simon\Nextcloud\Project\Mauritania\Science\Arguin - FieldWork Data Processing\Data\S2\Sen2Cor\S2B_MSIL2A_20250131T113319_N0511_R080_T28QCH_20250131T170258.zip,516,9889,4266,342665.0,2201145.0,0.3005,0.37,0.4228,0.5064000000000001,0.5329,0.5491,0.5727,0.6376000000000001,0.6151,0.5835,0.5574,0.3378
2025-01-31,Arel,Sen2Cor,S2B_MSIL2A_20250131T113319_N0511_R080_T28QCH_20250131T170258.SAFE,C:\Users\Simon\Nextcloud\Project\Mauritania\Science\Arguin - FieldWork Data Processing\Data\S2\Sen2Cor\S2B_MSIL2A_20250131T113319_N0511_R080_T28QCH_20250131T170258.zip,517,9889,4267,342675.0,2201145.0,0.3005,0.384,0.4476,0.528,0.5329,0.5491,0.5727,0.6496000000000001,0.6151,0.5835,0.5574,0.3378
2025-01-31,Arel,Sen2Cor,S2B_MSIL2A_20250131T113319_N0511_R080_T28QCH_20250131T170258.SAFE,C:\Users\Simon\Nextcloud\Project\Mauritania\Science\Arguin - FieldWork Data Processing\Data\S2\Sen2Cor\S2B_MSIL2A_20250131T113319_N0511_R080_T28QCH_20250131T170258.zip,518,9889,4268,342685.0,2201145.0,0.2999,0.3936,0.4576,0.5308,0.5414,0.5507000000000001,0.5708,0.6568,0.6118,0.5835,0.5536,0.3387
2025-01-31,Arel,Sen2Cor,S2B_MSIL2A_20250131T113319_N0511_R080_T28QCH_20250131T170258.SAFE,C:\Users\Simon\Nextcloud\Project\Mauritania\Science\Arguin - FieldWork Data Processing\Data\S2\Sen2Cor\S2B_MSIL2A_20250131T113319_N0511_R080_T28QCH_20250131T170258.zip,519,9889,4269,342695.0,2201145.0,0.2999,0.38880000000000003,0.44160000000000005,0.5208,0.5414,0.5507000000000001,0.5708,0.6612,0.6118,0.5835,0.5536,0.3387
2025-01-31,Arel,Sen2Cor,S2B_MSIL2A_20250131T113319_N0511_R080_T28QCH_20250131T170258.SAFE,C:\Users\Simon\Nextcloud\Project\Mauritania\Science\Arguin - FieldWork Data Processing\Data\S2\Sen2Cor\S2B_MSIL2A_20250131T113319_N0511_R080_T28QCH_20250131T170258.zip,520,9889,4270,342705.0,2201145.0,0.2999,0.39680000000000004,0.4544,0.5308,0.5471,0.5575,0.5776,0.6568,0.6181,0.5835,0.5536,0.33480000000000004
2025-01-31,Arel,Sen2Cor,S2B_MSIL2A_20250131T113319_N0511_R080_T28QCH_20250131T170258.SAFE,C:\Users\Simon\Nextcloud\Project\Mauritania\Science\Arguin - FieldWork Data Processing\Data\S2\Sen2Cor\S2B_MSIL2A_20250131T113319_N0511_R080_T28QCH_20250131T170258.zip,521,9889,4271,342715.0,2201145.0,0.2999,0.4016,0.454,0.5228,0.5471,0.5575,0.5776,0.65,0.6181,0.5835,0.5536,0.33480000000000004
2025-01-31,Arel,Sen2Cor,S2B_MSIL2A_20250131T113319_N0511_R080_T28QCH_20250131T170258.SAFE,C:\Users\Simon\Nextcloud\Project\Mauritania\Science\Arguin - FieldWork Data Processing\Data\S2\Sen2Cor\S2B_MSIL2A_20250131T113319_N0511_R080_T28QCH_20250131T170258.zip,522,9889,4272,342725.0,2201145.0,0.299,0.4048,0.45880000000000004,0.5404,0.5574,0.5742,0.5936,0.6588,0.6227,0.5423,0.5654,0.35050000000000003
2025-01-31,Arel,Sen2Cor,S2B_MSIL2A_20250131T113319_N0511_R080_T28QCH_20250131T170258.SAFE,C:\Users\Simon\Nextcloud\Project\Mauritania\Science\Arguin - FieldWork Data Processing\Data\S2\Sen2Cor\S2B_MSIL2A_20250131T113319_N0511_R080_T28QCH_20250131T170258.zip,523,9889,4273,342735.0,2201145.0,0.299,0.3976,0.4544,0.528,0.5574,0.5742,0.5936,0.6644,0.6227,0.5423,0.5654,0.35050000000000003
2025-01-31,Arel,Sen2Cor,S2B_MSIL2A_20250131T113319_N0511_R080_T28QCH_20250131T170258.SAFE,C:\Users\Simon\Nextcloud\Project\Mauritania\Science\Arguin - FieldWork Data Processing\Data\S2\Sen2Cor\S2B_MSIL2A_20250131T113319_N0511_R080_T28QCH_20250131T170258.zip,524,9889,4274,342745.0,2201145.0,0.28700000000000003,0.372,0.436,0.5176000000000001,0.5396000000000001,0.5478000000000001,0.5731,0.6488,0.6072000000000001,0.5423,0.5547000000000001,0.35500000000000004
2025-01-31,Arel,Sen2Cor,S2B_MSIL2A_20250131T113319_N0511_R080_T28QCH_20250131T170258.SAFE,C:\Users\Simon\Nextcloud\Project\Mauritania\Science\Arguin - FieldWork Data Processing\Data\S2\Sen2Cor\S2B_MSIL2A_20250131T113319_N0511_R080_T28QCH_20250131T170258.zip,525,9889,4275,342755.0,2201145.0,0.28700000000000003,0.3552,0.4092,0.49360000000000004,0.5396000000000001,0.5478000000000001,0.5731,0.6372,0.6072000000000001,0.5423,0.5547000000000001,0.35500000000000004
2025-01-31,Arel,Sen2Cor,S2B_MSIL2A_20250131T113319_N0511_R080_T28QCH_20250131T170258.SAFE,C:\Users\Simon\Nextcloud\Project\Mauritania\Science\Arguin - FieldWork Data Processing\Data\S2\Sen2Cor\S2B_MSIL2A_20250131T113319_N0511_R080_T28QCH_20250131T170258.zip,526,9889,4276,342765.0,2201145.0,0.25980000000000003,0.3472,0.4092,0.4904,0.5171,0.5306000000000001,0.5533,0.6344000000000001,0.5931000000000001,0.5423,0.5369,0.34690000000000004
2025-01-31,Arel,Sen2Cor,S2B_MSIL2A_20250131T113319_N0511_R080_T28QCH_20250131T170258.SAFE,C:\Users\Simon\Nextcloud\Project\Mauritania\Science\Arguin - FieldWork Data Processing\Data\S2\Sen2Cor\S2B_MSIL2A_20250131T113319_N0511_R080_T28QCH_20250131T170258.zip,527,9890,4247,342475.0,2201135.0,0.26830000000000004,0.3992,0.4868,0.5856,0.5983,0.604,0.6179,0.7140000000000001,0.6457,0.5433,0.6052000000000001,0.4269
2025-01-31,Arel,Sen2Cor,S2B_MSIL2A_20250131T113319_N0511_R080_T28QCH_20250131T170258.SAFE,C:\Users\Simon\Nextcloud\Project\Mauritania\Science\Arguin - FieldWork Data Processing\Data\S2\Sen2Cor\S2B_MSIL2A_20250131T113319_N0511_R080_T28QCH_20250131T170258.zip,528,9890,4248,342485.0,2201135.0,0.2927,0.39680000000000004,0.4792,0.5804,0.5956,0.6089,0.6262,0.7056,0.6424000000000001,0.6368,0.6055,0.43310000000000004
2025-01-31,Arel,Sen2Cor,S2B_MSIL2A_20250131T113319_N0511_R080_T28QCH_20250131T170258.SAFE,C:\Users\Simon\Nextcloud\Project\Mauritania\Science\Arguin - FieldWork Data Processing\Data\S2\Sen2Cor\S2B_MSIL2A_20250131T113319_N0511_R080_T28QCH_20250131T170258.zip,529,9890,4249,342495.0,2201135.0,0.2927,0.3836,0.4676,0.5704,0.5956,0.6089,0.6262,0.6900000000000001,0.6424000000000001,0.6368,0.6055,0.43310000000000004
2025-01-31,Arel,Sen2Cor,S2B_MSIL2A_20250131T113319_N0511_R080_T28QCH_20250131T170258.SAFE,C:\Users\Simon\Nextcloud\Project\Mauritania\Science\Arguin - FieldWork Data Processing\Data\S2\Sen2Cor\S2B_MSIL2A_20250131T113319_N0511_R080_T28QCH_20250131T170258.zip,530,9890,4250,342505.0,2201135.0,0.30670000000000003,0.3804,0.46880000000000005,0.5688,0.5884,0.5977,0.6144000000000001,0.682,0.6344000000000001,0.6368,0.5957,0.4303
2025-01-31,Arel,Sen2Cor,S2B_MSIL2A_20250131T113319_N0511_R080_T28QCH_20250131T170258.SAFE,C:\Users\Simon\Nextcloud\Project\Mauritania\Science\Arguin - FieldWork Data Processing\Data\S2\Sen2Cor\S2B_MSIL2A_20250131T113319_N0511_R080_T28QCH_20250131T170258.zip,531,9890,4251,342515.0,2201135.0,0.30670000000000003,0.3796,0.46080000000000004,0.5664,0.5884,0.5977,0.6144000000000001,0.6816,0.6344000000000001,0.6368,0.5957,0.4303
2025-01-31,Arel,Sen2Cor,S2B_MSIL2A_20250131T113319_N0511_R080_T28QCH_20250131T170258.SAFE,C:\Users\Simon\Nextcloud\Project\Mauritania\Science\Arguin - FieldWork Data Processing\Data\S2\Sen2Cor\S2B_MSIL2A_20250131T113319_N0511_R080_T28QCH_20250131T170258.zip,532,9890,4252,342525.0,2201135.0,0.308,0.3788,0.462,0.5672,0.5925,0.6008,0.6164000000000001,0.6836,0.6436000000000001,0.6368,0.5993,0.43520000000000003
2025-01-31,Arel,Sen2Cor,S2B_MSIL2A_20250131T113319_N0511_R080_T28QCH_20250131T170258.SAFE,C:\Users\Simon\Nextcloud\Project\Mauritania\Science\Arguin - FieldWork Data Processing\Data\S2\Sen2Cor\S2B_MSIL2A_20250131T113319_N0511_R080_T28QCH_20250131T170258.zip,533,9890,4253,342535.0,2201135.0,0.308,0.38280000000000003,0.4636,0.5704,0.5925,0.6008,0.6164000000000001,0.6888000000000001,0.6436000000000001,0.6368,0.5993,0.43520000000000003
2025-01-31,Arel,Sen2Cor,S2B_MSIL2A_20250131T113319_N0511_R080_T28QCH_20250131T170258.SAFE,C:\Users\Simon\Nextcloud\Project\Mauritania\Science\Arguin - FieldWork Data Processing\Data\S2\Sen2Cor\S2B_MSIL2A_20250131T113319_N0511_R080_T28QCH_20250131T170258.zip,534,9890,4254,342545.0,2201135.0,0.3002,0.3816,0.4676,0.5788,0.5965,0.609,0.628,0.6940000000000001,0.6537000000000001,0.6314000000000001,0.6066,0.4354
2025-01-31,Arel,Sen2Cor,S2B_MSIL2A_20250131T113319_N0511_R080_T28QCH_20250131T170258.SAFE,C:\Users\Simon\Nextcloud\Project\Mauritania\Science\Arguin - FieldWork Data Processing\Data\S2\Sen2Cor\S2B_MSIL2A_20250131T113319_N0511_R080_T28QCH_20250131T170258.zip,535,9890,4255,342555.0,2201135.0,0.3002,0.3884,0.4716,0.5800000000000001,0.5965,0.609,0.628,0.6940000000000001,0.6537000000000001,0.6314000000000001,0.6066,0.4354
2025-01-31,Arel,Sen2Cor,S2B_MSIL2A_20250131T113319_N0511_R080_T28QCH_20250131T170258.SAFE,C:\Users\Simon\Nextcloud\Project\Mauritania\Science\Arguin - FieldWork Data Processing\Data\S2\Sen2Cor\S2B_MSIL2A_20250131T113319_N0511_R080_T28QCH_20250131T170258.zip,536,9890,4256,342565.0,2201135.0,0.2936,0.384,0.466,0.5716,0.5911000000000001,0.6014,0.6196,0.6924,0.6469,0.6314000000000001,0.6038,0.4262
2025-01-31,Arel,Sen2Cor,S2B_MSIL2A_20250131T113319_N0511_R080_T28QCH_20250131T170258.SAFE,C:\Users\Simon\Nextcloud\Project\Mauritania\Science\Arguin - FieldWork Data Processing\Data\S2\Sen2Cor\S2B_MSIL2A_20250131T113319_N0511_R080_T28QCH_20250131T170258.zip,537,9890,4257,342575.0,2201135.0,0.2936,0.3744,0.4616,0.5712,0.5911000000000001,0.6014,0.6196,0.6876,0.6469,0.6314000000000001,0.6038,0.4262
2025-01-31,Arel,Sen2Cor,S2B_MSIL2A_20250131T113319_N0511_R080_T28QCH_20250131T170258.SAFE,C:\Users\Simon\Nextcloud\Project\Mauritania\Science\Arguin - FieldWork Data Processing\Data\S2\Sen2Cor\S2B_MSIL2A_20250131T113319_N0511_R080_T28QCH_20250131T170258.zip,538,9890,4258,342585.0,2201135.0,0.2903,0.3672,0.44480000000000003,0.5488000000000001,0.5661,0.5793,0.6019,0.686,0.6306,0.6314000000000001,0.5887,0.39980000000000004
2025-01-31,Arel,Sen2Cor,S2B_MSIL2A_20250131T113319_N0511_R080_T28QCH_20250131T170258.SAFE,C:\Users\Simon\Nextcloud\Project\Mauritania\Science\Arguin - FieldWork Data Processing\Data\S2\Sen2Cor\S2B_MSIL2A_20250131T113319_N0511_R080_T28QCH_20250131T170258.zip,539,9890,4259,342595.0,2201135.0,0.2903,0.35400000000000004,0.4324,0.5416000000000001,0.5661,0.5793,0.6019,0.668,0.6306,0.6314000000000001,0.5887,0.39980000000000004
2025-01-31,Arel,Sen2Cor,S2B_MSIL2A_20250131T113319_N0511_R080_T28QCH_20250131T170258.SAFE,C:\Users\Simon\Nextcloud\Project\Mauritania\Science\Arguin - FieldWork Data Processing\Data\S2\Sen2Cor\S2B_MSIL2A_20250131T113319_N0511_R080_T28QCH_20250131T170258.zip,540,9890,4260,342605.0,2201135.0,0.2894,0.35400000000000004,0.43160000000000004,0.5352,0.554,0.5670000000000001,0.5920000000000001,0.6748000000000001,0.6255000000000001,0.613,0.5750000000000001,0.371
2025-01-31,Arel,Sen2Cor,S2B_MSIL2A_20250131T113319_N0511_R080_T28QCH_20250131T170258.SAFE,C:\Users\Simon\Nextcloud\Project\Mauritania\Science\Arguin - FieldWork Data Processing\Data\S2\Sen2Cor\S2B_MSIL2A_20250131T113319_N0511_R080_T28QCH_20250131T170258.zip,541,9890,4261,342615.0,2201135.0,0.2894,0.34800000000000003,0.4272,0.5288,0.554,0.5670000000000001,0.5920000000000001,0.6724,0.6255000000000001,0.613,0.5750000000000001,0.371
2025-01-31,Arel,Sen2Cor,S2B_MSIL2A_20250131T113319_N0511_R080_T28QCH_20250131T170258.SAFE,C:\Users\Simon\Nextcloud\Project\Mauritania\Science\Arguin - FieldWork Data Processing\Data\S2\Sen2Cor\S2B_MSIL2A_20250131T113319_N0511_R080_T28QCH_20250131T170258.zip,542,9890,4262,342625.0,2201135.0,0.2892,0.36760000000000004,0.43520000000000003,0.5272,0.5468000000000001,0.5589000000000001,0.5802,0.6632,0.6238,0.613,0.5601,0.33430000000000004
2025-01-31,Arel,Sen2Cor,S2B_MSIL2A_20250131T113319_N0511_R080_T28QCH_20250131T170258.SAFE,C:\Users\Simon\Nextcloud\Project\Mauritania\Science\Arguin - FieldWork Data Processing\Data\S2\Sen2Cor\S2B_MSIL2A_20250131T113319_N0511_R080_T28QCH_20250131T170258.zip,543,9890,4263,342635.0,2201135.0,0.2892,0.3804,0.44,0.5296000000000001,0.5468000000000001,0.5589000000000001,0.5802,0.6572,0.6238,0.613,0.5601,0.33430000000000004
2025-01-31,Arel,Sen2Cor,S2B_MSIL2A_20250131T113319_N0511_R080_T28QCH_20250131T170258.SAFE,C:\Users\Simon\Nextcloud\Project\Mauritania\Science\Arguin - FieldWork Data Processing\Data\S2\Sen2Cor\S2B_MSIL2A_20250131T113319_N0511_R080_T28QCH_20250131T170258.zip,544,9890,4264,342645.0,2201135.0,0.29100000000000004,0.3744,0.44160000000000005,0.5288,0.5224,0.5431,0.5698,0.6564,0.6025,0.613,0.5456,0.3178
2025-01-31,Arel,Sen2Cor,S2B_MSIL2A_20250131T113319_N0511_R080_T28QCH_20250131T170258.SAFE,C:\Users\Simon\Nextcloud\Project\Mauritania\Science\Arguin - FieldWork Data Processing\Data\S2\Sen2Cor\S2B_MSIL2A_20250131T113319_N0511_R080_T28QCH_20250131T170258.zip,545,9890,4265,342655.0,2201135.0,0.29100000000000004,0.37720000000000004,0.42960000000000004,0.5052,0.5224,0.5431,0.5698,0.6388,0.6025,0.613,0.5456,0.3178
2025-01-31,Arel,Sen2Cor,S2B_MSIL2A_20250131T113319_N0511_R080_T28QCH_20250131T170258.SAFE,C:\Users\Simon\Nextcloud\Project\Mauritania\Science\Arguin - FieldWork Data Processing\Data\S2\Sen2Cor\S2B_MSIL2A_20250131T113319_N0511_R080_T28QCH_20250131T170258.zip,546,9890,4266,342665.0,2201135.0,0.2934,0.35960000000000003,0.4072,0.49960000000000004,0.5335,0.54,0.5605,0.6276,0.612,0.5835,0.5445,0.32320000000000004
2025-01-31,Arel,Sen2Cor,S2B_MSIL2A_20250131T113319_N0511_R080_T28QCH_20250131T170258.SAFE,C:\Users\Simon\Nextcloud\Project\Mauritania\Science\Arguin - FieldWork Data Processing\Data\S2\Sen2Cor\S2B_MSIL2A_20250131T113319_N0511_R080_T28QCH_20250131T170258.zip,547,9890,4267,342675.0,2201135.0,0.2934,0.37520000000000003,0.4388,0.52,0.5335,0.54,0.5605,0.6572,0.612,0.5835,0.5445,0.32320000000000004
2025-01-31,Arel,Sen2Cor,S2B_MSIL2A_20250131T113319_N0511_R080_T28QCH_20250131T170258.SAFE,C:\Users\Simon\Nextcloud\Project\Mauritania\Science\Arguin - FieldWork Data Processing\Data\S2\Sen2Cor\S2B_MSIL2A_20250131T113319_N0511_R080_T28QCH_20250131T170258.zip,548,9890,4268,342685.0,2201135.0,0.29250000000000004,0.39080000000000004,0.45,0.522,0.5343,0.554,0.5775,0.6616000000000001,0.6132000000000001,0.5835,0.5515,0.3306
2025-01-31,Arel,Sen2Cor,S2B_MSIL2A_20250131T113319_N0511_R080_T28QCH_20250131T170258.SAFE,C:\Users\Simon\Nextcloud\Project\Mauritania\Science\Arguin - FieldWork Data Processing\Data\S2\Sen2Cor\S2B_MSIL2A_20250131T113319_N0511_R080_T28QCH_20250131T170258.zip,549,9890,4269,342695.0,2201135.0,0.29250000000000004,0.394,0.44880000000000003,0.5192,0.5343,0.554,0.5775,0.6568,0.6132000000000001,0.5835,0.5515,0.3306
2025-01-31,Arel,Sen2Cor,S2B_MSIL2A_20250131T113319_N0511_R080_T28QCH_20250131T170258.SAFE,C:\Users\Simon\Nextcloud\Project\Mauritania\Science\Arguin - FieldWork Data Processing\Data\S2\Sen2Cor\S2B_MSIL2A_20250131T113319_N0511_R080_T28QCH_20250131T170258.zip,550,9890,4270,342705.0,2201135.0,0.2903,0.39080000000000004,0.446,0.5192,0.5397000000000001,0.5498000000000001,0.5753,0.6464000000000001,0.612,0.5835,0.5532,0.3382
2025-01-31,Arel,Sen2Cor,S2B_MSIL2A_20250131T113319_N0511_R080_T28QCH_20250131T170258.SAFE,C:\Users\Simon\Nextcloud\Project\Mauritania\Science\Arguin - FieldWork Data Processing\Data\S2\Sen2Cor\S2B_MSIL2A_20250131T113319_N0511_R080_T28QCH_20250131T170258.zip,551,9890,4271,342715.0,2201135.0,0.2903,0.3952,0.448,0.522,0.5397000000000001,0.5498000000000001,0.5753,0.6504,0.612,0.5835,0.5532,0.3382
2025-01-31,Arel,Sen2Cor,S2B_MSIL2A_20250131T113319_N0511_R080_T28QCH_20250131T170258.SAFE,C:\Users\Simon\Nextcloud\Project\Mauritania\Science\Arguin - FieldWork Data Processing\Data\S2\Sen2Cor\S2B_MSIL2A_20250131T113319_N0511_R080_T28QCH_20250131T170258.zip,552,9890,4272,342725.0,2201135.0,0.2837,0.38720000000000004,0.44880000000000003,0.5312,0.5438000000000001,0.5586,0.5777,0.6664,0.6115,0.5423,0.5538000000000001,0.3486
2025-01-31,Arel,Sen2Cor,S2B_MSIL2A_20250131T113319_N0511_R080_T28QCH_20250131T170258.SAFE,C:\Users\Simon\Nextcloud\Project\Mauritania\Science\Arguin - FieldWork Data Processing\Data\S2\Sen2Cor\S2B_MSIL2A_20250131T113319_N0511_R080_T28QCH_20250131T170258.zip,553,9890,4273,342735.0,2201135.0,0.2837,0.38,0.44320000000000004,0.5216000000000001,0.5438000000000001,0.5586,0.5777,0.662,0.6115,0.5423,0.5538000000000001,0.3486
2025-01-31,Arel,Sen2Cor,S2B_MSIL2A_20250131T113319_N0511_R080_T28QCH_20250131T170258.SAFE,C:\Users\Simon\Nextcloud\Project\Mauritania\Science\Arguin - FieldWork Data Processing\Data\S2\Sen2Cor\S2B_MSIL2A_20250131T113319_N0511_R080_T28QCH_20250131T170258.zip,554,9891,4247,342475.0,2201125.0,0.26830000000000004,0.396,0.47040000000000004,0.5692,0.5983,0.604,0.6179,0.6972,0.6457,0.5433,0.6052000000000001,0.4269
2025-01-31,Arel,Sen2Cor,S2B_MSIL2A_20250131T113319_N0511_R080_T28QCH_20250131T170258.SAFE,C:\Users\Simon\Nextcloud\Project\Mauritania\Science\Arguin - FieldWork Data Processing\Data\S2\Sen2Cor\S2B_MSIL2A_20250131T113319_N0511_R080_T28QCH_20250131T170258.zip,555,9891,4248,342485.0,2201125.0,0.2927,0.3936,0.4656,0.5684,0.5956,0.6089,0.6262,0.6888000000000001,0.6424000000000001,0.6368,0.6055,0.43310000000000004
2025-01-31,Arel,Sen2Cor,S2B_MSIL2A_20250131T113319_N0511_R080_T28QCH_20250131T170258.SAFE,C:\Users\Simon\Nextcloud\Project\Mauritania\Science\Arguin - FieldWork Data Processing\Data\S2\Sen2Cor\S2B_MSIL2A_20250131T113319_N0511_R080_T28QCH_20250131T170258.zip,556,9891,4249,342495.0,2201125.0,0.2927,0.3884,0.46880000000000005,0.5688,0.5956,0.6089,0.6262,0.6784,0.6424000000000001,0.6368,0.6055,0.43310000000000004
2025-01-31,Arel,Sen2Cor,S2B_MSIL2A_20250131T113319_N0511_R080_T28QCH_20250131T170258.SAFE,C:\Users\Simon\Nextcloud\Project\Mauritania\Science\Arguin - FieldWork Data Processing\Data\S2\Sen2Cor\S2B_MSIL2A_20250131T113319_N0511_R080_T28QCH_20250131T170258.zip,557,9891,4250,342505.0,2201125.0,0.30670000000000003,0.38720000000000004,0.4748,0.5688,0.5884,0.5977,0.6144000000000001,0.6776,0.6344000000000001,0.6368,0.5957,0.4303
2025-01-31,Arel,Sen2Cor,S2B_MSIL2A_20250131T113319_N0511_R080_T28QCH_20250131T170258.SAFE,C:\Users\Simon\Nextcloud\Project\Mauritania\Science\Arguin - FieldWork Data Processing\Data\S2\Sen2Cor\S2B_MSIL2A_20250131T113319_N0511_R080_T28QCH_20250131T170258.zip,558,9891,4251,342515.0,2201125.0,0.30670000000000003,0.392,0.468,0.5732,0.5884,0.5977,0.6144000000000001,0.6872,0.6344000000000001,0.6368,0.5957,0.4303
2025-01-31,Arel,Sen2Cor,S2B_MSIL2A_20250131T113319_N0511_R080_T28QCH_20250131T170258.SAFE,C:\Users\Simon\Nextcloud\Project\Mauritania\Science\Arguin - FieldWork Data Processing\Data\S2\Sen2Cor\S2B_MSIL2A_20250131T113319_N0511_R080_T28QCH_20250131T170258.zip,559,9891,4252,342525.0,2201125.0,0.308,0.38720000000000004,0.46640000000000004,0.5748,0.5925,0.6008,0.6164000000000001,0.6932,0.6436000000000001,0.6368,0.5993,0.43520000000000003
2025-01-31,Arel,Sen2Cor,S2B_MSIL2A_20250131T113319_N0511_R080_T28QCH_20250131T170258.SAFE,C:\Users\Simon\Nextcloud\Project\Mauritania\Science\Arguin - FieldWork Data Processing\Data\S2\Sen2Cor\S2B_MSIL2A_20250131T113319_N0511_R080_T28QCH_20250131T170258.zip,560,9891,4253,342535.0,2201125.0,0.308,0.3784,0.464,0.5688,0.5925,0.6008,0.6164000000000001,0.6900000000000001,0.6436000000000001,0.6368,0.5993,0.43520000000000003
2025-01-31,Arel,Sen2Cor,S2B_MSIL2A_20250131T113319_N0511_R080_T28QCH_20250131T170258.SAFE,C:\Users\Simon\Nextcloud\Project\Mauritania\Science\Arguin - FieldWork Data Processing\Data\S2\Sen2Cor\S2B_MSIL2A_20250131T113319_N0511_R080_T28QCH_20250131T170258.zip,561,9891,4254,342545.0,2201125.0,0.3002,0.37920000000000004,0.464,0.5736,0.5965,0.609,0.628,0.6940000000000001,0.6537000000000001,0.6314000000000001,0.6066,0.4354
2025-01-31,Arel,Sen2Cor,S2B_MSIL2A_20250131T113319_N0511_R080_T28QCH_20250131T170258.SAFE,C:\Users\Simon\Nextcloud\Project\Mauritania\Science\Arguin - FieldWork Data Processing\Data\S2\Sen2Cor\S2B_MSIL2A_20250131T113319_N0511_R080_T28QCH_20250131T170258.zip,562,9891,4255,342555.0,2201125.0,0.3002,0.3816,0.462,0.5728,0.5965,0.609,0.628,0.7032,0.6537000000000001,0.6314000000000001,0.6066,0.4354
2025-01-31,Arel,Sen2Cor,S2B_MSIL2A_20250131T113319_N0511_R080_T28QCH_20250131T170258.SAFE,C:\Users\Simon\Nextcloud\Project\Mauritania\Science\Arguin - FieldWork Data Processing\Data\S2\Sen2Cor\S2B_MSIL2A_20250131T113319_N0511_R080_T28QCH_20250131T170258.zip,563,9891,4256,342565.0,2201125.0,0.2936,0.372,0.4572,0.5688,0.5911000000000001,0.6014,0.6196,0.7040000000000001,0.6469,0.6314000000000001,0.6038,0.4262
2025-01-31,Arel,Sen2Cor,S2B_MSIL2A_20250131T113319_N0511_R080_T28QCH_20250131T170258.SAFE,C:\Users\Simon\Nextcloud\Project\Mauritania\Science\Arguin - FieldWork Data Processing\Data\S2\Sen2Cor\S2B_MSIL2A_20250131T113319_N0511_R080_T28QCH_20250131T170258.zip,564,9891,4257,342575.0,2201125.0,0.2936,0.36760000000000004,0.45480000000000004,0.5628000000000001,0.5911000000000001,0.6014,0.6196,0.6924,0.6469,0.6314000000000001,0.6038,0.4262
2025-01-31,Arel,Sen2Cor,S2B_MSIL2A_20250131T113319_N0511_R080_T28QCH_20250131T170258.SAFE,C:\Users\Simon\Nextcloud\Project\Mauritania\Science\Arguin - FieldWork Data Processing\Data\S2\Sen2Cor\S2B_MSIL2A_20250131T113319_N0511_R080_T28QCH_20250131T170258.zip,565,9891,4258,342585.0,2201125.0,0.2903,0.3604,0.4388,0.5472,0.5661,0.5793,0.6019,0.6796,0.6306,0.6314000000000001,0.5887,0.39980000000000004
2025-01-31,Arel,Sen2Cor,S2B_MSIL2A_20250131T113319_N0511_R080_T28QCH_20250131T170258.SAFE,C:\Users\Simon\Nextcloud\Project\Mauritania\Science\Arguin - FieldWork Data Processing\Data\S2\Sen2Cor\S2B_MSIL2A_20250131T113319_N0511_R080_T28QCH_20250131T170258.zip,566,9891,4259,342595.0,2201125.0,0.2903,0.3592,0.4348,0.5436,0.5661,0.5793,0.6019,0.6728000000000001,0.6306,0.6314000000000001,0.5887,0.39980000000000004
2025-01-31,Arel,Sen2Cor,S2B_MSIL2A_20250131T113319_N0511_R080_T28QCH_20250131T170258.SAFE,C:\Users\Simon\Nextcloud\Project\Mauritania\Science\Arguin - FieldWork Data Processing\Data\S2\Sen2Cor\S2B_MSIL2A_20250131T113319_N0511_R080_T28QCH_20250131T170258.zip,567,9891,4260,342605.0,2201125.0,0.2894,0.3592,0.42800000000000005,0.528,0.554,0.5670000000000001,0.5920000000000001,0.6728000000000001,0.6255000000000001,0.613,0.5750000000000001,0.371
2025-01-31,Arel,Sen2Cor,S2B_MSIL2A_20250131T113319_N0511_R080_T28QCH_20250131T170258.SAFE,C:\Users\Simon\Nextcloud\Project\Mauritania\Science\Arguin - FieldWork Data Processing\Data\S2\Sen2Cor\S2B_MSIL2A_20250131T113319_N0511_R080_T28QCH_20250131T170258.zip,568,9891,4261,342615.0,2201125.0,0.2894,0.3496,0.42400000000000004,0.52,0.554,0.5670000000000001,0.5920000000000001,0.6668000000000001,0.6255000000000001,0.613,0.5750000000000001,0.371
2025-01-31,Arel,Sen2Cor,S2B_MSIL2A_20250131T113319_N0511_R080_T28QCH_20250131T170258.SAFE,C:\Users\Simon\Nextcloud\Project\Mauritania\Science\Arguin - FieldWork Data Processing\Data\S2\Sen2Cor\S2B_MSIL2A_20250131T113319_N0511_R080_T28QCH_20250131T170258.zip,569,9891,4262,342625.0,2201125.0,0.2892,0.34640000000000004,0.4152,0.5068,0.5468000000000001,0.5589000000000001,0.5802,0.6528,0.6238,0.613,0.5601,0.33430000000000004
2025-01-31,Arel,Sen2Cor,S2B_MSIL2A_20250131T113319_N0511_R080_T28QCH_20250131T170258.SAFE,C:\Users\Simon\Nextcloud\Project\Mauritania\Science\Arguin - FieldWork Data Processing\Data\S2\Sen2Cor\S2B_MSIL2A_20250131T113319_N0511_R080_T28QCH_20250131T170258.zip,570,9891,4263,342635.0,2201125.0,0.2892,0.3432,0.42560000000000003,0.52,0.5468000000000001,0.5589000000000001,0.5802,0.646,0.6238,0.613,0.5601,0.33430000000000004
2025-01-31,Arel,Sen2Cor,S2B_MSIL2A_20250131T113319_N0511_R080_T28QCH_20250131T170258.SAFE,C:\Users\Simon\Nextcloud\Project\Mauritania\Science\Arguin - FieldWork Data Processing\Data\S2\Sen2Cor\S2B_MSIL2A_20250131T113319_N0511_R080_T28QCH_20250131T170258.zip,571,9891,4264,342645.0,2201125.0,0.29100000000000004,0.3652,0.4348,0.5228,0.5224,0.5431,0.5698,0.6608,0.6025,0.613,0.5456,0.3178
2025-01-31,Arel,Sen2Cor,S2B_MSIL2A_20250131T113319_N0511_R080_T28QCH_20250131T170258.SAFE,C:\Users\Simon\Nextcloud\Project\Mauritania\Science\Arguin - FieldWork Data Processing\Data\S2\Sen2Cor\S2B_MSIL2A_20250131T113319_N0511_R080_T28QCH_20250131T170258.zip,572,9891,4265,342655.0,2201125.0,0.29100000000000004,0.3572,0.4148,0.496,0.5224,0.5431,0.5698,0.638,0.6025,0.613,0.5456,0.3178
2025-01-31,Arel,Sen2Cor,S2B_MSIL2A_20250131T113319_N0511_R080_T28QCH_20250131T170258.SAFE,C:\Users\Simon\Nextcloud\Project\Mauritania\Science\Arguin - FieldWork Data Processing\Data\S2\Sen2Cor\S2B_MSIL2A_20250131T113319_N0511_R080_T28QCH_20250131T170258.zip,573,9891,4266,342665.0,2201125.0,0.2934,0.34840000000000004,0.40800000000000003,0.49160000000000004,0.5335,0.54,0.5605,0.6244000000000001,0.612,0.5835,0.5445,0.32320000000000004
2025-01-31,Arel,Sen2Cor,S2B_MSIL2A_20250131T113319_N0511_R080_T28QCH_20250131T170258.SAFE,C:\Users\Simon\Nextcloud\Project\Mauritania\Science\Arguin - FieldWork Data Processing\Data\S2\Sen2Cor\S2B_MSIL2A_20250131T113319_N0511_R080_T28QCH_20250131T170258.zip,574,9891,4267,342675.0,2201125.0,0.2934,0.36920000000000003,0.4328,0.52,0.5335,0.54,0.5605,0.6552,0.612,0.5835,0.5445,0.32320000000000004
2025-01-31,Arel,Sen2Cor,S2B_MSIL2A_20250131T113319_N0511_R080_T28QCH_20250131T170258.SAFE,C:\Users\Simon\Nextcloud\Project\Mauritania\Science\Arguin - FieldWork Data Processing\Data\S2\Sen2Cor\S2B_MSIL2A_20250131T113319_N0511_R080_T28QCH_20250131T170258.zip,575,9891,4268,342685.0,2201125.0,0.29250000000000004,0.3648,0.432,0.5172,0.5343,0.554,0.5775,0.6596000000000001,0.6132000000000001,0.5835,0.5515,0.3306
2025-01-31,Arel,Sen2Cor,S2B_MSIL2A_20250131T113319_N0511_R080_T28QCH_20250131T170258.SAFE,C:\Users\Simon\Nextcloud\Project\Mauritania\Science\Arguin - FieldWork Data Processing\Data\S2\Sen2Cor\S2B_MSIL2A_20250131T113319_N0511_R080_T28QCH_20250131T170258.zip,576,9891,4269,342695.0,2201125.0,0.29250000000000004,0.374,0.4348,0.5092,0.5343,0.554,0.5775,0.644,0.6132000000000001,0.5835,0.5515,0.3306
2025-01-31,Arel,Sen2Cor,S2B_MSIL2A_20250131T113319_N0511_R080_T28QCH_20250131T170258.SAFE,C:\Users\Simon\Nextcloud\Project\Mauritania\Science\Arguin - FieldWork Data Processing\Data\S2\Sen2Cor\S2B_MSIL2A_20250131T113319_N0511_R080_T28QCH_20250131T170258.zip,577,9891,4270,342705.0,2201125.0,0.2903,0.386,0.43960000000000005,0.5116,0.5397000000000001,0.5498000000000001,0.5753,0.6424000000000001,0.612,0.5835,0.5532,0.3382
2025-01-31,Arel,Sen2Cor,S2B_MSIL2A_20250131T113319_N0511_R080_T28QCH_20250131T170258.SAFE,C:\Users\Simon\Nextcloud\Project\Mauritania\Science\Arguin - FieldWork Data Processing\Data\S2\Sen2Cor\S2B_MSIL2A_20250131T113319_N0511_R080_T28QCH_20250131T170258.zip,578,9891,4271,342715.0,2201125.0,0.2903,0.38520000000000004,0.44,0.5228,0.5397000000000001,0.5498000000000001,0.5753,0.6548,0.612,0.5835,0.5532,0.3382
2025-01-31,Arel,Sen2Cor,S2B_MSIL2A_20250131T113319_N0511_R080_T28QCH_20250131T170258.SAFE,C:\Users\Simon\Nextcloud\Project\Mauritania\Science\Arguin - FieldWork Data Processing\Data\S2\Sen2Cor\S2B_MSIL2A_20250131T113319_N0511_R080_T28QCH_20250131T170258.zip,579,9892,4247,342475.0,2201115.0,0.2671,0.39,0.45480000000000004,0.5464,0.5638000000000001,0.5773,0.5939,0.6712,0.6202000000000001,0.5433,0.5834,0.38880000000000003
2025-01-31,Arel,Sen2Cor,S2B_MSIL2A_20250131T113319_N0511_R080_T28QCH_20250131T170258.SAFE,C:\Users\Simon\Nextcloud\Project\Mauritania\Science\Arguin - FieldWork Data Processing\Data\S2\Sen2Cor\S2B_MSIL2A_20250131T113319_N0511_R080_T28QCH_20250131T170258.zip,580,9892,4248,342485.0,2201115.0,0.2888,0.3932,0.46080000000000004,0.5536,0.5809000000000001,0.5860000000000001,0.6046,0.6784,0.6352,0.6368,0.5906,0.3996
2025-01-31,Arel,Sen2Cor,S2B_MSIL2A_20250131T113319_N0511_R080_T28QCH_20250131T170258.SAFE,C:\Users\Simon\Nextcloud\Project\Mauritania\Science\Arguin - FieldWork Data Processing\Data\S2\Sen2Cor\S2B_MSIL2A_20250131T113319_N0511_R080_T28QCH_20250131T170258.zip,581,9892,4249,342495.0,2201115.0,0.2888,0.39480000000000004,0.46640000000000004,0.5680000000000001,0.5809000000000001,0.5860000000000001,0.6046,0.6772,0.6352,0.6368,0.5906,0.3996
2025-01-31,Arel,Sen2Cor,S2B_MSIL2A_20250131T113319_N0511_R080_T28QCH_20250131T170258.SAFE,C:\Users\Simon\Nextcloud\Project\Mauritania\Science\Arguin - FieldWork Data Processing\Data\S2\Sen2Cor\S2B_MSIL2A_20250131T113319_N0511_R080_T28QCH_20250131T170258.zip,582,9892,4250,342505.0,2201115.0,0.3028,0.398,0.4792,0.5752,0.5886,0.6003000000000001,0.6182000000000001,0.6872,0.6441,0.6368,0.5986,0.41290000000000004
2025-01-31,Arel,Sen2Cor,S2B_MSIL2A_20250131T113319_N0511_R080_T28QCH_20250131T170258.SAFE,C:\Users\Simon\Nextcloud\Project\Mauritania\Science\Arguin - FieldWork Data Processing\Data\S2\Sen2Cor\S2B_MSIL2A_20250131T113319_N0511_R080_T28QCH_20250131T170258.zip,583,9892,4251,342515.0,2201115.0,0.3028,0.4,0.4748,0.5780000000000001,0.5886,0.6003000000000001,0.6182000000000001,0.6904,0.6441,0.6368,0.5986,0.41290000000000004
2025-01-31,Arel,Sen2Cor,S2B_MSIL2A_20250131T113319_N0511_R080_T28QCH_20250131T170258.SAFE,C:\Users\Simon\Nextcloud\Project\Mauritania\Science\Arguin - FieldWork Data Processing\Data\S2\Sen2Cor\S2B_MSIL2A_20250131T113319_N0511_R080_T28QCH_20250131T170258.zip,584,9892,4252,342525.0,2201115.0,0.3047,0.3936,0.4696,0.5816,0.5997,0.6122000000000001,0.6244000000000001,0.6904,0.6499,0.6368,0.6057,0.42660000000000003
2025-01-31,Arel,Sen2Cor,S2B_MSIL2A_20250131T113319_N0511_R080_T28QCH_20250131T170258.SAFE,C:\Users\Simon\Nextcloud\Project\Mauritania\Science\Arguin - FieldWork Data Processing\Data\S2\Sen2Cor\S2B_MSIL2A_20250131T113319_N0511_R080_T28QCH_20250131T170258.zip,585,9892,4253,342535.0,2201115.0,0.3047,0.3904,0.4696,0.5816,0.5997,0.6122000000000001,0.6244000000000001,0.7016,0.6499,0.6368,0.6057,0.42660000000000003
2025-01-31,Arel,Sen2Cor,S2B_MSIL2A_20250131T113319_N0511_R080_T28QCH_20250131T170258.SAFE,C:\Users\Simon\Nextcloud\Project\Mauritania\Science\Arguin - FieldWork Data Processing\Data\S2\Sen2Cor\S2B_MSIL2A_20250131T113319_N0511_R080_T28QCH_20250131T170258.zip,586,9892,4254,342545.0,2201115.0,0.2979,0.38520000000000004,0.4676,0.5736,0.5976,0.6084,0.6266,0.7052,0.6558,0.6314000000000001,0.6054,0.4307
2025-01-31,Arel,Sen2Cor,S2B_MSIL2A_20250131T113319_N0511_R080_T28QCH_20250131T170258.SAFE,C:\Users\Simon\Nextcloud\Project\Mauritania\Science\Arguin - FieldWork Data Processing\Data\S2\Sen2Cor\S2B_MSIL2A_20250131T113319_N0511_R080_T28QCH_20250131T170258.zip,587,9892,4255,342555.0,2201115.0,0.2979,0.3784,0.4576,0.5700000000000001,0.5976,0.6084,0.6266,0.6964,0.6558,0.6314000000000001,0.6054,0.4307
2025-01-31,Arel,Sen2Cor,S2B_MSIL2A_20250131T113319_N0511_R080_T28QCH_20250131T170258.SAFE,C:\Users\Simon\Nextcloud\Project\Mauritania\Science\Arguin - FieldWork Data Processing\Data\S2\Sen2Cor\S2B_MSIL2A_20250131T113319_N0511_R080_T28QCH_20250131T170258.zip,588,9892,4256,342565.0,2201115.0,0.2918,0.3748,0.458,0.5680000000000001,0.5880000000000001,0.5992000000000001,0.6213000000000001,0.6896,0.6406000000000001,0.6314000000000001,0.6034,0.4252
2025-01-31,Arel,Sen2Cor,S2B_MSIL2A_20250131T113319_N0511_R080_T28QCH_20250131T170258.SAFE,C:\Users\Simon\Nextcloud\Project\Mauritania\Science\Arguin - FieldWork Data Processing\Data\S2\Sen2Cor\S2B_MSIL2A_20250131T113319_N0511_R080_T28QCH_20250131T170258.zip,589,9892,4257,342575.0,2201115.0,0.2918,0.372,0.45120000000000005,0.5624,0.5880000000000001,0.5992000000000001,0.6213000000000001,0.6888000000000001,0.6406000000000001,0.6314000000000001,0.6034,0.4252
2025-01-31,Arel,Sen2Cor,S2B_MSIL2A_20250131T113319_N0511_R080_T28QCH_20250131T170258.SAFE,C:\Users\Simon\Nextcloud\Project\Mauritania\Science\Arguin - FieldWork Data Processing\Data\S2\Sen2Cor\S2B_MSIL2A_20250131T113319_N0511_R080_T28QCH_20250131T170258.zip,590,9892,4258,342585.0,2201115.0,0.2877,0.35800000000000004,0.4444,0.5456,0.5676,0.5843,0.6068,0.6776,0.6343,0.6314000000000001,0.5914,0.4097
2025-01-31,Arel,Sen2Cor,S2B_MSIL2A_20250131T113319_N0511_R080_T28QCH_20250131T170258.SAFE,C:\Users\Simon\Nextcloud\Project\Mauritania\Science\Arguin - FieldWork Data Processing\Data\S2\Sen2Cor\S2B_MSIL2A_20250131T113319_N0511_R080_T28QCH_20250131T170258.zip,591,9892,4259,342595.0,2201115.0,0.2877,0.3604,0.444,0.5416000000000001,0.5676,0.5843,0.6068,0.6712,0.6343,0.6314000000000001,0.5914,0.4097
2025-01-31,Arel,Sen2Cor,S2B_MSIL2A_20250131T113319_N0511_R080_T28QCH_20250131T170258.SAFE,C:\Users\Simon\Nextcloud\Project\Mauritania\Science\Arguin - FieldWork Data Processing\Data\S2\Sen2Cor\S2B_MSIL2A_20250131T113319_N0511_R080_T28QCH_20250131T170258.zip,592,9892,4260,342605.0,2201115.0,0.2847,0.3664,0.442,0.5424,0.5643,0.5714,0.6012000000000001,0.6752,0.6364000000000001,0.613,0.5828,0.3907
2025-01-31,Arel,Sen2Cor,S2B_MSIL2A_20250131T113319_N0511_R080_T28QCH_20250131T170258.SAFE,C:\Users\Simon\Nextcloud\Project\Mauritania\Science\Arguin - FieldWork Data Processing\Data\S2\Sen2Cor\S2B_MSIL2A_20250131T113319_N0511_R080_T28QCH_20250131T170258.zip,593,9892,4261,342615.0,2201115.0,0.2847,0.34840000000000004,0.4264,0.522,0.5643,0.5714,0.6012000000000001,0.6676000000000001,0.6364000000000001,0.613,0.5828,0.3907
2025-01-31,Arel,Sen2Cor,S2B_MSIL2A_20250131T113319_N0511_R080_T28QCH_20250131T170258.SAFE,C:\Users\Simon\Nextcloud\Project\Mauritania\Science\Arguin - FieldWork Data Processing\Data\S2\Sen2Cor\S2B_MSIL2A_20250131T113319_N0511_R080_T28QCH_20250131T170258.zip,594,9892,4262,342625.0,2201115.0,0.2808,0.3428,0.4096,0.5068,0.5454,0.5608000000000001,0.5868,0.6528,0.6213000000000001,0.613,0.5718,0.35800000000000004
2025-01-31,Arel,Sen2Cor,S2B_MSIL2A_20250131T113319_N0511_R080_T28QCH_20250131T170258.SAFE,C:\Users\Simon\Nextcloud\Project\Mauritania\Science\Arguin - FieldWork Data Processing\Data\S2\Sen2Cor\S2B_MSIL2A_20250131T113319_N0511_R080_T28QCH_20250131T170258.zip,595,9892,4263,342635.0,2201115.0,0.2808,0.35600000000000004,0.4208,0.514,0.5454,0.5608000000000001,0.5868,0.6576000000000001,0.6213000000000001,0.613,0.5718,0.35800000000000004
2025-01-31,Arel,Sen2Cor,S2B_MSIL2A_20250131T113319_N0511_R080_T28QCH_20250131T170258.SAFE,C:\Users\Simon\Nextcloud\Project\Mauritania\Science\Arguin - FieldWork Data Processing\Data\S2\Sen2Cor\S2B_MSIL2A_20250131T113319_N0511_R080_T28QCH_20250131T170258.zip,596,9892,4264,342645.0,2201115.0,0.2768,0.3748,0.43320000000000003,0.5172,0.5279,0.5494,0.5758,0.6632,0.6078,0.613,0.5591,0.3392
2025-01-31,Arel,Sen2Cor,S2B_MSIL2A_20250131T113319_N0511_R080_T28QCH_20250131T170258.SAFE,C:\Users\Simon\Nextcloud\Project\Mauritania\Science\Arguin - FieldWork Data Processing\Data\S2\Sen2Cor\S2B_MSIL2A_20250131T113319_N0511_R080_T28QCH_20250131T170258.zip,597,9892,4265,342655.0,2201115.0,0.2768,0.3628,0.4168,0.49720000000000003,0.5279,0.5494,0.5758,0.6344000000000001,0.6078,0.613,0.5591,0.3392
2025-01-31,Arel,Sen2Cor,S2B_MSIL2A_20250131T113319_N0511_R080_T28QCH_20250131T170258.SAFE,C:\Users\Simon\Nextcloud\Project\Mauritania\Science\Arguin - FieldWork Data Processing\Data\S2\Sen2Cor\S2B_MSIL2A_20250131T113319_N0511_R080_T28QCH_20250131T170258.zip,598,9892,4266,342665.0,2201115.0,0.2705,0.3508,0.41400000000000003,0.4944,0.5293,0.5406000000000001,0.5656,0.624,0.6119,0.5835,0.5502,0.3391
2025-01-31,Arel,Sen2Cor,S2B_MSIL2A_20250131T113319_N0511_R080_T28QCH_20250131T170258.SAFE,C:\Users\Simon\Nextcloud\Project\Mauritania\Science\Arguin - FieldWork Data Processing\Data\S2\Sen2Cor\S2B_MSIL2A_20250131T113319_N0511_R080_T28QCH_20250131T170258.zip,599,9892,4267,342675.0,2201115.0,0.2705,0.36200000000000004,0.42560000000000003,0.5116,0.5293,0.5406000000000001,0.5656,0.648,0.6119,0.5835,0.5502,0.3391
2025-01-31,Arel,Sen2Cor,S2B_MSIL2A_20250131T113319_N0511_R080_T28QCH_20250131T170258.SAFE,C:\Users\Simon\Nextcloud\Project\Mauritania\Science\Arguin - FieldWork Data Processing\Data\S2\Sen2Cor\S2B_MSIL2A_20250131T113319_N0511_R080_T28QCH_20250131T170258.zip,600,9892,4268,342685.0,2201115.0,0.2627,0.3572,0.42160000000000003,0.5108,0.5238,0.5473,0.5708,0.6508,0.6042000000000001,0.5835,0.5437000000000001,0.335
2025-01-31,Arel,Sen2Cor,S2B_MSIL2A_20250131T113319_N0511_R080_T28QCH_20250131T170258.SAFE,C:\Users\Simon\Nextcloud\Project\Mauritania\Science\Arguin - FieldWork Data Processing\Data\S2\Sen2Cor\S2B_MSIL2A_20250131T113319_N0511_R080_T28QCH_20250131T170258.zip,601,9893,4247,342475.0,2201105.0,0.2671,0.3952,0.45280000000000004,0.5372,0.5638000000000001,0.5773,0.5939,0.6656000000000001,0.6202000000000001,0.5433,0.5834,0.38880000000000003
2025-01-31,Arel,Sen2Cor,S2B_MSIL2A_20250131T113319_N0511_R080_T28QCH_20250131T170258.SAFE,C:\Users\Simon\Nextcloud\Project\Mauritania\Science\Arguin - FieldWork Data Processing\Data\S2\Sen2Cor\S2B_MSIL2A_20250131T113319_N0511_R080_T28QCH_20250131T170258.zip,602,9893,4248,342485.0,2201105.0,0.2888,0.402,0.46080000000000004,0.5484,0.5809000000000001,0.5860000000000001,0.6046,0.6768000000000001,0.6352,0.6368,0.5906,0.3996
2025-01-31,Arel,Sen2Cor,S2B_MSIL2A_20250131T113319_N0511_R080_T28QCH_20250131T170258.SAFE,C:\Users\Simon\Nextcloud\Project\Mauritania\Science\Arguin - FieldWork Data Processing\Data\S2\Sen2Cor\S2B_MSIL2A_20250131T113319_N0511_R080_T28QCH_20250131T170258.zip,603,9893,4249,342495.0,2201105.0,0.2888,0.398,0.4696,0.5644,0.5809000000000001,0.5860000000000001,0.6046,0.6776,0.6352,0.6368,0.5906,0.3996
2025-01-31,Arel,Sen2Cor,S2B_MSIL2A_20250131T113319_N0511_R080_T28QCH_20250131T170258.SAFE,C:\Users\Simon\Nextcloud\Project\Mauritania\Science\Arguin - FieldWork Data Processing\Data\S2\Sen2Cor\S2B_MSIL2A_20250131T113319_N0511_R080_T28QCH_20250131T170258.zip,604,9893,4250,342505.0,2201105.0,0.3028,0.40280000000000005,0.4796,0.5732,0.5886,0.6003000000000001,0.6182000000000001,0.6932,0.6441,0.6368,0.5986,0.41290000000000004
2025-01-31,Arel,Sen2Cor,S2B_MSIL2A_20250131T113319_N0511_R080_T28QCH_20250131T170258.SAFE,C:\Users\Simon\Nextcloud\Project\Mauritania\Science\Arguin - FieldWork Data Processing\Data\S2\Sen2Cor\S2B_MSIL2A_20250131T113319_N0511_R080_T28QCH_20250131T170258.zip,605,9893,4251,342515.0,2201105.0,0.3028,0.404,0.4832,0.5816,0.5886,0.6003000000000001,0.6182000000000001,0.6976,0.6441,0.6368,0.5986,0.41290000000000004
2025-01-31,Arel,Sen2Cor,S2B_MSIL2A_20250131T113319_N0511_R080_T28QCH_20250131T170258.SAFE,C:\Users\Simon\Nextcloud\Project\Mauritania\Science\Arguin - FieldWork Data Processing\Data\S2\Sen2Cor\S2B_MSIL2A_20250131T113319_N0511_R080_T28QCH_20250131T170258.zip,606,9893,4252,342525.0,2201105.0,0.3047,0.398,0.48160000000000003,0.5820000000000001,0.5997,0.6122000000000001,0.6244000000000001,0.6948000000000001,0.6499,0.6368,0.6057,0.42660000000000003
2025-01-31,Arel,Sen2Cor,S2B_MSIL2A_20250131T113319_N0511_R080_T28QCH_20250131T170258.SAFE,C:\Users\Simon\Nextcloud\Project\Mauritania\Science\Arguin - FieldWork Data Processing\Data\S2\Sen2Cor\S2B_MSIL2A_20250131T113319_N0511_R080_T28QCH_20250131T170258.zip,607,9893,4253,342535.0,2201105.0,0.3047,0.39640000000000003,0.4752,0.5800000000000001,0.5997,0.6122000000000001,0.6244000000000001,0.7076,0.6499,0.6368,0.6057,0.42660000000000003
2025-01-31,Arel,Sen2Cor,S2B_MSIL2A_20250131T113319_N0511_R080_T28QCH_20250131T170258.SAFE,C:\Users\Simon\Nextcloud\Project\Mauritania\Science\Arguin - FieldWork Data Processing\Data\S2\Sen2Cor\S2B_MSIL2A_20250131T113319_N0511_R080_T28QCH_20250131T170258.zip,608,9893,4254,342545.0,2201105.0,0.2979,0.3836,0.46880000000000005,0.5744,0.5976,0.6084,0.6266,0.7020000000000001,0.6558,0.6314000000000001,0.6054,0.4307
2025-01-31,Arel,Sen2Cor,S2B_MSIL2A_20250131T113319_N0511_R080_T28QCH_20250131T170258.SAFE,C:\Users\Simon\Nextcloud\Project\Mauritania\Science\Arguin - FieldWork Data Processing\Data\S2\Sen2Cor\S2B_MSIL2A_20250131T113319_N0511_R080_T28QCH_20250131T170258.zip,609,9893,4255,342555.0,2201105.0,0.2979,0.3808,0.46640000000000004,0.5736,0.5976,0.6084,0.6266,0.7000000000000001,0.6558,0.6314000000000001,0.6054,0.4307
2025-01-31,Arel,Sen2Cor,S2B_MSIL2A_20250131T113319_N0511_R080_T28QCH_20250131T170258.SAFE,C:\Users\Simon\Nextcloud\Project\Mauritania\Science\Arguin - FieldWork Data Processing\Data\S2\Sen2Cor\S2B_MSIL2A_20250131T113319_N0511_R080_T28QCH_20250131T170258.zip,610,9893,4256,342565.0,2201105.0,0.2918,0.3896,0.4672,0.5728,0.5880000000000001,0.5992000000000001,0.6213000000000001,0.6944,0.6406000000000001,0.6314000000000001,0.6034,0.4252
2025-01-31,Arel,Sen2Cor,S2B_MSIL2A_20250131T113319_N0511_R080_T28QCH_20250131T170258.SAFE,C:\Users\Simon\Nextcloud\Project\Mauritania\Science\Arguin - FieldWork Data Processing\Data\S2\Sen2Cor\S2B_MSIL2A_20250131T113319_N0511_R080_T28QCH_20250131T170258.zip,611,9893,4257,342575.0,2201105.0,0.2918,0.3728,0.45520000000000005,0.5644,0.5880000000000001,0.5992000000000001,0.6213000000000001,0.6932,0.6406000000000001,0.6314000000000001,0.6034,0.4252
2025-01-31,Arel,Sen2Cor,S2B_MSIL2A_20250131T113319_N0511_R080_T28QCH_20250131T170258.SAFE,C:\Users\Simon\Nextcloud\Project\Mauritania\Science\Arguin - FieldWork Data Processing\Data\S2\Sen2Cor\S2B_MSIL2A_20250131T113319_N0511_R080_T28QCH_20250131T170258.zip,612,9893,4258,342585.0,2201105.0,0.2877,0.36360000000000003,0.44520000000000004,0.5504,0.5676,0.5843,0.6068,0.6832,0.6343,0.6314000000000001,0.5914,0.4097
2025-01-31,Arel,Sen2Cor,S2B_MSIL2A_20250131T113319_N0511_R080_T28QCH_20250131T170258.SAFE,C:\Users\Simon\Nextcloud\Project\Mauritania\Science\Arguin - FieldWork Data Processing\Data\S2\Sen2Cor\S2B_MSIL2A_20250131T113319_N0511_R080_T28QCH_20250131T170258.zip,613,9893,4259,342595.0,2201105.0,0.2877,0.3632,0.44,0.5468000000000001,0.5676,0.5843,0.6068,0.6812,0.6343,0.6314000000000001,0.5914,0.4097
2025-01-31,Arel,Sen2Cor,S2B_MSIL2A_20250131T113319_N0511_R080_T28QCH_20250131T170258.SAFE,C:\Users\Simon\Nextcloud\Project\Mauritania\Science\Arguin - FieldWork Data Processing\Data\S2\Sen2Cor\S2B_MSIL2A_20250131T113319_N0511_R080_T28QCH_20250131T170258.zip,614,9893,4260,342605.0,2201105.0,0.2847,0.3748,0.4544,0.5536,0.5643,0.5714,0.6012000000000001,0.6844,0.6364000000000001,0.613,0.5828,0.3907
2025-01-31,Arel,Sen2Cor,S2B_MSIL2A_20250131T113319_N0511_R080_T28QCH_20250131T170258.SAFE,C:\Users\Simon\Nextcloud\Project\Mauritania\Science\Arguin - FieldWork Data Processing\Data\S2\Sen2Cor\S2B_MSIL2A_20250131T113319_N0511_R080_T28QCH_20250131T170258.zip,615,9893,4261,342615.0,2201105.0,0.2847,0.3612,0.44,0.5372,0.5643,0.5714,0.6012000000000001,0.6856,0.6364000000000001,0.613,0.5828,0.3907
2025-01-31,Arel,Sen2Cor,S2B_MSIL2A_20250131T113319_N0511_R080_T28QCH_20250131T170258.SAFE,C:\Users\Simon\Nextcloud\Project\Mauritania\Science\Arguin - FieldWork Data Processing\Data\S2\Sen2Cor\S2B_MSIL2A_20250131T113319_N0511_R080_T28QCH_20250131T170258.zip,616,9893,4262,342625.0,2201105.0,0.2808,0.34840000000000004,0.4204,0.528,0.5454,0.5608000000000001,0.5868,0.668,0.6213000000000001,0.613,0.5718,0.35800000000000004
2025-01-31,Arel,Sen2Cor,S2B_MSIL2A_20250131T113319_N0511_R080_T28QCH_20250131T170258.SAFE,C:\Users\Simon\Nextcloud\Project\Mauritania\Science\Arguin - FieldWork Data Processing\Data\S2\Sen2Cor\S2B_MSIL2A_20250131T113319_N0511_R080_T28QCH_20250131T170258.zip,617,9893,4263,342635.0,2201105.0,0.2808,0.35000000000000003,0.42200000000000004,0.5268,0.5454,0.5608000000000001,0.5868,0.6696000000000001,0.6213000000000001,0.613,0.5718,0.35800000000000004
2025-01-31,Arel,Sen2Cor,S2B_MSIL2A_20250131T113319_N0511_R080_T28QCH_20250131T170258.SAFE,C:\Users\Simon\Nextcloud\Project\Mauritania\Science\Arguin - FieldWork Data Processing\Data\S2\Sen2Cor\S2B_MSIL2A_20250131T113319_N0511_R080_T28QCH_20250131T170258.zip,618,9893,4264,342645.0,2201105.0,0.2768,0.35200000000000004,0.4284,0.5168,0.5279,0.5494,0.5758,0.6596000000000001,0.6078,0.613,0.5591,0.3392
2025-01-31,Arel,Sen2Cor,S2B_MSIL2A_20250131T113319_N0511_R080_T28QCH_20250131T170258.SAFE,C:\Users\Simon\Nextcloud\Project\Mauritania\Science\Arguin - FieldWork Data Processing\Data\S2\Sen2Cor\S2B_MSIL2A_20250131T113319_N0511_R080_T28QCH_20250131T170258.zip,619,9893,4265,342655.0,2201105.0,0.2768,0.3556,0.4148,0.5092,0.5279,0.5494,0.5758,0.6528,0.6078,0.613,0.5591,0.3392
2025-01-31,Arel,Sen2Cor,S2B_MSIL2A_20250131T113319_N0511_R080_T28QCH_20250131T170258.SAFE,C:\Users\Simon\Nextcloud\Project\Mauritania\Science\Arguin - FieldWork Data Processing\Data\S2\Sen2Cor\S2B_MSIL2A_20250131T113319_N0511_R080_T28QCH_20250131T170258.zip,620,9893,4266,342665.0,2201105.0,0.2705,0.3584,0.4204,0.5124000000000001,0.5293,0.5406000000000001,0.5656,0.65,0.6119,0.5835,0.5502,0.3391
2025-01-31,Arel,Sen2Cor,S2B_MSIL2A_20250131T113319_N0511_R080_T28QCH_20250131T170258.SAFE,C:\Users\Simon\Nextcloud\Project\Mauritania\Science\Arguin - FieldWork Data Processing\Data\S2\Sen2Cor\S2B_MSIL2A_20250131T113319_N0511_R080_T28QCH_20250131T170258.zip,621,9894,4247,342475.0,2201095.0,0.2626,0.384,0.442,0.518,0.5387000000000001,0.5439,0.5724,0.6476000000000001,0.6037,0.5322,0.5662,0.3647
2025-01-31,Arel,Sen2Cor,S2B_MSIL2A_20250131T113319_N0511_R080_T28QCH_20250131T170258.SAFE,C:\Users\Simon\Nextcloud\Project\Mauritania\Science\Arguin - FieldWork Data Processing\Data\S2\Sen2Cor\S2B_MSIL2A_20250131T113319_N0511_R080_T28QCH_20250131T170258.zip,622,9894,4248,342485.0,2201095.0,0.2836,0.39280000000000004,0.4592,0.54,0.5551,0.5671,0.5879,0.666,0.6167,0.6258,0.5832,0.3758
2025-01-31,Arel,Sen2Cor,S2B_MSIL2A_20250131T113319_N0511_R080_T28QCH_20250131T170258.SAFE,C:\Users\Simon\Nextcloud\Project\Mauritania\Science\Arguin - FieldWork Data Processing\Data\S2\Sen2Cor\S2B_MSIL2A_20250131T113319_N0511_R080_T28QCH_20250131T170258.zip,623,9894,4249,342495.0,2201095.0,0.2836,0.39280000000000004,0.4632,0.5512,0.5551,0.5671,0.5879,0.6776,0.6167,0.6258,0.5832,0.3758
2025-01-31,Arel,Sen2Cor,S2B_MSIL2A_20250131T113319_N0511_R080_T28QCH_20250131T170258.SAFE,C:\Users\Simon\Nextcloud\Project\Mauritania\Science\Arguin - FieldWork Data Processing\Data\S2\Sen2Cor\S2B_MSIL2A_20250131T113319_N0511_R080_T28QCH_20250131T170258.zip,624,9894,4250,342505.0,2201095.0,0.29650000000000004,0.3972,0.464,0.5524,0.5804,0.5887,0.6115,0.68,0.6396000000000001,0.6258,0.5925,0.3865
2025-01-31,Arel,Sen2Cor,S2B_MSIL2A_20250131T113319_N0511_R080_T28QCH_20250131T170258.SAFE,C:\Users\Simon\Nextcloud\Project\Mauritania\Science\Arguin - FieldWork Data Processing\Data\S2\Sen2Cor\S2B_MSIL2A_20250131T113319_N0511_R080_T28QCH_20250131T170258.zip,625,9894,4251,342515.0,2201095.0,0.29650000000000004,0.4016,0.4732,0.5748,0.5804,0.5887,0.6115,0.6920000000000001,0.6396000000000001,0.6258,0.5925,0.3865
2025-01-31,Arel,Sen2Cor,S2B_MSIL2A_20250131T113319_N0511_R080_T28QCH_20250131T170258.SAFE,C:\Users\Simon\Nextcloud\Project\Mauritania\Science\Arguin - FieldWork Data Processing\Data\S2\Sen2Cor\S2B_MSIL2A_20250131T113319_N0511_R080_T28QCH_20250131T170258.zip,626,9894,4252,342525.0,2201095.0,0.3008,0.4,0.47840000000000005,0.5796,0.5951000000000001,0.6061000000000001,0.6264000000000001,0.7028,0.6517000000000001,0.6258,0.6027,0.4063
2025-01-31,Arel,Sen2Cor,S2B_MSIL2A_20250131T113319_N0511_R080_T28QCH_20250131T170258.SAFE,C:\Users\Simon\Nextcloud\Project\Mauritania\Science\Arguin - FieldWork Data Processing\Data\S2\Sen2Cor\S2B_MSIL2A_20250131T113319_N0511_R080_T28QCH_20250131T170258.zip,627,9894,4253,342535.0,2201095.0,0.3008,0.39480000000000004,0.4728,0.5736,0.5951000000000001,0.6061000000000001,0.6264000000000001,0.7060000000000001,0.6517000000000001,0.6258,0.6027,0.4063
2025-01-31,Arel,Sen2Cor,S2B_MSIL2A_20250131T113319_N0511_R080_T28QCH_20250131T170258.SAFE,C:\Users\Simon\Nextcloud\Project\Mauritania\Science\Arguin - FieldWork Data Processing\Data\S2\Sen2Cor\S2B_MSIL2A_20250131T113319_N0511_R080_T28QCH_20250131T170258.zip,628,9894,4254,342545.0,2201095.0,0.2973,0.38920000000000005,0.46880000000000005,0.5712,0.5959,0.6126,0.6297,0.7060000000000001,0.6568,0.6242,0.6065,0.42150000000000004
2025-01-31,Arel,Sen2Cor,S2B_MSIL2A_20250131T113319_N0511_R080_T28QCH_20250131T170258.SAFE,C:\Users\Simon\Nextcloud\Project\Mauritania\Science\Arguin - FieldWork Data Processing\Data\S2\Sen2Cor\S2B_MSIL2A_20250131T113319_N0511_R080_T28QCH_20250131T170258.zip,629,9894,4255,342555.0,2201095.0,0.2973,0.38920000000000005,0.4728,0.5812,0.5959,0.6126,0.6297,0.7072,0.6568,0.6242,0.6065,0.42150000000000004
2025-01-31,Arel,Sen2Cor,S2B_MSIL2A_20250131T113319_N0511_R080_T28QCH_20250131T170258.SAFE,C:\Users\Simon\Nextcloud\Project\Mauritania\Science\Arguin - FieldWork Data Processing\Data\S2\Sen2Cor\S2B_MSIL2A_20250131T113319_N0511_R080_T28QCH_20250131T170258.zip,630,9894,4256,342565.0,2201095.0,0.2913,0.3876,0.458,0.5744,0.5856,0.6028,0.6235,0.6968000000000001,0.6533,0.6242,0.604,0.42060000000000003
2025-01-31,Arel,Sen2Cor,S2B_MSIL2A_20250131T113319_N0511_R080_T28QCH_20250131T170258.SAFE,C:\Users\Simon\Nextcloud\Project\Mauritania\Science\Arguin - FieldWork Data Processing\Data\S2\Sen2Cor\S2B_MSIL2A_20250131T113319_N0511_R080_T28QCH_20250131T170258.zip,631,9894,4257,342575.0,2201095.0,0.2913,0.3588,0.44720000000000004,0.558,0.5856,0.6028,0.6235,0.6900000000000001,0.6533,0.6242,0.604,0.42060000000000003
2025-01-31,Arel,Sen2Cor,S2B_MSIL2A_20250131T113319_N0511_R080_T28QCH_20250131T170258.SAFE,C:\Users\Simon\Nextcloud\Project\Mauritania\Science\Arguin - FieldWork Data Processing\Data\S2\Sen2Cor\S2B_MSIL2A_20250131T113319_N0511_R080_T28QCH_20250131T170258.zip,632,9894,4258,342585.0,2201095.0,0.2874,0.3584,0.446,0.5512,0.5776,0.5937,0.6165,0.6900000000000001,0.6471,0.6242,0.5997,0.4147
2025-01-31,Arel,Sen2Cor,S2B_MSIL2A_20250131T113319_N0511_R080_T28QCH_20250131T170258.SAFE,C:\Users\Simon\Nextcloud\Project\Mauritania\Science\Arguin - FieldWork Data Processing\Data\S2\Sen2Cor\S2B_MSIL2A_20250131T113319_N0511_R080_T28QCH_20250131T170258.zip,633,9894,4259,342595.0,2201095.0,0.2874,0.3632,0.44320000000000004,0.5512,0.5776,0.5937,0.6165,0.6836,0.6471,0.6242,0.5997,0.4147
2025-01-31,Arel,Sen2Cor,S2B_MSIL2A_20250131T113319_N0511_R080_T28QCH_20250131T170258.SAFE,C:\Users\Simon\Nextcloud\Project\Mauritania\Science\Arguin - FieldWork Data Processing\Data\S2\Sen2Cor\S2B_MSIL2A_20250131T113319_N0511_R080_T28QCH_20250131T170258.zip,634,9894,4260,342605.0,2201095.0,0.2811,0.3808,0.45640000000000003,0.5536,0.5811000000000001,0.5925,0.6149,0.6844,0.6479,0.5623,0.5917,0.4038
2025-01-31,Arel,Sen2Cor,S2B_MSIL2A_20250131T113319_N0511_R080_T28QCH_20250131T170258.SAFE,C:\Users\Simon\Nextcloud\Project\Mauritania\Science\Arguin - FieldWork Data Processing\Data\S2\Sen2Cor\S2B_MSIL2A_20250131T113319_N0511_R080_T28QCH_20250131T170258.zip,635,9894,4261,342615.0,2201095.0,0.2811,0.3764,0.45320000000000005,0.5536,0.5811000000000001,0.5925,0.6149,0.6928000000000001,0.6479,0.5623,0.5917,0.4038
2025-01-31,Arel,Sen2Cor,S2B_MSIL2A_20250131T113319_N0511_R080_T28QCH_20250131T170258.SAFE,C:\Users\Simon\Nextcloud\Project\Mauritania\Science\Arguin - FieldWork Data Processing\Data\S2\Sen2Cor\S2B_MSIL2A_20250131T113319_N0511_R080_T28QCH_20250131T170258.zip,636,9894,4262,342625.0,2201095.0,0.2712,0.3584,0.43520000000000003,0.542,0.5614,0.5775,0.6038,0.6816,0.6354000000000001,0.5623,0.5817,0.379
2025-01-31,Arel,Sen2Cor,S2B_MSIL2A_20250131T113319_N0511_R080_T28QCH_20250131T170258.SAFE,C:\Users\Simon\Nextcloud\Project\Mauritania\Science\Arguin - FieldWork Data Processing\Data\S2\Sen2Cor\S2B_MSIL2A_20250131T113319_N0511_R080_T28QCH_20250131T170258.zip,637,9894,4263,342635.0,2201095.0,0.2712,0.3524,0.4252,0.5312,0.5614,0.5775,0.6038,0.6784,0.6354000000000001,0.5623,0.5817,0.379
2025-01-31,Arel,Sen2Cor,S2B_MSIL2A_20250131T113319_N0511_R080_T28QCH_20250131T170258.SAFE,C:\Users\Simon\Nextcloud\Project\Mauritania\Science\Arguin - FieldWork Data Processing\Data\S2\Sen2Cor\S2B_MSIL2A_20250131T113319_N0511_R080_T28QCH_20250131T170258.zip,638,9894,4264,342645.0,2201095.0,0.25680000000000003,0.3456,0.41440000000000005,0.5184,0.5448000000000001,0.5606,0.5869,0.6668000000000001,0.6259,0.5623,0.5673,0.3608
2025-01-31,Arel,Sen2Cor,S2B_MSIL2A_20250131T113319_N0511_R080_T28QCH_20250131T170258.SAFE,C:\Users\Simon\Nextcloud\Project\Mauritania\Science\Arguin - FieldWork Data Processing\Data\S2\Sen2Cor\S2B_MSIL2A_20250131T113319_N0511_R080_T28QCH_20250131T170258.zip,639,9894,4265,342655.0,2201095.0,0.25680000000000003,0.3488,0.41800000000000004,0.5204,0.5448000000000001,0.5606,0.5869,0.6656000000000001,0.6259,0.5623,0.5673,0.3608
2025-01-31,Arel,Sen2Cor,S2B_MSIL2A_20250131T113319_N0511_R080_T28QCH_20250131T170258.SAFE,C:\Users\Simon\Nextcloud\Project\Mauritania\Science\Arguin - FieldWork Data Processing\Data\S2\Sen2Cor\S2B_MSIL2A_20250131T113319_N0511_R080_T28QCH_20250131T170258.zip,640,9895,4247,342475.0,2201085.0,0.2626,0.37360000000000004,0.432,0.5096,0.5387000000000001,0.5439,0.5724,0.6412,0.6037,0.5322,0.5662,0.3647
2025-01-31,Arel,Sen2Cor,S2B_MSIL2A_20250131T113319_N0511_R080_T28QCH_20250131T170258.SAFE,C:\Users\Simon\Nextcloud\Project\Mauritania\Science\Arguin - FieldWork Data Processing\Data\S2\Sen2Cor\S2B_MSIL2A_20250131T113319_N0511_R080_T28QCH_20250131T170258.zip,641,9895,4248,342485.0,2201085.0,0.2836,0.3836,0.4428,0.5208,0.5551,0.5671,0.5879,0.6508,0.6167,0.6258,0.5832,0.3758
2025-01-31,Arel,Sen2Cor,S2B_MSIL2A_20250131T113319_N0511_R080_T28QCH_20250131T170258.SAFE,C:\Users\Simon\Nextcloud\Project\Mauritania\Science\Arguin - FieldWork Data Processing\Data\S2\Sen2Cor\S2B_MSIL2A_20250131T113319_N0511_R080_T28QCH_20250131T170258.zip,642,9895,4249,342495.0,2201085.0,0.2836,0.38520000000000004,0.44720000000000004,0.5404,0.5551,0.5671,0.5879,0.6704,0.6167,0.6258,0.5832,0.3758
2025-01-31,Arel,Sen2Cor,S2B_MSIL2A_20250131T113319_N0511_R080_T28QCH_20250131T170258.SAFE,C:\Users\Simon\Nextcloud\Project\Mauritania\Science\Arguin - FieldWork Data Processing\Data\S2\Sen2Cor\S2B_MSIL2A_20250131T113319_N0511_R080_T28QCH_20250131T170258.zip,643,9895,4250,342505.0,2201085.0,0.29650000000000004,0.38720000000000004,0.4596,0.554,0.5804,0.5887,0.6115,0.682,0.6396000000000001,0.6258,0.5925,0.3865
2025-01-31,Arel,Sen2Cor,S2B_MSIL2A_20250131T113319_N0511_R080_T28QCH_20250131T170258.SAFE,C:\Users\Simon\Nextcloud\Project\Mauritania\Science\Arguin - FieldWork Data Processing\Data\S2\Sen2Cor\S2B_MSIL2A_20250131T113319_N0511_R080_T28QCH_20250131T170258.zip,644,9895,4251,342515.0,2201085.0,0.29650000000000004,0.39,0.4652,0.5616,0.5804,0.5887,0.6115,0.6852,0.6396000000000001,0.6258,0.5925,0.3865
2025-01-31,Arel,Sen2Cor,S2B_MSIL2A_20250131T113319_N0511_R080_T28QCH_20250131T170258.SAFE,C:\Users\Simon\Nextcloud\Project\Mauritania\Science\Arguin - FieldWork Data Processing\Data\S2\Sen2Cor\S2B_MSIL2A_20250131T113319_N0511_R080_T28QCH_20250131T170258.zip,645,9895,4252,342525.0,2201085.0,0.3008,0.392,0.4712,0.5680000000000001,0.5951000000000001,0.6061000000000001,0.6264000000000001,0.6924,0.6517000000000001,0.6258,0.6027,0.4063
2025-01-31,Arel,Sen2Cor,S2B_MSIL2A_20250131T113319_N0511_R080_T28QCH_20250131T170258.SAFE,C:\Users\Simon\Nextcloud\Project\Mauritania\Science\Arguin - FieldWork Data Processing\Data\S2\Sen2Cor\S2B_MSIL2A_20250131T113319_N0511_R080_T28QCH_20250131T170258.zip,646,9895,4253,342535.0,2201085.0,0.3008,0.39080000000000004,0.47400000000000003,0.5748,0.5951000000000001,0.6061000000000001,0.6264000000000001,0.6996,0.6517000000000001,0.6258,0.6027,0.4063
2025-01-31,Arel,Sen2Cor,S2B_MSIL2A_20250131T113319_N0511_R080_T28QCH_20250131T170258.SAFE,C:\Users\Simon\Nextcloud\Project\Mauritania\Science\Arguin - FieldWork Data Processing\Data\S2\Sen2Cor\S2B_MSIL2A_20250131T113319_N0511_R080_T28QCH_20250131T170258.zip,647,9895,4254,342545.0,2201085.0,0.2973,0.38920000000000005,0.47040000000000004,0.5752,0.5959,0.6126,0.6297,0.7032,0.6568,0.6242,0.6065,0.42150000000000004
2025-01-31,Arel,Sen2Cor,S2B_MSIL2A_20250131T113319_N0511_R080_T28QCH_20250131T170258.SAFE,C:\Users\Simon\Nextcloud\Project\Mauritania\Science\Arguin - FieldWork Data Processing\Data\S2\Sen2Cor\S2B_MSIL2A_20250131T113319_N0511_R080_T28QCH_20250131T170258.zip,648,9895,4255,342555.0,2201085.0,0.2973,0.3876,0.46880000000000005,0.5760000000000001,0.5959,0.6126,0.6297,0.7060000000000001,0.6568,0.6242,0.6065,0.42150000000000004
2025-01-31,Arel,Sen2Cor,S2B_MSIL2A_20250131T113319_N0511_R080_T28QCH_20250131T170258.SAFE,C:\Users\Simon\Nextcloud\Project\Mauritania\Science\Arguin - FieldWork Data Processing\Data\S2\Sen2Cor\S2B_MSIL2A_20250131T113319_N0511_R080_T28QCH_20250131T170258.zip,649,9895,4256,342565.0,2201085.0,0.2913,0.37720000000000004,0.4556,0.5636,0.5856,0.6028,0.6235,0.7012,0.6533,0.6242,0.604,0.42060000000000003
2025-01-31,Arel,Sen2Cor,S2B_MSIL2A_20250131T113319_N0511_R080_T28QCH_20250131T170258.SAFE,C:\Users\Simon\Nextcloud\Project\Mauritania\Science\Arguin - FieldWork Data Processing\Data\S2\Sen2Cor\S2B_MSIL2A_20250131T113319_N0511_R080_T28QCH_20250131T170258.zip,650,9895,4257,342575.0,2201085.0,0.2913,0.36200000000000004,0.448,0.5592,0.5856,0.6028,0.6235,0.6944,0.6533,0.6242,0.604,0.42060000000000003
2025-01-31,Arel,Sen2Cor,S2B_MSIL2A_20250131T113319_N0511_R080_T28QCH_20250131T170258.SAFE,C:\Users\Simon\Nextcloud\Project\Mauritania\Science\Arguin - FieldWork Data Processing\Data\S2\Sen2Cor\S2B_MSIL2A_20250131T113319_N0511_R080_T28QCH_20250131T170258.zip,651,9895,4258,342585.0,2201085.0,0.2874,0.3584,0.4428,0.5552,0.5776,0.5937,0.6165,0.6948000000000001,0.6471,0.6242,0.5997,0.4147
2025-01-31,Arel,Sen2Cor,S2B_MSIL2A_20250131T113319_N0511_R080_T28QCH_20250131T170258.SAFE,C:\Users\Simon\Nextcloud\Project\Mauritania\Science\Arguin - FieldWork Data Processing\Data\S2\Sen2Cor\S2B_MSIL2A_20250131T113319_N0511_R080_T28QCH_20250131T170258.zip,652,9895,4259,342595.0,2201085.0,0.2874,0.3604,0.44160000000000005,0.5516,0.5776,0.5937,0.6165,0.686,0.6471,0.6242,0.5997,0.4147
2025-01-31,Arel,Sen2Cor,S2B_MSIL2A_20250131T113319_N0511_R080_T28QCH_20250131T170258.SAFE,C:\Users\Simon\Nextcloud\Project\Mauritania\Science\Arguin - FieldWork Data Processing\Data\S2\Sen2Cor\S2B_MSIL2A_20250131T113319_N0511_R080_T28QCH_20250131T170258.zip,653,9895,4260,342605.0,2201085.0,0.2811,0.3744,0.4476,0.5536,0.5811000000000001,0.5925,0.6149,0.682,0.6479,0.5623,0.5917,0.4038
2025-01-31,Arel,Sen2Cor,S2B_MSIL2A_20250131T113319_N0511_R080_T28QCH_20250131T170258.SAFE,C:\Users\Simon\Nextcloud\Project\Mauritania\Science\Arguin - FieldWork Data Processing\Data\S2\Sen2Cor\S2B_MSIL2A_20250131T113319_N0511_R080_T28QCH_20250131T170258.zip,654,9895,4261,342615.0,2201085.0,0.2811,0.37720000000000004,0.44920000000000004,0.554,0.5811000000000001,0.5925,0.6149,0.6896,0.6479,0.5623,0.5917,0.4038
2025-01-31,Arel,Sen2Cor,S2B_MSIL2A_20250131T113319_N0511_R080_T28QCH_20250131T170258.SAFE,C:\Users\Simon\Nextcloud\Project\Mauritania\Science\Arguin - FieldWork Data Processing\Data\S2\Sen2Cor\S2B_MSIL2A_20250131T113319_N0511_R080_T28QCH_20250131T170258.zip,655,9895,4262,342625.0,2201085.0,0.2712,0.36960000000000004,0.4476,0.5492,0.5614,0.5775,0.6038,0.6908000000000001,0.6354000000000001,0.5623,0.5817,0.379
2025-01-31,Arel,Sen2Cor,S2B_MSIL2A_20250131T113319_N0511_R080_T28QCH_20250131T170258.SAFE,C:\Users\Simon\Nextcloud\Project\Mauritania\Science\Arguin - FieldWork Data Processing\Data\S2\Sen2Cor\S2B_MSIL2A_20250131T113319_N0511_R080_T28QCH_20250131T170258.zip,656,9895,4263,342635.0,2201085.0,0.2712,0.35000000000000003,0.43520000000000003,0.5368,0.5614,0.5775,0.6038,0.6828000000000001,0.6354000000000001,0.5623,0.5817,0.379
2025-01-31,Arel,Sen2Cor,S2B_MSIL2A_20250131T113319_N0511_R080_T28QCH_20250131T170258.SAFE,C:\Users\Simon\Nextcloud\Project\Mauritania\Science\Arguin - FieldWork Data Processing\Data\S2\Sen2Cor\S2B_MSIL2A_20250131T113319_N0511_R080_T28QCH_20250131T170258.zip,657,9896,4247,342475.0,2201075.0,0.2591,0.3652,0.4348,0.5104000000000001,0.544,0.5516,0.5713,0.646,0.6134000000000001,0.5322,0.5711,0.36360000000000003
2025-01-31,Arel,Sen2Cor,S2B_MSIL2A_20250131T113319_N0511_R080_T28QCH_20250131T170258.SAFE,C:\Users\Simon\Nextcloud\Project\Mauritania\Science\Arguin - FieldWork Data Processing\Data\S2\Sen2Cor\S2B_MSIL2A_20250131T113319_N0511_R080_T28QCH_20250131T170258.zip,658,9896,4248,342485.0,2201075.0,0.2783,0.3628,0.4304,0.5124000000000001,0.5406000000000001,0.5552,0.5782,0.6488,0.6162000000000001,0.6258,0.5823,0.3709
2025-01-31,Arel,Sen2Cor,S2B_MSIL2A_20250131T113319_N0511_R080_T28QCH_20250131T170258.SAFE,C:\Users\Simon\Nextcloud\Project\Mauritania\Science\Arguin - FieldWork Data Processing\Data\S2\Sen2Cor\S2B_MSIL2A_20250131T113319_N0511_R080_T28QCH_20250131T170258.zip,659,9896,4249,342495.0,2201075.0,0.2783,0.3664,0.436,0.5296000000000001,0.5406000000000001,0.5552,0.5782,0.6608,0.6162000000000001,0.6258,0.5823,0.3709
2025-01-31,Arel,Sen2Cor,S2B_MSIL2A_20250131T113319_N0511_R080_T28QCH_20250131T170258.SAFE,C:\Users\Simon\Nextcloud\Project\Mauritania\Science\Arguin - FieldWork Data Processing\Data\S2\Sen2Cor\S2B_MSIL2A_20250131T113319_N0511_R080_T28QCH_20250131T170258.zip,660,9896,4250,342505.0,2201075.0,0.2901,0.37720000000000004,0.45840000000000003,0.5484,0.5606,0.5747,0.5977,0.6744,0.6317,0.6258,0.5949,0.377
2025-01-31,Arel,Sen2Cor,S2B_MSIL2A_20250131T113319_N0511_R080_T28QCH_20250131T170258.SAFE,C:\Users\Simon\Nextcloud\Project\Mauritania\Science\Arguin - FieldWork Data Processing\Data\S2\Sen2Cor\S2B_MSIL2A_20250131T113319_N0511_R080_T28QCH_20250131T170258.zip,661,9896,4251,342515.0,2201075.0,0.2901,0.3764,0.45840000000000003,0.5536,0.5606,0.5747,0.5977,0.6748000000000001,0.6317,0.6258,0.5949,0.377
2025-01-31,Arel,Sen2Cor,S2B_MSIL2A_20250131T113319_N0511_R080_T28QCH_20250131T170258.SAFE,C:\Users\Simon\Nextcloud\Project\Mauritania\Science\Arguin - FieldWork Data Processing\Data\S2\Sen2Cor\S2B_MSIL2A_20250131T113319_N0511_R080_T28QCH_20250131T170258.zip,662,9896,4252,342525.0,2201075.0,0.2933,0.3788,0.4652,0.5668000000000001,0.5791000000000001,0.5916,0.6196,0.6924,0.647,0.6258,0.6057,0.397
2025-01-31,Arel,Sen2Cor,S2B_MSIL2A_20250131T113319_N0511_R080_T28QCH_20250131T170258.SAFE,C:\Users\Simon\Nextcloud\Project\Mauritania\Science\Arguin - FieldWork Data Processing\Data\S2\Sen2Cor\S2B_MSIL2A_20250131T113319_N0511_R080_T28QCH_20250131T170258.zip,663,9896,4253,342535.0,2201075.0,0.2933,0.384,0.4652,0.5724,0.5791000000000001,0.5916,0.6196,0.7040000000000001,0.647,0.6258,0.6057,0.397
2025-01-31,Arel,Sen2Cor,S2B_MSIL2A_20250131T113319_N0511_R080_T28QCH_20250131T170258.SAFE,C:\Users\Simon\Nextcloud\Project\Mauritania\Science\Arguin - FieldWork Data Processing\Data\S2\Sen2Cor\S2B_MSIL2A_20250131T113319_N0511_R080_T28QCH_20250131T170258.zip,664,9896,4254,342545.0,2201075.0,0.2907,0.3784,0.46,0.5708,0.5906,0.6024,0.6271,0.7040000000000001,0.6594,0.6242,0.6094,0.4101
2025-01-31,Arel,Sen2Cor,S2B_MSIL2A_20250131T113319_N0511_R080_T28QCH_20250131T170258.SAFE,C:\Users\Simon\Nextcloud\Project\Mauritania\Science\Arguin - FieldWork Data Processing\Data\S2\Sen2Cor\S2B_MSIL2A_20250131T113319_N0511_R080_T28QCH_20250131T170258.zip,665,9896,4255,342555.0,2201075.0,0.2907,0.3728,0.45,0.5668000000000001,0.5906,0.6024,0.6271,0.7060000000000001,0.6594,0.6242,0.6094,0.4101
2025-01-31,Arel,Sen2Cor,S2B_MSIL2A_20250131T113319_N0511_R080_T28QCH_20250131T170258.SAFE,C:\Users\Simon\Nextcloud\Project\Mauritania\Science\Arguin - FieldWork Data Processing\Data\S2\Sen2Cor\S2B_MSIL2A_20250131T113319_N0511_R080_T28QCH_20250131T170258.zip,666,9896,4256,342565.0,2201075.0,0.2856,0.37160000000000004,0.45480000000000004,0.5636,0.5881000000000001,0.608,0.6305000000000001,0.7096,0.6655,0.6242,0.608,0.4048
2025-01-31,Arel,Sen2Cor,S2B_MSIL2A_20250131T113319_N0511_R080_T28QCH_20250131T170258.SAFE,C:\Users\Simon\Nextcloud\Project\Mauritania\Science\Arguin - FieldWork Data Processing\Data\S2\Sen2Cor\S2B_MSIL2A_20250131T113319_N0511_R080_T28QCH_20250131T170258.zip,667,9896,4257,342575.0,2201075.0,0.2856,0.36760000000000004,0.444,0.558,0.5881000000000001,0.608,0.6305000000000001,0.6996,0.6655,0.6242,0.608,0.4048
2025-01-31,Arel,Sen2Cor,S2B_MSIL2A_20250131T113319_N0511_R080_T28QCH_20250131T170258.SAFE,C:\Users\Simon\Nextcloud\Project\Mauritania\Science\Arguin - FieldWork Data Processing\Data\S2\Sen2Cor\S2B_MSIL2A_20250131T113319_N0511_R080_T28QCH_20250131T170258.zip,668,9896,4258,342585.0,2201075.0,0.27790000000000004,0.3652,0.444,0.558,0.5832,0.5963,0.6229,0.6924,0.6553,0.6242,0.5953,0.3966
2025-01-31,Arel,Sen2Cor,S2B_MSIL2A_20250131T113319_N0511_R080_T28QCH_20250131T170258.SAFE,C:\Users\Simon\Nextcloud\Project\Mauritania\Science\Arguin - FieldWork Data Processing\Data\S2\Sen2Cor\S2B_MSIL2A_20250131T113319_N0511_R080_T28QCH_20250131T170258.zip,669,9896,4259,342595.0,2201075.0,0.27790000000000004,0.3584,0.4464,0.5552,0.5832,0.5963,0.6229,0.6888000000000001,0.6553,0.6242,0.5953,0.3966
2025-01-31,Arel,Sen2Cor,S2B_MSIL2A_20250131T113319_N0511_R080_T28QCH_20250131T170258.SAFE,C:\Users\Simon\Nextcloud\Project\Mauritania\Science\Arguin - FieldWork Data Processing\Data\S2\Sen2Cor\S2B_MSIL2A_20250131T113319_N0511_R080_T28QCH_20250131T170258.zip,670,9896,4260,342605.0,2201075.0,0.2687,0.3652,0.448,0.556,0.5763,0.5928,0.6152000000000001,0.6864,0.6476000000000001,0.5623,0.5858,0.3902
2025-01-31,Arel,Sen2Cor,S2B_MSIL2A_20250131T113319_N0511_R080_T28QCH_20250131T170258.SAFE,C:\Users\Simon\Nextcloud\Project\Mauritania\Science\Arguin - FieldWork Data Processing\Data\S2\Sen2Cor\S2B_MSIL2A_20250131T113319_N0511_R080_T28QCH_20250131T170258.zip,671,9896,4261,342615.0,2201075.0,0.2687,0.37160000000000004,0.4496,0.5592,0.5763,0.5928,0.6152000000000001,0.6896,0.6476000000000001,0.5623,0.5858,0.3902
2025-01-31,Arel,Sen2Cor,S2B_MSIL2A_20250131T113319_N0511_R080_T28QCH_20250131T170258.SAFE,C:\Users\Simon\Nextcloud\Project\Mauritania\Science\Arguin - FieldWork Data Processing\Data\S2\Sen2Cor\S2B_MSIL2A_20250131T113319_N0511_R080_T28QCH_20250131T170258.zip,672,9897,4247,342475.0,2201065.0,0.2591,0.3776,0.43760000000000004,0.5176000000000001,0.544,0.5516,0.5713,0.6464000000000001,0.6134000000000001,0.5322,0.5711,0.36360000000000003
2025-01-31,Arel,Sen2Cor,S2B_MSIL2A_20250131T113319_N0511_R080_T28QCH_20250131T170258.SAFE,C:\Users\Simon\Nextcloud\Project\Mauritania\Science\Arguin - FieldWork Data Processing\Data\S2\Sen2Cor\S2B_MSIL2A_20250131T113319_N0511_R080_T28QCH_20250131T170258.zip,673,9897,4248,342485.0,2201065.0,0.2783,0.35400000000000004,0.41800000000000004,0.5084000000000001,0.5406000000000001,0.5552,0.5782,0.6512,0.6162000000000001,0.6258,0.5823,0.3709
2025-01-31,Arel,Sen2Cor,S2B_MSIL2A_20250131T113319_N0511_R080_T28QCH_20250131T170258.SAFE,C:\Users\Simon\Nextcloud\Project\Mauritania\Science\Arguin - FieldWork Data Processing\Data\S2\Sen2Cor\S2B_MSIL2A_20250131T113319_N0511_R080_T28QCH_20250131T170258.zip,674,9897,4249,342495.0,2201065.0,0.2783,0.35200000000000004,0.42560000000000003,0.5216000000000001,0.5406000000000001,0.5552,0.5782,0.6584,0.6162000000000001,0.6258,0.5823,0.3709
2025-01-31,Arel,Sen2Cor,S2B_MSIL2A_20250131T113319_N0511_R080_T28QCH_20250131T170258.SAFE,C:\Users\Simon\Nextcloud\Project\Mauritania\Science\Arguin - FieldWork Data Processing\Data\S2\Sen2Cor\S2B_MSIL2A_20250131T113319_N0511_R080_T28QCH_20250131T170258.zip,675,9897,4250,342505.0,2201065.0,0.2901,0.35960000000000003,0.4348,0.5316000000000001,0.5606,0.5747,0.5977,0.6616000000000001,0.6317,0.6258,0.5949,0.377
2025-01-31,Arel,Sen2Cor,S2B_MSIL2A_20250131T113319_N0511_R080_T28QCH_20250131T170258.SAFE,C:\Users\Simon\Nextcloud\Project\Mauritania\Science\Arguin - FieldWork Data Processing\Data\S2\Sen2Cor\S2B_MSIL2A_20250131T113319_N0511_R080_T28QCH_20250131T170258.zip,676,9897,4251,342515.0,2201065.0,0.2901,0.3544,0.43,0.5392,0.5606,0.5747,0.5977,0.6728000000000001,0.6317,0.6258,0.5949,0.377
2025-01-31,Arel,Sen2Cor,S2B_MSIL2A_20250131T113319_N0511_R080_T28QCH_20250131T170258.SAFE,C:\Users\Simon\Nextcloud\Project\Mauritania\Science\Arguin - FieldWork Data Processing\Data\S2\Sen2Cor\S2B_MSIL2A_20250131T113319_N0511_R080_T28QCH_20250131T170258.zip,677,9897,4252,342525.0,2201065.0,0.2933,0.3628,0.4456,0.55,0.5791000000000001,0.5916,0.6196,0.6916,0.647,0.6258,0.6057,0.397
2025-01-31,Arel,Sen2Cor,S2B_MSIL2A_20250131T113319_N0511_R080_T28QCH_20250131T170258.SAFE,C:\Users\Simon\Nextcloud\Project\Mauritania\Science\Arguin - FieldWork Data Processing\Data\S2\Sen2Cor\S2B_MSIL2A_20250131T113319_N0511_R080_T28QCH_20250131T170258.zip,678,9897,4253,342535.0,2201065.0,0.2933,0.3708,0.4516,0.5576,0.5791000000000001,0.5916,0.6196,0.7040000000000001,0.647,0.6258,0.6057,0.397
2025-01-31,Arel,Sen2Cor,S2B_MSIL2A_20250131T113319_N0511_R080_T28QCH_20250131T170258.SAFE,C:\Users\Simon\Nextcloud\Project\Mauritania\Science\Arguin - FieldWork Data Processing\Data\S2\Sen2Cor\S2B_MSIL2A_20250131T113319_N0511_R080_T28QCH_20250131T170258.zip,679,9897,4254,342545.0,2201065.0,0.2907,0.36920000000000003,0.4544,0.5636,0.5906,0.6024,0.6271,0.7028,0.6594,0.6242,0.6094,0.4101
2025-01-31,Arel,Sen2Cor,S2B_MSIL2A_20250131T113319_N0511_R080_T28QCH_20250131T170258.SAFE,C:\Users\Simon\Nextcloud\Project\Mauritania\Science\Arguin - FieldWork Data Processing\Data\S2\Sen2Cor\S2B_MSIL2A_20250131T113319_N0511_R080_T28QCH_20250131T170258.zip,680,9897,4255,342555.0,2201065.0,0.2907,0.3672,0.45080000000000003,0.5680000000000001,0.5906,0.6024,0.6271,0.7104,0.6594,0.6242,0.6094,0.4101
2025-01-31,Arel,Sen2Cor,S2B_MSIL2A_20250131T113319_N0511_R080_T28QCH_20250131T170258.SAFE,C:\Users\Simon\Nextcloud\Project\Mauritania\Science\Arguin - FieldWork Data Processing\Data\S2\Sen2Cor\S2B_MSIL2A_20250131T113319_N0511_R080_T28QCH_20250131T170258.zip,681,9897,4256,342565.0,2201065.0,0.2856,0.368,0.4544,0.5644,0.5881000000000001,0.608,0.6305000000000001,0.7140000000000001,0.6655,0.6242,0.608,0.4048
2025-01-31,Arel,Sen2Cor,S2B_MSIL2A_20250131T113319_N0511_R080_T28QCH_20250131T170258.SAFE,C:\Users\Simon\Nextcloud\Project\Mauritania\Science\Arguin - FieldWork Data Processing\Data\S2\Sen2Cor\S2B_MSIL2A_20250131T113319_N0511_R080_T28QCH_20250131T170258.zip,682,9897,4257,342575.0,2201065.0,0.2856,0.36760000000000004,0.456,0.5636,0.5881000000000001,0.608,0.6305000000000001,0.7076,0.6655,0.6242,0.608,0.4048
2025-01-31,Arel,Sen2Cor,S2B_MSIL2A_20250131T113319_N0511_R080_T28QCH_20250131T170258.SAFE,C:\Users\Simon\Nextcloud\Project\Mauritania\Science\Arguin - FieldWork Data Processing\Data\S2\Sen2Cor\S2B_MSIL2A_20250131T113319_N0511_R080_T28QCH_20250131T170258.zip,683,9897,4258,342585.0,2201065.0,0.27790000000000004,0.3648,0.454,0.5596,0.5832,0.5963,0.6229,0.7012,0.6553,0.6242,0.5953,0.3966
2025-01-31,Arel,Sen2Cor,S2B_MSIL2A_20250131T113319_N0511_R080_T28QCH_20250131T170258.SAFE,C:\Users\Simon\Nextcloud\Project\Mauritania\Science\Arguin - FieldWork Data Processing\Data\S2\Sen2Cor\S2B_MSIL2A_20250131T113319_N0511_R080_T28QCH_20250131T170258.zip,684,9897,4259,342595.0,2201065.0,0.27790000000000004,0.36560000000000004,0.4516,0.5604,0.5832,0.5963,0.6229,0.7016,0.6553,0.6242,0.5953,0.3966
2025-01-31,Arel,Sen2Cor,S2B_MSIL2A_20250131T113319_N0511_R080_T28QCH_20250131T170258.SAFE,C:\Users\Simon\Nextcloud\Project\Mauritania\Science\Arguin - FieldWork Data Processing\Data\S2\Sen2Cor\S2B_MSIL2A_20250131T113319_N0511_R080_T28QCH_20250131T170258.zip,685,9898,4247,342475.0,2201055.0,0.25830000000000003,0.378,0.434,0.5176000000000001,0.5411,0.5599000000000001,0.5775,0.6508,0.6086,0.5322,0.5846,0.3784
2025-01-31,Arel,Sen2Cor,S2B_MSIL2A_20250131T113319_N0511_R080_T28QCH_20250131T170258.SAFE,C:\Users\Simon\Nextcloud\Project\Mauritania\Science\Arguin - FieldWork Data Processing\Data\S2\Sen2Cor\S2B_MSIL2A_20250131T113319_N0511_R080_T28QCH_20250131T170258.zip,686,9898,4248,342485.0,2201055.0,0.276,0.3472,0.4168,0.5092,0.5289,0.5455,0.5734,0.6504,0.612,0.6258,0.5946,0.38370000000000004
2025-01-31,Arel,Sen2Cor,S2B_MSIL2A_20250131T113319_N0511_R080_T28QCH_20250131T170258.SAFE,C:\Users\Simon\Nextcloud\Project\Mauritania\Science\Arguin - FieldWork Data Processing\Data\S2\Sen2Cor\S2B_MSIL2A_20250131T113319_N0511_R080_T28QCH_20250131T170258.zip,687,9898,4249,342495.0,2201055.0,0.276,0.34600000000000003,0.4164,0.5136000000000001,0.5289,0.5455,0.5734,0.652,0.612,0.6258,0.5946,0.38370000000000004
2025-01-31,Arel,Sen2Cor,S2B_MSIL2A_20250131T113319_N0511_R080_T28QCH_20250131T170258.SAFE,C:\Users\Simon\Nextcloud\Project\Mauritania\Science\Arguin - FieldWork Data Processing\Data\S2\Sen2Cor\S2B_MSIL2A_20250131T113319_N0511_R080_T28QCH_20250131T170258.zip,688,9898,4250,342505.0,2201055.0,0.2856,0.3452,0.4244,0.5156000000000001,0.5451,0.5646,0.5912000000000001,0.6588,0.6338,0.6258,0.6079,0.38870000000000005
2025-01-31,Arel,Sen2Cor,S2B_MSIL2A_20250131T113319_N0511_R080_T28QCH_20250131T170258.SAFE,C:\Users\Simon\Nextcloud\Project\Mauritania\Science\Arguin - FieldWork Data Processing\Data\S2\Sen2Cor\S2B_MSIL2A_20250131T113319_N0511_R080_T28QCH_20250131T170258.zip,689,9898,4251,342515.0,2201055.0,0.2856,0.3456,0.42760000000000004,0.5304,0.5451,0.5646,0.5912000000000001,0.6752,0.6338,0.6258,0.6079,0.38870000000000005
2025-01-31,Arel,Sen2Cor,S2B_MSIL2A_20250131T113319_N0511_R080_T28QCH_20250131T170258.SAFE,C:\Users\Simon\Nextcloud\Project\Mauritania\Science\Arguin - FieldWork Data Processing\Data\S2\Sen2Cor\S2B_MSIL2A_20250131T113319_N0511_R080_T28QCH_20250131T170258.zip,690,9898,4252,342525.0,2201055.0,0.2866,0.3632,0.44,0.5424,0.5753,0.5932000000000001,0.6206,0.6928000000000001,0.6539,0.6258,0.6115,0.3927
2025-01-31,Arel,Sen2Cor,S2B_MSIL2A_20250131T113319_N0511_R080_T28QCH_20250131T170258.SAFE,C:\Users\Simon\Nextcloud\Project\Mauritania\Science\Arguin - FieldWork Data Processing\Data\S2\Sen2Cor\S2B_MSIL2A_20250131T113319_N0511_R080_T28QCH_20250131T170258.zip,691,9898,4253,342535.0,2201055.0,0.2866,0.366,0.4464,0.5536,0.5753,0.5932000000000001,0.6206,0.7012,0.6539,0.6258,0.6115,0.3927
2025-01-31,Arel,Sen2Cor,S2B_MSIL2A_20250131T113319_N0511_R080_T28QCH_20250131T170258.SAFE,C:\Users\Simon\Nextcloud\Project\Mauritania\Science\Arguin - FieldWork Data Processing\Data\S2\Sen2Cor\S2B_MSIL2A_20250131T113319_N0511_R080_T28QCH_20250131T170258.zip,692,9898,4254,342545.0,2201055.0,0.2795,0.3684,0.4544,0.5684,0.5971000000000001,0.6054,0.6322,0.7096,0.669,0.6242,0.6039,0.3869
2025-01-31,Arel,Sen2Cor,S2B_MSIL2A_20250131T113319_N0511_R080_T28QCH_20250131T170258.SAFE,C:\Users\Simon\Nextcloud\Project\Mauritania\Science\Arguin - FieldWork Data Processing\Data\S2\Sen2Cor\S2B_MSIL2A_20250131T113319_N0511_R080_T28QCH_20250131T170258.zip,693,9898,4255,342555.0,2201055.0,0.2795,0.372,0.462,0.5756,0.5971000000000001,0.6054,0.6322,0.7148,0.669,0.6242,0.6039,0.3869
2025-01-31,Arel,Sen2Cor,S2B_MSIL2A_20250131T113319_N0511_R080_T28QCH_20250131T170258.SAFE,C:\Users\Simon\Nextcloud\Project\Mauritania\Science\Arguin - FieldWork Data Processing\Data\S2\Sen2Cor\S2B_MSIL2A_20250131T113319_N0511_R080_T28QCH_20250131T170258.zip,694,9898,4256,342565.0,2201055.0,0.2687,0.37320000000000003,0.4576,0.5688,0.5887,0.6013000000000001,0.6295000000000001,0.7140000000000001,0.6624,0.6242,0.5911000000000001,0.37410000000000004
2025-01-31,Arel,Sen2Cor,S2B_MSIL2A_20250131T113319_N0511_R080_T28QCH_20250131T170258.SAFE,C:\Users\Simon\Nextcloud\Project\Mauritania\Science\Arguin - FieldWork Data Processing\Data\S2\Sen2Cor\S2B_MSIL2A_20250131T113319_N0511_R080_T28QCH_20250131T170258.zip,695,9898,4257,342575.0,2201055.0,0.2687,0.3744,0.4544,0.5660000000000001,0.5887,0.6013000000000001,0.6295000000000001,0.7100000000000001,0.6624,0.6242,0.5911000000000001,0.37410000000000004
2025-01-31,Arel,Sen2Cor,S2B_MSIL2A_20250131T113319_N0511_R080_T28QCH_20250131T170258.SAFE,C:\Users\Simon\Nextcloud\Project\Mauritania\Science\Arguin - FieldWork Data Processing\Data\S2\Sen2Cor\S2B_MSIL2A_20250131T113319_N0511_R080_T28QCH_20250131T170258.zip,696,9898,4258,342585.0,2201055.0,0.25670000000000004,0.35760000000000003,0.44880000000000003,0.5584,0.5736,0.5889,0.6146,0.7076,0.6466000000000001,0.6242,0.5786,0.3704
2025-01-31,Arel,Sen2Cor,S2B_MSIL2A_20250131T113319_N0511_R080_T28QCH_20250131T170258.SAFE,C:\Users\Simon\Nextcloud\Project\Mauritania\Science\Arguin - FieldWork Data Processing\Data\S2\Sen2Cor\S2B_MSIL2A_20250131T113319_N0511_R080_T28QCH_20250131T170258.zip,697,9899,4247,342475.0,2201045.0,0.25830000000000003,0.3556,0.42000000000000004,0.508,0.5411,0.5599000000000001,0.5775,0.6408,0.6086,0.5322,0.5846,0.3784
2025-01-31,Arel,Sen2Cor,S2B_MSIL2A_20250131T113319_N0511_R080_T28QCH_20250131T170258.SAFE,C:\Users\Simon\Nextcloud\Project\Mauritania\Science\Arguin - FieldWork Data Processing\Data\S2\Sen2Cor\S2B_MSIL2A_20250131T113319_N0511_R080_T28QCH_20250131T170258.zip,698,9899,4248,342485.0,2201045.0,0.276,0.3512,0.4168,0.506,0.5289,0.5455,0.5734,0.6504,0.612,0.6258,0.5946,0.38370000000000004
2025-01-31,Arel,Sen2Cor,S2B_MSIL2A_20250131T113319_N0511_R080_T28QCH_20250131T170258.SAFE,C:\Users\Simon\Nextcloud\Project\Mauritania\Science\Arguin - FieldWork Data Processing\Data\S2\Sen2Cor\S2B_MSIL2A_20250131T113319_N0511_R080_T28QCH_20250131T170258.zip,699,9899,4249,342495.0,2201045.0,0.276,0.3396,0.41000000000000003,0.5024000000000001,0.5289,0.5455,0.5734,0.6484,0.612,0.6258,0.5946,0.38370000000000004
2025-01-31,Arel,Sen2Cor,S2B_MSIL2A_20250131T113319_N0511_R080_T28QCH_20250131T170258.SAFE,C:\Users\Simon\Nextcloud\Project\Mauritania\Science\Arguin - FieldWork Data Processing\Data\S2\Sen2Cor\S2B_MSIL2A_20250131T113319_N0511_R080_T28QCH_20250131T170258.zip,700,9899,4250,342505.0,2201045.0,0.2856,0.3432,0.4112,0.5156000000000001,0.5451,0.5646,0.5912000000000001,0.6596000000000001,0.6338,0.6258,0.6079,0.38870000000000005
2025-01-31,Arel,Sen2Cor,S2B_MSIL2A_20250131T113319_N0511_R080_T28QCH_20250131T170258.SAFE,C:\Users\Simon\Nextcloud\Project\Mauritania\Science\Arguin - FieldWork Data Processing\Data\S2\Sen2Cor\S2B_MSIL2A_20250131T113319_N0511_R080_T28QCH_20250131T170258.zip,701,9899,4251,342515.0,2201045.0,0.2856,0.3544,0.42760000000000004,0.528,0.5451,0.5646,0.5912000000000001,0.6884,0.6338,0.6258,0.6079,0.38870000000000005
2025-01-31,Arel,Sen2Cor,S2B_MSIL2A_20250131T113319_N0511_R080_T28QCH_20250131T170258.SAFE,C:\Users\Simon\Nextcloud\Project\Mauritania\Science\Arguin - FieldWork Data Processing\Data\S2\Sen2Cor\S2B_MSIL2A_20250131T113319_N0511_R080_T28QCH_20250131T170258.zip,702,9899,4252,342525.0,2201045.0,0.2866,0.3628,0.43720000000000003,0.5448000000000001,0.5753,0.5932000000000001,0.6206,0.6988000000000001,0.6539,0.6258,0.6115,0.3927
2025-01-31,Arel,Sen2Cor,S2B_MSIL2A_20250131T113319_N0511_R080_T28QCH_20250131T170258.SAFE,C:\Users\Simon\Nextcloud\Project\Mauritania\Science\Arguin - FieldWork Data Processing\Data\S2\Sen2Cor\S2B_MSIL2A_20250131T113319_N0511_R080_T28QCH_20250131T170258.zip,703,9899,4253,342535.0,2201045.0,0.2866,0.36960000000000004,0.44880000000000003,0.5568000000000001,0.5753,0.5932000000000001,0.6206,0.7088,0.6539,0.6258,0.6115,0.3927
2025-01-31,Arel,Sen2Cor,S2B_MSIL2A_20250131T113319_N0511_R080_T28QCH_20250131T170258.SAFE,C:\Users\Simon\Nextcloud\Project\Mauritania\Science\Arguin - FieldWork Data Processing\Data\S2\Sen2Cor\S2B_MSIL2A_20250131T113319_N0511_R080_T28QCH_20250131T170258.zip,704,9899,4254,342545.0,2201045.0,0.2795,0.374,0.45640000000000003,0.5748,0.5971000000000001,0.6054,0.6322,0.7152000000000001,0.669,0.6242,0.6039,0.3869
2025-01-31,Arel,Sen2Cor,S2B_MSIL2A_20250131T113319_N0511_R080_T28QCH_20250131T170258.SAFE,C:\Users\Simon\Nextcloud\Project\Mauritania\Science\Arguin - FieldWork Data Processing\Data\S2\Sen2Cor\S2B_MSIL2A_20250131T113319_N0511_R080_T28QCH_20250131T170258.zip,705,9899,4255,342555.0,2201045.0,0.2795,0.37320000000000003,0.4592,0.5776,0.5971000000000001,0.6054,0.6322,0.7132000000000001,0.669,0.6242,0.6039,0.3869
2025-01-31,Arel,Sen2Cor,S2B_MSIL2A_20250131T113319_N0511_R080_T28QCH_20250131T170258.SAFE,C:\Users\Simon\Nextcloud\Project\Mauritania\Science\Arguin - FieldWork Data Processing\Data\S2\Sen2Cor\S2B_MSIL2A_20250131T113319_N0511_R080_T28QCH_20250131T170258.zip,706,9899,4256,342565.0,2201045.0,0.2687,0.36760000000000004,0.4484,0.5648000000000001,0.5887,0.6013000000000001,0.6295000000000001,0.7084,0.6624,0.6242,0.5911000000000001,0.37410000000000004
2025-01-31,Arel,Sen2Cor,S2B_MSIL2A_20250131T113319_N0511_R080_T28QCH_20250131T170258.SAFE,C:\Users\Simon\Nextcloud\Project\Mauritania\Science\Arguin - FieldWork Data Processing\Data\S2\Sen2Cor\S2B_MSIL2A_20250131T113319_N0511_R080_T28QCH_20250131T170258.zip,707,9900,4247,342475.0,2201035.0,0.2571,0.3552,0.41200000000000003,0.4984,0.5415,0.5629000000000001,0.5824,0.6456000000000001,0.6088,0.5303,0.6018,0.40940000000000004
2025-01-31,Arel,Sen2Cor,S2B_MSIL2A_20250131T113319_N0511_R080_T28QCH_20250131T170258.SAFE,C:\Users\Simon\Nextcloud\Project\Mauritania\Science\Arguin - FieldWork Data Processing\Data\S2\Sen2Cor\S2B_MSIL2A_20250131T113319_N0511_R080_T28QCH_20250131T170258.zip,708,9900,4248,342485.0,2201035.0,0.2736,0.3476,0.40840000000000004,0.4964,0.5355,0.557,0.5793,0.6456000000000001,0.6229,0.5799000000000001,0.6075,0.40130000000000005
2025-01-31,Arel,Sen2Cor,S2B_MSIL2A_20250131T113319_N0511_R080_T28QCH_20250131T170258.SAFE,C:\Users\Simon\Nextcloud\Project\Mauritania\Science\Arguin - FieldWork Data Processing\Data\S2\Sen2Cor\S2B_MSIL2A_20250131T113319_N0511_R080_T28QCH_20250131T170258.zip,709,9900,4249,342495.0,2201035.0,0.2736,0.3408,0.4112,0.5024000000000001,0.5355,0.557,0.5793,0.6544,0.6229,0.5799000000000001,0.6075,0.40130000000000005
2025-01-31,Arel,Sen2Cor,S2B_MSIL2A_20250131T113319_N0511_R080_T28QCH_20250131T170258.SAFE,C:\Users\Simon\Nextcloud\Project\Mauritania\Science\Arguin - FieldWork Data Processing\Data\S2\Sen2Cor\S2B_MSIL2A_20250131T113319_N0511_R080_T28QCH_20250131T170258.zip,710,9900,4250,342505.0,2201035.0,0.2805,0.3428,0.4164,0.5208,0.5569000000000001,0.5795,0.6015,0.6708000000000001,0.6471,0.5799000000000001,0.6032000000000001,0.38880000000000003
2025-01-31,Arel,Sen2Cor,S2B_MSIL2A_20250131T113319_N0511_R080_T28QCH_20250131T170258.SAFE,C:\Users\Simon\Nextcloud\Project\Mauritania\Science\Arguin - FieldWork Data Processing\Data\S2\Sen2Cor\S2B_MSIL2A_20250131T113319_N0511_R080_T28QCH_20250131T170258.zip,711,9900,4251,342515.0,2201035.0,0.2805,0.3524,0.4272,0.5332,0.5569000000000001,0.5795,0.6015,0.6916,0.6471,0.5799000000000001,0.6032000000000001,0.38880000000000003
2025-01-31,Arel,Sen2Cor,S2B_MSIL2A_20250131T113319_N0511_R080_T28QCH_20250131T170258.SAFE,C:\Users\Simon\Nextcloud\Project\Mauritania\Science\Arguin - FieldWork Data Processing\Data\S2\Sen2Cor\S2B_MSIL2A_20250131T113319_N0511_R080_T28QCH_20250131T170258.zip,712,9900,4252,342525.0,2201035.0,0.27640000000000003,0.3672,0.43920000000000003,0.5484,0.5743,0.5931000000000001,0.6153000000000001,0.6884,0.6548,0.5799000000000001,0.5915,0.3668
2025-01-31,Arel,Sen2Cor,S2B_MSIL2A_20250131T113319_N0511_R080_T28QCH_20250131T170258.SAFE,C:\Users\Simon\Nextcloud\Project\Mauritania\Science\Arguin - FieldWork Data Processing\Data\S2\Sen2Cor\S2B_MSIL2A_20250131T113319_N0511_R080_T28QCH_20250131T170258.zip,713,9900,4253,342535.0,2201035.0,0.27640000000000003,0.3708,0.45320000000000005,0.562,0.5743,0.5931000000000001,0.6153000000000001,0.7012,0.6548,0.5799000000000001,0.5915,0.3668
2025-01-31,Arel,Sen2Cor,S2B_MSIL2A_20250131T113319_N0511_R080_T28QCH_20250131T170258.SAFE,C:\Users\Simon\Nextcloud\Project\Mauritania\Science\Arguin - FieldWork Data Processing\Data\S2\Sen2Cor\S2B_MSIL2A_20250131T113319_N0511_R080_T28QCH_20250131T170258.zip,714,9900,4254,342545.0,2201035.0,0.2626,0.3648,0.45080000000000003,0.5648000000000001,0.5766,0.5864,0.614,0.7056,0.648,0.5104000000000001,0.5788,0.3543
2025-01-31,Arel,Sen2Cor,S2B_MSIL2A_20250131T113319_N0511_R080_T28QCH_20250131T170258.SAFE,C:\Users\Simon\Nextcloud\Project\Mauritania\Science\Arguin - FieldWork Data Processing\Data\S2\Sen2Cor\S2B_MSIL2A_20250131T113319_N0511_R080_T28QCH_20250131T170258.zip,715,9901,4247,342475.0,2201025.0,0.2571,0.3472,0.4168,0.508,0.5415,0.5629000000000001,0.5824,0.6584,0.6088,0.5303,0.6018,0.40940000000000004
2025-01-31,Arel,Sen2Cor,S2B_MSIL2A_20250131T113319_N0511_R080_T28QCH_20250131T170258.SAFE,C:\Users\Simon\Nextcloud\Project\Mauritania\Science\Arguin - FieldWork Data Processing\Data\S2\Sen2Cor\S2B_MSIL2A_20250131T113319_N0511_R080_T28QCH_20250131T170258.zip,716,9901,4248,342485.0,2201025.0,0.2736,0.35400000000000004,0.41040000000000004,0.5088,0.5355,0.557,0.5793,0.6572,0.6229,0.5799000000000001,0.6075,0.40130000000000005
2025-01-31,Arel,Sen2Cor,S2B_MSIL2A_20250131T113319_N0511_R080_T28QCH_20250131T170258.SAFE,C:\Users\Simon\Nextcloud\Project\Mauritania\Science\Arguin - FieldWork Data Processing\Data\S2\Sen2Cor\S2B_MSIL2A_20250131T113319_N0511_R080_T28QCH_20250131T170258.zip,717,9901,4249,342495.0,2201025.0,0.2736,0.36160000000000003,0.42400000000000004,0.5172,0.5355,0.557,0.5793,0.6732,0.6229,0.5799000000000001,0.6075,0.40130000000000005
2025-01-31,Arel,Sen2Cor,S2B_MSIL2A_20250131T113319_N0511_R080_T28QCH_20250131T170258.SAFE,C:\Users\Simon\Nextcloud\Project\Mauritania\Science\Arguin - FieldWork Data Processing\Data\S2\Sen2Cor\S2B_MSIL2A_20250131T113319_N0511_R080_T28QCH_20250131T170258.zip,718,9901,4250,342505.0,2201025.0,0.2805,0.3608,0.432,0.5312,0.5569000000000001,0.5795,0.6015,0.6836,0.6471,0.5799000000000001,0.6032000000000001,0.38880000000000003
2025-01-31,Arel,Sen2Cor,S2B_MSIL2A_20250131T113319_N0511_R080_T28QCH_20250131T170258.SAFE,C:\Users\Simon\Nextcloud\Project\Mauritania\Science\Arguin - FieldWork Data Processing\Data\S2\Sen2Cor\S2B_MSIL2A_20250131T113319_N0511_R080_T28QCH_20250131T170258.zip,719,9901,4251,342515.0,2201025.0,0.2805,0.3608,0.4368,0.5416000000000001,0.5569000000000001,0.5795,0.6015,0.6948000000000001,0.6471,0.5799000000000001,0.6032000000000001,0.38880000000000003
2025-01-31,Arel,Sen2Cor,S2B_MSIL2A_20250131T113319_N0511_R080_T28QCH_20250131T170258.SAFE,C:\Users\Simon\Nextcloud\Project\Mauritania\Science\Arguin - FieldWork Data Processing\Data\S2\Sen2Cor\S2B_MSIL2A_20250131T113319_N0511_R080_T28QCH_20250131T170258.zip,720,9901,4252,342525.0,2201025.0,0.27640000000000003,0.35960000000000003,0.4444,0.5464,0.5743,0.5931000000000001,0.6153000000000001,0.6900000000000001,0.6548,0.5799000000000001,0.5915,0.3668
2025-01-31,Arel,Sen2Cor,S2B_MSIL2A_20250131T113319_N0511_R080_T28QCH_20250131T170258.SAFE,C:\Users\Simon\Nextcloud\Project\Mauritania\Science\Arguin - FieldWork Data Processing\Data\S2\Sen2Cor\S2B_MSIL2A_20250131T113319_N0511_R080_T28QCH_20250131T170258.zip,721,9902,4247,342475.0,2201015.0,0.2461,0.36160000000000003,0.4308,0.5248,0.5655,0.5849,0.6071000000000001,0.6792,0.6379,0.5303,0.5969,0.42400000000000004
2025-01-31,Arel,Sen2Cor,S2B_MSIL2A_20250131T113319_N0511_R080_T28QCH_20250131T170258.SAFE,C:\Users\Simon\Nextcloud\Project\Mauritania\Science\Arguin - FieldWork Data Processing\Data\S2\Sen2Cor\S2B_MSIL2A_20250131T113319_N0511_R080_T28QCH_20250131T170258.zip,722,9902,4248,342485.0,2201015.0,0.26180000000000003,0.3572,0.42800000000000005,0.5244,0.5680000000000001,0.5859,0.608,0.6744,0.6417,0.5799000000000001,0.5999,0.40230000000000005
2025-01-31,Arel,Sen2Cor,S2B_MSIL2A_20250131T113319_N0511_R080_T28QCH_20250131T170258.SAFE,C:\Users\Simon\Nextcloud\Project\Mauritania\Science\Arguin - FieldWork Data Processing\Data\S2\Sen2Cor\S2B_MSIL2A_20250131T113319_N0511_R080_T28QCH_20250131T170258.zip,723,9902,4249,342495.0,2201015.0,0.26180000000000003,0.366,0.43760000000000004,0.5312,0.5680000000000001,0.5859,0.608,0.6876,0.6417,0.5799000000000001,0.5999,0.40230000000000005
2025-01-31,Arel,Sen2Cor,S2B_MSIL2A_20250131T113319_N0511_R080_T28QCH_20250131T170258.SAFE,C:\Users\Simon\Nextcloud\Project\Mauritania\Science\Arguin - FieldWork Data Processing\Data\S2\Sen2Cor\S2B_MSIL2A_20250131T113319_N0511_R080_T28QCH_20250131T170258.zip,724,9902,4250,342505.0,2201015.0,0.2659,0.37320000000000003,0.4404,0.5436,0.5734,0.5929,0.6131,0.6908000000000001,0.6467,0.5799000000000001,0.5852,0.376
2025-01-31,Arel,Sen2Cor,S2B_MSIL2A_20250131T113319_N0511_R080_T28QCH_20250131T170258.SAFE,C:\Users\Simon\Nextcloud\Project\Mauritania\Science\Arguin - FieldWork Data Processing\Data\S2\Sen2Cor\S2B_MSIL2A_20250131T113319_N0511_R080_T28QCH_20250131T170258.zip,725,9902,4251,342515.0,2201015.0,0.2659,0.372,0.4436,0.5448000000000001,0.5734,0.5929,0.6131,0.6928000000000001,0.6467,0.5799000000000001,0.5852,0.376
2025-01-31,Arel,Sen2Cor,S2B_MSIL2A_20250131T113319_N0511_R080_T28QCH_20250131T170258.SAFE,C:\Users\Simon\Nextcloud\Project\Mauritania\Science\Arguin - FieldWork Data Processing\Data\S2\Sen2Cor\S2B_MSIL2A_20250131T113319_N0511_R080_T28QCH_20250131T170258.zip,726,9903,4247,342475.0,2201005.0,0.2461,0.3904,0.454,0.5484,0.5655,0.5849,0.6071000000000001,0.7032,0.6379,0.5303,0.5969,0.42400000000000004
2025-01-31,Arel,Sen2Cor,S2B_MSIL2A_20250131T113319_N0511_R080_T28QCH_20250131T170258.SAFE,C:\Users\Simon\Nextcloud\Project\Mauritania\Science\Arguin - FieldWork Data Processing\Data\S2\Sen2Cor\S2B_MSIL2A_20250131T113319_N0511_R080_T28QCH_20250131T170258.zip,727,9903,4248,342485.0,2201005.0,0.26180000000000003,0.3768,0.4436,0.542,0.5680000000000001,0.5859,0.608,0.6972,0.6417,0.5799000000000001,0.5999,0.40230000000000005
2025-01-31,Arel,Sen2Cor,S2B_MSIL2A_20250131T113319_N0511_R080_T28QCH_20250131T170258.SAFE,C:\Users\Simon\Nextcloud\Project\Mauritania\Science\Arguin - FieldWork Data Processing\Data\S2\Sen2Cor\S2B_MSIL2A_20250131T113319_N0511_R080_T28QCH_20250131T170258.zip,728,9903,4249,342495.0,2201005.0,0.26180000000000003,0.38280000000000003,0.4464,0.5488000000000001,0.5680000000000001,0.5859,0.608,0.6964,0.6417,0.5799000000000001,0.5999,0.40230000000000005
2025-01-31,Arel,Sen2Cor,S2B_MSIL2A_20250131T113319_N0511_R080_T28QCH_20250131T170258.SAFE,C:\Users\Simon\Nextcloud\Project\Mauritania\Science\Arguin - FieldWork Data Processing\Data\S2\Sen2Cor\S2B_MSIL2A_20250131T113319_N0511_R080_T28QCH_20250131T170258.zip,729,9904,4247,342475.0,2200995.0,0.2223,0.396,0.47200000000000003,0.5648000000000001,0.5893,0.6047,0.617,0.7032,0.648,0.5303,0.5859,0.42250000000000004
