date,AOI,atmospheric_correction,scene_id,source,pixel_id,row,col,x,y,B01,B02,B03,B04,B05,B06,B07,B08,B8A,B09,B11,B12
2025-11-27,Iwik,Sen2Cor,S2B_MSIL2A_20251127T113319_N0511_R080_T28QCG_20251127T134745.SAFE,C:\Users\Simon\Nextcloud\Project\Mauritania\Science\Arguin - FieldWork Data Processing\Data\S2\Sen2Cor\S2B_MSIL2A_20251127T113319_N0511_R080_T28QCG_20251127T134745.zip,0,19,6348,363485.0,2199825.0,0.1998,0.23720000000000002,0.33280000000000004,0.44920000000000004,0.4993,0.4993,0.516,0.5284,0.5267000000000001,0.5322,0.6368,0.6126
2025-11-27,Iwik,Sen2Cor,S2B_MSIL2A_20251127T113319_N0511_R080_T28QCG_20251127T134745.SAFE,C:\Users\Simon\Nextcloud\Project\Mauritania\Science\Arguin - FieldWork Data Processing\Data\S2\Sen2Cor\S2B_MSIL2A_20251127T113319_N0511_R080_T28QCG_20251127T134745.zip,1,19,6349,363495.0,2199825.0,0.1998,0.23800000000000002,0.3296,0.4464,0.4993,0.4993,0.516,0.5272,0.5267000000000001,0.5322,0.6368,0.6126
2025-11-27,Iwik,Sen2Cor,S2B_MSIL2A_20251127T113319_N0511_R080_T28QCG_20251127T134745.SAFE,C:\Users\Simon\Nextcloud\Project\Mauritania\Science\Arguin - FieldWork Data Processing\Data\S2\Sen2Cor\S2B_MSIL2A_20251127T113319_N0511_R080_T28QCG_20251127T134745.zip,2,20,6347,363475.0,2199815.0,0.20370000000000002,0.2394,0.32480000000000003,0.45120000000000005,0.49300000000000005,0.49770000000000003,0.5202,0.5248,0.5233,0.5282,0.6328,0.6175
2025-11-27,Iwik,Sen2Cor,S2B_MSIL2A_20251127T113319_N0511_R080_T28QCG_20251127T134745.SAFE,C:\Users\Simon\Nextcloud\Project\Mauritania\Science\Arguin - FieldWork Data Processing\Data\S2\Sen2Cor\S2B_MSIL2A_20251127T113319_N0511_R080_T28QCG_20251127T134745.zip,3,20,6348,363485.0,2199815.0,0.2034,0.23720000000000002,0.32880000000000004,0.4516,0.49910000000000004,0.498,0.5171,0.5248,0.5306000000000001,0.5322,0.6404000000000001,0.6182000000000001
2025-11-27,Iwik,Sen2Cor,S2B_MSIL2A_20251127T113319_N0511_R080_T28QCG_20251127T134745.SAFE,C:\Users\Simon\Nextcloud\Project\Mauritania\Science\Arguin - FieldWork Data Processing\Data\S2\Sen2Cor\S2B_MSIL2A_20251127T113319_N0511_R080_T28QCG_20251127T134745.zip,4,20,6349,363495.0,2199815.0,0.2034,0.24280000000000002,0.33480000000000004,0.45480000000000004,0.49910000000000004,0.498,0.5171,0.5316000000000001,0.5306000000000001,0.5322,0.6404000000000001,0.6182000000000001
2025-11-27,Iwik,Sen2Cor,S2B_MSIL2A_20251127T113319_N0511_R080_T28QCG_20251127T134745.SAFE,C:\Users\Simon\Nextcloud\Project\Mauritania\Science\Arguin - FieldWork Data Processing\Data\S2\Sen2Cor\S2B_MSIL2A_20251127T113319_N0511_R080_T28QCG_20251127T134745.zip,5,20,6350,363505.0,2199815.0,0.2025,0.24680000000000002,0.3376,0.45520000000000005,0.503,0.506,0.528,0.5332,0.5296000000000001,0.5322,0.6425000000000001,0.6193000000000001
2025-11-27,Iwik,Sen2Cor,S2B_MSIL2A_20251127T113319_N0511_R080_T28QCG_20251127T134745.SAFE,C:\Users\Simon\Nextcloud\Project\Mauritania\Science\Arguin - FieldWork Data Processing\Data\S2\Sen2Cor\S2B_MSIL2A_20251127T113319_N0511_R080_T28QCG_20251127T134745.zip,6,20,6351,363515.0,2199815.0,0.2025,0.2386,0.3304,0.452,0.503,0.506,0.528,0.5272,0.5296000000000001,0.5322,0.6425000000000001,0.6193000000000001
2025-11-27,Iwik,Sen2Cor,S2B_MSIL2A_20251127T113319_N0511_R080_T28QCG_20251127T134745.SAFE,C:\Users\Simon\Nextcloud\Project\Mauritania\Science\Arguin - FieldWork Data Processing\Data\S2\Sen2Cor\S2B_MSIL2A_20251127T113319_N0511_R080_T28QCG_20251127T134745.zip,7,20,6352,363525.0,2199815.0,0.2023,0.23600000000000002,0.3276,0.45,0.49860000000000004,0.5042,0.522,0.5216000000000001,0.5297000000000001,0.5322,0.6381,0.6172000000000001
2025-11-27,Iwik,Sen2Cor,S2B_MSIL2A_20251127T113319_N0511_R080_T28QCG_20251127T134745.SAFE,C:\Users\Simon\Nextcloud\Project\Mauritania\Science\Arguin - FieldWork Data Processing\Data\S2\Sen2Cor\S2B_MSIL2A_20251127T113319_N0511_R080_T28QCG_20251127T134745.zip,8,21,6346,363465.0,2199805.0,0.20370000000000002,0.24080000000000001,0.33240000000000003,0.4516,0.49300000000000005,0.49770000000000003,0.5202,0.5296000000000001,0.5233,0.5282,0.6328,0.6175
2025-11-27,Iwik,Sen2Cor,S2B_MSIL2A_20251127T113319_N0511_R080_T28QCG_20251127T134745.SAFE,C:\Users\Simon\Nextcloud\Project\Mauritania\Science\Arguin - FieldWork Data Processing\Data\S2\Sen2Cor\S2B_MSIL2A_20251127T113319_N0511_R080_T28QCG_20251127T134745.zip,9,21,6347,363475.0,2199805.0,0.20370000000000002,0.23040000000000002,0.32280000000000003,0.4408,0.49300000000000005,0.49770000000000003,0.5202,0.52,0.5233,0.5282,0.6328,0.6175
2025-11-27,Iwik,Sen2Cor,S2B_MSIL2A_20251127T113319_N0511_R080_T28QCG_20251127T134745.SAFE,C:\Users\Simon\Nextcloud\Project\Mauritania\Science\Arguin - FieldWork Data Processing\Data\S2\Sen2Cor\S2B_MSIL2A_20251127T113319_N0511_R080_T28QCG_20251127T134745.zip,10,21,6348,363485.0,2199805.0,0.2034,0.23440000000000003,0.32080000000000003,0.44160000000000005,0.49910000000000004,0.498,0.5171,0.516,0.5306000000000001,0.5322,0.6404000000000001,0.6182000000000001
2025-11-27,Iwik,Sen2Cor,S2B_MSIL2A_20251127T113319_N0511_R080_T28QCG_20251127T134745.SAFE,C:\Users\Simon\Nextcloud\Project\Mauritania\Science\Arguin - FieldWork Data Processing\Data\S2\Sen2Cor\S2B_MSIL2A_20251127T113319_N0511_R080_T28QCG_20251127T134745.zip,11,21,6349,363495.0,2199805.0,0.2034,0.24280000000000002,0.3356,0.4544,0.49910000000000004,0.498,0.5171,0.5252,0.5306000000000001,0.5322,0.6404000000000001,0.6182000000000001
2025-11-27,Iwik,Sen2Cor,S2B_MSIL2A_20251127T113319_N0511_R080_T28QCG_20251127T134745.SAFE,C:\Users\Simon\Nextcloud\Project\Mauritania\Science\Arguin - FieldWork Data Processing\Data\S2\Sen2Cor\S2B_MSIL2A_20251127T113319_N0511_R080_T28QCG_20251127T134745.zip,12,21,6350,363505.0,2199805.0,0.2025,0.2416,0.3332,0.4576,0.503,0.506,0.528,0.5316000000000001,0.5296000000000001,0.5322,0.6425000000000001,0.6193000000000001
2025-11-27,Iwik,Sen2Cor,S2B_MSIL2A_20251127T113319_N0511_R080_T28QCG_20251127T134745.SAFE,C:\Users\Simon\Nextcloud\Project\Mauritania\Science\Arguin - FieldWork Data Processing\Data\S2\Sen2Cor\S2B_MSIL2A_20251127T113319_N0511_R080_T28QCG_20251127T134745.zip,13,21,6351,363515.0,2199805.0,0.2025,0.23820000000000002,0.33280000000000004,0.45520000000000005,0.503,0.506,0.528,0.5272,0.5296000000000001,0.5322,0.6425000000000001,0.6193000000000001
2025-11-27,Iwik,Sen2Cor,S2B_MSIL2A_20251127T113319_N0511_R080_T28QCG_20251127T134745.SAFE,C:\Users\Simon\Nextcloud\Project\Mauritania\Science\Arguin - FieldWork Data Processing\Data\S2\Sen2Cor\S2B_MSIL2A_20251127T113319_N0511_R080_T28QCG_20251127T134745.zip,14,21,6352,363525.0,2199805.0,0.2023,0.24080000000000001,0.33,0.45320000000000005,0.49860000000000004,0.5042,0.522,0.5308,0.5297000000000001,0.5322,0.6381,0.6172000000000001
2025-11-27,Iwik,Sen2Cor,S2B_MSIL2A_20251127T113319_N0511_R080_T28QCG_20251127T134745.SAFE,C:\Users\Simon\Nextcloud\Project\Mauritania\Science\Arguin - FieldWork Data Processing\Data\S2\Sen2Cor\S2B_MSIL2A_20251127T113319_N0511_R080_T28QCG_20251127T134745.zip,15,21,6353,363535.0,2199805.0,0.2023,0.2416,0.33080000000000004,0.4516,0.49860000000000004,0.5042,0.522,0.5308,0.5297000000000001,0.5322,0.6381,0.6172000000000001
2025-11-27,Iwik,Sen2Cor,S2B_MSIL2A_20251127T113319_N0511_R080_T28QCG_20251127T134745.SAFE,C:\Users\Simon\Nextcloud\Project\Mauritania\Science\Arguin - FieldWork Data Processing\Data\S2\Sen2Cor\S2B_MSIL2A_20251127T113319_N0511_R080_T28QCG_20251127T134745.zip,16,21,6354,363545.0,2199805.0,0.20370000000000002,0.2436,0.3352,0.454,0.5025000000000001,0.5084000000000001,0.5206000000000001,0.5304,0.5313,0.53,0.639,0.6178
2025-11-27,Iwik,Sen2Cor,S2B_MSIL2A_20251127T113319_N0511_R080_T28QCG_20251127T134745.SAFE,C:\Users\Simon\Nextcloud\Project\Mauritania\Science\Arguin - FieldWork Data Processing\Data\S2\Sen2Cor\S2B_MSIL2A_20251127T113319_N0511_R080_T28QCG_20251127T134745.zip,17,21,6355,363555.0,2199805.0,0.20370000000000002,0.2416,0.332,0.45480000000000004,0.5025000000000001,0.5084000000000001,0.5206000000000001,0.5316000000000001,0.5313,0.53,0.639,0.6178
2025-11-27,Iwik,Sen2Cor,S2B_MSIL2A_20251127T113319_N0511_R080_T28QCG_20251127T134745.SAFE,C:\Users\Simon\Nextcloud\Project\Mauritania\Science\Arguin - FieldWork Data Processing\Data\S2\Sen2Cor\S2B_MSIL2A_20251127T113319_N0511_R080_T28QCG_20251127T134745.zip,18,22,6345,363455.0,2199795.0,0.2074,0.2364,0.32280000000000003,0.442,0.4919,0.49610000000000004,0.5114000000000001,0.5192,0.52,0.5282,0.6324000000000001,0.6118
2025-11-27,Iwik,Sen2Cor,S2B_MSIL2A_20251127T113319_N0511_R080_T28QCG_20251127T134745.SAFE,C:\Users\Simon\Nextcloud\Project\Mauritania\Science\Arguin - FieldWork Data Processing\Data\S2\Sen2Cor\S2B_MSIL2A_20251127T113319_N0511_R080_T28QCG_20251127T134745.zip,19,22,6346,363465.0,2199795.0,0.2054,0.2388,0.324,0.43960000000000005,0.4842,0.4902,0.5106,0.5184,0.5173,0.5282,0.6265000000000001,0.6078
2025-11-27,Iwik,Sen2Cor,S2B_MSIL2A_20251127T113319_N0511_R080_T28QCG_20251127T134745.SAFE,C:\Users\Simon\Nextcloud\Project\Mauritania\Science\Arguin - FieldWork Data Processing\Data\S2\Sen2Cor\S2B_MSIL2A_20251127T113319_N0511_R080_T28QCG_20251127T134745.zip,20,22,6347,363475.0,2199795.0,0.2054,0.23340000000000002,0.322,0.4388,0.4842,0.4902,0.5106,0.5132,0.5173,0.5282,0.6265000000000001,0.6078
2025-11-27,Iwik,Sen2Cor,S2B_MSIL2A_20251127T113319_N0511_R080_T28QCG_20251127T134745.SAFE,C:\Users\Simon\Nextcloud\Project\Mauritania\Science\Arguin - FieldWork Data Processing\Data\S2\Sen2Cor\S2B_MSIL2A_20251127T113319_N0511_R080_T28QCG_20251127T134745.zip,21,22,6348,363485.0,2199795.0,0.2046,0.24200000000000002,0.32280000000000003,0.43960000000000005,0.4863,0.48700000000000004,0.509,0.514,0.5139,0.5322,0.6309,0.6068
2025-11-27,Iwik,Sen2Cor,S2B_MSIL2A_20251127T113319_N0511_R080_T28QCG_20251127T134745.SAFE,C:\Users\Simon\Nextcloud\Project\Mauritania\Science\Arguin - FieldWork Data Processing\Data\S2\Sen2Cor\S2B_MSIL2A_20251127T113319_N0511_R080_T28QCG_20251127T134745.zip,22,22,6349,363495.0,2199795.0,0.2046,0.2394,0.3284,0.44120000000000004,0.4863,0.48700000000000004,0.509,0.514,0.5139,0.5322,0.6309,0.6068
2025-11-27,Iwik,Sen2Cor,S2B_MSIL2A_20251127T113319_N0511_R080_T28QCG_20251127T134745.SAFE,C:\Users\Simon\Nextcloud\Project\Mauritania\Science\Arguin - FieldWork Data Processing\Data\S2\Sen2Cor\S2B_MSIL2A_20251127T113319_N0511_R080_T28QCG_20251127T134745.zip,23,22,6350,363505.0,2199795.0,0.20320000000000002,0.2398,0.3284,0.4484,0.49350000000000005,0.4932,0.5111,0.5236000000000001,0.5199,0.5322,0.6359,0.6102000000000001
2025-11-27,Iwik,Sen2Cor,S2B_MSIL2A_20251127T113319_N0511_R080_T28QCG_20251127T134745.SAFE,C:\Users\Simon\Nextcloud\Project\Mauritania\Science\Arguin - FieldWork Data Processing\Data\S2\Sen2Cor\S2B_MSIL2A_20251127T113319_N0511_R080_T28QCG_20251127T134745.zip,24,22,6351,363515.0,2199795.0,0.20320000000000002,0.2456,0.33280000000000004,0.4544,0.49350000000000005,0.4932,0.5111,0.528,0.5199,0.5322,0.6359,0.6102000000000001
2025-11-27,Iwik,Sen2Cor,S2B_MSIL2A_20251127T113319_N0511_R080_T28QCG_20251127T134745.SAFE,C:\Users\Simon\Nextcloud\Project\Mauritania\Science\Arguin - FieldWork Data Processing\Data\S2\Sen2Cor\S2B_MSIL2A_20251127T113319_N0511_R080_T28QCG_20251127T134745.zip,25,22,6352,363525.0,2199795.0,0.2036,0.24960000000000002,0.3372,0.46080000000000004,0.5039,0.5082,0.5271,0.5356000000000001,0.5348,0.5322,0.6426000000000001,0.6202000000000001
2025-11-27,Iwik,Sen2Cor,S2B_MSIL2A_20251127T113319_N0511_R080_T28QCG_20251127T134745.SAFE,C:\Users\Simon\Nextcloud\Project\Mauritania\Science\Arguin - FieldWork Data Processing\Data\S2\Sen2Cor\S2B_MSIL2A_20251127T113319_N0511_R080_T28QCG_20251127T134745.zip,26,22,6353,363535.0,2199795.0,0.2036,0.2462,0.33840000000000003,0.45640000000000003,0.5039,0.5082,0.5271,0.5312,0.5348,0.5322,0.6426000000000001,0.6202000000000001
2025-11-27,Iwik,Sen2Cor,S2B_MSIL2A_20251127T113319_N0511_R080_T28QCG_20251127T134745.SAFE,C:\Users\Simon\Nextcloud\Project\Mauritania\Science\Arguin - FieldWork Data Processing\Data\S2\Sen2Cor\S2B_MSIL2A_20251127T113319_N0511_R080_T28QCG_20251127T134745.zip,27,22,6354,363545.0,2199795.0,0.2033,0.24580000000000002,0.3392,0.45320000000000005,0.49910000000000004,0.5078,0.5218,0.5304,0.529,0.53,0.6429,0.6189
2025-11-27,Iwik,Sen2Cor,S2B_MSIL2A_20251127T113319_N0511_R080_T28QCG_20251127T134745.SAFE,C:\Users\Simon\Nextcloud\Project\Mauritania\Science\Arguin - FieldWork Data Processing\Data\S2\Sen2Cor\S2B_MSIL2A_20251127T113319_N0511_R080_T28QCG_20251127T134745.zip,28,22,6355,363555.0,2199795.0,0.2033,0.2436,0.3336,0.454,0.49910000000000004,0.5078,0.5218,0.5304,0.529,0.53,0.6429,0.6189
2025-11-27,Iwik,Sen2Cor,S2B_MSIL2A_20251127T113319_N0511_R080_T28QCG_20251127T134745.SAFE,C:\Users\Simon\Nextcloud\Project\Mauritania\Science\Arguin - FieldWork Data Processing\Data\S2\Sen2Cor\S2B_MSIL2A_20251127T113319_N0511_R080_T28QCG_20251127T134745.zip,29,22,6356,363565.0,2199795.0,0.2048,0.2386,0.32880000000000004,0.4476,0.4934,0.497,0.5145000000000001,0.524,0.5205000000000001,0.53,0.6365000000000001,0.6114
2025-11-27,Iwik,Sen2Cor,S2B_MSIL2A_20251127T113319_N0511_R080_T28QCG_20251127T134745.SAFE,C:\Users\Simon\Nextcloud\Project\Mauritania\Science\Arguin - FieldWork Data Processing\Data\S2\Sen2Cor\S2B_MSIL2A_20251127T113319_N0511_R080_T28QCG_20251127T134745.zip,30,22,6357,363575.0,2199795.0,0.2048,0.2388,0.3312,0.446,0.4934,0.497,0.5145000000000001,0.5244,0.5205000000000001,0.53,0.6365000000000001,0.6114
2025-11-27,Iwik,Sen2Cor,S2B_MSIL2A_20251127T113319_N0511_R080_T28QCG_20251127T134745.SAFE,C:\Users\Simon\Nextcloud\Project\Mauritania\Science\Arguin - FieldWork Data Processing\Data\S2\Sen2Cor\S2B_MSIL2A_20251127T113319_N0511_R080_T28QCG_20251127T134745.zip,31,23,6345,363455.0,2199785.0,0.2074,0.2374,0.3216,0.4388,0.4919,0.49610000000000004,0.5114000000000001,0.518,0.52,0.5282,0.6324000000000001,0.6118
2025-11-27,Iwik,Sen2Cor,S2B_MSIL2A_20251127T113319_N0511_R080_T28QCG_20251127T134745.SAFE,C:\Users\Simon\Nextcloud\Project\Mauritania\Science\Arguin - FieldWork Data Processing\Data\S2\Sen2Cor\S2B_MSIL2A_20251127T113319_N0511_R080_T28QCG_20251127T134745.zip,32,23,6346,363465.0,2199785.0,0.2054,0.23720000000000002,0.322,0.436,0.4842,0.4902,0.5106,0.5096,0.5173,0.5282,0.6265000000000001,0.6078
2025-11-27,Iwik,Sen2Cor,S2B_MSIL2A_20251127T113319_N0511_R080_T28QCG_20251127T134745.SAFE,C:\Users\Simon\Nextcloud\Project\Mauritania\Science\Arguin - FieldWork Data Processing\Data\S2\Sen2Cor\S2B_MSIL2A_20251127T113319_N0511_R080_T28QCG_20251127T134745.zip,33,23,6347,363475.0,2199785.0,0.2054,0.23800000000000002,0.3272,0.4408,0.4842,0.4902,0.5106,0.5108,0.5173,0.5282,0.6265000000000001,0.6078
2025-11-27,Iwik,Sen2Cor,S2B_MSIL2A_20251127T113319_N0511_R080_T28QCG_20251127T134745.SAFE,C:\Users\Simon\Nextcloud\Project\Mauritania\Science\Arguin - FieldWork Data Processing\Data\S2\Sen2Cor\S2B_MSIL2A_20251127T113319_N0511_R080_T28QCG_20251127T134745.zip,34,23,6348,363485.0,2199785.0,0.2046,0.24280000000000002,0.3252,0.4384,0.4863,0.48700000000000004,0.509,0.5116,0.5139,0.5322,0.6309,0.6068
2025-11-27,Iwik,Sen2Cor,S2B_MSIL2A_20251127T113319_N0511_R080_T28QCG_20251127T134745.SAFE,C:\Users\Simon\Nextcloud\Project\Mauritania\Science\Arguin - FieldWork Data Processing\Data\S2\Sen2Cor\S2B_MSIL2A_20251127T113319_N0511_R080_T28QCG_20251127T134745.zip,35,23,6349,363495.0,2199785.0,0.2046,0.23520000000000002,0.3204,0.432,0.4863,0.48700000000000004,0.509,0.5024000000000001,0.5139,0.5322,0.6309,0.6068
2025-11-27,Iwik,Sen2Cor,S2B_MSIL2A_20251127T113319_N0511_R080_T28QCG_20251127T134745.SAFE,C:\Users\Simon\Nextcloud\Project\Mauritania\Science\Arguin - FieldWork Data Processing\Data\S2\Sen2Cor\S2B_MSIL2A_20251127T113319_N0511_R080_T28QCG_20251127T134745.zip,36,23,6350,363505.0,2199785.0,0.20320000000000002,0.232,0.31880000000000003,0.42960000000000004,0.49350000000000005,0.4932,0.5111,0.5044000000000001,0.5199,0.5322,0.6359,0.6102000000000001
2025-11-27,Iwik,Sen2Cor,S2B_MSIL2A_20251127T113319_N0511_R080_T28QCG_20251127T134745.SAFE,C:\Users\Simon\Nextcloud\Project\Mauritania\Science\Arguin - FieldWork Data Processing\Data\S2\Sen2Cor\S2B_MSIL2A_20251127T113319_N0511_R080_T28QCG_20251127T134745.zip,37,23,6351,363515.0,2199785.0,0.20320000000000002,0.2378,0.322,0.43760000000000004,0.49350000000000005,0.4932,0.5111,0.5108,0.5199,0.5322,0.6359,0.6102000000000001
2025-11-27,Iwik,Sen2Cor,S2B_MSIL2A_20251127T113319_N0511_R080_T28QCG_20251127T134745.SAFE,C:\Users\Simon\Nextcloud\Project\Mauritania\Science\Arguin - FieldWork Data Processing\Data\S2\Sen2Cor\S2B_MSIL2A_20251127T113319_N0511_R080_T28QCG_20251127T134745.zip,38,23,6352,363525.0,2199785.0,0.2036,0.24860000000000002,0.33440000000000003,0.45880000000000004,0.5039,0.5082,0.5271,0.5296000000000001,0.5348,0.5322,0.6426000000000001,0.6202000000000001
2025-11-27,Iwik,Sen2Cor,S2B_MSIL2A_20251127T113319_N0511_R080_T28QCG_20251127T134745.SAFE,C:\Users\Simon\Nextcloud\Project\Mauritania\Science\Arguin - FieldWork Data Processing\Data\S2\Sen2Cor\S2B_MSIL2A_20251127T113319_N0511_R080_T28QCG_20251127T134745.zip,39,23,6353,363535.0,2199785.0,0.2036,0.24780000000000002,0.3352,0.46040000000000003,0.5039,0.5082,0.5271,0.5352,0.5348,0.5322,0.6426000000000001,0.6202000000000001
2025-11-27,Iwik,Sen2Cor,S2B_MSIL2A_20251127T113319_N0511_R080_T28QCG_20251127T134745.SAFE,C:\Users\Simon\Nextcloud\Project\Mauritania\Science\Arguin - FieldWork Data Processing\Data\S2\Sen2Cor\S2B_MSIL2A_20251127T113319_N0511_R080_T28QCG_20251127T134745.zip,40,23,6354,363545.0,2199785.0,0.2033,0.2436,0.334,0.45640000000000003,0.49910000000000004,0.5078,0.5218,0.5292,0.529,0.53,0.6429,0.6189
2025-11-27,Iwik,Sen2Cor,S2B_MSIL2A_20251127T113319_N0511_R080_T28QCG_20251127T134745.SAFE,C:\Users\Simon\Nextcloud\Project\Mauritania\Science\Arguin - FieldWork Data Processing\Data\S2\Sen2Cor\S2B_MSIL2A_20251127T113319_N0511_R080_T28QCG_20251127T134745.zip,41,23,6355,363555.0,2199785.0,0.2033,0.23620000000000002,0.3256,0.4496,0.49910000000000004,0.5078,0.5218,0.5216000000000001,0.529,0.53,0.6429,0.6189
2025-11-27,Iwik,Sen2Cor,S2B_MSIL2A_20251127T113319_N0511_R080_T28QCG_20251127T134745.SAFE,C:\Users\Simon\Nextcloud\Project\Mauritania\Science\Arguin - FieldWork Data Processing\Data\S2\Sen2Cor\S2B_MSIL2A_20251127T113319_N0511_R080_T28QCG_20251127T134745.zip,42,23,6356,363565.0,2199785.0,0.2048,0.24020000000000002,0.3276,0.4464,0.4934,0.497,0.5145000000000001,0.5156000000000001,0.5205000000000001,0.53,0.6365000000000001,0.6114
2025-11-27,Iwik,Sen2Cor,S2B_MSIL2A_20251127T113319_N0511_R080_T28QCG_20251127T134745.SAFE,C:\Users\Simon\Nextcloud\Project\Mauritania\Science\Arguin - FieldWork Data Processing\Data\S2\Sen2Cor\S2B_MSIL2A_20251127T113319_N0511_R080_T28QCG_20251127T134745.zip,43,23,6357,363575.0,2199785.0,0.2048,0.24600000000000002,0.332,0.44880000000000003,0.4934,0.497,0.5145000000000001,0.5192,0.5205000000000001,0.53,0.6365000000000001,0.6114
2025-11-27,Iwik,Sen2Cor,S2B_MSIL2A_20251127T113319_N0511_R080_T28QCG_20251127T134745.SAFE,C:\Users\Simon\Nextcloud\Project\Mauritania\Science\Arguin - FieldWork Data Processing\Data\S2\Sen2Cor\S2B_MSIL2A_20251127T113319_N0511_R080_T28QCG_20251127T134745.zip,44,24,6344,363445.0,2199775.0,0.2102,0.2454,0.3356,0.4536,0.5018,0.502,0.5204,0.5264,0.5247,0.535,0.6401,0.6161
2025-11-27,Iwik,Sen2Cor,S2B_MSIL2A_20251127T113319_N0511_R080_T28QCG_20251127T134745.SAFE,C:\Users\Simon\Nextcloud\Project\Mauritania\Science\Arguin - FieldWork Data Processing\Data\S2\Sen2Cor\S2B_MSIL2A_20251127T113319_N0511_R080_T28QCG_20251127T134745.zip,45,24,6345,363455.0,2199775.0,0.2102,0.2436,0.3332,0.4476,0.5018,0.502,0.5204,0.5228,0.5247,0.535,0.6401,0.6161
2025-11-27,Iwik,Sen2Cor,S2B_MSIL2A_20251127T113319_N0511_R080_T28QCG_20251127T134745.SAFE,C:\Users\Simon\Nextcloud\Project\Mauritania\Science\Arguin - FieldWork Data Processing\Data\S2\Sen2Cor\S2B_MSIL2A_20251127T113319_N0511_R080_T28QCG_20251127T134745.zip,46,24,6346,363465.0,2199775.0,0.20770000000000002,0.2474,0.33840000000000003,0.45320000000000005,0.497,0.49810000000000004,0.5178,0.5288,0.5218,0.535,0.6355000000000001,0.6154000000000001
2025-11-27,Iwik,Sen2Cor,S2B_MSIL2A_20251127T113319_N0511_R080_T28QCG_20251127T134745.SAFE,C:\Users\Simon\Nextcloud\Project\Mauritania\Science\Arguin - FieldWork Data Processing\Data\S2\Sen2Cor\S2B_MSIL2A_20251127T113319_N0511_R080_T28QCG_20251127T134745.zip,47,24,6347,363475.0,2199775.0,0.20770000000000002,0.24480000000000002,0.338,0.45320000000000005,0.497,0.49810000000000004,0.5178,0.5288,0.5218,0.535,0.6355000000000001,0.6154000000000001
2025-11-27,Iwik,Sen2Cor,S2B_MSIL2A_20251127T113319_N0511_R080_T28QCG_20251127T134745.SAFE,C:\Users\Simon\Nextcloud\Project\Mauritania\Science\Arguin - FieldWork Data Processing\Data\S2\Sen2Cor\S2B_MSIL2A_20251127T113319_N0511_R080_T28QCG_20251127T134745.zip,48,24,6348,363485.0,2199775.0,0.2063,0.2416,0.3304,0.4424,0.49010000000000004,0.49260000000000004,0.5107,0.5192,0.5192,0.528,0.6321,0.6083000000000001
2025-11-27,Iwik,Sen2Cor,S2B_MSIL2A_20251127T113319_N0511_R080_T28QCG_20251127T134745.SAFE,C:\Users\Simon\Nextcloud\Project\Mauritania\Science\Arguin - FieldWork Data Processing\Data\S2\Sen2Cor\S2B_MSIL2A_20251127T113319_N0511_R080_T28QCG_20251127T134745.zip,49,24,6349,363495.0,2199775.0,0.2063,0.2388,0.3196,0.4364,0.49010000000000004,0.49260000000000004,0.5107,0.506,0.5192,0.528,0.6321,0.6083000000000001
2025-11-27,Iwik,Sen2Cor,S2B_MSIL2A_20251127T113319_N0511_R080_T28QCG_20251127T134745.SAFE,C:\Users\Simon\Nextcloud\Project\Mauritania\Science\Arguin - FieldWork Data Processing\Data\S2\Sen2Cor\S2B_MSIL2A_20251127T113319_N0511_R080_T28QCG_20251127T134745.zip,50,24,6350,363505.0,2199775.0,0.2041,0.23420000000000002,0.3168,0.4308,0.4838,0.4879,0.5047,0.5024000000000001,0.5126000000000001,0.528,0.6316,0.604
2025-11-27,Iwik,Sen2Cor,S2B_MSIL2A_20251127T113319_N0511_R080_T28QCG_20251127T134745.SAFE,C:\Users\Simon\Nextcloud\Project\Mauritania\Science\Arguin - FieldWork Data Processing\Data\S2\Sen2Cor\S2B_MSIL2A_20251127T113319_N0511_R080_T28QCG_20251127T134745.zip,51,24,6351,363515.0,2199775.0,0.2041,0.23220000000000002,0.32120000000000004,0.43560000000000004,0.4838,0.4879,0.5047,0.5084000000000001,0.5126000000000001,0.528,0.6316,0.604
2025-11-27,Iwik,Sen2Cor,S2B_MSIL2A_20251127T113319_N0511_R080_T28QCG_20251127T134745.SAFE,C:\Users\Simon\Nextcloud\Project\Mauritania\Science\Arguin - FieldWork Data Processing\Data\S2\Sen2Cor\S2B_MSIL2A_20251127T113319_N0511_R080_T28QCG_20251127T134745.zip,52,24,6352,363525.0,2199775.0,0.20420000000000002,0.24100000000000002,0.33,0.44880000000000003,0.4988,0.5012,0.519,0.5236000000000001,0.5263,0.528,0.6376000000000001,0.6131
2025-11-27,Iwik,Sen2Cor,S2B_MSIL2A_20251127T113319_N0511_R080_T28QCG_20251127T134745.SAFE,C:\Users\Simon\Nextcloud\Project\Mauritania\Science\Arguin - FieldWork Data Processing\Data\S2\Sen2Cor\S2B_MSIL2A_20251127T113319_N0511_R080_T28QCG_20251127T134745.zip,53,24,6353,363535.0,2199775.0,0.20420000000000002,0.248,0.3372,0.45880000000000004,0.4988,0.5012,0.519,0.5332,0.5263,0.528,0.6376000000000001,0.6131
2025-11-27,Iwik,Sen2Cor,S2B_MSIL2A_20251127T113319_N0511_R080_T28QCG_20251127T134745.SAFE,C:\Users\Simon\Nextcloud\Project\Mauritania\Science\Arguin - FieldWork Data Processing\Data\S2\Sen2Cor\S2B_MSIL2A_20251127T113319_N0511_R080_T28QCG_20251127T134745.zip,54,24,6354,363545.0,2199775.0,0.2036,0.2434,0.33840000000000003,0.4572,0.4958,0.4983,0.5168,0.528,0.5217,0.5235000000000001,0.6378,0.6091
2025-11-27,Iwik,Sen2Cor,S2B_MSIL2A_20251127T113319_N0511_R080_T28QCG_20251127T134745.SAFE,C:\Users\Simon\Nextcloud\Project\Mauritania\Science\Arguin - FieldWork Data Processing\Data\S2\Sen2Cor\S2B_MSIL2A_20251127T113319_N0511_R080_T28QCG_20251127T134745.zip,55,24,6355,363555.0,2199775.0,0.2036,0.234,0.3272,0.4428,0.4958,0.4983,0.5168,0.5132,0.5217,0.5235000000000001,0.6378,0.6091
2025-11-27,Iwik,Sen2Cor,S2B_MSIL2A_20251127T113319_N0511_R080_T28QCG_20251127T134745.SAFE,C:\Users\Simon\Nextcloud\Project\Mauritania\Science\Arguin - FieldWork Data Processing\Data\S2\Sen2Cor\S2B_MSIL2A_20251127T113319_N0511_R080_T28QCG_20251127T134745.zip,56,24,6356,363565.0,2199775.0,0.2048,0.2376,0.32280000000000003,0.43360000000000004,0.4844,0.4862,0.5048,0.5068,0.512,0.5235000000000001,0.6284000000000001,0.5972000000000001
2025-11-27,Iwik,Sen2Cor,S2B_MSIL2A_20251127T113319_N0511_R080_T28QCG_20251127T134745.SAFE,C:\Users\Simon\Nextcloud\Project\Mauritania\Science\Arguin - FieldWork Data Processing\Data\S2\Sen2Cor\S2B_MSIL2A_20251127T113319_N0511_R080_T28QCG_20251127T134745.zip,57,24,6357,363575.0,2199775.0,0.2048,0.2376,0.3296,0.44160000000000005,0.4844,0.4862,0.5048,0.516,0.512,0.5235000000000001,0.6284000000000001,0.5972000000000001
2025-11-27,Iwik,Sen2Cor,S2B_MSIL2A_20251127T113319_N0511_R080_T28QCG_20251127T134745.SAFE,C:\Users\Simon\Nextcloud\Project\Mauritania\Science\Arguin - FieldWork Data Processing\Data\S2\Sen2Cor\S2B_MSIL2A_20251127T113319_N0511_R080_T28QCG_20251127T134745.zip,58,24,6358,363585.0,2199775.0,0.20550000000000002,0.23800000000000002,0.32480000000000003,0.436,0.4864,0.4887,0.5071,0.5092,0.5153,0.5235000000000001,0.6315000000000001,0.6009
2025-11-27,Iwik,Sen2Cor,S2B_MSIL2A_20251127T113319_N0511_R080_T28QCG_20251127T134745.SAFE,C:\Users\Simon\Nextcloud\Project\Mauritania\Science\Arguin - FieldWork Data Processing\Data\S2\Sen2Cor\S2B_MSIL2A_20251127T113319_N0511_R080_T28QCG_20251127T134745.zip,59,25,6343,363435.0,2199765.0,0.21050000000000002,0.24980000000000002,0.3356,0.454,0.5056,0.5045000000000001,0.5245000000000001,0.5308,0.527,0.535,0.6416000000000001,0.6126
2025-11-27,Iwik,Sen2Cor,S2B_MSIL2A_20251127T113319_N0511_R080_T28QCG_20251127T134745.SAFE,C:\Users\Simon\Nextcloud\Project\Mauritania\Science\Arguin - FieldWork Data Processing\Data\S2\Sen2Cor\S2B_MSIL2A_20251127T113319_N0511_R080_T28QCG_20251127T134745.zip,60,25,6344,363445.0,2199765.0,0.2102,0.24880000000000002,0.3388,0.45320000000000005,0.5018,0.502,0.5204,0.5304,0.5247,0.535,0.6401,0.6161
2025-11-27,Iwik,Sen2Cor,S2B_MSIL2A_20251127T113319_N0511_R080_T28QCG_20251127T134745.SAFE,C:\Users\Simon\Nextcloud\Project\Mauritania\Science\Arguin - FieldWork Data Processing\Data\S2\Sen2Cor\S2B_MSIL2A_20251127T113319_N0511_R080_T28QCG_20251127T134745.zip,61,25,6345,363455.0,2199765.0,0.2102,0.25020000000000003,0.3376,0.4576,0.5018,0.502,0.5204,0.5328,0.5247,0.535,0.6401,0.6161
2025-11-27,Iwik,Sen2Cor,S2B_MSIL2A_20251127T113319_N0511_R080_T28QCG_20251127T134745.SAFE,C:\Users\Simon\Nextcloud\Project\Mauritania\Science\Arguin - FieldWork Data Processing\Data\S2\Sen2Cor\S2B_MSIL2A_20251127T113319_N0511_R080_T28QCG_20251127T134745.zip,62,25,6346,363465.0,2199765.0,0.20770000000000002,0.2482,0.33840000000000003,0.45880000000000004,0.497,0.49810000000000004,0.5178,0.5332,0.5218,0.535,0.6355000000000001,0.6154000000000001
2025-11-27,Iwik,Sen2Cor,S2B_MSIL2A_20251127T113319_N0511_R080_T28QCG_20251127T134745.SAFE,C:\Users\Simon\Nextcloud\Project\Mauritania\Science\Arguin - FieldWork Data Processing\Data\S2\Sen2Cor\S2B_MSIL2A_20251127T113319_N0511_R080_T28QCG_20251127T134745.zip,63,25,6347,363475.0,2199765.0,0.20770000000000002,0.25,0.338,0.45520000000000005,0.497,0.49810000000000004,0.5178,0.5324,0.5218,0.535,0.6355000000000001,0.6154000000000001
2025-11-27,Iwik,Sen2Cor,S2B_MSIL2A_20251127T113319_N0511_R080_T28QCG_20251127T134745.SAFE,C:\Users\Simon\Nextcloud\Project\Mauritania\Science\Arguin - FieldWork Data Processing\Data\S2\Sen2Cor\S2B_MSIL2A_20251127T113319_N0511_R080_T28QCG_20251127T134745.zip,64,25,6348,363485.0,2199765.0,0.2063,0.24700000000000003,0.3376,0.45,0.49010000000000004,0.49260000000000004,0.5107,0.5252,0.5192,0.528,0.6321,0.6083000000000001
2025-11-27,Iwik,Sen2Cor,S2B_MSIL2A_20251127T113319_N0511_R080_T28QCG_20251127T134745.SAFE,C:\Users\Simon\Nextcloud\Project\Mauritania\Science\Arguin - FieldWork Data Processing\Data\S2\Sen2Cor\S2B_MSIL2A_20251127T113319_N0511_R080_T28QCG_20251127T134745.zip,65,25,6349,363495.0,2199765.0,0.2063,0.24100000000000002,0.3272,0.4428,0.49010000000000004,0.49260000000000004,0.5107,0.52,0.5192,0.528,0.6321,0.6083000000000001
2025-11-27,Iwik,Sen2Cor,S2B_MSIL2A_20251127T113319_N0511_R080_T28QCG_20251127T134745.SAFE,C:\Users\Simon\Nextcloud\Project\Mauritania\Science\Arguin - FieldWork Data Processing\Data\S2\Sen2Cor\S2B_MSIL2A_20251127T113319_N0511_R080_T28QCG_20251127T134745.zip,66,25,6350,363505.0,2199765.0,0.2041,0.24020000000000002,0.322,0.4404,0.4838,0.4879,0.5047,0.514,0.5126000000000001,0.528,0.6316,0.604
2025-11-27,Iwik,Sen2Cor,S2B_MSIL2A_20251127T113319_N0511_R080_T28QCG_20251127T134745.SAFE,C:\Users\Simon\Nextcloud\Project\Mauritania\Science\Arguin - FieldWork Data Processing\Data\S2\Sen2Cor\S2B_MSIL2A_20251127T113319_N0511_R080_T28QCG_20251127T134745.zip,67,25,6351,363515.0,2199765.0,0.2041,0.2366,0.3256,0.444,0.4838,0.4879,0.5047,0.5148,0.5126000000000001,0.528,0.6316,0.604
2025-11-27,Iwik,Sen2Cor,S2B_MSIL2A_20251127T113319_N0511_R080_T28QCG_20251127T134745.SAFE,C:\Users\Simon\Nextcloud\Project\Mauritania\Science\Arguin - FieldWork Data Processing\Data\S2\Sen2Cor\S2B_MSIL2A_20251127T113319_N0511_R080_T28QCG_20251127T134745.zip,68,25,6352,363525.0,2199765.0,0.20420000000000002,0.2386,0.3272,0.4388,0.4988,0.5012,0.519,0.5184,0.5263,0.528,0.6376000000000001,0.6131
2025-11-27,Iwik,Sen2Cor,S2B_MSIL2A_20251127T113319_N0511_R080_T28QCG_20251127T134745.SAFE,C:\Users\Simon\Nextcloud\Project\Mauritania\Science\Arguin - FieldWork Data Processing\Data\S2\Sen2Cor\S2B_MSIL2A_20251127T113319_N0511_R080_T28QCG_20251127T134745.zip,69,25,6353,363535.0,2199765.0,0.20420000000000002,0.2442,0.3332,0.4496,0.4988,0.5012,0.519,0.524,0.5263,0.528,0.6376000000000001,0.6131
2025-11-27,Iwik,Sen2Cor,S2B_MSIL2A_20251127T113319_N0511_R080_T28QCG_20251127T134745.SAFE,C:\Users\Simon\Nextcloud\Project\Mauritania\Science\Arguin - FieldWork Data Processing\Data\S2\Sen2Cor\S2B_MSIL2A_20251127T113319_N0511_R080_T28QCG_20251127T134745.zip,70,25,6354,363545.0,2199765.0,0.2036,0.24080000000000001,0.32680000000000003,0.452,0.4958,0.4983,0.5168,0.5176000000000001,0.5217,0.5235000000000001,0.6378,0.6091
2025-11-27,Iwik,Sen2Cor,S2B_MSIL2A_20251127T113319_N0511_R080_T28QCG_20251127T134745.SAFE,C:\Users\Simon\Nextcloud\Project\Mauritania\Science\Arguin - FieldWork Data Processing\Data\S2\Sen2Cor\S2B_MSIL2A_20251127T113319_N0511_R080_T28QCG_20251127T134745.zip,71,25,6355,363555.0,2199765.0,0.2036,0.23500000000000001,0.328,0.4408,0.4958,0.4983,0.5168,0.5096,0.5217,0.5235000000000001,0.6378,0.6091
2025-11-27,Iwik,Sen2Cor,S2B_MSIL2A_20251127T113319_N0511_R080_T28QCG_20251127T134745.SAFE,C:\Users\Simon\Nextcloud\Project\Mauritania\Science\Arguin - FieldWork Data Processing\Data\S2\Sen2Cor\S2B_MSIL2A_20251127T113319_N0511_R080_T28QCG_20251127T134745.zip,72,25,6356,363565.0,2199765.0,0.2048,0.2378,0.322,0.4364,0.4844,0.4862,0.5048,0.5064000000000001,0.512,0.5235000000000001,0.6284000000000001,0.5972000000000001
2025-11-27,Iwik,Sen2Cor,S2B_MSIL2A_20251127T113319_N0511_R080_T28QCG_20251127T134745.SAFE,C:\Users\Simon\Nextcloud\Project\Mauritania\Science\Arguin - FieldWork Data Processing\Data\S2\Sen2Cor\S2B_MSIL2A_20251127T113319_N0511_R080_T28QCG_20251127T134745.zip,73,25,6357,363575.0,2199765.0,0.2048,0.2386,0.3272,0.43520000000000003,0.4844,0.4862,0.5048,0.5104000000000001,0.512,0.5235000000000001,0.6284000000000001,0.5972000000000001
2025-11-27,Iwik,Sen2Cor,S2B_MSIL2A_20251127T113319_N0511_R080_T28QCG_20251127T134745.SAFE,C:\Users\Simon\Nextcloud\Project\Mauritania\Science\Arguin - FieldWork Data Processing\Data\S2\Sen2Cor\S2B_MSIL2A_20251127T113319_N0511_R080_T28QCG_20251127T134745.zip,74,26,6343,363435.0,2199755.0,0.2137,0.24980000000000002,0.33680000000000004,0.45520000000000005,0.5034000000000001,0.5072,0.5264,0.5284,0.5317000000000001,0.535,0.6395000000000001,0.6107
2025-11-27,Iwik,Sen2Cor,S2B_MSIL2A_20251127T113319_N0511_R080_T28QCG_20251127T134745.SAFE,C:\Users\Simon\Nextcloud\Project\Mauritania\Science\Arguin - FieldWork Data Processing\Data\S2\Sen2Cor\S2B_MSIL2A_20251127T113319_N0511_R080_T28QCG_20251127T134745.zip,75,26,6344,363445.0,2199755.0,0.2117,0.24960000000000002,0.33840000000000003,0.45080000000000003,0.503,0.5066,0.5206000000000001,0.5284,0.5305,0.535,0.6374000000000001,0.6115
2025-11-27,Iwik,Sen2Cor,S2B_MSIL2A_20251127T113319_N0511_R080_T28QCG_20251127T134745.SAFE,C:\Users\Simon\Nextcloud\Project\Mauritania\Science\Arguin - FieldWork Data Processing\Data\S2\Sen2Cor\S2B_MSIL2A_20251127T113319_N0511_R080_T28QCG_20251127T134745.zip,76,26,6345,363455.0,2199755.0,0.2117,0.2472,0.33440000000000003,0.452,0.503,0.5066,0.5206000000000001,0.5316000000000001,0.5305,0.535,0.6374000000000001,0.6115
2025-11-27,Iwik,Sen2Cor,S2B_MSIL2A_20251127T113319_N0511_R080_T28QCG_20251127T134745.SAFE,C:\Users\Simon\Nextcloud\Project\Mauritania\Science\Arguin - FieldWork Data Processing\Data\S2\Sen2Cor\S2B_MSIL2A_20251127T113319_N0511_R080_T28QCG_20251127T134745.zip,77,26,6346,363465.0,2199755.0,0.20980000000000001,0.249,0.3392,0.4516,0.5094000000000001,0.5124000000000001,0.5315,0.5248,0.5375,0.535,0.6435000000000001,0.6138
2025-11-27,Iwik,Sen2Cor,S2B_MSIL2A_20251127T113319_N0511_R080_T28QCG_20251127T134745.SAFE,C:\Users\Simon\Nextcloud\Project\Mauritania\Science\Arguin - FieldWork Data Processing\Data\S2\Sen2Cor\S2B_MSIL2A_20251127T113319_N0511_R080_T28QCG_20251127T134745.zip,78,26,6347,363475.0,2199755.0,0.20980000000000001,0.252,0.3388,0.45520000000000005,0.5094000000000001,0.5124000000000001,0.5315,0.5296000000000001,0.5375,0.535,0.6435000000000001,0.6138
2025-11-27,Iwik,Sen2Cor,S2B_MSIL2A_20251127T113319_N0511_R080_T28QCG_20251127T134745.SAFE,C:\Users\Simon\Nextcloud\Project\Mauritania\Science\Arguin - FieldWork Data Processing\Data\S2\Sen2Cor\S2B_MSIL2A_20251127T113319_N0511_R080_T28QCG_20251127T134745.zip,79,26,6348,363485.0,2199755.0,0.20670000000000002,0.24380000000000002,0.3352,0.45,0.4989,0.4974,0.5187,0.5248,0.525,0.528,0.6369,0.6076
2025-11-27,Iwik,Sen2Cor,S2B_MSIL2A_20251127T113319_N0511_R080_T28QCG_20251127T134745.SAFE,C:\Users\Simon\Nextcloud\Project\Mauritania\Science\Arguin - FieldWork Data Processing\Data\S2\Sen2Cor\S2B_MSIL2A_20251127T113319_N0511_R080_T28QCG_20251127T134745.zip,80,26,6349,363495.0,2199755.0,0.20670000000000002,0.23820000000000002,0.3284,0.442,0.4989,0.4974,0.5187,0.5156000000000001,0.525,0.528,0.6369,0.6076
2025-11-27,Iwik,Sen2Cor,S2B_MSIL2A_20251127T113319_N0511_R080_T28QCG_20251127T134745.SAFE,C:\Users\Simon\Nextcloud\Project\Mauritania\Science\Arguin - FieldWork Data Processing\Data\S2\Sen2Cor\S2B_MSIL2A_20251127T113319_N0511_R080_T28QCG_20251127T134745.zip,81,26,6350,363505.0,2199755.0,0.2053,0.23520000000000002,0.32120000000000004,0.438,0.48850000000000005,0.4904,0.5107,0.5136000000000001,0.5153,0.528,0.633,0.6032000000000001
2025-11-27,Iwik,Sen2Cor,S2B_MSIL2A_20251127T113319_N0511_R080_T28QCG_20251127T134745.SAFE,C:\Users\Simon\Nextcloud\Project\Mauritania\Science\Arguin - FieldWork Data Processing\Data\S2\Sen2Cor\S2B_MSIL2A_20251127T113319_N0511_R080_T28QCG_20251127T134745.zip,82,26,6351,363515.0,2199755.0,0.2053,0.2368,0.326,0.44320000000000004,0.48850000000000005,0.4904,0.5107,0.5168,0.5153,0.528,0.633,0.6032000000000001
2025-11-27,Iwik,Sen2Cor,S2B_MSIL2A_20251127T113319_N0511_R080_T28QCG_20251127T134745.SAFE,C:\Users\Simon\Nextcloud\Project\Mauritania\Science\Arguin - FieldWork Data Processing\Data\S2\Sen2Cor\S2B_MSIL2A_20251127T113319_N0511_R080_T28QCG_20251127T134745.zip,83,26,6352,363525.0,2199755.0,0.20370000000000002,0.24080000000000001,0.3284,0.4428,0.49200000000000005,0.4969,0.5131,0.5196000000000001,0.5203,0.528,0.6314000000000001,0.6031000000000001
2025-11-27,Iwik,Sen2Cor,S2B_MSIL2A_20251127T113319_N0511_R080_T28QCG_20251127T134745.SAFE,C:\Users\Simon\Nextcloud\Project\Mauritania\Science\Arguin - FieldWork Data Processing\Data\S2\Sen2Cor\S2B_MSIL2A_20251127T113319_N0511_R080_T28QCG_20251127T134745.zip,84,26,6353,363535.0,2199755.0,0.20370000000000002,0.2398,0.3256,0.44680000000000003,0.49200000000000005,0.4969,0.5131,0.52,0.5203,0.528,0.6314000000000001,0.6031000000000001
2025-11-27,Iwik,Sen2Cor,S2B_MSIL2A_20251127T113319_N0511_R080_T28QCG_20251127T134745.SAFE,C:\Users\Simon\Nextcloud\Project\Mauritania\Science\Arguin - FieldWork Data Processing\Data\S2\Sen2Cor\S2B_MSIL2A_20251127T113319_N0511_R080_T28QCG_20251127T134745.zip,85,26,6354,363545.0,2199755.0,0.2029,0.24020000000000002,0.32680000000000003,0.44480000000000003,0.4904,0.4938,0.5109,0.518,0.5149,0.5235000000000001,0.6309,0.6017
2025-11-27,Iwik,Sen2Cor,S2B_MSIL2A_20251127T113319_N0511_R080_T28QCG_20251127T134745.SAFE,C:\Users\Simon\Nextcloud\Project\Mauritania\Science\Arguin - FieldWork Data Processing\Data\S2\Sen2Cor\S2B_MSIL2A_20251127T113319_N0511_R080_T28QCG_20251127T134745.zip,86,26,6355,363555.0,2199755.0,0.2029,0.2358,0.3264,0.43920000000000003,0.4904,0.4938,0.5109,0.5132,0.5149,0.5235000000000001,0.6309,0.6017
2025-11-27,Iwik,Sen2Cor,S2B_MSIL2A_20251127T113319_N0511_R080_T28QCG_20251127T134745.SAFE,C:\Users\Simon\Nextcloud\Project\Mauritania\Science\Arguin - FieldWork Data Processing\Data\S2\Sen2Cor\S2B_MSIL2A_20251127T113319_N0511_R080_T28QCG_20251127T134745.zip,87,26,6356,363565.0,2199755.0,0.20370000000000002,0.23520000000000002,0.32280000000000003,0.438,0.48900000000000005,0.4909,0.5074000000000001,0.5112,0.5129,0.5235000000000001,0.6298,0.6
2025-11-27,Iwik,Sen2Cor,S2B_MSIL2A_20251127T113319_N0511_R080_T28QCG_20251127T134745.SAFE,C:\Users\Simon\Nextcloud\Project\Mauritania\Science\Arguin - FieldWork Data Processing\Data\S2\Sen2Cor\S2B_MSIL2A_20251127T113319_N0511_R080_T28QCG_20251127T134745.zip,88,26,6357,363575.0,2199755.0,0.20370000000000002,0.2446,0.3256,0.4348,0.48900000000000005,0.4909,0.5074000000000001,0.5132,0.5129,0.5235000000000001,0.6298,0.6
2025-11-27,Iwik,Sen2Cor,S2B_MSIL2A_20251127T113319_N0511_R080_T28QCG_20251127T134745.SAFE,C:\Users\Simon\Nextcloud\Project\Mauritania\Science\Arguin - FieldWork Data Processing\Data\S2\Sen2Cor\S2B_MSIL2A_20251127T113319_N0511_R080_T28QCG_20251127T134745.zip,89,27,6342,363425.0,2199745.0,0.2137,0.2544,0.3436,0.4596,0.5034000000000001,0.5072,0.5264,0.5272,0.5317000000000001,0.535,0.6395000000000001,0.6107
2025-11-27,Iwik,Sen2Cor,S2B_MSIL2A_20251127T113319_N0511_R080_T28QCG_20251127T134745.SAFE,C:\Users\Simon\Nextcloud\Project\Mauritania\Science\Arguin - FieldWork Data Processing\Data\S2\Sen2Cor\S2B_MSIL2A_20251127T113319_N0511_R080_T28QCG_20251127T134745.zip,90,27,6343,363435.0,2199745.0,0.2137,0.2518,0.3376,0.448,0.5034000000000001,0.5072,0.5264,0.5204,0.5317000000000001,0.535,0.6395000000000001,0.6107
2025-11-27,Iwik,Sen2Cor,S2B_MSIL2A_20251127T113319_N0511_R080_T28QCG_20251127T134745.SAFE,C:\Users\Simon\Nextcloud\Project\Mauritania\Science\Arguin - FieldWork Data Processing\Data\S2\Sen2Cor\S2B_MSIL2A_20251127T113319_N0511_R080_T28QCG_20251127T134745.zip,91,27,6344,363445.0,2199745.0,0.2117,0.2474,0.334,0.4516,0.503,0.5066,0.5206000000000001,0.5236000000000001,0.5305,0.535,0.6374000000000001,0.6115
2025-11-27,Iwik,Sen2Cor,S2B_MSIL2A_20251127T113319_N0511_R080_T28QCG_20251127T134745.SAFE,C:\Users\Simon\Nextcloud\Project\Mauritania\Science\Arguin - FieldWork Data Processing\Data\S2\Sen2Cor\S2B_MSIL2A_20251127T113319_N0511_R080_T28QCG_20251127T134745.zip,92,27,6345,363455.0,2199745.0,0.2117,0.25020000000000003,0.33280000000000004,0.4572,0.503,0.5066,0.5206000000000001,0.528,0.5305,0.535,0.6374000000000001,0.6115
2025-11-27,Iwik,Sen2Cor,S2B_MSIL2A_20251127T113319_N0511_R080_T28QCG_20251127T134745.SAFE,C:\Users\Simon\Nextcloud\Project\Mauritania\Science\Arguin - FieldWork Data Processing\Data\S2\Sen2Cor\S2B_MSIL2A_20251127T113319_N0511_R080_T28QCG_20251127T134745.zip,93,27,6346,363465.0,2199745.0,0.20980000000000001,0.2656,0.35200000000000004,0.4696,0.5094000000000001,0.5124000000000001,0.5315,0.5444,0.5375,0.535,0.6435000000000001,0.6138
2025-11-27,Iwik,Sen2Cor,S2B_MSIL2A_20251127T113319_N0511_R080_T28QCG_20251127T134745.SAFE,C:\Users\Simon\Nextcloud\Project\Mauritania\Science\Arguin - FieldWork Data Processing\Data\S2\Sen2Cor\S2B_MSIL2A_20251127T113319_N0511_R080_T28QCG_20251127T134745.zip,94,27,6347,363475.0,2199745.0,0.20980000000000001,0.2626,0.3492,0.4652,0.5094000000000001,0.5124000000000001,0.5315,0.5404,0.5375,0.535,0.6435000000000001,0.6138
2025-11-27,Iwik,Sen2Cor,S2B_MSIL2A_20251127T113319_N0511_R080_T28QCG_20251127T134745.SAFE,C:\Users\Simon\Nextcloud\Project\Mauritania\Science\Arguin - FieldWork Data Processing\Data\S2\Sen2Cor\S2B_MSIL2A_20251127T113319_N0511_R080_T28QCG_20251127T134745.zip,95,27,6348,363485.0,2199745.0,0.20670000000000002,0.24580000000000002,0.334,0.45320000000000005,0.4989,0.4974,0.5187,0.5264,0.525,0.528,0.6369,0.6076
2025-11-27,Iwik,Sen2Cor,S2B_MSIL2A_20251127T113319_N0511_R080_T28QCG_20251127T134745.SAFE,C:\Users\Simon\Nextcloud\Project\Mauritania\Science\Arguin - FieldWork Data Processing\Data\S2\Sen2Cor\S2B_MSIL2A_20251127T113319_N0511_R080_T28QCG_20251127T134745.zip,96,27,6349,363495.0,2199745.0,0.20670000000000002,0.2432,0.326,0.44480000000000003,0.4989,0.4974,0.5187,0.5168,0.525,0.528,0.6369,0.6076
2025-11-27,Iwik,Sen2Cor,S2B_MSIL2A_20251127T113319_N0511_R080_T28QCG_20251127T134745.SAFE,C:\Users\Simon\Nextcloud\Project\Mauritania\Science\Arguin - FieldWork Data Processing\Data\S2\Sen2Cor\S2B_MSIL2A_20251127T113319_N0511_R080_T28QCG_20251127T134745.zip,97,27,6350,363505.0,2199745.0,0.2053,0.2386,0.3256,0.4424,0.48850000000000005,0.4904,0.5107,0.5152,0.5153,0.528,0.633,0.6032000000000001
2025-11-27,Iwik,Sen2Cor,S2B_MSIL2A_20251127T113319_N0511_R080_T28QCG_20251127T134745.SAFE,C:\Users\Simon\Nextcloud\Project\Mauritania\Science\Arguin - FieldWork Data Processing\Data\S2\Sen2Cor\S2B_MSIL2A_20251127T113319_N0511_R080_T28QCG_20251127T134745.zip,98,27,6351,363515.0,2199745.0,0.2053,0.2388,0.32880000000000004,0.4444,0.48850000000000005,0.4904,0.5107,0.5136000000000001,0.5153,0.528,0.633,0.6032000000000001
2025-11-27,Iwik,Sen2Cor,S2B_MSIL2A_20251127T113319_N0511_R080_T28QCG_20251127T134745.SAFE,C:\Users\Simon\Nextcloud\Project\Mauritania\Science\Arguin - FieldWork Data Processing\Data\S2\Sen2Cor\S2B_MSIL2A_20251127T113319_N0511_R080_T28QCG_20251127T134745.zip,99,27,6352,363525.0,2199745.0,0.20370000000000002,0.23820000000000002,0.326,0.4428,0.49200000000000005,0.4969,0.5131,0.5132,0.5203,0.528,0.6314000000000001,0.6031000000000001
2025-11-27,Iwik,Sen2Cor,S2B_MSIL2A_20251127T113319_N0511_R080_T28QCG_20251127T134745.SAFE,C:\Users\Simon\Nextcloud\Project\Mauritania\Science\Arguin - FieldWork Data Processing\Data\S2\Sen2Cor\S2B_MSIL2A_20251127T113319_N0511_R080_T28QCG_20251127T134745.zip,100,27,6353,363535.0,2199745.0,0.20370000000000002,0.2398,0.328,0.4436,0.49200000000000005,0.4969,0.5131,0.5156000000000001,0.5203,0.528,0.6314000000000001,0.6031000000000001
2025-11-27,Iwik,Sen2Cor,S2B_MSIL2A_20251127T113319_N0511_R080_T28QCG_20251127T134745.SAFE,C:\Users\Simon\Nextcloud\Project\Mauritania\Science\Arguin - FieldWork Data Processing\Data\S2\Sen2Cor\S2B_MSIL2A_20251127T113319_N0511_R080_T28QCG_20251127T134745.zip,101,27,6354,363545.0,2199745.0,0.2029,0.2426,0.3316,0.4408,0.4904,0.4938,0.5109,0.5172,0.5149,0.5235000000000001,0.6309,0.6017
2025-11-27,Iwik,Sen2Cor,S2B_MSIL2A_20251127T113319_N0511_R080_T28QCG_20251127T134745.SAFE,C:\Users\Simon\Nextcloud\Project\Mauritania\Science\Arguin - FieldWork Data Processing\Data\S2\Sen2Cor\S2B_MSIL2A_20251127T113319_N0511_R080_T28QCG_20251127T134745.zip,102,27,6355,363555.0,2199745.0,0.2029,0.24200000000000002,0.3284,0.44160000000000005,0.4904,0.4938,0.5109,0.5072,0.5149,0.5235000000000001,0.6309,0.6017
2025-11-27,Iwik,Sen2Cor,S2B_MSIL2A_20251127T113319_N0511_R080_T28QCG_20251127T134745.SAFE,C:\Users\Simon\Nextcloud\Project\Mauritania\Science\Arguin - FieldWork Data Processing\Data\S2\Sen2Cor\S2B_MSIL2A_20251127T113319_N0511_R080_T28QCG_20251127T134745.zip,103,27,6356,363565.0,2199745.0,0.20370000000000002,0.2366,0.3252,0.43520000000000003,0.48900000000000005,0.4909,0.5074000000000001,0.5084000000000001,0.5129,0.5235000000000001,0.6298,0.6
2025-11-27,Iwik,Sen2Cor,S2B_MSIL2A_20251127T113319_N0511_R080_T28QCG_20251127T134745.SAFE,C:\Users\Simon\Nextcloud\Project\Mauritania\Science\Arguin - FieldWork Data Processing\Data\S2\Sen2Cor\S2B_MSIL2A_20251127T113319_N0511_R080_T28QCG_20251127T134745.zip,104,27,6357,363575.0,2199745.0,0.20370000000000002,0.2388,0.3272,0.43720000000000003,0.48900000000000005,0.4909,0.5074000000000001,0.5152,0.5129,0.5235000000000001,0.6298,0.6
2025-11-27,Iwik,Sen2Cor,S2B_MSIL2A_20251127T113319_N0511_R080_T28QCG_20251127T134745.SAFE,C:\Users\Simon\Nextcloud\Project\Mauritania\Science\Arguin - FieldWork Data Processing\Data\S2\Sen2Cor\S2B_MSIL2A_20251127T113319_N0511_R080_T28QCG_20251127T134745.zip,105,28,6342,363425.0,2199735.0,0.2137,0.2548,0.33640000000000003,0.4524,0.49760000000000004,0.49770000000000003,0.518,0.5204,0.5171,0.535,0.6335000000000001,0.6025
2025-11-27,Iwik,Sen2Cor,S2B_MSIL2A_20251127T113319_N0511_R080_T28QCG_20251127T134745.SAFE,C:\Users\Simon\Nextcloud\Project\Mauritania\Science\Arguin - FieldWork Data Processing\Data\S2\Sen2Cor\S2B_MSIL2A_20251127T113319_N0511_R080_T28QCG_20251127T134745.zip,106,28,6343,363435.0,2199735.0,0.2137,0.25520000000000004,0.33840000000000003,0.45080000000000003,0.49760000000000004,0.49770000000000003,0.518,0.5216000000000001,0.5171,0.535,0.6335000000000001,0.6025
2025-11-27,Iwik,Sen2Cor,S2B_MSIL2A_20251127T113319_N0511_R080_T28QCG_20251127T134745.SAFE,C:\Users\Simon\Nextcloud\Project\Mauritania\Science\Arguin - FieldWork Data Processing\Data\S2\Sen2Cor\S2B_MSIL2A_20251127T113319_N0511_R080_T28QCG_20251127T134745.zip,107,28,6344,363445.0,2199735.0,0.2114,0.24680000000000002,0.336,0.4496,0.5043,0.5064000000000001,0.5229,0.522,0.5277000000000001,0.535,0.6362,0.6067
2025-11-27,Iwik,Sen2Cor,S2B_MSIL2A_20251127T113319_N0511_R080_T28QCG_20251127T134745.SAFE,C:\Users\Simon\Nextcloud\Project\Mauritania\Science\Arguin - FieldWork Data Processing\Data\S2\Sen2Cor\S2B_MSIL2A_20251127T113319_N0511_R080_T28QCG_20251127T134745.zip,108,28,6345,363455.0,2199735.0,0.2114,0.252,0.3356,0.452,0.5043,0.5064000000000001,0.5229,0.5248,0.5277000000000001,0.535,0.6362,0.6067
2025-11-27,Iwik,Sen2Cor,S2B_MSIL2A_20251127T113319_N0511_R080_T28QCG_20251127T134745.SAFE,C:\Users\Simon\Nextcloud\Project\Mauritania\Science\Arguin - FieldWork Data Processing\Data\S2\Sen2Cor\S2B_MSIL2A_20251127T113319_N0511_R080_T28QCG_20251127T134745.zip,109,28,6346,363465.0,2199735.0,0.2091,0.264,0.3544,0.466,0.5072,0.5141,0.5265000000000001,0.544,0.5366000000000001,0.535,0.6388,0.6111
2025-11-27,Iwik,Sen2Cor,S2B_MSIL2A_20251127T113319_N0511_R080_T28QCG_20251127T134745.SAFE,C:\Users\Simon\Nextcloud\Project\Mauritania\Science\Arguin - FieldWork Data Processing\Data\S2\Sen2Cor\S2B_MSIL2A_20251127T113319_N0511_R080_T28QCG_20251127T134745.zip,110,28,6347,363475.0,2199735.0,0.2091,0.2586,0.34800000000000003,0.46440000000000003,0.5072,0.5141,0.5265000000000001,0.5384,0.5366000000000001,0.535,0.6388,0.6111
2025-11-27,Iwik,Sen2Cor,S2B_MSIL2A_20251127T113319_N0511_R080_T28QCG_20251127T134745.SAFE,C:\Users\Simon\Nextcloud\Project\Mauritania\Science\Arguin - FieldWork Data Processing\Data\S2\Sen2Cor\S2B_MSIL2A_20251127T113319_N0511_R080_T28QCG_20251127T134745.zip,111,28,6348,363485.0,2199735.0,0.2056,0.2442,0.3372,0.4524,0.4953,0.4984,0.5163,0.5208,0.5243,0.528,0.632,0.6043000000000001
2025-11-27,Iwik,Sen2Cor,S2B_MSIL2A_20251127T113319_N0511_R080_T28QCG_20251127T134745.SAFE,C:\Users\Simon\Nextcloud\Project\Mauritania\Science\Arguin - FieldWork Data Processing\Data\S2\Sen2Cor\S2B_MSIL2A_20251127T113319_N0511_R080_T28QCG_20251127T134745.zip,112,28,6349,363495.0,2199735.0,0.2056,0.2414,0.3304,0.44880000000000003,0.4953,0.4984,0.5163,0.522,0.5243,0.528,0.632,0.6043000000000001
2025-11-27,Iwik,Sen2Cor,S2B_MSIL2A_20251127T113319_N0511_R080_T28QCG_20251127T134745.SAFE,C:\Users\Simon\Nextcloud\Project\Mauritania\Science\Arguin - FieldWork Data Processing\Data\S2\Sen2Cor\S2B_MSIL2A_20251127T113319_N0511_R080_T28QCG_20251127T134745.zip,113,28,6350,363505.0,2199735.0,0.20400000000000001,0.23820000000000002,0.328,0.444,0.49100000000000005,0.49400000000000005,0.5146000000000001,0.5168,0.5203,0.528,0.6328,0.6031000000000001
2025-11-27,Iwik,Sen2Cor,S2B_MSIL2A_20251127T113319_N0511_R080_T28QCG_20251127T134745.SAFE,C:\Users\Simon\Nextcloud\Project\Mauritania\Science\Arguin - FieldWork Data Processing\Data\S2\Sen2Cor\S2B_MSIL2A_20251127T113319_N0511_R080_T28QCG_20251127T134745.zip,114,28,6351,363515.0,2199735.0,0.20400000000000001,0.24080000000000001,0.3264,0.44320000000000004,0.49100000000000005,0.49400000000000005,0.5146000000000001,0.5152,0.5203,0.528,0.6328,0.6031000000000001
2025-11-27,Iwik,Sen2Cor,S2B_MSIL2A_20251127T113319_N0511_R080_T28QCG_20251127T134745.SAFE,C:\Users\Simon\Nextcloud\Project\Mauritania\Science\Arguin - FieldWork Data Processing\Data\S2\Sen2Cor\S2B_MSIL2A_20251127T113319_N0511_R080_T28QCG_20251127T134745.zip,115,28,6352,363525.0,2199735.0,0.2021,0.2406,0.3272,0.444,0.49310000000000004,0.4974,0.5122,0.5152,0.5219,0.528,0.6303000000000001,0.5991000000000001
2025-11-27,Iwik,Sen2Cor,S2B_MSIL2A_20251127T113319_N0511_R080_T28QCG_20251127T134745.SAFE,C:\Users\Simon\Nextcloud\Project\Mauritania\Science\Arguin - FieldWork Data Processing\Data\S2\Sen2Cor\S2B_MSIL2A_20251127T113319_N0511_R080_T28QCG_20251127T134745.zip,116,28,6353,363535.0,2199735.0,0.2021,0.2404,0.32880000000000004,0.44520000000000004,0.49310000000000004,0.4974,0.5122,0.5132,0.5219,0.528,0.6303000000000001,0.5991000000000001
2025-11-27,Iwik,Sen2Cor,S2B_MSIL2A_20251127T113319_N0511_R080_T28QCG_20251127T134745.SAFE,C:\Users\Simon\Nextcloud\Project\Mauritania\Science\Arguin - FieldWork Data Processing\Data\S2\Sen2Cor\S2B_MSIL2A_20251127T113319_N0511_R080_T28QCG_20251127T134745.zip,117,28,6354,363545.0,2199735.0,0.20070000000000002,0.2398,0.3256,0.446,0.4844,0.48910000000000003,0.5039,0.5128,0.5116,0.5235000000000001,0.6244000000000001,0.5959
2025-11-27,Iwik,Sen2Cor,S2B_MSIL2A_20251127T113319_N0511_R080_T28QCG_20251127T134745.SAFE,C:\Users\Simon\Nextcloud\Project\Mauritania\Science\Arguin - FieldWork Data Processing\Data\S2\Sen2Cor\S2B_MSIL2A_20251127T113319_N0511_R080_T28QCG_20251127T134745.zip,118,28,6355,363555.0,2199735.0,0.20070000000000002,0.23700000000000002,0.326,0.43560000000000004,0.4844,0.48910000000000003,0.5039,0.5088,0.5116,0.5235000000000001,0.6244000000000001,0.5959
2025-11-27,Iwik,Sen2Cor,S2B_MSIL2A_20251127T113319_N0511_R080_T28QCG_20251127T134745.SAFE,C:\Users\Simon\Nextcloud\Project\Mauritania\Science\Arguin - FieldWork Data Processing\Data\S2\Sen2Cor\S2B_MSIL2A_20251127T113319_N0511_R080_T28QCG_20251127T134745.zip,119,28,6356,363565.0,2199735.0,0.2011,0.2414,0.3272,0.4388,0.48860000000000003,0.49350000000000005,0.5071,0.5128,0.5167,0.5235000000000001,0.6284000000000001,0.6004
2025-11-27,Iwik,Sen2Cor,S2B_MSIL2A_20251127T113319_N0511_R080_T28QCG_20251127T134745.SAFE,C:\Users\Simon\Nextcloud\Project\Mauritania\Science\Arguin - FieldWork Data Processing\Data\S2\Sen2Cor\S2B_MSIL2A_20251127T113319_N0511_R080_T28QCG_20251127T134745.zip,120,28,6357,363575.0,2199735.0,0.2011,0.2398,0.3272,0.444,0.48860000000000003,0.49350000000000005,0.5071,0.516,0.5167,0.5235000000000001,0.6284000000000001,0.6004
2025-11-27,Iwik,Sen2Cor,S2B_MSIL2A_20251127T113319_N0511_R080_T28QCG_20251127T134745.SAFE,C:\Users\Simon\Nextcloud\Project\Mauritania\Science\Arguin - FieldWork Data Processing\Data\S2\Sen2Cor\S2B_MSIL2A_20251127T113319_N0511_R080_T28QCG_20251127T134745.zip,121,29,6342,363425.0,2199725.0,0.2137,0.24860000000000002,0.3312,0.44720000000000004,0.49760000000000004,0.49770000000000003,0.518,0.5192,0.5171,0.535,0.6335000000000001,0.6025
2025-11-27,Iwik,Sen2Cor,S2B_MSIL2A_20251127T113319_N0511_R080_T28QCG_20251127T134745.SAFE,C:\Users\Simon\Nextcloud\Project\Mauritania\Science\Arguin - FieldWork Data Processing\Data\S2\Sen2Cor\S2B_MSIL2A_20251127T113319_N0511_R080_T28QCG_20251127T134745.zip,122,29,6343,363435.0,2199725.0,0.2137,0.25020000000000003,0.3356,0.4496,0.49760000000000004,0.49770000000000003,0.518,0.5236000000000001,0.5171,0.535,0.6335000000000001,0.6025
2025-11-27,Iwik,Sen2Cor,S2B_MSIL2A_20251127T113319_N0511_R080_T28QCG_20251127T134745.SAFE,C:\Users\Simon\Nextcloud\Project\Mauritania\Science\Arguin - FieldWork Data Processing\Data\S2\Sen2Cor\S2B_MSIL2A_20251127T113319_N0511_R080_T28QCG_20251127T134745.zip,123,29,6344,363445.0,2199725.0,0.2114,0.251,0.3412,0.45280000000000004,0.5043,0.5064000000000001,0.5229,0.526,0.5277000000000001,0.535,0.6362,0.6067
2025-11-27,Iwik,Sen2Cor,S2B_MSIL2A_20251127T113319_N0511_R080_T28QCG_20251127T134745.SAFE,C:\Users\Simon\Nextcloud\Project\Mauritania\Science\Arguin - FieldWork Data Processing\Data\S2\Sen2Cor\S2B_MSIL2A_20251127T113319_N0511_R080_T28QCG_20251127T134745.zip,124,29,6345,363455.0,2199725.0,0.2114,0.2558,0.34400000000000003,0.46080000000000004,0.5043,0.5064000000000001,0.5229,0.5272,0.5277000000000001,0.535,0.6362,0.6067
2025-11-27,Iwik,Sen2Cor,S2B_MSIL2A_20251127T113319_N0511_R080_T28QCG_20251127T134745.SAFE,C:\Users\Simon\Nextcloud\Project\Mauritania\Science\Arguin - FieldWork Data Processing\Data\S2\Sen2Cor\S2B_MSIL2A_20251127T113319_N0511_R080_T28QCG_20251127T134745.zip,125,29,6346,363465.0,2199725.0,0.2091,0.2548,0.3472,0.4616,0.5072,0.5141,0.5265000000000001,0.5332,0.5366000000000001,0.535,0.6388,0.6111
2025-11-27,Iwik,Sen2Cor,S2B_MSIL2A_20251127T113319_N0511_R080_T28QCG_20251127T134745.SAFE,C:\Users\Simon\Nextcloud\Project\Mauritania\Science\Arguin - FieldWork Data Processing\Data\S2\Sen2Cor\S2B_MSIL2A_20251127T113319_N0511_R080_T28QCG_20251127T134745.zip,126,29,6347,363475.0,2199725.0,0.2091,0.24880000000000002,0.334,0.452,0.5072,0.5141,0.5265000000000001,0.5228,0.5366000000000001,0.535,0.6388,0.6111
2025-11-27,Iwik,Sen2Cor,S2B_MSIL2A_20251127T113319_N0511_R080_T28QCG_20251127T134745.SAFE,C:\Users\Simon\Nextcloud\Project\Mauritania\Science\Arguin - FieldWork Data Processing\Data\S2\Sen2Cor\S2B_MSIL2A_20251127T113319_N0511_R080_T28QCG_20251127T134745.zip,127,29,6348,363485.0,2199725.0,0.2056,0.2432,0.33080000000000004,0.44680000000000003,0.4953,0.4984,0.5163,0.5184,0.5243,0.528,0.632,0.6043000000000001
2025-11-27,Iwik,Sen2Cor,S2B_MSIL2A_20251127T113319_N0511_R080_T28QCG_20251127T134745.SAFE,C:\Users\Simon\Nextcloud\Project\Mauritania\Science\Arguin - FieldWork Data Processing\Data\S2\Sen2Cor\S2B_MSIL2A_20251127T113319_N0511_R080_T28QCG_20251127T134745.zip,128,29,6349,363495.0,2199725.0,0.2056,0.2424,0.332,0.44880000000000003,0.4953,0.4984,0.5163,0.522,0.5243,0.528,0.632,0.6043000000000001
2025-11-27,Iwik,Sen2Cor,S2B_MSIL2A_20251127T113319_N0511_R080_T28QCG_20251127T134745.SAFE,C:\Users\Simon\Nextcloud\Project\Mauritania\Science\Arguin - FieldWork Data Processing\Data\S2\Sen2Cor\S2B_MSIL2A_20251127T113319_N0511_R080_T28QCG_20251127T134745.zip,129,29,6350,363505.0,2199725.0,0.20400000000000001,0.2426,0.32880000000000004,0.4476,0.49100000000000005,0.49400000000000005,0.5146000000000001,0.5152,0.5203,0.528,0.6328,0.6031000000000001
2025-11-27,Iwik,Sen2Cor,S2B_MSIL2A_20251127T113319_N0511_R080_T28QCG_20251127T134745.SAFE,C:\Users\Simon\Nextcloud\Project\Mauritania\Science\Arguin - FieldWork Data Processing\Data\S2\Sen2Cor\S2B_MSIL2A_20251127T113319_N0511_R080_T28QCG_20251127T134745.zip,130,29,6351,363515.0,2199725.0,0.20400000000000001,0.2416,0.32880000000000004,0.4456,0.49100000000000005,0.49400000000000005,0.5146000000000001,0.5192,0.5203,0.528,0.6328,0.6031000000000001
2025-11-27,Iwik,Sen2Cor,S2B_MSIL2A_20251127T113319_N0511_R080_T28QCG_20251127T134745.SAFE,C:\Users\Simon\Nextcloud\Project\Mauritania\Science\Arguin - FieldWork Data Processing\Data\S2\Sen2Cor\S2B_MSIL2A_20251127T113319_N0511_R080_T28QCG_20251127T134745.zip,131,29,6352,363525.0,2199725.0,0.2021,0.24080000000000001,0.3264,0.446,0.49310000000000004,0.4974,0.5122,0.5224,0.5219,0.528,0.6303000000000001,0.5991000000000001
2025-11-27,Iwik,Sen2Cor,S2B_MSIL2A_20251127T113319_N0511_R080_T28QCG_20251127T134745.SAFE,C:\Users\Simon\Nextcloud\Project\Mauritania\Science\Arguin - FieldWork Data Processing\Data\S2\Sen2Cor\S2B_MSIL2A_20251127T113319_N0511_R080_T28QCG_20251127T134745.zip,132,29,6353,363535.0,2199725.0,0.2021,0.2394,0.3312,0.446,0.49310000000000004,0.4974,0.5122,0.52,0.5219,0.528,0.6303000000000001,0.5991000000000001
2025-11-27,Iwik,Sen2Cor,S2B_MSIL2A_20251127T113319_N0511_R080_T28QCG_20251127T134745.SAFE,C:\Users\Simon\Nextcloud\Project\Mauritania\Science\Arguin - FieldWork Data Processing\Data\S2\Sen2Cor\S2B_MSIL2A_20251127T113319_N0511_R080_T28QCG_20251127T134745.zip,133,29,6354,363545.0,2199725.0,0.20070000000000002,0.24000000000000002,0.326,0.4428,0.4844,0.48910000000000003,0.5039,0.5152,0.5116,0.5235000000000001,0.6244000000000001,0.5959
2025-11-27,Iwik,Sen2Cor,S2B_MSIL2A_20251127T113319_N0511_R080_T28QCG_20251127T134745.SAFE,C:\Users\Simon\Nextcloud\Project\Mauritania\Science\Arguin - FieldWork Data Processing\Data\S2\Sen2Cor\S2B_MSIL2A_20251127T113319_N0511_R080_T28QCG_20251127T134745.zip,134,29,6355,363555.0,2199725.0,0.20070000000000002,0.234,0.32080000000000003,0.43560000000000004,0.4844,0.48910000000000003,0.5039,0.5104000000000001,0.5116,0.5235000000000001,0.6244000000000001,0.5959
2025-11-27,Iwik,Sen2Cor,S2B_MSIL2A_20251127T113319_N0511_R080_T28QCG_20251127T134745.SAFE,C:\Users\Simon\Nextcloud\Project\Mauritania\Science\Arguin - FieldWork Data Processing\Data\S2\Sen2Cor\S2B_MSIL2A_20251127T113319_N0511_R080_T28QCG_20251127T134745.zip,135,29,6356,363565.0,2199725.0,0.2011,0.23820000000000002,0.324,0.4384,0.48860000000000003,0.49350000000000005,0.5071,0.5124000000000001,0.5167,0.5235000000000001,0.6284000000000001,0.6004
2025-11-27,Iwik,Sen2Cor,S2B_MSIL2A_20251127T113319_N0511_R080_T28QCG_20251127T134745.SAFE,C:\Users\Simon\Nextcloud\Project\Mauritania\Science\Arguin - FieldWork Data Processing\Data\S2\Sen2Cor\S2B_MSIL2A_20251127T113319_N0511_R080_T28QCG_20251127T134745.zip,136,29,6357,363575.0,2199725.0,0.2011,0.2454,0.3296,0.4408,0.48860000000000003,0.49350000000000005,0.5071,0.5168,0.5167,0.5235000000000001,0.6284000000000001,0.6004
2025-11-27,Iwik,Sen2Cor,S2B_MSIL2A_20251127T113319_N0511_R080_T28QCG_20251127T134745.SAFE,C:\Users\Simon\Nextcloud\Project\Mauritania\Science\Arguin - FieldWork Data Processing\Data\S2\Sen2Cor\S2B_MSIL2A_20251127T113319_N0511_R080_T28QCG_20251127T134745.zip,137,30,6341,363415.0,2199715.0,0.2155,0.25220000000000004,0.3352,0.454,0.5032,0.5049,0.5246000000000001,0.5304,0.5331,0.5432,0.6365000000000001,0.6099
2025-11-27,Iwik,Sen2Cor,S2B_MSIL2A_20251127T113319_N0511_R080_T28QCG_20251127T134745.SAFE,C:\Users\Simon\Nextcloud\Project\Mauritania\Science\Arguin - FieldWork Data Processing\Data\S2\Sen2Cor\S2B_MSIL2A_20251127T113319_N0511_R080_T28QCG_20251127T134745.zip,138,30,6342,363425.0,2199715.0,0.21380000000000002,0.24960000000000002,0.33240000000000003,0.452,0.5015000000000001,0.5028,0.5204,0.522,0.5283,0.5289,0.6366,0.6051000000000001
2025-11-27,Iwik,Sen2Cor,S2B_MSIL2A_20251127T113319_N0511_R080_T28QCG_20251127T134745.SAFE,C:\Users\Simon\Nextcloud\Project\Mauritania\Science\Arguin - FieldWork Data Processing\Data\S2\Sen2Cor\S2B_MSIL2A_20251127T113319_N0511_R080_T28QCG_20251127T134745.zip,139,30,6343,363435.0,2199715.0,0.21380000000000002,0.24700000000000003,0.3292,0.4476,0.5015000000000001,0.5028,0.5204,0.5132,0.5283,0.5289,0.6366,0.6051000000000001
2025-11-27,Iwik,Sen2Cor,S2B_MSIL2A_20251127T113319_N0511_R080_T28QCG_20251127T134745.SAFE,C:\Users\Simon\Nextcloud\Project\Mauritania\Science\Arguin - FieldWork Data Processing\Data\S2\Sen2Cor\S2B_MSIL2A_20251127T113319_N0511_R080_T28QCG_20251127T134745.zip,140,30,6344,363445.0,2199715.0,0.2107,0.2554,0.3372,0.4572,0.5035000000000001,0.5041,0.5212,0.5272,0.5258,0.5289,0.6349,0.605
2025-11-27,Iwik,Sen2Cor,S2B_MSIL2A_20251127T113319_N0511_R080_T28QCG_20251127T134745.SAFE,C:\Users\Simon\Nextcloud\Project\Mauritania\Science\Arguin - FieldWork Data Processing\Data\S2\Sen2Cor\S2B_MSIL2A_20251127T113319_N0511_R080_T28QCG_20251127T134745.zip,141,30,6345,363455.0,2199715.0,0.2107,0.257,0.3452,0.4616,0.5035000000000001,0.5041,0.5212,0.5252,0.5258,0.5289,0.6349,0.605
2025-11-27,Iwik,Sen2Cor,S2B_MSIL2A_20251127T113319_N0511_R080_T28QCG_20251127T134745.SAFE,C:\Users\Simon\Nextcloud\Project\Mauritania\Science\Arguin - FieldWork Data Processing\Data\S2\Sen2Cor\S2B_MSIL2A_20251127T113319_N0511_R080_T28QCG_20251127T134745.zip,142,30,6346,363465.0,2199715.0,0.2071,0.2534,0.3388,0.4576,0.49760000000000004,0.49970000000000003,0.5169,0.5272,0.5225000000000001,0.5289,0.628,0.6
2025-11-27,Iwik,Sen2Cor,S2B_MSIL2A_20251127T113319_N0511_R080_T28QCG_20251127T134745.SAFE,C:\Users\Simon\Nextcloud\Project\Mauritania\Science\Arguin - FieldWork Data Processing\Data\S2\Sen2Cor\S2B_MSIL2A_20251127T113319_N0511_R080_T28QCG_20251127T134745.zip,143,30,6347,363475.0,2199715.0,0.2071,0.24780000000000002,0.33280000000000004,0.45120000000000005,0.49760000000000004,0.49970000000000003,0.5169,0.52,0.5225000000000001,0.5289,0.628,0.6
2025-11-27,Iwik,Sen2Cor,S2B_MSIL2A_20251127T113319_N0511_R080_T28QCG_20251127T134745.SAFE,C:\Users\Simon\Nextcloud\Project\Mauritania\Science\Arguin - FieldWork Data Processing\Data\S2\Sen2Cor\S2B_MSIL2A_20251127T113319_N0511_R080_T28QCG_20251127T134745.zip,144,30,6348,363485.0,2199715.0,0.20470000000000002,0.2474,0.3296,0.4484,0.4949,0.49810000000000004,0.512,0.5176000000000001,0.5172,0.5189,0.6287,0.6026
2025-11-27,Iwik,Sen2Cor,S2B_MSIL2A_20251127T113319_N0511_R080_T28QCG_20251127T134745.SAFE,C:\Users\Simon\Nextcloud\Project\Mauritania\Science\Arguin - FieldWork Data Processing\Data\S2\Sen2Cor\S2B_MSIL2A_20251127T113319_N0511_R080_T28QCG_20251127T134745.zip,145,30,6349,363495.0,2199715.0,0.20470000000000002,0.24280000000000002,0.332,0.44920000000000004,0.4949,0.49810000000000004,0.512,0.5152,0.5172,0.5189,0.6287,0.6026
2025-11-27,Iwik,Sen2Cor,S2B_MSIL2A_20251127T113319_N0511_R080_T28QCG_20251127T134745.SAFE,C:\Users\Simon\Nextcloud\Project\Mauritania\Science\Arguin - FieldWork Data Processing\Data\S2\Sen2Cor\S2B_MSIL2A_20251127T113319_N0511_R080_T28QCG_20251127T134745.zip,146,30,6350,363505.0,2199715.0,0.2016,0.2424,0.3304,0.4484,0.4922,0.49570000000000003,0.5121,0.5128,0.5151,0.5189,0.6273000000000001,0.5979
2025-11-27,Iwik,Sen2Cor,S2B_MSIL2A_20251127T113319_N0511_R080_T28QCG_20251127T134745.SAFE,C:\Users\Simon\Nextcloud\Project\Mauritania\Science\Arguin - FieldWork Data Processing\Data\S2\Sen2Cor\S2B_MSIL2A_20251127T113319_N0511_R080_T28QCG_20251127T134745.zip,147,30,6351,363515.0,2199715.0,0.2016,0.24100000000000002,0.32880000000000004,0.44720000000000004,0.4922,0.49570000000000003,0.5121,0.5192,0.5151,0.5189,0.6273000000000001,0.5979
2025-11-27,Iwik,Sen2Cor,S2B_MSIL2A_20251127T113319_N0511_R080_T28QCG_20251127T134745.SAFE,C:\Users\Simon\Nextcloud\Project\Mauritania\Science\Arguin - FieldWork Data Processing\Data\S2\Sen2Cor\S2B_MSIL2A_20251127T113319_N0511_R080_T28QCG_20251127T134745.zip,148,30,6352,363525.0,2199715.0,0.20040000000000002,0.2388,0.332,0.4456,0.4948,0.49300000000000005,0.5125000000000001,0.518,0.5191,0.5189,0.6281,0.596
2025-11-27,Iwik,Sen2Cor,S2B_MSIL2A_20251127T113319_N0511_R080_T28QCG_20251127T134745.SAFE,C:\Users\Simon\Nextcloud\Project\Mauritania\Science\Arguin - FieldWork Data Processing\Data\S2\Sen2Cor\S2B_MSIL2A_20251127T113319_N0511_R080_T28QCG_20251127T134745.zip,149,30,6353,363535.0,2199715.0,0.20040000000000002,0.2416,0.3352,0.4464,0.4948,0.49300000000000005,0.5125000000000001,0.5192,0.5191,0.5189,0.6281,0.596
2025-11-27,Iwik,Sen2Cor,S2B_MSIL2A_20251127T113319_N0511_R080_T28QCG_20251127T134745.SAFE,C:\Users\Simon\Nextcloud\Project\Mauritania\Science\Arguin - FieldWork Data Processing\Data\S2\Sen2Cor\S2B_MSIL2A_20251127T113319_N0511_R080_T28QCG_20251127T134745.zip,150,30,6354,363545.0,2199715.0,0.1986,0.2446,0.332,0.4444,0.4858,0.4874,0.5087,0.5208,0.5141,0.5109,0.6258,0.5946
2025-11-27,Iwik,Sen2Cor,S2B_MSIL2A_20251127T113319_N0511_R080_T28QCG_20251127T134745.SAFE,C:\Users\Simon\Nextcloud\Project\Mauritania\Science\Arguin - FieldWork Data Processing\Data\S2\Sen2Cor\S2B_MSIL2A_20251127T113319_N0511_R080_T28QCG_20251127T134745.zip,151,30,6355,363555.0,2199715.0,0.1986,0.2432,0.324,0.44320000000000004,0.4858,0.4874,0.5087,0.5148,0.5141,0.5109,0.6258,0.5946
2025-11-27,Iwik,Sen2Cor,S2B_MSIL2A_20251127T113319_N0511_R080_T28QCG_20251127T134745.SAFE,C:\Users\Simon\Nextcloud\Project\Mauritania\Science\Arguin - FieldWork Data Processing\Data\S2\Sen2Cor\S2B_MSIL2A_20251127T113319_N0511_R080_T28QCG_20251127T134745.zip,152,30,6356,363565.0,2199715.0,0.1976,0.2426,0.32880000000000004,0.44,0.48650000000000004,0.48900000000000005,0.5046,0.5128,0.5141,0.5109,0.6221,0.5918
2025-11-27,Iwik,Sen2Cor,S2B_MSIL2A_20251127T113319_N0511_R080_T28QCG_20251127T134745.SAFE,C:\Users\Simon\Nextcloud\Project\Mauritania\Science\Arguin - FieldWork Data Processing\Data\S2\Sen2Cor\S2B_MSIL2A_20251127T113319_N0511_R080_T28QCG_20251127T134745.zip,153,30,6357,363575.0,2199715.0,0.1976,0.24500000000000002,0.334,0.442,0.48650000000000004,0.48900000000000005,0.5046,0.5136000000000001,0.5141,0.5109,0.6221,0.5918
2025-11-27,Iwik,Sen2Cor,S2B_MSIL2A_20251127T113319_N0511_R080_T28QCG_20251127T134745.SAFE,C:\Users\Simon\Nextcloud\Project\Mauritania\Science\Arguin - FieldWork Data Processing\Data\S2\Sen2Cor\S2B_MSIL2A_20251127T113319_N0511_R080_T28QCG_20251127T134745.zip,154,31,6341,363415.0,2199705.0,0.2155,0.2524,0.3428,0.456,0.5032,0.5049,0.5246000000000001,0.5284,0.5331,0.5432,0.6365000000000001,0.6099
2025-11-27,Iwik,Sen2Cor,S2B_MSIL2A_20251127T113319_N0511_R080_T28QCG_20251127T134745.SAFE,C:\Users\Simon\Nextcloud\Project\Mauritania\Science\Arguin - FieldWork Data Processing\Data\S2\Sen2Cor\S2B_MSIL2A_20251127T113319_N0511_R080_T28QCG_20251127T134745.zip,155,31,6342,363425.0,2199705.0,0.21380000000000002,0.25020000000000003,0.33680000000000004,0.4544,0.5015000000000001,0.5028,0.5204,0.5288,0.5283,0.5289,0.6366,0.6051000000000001
2025-11-27,Iwik,Sen2Cor,S2B_MSIL2A_20251127T113319_N0511_R080_T28QCG_20251127T134745.SAFE,C:\Users\Simon\Nextcloud\Project\Mauritania\Science\Arguin - FieldWork Data Processing\Data\S2\Sen2Cor\S2B_MSIL2A_20251127T113319_N0511_R080_T28QCG_20251127T134745.zip,156,31,6343,363435.0,2199705.0,0.21380000000000002,0.25020000000000003,0.3356,0.452,0.5015000000000001,0.5028,0.5204,0.5236000000000001,0.5283,0.5289,0.6366,0.6051000000000001
2025-11-27,Iwik,Sen2Cor,S2B_MSIL2A_20251127T113319_N0511_R080_T28QCG_20251127T134745.SAFE,C:\Users\Simon\Nextcloud\Project\Mauritania\Science\Arguin - FieldWork Data Processing\Data\S2\Sen2Cor\S2B_MSIL2A_20251127T113319_N0511_R080_T28QCG_20251127T134745.zip,157,31,6344,363445.0,2199705.0,0.2107,0.252,0.33640000000000003,0.45520000000000005,0.5035000000000001,0.5041,0.5212,0.5268,0.5258,0.5289,0.6349,0.605
2025-11-27,Iwik,Sen2Cor,S2B_MSIL2A_20251127T113319_N0511_R080_T28QCG_20251127T134745.SAFE,C:\Users\Simon\Nextcloud\Project\Mauritania\Science\Arguin - FieldWork Data Processing\Data\S2\Sen2Cor\S2B_MSIL2A_20251127T113319_N0511_R080_T28QCG_20251127T134745.zip,158,31,6345,363455.0,2199705.0,0.2107,0.25320000000000004,0.3452,0.4576,0.5035000000000001,0.5041,0.5212,0.5244,0.5258,0.5289,0.6349,0.605
2025-11-27,Iwik,Sen2Cor,S2B_MSIL2A_20251127T113319_N0511_R080_T28QCG_20251127T134745.SAFE,C:\Users\Simon\Nextcloud\Project\Mauritania\Science\Arguin - FieldWork Data Processing\Data\S2\Sen2Cor\S2B_MSIL2A_20251127T113319_N0511_R080_T28QCG_20251127T134745.zip,159,31,6346,363465.0,2199705.0,0.2071,0.249,0.3388,0.44720000000000004,0.49760000000000004,0.49970000000000003,0.5169,0.5196000000000001,0.5225000000000001,0.5289,0.628,0.6
2025-11-27,Iwik,Sen2Cor,S2B_MSIL2A_20251127T113319_N0511_R080_T28QCG_20251127T134745.SAFE,C:\Users\Simon\Nextcloud\Project\Mauritania\Science\Arguin - FieldWork Data Processing\Data\S2\Sen2Cor\S2B_MSIL2A_20251127T113319_N0511_R080_T28QCG_20251127T134745.zip,160,31,6347,363475.0,2199705.0,0.2071,0.2406,0.3312,0.4444,0.49760000000000004,0.49970000000000003,0.5169,0.5168,0.5225000000000001,0.5289,0.628,0.6
2025-11-27,Iwik,Sen2Cor,S2B_MSIL2A_20251127T113319_N0511_R080_T28QCG_20251127T134745.SAFE,C:\Users\Simon\Nextcloud\Project\Mauritania\Science\Arguin - FieldWork Data Processing\Data\S2\Sen2Cor\S2B_MSIL2A_20251127T113319_N0511_R080_T28QCG_20251127T134745.zip,161,31,6348,363485.0,2199705.0,0.20470000000000002,0.2412,0.3276,0.44160000000000005,0.4949,0.49810000000000004,0.512,0.5156000000000001,0.5172,0.5189,0.6287,0.6026
2025-11-27,Iwik,Sen2Cor,S2B_MSIL2A_20251127T113319_N0511_R080_T28QCG_20251127T134745.SAFE,C:\Users\Simon\Nextcloud\Project\Mauritania\Science\Arguin - FieldWork Data Processing\Data\S2\Sen2Cor\S2B_MSIL2A_20251127T113319_N0511_R080_T28QCG_20251127T134745.zip,162,31,6349,363495.0,2199705.0,0.20470000000000002,0.2406,0.3236,0.4444,0.4949,0.49810000000000004,0.512,0.5124000000000001,0.5172,0.5189,0.6287,0.6026
2025-11-27,Iwik,Sen2Cor,S2B_MSIL2A_20251127T113319_N0511_R080_T28QCG_20251127T134745.SAFE,C:\Users\Simon\Nextcloud\Project\Mauritania\Science\Arguin - FieldWork Data Processing\Data\S2\Sen2Cor\S2B_MSIL2A_20251127T113319_N0511_R080_T28QCG_20251127T134745.zip,163,31,6350,363505.0,2199705.0,0.2016,0.24180000000000001,0.3264,0.4408,0.4922,0.49570000000000003,0.5121,0.5116,0.5151,0.5189,0.6273000000000001,0.5979
2025-11-27,Iwik,Sen2Cor,S2B_MSIL2A_20251127T113319_N0511_R080_T28QCG_20251127T134745.SAFE,C:\Users\Simon\Nextcloud\Project\Mauritania\Science\Arguin - FieldWork Data Processing\Data\S2\Sen2Cor\S2B_MSIL2A_20251127T113319_N0511_R080_T28QCG_20251127T134745.zip,164,31,6351,363515.0,2199705.0,0.2016,0.23820000000000002,0.3276,0.44160000000000005,0.4922,0.49570000000000003,0.5121,0.5152,0.5151,0.5189,0.6273000000000001,0.5979
2025-11-27,Iwik,Sen2Cor,S2B_MSIL2A_20251127T113319_N0511_R080_T28QCG_20251127T134745.SAFE,C:\Users\Simon\Nextcloud\Project\Mauritania\Science\Arguin - FieldWork Data Processing\Data\S2\Sen2Cor\S2B_MSIL2A_20251127T113319_N0511_R080_T28QCG_20251127T134745.zip,165,31,6352,363525.0,2199705.0,0.20040000000000002,0.2346,0.3264,0.4424,0.4948,0.49300000000000005,0.5125000000000001,0.514,0.5191,0.5189,0.6281,0.596
2025-11-27,Iwik,Sen2Cor,S2B_MSIL2A_20251127T113319_N0511_R080_T28QCG_20251127T134745.SAFE,C:\Users\Simon\Nextcloud\Project\Mauritania\Science\Arguin - FieldWork Data Processing\Data\S2\Sen2Cor\S2B_MSIL2A_20251127T113319_N0511_R080_T28QCG_20251127T134745.zip,166,31,6353,363535.0,2199705.0,0.20040000000000002,0.2442,0.3292,0.4464,0.4948,0.49300000000000005,0.5125000000000001,0.5168,0.5191,0.5189,0.6281,0.596
2025-11-27,Iwik,Sen2Cor,S2B_MSIL2A_20251127T113319_N0511_R080_T28QCG_20251127T134745.SAFE,C:\Users\Simon\Nextcloud\Project\Mauritania\Science\Arguin - FieldWork Data Processing\Data\S2\Sen2Cor\S2B_MSIL2A_20251127T113319_N0511_R080_T28QCG_20251127T134745.zip,167,31,6354,363545.0,2199705.0,0.1986,0.24280000000000002,0.3296,0.444,0.4858,0.4874,0.5087,0.518,0.5141,0.5109,0.6258,0.5946
2025-11-27,Iwik,Sen2Cor,S2B_MSIL2A_20251127T113319_N0511_R080_T28QCG_20251127T134745.SAFE,C:\Users\Simon\Nextcloud\Project\Mauritania\Science\Arguin - FieldWork Data Processing\Data\S2\Sen2Cor\S2B_MSIL2A_20251127T113319_N0511_R080_T28QCG_20251127T134745.zip,168,31,6355,363555.0,2199705.0,0.1986,0.2358,0.32320000000000004,0.43320000000000003,0.4858,0.4874,0.5087,0.5104000000000001,0.5141,0.5109,0.6258,0.5946
2025-11-27,Iwik,Sen2Cor,S2B_MSIL2A_20251127T113319_N0511_R080_T28QCG_20251127T134745.SAFE,C:\Users\Simon\Nextcloud\Project\Mauritania\Science\Arguin - FieldWork Data Processing\Data\S2\Sen2Cor\S2B_MSIL2A_20251127T113319_N0511_R080_T28QCG_20251127T134745.zip,169,31,6356,363565.0,2199705.0,0.1976,0.23820000000000002,0.32280000000000003,0.4328,0.48650000000000004,0.48900000000000005,0.5046,0.5068,0.5141,0.5109,0.6221,0.5918
2025-11-27,Iwik,Sen2Cor,S2B_MSIL2A_20251127T113319_N0511_R080_T28QCG_20251127T134745.SAFE,C:\Users\Simon\Nextcloud\Project\Mauritania\Science\Arguin - FieldWork Data Processing\Data\S2\Sen2Cor\S2B_MSIL2A_20251127T113319_N0511_R080_T28QCG_20251127T134745.zip,170,31,6357,363575.0,2199705.0,0.1976,0.23920000000000002,0.322,0.4388,0.48650000000000004,0.48900000000000005,0.5046,0.506,0.5141,0.5109,0.6221,0.5918
2025-11-27,Iwik,Sen2Cor,S2B_MSIL2A_20251127T113319_N0511_R080_T28QCG_20251127T134745.SAFE,C:\Users\Simon\Nextcloud\Project\Mauritania\Science\Arguin - FieldWork Data Processing\Data\S2\Sen2Cor\S2B_MSIL2A_20251127T113319_N0511_R080_T28QCG_20251127T134745.zip,171,32,6341,363415.0,2199695.0,0.2156,0.2508,0.338,0.4544,0.5023,0.507,0.5247,0.5272,0.5294,0.5432,0.6353,0.6067
2025-11-27,Iwik,Sen2Cor,S2B_MSIL2A_20251127T113319_N0511_R080_T28QCG_20251127T134745.SAFE,C:\Users\Simon\Nextcloud\Project\Mauritania\Science\Arguin - FieldWork Data Processing\Data\S2\Sen2Cor\S2B_MSIL2A_20251127T113319_N0511_R080_T28QCG_20251127T134745.zip,172,32,6342,363425.0,2199695.0,0.21200000000000002,0.24980000000000002,0.336,0.45480000000000004,0.5025000000000001,0.5025000000000001,0.519,0.5284,0.5287000000000001,0.5289,0.6303000000000001,0.6017
2025-11-27,Iwik,Sen2Cor,S2B_MSIL2A_20251127T113319_N0511_R080_T28QCG_20251127T134745.SAFE,C:\Users\Simon\Nextcloud\Project\Mauritania\Science\Arguin - FieldWork Data Processing\Data\S2\Sen2Cor\S2B_MSIL2A_20251127T113319_N0511_R080_T28QCG_20251127T134745.zip,173,32,6343,363435.0,2199695.0,0.21200000000000002,0.2454,0.33680000000000004,0.452,0.5025000000000001,0.5025000000000001,0.519,0.52,0.5287000000000001,0.5289,0.6303000000000001,0.6017
2025-11-27,Iwik,Sen2Cor,S2B_MSIL2A_20251127T113319_N0511_R080_T28QCG_20251127T134745.SAFE,C:\Users\Simon\Nextcloud\Project\Mauritania\Science\Arguin - FieldWork Data Processing\Data\S2\Sen2Cor\S2B_MSIL2A_20251127T113319_N0511_R080_T28QCG_20251127T134745.zip,174,32,6344,363445.0,2199695.0,0.2088,0.2534,0.338,0.4504,0.49520000000000003,0.498,0.5139,0.5224,0.5212,0.5289,0.6283000000000001,0.5983
2025-11-27,Iwik,Sen2Cor,S2B_MSIL2A_20251127T113319_N0511_R080_T28QCG_20251127T134745.SAFE,C:\Users\Simon\Nextcloud\Project\Mauritania\Science\Arguin - FieldWork Data Processing\Data\S2\Sen2Cor\S2B_MSIL2A_20251127T113319_N0511_R080_T28QCG_20251127T134745.zip,175,32,6345,363455.0,2199695.0,0.2088,0.25120000000000003,0.3376,0.44920000000000004,0.49520000000000003,0.498,0.5139,0.5176000000000001,0.5212,0.5289,0.6283000000000001,0.5983
2025-11-27,Iwik,Sen2Cor,S2B_MSIL2A_20251127T113319_N0511_R080_T28QCG_20251127T134745.SAFE,C:\Users\Simon\Nextcloud\Project\Mauritania\Science\Arguin - FieldWork Data Processing\Data\S2\Sen2Cor\S2B_MSIL2A_20251127T113319_N0511_R080_T28QCG_20251127T134745.zip,176,32,6346,363465.0,2199695.0,0.2049,0.24100000000000002,0.3272,0.44120000000000004,0.4892,0.4914,0.5125000000000001,0.5132,0.5154,0.5289,0.6235,0.5918
2025-11-27,Iwik,Sen2Cor,S2B_MSIL2A_20251127T113319_N0511_R080_T28QCG_20251127T134745.SAFE,C:\Users\Simon\Nextcloud\Project\Mauritania\Science\Arguin - FieldWork Data Processing\Data\S2\Sen2Cor\S2B_MSIL2A_20251127T113319_N0511_R080_T28QCG_20251127T134745.zip,177,32,6347,363475.0,2199695.0,0.2049,0.2432,0.32880000000000004,0.44320000000000004,0.4892,0.4914,0.5125000000000001,0.5148,0.5154,0.5289,0.6235,0.5918
2025-11-27,Iwik,Sen2Cor,S2B_MSIL2A_20251127T113319_N0511_R080_T28QCG_20251127T134745.SAFE,C:\Users\Simon\Nextcloud\Project\Mauritania\Science\Arguin - FieldWork Data Processing\Data\S2\Sen2Cor\S2B_MSIL2A_20251127T113319_N0511_R080_T28QCG_20251127T134745.zip,178,32,6348,363485.0,2199695.0,0.2024,0.24100000000000002,0.3284,0.44160000000000005,0.4877,0.48850000000000005,0.507,0.5148,0.5136000000000001,0.5189,0.6231,0.5946
2025-11-27,Iwik,Sen2Cor,S2B_MSIL2A_20251127T113319_N0511_R080_T28QCG_20251127T134745.SAFE,C:\Users\Simon\Nextcloud\Project\Mauritania\Science\Arguin - FieldWork Data Processing\Data\S2\Sen2Cor\S2B_MSIL2A_20251127T113319_N0511_R080_T28QCG_20251127T134745.zip,179,32,6349,363495.0,2199695.0,0.2024,0.2404,0.322,0.44160000000000005,0.4877,0.48850000000000005,0.507,0.5152,0.5136000000000001,0.5189,0.6231,0.5946
2025-11-27,Iwik,Sen2Cor,S2B_MSIL2A_20251127T113319_N0511_R080_T28QCG_20251127T134745.SAFE,C:\Users\Simon\Nextcloud\Project\Mauritania\Science\Arguin - FieldWork Data Processing\Data\S2\Sen2Cor\S2B_MSIL2A_20251127T113319_N0511_R080_T28QCG_20251127T134745.zip,180,32,6350,363505.0,2199695.0,0.1993,0.23900000000000002,0.32120000000000004,0.436,0.4852,0.48650000000000004,0.5012,0.5096,0.511,0.5189,0.6205,0.5901000000000001
2025-11-27,Iwik,Sen2Cor,S2B_MSIL2A_20251127T113319_N0511_R080_T28QCG_20251127T134745.SAFE,C:\Users\Simon\Nextcloud\Project\Mauritania\Science\Arguin - FieldWork Data Processing\Data\S2\Sen2Cor\S2B_MSIL2A_20251127T113319_N0511_R080_T28QCG_20251127T134745.zip,181,32,6351,363515.0,2199695.0,0.1993,0.2374,0.3236,0.43760000000000004,0.4852,0.48650000000000004,0.5012,0.5096,0.511,0.5189,0.6205,0.5901000000000001
2025-11-27,Iwik,Sen2Cor,S2B_MSIL2A_20251127T113319_N0511_R080_T28QCG_20251127T134745.SAFE,C:\Users\Simon\Nextcloud\Project\Mauritania\Science\Arguin - FieldWork Data Processing\Data\S2\Sen2Cor\S2B_MSIL2A_20251127T113319_N0511_R080_T28QCG_20251127T134745.zip,182,32,6352,363525.0,2199695.0,0.1978,0.23600000000000002,0.3244,0.43760000000000004,0.4852,0.48410000000000003,0.5031,0.5104000000000001,0.514,0.5189,0.6229,0.5897
2025-11-27,Iwik,Sen2Cor,S2B_MSIL2A_20251127T113319_N0511_R080_T28QCG_20251127T134745.SAFE,C:\Users\Simon\Nextcloud\Project\Mauritania\Science\Arguin - FieldWork Data Processing\Data\S2\Sen2Cor\S2B_MSIL2A_20251127T113319_N0511_R080_T28QCG_20251127T134745.zip,183,32,6353,363535.0,2199695.0,0.1978,0.2356,0.3252,0.44,0.4852,0.48410000000000003,0.5031,0.5088,0.514,0.5189,0.6229,0.5897
2025-11-27,Iwik,Sen2Cor,S2B_MSIL2A_20251127T113319_N0511_R080_T28QCG_20251127T134745.SAFE,C:\Users\Simon\Nextcloud\Project\Mauritania\Science\Arguin - FieldWork Data Processing\Data\S2\Sen2Cor\S2B_MSIL2A_20251127T113319_N0511_R080_T28QCG_20251127T134745.zip,184,32,6354,363545.0,2199695.0,0.19590000000000002,0.23600000000000002,0.322,0.44160000000000005,0.48190000000000005,0.4822,0.5014000000000001,0.5064000000000001,0.508,0.5109,0.6194000000000001,0.5837
2025-11-27,Iwik,Sen2Cor,S2B_MSIL2A_20251127T113319_N0511_R080_T28QCG_20251127T134745.SAFE,C:\Users\Simon\Nextcloud\Project\Mauritania\Science\Arguin - FieldWork Data Processing\Data\S2\Sen2Cor\S2B_MSIL2A_20251127T113319_N0511_R080_T28QCG_20251127T134745.zip,185,32,6355,363555.0,2199695.0,0.19590000000000002,0.2368,0.3196,0.42760000000000004,0.48190000000000005,0.4822,0.5014000000000001,0.5016,0.508,0.5109,0.6194000000000001,0.5837
2025-11-27,Iwik,Sen2Cor,S2B_MSIL2A_20251127T113319_N0511_R080_T28QCG_20251127T134745.SAFE,C:\Users\Simon\Nextcloud\Project\Mauritania\Science\Arguin - FieldWork Data Processing\Data\S2\Sen2Cor\S2B_MSIL2A_20251127T113319_N0511_R080_T28QCG_20251127T134745.zip,186,32,6356,363565.0,2199695.0,0.1956,0.2338,0.32120000000000004,0.434,0.48150000000000004,0.4801,0.4993,0.502,0.5054000000000001,0.5109,0.6197,0.5871000000000001
2025-11-27,Iwik,Sen2Cor,S2B_MSIL2A_20251127T113319_N0511_R080_T28QCG_20251127T134745.SAFE,C:\Users\Simon\Nextcloud\Project\Mauritania\Science\Arguin - FieldWork Data Processing\Data\S2\Sen2Cor\S2B_MSIL2A_20251127T113319_N0511_R080_T28QCG_20251127T134745.zip,187,32,6357,363575.0,2199695.0,0.1956,0.2328,0.32080000000000003,0.43720000000000003,0.48150000000000004,0.4801,0.4993,0.502,0.5054000000000001,0.5109,0.6197,0.5871000000000001
2025-11-27,Iwik,Sen2Cor,S2B_MSIL2A_20251127T113319_N0511_R080_T28QCG_20251127T134745.SAFE,C:\Users\Simon\Nextcloud\Project\Mauritania\Science\Arguin - FieldWork Data Processing\Data\S2\Sen2Cor\S2B_MSIL2A_20251127T113319_N0511_R080_T28QCG_20251127T134745.zip,188,33,6341,363415.0,2199685.0,0.2156,0.253,0.3388,0.4556,0.5023,0.507,0.5247,0.5288,0.5294,0.5432,0.6353,0.6067
2025-11-27,Iwik,Sen2Cor,S2B_MSIL2A_20251127T113319_N0511_R080_T28QCG_20251127T134745.SAFE,C:\Users\Simon\Nextcloud\Project\Mauritania\Science\Arguin - FieldWork Data Processing\Data\S2\Sen2Cor\S2B_MSIL2A_20251127T113319_N0511_R080_T28QCG_20251127T134745.zip,189,33,6342,363425.0,2199685.0,0.21200000000000002,0.25220000000000004,0.3388,0.456,0.5025000000000001,0.5025000000000001,0.519,0.5288,0.5287000000000001,0.5289,0.6303000000000001,0.6017
2025-11-27,Iwik,Sen2Cor,S2B_MSIL2A_20251127T113319_N0511_R080_T28QCG_20251127T134745.SAFE,C:\Users\Simon\Nextcloud\Project\Mauritania\Science\Arguin - FieldWork Data Processing\Data\S2\Sen2Cor\S2B_MSIL2A_20251127T113319_N0511_R080_T28QCG_20251127T134745.zip,190,33,6343,363435.0,2199685.0,0.21200000000000002,0.25320000000000004,0.3392,0.45120000000000005,0.5025000000000001,0.5025000000000001,0.519,0.5268,0.5287000000000001,0.5289,0.6303000000000001,0.6017
2025-11-27,Iwik,Sen2Cor,S2B_MSIL2A_20251127T113319_N0511_R080_T28QCG_20251127T134745.SAFE,C:\Users\Simon\Nextcloud\Project\Mauritania\Science\Arguin - FieldWork Data Processing\Data\S2\Sen2Cor\S2B_MSIL2A_20251127T113319_N0511_R080_T28QCG_20251127T134745.zip,191,33,6344,363445.0,2199685.0,0.2088,0.2544,0.3372,0.4496,0.49520000000000003,0.498,0.5139,0.5176000000000001,0.5212,0.5289,0.6283000000000001,0.5983
2025-11-27,Iwik,Sen2Cor,S2B_MSIL2A_20251127T113319_N0511_R080_T28QCG_20251127T134745.SAFE,C:\Users\Simon\Nextcloud\Project\Mauritania\Science\Arguin - FieldWork Data Processing\Data\S2\Sen2Cor\S2B_MSIL2A_20251127T113319_N0511_R080_T28QCG_20251127T134745.zip,192,33,6345,363455.0,2199685.0,0.2088,0.24960000000000002,0.33680000000000004,0.44920000000000004,0.49520000000000003,0.498,0.5139,0.5128,0.5212,0.5289,0.6283000000000001,0.5983
2025-11-27,Iwik,Sen2Cor,S2B_MSIL2A_20251127T113319_N0511_R080_T28QCG_20251127T134745.SAFE,C:\Users\Simon\Nextcloud\Project\Mauritania\Science\Arguin - FieldWork Data Processing\Data\S2\Sen2Cor\S2B_MSIL2A_20251127T113319_N0511_R080_T28QCG_20251127T134745.zip,193,33,6346,363465.0,2199685.0,0.2049,0.24700000000000003,0.3284,0.4464,0.4892,0.4914,0.5125000000000001,0.5136000000000001,0.5154,0.5289,0.6235,0.5918
2025-11-27,Iwik,Sen2Cor,S2B_MSIL2A_20251127T113319_N0511_R080_T28QCG_20251127T134745.SAFE,C:\Users\Simon\Nextcloud\Project\Mauritania\Science\Arguin - FieldWork Data Processing\Data\S2\Sen2Cor\S2B_MSIL2A_20251127T113319_N0511_R080_T28QCG_20251127T134745.zip,194,33,6347,363475.0,2199685.0,0.2049,0.24760000000000001,0.3304,0.44880000000000003,0.4892,0.4914,0.5125000000000001,0.5152,0.5154,0.5289,0.6235,0.5918
2025-11-27,Iwik,Sen2Cor,S2B_MSIL2A_20251127T113319_N0511_R080_T28QCG_20251127T134745.SAFE,C:\Users\Simon\Nextcloud\Project\Mauritania\Science\Arguin - FieldWork Data Processing\Data\S2\Sen2Cor\S2B_MSIL2A_20251127T113319_N0511_R080_T28QCG_20251127T134745.zip,195,33,6348,363485.0,2199685.0,0.2024,0.2406,0.3256,0.44160000000000005,0.4877,0.48850000000000005,0.507,0.5104000000000001,0.5136000000000001,0.5189,0.6231,0.5946
2025-11-27,Iwik,Sen2Cor,S2B_MSIL2A_20251127T113319_N0511_R080_T28QCG_20251127T134745.SAFE,C:\Users\Simon\Nextcloud\Project\Mauritania\Science\Arguin - FieldWork Data Processing\Data\S2\Sen2Cor\S2B_MSIL2A_20251127T113319_N0511_R080_T28QCG_20251127T134745.zip,196,33,6349,363495.0,2199685.0,0.2024,0.23920000000000002,0.3244,0.4388,0.4877,0.48850000000000005,0.507,0.5068,0.5136000000000001,0.5189,0.6231,0.5946
2025-11-27,Iwik,Sen2Cor,S2B_MSIL2A_20251127T113319_N0511_R080_T28QCG_20251127T134745.SAFE,C:\Users\Simon\Nextcloud\Project\Mauritania\Science\Arguin - FieldWork Data Processing\Data\S2\Sen2Cor\S2B_MSIL2A_20251127T113319_N0511_R080_T28QCG_20251127T134745.zip,197,33,6350,363505.0,2199685.0,0.1993,0.23920000000000002,0.3256,0.4408,0.4852,0.48650000000000004,0.5012,0.5112,0.511,0.5189,0.6205,0.5901000000000001
2025-11-27,Iwik,Sen2Cor,S2B_MSIL2A_20251127T113319_N0511_R080_T28QCG_20251127T134745.SAFE,C:\Users\Simon\Nextcloud\Project\Mauritania\Science\Arguin - FieldWork Data Processing\Data\S2\Sen2Cor\S2B_MSIL2A_20251127T113319_N0511_R080_T28QCG_20251127T134745.zip,198,33,6351,363515.0,2199685.0,0.1993,0.2396,0.3252,0.43520000000000003,0.4852,0.48650000000000004,0.5012,0.5092,0.511,0.5189,0.6205,0.5901000000000001
2025-11-27,Iwik,Sen2Cor,S2B_MSIL2A_20251127T113319_N0511_R080_T28QCG_20251127T134745.SAFE,C:\Users\Simon\Nextcloud\Project\Mauritania\Science\Arguin - FieldWork Data Processing\Data\S2\Sen2Cor\S2B_MSIL2A_20251127T113319_N0511_R080_T28QCG_20251127T134745.zip,199,33,6352,363525.0,2199685.0,0.1978,0.2398,0.3224,0.434,0.4852,0.48410000000000003,0.5031,0.5072,0.514,0.5189,0.6229,0.5897
2025-11-27,Iwik,Sen2Cor,S2B_MSIL2A_20251127T113319_N0511_R080_T28QCG_20251127T134745.SAFE,C:\Users\Simon\Nextcloud\Project\Mauritania\Science\Arguin - FieldWork Data Processing\Data\S2\Sen2Cor\S2B_MSIL2A_20251127T113319_N0511_R080_T28QCG_20251127T134745.zip,200,33,6353,363535.0,2199685.0,0.1978,0.2326,0.3204,0.4368,0.4852,0.48410000000000003,0.5031,0.5028,0.514,0.5189,0.6229,0.5897
2025-11-27,Iwik,Sen2Cor,S2B_MSIL2A_20251127T113319_N0511_R080_T28QCG_20251127T134745.SAFE,C:\Users\Simon\Nextcloud\Project\Mauritania\Science\Arguin - FieldWork Data Processing\Data\S2\Sen2Cor\S2B_MSIL2A_20251127T113319_N0511_R080_T28QCG_20251127T134745.zip,201,33,6354,363545.0,2199685.0,0.19590000000000002,0.22920000000000001,0.3156,0.4324,0.48190000000000005,0.4822,0.5014000000000001,0.5008,0.508,0.5109,0.6194000000000001,0.5837
2025-11-27,Iwik,Sen2Cor,S2B_MSIL2A_20251127T113319_N0511_R080_T28QCG_20251127T134745.SAFE,C:\Users\Simon\Nextcloud\Project\Mauritania\Science\Arguin - FieldWork Data Processing\Data\S2\Sen2Cor\S2B_MSIL2A_20251127T113319_N0511_R080_T28QCG_20251127T134745.zip,202,33,6355,363555.0,2199685.0,0.19590000000000002,0.23220000000000002,0.3236,0.432,0.48190000000000005,0.4822,0.5014000000000001,0.504,0.508,0.5109,0.6194000000000001,0.5837
2025-11-27,Iwik,Sen2Cor,S2B_MSIL2A_20251127T113319_N0511_R080_T28QCG_20251127T134745.SAFE,C:\Users\Simon\Nextcloud\Project\Mauritania\Science\Arguin - FieldWork Data Processing\Data\S2\Sen2Cor\S2B_MSIL2A_20251127T113319_N0511_R080_T28QCG_20251127T134745.zip,203,33,6356,363565.0,2199685.0,0.1956,0.232,0.31720000000000004,0.43160000000000004,0.48150000000000004,0.4801,0.4993,0.5004000000000001,0.5054000000000001,0.5109,0.6197,0.5871000000000001
2025-11-27,Iwik,Sen2Cor,S2B_MSIL2A_20251127T113319_N0511_R080_T28QCG_20251127T134745.SAFE,C:\Users\Simon\Nextcloud\Project\Mauritania\Science\Arguin - FieldWork Data Processing\Data\S2\Sen2Cor\S2B_MSIL2A_20251127T113319_N0511_R080_T28QCG_20251127T134745.zip,204,33,6357,363575.0,2199685.0,0.1956,0.2268,0.31880000000000003,0.4308,0.48150000000000004,0.4801,0.4993,0.5008,0.5054000000000001,0.5109,0.6197,0.5871000000000001
2025-11-27,Iwik,Sen2Cor,S2B_MSIL2A_20251127T113319_N0511_R080_T28QCG_20251127T134745.SAFE,C:\Users\Simon\Nextcloud\Project\Mauritania\Science\Arguin - FieldWork Data Processing\Data\S2\Sen2Cor\S2B_MSIL2A_20251127T113319_N0511_R080_T28QCG_20251127T134745.zip,205,33,6358,363585.0,2199685.0,0.1948,0.225,0.3116,0.4244,0.47090000000000004,0.4761,0.4909,0.4968,0.4989,0.5109,0.6169,0.5790000000000001
2025-11-27,Iwik,Sen2Cor,S2B_MSIL2A_20251127T113319_N0511_R080_T28QCG_20251127T134745.SAFE,C:\Users\Simon\Nextcloud\Project\Mauritania\Science\Arguin - FieldWork Data Processing\Data\S2\Sen2Cor\S2B_MSIL2A_20251127T113319_N0511_R080_T28QCG_20251127T134745.zip,206,34,6340,363405.0,2199675.0,0.2139,0.257,0.34440000000000004,0.4632,0.5019,0.5039,0.5222,0.5332,0.5311,0.5432,0.6327,0.6034
2025-11-27,Iwik,Sen2Cor,S2B_MSIL2A_20251127T113319_N0511_R080_T28QCG_20251127T134745.SAFE,C:\Users\Simon\Nextcloud\Project\Mauritania\Science\Arguin - FieldWork Data Processing\Data\S2\Sen2Cor\S2B_MSIL2A_20251127T113319_N0511_R080_T28QCG_20251127T134745.zip,207,34,6341,363415.0,2199675.0,0.2139,0.2504,0.33840000000000003,0.45520000000000005,0.5019,0.5039,0.5222,0.526,0.5311,0.5432,0.6327,0.6034
2025-11-27,Iwik,Sen2Cor,S2B_MSIL2A_20251127T113319_N0511_R080_T28QCG_20251127T134745.SAFE,C:\Users\Simon\Nextcloud\Project\Mauritania\Science\Arguin - FieldWork Data Processing\Data\S2\Sen2Cor\S2B_MSIL2A_20251127T113319_N0511_R080_T28QCG_20251127T134745.zip,208,34,6342,363425.0,2199675.0,0.2101,0.254,0.3376,0.4516,0.4979,0.5033,0.517,0.5236000000000001,0.5238,0.5289,0.6254000000000001,0.5966
2025-11-27,Iwik,Sen2Cor,S2B_MSIL2A_20251127T113319_N0511_R080_T28QCG_20251127T134745.SAFE,C:\Users\Simon\Nextcloud\Project\Mauritania\Science\Arguin - FieldWork Data Processing\Data\S2\Sen2Cor\S2B_MSIL2A_20251127T113319_N0511_R080_T28QCG_20251127T134745.zip,209,34,6343,363435.0,2199675.0,0.2101,0.259,0.34400000000000003,0.45320000000000005,0.4979,0.5033,0.517,0.5228,0.5238,0.5289,0.6254000000000001,0.5966
2025-11-27,Iwik,Sen2Cor,S2B_MSIL2A_20251127T113319_N0511_R080_T28QCG_20251127T134745.SAFE,C:\Users\Simon\Nextcloud\Project\Mauritania\Science\Arguin - FieldWork Data Processing\Data\S2\Sen2Cor\S2B_MSIL2A_20251127T113319_N0511_R080_T28QCG_20251127T134745.zip,210,34,6344,363445.0,2199675.0,0.2064,0.2494,0.33840000000000003,0.4484,0.4903,0.49610000000000004,0.508,0.5172,0.518,0.5289,0.6231,0.5914
2025-11-27,Iwik,Sen2Cor,S2B_MSIL2A_20251127T113319_N0511_R080_T28QCG_20251127T134745.SAFE,C:\Users\Simon\Nextcloud\Project\Mauritania\Science\Arguin - FieldWork Data Processing\Data\S2\Sen2Cor\S2B_MSIL2A_20251127T113319_N0511_R080_T28QCG_20251127T134745.zip,211,34,6345,363455.0,2199675.0,0.2064,0.2462,0.3352,0.446,0.4903,0.49610000000000004,0.508,0.5112,0.518,0.5289,0.6231,0.5914
2025-11-27,Iwik,Sen2Cor,S2B_MSIL2A_20251127T113319_N0511_R080_T28QCG_20251127T134745.SAFE,C:\Users\Simon\Nextcloud\Project\Mauritania\Science\Arguin - FieldWork Data Processing\Data\S2\Sen2Cor\S2B_MSIL2A_20251127T113319_N0511_R080_T28QCG_20251127T134745.zip,212,34,6346,363465.0,2199675.0,0.20350000000000001,0.2454,0.33640000000000003,0.44520000000000004,0.4853,0.4879,0.5101,0.5148,0.516,0.5289,0.6235,0.5891000000000001
2025-11-27,Iwik,Sen2Cor,S2B_MSIL2A_20251127T113319_N0511_R080_T28QCG_20251127T134745.SAFE,C:\Users\Simon\Nextcloud\Project\Mauritania\Science\Arguin - FieldWork Data Processing\Data\S2\Sen2Cor\S2B_MSIL2A_20251127T113319_N0511_R080_T28QCG_20251127T134745.zip,213,34,6347,363475.0,2199675.0,0.20350000000000001,0.23720000000000002,0.32280000000000003,0.44,0.4853,0.4879,0.5101,0.506,0.516,0.5289,0.6235,0.5891000000000001
2025-11-27,Iwik,Sen2Cor,S2B_MSIL2A_20251127T113319_N0511_R080_T28QCG_20251127T134745.SAFE,C:\Users\Simon\Nextcloud\Project\Mauritania\Science\Arguin - FieldWork Data Processing\Data\S2\Sen2Cor\S2B_MSIL2A_20251127T113319_N0511_R080_T28QCG_20251127T134745.zip,214,34,6348,363485.0,2199675.0,0.1998,0.2354,0.31920000000000004,0.434,0.4853,0.4863,0.5052,0.5064000000000001,0.509,0.5189,0.6208,0.5896
2025-11-27,Iwik,Sen2Cor,S2B_MSIL2A_20251127T113319_N0511_R080_T28QCG_20251127T134745.SAFE,C:\Users\Simon\Nextcloud\Project\Mauritania\Science\Arguin - FieldWork Data Processing\Data\S2\Sen2Cor\S2B_MSIL2A_20251127T113319_N0511_R080_T28QCG_20251127T134745.zip,215,34,6349,363495.0,2199675.0,0.1998,0.23820000000000002,0.32120000000000004,0.4364,0.4853,0.4863,0.5052,0.5072,0.509,0.5189,0.6208,0.5896
2025-11-27,Iwik,Sen2Cor,S2B_MSIL2A_20251127T113319_N0511_R080_T28QCG_20251127T134745.SAFE,C:\Users\Simon\Nextcloud\Project\Mauritania\Science\Arguin - FieldWork Data Processing\Data\S2\Sen2Cor\S2B_MSIL2A_20251127T113319_N0511_R080_T28QCG_20251127T134745.zip,216,34,6350,363505.0,2199675.0,0.1978,0.23600000000000002,0.32680000000000003,0.4388,0.48190000000000005,0.48300000000000004,0.499,0.5072,0.5086,0.5189,0.6212,0.5910000000000001
2025-11-27,Iwik,Sen2Cor,S2B_MSIL2A_20251127T113319_N0511_R080_T28QCG_20251127T134745.SAFE,C:\Users\Simon\Nextcloud\Project\Mauritania\Science\Arguin - FieldWork Data Processing\Data\S2\Sen2Cor\S2B_MSIL2A_20251127T113319_N0511_R080_T28QCG_20251127T134745.zip,217,34,6351,363515.0,2199675.0,0.1978,0.2318,0.32080000000000003,0.43320000000000003,0.48190000000000005,0.48300000000000004,0.499,0.5024000000000001,0.5086,0.5189,0.6212,0.5910000000000001
2025-11-27,Iwik,Sen2Cor,S2B_MSIL2A_20251127T113319_N0511_R080_T28QCG_20251127T134745.SAFE,C:\Users\Simon\Nextcloud\Project\Mauritania\Science\Arguin - FieldWork Data Processing\Data\S2\Sen2Cor\S2B_MSIL2A_20251127T113319_N0511_R080_T28QCG_20251127T134745.zip,218,34,6352,363525.0,2199675.0,0.1953,0.2336,0.3176,0.4324,0.47440000000000004,0.4772,0.49500000000000005,0.5004000000000001,0.5048,0.5189,0.6177,0.5831000000000001
2025-11-27,Iwik,Sen2Cor,S2B_MSIL2A_20251127T113319_N0511_R080_T28QCG_20251127T134745.SAFE,C:\Users\Simon\Nextcloud\Project\Mauritania\Science\Arguin - FieldWork Data Processing\Data\S2\Sen2Cor\S2B_MSIL2A_20251127T113319_N0511_R080_T28QCG_20251127T134745.zip,219,34,6353,363535.0,2199675.0,0.1953,0.22940000000000002,0.3148,0.4284,0.47440000000000004,0.4772,0.49500000000000005,0.49960000000000004,0.5048,0.5189,0.6177,0.5831000000000001
2025-11-27,Iwik,Sen2Cor,S2B_MSIL2A_20251127T113319_N0511_R080_T28QCG_20251127T134745.SAFE,C:\Users\Simon\Nextcloud\Project\Mauritania\Science\Arguin - FieldWork Data Processing\Data\S2\Sen2Cor\S2B_MSIL2A_20251127T113319_N0511_R080_T28QCG_20251127T134745.zip,220,34,6354,363545.0,2199675.0,0.19440000000000002,0.2262,0.3156,0.42960000000000004,0.47900000000000004,0.47850000000000004,0.4979,0.5008,0.5015000000000001,0.5109,0.6185,0.5828
2025-11-27,Iwik,Sen2Cor,S2B_MSIL2A_20251127T113319_N0511_R080_T28QCG_20251127T134745.SAFE,C:\Users\Simon\Nextcloud\Project\Mauritania\Science\Arguin - FieldWork Data Processing\Data\S2\Sen2Cor\S2B_MSIL2A_20251127T113319_N0511_R080_T28QCG_20251127T134745.zip,221,34,6355,363555.0,2199675.0,0.19440000000000002,0.231,0.3196,0.4308,0.47900000000000004,0.47850000000000004,0.4979,0.5024000000000001,0.5015000000000001,0.5109,0.6185,0.5828
2025-11-27,Iwik,Sen2Cor,S2B_MSIL2A_20251127T113319_N0511_R080_T28QCG_20251127T134745.SAFE,C:\Users\Simon\Nextcloud\Project\Mauritania\Science\Arguin - FieldWork Data Processing\Data\S2\Sen2Cor\S2B_MSIL2A_20251127T113319_N0511_R080_T28QCG_20251127T134745.zip,222,34,6356,363565.0,2199675.0,0.1932,0.231,0.3168,0.42960000000000004,0.4698,0.4773,0.4933,0.5036,0.4998,0.5109,0.6155,0.5798
2025-11-27,Iwik,Sen2Cor,S2B_MSIL2A_20251127T113319_N0511_R080_T28QCG_20251127T134745.SAFE,C:\Users\Simon\Nextcloud\Project\Mauritania\Science\Arguin - FieldWork Data Processing\Data\S2\Sen2Cor\S2B_MSIL2A_20251127T113319_N0511_R080_T28QCG_20251127T134745.zip,223,34,6357,363575.0,2199675.0,0.1932,0.22640000000000002,0.3156,0.42560000000000003,0.4698,0.4773,0.4933,0.49920000000000003,0.4998,0.5109,0.6155,0.5798
2025-11-27,Iwik,Sen2Cor,S2B_MSIL2A_20251127T113319_N0511_R080_T28QCG_20251127T134745.SAFE,C:\Users\Simon\Nextcloud\Project\Mauritania\Science\Arguin - FieldWork Data Processing\Data\S2\Sen2Cor\S2B_MSIL2A_20251127T113319_N0511_R080_T28QCG_20251127T134745.zip,224,34,6358,363585.0,2199675.0,0.19240000000000002,0.2272,0.31,0.4264,0.4733,0.4751,0.4919,0.4908,0.49660000000000004,0.5109,0.6139,0.5756
2025-11-27,Iwik,Sen2Cor,S2B_MSIL2A_20251127T113319_N0511_R080_T28QCG_20251127T134745.SAFE,C:\Users\Simon\Nextcloud\Project\Mauritania\Science\Arguin - FieldWork Data Processing\Data\S2\Sen2Cor\S2B_MSIL2A_20251127T113319_N0511_R080_T28QCG_20251127T134745.zip,225,35,6340,363405.0,2199665.0,0.2139,0.25620000000000004,0.3448,0.462,0.5019,0.5039,0.5222,0.5304,0.5311,0.5432,0.6327,0.6034
2025-11-27,Iwik,Sen2Cor,S2B_MSIL2A_20251127T113319_N0511_R080_T28QCG_20251127T134745.SAFE,C:\Users\Simon\Nextcloud\Project\Mauritania\Science\Arguin - FieldWork Data Processing\Data\S2\Sen2Cor\S2B_MSIL2A_20251127T113319_N0511_R080_T28QCG_20251127T134745.zip,226,35,6341,363415.0,2199665.0,0.2139,0.2524,0.33840000000000003,0.4524,0.5019,0.5039,0.5222,0.522,0.5311,0.5432,0.6327,0.6034
2025-11-27,Iwik,Sen2Cor,S2B_MSIL2A_20251127T113319_N0511_R080_T28QCG_20251127T134745.SAFE,C:\Users\Simon\Nextcloud\Project\Mauritania\Science\Arguin - FieldWork Data Processing\Data\S2\Sen2Cor\S2B_MSIL2A_20251127T113319_N0511_R080_T28QCG_20251127T134745.zip,227,35,6342,363425.0,2199665.0,0.2101,0.258,0.3376,0.4544,0.4979,0.5033,0.517,0.52,0.5238,0.5289,0.6254000000000001,0.5966
2025-11-27,Iwik,Sen2Cor,S2B_MSIL2A_20251127T113319_N0511_R080_T28QCG_20251127T134745.SAFE,C:\Users\Simon\Nextcloud\Project\Mauritania\Science\Arguin - FieldWork Data Processing\Data\S2\Sen2Cor\S2B_MSIL2A_20251127T113319_N0511_R080_T28QCG_20251127T134745.zip,228,35,6343,363435.0,2199665.0,0.2101,0.2556,0.342,0.4576,0.4979,0.5033,0.517,0.526,0.5238,0.5289,0.6254000000000001,0.5966
2025-11-27,Iwik,Sen2Cor,S2B_MSIL2A_20251127T113319_N0511_R080_T28QCG_20251127T134745.SAFE,C:\Users\Simon\Nextcloud\Project\Mauritania\Science\Arguin - FieldWork Data Processing\Data\S2\Sen2Cor\S2B_MSIL2A_20251127T113319_N0511_R080_T28QCG_20251127T134745.zip,229,35,6344,363445.0,2199665.0,0.2064,0.2464,0.3352,0.442,0.4903,0.49610000000000004,0.508,0.514,0.518,0.5289,0.6231,0.5914
2025-11-27,Iwik,Sen2Cor,S2B_MSIL2A_20251127T113319_N0511_R080_T28QCG_20251127T134745.SAFE,C:\Users\Simon\Nextcloud\Project\Mauritania\Science\Arguin - FieldWork Data Processing\Data\S2\Sen2Cor\S2B_MSIL2A_20251127T113319_N0511_R080_T28QCG_20251127T134745.zip,230,35,6345,363455.0,2199665.0,0.2064,0.23700000000000002,0.328,0.4384,0.4903,0.49610000000000004,0.508,0.5084000000000001,0.518,0.5289,0.6231,0.5914
2025-11-27,Iwik,Sen2Cor,S2B_MSIL2A_20251127T113319_N0511_R080_T28QCG_20251127T134745.SAFE,C:\Users\Simon\Nextcloud\Project\Mauritania\Science\Arguin - FieldWork Data Processing\Data\S2\Sen2Cor\S2B_MSIL2A_20251127T113319_N0511_R080_T28QCG_20251127T134745.zip,231,35,6346,363465.0,2199665.0,0.20350000000000001,0.2388,0.3256,0.43960000000000005,0.4853,0.4879,0.5101,0.5172,0.516,0.5289,0.6235,0.5891000000000001
2025-11-27,Iwik,Sen2Cor,S2B_MSIL2A_20251127T113319_N0511_R080_T28QCG_20251127T134745.SAFE,C:\Users\Simon\Nextcloud\Project\Mauritania\Science\Arguin - FieldWork Data Processing\Data\S2\Sen2Cor\S2B_MSIL2A_20251127T113319_N0511_R080_T28QCG_20251127T134745.zip,232,35,6347,363475.0,2199665.0,0.20350000000000001,0.23520000000000002,0.3244,0.436,0.4853,0.4879,0.5101,0.5104000000000001,0.516,0.5289,0.6235,0.5891000000000001
2025-11-27,Iwik,Sen2Cor,S2B_MSIL2A_20251127T113319_N0511_R080_T28QCG_20251127T134745.SAFE,C:\Users\Simon\Nextcloud\Project\Mauritania\Science\Arguin - FieldWork Data Processing\Data\S2\Sen2Cor\S2B_MSIL2A_20251127T113319_N0511_R080_T28QCG_20251127T134745.zip,233,35,6348,363485.0,2199665.0,0.1998,0.23520000000000002,0.32,0.43720000000000003,0.4853,0.4863,0.5052,0.5068,0.509,0.5189,0.6208,0.5896
2025-11-27,Iwik,Sen2Cor,S2B_MSIL2A_20251127T113319_N0511_R080_T28QCG_20251127T134745.SAFE,C:\Users\Simon\Nextcloud\Project\Mauritania\Science\Arguin - FieldWork Data Processing\Data\S2\Sen2Cor\S2B_MSIL2A_20251127T113319_N0511_R080_T28QCG_20251127T134745.zip,234,35,6349,363495.0,2199665.0,0.1998,0.23320000000000002,0.3184,0.4348,0.4853,0.4863,0.5052,0.5068,0.509,0.5189,0.6208,0.5896
2025-11-27,Iwik,Sen2Cor,S2B_MSIL2A_20251127T113319_N0511_R080_T28QCG_20251127T134745.SAFE,C:\Users\Simon\Nextcloud\Project\Mauritania\Science\Arguin - FieldWork Data Processing\Data\S2\Sen2Cor\S2B_MSIL2A_20251127T113319_N0511_R080_T28QCG_20251127T134745.zip,235,35,6350,363505.0,2199665.0,0.1978,0.232,0.3196,0.43520000000000003,0.48190000000000005,0.48300000000000004,0.499,0.5088,0.5086,0.5189,0.6212,0.5910000000000001
2025-11-27,Iwik,Sen2Cor,S2B_MSIL2A_20251127T113319_N0511_R080_T28QCG_20251127T134745.SAFE,C:\Users\Simon\Nextcloud\Project\Mauritania\Science\Arguin - FieldWork Data Processing\Data\S2\Sen2Cor\S2B_MSIL2A_20251127T113319_N0511_R080_T28QCG_20251127T134745.zip,236,35,6351,363515.0,2199665.0,0.1978,0.2272,0.3156,0.43,0.48190000000000005,0.48300000000000004,0.499,0.49960000000000004,0.5086,0.5189,0.6212,0.5910000000000001
2025-11-27,Iwik,Sen2Cor,S2B_MSIL2A_20251127T113319_N0511_R080_T28QCG_20251127T134745.SAFE,C:\Users\Simon\Nextcloud\Project\Mauritania\Science\Arguin - FieldWork Data Processing\Data\S2\Sen2Cor\S2B_MSIL2A_20251127T113319_N0511_R080_T28QCG_20251127T134745.zip,237,35,6352,363525.0,2199665.0,0.1953,0.2258,0.3124,0.43,0.47440000000000004,0.4772,0.49500000000000005,0.49960000000000004,0.5048,0.5189,0.6177,0.5831000000000001
2025-11-27,Iwik,Sen2Cor,S2B_MSIL2A_20251127T113319_N0511_R080_T28QCG_20251127T134745.SAFE,C:\Users\Simon\Nextcloud\Project\Mauritania\Science\Arguin - FieldWork Data Processing\Data\S2\Sen2Cor\S2B_MSIL2A_20251127T113319_N0511_R080_T28QCG_20251127T134745.zip,238,35,6353,363535.0,2199665.0,0.1953,0.2336,0.3148,0.4288,0.47440000000000004,0.4772,0.49500000000000005,0.4964,0.5048,0.5189,0.6177,0.5831000000000001
2025-11-27,Iwik,Sen2Cor,S2B_MSIL2A_20251127T113319_N0511_R080_T28QCG_20251127T134745.SAFE,C:\Users\Simon\Nextcloud\Project\Mauritania\Science\Arguin - FieldWork Data Processing\Data\S2\Sen2Cor\S2B_MSIL2A_20251127T113319_N0511_R080_T28QCG_20251127T134745.zip,239,35,6354,363545.0,2199665.0,0.19440000000000002,0.2358,0.32,0.4312,0.47900000000000004,0.47850000000000004,0.4979,0.5008,0.5015000000000001,0.5109,0.6185,0.5828
2025-11-27,Iwik,Sen2Cor,S2B_MSIL2A_20251127T113319_N0511_R080_T28QCG_20251127T134745.SAFE,C:\Users\Simon\Nextcloud\Project\Mauritania\Science\Arguin - FieldWork Data Processing\Data\S2\Sen2Cor\S2B_MSIL2A_20251127T113319_N0511_R080_T28QCG_20251127T134745.zip,240,35,6355,363555.0,2199665.0,0.19440000000000002,0.23420000000000002,0.3176,0.4324,0.47900000000000004,0.47850000000000004,0.4979,0.5008,0.5015000000000001,0.5109,0.6185,0.5828
2025-11-27,Iwik,Sen2Cor,S2B_MSIL2A_20251127T113319_N0511_R080_T28QCG_20251127T134745.SAFE,C:\Users\Simon\Nextcloud\Project\Mauritania\Science\Arguin - FieldWork Data Processing\Data\S2\Sen2Cor\S2B_MSIL2A_20251127T113319_N0511_R080_T28QCG_20251127T134745.zip,241,35,6356,363565.0,2199665.0,0.1932,0.23220000000000002,0.3164,0.4308,0.4698,0.4773,0.4933,0.4968,0.4998,0.5109,0.6155,0.5798
2025-11-27,Iwik,Sen2Cor,S2B_MSIL2A_20251127T113319_N0511_R080_T28QCG_20251127T134745.SAFE,C:\Users\Simon\Nextcloud\Project\Mauritania\Science\Arguin - FieldWork Data Processing\Data\S2\Sen2Cor\S2B_MSIL2A_20251127T113319_N0511_R080_T28QCG_20251127T134745.zip,242,35,6357,363575.0,2199665.0,0.1932,0.2268,0.314,0.4224,0.4698,0.4773,0.4933,0.4904,0.4998,0.5109,0.6155,0.5798
2025-11-27,Iwik,Sen2Cor,S2B_MSIL2A_20251127T113319_N0511_R080_T28QCG_20251127T134745.SAFE,C:\Users\Simon\Nextcloud\Project\Mauritania\Science\Arguin - FieldWork Data Processing\Data\S2\Sen2Cor\S2B_MSIL2A_20251127T113319_N0511_R080_T28QCG_20251127T134745.zip,243,35,6358,363585.0,2199665.0,0.19240000000000002,0.2214,0.3078,0.4188,0.4733,0.4751,0.4919,0.4932,0.49660000000000004,0.5109,0.6139,0.5756
2025-11-27,Iwik,Sen2Cor,S2B_MSIL2A_20251127T113319_N0511_R080_T28QCG_20251127T134745.SAFE,C:\Users\Simon\Nextcloud\Project\Mauritania\Science\Arguin - FieldWork Data Processing\Data\S2\Sen2Cor\S2B_MSIL2A_20251127T113319_N0511_R080_T28QCG_20251127T134745.zip,244,36,6339,363395.0,2199655.0,0.21610000000000001,0.2558,0.342,0.46040000000000003,0.509,0.5129,0.5292,0.5316000000000001,0.5347000000000001,0.538,0.6361,0.609
2025-11-27,Iwik,Sen2Cor,S2B_MSIL2A_20251127T113319_N0511_R080_T28QCG_20251127T134745.SAFE,C:\Users\Simon\Nextcloud\Project\Mauritania\Science\Arguin - FieldWork Data Processing\Data\S2\Sen2Cor\S2B_MSIL2A_20251127T113319_N0511_R080_T28QCG_20251127T134745.zip,245,36,6340,363405.0,2199655.0,0.2129,0.257,0.3468,0.462,0.5084000000000001,0.5083,0.5281,0.5288,0.5357000000000001,0.538,0.6367,0.6035
2025-11-27,Iwik,Sen2Cor,S2B_MSIL2A_20251127T113319_N0511_R080_T28QCG_20251127T134745.SAFE,C:\Users\Simon\Nextcloud\Project\Mauritania\Science\Arguin - FieldWork Data Processing\Data\S2\Sen2Cor\S2B_MSIL2A_20251127T113319_N0511_R080_T28QCG_20251127T134745.zip,246,36,6341,363415.0,2199655.0,0.2129,0.25680000000000003,0.34,0.45640000000000003,0.5084000000000001,0.5083,0.5281,0.5264,0.5357000000000001,0.538,0.6367,0.6035
2025-11-27,Iwik,Sen2Cor,S2B_MSIL2A_20251127T113319_N0511_R080_T28QCG_20251127T134745.SAFE,C:\Users\Simon\Nextcloud\Project\Mauritania\Science\Arguin - FieldWork Data Processing\Data\S2\Sen2Cor\S2B_MSIL2A_20251127T113319_N0511_R080_T28QCG_20251127T134745.zip,247,36,6342,363425.0,2199655.0,0.2089,0.26180000000000003,0.3492,0.462,0.5011,0.5076,0.5241,0.5292,0.5272,0.5185000000000001,0.6296,0.5963
2025-11-27,Iwik,Sen2Cor,S2B_MSIL2A_20251127T113319_N0511_R080_T28QCG_20251127T134745.SAFE,C:\Users\Simon\Nextcloud\Project\Mauritania\Science\Arguin - FieldWork Data Processing\Data\S2\Sen2Cor\S2B_MSIL2A_20251127T113319_N0511_R080_T28QCG_20251127T134745.zip,248,36,6343,363435.0,2199655.0,0.2089,0.2566,0.34,0.4516,0.5011,0.5076,0.5241,0.5228,0.5272,0.5185000000000001,0.6296,0.5963
2025-11-27,Iwik,Sen2Cor,S2B_MSIL2A_20251127T113319_N0511_R080_T28QCG_20251127T134745.SAFE,C:\Users\Simon\Nextcloud\Project\Mauritania\Science\Arguin - FieldWork Data Processing\Data\S2\Sen2Cor\S2B_MSIL2A_20251127T113319_N0511_R080_T28QCG_20251127T134745.zip,249,36,6344,363445.0,2199655.0,0.2039,0.2426,0.3296,0.43920000000000003,0.4878,0.49050000000000005,0.505,0.5096,0.5085000000000001,0.5185000000000001,0.6202000000000001,0.5897
2025-11-27,Iwik,Sen2Cor,S2B_MSIL2A_20251127T113319_N0511_R080_T28QCG_20251127T134745.SAFE,C:\Users\Simon\Nextcloud\Project\Mauritania\Science\Arguin - FieldWork Data Processing\Data\S2\Sen2Cor\S2B_MSIL2A_20251127T113319_N0511_R080_T28QCG_20251127T134745.zip,250,36,6345,363455.0,2199655.0,0.2039,0.23420000000000002,0.324,0.43560000000000004,0.4878,0.49050000000000005,0.505,0.506,0.5085000000000001,0.5185000000000001,0.6202000000000001,0.5897
2025-11-27,Iwik,Sen2Cor,S2B_MSIL2A_20251127T113319_N0511_R080_T28QCG_20251127T134745.SAFE,C:\Users\Simon\Nextcloud\Project\Mauritania\Science\Arguin - FieldWork Data Processing\Data\S2\Sen2Cor\S2B_MSIL2A_20251127T113319_N0511_R080_T28QCG_20251127T134745.zip,251,36,6346,363465.0,2199655.0,0.2008,0.23900000000000002,0.322,0.43960000000000005,0.47990000000000005,0.47700000000000004,0.4978,0.5072,0.5,0.5185000000000001,0.6176,0.5848
2025-11-27,Iwik,Sen2Cor,S2B_MSIL2A_20251127T113319_N0511_R080_T28QCG_20251127T134745.SAFE,C:\Users\Simon\Nextcloud\Project\Mauritania\Science\Arguin - FieldWork Data Processing\Data\S2\Sen2Cor\S2B_MSIL2A_20251127T113319_N0511_R080_T28QCG_20251127T134745.zip,252,36,6347,363475.0,2199655.0,0.2008,0.2354,0.322,0.43320000000000003,0.47990000000000005,0.47700000000000004,0.4978,0.5036,0.5,0.5185000000000001,0.6176,0.5848
2025-11-27,Iwik,Sen2Cor,S2B_MSIL2A_20251127T113319_N0511_R080_T28QCG_20251127T134745.SAFE,C:\Users\Simon\Nextcloud\Project\Mauritania\Science\Arguin - FieldWork Data Processing\Data\S2\Sen2Cor\S2B_MSIL2A_20251127T113319_N0511_R080_T28QCG_20251127T134745.zip,253,36,6348,363485.0,2199655.0,0.1971,0.2298,0.3156,0.4288,0.4751,0.4751,0.4933,0.5028,0.49610000000000004,0.5033,0.6145,0.5809000000000001
2025-11-27,Iwik,Sen2Cor,S2B_MSIL2A_20251127T113319_N0511_R080_T28QCG_20251127T134745.SAFE,C:\Users\Simon\Nextcloud\Project\Mauritania\Science\Arguin - FieldWork Data Processing\Data\S2\Sen2Cor\S2B_MSIL2A_20251127T113319_N0511_R080_T28QCG_20251127T134745.zip,254,36,6349,363495.0,2199655.0,0.1971,0.2338,0.32120000000000004,0.4328,0.4751,0.4751,0.4933,0.5028,0.49610000000000004,0.5033,0.6145,0.5809000000000001
2025-11-27,Iwik,Sen2Cor,S2B_MSIL2A_20251127T113319_N0511_R080_T28QCG_20251127T134745.SAFE,C:\Users\Simon\Nextcloud\Project\Mauritania\Science\Arguin - FieldWork Data Processing\Data\S2\Sen2Cor\S2B_MSIL2A_20251127T113319_N0511_R080_T28QCG_20251127T134745.zip,255,36,6350,363505.0,2199655.0,0.19490000000000002,0.2336,0.32,0.432,0.47750000000000004,0.4777,0.49350000000000005,0.5068,0.4985,0.5033,0.6182000000000001,0.5848
2025-11-27,Iwik,Sen2Cor,S2B_MSIL2A_20251127T113319_N0511_R080_T28QCG_20251127T134745.SAFE,C:\Users\Simon\Nextcloud\Project\Mauritania\Science\Arguin - FieldWork Data Processing\Data\S2\Sen2Cor\S2B_MSIL2A_20251127T113319_N0511_R080_T28QCG_20251127T134745.zip,256,36,6351,363515.0,2199655.0,0.19490000000000002,0.22940000000000002,0.3128,0.4308,0.47750000000000004,0.4777,0.49350000000000005,0.4964,0.4985,0.5033,0.6182000000000001,0.5848
2025-11-27,Iwik,Sen2Cor,S2B_MSIL2A_20251127T113319_N0511_R080_T28QCG_20251127T134745.SAFE,C:\Users\Simon\Nextcloud\Project\Mauritania\Science\Arguin - FieldWork Data Processing\Data\S2\Sen2Cor\S2B_MSIL2A_20251127T113319_N0511_R080_T28QCG_20251127T134745.zip,257,36,6352,363525.0,2199655.0,0.1928,0.227,0.3144,0.43,0.47090000000000004,0.4738,0.49150000000000005,0.4984,0.49660000000000004,0.5033,0.6148,0.5804
2025-11-27,Iwik,Sen2Cor,S2B_MSIL2A_20251127T113319_N0511_R080_T28QCG_20251127T134745.SAFE,C:\Users\Simon\Nextcloud\Project\Mauritania\Science\Arguin - FieldWork Data Processing\Data\S2\Sen2Cor\S2B_MSIL2A_20251127T113319_N0511_R080_T28QCG_20251127T134745.zip,258,36,6353,363535.0,2199655.0,0.1928,0.2346,0.3148,0.42600000000000005,0.47090000000000004,0.4738,0.49150000000000005,0.49560000000000004,0.49660000000000004,0.5033,0.6148,0.5804
2025-11-27,Iwik,Sen2Cor,S2B_MSIL2A_20251127T113319_N0511_R080_T28QCG_20251127T134745.SAFE,C:\Users\Simon\Nextcloud\Project\Mauritania\Science\Arguin - FieldWork Data Processing\Data\S2\Sen2Cor\S2B_MSIL2A_20251127T113319_N0511_R080_T28QCG_20251127T134745.zip,259,36,6354,363545.0,2199655.0,0.19240000000000002,0.234,0.3176,0.42800000000000005,0.47050000000000003,0.4712,0.48960000000000004,0.4984,0.4979,0.5025000000000001,0.6122000000000001,0.5756
2025-11-27,Iwik,Sen2Cor,S2B_MSIL2A_20251127T113319_N0511_R080_T28QCG_20251127T134745.SAFE,C:\Users\Simon\Nextcloud\Project\Mauritania\Science\Arguin - FieldWork Data Processing\Data\S2\Sen2Cor\S2B_MSIL2A_20251127T113319_N0511_R080_T28QCG_20251127T134745.zip,260,36,6355,363555.0,2199655.0,0.19240000000000002,0.23140000000000002,0.3148,0.4272,0.47050000000000003,0.4712,0.48960000000000004,0.49400000000000005,0.4979,0.5025000000000001,0.6122000000000001,0.5756
2025-11-27,Iwik,Sen2Cor,S2B_MSIL2A_20251127T113319_N0511_R080_T28QCG_20251127T134745.SAFE,C:\Users\Simon\Nextcloud\Project\Mauritania\Science\Arguin - FieldWork Data Processing\Data\S2\Sen2Cor\S2B_MSIL2A_20251127T113319_N0511_R080_T28QCG_20251127T134745.zip,261,36,6356,363565.0,2199655.0,0.19140000000000001,0.2298,0.3094,0.4208,0.464,0.46680000000000005,0.48750000000000004,0.4928,0.4924,0.5025000000000001,0.6083000000000001,0.5702
2025-11-27,Iwik,Sen2Cor,S2B_MSIL2A_20251127T113319_N0511_R080_T28QCG_20251127T134745.SAFE,C:\Users\Simon\Nextcloud\Project\Mauritania\Science\Arguin - FieldWork Data Processing\Data\S2\Sen2Cor\S2B_MSIL2A_20251127T113319_N0511_R080_T28QCG_20251127T134745.zip,262,36,6357,363575.0,2199655.0,0.19140000000000001,0.2258,0.309,0.41960000000000003,0.464,0.46680000000000005,0.48750000000000004,0.4908,0.4924,0.5025000000000001,0.6083000000000001,0.5702
2025-11-27,Iwik,Sen2Cor,S2B_MSIL2A_20251127T113319_N0511_R080_T28QCG_20251127T134745.SAFE,C:\Users\Simon\Nextcloud\Project\Mauritania\Science\Arguin - FieldWork Data Processing\Data\S2\Sen2Cor\S2B_MSIL2A_20251127T113319_N0511_R080_T28QCG_20251127T134745.zip,263,36,6358,363585.0,2199655.0,0.19060000000000002,0.2258,0.3104,0.42200000000000004,0.4732,0.47340000000000004,0.4904,0.4884,0.4968,0.5025000000000001,0.6099,0.5726
2025-11-27,Iwik,Sen2Cor,S2B_MSIL2A_20251127T113319_N0511_R080_T28QCG_20251127T134745.SAFE,C:\Users\Simon\Nextcloud\Project\Mauritania\Science\Arguin - FieldWork Data Processing\Data\S2\Sen2Cor\S2B_MSIL2A_20251127T113319_N0511_R080_T28QCG_20251127T134745.zip,264,37,6339,363395.0,2199645.0,0.21610000000000001,0.25620000000000004,0.34600000000000003,0.45880000000000004,0.509,0.5129,0.5292,0.5312,0.5347000000000001,0.538,0.6361,0.609
2025-11-27,Iwik,Sen2Cor,S2B_MSIL2A_20251127T113319_N0511_R080_T28QCG_20251127T134745.SAFE,C:\Users\Simon\Nextcloud\Project\Mauritania\Science\Arguin - FieldWork Data Processing\Data\S2\Sen2Cor\S2B_MSIL2A_20251127T113319_N0511_R080_T28QCG_20251127T134745.zip,265,37,6340,363405.0,2199645.0,0.2129,0.2566,0.3468,0.46240000000000003,0.5084000000000001,0.5083,0.5281,0.5308,0.5357000000000001,0.538,0.6367,0.6035
2025-11-27,Iwik,Sen2Cor,S2B_MSIL2A_20251127T113319_N0511_R080_T28QCG_20251127T134745.SAFE,C:\Users\Simon\Nextcloud\Project\Mauritania\Science\Arguin - FieldWork Data Processing\Data\S2\Sen2Cor\S2B_MSIL2A_20251127T113319_N0511_R080_T28QCG_20251127T134745.zip,266,37,6341,363415.0,2199645.0,0.2129,0.2586,0.3472,0.46280000000000004,0.5084000000000001,0.5083,0.5281,0.5284,0.5357000000000001,0.538,0.6367,0.6035
2025-11-27,Iwik,Sen2Cor,S2B_MSIL2A_20251127T113319_N0511_R080_T28QCG_20251127T134745.SAFE,C:\Users\Simon\Nextcloud\Project\Mauritania\Science\Arguin - FieldWork Data Processing\Data\S2\Sen2Cor\S2B_MSIL2A_20251127T113319_N0511_R080_T28QCG_20251127T134745.zip,267,37,6342,363425.0,2199645.0,0.2089,0.26,0.35200000000000004,0.46040000000000003,0.5011,0.5076,0.5241,0.5288,0.5272,0.5185000000000001,0.6296,0.5963
2025-11-27,Iwik,Sen2Cor,S2B_MSIL2A_20251127T113319_N0511_R080_T28QCG_20251127T134745.SAFE,C:\Users\Simon\Nextcloud\Project\Mauritania\Science\Arguin - FieldWork Data Processing\Data\S2\Sen2Cor\S2B_MSIL2A_20251127T113319_N0511_R080_T28QCG_20251127T134745.zip,268,37,6343,363435.0,2199645.0,0.2089,0.2548,0.336,0.452,0.5011,0.5076,0.5241,0.5224,0.5272,0.5185000000000001,0.6296,0.5963
2025-11-27,Iwik,Sen2Cor,S2B_MSIL2A_20251127T113319_N0511_R080_T28QCG_20251127T134745.SAFE,C:\Users\Simon\Nextcloud\Project\Mauritania\Science\Arguin - FieldWork Data Processing\Data\S2\Sen2Cor\S2B_MSIL2A_20251127T113319_N0511_R080_T28QCG_20251127T134745.zip,269,37,6344,363445.0,2199645.0,0.2039,0.24480000000000002,0.3312,0.44320000000000004,0.4878,0.49050000000000005,0.505,0.5128,0.5085000000000001,0.5185000000000001,0.6202000000000001,0.5897
2025-11-27,Iwik,Sen2Cor,S2B_MSIL2A_20251127T113319_N0511_R080_T28QCG_20251127T134745.SAFE,C:\Users\Simon\Nextcloud\Project\Mauritania\Science\Arguin - FieldWork Data Processing\Data\S2\Sen2Cor\S2B_MSIL2A_20251127T113319_N0511_R080_T28QCG_20251127T134745.zip,270,37,6345,363455.0,2199645.0,0.2039,0.2374,0.324,0.4364,0.4878,0.49050000000000005,0.505,0.5084000000000001,0.5085000000000001,0.5185000000000001,0.6202000000000001,0.5897
2025-11-27,Iwik,Sen2Cor,S2B_MSIL2A_20251127T113319_N0511_R080_T28QCG_20251127T134745.SAFE,C:\Users\Simon\Nextcloud\Project\Mauritania\Science\Arguin - FieldWork Data Processing\Data\S2\Sen2Cor\S2B_MSIL2A_20251127T113319_N0511_R080_T28QCG_20251127T134745.zip,271,37,6346,363465.0,2199645.0,0.2008,0.2348,0.3196,0.4344,0.47990000000000005,0.47700000000000004,0.4978,0.49720000000000003,0.5,0.5185000000000001,0.6176,0.5848
2025-11-27,Iwik,Sen2Cor,S2B_MSIL2A_20251127T113319_N0511_R080_T28QCG_20251127T134745.SAFE,C:\Users\Simon\Nextcloud\Project\Mauritania\Science\Arguin - FieldWork Data Processing\Data\S2\Sen2Cor\S2B_MSIL2A_20251127T113319_N0511_R080_T28QCG_20251127T134745.zip,272,37,6347,363475.0,2199645.0,0.2008,0.233,0.31320000000000003,0.4252,0.47990000000000005,0.47700000000000004,0.4978,0.49000000000000005,0.5,0.5185000000000001,0.6176,0.5848
2025-11-27,Iwik,Sen2Cor,S2B_MSIL2A_20251127T113319_N0511_R080_T28QCG_20251127T134745.SAFE,C:\Users\Simon\Nextcloud\Project\Mauritania\Science\Arguin - FieldWork Data Processing\Data\S2\Sen2Cor\S2B_MSIL2A_20251127T113319_N0511_R080_T28QCG_20251127T134745.zip,273,37,6348,363485.0,2199645.0,0.1971,0.22640000000000002,0.3156,0.4208,0.4751,0.4751,0.4933,0.4904,0.49610000000000004,0.5033,0.6145,0.5809000000000001
2025-11-27,Iwik,Sen2Cor,S2B_MSIL2A_20251127T113319_N0511_R080_T28QCG_20251127T134745.SAFE,C:\Users\Simon\Nextcloud\Project\Mauritania\Science\Arguin - FieldWork Data Processing\Data\S2\Sen2Cor\S2B_MSIL2A_20251127T113319_N0511_R080_T28QCG_20251127T134745.zip,274,37,6349,363495.0,2199645.0,0.1971,0.2298,0.31520000000000004,0.42560000000000003,0.4751,0.4751,0.4933,0.4928,0.49610000000000004,0.5033,0.6145,0.5809000000000001
2025-11-27,Iwik,Sen2Cor,S2B_MSIL2A_20251127T113319_N0511_R080_T28QCG_20251127T134745.SAFE,C:\Users\Simon\Nextcloud\Project\Mauritania\Science\Arguin - FieldWork Data Processing\Data\S2\Sen2Cor\S2B_MSIL2A_20251127T113319_N0511_R080_T28QCG_20251127T134745.zip,275,37,6350,363505.0,2199645.0,0.19490000000000002,0.228,0.3136,0.4264,0.47750000000000004,0.4777,0.49350000000000005,0.49720000000000003,0.4985,0.5033,0.6182000000000001,0.5848
2025-11-27,Iwik,Sen2Cor,S2B_MSIL2A_20251127T113319_N0511_R080_T28QCG_20251127T134745.SAFE,C:\Users\Simon\Nextcloud\Project\Mauritania\Science\Arguin - FieldWork Data Processing\Data\S2\Sen2Cor\S2B_MSIL2A_20251127T113319_N0511_R080_T28QCG_20251127T134745.zip,276,37,6351,363515.0,2199645.0,0.19490000000000002,0.23320000000000002,0.3184,0.4328,0.47750000000000004,0.4777,0.49350000000000005,0.49920000000000003,0.4985,0.5033,0.6182000000000001,0.5848
2025-11-27,Iwik,Sen2Cor,S2B_MSIL2A_20251127T113319_N0511_R080_T28QCG_20251127T134745.SAFE,C:\Users\Simon\Nextcloud\Project\Mauritania\Science\Arguin - FieldWork Data Processing\Data\S2\Sen2Cor\S2B_MSIL2A_20251127T113319_N0511_R080_T28QCG_20251127T134745.zip,277,37,6352,363525.0,2199645.0,0.1928,0.2354,0.3168,0.4292,0.47090000000000004,0.4738,0.49150000000000005,0.49760000000000004,0.49660000000000004,0.5033,0.6148,0.5804
2025-11-27,Iwik,Sen2Cor,S2B_MSIL2A_20251127T113319_N0511_R080_T28QCG_20251127T134745.SAFE,C:\Users\Simon\Nextcloud\Project\Mauritania\Science\Arguin - FieldWork Data Processing\Data\S2\Sen2Cor\S2B_MSIL2A_20251127T113319_N0511_R080_T28QCG_20251127T134745.zip,278,37,6353,363535.0,2199645.0,0.1928,0.232,0.31120000000000003,0.4208,0.47090000000000004,0.4738,0.49150000000000005,0.48960000000000004,0.49660000000000004,0.5033,0.6148,0.5804
2025-11-27,Iwik,Sen2Cor,S2B_MSIL2A_20251127T113319_N0511_R080_T28QCG_20251127T134745.SAFE,C:\Users\Simon\Nextcloud\Project\Mauritania\Science\Arguin - FieldWork Data Processing\Data\S2\Sen2Cor\S2B_MSIL2A_20251127T113319_N0511_R080_T28QCG_20251127T134745.zip,279,37,6354,363545.0,2199645.0,0.19240000000000002,0.23020000000000002,0.3116,0.42160000000000003,0.47050000000000003,0.4712,0.48960000000000004,0.4892,0.4979,0.5025000000000001,0.6122000000000001,0.5756
2025-11-27,Iwik,Sen2Cor,S2B_MSIL2A_20251127T113319_N0511_R080_T28QCG_20251127T134745.SAFE,C:\Users\Simon\Nextcloud\Project\Mauritania\Science\Arguin - FieldWork Data Processing\Data\S2\Sen2Cor\S2B_MSIL2A_20251127T113319_N0511_R080_T28QCG_20251127T134745.zip,280,37,6355,363555.0,2199645.0,0.19240000000000002,0.2262,0.3124,0.4184,0.47050000000000003,0.4712,0.48960000000000004,0.4868,0.4979,0.5025000000000001,0.6122000000000001,0.5756
2025-11-27,Iwik,Sen2Cor,S2B_MSIL2A_20251127T113319_N0511_R080_T28QCG_20251127T134745.SAFE,C:\Users\Simon\Nextcloud\Project\Mauritania\Science\Arguin - FieldWork Data Processing\Data\S2\Sen2Cor\S2B_MSIL2A_20251127T113319_N0511_R080_T28QCG_20251127T134745.zip,281,37,6356,363565.0,2199645.0,0.19140000000000001,0.22640000000000002,0.30820000000000003,0.41960000000000003,0.464,0.46680000000000005,0.48750000000000004,0.48600000000000004,0.4924,0.5025000000000001,0.6083000000000001,0.5702
2025-11-27,Iwik,Sen2Cor,S2B_MSIL2A_20251127T113319_N0511_R080_T28QCG_20251127T134745.SAFE,C:\Users\Simon\Nextcloud\Project\Mauritania\Science\Arguin - FieldWork Data Processing\Data\S2\Sen2Cor\S2B_MSIL2A_20251127T113319_N0511_R080_T28QCG_20251127T134745.zip,282,37,6357,363575.0,2199645.0,0.19140000000000001,0.2258,0.3084,0.41960000000000003,0.464,0.46680000000000005,0.48750000000000004,0.4864,0.4924,0.5025000000000001,0.6083000000000001,0.5702
2025-11-27,Iwik,Sen2Cor,S2B_MSIL2A_20251127T113319_N0511_R080_T28QCG_20251127T134745.SAFE,C:\Users\Simon\Nextcloud\Project\Mauritania\Science\Arguin - FieldWork Data Processing\Data\S2\Sen2Cor\S2B_MSIL2A_20251127T113319_N0511_R080_T28QCG_20251127T134745.zip,283,37,6358,363585.0,2199645.0,0.19060000000000002,0.229,0.3108,0.42200000000000004,0.4732,0.47340000000000004,0.4904,0.4888,0.4968,0.5025000000000001,0.6099,0.5726
2025-11-27,Iwik,Sen2Cor,S2B_MSIL2A_20251127T113319_N0511_R080_T28QCG_20251127T134745.SAFE,C:\Users\Simon\Nextcloud\Project\Mauritania\Science\Arguin - FieldWork Data Processing\Data\S2\Sen2Cor\S2B_MSIL2A_20251127T113319_N0511_R080_T28QCG_20251127T134745.zip,284,38,6338,363385.0,2199635.0,0.2142,0.2564,0.3396,0.45880000000000004,0.5041,0.5096,0.5249,0.5316000000000001,0.5274,0.538,0.6335000000000001,0.606
2025-11-27,Iwik,Sen2Cor,S2B_MSIL2A_20251127T113319_N0511_R080_T28QCG_20251127T134745.SAFE,C:\Users\Simon\Nextcloud\Project\Mauritania\Science\Arguin - FieldWork Data Processing\Data\S2\Sen2Cor\S2B_MSIL2A_20251127T113319_N0511_R080_T28QCG_20251127T134745.zip,285,38,6339,363395.0,2199635.0,0.2142,0.25420000000000004,0.3396,0.45680000000000004,0.5041,0.5096,0.5249,0.5284,0.5274,0.538,0.6335000000000001,0.606
2025-11-27,Iwik,Sen2Cor,S2B_MSIL2A_20251127T113319_N0511_R080_T28QCG_20251127T134745.SAFE,C:\Users\Simon\Nextcloud\Project\Mauritania\Science\Arguin - FieldWork Data Processing\Data\S2\Sen2Cor\S2B_MSIL2A_20251127T113319_N0511_R080_T28QCG_20251127T134745.zip,286,38,6340,363405.0,2199635.0,0.2107,0.2554,0.34240000000000004,0.4616,0.5114000000000001,0.5103,0.5278,0.5324,0.5376000000000001,0.538,0.6338,0.6026
2025-11-27,Iwik,Sen2Cor,S2B_MSIL2A_20251127T113319_N0511_R080_T28QCG_20251127T134745.SAFE,C:\Users\Simon\Nextcloud\Project\Mauritania\Science\Arguin - FieldWork Data Processing\Data\S2\Sen2Cor\S2B_MSIL2A_20251127T113319_N0511_R080_T28QCG_20251127T134745.zip,287,38,6341,363415.0,2199635.0,0.2107,0.2614,0.3452,0.4632,0.5114000000000001,0.5103,0.5278,0.5328,0.5376000000000001,0.538,0.6338,0.6026
2025-11-27,Iwik,Sen2Cor,S2B_MSIL2A_20251127T113319_N0511_R080_T28QCG_20251127T134745.SAFE,C:\Users\Simon\Nextcloud\Project\Mauritania\Science\Arguin - FieldWork Data Processing\Data\S2\Sen2Cor\S2B_MSIL2A_20251127T113319_N0511_R080_T28QCG_20251127T134745.zip,288,38,6342,363425.0,2199635.0,0.20650000000000002,0.2574,0.34600000000000003,0.46440000000000003,0.5006,0.5028,0.5206000000000001,0.5324,0.5261,0.5185000000000001,0.6273000000000001,0.5957
2025-11-27,Iwik,Sen2Cor,S2B_MSIL2A_20251127T113319_N0511_R080_T28QCG_20251127T134745.SAFE,C:\Users\Simon\Nextcloud\Project\Mauritania\Science\Arguin - FieldWork Data Processing\Data\S2\Sen2Cor\S2B_MSIL2A_20251127T113319_N0511_R080_T28QCG_20251127T134745.zip,289,38,6343,363435.0,2199635.0,0.20650000000000002,0.248,0.33640000000000003,0.452,0.5006,0.5028,0.5206000000000001,0.5216000000000001,0.5261,0.5185000000000001,0.6273000000000001,0.5957
2025-11-27,Iwik,Sen2Cor,S2B_MSIL2A_20251127T113319_N0511_R080_T28QCG_20251127T134745.SAFE,C:\Users\Simon\Nextcloud\Project\Mauritania\Science\Arguin - FieldWork Data Processing\Data\S2\Sen2Cor\S2B_MSIL2A_20251127T113319_N0511_R080_T28QCG_20251127T134745.zip,290,38,6344,363445.0,2199635.0,0.2018,0.24680000000000002,0.3284,0.44480000000000003,0.4862,0.48910000000000003,0.5046,0.5124000000000001,0.5098,0.5185000000000001,0.6175,0.5861000000000001
2025-11-27,Iwik,Sen2Cor,S2B_MSIL2A_20251127T113319_N0511_R080_T28QCG_20251127T134745.SAFE,C:\Users\Simon\Nextcloud\Project\Mauritania\Science\Arguin - FieldWork Data Processing\Data\S2\Sen2Cor\S2B_MSIL2A_20251127T113319_N0511_R080_T28QCG_20251127T134745.zip,291,38,6345,363455.0,2199635.0,0.2018,0.2388,0.32320000000000004,0.43920000000000003,0.4862,0.48910000000000003,0.5046,0.506,0.5098,0.5185000000000001,0.6175,0.5861000000000001
2025-11-27,Iwik,Sen2Cor,S2B_MSIL2A_20251127T113319_N0511_R080_T28QCG_20251127T134745.SAFE,C:\Users\Simon\Nextcloud\Project\Mauritania\Science\Arguin - FieldWork Data Processing\Data\S2\Sen2Cor\S2B_MSIL2A_20251127T113319_N0511_R080_T28QCG_20251127T134745.zip,292,38,6346,363465.0,2199635.0,0.1988,0.23040000000000002,0.318,0.4344,0.4731,0.4753,0.4963,0.502,0.4969,0.5185000000000001,0.614,0.5810000000000001
2025-11-27,Iwik,Sen2Cor,S2B_MSIL2A_20251127T113319_N0511_R080_T28QCG_20251127T134745.SAFE,C:\Users\Simon\Nextcloud\Project\Mauritania\Science\Arguin - FieldWork Data Processing\Data\S2\Sen2Cor\S2B_MSIL2A_20251127T113319_N0511_R080_T28QCG_20251127T134745.zip,293,38,6347,363475.0,2199635.0,0.1988,0.22760000000000002,0.3108,0.4252,0.4731,0.4753,0.4963,0.4928,0.4969,0.5185000000000001,0.614,0.5810000000000001
2025-11-27,Iwik,Sen2Cor,S2B_MSIL2A_20251127T113319_N0511_R080_T28QCG_20251127T134745.SAFE,C:\Users\Simon\Nextcloud\Project\Mauritania\Science\Arguin - FieldWork Data Processing\Data\S2\Sen2Cor\S2B_MSIL2A_20251127T113319_N0511_R080_T28QCG_20251127T134745.zip,294,38,6348,363485.0,2199635.0,0.1952,0.22740000000000002,0.3068,0.4188,0.46840000000000004,0.47140000000000004,0.4883,0.4884,0.49260000000000004,0.5033,0.6094,0.5753
2025-11-27,Iwik,Sen2Cor,S2B_MSIL2A_20251127T113319_N0511_R080_T28QCG_20251127T134745.SAFE,C:\Users\Simon\Nextcloud\Project\Mauritania\Science\Arguin - FieldWork Data Processing\Data\S2\Sen2Cor\S2B_MSIL2A_20251127T113319_N0511_R080_T28QCG_20251127T134745.zip,295,38,6349,363495.0,2199635.0,0.1952,0.22940000000000002,0.31320000000000003,0.42400000000000004,0.46840000000000004,0.47140000000000004,0.4883,0.49000000000000005,0.49260000000000004,0.5033,0.6094,0.5753
2025-11-27,Iwik,Sen2Cor,S2B_MSIL2A_20251127T113319_N0511_R080_T28QCG_20251127T134745.SAFE,C:\Users\Simon\Nextcloud\Project\Mauritania\Science\Arguin - FieldWork Data Processing\Data\S2\Sen2Cor\S2B_MSIL2A_20251127T113319_N0511_R080_T28QCG_20251127T134745.zip,296,38,6350,363505.0,2199635.0,0.1935,0.22940000000000002,0.3204,0.4232,0.4742,0.47700000000000004,0.48860000000000003,0.4964,0.4958,0.5033,0.6142000000000001,0.5770000000000001
2025-11-27,Iwik,Sen2Cor,S2B_MSIL2A_20251127T113319_N0511_R080_T28QCG_20251127T134745.SAFE,C:\Users\Simon\Nextcloud\Project\Mauritania\Science\Arguin - FieldWork Data Processing\Data\S2\Sen2Cor\S2B_MSIL2A_20251127T113319_N0511_R080_T28QCG_20251127T134745.zip,297,38,6351,363515.0,2199635.0,0.1935,0.23420000000000002,0.31880000000000003,0.42560000000000003,0.4742,0.47700000000000004,0.48860000000000003,0.4948,0.4958,0.5033,0.6142000000000001,0.5770000000000001
2025-11-27,Iwik,Sen2Cor,S2B_MSIL2A_20251127T113319_N0511_R080_T28QCG_20251127T134745.SAFE,C:\Users\Simon\Nextcloud\Project\Mauritania\Science\Arguin - FieldWork Data Processing\Data\S2\Sen2Cor\S2B_MSIL2A_20251127T113319_N0511_R080_T28QCG_20251127T134745.zip,298,38,6352,363525.0,2199635.0,0.1917,0.2326,0.3124,0.4232,0.46540000000000004,0.4692,0.48310000000000003,0.4904,0.49260000000000004,0.5033,0.6084,0.5744
2025-11-27,Iwik,Sen2Cor,S2B_MSIL2A_20251127T113319_N0511_R080_T28QCG_20251127T134745.SAFE,C:\Users\Simon\Nextcloud\Project\Mauritania\Science\Arguin - FieldWork Data Processing\Data\S2\Sen2Cor\S2B_MSIL2A_20251127T113319_N0511_R080_T28QCG_20251127T134745.zip,299,38,6353,363535.0,2199635.0,0.1917,0.228,0.3128,0.4176,0.46540000000000004,0.4692,0.48310000000000003,0.4864,0.49260000000000004,0.5033,0.6084,0.5744
2025-11-27,Iwik,Sen2Cor,S2B_MSIL2A_20251127T113319_N0511_R080_T28QCG_20251127T134745.SAFE,C:\Users\Simon\Nextcloud\Project\Mauritania\Science\Arguin - FieldWork Data Processing\Data\S2\Sen2Cor\S2B_MSIL2A_20251127T113319_N0511_R080_T28QCG_20251127T134745.zip,300,38,6354,363545.0,2199635.0,0.1905,0.2308,0.30960000000000004,0.4188,0.4635,0.463,0.48160000000000003,0.48760000000000003,0.4867,0.5025000000000001,0.6032000000000001,0.5683
2025-11-27,Iwik,Sen2Cor,S2B_MSIL2A_20251127T113319_N0511_R080_T28QCG_20251127T134745.SAFE,C:\Users\Simon\Nextcloud\Project\Mauritania\Science\Arguin - FieldWork Data Processing\Data\S2\Sen2Cor\S2B_MSIL2A_20251127T113319_N0511_R080_T28QCG_20251127T134745.zip,301,38,6355,363555.0,2199635.0,0.1905,0.2296,0.3128,0.4204,0.4635,0.463,0.48160000000000003,0.4884,0.4867,0.5025000000000001,0.6032000000000001,0.5683
2025-11-27,Iwik,Sen2Cor,S2B_MSIL2A_20251127T113319_N0511_R080_T28QCG_20251127T134745.SAFE,C:\Users\Simon\Nextcloud\Project\Mauritania\Science\Arguin - FieldWork Data Processing\Data\S2\Sen2Cor\S2B_MSIL2A_20251127T113319_N0511_R080_T28QCG_20251127T134745.zip,302,38,6356,363565.0,2199635.0,0.191,0.23,0.3094,0.42600000000000005,0.4642,0.4718,0.48610000000000003,0.49160000000000004,0.49110000000000004,0.5025000000000001,0.6064,0.5674
2025-11-27,Iwik,Sen2Cor,S2B_MSIL2A_20251127T113319_N0511_R080_T28QCG_20251127T134745.SAFE,C:\Users\Simon\Nextcloud\Project\Mauritania\Science\Arguin - FieldWork Data Processing\Data\S2\Sen2Cor\S2B_MSIL2A_20251127T113319_N0511_R080_T28QCG_20251127T134745.zip,303,38,6357,363575.0,2199635.0,0.191,0.22640000000000002,0.3094,0.4224,0.4642,0.4718,0.48610000000000003,0.48960000000000004,0.49110000000000004,0.5025000000000001,0.6064,0.5674
2025-11-27,Iwik,Sen2Cor,S2B_MSIL2A_20251127T113319_N0511_R080_T28QCG_20251127T134745.SAFE,C:\Users\Simon\Nextcloud\Project\Mauritania\Science\Arguin - FieldWork Data Processing\Data\S2\Sen2Cor\S2B_MSIL2A_20251127T113319_N0511_R080_T28QCG_20251127T134745.zip,304,38,6358,363585.0,2199635.0,0.1904,0.22920000000000001,0.31,0.4252,0.47390000000000004,0.4732,0.4917,0.4908,0.49820000000000003,0.5025000000000001,0.6131,0.5702
2025-11-27,Iwik,Sen2Cor,S2B_MSIL2A_20251127T113319_N0511_R080_T28QCG_20251127T134745.SAFE,C:\Users\Simon\Nextcloud\Project\Mauritania\Science\Arguin - FieldWork Data Processing\Data\S2\Sen2Cor\S2B_MSIL2A_20251127T113319_N0511_R080_T28QCG_20251127T134745.zip,305,39,6338,363385.0,2199625.0,0.2142,0.2536,0.3408,0.4572,0.5041,0.5096,0.5249,0.5288,0.5274,0.538,0.6335000000000001,0.606
2025-11-27,Iwik,Sen2Cor,S2B_MSIL2A_20251127T113319_N0511_R080_T28QCG_20251127T134745.SAFE,C:\Users\Simon\Nextcloud\Project\Mauritania\Science\Arguin - FieldWork Data Processing\Data\S2\Sen2Cor\S2B_MSIL2A_20251127T113319_N0511_R080_T28QCG_20251127T134745.zip,306,39,6339,363395.0,2199625.0,0.2142,0.2546,0.34240000000000004,0.4596,0.5041,0.5096,0.5249,0.5284,0.5274,0.538,0.6335000000000001,0.606
2025-11-27,Iwik,Sen2Cor,S2B_MSIL2A_20251127T113319_N0511_R080_T28QCG_20251127T134745.SAFE,C:\Users\Simon\Nextcloud\Project\Mauritania\Science\Arguin - FieldWork Data Processing\Data\S2\Sen2Cor\S2B_MSIL2A_20251127T113319_N0511_R080_T28QCG_20251127T134745.zip,307,39,6340,363405.0,2199625.0,0.2107,0.2576,0.3476,0.46280000000000004,0.5114000000000001,0.5103,0.5278,0.5308,0.5376000000000001,0.538,0.6338,0.6026
2025-11-27,Iwik,Sen2Cor,S2B_MSIL2A_20251127T113319_N0511_R080_T28QCG_20251127T134745.SAFE,C:\Users\Simon\Nextcloud\Project\Mauritania\Science\Arguin - FieldWork Data Processing\Data\S2\Sen2Cor\S2B_MSIL2A_20251127T113319_N0511_R080_T28QCG_20251127T134745.zip,308,39,6341,363415.0,2199625.0,0.2107,0.2646,0.3472,0.46080000000000004,0.5114000000000001,0.5103,0.5278,0.5352,0.5376000000000001,0.538,0.6338,0.6026
2025-11-27,Iwik,Sen2Cor,S2B_MSIL2A_20251127T113319_N0511_R080_T28QCG_20251127T134745.SAFE,C:\Users\Simon\Nextcloud\Project\Mauritania\Science\Arguin - FieldWork Data Processing\Data\S2\Sen2Cor\S2B_MSIL2A_20251127T113319_N0511_R080_T28QCG_20251127T134745.zip,309,39,6342,363425.0,2199625.0,0.20650000000000002,0.2514,0.342,0.456,0.5006,0.5028,0.5206000000000001,0.5236000000000001,0.5261,0.5185000000000001,0.6273000000000001,0.5957
2025-11-27,Iwik,Sen2Cor,S2B_MSIL2A_20251127T113319_N0511_R080_T28QCG_20251127T134745.SAFE,C:\Users\Simon\Nextcloud\Project\Mauritania\Science\Arguin - FieldWork Data Processing\Data\S2\Sen2Cor\S2B_MSIL2A_20251127T113319_N0511_R080_T28QCG_20251127T134745.zip,310,39,6343,363435.0,2199625.0,0.20650000000000002,0.24180000000000001,0.3332,0.4484,0.5006,0.5028,0.5206000000000001,0.5132,0.5261,0.5185000000000001,0.6273000000000001,0.5957
2025-11-27,Iwik,Sen2Cor,S2B_MSIL2A_20251127T113319_N0511_R080_T28QCG_20251127T134745.SAFE,C:\Users\Simon\Nextcloud\Project\Mauritania\Science\Arguin - FieldWork Data Processing\Data\S2\Sen2Cor\S2B_MSIL2A_20251127T113319_N0511_R080_T28QCG_20251127T134745.zip,311,39,6344,363445.0,2199625.0,0.2018,0.24500000000000002,0.3256,0.442,0.4862,0.48910000000000003,0.5046,0.5088,0.5098,0.5185000000000001,0.6175,0.5861000000000001
2025-11-27,Iwik,Sen2Cor,S2B_MSIL2A_20251127T113319_N0511_R080_T28QCG_20251127T134745.SAFE,C:\Users\Simon\Nextcloud\Project\Mauritania\Science\Arguin - FieldWork Data Processing\Data\S2\Sen2Cor\S2B_MSIL2A_20251127T113319_N0511_R080_T28QCG_20251127T134745.zip,312,39,6345,363455.0,2199625.0,0.2018,0.23600000000000002,0.3224,0.44,0.4862,0.48910000000000003,0.5046,0.5088,0.5098,0.5185000000000001,0.6175,0.5861000000000001
2025-11-27,Iwik,Sen2Cor,S2B_MSIL2A_20251127T113319_N0511_R080_T28QCG_20251127T134745.SAFE,C:\Users\Simon\Nextcloud\Project\Mauritania\Science\Arguin - FieldWork Data Processing\Data\S2\Sen2Cor\S2B_MSIL2A_20251127T113319_N0511_R080_T28QCG_20251127T134745.zip,313,39,6346,363465.0,2199625.0,0.1988,0.22920000000000001,0.318,0.4312,0.4731,0.4753,0.4963,0.502,0.4969,0.5185000000000001,0.614,0.5810000000000001
2025-11-27,Iwik,Sen2Cor,S2B_MSIL2A_20251127T113319_N0511_R080_T28QCG_20251127T134745.SAFE,C:\Users\Simon\Nextcloud\Project\Mauritania\Science\Arguin - FieldWork Data Processing\Data\S2\Sen2Cor\S2B_MSIL2A_20251127T113319_N0511_R080_T28QCG_20251127T134745.zip,314,39,6347,363475.0,2199625.0,0.1988,0.22660000000000002,0.314,0.42400000000000004,0.4731,0.4753,0.4963,0.4964,0.4969,0.5185000000000001,0.614,0.5810000000000001
2025-11-27,Iwik,Sen2Cor,S2B_MSIL2A_20251127T113319_N0511_R080_T28QCG_20251127T134745.SAFE,C:\Users\Simon\Nextcloud\Project\Mauritania\Science\Arguin - FieldWork Data Processing\Data\S2\Sen2Cor\S2B_MSIL2A_20251127T113319_N0511_R080_T28QCG_20251127T134745.zip,315,39,6348,363485.0,2199625.0,0.1952,0.22940000000000002,0.3136,0.42400000000000004,0.46840000000000004,0.47140000000000004,0.4883,0.49520000000000003,0.49260000000000004,0.5033,0.6094,0.5753
2025-11-27,Iwik,Sen2Cor,S2B_MSIL2A_20251127T113319_N0511_R080_T28QCG_20251127T134745.SAFE,C:\Users\Simon\Nextcloud\Project\Mauritania\Science\Arguin - FieldWork Data Processing\Data\S2\Sen2Cor\S2B_MSIL2A_20251127T113319_N0511_R080_T28QCG_20251127T134745.zip,316,39,6349,363495.0,2199625.0,0.1952,0.2326,0.3196,0.4272,0.46840000000000004,0.47140000000000004,0.4883,0.4964,0.49260000000000004,0.5033,0.6094,0.5753
2025-11-27,Iwik,Sen2Cor,S2B_MSIL2A_20251127T113319_N0511_R080_T28QCG_20251127T134745.SAFE,C:\Users\Simon\Nextcloud\Project\Mauritania\Science\Arguin - FieldWork Data Processing\Data\S2\Sen2Cor\S2B_MSIL2A_20251127T113319_N0511_R080_T28QCG_20251127T134745.zip,317,39,6350,363505.0,2199625.0,0.1935,0.23440000000000003,0.31920000000000004,0.42600000000000005,0.4742,0.47700000000000004,0.48860000000000003,0.49720000000000003,0.4958,0.5033,0.6142000000000001,0.5770000000000001
2025-11-27,Iwik,Sen2Cor,S2B_MSIL2A_20251127T113319_N0511_R080_T28QCG_20251127T134745.SAFE,C:\Users\Simon\Nextcloud\Project\Mauritania\Science\Arguin - FieldWork Data Processing\Data\S2\Sen2Cor\S2B_MSIL2A_20251127T113319_N0511_R080_T28QCG_20251127T134745.zip,318,39,6351,363515.0,2199625.0,0.1935,0.2326,0.31520000000000004,0.4252,0.4742,0.47700000000000004,0.48860000000000003,0.49400000000000005,0.4958,0.5033,0.6142000000000001,0.5770000000000001
2025-11-27,Iwik,Sen2Cor,S2B_MSIL2A_20251127T113319_N0511_R080_T28QCG_20251127T134745.SAFE,C:\Users\Simon\Nextcloud\Project\Mauritania\Science\Arguin - FieldWork Data Processing\Data\S2\Sen2Cor\S2B_MSIL2A_20251127T113319_N0511_R080_T28QCG_20251127T134745.zip,319,39,6352,363525.0,2199625.0,0.1917,0.22820000000000001,0.3124,0.4184,0.46540000000000004,0.4692,0.48310000000000003,0.4868,0.49260000000000004,0.5033,0.6084,0.5744
2025-11-27,Iwik,Sen2Cor,S2B_MSIL2A_20251127T113319_N0511_R080_T28QCG_20251127T134745.SAFE,C:\Users\Simon\Nextcloud\Project\Mauritania\Science\Arguin - FieldWork Data Processing\Data\S2\Sen2Cor\S2B_MSIL2A_20251127T113319_N0511_R080_T28QCG_20251127T134745.zip,320,39,6353,363535.0,2199625.0,0.1917,0.226,0.31120000000000003,0.4188,0.46540000000000004,0.4692,0.48310000000000003,0.4824,0.49260000000000004,0.5033,0.6084,0.5744
2025-11-27,Iwik,Sen2Cor,S2B_MSIL2A_20251127T113319_N0511_R080_T28QCG_20251127T134745.SAFE,C:\Users\Simon\Nextcloud\Project\Mauritania\Science\Arguin - FieldWork Data Processing\Data\S2\Sen2Cor\S2B_MSIL2A_20251127T113319_N0511_R080_T28QCG_20251127T134745.zip,321,39,6354,363545.0,2199625.0,0.1905,0.2288,0.3062,0.4164,0.4635,0.463,0.48160000000000003,0.4852,0.4867,0.5025000000000001,0.6032000000000001,0.5683
2025-11-27,Iwik,Sen2Cor,S2B_MSIL2A_20251127T113319_N0511_R080_T28QCG_20251127T134745.SAFE,C:\Users\Simon\Nextcloud\Project\Mauritania\Science\Arguin - FieldWork Data Processing\Data\S2\Sen2Cor\S2B_MSIL2A_20251127T113319_N0511_R080_T28QCG_20251127T134745.zip,322,39,6355,363555.0,2199625.0,0.1905,0.23040000000000002,0.31,0.41960000000000003,0.4635,0.463,0.48160000000000003,0.4884,0.4867,0.5025000000000001,0.6032000000000001,0.5683
2025-11-27,Iwik,Sen2Cor,S2B_MSIL2A_20251127T113319_N0511_R080_T28QCG_20251127T134745.SAFE,C:\Users\Simon\Nextcloud\Project\Mauritania\Science\Arguin - FieldWork Data Processing\Data\S2\Sen2Cor\S2B_MSIL2A_20251127T113319_N0511_R080_T28QCG_20251127T134745.zip,323,39,6356,363565.0,2199625.0,0.191,0.22760000000000002,0.3094,0.4212,0.4642,0.4718,0.48610000000000003,0.4884,0.49110000000000004,0.5025000000000001,0.6064,0.5674
2025-11-27,Iwik,Sen2Cor,S2B_MSIL2A_20251127T113319_N0511_R080_T28QCG_20251127T134745.SAFE,C:\Users\Simon\Nextcloud\Project\Mauritania\Science\Arguin - FieldWork Data Processing\Data\S2\Sen2Cor\S2B_MSIL2A_20251127T113319_N0511_R080_T28QCG_20251127T134745.zip,324,39,6357,363575.0,2199625.0,0.191,0.2248,0.31,0.4176,0.4642,0.4718,0.48610000000000003,0.4872,0.49110000000000004,0.5025000000000001,0.6064,0.5674
2025-11-27,Iwik,Sen2Cor,S2B_MSIL2A_20251127T113319_N0511_R080_T28QCG_20251127T134745.SAFE,C:\Users\Simon\Nextcloud\Project\Mauritania\Science\Arguin - FieldWork Data Processing\Data\S2\Sen2Cor\S2B_MSIL2A_20251127T113319_N0511_R080_T28QCG_20251127T134745.zip,325,39,6358,363585.0,2199625.0,0.1904,0.2286,0.312,0.4212,0.47390000000000004,0.4732,0.4917,0.4924,0.49820000000000003,0.5025000000000001,0.6131,0.5702
2025-11-27,Iwik,Sen2Cor,S2B_MSIL2A_20251127T113319_N0511_R080_T28QCG_20251127T134745.SAFE,C:\Users\Simon\Nextcloud\Project\Mauritania\Science\Arguin - FieldWork Data Processing\Data\S2\Sen2Cor\S2B_MSIL2A_20251127T113319_N0511_R080_T28QCG_20251127T134745.zip,326,40,6337,363375.0,2199615.0,0.2156,0.253,0.34,0.456,0.5003000000000001,0.5055000000000001,0.5268,0.5264,0.5296000000000001,0.538,0.6333000000000001,0.606
2025-11-27,Iwik,Sen2Cor,S2B_MSIL2A_20251127T113319_N0511_R080_T28QCG_20251127T134745.SAFE,C:\Users\Simon\Nextcloud\Project\Mauritania\Science\Arguin - FieldWork Data Processing\Data\S2\Sen2Cor\S2B_MSIL2A_20251127T113319_N0511_R080_T28QCG_20251127T134745.zip,327,40,6338,363385.0,2199615.0,0.21230000000000002,0.25220000000000004,0.3448,0.4572,0.5066,0.5068,0.525,0.5264,0.5282,0.538,0.6327,0.6043000000000001
2025-11-27,Iwik,Sen2Cor,S2B_MSIL2A_20251127T113319_N0511_R080_T28QCG_20251127T134745.SAFE,C:\Users\Simon\Nextcloud\Project\Mauritania\Science\Arguin - FieldWork Data Processing\Data\S2\Sen2Cor\S2B_MSIL2A_20251127T113319_N0511_R080_T28QCG_20251127T134745.zip,328,40,6339,363395.0,2199615.0,0.21230000000000002,0.2556,0.3408,0.4596,0.5066,0.5068,0.525,0.5268,0.5282,0.538,0.6327,0.6043000000000001
2025-11-27,Iwik,Sen2Cor,S2B_MSIL2A_20251127T113319_N0511_R080_T28QCG_20251127T134745.SAFE,C:\Users\Simon\Nextcloud\Project\Mauritania\Science\Arguin - FieldWork Data Processing\Data\S2\Sen2Cor\S2B_MSIL2A_20251127T113319_N0511_R080_T28QCG_20251127T134745.zip,329,40,6340,363405.0,2199615.0,0.20900000000000002,0.2614,0.34840000000000004,0.464,0.5037,0.5072,0.5224,0.5272,0.5348,0.538,0.6322,0.6006
2025-11-27,Iwik,Sen2Cor,S2B_MSIL2A_20251127T113319_N0511_R080_T28QCG_20251127T134745.SAFE,C:\Users\Simon\Nextcloud\Project\Mauritania\Science\Arguin - FieldWork Data Processing\Data\S2\Sen2Cor\S2B_MSIL2A_20251127T113319_N0511_R080_T28QCG_20251127T134745.zip,330,40,6341,363415.0,2199615.0,0.20900000000000002,0.2622,0.34600000000000003,0.46080000000000004,0.5037,0.5072,0.5224,0.5296000000000001,0.5348,0.538,0.6322,0.6006
2025-11-27,Iwik,Sen2Cor,S2B_MSIL2A_20251127T113319_N0511_R080_T28QCG_20251127T134745.SAFE,C:\Users\Simon\Nextcloud\Project\Mauritania\Science\Arguin - FieldWork Data Processing\Data\S2\Sen2Cor\S2B_MSIL2A_20251127T113319_N0511_R080_T28QCG_20251127T134745.zip,331,40,6342,363425.0,2199615.0,0.20500000000000002,0.2452,0.332,0.45080000000000003,0.4944,0.49520000000000003,0.5126000000000001,0.5172,0.5169,0.5185000000000001,0.6231,0.5904
2025-11-27,Iwik,Sen2Cor,S2B_MSIL2A_20251127T113319_N0511_R080_T28QCG_20251127T134745.SAFE,C:\Users\Simon\Nextcloud\Project\Mauritania\Science\Arguin - FieldWork Data Processing\Data\S2\Sen2Cor\S2B_MSIL2A_20251127T113319_N0511_R080_T28QCG_20251127T134745.zip,332,40,6343,363435.0,2199615.0,0.20500000000000002,0.2374,0.3276,0.442,0.4944,0.49520000000000003,0.5126000000000001,0.5108,0.5169,0.5185000000000001,0.6231,0.5904
2025-11-27,Iwik,Sen2Cor,S2B_MSIL2A_20251127T113319_N0511_R080_T28QCG_20251127T134745.SAFE,C:\Users\Simon\Nextcloud\Project\Mauritania\Science\Arguin - FieldWork Data Processing\Data\S2\Sen2Cor\S2B_MSIL2A_20251127T113319_N0511_R080_T28QCG_20251127T134745.zip,333,40,6344,363445.0,2199615.0,0.20040000000000002,0.23920000000000002,0.32280000000000003,0.43560000000000004,0.4842,0.4847,0.5025000000000001,0.508,0.5042,0.5185000000000001,0.6146,0.5814
2025-11-27,Iwik,Sen2Cor,S2B_MSIL2A_20251127T113319_N0511_R080_T28QCG_20251127T134745.SAFE,C:\Users\Simon\Nextcloud\Project\Mauritania\Science\Arguin - FieldWork Data Processing\Data\S2\Sen2Cor\S2B_MSIL2A_20251127T113319_N0511_R080_T28QCG_20251127T134745.zip,334,40,6345,363455.0,2199615.0,0.20040000000000002,0.23600000000000002,0.32120000000000004,0.4384,0.4842,0.4847,0.5025000000000001,0.5088,0.5042,0.5185000000000001,0.6146,0.5814
2025-11-27,Iwik,Sen2Cor,S2B_MSIL2A_20251127T113319_N0511_R080_T28QCG_20251127T134745.SAFE,C:\Users\Simon\Nextcloud\Project\Mauritania\Science\Arguin - FieldWork Data Processing\Data\S2\Sen2Cor\S2B_MSIL2A_20251127T113319_N0511_R080_T28QCG_20251127T134745.zip,335,40,6346,363465.0,2199615.0,0.198,0.23820000000000002,0.324,0.434,0.4812,0.4873,0.5026,0.5024000000000001,0.5077,0.5185000000000001,0.6178,0.5828
2025-11-27,Iwik,Sen2Cor,S2B_MSIL2A_20251127T113319_N0511_R080_T28QCG_20251127T134745.SAFE,C:\Users\Simon\Nextcloud\Project\Mauritania\Science\Arguin - FieldWork Data Processing\Data\S2\Sen2Cor\S2B_MSIL2A_20251127T113319_N0511_R080_T28QCG_20251127T134745.zip,336,40,6347,363475.0,2199615.0,0.198,0.2338,0.3204,0.43520000000000003,0.4812,0.4873,0.5026,0.5052,0.5077,0.5185000000000001,0.6178,0.5828
2025-11-27,Iwik,Sen2Cor,S2B_MSIL2A_20251127T113319_N0511_R080_T28QCG_20251127T134745.SAFE,C:\Users\Simon\Nextcloud\Project\Mauritania\Science\Arguin - FieldWork Data Processing\Data\S2\Sen2Cor\S2B_MSIL2A_20251127T113319_N0511_R080_T28QCG_20251127T134745.zip,337,40,6348,363485.0,2199615.0,0.1953,0.23820000000000002,0.3176,0.43960000000000005,0.48200000000000004,0.4828,0.497,0.5044000000000001,0.5026,0.5033,0.614,0.5798
2025-11-27,Iwik,Sen2Cor,S2B_MSIL2A_20251127T113319_N0511_R080_T28QCG_20251127T134745.SAFE,C:\Users\Simon\Nextcloud\Project\Mauritania\Science\Arguin - FieldWork Data Processing\Data\S2\Sen2Cor\S2B_MSIL2A_20251127T113319_N0511_R080_T28QCG_20251127T134745.zip,338,40,6349,363495.0,2199615.0,0.1953,0.2298,0.3168,0.4312,0.48200000000000004,0.4828,0.497,0.4984,0.5026,0.5033,0.614,0.5798
2025-11-27,Iwik,Sen2Cor,S2B_MSIL2A_20251127T113319_N0511_R080_T28QCG_20251127T134745.SAFE,C:\Users\Simon\Nextcloud\Project\Mauritania\Science\Arguin - FieldWork Data Processing\Data\S2\Sen2Cor\S2B_MSIL2A_20251127T113319_N0511_R080_T28QCG_20251127T134745.zip,339,40,6350,363505.0,2199615.0,0.1942,0.2326,0.3164,0.4288,0.4703,0.4743,0.49010000000000004,0.496,0.4963,0.5033,0.6107,0.5746
2025-11-27,Iwik,Sen2Cor,S2B_MSIL2A_20251127T113319_N0511_R080_T28QCG_20251127T134745.SAFE,C:\Users\Simon\Nextcloud\Project\Mauritania\Science\Arguin - FieldWork Data Processing\Data\S2\Sen2Cor\S2B_MSIL2A_20251127T113319_N0511_R080_T28QCG_20251127T134745.zip,340,40,6351,363515.0,2199615.0,0.1942,0.22760000000000002,0.3144,0.4228,0.4703,0.4743,0.49010000000000004,0.4928,0.4963,0.5033,0.6107,0.5746
2025-11-27,Iwik,Sen2Cor,S2B_MSIL2A_20251127T113319_N0511_R080_T28QCG_20251127T134745.SAFE,C:\Users\Simon\Nextcloud\Project\Mauritania\Science\Arguin - FieldWork Data Processing\Data\S2\Sen2Cor\S2B_MSIL2A_20251127T113319_N0511_R080_T28QCG_20251127T134745.zip,341,40,6352,363525.0,2199615.0,0.1928,0.22640000000000002,0.312,0.4228,0.4651,0.4691,0.48410000000000003,0.4888,0.4969,0.5033,0.6066,0.5711
2025-11-27,Iwik,Sen2Cor,S2B_MSIL2A_20251127T113319_N0511_R080_T28QCG_20251127T134745.SAFE,C:\Users\Simon\Nextcloud\Project\Mauritania\Science\Arguin - FieldWork Data Processing\Data\S2\Sen2Cor\S2B_MSIL2A_20251127T113319_N0511_R080_T28QCG_20251127T134745.zip,342,40,6353,363535.0,2199615.0,0.1928,0.2242,0.3074,0.42000000000000004,0.4651,0.4691,0.48410000000000003,0.48200000000000004,0.4969,0.5033,0.6066,0.5711
2025-11-27,Iwik,Sen2Cor,S2B_MSIL2A_20251127T113319_N0511_R080_T28QCG_20251127T134745.SAFE,C:\Users\Simon\Nextcloud\Project\Mauritania\Science\Arguin - FieldWork Data Processing\Data\S2\Sen2Cor\S2B_MSIL2A_20251127T113319_N0511_R080_T28QCG_20251127T134745.zip,343,40,6354,363545.0,2199615.0,0.1922,0.224,0.30820000000000003,0.41400000000000003,0.4636,0.4646,0.48410000000000003,0.48160000000000003,0.4839,0.5025000000000001,0.6037,0.5634
2025-11-27,Iwik,Sen2Cor,S2B_MSIL2A_20251127T113319_N0511_R080_T28QCG_20251127T134745.SAFE,C:\Users\Simon\Nextcloud\Project\Mauritania\Science\Arguin - FieldWork Data Processing\Data\S2\Sen2Cor\S2B_MSIL2A_20251127T113319_N0511_R080_T28QCG_20251127T134745.zip,344,40,6355,363555.0,2199615.0,0.1922,0.2288,0.31120000000000003,0.4184,0.4636,0.4646,0.48410000000000003,0.4908,0.4839,0.5025000000000001,0.6037,0.5634
2025-11-27,Iwik,Sen2Cor,S2B_MSIL2A_20251127T113319_N0511_R080_T28QCG_20251127T134745.SAFE,C:\Users\Simon\Nextcloud\Project\Mauritania\Science\Arguin - FieldWork Data Processing\Data\S2\Sen2Cor\S2B_MSIL2A_20251127T113319_N0511_R080_T28QCG_20251127T134745.zip,345,40,6356,363565.0,2199615.0,0.1917,0.2308,0.312,0.4224,0.4708,0.4706,0.49110000000000004,0.4912,0.4954,0.5025000000000001,0.6078,0.5675
2025-11-27,Iwik,Sen2Cor,S2B_MSIL2A_20251127T113319_N0511_R080_T28QCG_20251127T134745.SAFE,C:\Users\Simon\Nextcloud\Project\Mauritania\Science\Arguin - FieldWork Data Processing\Data\S2\Sen2Cor\S2B_MSIL2A_20251127T113319_N0511_R080_T28QCG_20251127T134745.zip,346,40,6357,363575.0,2199615.0,0.1917,0.23320000000000002,0.31120000000000003,0.42560000000000003,0.4708,0.4706,0.49110000000000004,0.4884,0.4954,0.5025000000000001,0.6078,0.5675
2025-11-27,Iwik,Sen2Cor,S2B_MSIL2A_20251127T113319_N0511_R080_T28QCG_20251127T134745.SAFE,C:\Users\Simon\Nextcloud\Project\Mauritania\Science\Arguin - FieldWork Data Processing\Data\S2\Sen2Cor\S2B_MSIL2A_20251127T113319_N0511_R080_T28QCG_20251127T134745.zip,347,40,6358,363585.0,2199615.0,0.1915,0.2328,0.3164,0.4268,0.4823,0.48260000000000003,0.49860000000000004,0.5,0.5074000000000001,0.5025000000000001,0.6191,0.5738
2025-11-27,Iwik,Sen2Cor,S2B_MSIL2A_20251127T113319_N0511_R080_T28QCG_20251127T134745.SAFE,C:\Users\Simon\Nextcloud\Project\Mauritania\Science\Arguin - FieldWork Data Processing\Data\S2\Sen2Cor\S2B_MSIL2A_20251127T113319_N0511_R080_T28QCG_20251127T134745.zip,348,41,6337,363375.0,2199605.0,0.2156,0.2504,0.34040000000000004,0.45480000000000004,0.5003000000000001,0.5055000000000001,0.5268,0.5216000000000001,0.5296000000000001,0.538,0.6333000000000001,0.606
2025-11-27,Iwik,Sen2Cor,S2B_MSIL2A_20251127T113319_N0511_R080_T28QCG_20251127T134745.SAFE,C:\Users\Simon\Nextcloud\Project\Mauritania\Science\Arguin - FieldWork Data Processing\Data\S2\Sen2Cor\S2B_MSIL2A_20251127T113319_N0511_R080_T28QCG_20251127T134745.zip,349,41,6338,363385.0,2199605.0,0.21230000000000002,0.25520000000000004,0.3428,0.462,0.5066,0.5068,0.525,0.5308,0.5282,0.538,0.6327,0.6043000000000001
2025-11-27,Iwik,Sen2Cor,S2B_MSIL2A_20251127T113319_N0511_R080_T28QCG_20251127T134745.SAFE,C:\Users\Simon\Nextcloud\Project\Mauritania\Science\Arguin - FieldWork Data Processing\Data\S2\Sen2Cor\S2B_MSIL2A_20251127T113319_N0511_R080_T28QCG_20251127T134745.zip,350,41,6339,363395.0,2199605.0,0.21230000000000002,0.2624,0.3488,0.4636,0.5066,0.5068,0.525,0.528,0.5282,0.538,0.6327,0.6043000000000001
2025-11-27,Iwik,Sen2Cor,S2B_MSIL2A_20251127T113319_N0511_R080_T28QCG_20251127T134745.SAFE,C:\Users\Simon\Nextcloud\Project\Mauritania\Science\Arguin - FieldWork Data Processing\Data\S2\Sen2Cor\S2B_MSIL2A_20251127T113319_N0511_R080_T28QCG_20251127T134745.zip,351,41,6340,363405.0,2199605.0,0.20900000000000002,0.257,0.34600000000000003,0.4592,0.5037,0.5072,0.5224,0.526,0.5348,0.538,0.6322,0.6006
2025-11-27,Iwik,Sen2Cor,S2B_MSIL2A_20251127T113319_N0511_R080_T28QCG_20251127T134745.SAFE,C:\Users\Simon\Nextcloud\Project\Mauritania\Science\Arguin - FieldWork Data Processing\Data\S2\Sen2Cor\S2B_MSIL2A_20251127T113319_N0511_R080_T28QCG_20251127T134745.zip,352,41,6341,363415.0,2199605.0,0.20900000000000002,0.24980000000000002,0.3352,0.452,0.5037,0.5072,0.5224,0.5268,0.5348,0.538,0.6322,0.6006
2025-11-27,Iwik,Sen2Cor,S2B_MSIL2A_20251127T113319_N0511_R080_T28QCG_20251127T134745.SAFE,C:\Users\Simon\Nextcloud\Project\Mauritania\Science\Arguin - FieldWork Data Processing\Data\S2\Sen2Cor\S2B_MSIL2A_20251127T113319_N0511_R080_T28QCG_20251127T134745.zip,353,41,6342,363425.0,2199605.0,0.20500000000000002,0.2504,0.33640000000000003,0.45,0.4944,0.49520000000000003,0.5126000000000001,0.5204,0.5169,0.5185000000000001,0.6231,0.5904
2025-11-27,Iwik,Sen2Cor,S2B_MSIL2A_20251127T113319_N0511_R080_T28QCG_20251127T134745.SAFE,C:\Users\Simon\Nextcloud\Project\Mauritania\Science\Arguin - FieldWork Data Processing\Data\S2\Sen2Cor\S2B_MSIL2A_20251127T113319_N0511_R080_T28QCG_20251127T134745.zip,354,41,6343,363435.0,2199605.0,0.20500000000000002,0.24100000000000002,0.3336,0.44320000000000004,0.4944,0.49520000000000003,0.5126000000000001,0.5176000000000001,0.5169,0.5185000000000001,0.6231,0.5904
2025-11-27,Iwik,Sen2Cor,S2B_MSIL2A_20251127T113319_N0511_R080_T28QCG_20251127T134745.SAFE,C:\Users\Simon\Nextcloud\Project\Mauritania\Science\Arguin - FieldWork Data Processing\Data\S2\Sen2Cor\S2B_MSIL2A_20251127T113319_N0511_R080_T28QCG_20251127T134745.zip,355,41,6344,363445.0,2199605.0,0.20040000000000002,0.2364,0.324,0.438,0.4842,0.4847,0.5025000000000001,0.506,0.5042,0.5185000000000001,0.6146,0.5814
2025-11-27,Iwik,Sen2Cor,S2B_MSIL2A_20251127T113319_N0511_R080_T28QCG_20251127T134745.SAFE,C:\Users\Simon\Nextcloud\Project\Mauritania\Science\Arguin - FieldWork Data Processing\Data\S2\Sen2Cor\S2B_MSIL2A_20251127T113319_N0511_R080_T28QCG_20251127T134745.zip,356,41,6345,363455.0,2199605.0,0.20040000000000002,0.2374,0.32280000000000003,0.43160000000000004,0.4842,0.4847,0.5025000000000001,0.5016,0.5042,0.5185000000000001,0.6146,0.5814
2025-11-27,Iwik,Sen2Cor,S2B_MSIL2A_20251127T113319_N0511_R080_T28QCG_20251127T134745.SAFE,C:\Users\Simon\Nextcloud\Project\Mauritania\Science\Arguin - FieldWork Data Processing\Data\S2\Sen2Cor\S2B_MSIL2A_20251127T113319_N0511_R080_T28QCG_20251127T134745.zip,357,41,6346,363465.0,2199605.0,0.198,0.2406,0.324,0.436,0.4812,0.4873,0.5026,0.504,0.5077,0.5185000000000001,0.6178,0.5828
2025-11-27,Iwik,Sen2Cor,S2B_MSIL2A_20251127T113319_N0511_R080_T28QCG_20251127T134745.SAFE,C:\Users\Simon\Nextcloud\Project\Mauritania\Science\Arguin - FieldWork Data Processing\Data\S2\Sen2Cor\S2B_MSIL2A_20251127T113319_N0511_R080_T28QCG_20251127T134745.zip,358,41,6347,363475.0,2199605.0,0.198,0.2368,0.32480000000000003,0.4384,0.4812,0.4873,0.5026,0.5068,0.5077,0.5185000000000001,0.6178,0.5828
2025-11-27,Iwik,Sen2Cor,S2B_MSIL2A_20251127T113319_N0511_R080_T28QCG_20251127T134745.SAFE,C:\Users\Simon\Nextcloud\Project\Mauritania\Science\Arguin - FieldWork Data Processing\Data\S2\Sen2Cor\S2B_MSIL2A_20251127T113319_N0511_R080_T28QCG_20251127T134745.zip,359,41,6348,363485.0,2199605.0,0.1953,0.24480000000000002,0.3312,0.446,0.48200000000000004,0.4828,0.497,0.5148,0.5026,0.5033,0.614,0.5798
2025-11-27,Iwik,Sen2Cor,S2B_MSIL2A_20251127T113319_N0511_R080_T28QCG_20251127T134745.SAFE,C:\Users\Simon\Nextcloud\Project\Mauritania\Science\Arguin - FieldWork Data Processing\Data\S2\Sen2Cor\S2B_MSIL2A_20251127T113319_N0511_R080_T28QCG_20251127T134745.zip,360,41,6349,363495.0,2199605.0,0.1953,0.2338,0.32280000000000003,0.4348,0.48200000000000004,0.4828,0.497,0.5064000000000001,0.5026,0.5033,0.614,0.5798
2025-11-27,Iwik,Sen2Cor,S2B_MSIL2A_20251127T113319_N0511_R080_T28QCG_20251127T134745.SAFE,C:\Users\Simon\Nextcloud\Project\Mauritania\Science\Arguin - FieldWork Data Processing\Data\S2\Sen2Cor\S2B_MSIL2A_20251127T113319_N0511_R080_T28QCG_20251127T134745.zip,361,41,6350,363505.0,2199605.0,0.1942,0.23220000000000002,0.318,0.4288,0.4703,0.4743,0.49010000000000004,0.49520000000000003,0.4963,0.5033,0.6107,0.5746
2025-11-27,Iwik,Sen2Cor,S2B_MSIL2A_20251127T113319_N0511_R080_T28QCG_20251127T134745.SAFE,C:\Users\Simon\Nextcloud\Project\Mauritania\Science\Arguin - FieldWork Data Processing\Data\S2\Sen2Cor\S2B_MSIL2A_20251127T113319_N0511_R080_T28QCG_20251127T134745.zip,362,41,6351,363515.0,2199605.0,0.1942,0.226,0.3124,0.4176,0.4703,0.4743,0.49010000000000004,0.49400000000000005,0.4963,0.5033,0.6107,0.5746
2025-11-27,Iwik,Sen2Cor,S2B_MSIL2A_20251127T113319_N0511_R080_T28QCG_20251127T134745.SAFE,C:\Users\Simon\Nextcloud\Project\Mauritania\Science\Arguin - FieldWork Data Processing\Data\S2\Sen2Cor\S2B_MSIL2A_20251127T113319_N0511_R080_T28QCG_20251127T134745.zip,363,41,6352,363525.0,2199605.0,0.1928,0.225,0.3124,0.4252,0.4651,0.4691,0.48410000000000003,0.49720000000000003,0.4969,0.5033,0.6066,0.5711
2025-11-27,Iwik,Sen2Cor,S2B_MSIL2A_20251127T113319_N0511_R080_T28QCG_20251127T134745.SAFE,C:\Users\Simon\Nextcloud\Project\Mauritania\Science\Arguin - FieldWork Data Processing\Data\S2\Sen2Cor\S2B_MSIL2A_20251127T113319_N0511_R080_T28QCG_20251127T134745.zip,364,41,6353,363535.0,2199605.0,0.1928,0.22820000000000001,0.3088,0.4208,0.4651,0.4691,0.48410000000000003,0.49000000000000005,0.4969,0.5033,0.6066,0.5711
2025-11-27,Iwik,Sen2Cor,S2B_MSIL2A_20251127T113319_N0511_R080_T28QCG_20251127T134745.SAFE,C:\Users\Simon\Nextcloud\Project\Mauritania\Science\Arguin - FieldWork Data Processing\Data\S2\Sen2Cor\S2B_MSIL2A_20251127T113319_N0511_R080_T28QCG_20251127T134745.zip,365,41,6354,363545.0,2199605.0,0.1922,0.22740000000000002,0.3108,0.4188,0.4636,0.4646,0.48410000000000003,0.4852,0.4839,0.5025000000000001,0.6037,0.5634
2025-11-27,Iwik,Sen2Cor,S2B_MSIL2A_20251127T113319_N0511_R080_T28QCG_20251127T134745.SAFE,C:\Users\Simon\Nextcloud\Project\Mauritania\Science\Arguin - FieldWork Data Processing\Data\S2\Sen2Cor\S2B_MSIL2A_20251127T113319_N0511_R080_T28QCG_20251127T134745.zip,366,41,6355,363555.0,2199605.0,0.1922,0.231,0.31,0.4212,0.4636,0.4646,0.48410000000000003,0.4844,0.4839,0.5025000000000001,0.6037,0.5634
2025-11-27,Iwik,Sen2Cor,S2B_MSIL2A_20251127T113319_N0511_R080_T28QCG_20251127T134745.SAFE,C:\Users\Simon\Nextcloud\Project\Mauritania\Science\Arguin - FieldWork Data Processing\Data\S2\Sen2Cor\S2B_MSIL2A_20251127T113319_N0511_R080_T28QCG_20251127T134745.zip,367,41,6356,363565.0,2199605.0,0.1917,0.2308,0.3148,0.4204,0.4708,0.4706,0.49110000000000004,0.48800000000000004,0.4954,0.5025000000000001,0.6078,0.5675
2025-11-27,Iwik,Sen2Cor,S2B_MSIL2A_20251127T113319_N0511_R080_T28QCG_20251127T134745.SAFE,C:\Users\Simon\Nextcloud\Project\Mauritania\Science\Arguin - FieldWork Data Processing\Data\S2\Sen2Cor\S2B_MSIL2A_20251127T113319_N0511_R080_T28QCG_20251127T134745.zip,368,41,6357,363575.0,2199605.0,0.1917,0.2346,0.3176,0.43,0.4708,0.4706,0.49110000000000004,0.49520000000000003,0.4954,0.5025000000000001,0.6078,0.5675
2025-11-27,Iwik,Sen2Cor,S2B_MSIL2A_20251127T113319_N0511_R080_T28QCG_20251127T134745.SAFE,C:\Users\Simon\Nextcloud\Project\Mauritania\Science\Arguin - FieldWork Data Processing\Data\S2\Sen2Cor\S2B_MSIL2A_20251127T113319_N0511_R080_T28QCG_20251127T134745.zip,369,41,6358,363585.0,2199605.0,0.1915,0.23700000000000002,0.32120000000000004,0.43760000000000004,0.4823,0.48260000000000003,0.49860000000000004,0.5108,0.5074000000000001,0.5025000000000001,0.6191,0.5738
2025-11-27,Iwik,Sen2Cor,S2B_MSIL2A_20251127T113319_N0511_R080_T28QCG_20251127T134745.SAFE,C:\Users\Simon\Nextcloud\Project\Mauritania\Science\Arguin - FieldWork Data Processing\Data\S2\Sen2Cor\S2B_MSIL2A_20251127T113319_N0511_R080_T28QCG_20251127T134745.zip,370,42,6336,363365.0,2199595.0,0.21250000000000002,0.25,0.3372,0.4516,0.5024000000000001,0.5039,0.5195000000000001,0.5236000000000001,0.5259,0.5321,0.6284000000000001,0.6007
2025-11-27,Iwik,Sen2Cor,S2B_MSIL2A_20251127T113319_N0511_R080_T28QCG_20251127T134745.SAFE,C:\Users\Simon\Nextcloud\Project\Mauritania\Science\Arguin - FieldWork Data Processing\Data\S2\Sen2Cor\S2B_MSIL2A_20251127T113319_N0511_R080_T28QCG_20251127T134745.zip,371,42,6337,363375.0,2199595.0,0.21250000000000002,0.2526,0.34,0.45320000000000005,0.5024000000000001,0.5039,0.5195000000000001,0.52,0.5259,0.5321,0.6284000000000001,0.6007
2025-11-27,Iwik,Sen2Cor,S2B_MSIL2A_20251127T113319_N0511_R080_T28QCG_20251127T134745.SAFE,C:\Users\Simon\Nextcloud\Project\Mauritania\Science\Arguin - FieldWork Data Processing\Data\S2\Sen2Cor\S2B_MSIL2A_20251127T113319_N0511_R080_T28QCG_20251127T134745.zip,372,42,6338,363385.0,2199595.0,0.21150000000000002,0.26180000000000003,0.3448,0.4652,0.5117,0.5092,0.5308,0.5316000000000001,0.5314,0.5321,0.6331,0.6038
2025-11-27,Iwik,Sen2Cor,S2B_MSIL2A_20251127T113319_N0511_R080_T28QCG_20251127T134745.SAFE,C:\Users\Simon\Nextcloud\Project\Mauritania\Science\Arguin - FieldWork Data Processing\Data\S2\Sen2Cor\S2B_MSIL2A_20251127T113319_N0511_R080_T28QCG_20251127T134745.zip,373,42,6339,363395.0,2199595.0,0.21150000000000002,0.264,0.3496,0.4676,0.5117,0.5092,0.5308,0.534,0.5314,0.5321,0.6331,0.6038
2025-11-27,Iwik,Sen2Cor,S2B_MSIL2A_20251127T113319_N0511_R080_T28QCG_20251127T134745.SAFE,C:\Users\Simon\Nextcloud\Project\Mauritania\Science\Arguin - FieldWork Data Processing\Data\S2\Sen2Cor\S2B_MSIL2A_20251127T113319_N0511_R080_T28QCG_20251127T134745.zip,374,42,6340,363405.0,2199595.0,0.2086,0.254,0.34,0.4572,0.5028,0.5055000000000001,0.5203,0.5292,0.5262,0.5321,0.6304000000000001,0.5977
2025-11-27,Iwik,Sen2Cor,S2B_MSIL2A_20251127T113319_N0511_R080_T28QCG_20251127T134745.SAFE,C:\Users\Simon\Nextcloud\Project\Mauritania\Science\Arguin - FieldWork Data Processing\Data\S2\Sen2Cor\S2B_MSIL2A_20251127T113319_N0511_R080_T28QCG_20251127T134745.zip,375,42,6341,363415.0,2199595.0,0.2086,0.24100000000000002,0.3296,0.4476,0.5028,0.5055000000000001,0.5203,0.518,0.5262,0.5321,0.6304000000000001,0.5977
2025-11-27,Iwik,Sen2Cor,S2B_MSIL2A_20251127T113319_N0511_R080_T28QCG_20251127T134745.SAFE,C:\Users\Simon\Nextcloud\Project\Mauritania\Science\Arguin - FieldWork Data Processing\Data\S2\Sen2Cor\S2B_MSIL2A_20251127T113319_N0511_R080_T28QCG_20251127T134745.zip,376,42,6342,363425.0,2199595.0,0.2036,0.2452,0.334,0.45080000000000003,0.4892,0.4924,0.5088,0.518,0.5156000000000001,0.5178,0.6205,0.5889
2025-11-27,Iwik,Sen2Cor,S2B_MSIL2A_20251127T113319_N0511_R080_T28QCG_20251127T134745.SAFE,C:\Users\Simon\Nextcloud\Project\Mauritania\Science\Arguin - FieldWork Data Processing\Data\S2\Sen2Cor\S2B_MSIL2A_20251127T113319_N0511_R080_T28QCG_20251127T134745.zip,377,42,6343,363435.0,2199595.0,0.2036,0.2426,0.33480000000000004,0.4456,0.4892,0.4924,0.5088,0.5152,0.5156000000000001,0.5178,0.6205,0.5889
2025-11-27,Iwik,Sen2Cor,S2B_MSIL2A_20251127T113319_N0511_R080_T28QCG_20251127T134745.SAFE,C:\Users\Simon\Nextcloud\Project\Mauritania\Science\Arguin - FieldWork Data Processing\Data\S2\Sen2Cor\S2B_MSIL2A_20251127T113319_N0511_R080_T28QCG_20251127T134745.zip,378,42,6344,363445.0,2199595.0,0.19940000000000002,0.2404,0.326,0.4428,0.4807,0.4822,0.49810000000000004,0.5104000000000001,0.5057,0.5178,0.6129,0.5793
2025-11-27,Iwik,Sen2Cor,S2B_MSIL2A_20251127T113319_N0511_R080_T28QCG_20251127T134745.SAFE,C:\Users\Simon\Nextcloud\Project\Mauritania\Science\Arguin - FieldWork Data Processing\Data\S2\Sen2Cor\S2B_MSIL2A_20251127T113319_N0511_R080_T28QCG_20251127T134745.zip,379,42,6345,363455.0,2199595.0,0.19940000000000002,0.23920000000000002,0.32,0.4368,0.4807,0.4822,0.49810000000000004,0.502,0.5057,0.5178,0.6129,0.5793
2025-11-27,Iwik,Sen2Cor,S2B_MSIL2A_20251127T113319_N0511_R080_T28QCG_20251127T134745.SAFE,C:\Users\Simon\Nextcloud\Project\Mauritania\Science\Arguin - FieldWork Data Processing\Data\S2\Sen2Cor\S2B_MSIL2A_20251127T113319_N0511_R080_T28QCG_20251127T134745.zip,380,42,6346,363465.0,2199595.0,0.198,0.2364,0.3196,0.4344,0.4824,0.4843,0.5005000000000001,0.502,0.5044000000000001,0.5178,0.6145,0.5800000000000001
2025-11-27,Iwik,Sen2Cor,S2B_MSIL2A_20251127T113319_N0511_R080_T28QCG_20251127T134745.SAFE,C:\Users\Simon\Nextcloud\Project\Mauritania\Science\Arguin - FieldWork Data Processing\Data\S2\Sen2Cor\S2B_MSIL2A_20251127T113319_N0511_R080_T28QCG_20251127T134745.zip,381,42,6347,363475.0,2199595.0,0.198,0.2348,0.3252,0.4384,0.4824,0.4843,0.5005000000000001,0.5084000000000001,0.5044000000000001,0.5178,0.6145,0.5800000000000001
2025-11-27,Iwik,Sen2Cor,S2B_MSIL2A_20251127T113319_N0511_R080_T28QCG_20251127T134745.SAFE,C:\Users\Simon\Nextcloud\Project\Mauritania\Science\Arguin - FieldWork Data Processing\Data\S2\Sen2Cor\S2B_MSIL2A_20251127T113319_N0511_R080_T28QCG_20251127T134745.zip,382,42,6348,363485.0,2199595.0,0.19640000000000002,0.24020000000000002,0.332,0.44120000000000004,0.48560000000000003,0.4879,0.5041,0.5112,0.5087,0.5112,0.6169,0.5805
2025-11-27,Iwik,Sen2Cor,S2B_MSIL2A_20251127T113319_N0511_R080_T28QCG_20251127T134745.SAFE,C:\Users\Simon\Nextcloud\Project\Mauritania\Science\Arguin - FieldWork Data Processing\Data\S2\Sen2Cor\S2B_MSIL2A_20251127T113319_N0511_R080_T28QCG_20251127T134745.zip,383,42,6349,363495.0,2199595.0,0.19640000000000002,0.23800000000000002,0.32080000000000003,0.4364,0.48560000000000003,0.4879,0.5041,0.504,0.5087,0.5112,0.6169,0.5805
2025-11-27,Iwik,Sen2Cor,S2B_MSIL2A_20251127T113319_N0511_R080_T28QCG_20251127T134745.SAFE,C:\Users\Simon\Nextcloud\Project\Mauritania\Science\Arguin - FieldWork Data Processing\Data\S2\Sen2Cor\S2B_MSIL2A_20251127T113319_N0511_R080_T28QCG_20251127T134745.zip,384,42,6350,363505.0,2199595.0,0.1952,0.229,0.3164,0.4252,0.4762,0.47790000000000005,0.4953,0.498,0.49870000000000003,0.5112,0.6112000000000001,0.5728
2025-11-27,Iwik,Sen2Cor,S2B_MSIL2A_20251127T113319_N0511_R080_T28QCG_20251127T134745.SAFE,C:\Users\Simon\Nextcloud\Project\Mauritania\Science\Arguin - FieldWork Data Processing\Data\S2\Sen2Cor\S2B_MSIL2A_20251127T113319_N0511_R080_T28QCG_20251127T134745.zip,385,42,6351,363515.0,2199595.0,0.1952,0.2278,0.3156,0.4188,0.4762,0.47790000000000005,0.4953,0.4924,0.49870000000000003,0.5112,0.6112000000000001,0.5728
2025-11-27,Iwik,Sen2Cor,S2B_MSIL2A_20251127T113319_N0511_R080_T28QCG_20251127T134745.SAFE,C:\Users\Simon\Nextcloud\Project\Mauritania\Science\Arguin - FieldWork Data Processing\Data\S2\Sen2Cor\S2B_MSIL2A_20251127T113319_N0511_R080_T28QCG_20251127T134745.zip,386,42,6352,363525.0,2199595.0,0.1943,0.22820000000000001,0.3156,0.4272,0.4701,0.4693,0.48500000000000004,0.49560000000000004,0.49470000000000003,0.5112,0.6051000000000001,0.5675
2025-11-27,Iwik,Sen2Cor,S2B_MSIL2A_20251127T113319_N0511_R080_T28QCG_20251127T134745.SAFE,C:\Users\Simon\Nextcloud\Project\Mauritania\Science\Arguin - FieldWork Data Processing\Data\S2\Sen2Cor\S2B_MSIL2A_20251127T113319_N0511_R080_T28QCG_20251127T134745.zip,387,42,6353,363535.0,2199595.0,0.1943,0.22940000000000002,0.3124,0.42400000000000004,0.4701,0.4693,0.48500000000000004,0.49200000000000005,0.49470000000000003,0.5112,0.6051000000000001,0.5675
2025-11-27,Iwik,Sen2Cor,S2B_MSIL2A_20251127T113319_N0511_R080_T28QCG_20251127T134745.SAFE,C:\Users\Simon\Nextcloud\Project\Mauritania\Science\Arguin - FieldWork Data Processing\Data\S2\Sen2Cor\S2B_MSIL2A_20251127T113319_N0511_R080_T28QCG_20251127T134745.zip,388,42,6354,363545.0,2199595.0,0.19390000000000002,0.22760000000000002,0.30960000000000004,0.4184,0.4677,0.4707,0.48800000000000004,0.48760000000000003,0.49470000000000003,0.5147,0.6029,0.5637
2025-11-27,Iwik,Sen2Cor,S2B_MSIL2A_20251127T113319_N0511_R080_T28QCG_20251127T134745.SAFE,C:\Users\Simon\Nextcloud\Project\Mauritania\Science\Arguin - FieldWork Data Processing\Data\S2\Sen2Cor\S2B_MSIL2A_20251127T113319_N0511_R080_T28QCG_20251127T134745.zip,389,42,6355,363555.0,2199595.0,0.19390000000000002,0.23220000000000002,0.3144,0.4252,0.4677,0.4707,0.48800000000000004,0.49200000000000005,0.49470000000000003,0.5147,0.6029,0.5637
2025-11-27,Iwik,Sen2Cor,S2B_MSIL2A_20251127T113319_N0511_R080_T28QCG_20251127T134745.SAFE,C:\Users\Simon\Nextcloud\Project\Mauritania\Science\Arguin - FieldWork Data Processing\Data\S2\Sen2Cor\S2B_MSIL2A_20251127T113319_N0511_R080_T28QCG_20251127T134745.zip,390,42,6356,363565.0,2199595.0,0.194,0.23340000000000002,0.32080000000000003,0.4272,0.4793,0.48160000000000003,0.4973,0.502,0.5053,0.5147,0.612,0.5708
2025-11-27,Iwik,Sen2Cor,S2B_MSIL2A_20251127T113319_N0511_R080_T28QCG_20251127T134745.SAFE,C:\Users\Simon\Nextcloud\Project\Mauritania\Science\Arguin - FieldWork Data Processing\Data\S2\Sen2Cor\S2B_MSIL2A_20251127T113319_N0511_R080_T28QCG_20251127T134745.zip,391,42,6357,363575.0,2199595.0,0.194,0.2378,0.32280000000000003,0.43920000000000003,0.4793,0.48160000000000003,0.4973,0.5084000000000001,0.5053,0.5147,0.612,0.5708
2025-11-27,Iwik,Sen2Cor,S2B_MSIL2A_20251127T113319_N0511_R080_T28QCG_20251127T134745.SAFE,C:\Users\Simon\Nextcloud\Project\Mauritania\Science\Arguin - FieldWork Data Processing\Data\S2\Sen2Cor\S2B_MSIL2A_20251127T113319_N0511_R080_T28QCG_20251127T134745.zip,392,43,6336,363365.0,2199585.0,0.21250000000000002,0.2586,0.3396,0.45520000000000005,0.5024000000000001,0.5039,0.5195000000000001,0.5248,0.5259,0.5321,0.6284000000000001,0.6007
2025-11-27,Iwik,Sen2Cor,S2B_MSIL2A_20251127T113319_N0511_R080_T28QCG_20251127T134745.SAFE,C:\Users\Simon\Nextcloud\Project\Mauritania\Science\Arguin - FieldWork Data Processing\Data\S2\Sen2Cor\S2B_MSIL2A_20251127T113319_N0511_R080_T28QCG_20251127T134745.zip,393,43,6337,363375.0,2199585.0,0.21250000000000002,0.2592,0.3468,0.46080000000000004,0.5024000000000001,0.5039,0.5195000000000001,0.5284,0.5259,0.5321,0.6284000000000001,0.6007
2025-11-27,Iwik,Sen2Cor,S2B_MSIL2A_20251127T113319_N0511_R080_T28QCG_20251127T134745.SAFE,C:\Users\Simon\Nextcloud\Project\Mauritania\Science\Arguin - FieldWork Data Processing\Data\S2\Sen2Cor\S2B_MSIL2A_20251127T113319_N0511_R080_T28QCG_20251127T134745.zip,394,43,6338,363385.0,2199585.0,0.21150000000000002,0.263,0.3476,0.46480000000000005,0.5117,0.5092,0.5308,0.5324,0.5314,0.5321,0.6331,0.6038
2025-11-27,Iwik,Sen2Cor,S2B_MSIL2A_20251127T113319_N0511_R080_T28QCG_20251127T134745.SAFE,C:\Users\Simon\Nextcloud\Project\Mauritania\Science\Arguin - FieldWork Data Processing\Data\S2\Sen2Cor\S2B_MSIL2A_20251127T113319_N0511_R080_T28QCG_20251127T134745.zip,395,43,6339,363395.0,2199585.0,0.21150000000000002,0.2602,0.3472,0.466,0.5117,0.5092,0.5308,0.5308,0.5314,0.5321,0.6331,0.6038
2025-11-27,Iwik,Sen2Cor,S2B_MSIL2A_20251127T113319_N0511_R080_T28QCG_20251127T134745.SAFE,C:\Users\Simon\Nextcloud\Project\Mauritania\Science\Arguin - FieldWork Data Processing\Data\S2\Sen2Cor\S2B_MSIL2A_20251127T113319_N0511_R080_T28QCG_20251127T134745.zip,396,43,6340,363405.0,2199585.0,0.2086,0.2564,0.3388,0.4576,0.5028,0.5055000000000001,0.5203,0.5268,0.5262,0.5321,0.6304000000000001,0.5977
2025-11-27,Iwik,Sen2Cor,S2B_MSIL2A_20251127T113319_N0511_R080_T28QCG_20251127T134745.SAFE,C:\Users\Simon\Nextcloud\Project\Mauritania\Science\Arguin - FieldWork Data Processing\Data\S2\Sen2Cor\S2B_MSIL2A_20251127T113319_N0511_R080_T28QCG_20251127T134745.zip,397,43,6341,363415.0,2199585.0,0.2086,0.2464,0.3356,0.45280000000000004,0.5028,0.5055000000000001,0.5203,0.5216000000000001,0.5262,0.5321,0.6304000000000001,0.5977
2025-11-27,Iwik,Sen2Cor,S2B_MSIL2A_20251127T113319_N0511_R080_T28QCG_20251127T134745.SAFE,C:\Users\Simon\Nextcloud\Project\Mauritania\Science\Arguin - FieldWork Data Processing\Data\S2\Sen2Cor\S2B_MSIL2A_20251127T113319_N0511_R080_T28QCG_20251127T134745.zip,398,43,6342,363425.0,2199585.0,0.2036,0.24020000000000002,0.33,0.4484,0.4892,0.4924,0.5088,0.5168,0.5156000000000001,0.5178,0.6205,0.5889
2025-11-27,Iwik,Sen2Cor,S2B_MSIL2A_20251127T113319_N0511_R080_T28QCG_20251127T134745.SAFE,C:\Users\Simon\Nextcloud\Project\Mauritania\Science\Arguin - FieldWork Data Processing\Data\S2\Sen2Cor\S2B_MSIL2A_20251127T113319_N0511_R080_T28QCG_20251127T134745.zip,399,43,6343,363435.0,2199585.0,0.2036,0.24020000000000002,0.32880000000000004,0.44320000000000004,0.4892,0.4924,0.5088,0.5084000000000001,0.5156000000000001,0.5178,0.6205,0.5889
2025-11-27,Iwik,Sen2Cor,S2B_MSIL2A_20251127T113319_N0511_R080_T28QCG_20251127T134745.SAFE,C:\Users\Simon\Nextcloud\Project\Mauritania\Science\Arguin - FieldWork Data Processing\Data\S2\Sen2Cor\S2B_MSIL2A_20251127T113319_N0511_R080_T28QCG_20251127T134745.zip,400,43,6344,363445.0,2199585.0,0.19940000000000002,0.24020000000000002,0.3244,0.438,0.4807,0.4822,0.49810000000000004,0.5092,0.5057,0.5178,0.6129,0.5793
2025-11-27,Iwik,Sen2Cor,S2B_MSIL2A_20251127T113319_N0511_R080_T28QCG_20251127T134745.SAFE,C:\Users\Simon\Nextcloud\Project\Mauritania\Science\Arguin - FieldWork Data Processing\Data\S2\Sen2Cor\S2B_MSIL2A_20251127T113319_N0511_R080_T28QCG_20251127T134745.zip,401,43,6345,363455.0,2199585.0,0.19940000000000002,0.2354,0.3184,0.4308,0.4807,0.4822,0.49810000000000004,0.5008,0.5057,0.5178,0.6129,0.5793
2025-11-27,Iwik,Sen2Cor,S2B_MSIL2A_20251127T113319_N0511_R080_T28QCG_20251127T134745.SAFE,C:\Users\Simon\Nextcloud\Project\Mauritania\Science\Arguin - FieldWork Data Processing\Data\S2\Sen2Cor\S2B_MSIL2A_20251127T113319_N0511_R080_T28QCG_20251127T134745.zip,402,43,6346,363465.0,2199585.0,0.198,0.23600000000000002,0.31920000000000004,0.43160000000000004,0.4824,0.4843,0.5005000000000001,0.4984,0.5044000000000001,0.5178,0.6145,0.5800000000000001
2025-11-27,Iwik,Sen2Cor,S2B_MSIL2A_20251127T113319_N0511_R080_T28QCG_20251127T134745.SAFE,C:\Users\Simon\Nextcloud\Project\Mauritania\Science\Arguin - FieldWork Data Processing\Data\S2\Sen2Cor\S2B_MSIL2A_20251127T113319_N0511_R080_T28QCG_20251127T134745.zip,403,43,6347,363475.0,2199585.0,0.198,0.2374,0.324,0.4368,0.4824,0.4843,0.5005000000000001,0.5088,0.5044000000000001,0.5178,0.6145,0.5800000000000001
2025-11-27,Iwik,Sen2Cor,S2B_MSIL2A_20251127T113319_N0511_R080_T28QCG_20251127T134745.SAFE,C:\Users\Simon\Nextcloud\Project\Mauritania\Science\Arguin - FieldWork Data Processing\Data\S2\Sen2Cor\S2B_MSIL2A_20251127T113319_N0511_R080_T28QCG_20251127T134745.zip,404,43,6348,363485.0,2199585.0,0.19640000000000002,0.24020000000000002,0.3284,0.4404,0.48560000000000003,0.4879,0.5041,0.5088,0.5087,0.5112,0.6169,0.5805
2025-11-27,Iwik,Sen2Cor,S2B_MSIL2A_20251127T113319_N0511_R080_T28QCG_20251127T134745.SAFE,C:\Users\Simon\Nextcloud\Project\Mauritania\Science\Arguin - FieldWork Data Processing\Data\S2\Sen2Cor\S2B_MSIL2A_20251127T113319_N0511_R080_T28QCG_20251127T134745.zip,405,43,6349,363495.0,2199585.0,0.19640000000000002,0.2466,0.326,0.442,0.48560000000000003,0.4879,0.5041,0.5096,0.5087,0.5112,0.6169,0.5805
2025-11-27,Iwik,Sen2Cor,S2B_MSIL2A_20251127T113319_N0511_R080_T28QCG_20251127T134745.SAFE,C:\Users\Simon\Nextcloud\Project\Mauritania\Science\Arguin - FieldWork Data Processing\Data\S2\Sen2Cor\S2B_MSIL2A_20251127T113319_N0511_R080_T28QCG_20251127T134745.zip,406,43,6350,363505.0,2199585.0,0.1952,0.2338,0.32080000000000003,0.4312,0.4762,0.47790000000000005,0.4953,0.5052,0.49870000000000003,0.5112,0.6112000000000001,0.5728
2025-11-27,Iwik,Sen2Cor,S2B_MSIL2A_20251127T113319_N0511_R080_T28QCG_20251127T134745.SAFE,C:\Users\Simon\Nextcloud\Project\Mauritania\Science\Arguin - FieldWork Data Processing\Data\S2\Sen2Cor\S2B_MSIL2A_20251127T113319_N0511_R080_T28QCG_20251127T134745.zip,407,43,6351,363515.0,2199585.0,0.1952,0.22940000000000002,0.3176,0.4292,0.4762,0.47790000000000005,0.4953,0.4984,0.49870000000000003,0.5112,0.6112000000000001,0.5728
2025-11-27,Iwik,Sen2Cor,S2B_MSIL2A_20251127T113319_N0511_R080_T28QCG_20251127T134745.SAFE,C:\Users\Simon\Nextcloud\Project\Mauritania\Science\Arguin - FieldWork Data Processing\Data\S2\Sen2Cor\S2B_MSIL2A_20251127T113319_N0511_R080_T28QCG_20251127T134745.zip,408,43,6352,363525.0,2199585.0,0.1943,0.23320000000000002,0.3204,0.4308,0.4701,0.4693,0.48500000000000004,0.4968,0.49470000000000003,0.5112,0.6051000000000001,0.5675
2025-11-27,Iwik,Sen2Cor,S2B_MSIL2A_20251127T113319_N0511_R080_T28QCG_20251127T134745.SAFE,C:\Users\Simon\Nextcloud\Project\Mauritania\Science\Arguin - FieldWork Data Processing\Data\S2\Sen2Cor\S2B_MSIL2A_20251127T113319_N0511_R080_T28QCG_20251127T134745.zip,409,43,6353,363535.0,2199585.0,0.1943,0.22440000000000002,0.3164,0.4252,0.4701,0.4693,0.48500000000000004,0.48760000000000003,0.49470000000000003,0.5112,0.6051000000000001,0.5675
2025-11-27,Iwik,Sen2Cor,S2B_MSIL2A_20251127T113319_N0511_R080_T28QCG_20251127T134745.SAFE,C:\Users\Simon\Nextcloud\Project\Mauritania\Science\Arguin - FieldWork Data Processing\Data\S2\Sen2Cor\S2B_MSIL2A_20251127T113319_N0511_R080_T28QCG_20251127T134745.zip,410,43,6354,363545.0,2199585.0,0.19390000000000002,0.2262,0.314,0.42360000000000003,0.4677,0.4707,0.48800000000000004,0.4884,0.49470000000000003,0.5147,0.6029,0.5637
2025-11-27,Iwik,Sen2Cor,S2B_MSIL2A_20251127T113319_N0511_R080_T28QCG_20251127T134745.SAFE,C:\Users\Simon\Nextcloud\Project\Mauritania\Science\Arguin - FieldWork Data Processing\Data\S2\Sen2Cor\S2B_MSIL2A_20251127T113319_N0511_R080_T28QCG_20251127T134745.zip,411,43,6355,363555.0,2199585.0,0.19390000000000002,0.2336,0.32,0.4312,0.4677,0.4707,0.48800000000000004,0.496,0.49470000000000003,0.5147,0.6029,0.5637
2025-11-27,Iwik,Sen2Cor,S2B_MSIL2A_20251127T113319_N0511_R080_T28QCG_20251127T134745.SAFE,C:\Users\Simon\Nextcloud\Project\Mauritania\Science\Arguin - FieldWork Data Processing\Data\S2\Sen2Cor\S2B_MSIL2A_20251127T113319_N0511_R080_T28QCG_20251127T134745.zip,412,43,6356,363565.0,2199585.0,0.194,0.2358,0.32,0.43560000000000004,0.4793,0.48160000000000003,0.4973,0.506,0.5053,0.5147,0.612,0.5708
2025-11-27,Iwik,Sen2Cor,S2B_MSIL2A_20251127T113319_N0511_R080_T28QCG_20251127T134745.SAFE,C:\Users\Simon\Nextcloud\Project\Mauritania\Science\Arguin - FieldWork Data Processing\Data\S2\Sen2Cor\S2B_MSIL2A_20251127T113319_N0511_R080_T28QCG_20251127T134745.zip,413,43,6357,363575.0,2199585.0,0.194,0.23920000000000002,0.3168,0.43560000000000004,0.4793,0.48160000000000003,0.4973,0.508,0.5053,0.5147,0.612,0.5708
2025-11-27,Iwik,Sen2Cor,S2B_MSIL2A_20251127T113319_N0511_R080_T28QCG_20251127T134745.SAFE,C:\Users\Simon\Nextcloud\Project\Mauritania\Science\Arguin - FieldWork Data Processing\Data\S2\Sen2Cor\S2B_MSIL2A_20251127T113319_N0511_R080_T28QCG_20251127T134745.zip,414,44,6336,363365.0,2199575.0,0.21080000000000002,0.2536,0.3376,0.45080000000000003,0.5054000000000001,0.5056,0.5237,0.522,0.527,0.5321,0.6283000000000001,0.5967
2025-11-27,Iwik,Sen2Cor,S2B_MSIL2A_20251127T113319_N0511_R080_T28QCG_20251127T134745.SAFE,C:\Users\Simon\Nextcloud\Project\Mauritania\Science\Arguin - FieldWork Data Processing\Data\S2\Sen2Cor\S2B_MSIL2A_20251127T113319_N0511_R080_T28QCG_20251127T134745.zip,415,44,6337,363375.0,2199575.0,0.21080000000000002,0.2558,0.34640000000000004,0.45880000000000004,0.5054000000000001,0.5056,0.5237,0.5264,0.527,0.5321,0.6283000000000001,0.5967
2025-11-27,Iwik,Sen2Cor,S2B_MSIL2A_20251127T113319_N0511_R080_T28QCG_20251127T134745.SAFE,C:\Users\Simon\Nextcloud\Project\Mauritania\Science\Arguin - FieldWork Data Processing\Data\S2\Sen2Cor\S2B_MSIL2A_20251127T113319_N0511_R080_T28QCG_20251127T134745.zip,416,44,6338,363385.0,2199575.0,0.21050000000000002,0.2592,0.3428,0.4572,0.503,0.5064000000000001,0.5201,0.5248,0.5283,0.5321,0.6274000000000001,0.5978
2025-11-27,Iwik,Sen2Cor,S2B_MSIL2A_20251127T113319_N0511_R080_T28QCG_20251127T134745.SAFE,C:\Users\Simon\Nextcloud\Project\Mauritania\Science\Arguin - FieldWork Data Processing\Data\S2\Sen2Cor\S2B_MSIL2A_20251127T113319_N0511_R080_T28QCG_20251127T134745.zip,417,44,6339,363395.0,2199575.0,0.21050000000000002,0.2534,0.33840000000000003,0.45640000000000003,0.503,0.5064000000000001,0.5201,0.5264,0.5283,0.5321,0.6274000000000001,0.5978
2025-11-27,Iwik,Sen2Cor,S2B_MSIL2A_20251127T113319_N0511_R080_T28QCG_20251127T134745.SAFE,C:\Users\Simon\Nextcloud\Project\Mauritania\Science\Arguin - FieldWork Data Processing\Data\S2\Sen2Cor\S2B_MSIL2A_20251127T113319_N0511_R080_T28QCG_20251127T134745.zip,418,44,6340,363405.0,2199575.0,0.20800000000000002,0.25320000000000004,0.3372,0.4544,0.5026,0.5066,0.5218,0.5304,0.5253,0.5321,0.63,0.5982000000000001
2025-11-27,Iwik,Sen2Cor,S2B_MSIL2A_20251127T113319_N0511_R080_T28QCG_20251127T134745.SAFE,C:\Users\Simon\Nextcloud\Project\Mauritania\Science\Arguin - FieldWork Data Processing\Data\S2\Sen2Cor\S2B_MSIL2A_20251127T113319_N0511_R080_T28QCG_20251127T134745.zip,419,44,6341,363415.0,2199575.0,0.20800000000000002,0.2484,0.3436,0.4576,0.5026,0.5066,0.5218,0.524,0.5253,0.5321,0.63,0.5982000000000001
2025-11-27,Iwik,Sen2Cor,S2B_MSIL2A_20251127T113319_N0511_R080_T28QCG_20251127T134745.SAFE,C:\Users\Simon\Nextcloud\Project\Mauritania\Science\Arguin - FieldWork Data Processing\Data\S2\Sen2Cor\S2B_MSIL2A_20251127T113319_N0511_R080_T28QCG_20251127T134745.zip,420,44,6342,363425.0,2199575.0,0.20320000000000002,0.2446,0.334,0.44520000000000004,0.4909,0.49200000000000005,0.5125000000000001,0.5204,0.5129,0.5178,0.6226,0.5885
2025-11-27,Iwik,Sen2Cor,S2B_MSIL2A_20251127T113319_N0511_R080_T28QCG_20251127T134745.SAFE,C:\Users\Simon\Nextcloud\Project\Mauritania\Science\Arguin - FieldWork Data Processing\Data\S2\Sen2Cor\S2B_MSIL2A_20251127T113319_N0511_R080_T28QCG_20251127T134745.zip,421,44,6343,363435.0,2199575.0,0.20320000000000002,0.2396,0.3284,0.4404,0.4909,0.49200000000000005,0.5125000000000001,0.5104000000000001,0.5129,0.5178,0.6226,0.5885
2025-11-27,Iwik,Sen2Cor,S2B_MSIL2A_20251127T113319_N0511_R080_T28QCG_20251127T134745.SAFE,C:\Users\Simon\Nextcloud\Project\Mauritania\Science\Arguin - FieldWork Data Processing\Data\S2\Sen2Cor\S2B_MSIL2A_20251127T113319_N0511_R080_T28QCG_20251127T134745.zip,422,44,6344,363445.0,2199575.0,0.1995,0.24020000000000002,0.326,0.43760000000000004,0.48400000000000004,0.4899,0.5058,0.5108,0.5088,0.5178,0.6192000000000001,0.5823
2025-11-27,Iwik,Sen2Cor,S2B_MSIL2A_20251127T113319_N0511_R080_T28QCG_20251127T134745.SAFE,C:\Users\Simon\Nextcloud\Project\Mauritania\Science\Arguin - FieldWork Data Processing\Data\S2\Sen2Cor\S2B_MSIL2A_20251127T113319_N0511_R080_T28QCG_20251127T134745.zip,423,44,6345,363455.0,2199575.0,0.1995,0.2356,0.3176,0.43320000000000003,0.48400000000000004,0.4899,0.5058,0.5024000000000001,0.5088,0.5178,0.6192000000000001,0.5823
2025-11-27,Iwik,Sen2Cor,S2B_MSIL2A_20251127T113319_N0511_R080_T28QCG_20251127T134745.SAFE,C:\Users\Simon\Nextcloud\Project\Mauritania\Science\Arguin - FieldWork Data Processing\Data\S2\Sen2Cor\S2B_MSIL2A_20251127T113319_N0511_R080_T28QCG_20251127T134745.zip,424,44,6346,363465.0,2199575.0,0.19770000000000001,0.24080000000000001,0.3196,0.42960000000000004,0.4807,0.4857,0.5043,0.49960000000000004,0.5074000000000001,0.5178,0.617,0.5813
2025-11-27,Iwik,Sen2Cor,S2B_MSIL2A_20251127T113319_N0511_R080_T28QCG_20251127T134745.SAFE,C:\Users\Simon\Nextcloud\Project\Mauritania\Science\Arguin - FieldWork Data Processing\Data\S2\Sen2Cor\S2B_MSIL2A_20251127T113319_N0511_R080_T28QCG_20251127T134745.zip,425,44,6347,363475.0,2199575.0,0.19770000000000001,0.2396,0.32080000000000003,0.434,0.4807,0.4857,0.5043,0.5004000000000001,0.5074000000000001,0.5178,0.617,0.5813
2025-11-27,Iwik,Sen2Cor,S2B_MSIL2A_20251127T113319_N0511_R080_T28QCG_20251127T134745.SAFE,C:\Users\Simon\Nextcloud\Project\Mauritania\Science\Arguin - FieldWork Data Processing\Data\S2\Sen2Cor\S2B_MSIL2A_20251127T113319_N0511_R080_T28QCG_20251127T134745.zip,426,44,6348,363485.0,2199575.0,0.1973,0.2374,0.32280000000000003,0.43720000000000003,0.4869,0.4898,0.5031,0.5044000000000001,0.5112,0.5112,0.618,0.5827
2025-11-27,Iwik,Sen2Cor,S2B_MSIL2A_20251127T113319_N0511_R080_T28QCG_20251127T134745.SAFE,C:\Users\Simon\Nextcloud\Project\Mauritania\Science\Arguin - FieldWork Data Processing\Data\S2\Sen2Cor\S2B_MSIL2A_20251127T113319_N0511_R080_T28QCG_20251127T134745.zip,427,44,6349,363495.0,2199575.0,0.1973,0.2432,0.3304,0.442,0.4869,0.4898,0.5031,0.5096,0.5112,0.5112,0.618,0.5827
2025-11-27,Iwik,Sen2Cor,S2B_MSIL2A_20251127T113319_N0511_R080_T28QCG_20251127T134745.SAFE,C:\Users\Simon\Nextcloud\Project\Mauritania\Science\Arguin - FieldWork Data Processing\Data\S2\Sen2Cor\S2B_MSIL2A_20251127T113319_N0511_R080_T28QCG_20251127T134745.zip,428,44,6350,363505.0,2199575.0,0.1968,0.2416,0.3284,0.44,0.48760000000000003,0.4884,0.5053,0.5072,0.511,0.5112,0.6148,0.5787
2025-11-27,Iwik,Sen2Cor,S2B_MSIL2A_20251127T113319_N0511_R080_T28QCG_20251127T134745.SAFE,C:\Users\Simon\Nextcloud\Project\Mauritania\Science\Arguin - FieldWork Data Processing\Data\S2\Sen2Cor\S2B_MSIL2A_20251127T113319_N0511_R080_T28QCG_20251127T134745.zip,429,44,6351,363515.0,2199575.0,0.1968,0.23700000000000002,0.32080000000000003,0.43520000000000003,0.48760000000000003,0.4884,0.5053,0.5072,0.511,0.5112,0.6148,0.5787
2025-11-27,Iwik,Sen2Cor,S2B_MSIL2A_20251127T113319_N0511_R080_T28QCG_20251127T134745.SAFE,C:\Users\Simon\Nextcloud\Project\Mauritania\Science\Arguin - FieldWork Data Processing\Data\S2\Sen2Cor\S2B_MSIL2A_20251127T113319_N0511_R080_T28QCG_20251127T134745.zip,430,44,6352,363525.0,2199575.0,0.19640000000000002,0.23520000000000002,0.3184,0.42960000000000004,0.47590000000000005,0.47740000000000005,0.48950000000000005,0.5024000000000001,0.49760000000000004,0.5112,0.606,0.5656
2025-11-27,Iwik,Sen2Cor,S2B_MSIL2A_20251127T113319_N0511_R080_T28QCG_20251127T134745.SAFE,C:\Users\Simon\Nextcloud\Project\Mauritania\Science\Arguin - FieldWork Data Processing\Data\S2\Sen2Cor\S2B_MSIL2A_20251127T113319_N0511_R080_T28QCG_20251127T134745.zip,431,44,6353,363535.0,2199575.0,0.19640000000000002,0.23240000000000002,0.3144,0.4272,0.47590000000000005,0.47740000000000005,0.48950000000000005,0.4988,0.49760000000000004,0.5112,0.606,0.5656
2025-11-27,Iwik,Sen2Cor,S2B_MSIL2A_20251127T113319_N0511_R080_T28QCG_20251127T134745.SAFE,C:\Users\Simon\Nextcloud\Project\Mauritania\Science\Arguin - FieldWork Data Processing\Data\S2\Sen2Cor\S2B_MSIL2A_20251127T113319_N0511_R080_T28QCG_20251127T134745.zip,432,44,6354,363545.0,2199575.0,0.1963,0.23620000000000002,0.31880000000000003,0.4324,0.4723,0.4757,0.49110000000000004,0.498,0.49770000000000003,0.5147,0.6041000000000001,0.5611
2025-11-27,Iwik,Sen2Cor,S2B_MSIL2A_20251127T113319_N0511_R080_T28QCG_20251127T134745.SAFE,C:\Users\Simon\Nextcloud\Project\Mauritania\Science\Arguin - FieldWork Data Processing\Data\S2\Sen2Cor\S2B_MSIL2A_20251127T113319_N0511_R080_T28QCG_20251127T134745.zip,433,44,6355,363555.0,2199575.0,0.1963,0.24020000000000002,0.322,0.4328,0.4723,0.4757,0.49110000000000004,0.5,0.49770000000000003,0.5147,0.6041000000000001,0.5611
2025-11-27,Iwik,Sen2Cor,S2B_MSIL2A_20251127T113319_N0511_R080_T28QCG_20251127T134745.SAFE,C:\Users\Simon\Nextcloud\Project\Mauritania\Science\Arguin - FieldWork Data Processing\Data\S2\Sen2Cor\S2B_MSIL2A_20251127T113319_N0511_R080_T28QCG_20251127T134745.zip,434,44,6356,363565.0,2199575.0,0.1966,0.2366,0.32120000000000004,0.43520000000000003,0.4781,0.48000000000000004,0.49720000000000003,0.5016,0.5075000000000001,0.5147,0.6121,0.5680000000000001
2025-11-27,Iwik,Sen2Cor,S2B_MSIL2A_20251127T113319_N0511_R080_T28QCG_20251127T134745.SAFE,C:\Users\Simon\Nextcloud\Project\Mauritania\Science\Arguin - FieldWork Data Processing\Data\S2\Sen2Cor\S2B_MSIL2A_20251127T113319_N0511_R080_T28QCG_20251127T134745.zip,435,44,6357,363575.0,2199575.0,0.1966,0.2376,0.3196,0.434,0.4781,0.48000000000000004,0.49720000000000003,0.5004000000000001,0.5075000000000001,0.5147,0.6121,0.5680000000000001
2025-11-27,Iwik,Sen2Cor,S2B_MSIL2A_20251127T113319_N0511_R080_T28QCG_20251127T134745.SAFE,C:\Users\Simon\Nextcloud\Project\Mauritania\Science\Arguin - FieldWork Data Processing\Data\S2\Sen2Cor\S2B_MSIL2A_20251127T113319_N0511_R080_T28QCG_20251127T134745.zip,436,45,6335,363355.0,2199565.0,0.21000000000000002,0.2524,0.3372,0.44880000000000003,0.499,0.4994,0.5167,0.5204,0.5241,0.5232,0.6266,0.5958
2025-11-27,Iwik,Sen2Cor,S2B_MSIL2A_20251127T113319_N0511_R080_T28QCG_20251127T134745.SAFE,C:\Users\Simon\Nextcloud\Project\Mauritania\Science\Arguin - FieldWork Data Processing\Data\S2\Sen2Cor\S2B_MSIL2A_20251127T113319_N0511_R080_T28QCG_20251127T134745.zip,437,45,6336,363365.0,2199565.0,0.21080000000000002,0.259,0.342,0.4544,0.5054000000000001,0.5056,0.5237,0.5252,0.527,0.5321,0.6283000000000001,0.5967
2025-11-27,Iwik,Sen2Cor,S2B_MSIL2A_20251127T113319_N0511_R080_T28QCG_20251127T134745.SAFE,C:\Users\Simon\Nextcloud\Project\Mauritania\Science\Arguin - FieldWork Data Processing\Data\S2\Sen2Cor\S2B_MSIL2A_20251127T113319_N0511_R080_T28QCG_20251127T134745.zip,438,45,6337,363375.0,2199565.0,0.21080000000000002,0.25780000000000003,0.3432,0.45640000000000003,0.5054000000000001,0.5056,0.5237,0.5196000000000001,0.527,0.5321,0.6283000000000001,0.5967
2025-11-27,Iwik,Sen2Cor,S2B_MSIL2A_20251127T113319_N0511_R080_T28QCG_20251127T134745.SAFE,C:\Users\Simon\Nextcloud\Project\Mauritania\Science\Arguin - FieldWork Data Processing\Data\S2\Sen2Cor\S2B_MSIL2A_20251127T113319_N0511_R080_T28QCG_20251127T134745.zip,439,45,6338,363385.0,2199565.0,0.21050000000000002,0.251,0.33840000000000003,0.4556,0.503,0.5064000000000001,0.5201,0.5184,0.5283,0.5321,0.6274000000000001,0.5978
2025-11-27,Iwik,Sen2Cor,S2B_MSIL2A_20251127T113319_N0511_R080_T28QCG_20251127T134745.SAFE,C:\Users\Simon\Nextcloud\Project\Mauritania\Science\Arguin - FieldWork Data Processing\Data\S2\Sen2Cor\S2B_MSIL2A_20251127T113319_N0511_R080_T28QCG_20251127T134745.zip,440,45,6339,363395.0,2199565.0,0.21050000000000002,0.2474,0.33480000000000004,0.452,0.503,0.5064000000000001,0.5201,0.5228,0.5283,0.5321,0.6274000000000001,0.5978
2025-11-27,Iwik,Sen2Cor,S2B_MSIL2A_20251127T113319_N0511_R080_T28QCG_20251127T134745.SAFE,C:\Users\Simon\Nextcloud\Project\Mauritania\Science\Arguin - FieldWork Data Processing\Data\S2\Sen2Cor\S2B_MSIL2A_20251127T113319_N0511_R080_T28QCG_20251127T134745.zip,441,45,6340,363405.0,2199565.0,0.20800000000000002,0.254,0.33840000000000003,0.45520000000000005,0.5026,0.5066,0.5218,0.526,0.5253,0.5321,0.63,0.5982000000000001
2025-11-27,Iwik,Sen2Cor,S2B_MSIL2A_20251127T113319_N0511_R080_T28QCG_20251127T134745.SAFE,C:\Users\Simon\Nextcloud\Project\Mauritania\Science\Arguin - FieldWork Data Processing\Data\S2\Sen2Cor\S2B_MSIL2A_20251127T113319_N0511_R080_T28QCG_20251127T134745.zip,442,45,6341,363415.0,2199565.0,0.20800000000000002,0.253,0.342,0.4596,0.5026,0.5066,0.5218,0.5248,0.5253,0.5321,0.63,0.5982000000000001
2025-11-27,Iwik,Sen2Cor,S2B_MSIL2A_20251127T113319_N0511_R080_T28QCG_20251127T134745.SAFE,C:\Users\Simon\Nextcloud\Project\Mauritania\Science\Arguin - FieldWork Data Processing\Data\S2\Sen2Cor\S2B_MSIL2A_20251127T113319_N0511_R080_T28QCG_20251127T134745.zip,443,45,6342,363425.0,2199565.0,0.20320000000000002,0.2474,0.33440000000000003,0.444,0.4909,0.49200000000000005,0.5125000000000001,0.52,0.5129,0.5178,0.6226,0.5885
2025-11-27,Iwik,Sen2Cor,S2B_MSIL2A_20251127T113319_N0511_R080_T28QCG_20251127T134745.SAFE,C:\Users\Simon\Nextcloud\Project\Mauritania\Science\Arguin - FieldWork Data Processing\Data\S2\Sen2Cor\S2B_MSIL2A_20251127T113319_N0511_R080_T28QCG_20251127T134745.zip,444,45,6343,363435.0,2199565.0,0.20320000000000002,0.23420000000000002,0.3256,0.43960000000000005,0.4909,0.49200000000000005,0.5125000000000001,0.5088,0.5129,0.5178,0.6226,0.5885
2025-11-27,Iwik,Sen2Cor,S2B_MSIL2A_20251127T113319_N0511_R080_T28QCG_20251127T134745.SAFE,C:\Users\Simon\Nextcloud\Project\Mauritania\Science\Arguin - FieldWork Data Processing\Data\S2\Sen2Cor\S2B_MSIL2A_20251127T113319_N0511_R080_T28QCG_20251127T134745.zip,445,45,6344,363445.0,2199565.0,0.1995,0.23920000000000002,0.3272,0.43760000000000004,0.48400000000000004,0.4899,0.5058,0.5052,0.5088,0.5178,0.6192000000000001,0.5823
2025-11-27,Iwik,Sen2Cor,S2B_MSIL2A_20251127T113319_N0511_R080_T28QCG_20251127T134745.SAFE,C:\Users\Simon\Nextcloud\Project\Mauritania\Science\Arguin - FieldWork Data Processing\Data\S2\Sen2Cor\S2B_MSIL2A_20251127T113319_N0511_R080_T28QCG_20251127T134745.zip,446,45,6345,363455.0,2199565.0,0.1995,0.2404,0.3264,0.4388,0.48400000000000004,0.4899,0.5058,0.5116,0.5088,0.5178,0.6192000000000001,0.5823
2025-11-27,Iwik,Sen2Cor,S2B_MSIL2A_20251127T113319_N0511_R080_T28QCG_20251127T134745.SAFE,C:\Users\Simon\Nextcloud\Project\Mauritania\Science\Arguin - FieldWork Data Processing\Data\S2\Sen2Cor\S2B_MSIL2A_20251127T113319_N0511_R080_T28QCG_20251127T134745.zip,447,45,6346,363465.0,2199565.0,0.19770000000000001,0.2404,0.3264,0.442,0.4807,0.4857,0.5043,0.5116,0.5074000000000001,0.5178,0.617,0.5813
2025-11-27,Iwik,Sen2Cor,S2B_MSIL2A_20251127T113319_N0511_R080_T28QCG_20251127T134745.SAFE,C:\Users\Simon\Nextcloud\Project\Mauritania\Science\Arguin - FieldWork Data Processing\Data\S2\Sen2Cor\S2B_MSIL2A_20251127T113319_N0511_R080_T28QCG_20251127T134745.zip,448,45,6347,363475.0,2199565.0,0.19770000000000001,0.2366,0.31720000000000004,0.4384,0.4807,0.4857,0.5043,0.502,0.5074000000000001,0.5178,0.617,0.5813
2025-11-27,Iwik,Sen2Cor,S2B_MSIL2A_20251127T113319_N0511_R080_T28QCG_20251127T134745.SAFE,C:\Users\Simon\Nextcloud\Project\Mauritania\Science\Arguin - FieldWork Data Processing\Data\S2\Sen2Cor\S2B_MSIL2A_20251127T113319_N0511_R080_T28QCG_20251127T134745.zip,449,45,6348,363485.0,2199565.0,0.1973,0.231,0.31720000000000004,0.4312,0.4869,0.4898,0.5031,0.502,0.5112,0.5112,0.618,0.5827
2025-11-27,Iwik,Sen2Cor,S2B_MSIL2A_20251127T113319_N0511_R080_T28QCG_20251127T134745.SAFE,C:\Users\Simon\Nextcloud\Project\Mauritania\Science\Arguin - FieldWork Data Processing\Data\S2\Sen2Cor\S2B_MSIL2A_20251127T113319_N0511_R080_T28QCG_20251127T134745.zip,450,45,6349,363495.0,2199565.0,0.1973,0.2416,0.3256,0.44,0.4869,0.4898,0.5031,0.5096,0.5112,0.5112,0.618,0.5827
2025-11-27,Iwik,Sen2Cor,S2B_MSIL2A_20251127T113319_N0511_R080_T28QCG_20251127T134745.SAFE,C:\Users\Simon\Nextcloud\Project\Mauritania\Science\Arguin - FieldWork Data Processing\Data\S2\Sen2Cor\S2B_MSIL2A_20251127T113319_N0511_R080_T28QCG_20251127T134745.zip,451,45,6350,363505.0,2199565.0,0.1968,0.2422,0.33440000000000003,0.44680000000000003,0.48760000000000003,0.4884,0.5053,0.5136000000000001,0.511,0.5112,0.6148,0.5787
2025-11-27,Iwik,Sen2Cor,S2B_MSIL2A_20251127T113319_N0511_R080_T28QCG_20251127T134745.SAFE,C:\Users\Simon\Nextcloud\Project\Mauritania\Science\Arguin - FieldWork Data Processing\Data\S2\Sen2Cor\S2B_MSIL2A_20251127T113319_N0511_R080_T28QCG_20251127T134745.zip,452,45,6351,363515.0,2199565.0,0.1968,0.2394,0.3284,0.4388,0.48760000000000003,0.4884,0.5053,0.5088,0.511,0.5112,0.6148,0.5787
2025-11-27,Iwik,Sen2Cor,S2B_MSIL2A_20251127T113319_N0511_R080_T28QCG_20251127T134745.SAFE,C:\Users\Simon\Nextcloud\Project\Mauritania\Science\Arguin - FieldWork Data Processing\Data\S2\Sen2Cor\S2B_MSIL2A_20251127T113319_N0511_R080_T28QCG_20251127T134745.zip,453,45,6352,363525.0,2199565.0,0.19640000000000002,0.2348,0.316,0.4284,0.47590000000000005,0.47740000000000005,0.48950000000000005,0.49720000000000003,0.49760000000000004,0.5112,0.606,0.5656
2025-11-27,Iwik,Sen2Cor,S2B_MSIL2A_20251127T113319_N0511_R080_T28QCG_20251127T134745.SAFE,C:\Users\Simon\Nextcloud\Project\Mauritania\Science\Arguin - FieldWork Data Processing\Data\S2\Sen2Cor\S2B_MSIL2A_20251127T113319_N0511_R080_T28QCG_20251127T134745.zip,454,45,6353,363535.0,2199565.0,0.19640000000000002,0.23600000000000002,0.3128,0.4244,0.47590000000000005,0.47740000000000005,0.48950000000000005,0.48960000000000004,0.49760000000000004,0.5112,0.606,0.5656
2025-11-27,Iwik,Sen2Cor,S2B_MSIL2A_20251127T113319_N0511_R080_T28QCG_20251127T134745.SAFE,C:\Users\Simon\Nextcloud\Project\Mauritania\Science\Arguin - FieldWork Data Processing\Data\S2\Sen2Cor\S2B_MSIL2A_20251127T113319_N0511_R080_T28QCG_20251127T134745.zip,455,45,6354,363545.0,2199565.0,0.1963,0.23520000000000002,0.32080000000000003,0.4288,0.4723,0.4757,0.49110000000000004,0.49200000000000005,0.49770000000000003,0.5147,0.6041000000000001,0.5611
2025-11-27,Iwik,Sen2Cor,S2B_MSIL2A_20251127T113319_N0511_R080_T28QCG_20251127T134745.SAFE,C:\Users\Simon\Nextcloud\Project\Mauritania\Science\Arguin - FieldWork Data Processing\Data\S2\Sen2Cor\S2B_MSIL2A_20251127T113319_N0511_R080_T28QCG_20251127T134745.zip,456,45,6355,363555.0,2199565.0,0.1963,0.2364,0.32280000000000003,0.4272,0.4723,0.4757,0.49110000000000004,0.49520000000000003,0.49770000000000003,0.5147,0.6041000000000001,0.5611
2025-11-27,Iwik,Sen2Cor,S2B_MSIL2A_20251127T113319_N0511_R080_T28QCG_20251127T134745.SAFE,C:\Users\Simon\Nextcloud\Project\Mauritania\Science\Arguin - FieldWork Data Processing\Data\S2\Sen2Cor\S2B_MSIL2A_20251127T113319_N0511_R080_T28QCG_20251127T134745.zip,457,45,6356,363565.0,2199565.0,0.1966,0.23700000000000002,0.3184,0.42760000000000004,0.4781,0.48000000000000004,0.49720000000000003,0.49400000000000005,0.5075000000000001,0.5147,0.6121,0.5680000000000001
2025-11-27,Iwik,Sen2Cor,S2B_MSIL2A_20251127T113319_N0511_R080_T28QCG_20251127T134745.SAFE,C:\Users\Simon\Nextcloud\Project\Mauritania\Science\Arguin - FieldWork Data Processing\Data\S2\Sen2Cor\S2B_MSIL2A_20251127T113319_N0511_R080_T28QCG_20251127T134745.zip,458,45,6357,363575.0,2199565.0,0.1966,0.2368,0.32280000000000003,0.4328,0.4781,0.48000000000000004,0.49720000000000003,0.5028,0.5075000000000001,0.5147,0.6121,0.5680000000000001
2025-11-27,Iwik,Sen2Cor,S2B_MSIL2A_20251127T113319_N0511_R080_T28QCG_20251127T134745.SAFE,C:\Users\Simon\Nextcloud\Project\Mauritania\Science\Arguin - FieldWork Data Processing\Data\S2\Sen2Cor\S2B_MSIL2A_20251127T113319_N0511_R080_T28QCG_20251127T134745.zip,459,46,6335,363355.0,2199555.0,0.2071,0.253,0.3376,0.45280000000000004,0.4988,0.5006,0.5187,0.5192,0.5197,0.5232,0.626,0.5971000000000001
2025-11-27,Iwik,Sen2Cor,S2B_MSIL2A_20251127T113319_N0511_R080_T28QCG_20251127T134745.SAFE,C:\Users\Simon\Nextcloud\Project\Mauritania\Science\Arguin - FieldWork Data Processing\Data\S2\Sen2Cor\S2B_MSIL2A_20251127T113319_N0511_R080_T28QCG_20251127T134745.zip,460,46,6336,363365.0,2199555.0,0.2082,0.2684,0.3588,0.4732,0.5088,0.5111,0.5261,0.5352,0.5314,0.5321,0.6326,0.5964
2025-11-27,Iwik,Sen2Cor,S2B_MSIL2A_20251127T113319_N0511_R080_T28QCG_20251127T134745.SAFE,C:\Users\Simon\Nextcloud\Project\Mauritania\Science\Arguin - FieldWork Data Processing\Data\S2\Sen2Cor\S2B_MSIL2A_20251127T113319_N0511_R080_T28QCG_20251127T134745.zip,461,46,6337,363375.0,2199555.0,0.2082,0.2586,0.34640000000000004,0.46280000000000004,0.5088,0.5111,0.5261,0.5292,0.5314,0.5321,0.6326,0.5964
2025-11-27,Iwik,Sen2Cor,S2B_MSIL2A_20251127T113319_N0511_R080_T28QCG_20251127T134745.SAFE,C:\Users\Simon\Nextcloud\Project\Mauritania\Science\Arguin - FieldWork Data Processing\Data\S2\Sen2Cor\S2B_MSIL2A_20251127T113319_N0511_R080_T28QCG_20251127T134745.zip,462,46,6338,363385.0,2199555.0,0.2084,0.2524,0.34,0.456,0.5071,0.5058,0.5213,0.5196000000000001,0.5278,0.5321,0.6294000000000001,0.5966
2025-11-27,Iwik,Sen2Cor,S2B_MSIL2A_20251127T113319_N0511_R080_T28QCG_20251127T134745.SAFE,C:\Users\Simon\Nextcloud\Project\Mauritania\Science\Arguin - FieldWork Data Processing\Data\S2\Sen2Cor\S2B_MSIL2A_20251127T113319_N0511_R080_T28QCG_20251127T134745.zip,463,46,6339,363395.0,2199555.0,0.2084,0.2556,0.3452,0.45840000000000003,0.5071,0.5058,0.5213,0.5272,0.5278,0.5321,0.6294000000000001,0.5966
2025-11-27,Iwik,Sen2Cor,S2B_MSIL2A_20251127T113319_N0511_R080_T28QCG_20251127T134745.SAFE,C:\Users\Simon\Nextcloud\Project\Mauritania\Science\Arguin - FieldWork Data Processing\Data\S2\Sen2Cor\S2B_MSIL2A_20251127T113319_N0511_R080_T28QCG_20251127T134745.zip,464,46,6340,363405.0,2199555.0,0.2051,0.2524,0.33640000000000003,0.456,0.501,0.5021,0.5195000000000001,0.5264,0.5234,0.5321,0.6254000000000001,0.5928
2025-11-27,Iwik,Sen2Cor,S2B_MSIL2A_20251127T113319_N0511_R080_T28QCG_20251127T134745.SAFE,C:\Users\Simon\Nextcloud\Project\Mauritania\Science\Arguin - FieldWork Data Processing\Data\S2\Sen2Cor\S2B_MSIL2A_20251127T113319_N0511_R080_T28QCG_20251127T134745.zip,465,46,6341,363415.0,2199555.0,0.2051,0.253,0.3436,0.4536,0.501,0.5021,0.5195000000000001,0.5264,0.5234,0.5321,0.6254000000000001,0.5928
2025-11-27,Iwik,Sen2Cor,S2B_MSIL2A_20251127T113319_N0511_R080_T28QCG_20251127T134745.SAFE,C:\Users\Simon\Nextcloud\Project\Mauritania\Science\Arguin - FieldWork Data Processing\Data\S2\Sen2Cor\S2B_MSIL2A_20251127T113319_N0511_R080_T28QCG_20251127T134745.zip,466,46,6342,363425.0,2199555.0,0.2018,0.2466,0.332,0.444,0.49200000000000005,0.4929,0.5114000000000001,0.5124000000000001,0.5139,0.5178,0.6211,0.5866
2025-11-27,Iwik,Sen2Cor,S2B_MSIL2A_20251127T113319_N0511_R080_T28QCG_20251127T134745.SAFE,C:\Users\Simon\Nextcloud\Project\Mauritania\Science\Arguin - FieldWork Data Processing\Data\S2\Sen2Cor\S2B_MSIL2A_20251127T113319_N0511_R080_T28QCG_20251127T134745.zip,467,46,6343,363435.0,2199555.0,0.2018,0.2384,0.324,0.44,0.49200000000000005,0.4929,0.5114000000000001,0.5124000000000001,0.5139,0.5178,0.6211,0.5866
2025-11-27,Iwik,Sen2Cor,S2B_MSIL2A_20251127T113319_N0511_R080_T28QCG_20251127T134745.SAFE,C:\Users\Simon\Nextcloud\Project\Mauritania\Science\Arguin - FieldWork Data Processing\Data\S2\Sen2Cor\S2B_MSIL2A_20251127T113319_N0511_R080_T28QCG_20251127T134745.zip,468,46,6344,363445.0,2199555.0,0.1985,0.24080000000000001,0.3312,0.4456,0.49360000000000004,0.4924,0.5134000000000001,0.516,0.5146000000000001,0.5178,0.6244000000000001,0.5861000000000001
2025-11-27,Iwik,Sen2Cor,S2B_MSIL2A_20251127T113319_N0511_R080_T28QCG_20251127T134745.SAFE,C:\Users\Simon\Nextcloud\Project\Mauritania\Science\Arguin - FieldWork Data Processing\Data\S2\Sen2Cor\S2B_MSIL2A_20251127T113319_N0511_R080_T28QCG_20251127T134745.zip,469,46,6345,363455.0,2199555.0,0.1985,0.2436,0.332,0.44880000000000003,0.49360000000000004,0.4924,0.5134000000000001,0.5196000000000001,0.5146000000000001,0.5178,0.6244000000000001,0.5861000000000001
2025-11-27,Iwik,Sen2Cor,S2B_MSIL2A_20251127T113319_N0511_R080_T28QCG_20251127T134745.SAFE,C:\Users\Simon\Nextcloud\Project\Mauritania\Science\Arguin - FieldWork Data Processing\Data\S2\Sen2Cor\S2B_MSIL2A_20251127T113319_N0511_R080_T28QCG_20251127T134745.zip,470,46,6346,363465.0,2199555.0,0.1975,0.2436,0.3352,0.4464,0.48850000000000005,0.4894,0.5089,0.516,0.5104000000000001,0.5178,0.6206,0.5830000000000001
2025-11-27,Iwik,Sen2Cor,S2B_MSIL2A_20251127T113319_N0511_R080_T28QCG_20251127T134745.SAFE,C:\Users\Simon\Nextcloud\Project\Mauritania\Science\Arguin - FieldWork Data Processing\Data\S2\Sen2Cor\S2B_MSIL2A_20251127T113319_N0511_R080_T28QCG_20251127T134745.zip,471,46,6347,363475.0,2199555.0,0.1975,0.23820000000000002,0.3256,0.44120000000000004,0.48850000000000005,0.4894,0.5089,0.5068,0.5104000000000001,0.5178,0.6206,0.5830000000000001
2025-11-27,Iwik,Sen2Cor,S2B_MSIL2A_20251127T113319_N0511_R080_T28QCG_20251127T134745.SAFE,C:\Users\Simon\Nextcloud\Project\Mauritania\Science\Arguin - FieldWork Data Processing\Data\S2\Sen2Cor\S2B_MSIL2A_20251127T113319_N0511_R080_T28QCG_20251127T134745.zip,472,46,6348,363485.0,2199555.0,0.1976,0.23440000000000003,0.32280000000000003,0.43160000000000004,0.4887,0.48850000000000005,0.5083,0.502,0.5097,0.5112,0.6192000000000001,0.5819
2025-11-27,Iwik,Sen2Cor,S2B_MSIL2A_20251127T113319_N0511_R080_T28QCG_20251127T134745.SAFE,C:\Users\Simon\Nextcloud\Project\Mauritania\Science\Arguin - FieldWork Data Processing\Data\S2\Sen2Cor\S2B_MSIL2A_20251127T113319_N0511_R080_T28QCG_20251127T134745.zip,473,46,6349,363495.0,2199555.0,0.1976,0.2394,0.3244,0.4436,0.4887,0.48850000000000005,0.5083,0.5092,0.5097,0.5112,0.6192000000000001,0.5819
2025-11-27,Iwik,Sen2Cor,S2B_MSIL2A_20251127T113319_N0511_R080_T28QCG_20251127T134745.SAFE,C:\Users\Simon\Nextcloud\Project\Mauritania\Science\Arguin - FieldWork Data Processing\Data\S2\Sen2Cor\S2B_MSIL2A_20251127T113319_N0511_R080_T28QCG_20251127T134745.zip,474,46,6350,363505.0,2199555.0,0.19770000000000001,0.24580000000000002,0.3316,0.446,0.4888,0.4929,0.5079,0.5148,0.5155000000000001,0.5112,0.6144000000000001,0.5762
2025-11-27,Iwik,Sen2Cor,S2B_MSIL2A_20251127T113319_N0511_R080_T28QCG_20251127T134745.SAFE,C:\Users\Simon\Nextcloud\Project\Mauritania\Science\Arguin - FieldWork Data Processing\Data\S2\Sen2Cor\S2B_MSIL2A_20251127T113319_N0511_R080_T28QCG_20251127T134745.zip,475,46,6351,363515.0,2199555.0,0.19770000000000001,0.24380000000000002,0.32880000000000004,0.442,0.4888,0.4929,0.5079,0.506,0.5155000000000001,0.5112,0.6144000000000001,0.5762
2025-11-27,Iwik,Sen2Cor,S2B_MSIL2A_20251127T113319_N0511_R080_T28QCG_20251127T134745.SAFE,C:\Users\Simon\Nextcloud\Project\Mauritania\Science\Arguin - FieldWork Data Processing\Data\S2\Sen2Cor\S2B_MSIL2A_20251127T113319_N0511_R080_T28QCG_20251127T134745.zip,476,46,6352,363525.0,2199555.0,0.19770000000000001,0.23520000000000002,0.31880000000000003,0.4304,0.4803,0.4786,0.49110000000000004,0.49360000000000004,0.5,0.5112,0.6084,0.5659000000000001
2025-11-27,Iwik,Sen2Cor,S2B_MSIL2A_20251127T113319_N0511_R080_T28QCG_20251127T134745.SAFE,C:\Users\Simon\Nextcloud\Project\Mauritania\Science\Arguin - FieldWork Data Processing\Data\S2\Sen2Cor\S2B_MSIL2A_20251127T113319_N0511_R080_T28QCG_20251127T134745.zip,477,46,6353,363535.0,2199555.0,0.19770000000000001,0.23340000000000002,0.316,0.42760000000000004,0.4803,0.4786,0.49110000000000004,0.49200000000000005,0.5,0.5112,0.6084,0.5659000000000001
2025-11-27,Iwik,Sen2Cor,S2B_MSIL2A_20251127T113319_N0511_R080_T28QCG_20251127T134745.SAFE,C:\Users\Simon\Nextcloud\Project\Mauritania\Science\Arguin - FieldWork Data Processing\Data\S2\Sen2Cor\S2B_MSIL2A_20251127T113319_N0511_R080_T28QCG_20251127T134745.zip,478,46,6354,363545.0,2199555.0,0.1976,0.24080000000000001,0.32320000000000004,0.4328,0.48800000000000004,0.49520000000000003,0.5032,0.5016,0.5109,0.5147,0.6136,0.5698
2025-11-27,Iwik,Sen2Cor,S2B_MSIL2A_20251127T113319_N0511_R080_T28QCG_20251127T134745.SAFE,C:\Users\Simon\Nextcloud\Project\Mauritania\Science\Arguin - FieldWork Data Processing\Data\S2\Sen2Cor\S2B_MSIL2A_20251127T113319_N0511_R080_T28QCG_20251127T134745.zip,479,46,6355,363555.0,2199555.0,0.1976,0.2444,0.3252,0.434,0.48800000000000004,0.49520000000000003,0.5032,0.5028,0.5109,0.5147,0.6136,0.5698
2025-11-27,Iwik,Sen2Cor,S2B_MSIL2A_20251127T113319_N0511_R080_T28QCG_20251127T134745.SAFE,C:\Users\Simon\Nextcloud\Project\Mauritania\Science\Arguin - FieldWork Data Processing\Data\S2\Sen2Cor\S2B_MSIL2A_20251127T113319_N0511_R080_T28QCG_20251127T134745.zip,480,46,6356,363565.0,2199555.0,0.19790000000000002,0.2424,0.3272,0.436,0.5005000000000001,0.4985,0.5143,0.5044000000000001,0.5228,0.5147,0.6253000000000001,0.5805
2025-11-27,Iwik,Sen2Cor,S2B_MSIL2A_20251127T113319_N0511_R080_T28QCG_20251127T134745.SAFE,C:\Users\Simon\Nextcloud\Project\Mauritania\Science\Arguin - FieldWork Data Processing\Data\S2\Sen2Cor\S2B_MSIL2A_20251127T113319_N0511_R080_T28QCG_20251127T134745.zip,481,46,6357,363575.0,2199555.0,0.19790000000000002,0.2368,0.32280000000000003,0.43960000000000005,0.5005000000000001,0.4985,0.5143,0.5116,0.5228,0.5147,0.6253000000000001,0.5805
2025-11-27,Iwik,Sen2Cor,S2B_MSIL2A_20251127T113319_N0511_R080_T28QCG_20251127T134745.SAFE,C:\Users\Simon\Nextcloud\Project\Mauritania\Science\Arguin - FieldWork Data Processing\Data\S2\Sen2Cor\S2B_MSIL2A_20251127T113319_N0511_R080_T28QCG_20251127T134745.zip,482,47,6335,363355.0,2199545.0,0.2071,0.25880000000000003,0.34400000000000003,0.45840000000000003,0.4988,0.5006,0.5187,0.5224,0.5197,0.5232,0.626,0.5971000000000001
2025-11-27,Iwik,Sen2Cor,S2B_MSIL2A_20251127T113319_N0511_R080_T28QCG_20251127T134745.SAFE,C:\Users\Simon\Nextcloud\Project\Mauritania\Science\Arguin - FieldWork Data Processing\Data\S2\Sen2Cor\S2B_MSIL2A_20251127T113319_N0511_R080_T28QCG_20251127T134745.zip,483,47,6336,363365.0,2199545.0,0.2082,0.2632,0.3528,0.46880000000000005,0.5088,0.5111,0.5261,0.5352,0.5314,0.5321,0.6326,0.5964
2025-11-27,Iwik,Sen2Cor,S2B_MSIL2A_20251127T113319_N0511_R080_T28QCG_20251127T134745.SAFE,C:\Users\Simon\Nextcloud\Project\Mauritania\Science\Arguin - FieldWork Data Processing\Data\S2\Sen2Cor\S2B_MSIL2A_20251127T113319_N0511_R080_T28QCG_20251127T134745.zip,484,47,6337,363375.0,2199545.0,0.2082,0.25620000000000004,0.3408,0.4596,0.5088,0.5111,0.5261,0.5336000000000001,0.5314,0.5321,0.6326,0.5964
2025-11-27,Iwik,Sen2Cor,S2B_MSIL2A_20251127T113319_N0511_R080_T28QCG_20251127T134745.SAFE,C:\Users\Simon\Nextcloud\Project\Mauritania\Science\Arguin - FieldWork Data Processing\Data\S2\Sen2Cor\S2B_MSIL2A_20251127T113319_N0511_R080_T28QCG_20251127T134745.zip,485,47,6338,363385.0,2199545.0,0.2084,0.25420000000000004,0.3408,0.46,0.5071,0.5058,0.5213,0.5304,0.5278,0.5321,0.6294000000000001,0.5966
2025-11-27,Iwik,Sen2Cor,S2B_MSIL2A_20251127T113319_N0511_R080_T28QCG_20251127T134745.SAFE,C:\Users\Simon\Nextcloud\Project\Mauritania\Science\Arguin - FieldWork Data Processing\Data\S2\Sen2Cor\S2B_MSIL2A_20251127T113319_N0511_R080_T28QCG_20251127T134745.zip,486,47,6339,363395.0,2199545.0,0.2084,0.25680000000000003,0.35200000000000004,0.4676,0.5071,0.5058,0.5213,0.5372,0.5278,0.5321,0.6294000000000001,0.5966
2025-11-27,Iwik,Sen2Cor,S2B_MSIL2A_20251127T113319_N0511_R080_T28QCG_20251127T134745.SAFE,C:\Users\Simon\Nextcloud\Project\Mauritania\Science\Arguin - FieldWork Data Processing\Data\S2\Sen2Cor\S2B_MSIL2A_20251127T113319_N0511_R080_T28QCG_20251127T134745.zip,487,47,6340,363405.0,2199545.0,0.2051,0.2536,0.33840000000000003,0.458,0.501,0.5021,0.5195000000000001,0.5272,0.5234,0.5321,0.6254000000000001,0.5928
2025-11-27,Iwik,Sen2Cor,S2B_MSIL2A_20251127T113319_N0511_R080_T28QCG_20251127T134745.SAFE,C:\Users\Simon\Nextcloud\Project\Mauritania\Science\Arguin - FieldWork Data Processing\Data\S2\Sen2Cor\S2B_MSIL2A_20251127T113319_N0511_R080_T28QCG_20251127T134745.zip,488,47,6341,363415.0,2199545.0,0.2051,0.2514,0.336,0.4496,0.501,0.5021,0.5195000000000001,0.5216000000000001,0.5234,0.5321,0.6254000000000001,0.5928
2025-11-27,Iwik,Sen2Cor,S2B_MSIL2A_20251127T113319_N0511_R080_T28QCG_20251127T134745.SAFE,C:\Users\Simon\Nextcloud\Project\Mauritania\Science\Arguin - FieldWork Data Processing\Data\S2\Sen2Cor\S2B_MSIL2A_20251127T113319_N0511_R080_T28QCG_20251127T134745.zip,489,47,6342,363425.0,2199545.0,0.2018,0.24200000000000002,0.3312,0.4436,0.49200000000000005,0.4929,0.5114000000000001,0.5116,0.5139,0.5178,0.6211,0.5866
2025-11-27,Iwik,Sen2Cor,S2B_MSIL2A_20251127T113319_N0511_R080_T28QCG_20251127T134745.SAFE,C:\Users\Simon\Nextcloud\Project\Mauritania\Science\Arguin - FieldWork Data Processing\Data\S2\Sen2Cor\S2B_MSIL2A_20251127T113319_N0511_R080_T28QCG_20251127T134745.zip,490,47,6343,363435.0,2199545.0,0.2018,0.2432,0.3276,0.4428,0.49200000000000005,0.4929,0.5114000000000001,0.5124000000000001,0.5139,0.5178,0.6211,0.5866
2025-11-27,Iwik,Sen2Cor,S2B_MSIL2A_20251127T113319_N0511_R080_T28QCG_20251127T134745.SAFE,C:\Users\Simon\Nextcloud\Project\Mauritania\Science\Arguin - FieldWork Data Processing\Data\S2\Sen2Cor\S2B_MSIL2A_20251127T113319_N0511_R080_T28QCG_20251127T134745.zip,491,47,6344,363445.0,2199545.0,0.1985,0.2446,0.33,0.44520000000000004,0.49360000000000004,0.4924,0.5134000000000001,0.5136000000000001,0.5146000000000001,0.5178,0.6244000000000001,0.5861000000000001
2025-11-27,Iwik,Sen2Cor,S2B_MSIL2A_20251127T113319_N0511_R080_T28QCG_20251127T134745.SAFE,C:\Users\Simon\Nextcloud\Project\Mauritania\Science\Arguin - FieldWork Data Processing\Data\S2\Sen2Cor\S2B_MSIL2A_20251127T113319_N0511_R080_T28QCG_20251127T134745.zip,492,47,6345,363455.0,2199545.0,0.1985,0.2348,0.3252,0.4436,0.49360000000000004,0.4924,0.5134000000000001,0.5112,0.5146000000000001,0.5178,0.6244000000000001,0.5861000000000001
2025-11-27,Iwik,Sen2Cor,S2B_MSIL2A_20251127T113319_N0511_R080_T28QCG_20251127T134745.SAFE,C:\Users\Simon\Nextcloud\Project\Mauritania\Science\Arguin - FieldWork Data Processing\Data\S2\Sen2Cor\S2B_MSIL2A_20251127T113319_N0511_R080_T28QCG_20251127T134745.zip,493,47,6346,363465.0,2199545.0,0.1975,0.2398,0.3284,0.44160000000000005,0.48850000000000005,0.4894,0.5089,0.5084000000000001,0.5104000000000001,0.5178,0.6206,0.5830000000000001
2025-11-27,Iwik,Sen2Cor,S2B_MSIL2A_20251127T113319_N0511_R080_T28QCG_20251127T134745.SAFE,C:\Users\Simon\Nextcloud\Project\Mauritania\Science\Arguin - FieldWork Data Processing\Data\S2\Sen2Cor\S2B_MSIL2A_20251127T113319_N0511_R080_T28QCG_20251127T134745.zip,494,47,6347,363475.0,2199545.0,0.1975,0.24100000000000002,0.334,0.44320000000000004,0.48850000000000005,0.4894,0.5089,0.5104000000000001,0.5104000000000001,0.5178,0.6206,0.5830000000000001
2025-11-27,Iwik,Sen2Cor,S2B_MSIL2A_20251127T113319_N0511_R080_T28QCG_20251127T134745.SAFE,C:\Users\Simon\Nextcloud\Project\Mauritania\Science\Arguin - FieldWork Data Processing\Data\S2\Sen2Cor\S2B_MSIL2A_20251127T113319_N0511_R080_T28QCG_20251127T134745.zip,495,47,6348,363485.0,2199545.0,0.1976,0.24080000000000001,0.326,0.4384,0.4887,0.48850000000000005,0.5083,0.5088,0.5097,0.5112,0.6192000000000001,0.5819
2025-11-27,Iwik,Sen2Cor,S2B_MSIL2A_20251127T113319_N0511_R080_T28QCG_20251127T134745.SAFE,C:\Users\Simon\Nextcloud\Project\Mauritania\Science\Arguin - FieldWork Data Processing\Data\S2\Sen2Cor\S2B_MSIL2A_20251127T113319_N0511_R080_T28QCG_20251127T134745.zip,496,47,6349,363495.0,2199545.0,0.1976,0.2406,0.3256,0.4428,0.4887,0.48850000000000005,0.5083,0.506,0.5097,0.5112,0.6192000000000001,0.5819
2025-11-27,Iwik,Sen2Cor,S2B_MSIL2A_20251127T113319_N0511_R080_T28QCG_20251127T134745.SAFE,C:\Users\Simon\Nextcloud\Project\Mauritania\Science\Arguin - FieldWork Data Processing\Data\S2\Sen2Cor\S2B_MSIL2A_20251127T113319_N0511_R080_T28QCG_20251127T134745.zip,497,47,6350,363505.0,2199545.0,0.19770000000000001,0.24600000000000002,0.3332,0.44920000000000004,0.4888,0.4929,0.5079,0.5176000000000001,0.5155000000000001,0.5112,0.6144000000000001,0.5762
2025-11-27,Iwik,Sen2Cor,S2B_MSIL2A_20251127T113319_N0511_R080_T28QCG_20251127T134745.SAFE,C:\Users\Simon\Nextcloud\Project\Mauritania\Science\Arguin - FieldWork Data Processing\Data\S2\Sen2Cor\S2B_MSIL2A_20251127T113319_N0511_R080_T28QCG_20251127T134745.zip,498,47,6351,363515.0,2199545.0,0.19770000000000001,0.24080000000000001,0.3292,0.43760000000000004,0.4888,0.4929,0.5079,0.5008,0.5155000000000001,0.5112,0.6144000000000001,0.5762
2025-11-27,Iwik,Sen2Cor,S2B_MSIL2A_20251127T113319_N0511_R080_T28QCG_20251127T134745.SAFE,C:\Users\Simon\Nextcloud\Project\Mauritania\Science\Arguin - FieldWork Data Processing\Data\S2\Sen2Cor\S2B_MSIL2A_20251127T113319_N0511_R080_T28QCG_20251127T134745.zip,499,47,6352,363525.0,2199545.0,0.19770000000000001,0.2348,0.3176,0.4264,0.4803,0.4786,0.49110000000000004,0.4928,0.5,0.5112,0.6084,0.5659000000000001
2025-11-27,Iwik,Sen2Cor,S2B_MSIL2A_20251127T113319_N0511_R080_T28QCG_20251127T134745.SAFE,C:\Users\Simon\Nextcloud\Project\Mauritania\Science\Arguin - FieldWork Data Processing\Data\S2\Sen2Cor\S2B_MSIL2A_20251127T113319_N0511_R080_T28QCG_20251127T134745.zip,500,47,6353,363535.0,2199545.0,0.19770000000000001,0.2388,0.31880000000000003,0.432,0.4803,0.4786,0.49110000000000004,0.4948,0.5,0.5112,0.6084,0.5659000000000001
2025-11-27,Iwik,Sen2Cor,S2B_MSIL2A_20251127T113319_N0511_R080_T28QCG_20251127T134745.SAFE,C:\Users\Simon\Nextcloud\Project\Mauritania\Science\Arguin - FieldWork Data Processing\Data\S2\Sen2Cor\S2B_MSIL2A_20251127T113319_N0511_R080_T28QCG_20251127T134745.zip,501,47,6354,363545.0,2199545.0,0.1976,0.2482,0.3312,0.446,0.48800000000000004,0.49520000000000003,0.5032,0.5116,0.5109,0.5147,0.6136,0.5698
2025-11-27,Iwik,Sen2Cor,S2B_MSIL2A_20251127T113319_N0511_R080_T28QCG_20251127T134745.SAFE,C:\Users\Simon\Nextcloud\Project\Mauritania\Science\Arguin - FieldWork Data Processing\Data\S2\Sen2Cor\S2B_MSIL2A_20251127T113319_N0511_R080_T28QCG_20251127T134745.zip,502,47,6355,363555.0,2199545.0,0.1976,0.2622,0.34640000000000004,0.4596,0.48800000000000004,0.49520000000000003,0.5032,0.5284,0.5109,0.5147,0.6136,0.5698
2025-11-27,Iwik,Sen2Cor,S2B_MSIL2A_20251127T113319_N0511_R080_T28QCG_20251127T134745.SAFE,C:\Users\Simon\Nextcloud\Project\Mauritania\Science\Arguin - FieldWork Data Processing\Data\S2\Sen2Cor\S2B_MSIL2A_20251127T113319_N0511_R080_T28QCG_20251127T134745.zip,503,47,6356,363565.0,2199545.0,0.19790000000000002,0.25220000000000004,0.34040000000000004,0.4576,0.5005000000000001,0.4985,0.5143,0.5316000000000001,0.5228,0.5147,0.6253000000000001,0.5805
2025-11-27,Iwik,Sen2Cor,S2B_MSIL2A_20251127T113319_N0511_R080_T28QCG_20251127T134745.SAFE,C:\Users\Simon\Nextcloud\Project\Mauritania\Science\Arguin - FieldWork Data Processing\Data\S2\Sen2Cor\S2B_MSIL2A_20251127T113319_N0511_R080_T28QCG_20251127T134745.zip,504,47,6357,363575.0,2199545.0,0.19790000000000002,0.24180000000000001,0.33240000000000003,0.456,0.5005000000000001,0.4985,0.5143,0.528,0.5228,0.5147,0.6253000000000001,0.5805
2025-11-27,Iwik,Sen2Cor,S2B_MSIL2A_20251127T113319_N0511_R080_T28QCG_20251127T134745.SAFE,C:\Users\Simon\Nextcloud\Project\Mauritania\Science\Arguin - FieldWork Data Processing\Data\S2\Sen2Cor\S2B_MSIL2A_20251127T113319_N0511_R080_T28QCG_20251127T134745.zip,505,48,6335,363355.0,2199535.0,0.2044,0.2548,0.3412,0.4544,0.4922,0.49450000000000005,0.5114000000000001,0.5184,0.5156000000000001,0.514,0.621,0.5945
2025-11-27,Iwik,Sen2Cor,S2B_MSIL2A_20251127T113319_N0511_R080_T28QCG_20251127T134745.SAFE,C:\Users\Simon\Nextcloud\Project\Mauritania\Science\Arguin - FieldWork Data Processing\Data\S2\Sen2Cor\S2B_MSIL2A_20251127T113319_N0511_R080_T28QCG_20251127T134745.zip,506,48,6336,363365.0,2199535.0,0.2058,0.25,0.3452,0.45640000000000003,0.4978,0.5015000000000001,0.5142,0.52,0.5212,0.5229,0.624,0.5940000000000001
2025-11-27,Iwik,Sen2Cor,S2B_MSIL2A_20251127T113319_N0511_R080_T28QCG_20251127T134745.SAFE,C:\Users\Simon\Nextcloud\Project\Mauritania\Science\Arguin - FieldWork Data Processing\Data\S2\Sen2Cor\S2B_MSIL2A_20251127T113319_N0511_R080_T28QCG_20251127T134745.zip,507,48,6337,363375.0,2199535.0,0.2058,0.253,0.3388,0.452,0.4978,0.5015000000000001,0.5142,0.5224,0.5212,0.5229,0.624,0.5940000000000001
2025-11-27,Iwik,Sen2Cor,S2B_MSIL2A_20251127T113319_N0511_R080_T28QCG_20251127T134745.SAFE,C:\Users\Simon\Nextcloud\Project\Mauritania\Science\Arguin - FieldWork Data Processing\Data\S2\Sen2Cor\S2B_MSIL2A_20251127T113319_N0511_R080_T28QCG_20251127T134745.zip,508,48,6338,363385.0,2199535.0,0.20600000000000002,0.25520000000000004,0.3416,0.4596,0.5043,0.5028,0.5184,0.5304,0.5258,0.5229,0.6242,0.5903
2025-11-27,Iwik,Sen2Cor,S2B_MSIL2A_20251127T113319_N0511_R080_T28QCG_20251127T134745.SAFE,C:\Users\Simon\Nextcloud\Project\Mauritania\Science\Arguin - FieldWork Data Processing\Data\S2\Sen2Cor\S2B_MSIL2A_20251127T113319_N0511_R080_T28QCG_20251127T134745.zip,509,48,6339,363395.0,2199535.0,0.20600000000000002,0.2592,0.3508,0.46640000000000004,0.5043,0.5028,0.5184,0.5368,0.5258,0.5229,0.6242,0.5903
2025-11-27,Iwik,Sen2Cor,S2B_MSIL2A_20251127T113319_N0511_R080_T28QCG_20251127T134745.SAFE,C:\Users\Simon\Nextcloud\Project\Mauritania\Science\Arguin - FieldWork Data Processing\Data\S2\Sen2Cor\S2B_MSIL2A_20251127T113319_N0511_R080_T28QCG_20251127T134745.zip,510,48,6340,363405.0,2199535.0,0.2033,0.2534,0.34040000000000004,0.45640000000000003,0.4964,0.49810000000000004,0.5137,0.5288,0.5179,0.5229,0.6203000000000001,0.5892000000000001
2025-11-27,Iwik,Sen2Cor,S2B_MSIL2A_20251127T113319_N0511_R080_T28QCG_20251127T134745.SAFE,C:\Users\Simon\Nextcloud\Project\Mauritania\Science\Arguin - FieldWork Data Processing\Data\S2\Sen2Cor\S2B_MSIL2A_20251127T113319_N0511_R080_T28QCG_20251127T134745.zip,511,48,6341,363415.0,2199535.0,0.2033,0.2514,0.33680000000000004,0.45120000000000005,0.4964,0.49810000000000004,0.5137,0.5208,0.5179,0.5229,0.6203000000000001,0.5892000000000001
2025-11-27,Iwik,Sen2Cor,S2B_MSIL2A_20251127T113319_N0511_R080_T28QCG_20251127T134745.SAFE,C:\Users\Simon\Nextcloud\Project\Mauritania\Science\Arguin - FieldWork Data Processing\Data\S2\Sen2Cor\S2B_MSIL2A_20251127T113319_N0511_R080_T28QCG_20251127T134745.zip,512,48,6342,363425.0,2199535.0,0.19940000000000002,0.24080000000000001,0.33,0.4444,0.4873,0.4913,0.5077,0.5168,0.5132,0.5159,0.6176,0.5829
2025-11-27,Iwik,Sen2Cor,S2B_MSIL2A_20251127T113319_N0511_R080_T28QCG_20251127T134745.SAFE,C:\Users\Simon\Nextcloud\Project\Mauritania\Science\Arguin - FieldWork Data Processing\Data\S2\Sen2Cor\S2B_MSIL2A_20251127T113319_N0511_R080_T28QCG_20251127T134745.zip,513,48,6343,363435.0,2199535.0,0.19940000000000002,0.23520000000000002,0.3252,0.4424,0.4873,0.4913,0.5077,0.5112,0.5132,0.5159,0.6176,0.5829
2025-11-27,Iwik,Sen2Cor,S2B_MSIL2A_20251127T113319_N0511_R080_T28QCG_20251127T134745.SAFE,C:\Users\Simon\Nextcloud\Project\Mauritania\Science\Arguin - FieldWork Data Processing\Data\S2\Sen2Cor\S2B_MSIL2A_20251127T113319_N0511_R080_T28QCG_20251127T134745.zip,514,48,6344,363445.0,2199535.0,0.1967,0.2336,0.3264,0.4428,0.48140000000000005,0.4817,0.5033,0.5068,0.5083,0.5159,0.6167,0.5791000000000001
2025-11-27,Iwik,Sen2Cor,S2B_MSIL2A_20251127T113319_N0511_R080_T28QCG_20251127T134745.SAFE,C:\Users\Simon\Nextcloud\Project\Mauritania\Science\Arguin - FieldWork Data Processing\Data\S2\Sen2Cor\S2B_MSIL2A_20251127T113319_N0511_R080_T28QCG_20251127T134745.zip,515,48,6345,363455.0,2199535.0,0.1967,0.22920000000000001,0.32080000000000003,0.43520000000000003,0.48140000000000005,0.4817,0.5033,0.5048,0.5083,0.5159,0.6167,0.5791000000000001
2025-11-27,Iwik,Sen2Cor,S2B_MSIL2A_20251127T113319_N0511_R080_T28QCG_20251127T134745.SAFE,C:\Users\Simon\Nextcloud\Project\Mauritania\Science\Arguin - FieldWork Data Processing\Data\S2\Sen2Cor\S2B_MSIL2A_20251127T113319_N0511_R080_T28QCG_20251127T134745.zip,516,48,6346,363465.0,2199535.0,0.1962,0.23420000000000002,0.32280000000000003,0.4368,0.4812,0.4837,0.5005000000000001,0.5048,0.502,0.5159,0.6122000000000001,0.5779000000000001
2025-11-27,Iwik,Sen2Cor,S2B_MSIL2A_20251127T113319_N0511_R080_T28QCG_20251127T134745.SAFE,C:\Users\Simon\Nextcloud\Project\Mauritania\Science\Arguin - FieldWork Data Processing\Data\S2\Sen2Cor\S2B_MSIL2A_20251127T113319_N0511_R080_T28QCG_20251127T134745.zip,517,48,6347,363475.0,2199535.0,0.1962,0.2378,0.3276,0.4384,0.4812,0.4837,0.5005000000000001,0.5036,0.502,0.5159,0.6122000000000001,0.5779000000000001
2025-11-27,Iwik,Sen2Cor,S2B_MSIL2A_20251127T113319_N0511_R080_T28QCG_20251127T134745.SAFE,C:\Users\Simon\Nextcloud\Project\Mauritania\Science\Arguin - FieldWork Data Processing\Data\S2\Sen2Cor\S2B_MSIL2A_20251127T113319_N0511_R080_T28QCG_20251127T134745.zip,518,48,6348,363485.0,2199535.0,0.19690000000000002,0.2396,0.3244,0.436,0.4898,0.48900000000000005,0.5079,0.5028,0.5118,0.5169,0.6158,0.5786
2025-11-27,Iwik,Sen2Cor,S2B_MSIL2A_20251127T113319_N0511_R080_T28QCG_20251127T134745.SAFE,C:\Users\Simon\Nextcloud\Project\Mauritania\Science\Arguin - FieldWork Data Processing\Data\S2\Sen2Cor\S2B_MSIL2A_20251127T113319_N0511_R080_T28QCG_20251127T134745.zip,519,48,6349,363495.0,2199535.0,0.19690000000000002,0.24580000000000002,0.33080000000000004,0.448,0.4898,0.48900000000000005,0.5079,0.5088,0.5118,0.5169,0.6158,0.5786
2025-11-27,Iwik,Sen2Cor,S2B_MSIL2A_20251127T113319_N0511_R080_T28QCG_20251127T134745.SAFE,C:\Users\Simon\Nextcloud\Project\Mauritania\Science\Arguin - FieldWork Data Processing\Data\S2\Sen2Cor\S2B_MSIL2A_20251127T113319_N0511_R080_T28QCG_20251127T134745.zip,520,48,6350,363505.0,2199535.0,0.19740000000000002,0.24600000000000002,0.332,0.44720000000000004,0.4858,0.49010000000000004,0.5071,0.5196000000000001,0.5124000000000001,0.5169,0.6134000000000001,0.5752
2025-11-27,Iwik,Sen2Cor,S2B_MSIL2A_20251127T113319_N0511_R080_T28QCG_20251127T134745.SAFE,C:\Users\Simon\Nextcloud\Project\Mauritania\Science\Arguin - FieldWork Data Processing\Data\S2\Sen2Cor\S2B_MSIL2A_20251127T113319_N0511_R080_T28QCG_20251127T134745.zip,521,48,6351,363515.0,2199535.0,0.19740000000000002,0.23720000000000002,0.32280000000000003,0.43520000000000003,0.4858,0.49010000000000004,0.5071,0.4968,0.5124000000000001,0.5169,0.6134000000000001,0.5752
2025-11-27,Iwik,Sen2Cor,S2B_MSIL2A_20251127T113319_N0511_R080_T28QCG_20251127T134745.SAFE,C:\Users\Simon\Nextcloud\Project\Mauritania\Science\Arguin - FieldWork Data Processing\Data\S2\Sen2Cor\S2B_MSIL2A_20251127T113319_N0511_R080_T28QCG_20251127T134745.zip,522,48,6352,363525.0,2199535.0,0.1973,0.23520000000000002,0.32120000000000004,0.432,0.49050000000000005,0.4904,0.5063,0.5004000000000001,0.5112,0.5169,0.6163000000000001,0.5770000000000001
2025-11-27,Iwik,Sen2Cor,S2B_MSIL2A_20251127T113319_N0511_R080_T28QCG_20251127T134745.SAFE,C:\Users\Simon\Nextcloud\Project\Mauritania\Science\Arguin - FieldWork Data Processing\Data\S2\Sen2Cor\S2B_MSIL2A_20251127T113319_N0511_R080_T28QCG_20251127T134745.zip,523,48,6353,363535.0,2199535.0,0.1973,0.24100000000000002,0.33,0.44520000000000004,0.49050000000000005,0.4904,0.5063,0.5168,0.5112,0.5169,0.6163000000000001,0.5770000000000001
2025-11-27,Iwik,Sen2Cor,S2B_MSIL2A_20251127T113319_N0511_R080_T28QCG_20251127T134745.SAFE,C:\Users\Simon\Nextcloud\Project\Mauritania\Science\Arguin - FieldWork Data Processing\Data\S2\Sen2Cor\S2B_MSIL2A_20251127T113319_N0511_R080_T28QCG_20251127T134745.zip,524,48,6354,363545.0,2199535.0,0.19720000000000001,0.2508,0.34,0.46040000000000003,0.5048,0.5046,0.5232,0.5288,0.5241,0.5207,0.6294000000000001,0.5890000000000001
2025-11-27,Iwik,Sen2Cor,S2B_MSIL2A_20251127T113319_N0511_R080_T28QCG_20251127T134745.SAFE,C:\Users\Simon\Nextcloud\Project\Mauritania\Science\Arguin - FieldWork Data Processing\Data\S2\Sen2Cor\S2B_MSIL2A_20251127T113319_N0511_R080_T28QCG_20251127T134745.zip,525,48,6355,363555.0,2199535.0,0.19720000000000001,0.2566,0.3476,0.46640000000000004,0.5048,0.5046,0.5232,0.536,0.5241,0.5207,0.6294000000000001,0.5890000000000001
2025-11-27,Iwik,Sen2Cor,S2B_MSIL2A_20251127T113319_N0511_R080_T28QCG_20251127T134745.SAFE,C:\Users\Simon\Nextcloud\Project\Mauritania\Science\Arguin - FieldWork Data Processing\Data\S2\Sen2Cor\S2B_MSIL2A_20251127T113319_N0511_R080_T28QCG_20251127T134745.zip,526,48,6356,363565.0,2199535.0,0.1986,0.2534,0.3416,0.45840000000000003,0.5095000000000001,0.5097,0.5306000000000001,0.5336000000000001,0.5307000000000001,0.5207,0.6375000000000001,0.6
2025-11-27,Iwik,Sen2Cor,S2B_MSIL2A_20251127T113319_N0511_R080_T28QCG_20251127T134745.SAFE,C:\Users\Simon\Nextcloud\Project\Mauritania\Science\Arguin - FieldWork Data Processing\Data\S2\Sen2Cor\S2B_MSIL2A_20251127T113319_N0511_R080_T28QCG_20251127T134745.zip,527,48,6357,363575.0,2199535.0,0.1986,0.2484,0.3396,0.46280000000000004,0.5095000000000001,0.5097,0.5306000000000001,0.5308,0.5307000000000001,0.5207,0.6375000000000001,0.6
2025-11-27,Iwik,Sen2Cor,S2B_MSIL2A_20251127T113319_N0511_R080_T28QCG_20251127T134745.SAFE,C:\Users\Simon\Nextcloud\Project\Mauritania\Science\Arguin - FieldWork Data Processing\Data\S2\Sen2Cor\S2B_MSIL2A_20251127T113319_N0511_R080_T28QCG_20251127T134745.zip,528,49,6334,363345.0,2199525.0,0.2044,0.2454,0.33080000000000004,0.4408,0.4922,0.49450000000000005,0.5114000000000001,0.5156000000000001,0.5156000000000001,0.514,0.621,0.5945
2025-11-27,Iwik,Sen2Cor,S2B_MSIL2A_20251127T113319_N0511_R080_T28QCG_20251127T134745.SAFE,C:\Users\Simon\Nextcloud\Project\Mauritania\Science\Arguin - FieldWork Data Processing\Data\S2\Sen2Cor\S2B_MSIL2A_20251127T113319_N0511_R080_T28QCG_20251127T134745.zip,529,49,6335,363355.0,2199525.0,0.2044,0.24600000000000002,0.332,0.4424,0.4922,0.49450000000000005,0.5114000000000001,0.5156000000000001,0.5156000000000001,0.514,0.621,0.5945
2025-11-27,Iwik,Sen2Cor,S2B_MSIL2A_20251127T113319_N0511_R080_T28QCG_20251127T134745.SAFE,C:\Users\Simon\Nextcloud\Project\Mauritania\Science\Arguin - FieldWork Data Processing\Data\S2\Sen2Cor\S2B_MSIL2A_20251127T113319_N0511_R080_T28QCG_20251127T134745.zip,530,49,6336,363365.0,2199525.0,0.2058,0.24200000000000002,0.332,0.446,0.4978,0.5015000000000001,0.5142,0.5128,0.5212,0.5229,0.624,0.5940000000000001
2025-11-27,Iwik,Sen2Cor,S2B_MSIL2A_20251127T113319_N0511_R080_T28QCG_20251127T134745.SAFE,C:\Users\Simon\Nextcloud\Project\Mauritania\Science\Arguin - FieldWork Data Processing\Data\S2\Sen2Cor\S2B_MSIL2A_20251127T113319_N0511_R080_T28QCG_20251127T134745.zip,531,49,6337,363375.0,2199525.0,0.2058,0.254,0.3408,0.4496,0.4978,0.5015000000000001,0.5142,0.5168,0.5212,0.5229,0.624,0.5940000000000001
2025-11-27,Iwik,Sen2Cor,S2B_MSIL2A_20251127T113319_N0511_R080_T28QCG_20251127T134745.SAFE,C:\Users\Simon\Nextcloud\Project\Mauritania\Science\Arguin - FieldWork Data Processing\Data\S2\Sen2Cor\S2B_MSIL2A_20251127T113319_N0511_R080_T28QCG_20251127T134745.zip,532,49,6338,363385.0,2199525.0,0.20600000000000002,0.24960000000000002,0.34040000000000004,0.45,0.5043,0.5028,0.5184,0.5196000000000001,0.5258,0.5229,0.6242,0.5903
2025-11-27,Iwik,Sen2Cor,S2B_MSIL2A_20251127T113319_N0511_R080_T28QCG_20251127T134745.SAFE,C:\Users\Simon\Nextcloud\Project\Mauritania\Science\Arguin - FieldWork Data Processing\Data\S2\Sen2Cor\S2B_MSIL2A_20251127T113319_N0511_R080_T28QCG_20251127T134745.zip,533,49,6339,363395.0,2199525.0,0.20600000000000002,0.249,0.34,0.4504,0.5043,0.5028,0.5184,0.5204,0.5258,0.5229,0.6242,0.5903
2025-11-27,Iwik,Sen2Cor,S2B_MSIL2A_20251127T113319_N0511_R080_T28QCG_20251127T134745.SAFE,C:\Users\Simon\Nextcloud\Project\Mauritania\Science\Arguin - FieldWork Data Processing\Data\S2\Sen2Cor\S2B_MSIL2A_20251127T113319_N0511_R080_T28QCG_20251127T134745.zip,534,49,6340,363405.0,2199525.0,0.2033,0.24680000000000002,0.33440000000000003,0.4464,0.4964,0.49810000000000004,0.5137,0.5184,0.5179,0.5229,0.6203000000000001,0.5892000000000001
2025-11-27,Iwik,Sen2Cor,S2B_MSIL2A_20251127T113319_N0511_R080_T28QCG_20251127T134745.SAFE,C:\Users\Simon\Nextcloud\Project\Mauritania\Science\Arguin - FieldWork Data Processing\Data\S2\Sen2Cor\S2B_MSIL2A_20251127T113319_N0511_R080_T28QCG_20251127T134745.zip,535,49,6341,363415.0,2199525.0,0.2033,0.25220000000000004,0.3352,0.45,0.4964,0.49810000000000004,0.5137,0.5192,0.5179,0.5229,0.6203000000000001,0.5892000000000001
2025-11-27,Iwik,Sen2Cor,S2B_MSIL2A_20251127T113319_N0511_R080_T28QCG_20251127T134745.SAFE,C:\Users\Simon\Nextcloud\Project\Mauritania\Science\Arguin - FieldWork Data Processing\Data\S2\Sen2Cor\S2B_MSIL2A_20251127T113319_N0511_R080_T28QCG_20251127T134745.zip,536,49,6342,363425.0,2199525.0,0.19940000000000002,0.2404,0.32680000000000003,0.43760000000000004,0.4873,0.4913,0.5077,0.5112,0.5132,0.5159,0.6176,0.5829
2025-11-27,Iwik,Sen2Cor,S2B_MSIL2A_20251127T113319_N0511_R080_T28QCG_20251127T134745.SAFE,C:\Users\Simon\Nextcloud\Project\Mauritania\Science\Arguin - FieldWork Data Processing\Data\S2\Sen2Cor\S2B_MSIL2A_20251127T113319_N0511_R080_T28QCG_20251127T134745.zip,537,49,6343,363435.0,2199525.0,0.19940000000000002,0.2286,0.322,0.4388,0.4873,0.4913,0.5077,0.5088,0.5132,0.5159,0.6176,0.5829
2025-11-27,Iwik,Sen2Cor,S2B_MSIL2A_20251127T113319_N0511_R080_T28QCG_20251127T134745.SAFE,C:\Users\Simon\Nextcloud\Project\Mauritania\Science\Arguin - FieldWork Data Processing\Data\S2\Sen2Cor\S2B_MSIL2A_20251127T113319_N0511_R080_T28QCG_20251127T134745.zip,538,49,6344,363445.0,2199525.0,0.1967,0.22820000000000001,0.316,0.43160000000000004,0.48140000000000005,0.4817,0.5033,0.5052,0.5083,0.5159,0.6167,0.5791000000000001
2025-11-27,Iwik,Sen2Cor,S2B_MSIL2A_20251127T113319_N0511_R080_T28QCG_20251127T134745.SAFE,C:\Users\Simon\Nextcloud\Project\Mauritania\Science\Arguin - FieldWork Data Processing\Data\S2\Sen2Cor\S2B_MSIL2A_20251127T113319_N0511_R080_T28QCG_20251127T134745.zip,539,49,6345,363455.0,2199525.0,0.1967,0.232,0.3156,0.4264,0.48140000000000005,0.4817,0.5033,0.5028,0.5083,0.5159,0.6167,0.5791000000000001
2025-11-27,Iwik,Sen2Cor,S2B_MSIL2A_20251127T113319_N0511_R080_T28QCG_20251127T134745.SAFE,C:\Users\Simon\Nextcloud\Project\Mauritania\Science\Arguin - FieldWork Data Processing\Data\S2\Sen2Cor\S2B_MSIL2A_20251127T113319_N0511_R080_T28QCG_20251127T134745.zip,540,49,6346,363465.0,2199525.0,0.1962,0.23,0.3144,0.4312,0.4812,0.4837,0.5005000000000001,0.5008,0.502,0.5159,0.6122000000000001,0.5779000000000001
2025-11-27,Iwik,Sen2Cor,S2B_MSIL2A_20251127T113319_N0511_R080_T28QCG_20251127T134745.SAFE,C:\Users\Simon\Nextcloud\Project\Mauritania\Science\Arguin - FieldWork Data Processing\Data\S2\Sen2Cor\S2B_MSIL2A_20251127T113319_N0511_R080_T28QCG_20251127T134745.zip,541,49,6347,363475.0,2199525.0,0.1962,0.2278,0.314,0.4308,0.4812,0.4837,0.5005000000000001,0.49960000000000004,0.502,0.5159,0.6122000000000001,0.5779000000000001
2025-11-27,Iwik,Sen2Cor,S2B_MSIL2A_20251127T113319_N0511_R080_T28QCG_20251127T134745.SAFE,C:\Users\Simon\Nextcloud\Project\Mauritania\Science\Arguin - FieldWork Data Processing\Data\S2\Sen2Cor\S2B_MSIL2A_20251127T113319_N0511_R080_T28QCG_20251127T134745.zip,542,49,6348,363485.0,2199525.0,0.19690000000000002,0.2384,0.3264,0.4364,0.4898,0.48900000000000005,0.5079,0.5064000000000001,0.5118,0.5169,0.6158,0.5786
2025-11-27,Iwik,Sen2Cor,S2B_MSIL2A_20251127T113319_N0511_R080_T28QCG_20251127T134745.SAFE,C:\Users\Simon\Nextcloud\Project\Mauritania\Science\Arguin - FieldWork Data Processing\Data\S2\Sen2Cor\S2B_MSIL2A_20251127T113319_N0511_R080_T28QCG_20251127T134745.zip,543,49,6349,363495.0,2199525.0,0.19690000000000002,0.2474,0.3356,0.45280000000000004,0.4898,0.48900000000000005,0.5079,0.5108,0.5118,0.5169,0.6158,0.5786
2025-11-27,Iwik,Sen2Cor,S2B_MSIL2A_20251127T113319_N0511_R080_T28QCG_20251127T134745.SAFE,C:\Users\Simon\Nextcloud\Project\Mauritania\Science\Arguin - FieldWork Data Processing\Data\S2\Sen2Cor\S2B_MSIL2A_20251127T113319_N0511_R080_T28QCG_20251127T134745.zip,544,49,6350,363505.0,2199525.0,0.19740000000000002,0.2464,0.32880000000000004,0.4424,0.4858,0.49010000000000004,0.5071,0.5096,0.5124000000000001,0.5169,0.6134000000000001,0.5752
2025-11-27,Iwik,Sen2Cor,S2B_MSIL2A_20251127T113319_N0511_R080_T28QCG_20251127T134745.SAFE,C:\Users\Simon\Nextcloud\Project\Mauritania\Science\Arguin - FieldWork Data Processing\Data\S2\Sen2Cor\S2B_MSIL2A_20251127T113319_N0511_R080_T28QCG_20251127T134745.zip,545,49,6351,363515.0,2199525.0,0.19740000000000002,0.23920000000000002,0.3252,0.4428,0.4858,0.49010000000000004,0.5071,0.5072,0.5124000000000001,0.5169,0.6134000000000001,0.5752
2025-11-27,Iwik,Sen2Cor,S2B_MSIL2A_20251127T113319_N0511_R080_T28QCG_20251127T134745.SAFE,C:\Users\Simon\Nextcloud\Project\Mauritania\Science\Arguin - FieldWork Data Processing\Data\S2\Sen2Cor\S2B_MSIL2A_20251127T113319_N0511_R080_T28QCG_20251127T134745.zip,546,49,6352,363525.0,2199525.0,0.1973,0.2436,0.33,0.44720000000000004,0.49050000000000005,0.4904,0.5063,0.5132,0.5112,0.5169,0.6163000000000001,0.5770000000000001
2025-11-27,Iwik,Sen2Cor,S2B_MSIL2A_20251127T113319_N0511_R080_T28QCG_20251127T134745.SAFE,C:\Users\Simon\Nextcloud\Project\Mauritania\Science\Arguin - FieldWork Data Processing\Data\S2\Sen2Cor\S2B_MSIL2A_20251127T113319_N0511_R080_T28QCG_20251127T134745.zip,547,49,6353,363535.0,2199525.0,0.1973,0.24580000000000002,0.334,0.45280000000000004,0.49050000000000005,0.4904,0.5063,0.5192,0.5112,0.5169,0.6163000000000001,0.5770000000000001
2025-11-27,Iwik,Sen2Cor,S2B_MSIL2A_20251127T113319_N0511_R080_T28QCG_20251127T134745.SAFE,C:\Users\Simon\Nextcloud\Project\Mauritania\Science\Arguin - FieldWork Data Processing\Data\S2\Sen2Cor\S2B_MSIL2A_20251127T113319_N0511_R080_T28QCG_20251127T134745.zip,548,49,6354,363545.0,2199525.0,0.19720000000000001,0.2546,0.33840000000000003,0.45480000000000004,0.5048,0.5046,0.5232,0.5268,0.5241,0.5207,0.6294000000000001,0.5890000000000001
2025-11-27,Iwik,Sen2Cor,S2B_MSIL2A_20251127T113319_N0511_R080_T28QCG_20251127T134745.SAFE,C:\Users\Simon\Nextcloud\Project\Mauritania\Science\Arguin - FieldWork Data Processing\Data\S2\Sen2Cor\S2B_MSIL2A_20251127T113319_N0511_R080_T28QCG_20251127T134745.zip,549,49,6355,363555.0,2199525.0,0.19720000000000001,0.2536,0.33840000000000003,0.46,0.5048,0.5046,0.5232,0.528,0.5241,0.5207,0.6294000000000001,0.5890000000000001
2025-11-27,Iwik,Sen2Cor,S2B_MSIL2A_20251127T113319_N0511_R080_T28QCG_20251127T134745.SAFE,C:\Users\Simon\Nextcloud\Project\Mauritania\Science\Arguin - FieldWork Data Processing\Data\S2\Sen2Cor\S2B_MSIL2A_20251127T113319_N0511_R080_T28QCG_20251127T134745.zip,550,49,6356,363565.0,2199525.0,0.1986,0.24580000000000002,0.33680000000000004,0.456,0.5095000000000001,0.5097,0.5306000000000001,0.5252,0.5307000000000001,0.5207,0.6375000000000001,0.6
2025-11-27,Iwik,Sen2Cor,S2B_MSIL2A_20251127T113319_N0511_R080_T28QCG_20251127T134745.SAFE,C:\Users\Simon\Nextcloud\Project\Mauritania\Science\Arguin - FieldWork Data Processing\Data\S2\Sen2Cor\S2B_MSIL2A_20251127T113319_N0511_R080_T28QCG_20251127T134745.zip,551,49,6357,363575.0,2199525.0,0.1986,0.2422,0.336,0.45480000000000004,0.5095000000000001,0.5097,0.5306000000000001,0.5268,0.5307000000000001,0.5207,0.6375000000000001,0.6
2025-11-27,Iwik,Sen2Cor,S2B_MSIL2A_20251127T113319_N0511_R080_T28QCG_20251127T134745.SAFE,C:\Users\Simon\Nextcloud\Project\Mauritania\Science\Arguin - FieldWork Data Processing\Data\S2\Sen2Cor\S2B_MSIL2A_20251127T113319_N0511_R080_T28QCG_20251127T134745.zip,552,50,6334,363345.0,2199515.0,0.2029,0.24380000000000002,0.3312,0.43960000000000005,0.48510000000000003,0.48760000000000003,0.5074000000000001,0.5128,0.5088,0.514,0.6167,0.5885
2025-11-27,Iwik,Sen2Cor,S2B_MSIL2A_20251127T113319_N0511_R080_T28QCG_20251127T134745.SAFE,C:\Users\Simon\Nextcloud\Project\Mauritania\Science\Arguin - FieldWork Data Processing\Data\S2\Sen2Cor\S2B_MSIL2A_20251127T113319_N0511_R080_T28QCG_20251127T134745.zip,553,50,6335,363355.0,2199515.0,0.2029,0.2404,0.3276,0.43720000000000003,0.48510000000000003,0.48760000000000003,0.5074000000000001,0.5072,0.5088,0.514,0.6167,0.5885
2025-11-27,Iwik,Sen2Cor,S2B_MSIL2A_20251127T113319_N0511_R080_T28QCG_20251127T134745.SAFE,C:\Users\Simon\Nextcloud\Project\Mauritania\Science\Arguin - FieldWork Data Processing\Data\S2\Sen2Cor\S2B_MSIL2A_20251127T113319_N0511_R080_T28QCG_20251127T134745.zip,554,50,6336,363365.0,2199515.0,0.2043,0.24200000000000002,0.3332,0.4424,0.4912,0.4912,0.5082,0.5096,0.516,0.5229,0.6199,0.5897
2025-11-27,Iwik,Sen2Cor,S2B_MSIL2A_20251127T113319_N0511_R080_T28QCG_20251127T134745.SAFE,C:\Users\Simon\Nextcloud\Project\Mauritania\Science\Arguin - FieldWork Data Processing\Data\S2\Sen2Cor\S2B_MSIL2A_20251127T113319_N0511_R080_T28QCG_20251127T134745.zip,555,50,6337,363375.0,2199515.0,0.2043,0.2464,0.33440000000000003,0.4464,0.4912,0.4912,0.5082,0.5128,0.516,0.5229,0.6199,0.5897
2025-11-27,Iwik,Sen2Cor,S2B_MSIL2A_20251127T113319_N0511_R080_T28QCG_20251127T134745.SAFE,C:\Users\Simon\Nextcloud\Project\Mauritania\Science\Arguin - FieldWork Data Processing\Data\S2\Sen2Cor\S2B_MSIL2A_20251127T113319_N0511_R080_T28QCG_20251127T134745.zip,556,50,6338,363385.0,2199515.0,0.2036,0.2526,0.3356,0.44880000000000003,0.4953,0.49460000000000004,0.5124000000000001,0.5184,0.5202,0.5229,0.6196,0.5857
2025-11-27,Iwik,Sen2Cor,S2B_MSIL2A_20251127T113319_N0511_R080_T28QCG_20251127T134745.SAFE,C:\Users\Simon\Nextcloud\Project\Mauritania\Science\Arguin - FieldWork Data Processing\Data\S2\Sen2Cor\S2B_MSIL2A_20251127T113319_N0511_R080_T28QCG_20251127T134745.zip,557,50,6339,363395.0,2199515.0,0.2036,0.251,0.3352,0.45080000000000003,0.4953,0.49460000000000004,0.5124000000000001,0.516,0.5202,0.5229,0.6196,0.5857
2025-11-27,Iwik,Sen2Cor,S2B_MSIL2A_20251127T113319_N0511_R080_T28QCG_20251127T134745.SAFE,C:\Users\Simon\Nextcloud\Project\Mauritania\Science\Arguin - FieldWork Data Processing\Data\S2\Sen2Cor\S2B_MSIL2A_20251127T113319_N0511_R080_T28QCG_20251127T134745.zip,558,50,6340,363405.0,2199515.0,0.20120000000000002,0.2456,0.3304,0.444,0.4917,0.49420000000000003,0.5106,0.5108,0.5108,0.5229,0.6186,0.5867
2025-11-27,Iwik,Sen2Cor,S2B_MSIL2A_20251127T113319_N0511_R080_T28QCG_20251127T134745.SAFE,C:\Users\Simon\Nextcloud\Project\Mauritania\Science\Arguin - FieldWork Data Processing\Data\S2\Sen2Cor\S2B_MSIL2A_20251127T113319_N0511_R080_T28QCG_20251127T134745.zip,559,50,6341,363415.0,2199515.0,0.20120000000000002,0.2508,0.3332,0.44880000000000003,0.4917,0.49420000000000003,0.5106,0.5176000000000001,0.5108,0.5229,0.6186,0.5867
2025-11-27,Iwik,Sen2Cor,S2B_MSIL2A_20251127T113319_N0511_R080_T28QCG_20251127T134745.SAFE,C:\Users\Simon\Nextcloud\Project\Mauritania\Science\Arguin - FieldWork Data Processing\Data\S2\Sen2Cor\S2B_MSIL2A_20251127T113319_N0511_R080_T28QCG_20251127T134745.zip,560,50,6342,363425.0,2199515.0,0.1981,0.2416,0.3276,0.4368,0.48850000000000005,0.4894,0.5055000000000001,0.5072,0.5093,0.5159,0.6176,0.5814
2025-11-27,Iwik,Sen2Cor,S2B_MSIL2A_20251127T113319_N0511_R080_T28QCG_20251127T134745.SAFE,C:\Users\Simon\Nextcloud\Project\Mauritania\Science\Arguin - FieldWork Data Processing\Data\S2\Sen2Cor\S2B_MSIL2A_20251127T113319_N0511_R080_T28QCG_20251127T134745.zip,561,50,6343,363435.0,2199515.0,0.1981,0.23140000000000002,0.3184,0.43760000000000004,0.48850000000000005,0.4894,0.5055000000000001,0.5048,0.5093,0.5159,0.6176,0.5814
2025-11-27,Iwik,Sen2Cor,S2B_MSIL2A_20251127T113319_N0511_R080_T28QCG_20251127T134745.SAFE,C:\Users\Simon\Nextcloud\Project\Mauritania\Science\Arguin - FieldWork Data Processing\Data\S2\Sen2Cor\S2B_MSIL2A_20251127T113319_N0511_R080_T28QCG_20251127T134745.zip,562,50,6344,363445.0,2199515.0,0.19590000000000002,0.233,0.31720000000000004,0.4284,0.48660000000000003,0.48610000000000003,0.5049,0.5068,0.512,0.5159,0.6142000000000001,0.5761000000000001
2025-11-27,Iwik,Sen2Cor,S2B_MSIL2A_20251127T113319_N0511_R080_T28QCG_20251127T134745.SAFE,C:\Users\Simon\Nextcloud\Project\Mauritania\Science\Arguin - FieldWork Data Processing\Data\S2\Sen2Cor\S2B_MSIL2A_20251127T113319_N0511_R080_T28QCG_20251127T134745.zip,563,50,6345,363455.0,2199515.0,0.19590000000000002,0.231,0.324,0.43160000000000004,0.48660000000000003,0.48610000000000003,0.5049,0.5024000000000001,0.512,0.5159,0.6142000000000001,0.5761000000000001
2025-11-27,Iwik,Sen2Cor,S2B_MSIL2A_20251127T113319_N0511_R080_T28QCG_20251127T134745.SAFE,C:\Users\Simon\Nextcloud\Project\Mauritania\Science\Arguin - FieldWork Data Processing\Data\S2\Sen2Cor\S2B_MSIL2A_20251127T113319_N0511_R080_T28QCG_20251127T134745.zip,564,50,6346,363465.0,2199515.0,0.19590000000000002,0.2336,0.3176,0.43320000000000003,0.4834,0.4832,0.5005000000000001,0.4984,0.5034000000000001,0.5159,0.6106,0.5758
2025-11-27,Iwik,Sen2Cor,S2B_MSIL2A_20251127T113319_N0511_R080_T28QCG_20251127T134745.SAFE,C:\Users\Simon\Nextcloud\Project\Mauritania\Science\Arguin - FieldWork Data Processing\Data\S2\Sen2Cor\S2B_MSIL2A_20251127T113319_N0511_R080_T28QCG_20251127T134745.zip,565,50,6347,363475.0,2199515.0,0.19590000000000002,0.23700000000000002,0.32120000000000004,0.43760000000000004,0.4834,0.4832,0.5005000000000001,0.5052,0.5034000000000001,0.5159,0.6106,0.5758
2025-11-27,Iwik,Sen2Cor,S2B_MSIL2A_20251127T113319_N0511_R080_T28QCG_20251127T134745.SAFE,C:\Users\Simon\Nextcloud\Project\Mauritania\Science\Arguin - FieldWork Data Processing\Data\S2\Sen2Cor\S2B_MSIL2A_20251127T113319_N0511_R080_T28QCG_20251127T134745.zip,566,50,6348,363485.0,2199515.0,0.1967,0.24480000000000002,0.3276,0.44520000000000004,0.48260000000000003,0.4852,0.5007,0.5128,0.51,0.5169,0.6131,0.5762
2025-11-27,Iwik,Sen2Cor,S2B_MSIL2A_20251127T113319_N0511_R080_T28QCG_20251127T134745.SAFE,C:\Users\Simon\Nextcloud\Project\Mauritania\Science\Arguin - FieldWork Data Processing\Data\S2\Sen2Cor\S2B_MSIL2A_20251127T113319_N0511_R080_T28QCG_20251127T134745.zip,567,50,6349,363495.0,2199515.0,0.1967,0.2454,0.33080000000000004,0.4476,0.48260000000000003,0.4852,0.5007,0.5084000000000001,0.51,0.5169,0.6131,0.5762
2025-11-27,Iwik,Sen2Cor,S2B_MSIL2A_20251127T113319_N0511_R080_T28QCG_20251127T134745.SAFE,C:\Users\Simon\Nextcloud\Project\Mauritania\Science\Arguin - FieldWork Data Processing\Data\S2\Sen2Cor\S2B_MSIL2A_20251127T113319_N0511_R080_T28QCG_20251127T134745.zip,568,50,6350,363505.0,2199515.0,0.19740000000000002,0.2426,0.326,0.4388,0.48510000000000003,0.4868,0.5075000000000001,0.5088,0.5098,0.5169,0.6173000000000001,0.5808
2025-11-27,Iwik,Sen2Cor,S2B_MSIL2A_20251127T113319_N0511_R080_T28QCG_20251127T134745.SAFE,C:\Users\Simon\Nextcloud\Project\Mauritania\Science\Arguin - FieldWork Data Processing\Data\S2\Sen2Cor\S2B_MSIL2A_20251127T113319_N0511_R080_T28QCG_20251127T134745.zip,569,50,6351,363515.0,2199515.0,0.19740000000000002,0.24100000000000002,0.3276,0.4464,0.48510000000000003,0.4868,0.5075000000000001,0.516,0.5098,0.5169,0.6173000000000001,0.5808
2025-11-27,Iwik,Sen2Cor,S2B_MSIL2A_20251127T113319_N0511_R080_T28QCG_20251127T134745.SAFE,C:\Users\Simon\Nextcloud\Project\Mauritania\Science\Arguin - FieldWork Data Processing\Data\S2\Sen2Cor\S2B_MSIL2A_20251127T113319_N0511_R080_T28QCG_20251127T134745.zip,570,50,6352,363525.0,2199515.0,0.1975,0.24100000000000002,0.3284,0.4428,0.49210000000000004,0.49710000000000004,0.517,0.516,0.5138,0.5169,0.6236,0.5857
2025-11-27,Iwik,Sen2Cor,S2B_MSIL2A_20251127T113319_N0511_R080_T28QCG_20251127T134745.SAFE,C:\Users\Simon\Nextcloud\Project\Mauritania\Science\Arguin - FieldWork Data Processing\Data\S2\Sen2Cor\S2B_MSIL2A_20251127T113319_N0511_R080_T28QCG_20251127T134745.zip,571,50,6353,363535.0,2199515.0,0.1975,0.24580000000000002,0.32880000000000004,0.44160000000000005,0.49210000000000004,0.49710000000000004,0.517,0.514,0.5138,0.5169,0.6236,0.5857
2025-11-27,Iwik,Sen2Cor,S2B_MSIL2A_20251127T113319_N0511_R080_T28QCG_20251127T134745.SAFE,C:\Users\Simon\Nextcloud\Project\Mauritania\Science\Arguin - FieldWork Data Processing\Data\S2\Sen2Cor\S2B_MSIL2A_20251127T113319_N0511_R080_T28QCG_20251127T134745.zip,572,50,6354,363545.0,2199515.0,0.19740000000000002,0.2564,0.3408,0.458,0.5034000000000001,0.5019,0.5146000000000001,0.5248,0.523,0.5207,0.6298,0.5923
2025-11-27,Iwik,Sen2Cor,S2B_MSIL2A_20251127T113319_N0511_R080_T28QCG_20251127T134745.SAFE,C:\Users\Simon\Nextcloud\Project\Mauritania\Science\Arguin - FieldWork Data Processing\Data\S2\Sen2Cor\S2B_MSIL2A_20251127T113319_N0511_R080_T28QCG_20251127T134745.zip,573,50,6355,363555.0,2199515.0,0.19740000000000002,0.254,0.33480000000000004,0.45680000000000004,0.5034000000000001,0.5019,0.5146000000000001,0.5296000000000001,0.523,0.5207,0.6298,0.5923
2025-11-27,Iwik,Sen2Cor,S2B_MSIL2A_20251127T113319_N0511_R080_T28QCG_20251127T134745.SAFE,C:\Users\Simon\Nextcloud\Project\Mauritania\Science\Arguin - FieldWork Data Processing\Data\S2\Sen2Cor\S2B_MSIL2A_20251127T113319_N0511_R080_T28QCG_20251127T134745.zip,574,50,6356,363565.0,2199515.0,0.1988,0.2424,0.3372,0.45320000000000005,0.4959,0.497,0.5171,0.5192,0.5178,0.5207,0.6259,0.5910000000000001
2025-11-27,Iwik,Sen2Cor,S2B_MSIL2A_20251127T113319_N0511_R080_T28QCG_20251127T134745.SAFE,C:\Users\Simon\Nextcloud\Project\Mauritania\Science\Arguin - FieldWork Data Processing\Data\S2\Sen2Cor\S2B_MSIL2A_20251127T113319_N0511_R080_T28QCG_20251127T134745.zip,575,51,6334,363345.0,2199505.0,0.2029,0.24480000000000002,0.3264,0.4364,0.48510000000000003,0.48760000000000003,0.5074000000000001,0.5088,0.5088,0.514,0.6167,0.5885
2025-11-27,Iwik,Sen2Cor,S2B_MSIL2A_20251127T113319_N0511_R080_T28QCG_20251127T134745.SAFE,C:\Users\Simon\Nextcloud\Project\Mauritania\Science\Arguin - FieldWork Data Processing\Data\S2\Sen2Cor\S2B_MSIL2A_20251127T113319_N0511_R080_T28QCG_20251127T134745.zip,576,51,6335,363355.0,2199505.0,0.2029,0.2426,0.3252,0.436,0.48510000000000003,0.48760000000000003,0.5074000000000001,0.506,0.5088,0.514,0.6167,0.5885
2025-11-27,Iwik,Sen2Cor,S2B_MSIL2A_20251127T113319_N0511_R080_T28QCG_20251127T134745.SAFE,C:\Users\Simon\Nextcloud\Project\Mauritania\Science\Arguin - FieldWork Data Processing\Data\S2\Sen2Cor\S2B_MSIL2A_20251127T113319_N0511_R080_T28QCG_20251127T134745.zip,577,51,6336,363365.0,2199505.0,0.2043,0.2426,0.3284,0.43960000000000005,0.4912,0.4912,0.5082,0.5088,0.516,0.5229,0.6199,0.5897
2025-11-27,Iwik,Sen2Cor,S2B_MSIL2A_20251127T113319_N0511_R080_T28QCG_20251127T134745.SAFE,C:\Users\Simon\Nextcloud\Project\Mauritania\Science\Arguin - FieldWork Data Processing\Data\S2\Sen2Cor\S2B_MSIL2A_20251127T113319_N0511_R080_T28QCG_20251127T134745.zip,578,51,6337,363375.0,2199505.0,0.2043,0.24100000000000002,0.32880000000000004,0.442,0.4912,0.4912,0.5082,0.508,0.516,0.5229,0.6199,0.5897
2025-11-27,Iwik,Sen2Cor,S2B_MSIL2A_20251127T113319_N0511_R080_T28QCG_20251127T134745.SAFE,C:\Users\Simon\Nextcloud\Project\Mauritania\Science\Arguin - FieldWork Data Processing\Data\S2\Sen2Cor\S2B_MSIL2A_20251127T113319_N0511_R080_T28QCG_20251127T134745.zip,579,51,6338,363385.0,2199505.0,0.2036,0.2514,0.3372,0.4484,0.4953,0.49460000000000004,0.5124000000000001,0.5136000000000001,0.5202,0.5229,0.6196,0.5857
2025-11-27,Iwik,Sen2Cor,S2B_MSIL2A_20251127T113319_N0511_R080_T28QCG_20251127T134745.SAFE,C:\Users\Simon\Nextcloud\Project\Mauritania\Science\Arguin - FieldWork Data Processing\Data\S2\Sen2Cor\S2B_MSIL2A_20251127T113319_N0511_R080_T28QCG_20251127T134745.zip,580,51,6339,363395.0,2199505.0,0.2036,0.24580000000000002,0.3332,0.446,0.4953,0.49460000000000004,0.5124000000000001,0.5176000000000001,0.5202,0.5229,0.6196,0.5857
2025-11-27,Iwik,Sen2Cor,S2B_MSIL2A_20251127T113319_N0511_R080_T28QCG_20251127T134745.SAFE,C:\Users\Simon\Nextcloud\Project\Mauritania\Science\Arguin - FieldWork Data Processing\Data\S2\Sen2Cor\S2B_MSIL2A_20251127T113319_N0511_R080_T28QCG_20251127T134745.zip,581,51,6340,363405.0,2199505.0,0.20120000000000002,0.24600000000000002,0.3312,0.44720000000000004,0.4917,0.49420000000000003,0.5106,0.514,0.5108,0.5229,0.6186,0.5867
2025-11-27,Iwik,Sen2Cor,S2B_MSIL2A_20251127T113319_N0511_R080_T28QCG_20251127T134745.SAFE,C:\Users\Simon\Nextcloud\Project\Mauritania\Science\Arguin - FieldWork Data Processing\Data\S2\Sen2Cor\S2B_MSIL2A_20251127T113319_N0511_R080_T28QCG_20251127T134745.zip,582,51,6341,363415.0,2199505.0,0.20120000000000002,0.24780000000000002,0.3356,0.44720000000000004,0.4917,0.49420000000000003,0.5106,0.5204,0.5108,0.5229,0.6186,0.5867
2025-11-27,Iwik,Sen2Cor,S2B_MSIL2A_20251127T113319_N0511_R080_T28QCG_20251127T134745.SAFE,C:\Users\Simon\Nextcloud\Project\Mauritania\Science\Arguin - FieldWork Data Processing\Data\S2\Sen2Cor\S2B_MSIL2A_20251127T113319_N0511_R080_T28QCG_20251127T134745.zip,583,51,6342,363425.0,2199505.0,0.1981,0.2398,0.3244,0.4368,0.48850000000000005,0.4894,0.5055000000000001,0.5036,0.5093,0.5159,0.6176,0.5814
2025-11-27,Iwik,Sen2Cor,S2B_MSIL2A_20251127T113319_N0511_R080_T28QCG_20251127T134745.SAFE,C:\Users\Simon\Nextcloud\Project\Mauritania\Science\Arguin - FieldWork Data Processing\Data\S2\Sen2Cor\S2B_MSIL2A_20251127T113319_N0511_R080_T28QCG_20251127T134745.zip,584,51,6343,363435.0,2199505.0,0.1981,0.23420000000000002,0.32080000000000003,0.4408,0.48850000000000005,0.4894,0.5055000000000001,0.5104000000000001,0.5093,0.5159,0.6176,0.5814
2025-11-27,Iwik,Sen2Cor,S2B_MSIL2A_20251127T113319_N0511_R080_T28QCG_20251127T134745.SAFE,C:\Users\Simon\Nextcloud\Project\Mauritania\Science\Arguin - FieldWork Data Processing\Data\S2\Sen2Cor\S2B_MSIL2A_20251127T113319_N0511_R080_T28QCG_20251127T134745.zip,585,51,6344,363445.0,2199505.0,0.19590000000000002,0.2368,0.3252,0.4424,0.48660000000000003,0.48610000000000003,0.5049,0.5112,0.512,0.5159,0.6142000000000001,0.5761000000000001
2025-11-27,Iwik,Sen2Cor,S2B_MSIL2A_20251127T113319_N0511_R080_T28QCG_20251127T134745.SAFE,C:\Users\Simon\Nextcloud\Project\Mauritania\Science\Arguin - FieldWork Data Processing\Data\S2\Sen2Cor\S2B_MSIL2A_20251127T113319_N0511_R080_T28QCG_20251127T134745.zip,586,51,6345,363455.0,2199505.0,0.19590000000000002,0.23320000000000002,0.3252,0.4384,0.48660000000000003,0.48610000000000003,0.5049,0.508,0.512,0.5159,0.6142000000000001,0.5761000000000001
2025-11-27,Iwik,Sen2Cor,S2B_MSIL2A_20251127T113319_N0511_R080_T28QCG_20251127T134745.SAFE,C:\Users\Simon\Nextcloud\Project\Mauritania\Science\Arguin - FieldWork Data Processing\Data\S2\Sen2Cor\S2B_MSIL2A_20251127T113319_N0511_R080_T28QCG_20251127T134745.zip,587,51,6346,363465.0,2199505.0,0.19590000000000002,0.2384,0.322,0.43760000000000004,0.4834,0.4832,0.5005000000000001,0.5036,0.5034000000000001,0.5159,0.6106,0.5758
2025-11-27,Iwik,Sen2Cor,S2B_MSIL2A_20251127T113319_N0511_R080_T28QCG_20251127T134745.SAFE,C:\Users\Simon\Nextcloud\Project\Mauritania\Science\Arguin - FieldWork Data Processing\Data\S2\Sen2Cor\S2B_MSIL2A_20251127T113319_N0511_R080_T28QCG_20251127T134745.zip,588,51,6347,363475.0,2199505.0,0.19590000000000002,0.2388,0.32480000000000003,0.4384,0.4834,0.4832,0.5005000000000001,0.5028,0.5034000000000001,0.5159,0.6106,0.5758
2025-11-27,Iwik,Sen2Cor,S2B_MSIL2A_20251127T113319_N0511_R080_T28QCG_20251127T134745.SAFE,C:\Users\Simon\Nextcloud\Project\Mauritania\Science\Arguin - FieldWork Data Processing\Data\S2\Sen2Cor\S2B_MSIL2A_20251127T113319_N0511_R080_T28QCG_20251127T134745.zip,589,51,6348,363485.0,2199505.0,0.1967,0.23,0.3184,0.43,0.48260000000000003,0.4852,0.5007,0.5008,0.51,0.5169,0.6131,0.5762
2025-11-27,Iwik,Sen2Cor,S2B_MSIL2A_20251127T113319_N0511_R080_T28QCG_20251127T134745.SAFE,C:\Users\Simon\Nextcloud\Project\Mauritania\Science\Arguin - FieldWork Data Processing\Data\S2\Sen2Cor\S2B_MSIL2A_20251127T113319_N0511_R080_T28QCG_20251127T134745.zip,590,51,6349,363495.0,2199505.0,0.1967,0.2336,0.3244,0.43520000000000003,0.48260000000000003,0.4852,0.5007,0.5,0.51,0.5169,0.6131,0.5762
2025-11-27,Iwik,Sen2Cor,S2B_MSIL2A_20251127T113319_N0511_R080_T28QCG_20251127T134745.SAFE,C:\Users\Simon\Nextcloud\Project\Mauritania\Science\Arguin - FieldWork Data Processing\Data\S2\Sen2Cor\S2B_MSIL2A_20251127T113319_N0511_R080_T28QCG_20251127T134745.zip,591,51,6350,363505.0,2199505.0,0.19740000000000002,0.23520000000000002,0.3276,0.4364,0.48510000000000003,0.4868,0.5075000000000001,0.5072,0.5098,0.5169,0.6173000000000001,0.5808
2025-11-27,Iwik,Sen2Cor,S2B_MSIL2A_20251127T113319_N0511_R080_T28QCG_20251127T134745.SAFE,C:\Users\Simon\Nextcloud\Project\Mauritania\Science\Arguin - FieldWork Data Processing\Data\S2\Sen2Cor\S2B_MSIL2A_20251127T113319_N0511_R080_T28QCG_20251127T134745.zip,592,51,6351,363515.0,2199505.0,0.19740000000000002,0.23920000000000002,0.3244,0.438,0.48510000000000003,0.4868,0.5075000000000001,0.5064000000000001,0.5098,0.5169,0.6173000000000001,0.5808
2025-11-27,Iwik,Sen2Cor,S2B_MSIL2A_20251127T113319_N0511_R080_T28QCG_20251127T134745.SAFE,C:\Users\Simon\Nextcloud\Project\Mauritania\Science\Arguin - FieldWork Data Processing\Data\S2\Sen2Cor\S2B_MSIL2A_20251127T113319_N0511_R080_T28QCG_20251127T134745.zip,593,51,6352,363525.0,2199505.0,0.1975,0.23800000000000002,0.3244,0.44,0.49210000000000004,0.49710000000000004,0.517,0.5084000000000001,0.5138,0.5169,0.6236,0.5857
2025-11-27,Iwik,Sen2Cor,S2B_MSIL2A_20251127T113319_N0511_R080_T28QCG_20251127T134745.SAFE,C:\Users\Simon\Nextcloud\Project\Mauritania\Science\Arguin - FieldWork Data Processing\Data\S2\Sen2Cor\S2B_MSIL2A_20251127T113319_N0511_R080_T28QCG_20251127T134745.zip,594,51,6353,363535.0,2199505.0,0.1975,0.24480000000000002,0.3352,0.45,0.49210000000000004,0.49710000000000004,0.517,0.5192,0.5138,0.5169,0.6236,0.5857
2025-11-27,Iwik,Sen2Cor,S2B_MSIL2A_20251127T113319_N0511_R080_T28QCG_20251127T134745.SAFE,C:\Users\Simon\Nextcloud\Project\Mauritania\Science\Arguin - FieldWork Data Processing\Data\S2\Sen2Cor\S2B_MSIL2A_20251127T113319_N0511_R080_T28QCG_20251127T134745.zip,595,51,6354,363545.0,2199505.0,0.19740000000000002,0.2504,0.3416,0.46040000000000003,0.5034000000000001,0.5019,0.5146000000000001,0.5244,0.523,0.5207,0.6298,0.5923
2025-11-27,Iwik,Sen2Cor,S2B_MSIL2A_20251127T113319_N0511_R080_T28QCG_20251127T134745.SAFE,C:\Users\Simon\Nextcloud\Project\Mauritania\Science\Arguin - FieldWork Data Processing\Data\S2\Sen2Cor\S2B_MSIL2A_20251127T113319_N0511_R080_T28QCG_20251127T134745.zip,596,51,6355,363555.0,2199505.0,0.19740000000000002,0.24400000000000002,0.332,0.44880000000000003,0.5034000000000001,0.5019,0.5146000000000001,0.522,0.523,0.5207,0.6298,0.5923
2025-11-27,Iwik,Sen2Cor,S2B_MSIL2A_20251127T113319_N0511_R080_T28QCG_20251127T134745.SAFE,C:\Users\Simon\Nextcloud\Project\Mauritania\Science\Arguin - FieldWork Data Processing\Data\S2\Sen2Cor\S2B_MSIL2A_20251127T113319_N0511_R080_T28QCG_20251127T134745.zip,597,52,6333,363335.0,2199495.0,0.19970000000000002,0.24700000000000003,0.3336,0.43960000000000005,0.4808,0.48090000000000005,0.503,0.5088,0.5062,0.514,0.616,0.5838
2025-11-27,Iwik,Sen2Cor,S2B_MSIL2A_20251127T113319_N0511_R080_T28QCG_20251127T134745.SAFE,C:\Users\Simon\Nextcloud\Project\Mauritania\Science\Arguin - FieldWork Data Processing\Data\S2\Sen2Cor\S2B_MSIL2A_20251127T113319_N0511_R080_T28QCG_20251127T134745.zip,598,52,6334,363345.0,2199495.0,0.1996,0.2472,0.32880000000000004,0.442,0.4924,0.48800000000000004,0.5116,0.5136000000000001,0.5133,0.514,0.618,0.5850000000000001
2025-11-27,Iwik,Sen2Cor,S2B_MSIL2A_20251127T113319_N0511_R080_T28QCG_20251127T134745.SAFE,C:\Users\Simon\Nextcloud\Project\Mauritania\Science\Arguin - FieldWork Data Processing\Data\S2\Sen2Cor\S2B_MSIL2A_20251127T113319_N0511_R080_T28QCG_20251127T134745.zip,599,52,6335,363355.0,2199495.0,0.1996,0.25220000000000004,0.332,0.44680000000000003,0.4924,0.48800000000000004,0.5116,0.52,0.5133,0.514,0.618,0.5850000000000001
2025-11-27,Iwik,Sen2Cor,S2B_MSIL2A_20251127T113319_N0511_R080_T28QCG_20251127T134745.SAFE,C:\Users\Simon\Nextcloud\Project\Mauritania\Science\Arguin - FieldWork Data Processing\Data\S2\Sen2Cor\S2B_MSIL2A_20251127T113319_N0511_R080_T28QCG_20251127T134745.zip,600,52,6336,363365.0,2199495.0,0.20090000000000002,0.248,0.33240000000000003,0.44520000000000004,0.49150000000000005,0.4943,0.5106,0.52,0.5119,0.5229,0.6187,0.5893
2025-11-27,Iwik,Sen2Cor,S2B_MSIL2A_20251127T113319_N0511_R080_T28QCG_20251127T134745.SAFE,C:\Users\Simon\Nextcloud\Project\Mauritania\Science\Arguin - FieldWork Data Processing\Data\S2\Sen2Cor\S2B_MSIL2A_20251127T113319_N0511_R080_T28QCG_20251127T134745.zip,601,52,6337,363375.0,2199495.0,0.20090000000000002,0.2432,0.3296,0.4388,0.49150000000000005,0.4943,0.5106,0.514,0.5119,0.5229,0.6187,0.5893
2025-11-27,Iwik,Sen2Cor,S2B_MSIL2A_20251127T113319_N0511_R080_T28QCG_20251127T134745.SAFE,C:\Users\Simon\Nextcloud\Project\Mauritania\Science\Arguin - FieldWork Data Processing\Data\S2\Sen2Cor\S2B_MSIL2A_20251127T113319_N0511_R080_T28QCG_20251127T134745.zip,602,52,6338,363385.0,2199495.0,0.2006,0.2446,0.328,0.4404,0.4903,0.49260000000000004,0.5053,0.5096,0.5131,0.5229,0.6179,0.5882000000000001
2025-11-27,Iwik,Sen2Cor,S2B_MSIL2A_20251127T113319_N0511_R080_T28QCG_20251127T134745.SAFE,C:\Users\Simon\Nextcloud\Project\Mauritania\Science\Arguin - FieldWork Data Processing\Data\S2\Sen2Cor\S2B_MSIL2A_20251127T113319_N0511_R080_T28QCG_20251127T134745.zip,603,52,6339,363395.0,2199495.0,0.2006,0.2434,0.328,0.4408,0.4903,0.49260000000000004,0.5053,0.5108,0.5131,0.5229,0.6179,0.5882000000000001
2025-11-27,Iwik,Sen2Cor,S2B_MSIL2A_20251127T113319_N0511_R080_T28QCG_20251127T134745.SAFE,C:\Users\Simon\Nextcloud\Project\Mauritania\Science\Arguin - FieldWork Data Processing\Data\S2\Sen2Cor\S2B_MSIL2A_20251127T113319_N0511_R080_T28QCG_20251127T134745.zip,604,52,6340,363405.0,2199495.0,0.19990000000000002,0.24760000000000001,0.33280000000000004,0.448,0.4953,0.49660000000000004,0.513,0.5132,0.5162,0.5229,0.6229,0.5909
2025-11-27,Iwik,Sen2Cor,S2B_MSIL2A_20251127T113319_N0511_R080_T28QCG_20251127T134745.SAFE,C:\Users\Simon\Nextcloud\Project\Mauritania\Science\Arguin - FieldWork Data Processing\Data\S2\Sen2Cor\S2B_MSIL2A_20251127T113319_N0511_R080_T28QCG_20251127T134745.zip,605,52,6341,363415.0,2199495.0,0.19990000000000002,0.23920000000000002,0.33440000000000003,0.4464,0.4953,0.49660000000000004,0.513,0.5216000000000001,0.5162,0.5229,0.6229,0.5909
2025-11-27,Iwik,Sen2Cor,S2B_MSIL2A_20251127T113319_N0511_R080_T28QCG_20251127T134745.SAFE,C:\Users\Simon\Nextcloud\Project\Mauritania\Science\Arguin - FieldWork Data Processing\Data\S2\Sen2Cor\S2B_MSIL2A_20251127T113319_N0511_R080_T28QCG_20251127T134745.zip,606,52,6342,363425.0,2199495.0,0.19770000000000001,0.2416,0.3284,0.4404,0.49160000000000004,0.49260000000000004,0.5108,0.5136000000000001,0.5119,0.5159,0.6208,0.5833
2025-11-27,Iwik,Sen2Cor,S2B_MSIL2A_20251127T113319_N0511_R080_T28QCG_20251127T134745.SAFE,C:\Users\Simon\Nextcloud\Project\Mauritania\Science\Arguin - FieldWork Data Processing\Data\S2\Sen2Cor\S2B_MSIL2A_20251127T113319_N0511_R080_T28QCG_20251127T134745.zip,607,52,6343,363435.0,2199495.0,0.19770000000000001,0.24480000000000002,0.3336,0.44720000000000004,0.49160000000000004,0.49260000000000004,0.5108,0.5136000000000001,0.5119,0.5159,0.6208,0.5833
2025-11-27,Iwik,Sen2Cor,S2B_MSIL2A_20251127T113319_N0511_R080_T28QCG_20251127T134745.SAFE,C:\Users\Simon\Nextcloud\Project\Mauritania\Science\Arguin - FieldWork Data Processing\Data\S2\Sen2Cor\S2B_MSIL2A_20251127T113319_N0511_R080_T28QCG_20251127T134745.zip,608,52,6344,363445.0,2199495.0,0.1961,0.24100000000000002,0.334,0.4496,0.49050000000000005,0.49510000000000004,0.5104000000000001,0.5184,0.5111,0.5159,0.617,0.5790000000000001
2025-11-27,Iwik,Sen2Cor,S2B_MSIL2A_20251127T113319_N0511_R080_T28QCG_20251127T134745.SAFE,C:\Users\Simon\Nextcloud\Project\Mauritania\Science\Arguin - FieldWork Data Processing\Data\S2\Sen2Cor\S2B_MSIL2A_20251127T113319_N0511_R080_T28QCG_20251127T134745.zip,609,52,6345,363455.0,2199495.0,0.1961,0.24100000000000002,0.33,0.4428,0.49050000000000005,0.49510000000000004,0.5104000000000001,0.514,0.5111,0.5159,0.617,0.5790000000000001
2025-11-27,Iwik,Sen2Cor,S2B_MSIL2A_20251127T113319_N0511_R080_T28QCG_20251127T134745.SAFE,C:\Users\Simon\Nextcloud\Project\Mauritania\Science\Arguin - FieldWork Data Processing\Data\S2\Sen2Cor\S2B_MSIL2A_20251127T113319_N0511_R080_T28QCG_20251127T134745.zip,610,52,6346,363465.0,2199495.0,0.196,0.2406,0.3264,0.43920000000000003,0.48650000000000004,0.4868,0.4993,0.5064000000000001,0.5065000000000001,0.5159,0.6145,0.5771000000000001
2025-11-27,Iwik,Sen2Cor,S2B_MSIL2A_20251127T113319_N0511_R080_T28QCG_20251127T134745.SAFE,C:\Users\Simon\Nextcloud\Project\Mauritania\Science\Arguin - FieldWork Data Processing\Data\S2\Sen2Cor\S2B_MSIL2A_20251127T113319_N0511_R080_T28QCG_20251127T134745.zip,611,52,6347,363475.0,2199495.0,0.196,0.23720000000000002,0.32280000000000003,0.43,0.48650000000000004,0.4868,0.4993,0.5,0.5065000000000001,0.5159,0.6145,0.5771000000000001
2025-11-27,Iwik,Sen2Cor,S2B_MSIL2A_20251127T113319_N0511_R080_T28QCG_20251127T134745.SAFE,C:\Users\Simon\Nextcloud\Project\Mauritania\Science\Arguin - FieldWork Data Processing\Data\S2\Sen2Cor\S2B_MSIL2A_20251127T113319_N0511_R080_T28QCG_20251127T134745.zip,612,52,6348,363485.0,2199495.0,0.1967,0.23440000000000003,0.3204,0.4324,0.4867,0.4879,0.507,0.502,0.5056,0.5169,0.6173000000000001,0.5783
2025-11-27,Iwik,Sen2Cor,S2B_MSIL2A_20251127T113319_N0511_R080_T28QCG_20251127T134745.SAFE,C:\Users\Simon\Nextcloud\Project\Mauritania\Science\Arguin - FieldWork Data Processing\Data\S2\Sen2Cor\S2B_MSIL2A_20251127T113319_N0511_R080_T28QCG_20251127T134745.zip,613,52,6349,363495.0,2199495.0,0.1967,0.2384,0.3256,0.4428,0.4867,0.4879,0.507,0.5068,0.5056,0.5169,0.6173000000000001,0.5783
2025-11-27,Iwik,Sen2Cor,S2B_MSIL2A_20251127T113319_N0511_R080_T28QCG_20251127T134745.SAFE,C:\Users\Simon\Nextcloud\Project\Mauritania\Science\Arguin - FieldWork Data Processing\Data\S2\Sen2Cor\S2B_MSIL2A_20251127T113319_N0511_R080_T28QCG_20251127T134745.zip,614,52,6350,363505.0,2199495.0,0.1965,0.23420000000000002,0.322,0.43520000000000003,0.48950000000000005,0.48550000000000004,0.5046,0.5044000000000001,0.512,0.5169,0.6167,0.5821000000000001
2025-11-27,Iwik,Sen2Cor,S2B_MSIL2A_20251127T113319_N0511_R080_T28QCG_20251127T134745.SAFE,C:\Users\Simon\Nextcloud\Project\Mauritania\Science\Arguin - FieldWork Data Processing\Data\S2\Sen2Cor\S2B_MSIL2A_20251127T113319_N0511_R080_T28QCG_20251127T134745.zip,615,52,6351,363515.0,2199495.0,0.1965,0.2364,0.322,0.43520000000000003,0.48950000000000005,0.48550000000000004,0.5046,0.5024000000000001,0.512,0.5169,0.6167,0.5821000000000001
2025-11-27,Iwik,Sen2Cor,S2B_MSIL2A_20251127T113319_N0511_R080_T28QCG_20251127T134745.SAFE,C:\Users\Simon\Nextcloud\Project\Mauritania\Science\Arguin - FieldWork Data Processing\Data\S2\Sen2Cor\S2B_MSIL2A_20251127T113319_N0511_R080_T28QCG_20251127T134745.zip,616,52,6352,363525.0,2199495.0,0.1968,0.2398,0.32880000000000004,0.4408,0.4912,0.49460000000000004,0.5128,0.5092,0.5129,0.5169,0.6192000000000001,0.5833
2025-11-27,Iwik,Sen2Cor,S2B_MSIL2A_20251127T113319_N0511_R080_T28QCG_20251127T134745.SAFE,C:\Users\Simon\Nextcloud\Project\Mauritania\Science\Arguin - FieldWork Data Processing\Data\S2\Sen2Cor\S2B_MSIL2A_20251127T113319_N0511_R080_T28QCG_20251127T134745.zip,617,52,6353,363535.0,2199495.0,0.1968,0.2424,0.332,0.448,0.4912,0.49460000000000004,0.5128,0.518,0.5129,0.5169,0.6192000000000001,0.5833
2025-11-27,Iwik,Sen2Cor,S2B_MSIL2A_20251127T113319_N0511_R080_T28QCG_20251127T134745.SAFE,C:\Users\Simon\Nextcloud\Project\Mauritania\Science\Arguin - FieldWork Data Processing\Data\S2\Sen2Cor\S2B_MSIL2A_20251127T113319_N0511_R080_T28QCG_20251127T134745.zip,618,52,6354,363545.0,2199495.0,0.19820000000000002,0.2422,0.32880000000000004,0.4496,0.4943,0.49860000000000004,0.5071,0.5168,0.5117,0.5207,0.6241,0.5888
2025-11-27,Iwik,Sen2Cor,S2B_MSIL2A_20251127T113319_N0511_R080_T28QCG_20251127T134745.SAFE,C:\Users\Simon\Nextcloud\Project\Mauritania\Science\Arguin - FieldWork Data Processing\Data\S2\Sen2Cor\S2B_MSIL2A_20251127T113319_N0511_R080_T28QCG_20251127T134745.zip,619,53,6333,363335.0,2199485.0,0.19970000000000002,0.2378,0.3252,0.4364,0.4808,0.48090000000000005,0.503,0.5016,0.5062,0.514,0.616,0.5838
2025-11-27,Iwik,Sen2Cor,S2B_MSIL2A_20251127T113319_N0511_R080_T28QCG_20251127T134745.SAFE,C:\Users\Simon\Nextcloud\Project\Mauritania\Science\Arguin - FieldWork Data Processing\Data\S2\Sen2Cor\S2B_MSIL2A_20251127T113319_N0511_R080_T28QCG_20251127T134745.zip,620,53,6334,363345.0,2199485.0,0.1996,0.24580000000000002,0.3356,0.4496,0.4924,0.48800000000000004,0.5116,0.5172,0.5133,0.514,0.618,0.5850000000000001
2025-11-27,Iwik,Sen2Cor,S2B_MSIL2A_20251127T113319_N0511_R080_T28QCG_20251127T134745.SAFE,C:\Users\Simon\Nextcloud\Project\Mauritania\Science\Arguin - FieldWork Data Processing\Data\S2\Sen2Cor\S2B_MSIL2A_20251127T113319_N0511_R080_T28QCG_20251127T134745.zip,621,53,6335,363355.0,2199485.0,0.1996,0.257,0.34600000000000003,0.4556,0.4924,0.48800000000000004,0.5116,0.5248,0.5133,0.514,0.618,0.5850000000000001
2025-11-27,Iwik,Sen2Cor,S2B_MSIL2A_20251127T113319_N0511_R080_T28QCG_20251127T134745.SAFE,C:\Users\Simon\Nextcloud\Project\Mauritania\Science\Arguin - FieldWork Data Processing\Data\S2\Sen2Cor\S2B_MSIL2A_20251127T113319_N0511_R080_T28QCG_20251127T134745.zip,622,53,6336,363365.0,2199485.0,0.20090000000000002,0.24680000000000002,0.33440000000000003,0.44920000000000004,0.49150000000000005,0.4943,0.5106,0.5236000000000001,0.5119,0.5229,0.6187,0.5893
2025-11-27,Iwik,Sen2Cor,S2B_MSIL2A_20251127T113319_N0511_R080_T28QCG_20251127T134745.SAFE,C:\Users\Simon\Nextcloud\Project\Mauritania\Science\Arguin - FieldWork Data Processing\Data\S2\Sen2Cor\S2B_MSIL2A_20251127T113319_N0511_R080_T28QCG_20251127T134745.zip,623,53,6337,363375.0,2199485.0,0.20090000000000002,0.24400000000000002,0.332,0.4444,0.49150000000000005,0.4943,0.5106,0.5172,0.5119,0.5229,0.6187,0.5893
2025-11-27,Iwik,Sen2Cor,S2B_MSIL2A_20251127T113319_N0511_R080_T28QCG_20251127T134745.SAFE,C:\Users\Simon\Nextcloud\Project\Mauritania\Science\Arguin - FieldWork Data Processing\Data\S2\Sen2Cor\S2B_MSIL2A_20251127T113319_N0511_R080_T28QCG_20251127T134745.zip,624,53,6338,363385.0,2199485.0,0.2006,0.2422,0.3284,0.43520000000000003,0.4903,0.49260000000000004,0.5053,0.5092,0.5131,0.5229,0.6179,0.5882000000000001
2025-11-27,Iwik,Sen2Cor,S2B_MSIL2A_20251127T113319_N0511_R080_T28QCG_20251127T134745.SAFE,C:\Users\Simon\Nextcloud\Project\Mauritania\Science\Arguin - FieldWork Data Processing\Data\S2\Sen2Cor\S2B_MSIL2A_20251127T113319_N0511_R080_T28QCG_20251127T134745.zip,625,53,6339,363395.0,2199485.0,0.2006,0.25020000000000003,0.33640000000000003,0.446,0.4903,0.49260000000000004,0.5053,0.5124000000000001,0.5131,0.5229,0.6179,0.5882000000000001
2025-11-27,Iwik,Sen2Cor,S2B_MSIL2A_20251127T113319_N0511_R080_T28QCG_20251127T134745.SAFE,C:\Users\Simon\Nextcloud\Project\Mauritania\Science\Arguin - FieldWork Data Processing\Data\S2\Sen2Cor\S2B_MSIL2A_20251127T113319_N0511_R080_T28QCG_20251127T134745.zip,626,53,6340,363405.0,2199485.0,0.19990000000000002,0.24600000000000002,0.3332,0.45280000000000004,0.4953,0.49660000000000004,0.513,0.5172,0.5162,0.5229,0.6229,0.5909
2025-11-27,Iwik,Sen2Cor,S2B_MSIL2A_20251127T113319_N0511_R080_T28QCG_20251127T134745.SAFE,C:\Users\Simon\Nextcloud\Project\Mauritania\Science\Arguin - FieldWork Data Processing\Data\S2\Sen2Cor\S2B_MSIL2A_20251127T113319_N0511_R080_T28QCG_20251127T134745.zip,627,53,6341,363415.0,2199485.0,0.19990000000000002,0.2424,0.33280000000000004,0.4456,0.4953,0.49660000000000004,0.513,0.5176000000000001,0.5162,0.5229,0.6229,0.5909
2025-11-27,Iwik,Sen2Cor,S2B_MSIL2A_20251127T113319_N0511_R080_T28QCG_20251127T134745.SAFE,C:\Users\Simon\Nextcloud\Project\Mauritania\Science\Arguin - FieldWork Data Processing\Data\S2\Sen2Cor\S2B_MSIL2A_20251127T113319_N0511_R080_T28QCG_20251127T134745.zip,628,53,6342,363425.0,2199485.0,0.19770000000000001,0.2436,0.3316,0.44680000000000003,0.49160000000000004,0.49260000000000004,0.5108,0.5176000000000001,0.5119,0.5159,0.6208,0.5833
2025-11-27,Iwik,Sen2Cor,S2B_MSIL2A_20251127T113319_N0511_R080_T28QCG_20251127T134745.SAFE,C:\Users\Simon\Nextcloud\Project\Mauritania\Science\Arguin - FieldWork Data Processing\Data\S2\Sen2Cor\S2B_MSIL2A_20251127T113319_N0511_R080_T28QCG_20251127T134745.zip,629,53,6343,363435.0,2199485.0,0.19770000000000001,0.2388,0.328,0.44160000000000005,0.49160000000000004,0.49260000000000004,0.5108,0.5132,0.5119,0.5159,0.6208,0.5833
2025-11-27,Iwik,Sen2Cor,S2B_MSIL2A_20251127T113319_N0511_R080_T28QCG_20251127T134745.SAFE,C:\Users\Simon\Nextcloud\Project\Mauritania\Science\Arguin - FieldWork Data Processing\Data\S2\Sen2Cor\S2B_MSIL2A_20251127T113319_N0511_R080_T28QCG_20251127T134745.zip,630,53,6344,363445.0,2199485.0,0.1961,0.23340000000000002,0.3236,0.4408,0.49050000000000005,0.49510000000000004,0.5104000000000001,0.5116,0.5111,0.5159,0.617,0.5790000000000001
2025-11-27,Iwik,Sen2Cor,S2B_MSIL2A_20251127T113319_N0511_R080_T28QCG_20251127T134745.SAFE,C:\Users\Simon\Nextcloud\Project\Mauritania\Science\Arguin - FieldWork Data Processing\Data\S2\Sen2Cor\S2B_MSIL2A_20251127T113319_N0511_R080_T28QCG_20251127T134745.zip,631,53,6345,363455.0,2199485.0,0.1961,0.2374,0.33280000000000004,0.4436,0.49050000000000005,0.49510000000000004,0.5104000000000001,0.5096,0.5111,0.5159,0.617,0.5790000000000001
2025-11-27,Iwik,Sen2Cor,S2B_MSIL2A_20251127T113319_N0511_R080_T28QCG_20251127T134745.SAFE,C:\Users\Simon\Nextcloud\Project\Mauritania\Science\Arguin - FieldWork Data Processing\Data\S2\Sen2Cor\S2B_MSIL2A_20251127T113319_N0511_R080_T28QCG_20251127T134745.zip,632,53,6346,363465.0,2199485.0,0.196,0.24300000000000002,0.3276,0.43960000000000005,0.48650000000000004,0.4868,0.4993,0.506,0.5065000000000001,0.5159,0.6145,0.5771000000000001
2025-11-27,Iwik,Sen2Cor,S2B_MSIL2A_20251127T113319_N0511_R080_T28QCG_20251127T134745.SAFE,C:\Users\Simon\Nextcloud\Project\Mauritania\Science\Arguin - FieldWork Data Processing\Data\S2\Sen2Cor\S2B_MSIL2A_20251127T113319_N0511_R080_T28QCG_20251127T134745.zip,633,53,6347,363475.0,2199485.0,0.196,0.2424,0.324,0.4344,0.48650000000000004,0.4868,0.4993,0.5004000000000001,0.5065000000000001,0.5159,0.6145,0.5771000000000001
2025-11-27,Iwik,Sen2Cor,S2B_MSIL2A_20251127T113319_N0511_R080_T28QCG_20251127T134745.SAFE,C:\Users\Simon\Nextcloud\Project\Mauritania\Science\Arguin - FieldWork Data Processing\Data\S2\Sen2Cor\S2B_MSIL2A_20251127T113319_N0511_R080_T28QCG_20251127T134745.zip,634,53,6348,363485.0,2199485.0,0.1967,0.2482,0.332,0.4476,0.4867,0.4879,0.507,0.5132,0.5056,0.5169,0.6173000000000001,0.5783
2025-11-27,Iwik,Sen2Cor,S2B_MSIL2A_20251127T113319_N0511_R080_T28QCG_20251127T134745.SAFE,C:\Users\Simon\Nextcloud\Project\Mauritania\Science\Arguin - FieldWork Data Processing\Data\S2\Sen2Cor\S2B_MSIL2A_20251127T113319_N0511_R080_T28QCG_20251127T134745.zip,635,53,6349,363495.0,2199485.0,0.1967,0.2432,0.33440000000000003,0.44880000000000003,0.4867,0.4879,0.507,0.5172,0.5056,0.5169,0.6173000000000001,0.5783
2025-11-27,Iwik,Sen2Cor,S2B_MSIL2A_20251127T113319_N0511_R080_T28QCG_20251127T134745.SAFE,C:\Users\Simon\Nextcloud\Project\Mauritania\Science\Arguin - FieldWork Data Processing\Data\S2\Sen2Cor\S2B_MSIL2A_20251127T113319_N0511_R080_T28QCG_20251127T134745.zip,636,53,6350,363505.0,2199485.0,0.1965,0.23920000000000002,0.32120000000000004,0.44,0.48950000000000005,0.48550000000000004,0.5046,0.5108,0.512,0.5169,0.6167,0.5821000000000001
2025-11-27,Iwik,Sen2Cor,S2B_MSIL2A_20251127T113319_N0511_R080_T28QCG_20251127T134745.SAFE,C:\Users\Simon\Nextcloud\Project\Mauritania\Science\Arguin - FieldWork Data Processing\Data\S2\Sen2Cor\S2B_MSIL2A_20251127T113319_N0511_R080_T28QCG_20251127T134745.zip,637,53,6351,363515.0,2199485.0,0.1965,0.23600000000000002,0.32480000000000003,0.4408,0.48950000000000005,0.48550000000000004,0.5046,0.5064000000000001,0.512,0.5169,0.6167,0.5821000000000001
2025-11-27,Iwik,Sen2Cor,S2B_MSIL2A_20251127T113319_N0511_R080_T28QCG_20251127T134745.SAFE,C:\Users\Simon\Nextcloud\Project\Mauritania\Science\Arguin - FieldWork Data Processing\Data\S2\Sen2Cor\S2B_MSIL2A_20251127T113319_N0511_R080_T28QCG_20251127T134745.zip,638,53,6352,363525.0,2199485.0,0.1968,0.2356,0.3252,0.4424,0.4912,0.49460000000000004,0.5128,0.5048,0.5129,0.5169,0.6192000000000001,0.5833
2025-11-27,Iwik,Sen2Cor,S2B_MSIL2A_20251127T113319_N0511_R080_T28QCG_20251127T134745.SAFE,C:\Users\Simon\Nextcloud\Project\Mauritania\Science\Arguin - FieldWork Data Processing\Data\S2\Sen2Cor\S2B_MSIL2A_20251127T113319_N0511_R080_T28QCG_20251127T134745.zip,639,53,6353,363535.0,2199485.0,0.1968,0.2388,0.328,0.4444,0.4912,0.49460000000000004,0.5128,0.5148,0.5129,0.5169,0.6192000000000001,0.5833
2025-11-27,Iwik,Sen2Cor,S2B_MSIL2A_20251127T113319_N0511_R080_T28QCG_20251127T134745.SAFE,C:\Users\Simon\Nextcloud\Project\Mauritania\Science\Arguin - FieldWork Data Processing\Data\S2\Sen2Cor\S2B_MSIL2A_20251127T113319_N0511_R080_T28QCG_20251127T134745.zip,640,53,6354,363545.0,2199485.0,0.19820000000000002,0.2368,0.326,0.44120000000000004,0.4943,0.49860000000000004,0.5071,0.5096,0.5117,0.5207,0.6241,0.5888
2025-11-27,Iwik,Sen2Cor,S2B_MSIL2A_20251127T113319_N0511_R080_T28QCG_20251127T134745.SAFE,C:\Users\Simon\Nextcloud\Project\Mauritania\Science\Arguin - FieldWork Data Processing\Data\S2\Sen2Cor\S2B_MSIL2A_20251127T113319_N0511_R080_T28QCG_20251127T134745.zip,641,54,6333,363335.0,2199475.0,0.1966,0.23020000000000002,0.3148,0.4252,0.4736,0.4782,0.4973,0.49560000000000004,0.4998,0.5163,0.6112000000000001,0.5867
2025-11-27,Iwik,Sen2Cor,S2B_MSIL2A_20251127T113319_N0511_R080_T28QCG_20251127T134745.SAFE,C:\Users\Simon\Nextcloud\Project\Mauritania\Science\Arguin - FieldWork Data Processing\Data\S2\Sen2Cor\S2B_MSIL2A_20251127T113319_N0511_R080_T28QCG_20251127T134745.zip,642,54,6334,363345.0,2199475.0,0.1975,0.2338,0.3156,0.4312,0.48140000000000005,0.48600000000000004,0.5025000000000001,0.49920000000000003,0.5056,0.5163,0.6161,0.5880000000000001
2025-11-27,Iwik,Sen2Cor,S2B_MSIL2A_20251127T113319_N0511_R080_T28QCG_20251127T134745.SAFE,C:\Users\Simon\Nextcloud\Project\Mauritania\Science\Arguin - FieldWork Data Processing\Data\S2\Sen2Cor\S2B_MSIL2A_20251127T113319_N0511_R080_T28QCG_20251127T134745.zip,643,54,6335,363355.0,2199475.0,0.1975,0.2374,0.3204,0.436,0.48140000000000005,0.48600000000000004,0.5025000000000001,0.5088,0.5056,0.5163,0.6161,0.5880000000000001
2025-11-27,Iwik,Sen2Cor,S2B_MSIL2A_20251127T113319_N0511_R080_T28QCG_20251127T134745.SAFE,C:\Users\Simon\Nextcloud\Project\Mauritania\Science\Arguin - FieldWork Data Processing\Data\S2\Sen2Cor\S2B_MSIL2A_20251127T113319_N0511_R080_T28QCG_20251127T134745.zip,644,54,6336,363365.0,2199475.0,0.1976,0.24280000000000002,0.3244,0.4428,0.4843,0.4892,0.5049,0.5112,0.5081,0.5179,0.6179,0.5882000000000001
2025-11-27,Iwik,Sen2Cor,S2B_MSIL2A_20251127T113319_N0511_R080_T28QCG_20251127T134745.SAFE,C:\Users\Simon\Nextcloud\Project\Mauritania\Science\Arguin - FieldWork Data Processing\Data\S2\Sen2Cor\S2B_MSIL2A_20251127T113319_N0511_R080_T28QCG_20251127T134745.zip,645,54,6337,363375.0,2199475.0,0.1976,0.24680000000000002,0.3312,0.44720000000000004,0.4843,0.4892,0.5049,0.5156000000000001,0.5081,0.5179,0.6179,0.5882000000000001
2025-11-27,Iwik,Sen2Cor,S2B_MSIL2A_20251127T113319_N0511_R080_T28QCG_20251127T134745.SAFE,C:\Users\Simon\Nextcloud\Project\Mauritania\Science\Arguin - FieldWork Data Processing\Data\S2\Sen2Cor\S2B_MSIL2A_20251127T113319_N0511_R080_T28QCG_20251127T134745.zip,646,54,6338,363385.0,2199475.0,0.1985,0.2424,0.3252,0.4368,0.49050000000000005,0.49460000000000004,0.5068,0.5112,0.5163,0.5179,0.6188,0.5924
2025-11-27,Iwik,Sen2Cor,S2B_MSIL2A_20251127T113319_N0511_R080_T28QCG_20251127T134745.SAFE,C:\Users\Simon\Nextcloud\Project\Mauritania\Science\Arguin - FieldWork Data Processing\Data\S2\Sen2Cor\S2B_MSIL2A_20251127T113319_N0511_R080_T28QCG_20251127T134745.zip,647,54,6339,363395.0,2199475.0,0.1985,0.24960000000000002,0.338,0.452,0.49050000000000005,0.49460000000000004,0.5068,0.5168,0.5163,0.5179,0.6188,0.5924
2025-11-27,Iwik,Sen2Cor,S2B_MSIL2A_20251127T113319_N0511_R080_T28QCG_20251127T134745.SAFE,C:\Users\Simon\Nextcloud\Project\Mauritania\Science\Arguin - FieldWork Data Processing\Data\S2\Sen2Cor\S2B_MSIL2A_20251127T113319_N0511_R080_T28QCG_20251127T134745.zip,648,54,6340,363405.0,2199475.0,0.1975,0.2462,0.3372,0.45320000000000005,0.4938,0.49660000000000004,0.5158,0.5176000000000001,0.5158,0.5179,0.6208,0.5897
2025-11-27,Iwik,Sen2Cor,S2B_MSIL2A_20251127T113319_N0511_R080_T28QCG_20251127T134745.SAFE,C:\Users\Simon\Nextcloud\Project\Mauritania\Science\Arguin - FieldWork Data Processing\Data\S2\Sen2Cor\S2B_MSIL2A_20251127T113319_N0511_R080_T28QCG_20251127T134745.zip,649,54,6341,363415.0,2199475.0,0.1975,0.24300000000000002,0.3312,0.4484,0.4938,0.49660000000000004,0.5158,0.5148,0.5158,0.5179,0.6208,0.5897
2025-11-27,Iwik,Sen2Cor,S2B_MSIL2A_20251127T113319_N0511_R080_T28QCG_20251127T134745.SAFE,C:\Users\Simon\Nextcloud\Project\Mauritania\Science\Arguin - FieldWork Data Processing\Data\S2\Sen2Cor\S2B_MSIL2A_20251127T113319_N0511_R080_T28QCG_20251127T134745.zip,650,54,6342,363425.0,2199475.0,0.196,0.2426,0.3284,0.44680000000000003,0.4877,0.4914,0.5108,0.5132,0.509,0.5145000000000001,0.6171,0.5806
2025-11-27,Iwik,Sen2Cor,S2B_MSIL2A_20251127T113319_N0511_R080_T28QCG_20251127T134745.SAFE,C:\Users\Simon\Nextcloud\Project\Mauritania\Science\Arguin - FieldWork Data Processing\Data\S2\Sen2Cor\S2B_MSIL2A_20251127T113319_N0511_R080_T28QCG_20251127T134745.zip,651,54,6343,363435.0,2199475.0,0.196,0.23440000000000003,0.31920000000000004,0.4364,0.4877,0.4914,0.5108,0.5072,0.509,0.5145000000000001,0.6171,0.5806
2025-11-27,Iwik,Sen2Cor,S2B_MSIL2A_20251127T113319_N0511_R080_T28QCG_20251127T134745.SAFE,C:\Users\Simon\Nextcloud\Project\Mauritania\Science\Arguin - FieldWork Data Processing\Data\S2\Sen2Cor\S2B_MSIL2A_20251127T113319_N0511_R080_T28QCG_20251127T134745.zip,652,54,6344,363445.0,2199475.0,0.1952,0.22840000000000002,0.3196,0.4368,0.48650000000000004,0.4909,0.5047,0.5016,0.5076,0.5145000000000001,0.6138,0.5767
2025-11-27,Iwik,Sen2Cor,S2B_MSIL2A_20251127T113319_N0511_R080_T28QCG_20251127T134745.SAFE,C:\Users\Simon\Nextcloud\Project\Mauritania\Science\Arguin - FieldWork Data Processing\Data\S2\Sen2Cor\S2B_MSIL2A_20251127T113319_N0511_R080_T28QCG_20251127T134745.zip,653,54,6345,363455.0,2199475.0,0.1952,0.23340000000000002,0.32480000000000003,0.4388,0.48650000000000004,0.4909,0.5047,0.5064000000000001,0.5076,0.5145000000000001,0.6138,0.5767
2025-11-27,Iwik,Sen2Cor,S2B_MSIL2A_20251127T113319_N0511_R080_T28QCG_20251127T134745.SAFE,C:\Users\Simon\Nextcloud\Project\Mauritania\Science\Arguin - FieldWork Data Processing\Data\S2\Sen2Cor\S2B_MSIL2A_20251127T113319_N0511_R080_T28QCG_20251127T134745.zip,654,54,6346,363465.0,2199475.0,0.1951,0.2426,0.326,0.4436,0.4867,0.4908,0.5027,0.5112,0.5112,0.5145000000000001,0.6153000000000001,0.5781000000000001
2025-11-27,Iwik,Sen2Cor,S2B_MSIL2A_20251127T113319_N0511_R080_T28QCG_20251127T134745.SAFE,C:\Users\Simon\Nextcloud\Project\Mauritania\Science\Arguin - FieldWork Data Processing\Data\S2\Sen2Cor\S2B_MSIL2A_20251127T113319_N0511_R080_T28QCG_20251127T134745.zip,655,54,6347,363475.0,2199475.0,0.1951,0.23920000000000002,0.326,0.4408,0.4867,0.4908,0.5027,0.5068,0.5112,0.5145000000000001,0.6153000000000001,0.5781000000000001
2025-11-27,Iwik,Sen2Cor,S2B_MSIL2A_20251127T113319_N0511_R080_T28QCG_20251127T134745.SAFE,C:\Users\Simon\Nextcloud\Project\Mauritania\Science\Arguin - FieldWork Data Processing\Data\S2\Sen2Cor\S2B_MSIL2A_20251127T113319_N0511_R080_T28QCG_20251127T134745.zip,656,54,6348,363485.0,2199475.0,0.19540000000000002,0.2414,0.328,0.4428,0.4883,0.4887,0.5033,0.5116,0.5128,0.5181,0.6171,0.5773
2025-11-27,Iwik,Sen2Cor,S2B_MSIL2A_20251127T113319_N0511_R080_T28QCG_20251127T134745.SAFE,C:\Users\Simon\Nextcloud\Project\Mauritania\Science\Arguin - FieldWork Data Processing\Data\S2\Sen2Cor\S2B_MSIL2A_20251127T113319_N0511_R080_T28QCG_20251127T134745.zip,657,54,6349,363495.0,2199475.0,0.19540000000000002,0.23920000000000002,0.3312,0.444,0.4883,0.4887,0.5033,0.5108,0.5128,0.5181,0.6171,0.5773
2025-11-27,Iwik,Sen2Cor,S2B_MSIL2A_20251127T113319_N0511_R080_T28QCG_20251127T134745.SAFE,C:\Users\Simon\Nextcloud\Project\Mauritania\Science\Arguin - FieldWork Data Processing\Data\S2\Sen2Cor\S2B_MSIL2A_20251127T113319_N0511_R080_T28QCG_20251127T134745.zip,658,54,6350,363505.0,2199475.0,0.19590000000000002,0.23900000000000002,0.3244,0.43920000000000003,0.48750000000000004,0.4857,0.5024000000000001,0.506,0.5071,0.5181,0.6171,0.5798
2025-11-27,Iwik,Sen2Cor,S2B_MSIL2A_20251127T113319_N0511_R080_T28QCG_20251127T134745.SAFE,C:\Users\Simon\Nextcloud\Project\Mauritania\Science\Arguin - FieldWork Data Processing\Data\S2\Sen2Cor\S2B_MSIL2A_20251127T113319_N0511_R080_T28QCG_20251127T134745.zip,659,54,6351,363515.0,2199475.0,0.19590000000000002,0.23520000000000002,0.3204,0.4364,0.48750000000000004,0.4857,0.5024000000000001,0.5088,0.5071,0.5181,0.6171,0.5798
2025-11-27,Iwik,Sen2Cor,S2B_MSIL2A_20251127T113319_N0511_R080_T28QCG_20251127T134745.SAFE,C:\Users\Simon\Nextcloud\Project\Mauritania\Science\Arguin - FieldWork Data Processing\Data\S2\Sen2Cor\S2B_MSIL2A_20251127T113319_N0511_R080_T28QCG_20251127T134745.zip,660,54,6352,363525.0,2199475.0,0.19640000000000002,0.23820000000000002,0.324,0.4436,0.4897,0.49110000000000004,0.5083,0.5092,0.5072,0.5181,0.6172000000000001,0.5828
2025-11-27,Iwik,Sen2Cor,S2B_MSIL2A_20251127T113319_N0511_R080_T28QCG_20251127T134745.SAFE,C:\Users\Simon\Nextcloud\Project\Mauritania\Science\Arguin - FieldWork Data Processing\Data\S2\Sen2Cor\S2B_MSIL2A_20251127T113319_N0511_R080_T28QCG_20251127T134745.zip,661,54,6353,363535.0,2199475.0,0.19640000000000002,0.2416,0.3276,0.4424,0.4897,0.49110000000000004,0.5083,0.5132,0.5072,0.5181,0.6172000000000001,0.5828
2025-11-27,Iwik,Sen2Cor,S2B_MSIL2A_20251127T113319_N0511_R080_T28QCG_20251127T134745.SAFE,C:\Users\Simon\Nextcloud\Project\Mauritania\Science\Arguin - FieldWork Data Processing\Data\S2\Sen2Cor\S2B_MSIL2A_20251127T113319_N0511_R080_T28QCG_20251127T134745.zip,662,54,6354,363545.0,2199475.0,0.1973,0.2368,0.3276,0.44160000000000005,0.49610000000000004,0.49150000000000005,0.509,0.5116,0.5094000000000001,0.5227,0.6208,0.5837
2025-11-27,Iwik,Sen2Cor,S2B_MSIL2A_20251127T113319_N0511_R080_T28QCG_20251127T134745.SAFE,C:\Users\Simon\Nextcloud\Project\Mauritania\Science\Arguin - FieldWork Data Processing\Data\S2\Sen2Cor\S2B_MSIL2A_20251127T113319_N0511_R080_T28QCG_20251127T134745.zip,663,55,6332,363325.0,2199465.0,0.1966,0.2252,0.31880000000000003,0.4304,0.4736,0.4782,0.4973,0.4968,0.4998,0.5163,0.6112000000000001,0.5867
2025-11-27,Iwik,Sen2Cor,S2B_MSIL2A_20251127T113319_N0511_R080_T28QCG_20251127T134745.SAFE,C:\Users\Simon\Nextcloud\Project\Mauritania\Science\Arguin - FieldWork Data Processing\Data\S2\Sen2Cor\S2B_MSIL2A_20251127T113319_N0511_R080_T28QCG_20251127T134745.zip,664,55,6333,363335.0,2199465.0,0.1966,0.226,0.3144,0.42960000000000004,0.4736,0.4782,0.4973,0.4964,0.4998,0.5163,0.6112000000000001,0.5867
2025-11-27,Iwik,Sen2Cor,S2B_MSIL2A_20251127T113319_N0511_R080_T28QCG_20251127T134745.SAFE,C:\Users\Simon\Nextcloud\Project\Mauritania\Science\Arguin - FieldWork Data Processing\Data\S2\Sen2Cor\S2B_MSIL2A_20251127T113319_N0511_R080_T28QCG_20251127T134745.zip,665,55,6334,363345.0,2199465.0,0.1975,0.23,0.31520000000000004,0.4288,0.48140000000000005,0.48600000000000004,0.5025000000000001,0.4932,0.5056,0.5163,0.6161,0.5880000000000001
2025-11-27,Iwik,Sen2Cor,S2B_MSIL2A_20251127T113319_N0511_R080_T28QCG_20251127T134745.SAFE,C:\Users\Simon\Nextcloud\Project\Mauritania\Science\Arguin - FieldWork Data Processing\Data\S2\Sen2Cor\S2B_MSIL2A_20251127T113319_N0511_R080_T28QCG_20251127T134745.zip,666,55,6335,363355.0,2199465.0,0.1975,0.22540000000000002,0.3156,0.4284,0.48140000000000005,0.48600000000000004,0.5025000000000001,0.5028,0.5056,0.5163,0.6161,0.5880000000000001
2025-11-27,Iwik,Sen2Cor,S2B_MSIL2A_20251127T113319_N0511_R080_T28QCG_20251127T134745.SAFE,C:\Users\Simon\Nextcloud\Project\Mauritania\Science\Arguin - FieldWork Data Processing\Data\S2\Sen2Cor\S2B_MSIL2A_20251127T113319_N0511_R080_T28QCG_20251127T134745.zip,667,55,6336,363365.0,2199465.0,0.1976,0.229,0.31720000000000004,0.436,0.4843,0.4892,0.5049,0.5016,0.5081,0.5179,0.6179,0.5882000000000001
2025-11-27,Iwik,Sen2Cor,S2B_MSIL2A_20251127T113319_N0511_R080_T28QCG_20251127T134745.SAFE,C:\Users\Simon\Nextcloud\Project\Mauritania\Science\Arguin - FieldWork Data Processing\Data\S2\Sen2Cor\S2B_MSIL2A_20251127T113319_N0511_R080_T28QCG_20251127T134745.zip,668,55,6337,363375.0,2199465.0,0.1976,0.2414,0.3244,0.4408,0.4843,0.4892,0.5049,0.5124000000000001,0.5081,0.5179,0.6179,0.5882000000000001
2025-11-27,Iwik,Sen2Cor,S2B_MSIL2A_20251127T113319_N0511_R080_T28QCG_20251127T134745.SAFE,C:\Users\Simon\Nextcloud\Project\Mauritania\Science\Arguin - FieldWork Data Processing\Data\S2\Sen2Cor\S2B_MSIL2A_20251127T113319_N0511_R080_T28QCG_20251127T134745.zip,669,55,6338,363385.0,2199465.0,0.1985,0.2432,0.3264,0.44,0.49050000000000005,0.49460000000000004,0.5068,0.5116,0.5163,0.5179,0.6188,0.5924
2025-11-27,Iwik,Sen2Cor,S2B_MSIL2A_20251127T113319_N0511_R080_T28QCG_20251127T134745.SAFE,C:\Users\Simon\Nextcloud\Project\Mauritania\Science\Arguin - FieldWork Data Processing\Data\S2\Sen2Cor\S2B_MSIL2A_20251127T113319_N0511_R080_T28QCG_20251127T134745.zip,670,55,6339,363395.0,2199465.0,0.1985,0.2464,0.3352,0.4476,0.49050000000000005,0.49460000000000004,0.5068,0.5116,0.5163,0.5179,0.6188,0.5924
2025-11-27,Iwik,Sen2Cor,S2B_MSIL2A_20251127T113319_N0511_R080_T28QCG_20251127T134745.SAFE,C:\Users\Simon\Nextcloud\Project\Mauritania\Science\Arguin - FieldWork Data Processing\Data\S2\Sen2Cor\S2B_MSIL2A_20251127T113319_N0511_R080_T28QCG_20251127T134745.zip,671,55,6340,363405.0,2199465.0,0.1975,0.2388,0.3372,0.4524,0.4938,0.49660000000000004,0.5158,0.5116,0.5158,0.5179,0.6208,0.5897
2025-11-27,Iwik,Sen2Cor,S2B_MSIL2A_20251127T113319_N0511_R080_T28QCG_20251127T134745.SAFE,C:\Users\Simon\Nextcloud\Project\Mauritania\Science\Arguin - FieldWork Data Processing\Data\S2\Sen2Cor\S2B_MSIL2A_20251127T113319_N0511_R080_T28QCG_20251127T134745.zip,672,55,6341,363415.0,2199465.0,0.1975,0.2364,0.3264,0.4464,0.4938,0.49660000000000004,0.5158,0.514,0.5158,0.5179,0.6208,0.5897
2025-11-27,Iwik,Sen2Cor,S2B_MSIL2A_20251127T113319_N0511_R080_T28QCG_20251127T134745.SAFE,C:\Users\Simon\Nextcloud\Project\Mauritania\Science\Arguin - FieldWork Data Processing\Data\S2\Sen2Cor\S2B_MSIL2A_20251127T113319_N0511_R080_T28QCG_20251127T134745.zip,673,55,6342,363425.0,2199465.0,0.196,0.2348,0.3252,0.4424,0.4877,0.4914,0.5108,0.5084000000000001,0.509,0.5145000000000001,0.6171,0.5806
2025-11-27,Iwik,Sen2Cor,S2B_MSIL2A_20251127T113319_N0511_R080_T28QCG_20251127T134745.SAFE,C:\Users\Simon\Nextcloud\Project\Mauritania\Science\Arguin - FieldWork Data Processing\Data\S2\Sen2Cor\S2B_MSIL2A_20251127T113319_N0511_R080_T28QCG_20251127T134745.zip,674,55,6343,363435.0,2199465.0,0.196,0.23600000000000002,0.3256,0.442,0.4877,0.4914,0.5108,0.5052,0.509,0.5145000000000001,0.6171,0.5806
2025-11-27,Iwik,Sen2Cor,S2B_MSIL2A_20251127T113319_N0511_R080_T28QCG_20251127T134745.SAFE,C:\Users\Simon\Nextcloud\Project\Mauritania\Science\Arguin - FieldWork Data Processing\Data\S2\Sen2Cor\S2B_MSIL2A_20251127T113319_N0511_R080_T28QCG_20251127T134745.zip,675,55,6344,363445.0,2199465.0,0.1952,0.23520000000000002,0.324,0.4408,0.48650000000000004,0.4909,0.5047,0.5036,0.5076,0.5145000000000001,0.6138,0.5767
2025-11-27,Iwik,Sen2Cor,S2B_MSIL2A_20251127T113319_N0511_R080_T28QCG_20251127T134745.SAFE,C:\Users\Simon\Nextcloud\Project\Mauritania\Science\Arguin - FieldWork Data Processing\Data\S2\Sen2Cor\S2B_MSIL2A_20251127T113319_N0511_R080_T28QCG_20251127T134745.zip,676,55,6345,363455.0,2199465.0,0.1952,0.23520000000000002,0.322,0.436,0.48650000000000004,0.4909,0.5047,0.5064000000000001,0.5076,0.5145000000000001,0.6138,0.5767
2025-11-27,Iwik,Sen2Cor,S2B_MSIL2A_20251127T113319_N0511_R080_T28QCG_20251127T134745.SAFE,C:\Users\Simon\Nextcloud\Project\Mauritania\Science\Arguin - FieldWork Data Processing\Data\S2\Sen2Cor\S2B_MSIL2A_20251127T113319_N0511_R080_T28QCG_20251127T134745.zip,677,55,6346,363465.0,2199465.0,0.1951,0.2376,0.33280000000000004,0.4456,0.4867,0.4908,0.5027,0.5116,0.5112,0.5145000000000001,0.6153000000000001,0.5781000000000001
2025-11-27,Iwik,Sen2Cor,S2B_MSIL2A_20251127T113319_N0511_R080_T28QCG_20251127T134745.SAFE,C:\Users\Simon\Nextcloud\Project\Mauritania\Science\Arguin - FieldWork Data Processing\Data\S2\Sen2Cor\S2B_MSIL2A_20251127T113319_N0511_R080_T28QCG_20251127T134745.zip,678,55,6347,363475.0,2199465.0,0.1951,0.23500000000000001,0.3244,0.4388,0.4867,0.4908,0.5027,0.506,0.5112,0.5145000000000001,0.6153000000000001,0.5781000000000001
2025-11-27,Iwik,Sen2Cor,S2B_MSIL2A_20251127T113319_N0511_R080_T28QCG_20251127T134745.SAFE,C:\Users\Simon\Nextcloud\Project\Mauritania\Science\Arguin - FieldWork Data Processing\Data\S2\Sen2Cor\S2B_MSIL2A_20251127T113319_N0511_R080_T28QCG_20251127T134745.zip,679,55,6348,363485.0,2199465.0,0.19540000000000002,0.2366,0.32,0.43560000000000004,0.4883,0.4887,0.5033,0.5024000000000001,0.5128,0.5181,0.6171,0.5773
2025-11-27,Iwik,Sen2Cor,S2B_MSIL2A_20251127T113319_N0511_R080_T28QCG_20251127T134745.SAFE,C:\Users\Simon\Nextcloud\Project\Mauritania\Science\Arguin - FieldWork Data Processing\Data\S2\Sen2Cor\S2B_MSIL2A_20251127T113319_N0511_R080_T28QCG_20251127T134745.zip,680,55,6349,363495.0,2199465.0,0.19540000000000002,0.24020000000000002,0.3272,0.4408,0.4883,0.4887,0.5033,0.5072,0.5128,0.5181,0.6171,0.5773
2025-11-27,Iwik,Sen2Cor,S2B_MSIL2A_20251127T113319_N0511_R080_T28QCG_20251127T134745.SAFE,C:\Users\Simon\Nextcloud\Project\Mauritania\Science\Arguin - FieldWork Data Processing\Data\S2\Sen2Cor\S2B_MSIL2A_20251127T113319_N0511_R080_T28QCG_20251127T134745.zip,681,55,6350,363505.0,2199465.0,0.19590000000000002,0.2326,0.3256,0.43720000000000003,0.48750000000000004,0.4857,0.5024000000000001,0.506,0.5071,0.5181,0.6171,0.5798
2025-11-27,Iwik,Sen2Cor,S2B_MSIL2A_20251127T113319_N0511_R080_T28QCG_20251127T134745.SAFE,C:\Users\Simon\Nextcloud\Project\Mauritania\Science\Arguin - FieldWork Data Processing\Data\S2\Sen2Cor\S2B_MSIL2A_20251127T113319_N0511_R080_T28QCG_20251127T134745.zip,682,55,6351,363515.0,2199465.0,0.19590000000000002,0.2268,0.31120000000000003,0.42800000000000005,0.48750000000000004,0.4857,0.5024000000000001,0.498,0.5071,0.5181,0.6171,0.5798
2025-11-27,Iwik,Sen2Cor,S2B_MSIL2A_20251127T113319_N0511_R080_T28QCG_20251127T134745.SAFE,C:\Users\Simon\Nextcloud\Project\Mauritania\Science\Arguin - FieldWork Data Processing\Data\S2\Sen2Cor\S2B_MSIL2A_20251127T113319_N0511_R080_T28QCG_20251127T134745.zip,683,55,6352,363525.0,2199465.0,0.19640000000000002,0.23240000000000002,0.3264,0.44160000000000005,0.4897,0.49110000000000004,0.5083,0.5084000000000001,0.5072,0.5181,0.6172000000000001,0.5828
2025-11-27,Iwik,Sen2Cor,S2B_MSIL2A_20251127T113319_N0511_R080_T28QCG_20251127T134745.SAFE,C:\Users\Simon\Nextcloud\Project\Mauritania\Science\Arguin - FieldWork Data Processing\Data\S2\Sen2Cor\S2B_MSIL2A_20251127T113319_N0511_R080_T28QCG_20251127T134745.zip,684,55,6353,363535.0,2199465.0,0.19640000000000002,0.24000000000000002,0.3272,0.44520000000000004,0.4897,0.49110000000000004,0.5083,0.514,0.5072,0.5181,0.6172000000000001,0.5828
2025-11-27,Iwik,Sen2Cor,S2B_MSIL2A_20251127T113319_N0511_R080_T28QCG_20251127T134745.SAFE,C:\Users\Simon\Nextcloud\Project\Mauritania\Science\Arguin - FieldWork Data Processing\Data\S2\Sen2Cor\S2B_MSIL2A_20251127T113319_N0511_R080_T28QCG_20251127T134745.zip,685,56,6332,363325.0,2199455.0,0.1942,0.22820000000000001,0.3196,0.438,0.4832,0.4867,0.5056,0.5092,0.5109,0.5163,0.6192000000000001,0.5942000000000001
2025-11-27,Iwik,Sen2Cor,S2B_MSIL2A_20251127T113319_N0511_R080_T28QCG_20251127T134745.SAFE,C:\Users\Simon\Nextcloud\Project\Mauritania\Science\Arguin - FieldWork Data Processing\Data\S2\Sen2Cor\S2B_MSIL2A_20251127T113319_N0511_R080_T28QCG_20251127T134745.zip,686,56,6333,363335.0,2199455.0,0.1942,0.227,0.32120000000000004,0.4348,0.4832,0.4867,0.5056,0.514,0.5109,0.5163,0.6192000000000001,0.5942000000000001
2025-11-27,Iwik,Sen2Cor,S2B_MSIL2A_20251127T113319_N0511_R080_T28QCG_20251127T134745.SAFE,C:\Users\Simon\Nextcloud\Project\Mauritania\Science\Arguin - FieldWork Data Processing\Data\S2\Sen2Cor\S2B_MSIL2A_20251127T113319_N0511_R080_T28QCG_20251127T134745.zip,687,56,6334,363345.0,2199455.0,0.1947,0.23520000000000002,0.3224,0.4388,0.4827,0.4843,0.5024000000000001,0.5112,0.5058,0.5163,0.6182000000000001,0.5928
2025-11-27,Iwik,Sen2Cor,S2B_MSIL2A_20251127T113319_N0511_R080_T28QCG_20251127T134745.SAFE,C:\Users\Simon\Nextcloud\Project\Mauritania\Science\Arguin - FieldWork Data Processing\Data\S2\Sen2Cor\S2B_MSIL2A_20251127T113319_N0511_R080_T28QCG_20251127T134745.zip,688,56,6335,363355.0,2199455.0,0.1947,0.23240000000000002,0.3204,0.4344,0.4827,0.4843,0.5024000000000001,0.5068,0.5058,0.5163,0.6182000000000001,0.5928
2025-11-27,Iwik,Sen2Cor,S2B_MSIL2A_20251127T113319_N0511_R080_T28QCG_20251127T134745.SAFE,C:\Users\Simon\Nextcloud\Project\Mauritania\Science\Arguin - FieldWork Data Processing\Data\S2\Sen2Cor\S2B_MSIL2A_20251127T113319_N0511_R080_T28QCG_20251127T134745.zip,689,56,6336,363365.0,2199455.0,0.19460000000000002,0.23440000000000003,0.3196,0.43720000000000003,0.4817,0.48400000000000004,0.5029,0.5044000000000001,0.5072,0.5179,0.6165,0.5903
2025-11-27,Iwik,Sen2Cor,S2B_MSIL2A_20251127T113319_N0511_R080_T28QCG_20251127T134745.SAFE,C:\Users\Simon\Nextcloud\Project\Mauritania\Science\Arguin - FieldWork Data Processing\Data\S2\Sen2Cor\S2B_MSIL2A_20251127T113319_N0511_R080_T28QCG_20251127T134745.zip,690,56,6337,363375.0,2199455.0,0.19460000000000002,0.23800000000000002,0.32280000000000003,0.4408,0.4817,0.48400000000000004,0.5029,0.5092,0.5072,0.5179,0.6165,0.5903
2025-11-27,Iwik,Sen2Cor,S2B_MSIL2A_20251127T113319_N0511_R080_T28QCG_20251127T134745.SAFE,C:\Users\Simon\Nextcloud\Project\Mauritania\Science\Arguin - FieldWork Data Processing\Data\S2\Sen2Cor\S2B_MSIL2A_20251127T113319_N0511_R080_T28QCG_20251127T134745.zip,691,56,6338,363385.0,2199455.0,0.1955,0.2432,0.3256,0.4408,0.4913,0.4939,0.5092,0.514,0.5131,0.5179,0.6182000000000001,0.5921000000000001
2025-11-27,Iwik,Sen2Cor,S2B_MSIL2A_20251127T113319_N0511_R080_T28QCG_20251127T134745.SAFE,C:\Users\Simon\Nextcloud\Project\Mauritania\Science\Arguin - FieldWork Data Processing\Data\S2\Sen2Cor\S2B_MSIL2A_20251127T113319_N0511_R080_T28QCG_20251127T134745.zip,692,56,6339,363395.0,2199455.0,0.1955,0.24980000000000002,0.33280000000000004,0.44520000000000004,0.4913,0.4939,0.5092,0.518,0.5131,0.5179,0.6182000000000001,0.5921000000000001
2025-11-27,Iwik,Sen2Cor,S2B_MSIL2A_20251127T113319_N0511_R080_T28QCG_20251127T134745.SAFE,C:\Users\Simon\Nextcloud\Project\Mauritania\Science\Arguin - FieldWork Data Processing\Data\S2\Sen2Cor\S2B_MSIL2A_20251127T113319_N0511_R080_T28QCG_20251127T134745.zip,693,56,6340,363405.0,2199455.0,0.1951,0.2374,0.3296,0.4476,0.4903,0.49460000000000004,0.5113,0.5124000000000001,0.5152,0.5179,0.6177,0.5884
2025-11-27,Iwik,Sen2Cor,S2B_MSIL2A_20251127T113319_N0511_R080_T28QCG_20251127T134745.SAFE,C:\Users\Simon\Nextcloud\Project\Mauritania\Science\Arguin - FieldWork Data Processing\Data\S2\Sen2Cor\S2B_MSIL2A_20251127T113319_N0511_R080_T28QCG_20251127T134745.zip,694,56,6341,363415.0,2199455.0,0.1951,0.2384,0.3256,0.4436,0.4903,0.49460000000000004,0.5113,0.5152,0.5152,0.5179,0.6177,0.5884
2025-11-27,Iwik,Sen2Cor,S2B_MSIL2A_20251127T113319_N0511_R080_T28QCG_20251127T134745.SAFE,C:\Users\Simon\Nextcloud\Project\Mauritania\Science\Arguin - FieldWork Data Processing\Data\S2\Sen2Cor\S2B_MSIL2A_20251127T113319_N0511_R080_T28QCG_20251127T134745.zip,695,56,6342,363425.0,2199455.0,0.19440000000000002,0.23520000000000002,0.3276,0.446,0.4913,0.49260000000000004,0.509,0.5124000000000001,0.5162,0.5145000000000001,0.6162000000000001,0.5787
2025-11-27,Iwik,Sen2Cor,S2B_MSIL2A_20251127T113319_N0511_R080_T28QCG_20251127T134745.SAFE,C:\Users\Simon\Nextcloud\Project\Mauritania\Science\Arguin - FieldWork Data Processing\Data\S2\Sen2Cor\S2B_MSIL2A_20251127T113319_N0511_R080_T28QCG_20251127T134745.zip,696,56,6343,363435.0,2199455.0,0.19440000000000002,0.23700000000000002,0.32280000000000003,0.446,0.4913,0.49260000000000004,0.509,0.5124000000000001,0.5162,0.5145000000000001,0.6162000000000001,0.5787
2025-11-27,Iwik,Sen2Cor,S2B_MSIL2A_20251127T113319_N0511_R080_T28QCG_20251127T134745.SAFE,C:\Users\Simon\Nextcloud\Project\Mauritania\Science\Arguin - FieldWork Data Processing\Data\S2\Sen2Cor\S2B_MSIL2A_20251127T113319_N0511_R080_T28QCG_20251127T134745.zip,697,56,6344,363445.0,2199455.0,0.19410000000000002,0.24000000000000002,0.3236,0.44160000000000005,0.4849,0.4859,0.5041,0.5092,0.5064000000000001,0.5145000000000001,0.6131,0.5775
2025-11-27,Iwik,Sen2Cor,S2B_MSIL2A_20251127T113319_N0511_R080_T28QCG_20251127T134745.SAFE,C:\Users\Simon\Nextcloud\Project\Mauritania\Science\Arguin - FieldWork Data Processing\Data\S2\Sen2Cor\S2B_MSIL2A_20251127T113319_N0511_R080_T28QCG_20251127T134745.zip,698,56,6345,363455.0,2199455.0,0.19410000000000002,0.2354,0.32680000000000003,0.4408,0.4849,0.4859,0.5041,0.5072,0.5064000000000001,0.5145000000000001,0.6131,0.5775
2025-11-27,Iwik,Sen2Cor,S2B_MSIL2A_20251127T113319_N0511_R080_T28QCG_20251127T134745.SAFE,C:\Users\Simon\Nextcloud\Project\Mauritania\Science\Arguin - FieldWork Data Processing\Data\S2\Sen2Cor\S2B_MSIL2A_20251127T113319_N0511_R080_T28QCG_20251127T134745.zip,699,56,6346,363465.0,2199455.0,0.194,0.2396,0.3312,0.444,0.4863,0.48660000000000003,0.5036,0.5104000000000001,0.5052,0.5145000000000001,0.6164000000000001,0.5817
2025-11-27,Iwik,Sen2Cor,S2B_MSIL2A_20251127T113319_N0511_R080_T28QCG_20251127T134745.SAFE,C:\Users\Simon\Nextcloud\Project\Mauritania\Science\Arguin - FieldWork Data Processing\Data\S2\Sen2Cor\S2B_MSIL2A_20251127T113319_N0511_R080_T28QCG_20251127T134745.zip,700,56,6347,363475.0,2199455.0,0.194,0.23820000000000002,0.32280000000000003,0.43760000000000004,0.4863,0.48660000000000003,0.5036,0.5096,0.5052,0.5145000000000001,0.6164000000000001,0.5817
2025-11-27,Iwik,Sen2Cor,S2B_MSIL2A_20251127T113319_N0511_R080_T28QCG_20251127T134745.SAFE,C:\Users\Simon\Nextcloud\Project\Mauritania\Science\Arguin - FieldWork Data Processing\Data\S2\Sen2Cor\S2B_MSIL2A_20251127T113319_N0511_R080_T28QCG_20251127T134745.zip,701,56,6348,363485.0,2199455.0,0.19410000000000002,0.2366,0.31920000000000004,0.4408,0.4877,0.48900000000000005,0.5037,0.5004000000000001,0.5089,0.5181,0.6146,0.5805
2025-11-27,Iwik,Sen2Cor,S2B_MSIL2A_20251127T113319_N0511_R080_T28QCG_20251127T134745.SAFE,C:\Users\Simon\Nextcloud\Project\Mauritania\Science\Arguin - FieldWork Data Processing\Data\S2\Sen2Cor\S2B_MSIL2A_20251127T113319_N0511_R080_T28QCG_20251127T134745.zip,702,56,6349,363495.0,2199455.0,0.19410000000000002,0.23920000000000002,0.324,0.44160000000000005,0.4877,0.48900000000000005,0.5037,0.508,0.5089,0.5181,0.6146,0.5805
2025-11-27,Iwik,Sen2Cor,S2B_MSIL2A_20251127T113319_N0511_R080_T28QCG_20251127T134745.SAFE,C:\Users\Simon\Nextcloud\Project\Mauritania\Science\Arguin - FieldWork Data Processing\Data\S2\Sen2Cor\S2B_MSIL2A_20251127T113319_N0511_R080_T28QCG_20251127T134745.zip,703,56,6350,363505.0,2199455.0,0.19440000000000002,0.2272,0.3184,0.4364,0.4848,0.4877,0.5052,0.4968,0.5113,0.5181,0.614,0.5766
2025-11-27,Iwik,Sen2Cor,S2B_MSIL2A_20251127T113319_N0511_R080_T28QCG_20251127T134745.SAFE,C:\Users\Simon\Nextcloud\Project\Mauritania\Science\Arguin - FieldWork Data Processing\Data\S2\Sen2Cor\S2B_MSIL2A_20251127T113319_N0511_R080_T28QCG_20251127T134745.zip,704,56,6351,363515.0,2199455.0,0.19440000000000002,0.2228,0.3156,0.4328,0.4848,0.4877,0.5052,0.5008,0.5113,0.5181,0.614,0.5766
2025-11-27,Iwik,Sen2Cor,S2B_MSIL2A_20251127T113319_N0511_R080_T28QCG_20251127T134745.SAFE,C:\Users\Simon\Nextcloud\Project\Mauritania\Science\Arguin - FieldWork Data Processing\Data\S2\Sen2Cor\S2B_MSIL2A_20251127T113319_N0511_R080_T28QCG_20251127T134745.zip,705,56,6352,363525.0,2199455.0,0.1962,0.23140000000000002,0.3244,0.44320000000000004,0.4832,0.4918,0.5085000000000001,0.5064000000000001,0.5159,0.5181,0.619,0.5830000000000001
2025-11-27,Iwik,Sen2Cor,S2B_MSIL2A_20251127T113319_N0511_R080_T28QCG_20251127T134745.SAFE,C:\Users\Simon\Nextcloud\Project\Mauritania\Science\Arguin - FieldWork Data Processing\Data\S2\Sen2Cor\S2B_MSIL2A_20251127T113319_N0511_R080_T28QCG_20251127T134745.zip,706,57,6334,363345.0,2199445.0,0.1947,0.23140000000000002,0.3204,0.43520000000000003,0.4827,0.4843,0.5024000000000001,0.5072,0.5058,0.5163,0.6182000000000001,0.5928
2025-11-27,Iwik,Sen2Cor,S2B_MSIL2A_20251127T113319_N0511_R080_T28QCG_20251127T134745.SAFE,C:\Users\Simon\Nextcloud\Project\Mauritania\Science\Arguin - FieldWork Data Processing\Data\S2\Sen2Cor\S2B_MSIL2A_20251127T113319_N0511_R080_T28QCG_20251127T134745.zip,707,57,6335,363355.0,2199445.0,0.1947,0.2286,0.318,0.4312,0.4827,0.4843,0.5024000000000001,0.5044000000000001,0.5058,0.5163,0.6182000000000001,0.5928
2025-11-27,Iwik,Sen2Cor,S2B_MSIL2A_20251127T113319_N0511_R080_T28QCG_20251127T134745.SAFE,C:\Users\Simon\Nextcloud\Project\Mauritania\Science\Arguin - FieldWork Data Processing\Data\S2\Sen2Cor\S2B_MSIL2A_20251127T113319_N0511_R080_T28QCG_20251127T134745.zip,708,57,6336,363365.0,2199445.0,0.19460000000000002,0.233,0.32,0.4364,0.4817,0.48400000000000004,0.5029,0.5004000000000001,0.5072,0.5179,0.6165,0.5903
2025-11-27,Iwik,Sen2Cor,S2B_MSIL2A_20251127T113319_N0511_R080_T28QCG_20251127T134745.SAFE,C:\Users\Simon\Nextcloud\Project\Mauritania\Science\Arguin - FieldWork Data Processing\Data\S2\Sen2Cor\S2B_MSIL2A_20251127T113319_N0511_R080_T28QCG_20251127T134745.zip,709,57,6337,363375.0,2199445.0,0.19460000000000002,0.2354,0.32120000000000004,0.44160000000000005,0.4817,0.48400000000000004,0.5029,0.5092,0.5072,0.5179,0.6165,0.5903
2025-11-27,Iwik,Sen2Cor,S2B_MSIL2A_20251127T113319_N0511_R080_T28QCG_20251127T134745.SAFE,C:\Users\Simon\Nextcloud\Project\Mauritania\Science\Arguin - FieldWork Data Processing\Data\S2\Sen2Cor\S2B_MSIL2A_20251127T113319_N0511_R080_T28QCG_20251127T134745.zip,710,57,6338,363385.0,2199445.0,0.1955,0.24580000000000002,0.3296,0.4404,0.4913,0.4939,0.5092,0.516,0.5131,0.5179,0.6182000000000001,0.5921000000000001
2025-11-27,Iwik,Sen2Cor,S2B_MSIL2A_20251127T113319_N0511_R080_T28QCG_20251127T134745.SAFE,C:\Users\Simon\Nextcloud\Project\Mauritania\Science\Arguin - FieldWork Data Processing\Data\S2\Sen2Cor\S2B_MSIL2A_20251127T113319_N0511_R080_T28QCG_20251127T134745.zip,711,57,6339,363395.0,2199445.0,0.1955,0.2446,0.3312,0.442,0.4913,0.4939,0.5092,0.5136000000000001,0.5131,0.5179,0.6182000000000001,0.5921000000000001
2025-11-27,Iwik,Sen2Cor,S2B_MSIL2A_20251127T113319_N0511_R080_T28QCG_20251127T134745.SAFE,C:\Users\Simon\Nextcloud\Project\Mauritania\Science\Arguin - FieldWork Data Processing\Data\S2\Sen2Cor\S2B_MSIL2A_20251127T113319_N0511_R080_T28QCG_20251127T134745.zip,712,57,6340,363405.0,2199445.0,0.1951,0.23420000000000002,0.32280000000000003,0.442,0.4903,0.49460000000000004,0.5113,0.5072,0.5152,0.5179,0.6177,0.5884
2025-11-27,Iwik,Sen2Cor,S2B_MSIL2A_20251127T113319_N0511_R080_T28QCG_20251127T134745.SAFE,C:\Users\Simon\Nextcloud\Project\Mauritania\Science\Arguin - FieldWork Data Processing\Data\S2\Sen2Cor\S2B_MSIL2A_20251127T113319_N0511_R080_T28QCG_20251127T134745.zip,713,57,6341,363415.0,2199445.0,0.1951,0.23320000000000002,0.3236,0.438,0.4903,0.49460000000000004,0.5113,0.5104000000000001,0.5152,0.5179,0.6177,0.5884
2025-11-27,Iwik,Sen2Cor,S2B_MSIL2A_20251127T113319_N0511_R080_T28QCG_20251127T134745.SAFE,C:\Users\Simon\Nextcloud\Project\Mauritania\Science\Arguin - FieldWork Data Processing\Data\S2\Sen2Cor\S2B_MSIL2A_20251127T113319_N0511_R080_T28QCG_20251127T134745.zip,714,57,6342,363425.0,2199445.0,0.19440000000000002,0.23240000000000002,0.3256,0.4424,0.4913,0.49260000000000004,0.509,0.5148,0.5162,0.5145000000000001,0.6162000000000001,0.5787
2025-11-27,Iwik,Sen2Cor,S2B_MSIL2A_20251127T113319_N0511_R080_T28QCG_20251127T134745.SAFE,C:\Users\Simon\Nextcloud\Project\Mauritania\Science\Arguin - FieldWork Data Processing\Data\S2\Sen2Cor\S2B_MSIL2A_20251127T113319_N0511_R080_T28QCG_20251127T134745.zip,715,57,6343,363435.0,2199445.0,0.19440000000000002,0.23600000000000002,0.3276,0.442,0.4913,0.49260000000000004,0.509,0.516,0.5162,0.5145000000000001,0.6162000000000001,0.5787
2025-11-27,Iwik,Sen2Cor,S2B_MSIL2A_20251127T113319_N0511_R080_T28QCG_20251127T134745.SAFE,C:\Users\Simon\Nextcloud\Project\Mauritania\Science\Arguin - FieldWork Data Processing\Data\S2\Sen2Cor\S2B_MSIL2A_20251127T113319_N0511_R080_T28QCG_20251127T134745.zip,716,57,6344,363445.0,2199445.0,0.19410000000000002,0.2356,0.3252,0.44,0.4849,0.4859,0.5041,0.5116,0.5064000000000001,0.5145000000000001,0.6131,0.5775
2025-11-27,Iwik,Sen2Cor,S2B_MSIL2A_20251127T113319_N0511_R080_T28QCG_20251127T134745.SAFE,C:\Users\Simon\Nextcloud\Project\Mauritania\Science\Arguin - FieldWork Data Processing\Data\S2\Sen2Cor\S2B_MSIL2A_20251127T113319_N0511_R080_T28QCG_20251127T134745.zip,717,57,6345,363455.0,2199445.0,0.19410000000000002,0.2258,0.3196,0.4348,0.4849,0.4859,0.5041,0.5028,0.5064000000000001,0.5145000000000001,0.6131,0.5775
2025-11-27,Iwik,Sen2Cor,S2B_MSIL2A_20251127T113319_N0511_R080_T28QCG_20251127T134745.SAFE,C:\Users\Simon\Nextcloud\Project\Mauritania\Science\Arguin - FieldWork Data Processing\Data\S2\Sen2Cor\S2B_MSIL2A_20251127T113319_N0511_R080_T28QCG_20251127T134745.zip,718,57,6346,363465.0,2199445.0,0.194,0.2374,0.32320000000000004,0.43720000000000003,0.4863,0.48660000000000003,0.5036,0.5044000000000001,0.5052,0.5145000000000001,0.6164000000000001,0.5817
2025-11-27,Iwik,Sen2Cor,S2B_MSIL2A_20251127T113319_N0511_R080_T28QCG_20251127T134745.SAFE,C:\Users\Simon\Nextcloud\Project\Mauritania\Science\Arguin - FieldWork Data Processing\Data\S2\Sen2Cor\S2B_MSIL2A_20251127T113319_N0511_R080_T28QCG_20251127T134745.zip,719,57,6347,363475.0,2199445.0,0.194,0.2386,0.32880000000000004,0.44160000000000005,0.4863,0.48660000000000003,0.5036,0.5096,0.5052,0.5145000000000001,0.6164000000000001,0.5817
2025-11-27,Iwik,Sen2Cor,S2B_MSIL2A_20251127T113319_N0511_R080_T28QCG_20251127T134745.SAFE,C:\Users\Simon\Nextcloud\Project\Mauritania\Science\Arguin - FieldWork Data Processing\Data\S2\Sen2Cor\S2B_MSIL2A_20251127T113319_N0511_R080_T28QCG_20251127T134745.zip,720,57,6348,363485.0,2199445.0,0.19410000000000002,0.2436,0.3304,0.44720000000000004,0.4877,0.48900000000000005,0.5037,0.508,0.5089,0.5181,0.6146,0.5805
2025-11-27,Iwik,Sen2Cor,S2B_MSIL2A_20251127T113319_N0511_R080_T28QCG_20251127T134745.SAFE,C:\Users\Simon\Nextcloud\Project\Mauritania\Science\Arguin - FieldWork Data Processing\Data\S2\Sen2Cor\S2B_MSIL2A_20251127T113319_N0511_R080_T28QCG_20251127T134745.zip,721,57,6349,363495.0,2199445.0,0.19410000000000002,0.23900000000000002,0.3264,0.4428,0.4877,0.48900000000000005,0.5037,0.508,0.5089,0.5181,0.6146,0.5805
2025-11-27,Iwik,Sen2Cor,S2B_MSIL2A_20251127T113319_N0511_R080_T28QCG_20251127T134745.SAFE,C:\Users\Simon\Nextcloud\Project\Mauritania\Science\Arguin - FieldWork Data Processing\Data\S2\Sen2Cor\S2B_MSIL2A_20251127T113319_N0511_R080_T28QCG_20251127T134745.zip,722,57,6350,363505.0,2199445.0,0.19440000000000002,0.23520000000000002,0.32080000000000003,0.43960000000000005,0.4848,0.4877,0.5052,0.5052,0.5113,0.5181,0.614,0.5766
2025-11-27,Iwik,Sen2Cor,S2B_MSIL2A_20251127T113319_N0511_R080_T28QCG_20251127T134745.SAFE,C:\Users\Simon\Nextcloud\Project\Mauritania\Science\Arguin - FieldWork Data Processing\Data\S2\Sen2Cor\S2B_MSIL2A_20251127T113319_N0511_R080_T28QCG_20251127T134745.zip,723,58,6338,363385.0,2199435.0,0.1928,0.2452,0.3336,0.4428,0.4932,0.49560000000000004,0.5107,0.52,0.5182,0.5179,0.6189,0.5935
2025-11-27,Iwik,Sen2Cor,S2B_MSIL2A_20251127T113319_N0511_R080_T28QCG_20251127T134745.SAFE,C:\Users\Simon\Nextcloud\Project\Mauritania\Science\Arguin - FieldWork Data Processing\Data\S2\Sen2Cor\S2B_MSIL2A_20251127T113319_N0511_R080_T28QCG_20251127T134745.zip,724,58,6339,363395.0,2199435.0,0.1928,0.24080000000000001,0.3312,0.44720000000000004,0.4932,0.49560000000000004,0.5107,0.516,0.5182,0.5179,0.6189,0.5935
2025-11-27,Iwik,Sen2Cor,S2B_MSIL2A_20251127T113319_N0511_R080_T28QCG_20251127T134745.SAFE,C:\Users\Simon\Nextcloud\Project\Mauritania\Science\Arguin - FieldWork Data Processing\Data\S2\Sen2Cor\S2B_MSIL2A_20251127T113319_N0511_R080_T28QCG_20251127T134745.zip,725,58,6340,363405.0,2199435.0,0.1937,0.2364,0.324,0.4476,0.4877,0.49360000000000004,0.5072,0.5108,0.5143,0.5179,0.6208,0.5920000000000001
2025-11-27,Iwik,Sen2Cor,S2B_MSIL2A_20251127T113319_N0511_R080_T28QCG_20251127T134745.SAFE,C:\Users\Simon\Nextcloud\Project\Mauritania\Science\Arguin - FieldWork Data Processing\Data\S2\Sen2Cor\S2B_MSIL2A_20251127T113319_N0511_R080_T28QCG_20251127T134745.zip,726,58,6341,363415.0,2199435.0,0.1937,0.232,0.31720000000000004,0.4404,0.4877,0.49360000000000004,0.5072,0.5088,0.5143,0.5179,0.6208,0.5920000000000001
2025-11-27,Iwik,Sen2Cor,S2B_MSIL2A_20251127T113319_N0511_R080_T28QCG_20251127T134745.SAFE,C:\Users\Simon\Nextcloud\Project\Mauritania\Science\Arguin - FieldWork Data Processing\Data\S2\Sen2Cor\S2B_MSIL2A_20251127T113319_N0511_R080_T28QCG_20251127T134745.zip,727,58,6342,363425.0,2199435.0,0.19360000000000002,0.232,0.32320000000000004,0.43960000000000005,0.4867,0.49010000000000004,0.5074000000000001,0.5124000000000001,0.5131,0.5145000000000001,0.6163000000000001,0.5812
2025-11-27,Iwik,Sen2Cor,S2B_MSIL2A_20251127T113319_N0511_R080_T28QCG_20251127T134745.SAFE,C:\Users\Simon\Nextcloud\Project\Mauritania\Science\Arguin - FieldWork Data Processing\Data\S2\Sen2Cor\S2B_MSIL2A_20251127T113319_N0511_R080_T28QCG_20251127T134745.zip,728,58,6343,363435.0,2199435.0,0.19360000000000002,0.2364,0.32680000000000003,0.4424,0.4867,0.49010000000000004,0.5074000000000001,0.5124000000000001,0.5131,0.5145000000000001,0.6163000000000001,0.5812
2025-11-27,Iwik,Sen2Cor,S2B_MSIL2A_20251127T113319_N0511_R080_T28QCG_20251127T134745.SAFE,C:\Users\Simon\Nextcloud\Project\Mauritania\Science\Arguin - FieldWork Data Processing\Data\S2\Sen2Cor\S2B_MSIL2A_20251127T113319_N0511_R080_T28QCG_20251127T134745.zip,729,58,6344,363445.0,2199435.0,0.1937,0.2364,0.322,0.43720000000000003,0.48360000000000003,0.4832,0.49970000000000003,0.5068,0.5063,0.5145000000000001,0.6132000000000001,0.5778
2025-11-27,Iwik,Sen2Cor,S2B_MSIL2A_20251127T113319_N0511_R080_T28QCG_20251127T134745.SAFE,C:\Users\Simon\Nextcloud\Project\Mauritania\Science\Arguin - FieldWork Data Processing\Data\S2\Sen2Cor\S2B_MSIL2A_20251127T113319_N0511_R080_T28QCG_20251127T134745.zip,730,58,6345,363455.0,2199435.0,0.1937,0.2268,0.3168,0.43160000000000004,0.48360000000000003,0.4832,0.49970000000000003,0.5036,0.5063,0.5145000000000001,0.6132000000000001,0.5778
2025-11-27,Iwik,Sen2Cor,S2B_MSIL2A_20251127T113319_N0511_R080_T28QCG_20251127T134745.SAFE,C:\Users\Simon\Nextcloud\Project\Mauritania\Science\Arguin - FieldWork Data Processing\Data\S2\Sen2Cor\S2B_MSIL2A_20251127T113319_N0511_R080_T28QCG_20251127T134745.zip,731,58,6346,363465.0,2199435.0,0.1938,0.23500000000000001,0.3156,0.43960000000000005,0.4874,0.4893,0.5058,0.504,0.5088,0.5145000000000001,0.617,0.5837
2025-11-27,Iwik,Sen2Cor,S2B_MSIL2A_20251127T113319_N0511_R080_T28QCG_20251127T134745.SAFE,C:\Users\Simon\Nextcloud\Project\Mauritania\Science\Arguin - FieldWork Data Processing\Data\S2\Sen2Cor\S2B_MSIL2A_20251127T113319_N0511_R080_T28QCG_20251127T134745.zip,732,58,6347,363475.0,2199435.0,0.1938,0.2424,0.3316,0.4456,0.4874,0.4893,0.5058,0.5096,0.5088,0.5145000000000001,0.617,0.5837
2025-11-27,Arel,Sen2Cor,S2B_MSIL2A_20251127T113319_N0511_R080_T28QCH_20251127T134745.SAFE,C:\Users\Simon\Nextcloud\Project\Mauritania\Science\Arguin - FieldWork Data Processing\Data\S2\Sen2Cor\S2B_MSIL2A_20251127T113319_N0511_R080_T28QCH_20251127T134745.zip,0,9870,4269,342695.0,2201335.0,0.18580000000000002,0.29100000000000004,0.3488,0.4424,0.5053,0.509,0.529,0.5456,0.5572,0.5509000000000001,0.5725,0.42260000000000003
2025-11-27,Arel,Sen2Cor,S2B_MSIL2A_20251127T113319_N0511_R080_T28QCH_20251127T134745.SAFE,C:\Users\Simon\Nextcloud\Project\Mauritania\Science\Arguin - FieldWork Data Processing\Data\S2\Sen2Cor\S2B_MSIL2A_20251127T113319_N0511_R080_T28QCH_20251127T134745.zip,1,9870,4270,342705.0,2201335.0,0.1731,0.27740000000000004,0.34,0.4252,0.4882,0.49260000000000004,0.5225000000000001,0.5272,0.545,0.5509000000000001,0.5688,0.41800000000000004
2025-11-27,Arel,Sen2Cor,S2B_MSIL2A_20251127T113319_N0511_R080_T28QCH_20251127T134745.SAFE,C:\Users\Simon\Nextcloud\Project\Mauritania\Science\Arguin - FieldWork Data Processing\Data\S2\Sen2Cor\S2B_MSIL2A_20251127T113319_N0511_R080_T28QCH_20251127T134745.zip,2,9870,4271,342715.0,2201335.0,0.1731,0.2828,0.338,0.4232,0.4882,0.49260000000000004,0.5225000000000001,0.5308,0.545,0.5509000000000001,0.5688,0.41800000000000004
2025-11-27,Arel,Sen2Cor,S2B_MSIL2A_20251127T113319_N0511_R080_T28QCH_20251127T134745.SAFE,C:\Users\Simon\Nextcloud\Project\Mauritania\Science\Arguin - FieldWork Data Processing\Data\S2\Sen2Cor\S2B_MSIL2A_20251127T113319_N0511_R080_T28QCH_20251127T134745.zip,3,9871,4264,342645.0,2201325.0,0.1913,0.26180000000000003,0.32120000000000004,0.4016,0.45830000000000004,0.4693,0.49920000000000003,0.5264,0.5232,0.543,0.5519000000000001,0.39990000000000003
2025-11-27,Arel,Sen2Cor,S2B_MSIL2A_20251127T113319_N0511_R080_T28QCH_20251127T134745.SAFE,C:\Users\Simon\Nextcloud\Project\Mauritania\Science\Arguin - FieldWork Data Processing\Data\S2\Sen2Cor\S2B_MSIL2A_20251127T113319_N0511_R080_T28QCH_20251127T134745.zip,4,9871,4265,342655.0,2201325.0,0.1913,0.2964,0.3604,0.45280000000000004,0.45830000000000004,0.4693,0.49920000000000003,0.554,0.5232,0.543,0.5519000000000001,0.39990000000000003
2025-11-27,Arel,Sen2Cor,S2B_MSIL2A_20251127T113319_N0511_R080_T28QCH_20251127T134745.SAFE,C:\Users\Simon\Nextcloud\Project\Mauritania\Science\Arguin - FieldWork Data Processing\Data\S2\Sen2Cor\S2B_MSIL2A_20251127T113319_N0511_R080_T28QCH_20251127T134745.zip,5,9871,4266,342665.0,2201325.0,0.191,0.2934,0.3648,0.45640000000000003,0.5094000000000001,0.504,0.5294,0.5532,0.5476,0.5509000000000001,0.5697,0.4244
2025-11-27,Arel,Sen2Cor,S2B_MSIL2A_20251127T113319_N0511_R080_T28QCH_20251127T134745.SAFE,C:\Users\Simon\Nextcloud\Project\Mauritania\Science\Arguin - FieldWork Data Processing\Data\S2\Sen2Cor\S2B_MSIL2A_20251127T113319_N0511_R080_T28QCH_20251127T134745.zip,6,9871,4267,342675.0,2201325.0,0.191,0.3052,0.3708,0.4652,0.5094000000000001,0.504,0.5294,0.5592,0.5476,0.5509000000000001,0.5697,0.4244
2025-11-27,Arel,Sen2Cor,S2B_MSIL2A_20251127T113319_N0511_R080_T28QCH_20251127T134745.SAFE,C:\Users\Simon\Nextcloud\Project\Mauritania\Science\Arguin - FieldWork Data Processing\Data\S2\Sen2Cor\S2B_MSIL2A_20251127T113319_N0511_R080_T28QCH_20251127T134745.zip,7,9871,4268,342685.0,2201325.0,0.18580000000000002,0.3034,0.36960000000000004,0.4632,0.5053,0.509,0.529,0.5648000000000001,0.5572,0.5509000000000001,0.5725,0.42260000000000003
2025-11-27,Arel,Sen2Cor,S2B_MSIL2A_20251127T113319_N0511_R080_T28QCH_20251127T134745.SAFE,C:\Users\Simon\Nextcloud\Project\Mauritania\Science\Arguin - FieldWork Data Processing\Data\S2\Sen2Cor\S2B_MSIL2A_20251127T113319_N0511_R080_T28QCH_20251127T134745.zip,8,9871,4269,342695.0,2201325.0,0.18580000000000002,0.2884,0.35400000000000004,0.45120000000000005,0.5053,0.509,0.529,0.5572,0.5572,0.5509000000000001,0.5725,0.42260000000000003
2025-11-27,Arel,Sen2Cor,S2B_MSIL2A_20251127T113319_N0511_R080_T28QCH_20251127T134745.SAFE,C:\Users\Simon\Nextcloud\Project\Mauritania\Science\Arguin - FieldWork Data Processing\Data\S2\Sen2Cor\S2B_MSIL2A_20251127T113319_N0511_R080_T28QCH_20251127T134745.zip,9,9871,4270,342705.0,2201325.0,0.1731,0.2886,0.34840000000000004,0.4476,0.4882,0.49260000000000004,0.5225000000000001,0.5536,0.545,0.5509000000000001,0.5688,0.41800000000000004
2025-11-27,Arel,Sen2Cor,S2B_MSIL2A_20251127T113319_N0511_R080_T28QCH_20251127T134745.SAFE,C:\Users\Simon\Nextcloud\Project\Mauritania\Science\Arguin - FieldWork Data Processing\Data\S2\Sen2Cor\S2B_MSIL2A_20251127T113319_N0511_R080_T28QCH_20251127T134745.zip,10,9871,4271,342715.0,2201325.0,0.1731,0.2918,0.3672,0.4572,0.4882,0.49260000000000004,0.5225000000000001,0.5744,0.545,0.5509000000000001,0.5688,0.41800000000000004
2025-11-27,Arel,Sen2Cor,S2B_MSIL2A_20251127T113319_N0511_R080_T28QCH_20251127T134745.SAFE,C:\Users\Simon\Nextcloud\Project\Mauritania\Science\Arguin - FieldWork Data Processing\Data\S2\Sen2Cor\S2B_MSIL2A_20251127T113319_N0511_R080_T28QCH_20251127T134745.zip,11,9871,4272,342725.0,2201325.0,0.1545,0.2858,0.3568,0.458,0.462,0.46190000000000003,0.4913,0.5708,0.5271,0.43520000000000003,0.5392,0.39230000000000004
2025-11-27,Arel,Sen2Cor,S2B_MSIL2A_20251127T113319_N0511_R080_T28QCH_20251127T134745.SAFE,C:\Users\Simon\Nextcloud\Project\Mauritania\Science\Arguin - FieldWork Data Processing\Data\S2\Sen2Cor\S2B_MSIL2A_20251127T113319_N0511_R080_T28QCH_20251127T134745.zip,12,9872,4259,342595.0,2201315.0,0.21660000000000001,0.2878,0.342,0.41960000000000003,0.48900000000000005,0.48950000000000005,0.5112,0.4872,0.5211,0.47190000000000004,0.5383,0.4007
2025-11-27,Arel,Sen2Cor,S2B_MSIL2A_20251127T113319_N0511_R080_T28QCH_20251127T134745.SAFE,C:\Users\Simon\Nextcloud\Project\Mauritania\Science\Arguin - FieldWork Data Processing\Data\S2\Sen2Cor\S2B_MSIL2A_20251127T113319_N0511_R080_T28QCH_20251127T134745.zip,13,9872,4260,342605.0,2201315.0,0.22460000000000002,0.30820000000000003,0.3588,0.4388,0.518,0.5163,0.5408000000000001,0.5208,0.5587,0.543,0.5645,0.42410000000000003
2025-11-27,Arel,Sen2Cor,S2B_MSIL2A_20251127T113319_N0511_R080_T28QCH_20251127T134745.SAFE,C:\Users\Simon\Nextcloud\Project\Mauritania\Science\Arguin - FieldWork Data Processing\Data\S2\Sen2Cor\S2B_MSIL2A_20251127T113319_N0511_R080_T28QCH_20251127T134745.zip,14,9872,4261,342615.0,2201315.0,0.22460000000000002,0.3284,0.40040000000000003,0.47840000000000005,0.518,0.5163,0.5408000000000001,0.5660000000000001,0.5587,0.543,0.5645,0.42410000000000003
2025-11-27,Arel,Sen2Cor,S2B_MSIL2A_20251127T113319_N0511_R080_T28QCH_20251127T134745.SAFE,C:\Users\Simon\Nextcloud\Project\Mauritania\Science\Arguin - FieldWork Data Processing\Data\S2\Sen2Cor\S2B_MSIL2A_20251127T113319_N0511_R080_T28QCH_20251127T134745.zip,15,9872,4262,342625.0,2201315.0,0.2281,0.3236,0.3896,0.48600000000000004,0.5143,0.5224,0.5505,0.5772,0.5789000000000001,0.543,0.5917,0.4176
2025-11-27,Arel,Sen2Cor,S2B_MSIL2A_20251127T113319_N0511_R080_T28QCH_20251127T134745.SAFE,C:\Users\Simon\Nextcloud\Project\Mauritania\Science\Arguin - FieldWork Data Processing\Data\S2\Sen2Cor\S2B_MSIL2A_20251127T113319_N0511_R080_T28QCH_20251127T134745.zip,16,9872,4263,342635.0,2201315.0,0.2281,0.275,0.3396,0.4252,0.5143,0.5224,0.5505,0.55,0.5789000000000001,0.543,0.5917,0.4176
2025-11-27,Arel,Sen2Cor,S2B_MSIL2A_20251127T113319_N0511_R080_T28QCH_20251127T134745.SAFE,C:\Users\Simon\Nextcloud\Project\Mauritania\Science\Arguin - FieldWork Data Processing\Data\S2\Sen2Cor\S2B_MSIL2A_20251127T113319_N0511_R080_T28QCH_20251127T134745.zip,17,9872,4264,342645.0,2201315.0,0.22590000000000002,0.272,0.33280000000000004,0.4212,0.4963,0.506,0.5323,0.5424,0.5628000000000001,0.543,0.5880000000000001,0.4333
2025-11-27,Arel,Sen2Cor,S2B_MSIL2A_20251127T113319_N0511_R080_T28QCH_20251127T134745.SAFE,C:\Users\Simon\Nextcloud\Project\Mauritania\Science\Arguin - FieldWork Data Processing\Data\S2\Sen2Cor\S2B_MSIL2A_20251127T113319_N0511_R080_T28QCH_20251127T134745.zip,18,9872,4265,342655.0,2201315.0,0.22590000000000002,0.29860000000000003,0.3568,0.452,0.4963,0.506,0.5323,0.5524,0.5628000000000001,0.543,0.5880000000000001,0.4333
2025-11-27,Arel,Sen2Cor,S2B_MSIL2A_20251127T113319_N0511_R080_T28QCH_20251127T134745.SAFE,C:\Users\Simon\Nextcloud\Project\Mauritania\Science\Arguin - FieldWork Data Processing\Data\S2\Sen2Cor\S2B_MSIL2A_20251127T113319_N0511_R080_T28QCH_20251127T134745.zip,19,9872,4266,342665.0,2201315.0,0.22030000000000002,0.2988,0.3672,0.46440000000000003,0.525,0.5207,0.5473,0.558,0.5676,0.5509000000000001,0.5853,0.4358
2025-11-27,Arel,Sen2Cor,S2B_MSIL2A_20251127T113319_N0511_R080_T28QCH_20251127T134745.SAFE,C:\Users\Simon\Nextcloud\Project\Mauritania\Science\Arguin - FieldWork Data Processing\Data\S2\Sen2Cor\S2B_MSIL2A_20251127T113319_N0511_R080_T28QCH_20251127T134745.zip,20,9872,4267,342675.0,2201315.0,0.22030000000000002,0.3034,0.38280000000000003,0.4732,0.525,0.5207,0.5473,0.5700000000000001,0.5676,0.5509000000000001,0.5853,0.4358
2025-11-27,Arel,Sen2Cor,S2B_MSIL2A_20251127T113319_N0511_R080_T28QCH_20251127T134745.SAFE,C:\Users\Simon\Nextcloud\Project\Mauritania\Science\Arguin - FieldWork Data Processing\Data\S2\Sen2Cor\S2B_MSIL2A_20251127T113319_N0511_R080_T28QCH_20251127T134745.zip,21,9872,4268,342685.0,2201315.0,0.2111,0.29500000000000004,0.3588,0.464,0.4974,0.4958,0.5241,0.5624,0.5635,0.5509000000000001,0.5844,0.41960000000000003
2025-11-27,Arel,Sen2Cor,S2B_MSIL2A_20251127T113319_N0511_R080_T28QCH_20251127T134745.SAFE,C:\Users\Simon\Nextcloud\Project\Mauritania\Science\Arguin - FieldWork Data Processing\Data\S2\Sen2Cor\S2B_MSIL2A_20251127T113319_N0511_R080_T28QCH_20251127T134745.zip,22,9872,4269,342695.0,2201315.0,0.2111,0.2846,0.34600000000000003,0.43720000000000003,0.4974,0.4958,0.5241,0.55,0.5635,0.5509000000000001,0.5844,0.41960000000000003
2025-11-27,Arel,Sen2Cor,S2B_MSIL2A_20251127T113319_N0511_R080_T28QCH_20251127T134745.SAFE,C:\Users\Simon\Nextcloud\Project\Mauritania\Science\Arguin - FieldWork Data Processing\Data\S2\Sen2Cor\S2B_MSIL2A_20251127T113319_N0511_R080_T28QCH_20251127T134745.zip,23,9872,4270,342705.0,2201315.0,0.1993,0.29560000000000003,0.3548,0.4576,0.5099,0.5169,0.5457000000000001,0.5596,0.5745,0.5509000000000001,0.6049,0.45370000000000005
2025-11-27,Arel,Sen2Cor,S2B_MSIL2A_20251127T113319_N0511_R080_T28QCH_20251127T134745.SAFE,C:\Users\Simon\Nextcloud\Project\Mauritania\Science\Arguin - FieldWork Data Processing\Data\S2\Sen2Cor\S2B_MSIL2A_20251127T113319_N0511_R080_T28QCH_20251127T134745.zip,24,9872,4271,342715.0,2201315.0,0.1993,0.3052,0.3808,0.4776,0.5099,0.5169,0.5457000000000001,0.5880000000000001,0.5745,0.5509000000000001,0.6049,0.45370000000000005
2025-11-27,Arel,Sen2Cor,S2B_MSIL2A_20251127T113319_N0511_R080_T28QCH_20251127T134745.SAFE,C:\Users\Simon\Nextcloud\Project\Mauritania\Science\Arguin - FieldWork Data Processing\Data\S2\Sen2Cor\S2B_MSIL2A_20251127T113319_N0511_R080_T28QCH_20251127T134745.zip,25,9872,4272,342725.0,2201315.0,0.1831,0.2998,0.36200000000000004,0.466,0.4923,0.5002,0.5212,0.5640000000000001,0.5497000000000001,0.43520000000000003,0.5729000000000001,0.44010000000000005
2025-11-27,Arel,Sen2Cor,S2B_MSIL2A_20251127T113319_N0511_R080_T28QCH_20251127T134745.SAFE,C:\Users\Simon\Nextcloud\Project\Mauritania\Science\Arguin - FieldWork Data Processing\Data\S2\Sen2Cor\S2B_MSIL2A_20251127T113319_N0511_R080_T28QCH_20251127T134745.zip,26,9873,4255,342555.0,2201305.0,0.18230000000000002,0.33680000000000004,0.394,0.46480000000000005,0.42050000000000004,0.4151,0.44110000000000005,0.5392,0.4576,0.47190000000000004,0.449,0.3235
2025-11-27,Arel,Sen2Cor,S2B_MSIL2A_20251127T113319_N0511_R080_T28QCH_20251127T134745.SAFE,C:\Users\Simon\Nextcloud\Project\Mauritania\Science\Arguin - FieldWork Data Processing\Data\S2\Sen2Cor\S2B_MSIL2A_20251127T113319_N0511_R080_T28QCH_20251127T134745.zip,27,9873,4256,342565.0,2201305.0,0.20320000000000002,0.3224,0.3916,0.47640000000000005,0.4776,0.48090000000000005,0.5025000000000001,0.5428000000000001,0.5117,0.47190000000000004,0.5196000000000001,0.3912
2025-11-27,Arel,Sen2Cor,S2B_MSIL2A_20251127T113319_N0511_R080_T28QCH_20251127T134745.SAFE,C:\Users\Simon\Nextcloud\Project\Mauritania\Science\Arguin - FieldWork Data Processing\Data\S2\Sen2Cor\S2B_MSIL2A_20251127T113319_N0511_R080_T28QCH_20251127T134745.zip,28,9873,4257,342575.0,2201305.0,0.20320000000000002,0.3156,0.382,0.45880000000000004,0.4776,0.48090000000000005,0.5025000000000001,0.538,0.5117,0.47190000000000004,0.5196000000000001,0.3912
2025-11-27,Arel,Sen2Cor,S2B_MSIL2A_20251127T113319_N0511_R080_T28QCH_20251127T134745.SAFE,C:\Users\Simon\Nextcloud\Project\Mauritania\Science\Arguin - FieldWork Data Processing\Data\S2\Sen2Cor\S2B_MSIL2A_20251127T113319_N0511_R080_T28QCH_20251127T134745.zip,29,9873,4258,342585.0,2201305.0,0.21660000000000001,0.3052,0.3784,0.46,0.48900000000000005,0.48950000000000005,0.5112,0.5328,0.5211,0.47190000000000004,0.5383,0.4007
2025-11-27,Arel,Sen2Cor,S2B_MSIL2A_20251127T113319_N0511_R080_T28QCH_20251127T134745.SAFE,C:\Users\Simon\Nextcloud\Project\Mauritania\Science\Arguin - FieldWork Data Processing\Data\S2\Sen2Cor\S2B_MSIL2A_20251127T113319_N0511_R080_T28QCH_20251127T134745.zip,30,9873,4259,342595.0,2201305.0,0.21660000000000001,0.31120000000000003,0.3816,0.464,0.48900000000000005,0.48950000000000005,0.5112,0.542,0.5211,0.47190000000000004,0.5383,0.4007
2025-11-27,Arel,Sen2Cor,S2B_MSIL2A_20251127T113319_N0511_R080_T28QCH_20251127T134745.SAFE,C:\Users\Simon\Nextcloud\Project\Mauritania\Science\Arguin - FieldWork Data Processing\Data\S2\Sen2Cor\S2B_MSIL2A_20251127T113319_N0511_R080_T28QCH_20251127T134745.zip,31,9873,4260,342605.0,2201305.0,0.22460000000000002,0.322,0.3952,0.48800000000000004,0.518,0.5163,0.5408000000000001,0.5832,0.5587,0.543,0.5645,0.42410000000000003
2025-11-27,Arel,Sen2Cor,S2B_MSIL2A_20251127T113319_N0511_R080_T28QCH_20251127T134745.SAFE,C:\Users\Simon\Nextcloud\Project\Mauritania\Science\Arguin - FieldWork Data Processing\Data\S2\Sen2Cor\S2B_MSIL2A_20251127T113319_N0511_R080_T28QCH_20251127T134745.zip,32,9873,4261,342615.0,2201305.0,0.22460000000000002,0.3256,0.3992,0.4944,0.518,0.5163,0.5408000000000001,0.5928,0.5587,0.543,0.5645,0.42410000000000003
2025-11-27,Arel,Sen2Cor,S2B_MSIL2A_20251127T113319_N0511_R080_T28QCH_20251127T134745.SAFE,C:\Users\Simon\Nextcloud\Project\Mauritania\Science\Arguin - FieldWork Data Processing\Data\S2\Sen2Cor\S2B_MSIL2A_20251127T113319_N0511_R080_T28QCH_20251127T134745.zip,33,9873,4262,342625.0,2201305.0,0.2281,0.3168,0.382,0.47600000000000003,0.5143,0.5224,0.5505,0.5776,0.5789000000000001,0.543,0.5917,0.4176
2025-11-27,Arel,Sen2Cor,S2B_MSIL2A_20251127T113319_N0511_R080_T28QCH_20251127T134745.SAFE,C:\Users\Simon\Nextcloud\Project\Mauritania\Science\Arguin - FieldWork Data Processing\Data\S2\Sen2Cor\S2B_MSIL2A_20251127T113319_N0511_R080_T28QCH_20251127T134745.zip,34,9873,4263,342635.0,2201305.0,0.2281,0.2984,0.3652,0.4556,0.5143,0.5224,0.5505,0.5680000000000001,0.5789000000000001,0.543,0.5917,0.4176
2025-11-27,Arel,Sen2Cor,S2B_MSIL2A_20251127T113319_N0511_R080_T28QCH_20251127T134745.SAFE,C:\Users\Simon\Nextcloud\Project\Mauritania\Science\Arguin - FieldWork Data Processing\Data\S2\Sen2Cor\S2B_MSIL2A_20251127T113319_N0511_R080_T28QCH_20251127T134745.zip,35,9873,4264,342645.0,2201305.0,0.22590000000000002,0.3012,0.3688,0.46680000000000005,0.4963,0.506,0.5323,0.5636,0.5628000000000001,0.543,0.5880000000000001,0.4333
2025-11-27,Arel,Sen2Cor,S2B_MSIL2A_20251127T113319_N0511_R080_T28QCH_20251127T134745.SAFE,C:\Users\Simon\Nextcloud\Project\Mauritania\Science\Arguin - FieldWork Data Processing\Data\S2\Sen2Cor\S2B_MSIL2A_20251127T113319_N0511_R080_T28QCH_20251127T134745.zip,36,9873,4265,342655.0,2201305.0,0.22590000000000002,0.3108,0.3776,0.4728,0.4963,0.506,0.5323,0.5664,0.5628000000000001,0.543,0.5880000000000001,0.4333
2025-11-27,Arel,Sen2Cor,S2B_MSIL2A_20251127T113319_N0511_R080_T28QCH_20251127T134745.SAFE,C:\Users\Simon\Nextcloud\Project\Mauritania\Science\Arguin - FieldWork Data Processing\Data\S2\Sen2Cor\S2B_MSIL2A_20251127T113319_N0511_R080_T28QCH_20251127T134745.zip,37,9873,4266,342665.0,2201305.0,0.22030000000000002,0.3052,0.38,0.4708,0.525,0.5207,0.5473,0.5688,0.5676,0.5509000000000001,0.5853,0.4358
2025-11-27,Arel,Sen2Cor,S2B_MSIL2A_20251127T113319_N0511_R080_T28QCH_20251127T134745.SAFE,C:\Users\Simon\Nextcloud\Project\Mauritania\Science\Arguin - FieldWork Data Processing\Data\S2\Sen2Cor\S2B_MSIL2A_20251127T113319_N0511_R080_T28QCH_20251127T134745.zip,38,9873,4267,342675.0,2201305.0,0.22030000000000002,0.3052,0.37920000000000004,0.47600000000000003,0.525,0.5207,0.5473,0.5728,0.5676,0.5509000000000001,0.5853,0.4358
2025-11-27,Arel,Sen2Cor,S2B_MSIL2A_20251127T113319_N0511_R080_T28QCH_20251127T134745.SAFE,C:\Users\Simon\Nextcloud\Project\Mauritania\Science\Arguin - FieldWork Data Processing\Data\S2\Sen2Cor\S2B_MSIL2A_20251127T113319_N0511_R080_T28QCH_20251127T134745.zip,39,9873,4268,342685.0,2201305.0,0.2111,0.2822,0.33840000000000003,0.4444,0.4974,0.4958,0.5241,0.5472,0.5635,0.5509000000000001,0.5844,0.41960000000000003
2025-11-27,Arel,Sen2Cor,S2B_MSIL2A_20251127T113319_N0511_R080_T28QCH_20251127T134745.SAFE,C:\Users\Simon\Nextcloud\Project\Mauritania\Science\Arguin - FieldWork Data Processing\Data\S2\Sen2Cor\S2B_MSIL2A_20251127T113319_N0511_R080_T28QCH_20251127T134745.zip,40,9873,4269,342695.0,2201305.0,0.2111,0.24880000000000002,0.31120000000000003,0.38720000000000004,0.4974,0.4958,0.5241,0.5228,0.5635,0.5509000000000001,0.5844,0.41960000000000003
2025-11-27,Arel,Sen2Cor,S2B_MSIL2A_20251127T113319_N0511_R080_T28QCH_20251127T134745.SAFE,C:\Users\Simon\Nextcloud\Project\Mauritania\Science\Arguin - FieldWork Data Processing\Data\S2\Sen2Cor\S2B_MSIL2A_20251127T113319_N0511_R080_T28QCH_20251127T134745.zip,41,9873,4270,342705.0,2201305.0,0.1993,0.281,0.3456,0.4384,0.5099,0.5169,0.5457000000000001,0.5484,0.5745,0.5509000000000001,0.6049,0.45370000000000005
2025-11-27,Arel,Sen2Cor,S2B_MSIL2A_20251127T113319_N0511_R080_T28QCH_20251127T134745.SAFE,C:\Users\Simon\Nextcloud\Project\Mauritania\Science\Arguin - FieldWork Data Processing\Data\S2\Sen2Cor\S2B_MSIL2A_20251127T113319_N0511_R080_T28QCH_20251127T134745.zip,42,9873,4271,342715.0,2201305.0,0.1993,0.31,0.3856,0.4752,0.5099,0.5169,0.5457000000000001,0.5796,0.5745,0.5509000000000001,0.6049,0.45370000000000005
2025-11-27,Arel,Sen2Cor,S2B_MSIL2A_20251127T113319_N0511_R080_T28QCH_20251127T134745.SAFE,C:\Users\Simon\Nextcloud\Project\Mauritania\Science\Arguin - FieldWork Data Processing\Data\S2\Sen2Cor\S2B_MSIL2A_20251127T113319_N0511_R080_T28QCH_20251127T134745.zip,43,9873,4272,342725.0,2201305.0,0.1831,0.3108,0.37560000000000004,0.4676,0.4923,0.5002,0.5212,0.55,0.5497000000000001,0.43520000000000003,0.5729000000000001,0.44010000000000005
2025-11-27,Arel,Sen2Cor,S2B_MSIL2A_20251127T113319_N0511_R080_T28QCH_20251127T134745.SAFE,C:\Users\Simon\Nextcloud\Project\Mauritania\Science\Arguin - FieldWork Data Processing\Data\S2\Sen2Cor\S2B_MSIL2A_20251127T113319_N0511_R080_T28QCH_20251127T134745.zip,44,9873,4273,342735.0,2201305.0,0.1831,0.2828,0.3496,0.4312,0.4923,0.5002,0.5212,0.526,0.5497000000000001,0.43520000000000003,0.5729000000000001,0.44010000000000005
2025-11-27,Arel,Sen2Cor,S2B_MSIL2A_20251127T113319_N0511_R080_T28QCH_20251127T134745.SAFE,C:\Users\Simon\Nextcloud\Project\Mauritania\Science\Arguin - FieldWork Data Processing\Data\S2\Sen2Cor\S2B_MSIL2A_20251127T113319_N0511_R080_T28QCH_20251127T134745.zip,45,9874,4254,342545.0,2201295.0,0.22610000000000002,0.34440000000000004,0.41800000000000004,0.5,0.5529000000000001,0.551,0.5584,0.5780000000000001,0.5688,0.47190000000000004,0.5588000000000001,0.4047
2025-11-27,Arel,Sen2Cor,S2B_MSIL2A_20251127T113319_N0511_R080_T28QCH_20251127T134745.SAFE,C:\Users\Simon\Nextcloud\Project\Mauritania\Science\Arguin - FieldWork Data Processing\Data\S2\Sen2Cor\S2B_MSIL2A_20251127T113319_N0511_R080_T28QCH_20251127T134745.zip,46,9874,4255,342555.0,2201295.0,0.22610000000000002,0.3572,0.4292,0.5132,0.5529000000000001,0.551,0.5584,0.5936,0.5688,0.47190000000000004,0.5588000000000001,0.4047
2025-11-27,Arel,Sen2Cor,S2B_MSIL2A_20251127T113319_N0511_R080_T28QCH_20251127T134745.SAFE,C:\Users\Simon\Nextcloud\Project\Mauritania\Science\Arguin - FieldWork Data Processing\Data\S2\Sen2Cor\S2B_MSIL2A_20251127T113319_N0511_R080_T28QCH_20251127T134745.zip,47,9874,4256,342565.0,2201295.0,0.2409,0.35000000000000003,0.4192,0.5196000000000001,0.5682,0.5675,0.5797,0.5968,0.5871000000000001,0.47190000000000004,0.5848,0.4399
2025-11-27,Arel,Sen2Cor,S2B_MSIL2A_20251127T113319_N0511_R080_T28QCH_20251127T134745.SAFE,C:\Users\Simon\Nextcloud\Project\Mauritania\Science\Arguin - FieldWork Data Processing\Data\S2\Sen2Cor\S2B_MSIL2A_20251127T113319_N0511_R080_T28QCH_20251127T134745.zip,48,9874,4257,342575.0,2201295.0,0.2409,0.3588,0.4244,0.5108,0.5682,0.5675,0.5797,0.596,0.5871000000000001,0.47190000000000004,0.5848,0.4399
2025-11-27,Arel,Sen2Cor,S2B_MSIL2A_20251127T113319_N0511_R080_T28QCH_20251127T134745.SAFE,C:\Users\Simon\Nextcloud\Project\Mauritania\Science\Arguin - FieldWork Data Processing\Data\S2\Sen2Cor\S2B_MSIL2A_20251127T113319_N0511_R080_T28QCH_20251127T134745.zip,49,9874,4258,342585.0,2201295.0,0.2485,0.3428,0.4184,0.5112,0.5684,0.5624,0.5819,0.5932000000000001,0.5922000000000001,0.47190000000000004,0.5967,0.4514
2025-11-27,Arel,Sen2Cor,S2B_MSIL2A_20251127T113319_N0511_R080_T28QCH_20251127T134745.SAFE,C:\Users\Simon\Nextcloud\Project\Mauritania\Science\Arguin - FieldWork Data Processing\Data\S2\Sen2Cor\S2B_MSIL2A_20251127T113319_N0511_R080_T28QCH_20251127T134745.zip,50,9874,4259,342595.0,2201295.0,0.2485,0.3396,0.40840000000000004,0.5104000000000001,0.5684,0.5624,0.5819,0.5888,0.5922000000000001,0.47190000000000004,0.5967,0.4514
2025-11-27,Arel,Sen2Cor,S2B_MSIL2A_20251127T113319_N0511_R080_T28QCH_20251127T134745.SAFE,C:\Users\Simon\Nextcloud\Project\Mauritania\Science\Arguin - FieldWork Data Processing\Data\S2\Sen2Cor\S2B_MSIL2A_20251127T113319_N0511_R080_T28QCH_20251127T134745.zip,51,9874,4260,342605.0,2201295.0,0.24910000000000002,0.32880000000000004,0.4052,0.5052,0.5497000000000001,0.5502,0.5751000000000001,0.6004,0.5942000000000001,0.543,0.6009,0.45230000000000004
2025-11-27,Arel,Sen2Cor,S2B_MSIL2A_20251127T113319_N0511_R080_T28QCH_20251127T134745.SAFE,C:\Users\Simon\Nextcloud\Project\Mauritania\Science\Arguin - FieldWork Data Processing\Data\S2\Sen2Cor\S2B_MSIL2A_20251127T113319_N0511_R080_T28QCH_20251127T134745.zip,52,9874,4261,342615.0,2201295.0,0.24910000000000002,0.318,0.3904,0.49520000000000003,0.5497000000000001,0.5502,0.5751000000000001,0.5936,0.5942000000000001,0.543,0.6009,0.45230000000000004
2025-11-27,Arel,Sen2Cor,S2B_MSIL2A_20251127T113319_N0511_R080_T28QCH_20251127T134745.SAFE,C:\Users\Simon\Nextcloud\Project\Mauritania\Science\Arguin - FieldWork Data Processing\Data\S2\Sen2Cor\S2B_MSIL2A_20251127T113319_N0511_R080_T28QCH_20251127T134745.zip,53,9874,4262,342625.0,2201295.0,0.24700000000000003,0.3052,0.37120000000000003,0.47040000000000004,0.5365,0.5349,0.5616,0.5704,0.5874,0.543,0.6006,0.43810000000000004
2025-11-27,Arel,Sen2Cor,S2B_MSIL2A_20251127T113319_N0511_R080_T28QCH_20251127T134745.SAFE,C:\Users\Simon\Nextcloud\Project\Mauritania\Science\Arguin - FieldWork Data Processing\Data\S2\Sen2Cor\S2B_MSIL2A_20251127T113319_N0511_R080_T28QCH_20251127T134745.zip,54,9874,4263,342635.0,2201295.0,0.24700000000000003,0.30760000000000004,0.37920000000000004,0.47040000000000004,0.5365,0.5349,0.5616,0.5756,0.5874,0.543,0.6006,0.43810000000000004
2025-11-27,Arel,Sen2Cor,S2B_MSIL2A_20251127T113319_N0511_R080_T28QCH_20251127T134745.SAFE,C:\Users\Simon\Nextcloud\Project\Mauritania\Science\Arguin - FieldWork Data Processing\Data\S2\Sen2Cor\S2B_MSIL2A_20251127T113319_N0511_R080_T28QCH_20251127T134745.zip,55,9874,4264,342645.0,2201295.0,0.2421,0.3216,0.3808,0.4772,0.5301,0.5355,0.5592,0.5724,0.5753,0.543,0.5935,0.44270000000000004
2025-11-27,Arel,Sen2Cor,S2B_MSIL2A_20251127T113319_N0511_R080_T28QCH_20251127T134745.SAFE,C:\Users\Simon\Nextcloud\Project\Mauritania\Science\Arguin - FieldWork Data Processing\Data\S2\Sen2Cor\S2B_MSIL2A_20251127T113319_N0511_R080_T28QCH_20251127T134745.zip,56,9874,4265,342655.0,2201295.0,0.2421,0.31920000000000004,0.38280000000000003,0.47440000000000004,0.5301,0.5355,0.5592,0.5640000000000001,0.5753,0.543,0.5935,0.44270000000000004
2025-11-27,Arel,Sen2Cor,S2B_MSIL2A_20251127T113319_N0511_R080_T28QCH_20251127T134745.SAFE,C:\Users\Simon\Nextcloud\Project\Mauritania\Science\Arguin - FieldWork Data Processing\Data\S2\Sen2Cor\S2B_MSIL2A_20251127T113319_N0511_R080_T28QCH_20251127T134745.zip,57,9874,4266,342665.0,2201295.0,0.23370000000000002,0.309,0.3776,0.47200000000000003,0.5063,0.5008,0.5319,0.5660000000000001,0.5609000000000001,0.5509000000000001,0.5801000000000001,0.4254
2025-11-27,Arel,Sen2Cor,S2B_MSIL2A_20251127T113319_N0511_R080_T28QCH_20251127T134745.SAFE,C:\Users\Simon\Nextcloud\Project\Mauritania\Science\Arguin - FieldWork Data Processing\Data\S2\Sen2Cor\S2B_MSIL2A_20251127T113319_N0511_R080_T28QCH_20251127T134745.zip,58,9874,4267,342675.0,2201295.0,0.23370000000000002,0.299,0.3652,0.46040000000000003,0.5063,0.5008,0.5319,0.5680000000000001,0.5609000000000001,0.5509000000000001,0.5801000000000001,0.4254
2025-11-27,Arel,Sen2Cor,S2B_MSIL2A_20251127T113319_N0511_R080_T28QCH_20251127T134745.SAFE,C:\Users\Simon\Nextcloud\Project\Mauritania\Science\Arguin - FieldWork Data Processing\Data\S2\Sen2Cor\S2B_MSIL2A_20251127T113319_N0511_R080_T28QCH_20251127T134745.zip,59,9874,4268,342685.0,2201295.0,0.22360000000000002,0.24880000000000002,0.3032,0.39840000000000003,0.45320000000000005,0.4595,0.4928,0.5148,0.536,0.5509000000000001,0.5731,0.39530000000000004
2025-11-27,Arel,Sen2Cor,S2B_MSIL2A_20251127T113319_N0511_R080_T28QCH_20251127T134745.SAFE,C:\Users\Simon\Nextcloud\Project\Mauritania\Science\Arguin - FieldWork Data Processing\Data\S2\Sen2Cor\S2B_MSIL2A_20251127T113319_N0511_R080_T28QCH_20251127T134745.zip,60,9874,4269,342695.0,2201295.0,0.22360000000000002,0.24700000000000003,0.2932,0.3764,0.45320000000000005,0.4595,0.4928,0.5116,0.536,0.5509000000000001,0.5731,0.39530000000000004
2025-11-27,Arel,Sen2Cor,S2B_MSIL2A_20251127T113319_N0511_R080_T28QCH_20251127T134745.SAFE,C:\Users\Simon\Nextcloud\Project\Mauritania\Science\Arguin - FieldWork Data Processing\Data\S2\Sen2Cor\S2B_MSIL2A_20251127T113319_N0511_R080_T28QCH_20251127T134745.zip,61,9874,4270,342705.0,2201295.0,0.2144,0.2932,0.35200000000000004,0.4496,0.48510000000000003,0.49510000000000004,0.519,0.562,0.5532,0.5509000000000001,0.5825,0.4333
2025-11-27,Arel,Sen2Cor,S2B_MSIL2A_20251127T113319_N0511_R080_T28QCH_20251127T134745.SAFE,C:\Users\Simon\Nextcloud\Project\Mauritania\Science\Arguin - FieldWork Data Processing\Data\S2\Sen2Cor\S2B_MSIL2A_20251127T113319_N0511_R080_T28QCH_20251127T134745.zip,62,9874,4271,342715.0,2201295.0,0.2144,0.312,0.376,0.47200000000000003,0.48510000000000003,0.49510000000000004,0.519,0.5732,0.5532,0.5509000000000001,0.5825,0.4333
2025-11-27,Arel,Sen2Cor,S2B_MSIL2A_20251127T113319_N0511_R080_T28QCH_20251127T134745.SAFE,C:\Users\Simon\Nextcloud\Project\Mauritania\Science\Arguin - FieldWork Data Processing\Data\S2\Sen2Cor\S2B_MSIL2A_20251127T113319_N0511_R080_T28QCH_20251127T134745.zip,63,9874,4272,342725.0,2201295.0,0.20370000000000002,0.30160000000000003,0.36920000000000003,0.45640000000000003,0.4929,0.4902,0.5089,0.546,0.5421,0.43520000000000003,0.562,0.42200000000000004
2025-11-27,Arel,Sen2Cor,S2B_MSIL2A_20251127T113319_N0511_R080_T28QCH_20251127T134745.SAFE,C:\Users\Simon\Nextcloud\Project\Mauritania\Science\Arguin - FieldWork Data Processing\Data\S2\Sen2Cor\S2B_MSIL2A_20251127T113319_N0511_R080_T28QCH_20251127T134745.zip,64,9874,4273,342735.0,2201295.0,0.20370000000000002,0.2722,0.33640000000000003,0.4164,0.4929,0.4902,0.5089,0.5112,0.5421,0.43520000000000003,0.562,0.42200000000000004
2025-11-27,Arel,Sen2Cor,S2B_MSIL2A_20251127T113319_N0511_R080_T28QCH_20251127T134745.SAFE,C:\Users\Simon\Nextcloud\Project\Mauritania\Science\Arguin - FieldWork Data Processing\Data\S2\Sen2Cor\S2B_MSIL2A_20251127T113319_N0511_R080_T28QCH_20251127T134745.zip,65,9874,4274,342745.0,2201295.0,0.1874,0.2654,0.3244,0.4052,0.456,0.46230000000000004,0.48560000000000003,0.4964,0.5067,0.43520000000000003,0.5276000000000001,0.3906
2025-11-27,Arel,Sen2Cor,S2B_MSIL2A_20251127T113319_N0511_R080_T28QCH_20251127T134745.SAFE,C:\Users\Simon\Nextcloud\Project\Mauritania\Science\Arguin - FieldWork Data Processing\Data\S2\Sen2Cor\S2B_MSIL2A_20251127T113319_N0511_R080_T28QCH_20251127T134745.zip,66,9875,4252,342525.0,2201285.0,0.2036,0.3516,0.4132,0.5004000000000001,0.4937,0.49610000000000004,0.515,0.5768,0.5275000000000001,0.3356,0.5144000000000001,0.3677
2025-11-27,Arel,Sen2Cor,S2B_MSIL2A_20251127T113319_N0511_R080_T28QCH_20251127T134745.SAFE,C:\Users\Simon\Nextcloud\Project\Mauritania\Science\Arguin - FieldWork Data Processing\Data\S2\Sen2Cor\S2B_MSIL2A_20251127T113319_N0511_R080_T28QCH_20251127T134745.zip,67,9875,4253,342535.0,2201285.0,0.2036,0.3544,0.42000000000000004,0.5104000000000001,0.4937,0.49610000000000004,0.515,0.5888,0.5275000000000001,0.3356,0.5144000000000001,0.3677
2025-11-27,Arel,Sen2Cor,S2B_MSIL2A_20251127T113319_N0511_R080_T28QCH_20251127T134745.SAFE,C:\Users\Simon\Nextcloud\Project\Mauritania\Science\Arguin - FieldWork Data Processing\Data\S2\Sen2Cor\S2B_MSIL2A_20251127T113319_N0511_R080_T28QCH_20251127T134745.zip,68,9875,4254,342545.0,2201285.0,0.22610000000000002,0.3496,0.4152,0.5088,0.5529000000000001,0.551,0.5584,0.5884,0.5688,0.47190000000000004,0.5588000000000001,0.4047
2025-11-27,Arel,Sen2Cor,S2B_MSIL2A_20251127T113319_N0511_R080_T28QCH_20251127T134745.SAFE,C:\Users\Simon\Nextcloud\Project\Mauritania\Science\Arguin - FieldWork Data Processing\Data\S2\Sen2Cor\S2B_MSIL2A_20251127T113319_N0511_R080_T28QCH_20251127T134745.zip,69,9875,4255,342555.0,2201285.0,0.22610000000000002,0.3508,0.4244,0.514,0.5529000000000001,0.551,0.5584,0.5924,0.5688,0.47190000000000004,0.5588000000000001,0.4047
2025-11-27,Arel,Sen2Cor,S2B_MSIL2A_20251127T113319_N0511_R080_T28QCH_20251127T134745.SAFE,C:\Users\Simon\Nextcloud\Project\Mauritania\Science\Arguin - FieldWork Data Processing\Data\S2\Sen2Cor\S2B_MSIL2A_20251127T113319_N0511_R080_T28QCH_20251127T134745.zip,70,9875,4256,342565.0,2201285.0,0.2409,0.35760000000000003,0.4284,0.526,0.5682,0.5675,0.5797,0.6056,0.5871000000000001,0.47190000000000004,0.5848,0.4399
2025-11-27,Arel,Sen2Cor,S2B_MSIL2A_20251127T113319_N0511_R080_T28QCH_20251127T134745.SAFE,C:\Users\Simon\Nextcloud\Project\Mauritania\Science\Arguin - FieldWork Data Processing\Data\S2\Sen2Cor\S2B_MSIL2A_20251127T113319_N0511_R080_T28QCH_20251127T134745.zip,71,9875,4257,342575.0,2201285.0,0.2409,0.3708,0.44160000000000005,0.5328,0.5682,0.5675,0.5797,0.612,0.5871000000000001,0.47190000000000004,0.5848,0.4399
2025-11-27,Arel,Sen2Cor,S2B_MSIL2A_20251127T113319_N0511_R080_T28QCH_20251127T134745.SAFE,C:\Users\Simon\Nextcloud\Project\Mauritania\Science\Arguin - FieldWork Data Processing\Data\S2\Sen2Cor\S2B_MSIL2A_20251127T113319_N0511_R080_T28QCH_20251127T134745.zip,72,9875,4258,342585.0,2201285.0,0.2485,0.3648,0.4344,0.5296000000000001,0.5684,0.5624,0.5819,0.61,0.5922000000000001,0.47190000000000004,0.5967,0.4514
2025-11-27,Arel,Sen2Cor,S2B_MSIL2A_20251127T113319_N0511_R080_T28QCH_20251127T134745.SAFE,C:\Users\Simon\Nextcloud\Project\Mauritania\Science\Arguin - FieldWork Data Processing\Data\S2\Sen2Cor\S2B_MSIL2A_20251127T113319_N0511_R080_T28QCH_20251127T134745.zip,73,9875,4259,342595.0,2201285.0,0.2485,0.342,0.4168,0.5176000000000001,0.5684,0.5624,0.5819,0.6,0.5922000000000001,0.47190000000000004,0.5967,0.4514
2025-11-27,Arel,Sen2Cor,S2B_MSIL2A_20251127T113319_N0511_R080_T28QCH_20251127T134745.SAFE,C:\Users\Simon\Nextcloud\Project\Mauritania\Science\Arguin - FieldWork Data Processing\Data\S2\Sen2Cor\S2B_MSIL2A_20251127T113319_N0511_R080_T28QCH_20251127T134745.zip,74,9875,4260,342605.0,2201285.0,0.24910000000000002,0.3272,0.3952,0.5,0.5497000000000001,0.5502,0.5751000000000001,0.5932000000000001,0.5942000000000001,0.543,0.6009,0.45230000000000004
2025-11-27,Arel,Sen2Cor,S2B_MSIL2A_20251127T113319_N0511_R080_T28QCH_20251127T134745.SAFE,C:\Users\Simon\Nextcloud\Project\Mauritania\Science\Arguin - FieldWork Data Processing\Data\S2\Sen2Cor\S2B_MSIL2A_20251127T113319_N0511_R080_T28QCH_20251127T134745.zip,75,9875,4261,342615.0,2201285.0,0.24910000000000002,0.3168,0.39080000000000004,0.4944,0.5497000000000001,0.5502,0.5751000000000001,0.5892000000000001,0.5942000000000001,0.543,0.6009,0.45230000000000004
2025-11-27,Arel,Sen2Cor,S2B_MSIL2A_20251127T113319_N0511_R080_T28QCH_20251127T134745.SAFE,C:\Users\Simon\Nextcloud\Project\Mauritania\Science\Arguin - FieldWork Data Processing\Data\S2\Sen2Cor\S2B_MSIL2A_20251127T113319_N0511_R080_T28QCH_20251127T134745.zip,76,9875,4262,342625.0,2201285.0,0.24700000000000003,0.3062,0.3808,0.4848,0.5365,0.5349,0.5616,0.5796,0.5874,0.543,0.6006,0.43810000000000004
2025-11-27,Arel,Sen2Cor,S2B_MSIL2A_20251127T113319_N0511_R080_T28QCH_20251127T134745.SAFE,C:\Users\Simon\Nextcloud\Project\Mauritania\Science\Arguin - FieldWork Data Processing\Data\S2\Sen2Cor\S2B_MSIL2A_20251127T113319_N0511_R080_T28QCH_20251127T134745.zip,77,9875,4263,342635.0,2201285.0,0.24700000000000003,0.3164,0.3916,0.48400000000000004,0.5365,0.5349,0.5616,0.5856,0.5874,0.543,0.6006,0.43810000000000004
2025-11-27,Arel,Sen2Cor,S2B_MSIL2A_20251127T113319_N0511_R080_T28QCH_20251127T134745.SAFE,C:\Users\Simon\Nextcloud\Project\Mauritania\Science\Arguin - FieldWork Data Processing\Data\S2\Sen2Cor\S2B_MSIL2A_20251127T113319_N0511_R080_T28QCH_20251127T134745.zip,78,9875,4264,342645.0,2201285.0,0.2421,0.316,0.382,0.4756,0.5301,0.5355,0.5592,0.5704,0.5753,0.543,0.5935,0.44270000000000004
2025-11-27,Arel,Sen2Cor,S2B_MSIL2A_20251127T113319_N0511_R080_T28QCH_20251127T134745.SAFE,C:\Users\Simon\Nextcloud\Project\Mauritania\Science\Arguin - FieldWork Data Processing\Data\S2\Sen2Cor\S2B_MSIL2A_20251127T113319_N0511_R080_T28QCH_20251127T134745.zip,79,9875,4265,342655.0,2201285.0,0.2421,0.3124,0.37360000000000004,0.4656,0.5301,0.5355,0.5592,0.5640000000000001,0.5753,0.543,0.5935,0.44270000000000004
2025-11-27,Arel,Sen2Cor,S2B_MSIL2A_20251127T113319_N0511_R080_T28QCH_20251127T134745.SAFE,C:\Users\Simon\Nextcloud\Project\Mauritania\Science\Arguin - FieldWork Data Processing\Data\S2\Sen2Cor\S2B_MSIL2A_20251127T113319_N0511_R080_T28QCH_20251127T134745.zip,80,9875,4266,342665.0,2201285.0,0.23370000000000002,0.298,0.36760000000000004,0.466,0.5063,0.5008,0.5319,0.562,0.5609000000000001,0.5509000000000001,0.5801000000000001,0.4254
2025-11-27,Arel,Sen2Cor,S2B_MSIL2A_20251127T113319_N0511_R080_T28QCH_20251127T134745.SAFE,C:\Users\Simon\Nextcloud\Project\Mauritania\Science\Arguin - FieldWork Data Processing\Data\S2\Sen2Cor\S2B_MSIL2A_20251127T113319_N0511_R080_T28QCH_20251127T134745.zip,81,9875,4267,342675.0,2201285.0,0.23370000000000002,0.2792,0.3448,0.43720000000000003,0.5063,0.5008,0.5319,0.5508000000000001,0.5609000000000001,0.5509000000000001,0.5801000000000001,0.4254
2025-11-27,Arel,Sen2Cor,S2B_MSIL2A_20251127T113319_N0511_R080_T28QCH_20251127T134745.SAFE,C:\Users\Simon\Nextcloud\Project\Mauritania\Science\Arguin - FieldWork Data Processing\Data\S2\Sen2Cor\S2B_MSIL2A_20251127T113319_N0511_R080_T28QCH_20251127T134745.zip,82,9875,4268,342685.0,2201285.0,0.22360000000000002,0.23320000000000002,0.28900000000000003,0.372,0.45320000000000005,0.4595,0.4928,0.5,0.536,0.5509000000000001,0.5731,0.39530000000000004
2025-11-27,Arel,Sen2Cor,S2B_MSIL2A_20251127T113319_N0511_R080_T28QCH_20251127T134745.SAFE,C:\Users\Simon\Nextcloud\Project\Mauritania\Science\Arguin - FieldWork Data Processing\Data\S2\Sen2Cor\S2B_MSIL2A_20251127T113319_N0511_R080_T28QCH_20251127T134745.zip,83,9875,4269,342695.0,2201285.0,0.22360000000000002,0.24100000000000002,0.2916,0.37160000000000004,0.45320000000000005,0.4595,0.4928,0.5036,0.536,0.5509000000000001,0.5731,0.39530000000000004
2025-11-27,Arel,Sen2Cor,S2B_MSIL2A_20251127T113319_N0511_R080_T28QCH_20251127T134745.SAFE,C:\Users\Simon\Nextcloud\Project\Mauritania\Science\Arguin - FieldWork Data Processing\Data\S2\Sen2Cor\S2B_MSIL2A_20251127T113319_N0511_R080_T28QCH_20251127T134745.zip,84,9875,4270,342705.0,2201285.0,0.2144,0.29400000000000004,0.3548,0.43920000000000003,0.48510000000000003,0.49510000000000004,0.519,0.558,0.5532,0.5509000000000001,0.5825,0.4333
2025-11-27,Arel,Sen2Cor,S2B_MSIL2A_20251127T113319_N0511_R080_T28QCH_20251127T134745.SAFE,C:\Users\Simon\Nextcloud\Project\Mauritania\Science\Arguin - FieldWork Data Processing\Data\S2\Sen2Cor\S2B_MSIL2A_20251127T113319_N0511_R080_T28QCH_20251127T134745.zip,85,9875,4271,342715.0,2201285.0,0.2144,0.2972,0.3548,0.44920000000000004,0.48510000000000003,0.49510000000000004,0.519,0.5532,0.5532,0.5509000000000001,0.5825,0.4333
2025-11-27,Arel,Sen2Cor,S2B_MSIL2A_20251127T113319_N0511_R080_T28QCH_20251127T134745.SAFE,C:\Users\Simon\Nextcloud\Project\Mauritania\Science\Arguin - FieldWork Data Processing\Data\S2\Sen2Cor\S2B_MSIL2A_20251127T113319_N0511_R080_T28QCH_20251127T134745.zip,86,9875,4272,342725.0,2201285.0,0.20370000000000002,0.279,0.33440000000000003,0.42560000000000003,0.4929,0.4902,0.5089,0.528,0.5421,0.43520000000000003,0.562,0.42200000000000004
2025-11-27,Arel,Sen2Cor,S2B_MSIL2A_20251127T113319_N0511_R080_T28QCH_20251127T134745.SAFE,C:\Users\Simon\Nextcloud\Project\Mauritania\Science\Arguin - FieldWork Data Processing\Data\S2\Sen2Cor\S2B_MSIL2A_20251127T113319_N0511_R080_T28QCH_20251127T134745.zip,87,9875,4273,342735.0,2201285.0,0.20370000000000002,0.2742,0.33440000000000003,0.4176,0.4929,0.4902,0.5089,0.5248,0.5421,0.43520000000000003,0.562,0.42200000000000004
2025-11-27,Arel,Sen2Cor,S2B_MSIL2A_20251127T113319_N0511_R080_T28QCH_20251127T134745.SAFE,C:\Users\Simon\Nextcloud\Project\Mauritania\Science\Arguin - FieldWork Data Processing\Data\S2\Sen2Cor\S2B_MSIL2A_20251127T113319_N0511_R080_T28QCH_20251127T134745.zip,88,9875,4274,342745.0,2201285.0,0.1874,0.29760000000000003,0.3516,0.4328,0.456,0.46230000000000004,0.48560000000000003,0.5316000000000001,0.5067,0.43520000000000003,0.5276000000000001,0.3906
2025-11-27,Arel,Sen2Cor,S2B_MSIL2A_20251127T113319_N0511_R080_T28QCH_20251127T134745.SAFE,C:\Users\Simon\Nextcloud\Project\Mauritania\Science\Arguin - FieldWork Data Processing\Data\S2\Sen2Cor\S2B_MSIL2A_20251127T113319_N0511_R080_T28QCH_20251127T134745.zip,89,9875,4275,342755.0,2201285.0,0.1874,0.2896,0.3516,0.4272,0.456,0.46230000000000004,0.48560000000000003,0.5184,0.5067,0.43520000000000003,0.5276000000000001,0.3906
2025-11-27,Arel,Sen2Cor,S2B_MSIL2A_20251127T113319_N0511_R080_T28QCH_20251127T134745.SAFE,C:\Users\Simon\Nextcloud\Project\Mauritania\Science\Arguin - FieldWork Data Processing\Data\S2\Sen2Cor\S2B_MSIL2A_20251127T113319_N0511_R080_T28QCH_20251127T134745.zip,90,9876,4251,342515.0,2201275.0,0.23040000000000002,0.3624,0.42960000000000004,0.5152,0.549,0.5497000000000001,0.5672,0.5936,0.5767,0.5648000000000001,0.5493,0.39780000000000004
2025-11-27,Arel,Sen2Cor,S2B_MSIL2A_20251127T113319_N0511_R080_T28QCH_20251127T134745.SAFE,C:\Users\Simon\Nextcloud\Project\Mauritania\Science\Arguin - FieldWork Data Processing\Data\S2\Sen2Cor\S2B_MSIL2A_20251127T113319_N0511_R080_T28QCH_20251127T134745.zip,91,9876,4252,342525.0,2201275.0,0.2504,0.37,0.434,0.518,0.5707,0.5649000000000001,0.5807,0.5948,0.596,0.5648000000000001,0.5757,0.4167
2025-11-27,Arel,Sen2Cor,S2B_MSIL2A_20251127T113319_N0511_R080_T28QCH_20251127T134745.SAFE,C:\Users\Simon\Nextcloud\Project\Mauritania\Science\Arguin - FieldWork Data Processing\Data\S2\Sen2Cor\S2B_MSIL2A_20251127T113319_N0511_R080_T28QCH_20251127T134745.zip,92,9876,4253,342535.0,2201275.0,0.2504,0.35600000000000004,0.42760000000000004,0.5156000000000001,0.5707,0.5649000000000001,0.5807,0.5956,0.596,0.5648000000000001,0.5757,0.4167
2025-11-27,Arel,Sen2Cor,S2B_MSIL2A_20251127T113319_N0511_R080_T28QCH_20251127T134745.SAFE,C:\Users\Simon\Nextcloud\Project\Mauritania\Science\Arguin - FieldWork Data Processing\Data\S2\Sen2Cor\S2B_MSIL2A_20251127T113319_N0511_R080_T28QCH_20251127T134745.zip,93,9876,4254,342545.0,2201275.0,0.2627,0.3544,0.4184,0.5108,0.5586,0.5604,0.5781000000000001,0.5844,0.5876,0.5935,0.5817,0.4203
2025-11-27,Arel,Sen2Cor,S2B_MSIL2A_20251127T113319_N0511_R080_T28QCH_20251127T134745.SAFE,C:\Users\Simon\Nextcloud\Project\Mauritania\Science\Arguin - FieldWork Data Processing\Data\S2\Sen2Cor\S2B_MSIL2A_20251127T113319_N0511_R080_T28QCH_20251127T134745.zip,94,9876,4255,342555.0,2201275.0,0.2627,0.3568,0.4312,0.5128,0.5586,0.5604,0.5781000000000001,0.5904,0.5876,0.5935,0.5817,0.4203
2025-11-27,Arel,Sen2Cor,S2B_MSIL2A_20251127T113319_N0511_R080_T28QCH_20251127T134745.SAFE,C:\Users\Simon\Nextcloud\Project\Mauritania\Science\Arguin - FieldWork Data Processing\Data\S2\Sen2Cor\S2B_MSIL2A_20251127T113319_N0511_R080_T28QCH_20251127T134745.zip,95,9876,4256,342565.0,2201275.0,0.26930000000000004,0.372,0.4368,0.5296000000000001,0.5779000000000001,0.5715,0.5897,0.6004,0.6076,0.5935,0.5983,0.44260000000000005
2025-11-27,Arel,Sen2Cor,S2B_MSIL2A_20251127T113319_N0511_R080_T28QCH_20251127T134745.SAFE,C:\Users\Simon\Nextcloud\Project\Mauritania\Science\Arguin - FieldWork Data Processing\Data\S2\Sen2Cor\S2B_MSIL2A_20251127T113319_N0511_R080_T28QCH_20251127T134745.zip,96,9876,4257,342575.0,2201275.0,0.26930000000000004,0.3704,0.44160000000000005,0.5348,0.5779000000000001,0.5715,0.5897,0.6092000000000001,0.6076,0.5935,0.5983,0.44260000000000005
2025-11-27,Arel,Sen2Cor,S2B_MSIL2A_20251127T113319_N0511_R080_T28QCH_20251127T134745.SAFE,C:\Users\Simon\Nextcloud\Project\Mauritania\Science\Arguin - FieldWork Data Processing\Data\S2\Sen2Cor\S2B_MSIL2A_20251127T113319_N0511_R080_T28QCH_20251127T134745.zip,97,9876,4258,342585.0,2201275.0,0.2691,0.3584,0.434,0.5268,0.5720000000000001,0.5683,0.5868,0.6048,0.6027,0.5935,0.5972000000000001,0.44880000000000003
2025-11-27,Arel,Sen2Cor,S2B_MSIL2A_20251127T113319_N0511_R080_T28QCH_20251127T134745.SAFE,C:\Users\Simon\Nextcloud\Project\Mauritania\Science\Arguin - FieldWork Data Processing\Data\S2\Sen2Cor\S2B_MSIL2A_20251127T113319_N0511_R080_T28QCH_20251127T134745.zip,98,9876,4259,342595.0,2201275.0,0.2691,0.3412,0.4116,0.5148,0.5720000000000001,0.5683,0.5868,0.6004,0.6027,0.5935,0.5972000000000001,0.44880000000000003
2025-11-27,Arel,Sen2Cor,S2B_MSIL2A_20251127T113319_N0511_R080_T28QCH_20251127T134745.SAFE,C:\Users\Simon\Nextcloud\Project\Mauritania\Science\Arguin - FieldWork Data Processing\Data\S2\Sen2Cor\S2B_MSIL2A_20251127T113319_N0511_R080_T28QCH_20251127T134745.zip,99,9876,4260,342605.0,2201275.0,0.26280000000000003,0.3332,0.4068,0.5092,0.5644,0.5622,0.5818,0.5968,0.5991000000000001,0.5822,0.596,0.44370000000000004
2025-11-27,Arel,Sen2Cor,S2B_MSIL2A_20251127T113319_N0511_R080_T28QCH_20251127T134745.SAFE,C:\Users\Simon\Nextcloud\Project\Mauritania\Science\Arguin - FieldWork Data Processing\Data\S2\Sen2Cor\S2B_MSIL2A_20251127T113319_N0511_R080_T28QCH_20251127T134745.zip,100,9876,4261,342615.0,2201275.0,0.26280000000000003,0.3276,0.398,0.5044000000000001,0.5644,0.5622,0.5818,0.5916,0.5991000000000001,0.5822,0.596,0.44370000000000004
2025-11-27,Arel,Sen2Cor,S2B_MSIL2A_20251127T113319_N0511_R080_T28QCH_20251127T134745.SAFE,C:\Users\Simon\Nextcloud\Project\Mauritania\Science\Arguin - FieldWork Data Processing\Data\S2\Sen2Cor\S2B_MSIL2A_20251127T113319_N0511_R080_T28QCH_20251127T134745.zip,101,9876,4262,342625.0,2201275.0,0.2548,0.33,0.39680000000000004,0.5036,0.5498000000000001,0.5468000000000001,0.5647,0.5932000000000001,0.5892000000000001,0.5822,0.5956,0.4415
2025-11-27,Arel,Sen2Cor,S2B_MSIL2A_20251127T113319_N0511_R080_T28QCH_20251127T134745.SAFE,C:\Users\Simon\Nextcloud\Project\Mauritania\Science\Arguin - FieldWork Data Processing\Data\S2\Sen2Cor\S2B_MSIL2A_20251127T113319_N0511_R080_T28QCH_20251127T134745.zip,102,9876,4263,342635.0,2201275.0,0.2548,0.3256,0.3972,0.4924,0.5498000000000001,0.5468000000000001,0.5647,0.5820000000000001,0.5892000000000001,0.5822,0.5956,0.4415
2025-11-27,Arel,Sen2Cor,S2B_MSIL2A_20251127T113319_N0511_R080_T28QCH_20251127T134745.SAFE,C:\Users\Simon\Nextcloud\Project\Mauritania\Science\Arguin - FieldWork Data Processing\Data\S2\Sen2Cor\S2B_MSIL2A_20251127T113319_N0511_R080_T28QCH_20251127T134745.zip,103,9876,4264,342645.0,2201275.0,0.24650000000000002,0.30860000000000004,0.3728,0.4716,0.5221,0.5318,0.5546,0.5624,0.5757,0.5822,0.595,0.4424
2025-11-27,Arel,Sen2Cor,S2B_MSIL2A_20251127T113319_N0511_R080_T28QCH_20251127T134745.SAFE,C:\Users\Simon\Nextcloud\Project\Mauritania\Science\Arguin - FieldWork Data Processing\Data\S2\Sen2Cor\S2B_MSIL2A_20251127T113319_N0511_R080_T28QCH_20251127T134745.zip,104,9876,4265,342655.0,2201275.0,0.24650000000000002,0.2998,0.36760000000000004,0.4636,0.5221,0.5318,0.5546,0.5664,0.5757,0.5822,0.595,0.4424
2025-11-27,Arel,Sen2Cor,S2B_MSIL2A_20251127T113319_N0511_R080_T28QCH_20251127T134745.SAFE,C:\Users\Simon\Nextcloud\Project\Mauritania\Science\Arguin - FieldWork Data Processing\Data\S2\Sen2Cor\S2B_MSIL2A_20251127T113319_N0511_R080_T28QCH_20251127T134745.zip,105,9876,4266,342665.0,2201275.0,0.23670000000000002,0.2908,0.36160000000000003,0.46080000000000004,0.4801,0.48610000000000003,0.5151,0.5636,0.5591,0.5537000000000001,0.5793,0.41340000000000005
2025-11-27,Arel,Sen2Cor,S2B_MSIL2A_20251127T113319_N0511_R080_T28QCH_20251127T134745.SAFE,C:\Users\Simon\Nextcloud\Project\Mauritania\Science\Arguin - FieldWork Data Processing\Data\S2\Sen2Cor\S2B_MSIL2A_20251127T113319_N0511_R080_T28QCH_20251127T134745.zip,106,9876,4267,342675.0,2201275.0,0.23670000000000002,0.26680000000000004,0.32280000000000003,0.4176,0.4801,0.48610000000000003,0.5151,0.5392,0.5591,0.5537000000000001,0.5793,0.41340000000000005
2025-11-27,Arel,Sen2Cor,S2B_MSIL2A_20251127T113319_N0511_R080_T28QCH_20251127T134745.SAFE,C:\Users\Simon\Nextcloud\Project\Mauritania\Science\Arguin - FieldWork Data Processing\Data\S2\Sen2Cor\S2B_MSIL2A_20251127T113319_N0511_R080_T28QCH_20251127T134745.zip,107,9876,4268,342685.0,2201275.0,0.2285,0.2358,0.2852,0.364,0.4232,0.44020000000000004,0.47640000000000005,0.4988,0.5259,0.5537000000000001,0.5619000000000001,0.3667
2025-11-27,Arel,Sen2Cor,S2B_MSIL2A_20251127T113319_N0511_R080_T28QCH_20251127T134745.SAFE,C:\Users\Simon\Nextcloud\Project\Mauritania\Science\Arguin - FieldWork Data Processing\Data\S2\Sen2Cor\S2B_MSIL2A_20251127T113319_N0511_R080_T28QCH_20251127T134745.zip,108,9876,4269,342695.0,2201275.0,0.2285,0.2396,0.28300000000000003,0.366,0.4232,0.44020000000000004,0.47640000000000005,0.5016,0.5259,0.5537000000000001,0.5619000000000001,0.3667
2025-11-27,Arel,Sen2Cor,S2B_MSIL2A_20251127T113319_N0511_R080_T28QCH_20251127T134745.SAFE,C:\Users\Simon\Nextcloud\Project\Mauritania\Science\Arguin - FieldWork Data Processing\Data\S2\Sen2Cor\S2B_MSIL2A_20251127T113319_N0511_R080_T28QCH_20251127T134745.zip,109,9876,4270,342705.0,2201275.0,0.2235,0.2778,0.3352,0.4132,0.44270000000000004,0.4571,0.4878,0.5356000000000001,0.5187,0.5537000000000001,0.5444,0.3739
2025-11-27,Arel,Sen2Cor,S2B_MSIL2A_20251127T113319_N0511_R080_T28QCH_20251127T134745.SAFE,C:\Users\Simon\Nextcloud\Project\Mauritania\Science\Arguin - FieldWork Data Processing\Data\S2\Sen2Cor\S2B_MSIL2A_20251127T113319_N0511_R080_T28QCH_20251127T134745.zip,110,9876,4271,342715.0,2201275.0,0.2235,0.2836,0.3376,0.4272,0.44270000000000004,0.4571,0.4878,0.5248,0.5187,0.5537000000000001,0.5444,0.3739
2025-11-27,Arel,Sen2Cor,S2B_MSIL2A_20251127T113319_N0511_R080_T28QCH_20251127T134745.SAFE,C:\Users\Simon\Nextcloud\Project\Mauritania\Science\Arguin - FieldWork Data Processing\Data\S2\Sen2Cor\S2B_MSIL2A_20251127T113319_N0511_R080_T28QCH_20251127T134745.zip,111,9876,4272,342725.0,2201275.0,0.2197,0.2832,0.35200000000000004,0.42800000000000005,0.4927,0.48410000000000003,0.5076,0.5236000000000001,0.5402,0.5582,0.5472,0.3846
2025-11-27,Arel,Sen2Cor,S2B_MSIL2A_20251127T113319_N0511_R080_T28QCH_20251127T134745.SAFE,C:\Users\Simon\Nextcloud\Project\Mauritania\Science\Arguin - FieldWork Data Processing\Data\S2\Sen2Cor\S2B_MSIL2A_20251127T113319_N0511_R080_T28QCH_20251127T134745.zip,112,9876,4273,342735.0,2201275.0,0.2197,0.2896,0.3556,0.44480000000000003,0.4927,0.48410000000000003,0.5076,0.5508000000000001,0.5402,0.5582,0.5472,0.3846
2025-11-27,Arel,Sen2Cor,S2B_MSIL2A_20251127T113319_N0511_R080_T28QCH_20251127T134745.SAFE,C:\Users\Simon\Nextcloud\Project\Mauritania\Science\Arguin - FieldWork Data Processing\Data\S2\Sen2Cor\S2B_MSIL2A_20251127T113319_N0511_R080_T28QCH_20251127T134745.zip,113,9876,4274,342745.0,2201275.0,0.2084,0.2802,0.33840000000000003,0.4308,0.464,0.4801,0.5044000000000001,0.5296000000000001,0.5254,0.5582,0.554,0.3907
2025-11-27,Arel,Sen2Cor,S2B_MSIL2A_20251127T113319_N0511_R080_T28QCH_20251127T134745.SAFE,C:\Users\Simon\Nextcloud\Project\Mauritania\Science\Arguin - FieldWork Data Processing\Data\S2\Sen2Cor\S2B_MSIL2A_20251127T113319_N0511_R080_T28QCH_20251127T134745.zip,114,9876,4275,342755.0,2201275.0,0.2084,0.2664,0.33,0.402,0.464,0.4801,0.5044000000000001,0.5152,0.5254,0.5582,0.554,0.3907
2025-11-27,Arel,Sen2Cor,S2B_MSIL2A_20251127T113319_N0511_R080_T28QCH_20251127T134745.SAFE,C:\Users\Simon\Nextcloud\Project\Mauritania\Science\Arguin - FieldWork Data Processing\Data\S2\Sen2Cor\S2B_MSIL2A_20251127T113319_N0511_R080_T28QCH_20251127T134745.zip,115,9877,4250,342505.0,2201265.0,0.23040000000000002,0.3496,0.4192,0.516,0.549,0.5497000000000001,0.5672,0.5936,0.5767,0.5648000000000001,0.5493,0.39780000000000004
2025-11-27,Arel,Sen2Cor,S2B_MSIL2A_20251127T113319_N0511_R080_T28QCH_20251127T134745.SAFE,C:\Users\Simon\Nextcloud\Project\Mauritania\Science\Arguin - FieldWork Data Processing\Data\S2\Sen2Cor\S2B_MSIL2A_20251127T113319_N0511_R080_T28QCH_20251127T134745.zip,116,9877,4251,342515.0,2201265.0,0.23040000000000002,0.3876,0.44720000000000004,0.5368,0.549,0.5497000000000001,0.5672,0.606,0.5767,0.5648000000000001,0.5493,0.39780000000000004
2025-11-27,Arel,Sen2Cor,S2B_MSIL2A_20251127T113319_N0511_R080_T28QCH_20251127T134745.SAFE,C:\Users\Simon\Nextcloud\Project\Mauritania\Science\Arguin - FieldWork Data Processing\Data\S2\Sen2Cor\S2B_MSIL2A_20251127T113319_N0511_R080_T28QCH_20251127T134745.zip,117,9877,4252,342525.0,2201265.0,0.2504,0.378,0.4424,0.5284,0.5707,0.5649000000000001,0.5807,0.5952000000000001,0.596,0.5648000000000001,0.5757,0.4167
2025-11-27,Arel,Sen2Cor,S2B_MSIL2A_20251127T113319_N0511_R080_T28QCH_20251127T134745.SAFE,C:\Users\Simon\Nextcloud\Project\Mauritania\Science\Arguin - FieldWork Data Processing\Data\S2\Sen2Cor\S2B_MSIL2A_20251127T113319_N0511_R080_T28QCH_20251127T134745.zip,118,9877,4253,342535.0,2201265.0,0.2504,0.3504,0.4192,0.5092,0.5707,0.5649000000000001,0.5807,0.5832,0.596,0.5648000000000001,0.5757,0.4167
2025-11-27,Arel,Sen2Cor,S2B_MSIL2A_20251127T113319_N0511_R080_T28QCH_20251127T134745.SAFE,C:\Users\Simon\Nextcloud\Project\Mauritania\Science\Arguin - FieldWork Data Processing\Data\S2\Sen2Cor\S2B_MSIL2A_20251127T113319_N0511_R080_T28QCH_20251127T134745.zip,119,9877,4254,342545.0,2201265.0,0.2627,0.3608,0.4192,0.5124000000000001,0.5586,0.5604,0.5781000000000001,0.5848,0.5876,0.5935,0.5817,0.4203
2025-11-27,Arel,Sen2Cor,S2B_MSIL2A_20251127T113319_N0511_R080_T28QCH_20251127T134745.SAFE,C:\Users\Simon\Nextcloud\Project\Mauritania\Science\Arguin - FieldWork Data Processing\Data\S2\Sen2Cor\S2B_MSIL2A_20251127T113319_N0511_R080_T28QCH_20251127T134745.zip,120,9877,4255,342555.0,2201265.0,0.2627,0.3648,0.434,0.5216000000000001,0.5586,0.5604,0.5781000000000001,0.5996,0.5876,0.5935,0.5817,0.4203
2025-11-27,Arel,Sen2Cor,S2B_MSIL2A_20251127T113319_N0511_R080_T28QCH_20251127T134745.SAFE,C:\Users\Simon\Nextcloud\Project\Mauritania\Science\Arguin - FieldWork Data Processing\Data\S2\Sen2Cor\S2B_MSIL2A_20251127T113319_N0511_R080_T28QCH_20251127T134745.zip,121,9877,4256,342565.0,2201265.0,0.26930000000000004,0.37920000000000004,0.4388,0.5332,0.5779000000000001,0.5715,0.5897,0.6048,0.6076,0.5935,0.5983,0.44260000000000005
2025-11-27,Arel,Sen2Cor,S2B_MSIL2A_20251127T113319_N0511_R080_T28QCH_20251127T134745.SAFE,C:\Users\Simon\Nextcloud\Project\Mauritania\Science\Arguin - FieldWork Data Processing\Data\S2\Sen2Cor\S2B_MSIL2A_20251127T113319_N0511_R080_T28QCH_20251127T134745.zip,122,9877,4257,342575.0,2201265.0,0.26930000000000004,0.3508,0.42200000000000004,0.522,0.5779000000000001,0.5715,0.5897,0.5952000000000001,0.6076,0.5935,0.5983,0.44260000000000005
2025-11-27,Arel,Sen2Cor,S2B_MSIL2A_20251127T113319_N0511_R080_T28QCH_20251127T134745.SAFE,C:\Users\Simon\Nextcloud\Project\Mauritania\Science\Arguin - FieldWork Data Processing\Data\S2\Sen2Cor\S2B_MSIL2A_20251127T113319_N0511_R080_T28QCH_20251127T134745.zip,123,9877,4258,342585.0,2201265.0,0.2691,0.3468,0.4172,0.5112,0.5720000000000001,0.5683,0.5868,0.5924,0.6027,0.5935,0.5972000000000001,0.44880000000000003
2025-11-27,Arel,Sen2Cor,S2B_MSIL2A_20251127T113319_N0511_R080_T28QCH_20251127T134745.SAFE,C:\Users\Simon\Nextcloud\Project\Mauritania\Science\Arguin - FieldWork Data Processing\Data\S2\Sen2Cor\S2B_MSIL2A_20251127T113319_N0511_R080_T28QCH_20251127T134745.zip,124,9877,4259,342595.0,2201265.0,0.2691,0.3528,0.4212,0.5192,0.5720000000000001,0.5683,0.5868,0.5988,0.6027,0.5935,0.5972000000000001,0.44880000000000003
2025-11-27,Arel,Sen2Cor,S2B_MSIL2A_20251127T113319_N0511_R080_T28QCH_20251127T134745.SAFE,C:\Users\Simon\Nextcloud\Project\Mauritania\Science\Arguin - FieldWork Data Processing\Data\S2\Sen2Cor\S2B_MSIL2A_20251127T113319_N0511_R080_T28QCH_20251127T134745.zip,125,9877,4260,342605.0,2201265.0,0.26280000000000003,0.3472,0.4212,0.5172,0.5644,0.5622,0.5818,0.598,0.5991000000000001,0.5822,0.596,0.44370000000000004
2025-11-27,Arel,Sen2Cor,S2B_MSIL2A_20251127T113319_N0511_R080_T28QCH_20251127T134745.SAFE,C:\Users\Simon\Nextcloud\Project\Mauritania\Science\Arguin - FieldWork Data Processing\Data\S2\Sen2Cor\S2B_MSIL2A_20251127T113319_N0511_R080_T28QCH_20251127T134745.zip,126,9877,4261,342615.0,2201265.0,0.26280000000000003,0.3432,0.4156,0.514,0.5644,0.5622,0.5818,0.5988,0.5991000000000001,0.5822,0.596,0.44370000000000004
2025-11-27,Arel,Sen2Cor,S2B_MSIL2A_20251127T113319_N0511_R080_T28QCH_20251127T134745.SAFE,C:\Users\Simon\Nextcloud\Project\Mauritania\Science\Arguin - FieldWork Data Processing\Data\S2\Sen2Cor\S2B_MSIL2A_20251127T113319_N0511_R080_T28QCH_20251127T134745.zip,127,9877,4262,342625.0,2201265.0,0.2548,0.3396,0.40800000000000003,0.5096,0.5498000000000001,0.5468000000000001,0.5647,0.5952000000000001,0.5892000000000001,0.5822,0.5956,0.4415
2025-11-27,Arel,Sen2Cor,S2B_MSIL2A_20251127T113319_N0511_R080_T28QCH_20251127T134745.SAFE,C:\Users\Simon\Nextcloud\Project\Mauritania\Science\Arguin - FieldWork Data Processing\Data\S2\Sen2Cor\S2B_MSIL2A_20251127T113319_N0511_R080_T28QCH_20251127T134745.zip,128,9877,4263,342635.0,2201265.0,0.2548,0.324,0.3916,0.4912,0.5498000000000001,0.5468000000000001,0.5647,0.5820000000000001,0.5892000000000001,0.5822,0.5956,0.4415
2025-11-27,Arel,Sen2Cor,S2B_MSIL2A_20251127T113319_N0511_R080_T28QCH_20251127T134745.SAFE,C:\Users\Simon\Nextcloud\Project\Mauritania\Science\Arguin - FieldWork Data Processing\Data\S2\Sen2Cor\S2B_MSIL2A_20251127T113319_N0511_R080_T28QCH_20251127T134745.zip,129,9877,4264,342645.0,2201265.0,0.24650000000000002,0.306,0.3724,0.4708,0.5221,0.5318,0.5546,0.5688,0.5757,0.5822,0.595,0.4424
2025-11-27,Arel,Sen2Cor,S2B_MSIL2A_20251127T113319_N0511_R080_T28QCH_20251127T134745.SAFE,C:\Users\Simon\Nextcloud\Project\Mauritania\Science\Arguin - FieldWork Data Processing\Data\S2\Sen2Cor\S2B_MSIL2A_20251127T113319_N0511_R080_T28QCH_20251127T134745.zip,130,9877,4265,342655.0,2201265.0,0.24650000000000002,0.2968,0.3704,0.466,0.5221,0.5318,0.5546,0.5760000000000001,0.5757,0.5822,0.595,0.4424
2025-11-27,Arel,Sen2Cor,S2B_MSIL2A_20251127T113319_N0511_R080_T28QCH_20251127T134745.SAFE,C:\Users\Simon\Nextcloud\Project\Mauritania\Science\Arguin - FieldWork Data Processing\Data\S2\Sen2Cor\S2B_MSIL2A_20251127T113319_N0511_R080_T28QCH_20251127T134745.zip,131,9877,4266,342665.0,2201265.0,0.23670000000000002,0.2906,0.3516,0.45280000000000004,0.4801,0.48610000000000003,0.5151,0.5640000000000001,0.5591,0.5537000000000001,0.5793,0.41340000000000005
2025-11-27,Arel,Sen2Cor,S2B_MSIL2A_20251127T113319_N0511_R080_T28QCH_20251127T134745.SAFE,C:\Users\Simon\Nextcloud\Project\Mauritania\Science\Arguin - FieldWork Data Processing\Data\S2\Sen2Cor\S2B_MSIL2A_20251127T113319_N0511_R080_T28QCH_20251127T134745.zip,132,9877,4267,342675.0,2201265.0,0.23670000000000002,0.25680000000000003,0.3164,0.39880000000000004,0.4801,0.48610000000000003,0.5151,0.5316000000000001,0.5591,0.5537000000000001,0.5793,0.41340000000000005
2025-11-27,Arel,Sen2Cor,S2B_MSIL2A_20251127T113319_N0511_R080_T28QCH_20251127T134745.SAFE,C:\Users\Simon\Nextcloud\Project\Mauritania\Science\Arguin - FieldWork Data Processing\Data\S2\Sen2Cor\S2B_MSIL2A_20251127T113319_N0511_R080_T28QCH_20251127T134745.zip,133,9877,4268,342685.0,2201265.0,0.2285,0.23020000000000002,0.2842,0.364,0.4232,0.44020000000000004,0.47640000000000005,0.4892,0.5259,0.5537000000000001,0.5619000000000001,0.3667
2025-11-27,Arel,Sen2Cor,S2B_MSIL2A_20251127T113319_N0511_R080_T28QCH_20251127T134745.SAFE,C:\Users\Simon\Nextcloud\Project\Mauritania\Science\Arguin - FieldWork Data Processing\Data\S2\Sen2Cor\S2B_MSIL2A_20251127T113319_N0511_R080_T28QCH_20251127T134745.zip,134,9877,4269,342695.0,2201265.0,0.2285,0.2386,0.2886,0.36160000000000003,0.4232,0.44020000000000004,0.47640000000000005,0.49160000000000004,0.5259,0.5537000000000001,0.5619000000000001,0.3667
2025-11-27,Arel,Sen2Cor,S2B_MSIL2A_20251127T113319_N0511_R080_T28QCH_20251127T134745.SAFE,C:\Users\Simon\Nextcloud\Project\Mauritania\Science\Arguin - FieldWork Data Processing\Data\S2\Sen2Cor\S2B_MSIL2A_20251127T113319_N0511_R080_T28QCH_20251127T134745.zip,135,9877,4270,342705.0,2201265.0,0.2235,0.248,0.2952,0.37560000000000004,0.44270000000000004,0.4571,0.4878,0.5016,0.5187,0.5537000000000001,0.5444,0.3739
2025-11-27,Arel,Sen2Cor,S2B_MSIL2A_20251127T113319_N0511_R080_T28QCH_20251127T134745.SAFE,C:\Users\Simon\Nextcloud\Project\Mauritania\Science\Arguin - FieldWork Data Processing\Data\S2\Sen2Cor\S2B_MSIL2A_20251127T113319_N0511_R080_T28QCH_20251127T134745.zip,136,9877,4271,342715.0,2201265.0,0.2235,0.2722,0.3124,0.39440000000000003,0.44270000000000004,0.4571,0.4878,0.4964,0.5187,0.5537000000000001,0.5444,0.3739
2025-11-27,Arel,Sen2Cor,S2B_MSIL2A_20251127T113319_N0511_R080_T28QCH_20251127T134745.SAFE,C:\Users\Simon\Nextcloud\Project\Mauritania\Science\Arguin - FieldWork Data Processing\Data\S2\Sen2Cor\S2B_MSIL2A_20251127T113319_N0511_R080_T28QCH_20251127T134745.zip,137,9877,4272,342725.0,2201265.0,0.2197,0.3156,0.37160000000000004,0.44920000000000004,0.4927,0.48410000000000003,0.5076,0.5308,0.5402,0.5582,0.5472,0.3846
2025-11-27,Arel,Sen2Cor,S2B_MSIL2A_20251127T113319_N0511_R080_T28QCH_20251127T134745.SAFE,C:\Users\Simon\Nextcloud\Project\Mauritania\Science\Arguin - FieldWork Data Processing\Data\S2\Sen2Cor\S2B_MSIL2A_20251127T113319_N0511_R080_T28QCH_20251127T134745.zip,138,9877,4273,342735.0,2201265.0,0.2197,0.3012,0.36760000000000004,0.4484,0.4927,0.48410000000000003,0.5076,0.5528000000000001,0.5402,0.5582,0.5472,0.3846
2025-11-27,Arel,Sen2Cor,S2B_MSIL2A_20251127T113319_N0511_R080_T28QCH_20251127T134745.SAFE,C:\Users\Simon\Nextcloud\Project\Mauritania\Science\Arguin - FieldWork Data Processing\Data\S2\Sen2Cor\S2B_MSIL2A_20251127T113319_N0511_R080_T28QCH_20251127T134745.zip,139,9877,4274,342745.0,2201265.0,0.2084,0.2574,0.3144,0.3996,0.464,0.4801,0.5044000000000001,0.5112,0.5254,0.5582,0.554,0.3907
2025-11-27,Arel,Sen2Cor,S2B_MSIL2A_20251127T113319_N0511_R080_T28QCH_20251127T134745.SAFE,C:\Users\Simon\Nextcloud\Project\Mauritania\Science\Arguin - FieldWork Data Processing\Data\S2\Sen2Cor\S2B_MSIL2A_20251127T113319_N0511_R080_T28QCH_20251127T134745.zip,140,9877,4275,342755.0,2201265.0,0.2084,0.2626,0.306,0.38920000000000005,0.464,0.4801,0.5044000000000001,0.5016,0.5254,0.5582,0.554,0.3907
2025-11-27,Arel,Sen2Cor,S2B_MSIL2A_20251127T113319_N0511_R080_T28QCH_20251127T134745.SAFE,C:\Users\Simon\Nextcloud\Project\Mauritania\Science\Arguin - FieldWork Data Processing\Data\S2\Sen2Cor\S2B_MSIL2A_20251127T113319_N0511_R080_T28QCH_20251127T134745.zip,141,9877,4276,342765.0,2201265.0,0.18630000000000002,0.2928,0.3528,0.44120000000000004,0.48810000000000003,0.4763,0.5048,0.5528000000000001,0.5463,0.5582,0.5474,0.39390000000000003
2025-11-27,Arel,Sen2Cor,S2B_MSIL2A_20251127T113319_N0511_R080_T28QCH_20251127T134745.SAFE,C:\Users\Simon\Nextcloud\Project\Mauritania\Science\Arguin - FieldWork Data Processing\Data\S2\Sen2Cor\S2B_MSIL2A_20251127T113319_N0511_R080_T28QCH_20251127T134745.zip,142,9878,4248,342485.0,2201255.0,0.23520000000000002,0.3292,0.398,0.47600000000000003,0.5463,0.5438000000000001,0.5623,0.55,0.5743,0.5648000000000001,0.5523,0.399
2025-11-27,Arel,Sen2Cor,S2B_MSIL2A_20251127T113319_N0511_R080_T28QCH_20251127T134745.SAFE,C:\Users\Simon\Nextcloud\Project\Mauritania\Science\Arguin - FieldWork Data Processing\Data\S2\Sen2Cor\S2B_MSIL2A_20251127T113319_N0511_R080_T28QCH_20251127T134745.zip,143,9878,4249,342495.0,2201255.0,0.23520000000000002,0.3452,0.40800000000000003,0.5048,0.5463,0.5438000000000001,0.5623,0.5904,0.5743,0.5648000000000001,0.5523,0.399
2025-11-27,Arel,Sen2Cor,S2B_MSIL2A_20251127T113319_N0511_R080_T28QCH_20251127T134745.SAFE,C:\Users\Simon\Nextcloud\Project\Mauritania\Science\Arguin - FieldWork Data Processing\Data\S2\Sen2Cor\S2B_MSIL2A_20251127T113319_N0511_R080_T28QCH_20251127T134745.zip,144,9878,4250,342505.0,2201255.0,0.2636,0.34,0.4132,0.5112,0.5727,0.5662,0.5827,0.5924,0.5983,0.5648000000000001,0.5732,0.4166
2025-11-27,Arel,Sen2Cor,S2B_MSIL2A_20251127T113319_N0511_R080_T28QCH_20251127T134745.SAFE,C:\Users\Simon\Nextcloud\Project\Mauritania\Science\Arguin - FieldWork Data Processing\Data\S2\Sen2Cor\S2B_MSIL2A_20251127T113319_N0511_R080_T28QCH_20251127T134745.zip,145,9878,4251,342515.0,2201255.0,0.2636,0.38680000000000003,0.44920000000000004,0.538,0.5727,0.5662,0.5827,0.6024,0.5983,0.5648000000000001,0.5732,0.4166
2025-11-27,Arel,Sen2Cor,S2B_MSIL2A_20251127T113319_N0511_R080_T28QCH_20251127T134745.SAFE,C:\Users\Simon\Nextcloud\Project\Mauritania\Science\Arguin - FieldWork Data Processing\Data\S2\Sen2Cor\S2B_MSIL2A_20251127T113319_N0511_R080_T28QCH_20251127T134745.zip,146,9878,4252,342525.0,2201255.0,0.2783,0.3708,0.434,0.522,0.5555,0.5494,0.5693,0.5892000000000001,0.5868,0.5648000000000001,0.5745,0.4152
2025-11-27,Arel,Sen2Cor,S2B_MSIL2A_20251127T113319_N0511_R080_T28QCH_20251127T134745.SAFE,C:\Users\Simon\Nextcloud\Project\Mauritania\Science\Arguin - FieldWork Data Processing\Data\S2\Sen2Cor\S2B_MSIL2A_20251127T113319_N0511_R080_T28QCH_20251127T134745.zip,147,9878,4253,342535.0,2201255.0,0.2783,0.3528,0.4168,0.5004000000000001,0.5555,0.5494,0.5693,0.5812,0.5868,0.5648000000000001,0.5745,0.4152
2025-11-27,Arel,Sen2Cor,S2B_MSIL2A_20251127T113319_N0511_R080_T28QCH_20251127T134745.SAFE,C:\Users\Simon\Nextcloud\Project\Mauritania\Science\Arguin - FieldWork Data Processing\Data\S2\Sen2Cor\S2B_MSIL2A_20251127T113319_N0511_R080_T28QCH_20251127T134745.zip,148,9878,4254,342545.0,2201255.0,0.2847,0.3592,0.4184,0.5084000000000001,0.5577,0.5514,0.5745,0.5788,0.5877,0.5935,0.5827,0.42600000000000005
2025-11-27,Arel,Sen2Cor,S2B_MSIL2A_20251127T113319_N0511_R080_T28QCH_20251127T134745.SAFE,C:\Users\Simon\Nextcloud\Project\Mauritania\Science\Arguin - FieldWork Data Processing\Data\S2\Sen2Cor\S2B_MSIL2A_20251127T113319_N0511_R080_T28QCH_20251127T134745.zip,149,9878,4255,342555.0,2201255.0,0.2847,0.3588,0.42360000000000003,0.5156000000000001,0.5577,0.5514,0.5745,0.5956,0.5877,0.5935,0.5827,0.42600000000000005
2025-11-27,Arel,Sen2Cor,S2B_MSIL2A_20251127T113319_N0511_R080_T28QCH_20251127T134745.SAFE,C:\Users\Simon\Nextcloud\Project\Mauritania\Science\Arguin - FieldWork Data Processing\Data\S2\Sen2Cor\S2B_MSIL2A_20251127T113319_N0511_R080_T28QCH_20251127T134745.zip,150,9878,4256,342565.0,2201255.0,0.2849,0.3472,0.4184,0.5148,0.5611,0.5537000000000001,0.5775,0.5952000000000001,0.5974,0.5935,0.5937,0.4399
2025-11-27,Arel,Sen2Cor,S2B_MSIL2A_20251127T113319_N0511_R080_T28QCH_20251127T134745.SAFE,C:\Users\Simon\Nextcloud\Project\Mauritania\Science\Arguin - FieldWork Data Processing\Data\S2\Sen2Cor\S2B_MSIL2A_20251127T113319_N0511_R080_T28QCH_20251127T134745.zip,151,9878,4257,342575.0,2201255.0,0.2849,0.3356,0.4076,0.5108,0.5611,0.5537000000000001,0.5775,0.5884,0.5974,0.5935,0.5937,0.4399
2025-11-27,Arel,Sen2Cor,S2B_MSIL2A_20251127T113319_N0511_R080_T28QCH_20251127T134745.SAFE,C:\Users\Simon\Nextcloud\Project\Mauritania\Science\Arguin - FieldWork Data Processing\Data\S2\Sen2Cor\S2B_MSIL2A_20251127T113319_N0511_R080_T28QCH_20251127T134745.zip,152,9878,4258,342585.0,2201255.0,0.27890000000000004,0.3452,0.4164,0.5132,0.5588000000000001,0.5592,0.5796,0.5956,0.5931000000000001,0.5935,0.5927,0.4409
2025-11-27,Arel,Sen2Cor,S2B_MSIL2A_20251127T113319_N0511_R080_T28QCH_20251127T134745.SAFE,C:\Users\Simon\Nextcloud\Project\Mauritania\Science\Arguin - FieldWork Data Processing\Data\S2\Sen2Cor\S2B_MSIL2A_20251127T113319_N0511_R080_T28QCH_20251127T134745.zip,153,9878,4259,342595.0,2201255.0,0.27890000000000004,0.3532,0.43,0.518,0.5588000000000001,0.5592,0.5796,0.6024,0.5931000000000001,0.5935,0.5927,0.4409
2025-11-27,Arel,Sen2Cor,S2B_MSIL2A_20251127T113319_N0511_R080_T28QCH_20251127T134745.SAFE,C:\Users\Simon\Nextcloud\Project\Mauritania\Science\Arguin - FieldWork Data Processing\Data\S2\Sen2Cor\S2B_MSIL2A_20251127T113319_N0511_R080_T28QCH_20251127T134745.zip,154,9878,4260,342605.0,2201255.0,0.26680000000000004,0.36360000000000003,0.4308,0.52,0.5634,0.5578000000000001,0.5806,0.5976,0.5957,0.5822,0.5860000000000001,0.4312
2025-11-27,Arel,Sen2Cor,S2B_MSIL2A_20251127T113319_N0511_R080_T28QCH_20251127T134745.SAFE,C:\Users\Simon\Nextcloud\Project\Mauritania\Science\Arguin - FieldWork Data Processing\Data\S2\Sen2Cor\S2B_MSIL2A_20251127T113319_N0511_R080_T28QCH_20251127T134745.zip,155,9878,4261,342615.0,2201255.0,0.26680000000000004,0.36200000000000004,0.4284,0.5168,0.5634,0.5578000000000001,0.5806,0.598,0.5957,0.5822,0.5860000000000001,0.4312
2025-11-27,Arel,Sen2Cor,S2B_MSIL2A_20251127T113319_N0511_R080_T28QCH_20251127T134745.SAFE,C:\Users\Simon\Nextcloud\Project\Mauritania\Science\Arguin - FieldWork Data Processing\Data\S2\Sen2Cor\S2B_MSIL2A_20251127T113319_N0511_R080_T28QCH_20251127T134745.zip,156,9878,4262,342625.0,2201255.0,0.256,0.3432,0.41400000000000003,0.5064000000000001,0.5498000000000001,0.5459,0.5706,0.5944,0.5919,0.5822,0.5922000000000001,0.4359
2025-11-27,Arel,Sen2Cor,S2B_MSIL2A_20251127T113319_N0511_R080_T28QCH_20251127T134745.SAFE,C:\Users\Simon\Nextcloud\Project\Mauritania\Science\Arguin - FieldWork Data Processing\Data\S2\Sen2Cor\S2B_MSIL2A_20251127T113319_N0511_R080_T28QCH_20251127T134745.zip,157,9878,4263,342635.0,2201255.0,0.256,0.32320000000000004,0.39080000000000004,0.496,0.5498000000000001,0.5459,0.5706,0.5848,0.5919,0.5822,0.5922000000000001,0.4359
2025-11-27,Arel,Sen2Cor,S2B_MSIL2A_20251127T113319_N0511_R080_T28QCH_20251127T134745.SAFE,C:\Users\Simon\Nextcloud\Project\Mauritania\Science\Arguin - FieldWork Data Processing\Data\S2\Sen2Cor\S2B_MSIL2A_20251127T113319_N0511_R080_T28QCH_20251127T134745.zip,158,9878,4264,342645.0,2201255.0,0.2459,0.30720000000000003,0.36760000000000004,0.4772,0.5193,0.5232,0.5513,0.5768,0.5779000000000001,0.5822,0.5963,0.4389
2025-11-27,Arel,Sen2Cor,S2B_MSIL2A_20251127T113319_N0511_R080_T28QCH_20251127T134745.SAFE,C:\Users\Simon\Nextcloud\Project\Mauritania\Science\Arguin - FieldWork Data Processing\Data\S2\Sen2Cor\S2B_MSIL2A_20251127T113319_N0511_R080_T28QCH_20251127T134745.zip,159,9878,4265,342655.0,2201255.0,0.2459,0.29460000000000003,0.3632,0.4636,0.5193,0.5232,0.5513,0.5768,0.5779000000000001,0.5822,0.5963,0.4389
2025-11-27,Arel,Sen2Cor,S2B_MSIL2A_20251127T113319_N0511_R080_T28QCH_20251127T134745.SAFE,C:\Users\Simon\Nextcloud\Project\Mauritania\Science\Arguin - FieldWork Data Processing\Data\S2\Sen2Cor\S2B_MSIL2A_20251127T113319_N0511_R080_T28QCH_20251127T134745.zip,160,9878,4266,342665.0,2201255.0,0.2369,0.2958,0.3548,0.4596,0.502,0.5088,0.5364,0.5668000000000001,0.5705,0.5537000000000001,0.5882000000000001,0.41650000000000004
2025-11-27,Arel,Sen2Cor,S2B_MSIL2A_20251127T113319_N0511_R080_T28QCH_20251127T134745.SAFE,C:\Users\Simon\Nextcloud\Project\Mauritania\Science\Arguin - FieldWork Data Processing\Data\S2\Sen2Cor\S2B_MSIL2A_20251127T113319_N0511_R080_T28QCH_20251127T134745.zip,161,9878,4267,342675.0,2201255.0,0.2369,0.2862,0.3428,0.434,0.502,0.5088,0.5364,0.5536,0.5705,0.5537000000000001,0.5882000000000001,0.41650000000000004
2025-11-27,Arel,Sen2Cor,S2B_MSIL2A_20251127T113319_N0511_R080_T28QCH_20251127T134745.SAFE,C:\Users\Simon\Nextcloud\Project\Mauritania\Science\Arguin - FieldWork Data Processing\Data\S2\Sen2Cor\S2B_MSIL2A_20251127T113319_N0511_R080_T28QCH_20251127T134745.zip,162,9878,4268,342685.0,2201255.0,0.23,0.2584,0.31520000000000004,0.3972,0.44520000000000004,0.4491,0.4828,0.5288,0.5347000000000001,0.5537000000000001,0.5627,0.3728
2025-11-27,Arel,Sen2Cor,S2B_MSIL2A_20251127T113319_N0511_R080_T28QCH_20251127T134745.SAFE,C:\Users\Simon\Nextcloud\Project\Mauritania\Science\Arguin - FieldWork Data Processing\Data\S2\Sen2Cor\S2B_MSIL2A_20251127T113319_N0511_R080_T28QCH_20251127T134745.zip,163,9878,4269,342695.0,2201255.0,0.23,0.253,0.2988,0.3764,0.44520000000000004,0.4491,0.4828,0.5068,0.5347000000000001,0.5537000000000001,0.5627,0.3728
2025-11-27,Arel,Sen2Cor,S2B_MSIL2A_20251127T113319_N0511_R080_T28QCH_20251127T134745.SAFE,C:\Users\Simon\Nextcloud\Project\Mauritania\Science\Arguin - FieldWork Data Processing\Data\S2\Sen2Cor\S2B_MSIL2A_20251127T113319_N0511_R080_T28QCH_20251127T134745.zip,164,9878,4270,342705.0,2201255.0,0.22870000000000001,0.2436,0.2938,0.3804,0.4455,0.45230000000000004,0.4848,0.498,0.5219,0.5537000000000001,0.5518000000000001,0.373
2025-11-27,Arel,Sen2Cor,S2B_MSIL2A_20251127T113319_N0511_R080_T28QCH_20251127T134745.SAFE,C:\Users\Simon\Nextcloud\Project\Mauritania\Science\Arguin - FieldWork Data Processing\Data\S2\Sen2Cor\S2B_MSIL2A_20251127T113319_N0511_R080_T28QCH_20251127T134745.zip,165,9878,4271,342715.0,2201255.0,0.22870000000000001,0.261,0.3148,0.38520000000000004,0.4455,0.45230000000000004,0.4848,0.5,0.5219,0.5537000000000001,0.5518000000000001,0.373
2025-11-27,Arel,Sen2Cor,S2B_MSIL2A_20251127T113319_N0511_R080_T28QCH_20251127T134745.SAFE,C:\Users\Simon\Nextcloud\Project\Mauritania\Science\Arguin - FieldWork Data Processing\Data\S2\Sen2Cor\S2B_MSIL2A_20251127T113319_N0511_R080_T28QCH_20251127T134745.zip,166,9878,4272,342725.0,2201255.0,0.2295,0.3144,0.374,0.46080000000000004,0.5105000000000001,0.5037,0.5339,0.5464,0.5668000000000001,0.5582,0.5698,0.404
2025-11-27,Arel,Sen2Cor,S2B_MSIL2A_20251127T113319_N0511_R080_T28QCH_20251127T134745.SAFE,C:\Users\Simon\Nextcloud\Project\Mauritania\Science\Arguin - FieldWork Data Processing\Data\S2\Sen2Cor\S2B_MSIL2A_20251127T113319_N0511_R080_T28QCH_20251127T134745.zip,167,9878,4273,342735.0,2201255.0,0.2295,0.32,0.3816,0.46640000000000004,0.5105000000000001,0.5037,0.5339,0.5672,0.5668000000000001,0.5582,0.5698,0.404
2025-11-27,Arel,Sen2Cor,S2B_MSIL2A_20251127T113319_N0511_R080_T28QCH_20251127T134745.SAFE,C:\Users\Simon\Nextcloud\Project\Mauritania\Science\Arguin - FieldWork Data Processing\Data\S2\Sen2Cor\S2B_MSIL2A_20251127T113319_N0511_R080_T28QCH_20251127T134745.zip,168,9878,4274,342745.0,2201255.0,0.2227,0.2912,0.3524,0.43320000000000003,0.4862,0.5056,0.5317000000000001,0.5428000000000001,0.5565,0.5582,0.5826,0.42310000000000003
2025-11-27,Arel,Sen2Cor,S2B_MSIL2A_20251127T113319_N0511_R080_T28QCH_20251127T134745.SAFE,C:\Users\Simon\Nextcloud\Project\Mauritania\Science\Arguin - FieldWork Data Processing\Data\S2\Sen2Cor\S2B_MSIL2A_20251127T113319_N0511_R080_T28QCH_20251127T134745.zip,169,9878,4275,342755.0,2201255.0,0.2227,0.2918,0.3416,0.4264,0.4862,0.5056,0.5317000000000001,0.5356000000000001,0.5565,0.5582,0.5826,0.42310000000000003
2025-11-27,Arel,Sen2Cor,S2B_MSIL2A_20251127T113319_N0511_R080_T28QCH_20251127T134745.SAFE,C:\Users\Simon\Nextcloud\Project\Mauritania\Science\Arguin - FieldWork Data Processing\Data\S2\Sen2Cor\S2B_MSIL2A_20251127T113319_N0511_R080_T28QCH_20251127T134745.zip,170,9878,4276,342765.0,2201255.0,0.2034,0.299,0.36200000000000004,0.4572,0.5154,0.5059,0.5316000000000001,0.5644,0.5805,0.5582,0.5714,0.40240000000000004
2025-11-27,Arel,Sen2Cor,S2B_MSIL2A_20251127T113319_N0511_R080_T28QCH_20251127T134745.SAFE,C:\Users\Simon\Nextcloud\Project\Mauritania\Science\Arguin - FieldWork Data Processing\Data\S2\Sen2Cor\S2B_MSIL2A_20251127T113319_N0511_R080_T28QCH_20251127T134745.zip,171,9878,4277,342775.0,2201255.0,0.2034,0.30460000000000004,0.3652,0.45640000000000003,0.5154,0.5059,0.5316000000000001,0.5776,0.5805,0.5582,0.5714,0.40240000000000004
2025-11-27,Arel,Sen2Cor,S2B_MSIL2A_20251127T113319_N0511_R080_T28QCH_20251127T134745.SAFE,C:\Users\Simon\Nextcloud\Project\Mauritania\Science\Arguin - FieldWork Data Processing\Data\S2\Sen2Cor\S2B_MSIL2A_20251127T113319_N0511_R080_T28QCH_20251127T134745.zip,172,9879,4247,342475.0,2201245.0,0.1933,0.33080000000000004,0.3952,0.4808,0.4687,0.46430000000000005,0.4786,0.5636,0.5004000000000001,0.38520000000000004,0.4802,0.35800000000000004
2025-11-27,Arel,Sen2Cor,S2B_MSIL2A_20251127T113319_N0511_R080_T28QCH_20251127T134745.SAFE,C:\Users\Simon\Nextcloud\Project\Mauritania\Science\Arguin - FieldWork Data Processing\Data\S2\Sen2Cor\S2B_MSIL2A_20251127T113319_N0511_R080_T28QCH_20251127T134745.zip,173,9879,4248,342485.0,2201245.0,0.23520000000000002,0.33080000000000004,0.40840000000000004,0.502,0.5463,0.5438000000000001,0.5623,0.5864,0.5743,0.5648000000000001,0.5523,0.399
2025-11-27,Arel,Sen2Cor,S2B_MSIL2A_20251127T113319_N0511_R080_T28QCH_20251127T134745.SAFE,C:\Users\Simon\Nextcloud\Project\Mauritania\Science\Arguin - FieldWork Data Processing\Data\S2\Sen2Cor\S2B_MSIL2A_20251127T113319_N0511_R080_T28QCH_20251127T134745.zip,174,9879,4249,342495.0,2201245.0,0.23520000000000002,0.34040000000000004,0.4112,0.506,0.5463,0.5438000000000001,0.5623,0.5904,0.5743,0.5648000000000001,0.5523,0.399
2025-11-27,Arel,Sen2Cor,S2B_MSIL2A_20251127T113319_N0511_R080_T28QCH_20251127T134745.SAFE,C:\Users\Simon\Nextcloud\Project\Mauritania\Science\Arguin - FieldWork Data Processing\Data\S2\Sen2Cor\S2B_MSIL2A_20251127T113319_N0511_R080_T28QCH_20251127T134745.zip,175,9879,4250,342505.0,2201245.0,0.2636,0.36960000000000004,0.4364,0.5248,0.5727,0.5662,0.5827,0.5988,0.5983,0.5648000000000001,0.5732,0.4166
2025-11-27,Arel,Sen2Cor,S2B_MSIL2A_20251127T113319_N0511_R080_T28QCH_20251127T134745.SAFE,C:\Users\Simon\Nextcloud\Project\Mauritania\Science\Arguin - FieldWork Data Processing\Data\S2\Sen2Cor\S2B_MSIL2A_20251127T113319_N0511_R080_T28QCH_20251127T134745.zip,176,9879,4251,342515.0,2201245.0,0.2636,0.3784,0.4404,0.5284,0.5727,0.5662,0.5827,0.5952000000000001,0.5983,0.5648000000000001,0.5732,0.4166
2025-11-27,Arel,Sen2Cor,S2B_MSIL2A_20251127T113319_N0511_R080_T28QCH_20251127T134745.SAFE,C:\Users\Simon\Nextcloud\Project\Mauritania\Science\Arguin - FieldWork Data Processing\Data\S2\Sen2Cor\S2B_MSIL2A_20251127T113319_N0511_R080_T28QCH_20251127T134745.zip,177,9879,4252,342525.0,2201245.0,0.2783,0.3572,0.4168,0.5112,0.5555,0.5494,0.5693,0.5856,0.5868,0.5648000000000001,0.5745,0.4152
2025-11-27,Arel,Sen2Cor,S2B_MSIL2A_20251127T113319_N0511_R080_T28QCH_20251127T134745.SAFE,C:\Users\Simon\Nextcloud\Project\Mauritania\Science\Arguin - FieldWork Data Processing\Data\S2\Sen2Cor\S2B_MSIL2A_20251127T113319_N0511_R080_T28QCH_20251127T134745.zip,178,9879,4253,342535.0,2201245.0,0.2783,0.3496,0.41400000000000003,0.5068,0.5555,0.5494,0.5693,0.5812,0.5868,0.5648000000000001,0.5745,0.4152
2025-11-27,Arel,Sen2Cor,S2B_MSIL2A_20251127T113319_N0511_R080_T28QCH_20251127T134745.SAFE,C:\Users\Simon\Nextcloud\Project\Mauritania\Science\Arguin - FieldWork Data Processing\Data\S2\Sen2Cor\S2B_MSIL2A_20251127T113319_N0511_R080_T28QCH_20251127T134745.zip,179,9879,4254,342545.0,2201245.0,0.2847,0.34400000000000003,0.4164,0.5068,0.5577,0.5514,0.5745,0.5844,0.5877,0.5935,0.5827,0.42600000000000005
2025-11-27,Arel,Sen2Cor,S2B_MSIL2A_20251127T113319_N0511_R080_T28QCH_20251127T134745.SAFE,C:\Users\Simon\Nextcloud\Project\Mauritania\Science\Arguin - FieldWork Data Processing\Data\S2\Sen2Cor\S2B_MSIL2A_20251127T113319_N0511_R080_T28QCH_20251127T134745.zip,180,9879,4255,342555.0,2201245.0,0.2847,0.334,0.40800000000000003,0.5036,0.5577,0.5514,0.5745,0.5888,0.5877,0.5935,0.5827,0.42600000000000005
2025-11-27,Arel,Sen2Cor,S2B_MSIL2A_20251127T113319_N0511_R080_T28QCH_20251127T134745.SAFE,C:\Users\Simon\Nextcloud\Project\Mauritania\Science\Arguin - FieldWork Data Processing\Data\S2\Sen2Cor\S2B_MSIL2A_20251127T113319_N0511_R080_T28QCH_20251127T134745.zip,181,9879,4256,342565.0,2201245.0,0.2849,0.33,0.4016,0.5024000000000001,0.5611,0.5537000000000001,0.5775,0.5876,0.5974,0.5935,0.5937,0.4399
2025-11-27,Arel,Sen2Cor,S2B_MSIL2A_20251127T113319_N0511_R080_T28QCH_20251127T134745.SAFE,C:\Users\Simon\Nextcloud\Project\Mauritania\Science\Arguin - FieldWork Data Processing\Data\S2\Sen2Cor\S2B_MSIL2A_20251127T113319_N0511_R080_T28QCH_20251127T134745.zip,182,9879,4257,342575.0,2201245.0,0.2849,0.3312,0.4088,0.504,0.5611,0.5537000000000001,0.5775,0.5848,0.5974,0.5935,0.5937,0.4399
2025-11-27,Arel,Sen2Cor,S2B_MSIL2A_20251127T113319_N0511_R080_T28QCH_20251127T134745.SAFE,C:\Users\Simon\Nextcloud\Project\Mauritania\Science\Arguin - FieldWork Data Processing\Data\S2\Sen2Cor\S2B_MSIL2A_20251127T113319_N0511_R080_T28QCH_20251127T134745.zip,183,9879,4258,342585.0,2201245.0,0.27890000000000004,0.32880000000000004,0.39640000000000003,0.5024000000000001,0.5588000000000001,0.5592,0.5796,0.5844,0.5931000000000001,0.5935,0.5927,0.4409
2025-11-27,Arel,Sen2Cor,S2B_MSIL2A_20251127T113319_N0511_R080_T28QCH_20251127T134745.SAFE,C:\Users\Simon\Nextcloud\Project\Mauritania\Science\Arguin - FieldWork Data Processing\Data\S2\Sen2Cor\S2B_MSIL2A_20251127T113319_N0511_R080_T28QCH_20251127T134745.zip,184,9879,4259,342595.0,2201245.0,0.27890000000000004,0.3448,0.41600000000000004,0.5112,0.5588000000000001,0.5592,0.5796,0.5904,0.5931000000000001,0.5935,0.5927,0.4409
2025-11-27,Arel,Sen2Cor,S2B_MSIL2A_20251127T113319_N0511_R080_T28QCH_20251127T134745.SAFE,C:\Users\Simon\Nextcloud\Project\Mauritania\Science\Arguin - FieldWork Data Processing\Data\S2\Sen2Cor\S2B_MSIL2A_20251127T113319_N0511_R080_T28QCH_20251127T134745.zip,185,9879,4260,342605.0,2201245.0,0.26680000000000004,0.3624,0.4252,0.5172,0.5634,0.5578000000000001,0.5806,0.5876,0.5957,0.5822,0.5860000000000001,0.4312
2025-11-27,Arel,Sen2Cor,S2B_MSIL2A_20251127T113319_N0511_R080_T28QCH_20251127T134745.SAFE,C:\Users\Simon\Nextcloud\Project\Mauritania\Science\Arguin - FieldWork Data Processing\Data\S2\Sen2Cor\S2B_MSIL2A_20251127T113319_N0511_R080_T28QCH_20251127T134745.zip,186,9879,4261,342615.0,2201245.0,0.26680000000000004,0.3544,0.4248,0.5148,0.5634,0.5578000000000001,0.5806,0.5916,0.5957,0.5822,0.5860000000000001,0.4312
2025-11-27,Arel,Sen2Cor,S2B_MSIL2A_20251127T113319_N0511_R080_T28QCH_20251127T134745.SAFE,C:\Users\Simon\Nextcloud\Project\Mauritania\Science\Arguin - FieldWork Data Processing\Data\S2\Sen2Cor\S2B_MSIL2A_20251127T113319_N0511_R080_T28QCH_20251127T134745.zip,187,9879,4262,342625.0,2201245.0,0.256,0.3448,0.4108,0.5084000000000001,0.5498000000000001,0.5459,0.5706,0.5916,0.5919,0.5822,0.5922000000000001,0.4359
2025-11-27,Arel,Sen2Cor,S2B_MSIL2A_20251127T113319_N0511_R080_T28QCH_20251127T134745.SAFE,C:\Users\Simon\Nextcloud\Project\Mauritania\Science\Arguin - FieldWork Data Processing\Data\S2\Sen2Cor\S2B_MSIL2A_20251127T113319_N0511_R080_T28QCH_20251127T134745.zip,188,9879,4263,342635.0,2201245.0,0.256,0.33240000000000003,0.4016,0.49520000000000003,0.5498000000000001,0.5459,0.5706,0.5884,0.5919,0.5822,0.5922000000000001,0.4359
2025-11-27,Arel,Sen2Cor,S2B_MSIL2A_20251127T113319_N0511_R080_T28QCH_20251127T134745.SAFE,C:\Users\Simon\Nextcloud\Project\Mauritania\Science\Arguin - FieldWork Data Processing\Data\S2\Sen2Cor\S2B_MSIL2A_20251127T113319_N0511_R080_T28QCH_20251127T134745.zip,189,9879,4264,342645.0,2201245.0,0.2459,0.3116,0.3764,0.4776,0.5193,0.5232,0.5513,0.5796,0.5779000000000001,0.5822,0.5963,0.4389
2025-11-27,Arel,Sen2Cor,S2B_MSIL2A_20251127T113319_N0511_R080_T28QCH_20251127T134745.SAFE,C:\Users\Simon\Nextcloud\Project\Mauritania\Science\Arguin - FieldWork Data Processing\Data\S2\Sen2Cor\S2B_MSIL2A_20251127T113319_N0511_R080_T28QCH_20251127T134745.zip,190,9879,4265,342655.0,2201245.0,0.2459,0.29560000000000003,0.36760000000000004,0.4676,0.5193,0.5232,0.5513,0.5772,0.5779000000000001,0.5822,0.5963,0.4389
2025-11-27,Arel,Sen2Cor,S2B_MSIL2A_20251127T113319_N0511_R080_T28QCH_20251127T134745.SAFE,C:\Users\Simon\Nextcloud\Project\Mauritania\Science\Arguin - FieldWork Data Processing\Data\S2\Sen2Cor\S2B_MSIL2A_20251127T113319_N0511_R080_T28QCH_20251127T134745.zip,191,9879,4266,342665.0,2201245.0,0.2369,0.3054,0.3632,0.466,0.502,0.5088,0.5364,0.5744,0.5705,0.5537000000000001,0.5882000000000001,0.41650000000000004
2025-11-27,Arel,Sen2Cor,S2B_MSIL2A_20251127T113319_N0511_R080_T28QCH_20251127T134745.SAFE,C:\Users\Simon\Nextcloud\Project\Mauritania\Science\Arguin - FieldWork Data Processing\Data\S2\Sen2Cor\S2B_MSIL2A_20251127T113319_N0511_R080_T28QCH_20251127T134745.zip,192,9879,4267,342675.0,2201245.0,0.2369,0.30460000000000004,0.3612,0.4556,0.502,0.5088,0.5364,0.5692,0.5705,0.5537000000000001,0.5882000000000001,0.41650000000000004
2025-11-27,Arel,Sen2Cor,S2B_MSIL2A_20251127T113319_N0511_R080_T28QCH_20251127T134745.SAFE,C:\Users\Simon\Nextcloud\Project\Mauritania\Science\Arguin - FieldWork Data Processing\Data\S2\Sen2Cor\S2B_MSIL2A_20251127T113319_N0511_R080_T28QCH_20251127T134745.zip,193,9879,4268,342685.0,2201245.0,0.23,0.27440000000000003,0.33240000000000003,0.4212,0.44520000000000004,0.4491,0.4828,0.542,0.5347000000000001,0.5537000000000001,0.5627,0.3728
2025-11-27,Arel,Sen2Cor,S2B_MSIL2A_20251127T113319_N0511_R080_T28QCH_20251127T134745.SAFE,C:\Users\Simon\Nextcloud\Project\Mauritania\Science\Arguin - FieldWork Data Processing\Data\S2\Sen2Cor\S2B_MSIL2A_20251127T113319_N0511_R080_T28QCH_20251127T134745.zip,194,9879,4269,342695.0,2201245.0,0.23,0.2596,0.3062,0.386,0.44520000000000004,0.4491,0.4828,0.5148,0.5347000000000001,0.5537000000000001,0.5627,0.3728
2025-11-27,Arel,Sen2Cor,S2B_MSIL2A_20251127T113319_N0511_R080_T28QCH_20251127T134745.SAFE,C:\Users\Simon\Nextcloud\Project\Mauritania\Science\Arguin - FieldWork Data Processing\Data\S2\Sen2Cor\S2B_MSIL2A_20251127T113319_N0511_R080_T28QCH_20251127T134745.zip,195,9879,4270,342705.0,2201245.0,0.22870000000000001,0.26,0.3124,0.392,0.4455,0.45230000000000004,0.4848,0.5096,0.5219,0.5537000000000001,0.5518000000000001,0.373
2025-11-27,Arel,Sen2Cor,S2B_MSIL2A_20251127T113319_N0511_R080_T28QCH_20251127T134745.SAFE,C:\Users\Simon\Nextcloud\Project\Mauritania\Science\Arguin - FieldWork Data Processing\Data\S2\Sen2Cor\S2B_MSIL2A_20251127T113319_N0511_R080_T28QCH_20251127T134745.zip,196,9879,4271,342715.0,2201245.0,0.22870000000000001,0.2902,0.3436,0.42160000000000003,0.4455,0.45230000000000004,0.4848,0.5324,0.5219,0.5537000000000001,0.5518000000000001,0.373
2025-11-27,Arel,Sen2Cor,S2B_MSIL2A_20251127T113319_N0511_R080_T28QCH_20251127T134745.SAFE,C:\Users\Simon\Nextcloud\Project\Mauritania\Science\Arguin - FieldWork Data Processing\Data\S2\Sen2Cor\S2B_MSIL2A_20251127T113319_N0511_R080_T28QCH_20251127T134745.zip,197,9879,4272,342725.0,2201245.0,0.2295,0.30820000000000003,0.374,0.46640000000000004,0.5105000000000001,0.5037,0.5339,0.5664,0.5668000000000001,0.5582,0.5698,0.404
2025-11-27,Arel,Sen2Cor,S2B_MSIL2A_20251127T113319_N0511_R080_T28QCH_20251127T134745.SAFE,C:\Users\Simon\Nextcloud\Project\Mauritania\Science\Arguin - FieldWork Data Processing\Data\S2\Sen2Cor\S2B_MSIL2A_20251127T113319_N0511_R080_T28QCH_20251127T134745.zip,198,9879,4273,342735.0,2201245.0,0.2295,0.3136,0.374,0.46840000000000004,0.5105000000000001,0.5037,0.5339,0.5712,0.5668000000000001,0.5582,0.5698,0.404
2025-11-27,Arel,Sen2Cor,S2B_MSIL2A_20251127T113319_N0511_R080_T28QCH_20251127T134745.SAFE,C:\Users\Simon\Nextcloud\Project\Mauritania\Science\Arguin - FieldWork Data Processing\Data\S2\Sen2Cor\S2B_MSIL2A_20251127T113319_N0511_R080_T28QCH_20251127T134745.zip,199,9879,4274,342745.0,2201245.0,0.2227,0.2962,0.35960000000000003,0.4536,0.4862,0.5056,0.5317000000000001,0.56,0.5565,0.5582,0.5826,0.42310000000000003
2025-11-27,Arel,Sen2Cor,S2B_MSIL2A_20251127T113319_N0511_R080_T28QCH_20251127T134745.SAFE,C:\Users\Simon\Nextcloud\Project\Mauritania\Science\Arguin - FieldWork Data Processing\Data\S2\Sen2Cor\S2B_MSIL2A_20251127T113319_N0511_R080_T28QCH_20251127T134745.zip,200,9879,4275,342755.0,2201245.0,0.2227,0.2998,0.35000000000000003,0.4444,0.4862,0.5056,0.5317000000000001,0.5624,0.5565,0.5582,0.5826,0.42310000000000003
2025-11-27,Arel,Sen2Cor,S2B_MSIL2A_20251127T113319_N0511_R080_T28QCH_20251127T134745.SAFE,C:\Users\Simon\Nextcloud\Project\Mauritania\Science\Arguin - FieldWork Data Processing\Data\S2\Sen2Cor\S2B_MSIL2A_20251127T113319_N0511_R080_T28QCH_20251127T134745.zip,201,9879,4276,342765.0,2201245.0,0.2034,0.30660000000000004,0.366,0.462,0.5154,0.5059,0.5316000000000001,0.5728,0.5805,0.5582,0.5714,0.40240000000000004
2025-11-27,Arel,Sen2Cor,S2B_MSIL2A_20251127T113319_N0511_R080_T28QCH_20251127T134745.SAFE,C:\Users\Simon\Nextcloud\Project\Mauritania\Science\Arguin - FieldWork Data Processing\Data\S2\Sen2Cor\S2B_MSIL2A_20251127T113319_N0511_R080_T28QCH_20251127T134745.zip,202,9879,4277,342775.0,2201245.0,0.2034,0.3062,0.36960000000000004,0.464,0.5154,0.5059,0.5316000000000001,0.5712,0.5805,0.5582,0.5714,0.40240000000000004
2025-11-27,Arel,Sen2Cor,S2B_MSIL2A_20251127T113319_N0511_R080_T28QCH_20251127T134745.SAFE,C:\Users\Simon\Nextcloud\Project\Mauritania\Science\Arguin - FieldWork Data Processing\Data\S2\Sen2Cor\S2B_MSIL2A_20251127T113319_N0511_R080_T28QCH_20251127T134745.zip,203,9879,4278,342785.0,2201245.0,0.1763,0.2872,0.3528,0.43320000000000003,0.4807,0.4953,0.5245000000000001,0.5512,0.5505,0.433,0.5523,0.365
2025-11-27,Arel,Sen2Cor,S2B_MSIL2A_20251127T113319_N0511_R080_T28QCH_20251127T134745.SAFE,C:\Users\Simon\Nextcloud\Project\Mauritania\Science\Arguin - FieldWork Data Processing\Data\S2\Sen2Cor\S2B_MSIL2A_20251127T113319_N0511_R080_T28QCH_20251127T134745.zip,204,9880,4246,342465.0,2201235.0,0.2094,0.32320000000000004,0.392,0.4772,0.5262,0.5175000000000001,0.5394,0.5404,0.5528000000000001,0.38520000000000004,0.5338,0.38930000000000003
2025-11-27,Arel,Sen2Cor,S2B_MSIL2A_20251127T113319_N0511_R080_T28QCH_20251127T134745.SAFE,C:\Users\Simon\Nextcloud\Project\Mauritania\Science\Arguin - FieldWork Data Processing\Data\S2\Sen2Cor\S2B_MSIL2A_20251127T113319_N0511_R080_T28QCH_20251127T134745.zip,205,9880,4247,342475.0,2201235.0,0.2094,0.32280000000000003,0.3924,0.48360000000000003,0.5262,0.5175000000000001,0.5394,0.5708,0.5528000000000001,0.38520000000000004,0.5338,0.38930000000000003
2025-11-27,Arel,Sen2Cor,S2B_MSIL2A_20251127T113319_N0511_R080_T28QCH_20251127T134745.SAFE,C:\Users\Simon\Nextcloud\Project\Mauritania\Science\Arguin - FieldWork Data Processing\Data\S2\Sen2Cor\S2B_MSIL2A_20251127T113319_N0511_R080_T28QCH_20251127T134745.zip,206,9880,4248,342485.0,2201235.0,0.2456,0.3356,0.41400000000000003,0.5048,0.5575,0.5557,0.5737,0.5944,0.5922000000000001,0.5648000000000001,0.5724,0.4193
2025-11-27,Arel,Sen2Cor,S2B_MSIL2A_20251127T113319_N0511_R080_T28QCH_20251127T134745.SAFE,C:\Users\Simon\Nextcloud\Project\Mauritania\Science\Arguin - FieldWork Data Processing\Data\S2\Sen2Cor\S2B_MSIL2A_20251127T113319_N0511_R080_T28QCH_20251127T134745.zip,207,9880,4249,342495.0,2201235.0,0.2456,0.35400000000000004,0.4264,0.5168,0.5575,0.5557,0.5737,0.5976,0.5922000000000001,0.5648000000000001,0.5724,0.4193
2025-11-27,Arel,Sen2Cor,S2B_MSIL2A_20251127T113319_N0511_R080_T28QCH_20251127T134745.SAFE,C:\Users\Simon\Nextcloud\Project\Mauritania\Science\Arguin - FieldWork Data Processing\Data\S2\Sen2Cor\S2B_MSIL2A_20251127T113319_N0511_R080_T28QCH_20251127T134745.zip,208,9880,4250,342505.0,2201235.0,0.2706,0.3744,0.4404,0.5252,0.5539000000000001,0.5534,0.5672,0.598,0.5851000000000001,0.5648000000000001,0.5686,0.4163
2025-11-27,Arel,Sen2Cor,S2B_MSIL2A_20251127T113319_N0511_R080_T28QCH_20251127T134745.SAFE,C:\Users\Simon\Nextcloud\Project\Mauritania\Science\Arguin - FieldWork Data Processing\Data\S2\Sen2Cor\S2B_MSIL2A_20251127T113319_N0511_R080_T28QCH_20251127T134745.zip,209,9880,4251,342515.0,2201235.0,0.2706,0.34800000000000003,0.42400000000000004,0.5048,0.5539000000000001,0.5534,0.5672,0.5848,0.5851000000000001,0.5648000000000001,0.5686,0.4163
2025-11-27,Arel,Sen2Cor,S2B_MSIL2A_20251127T113319_N0511_R080_T28QCH_20251127T134745.SAFE,C:\Users\Simon\Nextcloud\Project\Mauritania\Science\Arguin - FieldWork Data Processing\Data\S2\Sen2Cor\S2B_MSIL2A_20251127T113319_N0511_R080_T28QCH_20251127T134745.zip,210,9880,4252,342525.0,2201235.0,0.2812,0.33,0.40080000000000005,0.5016,0.5461,0.5362,0.5619000000000001,0.5744,0.5799000000000001,0.5648000000000001,0.5785,0.4247
2025-11-27,Arel,Sen2Cor,S2B_MSIL2A_20251127T113319_N0511_R080_T28QCH_20251127T134745.SAFE,C:\Users\Simon\Nextcloud\Project\Mauritania\Science\Arguin - FieldWork Data Processing\Data\S2\Sen2Cor\S2B_MSIL2A_20251127T113319_N0511_R080_T28QCH_20251127T134745.zip,211,9880,4253,342535.0,2201235.0,0.2812,0.3352,0.4016,0.4984,0.5461,0.5362,0.5619000000000001,0.5744,0.5799000000000001,0.5648000000000001,0.5785,0.4247
2025-11-27,Arel,Sen2Cor,S2B_MSIL2A_20251127T113319_N0511_R080_T28QCH_20251127T134745.SAFE,C:\Users\Simon\Nextcloud\Project\Mauritania\Science\Arguin - FieldWork Data Processing\Data\S2\Sen2Cor\S2B_MSIL2A_20251127T113319_N0511_R080_T28QCH_20251127T134745.zip,212,9880,4254,342545.0,2201235.0,0.2838,0.3356,0.40640000000000004,0.504,0.5541,0.5508000000000001,0.5743,0.5840000000000001,0.5881000000000001,0.5935,0.5893,0.4399
2025-11-27,Arel,Sen2Cor,S2B_MSIL2A_20251127T113319_N0511_R080_T28QCH_20251127T134745.SAFE,C:\Users\Simon\Nextcloud\Project\Mauritania\Science\Arguin - FieldWork Data Processing\Data\S2\Sen2Cor\S2B_MSIL2A_20251127T113319_N0511_R080_T28QCH_20251127T134745.zip,213,9880,4255,342555.0,2201235.0,0.2838,0.33440000000000003,0.4056,0.5072,0.5541,0.5508000000000001,0.5743,0.5888,0.5881000000000001,0.5935,0.5893,0.4399
2025-11-27,Arel,Sen2Cor,S2B_MSIL2A_20251127T113319_N0511_R080_T28QCH_20251127T134745.SAFE,C:\Users\Simon\Nextcloud\Project\Mauritania\Science\Arguin - FieldWork Data Processing\Data\S2\Sen2Cor\S2B_MSIL2A_20251127T113319_N0511_R080_T28QCH_20251127T134745.zip,214,9880,4256,342565.0,2201235.0,0.28190000000000004,0.34800000000000003,0.4108,0.5064000000000001,0.5578000000000001,0.5575,0.5730000000000001,0.5876,0.5900000000000001,0.5935,0.5879,0.4375
2025-11-27,Arel,Sen2Cor,S2B_MSIL2A_20251127T113319_N0511_R080_T28QCH_20251127T134745.SAFE,C:\Users\Simon\Nextcloud\Project\Mauritania\Science\Arguin - FieldWork Data Processing\Data\S2\Sen2Cor\S2B_MSIL2A_20251127T113319_N0511_R080_T28QCH_20251127T134745.zip,215,9880,4257,342575.0,2201235.0,0.28190000000000004,0.3516,0.4212,0.5136000000000001,0.5578000000000001,0.5575,0.5730000000000001,0.5888,0.5900000000000001,0.5935,0.5879,0.4375
2025-11-27,Arel,Sen2Cor,S2B_MSIL2A_20251127T113319_N0511_R080_T28QCH_20251127T134745.SAFE,C:\Users\Simon\Nextcloud\Project\Mauritania\Science\Arguin - FieldWork Data Processing\Data\S2\Sen2Cor\S2B_MSIL2A_20251127T113319_N0511_R080_T28QCH_20251127T134745.zip,216,9880,4258,342585.0,2201235.0,0.2733,0.3432,0.4108,0.5072,0.5573,0.5549000000000001,0.5692,0.5888,0.5925,0.5935,0.5893,0.436
2025-11-27,Arel,Sen2Cor,S2B_MSIL2A_20251127T113319_N0511_R080_T28QCH_20251127T134745.SAFE,C:\Users\Simon\Nextcloud\Project\Mauritania\Science\Arguin - FieldWork Data Processing\Data\S2\Sen2Cor\S2B_MSIL2A_20251127T113319_N0511_R080_T28QCH_20251127T134745.zip,217,9880,4259,342595.0,2201235.0,0.2733,0.34400000000000003,0.4128,0.508,0.5573,0.5549000000000001,0.5692,0.5904,0.5925,0.5935,0.5893,0.436
2025-11-27,Arel,Sen2Cor,S2B_MSIL2A_20251127T113319_N0511_R080_T28QCH_20251127T134745.SAFE,C:\Users\Simon\Nextcloud\Project\Mauritania\Science\Arguin - FieldWork Data Processing\Data\S2\Sen2Cor\S2B_MSIL2A_20251127T113319_N0511_R080_T28QCH_20251127T134745.zip,218,9880,4260,342605.0,2201235.0,0.2605,0.3472,0.4128,0.504,0.5535,0.5427000000000001,0.5667,0.5824,0.5921000000000001,0.5822,0.5850000000000001,0.4252
2025-11-27,Arel,Sen2Cor,S2B_MSIL2A_20251127T113319_N0511_R080_T28QCH_20251127T134745.SAFE,C:\Users\Simon\Nextcloud\Project\Mauritania\Science\Arguin - FieldWork Data Processing\Data\S2\Sen2Cor\S2B_MSIL2A_20251127T113319_N0511_R080_T28QCH_20251127T134745.zip,219,9880,4261,342615.0,2201235.0,0.2605,0.34840000000000004,0.40640000000000004,0.5004000000000001,0.5535,0.5427000000000001,0.5667,0.5844,0.5921000000000001,0.5822,0.5850000000000001,0.4252
2025-11-27,Arel,Sen2Cor,S2B_MSIL2A_20251127T113319_N0511_R080_T28QCH_20251127T134745.SAFE,C:\Users\Simon\Nextcloud\Project\Mauritania\Science\Arguin - FieldWork Data Processing\Data\S2\Sen2Cor\S2B_MSIL2A_20251127T113319_N0511_R080_T28QCH_20251127T134745.zip,220,9880,4262,342625.0,2201235.0,0.249,0.3356,0.40040000000000003,0.4964,0.5313,0.5355,0.5597,0.5800000000000001,0.5825,0.5822,0.5845,0.4203
2025-11-27,Arel,Sen2Cor,S2B_MSIL2A_20251127T113319_N0511_R080_T28QCH_20251127T134745.SAFE,C:\Users\Simon\Nextcloud\Project\Mauritania\Science\Arguin - FieldWork Data Processing\Data\S2\Sen2Cor\S2B_MSIL2A_20251127T113319_N0511_R080_T28QCH_20251127T134745.zip,221,9880,4263,342635.0,2201235.0,0.249,0.3224,0.386,0.4812,0.5313,0.5355,0.5597,0.5752,0.5825,0.5822,0.5845,0.4203
2025-11-27,Arel,Sen2Cor,S2B_MSIL2A_20251127T113319_N0511_R080_T28QCH_20251127T134745.SAFE,C:\Users\Simon\Nextcloud\Project\Mauritania\Science\Arguin - FieldWork Data Processing\Data\S2\Sen2Cor\S2B_MSIL2A_20251127T113319_N0511_R080_T28QCH_20251127T134745.zip,222,9880,4264,342645.0,2201235.0,0.2389,0.30660000000000004,0.3688,0.46640000000000004,0.5017,0.5034000000000001,0.5313,0.5728,0.5658000000000001,0.5822,0.5806,0.41050000000000003
2025-11-27,Arel,Sen2Cor,S2B_MSIL2A_20251127T113319_N0511_R080_T28QCH_20251127T134745.SAFE,C:\Users\Simon\Nextcloud\Project\Mauritania\Science\Arguin - FieldWork Data Processing\Data\S2\Sen2Cor\S2B_MSIL2A_20251127T113319_N0511_R080_T28QCH_20251127T134745.zip,223,9880,4265,342655.0,2201235.0,0.2389,0.2984,0.3588,0.45640000000000003,0.5017,0.5034000000000001,0.5313,0.5672,0.5658000000000001,0.5822,0.5806,0.41050000000000003
2025-11-27,Arel,Sen2Cor,S2B_MSIL2A_20251127T113319_N0511_R080_T28QCH_20251127T134745.SAFE,C:\Users\Simon\Nextcloud\Project\Mauritania\Science\Arguin - FieldWork Data Processing\Data\S2\Sen2Cor\S2B_MSIL2A_20251127T113319_N0511_R080_T28QCH_20251127T134745.zip,224,9880,4266,342665.0,2201235.0,0.231,0.3062,0.35800000000000004,0.4544,0.49410000000000004,0.5048,0.5326000000000001,0.5664,0.5606,0.5537000000000001,0.5814,0.39880000000000004
2025-11-27,Arel,Sen2Cor,S2B_MSIL2A_20251127T113319_N0511_R080_T28QCH_20251127T134745.SAFE,C:\Users\Simon\Nextcloud\Project\Mauritania\Science\Arguin - FieldWork Data Processing\Data\S2\Sen2Cor\S2B_MSIL2A_20251127T113319_N0511_R080_T28QCH_20251127T134745.zip,225,9880,4267,342675.0,2201235.0,0.231,0.30660000000000004,0.36760000000000004,0.46440000000000003,0.49410000000000004,0.5048,0.5326000000000001,0.5712,0.5606,0.5537000000000001,0.5814,0.39880000000000004
2025-11-27,Arel,Sen2Cor,S2B_MSIL2A_20251127T113319_N0511_R080_T28QCH_20251127T134745.SAFE,C:\Users\Simon\Nextcloud\Project\Mauritania\Science\Arguin - FieldWork Data Processing\Data\S2\Sen2Cor\S2B_MSIL2A_20251127T113319_N0511_R080_T28QCH_20251127T134745.zip,226,9880,4268,342685.0,2201235.0,0.22610000000000002,0.2788,0.3352,0.42760000000000004,0.48310000000000003,0.48210000000000003,0.5063,0.54,0.5526,0.5537000000000001,0.5758,0.38730000000000003
2025-11-27,Arel,Sen2Cor,S2B_MSIL2A_20251127T113319_N0511_R080_T28QCH_20251127T134745.SAFE,C:\Users\Simon\Nextcloud\Project\Mauritania\Science\Arguin - FieldWork Data Processing\Data\S2\Sen2Cor\S2B_MSIL2A_20251127T113319_N0511_R080_T28QCH_20251127T134745.zip,227,9880,4269,342695.0,2201235.0,0.22610000000000002,0.2514,0.3044,0.3876,0.48310000000000003,0.48210000000000003,0.5063,0.5128,0.5526,0.5537000000000001,0.5758,0.38730000000000003
2025-11-27,Arel,Sen2Cor,S2B_MSIL2A_20251127T113319_N0511_R080_T28QCH_20251127T134745.SAFE,C:\Users\Simon\Nextcloud\Project\Mauritania\Science\Arguin - FieldWork Data Processing\Data\S2\Sen2Cor\S2B_MSIL2A_20251127T113319_N0511_R080_T28QCH_20251127T134745.zip,228,9880,4270,342705.0,2201235.0,0.2277,0.2768,0.33280000000000004,0.41400000000000003,0.48460000000000003,0.49410000000000004,0.5175000000000001,0.5272,0.5546,0.5537000000000001,0.5807,0.4096
2025-11-27,Arel,Sen2Cor,S2B_MSIL2A_20251127T113319_N0511_R080_T28QCH_20251127T134745.SAFE,C:\Users\Simon\Nextcloud\Project\Mauritania\Science\Arguin - FieldWork Data Processing\Data\S2\Sen2Cor\S2B_MSIL2A_20251127T113319_N0511_R080_T28QCH_20251127T134745.zip,229,9880,4271,342715.0,2201235.0,0.2277,0.298,0.35000000000000003,0.444,0.48460000000000003,0.49410000000000004,0.5175000000000001,0.5456,0.5546,0.5537000000000001,0.5807,0.4096
2025-11-27,Arel,Sen2Cor,S2B_MSIL2A_20251127T113319_N0511_R080_T28QCH_20251127T134745.SAFE,C:\Users\Simon\Nextcloud\Project\Mauritania\Science\Arguin - FieldWork Data Processing\Data\S2\Sen2Cor\S2B_MSIL2A_20251127T113319_N0511_R080_T28QCH_20251127T134745.zip,230,9880,4272,342725.0,2201235.0,0.23290000000000002,0.2998,0.3644,0.456,0.5072,0.5137,0.54,0.5664,0.5767,0.5582,0.5922000000000001,0.43360000000000004
2025-11-27,Arel,Sen2Cor,S2B_MSIL2A_20251127T113319_N0511_R080_T28QCH_20251127T134745.SAFE,C:\Users\Simon\Nextcloud\Project\Mauritania\Science\Arguin - FieldWork Data Processing\Data\S2\Sen2Cor\S2B_MSIL2A_20251127T113319_N0511_R080_T28QCH_20251127T134745.zip,231,9880,4273,342735.0,2201235.0,0.23290000000000002,0.3052,0.3684,0.4632,0.5072,0.5137,0.54,0.5708,0.5767,0.5582,0.5922000000000001,0.43360000000000004
2025-11-27,Arel,Sen2Cor,S2B_MSIL2A_20251127T113319_N0511_R080_T28QCH_20251127T134745.SAFE,C:\Users\Simon\Nextcloud\Project\Mauritania\Science\Arguin - FieldWork Data Processing\Data\S2\Sen2Cor\S2B_MSIL2A_20251127T113319_N0511_R080_T28QCH_20251127T134745.zip,232,9880,4274,342745.0,2201235.0,0.23,0.2856,0.35200000000000004,0.4496,0.49960000000000004,0.5088,0.5347000000000001,0.5656,0.5768,0.5582,0.5878,0.4182
2025-11-27,Arel,Sen2Cor,S2B_MSIL2A_20251127T113319_N0511_R080_T28QCH_20251127T134745.SAFE,C:\Users\Simon\Nextcloud\Project\Mauritania\Science\Arguin - FieldWork Data Processing\Data\S2\Sen2Cor\S2B_MSIL2A_20251127T113319_N0511_R080_T28QCH_20251127T134745.zip,233,9880,4275,342755.0,2201235.0,0.23,0.2962,0.35400000000000004,0.4444,0.49960000000000004,0.5088,0.5347000000000001,0.5668000000000001,0.5768,0.5582,0.5878,0.4182
2025-11-27,Arel,Sen2Cor,S2B_MSIL2A_20251127T113319_N0511_R080_T28QCH_20251127T134745.SAFE,C:\Users\Simon\Nextcloud\Project\Mauritania\Science\Arguin - FieldWork Data Processing\Data\S2\Sen2Cor\S2B_MSIL2A_20251127T113319_N0511_R080_T28QCH_20251127T134745.zip,234,9880,4276,342765.0,2201235.0,0.21300000000000002,0.3034,0.366,0.46080000000000004,0.5078,0.503,0.5336000000000001,0.5668000000000001,0.5778,0.5582,0.5763,0.3926
2025-11-27,Arel,Sen2Cor,S2B_MSIL2A_20251127T113319_N0511_R080_T28QCH_20251127T134745.SAFE,C:\Users\Simon\Nextcloud\Project\Mauritania\Science\Arguin - FieldWork Data Processing\Data\S2\Sen2Cor\S2B_MSIL2A_20251127T113319_N0511_R080_T28QCH_20251127T134745.zip,235,9880,4277,342775.0,2201235.0,0.21300000000000002,0.316,0.3672,0.4524,0.5078,0.503,0.5336000000000001,0.5628000000000001,0.5778,0.5582,0.5763,0.3926
2025-11-27,Arel,Sen2Cor,S2B_MSIL2A_20251127T113319_N0511_R080_T28QCH_20251127T134745.SAFE,C:\Users\Simon\Nextcloud\Project\Mauritania\Science\Arguin - FieldWork Data Processing\Data\S2\Sen2Cor\S2B_MSIL2A_20251127T113319_N0511_R080_T28QCH_20251127T134745.zip,236,9880,4278,342785.0,2201235.0,0.18760000000000002,0.2908,0.3452,0.4344,0.48850000000000005,0.5032,0.5272,0.5488000000000001,0.5585,0.433,0.5858,0.401
2025-11-27,Arel,Sen2Cor,S2B_MSIL2A_20251127T113319_N0511_R080_T28QCH_20251127T134745.SAFE,C:\Users\Simon\Nextcloud\Project\Mauritania\Science\Arguin - FieldWork Data Processing\Data\S2\Sen2Cor\S2B_MSIL2A_20251127T113319_N0511_R080_T28QCH_20251127T134745.zip,237,9880,4279,342795.0,2201235.0,0.18760000000000002,0.2844,0.3392,0.43560000000000004,0.48850000000000005,0.5032,0.5272,0.5504,0.5585,0.433,0.5858,0.401
2025-11-27,Arel,Sen2Cor,S2B_MSIL2A_20251127T113319_N0511_R080_T28QCH_20251127T134745.SAFE,C:\Users\Simon\Nextcloud\Project\Mauritania\Science\Arguin - FieldWork Data Processing\Data\S2\Sen2Cor\S2B_MSIL2A_20251127T113319_N0511_R080_T28QCH_20251127T134745.zip,238,9881,4246,342465.0,2201225.0,0.2094,0.314,0.3816,0.4672,0.5262,0.5175000000000001,0.5394,0.5412,0.5528000000000001,0.38520000000000004,0.5338,0.38930000000000003
2025-11-27,Arel,Sen2Cor,S2B_MSIL2A_20251127T113319_N0511_R080_T28QCH_20251127T134745.SAFE,C:\Users\Simon\Nextcloud\Project\Mauritania\Science\Arguin - FieldWork Data Processing\Data\S2\Sen2Cor\S2B_MSIL2A_20251127T113319_N0511_R080_T28QCH_20251127T134745.zip,239,9881,4247,342475.0,2201225.0,0.2094,0.32280000000000003,0.3932,0.4852,0.5262,0.5175000000000001,0.5394,0.5680000000000001,0.5528000000000001,0.38520000000000004,0.5338,0.38930000000000003
2025-11-27,Arel,Sen2Cor,S2B_MSIL2A_20251127T113319_N0511_R080_T28QCH_20251127T134745.SAFE,C:\Users\Simon\Nextcloud\Project\Mauritania\Science\Arguin - FieldWork Data Processing\Data\S2\Sen2Cor\S2B_MSIL2A_20251127T113319_N0511_R080_T28QCH_20251127T134745.zip,240,9881,4248,342485.0,2201225.0,0.2456,0.3332,0.40640000000000004,0.49760000000000004,0.5575,0.5557,0.5737,0.5888,0.5922000000000001,0.5648000000000001,0.5724,0.4193
2025-11-27,Arel,Sen2Cor,S2B_MSIL2A_20251127T113319_N0511_R080_T28QCH_20251127T134745.SAFE,C:\Users\Simon\Nextcloud\Project\Mauritania\Science\Arguin - FieldWork Data Processing\Data\S2\Sen2Cor\S2B_MSIL2A_20251127T113319_N0511_R080_T28QCH_20251127T134745.zip,241,9881,4249,342495.0,2201225.0,0.2456,0.338,0.4108,0.5004000000000001,0.5575,0.5557,0.5737,0.5848,0.5922000000000001,0.5648000000000001,0.5724,0.4193
2025-11-27,Arel,Sen2Cor,S2B_MSIL2A_20251127T113319_N0511_R080_T28QCH_20251127T134745.SAFE,C:\Users\Simon\Nextcloud\Project\Mauritania\Science\Arguin - FieldWork Data Processing\Data\S2\Sen2Cor\S2B_MSIL2A_20251127T113319_N0511_R080_T28QCH_20251127T134745.zip,242,9881,4250,342505.0,2201225.0,0.2706,0.3528,0.4172,0.5068,0.5539000000000001,0.5534,0.5672,0.5776,0.5851000000000001,0.5648000000000001,0.5686,0.4163
2025-11-27,Arel,Sen2Cor,S2B_MSIL2A_20251127T113319_N0511_R080_T28QCH_20251127T134745.SAFE,C:\Users\Simon\Nextcloud\Project\Mauritania\Science\Arguin - FieldWork Data Processing\Data\S2\Sen2Cor\S2B_MSIL2A_20251127T113319_N0511_R080_T28QCH_20251127T134745.zip,243,9881,4251,342515.0,2201225.0,0.2706,0.3372,0.40040000000000003,0.496,0.5539000000000001,0.5534,0.5672,0.5664,0.5851000000000001,0.5648000000000001,0.5686,0.4163
2025-11-27,Arel,Sen2Cor,S2B_MSIL2A_20251127T113319_N0511_R080_T28QCH_20251127T134745.SAFE,C:\Users\Simon\Nextcloud\Project\Mauritania\Science\Arguin - FieldWork Data Processing\Data\S2\Sen2Cor\S2B_MSIL2A_20251127T113319_N0511_R080_T28QCH_20251127T134745.zip,244,9881,4252,342525.0,2201225.0,0.2812,0.3156,0.3876,0.4812,0.5461,0.5362,0.5619000000000001,0.5644,0.5799000000000001,0.5648000000000001,0.5785,0.4247
2025-11-27,Arel,Sen2Cor,S2B_MSIL2A_20251127T113319_N0511_R080_T28QCH_20251127T134745.SAFE,C:\Users\Simon\Nextcloud\Project\Mauritania\Science\Arguin - FieldWork Data Processing\Data\S2\Sen2Cor\S2B_MSIL2A_20251127T113319_N0511_R080_T28QCH_20251127T134745.zip,245,9881,4253,342535.0,2201225.0,0.2812,0.3224,0.392,0.49160000000000004,0.5461,0.5362,0.5619000000000001,0.5736,0.5799000000000001,0.5648000000000001,0.5785,0.4247
2025-11-27,Arel,Sen2Cor,S2B_MSIL2A_20251127T113319_N0511_R080_T28QCH_20251127T134745.SAFE,C:\Users\Simon\Nextcloud\Project\Mauritania\Science\Arguin - FieldWork Data Processing\Data\S2\Sen2Cor\S2B_MSIL2A_20251127T113319_N0511_R080_T28QCH_20251127T134745.zip,246,9881,4254,342545.0,2201225.0,0.2838,0.3352,0.4016,0.5,0.5541,0.5508000000000001,0.5743,0.5816,0.5881000000000001,0.5935,0.5893,0.4399
2025-11-27,Arel,Sen2Cor,S2B_MSIL2A_20251127T113319_N0511_R080_T28QCH_20251127T134745.SAFE,C:\Users\Simon\Nextcloud\Project\Mauritania\Science\Arguin - FieldWork Data Processing\Data\S2\Sen2Cor\S2B_MSIL2A_20251127T113319_N0511_R080_T28QCH_20251127T134745.zip,247,9881,4255,342555.0,2201225.0,0.2838,0.3412,0.41600000000000004,0.5084000000000001,0.5541,0.5508000000000001,0.5743,0.5888,0.5881000000000001,0.5935,0.5893,0.4399
2025-11-27,Arel,Sen2Cor,S2B_MSIL2A_20251127T113319_N0511_R080_T28QCH_20251127T134745.SAFE,C:\Users\Simon\Nextcloud\Project\Mauritania\Science\Arguin - FieldWork Data Processing\Data\S2\Sen2Cor\S2B_MSIL2A_20251127T113319_N0511_R080_T28QCH_20251127T134745.zip,248,9881,4256,342565.0,2201225.0,0.28190000000000004,0.3548,0.4228,0.5152,0.5578000000000001,0.5575,0.5730000000000001,0.5892000000000001,0.5900000000000001,0.5935,0.5879,0.4375
2025-11-27,Arel,Sen2Cor,S2B_MSIL2A_20251127T113319_N0511_R080_T28QCH_20251127T134745.SAFE,C:\Users\Simon\Nextcloud\Project\Mauritania\Science\Arguin - FieldWork Data Processing\Data\S2\Sen2Cor\S2B_MSIL2A_20251127T113319_N0511_R080_T28QCH_20251127T134745.zip,249,9881,4257,342575.0,2201225.0,0.28190000000000004,0.35400000000000004,0.42200000000000004,0.516,0.5578000000000001,0.5575,0.5730000000000001,0.5892000000000001,0.5900000000000001,0.5935,0.5879,0.4375
2025-11-27,Arel,Sen2Cor,S2B_MSIL2A_20251127T113319_N0511_R080_T28QCH_20251127T134745.SAFE,C:\Users\Simon\Nextcloud\Project\Mauritania\Science\Arguin - FieldWork Data Processing\Data\S2\Sen2Cor\S2B_MSIL2A_20251127T113319_N0511_R080_T28QCH_20251127T134745.zip,250,9881,4258,342585.0,2201225.0,0.2733,0.3564,0.42000000000000004,0.514,0.5573,0.5549000000000001,0.5692,0.5892000000000001,0.5925,0.5935,0.5893,0.436
2025-11-27,Arel,Sen2Cor,S2B_MSIL2A_20251127T113319_N0511_R080_T28QCH_20251127T134745.SAFE,C:\Users\Simon\Nextcloud\Project\Mauritania\Science\Arguin - FieldWork Data Processing\Data\S2\Sen2Cor\S2B_MSIL2A_20251127T113319_N0511_R080_T28QCH_20251127T134745.zip,251,9881,4259,342595.0,2201225.0,0.2733,0.3532,0.4224,0.5156000000000001,0.5573,0.5549000000000001,0.5692,0.5948,0.5925,0.5935,0.5893,0.436
2025-11-27,Arel,Sen2Cor,S2B_MSIL2A_20251127T113319_N0511_R080_T28QCH_20251127T134745.SAFE,C:\Users\Simon\Nextcloud\Project\Mauritania\Science\Arguin - FieldWork Data Processing\Data\S2\Sen2Cor\S2B_MSIL2A_20251127T113319_N0511_R080_T28QCH_20251127T134745.zip,252,9881,4260,342605.0,2201225.0,0.2605,0.33680000000000004,0.4088,0.496,0.5535,0.5427000000000001,0.5667,0.5812,0.5921000000000001,0.5822,0.5850000000000001,0.4252
2025-11-27,Arel,Sen2Cor,S2B_MSIL2A_20251127T113319_N0511_R080_T28QCH_20251127T134745.SAFE,C:\Users\Simon\Nextcloud\Project\Mauritania\Science\Arguin - FieldWork Data Processing\Data\S2\Sen2Cor\S2B_MSIL2A_20251127T113319_N0511_R080_T28QCH_20251127T134745.zip,253,9881,4261,342615.0,2201225.0,0.2605,0.3296,0.39440000000000003,0.4824,0.5535,0.5427000000000001,0.5667,0.5684,0.5921000000000001,0.5822,0.5850000000000001,0.4252
2025-11-27,Arel,Sen2Cor,S2B_MSIL2A_20251127T113319_N0511_R080_T28QCH_20251127T134745.SAFE,C:\Users\Simon\Nextcloud\Project\Mauritania\Science\Arguin - FieldWork Data Processing\Data\S2\Sen2Cor\S2B_MSIL2A_20251127T113319_N0511_R080_T28QCH_20251127T134745.zip,254,9881,4262,342625.0,2201225.0,0.249,0.3312,0.396,0.48760000000000003,0.5313,0.5355,0.5597,0.5760000000000001,0.5825,0.5822,0.5845,0.4203
2025-11-27,Arel,Sen2Cor,S2B_MSIL2A_20251127T113319_N0511_R080_T28QCH_20251127T134745.SAFE,C:\Users\Simon\Nextcloud\Project\Mauritania\Science\Arguin - FieldWork Data Processing\Data\S2\Sen2Cor\S2B_MSIL2A_20251127T113319_N0511_R080_T28QCH_20251127T134745.zip,255,9881,4263,342635.0,2201225.0,0.249,0.3128,0.3764,0.4708,0.5313,0.5355,0.5597,0.5692,0.5825,0.5822,0.5845,0.4203
2025-11-27,Arel,Sen2Cor,S2B_MSIL2A_20251127T113319_N0511_R080_T28QCH_20251127T134745.SAFE,C:\Users\Simon\Nextcloud\Project\Mauritania\Science\Arguin - FieldWork Data Processing\Data\S2\Sen2Cor\S2B_MSIL2A_20251127T113319_N0511_R080_T28QCH_20251127T134745.zip,256,9881,4264,342645.0,2201225.0,0.2389,0.2928,0.35960000000000003,0.4516,0.5017,0.5034000000000001,0.5313,0.556,0.5658000000000001,0.5822,0.5806,0.41050000000000003
2025-11-27,Arel,Sen2Cor,S2B_MSIL2A_20251127T113319_N0511_R080_T28QCH_20251127T134745.SAFE,C:\Users\Simon\Nextcloud\Project\Mauritania\Science\Arguin - FieldWork Data Processing\Data\S2\Sen2Cor\S2B_MSIL2A_20251127T113319_N0511_R080_T28QCH_20251127T134745.zip,257,9881,4265,342655.0,2201225.0,0.2389,0.28800000000000003,0.34800000000000003,0.4424,0.5017,0.5034000000000001,0.5313,0.5516,0.5658000000000001,0.5822,0.5806,0.41050000000000003
2025-11-27,Arel,Sen2Cor,S2B_MSIL2A_20251127T113319_N0511_R080_T28QCH_20251127T134745.SAFE,C:\Users\Simon\Nextcloud\Project\Mauritania\Science\Arguin - FieldWork Data Processing\Data\S2\Sen2Cor\S2B_MSIL2A_20251127T113319_N0511_R080_T28QCH_20251127T134745.zip,258,9881,4266,342665.0,2201225.0,0.231,0.2954,0.34400000000000003,0.43320000000000003,0.49410000000000004,0.5048,0.5326000000000001,0.55,0.5606,0.5537000000000001,0.5814,0.39880000000000004
2025-11-27,Arel,Sen2Cor,S2B_MSIL2A_20251127T113319_N0511_R080_T28QCH_20251127T134745.SAFE,C:\Users\Simon\Nextcloud\Project\Mauritania\Science\Arguin - FieldWork Data Processing\Data\S2\Sen2Cor\S2B_MSIL2A_20251127T113319_N0511_R080_T28QCH_20251127T134745.zip,259,9881,4267,342675.0,2201225.0,0.231,0.30560000000000004,0.3632,0.4536,0.49410000000000004,0.5048,0.5326000000000001,0.5660000000000001,0.5606,0.5537000000000001,0.5814,0.39880000000000004
2025-11-27,Arel,Sen2Cor,S2B_MSIL2A_20251127T113319_N0511_R080_T28QCH_20251127T134745.SAFE,C:\Users\Simon\Nextcloud\Project\Mauritania\Science\Arguin - FieldWork Data Processing\Data\S2\Sen2Cor\S2B_MSIL2A_20251127T113319_N0511_R080_T28QCH_20251127T134745.zip,260,9881,4268,342685.0,2201225.0,0.22610000000000002,0.2922,0.3512,0.434,0.48310000000000003,0.48210000000000003,0.5063,0.5528000000000001,0.5526,0.5537000000000001,0.5758,0.38730000000000003
2025-11-27,Arel,Sen2Cor,S2B_MSIL2A_20251127T113319_N0511_R080_T28QCH_20251127T134745.SAFE,C:\Users\Simon\Nextcloud\Project\Mauritania\Science\Arguin - FieldWork Data Processing\Data\S2\Sen2Cor\S2B_MSIL2A_20251127T113319_N0511_R080_T28QCH_20251127T134745.zip,261,9881,4269,342695.0,2201225.0,0.22610000000000002,0.2778,0.33080000000000004,0.4264,0.48310000000000003,0.48210000000000003,0.5063,0.5416000000000001,0.5526,0.5537000000000001,0.5758,0.38730000000000003
2025-11-27,Arel,Sen2Cor,S2B_MSIL2A_20251127T113319_N0511_R080_T28QCH_20251127T134745.SAFE,C:\Users\Simon\Nextcloud\Project\Mauritania\Science\Arguin - FieldWork Data Processing\Data\S2\Sen2Cor\S2B_MSIL2A_20251127T113319_N0511_R080_T28QCH_20251127T134745.zip,262,9881,4270,342705.0,2201225.0,0.2277,0.2962,0.3528,0.4424,0.48460000000000003,0.49410000000000004,0.5175000000000001,0.554,0.5546,0.5537000000000001,0.5807,0.4096
2025-11-27,Arel,Sen2Cor,S2B_MSIL2A_20251127T113319_N0511_R080_T28QCH_20251127T134745.SAFE,C:\Users\Simon\Nextcloud\Project\Mauritania\Science\Arguin - FieldWork Data Processing\Data\S2\Sen2Cor\S2B_MSIL2A_20251127T113319_N0511_R080_T28QCH_20251127T134745.zip,263,9881,4271,342715.0,2201225.0,0.2277,0.2866,0.3508,0.446,0.48460000000000003,0.49410000000000004,0.5175000000000001,0.5504,0.5546,0.5537000000000001,0.5807,0.4096
2025-11-27,Arel,Sen2Cor,S2B_MSIL2A_20251127T113319_N0511_R080_T28QCH_20251127T134745.SAFE,C:\Users\Simon\Nextcloud\Project\Mauritania\Science\Arguin - FieldWork Data Processing\Data\S2\Sen2Cor\S2B_MSIL2A_20251127T113319_N0511_R080_T28QCH_20251127T134745.zip,264,9881,4272,342725.0,2201225.0,0.23290000000000002,0.2874,0.3552,0.45280000000000004,0.5072,0.5137,0.54,0.5616,0.5767,0.5582,0.5922000000000001,0.43360000000000004
2025-11-27,Arel,Sen2Cor,S2B_MSIL2A_20251127T113319_N0511_R080_T28QCH_20251127T134745.SAFE,C:\Users\Simon\Nextcloud\Project\Mauritania\Science\Arguin - FieldWork Data Processing\Data\S2\Sen2Cor\S2B_MSIL2A_20251127T113319_N0511_R080_T28QCH_20251127T134745.zip,265,9881,4273,342735.0,2201225.0,0.23290000000000002,0.2944,0.3584,0.45480000000000004,0.5072,0.5137,0.54,0.5668000000000001,0.5767,0.5582,0.5922000000000001,0.43360000000000004
2025-11-27,Arel,Sen2Cor,S2B_MSIL2A_20251127T113319_N0511_R080_T28QCH_20251127T134745.SAFE,C:\Users\Simon\Nextcloud\Project\Mauritania\Science\Arguin - FieldWork Data Processing\Data\S2\Sen2Cor\S2B_MSIL2A_20251127T113319_N0511_R080_T28QCH_20251127T134745.zip,266,9881,4274,342745.0,2201225.0,0.23,0.29200000000000004,0.3532,0.44680000000000003,0.49960000000000004,0.5088,0.5347000000000001,0.5628000000000001,0.5768,0.5582,0.5878,0.4182
2025-11-27,Arel,Sen2Cor,S2B_MSIL2A_20251127T113319_N0511_R080_T28QCH_20251127T134745.SAFE,C:\Users\Simon\Nextcloud\Project\Mauritania\Science\Arguin - FieldWork Data Processing\Data\S2\Sen2Cor\S2B_MSIL2A_20251127T113319_N0511_R080_T28QCH_20251127T134745.zip,267,9881,4275,342755.0,2201225.0,0.23,0.29760000000000003,0.3552,0.448,0.49960000000000004,0.5088,0.5347000000000001,0.5592,0.5768,0.5582,0.5878,0.4182
2025-11-27,Arel,Sen2Cor,S2B_MSIL2A_20251127T113319_N0511_R080_T28QCH_20251127T134745.SAFE,C:\Users\Simon\Nextcloud\Project\Mauritania\Science\Arguin - FieldWork Data Processing\Data\S2\Sen2Cor\S2B_MSIL2A_20251127T113319_N0511_R080_T28QCH_20251127T134745.zip,268,9881,4276,342765.0,2201225.0,0.21300000000000002,0.30160000000000003,0.3632,0.45280000000000004,0.5078,0.503,0.5336000000000001,0.5656,0.5778,0.5582,0.5763,0.3926
2025-11-27,Arel,Sen2Cor,S2B_MSIL2A_20251127T113319_N0511_R080_T28QCH_20251127T134745.SAFE,C:\Users\Simon\Nextcloud\Project\Mauritania\Science\Arguin - FieldWork Data Processing\Data\S2\Sen2Cor\S2B_MSIL2A_20251127T113319_N0511_R080_T28QCH_20251127T134745.zip,269,9881,4277,342775.0,2201225.0,0.21300000000000002,0.29000000000000004,0.3488,0.43,0.5078,0.503,0.5336000000000001,0.5472,0.5778,0.5582,0.5763,0.3926
2025-11-27,Arel,Sen2Cor,S2B_MSIL2A_20251127T113319_N0511_R080_T28QCH_20251127T134745.SAFE,C:\Users\Simon\Nextcloud\Project\Mauritania\Science\Arguin - FieldWork Data Processing\Data\S2\Sen2Cor\S2B_MSIL2A_20251127T113319_N0511_R080_T28QCH_20251127T134745.zip,270,9881,4278,342785.0,2201225.0,0.18760000000000002,0.2806,0.3408,0.42800000000000005,0.48850000000000005,0.5032,0.5272,0.5484,0.5585,0.433,0.5858,0.401
2025-11-27,Arel,Sen2Cor,S2B_MSIL2A_20251127T113319_N0511_R080_T28QCH_20251127T134745.SAFE,C:\Users\Simon\Nextcloud\Project\Mauritania\Science\Arguin - FieldWork Data Processing\Data\S2\Sen2Cor\S2B_MSIL2A_20251127T113319_N0511_R080_T28QCH_20251127T134745.zip,271,9881,4279,342795.0,2201225.0,0.18760000000000002,0.278,0.3532,0.44160000000000005,0.48850000000000005,0.5032,0.5272,0.5572,0.5585,0.433,0.5858,0.401
2025-11-27,Arel,Sen2Cor,S2B_MSIL2A_20251127T113319_N0511_R080_T28QCH_20251127T134745.SAFE,C:\Users\Simon\Nextcloud\Project\Mauritania\Science\Arguin - FieldWork Data Processing\Data\S2\Sen2Cor\S2B_MSIL2A_20251127T113319_N0511_R080_T28QCH_20251127T134745.zip,272,9882,4246,342465.0,2201215.0,0.2142,0.31120000000000003,0.38,0.4616,0.5312,0.5183,0.5359,0.5424,0.5502,0.4491,0.5464,0.401
2025-11-27,Arel,Sen2Cor,S2B_MSIL2A_20251127T113319_N0511_R080_T28QCH_20251127T134745.SAFE,C:\Users\Simon\Nextcloud\Project\Mauritania\Science\Arguin - FieldWork Data Processing\Data\S2\Sen2Cor\S2B_MSIL2A_20251127T113319_N0511_R080_T28QCH_20251127T134745.zip,273,9882,4247,342475.0,2201215.0,0.2142,0.3224,0.3912,0.4872,0.5312,0.5183,0.5359,0.5684,0.5502,0.4491,0.5464,0.401
2025-11-27,Arel,Sen2Cor,S2B_MSIL2A_20251127T113319_N0511_R080_T28QCH_20251127T134745.SAFE,C:\Users\Simon\Nextcloud\Project\Mauritania\Science\Arguin - FieldWork Data Processing\Data\S2\Sen2Cor\S2B_MSIL2A_20251127T113319_N0511_R080_T28QCH_20251127T134745.zip,274,9882,4248,342485.0,2201215.0,0.24380000000000002,0.3164,0.39680000000000004,0.4868,0.5364,0.5342,0.5579000000000001,0.5780000000000001,0.5713,0.5717,0.5696,0.4252
2025-11-27,Arel,Sen2Cor,S2B_MSIL2A_20251127T113319_N0511_R080_T28QCH_20251127T134745.SAFE,C:\Users\Simon\Nextcloud\Project\Mauritania\Science\Arguin - FieldWork Data Processing\Data\S2\Sen2Cor\S2B_MSIL2A_20251127T113319_N0511_R080_T28QCH_20251127T134745.zip,275,9882,4249,342495.0,2201215.0,0.24380000000000002,0.3264,0.39480000000000004,0.48560000000000003,0.5364,0.5342,0.5579000000000001,0.5700000000000001,0.5713,0.5717,0.5696,0.4252
2025-11-27,Arel,Sen2Cor,S2B_MSIL2A_20251127T113319_N0511_R080_T28QCH_20251127T134745.SAFE,C:\Users\Simon\Nextcloud\Project\Mauritania\Science\Arguin - FieldWork Data Processing\Data\S2\Sen2Cor\S2B_MSIL2A_20251127T113319_N0511_R080_T28QCH_20251127T134745.zip,276,9882,4250,342505.0,2201215.0,0.2627,0.3428,0.40280000000000005,0.49160000000000004,0.5368,0.5337000000000001,0.5525,0.5692,0.5711,0.5717,0.5670000000000001,0.41550000000000004
2025-11-27,Arel,Sen2Cor,S2B_MSIL2A_20251127T113319_N0511_R080_T28QCH_20251127T134745.SAFE,C:\Users\Simon\Nextcloud\Project\Mauritania\Science\Arguin - FieldWork Data Processing\Data\S2\Sen2Cor\S2B_MSIL2A_20251127T113319_N0511_R080_T28QCH_20251127T134745.zip,277,9882,4251,342515.0,2201215.0,0.2627,0.332,0.4048,0.4964,0.5368,0.5337000000000001,0.5525,0.5708,0.5711,0.5717,0.5670000000000001,0.41550000000000004
2025-11-27,Arel,Sen2Cor,S2B_MSIL2A_20251127T113319_N0511_R080_T28QCH_20251127T134745.SAFE,C:\Users\Simon\Nextcloud\Project\Mauritania\Science\Arguin - FieldWork Data Processing\Data\S2\Sen2Cor\S2B_MSIL2A_20251127T113319_N0511_R080_T28QCH_20251127T134745.zip,278,9882,4252,342525.0,2201215.0,0.27090000000000003,0.322,0.392,0.4844,0.5247,0.5303,0.5466,0.5680000000000001,0.5573,0.5717,0.5764,0.42400000000000004
2025-11-27,Arel,Sen2Cor,S2B_MSIL2A_20251127T113319_N0511_R080_T28QCH_20251127T134745.SAFE,C:\Users\Simon\Nextcloud\Project\Mauritania\Science\Arguin - FieldWork Data Processing\Data\S2\Sen2Cor\S2B_MSIL2A_20251127T113319_N0511_R080_T28QCH_20251127T134745.zip,279,9882,4253,342535.0,2201215.0,0.27090000000000003,0.3144,0.3864,0.4868,0.5247,0.5303,0.5466,0.5688,0.5573,0.5717,0.5764,0.42400000000000004
2025-11-27,Arel,Sen2Cor,S2B_MSIL2A_20251127T113319_N0511_R080_T28QCH_20251127T134745.SAFE,C:\Users\Simon\Nextcloud\Project\Mauritania\Science\Arguin - FieldWork Data Processing\Data\S2\Sen2Cor\S2B_MSIL2A_20251127T113319_N0511_R080_T28QCH_20251127T134745.zip,280,9882,4254,342545.0,2201215.0,0.2701,0.3284,0.3996,0.4964,0.5464,0.5437000000000001,0.5645,0.5824,0.5884,0.5700000000000001,0.5875,0.44220000000000004
2025-11-27,Arel,Sen2Cor,S2B_MSIL2A_20251127T113319_N0511_R080_T28QCH_20251127T134745.SAFE,C:\Users\Simon\Nextcloud\Project\Mauritania\Science\Arguin - FieldWork Data Processing\Data\S2\Sen2Cor\S2B_MSIL2A_20251127T113319_N0511_R080_T28QCH_20251127T134745.zip,281,9882,4255,342555.0,2201215.0,0.2701,0.35200000000000004,0.4184,0.5084000000000001,0.5464,0.5437000000000001,0.5645,0.5892000000000001,0.5884,0.5700000000000001,0.5875,0.44220000000000004
2025-11-27,Arel,Sen2Cor,S2B_MSIL2A_20251127T113319_N0511_R080_T28QCH_20251127T134745.SAFE,C:\Users\Simon\Nextcloud\Project\Mauritania\Science\Arguin - FieldWork Data Processing\Data\S2\Sen2Cor\S2B_MSIL2A_20251127T113319_N0511_R080_T28QCH_20251127T134745.zip,282,9882,4256,342565.0,2201215.0,0.2674,0.35000000000000003,0.42000000000000004,0.5116,0.5553,0.5518000000000001,0.5691,0.5876,0.5935,0.5700000000000001,0.5900000000000001,0.4409
2025-11-27,Arel,Sen2Cor,S2B_MSIL2A_20251127T113319_N0511_R080_T28QCH_20251127T134745.SAFE,C:\Users\Simon\Nextcloud\Project\Mauritania\Science\Arguin - FieldWork Data Processing\Data\S2\Sen2Cor\S2B_MSIL2A_20251127T113319_N0511_R080_T28QCH_20251127T134745.zip,283,9882,4257,342575.0,2201215.0,0.2674,0.35000000000000003,0.4048,0.5028,0.5553,0.5518000000000001,0.5691,0.5820000000000001,0.5935,0.5700000000000001,0.5900000000000001,0.4409
2025-11-27,Arel,Sen2Cor,S2B_MSIL2A_20251127T113319_N0511_R080_T28QCH_20251127T134745.SAFE,C:\Users\Simon\Nextcloud\Project\Mauritania\Science\Arguin - FieldWork Data Processing\Data\S2\Sen2Cor\S2B_MSIL2A_20251127T113319_N0511_R080_T28QCH_20251127T134745.zip,284,9882,4258,342585.0,2201215.0,0.2581,0.3492,0.4108,0.5048,0.5348,0.5315,0.5567,0.5832,0.5768,0.5700000000000001,0.5894,0.442
2025-11-27,Arel,Sen2Cor,S2B_MSIL2A_20251127T113319_N0511_R080_T28QCH_20251127T134745.SAFE,C:\Users\Simon\Nextcloud\Project\Mauritania\Science\Arguin - FieldWork Data Processing\Data\S2\Sen2Cor\S2B_MSIL2A_20251127T113319_N0511_R080_T28QCH_20251127T134745.zip,285,9882,4259,342595.0,2201215.0,0.2581,0.35600000000000004,0.4244,0.516,0.5348,0.5315,0.5567,0.5928,0.5768,0.5700000000000001,0.5894,0.442
2025-11-27,Arel,Sen2Cor,S2B_MSIL2A_20251127T113319_N0511_R080_T28QCH_20251127T134745.SAFE,C:\Users\Simon\Nextcloud\Project\Mauritania\Science\Arguin - FieldWork Data Processing\Data\S2\Sen2Cor\S2B_MSIL2A_20251127T113319_N0511_R080_T28QCH_20251127T134745.zip,286,9882,4260,342605.0,2201215.0,0.2454,0.3452,0.40840000000000004,0.4964,0.5289,0.5249,0.5523,0.5820000000000001,0.5783,0.539,0.5847,0.4202
2025-11-27,Arel,Sen2Cor,S2B_MSIL2A_20251127T113319_N0511_R080_T28QCH_20251127T134745.SAFE,C:\Users\Simon\Nextcloud\Project\Mauritania\Science\Arguin - FieldWork Data Processing\Data\S2\Sen2Cor\S2B_MSIL2A_20251127T113319_N0511_R080_T28QCH_20251127T134745.zip,287,9882,4261,342615.0,2201215.0,0.2454,0.324,0.3904,0.4768,0.5289,0.5249,0.5523,0.5752,0.5783,0.539,0.5847,0.4202
2025-11-27,Arel,Sen2Cor,S2B_MSIL2A_20251127T113319_N0511_R080_T28QCH_20251127T134745.SAFE,C:\Users\Simon\Nextcloud\Project\Mauritania\Science\Arguin - FieldWork Data Processing\Data\S2\Sen2Cor\S2B_MSIL2A_20251127T113319_N0511_R080_T28QCH_20251127T134745.zip,288,9882,4262,342625.0,2201215.0,0.2346,0.316,0.3796,0.468,0.48850000000000005,0.4949,0.5214,0.5656,0.5513,0.539,0.5640000000000001,0.3907
2025-11-27,Arel,Sen2Cor,S2B_MSIL2A_20251127T113319_N0511_R080_T28QCH_20251127T134745.SAFE,C:\Users\Simon\Nextcloud\Project\Mauritania\Science\Arguin - FieldWork Data Processing\Data\S2\Sen2Cor\S2B_MSIL2A_20251127T113319_N0511_R080_T28QCH_20251127T134745.zip,289,9882,4263,342635.0,2201215.0,0.2346,0.3018,0.3588,0.446,0.48850000000000005,0.4949,0.5214,0.544,0.5513,0.539,0.5640000000000001,0.3907
2025-11-27,Arel,Sen2Cor,S2B_MSIL2A_20251127T113319_N0511_R080_T28QCH_20251127T134745.SAFE,C:\Users\Simon\Nextcloud\Project\Mauritania\Science\Arguin - FieldWork Data Processing\Data\S2\Sen2Cor\S2B_MSIL2A_20251127T113319_N0511_R080_T28QCH_20251127T134745.zip,290,9882,4264,342645.0,2201215.0,0.2272,0.2766,0.3336,0.4184,0.4454,0.45120000000000005,0.48040000000000005,0.5296000000000001,0.5208,0.539,0.5456,0.3598
2025-11-27,Arel,Sen2Cor,S2B_MSIL2A_20251127T113319_N0511_R080_T28QCH_20251127T134745.SAFE,C:\Users\Simon\Nextcloud\Project\Mauritania\Science\Arguin - FieldWork Data Processing\Data\S2\Sen2Cor\S2B_MSIL2A_20251127T113319_N0511_R080_T28QCH_20251127T134745.zip,291,9882,4265,342655.0,2201215.0,0.2272,0.27240000000000003,0.3244,0.4192,0.4454,0.45120000000000005,0.48040000000000005,0.5268,0.5208,0.539,0.5456,0.3598
2025-11-27,Arel,Sen2Cor,S2B_MSIL2A_20251127T113319_N0511_R080_T28QCH_20251127T134745.SAFE,C:\Users\Simon\Nextcloud\Project\Mauritania\Science\Arguin - FieldWork Data Processing\Data\S2\Sen2Cor\S2B_MSIL2A_20251127T113319_N0511_R080_T28QCH_20251127T134745.zip,292,9882,4266,342665.0,2201215.0,0.2215,0.2692,0.3284,0.4032,0.46040000000000003,0.4627,0.4948,0.5216000000000001,0.5418000000000001,0.5378000000000001,0.5583,0.36710000000000004
2025-11-27,Arel,Sen2Cor,S2B_MSIL2A_20251127T113319_N0511_R080_T28QCH_20251127T134745.SAFE,C:\Users\Simon\Nextcloud\Project\Mauritania\Science\Arguin - FieldWork Data Processing\Data\S2\Sen2Cor\S2B_MSIL2A_20251127T113319_N0511_R080_T28QCH_20251127T134745.zip,293,9882,4267,342675.0,2201215.0,0.2215,0.29560000000000003,0.35200000000000004,0.4408,0.46040000000000003,0.4627,0.4948,0.546,0.5418000000000001,0.5378000000000001,0.5583,0.36710000000000004
2025-11-27,Arel,Sen2Cor,S2B_MSIL2A_20251127T113319_N0511_R080_T28QCH_20251127T134745.SAFE,C:\Users\Simon\Nextcloud\Project\Mauritania\Science\Arguin - FieldWork Data Processing\Data\S2\Sen2Cor\S2B_MSIL2A_20251127T113319_N0511_R080_T28QCH_20251127T134745.zip,294,9882,4268,342685.0,2201215.0,0.2184,0.30660000000000004,0.3672,0.45080000000000003,0.47290000000000004,0.47940000000000005,0.5183,0.5640000000000001,0.5542,0.5378000000000001,0.5733,0.38620000000000004
2025-11-27,Arel,Sen2Cor,S2B_MSIL2A_20251127T113319_N0511_R080_T28QCH_20251127T134745.SAFE,C:\Users\Simon\Nextcloud\Project\Mauritania\Science\Arguin - FieldWork Data Processing\Data\S2\Sen2Cor\S2B_MSIL2A_20251127T113319_N0511_R080_T28QCH_20251127T134745.zip,295,9882,4269,342695.0,2201215.0,0.2184,0.2964,0.3564,0.4476,0.47290000000000004,0.47940000000000005,0.5183,0.5552,0.5542,0.5378000000000001,0.5733,0.38620000000000004
2025-11-27,Arel,Sen2Cor,S2B_MSIL2A_20251127T113319_N0511_R080_T28QCH_20251127T134745.SAFE,C:\Users\Simon\Nextcloud\Project\Mauritania\Science\Arguin - FieldWork Data Processing\Data\S2\Sen2Cor\S2B_MSIL2A_20251127T113319_N0511_R080_T28QCH_20251127T134745.zip,296,9882,4270,342705.0,2201215.0,0.2243,0.2954,0.35400000000000004,0.446,0.48160000000000003,0.49260000000000004,0.5226000000000001,0.56,0.5615,0.5378000000000001,0.5870000000000001,0.4178
2025-11-27,Arel,Sen2Cor,S2B_MSIL2A_20251127T113319_N0511_R080_T28QCH_20251127T134745.SAFE,C:\Users\Simon\Nextcloud\Project\Mauritania\Science\Arguin - FieldWork Data Processing\Data\S2\Sen2Cor\S2B_MSIL2A_20251127T113319_N0511_R080_T28QCH_20251127T134745.zip,297,9882,4271,342715.0,2201215.0,0.2243,0.2836,0.3488,0.4444,0.48160000000000003,0.49260000000000004,0.5226000000000001,0.5532,0.5615,0.5378000000000001,0.5870000000000001,0.4178
2025-11-27,Arel,Sen2Cor,S2B_MSIL2A_20251127T113319_N0511_R080_T28QCH_20251127T134745.SAFE,C:\Users\Simon\Nextcloud\Project\Mauritania\Science\Arguin - FieldWork Data Processing\Data\S2\Sen2Cor\S2B_MSIL2A_20251127T113319_N0511_R080_T28QCH_20251127T134745.zip,298,9882,4272,342725.0,2201215.0,0.2325,0.28,0.34440000000000004,0.4444,0.49660000000000004,0.5034000000000001,0.5305,0.56,0.5713,0.5758,0.5925,0.42160000000000003
2025-11-27,Arel,Sen2Cor,S2B_MSIL2A_20251127T113319_N0511_R080_T28QCH_20251127T134745.SAFE,C:\Users\Simon\Nextcloud\Project\Mauritania\Science\Arguin - FieldWork Data Processing\Data\S2\Sen2Cor\S2B_MSIL2A_20251127T113319_N0511_R080_T28QCH_20251127T134745.zip,299,9882,4273,342735.0,2201215.0,0.2325,0.29460000000000003,0.35200000000000004,0.4496,0.49660000000000004,0.5034000000000001,0.5305,0.5612,0.5713,0.5758,0.5925,0.42160000000000003
2025-11-27,Arel,Sen2Cor,S2B_MSIL2A_20251127T113319_N0511_R080_T28QCH_20251127T134745.SAFE,C:\Users\Simon\Nextcloud\Project\Mauritania\Science\Arguin - FieldWork Data Processing\Data\S2\Sen2Cor\S2B_MSIL2A_20251127T113319_N0511_R080_T28QCH_20251127T134745.zip,300,9882,4274,342745.0,2201215.0,0.23270000000000002,0.2942,0.3536,0.44160000000000005,0.4918,0.5002,0.5265000000000001,0.554,0.5730000000000001,0.5758,0.5856,0.3955
2025-11-27,Arel,Sen2Cor,S2B_MSIL2A_20251127T113319_N0511_R080_T28QCH_20251127T134745.SAFE,C:\Users\Simon\Nextcloud\Project\Mauritania\Science\Arguin - FieldWork Data Processing\Data\S2\Sen2Cor\S2B_MSIL2A_20251127T113319_N0511_R080_T28QCH_20251127T134745.zip,301,9882,4275,342755.0,2201215.0,0.23270000000000002,0.2832,0.3428,0.4312,0.4918,0.5002,0.5265000000000001,0.5508000000000001,0.5730000000000001,0.5758,0.5856,0.3955
2025-11-27,Arel,Sen2Cor,S2B_MSIL2A_20251127T113319_N0511_R080_T28QCH_20251127T134745.SAFE,C:\Users\Simon\Nextcloud\Project\Mauritania\Science\Arguin - FieldWork Data Processing\Data\S2\Sen2Cor\S2B_MSIL2A_20251127T113319_N0511_R080_T28QCH_20251127T134745.zip,302,9882,4276,342765.0,2201215.0,0.21780000000000002,0.2854,0.34640000000000004,0.436,0.4893,0.49520000000000003,0.5285000000000001,0.5644,0.5757,0.5758,0.5927,0.4113
2025-11-27,Arel,Sen2Cor,S2B_MSIL2A_20251127T113319_N0511_R080_T28QCH_20251127T134745.SAFE,C:\Users\Simon\Nextcloud\Project\Mauritania\Science\Arguin - FieldWork Data Processing\Data\S2\Sen2Cor\S2B_MSIL2A_20251127T113319_N0511_R080_T28QCH_20251127T134745.zip,303,9882,4277,342775.0,2201215.0,0.21780000000000002,0.281,0.3332,0.4284,0.4893,0.49520000000000003,0.5285000000000001,0.5456,0.5757,0.5758,0.5927,0.4113
2025-11-27,Arel,Sen2Cor,S2B_MSIL2A_20251127T113319_N0511_R080_T28QCH_20251127T134745.SAFE,C:\Users\Simon\Nextcloud\Project\Mauritania\Science\Arguin - FieldWork Data Processing\Data\S2\Sen2Cor\S2B_MSIL2A_20251127T113319_N0511_R080_T28QCH_20251127T134745.zip,304,9882,4278,342785.0,2201215.0,0.1947,0.2796,0.342,0.434,0.4833,0.4969,0.5216000000000001,0.5568000000000001,0.5594,0.48360000000000003,0.6019,0.44520000000000004
2025-11-27,Arel,Sen2Cor,S2B_MSIL2A_20251127T113319_N0511_R080_T28QCH_20251127T134745.SAFE,C:\Users\Simon\Nextcloud\Project\Mauritania\Science\Arguin - FieldWork Data Processing\Data\S2\Sen2Cor\S2B_MSIL2A_20251127T113319_N0511_R080_T28QCH_20251127T134745.zip,305,9882,4279,342795.0,2201215.0,0.1947,0.2768,0.3428,0.4404,0.4833,0.4969,0.5216000000000001,0.5456,0.5594,0.48360000000000003,0.6019,0.44520000000000004
2025-11-27,Arel,Sen2Cor,S2B_MSIL2A_20251127T113319_N0511_R080_T28QCH_20251127T134745.SAFE,C:\Users\Simon\Nextcloud\Project\Mauritania\Science\Arguin - FieldWork Data Processing\Data\S2\Sen2Cor\S2B_MSIL2A_20251127T113319_N0511_R080_T28QCH_20251127T134745.zip,306,9883,4246,342465.0,2201205.0,0.2142,0.31,0.3776,0.4632,0.5312,0.5183,0.5359,0.5464,0.5502,0.4491,0.5464,0.401
2025-11-27,Arel,Sen2Cor,S2B_MSIL2A_20251127T113319_N0511_R080_T28QCH_20251127T134745.SAFE,C:\Users\Simon\Nextcloud\Project\Mauritania\Science\Arguin - FieldWork Data Processing\Data\S2\Sen2Cor\S2B_MSIL2A_20251127T113319_N0511_R080_T28QCH_20251127T134745.zip,307,9883,4247,342475.0,2201205.0,0.2142,0.322,0.3884,0.48600000000000004,0.5312,0.5183,0.5359,0.5684,0.5502,0.4491,0.5464,0.401
2025-11-27,Arel,Sen2Cor,S2B_MSIL2A_20251127T113319_N0511_R080_T28QCH_20251127T134745.SAFE,C:\Users\Simon\Nextcloud\Project\Mauritania\Science\Arguin - FieldWork Data Processing\Data\S2\Sen2Cor\S2B_MSIL2A_20251127T113319_N0511_R080_T28QCH_20251127T134745.zip,308,9883,4248,342485.0,2201205.0,0.24380000000000002,0.31920000000000004,0.3896,0.4848,0.5364,0.5342,0.5579000000000001,0.5680000000000001,0.5713,0.5717,0.5696,0.4252
2025-11-27,Arel,Sen2Cor,S2B_MSIL2A_20251127T113319_N0511_R080_T28QCH_20251127T134745.SAFE,C:\Users\Simon\Nextcloud\Project\Mauritania\Science\Arguin - FieldWork Data Processing\Data\S2\Sen2Cor\S2B_MSIL2A_20251127T113319_N0511_R080_T28QCH_20251127T134745.zip,309,9883,4249,342495.0,2201205.0,0.24380000000000002,0.32120000000000004,0.38480000000000003,0.4796,0.5364,0.5342,0.5579000000000001,0.5636,0.5713,0.5717,0.5696,0.4252
2025-11-27,Arel,Sen2Cor,S2B_MSIL2A_20251127T113319_N0511_R080_T28QCH_20251127T134745.SAFE,C:\Users\Simon\Nextcloud\Project\Mauritania\Science\Arguin - FieldWork Data Processing\Data\S2\Sen2Cor\S2B_MSIL2A_20251127T113319_N0511_R080_T28QCH_20251127T134745.zip,310,9883,4250,342505.0,2201205.0,0.2627,0.3432,0.3996,0.4928,0.5368,0.5337000000000001,0.5525,0.5724,0.5711,0.5717,0.5670000000000001,0.41550000000000004
2025-11-27,Arel,Sen2Cor,S2B_MSIL2A_20251127T113319_N0511_R080_T28QCH_20251127T134745.SAFE,C:\Users\Simon\Nextcloud\Project\Mauritania\Science\Arguin - FieldWork Data Processing\Data\S2\Sen2Cor\S2B_MSIL2A_20251127T113319_N0511_R080_T28QCH_20251127T134745.zip,311,9883,4251,342515.0,2201205.0,0.2627,0.3396,0.4048,0.49720000000000003,0.5368,0.5337000000000001,0.5525,0.5700000000000001,0.5711,0.5717,0.5670000000000001,0.41550000000000004
2025-11-27,Arel,Sen2Cor,S2B_MSIL2A_20251127T113319_N0511_R080_T28QCH_20251127T134745.SAFE,C:\Users\Simon\Nextcloud\Project\Mauritania\Science\Arguin - FieldWork Data Processing\Data\S2\Sen2Cor\S2B_MSIL2A_20251127T113319_N0511_R080_T28QCH_20251127T134745.zip,312,9883,4252,342525.0,2201205.0,0.27090000000000003,0.3176,0.38480000000000003,0.4696,0.5247,0.5303,0.5466,0.5572,0.5573,0.5717,0.5764,0.42400000000000004
2025-11-27,Arel,Sen2Cor,S2B_MSIL2A_20251127T113319_N0511_R080_T28QCH_20251127T134745.SAFE,C:\Users\Simon\Nextcloud\Project\Mauritania\Science\Arguin - FieldWork Data Processing\Data\S2\Sen2Cor\S2B_MSIL2A_20251127T113319_N0511_R080_T28QCH_20251127T134745.zip,313,9883,4253,342535.0,2201205.0,0.27090000000000003,0.30460000000000004,0.36960000000000004,0.46480000000000005,0.5247,0.5303,0.5466,0.5512,0.5573,0.5717,0.5764,0.42400000000000004
2025-11-27,Arel,Sen2Cor,S2B_MSIL2A_20251127T113319_N0511_R080_T28QCH_20251127T134745.SAFE,C:\Users\Simon\Nextcloud\Project\Mauritania\Science\Arguin - FieldWork Data Processing\Data\S2\Sen2Cor\S2B_MSIL2A_20251127T113319_N0511_R080_T28QCH_20251127T134745.zip,314,9883,4254,342545.0,2201205.0,0.2701,0.3124,0.3884,0.4868,0.5464,0.5437000000000001,0.5645,0.5772,0.5884,0.5700000000000001,0.5875,0.44220000000000004
2025-11-27,Arel,Sen2Cor,S2B_MSIL2A_20251127T113319_N0511_R080_T28QCH_20251127T134745.SAFE,C:\Users\Simon\Nextcloud\Project\Mauritania\Science\Arguin - FieldWork Data Processing\Data\S2\Sen2Cor\S2B_MSIL2A_20251127T113319_N0511_R080_T28QCH_20251127T134745.zip,315,9883,4255,342555.0,2201205.0,0.2701,0.3412,0.4108,0.5028,0.5464,0.5437000000000001,0.5645,0.5848,0.5884,0.5700000000000001,0.5875,0.44220000000000004
2025-11-27,Arel,Sen2Cor,S2B_MSIL2A_20251127T113319_N0511_R080_T28QCH_20251127T134745.SAFE,C:\Users\Simon\Nextcloud\Project\Mauritania\Science\Arguin - FieldWork Data Processing\Data\S2\Sen2Cor\S2B_MSIL2A_20251127T113319_N0511_R080_T28QCH_20251127T134745.zip,316,9883,4256,342565.0,2201205.0,0.2674,0.3524,0.4208,0.5092,0.5553,0.5518000000000001,0.5691,0.5860000000000001,0.5935,0.5700000000000001,0.5900000000000001,0.4409
2025-11-27,Arel,Sen2Cor,S2B_MSIL2A_20251127T113319_N0511_R080_T28QCH_20251127T134745.SAFE,C:\Users\Simon\Nextcloud\Project\Mauritania\Science\Arguin - FieldWork Data Processing\Data\S2\Sen2Cor\S2B_MSIL2A_20251127T113319_N0511_R080_T28QCH_20251127T134745.zip,317,9883,4257,342575.0,2201205.0,0.2674,0.3496,0.41400000000000003,0.5008,0.5553,0.5518000000000001,0.5691,0.5820000000000001,0.5935,0.5700000000000001,0.5900000000000001,0.4409
2025-11-27,Arel,Sen2Cor,S2B_MSIL2A_20251127T113319_N0511_R080_T28QCH_20251127T134745.SAFE,C:\Users\Simon\Nextcloud\Project\Mauritania\Science\Arguin - FieldWork Data Processing\Data\S2\Sen2Cor\S2B_MSIL2A_20251127T113319_N0511_R080_T28QCH_20251127T134745.zip,318,9883,4258,342585.0,2201205.0,0.2581,0.32320000000000004,0.3912,0.48040000000000005,0.5348,0.5315,0.5567,0.5688,0.5768,0.5700000000000001,0.5894,0.442
2025-11-27,Arel,Sen2Cor,S2B_MSIL2A_20251127T113319_N0511_R080_T28QCH_20251127T134745.SAFE,C:\Users\Simon\Nextcloud\Project\Mauritania\Science\Arguin - FieldWork Data Processing\Data\S2\Sen2Cor\S2B_MSIL2A_20251127T113319_N0511_R080_T28QCH_20251127T134745.zip,319,9883,4259,342595.0,2201205.0,0.2581,0.32280000000000003,0.382,0.4776,0.5348,0.5315,0.5567,0.5648000000000001,0.5768,0.5700000000000001,0.5894,0.442
2025-11-27,Arel,Sen2Cor,S2B_MSIL2A_20251127T113319_N0511_R080_T28QCH_20251127T134745.SAFE,C:\Users\Simon\Nextcloud\Project\Mauritania\Science\Arguin - FieldWork Data Processing\Data\S2\Sen2Cor\S2B_MSIL2A_20251127T113319_N0511_R080_T28QCH_20251127T134745.zip,320,9883,4260,342605.0,2201205.0,0.2454,0.3284,0.38680000000000003,0.4792,0.5289,0.5249,0.5523,0.5684,0.5783,0.539,0.5847,0.4202
2025-11-27,Arel,Sen2Cor,S2B_MSIL2A_20251127T113319_N0511_R080_T28QCH_20251127T134745.SAFE,C:\Users\Simon\Nextcloud\Project\Mauritania\Science\Arguin - FieldWork Data Processing\Data\S2\Sen2Cor\S2B_MSIL2A_20251127T113319_N0511_R080_T28QCH_20251127T134745.zip,321,9883,4261,342615.0,2201205.0,0.2454,0.312,0.376,0.4676,0.5289,0.5249,0.5523,0.5644,0.5783,0.539,0.5847,0.4202
2025-11-27,Arel,Sen2Cor,S2B_MSIL2A_20251127T113319_N0511_R080_T28QCH_20251127T134745.SAFE,C:\Users\Simon\Nextcloud\Project\Mauritania\Science\Arguin - FieldWork Data Processing\Data\S2\Sen2Cor\S2B_MSIL2A_20251127T113319_N0511_R080_T28QCH_20251127T134745.zip,322,9883,4262,342625.0,2201205.0,0.2346,0.3008,0.3588,0.4524,0.48850000000000005,0.4949,0.5214,0.55,0.5513,0.539,0.5640000000000001,0.3907
2025-11-27,Arel,Sen2Cor,S2B_MSIL2A_20251127T113319_N0511_R080_T28QCH_20251127T134745.SAFE,C:\Users\Simon\Nextcloud\Project\Mauritania\Science\Arguin - FieldWork Data Processing\Data\S2\Sen2Cor\S2B_MSIL2A_20251127T113319_N0511_R080_T28QCH_20251127T134745.zip,323,9883,4263,342635.0,2201205.0,0.2346,0.2888,0.34040000000000004,0.4192,0.48850000000000005,0.4949,0.5214,0.5244,0.5513,0.539,0.5640000000000001,0.3907
2025-11-27,Arel,Sen2Cor,S2B_MSIL2A_20251127T113319_N0511_R080_T28QCH_20251127T134745.SAFE,C:\Users\Simon\Nextcloud\Project\Mauritania\Science\Arguin - FieldWork Data Processing\Data\S2\Sen2Cor\S2B_MSIL2A_20251127T113319_N0511_R080_T28QCH_20251127T134745.zip,324,9883,4264,342645.0,2201205.0,0.2272,0.2556,0.3144,0.38680000000000003,0.4454,0.45120000000000005,0.48040000000000005,0.502,0.5208,0.539,0.5456,0.3598
2025-11-27,Arel,Sen2Cor,S2B_MSIL2A_20251127T113319_N0511_R080_T28QCH_20251127T134745.SAFE,C:\Users\Simon\Nextcloud\Project\Mauritania\Science\Arguin - FieldWork Data Processing\Data\S2\Sen2Cor\S2B_MSIL2A_20251127T113319_N0511_R080_T28QCH_20251127T134745.zip,325,9883,4265,342655.0,2201205.0,0.2272,0.25320000000000004,0.2994,0.3748,0.4454,0.45120000000000005,0.48040000000000005,0.49200000000000005,0.5208,0.539,0.5456,0.3598
2025-11-27,Arel,Sen2Cor,S2B_MSIL2A_20251127T113319_N0511_R080_T28QCH_20251127T134745.SAFE,C:\Users\Simon\Nextcloud\Project\Mauritania\Science\Arguin - FieldWork Data Processing\Data\S2\Sen2Cor\S2B_MSIL2A_20251127T113319_N0511_R080_T28QCH_20251127T134745.zip,326,9883,4266,342665.0,2201205.0,0.2215,0.2592,0.3068,0.37920000000000004,0.46040000000000003,0.4627,0.4948,0.498,0.5418000000000001,0.5378000000000001,0.5583,0.36710000000000004
2025-11-27,Arel,Sen2Cor,S2B_MSIL2A_20251127T113319_N0511_R080_T28QCH_20251127T134745.SAFE,C:\Users\Simon\Nextcloud\Project\Mauritania\Science\Arguin - FieldWork Data Processing\Data\S2\Sen2Cor\S2B_MSIL2A_20251127T113319_N0511_R080_T28QCH_20251127T134745.zip,327,9883,4267,342675.0,2201205.0,0.2215,0.2788,0.3312,0.4156,0.46040000000000003,0.4627,0.4948,0.524,0.5418000000000001,0.5378000000000001,0.5583,0.36710000000000004
2025-11-27,Arel,Sen2Cor,S2B_MSIL2A_20251127T113319_N0511_R080_T28QCH_20251127T134745.SAFE,C:\Users\Simon\Nextcloud\Project\Mauritania\Science\Arguin - FieldWork Data Processing\Data\S2\Sen2Cor\S2B_MSIL2A_20251127T113319_N0511_R080_T28QCH_20251127T134745.zip,328,9883,4268,342685.0,2201205.0,0.2184,0.29760000000000003,0.3528,0.4364,0.47290000000000004,0.47940000000000005,0.5183,0.5508000000000001,0.5542,0.5378000000000001,0.5733,0.38620000000000004
2025-11-27,Arel,Sen2Cor,S2B_MSIL2A_20251127T113319_N0511_R080_T28QCH_20251127T134745.SAFE,C:\Users\Simon\Nextcloud\Project\Mauritania\Science\Arguin - FieldWork Data Processing\Data\S2\Sen2Cor\S2B_MSIL2A_20251127T113319_N0511_R080_T28QCH_20251127T134745.zip,329,9883,4269,342695.0,2201205.0,0.2184,0.2862,0.342,0.43,0.47290000000000004,0.47940000000000005,0.5183,0.5404,0.5542,0.5378000000000001,0.5733,0.38620000000000004
2025-11-27,Arel,Sen2Cor,S2B_MSIL2A_20251127T113319_N0511_R080_T28QCH_20251127T134745.SAFE,C:\Users\Simon\Nextcloud\Project\Mauritania\Science\Arguin - FieldWork Data Processing\Data\S2\Sen2Cor\S2B_MSIL2A_20251127T113319_N0511_R080_T28QCH_20251127T134745.zip,330,9883,4270,342705.0,2201205.0,0.2243,0.2796,0.33640000000000003,0.4228,0.48160000000000003,0.49260000000000004,0.5226000000000001,0.5416000000000001,0.5615,0.5378000000000001,0.5870000000000001,0.4178
2025-11-27,Arel,Sen2Cor,S2B_MSIL2A_20251127T113319_N0511_R080_T28QCH_20251127T134745.SAFE,C:\Users\Simon\Nextcloud\Project\Mauritania\Science\Arguin - FieldWork Data Processing\Data\S2\Sen2Cor\S2B_MSIL2A_20251127T113319_N0511_R080_T28QCH_20251127T134745.zip,331,9883,4271,342715.0,2201205.0,0.2243,0.28,0.3412,0.436,0.48160000000000003,0.49260000000000004,0.5226000000000001,0.5536,0.5615,0.5378000000000001,0.5870000000000001,0.4178
2025-11-27,Arel,Sen2Cor,S2B_MSIL2A_20251127T113319_N0511_R080_T28QCH_20251127T134745.SAFE,C:\Users\Simon\Nextcloud\Project\Mauritania\Science\Arguin - FieldWork Data Processing\Data\S2\Sen2Cor\S2B_MSIL2A_20251127T113319_N0511_R080_T28QCH_20251127T134745.zip,332,9883,4272,342725.0,2201205.0,0.2325,0.2866,0.3488,0.4484,0.49660000000000004,0.5034000000000001,0.5305,0.5616,0.5713,0.5758,0.5925,0.42160000000000003
2025-11-27,Arel,Sen2Cor,S2B_MSIL2A_20251127T113319_N0511_R080_T28QCH_20251127T134745.SAFE,C:\Users\Simon\Nextcloud\Project\Mauritania\Science\Arguin - FieldWork Data Processing\Data\S2\Sen2Cor\S2B_MSIL2A_20251127T113319_N0511_R080_T28QCH_20251127T134745.zip,333,9883,4273,342735.0,2201205.0,0.2325,0.2938,0.3528,0.4496,0.49660000000000004,0.5034000000000001,0.5305,0.5616,0.5713,0.5758,0.5925,0.42160000000000003
2025-11-27,Arel,Sen2Cor,S2B_MSIL2A_20251127T113319_N0511_R080_T28QCH_20251127T134745.SAFE,C:\Users\Simon\Nextcloud\Project\Mauritania\Science\Arguin - FieldWork Data Processing\Data\S2\Sen2Cor\S2B_MSIL2A_20251127T113319_N0511_R080_T28QCH_20251127T134745.zip,334,9883,4274,342745.0,2201205.0,0.23270000000000002,0.2868,0.3468,0.438,0.4918,0.5002,0.5265000000000001,0.5584,0.5730000000000001,0.5758,0.5856,0.3955
2025-11-27,Arel,Sen2Cor,S2B_MSIL2A_20251127T113319_N0511_R080_T28QCH_20251127T134745.SAFE,C:\Users\Simon\Nextcloud\Project\Mauritania\Science\Arguin - FieldWork Data Processing\Data\S2\Sen2Cor\S2B_MSIL2A_20251127T113319_N0511_R080_T28QCH_20251127T134745.zip,335,9883,4275,342755.0,2201205.0,0.23270000000000002,0.26780000000000004,0.3316,0.41960000000000003,0.4918,0.5002,0.5265000000000001,0.5524,0.5730000000000001,0.5758,0.5856,0.3955
2025-11-27,Arel,Sen2Cor,S2B_MSIL2A_20251127T113319_N0511_R080_T28QCH_20251127T134745.SAFE,C:\Users\Simon\Nextcloud\Project\Mauritania\Science\Arguin - FieldWork Data Processing\Data\S2\Sen2Cor\S2B_MSIL2A_20251127T113319_N0511_R080_T28QCH_20251127T134745.zip,336,9883,4276,342765.0,2201205.0,0.21780000000000002,0.2718,0.332,0.42960000000000004,0.4893,0.49520000000000003,0.5285000000000001,0.5556,0.5757,0.5758,0.5927,0.4113
2025-11-27,Arel,Sen2Cor,S2B_MSIL2A_20251127T113319_N0511_R080_T28QCH_20251127T134745.SAFE,C:\Users\Simon\Nextcloud\Project\Mauritania\Science\Arguin - FieldWork Data Processing\Data\S2\Sen2Cor\S2B_MSIL2A_20251127T113319_N0511_R080_T28QCH_20251127T134745.zip,337,9883,4277,342775.0,2201205.0,0.21780000000000002,0.2802,0.3408,0.43320000000000003,0.4893,0.49520000000000003,0.5285000000000001,0.5548000000000001,0.5757,0.5758,0.5927,0.4113
2025-11-27,Arel,Sen2Cor,S2B_MSIL2A_20251127T113319_N0511_R080_T28QCH_20251127T134745.SAFE,C:\Users\Simon\Nextcloud\Project\Mauritania\Science\Arguin - FieldWork Data Processing\Data\S2\Sen2Cor\S2B_MSIL2A_20251127T113319_N0511_R080_T28QCH_20251127T134745.zip,338,9883,4278,342785.0,2201205.0,0.1947,0.2768,0.33440000000000003,0.4312,0.4833,0.4969,0.5216000000000001,0.5572,0.5594,0.48360000000000003,0.6019,0.44520000000000004
2025-11-27,Arel,Sen2Cor,S2B_MSIL2A_20251127T113319_N0511_R080_T28QCH_20251127T134745.SAFE,C:\Users\Simon\Nextcloud\Project\Mauritania\Science\Arguin - FieldWork Data Processing\Data\S2\Sen2Cor\S2B_MSIL2A_20251127T113319_N0511_R080_T28QCH_20251127T134745.zip,339,9883,4279,342795.0,2201205.0,0.1947,0.2718,0.33080000000000004,0.4268,0.4833,0.4969,0.5216000000000001,0.546,0.5594,0.48360000000000003,0.6019,0.44520000000000004
2025-11-27,Arel,Sen2Cor,S2B_MSIL2A_20251127T113319_N0511_R080_T28QCH_20251127T134745.SAFE,C:\Users\Simon\Nextcloud\Project\Mauritania\Science\Arguin - FieldWork Data Processing\Data\S2\Sen2Cor\S2B_MSIL2A_20251127T113319_N0511_R080_T28QCH_20251127T134745.zip,340,9884,4246,342465.0,2201195.0,0.2154,0.28900000000000003,0.3584,0.43960000000000005,0.4988,0.503,0.526,0.5296000000000001,0.5301,0.4491,0.5452,0.3981
2025-11-27,Arel,Sen2Cor,S2B_MSIL2A_20251127T113319_N0511_R080_T28QCH_20251127T134745.SAFE,C:\Users\Simon\Nextcloud\Project\Mauritania\Science\Arguin - FieldWork Data Processing\Data\S2\Sen2Cor\S2B_MSIL2A_20251127T113319_N0511_R080_T28QCH_20251127T134745.zip,341,9884,4247,342475.0,2201195.0,0.2154,0.3124,0.3808,0.47200000000000003,0.4988,0.503,0.526,0.56,0.5301,0.4491,0.5452,0.3981
2025-11-27,Arel,Sen2Cor,S2B_MSIL2A_20251127T113319_N0511_R080_T28QCH_20251127T134745.SAFE,C:\Users\Simon\Nextcloud\Project\Mauritania\Science\Arguin - FieldWork Data Processing\Data\S2\Sen2Cor\S2B_MSIL2A_20251127T113319_N0511_R080_T28QCH_20251127T134745.zip,342,9884,4248,342485.0,2201195.0,0.23950000000000002,0.31920000000000004,0.38480000000000003,0.48040000000000005,0.5209,0.5254,0.5446,0.56,0.561,0.5717,0.5708,0.43220000000000003
2025-11-27,Arel,Sen2Cor,S2B_MSIL2A_20251127T113319_N0511_R080_T28QCH_20251127T134745.SAFE,C:\Users\Simon\Nextcloud\Project\Mauritania\Science\Arguin - FieldWork Data Processing\Data\S2\Sen2Cor\S2B_MSIL2A_20251127T113319_N0511_R080_T28QCH_20251127T134745.zip,343,9884,4249,342495.0,2201195.0,0.23950000000000002,0.3136,0.3804,0.4692,0.5209,0.5254,0.5446,0.5552,0.561,0.5717,0.5708,0.43220000000000003
2025-11-27,Arel,Sen2Cor,S2B_MSIL2A_20251127T113319_N0511_R080_T28QCH_20251127T134745.SAFE,C:\Users\Simon\Nextcloud\Project\Mauritania\Science\Arguin - FieldWork Data Processing\Data\S2\Sen2Cor\S2B_MSIL2A_20251127T113319_N0511_R080_T28QCH_20251127T134745.zip,344,9884,4250,342505.0,2201195.0,0.2548,0.328,0.3916,0.48040000000000005,0.5179,0.5057,0.534,0.5636,0.5655,0.5717,0.5762,0.42300000000000004
2025-11-27,Arel,Sen2Cor,S2B_MSIL2A_20251127T113319_N0511_R080_T28QCH_20251127T134745.SAFE,C:\Users\Simon\Nextcloud\Project\Mauritania\Science\Arguin - FieldWork Data Processing\Data\S2\Sen2Cor\S2B_MSIL2A_20251127T113319_N0511_R080_T28QCH_20251127T134745.zip,345,9884,4251,342515.0,2201195.0,0.2548,0.3062,0.36960000000000004,0.4616,0.5179,0.5057,0.534,0.5444,0.5655,0.5717,0.5762,0.42300000000000004
2025-11-27,Arel,Sen2Cor,S2B_MSIL2A_20251127T113319_N0511_R080_T28QCH_20251127T134745.SAFE,C:\Users\Simon\Nextcloud\Project\Mauritania\Science\Arguin - FieldWork Data Processing\Data\S2\Sen2Cor\S2B_MSIL2A_20251127T113319_N0511_R080_T28QCH_20251127T134745.zip,346,9884,4252,342525.0,2201195.0,0.25980000000000003,0.27140000000000003,0.322,0.4048,0.463,0.4834,0.5177,0.5024000000000001,0.5386000000000001,0.5717,0.5752,0.4168
2025-11-27,Arel,Sen2Cor,S2B_MSIL2A_20251127T113319_N0511_R080_T28QCH_20251127T134745.SAFE,C:\Users\Simon\Nextcloud\Project\Mauritania\Science\Arguin - FieldWork Data Processing\Data\S2\Sen2Cor\S2B_MSIL2A_20251127T113319_N0511_R080_T28QCH_20251127T134745.zip,347,9884,4253,342535.0,2201195.0,0.25980000000000003,0.2862,0.3372,0.42760000000000004,0.463,0.4834,0.5177,0.5224,0.5386000000000001,0.5717,0.5752,0.4168
2025-11-27,Arel,Sen2Cor,S2B_MSIL2A_20251127T113319_N0511_R080_T28QCH_20251127T134745.SAFE,C:\Users\Simon\Nextcloud\Project\Mauritania\Science\Arguin - FieldWork Data Processing\Data\S2\Sen2Cor\S2B_MSIL2A_20251127T113319_N0511_R080_T28QCH_20251127T134745.zip,348,9884,4254,342545.0,2201195.0,0.258,0.3116,0.3844,0.4776,0.5336000000000001,0.5278,0.5533,0.5752,0.5832,0.5700000000000001,0.5865,0.43610000000000004
2025-11-27,Arel,Sen2Cor,S2B_MSIL2A_20251127T113319_N0511_R080_T28QCH_20251127T134745.SAFE,C:\Users\Simon\Nextcloud\Project\Mauritania\Science\Arguin - FieldWork Data Processing\Data\S2\Sen2Cor\S2B_MSIL2A_20251127T113319_N0511_R080_T28QCH_20251127T134745.zip,349,9884,4255,342555.0,2201195.0,0.258,0.3356,0.4048,0.5,0.5336000000000001,0.5278,0.5533,0.5848,0.5832,0.5700000000000001,0.5865,0.43610000000000004
2025-11-27,Arel,Sen2Cor,S2B_MSIL2A_20251127T113319_N0511_R080_T28QCH_20251127T134745.SAFE,C:\Users\Simon\Nextcloud\Project\Mauritania\Science\Arguin - FieldWork Data Processing\Data\S2\Sen2Cor\S2B_MSIL2A_20251127T113319_N0511_R080_T28QCH_20251127T134745.zip,350,9884,4256,342565.0,2201195.0,0.2535,0.35000000000000003,0.41000000000000003,0.49920000000000003,0.5303,0.5257000000000001,0.5454,0.5816,0.5679000000000001,0.5700000000000001,0.5918,0.43710000000000004
2025-11-27,Arel,Sen2Cor,S2B_MSIL2A_20251127T113319_N0511_R080_T28QCH_20251127T134745.SAFE,C:\Users\Simon\Nextcloud\Project\Mauritania\Science\Arguin - FieldWork Data Processing\Data\S2\Sen2Cor\S2B_MSIL2A_20251127T113319_N0511_R080_T28QCH_20251127T134745.zip,351,9884,4257,342575.0,2201195.0,0.2535,0.33,0.3936,0.4824,0.5303,0.5257000000000001,0.5454,0.5684,0.5679000000000001,0.5700000000000001,0.5918,0.43710000000000004
2025-11-27,Arel,Sen2Cor,S2B_MSIL2A_20251127T113319_N0511_R080_T28QCH_20251127T134745.SAFE,C:\Users\Simon\Nextcloud\Project\Mauritania\Science\Arguin - FieldWork Data Processing\Data\S2\Sen2Cor\S2B_MSIL2A_20251127T113319_N0511_R080_T28QCH_20251127T134745.zip,352,9884,4258,342585.0,2201195.0,0.2451,0.2908,0.35000000000000003,0.4408,0.4761,0.48450000000000004,0.503,0.5332,0.5339,0.5700000000000001,0.5875,0.433
2025-11-27,Arel,Sen2Cor,S2B_MSIL2A_20251127T113319_N0511_R080_T28QCH_20251127T134745.SAFE,C:\Users\Simon\Nextcloud\Project\Mauritania\Science\Arguin - FieldWork Data Processing\Data\S2\Sen2Cor\S2B_MSIL2A_20251127T113319_N0511_R080_T28QCH_20251127T134745.zip,353,9884,4259,342595.0,2201195.0,0.2451,0.2806,0.3392,0.4284,0.4761,0.48450000000000004,0.503,0.524,0.5339,0.5700000000000001,0.5875,0.433
2025-11-27,Arel,Sen2Cor,S2B_MSIL2A_20251127T113319_N0511_R080_T28QCH_20251127T134745.SAFE,C:\Users\Simon\Nextcloud\Project\Mauritania\Science\Arguin - FieldWork Data Processing\Data\S2\Sen2Cor\S2B_MSIL2A_20251127T113319_N0511_R080_T28QCH_20251127T134745.zip,354,9884,4260,342605.0,2201195.0,0.2333,0.30460000000000004,0.3604,0.44880000000000003,0.4782,0.48050000000000004,0.5029,0.548,0.5438000000000001,0.539,0.5715,0.3991
2025-11-27,Arel,Sen2Cor,S2B_MSIL2A_20251127T113319_N0511_R080_T28QCH_20251127T134745.SAFE,C:\Users\Simon\Nextcloud\Project\Mauritania\Science\Arguin - FieldWork Data Processing\Data\S2\Sen2Cor\S2B_MSIL2A_20251127T113319_N0511_R080_T28QCH_20251127T134745.zip,355,9884,4261,342615.0,2201195.0,0.2333,0.29560000000000003,0.36160000000000003,0.44880000000000003,0.4782,0.48050000000000004,0.5029,0.5536,0.5438000000000001,0.539,0.5715,0.3991
2025-11-27,Arel,Sen2Cor,S2B_MSIL2A_20251127T113319_N0511_R080_T28QCH_20251127T134745.SAFE,C:\Users\Simon\Nextcloud\Project\Mauritania\Science\Arguin - FieldWork Data Processing\Data\S2\Sen2Cor\S2B_MSIL2A_20251127T113319_N0511_R080_T28QCH_20251127T134745.zip,356,9884,4262,342625.0,2201195.0,0.22360000000000002,0.28500000000000003,0.3468,0.42960000000000004,0.44730000000000003,0.45430000000000004,0.4877,0.536,0.5276000000000001,0.539,0.5482,0.3622
2025-11-27,Arel,Sen2Cor,S2B_MSIL2A_20251127T113319_N0511_R080_T28QCH_20251127T134745.SAFE,C:\Users\Simon\Nextcloud\Project\Mauritania\Science\Arguin - FieldWork Data Processing\Data\S2\Sen2Cor\S2B_MSIL2A_20251127T113319_N0511_R080_T28QCH_20251127T134745.zip,357,9884,4263,342635.0,2201195.0,0.22360000000000002,0.2624,0.304,0.38680000000000003,0.44730000000000003,0.45430000000000004,0.4877,0.4948,0.5276000000000001,0.539,0.5482,0.3622
2025-11-27,Arel,Sen2Cor,S2B_MSIL2A_20251127T113319_N0511_R080_T28QCH_20251127T134745.SAFE,C:\Users\Simon\Nextcloud\Project\Mauritania\Science\Arguin - FieldWork Data Processing\Data\S2\Sen2Cor\S2B_MSIL2A_20251127T113319_N0511_R080_T28QCH_20251127T134745.zip,358,9884,4264,342645.0,2201195.0,0.2179,0.24100000000000002,0.2846,0.3572,0.4111,0.4208,0.45740000000000003,0.4728,0.4983,0.539,0.531,0.3336
2025-11-27,Arel,Sen2Cor,S2B_MSIL2A_20251127T113319_N0511_R080_T28QCH_20251127T134745.SAFE,C:\Users\Simon\Nextcloud\Project\Mauritania\Science\Arguin - FieldWork Data Processing\Data\S2\Sen2Cor\S2B_MSIL2A_20251127T113319_N0511_R080_T28QCH_20251127T134745.zip,359,9884,4265,342655.0,2201195.0,0.2179,0.24400000000000002,0.2908,0.36200000000000004,0.4111,0.4208,0.45740000000000003,0.48360000000000003,0.4983,0.539,0.531,0.3336
2025-11-27,Arel,Sen2Cor,S2B_MSIL2A_20251127T113319_N0511_R080_T28QCH_20251127T134745.SAFE,C:\Users\Simon\Nextcloud\Project\Mauritania\Science\Arguin - FieldWork Data Processing\Data\S2\Sen2Cor\S2B_MSIL2A_20251127T113319_N0511_R080_T28QCH_20251127T134745.zip,360,9884,4266,342665.0,2201195.0,0.21330000000000002,0.2546,0.3008,0.3856,0.42600000000000005,0.43310000000000004,0.4651,0.5024000000000001,0.5113,0.5378000000000001,0.5438000000000001,0.3557
2025-11-27,Arel,Sen2Cor,S2B_MSIL2A_20251127T113319_N0511_R080_T28QCH_20251127T134745.SAFE,C:\Users\Simon\Nextcloud\Project\Mauritania\Science\Arguin - FieldWork Data Processing\Data\S2\Sen2Cor\S2B_MSIL2A_20251127T113319_N0511_R080_T28QCH_20251127T134745.zip,361,9884,4267,342675.0,2201195.0,0.21330000000000002,0.25120000000000003,0.3002,0.3824,0.42600000000000005,0.43310000000000004,0.4651,0.49560000000000004,0.5113,0.5378000000000001,0.5438000000000001,0.3557
2025-11-27,Arel,Sen2Cor,S2B_MSIL2A_20251127T113319_N0511_R080_T28QCH_20251127T134745.SAFE,C:\Users\Simon\Nextcloud\Project\Mauritania\Science\Arguin - FieldWork Data Processing\Data\S2\Sen2Cor\S2B_MSIL2A_20251127T113319_N0511_R080_T28QCH_20251127T134745.zip,362,9884,4268,342685.0,2201195.0,0.2131,0.2556,0.3038,0.382,0.4138,0.4292,0.4506,0.49520000000000003,0.4924,0.5378000000000001,0.5472,0.365
2025-11-27,Arel,Sen2Cor,S2B_MSIL2A_20251127T113319_N0511_R080_T28QCH_20251127T134745.SAFE,C:\Users\Simon\Nextcloud\Project\Mauritania\Science\Arguin - FieldWork Data Processing\Data\S2\Sen2Cor\S2B_MSIL2A_20251127T113319_N0511_R080_T28QCH_20251127T134745.zip,363,9884,4269,342695.0,2201195.0,0.2131,0.24860000000000002,0.29200000000000004,0.3704,0.4138,0.4292,0.4506,0.4904,0.4924,0.5378000000000001,0.5472,0.365
2025-11-27,Arel,Sen2Cor,S2B_MSIL2A_20251127T113319_N0511_R080_T28QCH_20251127T134745.SAFE,C:\Users\Simon\Nextcloud\Project\Mauritania\Science\Arguin - FieldWork Data Processing\Data\S2\Sen2Cor\S2B_MSIL2A_20251127T113319_N0511_R080_T28QCH_20251127T134745.zip,364,9884,4270,342705.0,2201195.0,0.2195,0.24980000000000002,0.3018,0.37520000000000003,0.45070000000000005,0.45320000000000005,0.47840000000000005,0.4928,0.5257000000000001,0.5378000000000001,0.5640000000000001,0.3874
2025-11-27,Arel,Sen2Cor,S2B_MSIL2A_20251127T113319_N0511_R080_T28QCH_20251127T134745.SAFE,C:\Users\Simon\Nextcloud\Project\Mauritania\Science\Arguin - FieldWork Data Processing\Data\S2\Sen2Cor\S2B_MSIL2A_20251127T113319_N0511_R080_T28QCH_20251127T134745.zip,365,9884,4271,342715.0,2201195.0,0.2195,0.2832,0.3356,0.42560000000000003,0.45070000000000005,0.45320000000000005,0.47840000000000005,0.5384,0.5257000000000001,0.5378000000000001,0.5640000000000001,0.3874
2025-11-27,Arel,Sen2Cor,S2B_MSIL2A_20251127T113319_N0511_R080_T28QCH_20251127T134745.SAFE,C:\Users\Simon\Nextcloud\Project\Mauritania\Science\Arguin - FieldWork Data Processing\Data\S2\Sen2Cor\S2B_MSIL2A_20251127T113319_N0511_R080_T28QCH_20251127T134745.zip,366,9884,4272,342725.0,2201195.0,0.2301,0.2844,0.34800000000000003,0.4364,0.49470000000000003,0.5037,0.5323,0.5536,0.5640000000000001,0.5758,0.5868,0.39940000000000003
2025-11-27,Arel,Sen2Cor,S2B_MSIL2A_20251127T113319_N0511_R080_T28QCH_20251127T134745.SAFE,C:\Users\Simon\Nextcloud\Project\Mauritania\Science\Arguin - FieldWork Data Processing\Data\S2\Sen2Cor\S2B_MSIL2A_20251127T113319_N0511_R080_T28QCH_20251127T134745.zip,367,9884,4273,342735.0,2201195.0,0.2301,0.29100000000000004,0.3472,0.444,0.49470000000000003,0.5037,0.5323,0.5528000000000001,0.5640000000000001,0.5758,0.5868,0.39940000000000003
2025-11-27,Arel,Sen2Cor,S2B_MSIL2A_20251127T113319_N0511_R080_T28QCH_20251127T134745.SAFE,C:\Users\Simon\Nextcloud\Project\Mauritania\Science\Arguin - FieldWork Data Processing\Data\S2\Sen2Cor\S2B_MSIL2A_20251127T113319_N0511_R080_T28QCH_20251127T134745.zip,368,9884,4274,342745.0,2201195.0,0.23120000000000002,0.2832,0.3392,0.436,0.49310000000000004,0.498,0.5297000000000001,0.5556,0.5682,0.5758,0.5920000000000001,0.41240000000000004
2025-11-27,Arel,Sen2Cor,S2B_MSIL2A_20251127T113319_N0511_R080_T28QCH_20251127T134745.SAFE,C:\Users\Simon\Nextcloud\Project\Mauritania\Science\Arguin - FieldWork Data Processing\Data\S2\Sen2Cor\S2B_MSIL2A_20251127T113319_N0511_R080_T28QCH_20251127T134745.zip,369,9884,4275,342755.0,2201195.0,0.23120000000000002,0.2786,0.33640000000000003,0.4348,0.49310000000000004,0.498,0.5297000000000001,0.5568000000000001,0.5682,0.5758,0.5920000000000001,0.41240000000000004
2025-11-27,Arel,Sen2Cor,S2B_MSIL2A_20251127T113319_N0511_R080_T28QCH_20251127T134745.SAFE,C:\Users\Simon\Nextcloud\Project\Mauritania\Science\Arguin - FieldWork Data Processing\Data\S2\Sen2Cor\S2B_MSIL2A_20251127T113319_N0511_R080_T28QCH_20251127T134745.zip,370,9884,4276,342765.0,2201195.0,0.2172,0.2866,0.3396,0.44,0.4978,0.5029,0.5344,0.5584,0.5725,0.5758,0.6046,0.44630000000000003
2025-11-27,Arel,Sen2Cor,S2B_MSIL2A_20251127T113319_N0511_R080_T28QCH_20251127T134745.SAFE,C:\Users\Simon\Nextcloud\Project\Mauritania\Science\Arguin - FieldWork Data Processing\Data\S2\Sen2Cor\S2B_MSIL2A_20251127T113319_N0511_R080_T28QCH_20251127T134745.zip,371,9884,4277,342775.0,2201195.0,0.2172,0.2768,0.3372,0.43520000000000003,0.4978,0.5029,0.5344,0.5572,0.5725,0.5758,0.6046,0.44630000000000003
2025-11-27,Arel,Sen2Cor,S2B_MSIL2A_20251127T113319_N0511_R080_T28QCH_20251127T134745.SAFE,C:\Users\Simon\Nextcloud\Project\Mauritania\Science\Arguin - FieldWork Data Processing\Data\S2\Sen2Cor\S2B_MSIL2A_20251127T113319_N0511_R080_T28QCH_20251127T134745.zip,372,9884,4278,342785.0,2201195.0,0.19460000000000002,0.27240000000000003,0.3312,0.4304,0.48350000000000004,0.49870000000000003,0.5288,0.5524,0.5587,0.48360000000000003,0.6082000000000001,0.4622
2025-11-27,Arel,Sen2Cor,S2B_MSIL2A_20251127T113319_N0511_R080_T28QCH_20251127T134745.SAFE,C:\Users\Simon\Nextcloud\Project\Mauritania\Science\Arguin - FieldWork Data Processing\Data\S2\Sen2Cor\S2B_MSIL2A_20251127T113319_N0511_R080_T28QCH_20251127T134745.zip,373,9885,4247,342475.0,2201185.0,0.2154,0.299,0.36960000000000004,0.464,0.4988,0.503,0.526,0.5484,0.5301,0.4491,0.5452,0.3981
2025-11-27,Arel,Sen2Cor,S2B_MSIL2A_20251127T113319_N0511_R080_T28QCH_20251127T134745.SAFE,C:\Users\Simon\Nextcloud\Project\Mauritania\Science\Arguin - FieldWork Data Processing\Data\S2\Sen2Cor\S2B_MSIL2A_20251127T113319_N0511_R080_T28QCH_20251127T134745.zip,374,9885,4248,342485.0,2201185.0,0.23950000000000002,0.3012,0.3744,0.46840000000000004,0.5209,0.5254,0.5446,0.5532,0.561,0.5717,0.5708,0.43220000000000003
2025-11-27,Arel,Sen2Cor,S2B_MSIL2A_20251127T113319_N0511_R080_T28QCH_20251127T134745.SAFE,C:\Users\Simon\Nextcloud\Project\Mauritania\Science\Arguin - FieldWork Data Processing\Data\S2\Sen2Cor\S2B_MSIL2A_20251127T113319_N0511_R080_T28QCH_20251127T134745.zip,375,9885,4249,342495.0,2201185.0,0.23950000000000002,0.31,0.3764,0.4696,0.5209,0.5254,0.5446,0.5584,0.561,0.5717,0.5708,0.43220000000000003
2025-11-27,Arel,Sen2Cor,S2B_MSIL2A_20251127T113319_N0511_R080_T28QCH_20251127T134745.SAFE,C:\Users\Simon\Nextcloud\Project\Mauritania\Science\Arguin - FieldWork Data Processing\Data\S2\Sen2Cor\S2B_MSIL2A_20251127T113319_N0511_R080_T28QCH_20251127T134745.zip,376,9885,4250,342505.0,2201185.0,0.2548,0.31120000000000003,0.384,0.4788,0.5179,0.5057,0.534,0.5660000000000001,0.5655,0.5717,0.5762,0.42300000000000004
2025-11-27,Arel,Sen2Cor,S2B_MSIL2A_20251127T113319_N0511_R080_T28QCH_20251127T134745.SAFE,C:\Users\Simon\Nextcloud\Project\Mauritania\Science\Arguin - FieldWork Data Processing\Data\S2\Sen2Cor\S2B_MSIL2A_20251127T113319_N0511_R080_T28QCH_20251127T134745.zip,377,9885,4251,342515.0,2201185.0,0.2548,0.2796,0.3412,0.432,0.5179,0.5057,0.534,0.5288,0.5655,0.5717,0.5762,0.42300000000000004
2025-11-27,Arel,Sen2Cor,S2B_MSIL2A_20251127T113319_N0511_R080_T28QCH_20251127T134745.SAFE,C:\Users\Simon\Nextcloud\Project\Mauritania\Science\Arguin - FieldWork Data Processing\Data\S2\Sen2Cor\S2B_MSIL2A_20251127T113319_N0511_R080_T28QCH_20251127T134745.zip,378,9885,4252,342525.0,2201185.0,0.25980000000000003,0.2452,0.29960000000000003,0.37160000000000004,0.463,0.4834,0.5177,0.49200000000000005,0.5386000000000001,0.5717,0.5752,0.4168
2025-11-27,Arel,Sen2Cor,S2B_MSIL2A_20251127T113319_N0511_R080_T28QCH_20251127T134745.SAFE,C:\Users\Simon\Nextcloud\Project\Mauritania\Science\Arguin - FieldWork Data Processing\Data\S2\Sen2Cor\S2B_MSIL2A_20251127T113319_N0511_R080_T28QCH_20251127T134745.zip,379,9885,4253,342535.0,2201185.0,0.25980000000000003,0.277,0.34400000000000003,0.4312,0.463,0.4834,0.5177,0.5308,0.5386000000000001,0.5717,0.5752,0.4168
2025-11-27,Arel,Sen2Cor,S2B_MSIL2A_20251127T113319_N0511_R080_T28QCH_20251127T134745.SAFE,C:\Users\Simon\Nextcloud\Project\Mauritania\Science\Arguin - FieldWork Data Processing\Data\S2\Sen2Cor\S2B_MSIL2A_20251127T113319_N0511_R080_T28QCH_20251127T134745.zip,380,9885,4254,342545.0,2201185.0,0.258,0.322,0.3904,0.48200000000000004,0.5336000000000001,0.5278,0.5533,0.5744,0.5832,0.5700000000000001,0.5865,0.43610000000000004
2025-11-27,Arel,Sen2Cor,S2B_MSIL2A_20251127T113319_N0511_R080_T28QCH_20251127T134745.SAFE,C:\Users\Simon\Nextcloud\Project\Mauritania\Science\Arguin - FieldWork Data Processing\Data\S2\Sen2Cor\S2B_MSIL2A_20251127T113319_N0511_R080_T28QCH_20251127T134745.zip,381,9885,4255,342555.0,2201185.0,0.258,0.34400000000000003,0.4068,0.4964,0.5336000000000001,0.5278,0.5533,0.5796,0.5832,0.5700000000000001,0.5865,0.43610000000000004
2025-11-27,Arel,Sen2Cor,S2B_MSIL2A_20251127T113319_N0511_R080_T28QCH_20251127T134745.SAFE,C:\Users\Simon\Nextcloud\Project\Mauritania\Science\Arguin - FieldWork Data Processing\Data\S2\Sen2Cor\S2B_MSIL2A_20251127T113319_N0511_R080_T28QCH_20251127T134745.zip,382,9885,4256,342565.0,2201185.0,0.2535,0.3428,0.40240000000000004,0.4892,0.5303,0.5257000000000001,0.5454,0.5700000000000001,0.5679000000000001,0.5700000000000001,0.5918,0.43710000000000004
2025-11-27,Arel,Sen2Cor,S2B_MSIL2A_20251127T113319_N0511_R080_T28QCH_20251127T134745.SAFE,C:\Users\Simon\Nextcloud\Project\Mauritania\Science\Arguin - FieldWork Data Processing\Data\S2\Sen2Cor\S2B_MSIL2A_20251127T113319_N0511_R080_T28QCH_20251127T134745.zip,383,9885,4257,342575.0,2201185.0,0.2535,0.3116,0.3744,0.45880000000000004,0.5303,0.5257000000000001,0.5454,0.5448000000000001,0.5679000000000001,0.5700000000000001,0.5918,0.43710000000000004
2025-11-27,Arel,Sen2Cor,S2B_MSIL2A_20251127T113319_N0511_R080_T28QCH_20251127T134745.SAFE,C:\Users\Simon\Nextcloud\Project\Mauritania\Science\Arguin - FieldWork Data Processing\Data\S2\Sen2Cor\S2B_MSIL2A_20251127T113319_N0511_R080_T28QCH_20251127T134745.zip,384,9885,4258,342585.0,2201185.0,0.2451,0.273,0.32880000000000004,0.41240000000000004,0.4761,0.48450000000000004,0.503,0.5088,0.5339,0.5700000000000001,0.5875,0.433
2025-11-27,Arel,Sen2Cor,S2B_MSIL2A_20251127T113319_N0511_R080_T28QCH_20251127T134745.SAFE,C:\Users\Simon\Nextcloud\Project\Mauritania\Science\Arguin - FieldWork Data Processing\Data\S2\Sen2Cor\S2B_MSIL2A_20251127T113319_N0511_R080_T28QCH_20251127T134745.zip,385,9885,4259,342595.0,2201185.0,0.2451,0.2664,0.31880000000000003,0.40640000000000004,0.4761,0.48450000000000004,0.503,0.504,0.5339,0.5700000000000001,0.5875,0.433
2025-11-27,Arel,Sen2Cor,S2B_MSIL2A_20251127T113319_N0511_R080_T28QCH_20251127T134745.SAFE,C:\Users\Simon\Nextcloud\Project\Mauritania\Science\Arguin - FieldWork Data Processing\Data\S2\Sen2Cor\S2B_MSIL2A_20251127T113319_N0511_R080_T28QCH_20251127T134745.zip,386,9885,4260,342605.0,2201185.0,0.2333,0.2758,0.33240000000000003,0.4176,0.4782,0.48050000000000004,0.5029,0.5248,0.5438000000000001,0.539,0.5715,0.3991
2025-11-27,Arel,Sen2Cor,S2B_MSIL2A_20251127T113319_N0511_R080_T28QCH_20251127T134745.SAFE,C:\Users\Simon\Nextcloud\Project\Mauritania\Science\Arguin - FieldWork Data Processing\Data\S2\Sen2Cor\S2B_MSIL2A_20251127T113319_N0511_R080_T28QCH_20251127T134745.zip,387,9885,4261,342615.0,2201185.0,0.2333,0.278,0.33240000000000003,0.4168,0.4782,0.48050000000000004,0.5029,0.5236000000000001,0.5438000000000001,0.539,0.5715,0.3991
2025-11-27,Arel,Sen2Cor,S2B_MSIL2A_20251127T113319_N0511_R080_T28QCH_20251127T134745.SAFE,C:\Users\Simon\Nextcloud\Project\Mauritania\Science\Arguin - FieldWork Data Processing\Data\S2\Sen2Cor\S2B_MSIL2A_20251127T113319_N0511_R080_T28QCH_20251127T134745.zip,388,9885,4262,342625.0,2201185.0,0.22360000000000002,0.273,0.3296,0.4156,0.44730000000000003,0.45430000000000004,0.4877,0.5264,0.5276000000000001,0.539,0.5482,0.3622
2025-11-27,Arel,Sen2Cor,S2B_MSIL2A_20251127T113319_N0511_R080_T28QCH_20251127T134745.SAFE,C:\Users\Simon\Nextcloud\Project\Mauritania\Science\Arguin - FieldWork Data Processing\Data\S2\Sen2Cor\S2B_MSIL2A_20251127T113319_N0511_R080_T28QCH_20251127T134745.zip,389,9885,4263,342635.0,2201185.0,0.22360000000000002,0.2494,0.3064,0.3784,0.44730000000000003,0.45430000000000004,0.4877,0.498,0.5276000000000001,0.539,0.5482,0.3622
2025-11-27,Arel,Sen2Cor,S2B_MSIL2A_20251127T113319_N0511_R080_T28QCH_20251127T134745.SAFE,C:\Users\Simon\Nextcloud\Project\Mauritania\Science\Arguin - FieldWork Data Processing\Data\S2\Sen2Cor\S2B_MSIL2A_20251127T113319_N0511_R080_T28QCH_20251127T134745.zip,390,9885,4264,342645.0,2201185.0,0.2179,0.2386,0.2858,0.36000000000000004,0.4111,0.4208,0.45740000000000003,0.47600000000000003,0.4983,0.539,0.531,0.3336
2025-11-27,Arel,Sen2Cor,S2B_MSIL2A_20251127T113319_N0511_R080_T28QCH_20251127T134745.SAFE,C:\Users\Simon\Nextcloud\Project\Mauritania\Science\Arguin - FieldWork Data Processing\Data\S2\Sen2Cor\S2B_MSIL2A_20251127T113319_N0511_R080_T28QCH_20251127T134745.zip,391,9885,4265,342655.0,2201185.0,0.2179,0.24760000000000001,0.2942,0.37,0.4111,0.4208,0.45740000000000003,0.4808,0.4983,0.539,0.531,0.3336
2025-11-27,Arel,Sen2Cor,S2B_MSIL2A_20251127T113319_N0511_R080_T28QCH_20251127T134745.SAFE,C:\Users\Simon\Nextcloud\Project\Mauritania\Science\Arguin - FieldWork Data Processing\Data\S2\Sen2Cor\S2B_MSIL2A_20251127T113319_N0511_R080_T28QCH_20251127T134745.zip,392,9885,4266,342665.0,2201185.0,0.21330000000000002,0.24480000000000002,0.2972,0.37920000000000004,0.42600000000000005,0.43310000000000004,0.4651,0.49760000000000004,0.5113,0.5378000000000001,0.5438000000000001,0.3557
2025-11-27,Arel,Sen2Cor,S2B_MSIL2A_20251127T113319_N0511_R080_T28QCH_20251127T134745.SAFE,C:\Users\Simon\Nextcloud\Project\Mauritania\Science\Arguin - FieldWork Data Processing\Data\S2\Sen2Cor\S2B_MSIL2A_20251127T113319_N0511_R080_T28QCH_20251127T134745.zip,393,9885,4267,342675.0,2201185.0,0.21330000000000002,0.2374,0.29100000000000004,0.366,0.42600000000000005,0.43310000000000004,0.4651,0.49520000000000003,0.5113,0.5378000000000001,0.5438000000000001,0.3557
2025-11-27,Arel,Sen2Cor,S2B_MSIL2A_20251127T113319_N0511_R080_T28QCH_20251127T134745.SAFE,C:\Users\Simon\Nextcloud\Project\Mauritania\Science\Arguin - FieldWork Data Processing\Data\S2\Sen2Cor\S2B_MSIL2A_20251127T113319_N0511_R080_T28QCH_20251127T134745.zip,394,9885,4268,342685.0,2201185.0,0.2131,0.22740000000000002,0.2706,0.3472,0.4138,0.4292,0.4506,0.4696,0.4924,0.5378000000000001,0.5472,0.365
2025-11-27,Arel,Sen2Cor,S2B_MSIL2A_20251127T113319_N0511_R080_T28QCH_20251127T134745.SAFE,C:\Users\Simon\Nextcloud\Project\Mauritania\Science\Arguin - FieldWork Data Processing\Data\S2\Sen2Cor\S2B_MSIL2A_20251127T113319_N0511_R080_T28QCH_20251127T134745.zip,395,9885,4269,342695.0,2201185.0,0.2131,0.2222,0.2584,0.3236,0.4138,0.4292,0.4506,0.452,0.4924,0.5378000000000001,0.5472,0.365
2025-11-27,Arel,Sen2Cor,S2B_MSIL2A_20251127T113319_N0511_R080_T28QCH_20251127T134745.SAFE,C:\Users\Simon\Nextcloud\Project\Mauritania\Science\Arguin - FieldWork Data Processing\Data\S2\Sen2Cor\S2B_MSIL2A_20251127T113319_N0511_R080_T28QCH_20251127T134745.zip,396,9885,4270,342705.0,2201185.0,0.2195,0.2338,0.2796,0.3528,0.45070000000000005,0.45320000000000005,0.47840000000000005,0.46880000000000005,0.5257000000000001,0.5378000000000001,0.5640000000000001,0.3874
2025-11-27,Arel,Sen2Cor,S2B_MSIL2A_20251127T113319_N0511_R080_T28QCH_20251127T134745.SAFE,C:\Users\Simon\Nextcloud\Project\Mauritania\Science\Arguin - FieldWork Data Processing\Data\S2\Sen2Cor\S2B_MSIL2A_20251127T113319_N0511_R080_T28QCH_20251127T134745.zip,397,9885,4271,342715.0,2201185.0,0.2195,0.28300000000000003,0.3396,0.4228,0.45070000000000005,0.45320000000000005,0.47840000000000005,0.5412,0.5257000000000001,0.5378000000000001,0.5640000000000001,0.3874
2025-11-27,Arel,Sen2Cor,S2B_MSIL2A_20251127T113319_N0511_R080_T28QCH_20251127T134745.SAFE,C:\Users\Simon\Nextcloud\Project\Mauritania\Science\Arguin - FieldWork Data Processing\Data\S2\Sen2Cor\S2B_MSIL2A_20251127T113319_N0511_R080_T28QCH_20251127T134745.zip,398,9885,4272,342725.0,2201185.0,0.2301,0.2924,0.3552,0.444,0.49470000000000003,0.5037,0.5323,0.558,0.5640000000000001,0.5758,0.5868,0.39940000000000003
2025-11-27,Arel,Sen2Cor,S2B_MSIL2A_20251127T113319_N0511_R080_T28QCH_20251127T134745.SAFE,C:\Users\Simon\Nextcloud\Project\Mauritania\Science\Arguin - FieldWork Data Processing\Data\S2\Sen2Cor\S2B_MSIL2A_20251127T113319_N0511_R080_T28QCH_20251127T134745.zip,399,9885,4273,342735.0,2201185.0,0.2301,0.299,0.3588,0.4444,0.49470000000000003,0.5037,0.5323,0.5612,0.5640000000000001,0.5758,0.5868,0.39940000000000003
2025-11-27,Arel,Sen2Cor,S2B_MSIL2A_20251127T113319_N0511_R080_T28QCH_20251127T134745.SAFE,C:\Users\Simon\Nextcloud\Project\Mauritania\Science\Arguin - FieldWork Data Processing\Data\S2\Sen2Cor\S2B_MSIL2A_20251127T113319_N0511_R080_T28QCH_20251127T134745.zip,400,9885,4274,342745.0,2201185.0,0.23120000000000002,0.2812,0.3396,0.4344,0.49310000000000004,0.498,0.5297000000000001,0.5488000000000001,0.5682,0.5758,0.5920000000000001,0.41240000000000004
2025-11-27,Arel,Sen2Cor,S2B_MSIL2A_20251127T113319_N0511_R080_T28QCH_20251127T134745.SAFE,C:\Users\Simon\Nextcloud\Project\Mauritania\Science\Arguin - FieldWork Data Processing\Data\S2\Sen2Cor\S2B_MSIL2A_20251127T113319_N0511_R080_T28QCH_20251127T134745.zip,401,9885,4275,342755.0,2201185.0,0.23120000000000002,0.2768,0.3416,0.43960000000000005,0.49310000000000004,0.498,0.5297000000000001,0.5532,0.5682,0.5758,0.5920000000000001,0.41240000000000004
2025-11-27,Arel,Sen2Cor,S2B_MSIL2A_20251127T113319_N0511_R080_T28QCH_20251127T134745.SAFE,C:\Users\Simon\Nextcloud\Project\Mauritania\Science\Arguin - FieldWork Data Processing\Data\S2\Sen2Cor\S2B_MSIL2A_20251127T113319_N0511_R080_T28QCH_20251127T134745.zip,402,9885,4276,342765.0,2201185.0,0.2172,0.2866,0.3516,0.4496,0.4978,0.5029,0.5344,0.5628000000000001,0.5725,0.5758,0.6046,0.44630000000000003
2025-11-27,Arel,Sen2Cor,S2B_MSIL2A_20251127T113319_N0511_R080_T28QCH_20251127T134745.SAFE,C:\Users\Simon\Nextcloud\Project\Mauritania\Science\Arguin - FieldWork Data Processing\Data\S2\Sen2Cor\S2B_MSIL2A_20251127T113319_N0511_R080_T28QCH_20251127T134745.zip,403,9885,4277,342775.0,2201185.0,0.2172,0.28240000000000004,0.34600000000000003,0.44120000000000004,0.4978,0.5029,0.5344,0.5612,0.5725,0.5758,0.6046,0.44630000000000003
2025-11-27,Arel,Sen2Cor,S2B_MSIL2A_20251127T113319_N0511_R080_T28QCH_20251127T134745.SAFE,C:\Users\Simon\Nextcloud\Project\Mauritania\Science\Arguin - FieldWork Data Processing\Data\S2\Sen2Cor\S2B_MSIL2A_20251127T113319_N0511_R080_T28QCH_20251127T134745.zip,404,9885,4278,342785.0,2201185.0,0.19460000000000002,0.2728,0.3316,0.43,0.48350000000000004,0.49870000000000003,0.5288,0.5604,0.5587,0.48360000000000003,0.6082000000000001,0.4622
2025-11-27,Arel,Sen2Cor,S2B_MSIL2A_20251127T113319_N0511_R080_T28QCH_20251127T134745.SAFE,C:\Users\Simon\Nextcloud\Project\Mauritania\Science\Arguin - FieldWork Data Processing\Data\S2\Sen2Cor\S2B_MSIL2A_20251127T113319_N0511_R080_T28QCH_20251127T134745.zip,405,9886,4247,342475.0,2201175.0,0.2162,0.3028,0.366,0.46440000000000003,0.507,0.5112,0.5349,0.5552,0.5403,0.4491,0.5622,0.4283
2025-11-27,Arel,Sen2Cor,S2B_MSIL2A_20251127T113319_N0511_R080_T28QCH_20251127T134745.SAFE,C:\Users\Simon\Nextcloud\Project\Mauritania\Science\Arguin - FieldWork Data Processing\Data\S2\Sen2Cor\S2B_MSIL2A_20251127T113319_N0511_R080_T28QCH_20251127T134745.zip,406,9886,4248,342485.0,2201175.0,0.23770000000000002,0.3,0.36760000000000004,0.4652,0.5375,0.5312,0.5587,0.5572,0.5838,0.5717,0.6016,0.4587
2025-11-27,Arel,Sen2Cor,S2B_MSIL2A_20251127T113319_N0511_R080_T28QCH_20251127T134745.SAFE,C:\Users\Simon\Nextcloud\Project\Mauritania\Science\Arguin - FieldWork Data Processing\Data\S2\Sen2Cor\S2B_MSIL2A_20251127T113319_N0511_R080_T28QCH_20251127T134745.zip,407,9886,4249,342495.0,2201175.0,0.23770000000000002,0.306,0.372,0.4748,0.5375,0.5312,0.5587,0.5656,0.5838,0.5717,0.6016,0.4587
2025-11-27,Arel,Sen2Cor,S2B_MSIL2A_20251127T113319_N0511_R080_T28QCH_20251127T134745.SAFE,C:\Users\Simon\Nextcloud\Project\Mauritania\Science\Arguin - FieldWork Data Processing\Data\S2\Sen2Cor\S2B_MSIL2A_20251127T113319_N0511_R080_T28QCH_20251127T134745.zip,408,9886,4250,342505.0,2201175.0,0.2508,0.3052,0.3796,0.47840000000000005,0.5197,0.5205000000000001,0.5431,0.5772,0.5780000000000001,0.5717,0.6023000000000001,0.4465
2025-11-27,Arel,Sen2Cor,S2B_MSIL2A_20251127T113319_N0511_R080_T28QCH_20251127T134745.SAFE,C:\Users\Simon\Nextcloud\Project\Mauritania\Science\Arguin - FieldWork Data Processing\Data\S2\Sen2Cor\S2B_MSIL2A_20251127T113319_N0511_R080_T28QCH_20251127T134745.zip,409,9886,4251,342515.0,2201175.0,0.2508,0.2858,0.3496,0.44320000000000004,0.5197,0.5205000000000001,0.5431,0.556,0.5780000000000001,0.5717,0.6023000000000001,0.4465
2025-11-27,Arel,Sen2Cor,S2B_MSIL2A_20251127T113319_N0511_R080_T28QCH_20251127T134745.SAFE,C:\Users\Simon\Nextcloud\Project\Mauritania\Science\Arguin - FieldWork Data Processing\Data\S2\Sen2Cor\S2B_MSIL2A_20251127T113319_N0511_R080_T28QCH_20251127T134745.zip,410,9886,4252,342525.0,2201175.0,0.2551,0.26780000000000004,0.322,0.4092,0.5021,0.5121,0.5345,0.5412,0.558,0.5717,0.5943,0.43760000000000004
2025-11-27,Arel,Sen2Cor,S2B_MSIL2A_20251127T113319_N0511_R080_T28QCH_20251127T134745.SAFE,C:\Users\Simon\Nextcloud\Project\Mauritania\Science\Arguin - FieldWork Data Processing\Data\S2\Sen2Cor\S2B_MSIL2A_20251127T113319_N0511_R080_T28QCH_20251127T134745.zip,411,9886,4253,342535.0,2201175.0,0.2551,0.31,0.36920000000000003,0.46680000000000005,0.5021,0.5121,0.5345,0.5640000000000001,0.558,0.5717,0.5943,0.43760000000000004
2025-11-27,Arel,Sen2Cor,S2B_MSIL2A_20251127T113319_N0511_R080_T28QCH_20251127T134745.SAFE,C:\Users\Simon\Nextcloud\Project\Mauritania\Science\Arguin - FieldWork Data Processing\Data\S2\Sen2Cor\S2B_MSIL2A_20251127T113319_N0511_R080_T28QCH_20251127T134745.zip,412,9886,4254,342545.0,2201175.0,0.2513,0.3356,0.396,0.48800000000000004,0.5372,0.5302,0.5517000000000001,0.5688,0.5779000000000001,0.5700000000000001,0.5913,0.44220000000000004
2025-11-27,Arel,Sen2Cor,S2B_MSIL2A_20251127T113319_N0511_R080_T28QCH_20251127T134745.SAFE,C:\Users\Simon\Nextcloud\Project\Mauritania\Science\Arguin - FieldWork Data Processing\Data\S2\Sen2Cor\S2B_MSIL2A_20251127T113319_N0511_R080_T28QCH_20251127T134745.zip,413,9886,4255,342555.0,2201175.0,0.2513,0.34400000000000003,0.4048,0.49520000000000003,0.5372,0.5302,0.5517000000000001,0.5752,0.5779000000000001,0.5700000000000001,0.5913,0.44220000000000004
2025-11-27,Arel,Sen2Cor,S2B_MSIL2A_20251127T113319_N0511_R080_T28QCH_20251127T134745.SAFE,C:\Users\Simon\Nextcloud\Project\Mauritania\Science\Arguin - FieldWork Data Processing\Data\S2\Sen2Cor\S2B_MSIL2A_20251127T113319_N0511_R080_T28QCH_20251127T134745.zip,414,9886,4256,342565.0,2201175.0,0.2469,0.33,0.39480000000000004,0.4884,0.5185000000000001,0.5172,0.5393,0.5716,0.5663,0.5700000000000001,0.5954,0.44670000000000004
2025-11-27,Arel,Sen2Cor,S2B_MSIL2A_20251127T113319_N0511_R080_T28QCH_20251127T134745.SAFE,C:\Users\Simon\Nextcloud\Project\Mauritania\Science\Arguin - FieldWork Data Processing\Data\S2\Sen2Cor\S2B_MSIL2A_20251127T113319_N0511_R080_T28QCH_20251127T134745.zip,415,9886,4257,342575.0,2201175.0,0.2469,0.3156,0.3748,0.45880000000000004,0.5185000000000001,0.5172,0.5393,0.5492,0.5663,0.5700000000000001,0.5954,0.44670000000000004
2025-11-27,Arel,Sen2Cor,S2B_MSIL2A_20251127T113319_N0511_R080_T28QCH_20251127T134745.SAFE,C:\Users\Simon\Nextcloud\Project\Mauritania\Science\Arguin - FieldWork Data Processing\Data\S2\Sen2Cor\S2B_MSIL2A_20251127T113319_N0511_R080_T28QCH_20251127T134745.zip,416,9886,4258,342585.0,2201175.0,0.23850000000000002,0.2808,0.3436,0.4208,0.4666,0.4747,0.5035000000000001,0.518,0.5337000000000001,0.5700000000000001,0.5860000000000001,0.42600000000000005
2025-11-27,Arel,Sen2Cor,S2B_MSIL2A_20251127T113319_N0511_R080_T28QCH_20251127T134745.SAFE,C:\Users\Simon\Nextcloud\Project\Mauritania\Science\Arguin - FieldWork Data Processing\Data\S2\Sen2Cor\S2B_MSIL2A_20251127T113319_N0511_R080_T28QCH_20251127T134745.zip,417,9886,4259,342595.0,2201175.0,0.23850000000000002,0.2696,0.32280000000000003,0.40840000000000004,0.4666,0.4747,0.5035000000000001,0.5116,0.5337000000000001,0.5700000000000001,0.5860000000000001,0.42600000000000005
2025-11-27,Arel,Sen2Cor,S2B_MSIL2A_20251127T113319_N0511_R080_T28QCH_20251127T134745.SAFE,C:\Users\Simon\Nextcloud\Project\Mauritania\Science\Arguin - FieldWork Data Processing\Data\S2\Sen2Cor\S2B_MSIL2A_20251127T113319_N0511_R080_T28QCH_20251127T134745.zip,418,9886,4260,342605.0,2201175.0,0.2275,0.2642,0.3144,0.3996,0.4424,0.44480000000000003,0.4768,0.506,0.5259,0.539,0.5607,0.377
2025-11-27,Arel,Sen2Cor,S2B_MSIL2A_20251127T113319_N0511_R080_T28QCH_20251127T134745.SAFE,C:\Users\Simon\Nextcloud\Project\Mauritania\Science\Arguin - FieldWork Data Processing\Data\S2\Sen2Cor\S2B_MSIL2A_20251127T113319_N0511_R080_T28QCH_20251127T134745.zip,419,9886,4261,342615.0,2201175.0,0.2275,0.2584,0.3052,0.3904,0.4424,0.44480000000000003,0.4768,0.4964,0.5259,0.539,0.5607,0.377
2025-11-27,Arel,Sen2Cor,S2B_MSIL2A_20251127T113319_N0511_R080_T28QCH_20251127T134745.SAFE,C:\Users\Simon\Nextcloud\Project\Mauritania\Science\Arguin - FieldWork Data Processing\Data\S2\Sen2Cor\S2B_MSIL2A_20251127T113319_N0511_R080_T28QCH_20251127T134745.zip,420,9886,4262,342625.0,2201175.0,0.21830000000000002,0.26680000000000004,0.322,0.4052,0.45940000000000003,0.46840000000000004,0.4934,0.5236000000000001,0.5357000000000001,0.539,0.5622,0.36050000000000004
2025-11-27,Arel,Sen2Cor,S2B_MSIL2A_20251127T113319_N0511_R080_T28QCH_20251127T134745.SAFE,C:\Users\Simon\Nextcloud\Project\Mauritania\Science\Arguin - FieldWork Data Processing\Data\S2\Sen2Cor\S2B_MSIL2A_20251127T113319_N0511_R080_T28QCH_20251127T134745.zip,421,9886,4263,342635.0,2201175.0,0.21830000000000002,0.2692,0.3244,0.40840000000000004,0.45940000000000003,0.46840000000000004,0.4934,0.5272,0.5357000000000001,0.539,0.5622,0.36050000000000004
2025-11-27,Arel,Sen2Cor,S2B_MSIL2A_20251127T113319_N0511_R080_T28QCH_20251127T134745.SAFE,C:\Users\Simon\Nextcloud\Project\Mauritania\Science\Arguin - FieldWork Data Processing\Data\S2\Sen2Cor\S2B_MSIL2A_20251127T113319_N0511_R080_T28QCH_20251127T134745.zip,422,9886,4264,342645.0,2201175.0,0.2151,0.2514,0.3054,0.38880000000000003,0.44320000000000004,0.4551,0.48160000000000003,0.5096,0.5291,0.539,0.5588000000000001,0.37070000000000003
2025-11-27,Arel,Sen2Cor,S2B_MSIL2A_20251127T113319_N0511_R080_T28QCH_20251127T134745.SAFE,C:\Users\Simon\Nextcloud\Project\Mauritania\Science\Arguin - FieldWork Data Processing\Data\S2\Sen2Cor\S2B_MSIL2A_20251127T113319_N0511_R080_T28QCH_20251127T134745.zip,423,9886,4265,342655.0,2201175.0,0.2151,0.2398,0.2942,0.37520000000000003,0.44320000000000004,0.4551,0.48160000000000003,0.49000000000000005,0.5291,0.539,0.5588000000000001,0.37070000000000003
2025-11-27,Arel,Sen2Cor,S2B_MSIL2A_20251127T113319_N0511_R080_T28QCH_20251127T134745.SAFE,C:\Users\Simon\Nextcloud\Project\Mauritania\Science\Arguin - FieldWork Data Processing\Data\S2\Sen2Cor\S2B_MSIL2A_20251127T113319_N0511_R080_T28QCH_20251127T134745.zip,424,9886,4266,342665.0,2201175.0,0.2147,0.24700000000000003,0.2952,0.3824,0.4465,0.45270000000000005,0.4883,0.49960000000000004,0.5321,0.5378000000000001,0.5724,0.395
2025-11-27,Arel,Sen2Cor,S2B_MSIL2A_20251127T113319_N0511_R080_T28QCH_20251127T134745.SAFE,C:\Users\Simon\Nextcloud\Project\Mauritania\Science\Arguin - FieldWork Data Processing\Data\S2\Sen2Cor\S2B_MSIL2A_20251127T113319_N0511_R080_T28QCH_20251127T134745.zip,425,9886,4267,342675.0,2201175.0,0.2147,0.2544,0.3044,0.386,0.4465,0.45270000000000005,0.4883,0.514,0.5321,0.5378000000000001,0.5724,0.395
2025-11-27,Arel,Sen2Cor,S2B_MSIL2A_20251127T113319_N0511_R080_T28QCH_20251127T134745.SAFE,C:\Users\Simon\Nextcloud\Project\Mauritania\Science\Arguin - FieldWork Data Processing\Data\S2\Sen2Cor\S2B_MSIL2A_20251127T113319_N0511_R080_T28QCH_20251127T134745.zip,426,9886,4268,342685.0,2201175.0,0.21480000000000002,0.24600000000000002,0.2942,0.3744,0.4253,0.4415,0.48260000000000003,0.496,0.526,0.5378000000000001,0.5693,0.39440000000000003
2025-11-27,Arel,Sen2Cor,S2B_MSIL2A_20251127T113319_N0511_R080_T28QCH_20251127T134745.SAFE,C:\Users\Simon\Nextcloud\Project\Mauritania\Science\Arguin - FieldWork Data Processing\Data\S2\Sen2Cor\S2B_MSIL2A_20251127T113319_N0511_R080_T28QCH_20251127T134745.zip,427,9886,4269,342695.0,2201175.0,0.21480000000000002,0.24200000000000002,0.2886,0.3604,0.4253,0.4415,0.48260000000000003,0.4832,0.526,0.5378000000000001,0.5693,0.39440000000000003
2025-11-27,Arel,Sen2Cor,S2B_MSIL2A_20251127T113319_N0511_R080_T28QCH_20251127T134745.SAFE,C:\Users\Simon\Nextcloud\Project\Mauritania\Science\Arguin - FieldWork Data Processing\Data\S2\Sen2Cor\S2B_MSIL2A_20251127T113319_N0511_R080_T28QCH_20251127T134745.zip,428,9886,4270,342705.0,2201175.0,0.2207,0.251,0.3064,0.38720000000000004,0.46390000000000003,0.4676,0.4993,0.506,0.5445,0.5378000000000001,0.5740000000000001,0.3879
2025-11-27,Arel,Sen2Cor,S2B_MSIL2A_20251127T113319_N0511_R080_T28QCH_20251127T134745.SAFE,C:\Users\Simon\Nextcloud\Project\Mauritania\Science\Arguin - FieldWork Data Processing\Data\S2\Sen2Cor\S2B_MSIL2A_20251127T113319_N0511_R080_T28QCH_20251127T134745.zip,429,9886,4271,342715.0,2201175.0,0.2207,0.2746,0.332,0.4208,0.46390000000000003,0.4676,0.4993,0.5348,0.5445,0.5378000000000001,0.5740000000000001,0.3879
2025-11-27,Arel,Sen2Cor,S2B_MSIL2A_20251127T113319_N0511_R080_T28QCH_20251127T134745.SAFE,C:\Users\Simon\Nextcloud\Project\Mauritania\Science\Arguin - FieldWork Data Processing\Data\S2\Sen2Cor\S2B_MSIL2A_20251127T113319_N0511_R080_T28QCH_20251127T134745.zip,430,9886,4272,342725.0,2201175.0,0.22820000000000001,0.2922,0.34840000000000004,0.4384,0.5004000000000001,0.5067,0.5358,0.5516,0.5749000000000001,0.5758,0.5906,0.39730000000000004
2025-11-27,Arel,Sen2Cor,S2B_MSIL2A_20251127T113319_N0511_R080_T28QCH_20251127T134745.SAFE,C:\Users\Simon\Nextcloud\Project\Mauritania\Science\Arguin - FieldWork Data Processing\Data\S2\Sen2Cor\S2B_MSIL2A_20251127T113319_N0511_R080_T28QCH_20251127T134745.zip,431,9886,4273,342735.0,2201175.0,0.22820000000000001,0.3038,0.3628,0.448,0.5004000000000001,0.5067,0.5358,0.5700000000000001,0.5749000000000001,0.5758,0.5906,0.39730000000000004
2025-11-27,Arel,Sen2Cor,S2B_MSIL2A_20251127T113319_N0511_R080_T28QCH_20251127T134745.SAFE,C:\Users\Simon\Nextcloud\Project\Mauritania\Science\Arguin - FieldWork Data Processing\Data\S2\Sen2Cor\S2B_MSIL2A_20251127T113319_N0511_R080_T28QCH_20251127T134745.zip,432,9886,4274,342745.0,2201175.0,0.2265,0.2888,0.3472,0.442,0.49450000000000005,0.5033,0.5336000000000001,0.5568000000000001,0.5677,0.5758,0.5981000000000001,0.4176
2025-11-27,Arel,Sen2Cor,S2B_MSIL2A_20251127T113319_N0511_R080_T28QCH_20251127T134745.SAFE,C:\Users\Simon\Nextcloud\Project\Mauritania\Science\Arguin - FieldWork Data Processing\Data\S2\Sen2Cor\S2B_MSIL2A_20251127T113319_N0511_R080_T28QCH_20251127T134745.zip,433,9886,4275,342755.0,2201175.0,0.2265,0.28200000000000003,0.34240000000000004,0.4368,0.49450000000000005,0.5033,0.5336000000000001,0.5556,0.5677,0.5758,0.5981000000000001,0.4176
2025-11-27,Arel,Sen2Cor,S2B_MSIL2A_20251127T113319_N0511_R080_T28QCH_20251127T134745.SAFE,C:\Users\Simon\Nextcloud\Project\Mauritania\Science\Arguin - FieldWork Data Processing\Data\S2\Sen2Cor\S2B_MSIL2A_20251127T113319_N0511_R080_T28QCH_20251127T134745.zip,434,9886,4276,342765.0,2201175.0,0.2116,0.29300000000000004,0.3508,0.4476,0.4998,0.5012,0.5326000000000001,0.5648000000000001,0.5690000000000001,0.5758,0.6026,0.4441
2025-11-27,Arel,Sen2Cor,S2B_MSIL2A_20251127T113319_N0511_R080_T28QCH_20251127T134745.SAFE,C:\Users\Simon\Nextcloud\Project\Mauritania\Science\Arguin - FieldWork Data Processing\Data\S2\Sen2Cor\S2B_MSIL2A_20251127T113319_N0511_R080_T28QCH_20251127T134745.zip,435,9886,4277,342775.0,2201175.0,0.2116,0.2918,0.3516,0.45,0.4998,0.5012,0.5326000000000001,0.5692,0.5690000000000001,0.5758,0.6026,0.4441
2025-11-27,Arel,Sen2Cor,S2B_MSIL2A_20251127T113319_N0511_R080_T28QCH_20251127T134745.SAFE,C:\Users\Simon\Nextcloud\Project\Mauritania\Science\Arguin - FieldWork Data Processing\Data\S2\Sen2Cor\S2B_MSIL2A_20251127T113319_N0511_R080_T28QCH_20251127T134745.zip,436,9887,4247,342475.0,2201165.0,0.2162,0.31,0.37520000000000003,0.4796,0.507,0.5112,0.5349,0.5744,0.5403,0.4491,0.5622,0.4283
2025-11-27,Arel,Sen2Cor,S2B_MSIL2A_20251127T113319_N0511_R080_T28QCH_20251127T134745.SAFE,C:\Users\Simon\Nextcloud\Project\Mauritania\Science\Arguin - FieldWork Data Processing\Data\S2\Sen2Cor\S2B_MSIL2A_20251127T113319_N0511_R080_T28QCH_20251127T134745.zip,437,9887,4248,342485.0,2201165.0,0.23770000000000002,0.3062,0.37720000000000004,0.48400000000000004,0.5375,0.5312,0.5587,0.5776,0.5838,0.5717,0.6016,0.4587
2025-11-27,Arel,Sen2Cor,S2B_MSIL2A_20251127T113319_N0511_R080_T28QCH_20251127T134745.SAFE,C:\Users\Simon\Nextcloud\Project\Mauritania\Science\Arguin - FieldWork Data Processing\Data\S2\Sen2Cor\S2B_MSIL2A_20251127T113319_N0511_R080_T28QCH_20251127T134745.zip,438,9887,4249,342495.0,2201165.0,0.23770000000000002,0.31,0.3804,0.4852,0.5375,0.5312,0.5587,0.5820000000000001,0.5838,0.5717,0.6016,0.4587
2025-11-27,Arel,Sen2Cor,S2B_MSIL2A_20251127T113319_N0511_R080_T28QCH_20251127T134745.SAFE,C:\Users\Simon\Nextcloud\Project\Mauritania\Science\Arguin - FieldWork Data Processing\Data\S2\Sen2Cor\S2B_MSIL2A_20251127T113319_N0511_R080_T28QCH_20251127T134745.zip,439,9887,4250,342505.0,2201165.0,0.2508,0.3054,0.37320000000000003,0.47600000000000003,0.5197,0.5205000000000001,0.5431,0.5760000000000001,0.5780000000000001,0.5717,0.6023000000000001,0.4465
2025-11-27,Arel,Sen2Cor,S2B_MSIL2A_20251127T113319_N0511_R080_T28QCH_20251127T134745.SAFE,C:\Users\Simon\Nextcloud\Project\Mauritania\Science\Arguin - FieldWork Data Processing\Data\S2\Sen2Cor\S2B_MSIL2A_20251127T113319_N0511_R080_T28QCH_20251127T134745.zip,440,9887,4251,342515.0,2201165.0,0.2508,0.29960000000000003,0.36960000000000004,0.46440000000000003,0.5197,0.5205000000000001,0.5431,0.5716,0.5780000000000001,0.5717,0.6023000000000001,0.4465
2025-11-27,Arel,Sen2Cor,S2B_MSIL2A_20251127T113319_N0511_R080_T28QCH_20251127T134745.SAFE,C:\Users\Simon\Nextcloud\Project\Mauritania\Science\Arguin - FieldWork Data Processing\Data\S2\Sen2Cor\S2B_MSIL2A_20251127T113319_N0511_R080_T28QCH_20251127T134745.zip,441,9887,4252,342525.0,2201165.0,0.2551,0.2984,0.364,0.4572,0.5021,0.5121,0.5345,0.5668000000000001,0.558,0.5717,0.5943,0.43760000000000004
2025-11-27,Arel,Sen2Cor,S2B_MSIL2A_20251127T113319_N0511_R080_T28QCH_20251127T134745.SAFE,C:\Users\Simon\Nextcloud\Project\Mauritania\Science\Arguin - FieldWork Data Processing\Data\S2\Sen2Cor\S2B_MSIL2A_20251127T113319_N0511_R080_T28QCH_20251127T134745.zip,442,9887,4253,342535.0,2201165.0,0.2551,0.32,0.3876,0.4788,0.5021,0.5121,0.5345,0.5752,0.558,0.5717,0.5943,0.43760000000000004
2025-11-27,Arel,Sen2Cor,S2B_MSIL2A_20251127T113319_N0511_R080_T28QCH_20251127T134745.SAFE,C:\Users\Simon\Nextcloud\Project\Mauritania\Science\Arguin - FieldWork Data Processing\Data\S2\Sen2Cor\S2B_MSIL2A_20251127T113319_N0511_R080_T28QCH_20251127T134745.zip,443,9887,4254,342545.0,2201165.0,0.2513,0.3168,0.39,0.48360000000000003,0.5372,0.5302,0.5517000000000001,0.5692,0.5779000000000001,0.5700000000000001,0.5913,0.44220000000000004
2025-11-27,Arel,Sen2Cor,S2B_MSIL2A_20251127T113319_N0511_R080_T28QCH_20251127T134745.SAFE,C:\Users\Simon\Nextcloud\Project\Mauritania\Science\Arguin - FieldWork Data Processing\Data\S2\Sen2Cor\S2B_MSIL2A_20251127T113319_N0511_R080_T28QCH_20251127T134745.zip,444,9887,4255,342555.0,2201165.0,0.2513,0.32,0.3876,0.4864,0.5372,0.5302,0.5517000000000001,0.5736,0.5779000000000001,0.5700000000000001,0.5913,0.44220000000000004
2025-11-27,Arel,Sen2Cor,S2B_MSIL2A_20251127T113319_N0511_R080_T28QCH_20251127T134745.SAFE,C:\Users\Simon\Nextcloud\Project\Mauritania\Science\Arguin - FieldWork Data Processing\Data\S2\Sen2Cor\S2B_MSIL2A_20251127T113319_N0511_R080_T28QCH_20251127T134745.zip,445,9887,4256,342565.0,2201165.0,0.2469,0.316,0.38720000000000004,0.4808,0.5185000000000001,0.5172,0.5393,0.5712,0.5663,0.5700000000000001,0.5954,0.44670000000000004
2025-11-27,Arel,Sen2Cor,S2B_MSIL2A_20251127T113319_N0511_R080_T28QCH_20251127T134745.SAFE,C:\Users\Simon\Nextcloud\Project\Mauritania\Science\Arguin - FieldWork Data Processing\Data\S2\Sen2Cor\S2B_MSIL2A_20251127T113319_N0511_R080_T28QCH_20251127T134745.zip,446,9887,4257,342575.0,2201165.0,0.2469,0.3164,0.3784,0.4716,0.5185000000000001,0.5172,0.5393,0.5568000000000001,0.5663,0.5700000000000001,0.5954,0.44670000000000004
2025-11-27,Arel,Sen2Cor,S2B_MSIL2A_20251127T113319_N0511_R080_T28QCH_20251127T134745.SAFE,C:\Users\Simon\Nextcloud\Project\Mauritania\Science\Arguin - FieldWork Data Processing\Data\S2\Sen2Cor\S2B_MSIL2A_20251127T113319_N0511_R080_T28QCH_20251127T134745.zip,447,9887,4258,342585.0,2201165.0,0.23850000000000002,0.30160000000000003,0.3572,0.4444,0.4666,0.4747,0.5035000000000001,0.5356000000000001,0.5337000000000001,0.5700000000000001,0.5860000000000001,0.42600000000000005
2025-11-27,Arel,Sen2Cor,S2B_MSIL2A_20251127T113319_N0511_R080_T28QCH_20251127T134745.SAFE,C:\Users\Simon\Nextcloud\Project\Mauritania\Science\Arguin - FieldWork Data Processing\Data\S2\Sen2Cor\S2B_MSIL2A_20251127T113319_N0511_R080_T28QCH_20251127T134745.zip,448,9887,4259,342595.0,2201165.0,0.23850000000000002,0.27640000000000003,0.3352,0.4204,0.4666,0.4747,0.5035000000000001,0.522,0.5337000000000001,0.5700000000000001,0.5860000000000001,0.42600000000000005
2025-11-27,Arel,Sen2Cor,S2B_MSIL2A_20251127T113319_N0511_R080_T28QCH_20251127T134745.SAFE,C:\Users\Simon\Nextcloud\Project\Mauritania\Science\Arguin - FieldWork Data Processing\Data\S2\Sen2Cor\S2B_MSIL2A_20251127T113319_N0511_R080_T28QCH_20251127T134745.zip,449,9887,4260,342605.0,2201165.0,0.2275,0.2686,0.3196,0.39480000000000004,0.4424,0.44480000000000003,0.4768,0.5148,0.5259,0.539,0.5607,0.377
2025-11-27,Arel,Sen2Cor,S2B_MSIL2A_20251127T113319_N0511_R080_T28QCH_20251127T134745.SAFE,C:\Users\Simon\Nextcloud\Project\Mauritania\Science\Arguin - FieldWork Data Processing\Data\S2\Sen2Cor\S2B_MSIL2A_20251127T113319_N0511_R080_T28QCH_20251127T134745.zip,450,9887,4261,342615.0,2201165.0,0.2275,0.262,0.31120000000000003,0.388,0.4424,0.44480000000000003,0.4768,0.49920000000000003,0.5259,0.539,0.5607,0.377
2025-11-27,Arel,Sen2Cor,S2B_MSIL2A_20251127T113319_N0511_R080_T28QCH_20251127T134745.SAFE,C:\Users\Simon\Nextcloud\Project\Mauritania\Science\Arguin - FieldWork Data Processing\Data\S2\Sen2Cor\S2B_MSIL2A_20251127T113319_N0511_R080_T28QCH_20251127T134745.zip,451,9887,4262,342625.0,2201165.0,0.21830000000000002,0.2706,0.3264,0.4048,0.45940000000000003,0.46840000000000004,0.4934,0.5288,0.5357000000000001,0.539,0.5622,0.36050000000000004
2025-11-27,Arel,Sen2Cor,S2B_MSIL2A_20251127T113319_N0511_R080_T28QCH_20251127T134745.SAFE,C:\Users\Simon\Nextcloud\Project\Mauritania\Science\Arguin - FieldWork Data Processing\Data\S2\Sen2Cor\S2B_MSIL2A_20251127T113319_N0511_R080_T28QCH_20251127T134745.zip,452,9887,4263,342635.0,2201165.0,0.21830000000000002,0.281,0.3332,0.4272,0.45940000000000003,0.46840000000000004,0.4934,0.5464,0.5357000000000001,0.539,0.5622,0.36050000000000004
2025-11-27,Arel,Sen2Cor,S2B_MSIL2A_20251127T113319_N0511_R080_T28QCH_20251127T134745.SAFE,C:\Users\Simon\Nextcloud\Project\Mauritania\Science\Arguin - FieldWork Data Processing\Data\S2\Sen2Cor\S2B_MSIL2A_20251127T113319_N0511_R080_T28QCH_20251127T134745.zip,453,9887,4264,342645.0,2201165.0,0.2151,0.2644,0.31920000000000004,0.41240000000000004,0.44320000000000004,0.4551,0.48160000000000003,0.5428000000000001,0.5291,0.539,0.5588000000000001,0.37070000000000003
2025-11-27,Arel,Sen2Cor,S2B_MSIL2A_20251127T113319_N0511_R080_T28QCH_20251127T134745.SAFE,C:\Users\Simon\Nextcloud\Project\Mauritania\Science\Arguin - FieldWork Data Processing\Data\S2\Sen2Cor\S2B_MSIL2A_20251127T113319_N0511_R080_T28QCH_20251127T134745.zip,454,9887,4265,342655.0,2201165.0,0.2151,0.25680000000000003,0.3054,0.398,0.44320000000000004,0.4551,0.48160000000000003,0.5272,0.5291,0.539,0.5588000000000001,0.37070000000000003
2025-11-27,Arel,Sen2Cor,S2B_MSIL2A_20251127T113319_N0511_R080_T28QCH_20251127T134745.SAFE,C:\Users\Simon\Nextcloud\Project\Mauritania\Science\Arguin - FieldWork Data Processing\Data\S2\Sen2Cor\S2B_MSIL2A_20251127T113319_N0511_R080_T28QCH_20251127T134745.zip,455,9887,4266,342665.0,2201165.0,0.2147,0.26480000000000004,0.3176,0.41040000000000004,0.4465,0.45270000000000005,0.4883,0.5296000000000001,0.5321,0.5378000000000001,0.5724,0.395
2025-11-27,Arel,Sen2Cor,S2B_MSIL2A_20251127T113319_N0511_R080_T28QCH_20251127T134745.SAFE,C:\Users\Simon\Nextcloud\Project\Mauritania\Science\Arguin - FieldWork Data Processing\Data\S2\Sen2Cor\S2B_MSIL2A_20251127T113319_N0511_R080_T28QCH_20251127T134745.zip,456,9887,4267,342675.0,2201165.0,0.2147,0.2632,0.3204,0.41240000000000004,0.4465,0.45270000000000005,0.4883,0.5376000000000001,0.5321,0.5378000000000001,0.5724,0.395
2025-11-27,Arel,Sen2Cor,S2B_MSIL2A_20251127T113319_N0511_R080_T28QCH_20251127T134745.SAFE,C:\Users\Simon\Nextcloud\Project\Mauritania\Science\Arguin - FieldWork Data Processing\Data\S2\Sen2Cor\S2B_MSIL2A_20251127T113319_N0511_R080_T28QCH_20251127T134745.zip,457,9887,4268,342685.0,2201165.0,0.21480000000000002,0.26180000000000003,0.3168,0.4112,0.4253,0.4415,0.48260000000000003,0.5272,0.526,0.5378000000000001,0.5693,0.39440000000000003
2025-11-27,Arel,Sen2Cor,S2B_MSIL2A_20251127T113319_N0511_R080_T28QCH_20251127T134745.SAFE,C:\Users\Simon\Nextcloud\Project\Mauritania\Science\Arguin - FieldWork Data Processing\Data\S2\Sen2Cor\S2B_MSIL2A_20251127T113319_N0511_R080_T28QCH_20251127T134745.zip,458,9887,4269,342695.0,2201165.0,0.21480000000000002,0.2758,0.32480000000000003,0.41000000000000003,0.4253,0.4415,0.48260000000000003,0.5288,0.526,0.5378000000000001,0.5693,0.39440000000000003
2025-11-27,Arel,Sen2Cor,S2B_MSIL2A_20251127T113319_N0511_R080_T28QCH_20251127T134745.SAFE,C:\Users\Simon\Nextcloud\Project\Mauritania\Science\Arguin - FieldWork Data Processing\Data\S2\Sen2Cor\S2B_MSIL2A_20251127T113319_N0511_R080_T28QCH_20251127T134745.zip,459,9887,4270,342705.0,2201165.0,0.2207,0.2686,0.3312,0.41960000000000003,0.46390000000000003,0.4676,0.4993,0.5384,0.5445,0.5378000000000001,0.5740000000000001,0.3879
2025-11-27,Arel,Sen2Cor,S2B_MSIL2A_20251127T113319_N0511_R080_T28QCH_20251127T134745.SAFE,C:\Users\Simon\Nextcloud\Project\Mauritania\Science\Arguin - FieldWork Data Processing\Data\S2\Sen2Cor\S2B_MSIL2A_20251127T113319_N0511_R080_T28QCH_20251127T134745.zip,460,9887,4271,342715.0,2201165.0,0.2207,0.2752,0.332,0.4288,0.46390000000000003,0.4676,0.4993,0.5376000000000001,0.5445,0.5378000000000001,0.5740000000000001,0.3879
2025-11-27,Arel,Sen2Cor,S2B_MSIL2A_20251127T113319_N0511_R080_T28QCH_20251127T134745.SAFE,C:\Users\Simon\Nextcloud\Project\Mauritania\Science\Arguin - FieldWork Data Processing\Data\S2\Sen2Cor\S2B_MSIL2A_20251127T113319_N0511_R080_T28QCH_20251127T134745.zip,461,9887,4272,342725.0,2201165.0,0.22820000000000001,0.2938,0.3496,0.4484,0.5004000000000001,0.5067,0.5358,0.5596,0.5749000000000001,0.5758,0.5906,0.39730000000000004
2025-11-27,Arel,Sen2Cor,S2B_MSIL2A_20251127T113319_N0511_R080_T28QCH_20251127T134745.SAFE,C:\Users\Simon\Nextcloud\Project\Mauritania\Science\Arguin - FieldWork Data Processing\Data\S2\Sen2Cor\S2B_MSIL2A_20251127T113319_N0511_R080_T28QCH_20251127T134745.zip,462,9887,4273,342735.0,2201165.0,0.22820000000000001,0.2952,0.3628,0.456,0.5004000000000001,0.5067,0.5358,0.5760000000000001,0.5749000000000001,0.5758,0.5906,0.39730000000000004
2025-11-27,Arel,Sen2Cor,S2B_MSIL2A_20251127T113319_N0511_R080_T28QCH_20251127T134745.SAFE,C:\Users\Simon\Nextcloud\Project\Mauritania\Science\Arguin - FieldWork Data Processing\Data\S2\Sen2Cor\S2B_MSIL2A_20251127T113319_N0511_R080_T28QCH_20251127T134745.zip,463,9887,4274,342745.0,2201165.0,0.2265,0.2768,0.3468,0.44120000000000004,0.49450000000000005,0.5033,0.5336000000000001,0.5584,0.5677,0.5758,0.5981000000000001,0.4176
2025-11-27,Arel,Sen2Cor,S2B_MSIL2A_20251127T113319_N0511_R080_T28QCH_20251127T134745.SAFE,C:\Users\Simon\Nextcloud\Project\Mauritania\Science\Arguin - FieldWork Data Processing\Data\S2\Sen2Cor\S2B_MSIL2A_20251127T113319_N0511_R080_T28QCH_20251127T134745.zip,464,9887,4275,342755.0,2201165.0,0.2265,0.2778,0.33640000000000003,0.4368,0.49450000000000005,0.5033,0.5336000000000001,0.556,0.5677,0.5758,0.5981000000000001,0.4176
2025-11-27,Arel,Sen2Cor,S2B_MSIL2A_20251127T113319_N0511_R080_T28QCH_20251127T134745.SAFE,C:\Users\Simon\Nextcloud\Project\Mauritania\Science\Arguin - FieldWork Data Processing\Data\S2\Sen2Cor\S2B_MSIL2A_20251127T113319_N0511_R080_T28QCH_20251127T134745.zip,465,9887,4276,342765.0,2201165.0,0.2116,0.29660000000000003,0.3544,0.452,0.4998,0.5012,0.5326000000000001,0.5592,0.5690000000000001,0.5758,0.6026,0.4441
2025-11-27,Arel,Sen2Cor,S2B_MSIL2A_20251127T113319_N0511_R080_T28QCH_20251127T134745.SAFE,C:\Users\Simon\Nextcloud\Project\Mauritania\Science\Arguin - FieldWork Data Processing\Data\S2\Sen2Cor\S2B_MSIL2A_20251127T113319_N0511_R080_T28QCH_20251127T134745.zip,466,9887,4277,342775.0,2201165.0,0.2116,0.2872,0.34800000000000003,0.442,0.4998,0.5012,0.5326000000000001,0.562,0.5690000000000001,0.5758,0.6026,0.4441
2025-11-27,Arel,Sen2Cor,S2B_MSIL2A_20251127T113319_N0511_R080_T28QCH_20251127T134745.SAFE,C:\Users\Simon\Nextcloud\Project\Mauritania\Science\Arguin - FieldWork Data Processing\Data\S2\Sen2Cor\S2B_MSIL2A_20251127T113319_N0511_R080_T28QCH_20251127T134745.zip,467,9888,4247,342475.0,2201155.0,0.2142,0.32,0.3932,0.49960000000000004,0.5483,0.5451,0.5625,0.5924,0.5858,0.47340000000000004,0.6002000000000001,0.46580000000000005
2025-11-27,Arel,Sen2Cor,S2B_MSIL2A_20251127T113319_N0511_R080_T28QCH_20251127T134745.SAFE,C:\Users\Simon\Nextcloud\Project\Mauritania\Science\Arguin - FieldWork Data Processing\Data\S2\Sen2Cor\S2B_MSIL2A_20251127T113319_N0511_R080_T28QCH_20251127T134745.zip,468,9888,4248,342485.0,2201155.0,0.2346,0.3244,0.39880000000000004,0.506,0.5557,0.5562,0.5797,0.602,0.5994,0.5735,0.6267,0.47650000000000003
2025-11-27,Arel,Sen2Cor,S2B_MSIL2A_20251127T113319_N0511_R080_T28QCH_20251127T134745.SAFE,C:\Users\Simon\Nextcloud\Project\Mauritania\Science\Arguin - FieldWork Data Processing\Data\S2\Sen2Cor\S2B_MSIL2A_20251127T113319_N0511_R080_T28QCH_20251127T134745.zip,469,9888,4249,342495.0,2201155.0,0.2346,0.3168,0.39,0.49360000000000004,0.5557,0.5562,0.5797,0.596,0.5994,0.5735,0.6267,0.47650000000000003
2025-11-27,Arel,Sen2Cor,S2B_MSIL2A_20251127T113319_N0511_R080_T28QCH_20251127T134745.SAFE,C:\Users\Simon\Nextcloud\Project\Mauritania\Science\Arguin - FieldWork Data Processing\Data\S2\Sen2Cor\S2B_MSIL2A_20251127T113319_N0511_R080_T28QCH_20251127T134745.zip,470,9888,4250,342505.0,2201155.0,0.2466,0.3068,0.3708,0.4736,0.5263,0.5229,0.549,0.5736,0.5762,0.5735,0.6041000000000001,0.4499
2025-11-27,Arel,Sen2Cor,S2B_MSIL2A_20251127T113319_N0511_R080_T28QCH_20251127T134745.SAFE,C:\Users\Simon\Nextcloud\Project\Mauritania\Science\Arguin - FieldWork Data Processing\Data\S2\Sen2Cor\S2B_MSIL2A_20251127T113319_N0511_R080_T28QCH_20251127T134745.zip,471,9888,4251,342515.0,2201155.0,0.2466,0.30960000000000004,0.3724,0.47040000000000004,0.5263,0.5229,0.549,0.5660000000000001,0.5762,0.5735,0.6041000000000001,0.4499
2025-11-27,Arel,Sen2Cor,S2B_MSIL2A_20251127T113319_N0511_R080_T28QCH_20251127T134745.SAFE,C:\Users\Simon\Nextcloud\Project\Mauritania\Science\Arguin - FieldWork Data Processing\Data\S2\Sen2Cor\S2B_MSIL2A_20251127T113319_N0511_R080_T28QCH_20251127T134745.zip,472,9888,4252,342525.0,2201155.0,0.2495,0.312,0.38120000000000004,0.47400000000000003,0.5203,0.5182,0.5443,0.5672,0.5668000000000001,0.5735,0.5948,0.44370000000000004
2025-11-27,Arel,Sen2Cor,S2B_MSIL2A_20251127T113319_N0511_R080_T28QCH_20251127T134745.SAFE,C:\Users\Simon\Nextcloud\Project\Mauritania\Science\Arguin - FieldWork Data Processing\Data\S2\Sen2Cor\S2B_MSIL2A_20251127T113319_N0511_R080_T28QCH_20251127T134745.zip,473,9888,4253,342535.0,2201155.0,0.2495,0.3124,0.38680000000000003,0.48040000000000005,0.5203,0.5182,0.5443,0.5648000000000001,0.5668000000000001,0.5735,0.5948,0.44370000000000004
2025-11-27,Arel,Sen2Cor,S2B_MSIL2A_20251127T113319_N0511_R080_T28QCH_20251127T134745.SAFE,C:\Users\Simon\Nextcloud\Project\Mauritania\Science\Arguin - FieldWork Data Processing\Data\S2\Sen2Cor\S2B_MSIL2A_20251127T113319_N0511_R080_T28QCH_20251127T134745.zip,474,9888,4254,342545.0,2201155.0,0.24550000000000002,0.309,0.3768,0.4808,0.5241,0.5259,0.548,0.5708,0.5692,0.5674,0.5992000000000001,0.4535
2025-11-27,Arel,Sen2Cor,S2B_MSIL2A_20251127T113319_N0511_R080_T28QCH_20251127T134745.SAFE,C:\Users\Simon\Nextcloud\Project\Mauritania\Science\Arguin - FieldWork Data Processing\Data\S2\Sen2Cor\S2B_MSIL2A_20251127T113319_N0511_R080_T28QCH_20251127T134745.zip,475,9888,4255,342555.0,2201155.0,0.24550000000000002,0.30760000000000004,0.37360000000000004,0.47440000000000004,0.5241,0.5259,0.548,0.5668000000000001,0.5692,0.5674,0.5992000000000001,0.4535
2025-11-27,Arel,Sen2Cor,S2B_MSIL2A_20251127T113319_N0511_R080_T28QCH_20251127T134745.SAFE,C:\Users\Simon\Nextcloud\Project\Mauritania\Science\Arguin - FieldWork Data Processing\Data\S2\Sen2Cor\S2B_MSIL2A_20251127T113319_N0511_R080_T28QCH_20251127T134745.zip,476,9888,4256,342565.0,2201155.0,0.23970000000000002,0.31,0.3784,0.47800000000000004,0.5178,0.5205000000000001,0.5444,0.5660000000000001,0.5667,0.5674,0.6031000000000001,0.4625
2025-11-27,Arel,Sen2Cor,S2B_MSIL2A_20251127T113319_N0511_R080_T28QCH_20251127T134745.SAFE,C:\Users\Simon\Nextcloud\Project\Mauritania\Science\Arguin - FieldWork Data Processing\Data\S2\Sen2Cor\S2B_MSIL2A_20251127T113319_N0511_R080_T28QCH_20251127T134745.zip,477,9888,4257,342575.0,2201155.0,0.23970000000000002,0.3034,0.37560000000000004,0.4776,0.5178,0.5205000000000001,0.5444,0.5636,0.5667,0.5674,0.6031000000000001,0.4625
2025-11-27,Arel,Sen2Cor,S2B_MSIL2A_20251127T113319_N0511_R080_T28QCH_20251127T134745.SAFE,C:\Users\Simon\Nextcloud\Project\Mauritania\Science\Arguin - FieldWork Data Processing\Data\S2\Sen2Cor\S2B_MSIL2A_20251127T113319_N0511_R080_T28QCH_20251127T134745.zip,478,9888,4258,342585.0,2201155.0,0.23190000000000002,0.3022,0.3628,0.46,0.4932,0.4934,0.523,0.5536,0.5517000000000001,0.5674,0.5906,0.434
2025-11-27,Arel,Sen2Cor,S2B_MSIL2A_20251127T113319_N0511_R080_T28QCH_20251127T134745.SAFE,C:\Users\Simon\Nextcloud\Project\Mauritania\Science\Arguin - FieldWork Data Processing\Data\S2\Sen2Cor\S2B_MSIL2A_20251127T113319_N0511_R080_T28QCH_20251127T134745.zip,479,9888,4259,342595.0,2201155.0,0.23190000000000002,0.2868,0.3532,0.4364,0.4932,0.4934,0.523,0.5308,0.5517000000000001,0.5674,0.5906,0.434
2025-11-27,Arel,Sen2Cor,S2B_MSIL2A_20251127T113319_N0511_R080_T28QCH_20251127T134745.SAFE,C:\Users\Simon\Nextcloud\Project\Mauritania\Science\Arguin - FieldWork Data Processing\Data\S2\Sen2Cor\S2B_MSIL2A_20251127T113319_N0511_R080_T28QCH_20251127T134745.zip,480,9888,4260,342605.0,2201155.0,0.2222,0.27,0.3256,0.40840000000000004,0.45630000000000004,0.46040000000000003,0.4873,0.5192,0.5394,0.5609000000000001,0.5740000000000001,0.385
2025-11-27,Arel,Sen2Cor,S2B_MSIL2A_20251127T113319_N0511_R080_T28QCH_20251127T134745.SAFE,C:\Users\Simon\Nextcloud\Project\Mauritania\Science\Arguin - FieldWork Data Processing\Data\S2\Sen2Cor\S2B_MSIL2A_20251127T113319_N0511_R080_T28QCH_20251127T134745.zip,481,9888,4261,342615.0,2201155.0,0.2222,0.2666,0.31320000000000003,0.396,0.45630000000000004,0.46040000000000003,0.4873,0.5084000000000001,0.5394,0.5609000000000001,0.5740000000000001,0.385
2025-11-27,Arel,Sen2Cor,S2B_MSIL2A_20251127T113319_N0511_R080_T28QCH_20251127T134745.SAFE,C:\Users\Simon\Nextcloud\Project\Mauritania\Science\Arguin - FieldWork Data Processing\Data\S2\Sen2Cor\S2B_MSIL2A_20251127T113319_N0511_R080_T28QCH_20251127T134745.zip,482,9888,4262,342625.0,2201155.0,0.2157,0.2702,0.3256,0.4096,0.47100000000000003,0.4818,0.5209,0.5324,0.5594,0.5609000000000001,0.5891000000000001,0.38630000000000003
2025-11-27,Arel,Sen2Cor,S2B_MSIL2A_20251127T113319_N0511_R080_T28QCH_20251127T134745.SAFE,C:\Users\Simon\Nextcloud\Project\Mauritania\Science\Arguin - FieldWork Data Processing\Data\S2\Sen2Cor\S2B_MSIL2A_20251127T113319_N0511_R080_T28QCH_20251127T134745.zip,483,9888,4263,342635.0,2201155.0,0.2157,0.27440000000000003,0.3412,0.43560000000000004,0.47100000000000003,0.4818,0.5209,0.5584,0.5594,0.5609000000000001,0.5891000000000001,0.38630000000000003
2025-11-27,Arel,Sen2Cor,S2B_MSIL2A_20251127T113319_N0511_R080_T28QCH_20251127T134745.SAFE,C:\Users\Simon\Nextcloud\Project\Mauritania\Science\Arguin - FieldWork Data Processing\Data\S2\Sen2Cor\S2B_MSIL2A_20251127T113319_N0511_R080_T28QCH_20251127T134745.zip,484,9888,4264,342645.0,2201155.0,0.2155,0.27240000000000003,0.3312,0.43,0.46830000000000005,0.47350000000000003,0.5116,0.5612,0.5638000000000001,0.5609000000000001,0.5835,0.3855
2025-11-27,Arel,Sen2Cor,S2B_MSIL2A_20251127T113319_N0511_R080_T28QCH_20251127T134745.SAFE,C:\Users\Simon\Nextcloud\Project\Mauritania\Science\Arguin - FieldWork Data Processing\Data\S2\Sen2Cor\S2B_MSIL2A_20251127T113319_N0511_R080_T28QCH_20251127T134745.zip,485,9888,4265,342655.0,2201155.0,0.2155,0.2534,0.3156,0.4072,0.46830000000000005,0.47350000000000003,0.5116,0.5356000000000001,0.5638000000000001,0.5609000000000001,0.5835,0.3855
2025-11-27,Arel,Sen2Cor,S2B_MSIL2A_20251127T113319_N0511_R080_T28QCH_20251127T134745.SAFE,C:\Users\Simon\Nextcloud\Project\Mauritania\Science\Arguin - FieldWork Data Processing\Data\S2\Sen2Cor\S2B_MSIL2A_20251127T113319_N0511_R080_T28QCH_20251127T134745.zip,486,9888,4266,342665.0,2201155.0,0.2182,0.2702,0.3252,0.4152,0.4631,0.4746,0.5097,0.5436,0.546,0.5701,0.5803,0.3987
2025-11-27,Arel,Sen2Cor,S2B_MSIL2A_20251127T113319_N0511_R080_T28QCH_20251127T134745.SAFE,C:\Users\Simon\Nextcloud\Project\Mauritania\Science\Arguin - FieldWork Data Processing\Data\S2\Sen2Cor\S2B_MSIL2A_20251127T113319_N0511_R080_T28QCH_20251127T134745.zip,487,9888,4267,342675.0,2201155.0,0.2182,0.273,0.3316,0.4228,0.4631,0.4746,0.5097,0.5464,0.546,0.5701,0.5803,0.3987
2025-11-27,Arel,Sen2Cor,S2B_MSIL2A_20251127T113319_N0511_R080_T28QCH_20251127T134745.SAFE,C:\Users\Simon\Nextcloud\Project\Mauritania\Science\Arguin - FieldWork Data Processing\Data\S2\Sen2Cor\S2B_MSIL2A_20251127T113319_N0511_R080_T28QCH_20251127T134745.zip,488,9888,4268,342685.0,2201155.0,0.21930000000000002,0.27140000000000003,0.3252,0.4184,0.4791,0.48800000000000004,0.515,0.536,0.5581,0.5701,0.5894,0.4117
2025-11-27,Arel,Sen2Cor,S2B_MSIL2A_20251127T113319_N0511_R080_T28QCH_20251127T134745.SAFE,C:\Users\Simon\Nextcloud\Project\Mauritania\Science\Arguin - FieldWork Data Processing\Data\S2\Sen2Cor\S2B_MSIL2A_20251127T113319_N0511_R080_T28QCH_20251127T134745.zip,489,9888,4269,342695.0,2201155.0,0.21930000000000002,0.28,0.334,0.42760000000000004,0.4791,0.48800000000000004,0.515,0.544,0.5581,0.5701,0.5894,0.4117
2025-11-27,Arel,Sen2Cor,S2B_MSIL2A_20251127T113319_N0511_R080_T28QCH_20251127T134745.SAFE,C:\Users\Simon\Nextcloud\Project\Mauritania\Science\Arguin - FieldWork Data Processing\Data\S2\Sen2Cor\S2B_MSIL2A_20251127T113319_N0511_R080_T28QCH_20251127T134745.zip,490,9888,4270,342705.0,2201155.0,0.22160000000000002,0.28800000000000003,0.3456,0.43560000000000004,0.5003000000000001,0.508,0.5297000000000001,0.5528000000000001,0.5706,0.5701,0.5876,0.40280000000000005
2025-11-27,Arel,Sen2Cor,S2B_MSIL2A_20251127T113319_N0511_R080_T28QCH_20251127T134745.SAFE,C:\Users\Simon\Nextcloud\Project\Mauritania\Science\Arguin - FieldWork Data Processing\Data\S2\Sen2Cor\S2B_MSIL2A_20251127T113319_N0511_R080_T28QCH_20251127T134745.zip,491,9888,4271,342715.0,2201155.0,0.22160000000000002,0.29400000000000004,0.36160000000000003,0.4516,0.5003000000000001,0.508,0.5297000000000001,0.5640000000000001,0.5706,0.5701,0.5876,0.40280000000000005
2025-11-27,Arel,Sen2Cor,S2B_MSIL2A_20251127T113319_N0511_R080_T28QCH_20251127T134745.SAFE,C:\Users\Simon\Nextcloud\Project\Mauritania\Science\Arguin - FieldWork Data Processing\Data\S2\Sen2Cor\S2B_MSIL2A_20251127T113319_N0511_R080_T28QCH_20251127T134745.zip,492,9888,4272,342725.0,2201155.0,0.2243,0.302,0.3668,0.4696,0.51,0.5181,0.5465,0.5748,0.5841000000000001,0.5453,0.5997,0.41000000000000003
2025-11-27,Arel,Sen2Cor,S2B_MSIL2A_20251127T113319_N0511_R080_T28QCH_20251127T134745.SAFE,C:\Users\Simon\Nextcloud\Project\Mauritania\Science\Arguin - FieldWork Data Processing\Data\S2\Sen2Cor\S2B_MSIL2A_20251127T113319_N0511_R080_T28QCH_20251127T134745.zip,493,9888,4273,342735.0,2201155.0,0.2243,0.2952,0.3588,0.4572,0.51,0.5181,0.5465,0.5744,0.5841000000000001,0.5453,0.5997,0.41000000000000003
2025-11-27,Arel,Sen2Cor,S2B_MSIL2A_20251127T113319_N0511_R080_T28QCH_20251127T134745.SAFE,C:\Users\Simon\Nextcloud\Project\Mauritania\Science\Arguin - FieldWork Data Processing\Data\S2\Sen2Cor\S2B_MSIL2A_20251127T113319_N0511_R080_T28QCH_20251127T134745.zip,494,9888,4274,342745.0,2201155.0,0.21780000000000002,0.272,0.33640000000000003,0.4324,0.48040000000000005,0.49250000000000005,0.5248,0.5584,0.5640000000000001,0.5453,0.6017,0.42560000000000003
2025-11-27,Arel,Sen2Cor,S2B_MSIL2A_20251127T113319_N0511_R080_T28QCH_20251127T134745.SAFE,C:\Users\Simon\Nextcloud\Project\Mauritania\Science\Arguin - FieldWork Data Processing\Data\S2\Sen2Cor\S2B_MSIL2A_20251127T113319_N0511_R080_T28QCH_20251127T134745.zip,495,9888,4275,342755.0,2201155.0,0.21780000000000002,0.27080000000000004,0.3272,0.4252,0.48040000000000005,0.49250000000000005,0.5248,0.5488000000000001,0.5640000000000001,0.5453,0.6017,0.42560000000000003
2025-11-27,Arel,Sen2Cor,S2B_MSIL2A_20251127T113319_N0511_R080_T28QCH_20251127T134745.SAFE,C:\Users\Simon\Nextcloud\Project\Mauritania\Science\Arguin - FieldWork Data Processing\Data\S2\Sen2Cor\S2B_MSIL2A_20251127T113319_N0511_R080_T28QCH_20251127T134745.zip,496,9888,4276,342765.0,2201155.0,0.1996,0.2676,0.3256,0.4228,0.4787,0.4907,0.5209,0.5468000000000001,0.5644,0.5453,0.6036,0.4446
2025-11-27,Arel,Sen2Cor,S2B_MSIL2A_20251127T113319_N0511_R080_T28QCH_20251127T134745.SAFE,C:\Users\Simon\Nextcloud\Project\Mauritania\Science\Arguin - FieldWork Data Processing\Data\S2\Sen2Cor\S2B_MSIL2A_20251127T113319_N0511_R080_T28QCH_20251127T134745.zip,497,9889,4247,342475.0,2201145.0,0.2142,0.3332,0.406,0.5156000000000001,0.5483,0.5451,0.5625,0.6172000000000001,0.5858,0.47340000000000004,0.6002000000000001,0.46580000000000005
2025-11-27,Arel,Sen2Cor,S2B_MSIL2A_20251127T113319_N0511_R080_T28QCH_20251127T134745.SAFE,C:\Users\Simon\Nextcloud\Project\Mauritania\Science\Arguin - FieldWork Data Processing\Data\S2\Sen2Cor\S2B_MSIL2A_20251127T113319_N0511_R080_T28QCH_20251127T134745.zip,498,9889,4248,342485.0,2201145.0,0.2346,0.3264,0.396,0.5028,0.5557,0.5562,0.5797,0.6056,0.5994,0.5735,0.6267,0.47650000000000003
2025-11-27,Arel,Sen2Cor,S2B_MSIL2A_20251127T113319_N0511_R080_T28QCH_20251127T134745.SAFE,C:\Users\Simon\Nextcloud\Project\Mauritania\Science\Arguin - FieldWork Data Processing\Data\S2\Sen2Cor\S2B_MSIL2A_20251127T113319_N0511_R080_T28QCH_20251127T134745.zip,499,9889,4249,342495.0,2201145.0,0.2346,0.3156,0.38320000000000004,0.49160000000000004,0.5557,0.5562,0.5797,0.5856,0.5994,0.5735,0.6267,0.47650000000000003
2025-11-27,Arel,Sen2Cor,S2B_MSIL2A_20251127T113319_N0511_R080_T28QCH_20251127T134745.SAFE,C:\Users\Simon\Nextcloud\Project\Mauritania\Science\Arguin - FieldWork Data Processing\Data\S2\Sen2Cor\S2B_MSIL2A_20251127T113319_N0511_R080_T28QCH_20251127T134745.zip,500,9889,4250,342505.0,2201145.0,0.2466,0.3062,0.372,0.46880000000000005,0.5263,0.5229,0.549,0.5704,0.5762,0.5735,0.6041000000000001,0.4499
2025-11-27,Arel,Sen2Cor,S2B_MSIL2A_20251127T113319_N0511_R080_T28QCH_20251127T134745.SAFE,C:\Users\Simon\Nextcloud\Project\Mauritania\Science\Arguin - FieldWork Data Processing\Data\S2\Sen2Cor\S2B_MSIL2A_20251127T113319_N0511_R080_T28QCH_20251127T134745.zip,501,9889,4251,342515.0,2201145.0,0.2466,0.31,0.37,0.4676,0.5263,0.5229,0.549,0.5640000000000001,0.5762,0.5735,0.6041000000000001,0.4499
2025-11-27,Arel,Sen2Cor,S2B_MSIL2A_20251127T113319_N0511_R080_T28QCH_20251127T134745.SAFE,C:\Users\Simon\Nextcloud\Project\Mauritania\Science\Arguin - FieldWork Data Processing\Data\S2\Sen2Cor\S2B_MSIL2A_20251127T113319_N0511_R080_T28QCH_20251127T134745.zip,502,9889,4252,342525.0,2201145.0,0.2495,0.3054,0.372,0.46280000000000004,0.5203,0.5182,0.5443,0.5592,0.5668000000000001,0.5735,0.5948,0.44370000000000004
2025-11-27,Arel,Sen2Cor,S2B_MSIL2A_20251127T113319_N0511_R080_T28QCH_20251127T134745.SAFE,C:\Users\Simon\Nextcloud\Project\Mauritania\Science\Arguin - FieldWork Data Processing\Data\S2\Sen2Cor\S2B_MSIL2A_20251127T113319_N0511_R080_T28QCH_20251127T134745.zip,503,9889,4253,342535.0,2201145.0,0.2495,0.3068,0.376,0.47040000000000004,0.5203,0.5182,0.5443,0.562,0.5668000000000001,0.5735,0.5948,0.44370000000000004
2025-11-27,Arel,Sen2Cor,S2B_MSIL2A_20251127T113319_N0511_R080_T28QCH_20251127T134745.SAFE,C:\Users\Simon\Nextcloud\Project\Mauritania\Science\Arguin - FieldWork Data Processing\Data\S2\Sen2Cor\S2B_MSIL2A_20251127T113319_N0511_R080_T28QCH_20251127T134745.zip,504,9889,4254,342545.0,2201145.0,0.24550000000000002,0.3052,0.37160000000000004,0.47240000000000004,0.5241,0.5259,0.548,0.5656,0.5692,0.5674,0.5992000000000001,0.4535
2025-11-27,Arel,Sen2Cor,S2B_MSIL2A_20251127T113319_N0511_R080_T28QCH_20251127T134745.SAFE,C:\Users\Simon\Nextcloud\Project\Mauritania\Science\Arguin - FieldWork Data Processing\Data\S2\Sen2Cor\S2B_MSIL2A_20251127T113319_N0511_R080_T28QCH_20251127T134745.zip,505,9889,4255,342555.0,2201145.0,0.24550000000000002,0.301,0.3668,0.47040000000000004,0.5241,0.5259,0.548,0.5664,0.5692,0.5674,0.5992000000000001,0.4535
2025-11-27,Arel,Sen2Cor,S2B_MSIL2A_20251127T113319_N0511_R080_T28QCH_20251127T134745.SAFE,C:\Users\Simon\Nextcloud\Project\Mauritania\Science\Arguin - FieldWork Data Processing\Data\S2\Sen2Cor\S2B_MSIL2A_20251127T113319_N0511_R080_T28QCH_20251127T134745.zip,506,9889,4256,342565.0,2201145.0,0.23970000000000002,0.29860000000000003,0.37,0.47040000000000004,0.5178,0.5205000000000001,0.5444,0.5688,0.5667,0.5674,0.6031000000000001,0.4625
2025-11-27,Arel,Sen2Cor,S2B_MSIL2A_20251127T113319_N0511_R080_T28QCH_20251127T134745.SAFE,C:\Users\Simon\Nextcloud\Project\Mauritania\Science\Arguin - FieldWork Data Processing\Data\S2\Sen2Cor\S2B_MSIL2A_20251127T113319_N0511_R080_T28QCH_20251127T134745.zip,507,9889,4257,342575.0,2201145.0,0.23970000000000002,0.2994,0.36920000000000003,0.47200000000000003,0.5178,0.5205000000000001,0.5444,0.5668000000000001,0.5667,0.5674,0.6031000000000001,0.4625
2025-11-27,Arel,Sen2Cor,S2B_MSIL2A_20251127T113319_N0511_R080_T28QCH_20251127T134745.SAFE,C:\Users\Simon\Nextcloud\Project\Mauritania\Science\Arguin - FieldWork Data Processing\Data\S2\Sen2Cor\S2B_MSIL2A_20251127T113319_N0511_R080_T28QCH_20251127T134745.zip,508,9889,4258,342585.0,2201145.0,0.23190000000000002,0.302,0.3664,0.4656,0.4932,0.4934,0.523,0.5644,0.5517000000000001,0.5674,0.5906,0.434
2025-11-27,Arel,Sen2Cor,S2B_MSIL2A_20251127T113319_N0511_R080_T28QCH_20251127T134745.SAFE,C:\Users\Simon\Nextcloud\Project\Mauritania\Science\Arguin - FieldWork Data Processing\Data\S2\Sen2Cor\S2B_MSIL2A_20251127T113319_N0511_R080_T28QCH_20251127T134745.zip,509,9889,4259,342595.0,2201145.0,0.23190000000000002,0.2842,0.3504,0.44,0.4932,0.4934,0.523,0.5416000000000001,0.5517000000000001,0.5674,0.5906,0.434
2025-11-27,Arel,Sen2Cor,S2B_MSIL2A_20251127T113319_N0511_R080_T28QCH_20251127T134745.SAFE,C:\Users\Simon\Nextcloud\Project\Mauritania\Science\Arguin - FieldWork Data Processing\Data\S2\Sen2Cor\S2B_MSIL2A_20251127T113319_N0511_R080_T28QCH_20251127T134745.zip,510,9889,4260,342605.0,2201145.0,0.2222,0.26180000000000003,0.324,0.4156,0.45630000000000004,0.46040000000000003,0.4873,0.5228,0.5394,0.5609000000000001,0.5740000000000001,0.385
2025-11-27,Arel,Sen2Cor,S2B_MSIL2A_20251127T113319_N0511_R080_T28QCH_20251127T134745.SAFE,C:\Users\Simon\Nextcloud\Project\Mauritania\Science\Arguin - FieldWork Data Processing\Data\S2\Sen2Cor\S2B_MSIL2A_20251127T113319_N0511_R080_T28QCH_20251127T134745.zip,511,9889,4261,342615.0,2201145.0,0.2222,0.2548,0.30960000000000004,0.402,0.45630000000000004,0.46040000000000003,0.4873,0.522,0.5394,0.5609000000000001,0.5740000000000001,0.385
2025-11-27,Arel,Sen2Cor,S2B_MSIL2A_20251127T113319_N0511_R080_T28QCH_20251127T134745.SAFE,C:\Users\Simon\Nextcloud\Project\Mauritania\Science\Arguin - FieldWork Data Processing\Data\S2\Sen2Cor\S2B_MSIL2A_20251127T113319_N0511_R080_T28QCH_20251127T134745.zip,512,9889,4262,342625.0,2201145.0,0.2157,0.2592,0.32280000000000003,0.4164,0.47100000000000003,0.4818,0.5209,0.5444,0.5594,0.5609000000000001,0.5891000000000001,0.38630000000000003
2025-11-27,Arel,Sen2Cor,S2B_MSIL2A_20251127T113319_N0511_R080_T28QCH_20251127T134745.SAFE,C:\Users\Simon\Nextcloud\Project\Mauritania\Science\Arguin - FieldWork Data Processing\Data\S2\Sen2Cor\S2B_MSIL2A_20251127T113319_N0511_R080_T28QCH_20251127T134745.zip,513,9889,4263,342635.0,2201145.0,0.2157,0.273,0.3356,0.4388,0.47100000000000003,0.4818,0.5209,0.5680000000000001,0.5594,0.5609000000000001,0.5891000000000001,0.38630000000000003
2025-11-27,Arel,Sen2Cor,S2B_MSIL2A_20251127T113319_N0511_R080_T28QCH_20251127T134745.SAFE,C:\Users\Simon\Nextcloud\Project\Mauritania\Science\Arguin - FieldWork Data Processing\Data\S2\Sen2Cor\S2B_MSIL2A_20251127T113319_N0511_R080_T28QCH_20251127T134745.zip,514,9889,4264,342645.0,2201145.0,0.2155,0.2644,0.32280000000000003,0.42400000000000004,0.46830000000000005,0.47350000000000003,0.5116,0.5572,0.5638000000000001,0.5609000000000001,0.5835,0.3855
2025-11-27,Arel,Sen2Cor,S2B_MSIL2A_20251127T113319_N0511_R080_T28QCH_20251127T134745.SAFE,C:\Users\Simon\Nextcloud\Project\Mauritania\Science\Arguin - FieldWork Data Processing\Data\S2\Sen2Cor\S2B_MSIL2A_20251127T113319_N0511_R080_T28QCH_20251127T134745.zip,515,9889,4265,342655.0,2201145.0,0.2155,0.248,0.30720000000000003,0.3992,0.46830000000000005,0.47350000000000003,0.5116,0.5248,0.5638000000000001,0.5609000000000001,0.5835,0.3855
2025-11-27,Arel,Sen2Cor,S2B_MSIL2A_20251127T113319_N0511_R080_T28QCH_20251127T134745.SAFE,C:\Users\Simon\Nextcloud\Project\Mauritania\Science\Arguin - FieldWork Data Processing\Data\S2\Sen2Cor\S2B_MSIL2A_20251127T113319_N0511_R080_T28QCH_20251127T134745.zip,516,9889,4266,342665.0,2201145.0,0.2182,0.2664,0.3124,0.4072,0.4631,0.4746,0.5097,0.522,0.546,0.5701,0.5803,0.3987
2025-11-27,Arel,Sen2Cor,S2B_MSIL2A_20251127T113319_N0511_R080_T28QCH_20251127T134745.SAFE,C:\Users\Simon\Nextcloud\Project\Mauritania\Science\Arguin - FieldWork Data Processing\Data\S2\Sen2Cor\S2B_MSIL2A_20251127T113319_N0511_R080_T28QCH_20251127T134745.zip,517,9889,4267,342675.0,2201145.0,0.2182,0.2818,0.33680000000000004,0.4208,0.4631,0.4746,0.5097,0.5416000000000001,0.546,0.5701,0.5803,0.3987
2025-11-27,Arel,Sen2Cor,S2B_MSIL2A_20251127T113319_N0511_R080_T28QCH_20251127T134745.SAFE,C:\Users\Simon\Nextcloud\Project\Mauritania\Science\Arguin - FieldWork Data Processing\Data\S2\Sen2Cor\S2B_MSIL2A_20251127T113319_N0511_R080_T28QCH_20251127T134745.zip,518,9889,4268,342685.0,2201145.0,0.21930000000000002,0.2718,0.3312,0.4208,0.4791,0.48800000000000004,0.515,0.5428000000000001,0.5581,0.5701,0.5894,0.4117
2025-11-27,Arel,Sen2Cor,S2B_MSIL2A_20251127T113319_N0511_R080_T28QCH_20251127T134745.SAFE,C:\Users\Simon\Nextcloud\Project\Mauritania\Science\Arguin - FieldWork Data Processing\Data\S2\Sen2Cor\S2B_MSIL2A_20251127T113319_N0511_R080_T28QCH_20251127T134745.zip,519,9889,4269,342695.0,2201145.0,0.21930000000000002,0.279,0.3392,0.43760000000000004,0.4791,0.48800000000000004,0.515,0.5532,0.5581,0.5701,0.5894,0.4117
2025-11-27,Arel,Sen2Cor,S2B_MSIL2A_20251127T113319_N0511_R080_T28QCH_20251127T134745.SAFE,C:\Users\Simon\Nextcloud\Project\Mauritania\Science\Arguin - FieldWork Data Processing\Data\S2\Sen2Cor\S2B_MSIL2A_20251127T113319_N0511_R080_T28QCH_20251127T134745.zip,520,9889,4270,342705.0,2201145.0,0.22160000000000002,0.29660000000000003,0.3556,0.45,0.5003000000000001,0.508,0.5297000000000001,0.5660000000000001,0.5706,0.5701,0.5876,0.40280000000000005
2025-11-27,Arel,Sen2Cor,S2B_MSIL2A_20251127T113319_N0511_R080_T28QCH_20251127T134745.SAFE,C:\Users\Simon\Nextcloud\Project\Mauritania\Science\Arguin - FieldWork Data Processing\Data\S2\Sen2Cor\S2B_MSIL2A_20251127T113319_N0511_R080_T28QCH_20251127T134745.zip,521,9889,4271,342715.0,2201145.0,0.22160000000000002,0.3104,0.37720000000000004,0.468,0.5003000000000001,0.508,0.5297000000000001,0.5732,0.5706,0.5701,0.5876,0.40280000000000005
2025-11-27,Arel,Sen2Cor,S2B_MSIL2A_20251127T113319_N0511_R080_T28QCH_20251127T134745.SAFE,C:\Users\Simon\Nextcloud\Project\Mauritania\Science\Arguin - FieldWork Data Processing\Data\S2\Sen2Cor\S2B_MSIL2A_20251127T113319_N0511_R080_T28QCH_20251127T134745.zip,522,9889,4272,342725.0,2201145.0,0.2243,0.31,0.376,0.4752,0.51,0.5181,0.5465,0.5748,0.5841000000000001,0.5453,0.5997,0.41000000000000003
2025-11-27,Arel,Sen2Cor,S2B_MSIL2A_20251127T113319_N0511_R080_T28QCH_20251127T134745.SAFE,C:\Users\Simon\Nextcloud\Project\Mauritania\Science\Arguin - FieldWork Data Processing\Data\S2\Sen2Cor\S2B_MSIL2A_20251127T113319_N0511_R080_T28QCH_20251127T134745.zip,523,9889,4273,342735.0,2201145.0,0.2243,0.3,0.36000000000000004,0.4496,0.51,0.5181,0.5465,0.5708,0.5841000000000001,0.5453,0.5997,0.41000000000000003
2025-11-27,Arel,Sen2Cor,S2B_MSIL2A_20251127T113319_N0511_R080_T28QCH_20251127T134745.SAFE,C:\Users\Simon\Nextcloud\Project\Mauritania\Science\Arguin - FieldWork Data Processing\Data\S2\Sen2Cor\S2B_MSIL2A_20251127T113319_N0511_R080_T28QCH_20251127T134745.zip,524,9889,4274,342745.0,2201145.0,0.21780000000000002,0.272,0.3256,0.42000000000000004,0.48040000000000005,0.49250000000000005,0.5248,0.5516,0.5640000000000001,0.5453,0.6017,0.42560000000000003
2025-11-27,Arel,Sen2Cor,S2B_MSIL2A_20251127T113319_N0511_R080_T28QCH_20251127T134745.SAFE,C:\Users\Simon\Nextcloud\Project\Mauritania\Science\Arguin - FieldWork Data Processing\Data\S2\Sen2Cor\S2B_MSIL2A_20251127T113319_N0511_R080_T28QCH_20251127T134745.zip,525,9889,4275,342755.0,2201145.0,0.21780000000000002,0.25880000000000003,0.31520000000000004,0.41000000000000003,0.48040000000000005,0.49250000000000005,0.5248,0.5468000000000001,0.5640000000000001,0.5453,0.6017,0.42560000000000003
2025-11-27,Arel,Sen2Cor,S2B_MSIL2A_20251127T113319_N0511_R080_T28QCH_20251127T134745.SAFE,C:\Users\Simon\Nextcloud\Project\Mauritania\Science\Arguin - FieldWork Data Processing\Data\S2\Sen2Cor\S2B_MSIL2A_20251127T113319_N0511_R080_T28QCH_20251127T134745.zip,526,9889,4276,342765.0,2201145.0,0.1996,0.24600000000000002,0.3032,0.4016,0.4787,0.4907,0.5209,0.5404,0.5644,0.5453,0.6036,0.4446
2025-11-27,Arel,Sen2Cor,S2B_MSIL2A_20251127T113319_N0511_R080_T28QCH_20251127T134745.SAFE,C:\Users\Simon\Nextcloud\Project\Mauritania\Science\Arguin - FieldWork Data Processing\Data\S2\Sen2Cor\S2B_MSIL2A_20251127T113319_N0511_R080_T28QCH_20251127T134745.zip,527,9890,4247,342475.0,2201135.0,0.2106,0.32280000000000003,0.394,0.5052,0.5508000000000001,0.5529000000000001,0.5787,0.6108,0.6057,0.47340000000000004,0.6247,0.4767
2025-11-27,Arel,Sen2Cor,S2B_MSIL2A_20251127T113319_N0511_R080_T28QCH_20251127T134745.SAFE,C:\Users\Simon\Nextcloud\Project\Mauritania\Science\Arguin - FieldWork Data Processing\Data\S2\Sen2Cor\S2B_MSIL2A_20251127T113319_N0511_R080_T28QCH_20251127T134745.zip,528,9890,4248,342485.0,2201135.0,0.23090000000000002,0.3144,0.388,0.49160000000000004,0.5371,0.539,0.5617,0.5944,0.5847,0.5735,0.6169,0.4616
2025-11-27,Arel,Sen2Cor,S2B_MSIL2A_20251127T113319_N0511_R080_T28QCH_20251127T134745.SAFE,C:\Users\Simon\Nextcloud\Project\Mauritania\Science\Arguin - FieldWork Data Processing\Data\S2\Sen2Cor\S2B_MSIL2A_20251127T113319_N0511_R080_T28QCH_20251127T134745.zip,529,9890,4249,342495.0,2201135.0,0.23090000000000002,0.3168,0.3856,0.4848,0.5371,0.539,0.5617,0.5796,0.5847,0.5735,0.6169,0.4616
2025-11-27,Arel,Sen2Cor,S2B_MSIL2A_20251127T113319_N0511_R080_T28QCH_20251127T134745.SAFE,C:\Users\Simon\Nextcloud\Project\Mauritania\Science\Arguin - FieldWork Data Processing\Data\S2\Sen2Cor\S2B_MSIL2A_20251127T113319_N0511_R080_T28QCH_20251127T134745.zip,530,9890,4250,342505.0,2201135.0,0.2421,0.3088,0.3748,0.4696,0.5168,0.5161,0.5373,0.5616,0.561,0.5735,0.5876,0.42860000000000004
2025-11-27,Arel,Sen2Cor,S2B_MSIL2A_20251127T113319_N0511_R080_T28QCH_20251127T134745.SAFE,C:\Users\Simon\Nextcloud\Project\Mauritania\Science\Arguin - FieldWork Data Processing\Data\S2\Sen2Cor\S2B_MSIL2A_20251127T113319_N0511_R080_T28QCH_20251127T134745.zip,531,9890,4251,342515.0,2201135.0,0.2421,0.30660000000000004,0.36920000000000003,0.46440000000000003,0.5168,0.5161,0.5373,0.5552,0.561,0.5735,0.5876,0.42860000000000004
2025-11-27,Arel,Sen2Cor,S2B_MSIL2A_20251127T113319_N0511_R080_T28QCH_20251127T134745.SAFE,C:\Users\Simon\Nextcloud\Project\Mauritania\Science\Arguin - FieldWork Data Processing\Data\S2\Sen2Cor\S2B_MSIL2A_20251127T113319_N0511_R080_T28QCH_20251127T134745.zip,532,9890,4252,342525.0,2201135.0,0.24530000000000002,0.3084,0.374,0.466,0.5181,0.5177,0.5418000000000001,0.558,0.5687,0.5735,0.5900000000000001,0.4334
2025-11-27,Arel,Sen2Cor,S2B_MSIL2A_20251127T113319_N0511_R080_T28QCH_20251127T134745.SAFE,C:\Users\Simon\Nextcloud\Project\Mauritania\Science\Arguin - FieldWork Data Processing\Data\S2\Sen2Cor\S2B_MSIL2A_20251127T113319_N0511_R080_T28QCH_20251127T134745.zip,533,9890,4253,342535.0,2201135.0,0.24530000000000002,0.30820000000000003,0.37360000000000004,0.4748,0.5181,0.5177,0.5418000000000001,0.5660000000000001,0.5687,0.5735,0.5900000000000001,0.4334
2025-11-27,Arel,Sen2Cor,S2B_MSIL2A_20251127T113319_N0511_R080_T28QCH_20251127T134745.SAFE,C:\Users\Simon\Nextcloud\Project\Mauritania\Science\Arguin - FieldWork Data Processing\Data\S2\Sen2Cor\S2B_MSIL2A_20251127T113319_N0511_R080_T28QCH_20251127T134745.zip,534,9890,4254,342545.0,2201135.0,0.24070000000000003,0.299,0.3684,0.47200000000000003,0.5162,0.5226000000000001,0.5499,0.5712,0.5761000000000001,0.5674,0.607,0.4562
2025-11-27,Arel,Sen2Cor,S2B_MSIL2A_20251127T113319_N0511_R080_T28QCH_20251127T134745.SAFE,C:\Users\Simon\Nextcloud\Project\Mauritania\Science\Arguin - FieldWork Data Processing\Data\S2\Sen2Cor\S2B_MSIL2A_20251127T113319_N0511_R080_T28QCH_20251127T134745.zip,535,9890,4255,342555.0,2201135.0,0.24070000000000003,0.2932,0.36200000000000004,0.46640000000000004,0.5162,0.5226000000000001,0.5499,0.5716,0.5761000000000001,0.5674,0.607,0.4562
2025-11-27,Arel,Sen2Cor,S2B_MSIL2A_20251127T113319_N0511_R080_T28QCH_20251127T134745.SAFE,C:\Users\Simon\Nextcloud\Project\Mauritania\Science\Arguin - FieldWork Data Processing\Data\S2\Sen2Cor\S2B_MSIL2A_20251127T113319_N0511_R080_T28QCH_20251127T134745.zip,536,9890,4256,342565.0,2201135.0,0.23450000000000001,0.2918,0.3604,0.46280000000000004,0.513,0.5172,0.5431,0.5692,0.5736,0.5674,0.6151,0.4682
2025-11-27,Arel,Sen2Cor,S2B_MSIL2A_20251127T113319_N0511_R080_T28QCH_20251127T134745.SAFE,C:\Users\Simon\Nextcloud\Project\Mauritania\Science\Arguin - FieldWork Data Processing\Data\S2\Sen2Cor\S2B_MSIL2A_20251127T113319_N0511_R080_T28QCH_20251127T134745.zip,537,9890,4257,342575.0,2201135.0,0.23450000000000001,0.29500000000000004,0.3608,0.464,0.513,0.5172,0.5431,0.5660000000000001,0.5736,0.5674,0.6151,0.4682
2025-11-27,Arel,Sen2Cor,S2B_MSIL2A_20251127T113319_N0511_R080_T28QCH_20251127T134745.SAFE,C:\Users\Simon\Nextcloud\Project\Mauritania\Science\Arguin - FieldWork Data Processing\Data\S2\Sen2Cor\S2B_MSIL2A_20251127T113319_N0511_R080_T28QCH_20251127T134745.zip,538,9890,4258,342585.0,2201135.0,0.2268,0.2866,0.3532,0.4592,0.49520000000000003,0.4988,0.5279,0.5624,0.5601,0.5674,0.5991000000000001,0.43660000000000004
2025-11-27,Arel,Sen2Cor,S2B_MSIL2A_20251127T113319_N0511_R080_T28QCH_20251127T134745.SAFE,C:\Users\Simon\Nextcloud\Project\Mauritania\Science\Arguin - FieldWork Data Processing\Data\S2\Sen2Cor\S2B_MSIL2A_20251127T113319_N0511_R080_T28QCH_20251127T134745.zip,539,9890,4259,342595.0,2201135.0,0.2268,0.27740000000000004,0.34,0.44160000000000005,0.49520000000000003,0.4988,0.5279,0.5504,0.5601,0.5674,0.5991000000000001,0.43660000000000004
2025-11-27,Arel,Sen2Cor,S2B_MSIL2A_20251127T113319_N0511_R080_T28QCH_20251127T134745.SAFE,C:\Users\Simon\Nextcloud\Project\Mauritania\Science\Arguin - FieldWork Data Processing\Data\S2\Sen2Cor\S2B_MSIL2A_20251127T113319_N0511_R080_T28QCH_20251127T134745.zip,540,9890,4260,342605.0,2201135.0,0.21880000000000002,0.262,0.32480000000000003,0.42000000000000004,0.47900000000000004,0.4877,0.5181,0.538,0.5586,0.5609000000000001,0.5937,0.4198
2025-11-27,Arel,Sen2Cor,S2B_MSIL2A_20251127T113319_N0511_R080_T28QCH_20251127T134745.SAFE,C:\Users\Simon\Nextcloud\Project\Mauritania\Science\Arguin - FieldWork Data Processing\Data\S2\Sen2Cor\S2B_MSIL2A_20251127T113319_N0511_R080_T28QCH_20251127T134745.zip,541,9890,4261,342615.0,2201135.0,0.21880000000000002,0.25980000000000003,0.32280000000000003,0.4176,0.47900000000000004,0.4877,0.5181,0.5424,0.5586,0.5609000000000001,0.5937,0.4198
2025-11-27,Arel,Sen2Cor,S2B_MSIL2A_20251127T113319_N0511_R080_T28QCH_20251127T134745.SAFE,C:\Users\Simon\Nextcloud\Project\Mauritania\Science\Arguin - FieldWork Data Processing\Data\S2\Sen2Cor\S2B_MSIL2A_20251127T113319_N0511_R080_T28QCH_20251127T134745.zip,542,9890,4262,342625.0,2201135.0,0.21330000000000002,0.2686,0.334,0.43,0.4878,0.49620000000000003,0.5272,0.5628000000000001,0.5727,0.5609000000000001,0.5967,0.4021
2025-11-27,Arel,Sen2Cor,S2B_MSIL2A_20251127T113319_N0511_R080_T28QCH_20251127T134745.SAFE,C:\Users\Simon\Nextcloud\Project\Mauritania\Science\Arguin - FieldWork Data Processing\Data\S2\Sen2Cor\S2B_MSIL2A_20251127T113319_N0511_R080_T28QCH_20251127T134745.zip,543,9890,4263,342635.0,2201135.0,0.21330000000000002,0.28140000000000004,0.3428,0.442,0.4878,0.49620000000000003,0.5272,0.5700000000000001,0.5727,0.5609000000000001,0.5967,0.4021
2025-11-27,Arel,Sen2Cor,S2B_MSIL2A_20251127T113319_N0511_R080_T28QCH_20251127T134745.SAFE,C:\Users\Simon\Nextcloud\Project\Mauritania\Science\Arguin - FieldWork Data Processing\Data\S2\Sen2Cor\S2B_MSIL2A_20251127T113319_N0511_R080_T28QCH_20251127T134745.zip,544,9890,4264,342645.0,2201135.0,0.21350000000000002,0.2634,0.3292,0.42400000000000004,0.47340000000000004,0.4798,0.5079,0.5524,0.558,0.5609000000000001,0.5754,0.3703
2025-11-27,Arel,Sen2Cor,S2B_MSIL2A_20251127T113319_N0511_R080_T28QCH_20251127T134745.SAFE,C:\Users\Simon\Nextcloud\Project\Mauritania\Science\Arguin - FieldWork Data Processing\Data\S2\Sen2Cor\S2B_MSIL2A_20251127T113319_N0511_R080_T28QCH_20251127T134745.zip,545,9890,4265,342655.0,2201135.0,0.21350000000000002,0.25680000000000003,0.3148,0.41040000000000004,0.47340000000000004,0.4798,0.5079,0.528,0.558,0.5609000000000001,0.5754,0.3703
2025-11-27,Arel,Sen2Cor,S2B_MSIL2A_20251127T113319_N0511_R080_T28QCH_20251127T134745.SAFE,C:\Users\Simon\Nextcloud\Project\Mauritania\Science\Arguin - FieldWork Data Processing\Data\S2\Sen2Cor\S2B_MSIL2A_20251127T113319_N0511_R080_T28QCH_20251127T134745.zip,546,9890,4266,342665.0,2201135.0,0.21630000000000002,0.2662,0.32120000000000004,0.4092,0.46840000000000004,0.4742,0.5107,0.528,0.5606,0.5701,0.5778,0.3821
2025-11-27,Arel,Sen2Cor,S2B_MSIL2A_20251127T113319_N0511_R080_T28QCH_20251127T134745.SAFE,C:\Users\Simon\Nextcloud\Project\Mauritania\Science\Arguin - FieldWork Data Processing\Data\S2\Sen2Cor\S2B_MSIL2A_20251127T113319_N0511_R080_T28QCH_20251127T134745.zip,547,9890,4267,342675.0,2201135.0,0.21630000000000002,0.2732,0.33,0.4232,0.46840000000000004,0.4742,0.5107,0.548,0.5606,0.5701,0.5778,0.3821
2025-11-27,Arel,Sen2Cor,S2B_MSIL2A_20251127T113319_N0511_R080_T28QCH_20251127T134745.SAFE,C:\Users\Simon\Nextcloud\Project\Mauritania\Science\Arguin - FieldWork Data Processing\Data\S2\Sen2Cor\S2B_MSIL2A_20251127T113319_N0511_R080_T28QCH_20251127T134745.zip,548,9890,4268,342685.0,2201135.0,0.2179,0.2768,0.3356,0.434,0.49610000000000004,0.5077,0.5434,0.5648000000000001,0.5826,0.5701,0.6077,0.4035
2025-11-27,Arel,Sen2Cor,S2B_MSIL2A_20251127T113319_N0511_R080_T28QCH_20251127T134745.SAFE,C:\Users\Simon\Nextcloud\Project\Mauritania\Science\Arguin - FieldWork Data Processing\Data\S2\Sen2Cor\S2B_MSIL2A_20251127T113319_N0511_R080_T28QCH_20251127T134745.zip,549,9890,4269,342695.0,2201135.0,0.2179,0.28400000000000003,0.3428,0.442,0.49610000000000004,0.5077,0.5434,0.5672,0.5826,0.5701,0.6077,0.4035
2025-11-27,Arel,Sen2Cor,S2B_MSIL2A_20251127T113319_N0511_R080_T28QCH_20251127T134745.SAFE,C:\Users\Simon\Nextcloud\Project\Mauritania\Science\Arguin - FieldWork Data Processing\Data\S2\Sen2Cor\S2B_MSIL2A_20251127T113319_N0511_R080_T28QCH_20251127T134745.zip,550,9890,4270,342705.0,2201135.0,0.2162,0.2984,0.36200000000000004,0.45480000000000004,0.5127,0.5173,0.5476,0.5688,0.5794,0.5701,0.5952000000000001,0.4048
2025-11-27,Arel,Sen2Cor,S2B_MSIL2A_20251127T113319_N0511_R080_T28QCH_20251127T134745.SAFE,C:\Users\Simon\Nextcloud\Project\Mauritania\Science\Arguin - FieldWork Data Processing\Data\S2\Sen2Cor\S2B_MSIL2A_20251127T113319_N0511_R080_T28QCH_20251127T134745.zip,551,9890,4271,342715.0,2201135.0,0.2162,0.32080000000000003,0.38280000000000003,0.4776,0.5127,0.5173,0.5476,0.5760000000000001,0.5794,0.5701,0.5952000000000001,0.4048
2025-11-27,Arel,Sen2Cor,S2B_MSIL2A_20251127T113319_N0511_R080_T28QCH_20251127T134745.SAFE,C:\Users\Simon\Nextcloud\Project\Mauritania\Science\Arguin - FieldWork Data Processing\Data\S2\Sen2Cor\S2B_MSIL2A_20251127T113319_N0511_R080_T28QCH_20251127T134745.zip,552,9890,4272,342725.0,2201135.0,0.2122,0.31520000000000004,0.3784,0.47040000000000004,0.5074000000000001,0.51,0.5412,0.5780000000000001,0.5757,0.5453,0.5951000000000001,0.41500000000000004
2025-11-27,Arel,Sen2Cor,S2B_MSIL2A_20251127T113319_N0511_R080_T28QCH_20251127T134745.SAFE,C:\Users\Simon\Nextcloud\Project\Mauritania\Science\Arguin - FieldWork Data Processing\Data\S2\Sen2Cor\S2B_MSIL2A_20251127T113319_N0511_R080_T28QCH_20251127T134745.zip,553,9890,4273,342735.0,2201135.0,0.2122,0.29460000000000003,0.3584,0.45080000000000003,0.5074000000000001,0.51,0.5412,0.5700000000000001,0.5757,0.5453,0.5951000000000001,0.41500000000000004
2025-11-27,Arel,Sen2Cor,S2B_MSIL2A_20251127T113319_N0511_R080_T28QCH_20251127T134745.SAFE,C:\Users\Simon\Nextcloud\Project\Mauritania\Science\Arguin - FieldWork Data Processing\Data\S2\Sen2Cor\S2B_MSIL2A_20251127T113319_N0511_R080_T28QCH_20251127T134745.zip,554,9891,4247,342475.0,2201125.0,0.2106,0.31120000000000003,0.3816,0.4872,0.5508000000000001,0.5529000000000001,0.5787,0.596,0.6057,0.47340000000000004,0.6247,0.4767
2025-11-27,Arel,Sen2Cor,S2B_MSIL2A_20251127T113319_N0511_R080_T28QCH_20251127T134745.SAFE,C:\Users\Simon\Nextcloud\Project\Mauritania\Science\Arguin - FieldWork Data Processing\Data\S2\Sen2Cor\S2B_MSIL2A_20251127T113319_N0511_R080_T28QCH_20251127T134745.zip,555,9891,4248,342485.0,2201125.0,0.23090000000000002,0.31,0.3808,0.4812,0.5371,0.539,0.5617,0.5820000000000001,0.5847,0.5735,0.6169,0.4616
2025-11-27,Arel,Sen2Cor,S2B_MSIL2A_20251127T113319_N0511_R080_T28QCH_20251127T134745.SAFE,C:\Users\Simon\Nextcloud\Project\Mauritania\Science\Arguin - FieldWork Data Processing\Data\S2\Sen2Cor\S2B_MSIL2A_20251127T113319_N0511_R080_T28QCH_20251127T134745.zip,556,9891,4249,342495.0,2201125.0,0.23090000000000002,0.3124,0.37720000000000004,0.4752,0.5371,0.539,0.5617,0.5668000000000001,0.5847,0.5735,0.6169,0.4616
2025-11-27,Arel,Sen2Cor,S2B_MSIL2A_20251127T113319_N0511_R080_T28QCH_20251127T134745.SAFE,C:\Users\Simon\Nextcloud\Project\Mauritania\Science\Arguin - FieldWork Data Processing\Data\S2\Sen2Cor\S2B_MSIL2A_20251127T113319_N0511_R080_T28QCH_20251127T134745.zip,557,9891,4250,342505.0,2201125.0,0.2421,0.3108,0.376,0.47000000000000003,0.5168,0.5161,0.5373,0.5556,0.561,0.5735,0.5876,0.42860000000000004
2025-11-27,Arel,Sen2Cor,S2B_MSIL2A_20251127T113319_N0511_R080_T28QCH_20251127T134745.SAFE,C:\Users\Simon\Nextcloud\Project\Mauritania\Science\Arguin - FieldWork Data Processing\Data\S2\Sen2Cor\S2B_MSIL2A_20251127T113319_N0511_R080_T28QCH_20251127T134745.zip,558,9891,4251,342515.0,2201125.0,0.2421,0.3088,0.376,0.46640000000000004,0.5168,0.5161,0.5373,0.5536,0.561,0.5735,0.5876,0.42860000000000004
2025-11-27,Arel,Sen2Cor,S2B_MSIL2A_20251127T113319_N0511_R080_T28QCH_20251127T134745.SAFE,C:\Users\Simon\Nextcloud\Project\Mauritania\Science\Arguin - FieldWork Data Processing\Data\S2\Sen2Cor\S2B_MSIL2A_20251127T113319_N0511_R080_T28QCH_20251127T134745.zip,559,9891,4252,342525.0,2201125.0,0.24530000000000002,0.3168,0.3816,0.4716,0.5181,0.5177,0.5418000000000001,0.5596,0.5687,0.5735,0.5900000000000001,0.4334
2025-11-27,Arel,Sen2Cor,S2B_MSIL2A_20251127T113319_N0511_R080_T28QCH_20251127T134745.SAFE,C:\Users\Simon\Nextcloud\Project\Mauritania\Science\Arguin - FieldWork Data Processing\Data\S2\Sen2Cor\S2B_MSIL2A_20251127T113319_N0511_R080_T28QCH_20251127T134745.zip,560,9891,4253,342535.0,2201125.0,0.24530000000000002,0.3176,0.3784,0.47040000000000004,0.5181,0.5177,0.5418000000000001,0.5668000000000001,0.5687,0.5735,0.5900000000000001,0.4334
2025-11-27,Arel,Sen2Cor,S2B_MSIL2A_20251127T113319_N0511_R080_T28QCH_20251127T134745.SAFE,C:\Users\Simon\Nextcloud\Project\Mauritania\Science\Arguin - FieldWork Data Processing\Data\S2\Sen2Cor\S2B_MSIL2A_20251127T113319_N0511_R080_T28QCH_20251127T134745.zip,561,9891,4254,342545.0,2201125.0,0.24070000000000003,0.29760000000000003,0.3672,0.466,0.5162,0.5226000000000001,0.5499,0.5660000000000001,0.5761000000000001,0.5674,0.607,0.4562
2025-11-27,Arel,Sen2Cor,S2B_MSIL2A_20251127T113319_N0511_R080_T28QCH_20251127T134745.SAFE,C:\Users\Simon\Nextcloud\Project\Mauritania\Science\Arguin - FieldWork Data Processing\Data\S2\Sen2Cor\S2B_MSIL2A_20251127T113319_N0511_R080_T28QCH_20251127T134745.zip,562,9891,4255,342555.0,2201125.0,0.24070000000000003,0.2918,0.3608,0.4656,0.5162,0.5226000000000001,0.5499,0.5728,0.5761000000000001,0.5674,0.607,0.4562
2025-11-27,Arel,Sen2Cor,S2B_MSIL2A_20251127T113319_N0511_R080_T28QCH_20251127T134745.SAFE,C:\Users\Simon\Nextcloud\Project\Mauritania\Science\Arguin - FieldWork Data Processing\Data\S2\Sen2Cor\S2B_MSIL2A_20251127T113319_N0511_R080_T28QCH_20251127T134745.zip,563,9891,4256,342565.0,2201125.0,0.23450000000000001,0.2874,0.3544,0.46,0.513,0.5172,0.5431,0.5704,0.5736,0.5674,0.6151,0.4682
2025-11-27,Arel,Sen2Cor,S2B_MSIL2A_20251127T113319_N0511_R080_T28QCH_20251127T134745.SAFE,C:\Users\Simon\Nextcloud\Project\Mauritania\Science\Arguin - FieldWork Data Processing\Data\S2\Sen2Cor\S2B_MSIL2A_20251127T113319_N0511_R080_T28QCH_20251127T134745.zip,564,9891,4257,342575.0,2201125.0,0.23450000000000001,0.2876,0.3544,0.456,0.513,0.5172,0.5431,0.5604,0.5736,0.5674,0.6151,0.4682
2025-11-27,Arel,Sen2Cor,S2B_MSIL2A_20251127T113319_N0511_R080_T28QCH_20251127T134745.SAFE,C:\Users\Simon\Nextcloud\Project\Mauritania\Science\Arguin - FieldWork Data Processing\Data\S2\Sen2Cor\S2B_MSIL2A_20251127T113319_N0511_R080_T28QCH_20251127T134745.zip,565,9891,4258,342585.0,2201125.0,0.2268,0.2746,0.3356,0.442,0.49520000000000003,0.4988,0.5279,0.5508000000000001,0.5601,0.5674,0.5991000000000001,0.43660000000000004
2025-11-27,Arel,Sen2Cor,S2B_MSIL2A_20251127T113319_N0511_R080_T28QCH_20251127T134745.SAFE,C:\Users\Simon\Nextcloud\Project\Mauritania\Science\Arguin - FieldWork Data Processing\Data\S2\Sen2Cor\S2B_MSIL2A_20251127T113319_N0511_R080_T28QCH_20251127T134745.zip,566,9891,4259,342595.0,2201125.0,0.2268,0.2832,0.3448,0.43760000000000004,0.49520000000000003,0.4988,0.5279,0.5488000000000001,0.5601,0.5674,0.5991000000000001,0.43660000000000004
2025-11-27,Arel,Sen2Cor,S2B_MSIL2A_20251127T113319_N0511_R080_T28QCH_20251127T134745.SAFE,C:\Users\Simon\Nextcloud\Project\Mauritania\Science\Arguin - FieldWork Data Processing\Data\S2\Sen2Cor\S2B_MSIL2A_20251127T113319_N0511_R080_T28QCH_20251127T134745.zip,567,9891,4260,342605.0,2201125.0,0.21880000000000002,0.2702,0.334,0.42800000000000005,0.47900000000000004,0.4877,0.5181,0.5464,0.5586,0.5609000000000001,0.5937,0.4198
2025-11-27,Arel,Sen2Cor,S2B_MSIL2A_20251127T113319_N0511_R080_T28QCH_20251127T134745.SAFE,C:\Users\Simon\Nextcloud\Project\Mauritania\Science\Arguin - FieldWork Data Processing\Data\S2\Sen2Cor\S2B_MSIL2A_20251127T113319_N0511_R080_T28QCH_20251127T134745.zip,568,9891,4261,342615.0,2201125.0,0.21880000000000002,0.2728,0.3316,0.4312,0.47900000000000004,0.4877,0.5181,0.5536,0.5586,0.5609000000000001,0.5937,0.4198
2025-11-27,Arel,Sen2Cor,S2B_MSIL2A_20251127T113319_N0511_R080_T28QCH_20251127T134745.SAFE,C:\Users\Simon\Nextcloud\Project\Mauritania\Science\Arguin - FieldWork Data Processing\Data\S2\Sen2Cor\S2B_MSIL2A_20251127T113319_N0511_R080_T28QCH_20251127T134745.zip,569,9891,4262,342625.0,2201125.0,0.21330000000000002,0.2822,0.34640000000000004,0.442,0.4878,0.49620000000000003,0.5272,0.5648000000000001,0.5727,0.5609000000000001,0.5967,0.4021
2025-11-27,Arel,Sen2Cor,S2B_MSIL2A_20251127T113319_N0511_R080_T28QCH_20251127T134745.SAFE,C:\Users\Simon\Nextcloud\Project\Mauritania\Science\Arguin - FieldWork Data Processing\Data\S2\Sen2Cor\S2B_MSIL2A_20251127T113319_N0511_R080_T28QCH_20251127T134745.zip,570,9891,4263,342635.0,2201125.0,0.21330000000000002,0.2878,0.3532,0.4444,0.4878,0.49620000000000003,0.5272,0.5668000000000001,0.5727,0.5609000000000001,0.5967,0.4021
2025-11-27,Arel,Sen2Cor,S2B_MSIL2A_20251127T113319_N0511_R080_T28QCH_20251127T134745.SAFE,C:\Users\Simon\Nextcloud\Project\Mauritania\Science\Arguin - FieldWork Data Processing\Data\S2\Sen2Cor\S2B_MSIL2A_20251127T113319_N0511_R080_T28QCH_20251127T134745.zip,571,9891,4264,342645.0,2201125.0,0.21350000000000002,0.2702,0.328,0.43320000000000003,0.47340000000000004,0.4798,0.5079,0.5524,0.558,0.5609000000000001,0.5754,0.3703
2025-11-27,Arel,Sen2Cor,S2B_MSIL2A_20251127T113319_N0511_R080_T28QCH_20251127T134745.SAFE,C:\Users\Simon\Nextcloud\Project\Mauritania\Science\Arguin - FieldWork Data Processing\Data\S2\Sen2Cor\S2B_MSIL2A_20251127T113319_N0511_R080_T28QCH_20251127T134745.zip,572,9891,4265,342655.0,2201125.0,0.21350000000000002,0.2644,0.32280000000000003,0.4132,0.47340000000000004,0.4798,0.5079,0.5372,0.558,0.5609000000000001,0.5754,0.3703
2025-11-27,Arel,Sen2Cor,S2B_MSIL2A_20251127T113319_N0511_R080_T28QCH_20251127T134745.SAFE,C:\Users\Simon\Nextcloud\Project\Mauritania\Science\Arguin - FieldWork Data Processing\Data\S2\Sen2Cor\S2B_MSIL2A_20251127T113319_N0511_R080_T28QCH_20251127T134745.zip,573,9891,4266,342665.0,2201125.0,0.21630000000000002,0.2636,0.3224,0.4112,0.46840000000000004,0.4742,0.5107,0.5428000000000001,0.5606,0.5701,0.5778,0.3821
2025-11-27,Arel,Sen2Cor,S2B_MSIL2A_20251127T113319_N0511_R080_T28QCH_20251127T134745.SAFE,C:\Users\Simon\Nextcloud\Project\Mauritania\Science\Arguin - FieldWork Data Processing\Data\S2\Sen2Cor\S2B_MSIL2A_20251127T113319_N0511_R080_T28QCH_20251127T134745.zip,574,9891,4267,342675.0,2201125.0,0.21630000000000002,0.26780000000000004,0.32680000000000003,0.42760000000000004,0.46840000000000004,0.4742,0.5107,0.5624,0.5606,0.5701,0.5778,0.3821
2025-11-27,Arel,Sen2Cor,S2B_MSIL2A_20251127T113319_N0511_R080_T28QCH_20251127T134745.SAFE,C:\Users\Simon\Nextcloud\Project\Mauritania\Science\Arguin - FieldWork Data Processing\Data\S2\Sen2Cor\S2B_MSIL2A_20251127T113319_N0511_R080_T28QCH_20251127T134745.zip,575,9891,4268,342685.0,2201125.0,0.2179,0.2828,0.34640000000000004,0.4484,0.49610000000000004,0.5077,0.5434,0.5820000000000001,0.5826,0.5701,0.6077,0.4035
2025-11-27,Arel,Sen2Cor,S2B_MSIL2A_20251127T113319_N0511_R080_T28QCH_20251127T134745.SAFE,C:\Users\Simon\Nextcloud\Project\Mauritania\Science\Arguin - FieldWork Data Processing\Data\S2\Sen2Cor\S2B_MSIL2A_20251127T113319_N0511_R080_T28QCH_20251127T134745.zip,576,9891,4269,342695.0,2201125.0,0.2179,0.28500000000000003,0.3516,0.45080000000000003,0.49610000000000004,0.5077,0.5434,0.5800000000000001,0.5826,0.5701,0.6077,0.4035
2025-11-27,Arel,Sen2Cor,S2B_MSIL2A_20251127T113319_N0511_R080_T28QCH_20251127T134745.SAFE,C:\Users\Simon\Nextcloud\Project\Mauritania\Science\Arguin - FieldWork Data Processing\Data\S2\Sen2Cor\S2B_MSIL2A_20251127T113319_N0511_R080_T28QCH_20251127T134745.zip,577,9891,4270,342705.0,2201125.0,0.2162,0.2968,0.3604,0.454,0.5127,0.5173,0.5476,0.5792,0.5794,0.5701,0.5952000000000001,0.4048
2025-11-27,Arel,Sen2Cor,S2B_MSIL2A_20251127T113319_N0511_R080_T28QCH_20251127T134745.SAFE,C:\Users\Simon\Nextcloud\Project\Mauritania\Science\Arguin - FieldWork Data Processing\Data\S2\Sen2Cor\S2B_MSIL2A_20251127T113319_N0511_R080_T28QCH_20251127T134745.zip,578,9891,4271,342715.0,2201125.0,0.2162,0.3116,0.37320000000000003,0.4728,0.5127,0.5173,0.5476,0.5748,0.5794,0.5701,0.5952000000000001,0.4048
2025-11-27,Arel,Sen2Cor,S2B_MSIL2A_20251127T113319_N0511_R080_T28QCH_20251127T134745.SAFE,C:\Users\Simon\Nextcloud\Project\Mauritania\Science\Arguin - FieldWork Data Processing\Data\S2\Sen2Cor\S2B_MSIL2A_20251127T113319_N0511_R080_T28QCH_20251127T134745.zip,579,9892,4247,342475.0,2201115.0,0.2074,0.2958,0.3644,0.4636,0.5198,0.5213,0.5506,0.5728,0.5748,0.47340000000000004,0.6093000000000001,0.4524
2025-11-27,Arel,Sen2Cor,S2B_MSIL2A_20251127T113319_N0511_R080_T28QCH_20251127T134745.SAFE,C:\Users\Simon\Nextcloud\Project\Mauritania\Science\Arguin - FieldWork Data Processing\Data\S2\Sen2Cor\S2B_MSIL2A_20251127T113319_N0511_R080_T28QCH_20251127T134745.zip,580,9892,4248,342485.0,2201115.0,0.22660000000000002,0.30460000000000004,0.3708,0.4612,0.5114000000000001,0.5097,0.5307000000000001,0.5592,0.5650000000000001,0.5735,0.5907,0.4147
2025-11-27,Arel,Sen2Cor,S2B_MSIL2A_20251127T113319_N0511_R080_T28QCH_20251127T134745.SAFE,C:\Users\Simon\Nextcloud\Project\Mauritania\Science\Arguin - FieldWork Data Processing\Data\S2\Sen2Cor\S2B_MSIL2A_20251127T113319_N0511_R080_T28QCH_20251127T134745.zip,581,9892,4249,342495.0,2201115.0,0.22660000000000002,0.3068,0.37320000000000003,0.46440000000000003,0.5114000000000001,0.5097,0.5307000000000001,0.5556,0.5650000000000001,0.5735,0.5907,0.4147
2025-11-27,Arel,Sen2Cor,S2B_MSIL2A_20251127T113319_N0511_R080_T28QCH_20251127T134745.SAFE,C:\Users\Simon\Nextcloud\Project\Mauritania\Science\Arguin - FieldWork Data Processing\Data\S2\Sen2Cor\S2B_MSIL2A_20251127T113319_N0511_R080_T28QCH_20251127T134745.zip,582,9892,4250,342505.0,2201115.0,0.2368,0.30720000000000003,0.37160000000000004,0.4652,0.5041,0.5063,0.5279,0.5516,0.5578000000000001,0.5735,0.5755,0.3896
2025-11-27,Arel,Sen2Cor,S2B_MSIL2A_20251127T113319_N0511_R080_T28QCH_20251127T134745.SAFE,C:\Users\Simon\Nextcloud\Project\Mauritania\Science\Arguin - FieldWork Data Processing\Data\S2\Sen2Cor\S2B_MSIL2A_20251127T113319_N0511_R080_T28QCH_20251127T134745.zip,583,9892,4251,342515.0,2201115.0,0.2368,0.3168,0.38280000000000003,0.46880000000000005,0.5041,0.5063,0.5279,0.5584,0.5578000000000001,0.5735,0.5755,0.3896
2025-11-27,Arel,Sen2Cor,S2B_MSIL2A_20251127T113319_N0511_R080_T28QCH_20251127T134745.SAFE,C:\Users\Simon\Nextcloud\Project\Mauritania\Science\Arguin - FieldWork Data Processing\Data\S2\Sen2Cor\S2B_MSIL2A_20251127T113319_N0511_R080_T28QCH_20251127T134745.zip,584,9892,4252,342525.0,2201115.0,0.2389,0.3184,0.38,0.4708,0.5129,0.5119,0.537,0.56,0.5706,0.5735,0.5835,0.4006
2025-11-27,Arel,Sen2Cor,S2B_MSIL2A_20251127T113319_N0511_R080_T28QCH_20251127T134745.SAFE,C:\Users\Simon\Nextcloud\Project\Mauritania\Science\Arguin - FieldWork Data Processing\Data\S2\Sen2Cor\S2B_MSIL2A_20251127T113319_N0511_R080_T28QCH_20251127T134745.zip,585,9892,4253,342535.0,2201115.0,0.2389,0.31320000000000003,0.374,0.4692,0.5129,0.5119,0.537,0.5624,0.5706,0.5735,0.5835,0.4006
2025-11-27,Arel,Sen2Cor,S2B_MSIL2A_20251127T113319_N0511_R080_T28QCH_20251127T134745.SAFE,C:\Users\Simon\Nextcloud\Project\Mauritania\Science\Arguin - FieldWork Data Processing\Data\S2\Sen2Cor\S2B_MSIL2A_20251127T113319_N0511_R080_T28QCH_20251127T134745.zip,586,9892,4254,342545.0,2201115.0,0.23470000000000002,0.3002,0.3672,0.4656,0.5141,0.5179,0.5476,0.5672,0.5811000000000001,0.5674,0.6032000000000001,0.43910000000000005
2025-11-27,Arel,Sen2Cor,S2B_MSIL2A_20251127T113319_N0511_R080_T28QCH_20251127T134745.SAFE,C:\Users\Simon\Nextcloud\Project\Mauritania\Science\Arguin - FieldWork Data Processing\Data\S2\Sen2Cor\S2B_MSIL2A_20251127T113319_N0511_R080_T28QCH_20251127T134745.zip,587,9892,4255,342555.0,2201115.0,0.23470000000000002,0.29200000000000004,0.3648,0.46440000000000003,0.5141,0.5179,0.5476,0.5756,0.5811000000000001,0.5674,0.6032000000000001,0.43910000000000005
2025-11-27,Arel,Sen2Cor,S2B_MSIL2A_20251127T113319_N0511_R080_T28QCH_20251127T134745.SAFE,C:\Users\Simon\Nextcloud\Project\Mauritania\Science\Arguin - FieldWork Data Processing\Data\S2\Sen2Cor\S2B_MSIL2A_20251127T113319_N0511_R080_T28QCH_20251127T134745.zip,588,9892,4256,342565.0,2201115.0,0.22940000000000002,0.2876,0.3612,0.4616,0.5119,0.5131,0.5411,0.5680000000000001,0.5759000000000001,0.5674,0.6088,0.4434
2025-11-27,Arel,Sen2Cor,S2B_MSIL2A_20251127T113319_N0511_R080_T28QCH_20251127T134745.SAFE,C:\Users\Simon\Nextcloud\Project\Mauritania\Science\Arguin - FieldWork Data Processing\Data\S2\Sen2Cor\S2B_MSIL2A_20251127T113319_N0511_R080_T28QCH_20251127T134745.zip,589,9892,4257,342575.0,2201115.0,0.22940000000000002,0.2908,0.3584,0.45840000000000003,0.5119,0.5131,0.5411,0.5596,0.5759000000000001,0.5674,0.6088,0.4434
2025-11-27,Arel,Sen2Cor,S2B_MSIL2A_20251127T113319_N0511_R080_T28QCH_20251127T134745.SAFE,C:\Users\Simon\Nextcloud\Project\Mauritania\Science\Arguin - FieldWork Data Processing\Data\S2\Sen2Cor\S2B_MSIL2A_20251127T113319_N0511_R080_T28QCH_20251127T134745.zip,590,9892,4258,342585.0,2201115.0,0.2248,0.2778,0.33640000000000003,0.4364,0.49050000000000005,0.5039,0.5305,0.5512,0.561,0.5674,0.5975,0.4289
2025-11-27,Arel,Sen2Cor,S2B_MSIL2A_20251127T113319_N0511_R080_T28QCH_20251127T134745.SAFE,C:\Users\Simon\Nextcloud\Project\Mauritania\Science\Arguin - FieldWork Data Processing\Data\S2\Sen2Cor\S2B_MSIL2A_20251127T113319_N0511_R080_T28QCH_20251127T134745.zip,591,9892,4259,342595.0,2201115.0,0.2248,0.2878,0.3452,0.44160000000000005,0.49050000000000005,0.5039,0.5305,0.548,0.561,0.5674,0.5975,0.4289
2025-11-27,Arel,Sen2Cor,S2B_MSIL2A_20251127T113319_N0511_R080_T28QCH_20251127T134745.SAFE,C:\Users\Simon\Nextcloud\Project\Mauritania\Science\Arguin - FieldWork Data Processing\Data\S2\Sen2Cor\S2B_MSIL2A_20251127T113319_N0511_R080_T28QCH_20251127T134745.zip,592,9892,4260,342605.0,2201115.0,0.21910000000000002,0.2874,0.3496,0.448,0.4912,0.5026,0.5326000000000001,0.5596,0.5683,0.5609000000000001,0.6008,0.4307
2025-11-27,Arel,Sen2Cor,S2B_MSIL2A_20251127T113319_N0511_R080_T28QCH_20251127T134745.SAFE,C:\Users\Simon\Nextcloud\Project\Mauritania\Science\Arguin - FieldWork Data Processing\Data\S2\Sen2Cor\S2B_MSIL2A_20251127T113319_N0511_R080_T28QCH_20251127T134745.zip,593,9892,4261,342615.0,2201115.0,0.21910000000000002,0.26980000000000004,0.33080000000000004,0.4304,0.4912,0.5026,0.5326000000000001,0.5604,0.5683,0.5609000000000001,0.6008,0.4307
2025-11-27,Arel,Sen2Cor,S2B_MSIL2A_20251127T113319_N0511_R080_T28QCH_20251127T134745.SAFE,C:\Users\Simon\Nextcloud\Project\Mauritania\Science\Arguin - FieldWork Data Processing\Data\S2\Sen2Cor\S2B_MSIL2A_20251127T113319_N0511_R080_T28QCH_20251127T134745.zip,594,9892,4262,342625.0,2201115.0,0.21400000000000002,0.27080000000000004,0.33480000000000004,0.4384,0.48850000000000005,0.5002,0.5299,0.5592,0.5749000000000001,0.5609000000000001,0.6016,0.41300000000000003
2025-11-27,Arel,Sen2Cor,S2B_MSIL2A_20251127T113319_N0511_R080_T28QCH_20251127T134745.SAFE,C:\Users\Simon\Nextcloud\Project\Mauritania\Science\Arguin - FieldWork Data Processing\Data\S2\Sen2Cor\S2B_MSIL2A_20251127T113319_N0511_R080_T28QCH_20251127T134745.zip,595,9892,4263,342635.0,2201115.0,0.21400000000000002,0.2796,0.342,0.43920000000000003,0.48850000000000005,0.5002,0.5299,0.5656,0.5749000000000001,0.5609000000000001,0.6016,0.41300000000000003
2025-11-27,Arel,Sen2Cor,S2B_MSIL2A_20251127T113319_N0511_R080_T28QCH_20251127T134745.SAFE,C:\Users\Simon\Nextcloud\Project\Mauritania\Science\Arguin - FieldWork Data Processing\Data\S2\Sen2Cor\S2B_MSIL2A_20251127T113319_N0511_R080_T28QCH_20251127T134745.zip,596,9892,4264,342645.0,2201115.0,0.2102,0.2642,0.32480000000000003,0.4288,0.4748,0.49010000000000004,0.5215000000000001,0.5504,0.5609000000000001,0.5609000000000001,0.5862,0.3819
2025-11-27,Arel,Sen2Cor,S2B_MSIL2A_20251127T113319_N0511_R080_T28QCH_20251127T134745.SAFE,C:\Users\Simon\Nextcloud\Project\Mauritania\Science\Arguin - FieldWork Data Processing\Data\S2\Sen2Cor\S2B_MSIL2A_20251127T113319_N0511_R080_T28QCH_20251127T134745.zip,597,9892,4265,342655.0,2201115.0,0.2102,0.2636,0.328,0.4128,0.4748,0.49010000000000004,0.5215000000000001,0.5444,0.5609000000000001,0.5609000000000001,0.5862,0.3819
2025-11-27,Arel,Sen2Cor,S2B_MSIL2A_20251127T113319_N0511_R080_T28QCH_20251127T134745.SAFE,C:\Users\Simon\Nextcloud\Project\Mauritania\Science\Arguin - FieldWork Data Processing\Data\S2\Sen2Cor\S2B_MSIL2A_20251127T113319_N0511_R080_T28QCH_20251127T134745.zip,598,9892,4266,342665.0,2201115.0,0.2076,0.2662,0.32480000000000003,0.4232,0.4887,0.4924,0.5305,0.5488000000000001,0.5775,0.5701,0.5928,0.3967
2025-11-27,Arel,Sen2Cor,S2B_MSIL2A_20251127T113319_N0511_R080_T28QCH_20251127T134745.SAFE,C:\Users\Simon\Nextcloud\Project\Mauritania\Science\Arguin - FieldWork Data Processing\Data\S2\Sen2Cor\S2B_MSIL2A_20251127T113319_N0511_R080_T28QCH_20251127T134745.zip,599,9892,4267,342675.0,2201115.0,0.2076,0.2692,0.33280000000000004,0.43560000000000004,0.4887,0.4924,0.5305,0.5680000000000001,0.5775,0.5701,0.5928,0.3967
2025-11-27,Arel,Sen2Cor,S2B_MSIL2A_20251127T113319_N0511_R080_T28QCH_20251127T134745.SAFE,C:\Users\Simon\Nextcloud\Project\Mauritania\Science\Arguin - FieldWork Data Processing\Data\S2\Sen2Cor\S2B_MSIL2A_20251127T113319_N0511_R080_T28QCH_20251127T134745.zip,600,9892,4268,342685.0,2201115.0,0.2023,0.2722,0.3408,0.442,0.5022,0.5084000000000001,0.5421,0.5776,0.5795,0.5701,0.5977,0.3966
2025-11-27,Arel,Sen2Cor,S2B_MSIL2A_20251127T113319_N0511_R080_T28QCH_20251127T134745.SAFE,C:\Users\Simon\Nextcloud\Project\Mauritania\Science\Arguin - FieldWork Data Processing\Data\S2\Sen2Cor\S2B_MSIL2A_20251127T113319_N0511_R080_T28QCH_20251127T134745.zip,601,9893,4247,342475.0,2201105.0,0.2074,0.302,0.3604,0.4504,0.5198,0.5213,0.5506,0.5592,0.5748,0.47340000000000004,0.6093000000000001,0.4524
2025-11-27,Arel,Sen2Cor,S2B_MSIL2A_20251127T113319_N0511_R080_T28QCH_20251127T134745.SAFE,C:\Users\Simon\Nextcloud\Project\Mauritania\Science\Arguin - FieldWork Data Processing\Data\S2\Sen2Cor\S2B_MSIL2A_20251127T113319_N0511_R080_T28QCH_20251127T134745.zip,602,9893,4248,342485.0,2201105.0,0.22660000000000002,0.29960000000000003,0.36000000000000004,0.4484,0.5114000000000001,0.5097,0.5307000000000001,0.5472,0.5650000000000001,0.5735,0.5907,0.4147
2025-11-27,Arel,Sen2Cor,S2B_MSIL2A_20251127T113319_N0511_R080_T28QCH_20251127T134745.SAFE,C:\Users\Simon\Nextcloud\Project\Mauritania\Science\Arguin - FieldWork Data Processing\Data\S2\Sen2Cor\S2B_MSIL2A_20251127T113319_N0511_R080_T28QCH_20251127T134745.zip,603,9893,4249,342495.0,2201105.0,0.22660000000000002,0.299,0.3648,0.45080000000000003,0.5114000000000001,0.5097,0.5307000000000001,0.5428000000000001,0.5650000000000001,0.5735,0.5907,0.4147
2025-11-27,Arel,Sen2Cor,S2B_MSIL2A_20251127T113319_N0511_R080_T28QCH_20251127T134745.SAFE,C:\Users\Simon\Nextcloud\Project\Mauritania\Science\Arguin - FieldWork Data Processing\Data\S2\Sen2Cor\S2B_MSIL2A_20251127T113319_N0511_R080_T28QCH_20251127T134745.zip,604,9893,4250,342505.0,2201105.0,0.2368,0.302,0.36960000000000004,0.456,0.5041,0.5063,0.5279,0.5488000000000001,0.5578000000000001,0.5735,0.5755,0.3896
2025-11-27,Arel,Sen2Cor,S2B_MSIL2A_20251127T113319_N0511_R080_T28QCH_20251127T134745.SAFE,C:\Users\Simon\Nextcloud\Project\Mauritania\Science\Arguin - FieldWork Data Processing\Data\S2\Sen2Cor\S2B_MSIL2A_20251127T113319_N0511_R080_T28QCH_20251127T134745.zip,605,9893,4251,342515.0,2201105.0,0.2368,0.30560000000000004,0.3728,0.45680000000000004,0.5041,0.5063,0.5279,0.5524,0.5578000000000001,0.5735,0.5755,0.3896
2025-11-27,Arel,Sen2Cor,S2B_MSIL2A_20251127T113319_N0511_R080_T28QCH_20251127T134745.SAFE,C:\Users\Simon\Nextcloud\Project\Mauritania\Science\Arguin - FieldWork Data Processing\Data\S2\Sen2Cor\S2B_MSIL2A_20251127T113319_N0511_R080_T28QCH_20251127T134745.zip,606,9893,4252,342525.0,2201105.0,0.2389,0.3124,0.372,0.4596,0.5129,0.5119,0.537,0.5556,0.5706,0.5735,0.5835,0.4006
2025-11-27,Arel,Sen2Cor,S2B_MSIL2A_20251127T113319_N0511_R080_T28QCH_20251127T134745.SAFE,C:\Users\Simon\Nextcloud\Project\Mauritania\Science\Arguin - FieldWork Data Processing\Data\S2\Sen2Cor\S2B_MSIL2A_20251127T113319_N0511_R080_T28QCH_20251127T134745.zip,607,9893,4253,342535.0,2201105.0,0.2389,0.3168,0.3748,0.46880000000000005,0.5129,0.5119,0.537,0.5680000000000001,0.5706,0.5735,0.5835,0.4006
2025-11-27,Arel,Sen2Cor,S2B_MSIL2A_20251127T113319_N0511_R080_T28QCH_20251127T134745.SAFE,C:\Users\Simon\Nextcloud\Project\Mauritania\Science\Arguin - FieldWork Data Processing\Data\S2\Sen2Cor\S2B_MSIL2A_20251127T113319_N0511_R080_T28QCH_20251127T134745.zip,608,9893,4254,342545.0,2201105.0,0.23470000000000002,0.3078,0.3748,0.4708,0.5141,0.5179,0.5476,0.5804,0.5811000000000001,0.5674,0.6032000000000001,0.43910000000000005
2025-11-27,Arel,Sen2Cor,S2B_MSIL2A_20251127T113319_N0511_R080_T28QCH_20251127T134745.SAFE,C:\Users\Simon\Nextcloud\Project\Mauritania\Science\Arguin - FieldWork Data Processing\Data\S2\Sen2Cor\S2B_MSIL2A_20251127T113319_N0511_R080_T28QCH_20251127T134745.zip,609,9893,4255,342555.0,2201105.0,0.23470000000000002,0.3032,0.36920000000000003,0.4676,0.5141,0.5179,0.5476,0.5700000000000001,0.5811000000000001,0.5674,0.6032000000000001,0.43910000000000005
2025-11-27,Arel,Sen2Cor,S2B_MSIL2A_20251127T113319_N0511_R080_T28QCH_20251127T134745.SAFE,C:\Users\Simon\Nextcloud\Project\Mauritania\Science\Arguin - FieldWork Data Processing\Data\S2\Sen2Cor\S2B_MSIL2A_20251127T113319_N0511_R080_T28QCH_20251127T134745.zip,610,9893,4256,342565.0,2201105.0,0.22940000000000002,0.3104,0.3728,0.46480000000000005,0.5119,0.5131,0.5411,0.5704,0.5759000000000001,0.5674,0.6088,0.4434
2025-11-27,Arel,Sen2Cor,S2B_MSIL2A_20251127T113319_N0511_R080_T28QCH_20251127T134745.SAFE,C:\Users\Simon\Nextcloud\Project\Mauritania\Science\Arguin - FieldWork Data Processing\Data\S2\Sen2Cor\S2B_MSIL2A_20251127T113319_N0511_R080_T28QCH_20251127T134745.zip,611,9893,4257,342575.0,2201105.0,0.22940000000000002,0.3012,0.366,0.4612,0.5119,0.5131,0.5411,0.5636,0.5759000000000001,0.5674,0.6088,0.4434
2025-11-27,Arel,Sen2Cor,S2B_MSIL2A_20251127T113319_N0511_R080_T28QCH_20251127T134745.SAFE,C:\Users\Simon\Nextcloud\Project\Mauritania\Science\Arguin - FieldWork Data Processing\Data\S2\Sen2Cor\S2B_MSIL2A_20251127T113319_N0511_R080_T28QCH_20251127T134745.zip,612,9893,4258,342585.0,2201105.0,0.2248,0.2766,0.3428,0.4388,0.49050000000000005,0.5039,0.5305,0.5484,0.561,0.5674,0.5975,0.4289
2025-11-27,Arel,Sen2Cor,S2B_MSIL2A_20251127T113319_N0511_R080_T28QCH_20251127T134745.SAFE,C:\Users\Simon\Nextcloud\Project\Mauritania\Science\Arguin - FieldWork Data Processing\Data\S2\Sen2Cor\S2B_MSIL2A_20251127T113319_N0511_R080_T28QCH_20251127T134745.zip,613,9893,4259,342595.0,2201105.0,0.2248,0.2808,0.3392,0.4424,0.49050000000000005,0.5039,0.5305,0.5508000000000001,0.561,0.5674,0.5975,0.4289
2025-11-27,Arel,Sen2Cor,S2B_MSIL2A_20251127T113319_N0511_R080_T28QCH_20251127T134745.SAFE,C:\Users\Simon\Nextcloud\Project\Mauritania\Science\Arguin - FieldWork Data Processing\Data\S2\Sen2Cor\S2B_MSIL2A_20251127T113319_N0511_R080_T28QCH_20251127T134745.zip,614,9893,4260,342605.0,2201105.0,0.21910000000000002,0.3028,0.3684,0.45520000000000005,0.4912,0.5026,0.5326000000000001,0.5664,0.5683,0.5609000000000001,0.6008,0.4307
2025-11-27,Arel,Sen2Cor,S2B_MSIL2A_20251127T113319_N0511_R080_T28QCH_20251127T134745.SAFE,C:\Users\Simon\Nextcloud\Project\Mauritania\Science\Arguin - FieldWork Data Processing\Data\S2\Sen2Cor\S2B_MSIL2A_20251127T113319_N0511_R080_T28QCH_20251127T134745.zip,615,9893,4261,342615.0,2201105.0,0.21910000000000002,0.2758,0.3372,0.438,0.4912,0.5026,0.5326000000000001,0.5644,0.5683,0.5609000000000001,0.6008,0.4307
2025-11-27,Arel,Sen2Cor,S2B_MSIL2A_20251127T113319_N0511_R080_T28QCH_20251127T134745.SAFE,C:\Users\Simon\Nextcloud\Project\Mauritania\Science\Arguin - FieldWork Data Processing\Data\S2\Sen2Cor\S2B_MSIL2A_20251127T113319_N0511_R080_T28QCH_20251127T134745.zip,616,9893,4262,342625.0,2201105.0,0.21400000000000002,0.2686,0.3292,0.4312,0.48850000000000005,0.5002,0.5299,0.562,0.5749000000000001,0.5609000000000001,0.6016,0.41300000000000003
2025-11-27,Arel,Sen2Cor,S2B_MSIL2A_20251127T113319_N0511_R080_T28QCH_20251127T134745.SAFE,C:\Users\Simon\Nextcloud\Project\Mauritania\Science\Arguin - FieldWork Data Processing\Data\S2\Sen2Cor\S2B_MSIL2A_20251127T113319_N0511_R080_T28QCH_20251127T134745.zip,617,9893,4263,342635.0,2201105.0,0.21400000000000002,0.2656,0.32480000000000003,0.42760000000000004,0.48850000000000005,0.5002,0.5299,0.5656,0.5749000000000001,0.5609000000000001,0.6016,0.41300000000000003
2025-11-27,Arel,Sen2Cor,S2B_MSIL2A_20251127T113319_N0511_R080_T28QCH_20251127T134745.SAFE,C:\Users\Simon\Nextcloud\Project\Mauritania\Science\Arguin - FieldWork Data Processing\Data\S2\Sen2Cor\S2B_MSIL2A_20251127T113319_N0511_R080_T28QCH_20251127T134745.zip,618,9893,4264,342645.0,2201105.0,0.2102,0.257,0.3244,0.4228,0.4748,0.49010000000000004,0.5215000000000001,0.5528000000000001,0.5609000000000001,0.5609000000000001,0.5862,0.3819
2025-11-27,Arel,Sen2Cor,S2B_MSIL2A_20251127T113319_N0511_R080_T28QCH_20251127T134745.SAFE,C:\Users\Simon\Nextcloud\Project\Mauritania\Science\Arguin - FieldWork Data Processing\Data\S2\Sen2Cor\S2B_MSIL2A_20251127T113319_N0511_R080_T28QCH_20251127T134745.zip,619,9893,4265,342655.0,2201105.0,0.2102,0.271,0.332,0.4228,0.4748,0.49010000000000004,0.5215000000000001,0.5576,0.5609000000000001,0.5609000000000001,0.5862,0.3819
2025-11-27,Arel,Sen2Cor,S2B_MSIL2A_20251127T113319_N0511_R080_T28QCH_20251127T134745.SAFE,C:\Users\Simon\Nextcloud\Project\Mauritania\Science\Arguin - FieldWork Data Processing\Data\S2\Sen2Cor\S2B_MSIL2A_20251127T113319_N0511_R080_T28QCH_20251127T134745.zip,620,9893,4266,342665.0,2201105.0,0.2076,0.27440000000000003,0.3356,0.436,0.4887,0.4924,0.5305,0.5532,0.5775,0.5701,0.5928,0.3967
2025-11-27,Arel,Sen2Cor,S2B_MSIL2A_20251127T113319_N0511_R080_T28QCH_20251127T134745.SAFE,C:\Users\Simon\Nextcloud\Project\Mauritania\Science\Arguin - FieldWork Data Processing\Data\S2\Sen2Cor\S2B_MSIL2A_20251127T113319_N0511_R080_T28QCH_20251127T134745.zip,621,9894,4247,342475.0,2201095.0,0.20270000000000002,0.29560000000000003,0.35400000000000004,0.43960000000000005,0.4899,0.49870000000000003,0.5232,0.55,0.5616,0.4539,0.5910000000000001,0.4136
2025-11-27,Arel,Sen2Cor,S2B_MSIL2A_20251127T113319_N0511_R080_T28QCH_20251127T134745.SAFE,C:\Users\Simon\Nextcloud\Project\Mauritania\Science\Arguin - FieldWork Data Processing\Data\S2\Sen2Cor\S2B_MSIL2A_20251127T113319_N0511_R080_T28QCH_20251127T134745.zip,622,9894,4248,342485.0,2201095.0,0.2204,0.29860000000000003,0.35760000000000003,0.44,0.48150000000000004,0.4817,0.5085000000000001,0.5428000000000001,0.5461,0.5468000000000001,0.5700000000000001,0.35850000000000004
2025-11-27,Arel,Sen2Cor,S2B_MSIL2A_20251127T113319_N0511_R080_T28QCH_20251127T134745.SAFE,C:\Users\Simon\Nextcloud\Project\Mauritania\Science\Arguin - FieldWork Data Processing\Data\S2\Sen2Cor\S2B_MSIL2A_20251127T113319_N0511_R080_T28QCH_20251127T134745.zip,623,9894,4249,342495.0,2201095.0,0.2204,0.299,0.3648,0.44520000000000004,0.48150000000000004,0.4817,0.5085000000000001,0.5436,0.5461,0.5468000000000001,0.5700000000000001,0.35850000000000004
2025-11-27,Arel,Sen2Cor,S2B_MSIL2A_20251127T113319_N0511_R080_T28QCH_20251127T134745.SAFE,C:\Users\Simon\Nextcloud\Project\Mauritania\Science\Arguin - FieldWork Data Processing\Data\S2\Sen2Cor\S2B_MSIL2A_20251127T113319_N0511_R080_T28QCH_20251127T134745.zip,624,9894,4250,342505.0,2201095.0,0.2303,0.3008,0.368,0.44520000000000004,0.48190000000000005,0.4853,0.5085000000000001,0.5456,0.5466,0.5468000000000001,0.5594,0.3427
2025-11-27,Arel,Sen2Cor,S2B_MSIL2A_20251127T113319_N0511_R080_T28QCH_20251127T134745.SAFE,C:\Users\Simon\Nextcloud\Project\Mauritania\Science\Arguin - FieldWork Data Processing\Data\S2\Sen2Cor\S2B_MSIL2A_20251127T113319_N0511_R080_T28QCH_20251127T134745.zip,625,9894,4251,342515.0,2201095.0,0.2303,0.2974,0.35960000000000003,0.44520000000000004,0.48190000000000005,0.4853,0.5085000000000001,0.538,0.5466,0.5468000000000001,0.5594,0.3427
2025-11-27,Arel,Sen2Cor,S2B_MSIL2A_20251127T113319_N0511_R080_T28QCH_20251127T134745.SAFE,C:\Users\Simon\Nextcloud\Project\Mauritania\Science\Arguin - FieldWork Data Processing\Data\S2\Sen2Cor\S2B_MSIL2A_20251127T113319_N0511_R080_T28QCH_20251127T134745.zip,626,9894,4252,342525.0,2201095.0,0.23270000000000002,0.2972,0.3632,0.444,0.4854,0.4908,0.5182,0.544,0.5539000000000001,0.5468000000000001,0.5674,0.3635
2025-11-27,Arel,Sen2Cor,S2B_MSIL2A_20251127T113319_N0511_R080_T28QCH_20251127T134745.SAFE,C:\Users\Simon\Nextcloud\Project\Mauritania\Science\Arguin - FieldWork Data Processing\Data\S2\Sen2Cor\S2B_MSIL2A_20251127T113319_N0511_R080_T28QCH_20251127T134745.zip,627,9894,4253,342535.0,2201095.0,0.23270000000000002,0.30820000000000003,0.3672,0.45520000000000005,0.4854,0.4908,0.5182,0.5516,0.5539000000000001,0.5468000000000001,0.5674,0.3635
2025-11-27,Arel,Sen2Cor,S2B_MSIL2A_20251127T113319_N0511_R080_T28QCH_20251127T134745.SAFE,C:\Users\Simon\Nextcloud\Project\Mauritania\Science\Arguin - FieldWork Data Processing\Data\S2\Sen2Cor\S2B_MSIL2A_20251127T113319_N0511_R080_T28QCH_20251127T134745.zip,628,9894,4254,342545.0,2201095.0,0.2293,0.30660000000000004,0.3672,0.46040000000000003,0.5038,0.5094000000000001,0.5365,0.5604,0.5740000000000001,0.5694,0.5804,0.3924
2025-11-27,Arel,Sen2Cor,S2B_MSIL2A_20251127T113319_N0511_R080_T28QCH_20251127T134745.SAFE,C:\Users\Simon\Nextcloud\Project\Mauritania\Science\Arguin - FieldWork Data Processing\Data\S2\Sen2Cor\S2B_MSIL2A_20251127T113319_N0511_R080_T28QCH_20251127T134745.zip,629,9894,4255,342555.0,2201095.0,0.2293,0.31320000000000003,0.376,0.4676,0.5038,0.5094000000000001,0.5365,0.5656,0.5740000000000001,0.5694,0.5804,0.3924
2025-11-27,Arel,Sen2Cor,S2B_MSIL2A_20251127T113319_N0511_R080_T28QCH_20251127T134745.SAFE,C:\Users\Simon\Nextcloud\Project\Mauritania\Science\Arguin - FieldWork Data Processing\Data\S2\Sen2Cor\S2B_MSIL2A_20251127T113319_N0511_R080_T28QCH_20251127T134745.zip,630,9894,4256,342565.0,2201095.0,0.2243,0.31320000000000003,0.3776,0.47040000000000004,0.5046,0.5081,0.5327000000000001,0.5708,0.5753,0.5694,0.5936,0.4048
2025-11-27,Arel,Sen2Cor,S2B_MSIL2A_20251127T113319_N0511_R080_T28QCH_20251127T134745.SAFE,C:\Users\Simon\Nextcloud\Project\Mauritania\Science\Arguin - FieldWork Data Processing\Data\S2\Sen2Cor\S2B_MSIL2A_20251127T113319_N0511_R080_T28QCH_20251127T134745.zip,631,9894,4257,342575.0,2201095.0,0.2243,0.2884,0.3492,0.45520000000000005,0.5046,0.5081,0.5327000000000001,0.5572,0.5753,0.5694,0.5936,0.4048
2025-11-27,Arel,Sen2Cor,S2B_MSIL2A_20251127T113319_N0511_R080_T28QCH_20251127T134745.SAFE,C:\Users\Simon\Nextcloud\Project\Mauritania\Science\Arguin - FieldWork Data Processing\Data\S2\Sen2Cor\S2B_MSIL2A_20251127T113319_N0511_R080_T28QCH_20251127T134745.zip,632,9894,4258,342585.0,2201095.0,0.22210000000000002,0.2674,0.32480000000000003,0.42360000000000003,0.47890000000000005,0.49010000000000004,0.5208,0.5464,0.5605,0.5694,0.5918,0.4117
2025-11-27,Arel,Sen2Cor,S2B_MSIL2A_20251127T113319_N0511_R080_T28QCH_20251127T134745.SAFE,C:\Users\Simon\Nextcloud\Project\Mauritania\Science\Arguin - FieldWork Data Processing\Data\S2\Sen2Cor\S2B_MSIL2A_20251127T113319_N0511_R080_T28QCH_20251127T134745.zip,633,9894,4259,342595.0,2201095.0,0.22210000000000002,0.27140000000000003,0.3372,0.4328,0.47890000000000005,0.49010000000000004,0.5208,0.5488000000000001,0.5605,0.5694,0.5918,0.4117
2025-11-27,Arel,Sen2Cor,S2B_MSIL2A_20251127T113319_N0511_R080_T28QCH_20251127T134745.SAFE,C:\Users\Simon\Nextcloud\Project\Mauritania\Science\Arguin - FieldWork Data Processing\Data\S2\Sen2Cor\S2B_MSIL2A_20251127T113319_N0511_R080_T28QCH_20251127T134745.zip,634,9894,4260,342605.0,2201095.0,0.2192,0.2952,0.364,0.45280000000000004,0.49670000000000003,0.499,0.5287000000000001,0.556,0.5674,0.547,0.5954,0.4202
2025-11-27,Arel,Sen2Cor,S2B_MSIL2A_20251127T113319_N0511_R080_T28QCH_20251127T134745.SAFE,C:\Users\Simon\Nextcloud\Project\Mauritania\Science\Arguin - FieldWork Data Processing\Data\S2\Sen2Cor\S2B_MSIL2A_20251127T113319_N0511_R080_T28QCH_20251127T134745.zip,635,9894,4261,342615.0,2201095.0,0.2192,0.2918,0.35200000000000004,0.45120000000000005,0.49670000000000003,0.499,0.5287000000000001,0.562,0.5674,0.547,0.5954,0.4202
2025-11-27,Arel,Sen2Cor,S2B_MSIL2A_20251127T113319_N0511_R080_T28QCH_20251127T134745.SAFE,C:\Users\Simon\Nextcloud\Project\Mauritania\Science\Arguin - FieldWork Data Processing\Data\S2\Sen2Cor\S2B_MSIL2A_20251127T113319_N0511_R080_T28QCH_20251127T134745.zip,636,9894,4262,342625.0,2201095.0,0.21450000000000002,0.274,0.3356,0.43320000000000003,0.49350000000000005,0.503,0.5338,0.5604,0.5795,0.547,0.6014,0.4082
2025-11-27,Arel,Sen2Cor,S2B_MSIL2A_20251127T113319_N0511_R080_T28QCH_20251127T134745.SAFE,C:\Users\Simon\Nextcloud\Project\Mauritania\Science\Arguin - FieldWork Data Processing\Data\S2\Sen2Cor\S2B_MSIL2A_20251127T113319_N0511_R080_T28QCH_20251127T134745.zip,637,9894,4263,342635.0,2201095.0,0.21450000000000002,0.264,0.324,0.4252,0.49350000000000005,0.503,0.5338,0.5616,0.5795,0.547,0.6014,0.4082
2025-11-27,Arel,Sen2Cor,S2B_MSIL2A_20251127T113319_N0511_R080_T28QCH_20251127T134745.SAFE,C:\Users\Simon\Nextcloud\Project\Mauritania\Science\Arguin - FieldWork Data Processing\Data\S2\Sen2Cor\S2B_MSIL2A_20251127T113319_N0511_R080_T28QCH_20251127T134745.zip,638,9894,4264,342645.0,2201095.0,0.2043,0.26,0.31520000000000004,0.42360000000000003,0.47940000000000005,0.49250000000000005,0.5258,0.5576,0.5702,0.547,0.5882000000000001,0.3809
2025-11-27,Arel,Sen2Cor,S2B_MSIL2A_20251127T113319_N0511_R080_T28QCH_20251127T134745.SAFE,C:\Users\Simon\Nextcloud\Project\Mauritania\Science\Arguin - FieldWork Data Processing\Data\S2\Sen2Cor\S2B_MSIL2A_20251127T113319_N0511_R080_T28QCH_20251127T134745.zip,639,9894,4265,342655.0,2201095.0,0.2043,0.26980000000000004,0.3284,0.42800000000000005,0.47940000000000005,0.49250000000000005,0.5258,0.558,0.5702,0.547,0.5882000000000001,0.3809
2025-11-27,Arel,Sen2Cor,S2B_MSIL2A_20251127T113319_N0511_R080_T28QCH_20251127T134745.SAFE,C:\Users\Simon\Nextcloud\Project\Mauritania\Science\Arguin - FieldWork Data Processing\Data\S2\Sen2Cor\S2B_MSIL2A_20251127T113319_N0511_R080_T28QCH_20251127T134745.zip,640,9895,4247,342475.0,2201085.0,0.20270000000000002,0.29000000000000004,0.34440000000000004,0.4308,0.4899,0.49870000000000003,0.5232,0.548,0.5616,0.4539,0.5910000000000001,0.4136
2025-11-27,Arel,Sen2Cor,S2B_MSIL2A_20251127T113319_N0511_R080_T28QCH_20251127T134745.SAFE,C:\Users\Simon\Nextcloud\Project\Mauritania\Science\Arguin - FieldWork Data Processing\Data\S2\Sen2Cor\S2B_MSIL2A_20251127T113319_N0511_R080_T28QCH_20251127T134745.zip,641,9895,4248,342485.0,2201085.0,0.2204,0.2934,0.35000000000000003,0.4268,0.48150000000000004,0.4817,0.5085000000000001,0.5348,0.5461,0.5468000000000001,0.5700000000000001,0.35850000000000004
2025-11-27,Arel,Sen2Cor,S2B_MSIL2A_20251127T113319_N0511_R080_T28QCH_20251127T134745.SAFE,C:\Users\Simon\Nextcloud\Project\Mauritania\Science\Arguin - FieldWork Data Processing\Data\S2\Sen2Cor\S2B_MSIL2A_20251127T113319_N0511_R080_T28QCH_20251127T134745.zip,642,9895,4249,342495.0,2201085.0,0.2204,0.29860000000000003,0.3584,0.4312,0.48150000000000004,0.4817,0.5085000000000001,0.5316000000000001,0.5461,0.5468000000000001,0.5700000000000001,0.35850000000000004
2025-11-27,Arel,Sen2Cor,S2B_MSIL2A_20251127T113319_N0511_R080_T28QCH_20251127T134745.SAFE,C:\Users\Simon\Nextcloud\Project\Mauritania\Science\Arguin - FieldWork Data Processing\Data\S2\Sen2Cor\S2B_MSIL2A_20251127T113319_N0511_R080_T28QCH_20251127T134745.zip,643,9895,4250,342505.0,2201085.0,0.2303,0.2972,0.3612,0.4368,0.48190000000000005,0.4853,0.5085000000000001,0.5316000000000001,0.5466,0.5468000000000001,0.5594,0.3427
2025-11-27,Arel,Sen2Cor,S2B_MSIL2A_20251127T113319_N0511_R080_T28QCH_20251127T134745.SAFE,C:\Users\Simon\Nextcloud\Project\Mauritania\Science\Arguin - FieldWork Data Processing\Data\S2\Sen2Cor\S2B_MSIL2A_20251127T113319_N0511_R080_T28QCH_20251127T134745.zip,644,9895,4251,342515.0,2201085.0,0.2303,0.2862,0.3516,0.434,0.48190000000000005,0.4853,0.5085000000000001,0.5332,0.5466,0.5468000000000001,0.5594,0.3427
2025-11-27,Arel,Sen2Cor,S2B_MSIL2A_20251127T113319_N0511_R080_T28QCH_20251127T134745.SAFE,C:\Users\Simon\Nextcloud\Project\Mauritania\Science\Arguin - FieldWork Data Processing\Data\S2\Sen2Cor\S2B_MSIL2A_20251127T113319_N0511_R080_T28QCH_20251127T134745.zip,645,9895,4252,342525.0,2201085.0,0.23270000000000002,0.274,0.33840000000000003,0.4264,0.4854,0.4908,0.5182,0.5376000000000001,0.5539000000000001,0.5468000000000001,0.5674,0.3635
2025-11-27,Arel,Sen2Cor,S2B_MSIL2A_20251127T113319_N0511_R080_T28QCH_20251127T134745.SAFE,C:\Users\Simon\Nextcloud\Project\Mauritania\Science\Arguin - FieldWork Data Processing\Data\S2\Sen2Cor\S2B_MSIL2A_20251127T113319_N0511_R080_T28QCH_20251127T134745.zip,646,9895,4253,342535.0,2201085.0,0.23270000000000002,0.2908,0.3524,0.43960000000000005,0.4854,0.4908,0.5182,0.542,0.5539000000000001,0.5468000000000001,0.5674,0.3635
2025-11-27,Arel,Sen2Cor,S2B_MSIL2A_20251127T113319_N0511_R080_T28QCH_20251127T134745.SAFE,C:\Users\Simon\Nextcloud\Project\Mauritania\Science\Arguin - FieldWork Data Processing\Data\S2\Sen2Cor\S2B_MSIL2A_20251127T113319_N0511_R080_T28QCH_20251127T134745.zip,647,9895,4254,342545.0,2201085.0,0.2293,0.298,0.3528,0.4476,0.5038,0.5094000000000001,0.5365,0.5472,0.5740000000000001,0.5694,0.5804,0.3924
2025-11-27,Arel,Sen2Cor,S2B_MSIL2A_20251127T113319_N0511_R080_T28QCH_20251127T134745.SAFE,C:\Users\Simon\Nextcloud\Project\Mauritania\Science\Arguin - FieldWork Data Processing\Data\S2\Sen2Cor\S2B_MSIL2A_20251127T113319_N0511_R080_T28QCH_20251127T134745.zip,648,9895,4255,342555.0,2201085.0,0.2293,0.3032,0.3728,0.464,0.5038,0.5094000000000001,0.5365,0.5596,0.5740000000000001,0.5694,0.5804,0.3924
2025-11-27,Arel,Sen2Cor,S2B_MSIL2A_20251127T113319_N0511_R080_T28QCH_20251127T134745.SAFE,C:\Users\Simon\Nextcloud\Project\Mauritania\Science\Arguin - FieldWork Data Processing\Data\S2\Sen2Cor\S2B_MSIL2A_20251127T113319_N0511_R080_T28QCH_20251127T134745.zip,649,9895,4256,342565.0,2201085.0,0.2243,0.29560000000000003,0.366,0.464,0.5046,0.5081,0.5327000000000001,0.5648000000000001,0.5753,0.5694,0.5936,0.4048
2025-11-27,Arel,Sen2Cor,S2B_MSIL2A_20251127T113319_N0511_R080_T28QCH_20251127T134745.SAFE,C:\Users\Simon\Nextcloud\Project\Mauritania\Science\Arguin - FieldWork Data Processing\Data\S2\Sen2Cor\S2B_MSIL2A_20251127T113319_N0511_R080_T28QCH_20251127T134745.zip,650,9895,4257,342575.0,2201085.0,0.2243,0.2776,0.3416,0.4384,0.5046,0.5081,0.5327000000000001,0.5548000000000001,0.5753,0.5694,0.5936,0.4048
2025-11-27,Arel,Sen2Cor,S2B_MSIL2A_20251127T113319_N0511_R080_T28QCH_20251127T134745.SAFE,C:\Users\Simon\Nextcloud\Project\Mauritania\Science\Arguin - FieldWork Data Processing\Data\S2\Sen2Cor\S2B_MSIL2A_20251127T113319_N0511_R080_T28QCH_20251127T134745.zip,651,9895,4258,342585.0,2201085.0,0.22210000000000002,0.264,0.3244,0.42000000000000004,0.47890000000000005,0.49010000000000004,0.5208,0.5416000000000001,0.5605,0.5694,0.5918,0.4117
2025-11-27,Arel,Sen2Cor,S2B_MSIL2A_20251127T113319_N0511_R080_T28QCH_20251127T134745.SAFE,C:\Users\Simon\Nextcloud\Project\Mauritania\Science\Arguin - FieldWork Data Processing\Data\S2\Sen2Cor\S2B_MSIL2A_20251127T113319_N0511_R080_T28QCH_20251127T134745.zip,652,9895,4259,342595.0,2201085.0,0.22210000000000002,0.2684,0.3296,0.4288,0.47890000000000005,0.49010000000000004,0.5208,0.5472,0.5605,0.5694,0.5918,0.4117
2025-11-27,Arel,Sen2Cor,S2B_MSIL2A_20251127T113319_N0511_R080_T28QCH_20251127T134745.SAFE,C:\Users\Simon\Nextcloud\Project\Mauritania\Science\Arguin - FieldWork Data Processing\Data\S2\Sen2Cor\S2B_MSIL2A_20251127T113319_N0511_R080_T28QCH_20251127T134745.zip,653,9895,4260,342605.0,2201085.0,0.2192,0.281,0.34640000000000004,0.4408,0.49670000000000003,0.499,0.5287000000000001,0.5516,0.5674,0.547,0.5954,0.4202
2025-11-27,Arel,Sen2Cor,S2B_MSIL2A_20251127T113319_N0511_R080_T28QCH_20251127T134745.SAFE,C:\Users\Simon\Nextcloud\Project\Mauritania\Science\Arguin - FieldWork Data Processing\Data\S2\Sen2Cor\S2B_MSIL2A_20251127T113319_N0511_R080_T28QCH_20251127T134745.zip,654,9895,4261,342615.0,2201085.0,0.2192,0.2952,0.3564,0.44920000000000004,0.49670000000000003,0.499,0.5287000000000001,0.5572,0.5674,0.547,0.5954,0.4202
2025-11-27,Arel,Sen2Cor,S2B_MSIL2A_20251127T113319_N0511_R080_T28QCH_20251127T134745.SAFE,C:\Users\Simon\Nextcloud\Project\Mauritania\Science\Arguin - FieldWork Data Processing\Data\S2\Sen2Cor\S2B_MSIL2A_20251127T113319_N0511_R080_T28QCH_20251127T134745.zip,655,9895,4262,342625.0,2201085.0,0.21450000000000002,0.2912,0.3492,0.4456,0.49350000000000005,0.503,0.5338,0.5628000000000001,0.5795,0.547,0.6014,0.4082
2025-11-27,Arel,Sen2Cor,S2B_MSIL2A_20251127T113319_N0511_R080_T28QCH_20251127T134745.SAFE,C:\Users\Simon\Nextcloud\Project\Mauritania\Science\Arguin - FieldWork Data Processing\Data\S2\Sen2Cor\S2B_MSIL2A_20251127T113319_N0511_R080_T28QCH_20251127T134745.zip,656,9895,4263,342635.0,2201085.0,0.21450000000000002,0.274,0.33640000000000003,0.43760000000000004,0.49350000000000005,0.503,0.5338,0.5612,0.5795,0.547,0.6014,0.4082
2025-11-27,Arel,Sen2Cor,S2B_MSIL2A_20251127T113319_N0511_R080_T28QCH_20251127T134745.SAFE,C:\Users\Simon\Nextcloud\Project\Mauritania\Science\Arguin - FieldWork Data Processing\Data\S2\Sen2Cor\S2B_MSIL2A_20251127T113319_N0511_R080_T28QCH_20251127T134745.zip,657,9896,4247,342475.0,2201075.0,0.197,0.28,0.3304,0.41240000000000004,0.4824,0.4806,0.5138,0.5348,0.5619000000000001,0.4539,0.5856,0.3955
2025-11-27,Arel,Sen2Cor,S2B_MSIL2A_20251127T113319_N0511_R080_T28QCH_20251127T134745.SAFE,C:\Users\Simon\Nextcloud\Project\Mauritania\Science\Arguin - FieldWork Data Processing\Data\S2\Sen2Cor\S2B_MSIL2A_20251127T113319_N0511_R080_T28QCH_20251127T134745.zip,658,9896,4248,342485.0,2201075.0,0.21430000000000002,0.2706,0.3276,0.40440000000000004,0.45020000000000004,0.4539,0.48560000000000003,0.5252,0.5285000000000001,0.5468000000000001,0.5612,0.3407
2025-11-27,Arel,Sen2Cor,S2B_MSIL2A_20251127T113319_N0511_R080_T28QCH_20251127T134745.SAFE,C:\Users\Simon\Nextcloud\Project\Mauritania\Science\Arguin - FieldWork Data Processing\Data\S2\Sen2Cor\S2B_MSIL2A_20251127T113319_N0511_R080_T28QCH_20251127T134745.zip,659,9896,4249,342495.0,2201075.0,0.21430000000000002,0.2858,0.34,0.4108,0.45020000000000004,0.4539,0.48560000000000003,0.516,0.5285000000000001,0.5468000000000001,0.5612,0.3407
2025-11-27,Arel,Sen2Cor,S2B_MSIL2A_20251127T113319_N0511_R080_T28QCH_20251127T134745.SAFE,C:\Users\Simon\Nextcloud\Project\Mauritania\Science\Arguin - FieldWork Data Processing\Data\S2\Sen2Cor\S2B_MSIL2A_20251127T113319_N0511_R080_T28QCH_20251127T134745.zip,660,9896,4250,342505.0,2201075.0,0.2247,0.2928,0.3532,0.4308,0.45520000000000005,0.4622,0.4904,0.526,0.5339,0.5468000000000001,0.5562,0.3299
2025-11-27,Arel,Sen2Cor,S2B_MSIL2A_20251127T113319_N0511_R080_T28QCH_20251127T134745.SAFE,C:\Users\Simon\Nextcloud\Project\Mauritania\Science\Arguin - FieldWork Data Processing\Data\S2\Sen2Cor\S2B_MSIL2A_20251127T113319_N0511_R080_T28QCH_20251127T134745.zip,661,9896,4251,342515.0,2201075.0,0.2247,0.2768,0.3428,0.42400000000000004,0.45520000000000005,0.4622,0.4904,0.5252,0.5339,0.5468000000000001,0.5562,0.3299
2025-11-27,Arel,Sen2Cor,S2B_MSIL2A_20251127T113319_N0511_R080_T28QCH_20251127T134745.SAFE,C:\Users\Simon\Nextcloud\Project\Mauritania\Science\Arguin - FieldWork Data Processing\Data\S2\Sen2Cor\S2B_MSIL2A_20251127T113319_N0511_R080_T28QCH_20251127T134745.zip,662,9896,4252,342525.0,2201075.0,0.22660000000000002,0.2634,0.31920000000000004,0.4156,0.46190000000000003,0.47000000000000003,0.5048,0.5304,0.5502,0.5468000000000001,0.5634,0.3411
2025-11-27,Arel,Sen2Cor,S2B_MSIL2A_20251127T113319_N0511_R080_T28QCH_20251127T134745.SAFE,C:\Users\Simon\Nextcloud\Project\Mauritania\Science\Arguin - FieldWork Data Processing\Data\S2\Sen2Cor\S2B_MSIL2A_20251127T113319_N0511_R080_T28QCH_20251127T134745.zip,663,9896,4253,342535.0,2201075.0,0.22660000000000002,0.2768,0.3408,0.43520000000000003,0.46190000000000003,0.47000000000000003,0.5048,0.55,0.5502,0.5468000000000001,0.5634,0.3411
2025-11-27,Arel,Sen2Cor,S2B_MSIL2A_20251127T113319_N0511_R080_T28QCH_20251127T134745.SAFE,C:\Users\Simon\Nextcloud\Project\Mauritania\Science\Arguin - FieldWork Data Processing\Data\S2\Sen2Cor\S2B_MSIL2A_20251127T113319_N0511_R080_T28QCH_20251127T134745.zip,664,9896,4254,342545.0,2201075.0,0.22160000000000002,0.2844,0.3492,0.4404,0.48090000000000005,0.4852,0.5142,0.5472,0.559,0.5694,0.5576,0.3415
2025-11-27,Arel,Sen2Cor,S2B_MSIL2A_20251127T113319_N0511_R080_T28QCH_20251127T134745.SAFE,C:\Users\Simon\Nextcloud\Project\Mauritania\Science\Arguin - FieldWork Data Processing\Data\S2\Sen2Cor\S2B_MSIL2A_20251127T113319_N0511_R080_T28QCH_20251127T134745.zip,665,9896,4255,342555.0,2201075.0,0.22160000000000002,0.2808,0.3516,0.442,0.48090000000000005,0.4852,0.5142,0.546,0.559,0.5694,0.5576,0.3415
2025-11-27,Arel,Sen2Cor,S2B_MSIL2A_20251127T113319_N0511_R080_T28QCH_20251127T134745.SAFE,C:\Users\Simon\Nextcloud\Project\Mauritania\Science\Arguin - FieldWork Data Processing\Data\S2\Sen2Cor\S2B_MSIL2A_20251127T113319_N0511_R080_T28QCH_20251127T134745.zip,666,9896,4256,342565.0,2201075.0,0.21710000000000002,0.2844,0.3516,0.4516,0.48850000000000005,0.4963,0.5257000000000001,0.5640000000000001,0.5708,0.5694,0.5778,0.3624
2025-11-27,Arel,Sen2Cor,S2B_MSIL2A_20251127T113319_N0511_R080_T28QCH_20251127T134745.SAFE,C:\Users\Simon\Nextcloud\Project\Mauritania\Science\Arguin - FieldWork Data Processing\Data\S2\Sen2Cor\S2B_MSIL2A_20251127T113319_N0511_R080_T28QCH_20251127T134745.zip,667,9896,4257,342575.0,2201075.0,0.21710000000000002,0.2798,0.34440000000000004,0.44,0.48850000000000005,0.4963,0.5257000000000001,0.5636,0.5708,0.5694,0.5778,0.3624
2025-11-27,Arel,Sen2Cor,S2B_MSIL2A_20251127T113319_N0511_R080_T28QCH_20251127T134745.SAFE,C:\Users\Simon\Nextcloud\Project\Mauritania\Science\Arguin - FieldWork Data Processing\Data\S2\Sen2Cor\S2B_MSIL2A_20251127T113319_N0511_R080_T28QCH_20251127T134745.zip,668,9896,4258,342585.0,2201075.0,0.21430000000000002,0.2654,0.32280000000000003,0.4272,0.48360000000000003,0.49150000000000005,0.5236000000000001,0.55,0.5662,0.5694,0.5785,0.3724
2025-11-27,Arel,Sen2Cor,S2B_MSIL2A_20251127T113319_N0511_R080_T28QCH_20251127T134745.SAFE,C:\Users\Simon\Nextcloud\Project\Mauritania\Science\Arguin - FieldWork Data Processing\Data\S2\Sen2Cor\S2B_MSIL2A_20251127T113319_N0511_R080_T28QCH_20251127T134745.zip,669,9896,4259,342595.0,2201075.0,0.21430000000000002,0.273,0.3312,0.4284,0.48360000000000003,0.49150000000000005,0.5236000000000001,0.5552,0.5662,0.5694,0.5785,0.3724
2025-11-27,Arel,Sen2Cor,S2B_MSIL2A_20251127T113319_N0511_R080_T28QCH_20251127T134745.SAFE,C:\Users\Simon\Nextcloud\Project\Mauritania\Science\Arguin - FieldWork Data Processing\Data\S2\Sen2Cor\S2B_MSIL2A_20251127T113319_N0511_R080_T28QCH_20251127T134745.zip,670,9896,4260,342605.0,2201075.0,0.2127,0.2746,0.3372,0.43560000000000004,0.4948,0.5008,0.5269,0.5508000000000001,0.5627,0.547,0.5769000000000001,0.3864
2025-11-27,Arel,Sen2Cor,S2B_MSIL2A_20251127T113319_N0511_R080_T28QCH_20251127T134745.SAFE,C:\Users\Simon\Nextcloud\Project\Mauritania\Science\Arguin - FieldWork Data Processing\Data\S2\Sen2Cor\S2B_MSIL2A_20251127T113319_N0511_R080_T28QCH_20251127T134745.zip,671,9896,4261,342615.0,2201075.0,0.2127,0.2888,0.3528,0.4408,0.4948,0.5008,0.5269,0.5576,0.5627,0.547,0.5769000000000001,0.3864
2025-11-27,Arel,Sen2Cor,S2B_MSIL2A_20251127T113319_N0511_R080_T28QCH_20251127T134745.SAFE,C:\Users\Simon\Nextcloud\Project\Mauritania\Science\Arguin - FieldWork Data Processing\Data\S2\Sen2Cor\S2B_MSIL2A_20251127T113319_N0511_R080_T28QCH_20251127T134745.zip,672,9897,4247,342475.0,2201065.0,0.197,0.2702,0.3216,0.4096,0.4824,0.4806,0.5138,0.534,0.5619000000000001,0.4539,0.5856,0.3955
2025-11-27,Arel,Sen2Cor,S2B_MSIL2A_20251127T113319_N0511_R080_T28QCH_20251127T134745.SAFE,C:\Users\Simon\Nextcloud\Project\Mauritania\Science\Arguin - FieldWork Data Processing\Data\S2\Sen2Cor\S2B_MSIL2A_20251127T113319_N0511_R080_T28QCH_20251127T134745.zip,673,9897,4248,342485.0,2201065.0,0.21430000000000002,0.25420000000000004,0.31320000000000003,0.3912,0.45020000000000004,0.4539,0.48560000000000003,0.5136000000000001,0.5285000000000001,0.5468000000000001,0.5612,0.3407
2025-11-27,Arel,Sen2Cor,S2B_MSIL2A_20251127T113319_N0511_R080_T28QCH_20251127T134745.SAFE,C:\Users\Simon\Nextcloud\Project\Mauritania\Science\Arguin - FieldWork Data Processing\Data\S2\Sen2Cor\S2B_MSIL2A_20251127T113319_N0511_R080_T28QCH_20251127T134745.zip,674,9897,4249,342495.0,2201065.0,0.21430000000000002,0.26980000000000004,0.3252,0.398,0.45020000000000004,0.4539,0.48560000000000003,0.5108,0.5285000000000001,0.5468000000000001,0.5612,0.3407
2025-11-27,Arel,Sen2Cor,S2B_MSIL2A_20251127T113319_N0511_R080_T28QCH_20251127T134745.SAFE,C:\Users\Simon\Nextcloud\Project\Mauritania\Science\Arguin - FieldWork Data Processing\Data\S2\Sen2Cor\S2B_MSIL2A_20251127T113319_N0511_R080_T28QCH_20251127T134745.zip,675,9897,4250,342505.0,2201065.0,0.2247,0.279,0.33640000000000003,0.41200000000000003,0.45520000000000005,0.4622,0.4904,0.5136000000000001,0.5339,0.5468000000000001,0.5562,0.3299
2025-11-27,Arel,Sen2Cor,S2B_MSIL2A_20251127T113319_N0511_R080_T28QCH_20251127T134745.SAFE,C:\Users\Simon\Nextcloud\Project\Mauritania\Science\Arguin - FieldWork Data Processing\Data\S2\Sen2Cor\S2B_MSIL2A_20251127T113319_N0511_R080_T28QCH_20251127T134745.zip,676,9897,4251,342515.0,2201065.0,0.2247,0.27080000000000004,0.32880000000000004,0.41440000000000005,0.45520000000000005,0.4622,0.4904,0.526,0.5339,0.5468000000000001,0.5562,0.3299
2025-11-27,Arel,Sen2Cor,S2B_MSIL2A_20251127T113319_N0511_R080_T28QCH_20251127T134745.SAFE,C:\Users\Simon\Nextcloud\Project\Mauritania\Science\Arguin - FieldWork Data Processing\Data\S2\Sen2Cor\S2B_MSIL2A_20251127T113319_N0511_R080_T28QCH_20251127T134745.zip,677,9897,4252,342525.0,2201065.0,0.22660000000000002,0.2596,0.3216,0.4148,0.46190000000000003,0.47000000000000003,0.5048,0.5352,0.5502,0.5468000000000001,0.5634,0.3411
2025-11-27,Arel,Sen2Cor,S2B_MSIL2A_20251127T113319_N0511_R080_T28QCH_20251127T134745.SAFE,C:\Users\Simon\Nextcloud\Project\Mauritania\Science\Arguin - FieldWork Data Processing\Data\S2\Sen2Cor\S2B_MSIL2A_20251127T113319_N0511_R080_T28QCH_20251127T134745.zip,678,9897,4253,342535.0,2201065.0,0.22660000000000002,0.25880000000000003,0.3312,0.4208,0.46190000000000003,0.47000000000000003,0.5048,0.5376000000000001,0.5502,0.5468000000000001,0.5634,0.3411
2025-11-27,Arel,Sen2Cor,S2B_MSIL2A_20251127T113319_N0511_R080_T28QCH_20251127T134745.SAFE,C:\Users\Simon\Nextcloud\Project\Mauritania\Science\Arguin - FieldWork Data Processing\Data\S2\Sen2Cor\S2B_MSIL2A_20251127T113319_N0511_R080_T28QCH_20251127T134745.zip,679,9897,4254,342545.0,2201065.0,0.22160000000000002,0.2654,0.332,0.4252,0.48090000000000005,0.4852,0.5142,0.54,0.559,0.5694,0.5576,0.3415
2025-11-27,Arel,Sen2Cor,S2B_MSIL2A_20251127T113319_N0511_R080_T28QCH_20251127T134745.SAFE,C:\Users\Simon\Nextcloud\Project\Mauritania\Science\Arguin - FieldWork Data Processing\Data\S2\Sen2Cor\S2B_MSIL2A_20251127T113319_N0511_R080_T28QCH_20251127T134745.zip,680,9897,4255,342555.0,2201065.0,0.22160000000000002,0.2662,0.32680000000000003,0.42200000000000004,0.48090000000000005,0.4852,0.5142,0.5376000000000001,0.559,0.5694,0.5576,0.3415
2025-11-27,Arel,Sen2Cor,S2B_MSIL2A_20251127T113319_N0511_R080_T28QCH_20251127T134745.SAFE,C:\Users\Simon\Nextcloud\Project\Mauritania\Science\Arguin - FieldWork Data Processing\Data\S2\Sen2Cor\S2B_MSIL2A_20251127T113319_N0511_R080_T28QCH_20251127T134745.zip,681,9897,4256,342565.0,2201065.0,0.21710000000000002,0.272,0.3396,0.43560000000000004,0.48850000000000005,0.4963,0.5257000000000001,0.5528000000000001,0.5708,0.5694,0.5778,0.3624
2025-11-27,Arel,Sen2Cor,S2B_MSIL2A_20251127T113319_N0511_R080_T28QCH_20251127T134745.SAFE,C:\Users\Simon\Nextcloud\Project\Mauritania\Science\Arguin - FieldWork Data Processing\Data\S2\Sen2Cor\S2B_MSIL2A_20251127T113319_N0511_R080_T28QCH_20251127T134745.zip,682,9897,4257,342575.0,2201065.0,0.21710000000000002,0.2802,0.342,0.44160000000000005,0.48850000000000005,0.4963,0.5257000000000001,0.5644,0.5708,0.5694,0.5778,0.3624
2025-11-27,Arel,Sen2Cor,S2B_MSIL2A_20251127T113319_N0511_R080_T28QCH_20251127T134745.SAFE,C:\Users\Simon\Nextcloud\Project\Mauritania\Science\Arguin - FieldWork Data Processing\Data\S2\Sen2Cor\S2B_MSIL2A_20251127T113319_N0511_R080_T28QCH_20251127T134745.zip,683,9897,4258,342585.0,2201065.0,0.21430000000000002,0.272,0.3376,0.43960000000000005,0.48360000000000003,0.49150000000000005,0.5236000000000001,0.5644,0.5662,0.5694,0.5785,0.3724
2025-11-27,Arel,Sen2Cor,S2B_MSIL2A_20251127T113319_N0511_R080_T28QCH_20251127T134745.SAFE,C:\Users\Simon\Nextcloud\Project\Mauritania\Science\Arguin - FieldWork Data Processing\Data\S2\Sen2Cor\S2B_MSIL2A_20251127T113319_N0511_R080_T28QCH_20251127T134745.zip,684,9897,4259,342595.0,2201065.0,0.21430000000000002,0.26780000000000004,0.3356,0.4364,0.48360000000000003,0.49150000000000005,0.5236000000000001,0.5572,0.5662,0.5694,0.5785,0.3724
2025-11-27,Arel,Sen2Cor,S2B_MSIL2A_20251127T113319_N0511_R080_T28QCH_20251127T134745.SAFE,C:\Users\Simon\Nextcloud\Project\Mauritania\Science\Arguin - FieldWork Data Processing\Data\S2\Sen2Cor\S2B_MSIL2A_20251127T113319_N0511_R080_T28QCH_20251127T134745.zip,685,9898,4247,342475.0,2201055.0,0.19460000000000002,0.2696,0.31520000000000004,0.4056,0.47140000000000004,0.48410000000000003,0.5121,0.5308,0.551,0.4539,0.5916,0.3961
2025-11-27,Arel,Sen2Cor,S2B_MSIL2A_20251127T113319_N0511_R080_T28QCH_20251127T134745.SAFE,C:\Users\Simon\Nextcloud\Project\Mauritania\Science\Arguin - FieldWork Data Processing\Data\S2\Sen2Cor\S2B_MSIL2A_20251127T113319_N0511_R080_T28QCH_20251127T134745.zip,686,9898,4248,342485.0,2201055.0,0.2137,0.2518,0.3034,0.3844,0.43620000000000003,0.44580000000000003,0.4768,0.5108,0.5229,0.5468000000000001,0.5666,0.34850000000000003
2025-11-27,Arel,Sen2Cor,S2B_MSIL2A_20251127T113319_N0511_R080_T28QCH_20251127T134745.SAFE,C:\Users\Simon\Nextcloud\Project\Mauritania\Science\Arguin - FieldWork Data Processing\Data\S2\Sen2Cor\S2B_MSIL2A_20251127T113319_N0511_R080_T28QCH_20251127T134745.zip,687,9898,4249,342495.0,2201055.0,0.2137,0.25220000000000004,0.30820000000000003,0.38880000000000003,0.43620000000000003,0.44580000000000003,0.4768,0.5048,0.5229,0.5468000000000001,0.5666,0.34850000000000003
2025-11-27,Arel,Sen2Cor,S2B_MSIL2A_20251127T113319_N0511_R080_T28QCH_20251127T134745.SAFE,C:\Users\Simon\Nextcloud\Project\Mauritania\Science\Arguin - FieldWork Data Processing\Data\S2\Sen2Cor\S2B_MSIL2A_20251127T113319_N0511_R080_T28QCH_20251127T134745.zip,688,9898,4250,342505.0,2201055.0,0.22460000000000002,0.25620000000000004,0.3136,0.39280000000000004,0.44470000000000004,0.45470000000000005,0.4857,0.504,0.5313,0.5468000000000001,0.5649000000000001,0.3326
2025-11-27,Arel,Sen2Cor,S2B_MSIL2A_20251127T113319_N0511_R080_T28QCH_20251127T134745.SAFE,C:\Users\Simon\Nextcloud\Project\Mauritania\Science\Arguin - FieldWork Data Processing\Data\S2\Sen2Cor\S2B_MSIL2A_20251127T113319_N0511_R080_T28QCH_20251127T134745.zip,689,9898,4251,342515.0,2201055.0,0.22460000000000002,0.2564,0.3108,0.3972,0.44470000000000004,0.45470000000000005,0.4857,0.5156000000000001,0.5313,0.5468000000000001,0.5649000000000001,0.3326
2025-11-27,Arel,Sen2Cor,S2B_MSIL2A_20251127T113319_N0511_R080_T28QCH_20251127T134745.SAFE,C:\Users\Simon\Nextcloud\Project\Mauritania\Science\Arguin - FieldWork Data Processing\Data\S2\Sen2Cor\S2B_MSIL2A_20251127T113319_N0511_R080_T28QCH_20251127T134745.zip,690,9898,4252,342525.0,2201055.0,0.22440000000000002,0.2586,0.3116,0.40640000000000004,0.46690000000000004,0.47290000000000004,0.5045000000000001,0.524,0.5502,0.5468000000000001,0.5635,0.3301
2025-11-27,Arel,Sen2Cor,S2B_MSIL2A_20251127T113319_N0511_R080_T28QCH_20251127T134745.SAFE,C:\Users\Simon\Nextcloud\Project\Mauritania\Science\Arguin - FieldWork Data Processing\Data\S2\Sen2Cor\S2B_MSIL2A_20251127T113319_N0511_R080_T28QCH_20251127T134745.zip,691,9898,4253,342535.0,2201055.0,0.22440000000000002,0.2548,0.32320000000000004,0.41440000000000005,0.46690000000000004,0.47290000000000004,0.5045000000000001,0.5312,0.5502,0.5468000000000001,0.5635,0.3301
2025-11-27,Arel,Sen2Cor,S2B_MSIL2A_20251127T113319_N0511_R080_T28QCH_20251127T134745.SAFE,C:\Users\Simon\Nextcloud\Project\Mauritania\Science\Arguin - FieldWork Data Processing\Data\S2\Sen2Cor\S2B_MSIL2A_20251127T113319_N0511_R080_T28QCH_20251127T134745.zip,692,9898,4254,342545.0,2201055.0,0.2159,0.2564,0.32280000000000003,0.4176,0.4812,0.48450000000000004,0.52,0.534,0.5607,0.5694,0.5503,0.3199
2025-11-27,Arel,Sen2Cor,S2B_MSIL2A_20251127T113319_N0511_R080_T28QCH_20251127T134745.SAFE,C:\Users\Simon\Nextcloud\Project\Mauritania\Science\Arguin - FieldWork Data Processing\Data\S2\Sen2Cor\S2B_MSIL2A_20251127T113319_N0511_R080_T28QCH_20251127T134745.zip,693,9898,4255,342555.0,2201055.0,0.2159,0.2622,0.32080000000000003,0.42200000000000004,0.4812,0.48450000000000004,0.52,0.5352,0.5607,0.5694,0.5503,0.3199
2025-11-27,Arel,Sen2Cor,S2B_MSIL2A_20251127T113319_N0511_R080_T28QCH_20251127T134745.SAFE,C:\Users\Simon\Nextcloud\Project\Mauritania\Science\Arguin - FieldWork Data Processing\Data\S2\Sen2Cor\S2B_MSIL2A_20251127T113319_N0511_R080_T28QCH_20251127T134745.zip,694,9898,4256,342565.0,2201055.0,0.2074,0.272,0.3352,0.4384,0.49150000000000005,0.49610000000000004,0.5325,0.5448000000000001,0.5747,0.5694,0.5572,0.3311
2025-11-27,Arel,Sen2Cor,S2B_MSIL2A_20251127T113319_N0511_R080_T28QCH_20251127T134745.SAFE,C:\Users\Simon\Nextcloud\Project\Mauritania\Science\Arguin - FieldWork Data Processing\Data\S2\Sen2Cor\S2B_MSIL2A_20251127T113319_N0511_R080_T28QCH_20251127T134745.zip,695,9898,4257,342575.0,2201055.0,0.2074,0.2766,0.3412,0.44320000000000004,0.49150000000000005,0.49610000000000004,0.5325,0.5668000000000001,0.5747,0.5694,0.5572,0.3311
2025-11-27,Arel,Sen2Cor,S2B_MSIL2A_20251127T113319_N0511_R080_T28QCH_20251127T134745.SAFE,C:\Users\Simon\Nextcloud\Project\Mauritania\Science\Arguin - FieldWork Data Processing\Data\S2\Sen2Cor\S2B_MSIL2A_20251127T113319_N0511_R080_T28QCH_20251127T134745.zip,696,9898,4258,342585.0,2201055.0,0.2008,0.2692,0.3356,0.4384,0.4944,0.4974,0.5289,0.5624,0.5678000000000001,0.5694,0.5598000000000001,0.3406
2025-11-27,Arel,Sen2Cor,S2B_MSIL2A_20251127T113319_N0511_R080_T28QCH_20251127T134745.SAFE,C:\Users\Simon\Nextcloud\Project\Mauritania\Science\Arguin - FieldWork Data Processing\Data\S2\Sen2Cor\S2B_MSIL2A_20251127T113319_N0511_R080_T28QCH_20251127T134745.zip,697,9899,4247,342475.0,2201045.0,0.19460000000000002,0.2656,0.31,0.4,0.47140000000000004,0.48410000000000003,0.5121,0.5304,0.551,0.4539,0.5916,0.3961
2025-11-27,Arel,Sen2Cor,S2B_MSIL2A_20251127T113319_N0511_R080_T28QCH_20251127T134745.SAFE,C:\Users\Simon\Nextcloud\Project\Mauritania\Science\Arguin - FieldWork Data Processing\Data\S2\Sen2Cor\S2B_MSIL2A_20251127T113319_N0511_R080_T28QCH_20251127T134745.zip,698,9899,4248,342485.0,2201045.0,0.2137,0.2564,0.3024,0.38880000000000003,0.43620000000000003,0.44580000000000003,0.4768,0.518,0.5229,0.5468000000000001,0.5666,0.34850000000000003
2025-11-27,Arel,Sen2Cor,S2B_MSIL2A_20251127T113319_N0511_R080_T28QCH_20251127T134745.SAFE,C:\Users\Simon\Nextcloud\Project\Mauritania\Science\Arguin - FieldWork Data Processing\Data\S2\Sen2Cor\S2B_MSIL2A_20251127T113319_N0511_R080_T28QCH_20251127T134745.zip,699,9899,4249,342495.0,2201045.0,0.2137,0.2526,0.3062,0.3884,0.43620000000000003,0.44580000000000003,0.4768,0.5156000000000001,0.5229,0.5468000000000001,0.5666,0.34850000000000003
2025-11-27,Arel,Sen2Cor,S2B_MSIL2A_20251127T113319_N0511_R080_T28QCH_20251127T134745.SAFE,C:\Users\Simon\Nextcloud\Project\Mauritania\Science\Arguin - FieldWork Data Processing\Data\S2\Sen2Cor\S2B_MSIL2A_20251127T113319_N0511_R080_T28QCH_20251127T134745.zip,700,9899,4250,342505.0,2201045.0,0.22460000000000002,0.25780000000000003,0.31720000000000004,0.3936,0.44470000000000004,0.45470000000000005,0.4857,0.5116,0.5313,0.5468000000000001,0.5649000000000001,0.3326
2025-11-27,Arel,Sen2Cor,S2B_MSIL2A_20251127T113319_N0511_R080_T28QCH_20251127T134745.SAFE,C:\Users\Simon\Nextcloud\Project\Mauritania\Science\Arguin - FieldWork Data Processing\Data\S2\Sen2Cor\S2B_MSIL2A_20251127T113319_N0511_R080_T28QCH_20251127T134745.zip,701,9899,4251,342515.0,2201045.0,0.22460000000000002,0.2596,0.3168,0.402,0.44470000000000004,0.45470000000000005,0.4857,0.526,0.5313,0.5468000000000001,0.5649000000000001,0.3326
2025-11-27,Arel,Sen2Cor,S2B_MSIL2A_20251127T113319_N0511_R080_T28QCH_20251127T134745.SAFE,C:\Users\Simon\Nextcloud\Project\Mauritania\Science\Arguin - FieldWork Data Processing\Data\S2\Sen2Cor\S2B_MSIL2A_20251127T113319_N0511_R080_T28QCH_20251127T134745.zip,702,9899,4252,342525.0,2201045.0,0.22440000000000002,0.2624,0.31880000000000003,0.40800000000000003,0.46690000000000004,0.47290000000000004,0.5045000000000001,0.536,0.5502,0.5468000000000001,0.5635,0.3301
2025-11-27,Arel,Sen2Cor,S2B_MSIL2A_20251127T113319_N0511_R080_T28QCH_20251127T134745.SAFE,C:\Users\Simon\Nextcloud\Project\Mauritania\Science\Arguin - FieldWork Data Processing\Data\S2\Sen2Cor\S2B_MSIL2A_20251127T113319_N0511_R080_T28QCH_20251127T134745.zip,703,9899,4253,342535.0,2201045.0,0.22440000000000002,0.268,0.33280000000000004,0.4268,0.46690000000000004,0.47290000000000004,0.5045000000000001,0.5524,0.5502,0.5468000000000001,0.5635,0.3301
2025-11-27,Arel,Sen2Cor,S2B_MSIL2A_20251127T113319_N0511_R080_T28QCH_20251127T134745.SAFE,C:\Users\Simon\Nextcloud\Project\Mauritania\Science\Arguin - FieldWork Data Processing\Data\S2\Sen2Cor\S2B_MSIL2A_20251127T113319_N0511_R080_T28QCH_20251127T134745.zip,704,9899,4254,342545.0,2201045.0,0.2159,0.2676,0.3392,0.43,0.4812,0.48450000000000004,0.52,0.5492,0.5607,0.5694,0.5503,0.3199
2025-11-27,Arel,Sen2Cor,S2B_MSIL2A_20251127T113319_N0511_R080_T28QCH_20251127T134745.SAFE,C:\Users\Simon\Nextcloud\Project\Mauritania\Science\Arguin - FieldWork Data Processing\Data\S2\Sen2Cor\S2B_MSIL2A_20251127T113319_N0511_R080_T28QCH_20251127T134745.zip,705,9899,4255,342555.0,2201045.0,0.2159,0.2712,0.3332,0.42960000000000004,0.4812,0.48450000000000004,0.52,0.5428000000000001,0.5607,0.5694,0.5503,0.3199
2025-11-27,Arel,Sen2Cor,S2B_MSIL2A_20251127T113319_N0511_R080_T28QCH_20251127T134745.SAFE,C:\Users\Simon\Nextcloud\Project\Mauritania\Science\Arguin - FieldWork Data Processing\Data\S2\Sen2Cor\S2B_MSIL2A_20251127T113319_N0511_R080_T28QCH_20251127T134745.zip,706,9899,4256,342565.0,2201045.0,0.2074,0.2768,0.33840000000000003,0.4476,0.49150000000000005,0.49610000000000004,0.5325,0.5584,0.5747,0.5694,0.5572,0.3311
2025-11-27,Arel,Sen2Cor,S2B_MSIL2A_20251127T113319_N0511_R080_T28QCH_20251127T134745.SAFE,C:\Users\Simon\Nextcloud\Project\Mauritania\Science\Arguin - FieldWork Data Processing\Data\S2\Sen2Cor\S2B_MSIL2A_20251127T113319_N0511_R080_T28QCH_20251127T134745.zip,707,9900,4247,342475.0,2201035.0,0.1913,0.253,0.2974,0.3796,0.4419,0.45930000000000004,0.496,0.518,0.5359,0.44170000000000004,0.5902000000000001,0.4016
2025-11-27,Arel,Sen2Cor,S2B_MSIL2A_20251127T113319_N0511_R080_T28QCH_20251127T134745.SAFE,C:\Users\Simon\Nextcloud\Project\Mauritania\Science\Arguin - FieldWork Data Processing\Data\S2\Sen2Cor\S2B_MSIL2A_20251127T113319_N0511_R080_T28QCH_20251127T134745.zip,708,9900,4248,342485.0,2201035.0,0.21300000000000002,0.2514,0.30160000000000003,0.38920000000000005,0.4456,0.45080000000000003,0.4883,0.5156000000000001,0.5319,0.541,0.5752,0.35550000000000004
2025-11-27,Arel,Sen2Cor,S2B_MSIL2A_20251127T113319_N0511_R080_T28QCH_20251127T134745.SAFE,C:\Users\Simon\Nextcloud\Project\Mauritania\Science\Arguin - FieldWork Data Processing\Data\S2\Sen2Cor\S2B_MSIL2A_20251127T113319_N0511_R080_T28QCH_20251127T134745.zip,709,9900,4249,342495.0,2201035.0,0.21300000000000002,0.26180000000000003,0.3156,0.40040000000000003,0.4456,0.45080000000000003,0.4883,0.5252,0.5319,0.541,0.5752,0.35550000000000004
2025-11-27,Arel,Sen2Cor,S2B_MSIL2A_20251127T113319_N0511_R080_T28QCH_20251127T134745.SAFE,C:\Users\Simon\Nextcloud\Project\Mauritania\Science\Arguin - FieldWork Data Processing\Data\S2\Sen2Cor\S2B_MSIL2A_20251127T113319_N0511_R080_T28QCH_20251127T134745.zip,710,9900,4250,342505.0,2201035.0,0.2243,0.2652,0.3244,0.4076,0.4621,0.4681,0.5054000000000001,0.528,0.547,0.541,0.5648000000000001,0.33580000000000004
2025-11-27,Arel,Sen2Cor,S2B_MSIL2A_20251127T113319_N0511_R080_T28QCH_20251127T134745.SAFE,C:\Users\Simon\Nextcloud\Project\Mauritania\Science\Arguin - FieldWork Data Processing\Data\S2\Sen2Cor\S2B_MSIL2A_20251127T113319_N0511_R080_T28QCH_20251127T134745.zip,711,9900,4251,342515.0,2201035.0,0.2243,0.267,0.322,0.41240000000000004,0.4621,0.4681,0.5054000000000001,0.536,0.547,0.541,0.5648000000000001,0.33580000000000004
2025-11-27,Arel,Sen2Cor,S2B_MSIL2A_20251127T113319_N0511_R080_T28QCH_20251127T134745.SAFE,C:\Users\Simon\Nextcloud\Project\Mauritania\Science\Arguin - FieldWork Data Processing\Data\S2\Sen2Cor\S2B_MSIL2A_20251127T113319_N0511_R080_T28QCH_20251127T134745.zip,712,9900,4252,342525.0,2201035.0,0.22130000000000002,0.2652,0.3264,0.41960000000000003,0.4803,0.48760000000000003,0.5209,0.5444,0.5612,0.541,0.5503,0.32020000000000004
2025-11-27,Arel,Sen2Cor,S2B_MSIL2A_20251127T113319_N0511_R080_T28QCH_20251127T134745.SAFE,C:\Users\Simon\Nextcloud\Project\Mauritania\Science\Arguin - FieldWork Data Processing\Data\S2\Sen2Cor\S2B_MSIL2A_20251127T113319_N0511_R080_T28QCH_20251127T134745.zip,713,9900,4253,342535.0,2201035.0,0.22130000000000002,0.2798,0.3452,0.4384,0.4803,0.48760000000000003,0.5209,0.5624,0.5612,0.541,0.5503,0.32020000000000004
2025-11-27,Arel,Sen2Cor,S2B_MSIL2A_20251127T113319_N0511_R080_T28QCH_20251127T134745.SAFE,C:\Users\Simon\Nextcloud\Project\Mauritania\Science\Arguin - FieldWork Data Processing\Data\S2\Sen2Cor\S2B_MSIL2A_20251127T113319_N0511_R080_T28QCH_20251127T134745.zip,714,9900,4254,342545.0,2201035.0,0.2089,0.27540000000000003,0.3488,0.4476,0.4879,0.4998,0.5275000000000001,0.5688,0.5655,0.4903,0.5406000000000001,0.309
2025-11-27,Arel,Sen2Cor,S2B_MSIL2A_20251127T113319_N0511_R080_T28QCH_20251127T134745.SAFE,C:\Users\Simon\Nextcloud\Project\Mauritania\Science\Arguin - FieldWork Data Processing\Data\S2\Sen2Cor\S2B_MSIL2A_20251127T113319_N0511_R080_T28QCH_20251127T134745.zip,715,9901,4247,342475.0,2201025.0,0.1913,0.2454,0.2908,0.36960000000000004,0.4419,0.45930000000000004,0.496,0.5116,0.5359,0.44170000000000004,0.5902000000000001,0.4016
2025-11-27,Arel,Sen2Cor,S2B_MSIL2A_20251127T113319_N0511_R080_T28QCH_20251127T134745.SAFE,C:\Users\Simon\Nextcloud\Project\Mauritania\Science\Arguin - FieldWork Data Processing\Data\S2\Sen2Cor\S2B_MSIL2A_20251127T113319_N0511_R080_T28QCH_20251127T134745.zip,716,9901,4248,342485.0,2201025.0,0.21300000000000002,0.2556,0.301,0.388,0.4456,0.45080000000000003,0.4883,0.5124000000000001,0.5319,0.541,0.5752,0.35550000000000004
2025-11-27,Arel,Sen2Cor,S2B_MSIL2A_20251127T113319_N0511_R080_T28QCH_20251127T134745.SAFE,C:\Users\Simon\Nextcloud\Project\Mauritania\Science\Arguin - FieldWork Data Processing\Data\S2\Sen2Cor\S2B_MSIL2A_20251127T113319_N0511_R080_T28QCH_20251127T134745.zip,717,9901,4249,342495.0,2201025.0,0.21300000000000002,0.2636,0.31520000000000004,0.4056,0.4456,0.45080000000000003,0.4883,0.5268,0.5319,0.541,0.5752,0.35550000000000004
2025-11-27,Arel,Sen2Cor,S2B_MSIL2A_20251127T113319_N0511_R080_T28QCH_20251127T134745.SAFE,C:\Users\Simon\Nextcloud\Project\Mauritania\Science\Arguin - FieldWork Data Processing\Data\S2\Sen2Cor\S2B_MSIL2A_20251127T113319_N0511_R080_T28QCH_20251127T134745.zip,718,9901,4250,342505.0,2201025.0,0.2243,0.26680000000000004,0.32120000000000004,0.4096,0.4621,0.4681,0.5054000000000001,0.536,0.547,0.541,0.5648000000000001,0.33580000000000004
2025-11-27,Arel,Sen2Cor,S2B_MSIL2A_20251127T113319_N0511_R080_T28QCH_20251127T134745.SAFE,C:\Users\Simon\Nextcloud\Project\Mauritania\Science\Arguin - FieldWork Data Processing\Data\S2\Sen2Cor\S2B_MSIL2A_20251127T113319_N0511_R080_T28QCH_20251127T134745.zip,719,9901,4251,342515.0,2201025.0,0.2243,0.26880000000000004,0.3252,0.4208,0.4621,0.4681,0.5054000000000001,0.5412,0.547,0.541,0.5648000000000001,0.33580000000000004
2025-11-27,Arel,Sen2Cor,S2B_MSIL2A_20251127T113319_N0511_R080_T28QCH_20251127T134745.SAFE,C:\Users\Simon\Nextcloud\Project\Mauritania\Science\Arguin - FieldWork Data Processing\Data\S2\Sen2Cor\S2B_MSIL2A_20251127T113319_N0511_R080_T28QCH_20251127T134745.zip,720,9901,4252,342525.0,2201025.0,0.22130000000000002,0.269,0.33080000000000004,0.42560000000000003,0.4803,0.48760000000000003,0.5209,0.5444,0.5612,0.541,0.5503,0.32020000000000004
2025-11-27,Arel,Sen2Cor,S2B_MSIL2A_20251127T113319_N0511_R080_T28QCH_20251127T134745.SAFE,C:\Users\Simon\Nextcloud\Project\Mauritania\Science\Arguin - FieldWork Data Processing\Data\S2\Sen2Cor\S2B_MSIL2A_20251127T113319_N0511_R080_T28QCH_20251127T134745.zip,721,9902,4247,342475.0,2201015.0,0.1826,0.25880000000000003,0.3064,0.3916,0.47240000000000004,0.4839,0.5164,0.5296000000000001,0.558,0.44170000000000004,0.5942000000000001,0.4126
2025-11-27,Arel,Sen2Cor,S2B_MSIL2A_20251127T113319_N0511_R080_T28QCH_20251127T134745.SAFE,C:\Users\Simon\Nextcloud\Project\Mauritania\Science\Arguin - FieldWork Data Processing\Data\S2\Sen2Cor\S2B_MSIL2A_20251127T113319_N0511_R080_T28QCH_20251127T134745.zip,722,9902,4248,342485.0,2201015.0,0.20370000000000002,0.26680000000000004,0.3094,0.39680000000000004,0.4682,0.4788,0.5057,0.5252,0.5503,0.541,0.5764,0.36310000000000003
2025-11-27,Arel,Sen2Cor,S2B_MSIL2A_20251127T113319_N0511_R080_T28QCH_20251127T134745.SAFE,C:\Users\Simon\Nextcloud\Project\Mauritania\Science\Arguin - FieldWork Data Processing\Data\S2\Sen2Cor\S2B_MSIL2A_20251127T113319_N0511_R080_T28QCH_20251127T134745.zip,723,9902,4249,342495.0,2201015.0,0.20370000000000002,0.271,0.32,0.4096,0.4682,0.4788,0.5057,0.5392,0.5503,0.541,0.5764,0.36310000000000003
2025-11-27,Arel,Sen2Cor,S2B_MSIL2A_20251127T113319_N0511_R080_T28QCH_20251127T134745.SAFE,C:\Users\Simon\Nextcloud\Project\Mauritania\Science\Arguin - FieldWork Data Processing\Data\S2\Sen2Cor\S2B_MSIL2A_20251127T113319_N0511_R080_T28QCH_20251127T134745.zip,724,9902,4250,342505.0,2201015.0,0.2139,0.2676,0.328,0.4152,0.4716,0.4813,0.514,0.54,0.5578000000000001,0.541,0.5491,0.3276
2025-11-27,Arel,Sen2Cor,S2B_MSIL2A_20251127T113319_N0511_R080_T28QCH_20251127T134745.SAFE,C:\Users\Simon\Nextcloud\Project\Mauritania\Science\Arguin - FieldWork Data Processing\Data\S2\Sen2Cor\S2B_MSIL2A_20251127T113319_N0511_R080_T28QCH_20251127T134745.zip,725,9902,4251,342515.0,2201015.0,0.2139,0.26980000000000004,0.3272,0.4244,0.4716,0.4813,0.514,0.5444,0.5578000000000001,0.541,0.5491,0.3276
2025-11-27,Arel,Sen2Cor,S2B_MSIL2A_20251127T113319_N0511_R080_T28QCH_20251127T134745.SAFE,C:\Users\Simon\Nextcloud\Project\Mauritania\Science\Arguin - FieldWork Data Processing\Data\S2\Sen2Cor\S2B_MSIL2A_20251127T113319_N0511_R080_T28QCH_20251127T134745.zip,726,9903,4247,342475.0,2201005.0,0.1826,0.2798,0.3316,0.4212,0.47240000000000004,0.4839,0.5164,0.5572,0.558,0.44170000000000004,0.5942000000000001,0.4126
2025-11-27,Arel,Sen2Cor,S2B_MSIL2A_20251127T113319_N0511_R080_T28QCH_20251127T134745.SAFE,C:\Users\Simon\Nextcloud\Project\Mauritania\Science\Arguin - FieldWork Data Processing\Data\S2\Sen2Cor\S2B_MSIL2A_20251127T113319_N0511_R080_T28QCH_20251127T134745.zip,727,9903,4248,342485.0,2201005.0,0.20370000000000002,0.2786,0.3284,0.4172,0.4682,0.4788,0.5057,0.5492,0.5503,0.541,0.5764,0.36310000000000003
2025-11-27,Arel,Sen2Cor,S2B_MSIL2A_20251127T113319_N0511_R080_T28QCH_20251127T134745.SAFE,C:\Users\Simon\Nextcloud\Project\Mauritania\Science\Arguin - FieldWork Data Processing\Data\S2\Sen2Cor\S2B_MSIL2A_20251127T113319_N0511_R080_T28QCH_20251127T134745.zip,728,9903,4249,342495.0,2201005.0,0.20370000000000002,0.27540000000000003,0.3276,0.4164,0.4682,0.4788,0.5057,0.5412,0.5503,0.541,0.5764,0.36310000000000003
2025-11-27,Arel,Sen2Cor,S2B_MSIL2A_20251127T113319_N0511_R080_T28QCH_20251127T134745.SAFE,C:\Users\Simon\Nextcloud\Project\Mauritania\Science\Arguin - FieldWork Data Processing\Data\S2\Sen2Cor\S2B_MSIL2A_20251127T113319_N0511_R080_T28QCH_20251127T134745.zip,729,9904,4247,342475.0,2200995.0,0.1647,0.2962,0.35200000000000004,0.44520000000000004,0.5046,0.5072,0.5401,0.5744,0.5795,0.44170000000000004,0.5975,0.4279
