date,AOI,atmospheric_correction,scene_id,source,pixel_id,row,col,x,y,B01,B02,B03,B04,B05,B06,B07,B08,B8A,B09,B11,B12
2026-03-27,Arel,Sen2Cor,S2B_MSIL2A_20260327T113319_N0512_R080_T28QCH_20260327T152639.SAFE,C:\Users\Simon\Nextcloud\Project\Mauritania\Science\Arguin - FieldWork Data Processing\Data\S2\S2B_MSIL2A_20260327T113319_N0512_R080_T28QCH_20260327T152639.SAFE,0,9870,4269,342695.0,2201335.0,0.2998,0.41040000000000004,0.47490000000000004,0.5723,0.6207,0.6216,0.6389,0.6724,0.6509,0.6624,0.6235,0.438
2026-03-27,Arel,Sen2Cor,S2B_MSIL2A_20260327T113319_N0512_R080_T28QCH_20260327T152639.SAFE,C:\Users\Simon\Nextcloud\Project\Mauritania\Science\Arguin - FieldWork Data Processing\Data\S2\S2B_MSIL2A_20260327T113319_N0512_R080_T28QCH_20260327T152639.SAFE,1,9870,4270,342705.0,2201335.0,0.28190000000000004,0.38530000000000003,0.4541,0.5518000000000001,0.6209,0.6287,0.6376000000000001,0.6582,0.663,0.6624,0.6407,0.45640000000000003
2026-03-27,Arel,Sen2Cor,S2B_MSIL2A_20260327T113319_N0512_R080_T28QCH_20260327T152639.SAFE,C:\Users\Simon\Nextcloud\Project\Mauritania\Science\Arguin - FieldWork Data Processing\Data\S2\S2B_MSIL2A_20260327T113319_N0512_R080_T28QCH_20260327T152639.SAFE,2,9870,4271,342715.0,2201335.0,0.28190000000000004,0.39430000000000004,0.4636,0.5630000000000001,0.6209,0.6287,0.6376000000000001,0.6685,0.663,0.6624,0.6407,0.45640000000000003
2026-03-27,Arel,Sen2Cor,S2B_MSIL2A_20260327T113319_N0512_R080_T28QCH_20260327T152639.SAFE,C:\Users\Simon\Nextcloud\Project\Mauritania\Science\Arguin - FieldWork Data Processing\Data\S2\S2B_MSIL2A_20260327T113319_N0512_R080_T28QCH_20260327T152639.SAFE,3,9871,4264,342645.0,2201325.0,0.2934,0.39580000000000004,0.47750000000000004,0.5718,0.6177,0.6142000000000001,0.6297,0.6636000000000001,0.6552,0.6549,0.6255000000000001,0.4325
2026-03-27,Arel,Sen2Cor,S2B_MSIL2A_20260327T113319_N0512_R080_T28QCH_20260327T152639.SAFE,C:\Users\Simon\Nextcloud\Project\Mauritania\Science\Arguin - FieldWork Data Processing\Data\S2\S2B_MSIL2A_20260327T113319_N0512_R080_T28QCH_20260327T152639.SAFE,4,9871,4265,342655.0,2201325.0,0.2934,0.39280000000000004,0.4641,0.5684,0.6177,0.6142000000000001,0.6297,0.6592,0.6552,0.6549,0.6255000000000001,0.4325
2026-03-27,Arel,Sen2Cor,S2B_MSIL2A_20260327T113319_N0512_R080_T28QCH_20260327T152639.SAFE,C:\Users\Simon\Nextcloud\Project\Mauritania\Science\Arguin - FieldWork Data Processing\Data\S2\S2B_MSIL2A_20260327T113319_N0512_R080_T28QCH_20260327T152639.SAFE,5,9871,4266,342665.0,2201325.0,0.3029,0.39480000000000004,0.47240000000000004,0.5635,0.6244000000000001,0.6187,0.6401,0.6543,0.6556000000000001,0.6624,0.6278,0.44730000000000003
2026-03-27,Arel,Sen2Cor,S2B_MSIL2A_20260327T113319_N0512_R080_T28QCH_20260327T152639.SAFE,C:\Users\Simon\Nextcloud\Project\Mauritania\Science\Arguin - FieldWork Data Processing\Data\S2\S2B_MSIL2A_20260327T113319_N0512_R080_T28QCH_20260327T152639.SAFE,6,9871,4267,342675.0,2201325.0,0.3029,0.40940000000000004,0.4788,0.5791000000000001,0.6244000000000001,0.6187,0.6401,0.6631,0.6556000000000001,0.6624,0.6278,0.44730000000000003
2026-03-27,Arel,Sen2Cor,S2B_MSIL2A_20260327T113319_N0512_R080_T28QCH_20260327T152639.SAFE,C:\Users\Simon\Nextcloud\Project\Mauritania\Science\Arguin - FieldWork Data Processing\Data\S2\S2B_MSIL2A_20260327T113319_N0512_R080_T28QCH_20260327T152639.SAFE,7,9871,4268,342685.0,2201325.0,0.2998,0.41600000000000004,0.4832,0.5869,0.6207,0.6216,0.6389,0.6733,0.6509,0.6624,0.6235,0.438
2026-03-27,Arel,Sen2Cor,S2B_MSIL2A_20260327T113319_N0512_R080_T28QCH_20260327T152639.SAFE,C:\Users\Simon\Nextcloud\Project\Mauritania\Science\Arguin - FieldWork Data Processing\Data\S2\S2B_MSIL2A_20260327T113319_N0512_R080_T28QCH_20260327T152639.SAFE,8,9871,4269,342695.0,2201325.0,0.2998,0.4021,0.47390000000000004,0.5664,0.6207,0.6216,0.6389,0.6655,0.6509,0.6624,0.6235,0.438
2026-03-27,Arel,Sen2Cor,S2B_MSIL2A_20260327T113319_N0512_R080_T28QCH_20260327T152639.SAFE,C:\Users\Simon\Nextcloud\Project\Mauritania\Science\Arguin - FieldWork Data Processing\Data\S2\S2B_MSIL2A_20260327T113319_N0512_R080_T28QCH_20260327T152639.SAFE,9,9871,4270,342705.0,2201325.0,0.28190000000000004,0.39180000000000004,0.46630000000000005,0.5635,0.6209,0.6287,0.6376000000000001,0.666,0.663,0.6624,0.6407,0.45640000000000003
2026-03-27,Arel,Sen2Cor,S2B_MSIL2A_20260327T113319_N0512_R080_T28QCH_20260327T152639.SAFE,C:\Users\Simon\Nextcloud\Project\Mauritania\Science\Arguin - FieldWork Data Processing\Data\S2\S2B_MSIL2A_20260327T113319_N0512_R080_T28QCH_20260327T152639.SAFE,10,9871,4271,342715.0,2201325.0,0.28190000000000004,0.4031,0.4778,0.5845,0.6209,0.6287,0.6376000000000001,0.6851,0.663,0.6624,0.6407,0.45640000000000003
2026-03-27,Arel,Sen2Cor,S2B_MSIL2A_20260327T113319_N0512_R080_T28QCH_20260327T152639.SAFE,C:\Users\Simon\Nextcloud\Project\Mauritania\Science\Arguin - FieldWork Data Processing\Data\S2\S2B_MSIL2A_20260327T113319_N0512_R080_T28QCH_20260327T152639.SAFE,11,9871,4272,342725.0,2201325.0,0.25270000000000004,0.3962,0.47800000000000004,0.5894,0.6141,0.6112000000000001,0.6262,0.6914,0.6509,0.5630000000000001,0.6376000000000001,0.45790000000000003
2026-03-27,Arel,Sen2Cor,S2B_MSIL2A_20260327T113319_N0512_R080_T28QCH_20260327T152639.SAFE,C:\Users\Simon\Nextcloud\Project\Mauritania\Science\Arguin - FieldWork Data Processing\Data\S2\S2B_MSIL2A_20260327T113319_N0512_R080_T28QCH_20260327T152639.SAFE,12,9872,4259,342595.0,2201315.0,0.3045,0.38720000000000004,0.4675,0.5645,0.6361,0.6297,0.639,0.644,0.6483,0.5907,0.6357,0.4847
2026-03-27,Arel,Sen2Cor,S2B_MSIL2A_20260327T113319_N0512_R080_T28QCH_20260327T152639.SAFE,C:\Users\Simon\Nextcloud\Project\Mauritania\Science\Arguin - FieldWork Data Processing\Data\S2\S2B_MSIL2A_20260327T113319_N0512_R080_T28QCH_20260327T152639.SAFE,13,9872,4260,342605.0,2201315.0,0.3155,0.4182,0.49150000000000005,0.5923,0.6486000000000001,0.6437,0.6568,0.6733,0.6752,0.6549,0.6391,0.45680000000000004
2026-03-27,Arel,Sen2Cor,S2B_MSIL2A_20260327T113319_N0512_R080_T28QCH_20260327T152639.SAFE,C:\Users\Simon\Nextcloud\Project\Mauritania\Science\Arguin - FieldWork Data Processing\Data\S2\S2B_MSIL2A_20260327T113319_N0512_R080_T28QCH_20260327T152639.SAFE,14,9872,4261,342615.0,2201315.0,0.3155,0.43770000000000003,0.5254,0.6147,0.6486000000000001,0.6437,0.6568,0.6938000000000001,0.6752,0.6549,0.6391,0.45680000000000004
2026-03-27,Arel,Sen2Cor,S2B_MSIL2A_20260327T113319_N0512_R080_T28QCH_20260327T152639.SAFE,C:\Users\Simon\Nextcloud\Project\Mauritania\Science\Arguin - FieldWork Data Processing\Data\S2\S2B_MSIL2A_20260327T113319_N0512_R080_T28QCH_20260327T152639.SAFE,15,9872,4262,342625.0,2201315.0,0.3251,0.4404,0.5137,0.6133000000000001,0.6512,0.6447,0.6637000000000001,0.6948000000000001,0.6813,0.6549,0.6377,0.4475
2026-03-27,Arel,Sen2Cor,S2B_MSIL2A_20260327T113319_N0512_R080_T28QCH_20260327T152639.SAFE,C:\Users\Simon\Nextcloud\Project\Mauritania\Science\Arguin - FieldWork Data Processing\Data\S2\S2B_MSIL2A_20260327T113319_N0512_R080_T28QCH_20260327T152639.SAFE,16,9872,4263,342635.0,2201315.0,0.3251,0.4182,0.4968,0.5981000000000001,0.6512,0.6447,0.6637000000000001,0.6826,0.6813,0.6549,0.6377,0.4475
2026-03-27,Arel,Sen2Cor,S2B_MSIL2A_20260327T113319_N0512_R080_T28QCH_20260327T152639.SAFE,C:\Users\Simon\Nextcloud\Project\Mauritania\Science\Arguin - FieldWork Data Processing\Data\S2\S2B_MSIL2A_20260327T113319_N0512_R080_T28QCH_20260327T152639.SAFE,17,9872,4264,342645.0,2201315.0,0.33340000000000003,0.4036,0.47900000000000004,0.5757,0.6213000000000001,0.6202000000000001,0.6366,0.6665,0.655,0.6549,0.632,0.44830000000000003
2026-03-27,Arel,Sen2Cor,S2B_MSIL2A_20260327T113319_N0512_R080_T28QCH_20260327T152639.SAFE,C:\Users\Simon\Nextcloud\Project\Mauritania\Science\Arguin - FieldWork Data Processing\Data\S2\S2B_MSIL2A_20260327T113319_N0512_R080_T28QCH_20260327T152639.SAFE,18,9872,4265,342655.0,2201315.0,0.33340000000000003,0.4031,0.47240000000000004,0.5742,0.6213000000000001,0.6202000000000001,0.6366,0.6592,0.655,0.6549,0.632,0.44830000000000003
2026-03-27,Arel,Sen2Cor,S2B_MSIL2A_20260327T113319_N0512_R080_T28QCH_20260327T152639.SAFE,C:\Users\Simon\Nextcloud\Project\Mauritania\Science\Arguin - FieldWork Data Processing\Data\S2\S2B_MSIL2A_20260327T113319_N0512_R080_T28QCH_20260327T152639.SAFE,19,9872,4266,342665.0,2201315.0,0.3387,0.406,0.4822,0.5757,0.6252,0.621,0.6407,0.6626000000000001,0.6552,0.6624,0.6255000000000001,0.43670000000000003
2026-03-27,Arel,Sen2Cor,S2B_MSIL2A_20260327T113319_N0512_R080_T28QCH_20260327T152639.SAFE,C:\Users\Simon\Nextcloud\Project\Mauritania\Science\Arguin - FieldWork Data Processing\Data\S2\S2B_MSIL2A_20260327T113319_N0512_R080_T28QCH_20260327T152639.SAFE,20,9872,4267,342675.0,2201315.0,0.3387,0.4106,0.48410000000000003,0.5889,0.6252,0.621,0.6407,0.6729,0.6552,0.6624,0.6255000000000001,0.43670000000000003
2026-03-27,Arel,Sen2Cor,S2B_MSIL2A_20260327T113319_N0512_R080_T28QCH_20260327T152639.SAFE,C:\Users\Simon\Nextcloud\Project\Mauritania\Science\Arguin - FieldWork Data Processing\Data\S2\S2B_MSIL2A_20260327T113319_N0512_R080_T28QCH_20260327T152639.SAFE,21,9872,4268,342685.0,2201315.0,0.3347,0.41750000000000004,0.4849,0.5830000000000001,0.6262,0.6198,0.6422,0.6763,0.6643,0.6624,0.6319,0.4365
2026-03-27,Arel,Sen2Cor,S2B_MSIL2A_20260327T113319_N0512_R080_T28QCH_20260327T152639.SAFE,C:\Users\Simon\Nextcloud\Project\Mauritania\Science\Arguin - FieldWork Data Processing\Data\S2\S2B_MSIL2A_20260327T113319_N0512_R080_T28QCH_20260327T152639.SAFE,22,9872,4269,342695.0,2201315.0,0.3347,0.3992,0.4707,0.5654,0.6262,0.6198,0.6422,0.6631,0.6643,0.6624,0.6319,0.4365
2026-03-27,Arel,Sen2Cor,S2B_MSIL2A_20260327T113319_N0512_R080_T28QCH_20260327T152639.SAFE,C:\Users\Simon\Nextcloud\Project\Mauritania\Science\Arguin - FieldWork Data Processing\Data\S2\S2B_MSIL2A_20260327T113319_N0512_R080_T28QCH_20260327T152639.SAFE,23,9872,4270,342705.0,2201315.0,0.3184,0.3962,0.47240000000000004,0.5762,0.6296,0.6305000000000001,0.6543,0.6748000000000001,0.679,0.6624,0.6544,0.4556
2026-03-27,Arel,Sen2Cor,S2B_MSIL2A_20260327T113319_N0512_R080_T28QCH_20260327T152639.SAFE,C:\Users\Simon\Nextcloud\Project\Mauritania\Science\Arguin - FieldWork Data Processing\Data\S2\S2B_MSIL2A_20260327T113319_N0512_R080_T28QCH_20260327T152639.SAFE,24,9872,4271,342715.0,2201315.0,0.3184,0.4082,0.4849,0.5928,0.6296,0.6305000000000001,0.6543,0.6895,0.679,0.6624,0.6544,0.4556
2026-03-27,Arel,Sen2Cor,S2B_MSIL2A_20260327T113319_N0512_R080_T28QCH_20260327T152639.SAFE,C:\Users\Simon\Nextcloud\Project\Mauritania\Science\Arguin - FieldWork Data Processing\Data\S2\S2B_MSIL2A_20260327T113319_N0512_R080_T28QCH_20260327T152639.SAFE,25,9872,4272,342725.0,2201315.0,0.2931,0.41750000000000004,0.49460000000000004,0.6084,0.621,0.6132000000000001,0.6342,0.6914,0.6555000000000001,0.5630000000000001,0.6336,0.43220000000000003
2026-03-27,Arel,Sen2Cor,S2B_MSIL2A_20260327T113319_N0512_R080_T28QCH_20260327T152639.SAFE,C:\Users\Simon\Nextcloud\Project\Mauritania\Science\Arguin - FieldWork Data Processing\Data\S2\S2B_MSIL2A_20260327T113319_N0512_R080_T28QCH_20260327T152639.SAFE,26,9873,4255,342555.0,2201305.0,0.26680000000000004,0.44530000000000003,0.5161,0.6074,0.6008,0.5885,0.6106,0.6836,0.6247,0.5907,0.5793,0.402
2026-03-27,Arel,Sen2Cor,S2B_MSIL2A_20260327T113319_N0512_R080_T28QCH_20260327T152639.SAFE,C:\Users\Simon\Nextcloud\Project\Mauritania\Science\Arguin - FieldWork Data Processing\Data\S2\S2B_MSIL2A_20260327T113319_N0512_R080_T28QCH_20260327T152639.SAFE,27,9873,4256,342565.0,2201305.0,0.2884,0.45070000000000005,0.5269,0.6255000000000001,0.6479,0.6332,0.6465000000000001,0.7036,0.6535000000000001,0.5907,0.6303000000000001,0.4632
2026-03-27,Arel,Sen2Cor,S2B_MSIL2A_20260327T113319_N0512_R080_T28QCH_20260327T152639.SAFE,C:\Users\Simon\Nextcloud\Project\Mauritania\Science\Arguin - FieldWork Data Processing\Data\S2\S2B_MSIL2A_20260327T113319_N0512_R080_T28QCH_20260327T152639.SAFE,28,9873,4257,342575.0,2201305.0,0.2884,0.44120000000000004,0.5171,0.6118,0.6479,0.6332,0.6465000000000001,0.6924,0.6535000000000001,0.5907,0.6303000000000001,0.4632
2026-03-27,Arel,Sen2Cor,S2B_MSIL2A_20260327T113319_N0512_R080_T28QCH_20260327T152639.SAFE,C:\Users\Simon\Nextcloud\Project\Mauritania\Science\Arguin - FieldWork Data Processing\Data\S2\S2B_MSIL2A_20260327T113319_N0512_R080_T28QCH_20260327T152639.SAFE,29,9873,4258,342585.0,2201305.0,0.3045,0.4238,0.5039,0.6074,0.6361,0.6297,0.639,0.687,0.6483,0.5907,0.6357,0.4847
2026-03-27,Arel,Sen2Cor,S2B_MSIL2A_20260327T113319_N0512_R080_T28QCH_20260327T152639.SAFE,C:\Users\Simon\Nextcloud\Project\Mauritania\Science\Arguin - FieldWork Data Processing\Data\S2\S2B_MSIL2A_20260327T113319_N0512_R080_T28QCH_20260327T152639.SAFE,30,9873,4259,342595.0,2201305.0,0.3045,0.4238,0.49660000000000004,0.6045,0.6361,0.6297,0.639,0.6846,0.6483,0.5907,0.6357,0.4847
2026-03-27,Arel,Sen2Cor,S2B_MSIL2A_20260327T113319_N0512_R080_T28QCH_20260327T152639.SAFE,C:\Users\Simon\Nextcloud\Project\Mauritania\Science\Arguin - FieldWork Data Processing\Data\S2\S2B_MSIL2A_20260327T113319_N0512_R080_T28QCH_20260327T152639.SAFE,31,9873,4260,342605.0,2201305.0,0.3155,0.4282,0.5078,0.6094,0.6486000000000001,0.6437,0.6568,0.6948000000000001,0.6752,0.6549,0.6391,0.45680000000000004
2026-03-27,Arel,Sen2Cor,S2B_MSIL2A_20260327T113319_N0512_R080_T28QCH_20260327T152639.SAFE,C:\Users\Simon\Nextcloud\Project\Mauritania\Science\Arguin - FieldWork Data Processing\Data\S2\S2B_MSIL2A_20260327T113319_N0512_R080_T28QCH_20260327T152639.SAFE,32,9873,4261,342615.0,2201305.0,0.3155,0.4355,0.52,0.6206,0.6486000000000001,0.6437,0.6568,0.7012,0.6752,0.6549,0.6391,0.45680000000000004
2026-03-27,Arel,Sen2Cor,S2B_MSIL2A_20260327T113319_N0512_R080_T28QCH_20260327T152639.SAFE,C:\Users\Simon\Nextcloud\Project\Mauritania\Science\Arguin - FieldWork Data Processing\Data\S2\S2B_MSIL2A_20260327T113319_N0512_R080_T28QCH_20260327T152639.SAFE,33,9873,4262,342625.0,2201305.0,0.3251,0.4485,0.5166000000000001,0.6143000000000001,0.6512,0.6447,0.6637000000000001,0.6997,0.6813,0.6549,0.6377,0.4475
2026-03-27,Arel,Sen2Cor,S2B_MSIL2A_20260327T113319_N0512_R080_T28QCH_20260327T152639.SAFE,C:\Users\Simon\Nextcloud\Project\Mauritania\Science\Arguin - FieldWork Data Processing\Data\S2\S2B_MSIL2A_20260327T113319_N0512_R080_T28QCH_20260327T152639.SAFE,34,9873,4263,342635.0,2201305.0,0.3251,0.42160000000000003,0.5029,0.5938,0.6512,0.6447,0.6637000000000001,0.687,0.6813,0.6549,0.6377,0.4475
2026-03-27,Arel,Sen2Cor,S2B_MSIL2A_20260327T113319_N0512_R080_T28QCH_20260327T152639.SAFE,C:\Users\Simon\Nextcloud\Project\Mauritania\Science\Arguin - FieldWork Data Processing\Data\S2\S2B_MSIL2A_20260327T113319_N0512_R080_T28QCH_20260327T152639.SAFE,35,9873,4264,342645.0,2201305.0,0.33340000000000003,0.4131,0.4858,0.5830000000000001,0.6213000000000001,0.6202000000000001,0.6366,0.6748000000000001,0.655,0.6549,0.632,0.44830000000000003
2026-03-27,Arel,Sen2Cor,S2B_MSIL2A_20260327T113319_N0512_R080_T28QCH_20260327T152639.SAFE,C:\Users\Simon\Nextcloud\Project\Mauritania\Science\Arguin - FieldWork Data Processing\Data\S2\S2B_MSIL2A_20260327T113319_N0512_R080_T28QCH_20260327T152639.SAFE,36,9873,4265,342655.0,2201305.0,0.33340000000000003,0.4053,0.4807,0.5762,0.6213000000000001,0.6202000000000001,0.6366,0.6567000000000001,0.655,0.6549,0.632,0.44830000000000003
2026-03-27,Arel,Sen2Cor,S2B_MSIL2A_20260327T113319_N0512_R080_T28QCH_20260327T152639.SAFE,C:\Users\Simon\Nextcloud\Project\Mauritania\Science\Arguin - FieldWork Data Processing\Data\S2\S2B_MSIL2A_20260327T113319_N0512_R080_T28QCH_20260327T152639.SAFE,37,9873,4266,342665.0,2201305.0,0.3387,0.41500000000000004,0.4829,0.5840000000000001,0.6252,0.621,0.6407,0.6655,0.6552,0.6624,0.6255000000000001,0.43670000000000003
2026-03-27,Arel,Sen2Cor,S2B_MSIL2A_20260327T113319_N0512_R080_T28QCH_20260327T152639.SAFE,C:\Users\Simon\Nextcloud\Project\Mauritania\Science\Arguin - FieldWork Data Processing\Data\S2\S2B_MSIL2A_20260327T113319_N0512_R080_T28QCH_20260327T152639.SAFE,38,9873,4267,342675.0,2201305.0,0.3387,0.4192,0.48800000000000004,0.5864,0.6252,0.621,0.6407,0.6733,0.6552,0.6624,0.6255000000000001,0.43670000000000003
2026-03-27,Arel,Sen2Cor,S2B_MSIL2A_20260327T113319_N0512_R080_T28QCH_20260327T152639.SAFE,C:\Users\Simon\Nextcloud\Project\Mauritania\Science\Arguin - FieldWork Data Processing\Data\S2\S2B_MSIL2A_20260327T113319_N0512_R080_T28QCH_20260327T152639.SAFE,39,9873,4268,342685.0,2201305.0,0.3347,0.4092,0.4802,0.5767,0.6262,0.6198,0.6422,0.6748000000000001,0.6643,0.6624,0.6319,0.4365
2026-03-27,Arel,Sen2Cor,S2B_MSIL2A_20260327T113319_N0512_R080_T28QCH_20260327T152639.SAFE,C:\Users\Simon\Nextcloud\Project\Mauritania\Science\Arguin - FieldWork Data Processing\Data\S2\S2B_MSIL2A_20260327T113319_N0512_R080_T28QCH_20260327T152639.SAFE,40,9873,4269,342695.0,2201305.0,0.3347,0.39790000000000003,0.467,0.5654,0.6262,0.6198,0.6422,0.667,0.6643,0.6624,0.6319,0.4365
2026-03-27,Arel,Sen2Cor,S2B_MSIL2A_20260327T113319_N0512_R080_T28QCH_20260327T152639.SAFE,C:\Users\Simon\Nextcloud\Project\Mauritania\Science\Arguin - FieldWork Data Processing\Data\S2\S2B_MSIL2A_20260327T113319_N0512_R080_T28QCH_20260327T152639.SAFE,41,9873,4270,342705.0,2201305.0,0.3184,0.39890000000000003,0.4751,0.5752,0.6296,0.6305000000000001,0.6543,0.6714,0.679,0.6624,0.6544,0.4556
2026-03-27,Arel,Sen2Cor,S2B_MSIL2A_20260327T113319_N0512_R080_T28QCH_20260327T152639.SAFE,C:\Users\Simon\Nextcloud\Project\Mauritania\Science\Arguin - FieldWork Data Processing\Data\S2\S2B_MSIL2A_20260327T113319_N0512_R080_T28QCH_20260327T152639.SAFE,42,9873,4271,342715.0,2201305.0,0.3184,0.4167,0.49100000000000005,0.5884,0.6296,0.6305000000000001,0.6543,0.6875,0.679,0.6624,0.6544,0.4556
2026-03-27,Arel,Sen2Cor,S2B_MSIL2A_20260327T113319_N0512_R080_T28QCH_20260327T152639.SAFE,C:\Users\Simon\Nextcloud\Project\Mauritania\Science\Arguin - FieldWork Data Processing\Data\S2\S2B_MSIL2A_20260327T113319_N0512_R080_T28QCH_20260327T152639.SAFE,43,9873,4272,342725.0,2201305.0,0.2931,0.4404,0.5103,0.6133000000000001,0.621,0.6132000000000001,0.6342,0.6885,0.6555000000000001,0.5630000000000001,0.6336,0.43220000000000003
2026-03-27,Arel,Sen2Cor,S2B_MSIL2A_20260327T113319_N0512_R080_T28QCH_20260327T152639.SAFE,C:\Users\Simon\Nextcloud\Project\Mauritania\Science\Arguin - FieldWork Data Processing\Data\S2\S2B_MSIL2A_20260327T113319_N0512_R080_T28QCH_20260327T152639.SAFE,44,9873,4273,342735.0,2201305.0,0.2931,0.4072,0.4622,0.5356000000000001,0.621,0.6132000000000001,0.6342,0.6426000000000001,0.6555000000000001,0.5630000000000001,0.6336,0.43220000000000003
2026-03-27,Arel,Sen2Cor,S2B_MSIL2A_20260327T113319_N0512_R080_T28QCH_20260327T152639.SAFE,C:\Users\Simon\Nextcloud\Project\Mauritania\Science\Arguin - FieldWork Data Processing\Data\S2\S2B_MSIL2A_20260327T113319_N0512_R080_T28QCH_20260327T152639.SAFE,45,9874,4254,342545.0,2201295.0,0.316,0.4299,0.5063,0.603,0.6551,0.647,0.66,0.6763,0.6742,0.5907,0.6246,0.44470000000000004
2026-03-27,Arel,Sen2Cor,S2B_MSIL2A_20260327T113319_N0512_R080_T28QCH_20260327T152639.SAFE,C:\Users\Simon\Nextcloud\Project\Mauritania\Science\Arguin - FieldWork Data Processing\Data\S2\S2B_MSIL2A_20260327T113319_N0512_R080_T28QCH_20260327T152639.SAFE,46,9874,4255,342555.0,2201295.0,0.316,0.4299,0.5088,0.6064,0.6551,0.647,0.66,0.6821,0.6742,0.5907,0.6246,0.44470000000000004
2026-03-27,Arel,Sen2Cor,S2B_MSIL2A_20260327T113319_N0512_R080_T28QCH_20260327T152639.SAFE,C:\Users\Simon\Nextcloud\Project\Mauritania\Science\Arguin - FieldWork Data Processing\Data\S2\S2B_MSIL2A_20260327T113319_N0512_R080_T28QCH_20260327T152639.SAFE,47,9874,4256,342565.0,2201295.0,0.3306,0.4414,0.519,0.6221,0.6661,0.6591,0.6784,0.6963,0.6877,0.5907,0.6489,0.4723
2026-03-27,Arel,Sen2Cor,S2B_MSIL2A_20260327T113319_N0512_R080_T28QCH_20260327T152639.SAFE,C:\Users\Simon\Nextcloud\Project\Mauritania\Science\Arguin - FieldWork Data Processing\Data\S2\S2B_MSIL2A_20260327T113319_N0512_R080_T28QCH_20260327T152639.SAFE,48,9874,4257,342575.0,2201295.0,0.3306,0.4399,0.5254,0.627,0.6661,0.6591,0.6784,0.6973,0.6877,0.5907,0.6489,0.4723
2026-03-27,Arel,Sen2Cor,S2B_MSIL2A_20260327T113319_N0512_R080_T28QCH_20260327T152639.SAFE,C:\Users\Simon\Nextcloud\Project\Mauritania\Science\Arguin - FieldWork Data Processing\Data\S2\S2B_MSIL2A_20260327T113319_N0512_R080_T28QCH_20260327T152639.SAFE,49,9874,4258,342585.0,2201295.0,0.33940000000000003,0.43360000000000004,0.5166000000000001,0.6235,0.6645,0.6558,0.6724,0.7017,0.686,0.5907,0.6555000000000001,0.4822
2026-03-27,Arel,Sen2Cor,S2B_MSIL2A_20260327T113319_N0512_R080_T28QCH_20260327T152639.SAFE,C:\Users\Simon\Nextcloud\Project\Mauritania\Science\Arguin - FieldWork Data Processing\Data\S2\S2B_MSIL2A_20260327T113319_N0512_R080_T28QCH_20260327T152639.SAFE,50,9874,4259,342595.0,2201295.0,0.33940000000000003,0.4314,0.5151,0.6187,0.6645,0.6558,0.6724,0.7026,0.686,0.5907,0.6555000000000001,0.4822
2026-03-27,Arel,Sen2Cor,S2B_MSIL2A_20260327T113319_N0512_R080_T28QCH_20260327T152639.SAFE,C:\Users\Simon\Nextcloud\Project\Mauritania\Science\Arguin - FieldWork Data Processing\Data\S2\S2B_MSIL2A_20260327T113319_N0512_R080_T28QCH_20260327T152639.SAFE,51,9874,4260,342605.0,2201295.0,0.34340000000000004,0.42650000000000005,0.5029,0.6118,0.6564,0.6524,0.6657000000000001,0.6924,0.6858000000000001,0.6549,0.6476000000000001,0.4607
2026-03-27,Arel,Sen2Cor,S2B_MSIL2A_20260327T113319_N0512_R080_T28QCH_20260327T152639.SAFE,C:\Users\Simon\Nextcloud\Project\Mauritania\Science\Arguin - FieldWork Data Processing\Data\S2\S2B_MSIL2A_20260327T113319_N0512_R080_T28QCH_20260327T152639.SAFE,52,9874,4261,342615.0,2201295.0,0.34340000000000004,0.4277,0.5059,0.6099,0.6564,0.6524,0.6657000000000001,0.6963,0.6858000000000001,0.6549,0.6476000000000001,0.4607
2026-03-27,Arel,Sen2Cor,S2B_MSIL2A_20260327T113319_N0512_R080_T28QCH_20260327T152639.SAFE,C:\Users\Simon\Nextcloud\Project\Mauritania\Science\Arguin - FieldWork Data Processing\Data\S2\S2B_MSIL2A_20260327T113319_N0512_R080_T28QCH_20260327T152639.SAFE,53,9874,4262,342625.0,2201295.0,0.3441,0.42700000000000005,0.5015000000000001,0.6074,0.6457,0.6409,0.6609,0.6924,0.6789000000000001,0.6549,0.6357,0.43810000000000004
2026-03-27,Arel,Sen2Cor,S2B_MSIL2A_20260327T113319_N0512_R080_T28QCH_20260327T152639.SAFE,C:\Users\Simon\Nextcloud\Project\Mauritania\Science\Arguin - FieldWork Data Processing\Data\S2\S2B_MSIL2A_20260327T113319_N0512_R080_T28QCH_20260327T152639.SAFE,54,9874,4263,342635.0,2201295.0,0.3441,0.42550000000000004,0.49660000000000004,0.5981000000000001,0.6457,0.6409,0.6609,0.6831,0.6789000000000001,0.6549,0.6357,0.43810000000000004
2026-03-27,Arel,Sen2Cor,S2B_MSIL2A_20260327T113319_N0512_R080_T28QCH_20260327T152639.SAFE,C:\Users\Simon\Nextcloud\Project\Mauritania\Science\Arguin - FieldWork Data Processing\Data\S2\S2B_MSIL2A_20260327T113319_N0512_R080_T28QCH_20260327T152639.SAFE,55,9874,4264,342645.0,2201295.0,0.3453,0.41040000000000004,0.4902,0.5889,0.6273000000000001,0.6255000000000001,0.6387,0.6719,0.6591,0.6549,0.627,0.43210000000000004
2026-03-27,Arel,Sen2Cor,S2B_MSIL2A_20260327T113319_N0512_R080_T28QCH_20260327T152639.SAFE,C:\Users\Simon\Nextcloud\Project\Mauritania\Science\Arguin - FieldWork Data Processing\Data\S2\S2B_MSIL2A_20260327T113319_N0512_R080_T28QCH_20260327T152639.SAFE,56,9874,4265,342655.0,2201295.0,0.3453,0.4053,0.4827,0.5742,0.6273000000000001,0.6255000000000001,0.6387,0.6567000000000001,0.6591,0.6549,0.627,0.43210000000000004
2026-03-27,Arel,Sen2Cor,S2B_MSIL2A_20260327T113319_N0512_R080_T28QCH_20260327T152639.SAFE,C:\Users\Simon\Nextcloud\Project\Mauritania\Science\Arguin - FieldWork Data Processing\Data\S2\S2B_MSIL2A_20260327T113319_N0512_R080_T28QCH_20260327T152639.SAFE,57,9874,4266,342665.0,2201295.0,0.3441,0.4131,0.4812,0.5767,0.6186,0.6147,0.6383,0.6641,0.6621,0.6624,0.6224000000000001,0.42310000000000003
2026-03-27,Arel,Sen2Cor,S2B_MSIL2A_20260327T113319_N0512_R080_T28QCH_20260327T152639.SAFE,C:\Users\Simon\Nextcloud\Project\Mauritania\Science\Arguin - FieldWork Data Processing\Data\S2\S2B_MSIL2A_20260327T113319_N0512_R080_T28QCH_20260327T152639.SAFE,58,9874,4267,342675.0,2201295.0,0.3441,0.4106,0.48510000000000003,0.5762,0.6186,0.6147,0.6383,0.6694,0.6621,0.6624,0.6224000000000001,0.42310000000000003
2026-03-27,Arel,Sen2Cor,S2B_MSIL2A_20260327T113319_N0512_R080_T28QCH_20260327T152639.SAFE,C:\Users\Simon\Nextcloud\Project\Mauritania\Science\Arguin - FieldWork Data Processing\Data\S2\S2B_MSIL2A_20260327T113319_N0512_R080_T28QCH_20260327T152639.SAFE,59,9874,4268,342685.0,2201295.0,0.3383,0.4021,0.46950000000000003,0.5669000000000001,0.6124,0.612,0.6325000000000001,0.6694,0.6636000000000001,0.6624,0.6269,0.4239
2026-03-27,Arel,Sen2Cor,S2B_MSIL2A_20260327T113319_N0512_R080_T28QCH_20260327T152639.SAFE,C:\Users\Simon\Nextcloud\Project\Mauritania\Science\Arguin - FieldWork Data Processing\Data\S2\S2B_MSIL2A_20260327T113319_N0512_R080_T28QCH_20260327T152639.SAFE,60,9874,4269,342695.0,2201295.0,0.3383,0.3962,0.4622,0.5557,0.6124,0.612,0.6325000000000001,0.6611,0.6636000000000001,0.6624,0.6269,0.4239
2026-03-27,Arel,Sen2Cor,S2B_MSIL2A_20260327T113319_N0512_R080_T28QCH_20260327T152639.SAFE,C:\Users\Simon\Nextcloud\Project\Mauritania\Science\Arguin - FieldWork Data Processing\Data\S2\S2B_MSIL2A_20260327T113319_N0512_R080_T28QCH_20260327T152639.SAFE,61,9874,4270,342705.0,2201295.0,0.32880000000000004,0.4033,0.4766,0.5718,0.6053000000000001,0.6068,0.6308,0.6646000000000001,0.6612,0.6624,0.6233000000000001,0.41000000000000003
2026-03-27,Arel,Sen2Cor,S2B_MSIL2A_20260327T113319_N0512_R080_T28QCH_20260327T152639.SAFE,C:\Users\Simon\Nextcloud\Project\Mauritania\Science\Arguin - FieldWork Data Processing\Data\S2\S2B_MSIL2A_20260327T113319_N0512_R080_T28QCH_20260327T152639.SAFE,62,9874,4271,342715.0,2201295.0,0.32880000000000004,0.4199,0.4844,0.5801000000000001,0.6053000000000001,0.6068,0.6308,0.6733,0.6612,0.6624,0.6233000000000001,0.41000000000000003
2026-03-27,Arel,Sen2Cor,S2B_MSIL2A_20260327T113319_N0512_R080_T28QCH_20260327T152639.SAFE,C:\Users\Simon\Nextcloud\Project\Mauritania\Science\Arguin - FieldWork Data Processing\Data\S2\S2B_MSIL2A_20260327T113319_N0512_R080_T28QCH_20260327T152639.SAFE,63,9874,4272,342725.0,2201295.0,0.31320000000000003,0.39180000000000004,0.4712,0.5596,0.5869,0.5829,0.6065,0.6533,0.6355000000000001,0.5630000000000001,0.5996,0.36260000000000003
2026-03-27,Arel,Sen2Cor,S2B_MSIL2A_20260327T113319_N0512_R080_T28QCH_20260327T152639.SAFE,C:\Users\Simon\Nextcloud\Project\Mauritania\Science\Arguin - FieldWork Data Processing\Data\S2\S2B_MSIL2A_20260327T113319_N0512_R080_T28QCH_20260327T152639.SAFE,64,9874,4273,342735.0,2201295.0,0.31320000000000003,0.38530000000000003,0.44730000000000003,0.5264,0.5869,0.5829,0.6065,0.6372,0.6355000000000001,0.5630000000000001,0.5996,0.36260000000000003
2026-03-27,Arel,Sen2Cor,S2B_MSIL2A_20260327T113319_N0512_R080_T28QCH_20260327T152639.SAFE,C:\Users\Simon\Nextcloud\Project\Mauritania\Science\Arguin - FieldWork Data Processing\Data\S2\S2B_MSIL2A_20260327T113319_N0512_R080_T28QCH_20260327T152639.SAFE,65,9874,4274,342745.0,2201295.0,0.2903,0.4258,0.501,0.5806,0.5932000000000001,0.6071000000000001,0.6104,0.6641,0.6493,0.5630000000000001,0.6009,0.3709
2026-03-27,Arel,Sen2Cor,S2B_MSIL2A_20260327T113319_N0512_R080_T28QCH_20260327T152639.SAFE,C:\Users\Simon\Nextcloud\Project\Mauritania\Science\Arguin - FieldWork Data Processing\Data\S2\S2B_MSIL2A_20260327T113319_N0512_R080_T28QCH_20260327T152639.SAFE,66,9875,4252,342525.0,2201285.0,0.29410000000000003,0.45070000000000005,0.5215000000000001,0.6167,0.6566000000000001,0.6425000000000001,0.6503,0.6855,0.6595000000000001,0.42600000000000005,0.6041000000000001,0.4194
2026-03-27,Arel,Sen2Cor,S2B_MSIL2A_20260327T113319_N0512_R080_T28QCH_20260327T152639.SAFE,C:\Users\Simon\Nextcloud\Project\Mauritania\Science\Arguin - FieldWork Data Processing\Data\S2\S2B_MSIL2A_20260327T113319_N0512_R080_T28QCH_20260327T152639.SAFE,67,9875,4253,342535.0,2201285.0,0.29410000000000003,0.4385,0.5181,0.6099,0.6566000000000001,0.6425000000000001,0.6503,0.6812,0.6595000000000001,0.42600000000000005,0.6041000000000001,0.4194
2026-03-27,Arel,Sen2Cor,S2B_MSIL2A_20260327T113319_N0512_R080_T28QCH_20260327T152639.SAFE,C:\Users\Simon\Nextcloud\Project\Mauritania\Science\Arguin - FieldWork Data Processing\Data\S2\S2B_MSIL2A_20260327T113319_N0512_R080_T28QCH_20260327T152639.SAFE,68,9875,4254,342545.0,2201285.0,0.316,0.42900000000000005,0.5034000000000001,0.6006,0.6551,0.647,0.66,0.6743,0.6742,0.5907,0.6246,0.44470000000000004
2026-03-27,Arel,Sen2Cor,S2B_MSIL2A_20260327T113319_N0512_R080_T28QCH_20260327T152639.SAFE,C:\Users\Simon\Nextcloud\Project\Mauritania\Science\Arguin - FieldWork Data Processing\Data\S2\S2B_MSIL2A_20260327T113319_N0512_R080_T28QCH_20260327T152639.SAFE,69,9875,4255,342555.0,2201285.0,0.316,0.4333,0.5142,0.6089,0.6551,0.647,0.66,0.6826,0.6742,0.5907,0.6246,0.44470000000000004
2026-03-27,Arel,Sen2Cor,S2B_MSIL2A_20260327T113319_N0512_R080_T28QCH_20260327T152639.SAFE,C:\Users\Simon\Nextcloud\Project\Mauritania\Science\Arguin - FieldWork Data Processing\Data\S2\S2B_MSIL2A_20260327T113319_N0512_R080_T28QCH_20260327T152639.SAFE,70,9875,4256,342565.0,2201285.0,0.3306,0.44210000000000005,0.5166000000000001,0.6216,0.6661,0.6591,0.6784,0.7007,0.6877,0.5907,0.6489,0.4723
2026-03-27,Arel,Sen2Cor,S2B_MSIL2A_20260327T113319_N0512_R080_T28QCH_20260327T152639.SAFE,C:\Users\Simon\Nextcloud\Project\Mauritania\Science\Arguin - FieldWork Data Processing\Data\S2\S2B_MSIL2A_20260327T113319_N0512_R080_T28QCH_20260327T152639.SAFE,71,9875,4257,342575.0,2201285.0,0.3306,0.4431,0.5283,0.6279,0.6661,0.6591,0.6784,0.6982,0.6877,0.5907,0.6489,0.4723
2026-03-27,Arel,Sen2Cor,S2B_MSIL2A_20260327T113319_N0512_R080_T28QCH_20260327T152639.SAFE,C:\Users\Simon\Nextcloud\Project\Mauritania\Science\Arguin - FieldWork Data Processing\Data\S2\S2B_MSIL2A_20260327T113319_N0512_R080_T28QCH_20260327T152639.SAFE,72,9875,4258,342585.0,2201285.0,0.33940000000000003,0.4385,0.521,0.6245,0.6645,0.6558,0.6724,0.7012,0.686,0.5907,0.6555000000000001,0.4822
2026-03-27,Arel,Sen2Cor,S2B_MSIL2A_20260327T113319_N0512_R080_T28QCH_20260327T152639.SAFE,C:\Users\Simon\Nextcloud\Project\Mauritania\Science\Arguin - FieldWork Data Processing\Data\S2\S2B_MSIL2A_20260327T113319_N0512_R080_T28QCH_20260327T152639.SAFE,73,9875,4259,342595.0,2201285.0,0.33940000000000003,0.4248,0.5083,0.6138,0.6645,0.6558,0.6724,0.6958000000000001,0.686,0.5907,0.6555000000000001,0.4822
2026-03-27,Arel,Sen2Cor,S2B_MSIL2A_20260327T113319_N0512_R080_T28QCH_20260327T152639.SAFE,C:\Users\Simon\Nextcloud\Project\Mauritania\Science\Arguin - FieldWork Data Processing\Data\S2\S2B_MSIL2A_20260327T113319_N0512_R080_T28QCH_20260327T152639.SAFE,74,9875,4260,342605.0,2201285.0,0.34340000000000004,0.42110000000000003,0.501,0.6055,0.6564,0.6524,0.6657000000000001,0.6865,0.6858000000000001,0.6549,0.6476000000000001,0.4607
2026-03-27,Arel,Sen2Cor,S2B_MSIL2A_20260327T113319_N0512_R080_T28QCH_20260327T152639.SAFE,C:\Users\Simon\Nextcloud\Project\Mauritania\Science\Arguin - FieldWork Data Processing\Data\S2\S2B_MSIL2A_20260327T113319_N0512_R080_T28QCH_20260327T152639.SAFE,75,9875,4261,342615.0,2201285.0,0.34340000000000004,0.42650000000000005,0.5,0.605,0.6564,0.6524,0.6657000000000001,0.6885,0.6858000000000001,0.6549,0.6476000000000001,0.4607
2026-03-27,Arel,Sen2Cor,S2B_MSIL2A_20260327T113319_N0512_R080_T28QCH_20260327T152639.SAFE,C:\Users\Simon\Nextcloud\Project\Mauritania\Science\Arguin - FieldWork Data Processing\Data\S2\S2B_MSIL2A_20260327T113319_N0512_R080_T28QCH_20260327T152639.SAFE,76,9875,4262,342625.0,2201285.0,0.3441,0.4294,0.5054000000000001,0.6064,0.6457,0.6409,0.6609,0.6899000000000001,0.6789000000000001,0.6549,0.6357,0.43810000000000004
2026-03-27,Arel,Sen2Cor,S2B_MSIL2A_20260327T113319_N0512_R080_T28QCH_20260327T152639.SAFE,C:\Users\Simon\Nextcloud\Project\Mauritania\Science\Arguin - FieldWork Data Processing\Data\S2\S2B_MSIL2A_20260327T113319_N0512_R080_T28QCH_20260327T152639.SAFE,77,9875,4263,342635.0,2201285.0,0.3441,0.42850000000000005,0.4973,0.6035,0.6457,0.6409,0.6609,0.6831,0.6789000000000001,0.6549,0.6357,0.43810000000000004
2026-03-27,Arel,Sen2Cor,S2B_MSIL2A_20260327T113319_N0512_R080_T28QCH_20260327T152639.SAFE,C:\Users\Simon\Nextcloud\Project\Mauritania\Science\Arguin - FieldWork Data Processing\Data\S2\S2B_MSIL2A_20260327T113319_N0512_R080_T28QCH_20260327T152639.SAFE,78,9875,4264,342645.0,2201285.0,0.3453,0.41090000000000004,0.48510000000000003,0.5806,0.6273000000000001,0.6255000000000001,0.6387,0.668,0.6591,0.6549,0.627,0.43210000000000004
2026-03-27,Arel,Sen2Cor,S2B_MSIL2A_20260327T113319_N0512_R080_T28QCH_20260327T152639.SAFE,C:\Users\Simon\Nextcloud\Project\Mauritania\Science\Arguin - FieldWork Data Processing\Data\S2\S2B_MSIL2A_20260327T113319_N0512_R080_T28QCH_20260327T152639.SAFE,79,9875,4265,342655.0,2201285.0,0.3453,0.4092,0.48190000000000005,0.5718,0.6273000000000001,0.6255000000000001,0.6387,0.6641,0.6591,0.6549,0.627,0.43210000000000004
2026-03-27,Arel,Sen2Cor,S2B_MSIL2A_20260327T113319_N0512_R080_T28QCH_20260327T152639.SAFE,C:\Users\Simon\Nextcloud\Project\Mauritania\Science\Arguin - FieldWork Data Processing\Data\S2\S2B_MSIL2A_20260327T113319_N0512_R080_T28QCH_20260327T152639.SAFE,80,9875,4266,342665.0,2201285.0,0.3441,0.4141,0.48510000000000003,0.5781000000000001,0.6186,0.6147,0.6383,0.6714,0.6621,0.6624,0.6224000000000001,0.42310000000000003
2026-03-27,Arel,Sen2Cor,S2B_MSIL2A_20260327T113319_N0512_R080_T28QCH_20260327T152639.SAFE,C:\Users\Simon\Nextcloud\Project\Mauritania\Science\Arguin - FieldWork Data Processing\Data\S2\S2B_MSIL2A_20260327T113319_N0512_R080_T28QCH_20260327T152639.SAFE,81,9875,4267,342675.0,2201285.0,0.3441,0.4016,0.4746,0.5698,0.6186,0.6147,0.6383,0.6685,0.6621,0.6624,0.6224000000000001,0.42310000000000003
2026-03-27,Arel,Sen2Cor,S2B_MSIL2A_20260327T113319_N0512_R080_T28QCH_20260327T152639.SAFE,C:\Users\Simon\Nextcloud\Project\Mauritania\Science\Arguin - FieldWork Data Processing\Data\S2\S2B_MSIL2A_20260327T113319_N0512_R080_T28QCH_20260327T152639.SAFE,82,9875,4268,342685.0,2201285.0,0.3383,0.40090000000000003,0.4661,0.5615,0.6124,0.612,0.6325000000000001,0.668,0.6636000000000001,0.6624,0.6269,0.4239
2026-03-27,Arel,Sen2Cor,S2B_MSIL2A_20260327T113319_N0512_R080_T28QCH_20260327T152639.SAFE,C:\Users\Simon\Nextcloud\Project\Mauritania\Science\Arguin - FieldWork Data Processing\Data\S2\S2B_MSIL2A_20260327T113319_N0512_R080_T28QCH_20260327T152639.SAFE,83,9875,4269,342695.0,2201285.0,0.3383,0.39990000000000003,0.46480000000000005,0.5581,0.6124,0.612,0.6325000000000001,0.6611,0.6636000000000001,0.6624,0.6269,0.4239
2026-03-27,Arel,Sen2Cor,S2B_MSIL2A_20260327T113319_N0512_R080_T28QCH_20260327T152639.SAFE,C:\Users\Simon\Nextcloud\Project\Mauritania\Science\Arguin - FieldWork Data Processing\Data\S2\S2B_MSIL2A_20260327T113319_N0512_R080_T28QCH_20260327T152639.SAFE,84,9875,4270,342705.0,2201285.0,0.32880000000000004,0.40990000000000004,0.47340000000000004,0.5718,0.6053000000000001,0.6068,0.6308,0.6621,0.6612,0.6624,0.6233000000000001,0.41000000000000003
2026-03-27,Arel,Sen2Cor,S2B_MSIL2A_20260327T113319_N0512_R080_T28QCH_20260327T152639.SAFE,C:\Users\Simon\Nextcloud\Project\Mauritania\Science\Arguin - FieldWork Data Processing\Data\S2\S2B_MSIL2A_20260327T113319_N0512_R080_T28QCH_20260327T152639.SAFE,85,9875,4271,342715.0,2201285.0,0.32880000000000004,0.4102,0.4712,0.5576,0.6053000000000001,0.6068,0.6308,0.6528,0.6612,0.6624,0.6233000000000001,0.41000000000000003
2026-03-27,Arel,Sen2Cor,S2B_MSIL2A_20260327T113319_N0512_R080_T28QCH_20260327T152639.SAFE,C:\Users\Simon\Nextcloud\Project\Mauritania\Science\Arguin - FieldWork Data Processing\Data\S2\S2B_MSIL2A_20260327T113319_N0512_R080_T28QCH_20260327T152639.SAFE,86,9875,4272,342725.0,2201285.0,0.31320000000000003,0.3635,0.4312,0.5107,0.5869,0.5829,0.6065,0.6196,0.6355000000000001,0.5630000000000001,0.5996,0.36260000000000003
2026-03-27,Arel,Sen2Cor,S2B_MSIL2A_20260327T113319_N0512_R080_T28QCH_20260327T152639.SAFE,C:\Users\Simon\Nextcloud\Project\Mauritania\Science\Arguin - FieldWork Data Processing\Data\S2\S2B_MSIL2A_20260327T113319_N0512_R080_T28QCH_20260327T152639.SAFE,87,9875,4273,342735.0,2201285.0,0.31320000000000003,0.3674,0.4287,0.5083,0.5869,0.5829,0.6065,0.6211,0.6355000000000001,0.5630000000000001,0.5996,0.36260000000000003
2026-03-27,Arel,Sen2Cor,S2B_MSIL2A_20260327T113319_N0512_R080_T28QCH_20260327T152639.SAFE,C:\Users\Simon\Nextcloud\Project\Mauritania\Science\Arguin - FieldWork Data Processing\Data\S2\S2B_MSIL2A_20260327T113319_N0512_R080_T28QCH_20260327T152639.SAFE,88,9875,4274,342745.0,2201285.0,0.2903,0.40750000000000003,0.4646,0.5518000000000001,0.5932000000000001,0.6071000000000001,0.6104,0.6479,0.6493,0.5630000000000001,0.6009,0.3709
2026-03-27,Arel,Sen2Cor,S2B_MSIL2A_20260327T113319_N0512_R080_T28QCH_20260327T152639.SAFE,C:\Users\Simon\Nextcloud\Project\Mauritania\Science\Arguin - FieldWork Data Processing\Data\S2\S2B_MSIL2A_20260327T113319_N0512_R080_T28QCH_20260327T152639.SAFE,89,9875,4275,342755.0,2201285.0,0.2903,0.4167,0.48360000000000003,0.5713,0.5932000000000001,0.6071000000000001,0.6104,0.6597000000000001,0.6493,0.5630000000000001,0.6009,0.3709
2026-03-27,Arel,Sen2Cor,S2B_MSIL2A_20260327T113319_N0512_R080_T28QCH_20260327T152639.SAFE,C:\Users\Simon\Nextcloud\Project\Mauritania\Science\Arguin - FieldWork Data Processing\Data\S2\S2B_MSIL2A_20260327T113319_N0512_R080_T28QCH_20260327T152639.SAFE,90,9876,4251,342515.0,2201275.0,0.3163,0.4661,0.5361,0.627,0.6701,0.6623,0.6759000000000001,0.7007,0.6798000000000001,0.6754,0.6203000000000001,0.4345
2026-03-27,Arel,Sen2Cor,S2B_MSIL2A_20260327T113319_N0512_R080_T28QCH_20260327T152639.SAFE,C:\Users\Simon\Nextcloud\Project\Mauritania\Science\Arguin - FieldWork Data Processing\Data\S2\S2B_MSIL2A_20260327T113319_N0512_R080_T28QCH_20260327T152639.SAFE,91,9876,4252,342525.0,2201275.0,0.3381,0.46390000000000003,0.5439,0.6294000000000001,0.6657000000000001,0.6538,0.6693,0.6997,0.677,0.6754,0.6277,0.4449
2026-03-27,Arel,Sen2Cor,S2B_MSIL2A_20260327T113319_N0512_R080_T28QCH_20260327T152639.SAFE,C:\Users\Simon\Nextcloud\Project\Mauritania\Science\Arguin - FieldWork Data Processing\Data\S2\S2B_MSIL2A_20260327T113319_N0512_R080_T28QCH_20260327T152639.SAFE,92,9876,4253,342535.0,2201275.0,0.3381,0.4414,0.52,0.6099,0.6657000000000001,0.6538,0.6693,0.6821,0.677,0.6754,0.6277,0.4449
2026-03-27,Arel,Sen2Cor,S2B_MSIL2A_20260327T113319_N0512_R080_T28QCH_20260327T152639.SAFE,C:\Users\Simon\Nextcloud\Project\Mauritania\Science\Arguin - FieldWork Data Processing\Data\S2\S2B_MSIL2A_20260327T113319_N0512_R080_T28QCH_20260327T152639.SAFE,93,9876,4254,342545.0,2201275.0,0.3504,0.4302,0.5044000000000001,0.6016,0.6514,0.6481,0.6577000000000001,0.6733,0.6737000000000001,0.6835,0.6339,0.4455
2026-03-27,Arel,Sen2Cor,S2B_MSIL2A_20260327T113319_N0512_R080_T28QCH_20260327T152639.SAFE,C:\Users\Simon\Nextcloud\Project\Mauritania\Science\Arguin - FieldWork Data Processing\Data\S2\S2B_MSIL2A_20260327T113319_N0512_R080_T28QCH_20260327T152639.SAFE,94,9876,4255,342555.0,2201275.0,0.3504,0.4314,0.5122,0.604,0.6514,0.6481,0.6577000000000001,0.6782,0.6737000000000001,0.6835,0.6339,0.4455
2026-03-27,Arel,Sen2Cor,S2B_MSIL2A_20260327T113319_N0512_R080_T28QCH_20260327T152639.SAFE,C:\Users\Simon\Nextcloud\Project\Mauritania\Science\Arguin - FieldWork Data Processing\Data\S2\S2B_MSIL2A_20260327T113319_N0512_R080_T28QCH_20260327T152639.SAFE,95,9876,4256,342565.0,2201275.0,0.35800000000000004,0.4475,0.5161,0.6196,0.6637000000000001,0.6551,0.6734,0.6973,0.687,0.6835,0.6509,0.4677
2026-03-27,Arel,Sen2Cor,S2B_MSIL2A_20260327T113319_N0512_R080_T28QCH_20260327T152639.SAFE,C:\Users\Simon\Nextcloud\Project\Mauritania\Science\Arguin - FieldWork Data Processing\Data\S2\S2B_MSIL2A_20260327T113319_N0512_R080_T28QCH_20260327T152639.SAFE,96,9876,4257,342575.0,2201275.0,0.35800000000000004,0.43770000000000003,0.521,0.6191,0.6637000000000001,0.6551,0.6734,0.6968000000000001,0.687,0.6835,0.6509,0.4677
2026-03-27,Arel,Sen2Cor,S2B_MSIL2A_20260327T113319_N0512_R080_T28QCH_20260327T152639.SAFE,C:\Users\Simon\Nextcloud\Project\Mauritania\Science\Arguin - FieldWork Data Processing\Data\S2\S2B_MSIL2A_20260327T113319_N0512_R080_T28QCH_20260327T152639.SAFE,97,9876,4258,342585.0,2201275.0,0.3589,0.4312,0.5088,0.6069,0.6618,0.6523,0.6714,0.6914,0.6885,0.6835,0.6538,0.4703
2026-03-27,Arel,Sen2Cor,S2B_MSIL2A_20260327T113319_N0512_R080_T28QCH_20260327T152639.SAFE,C:\Users\Simon\Nextcloud\Project\Mauritania\Science\Arguin - FieldWork Data Processing\Data\S2\S2B_MSIL2A_20260327T113319_N0512_R080_T28QCH_20260327T152639.SAFE,98,9876,4259,342595.0,2201275.0,0.3589,0.42800000000000005,0.5054000000000001,0.6108,0.6618,0.6523,0.6714,0.6919000000000001,0.6885,0.6835,0.6538,0.4703
2026-03-27,Arel,Sen2Cor,S2B_MSIL2A_20260327T113319_N0512_R080_T28QCH_20260327T152639.SAFE,C:\Users\Simon\Nextcloud\Project\Mauritania\Science\Arguin - FieldWork Data Processing\Data\S2\S2B_MSIL2A_20260327T113319_N0512_R080_T28QCH_20260327T152639.SAFE,99,9876,4260,342605.0,2201275.0,0.3536,0.4189,0.498,0.5991000000000001,0.6499,0.6466000000000001,0.6598,0.6880000000000001,0.683,0.6697000000000001,0.6413,0.4511
2026-03-27,Arel,Sen2Cor,S2B_MSIL2A_20260327T113319_N0512_R080_T28QCH_20260327T152639.SAFE,C:\Users\Simon\Nextcloud\Project\Mauritania\Science\Arguin - FieldWork Data Processing\Data\S2\S2B_MSIL2A_20260327T113319_N0512_R080_T28QCH_20260327T152639.SAFE,100,9876,4261,342615.0,2201275.0,0.3536,0.42110000000000003,0.4937,0.6021000000000001,0.6499,0.6466000000000001,0.6598,0.6836,0.683,0.6697000000000001,0.6413,0.4511
2026-03-27,Arel,Sen2Cor,S2B_MSIL2A_20260327T113319_N0512_R080_T28QCH_20260327T152639.SAFE,C:\Users\Simon\Nextcloud\Project\Mauritania\Science\Arguin - FieldWork Data Processing\Data\S2\S2B_MSIL2A_20260327T113319_N0512_R080_T28QCH_20260327T152639.SAFE,101,9876,4262,342625.0,2201275.0,0.34850000000000003,0.4263,0.5039,0.6064,0.6445000000000001,0.6423,0.6583,0.6851,0.6801,0.6697000000000001,0.6341,0.4363
2026-03-27,Arel,Sen2Cor,S2B_MSIL2A_20260327T113319_N0512_R080_T28QCH_20260327T152639.SAFE,C:\Users\Simon\Nextcloud\Project\Mauritania\Science\Arguin - FieldWork Data Processing\Data\S2\S2B_MSIL2A_20260327T113319_N0512_R080_T28QCH_20260327T152639.SAFE,102,9876,4263,342635.0,2201275.0,0.34850000000000003,0.42460000000000003,0.5,0.6021000000000001,0.6445000000000001,0.6423,0.6583,0.6841,0.6801,0.6697000000000001,0.6341,0.4363
2026-03-27,Arel,Sen2Cor,S2B_MSIL2A_20260327T113319_N0512_R080_T28QCH_20260327T152639.SAFE,C:\Users\Simon\Nextcloud\Project\Mauritania\Science\Arguin - FieldWork Data Processing\Data\S2\S2B_MSIL2A_20260327T113319_N0512_R080_T28QCH_20260327T152639.SAFE,103,9876,4264,342645.0,2201275.0,0.3416,0.41550000000000004,0.48900000000000005,0.5825,0.6267,0.6254000000000001,0.642,0.6714,0.6684,0.6697000000000001,0.6259,0.42210000000000003
2026-03-27,Arel,Sen2Cor,S2B_MSIL2A_20260327T113319_N0512_R080_T28QCH_20260327T152639.SAFE,C:\Users\Simon\Nextcloud\Project\Mauritania\Science\Arguin - FieldWork Data Processing\Data\S2\S2B_MSIL2A_20260327T113319_N0512_R080_T28QCH_20260327T152639.SAFE,104,9876,4265,342655.0,2201275.0,0.3416,0.4092,0.4783,0.5752,0.6267,0.6254000000000001,0.642,0.6665,0.6684,0.6697000000000001,0.6259,0.42210000000000003
2026-03-27,Arel,Sen2Cor,S2B_MSIL2A_20260327T113319_N0512_R080_T28QCH_20260327T152639.SAFE,C:\Users\Simon\Nextcloud\Project\Mauritania\Science\Arguin - FieldWork Data Processing\Data\S2\S2B_MSIL2A_20260327T113319_N0512_R080_T28QCH_20260327T152639.SAFE,105,9876,4266,342665.0,2201275.0,0.3331,0.4082,0.4824,0.5762,0.6066,0.6067,0.6329,0.6665,0.6606000000000001,0.6411,0.6177,0.405
2026-03-27,Arel,Sen2Cor,S2B_MSIL2A_20260327T113319_N0512_R080_T28QCH_20260327T152639.SAFE,C:\Users\Simon\Nextcloud\Project\Mauritania\Science\Arguin - FieldWork Data Processing\Data\S2\S2B_MSIL2A_20260327T113319_N0512_R080_T28QCH_20260327T152639.SAFE,106,9876,4267,342675.0,2201275.0,0.3331,0.3992,0.4675,0.5635,0.6066,0.6067,0.6329,0.6597000000000001,0.6606000000000001,0.6411,0.6177,0.405
2026-03-27,Arel,Sen2Cor,S2B_MSIL2A_20260327T113319_N0512_R080_T28QCH_20260327T152639.SAFE,C:\Users\Simon\Nextcloud\Project\Mauritania\Science\Arguin - FieldWork Data Processing\Data\S2\S2B_MSIL2A_20260327T113319_N0512_R080_T28QCH_20260327T152639.SAFE,107,9876,4268,342685.0,2201275.0,0.3266,0.3901,0.4585,0.5562,0.5923,0.5992000000000001,0.6197,0.6582,0.6508,0.6411,0.6152000000000001,0.39330000000000004
2026-03-27,Arel,Sen2Cor,S2B_MSIL2A_20260327T113319_N0512_R080_T28QCH_20260327T152639.SAFE,C:\Users\Simon\Nextcloud\Project\Mauritania\Science\Arguin - FieldWork Data Processing\Data\S2\S2B_MSIL2A_20260327T113319_N0512_R080_T28QCH_20260327T152639.SAFE,108,9876,4269,342695.0,2201275.0,0.3266,0.38820000000000005,0.4561,0.5508000000000001,0.5923,0.5992000000000001,0.6197,0.6538,0.6508,0.6411,0.6152000000000001,0.39330000000000004
2026-03-27,Arel,Sen2Cor,S2B_MSIL2A_20260327T113319_N0512_R080_T28QCH_20260327T152639.SAFE,C:\Users\Simon\Nextcloud\Project\Mauritania\Science\Arguin - FieldWork Data Processing\Data\S2\S2B_MSIL2A_20260327T113319_N0512_R080_T28QCH_20260327T152639.SAFE,109,9876,4270,342705.0,2201275.0,0.3247,0.39330000000000004,0.45580000000000004,0.5493,0.5652,0.5707,0.6006,0.6523,0.637,0.6411,0.6015,0.3619
2026-03-27,Arel,Sen2Cor,S2B_MSIL2A_20260327T113319_N0512_R080_T28QCH_20260327T152639.SAFE,C:\Users\Simon\Nextcloud\Project\Mauritania\Science\Arguin - FieldWork Data Processing\Data\S2\S2B_MSIL2A_20260327T113319_N0512_R080_T28QCH_20260327T152639.SAFE,110,9876,4271,342715.0,2201275.0,0.3247,0.39480000000000004,0.45430000000000004,0.5381,0.5652,0.5707,0.6006,0.6426000000000001,0.637,0.6411,0.6015,0.3619
2026-03-27,Arel,Sen2Cor,S2B_MSIL2A_20260327T113319_N0512_R080_T28QCH_20260327T152639.SAFE,C:\Users\Simon\Nextcloud\Project\Mauritania\Science\Arguin - FieldWork Data Processing\Data\S2\S2B_MSIL2A_20260327T113319_N0512_R080_T28QCH_20260327T152639.SAFE,111,9876,4272,342725.0,2201275.0,0.3219,0.3547,0.4158,0.4939,0.5448000000000001,0.5425,0.5750000000000001,0.6099,0.6178,0.6444000000000001,0.5856,0.33280000000000004
2026-03-27,Arel,Sen2Cor,S2B_MSIL2A_20260327T113319_N0512_R080_T28QCH_20260327T152639.SAFE,C:\Users\Simon\Nextcloud\Project\Mauritania\Science\Arguin - FieldWork Data Processing\Data\S2\S2B_MSIL2A_20260327T113319_N0512_R080_T28QCH_20260327T152639.SAFE,112,9876,4273,342735.0,2201275.0,0.3219,0.34590000000000004,0.4233,0.4939,0.5448000000000001,0.5425,0.5750000000000001,0.6064,0.6178,0.6444000000000001,0.5856,0.33280000000000004
2026-03-27,Arel,Sen2Cor,S2B_MSIL2A_20260327T113319_N0512_R080_T28QCH_20260327T152639.SAFE,C:\Users\Simon\Nextcloud\Project\Mauritania\Science\Arguin - FieldWork Data Processing\Data\S2\S2B_MSIL2A_20260327T113319_N0512_R080_T28QCH_20260327T152639.SAFE,113,9876,4274,342745.0,2201275.0,0.3106,0.36110000000000003,0.4187,0.5103,0.5528000000000001,0.5599000000000001,0.5877,0.6211,0.6316,0.6444000000000001,0.5926,0.34990000000000004
2026-03-27,Arel,Sen2Cor,S2B_MSIL2A_20260327T113319_N0512_R080_T28QCH_20260327T152639.SAFE,C:\Users\Simon\Nextcloud\Project\Mauritania\Science\Arguin - FieldWork Data Processing\Data\S2\S2B_MSIL2A_20260327T113319_N0512_R080_T28QCH_20260327T152639.SAFE,114,9876,4275,342755.0,2201275.0,0.3106,0.3633,0.42600000000000005,0.5112,0.5528000000000001,0.5599000000000001,0.5877,0.6196,0.6316,0.6444000000000001,0.5926,0.34990000000000004
2026-03-27,Arel,Sen2Cor,S2B_MSIL2A_20260327T113319_N0512_R080_T28QCH_20260327T152639.SAFE,C:\Users\Simon\Nextcloud\Project\Mauritania\Science\Arguin - FieldWork Data Processing\Data\S2\S2B_MSIL2A_20260327T113319_N0512_R080_T28QCH_20260327T152639.SAFE,115,9877,4250,342505.0,2201265.0,0.3163,0.44380000000000003,0.5215000000000001,0.6201,0.6701,0.6623,0.6759000000000001,0.6987,0.6798000000000001,0.6754,0.6203000000000001,0.4345
2026-03-27,Arel,Sen2Cor,S2B_MSIL2A_20260327T113319_N0512_R080_T28QCH_20260327T152639.SAFE,C:\Users\Simon\Nextcloud\Project\Mauritania\Science\Arguin - FieldWork Data Processing\Data\S2\S2B_MSIL2A_20260327T113319_N0512_R080_T28QCH_20260327T152639.SAFE,116,9877,4251,342515.0,2201265.0,0.3163,0.4661,0.5444,0.6357,0.6701,0.6623,0.6759000000000001,0.7056,0.6798000000000001,0.6754,0.6203000000000001,0.4345
2026-03-27,Arel,Sen2Cor,S2B_MSIL2A_20260327T113319_N0512_R080_T28QCH_20260327T152639.SAFE,C:\Users\Simon\Nextcloud\Project\Mauritania\Science\Arguin - FieldWork Data Processing\Data\S2\S2B_MSIL2A_20260327T113319_N0512_R080_T28QCH_20260327T152639.SAFE,117,9877,4252,342525.0,2201265.0,0.3381,0.47050000000000003,0.5459,0.6333000000000001,0.6657000000000001,0.6538,0.6693,0.7061000000000001,0.677,0.6754,0.6277,0.4449
2026-03-27,Arel,Sen2Cor,S2B_MSIL2A_20260327T113319_N0512_R080_T28QCH_20260327T152639.SAFE,C:\Users\Simon\Nextcloud\Project\Mauritania\Science\Arguin - FieldWork Data Processing\Data\S2\S2B_MSIL2A_20260327T113319_N0512_R080_T28QCH_20260327T152639.SAFE,118,9877,4253,342535.0,2201265.0,0.3381,0.4355,0.5161,0.6099,0.6657000000000001,0.6538,0.6693,0.6895,0.677,0.6754,0.6277,0.4449
2026-03-27,Arel,Sen2Cor,S2B_MSIL2A_20260327T113319_N0512_R080_T28QCH_20260327T152639.SAFE,C:\Users\Simon\Nextcloud\Project\Mauritania\Science\Arguin - FieldWork Data Processing\Data\S2\S2B_MSIL2A_20260327T113319_N0512_R080_T28QCH_20260327T152639.SAFE,119,9877,4254,342545.0,2201265.0,0.3504,0.42900000000000005,0.5068,0.5996,0.6514,0.6481,0.6577000000000001,0.6816,0.6737000000000001,0.6835,0.6339,0.4455
2026-03-27,Arel,Sen2Cor,S2B_MSIL2A_20260327T113319_N0512_R080_T28QCH_20260327T152639.SAFE,C:\Users\Simon\Nextcloud\Project\Mauritania\Science\Arguin - FieldWork Data Processing\Data\S2\S2B_MSIL2A_20260327T113319_N0512_R080_T28QCH_20260327T152639.SAFE,120,9877,4255,342555.0,2201265.0,0.3504,0.42850000000000005,0.5078,0.604,0.6514,0.6481,0.6577000000000001,0.6816,0.6737000000000001,0.6835,0.6339,0.4455
2026-03-27,Arel,Sen2Cor,S2B_MSIL2A_20260327T113319_N0512_R080_T28QCH_20260327T152639.SAFE,C:\Users\Simon\Nextcloud\Project\Mauritania\Science\Arguin - FieldWork Data Processing\Data\S2\S2B_MSIL2A_20260327T113319_N0512_R080_T28QCH_20260327T152639.SAFE,121,9877,4256,342565.0,2201265.0,0.35800000000000004,0.43870000000000003,0.5088,0.6147,0.6637000000000001,0.6551,0.6734,0.6963,0.687,0.6835,0.6509,0.4677
2026-03-27,Arel,Sen2Cor,S2B_MSIL2A_20260327T113319_N0512_R080_T28QCH_20260327T152639.SAFE,C:\Users\Simon\Nextcloud\Project\Mauritania\Science\Arguin - FieldWork Data Processing\Data\S2\S2B_MSIL2A_20260327T113319_N0512_R080_T28QCH_20260327T152639.SAFE,122,9877,4257,342575.0,2201265.0,0.35800000000000004,0.4309,0.5059,0.6079,0.6637000000000001,0.6551,0.6734,0.6953,0.687,0.6835,0.6509,0.4677
2026-03-27,Arel,Sen2Cor,S2B_MSIL2A_20260327T113319_N0512_R080_T28QCH_20260327T152639.SAFE,C:\Users\Simon\Nextcloud\Project\Mauritania\Science\Arguin - FieldWork Data Processing\Data\S2\S2B_MSIL2A_20260327T113319_N0512_R080_T28QCH_20260327T152639.SAFE,123,9877,4258,342585.0,2201265.0,0.3589,0.43310000000000004,0.5112,0.6133000000000001,0.6618,0.6523,0.6714,0.6953,0.6885,0.6835,0.6538,0.4703
2026-03-27,Arel,Sen2Cor,S2B_MSIL2A_20260327T113319_N0512_R080_T28QCH_20260327T152639.SAFE,C:\Users\Simon\Nextcloud\Project\Mauritania\Science\Arguin - FieldWork Data Processing\Data\S2\S2B_MSIL2A_20260327T113319_N0512_R080_T28QCH_20260327T152639.SAFE,124,9877,4259,342595.0,2201265.0,0.3589,0.43310000000000004,0.5112,0.6147,0.6618,0.6523,0.6714,0.6948000000000001,0.6885,0.6835,0.6538,0.4703
2026-03-27,Arel,Sen2Cor,S2B_MSIL2A_20260327T113319_N0512_R080_T28QCH_20260327T152639.SAFE,C:\Users\Simon\Nextcloud\Project\Mauritania\Science\Arguin - FieldWork Data Processing\Data\S2\S2B_MSIL2A_20260327T113319_N0512_R080_T28QCH_20260327T152639.SAFE,125,9877,4260,342605.0,2201265.0,0.3536,0.4277,0.5,0.604,0.6499,0.6466000000000001,0.6598,0.6880000000000001,0.683,0.6697000000000001,0.6413,0.4511
2026-03-27,Arel,Sen2Cor,S2B_MSIL2A_20260327T113319_N0512_R080_T28QCH_20260327T152639.SAFE,C:\Users\Simon\Nextcloud\Project\Mauritania\Science\Arguin - FieldWork Data Processing\Data\S2\S2B_MSIL2A_20260327T113319_N0512_R080_T28QCH_20260327T152639.SAFE,126,9877,4261,342615.0,2201265.0,0.3536,0.42850000000000005,0.4998,0.5996,0.6499,0.6466000000000001,0.6598,0.6895,0.683,0.6697000000000001,0.6413,0.4511
2026-03-27,Arel,Sen2Cor,S2B_MSIL2A_20260327T113319_N0512_R080_T28QCH_20260327T152639.SAFE,C:\Users\Simon\Nextcloud\Project\Mauritania\Science\Arguin - FieldWork Data Processing\Data\S2\S2B_MSIL2A_20260327T113319_N0512_R080_T28QCH_20260327T152639.SAFE,127,9877,4262,342625.0,2201265.0,0.34850000000000003,0.4277,0.502,0.6001000000000001,0.6445000000000001,0.6423,0.6583,0.6890000000000001,0.6801,0.6697000000000001,0.6341,0.4363
2026-03-27,Arel,Sen2Cor,S2B_MSIL2A_20260327T113319_N0512_R080_T28QCH_20260327T152639.SAFE,C:\Users\Simon\Nextcloud\Project\Mauritania\Science\Arguin - FieldWork Data Processing\Data\S2\S2B_MSIL2A_20260327T113319_N0512_R080_T28QCH_20260327T152639.SAFE,128,9877,4263,342635.0,2201265.0,0.34850000000000003,0.42210000000000003,0.4937,0.5967,0.6445000000000001,0.6423,0.6583,0.6797000000000001,0.6801,0.6697000000000001,0.6341,0.4363
2026-03-27,Arel,Sen2Cor,S2B_MSIL2A_20260327T113319_N0512_R080_T28QCH_20260327T152639.SAFE,C:\Users\Simon\Nextcloud\Project\Mauritania\Science\Arguin - FieldWork Data Processing\Data\S2\S2B_MSIL2A_20260327T113319_N0512_R080_T28QCH_20260327T152639.SAFE,129,9877,4264,342645.0,2201265.0,0.3416,0.41550000000000004,0.4849,0.5854,0.6267,0.6254000000000001,0.642,0.6772,0.6684,0.6697000000000001,0.6259,0.42210000000000003
2026-03-27,Arel,Sen2Cor,S2B_MSIL2A_20260327T113319_N0512_R080_T28QCH_20260327T152639.SAFE,C:\Users\Simon\Nextcloud\Project\Mauritania\Science\Arguin - FieldWork Data Processing\Data\S2\S2B_MSIL2A_20260327T113319_N0512_R080_T28QCH_20260327T152639.SAFE,130,9877,4265,342655.0,2201265.0,0.3416,0.40650000000000003,0.4792,0.5728,0.6267,0.6254000000000001,0.642,0.6709,0.6684,0.6697000000000001,0.6259,0.42210000000000003
2026-03-27,Arel,Sen2Cor,S2B_MSIL2A_20260327T113319_N0512_R080_T28QCH_20260327T152639.SAFE,C:\Users\Simon\Nextcloud\Project\Mauritania\Science\Arguin - FieldWork Data Processing\Data\S2\S2B_MSIL2A_20260327T113319_N0512_R080_T28QCH_20260327T152639.SAFE,131,9877,4266,342665.0,2201265.0,0.3331,0.40230000000000005,0.47390000000000004,0.5693,0.6066,0.6067,0.6329,0.6689,0.6606000000000001,0.6411,0.6177,0.405
2026-03-27,Arel,Sen2Cor,S2B_MSIL2A_20260327T113319_N0512_R080_T28QCH_20260327T152639.SAFE,C:\Users\Simon\Nextcloud\Project\Mauritania\Science\Arguin - FieldWork Data Processing\Data\S2\S2B_MSIL2A_20260327T113319_N0512_R080_T28QCH_20260327T152639.SAFE,132,9877,4267,342675.0,2201265.0,0.3331,0.3962,0.4602,0.5562,0.6066,0.6067,0.6329,0.6558,0.6606000000000001,0.6411,0.6177,0.405
2026-03-27,Arel,Sen2Cor,S2B_MSIL2A_20260327T113319_N0512_R080_T28QCH_20260327T152639.SAFE,C:\Users\Simon\Nextcloud\Project\Mauritania\Science\Arguin - FieldWork Data Processing\Data\S2\S2B_MSIL2A_20260327T113319_N0512_R080_T28QCH_20260327T152639.SAFE,133,9877,4268,342685.0,2201265.0,0.3266,0.38820000000000005,0.4551,0.5479,0.5923,0.5992000000000001,0.6197,0.6553,0.6508,0.6411,0.6152000000000001,0.39330000000000004
2026-03-27,Arel,Sen2Cor,S2B_MSIL2A_20260327T113319_N0512_R080_T28QCH_20260327T152639.SAFE,C:\Users\Simon\Nextcloud\Project\Mauritania\Science\Arguin - FieldWork Data Processing\Data\S2\S2B_MSIL2A_20260327T113319_N0512_R080_T28QCH_20260327T152639.SAFE,134,9877,4269,342695.0,2201265.0,0.3266,0.3804,0.447,0.5371,0.5923,0.5992000000000001,0.6197,0.6484,0.6508,0.6411,0.6152000000000001,0.39330000000000004
2026-03-27,Arel,Sen2Cor,S2B_MSIL2A_20260327T113319_N0512_R080_T28QCH_20260327T152639.SAFE,C:\Users\Simon\Nextcloud\Project\Mauritania\Science\Arguin - FieldWork Data Processing\Data\S2\S2B_MSIL2A_20260327T113319_N0512_R080_T28QCH_20260327T152639.SAFE,135,9877,4270,342705.0,2201265.0,0.3247,0.3801,0.44580000000000003,0.5366000000000001,0.5652,0.5707,0.6006,0.6445000000000001,0.637,0.6411,0.6015,0.3619
2026-03-27,Arel,Sen2Cor,S2B_MSIL2A_20260327T113319_N0512_R080_T28QCH_20260327T152639.SAFE,C:\Users\Simon\Nextcloud\Project\Mauritania\Science\Arguin - FieldWork Data Processing\Data\S2\S2B_MSIL2A_20260327T113319_N0512_R080_T28QCH_20260327T152639.SAFE,136,9877,4271,342715.0,2201265.0,0.3247,0.36160000000000003,0.4294,0.5083,0.5652,0.5707,0.6006,0.6216,0.637,0.6411,0.6015,0.3619
2026-03-27,Arel,Sen2Cor,S2B_MSIL2A_20260327T113319_N0512_R080_T28QCH_20260327T152639.SAFE,C:\Users\Simon\Nextcloud\Project\Mauritania\Science\Arguin - FieldWork Data Processing\Data\S2\S2B_MSIL2A_20260327T113319_N0512_R080_T28QCH_20260327T152639.SAFE,137,9877,4272,342725.0,2201265.0,0.3219,0.3376,0.40750000000000003,0.4883,0.5448000000000001,0.5425,0.5750000000000001,0.606,0.6178,0.6444000000000001,0.5856,0.33280000000000004
2026-03-27,Arel,Sen2Cor,S2B_MSIL2A_20260327T113319_N0512_R080_T28QCH_20260327T152639.SAFE,C:\Users\Simon\Nextcloud\Project\Mauritania\Science\Arguin - FieldWork Data Processing\Data\S2\S2B_MSIL2A_20260327T113319_N0512_R080_T28QCH_20260327T152639.SAFE,138,9877,4273,342735.0,2201265.0,0.3219,0.34840000000000004,0.40940000000000004,0.4922,0.5448000000000001,0.5425,0.5750000000000001,0.6118,0.6178,0.6444000000000001,0.5856,0.33280000000000004
2026-03-27,Arel,Sen2Cor,S2B_MSIL2A_20260327T113319_N0512_R080_T28QCH_20260327T152639.SAFE,C:\Users\Simon\Nextcloud\Project\Mauritania\Science\Arguin - FieldWork Data Processing\Data\S2\S2B_MSIL2A_20260327T113319_N0512_R080_T28QCH_20260327T152639.SAFE,139,9877,4274,342745.0,2201265.0,0.3106,0.36060000000000003,0.4182,0.5073,0.5528000000000001,0.5599000000000001,0.5877,0.6206,0.6316,0.6444000000000001,0.5926,0.34990000000000004
2026-03-27,Arel,Sen2Cor,S2B_MSIL2A_20260327T113319_N0512_R080_T28QCH_20260327T152639.SAFE,C:\Users\Simon\Nextcloud\Project\Mauritania\Science\Arguin - FieldWork Data Processing\Data\S2\S2B_MSIL2A_20260327T113319_N0512_R080_T28QCH_20260327T152639.SAFE,140,9877,4275,342755.0,2201265.0,0.3106,0.3645,0.4224,0.5068,0.5528000000000001,0.5599000000000001,0.5877,0.6216,0.6316,0.6444000000000001,0.5926,0.34990000000000004
2026-03-27,Arel,Sen2Cor,S2B_MSIL2A_20260327T113319_N0512_R080_T28QCH_20260327T152639.SAFE,C:\Users\Simon\Nextcloud\Project\Mauritania\Science\Arguin - FieldWork Data Processing\Data\S2\S2B_MSIL2A_20260327T113319_N0512_R080_T28QCH_20260327T152639.SAFE,141,9877,4276,342765.0,2201265.0,0.28290000000000004,0.39280000000000004,0.4597,0.5449,0.6171,0.6086,0.6453,0.6475000000000001,0.6628000000000001,0.6444000000000001,0.6181,0.40090000000000003
2026-03-27,Arel,Sen2Cor,S2B_MSIL2A_20260327T113319_N0512_R080_T28QCH_20260327T152639.SAFE,C:\Users\Simon\Nextcloud\Project\Mauritania\Science\Arguin - FieldWork Data Processing\Data\S2\S2B_MSIL2A_20260327T113319_N0512_R080_T28QCH_20260327T152639.SAFE,142,9878,4248,342485.0,2201255.0,0.3184,0.4451,0.52,0.6201,0.6669,0.6597000000000001,0.673,0.6919000000000001,0.6757000000000001,0.6754,0.6168,0.43460000000000004
2026-03-27,Arel,Sen2Cor,S2B_MSIL2A_20260327T113319_N0512_R080_T28QCH_20260327T152639.SAFE,C:\Users\Simon\Nextcloud\Project\Mauritania\Science\Arguin - FieldWork Data Processing\Data\S2\S2B_MSIL2A_20260327T113319_N0512_R080_T28QCH_20260327T152639.SAFE,143,9878,4249,342495.0,2201255.0,0.3184,0.44630000000000003,0.5181,0.6221,0.6669,0.6597000000000001,0.673,0.6987,0.6757000000000001,0.6754,0.6168,0.43460000000000004
2026-03-27,Arel,Sen2Cor,S2B_MSIL2A_20260327T113319_N0512_R080_T28QCH_20260327T152639.SAFE,C:\Users\Simon\Nextcloud\Project\Mauritania\Science\Arguin - FieldWork Data Processing\Data\S2\S2B_MSIL2A_20260327T113319_N0512_R080_T28QCH_20260327T152639.SAFE,144,9878,4250,342505.0,2201255.0,0.3501,0.4534,0.5293,0.6274000000000001,0.6736000000000001,0.6671,0.6782,0.6997,0.6884,0.6754,0.6279,0.441
2026-03-27,Arel,Sen2Cor,S2B_MSIL2A_20260327T113319_N0512_R080_T28QCH_20260327T152639.SAFE,C:\Users\Simon\Nextcloud\Project\Mauritania\Science\Arguin - FieldWork Data Processing\Data\S2\S2B_MSIL2A_20260327T113319_N0512_R080_T28QCH_20260327T152639.SAFE,145,9878,4251,342515.0,2201255.0,0.3501,0.4731,0.5518000000000001,0.6416000000000001,0.6736000000000001,0.6671,0.6782,0.7070000000000001,0.6884,0.6754,0.6279,0.441
2026-03-27,Arel,Sen2Cor,S2B_MSIL2A_20260327T113319_N0512_R080_T28QCH_20260327T152639.SAFE,C:\Users\Simon\Nextcloud\Project\Mauritania\Science\Arguin - FieldWork Data Processing\Data\S2\S2B_MSIL2A_20260327T113319_N0512_R080_T28QCH_20260327T152639.SAFE,146,9878,4252,342525.0,2201255.0,0.3647,0.4592,0.5342,0.623,0.6525000000000001,0.647,0.6649,0.6924,0.6764,0.6754,0.6289,0.44220000000000004
2026-03-27,Arel,Sen2Cor,S2B_MSIL2A_20260327T113319_N0512_R080_T28QCH_20260327T152639.SAFE,C:\Users\Simon\Nextcloud\Project\Mauritania\Science\Arguin - FieldWork Data Processing\Data\S2\S2B_MSIL2A_20260327T113319_N0512_R080_T28QCH_20260327T152639.SAFE,147,9878,4253,342535.0,2201255.0,0.3647,0.4355,0.5127,0.6069,0.6525000000000001,0.647,0.6649,0.6836,0.6764,0.6754,0.6289,0.44220000000000004
2026-03-27,Arel,Sen2Cor,S2B_MSIL2A_20260327T113319_N0512_R080_T28QCH_20260327T152639.SAFE,C:\Users\Simon\Nextcloud\Project\Mauritania\Science\Arguin - FieldWork Data Processing\Data\S2\S2B_MSIL2A_20260327T113319_N0512_R080_T28QCH_20260327T152639.SAFE,148,9878,4254,342545.0,2201255.0,0.36960000000000004,0.43770000000000003,0.5112,0.6099,0.6513,0.647,0.6607000000000001,0.6899000000000001,0.682,0.6835,0.6379,0.4525
2026-03-27,Arel,Sen2Cor,S2B_MSIL2A_20260327T113319_N0512_R080_T28QCH_20260327T152639.SAFE,C:\Users\Simon\Nextcloud\Project\Mauritania\Science\Arguin - FieldWork Data Processing\Data\S2\S2B_MSIL2A_20260327T113319_N0512_R080_T28QCH_20260327T152639.SAFE,149,9878,4255,342555.0,2201255.0,0.36960000000000004,0.4302,0.5029,0.6094,0.6513,0.647,0.6607000000000001,0.6904,0.682,0.6835,0.6379,0.4525
2026-03-27,Arel,Sen2Cor,S2B_MSIL2A_20260327T113319_N0512_R080_T28QCH_20260327T152639.SAFE,C:\Users\Simon\Nextcloud\Project\Mauritania\Science\Arguin - FieldWork Data Processing\Data\S2\S2B_MSIL2A_20260327T113319_N0512_R080_T28QCH_20260327T152639.SAFE,150,9878,4256,342565.0,2201255.0,0.3703,0.42500000000000004,0.5044000000000001,0.605,0.6536000000000001,0.65,0.6674,0.6904,0.6862,0.6835,0.6452,0.4627
2026-03-27,Arel,Sen2Cor,S2B_MSIL2A_20260327T113319_N0512_R080_T28QCH_20260327T152639.SAFE,C:\Users\Simon\Nextcloud\Project\Mauritania\Science\Arguin - FieldWork Data Processing\Data\S2\S2B_MSIL2A_20260327T113319_N0512_R080_T28QCH_20260327T152639.SAFE,151,9878,4257,342575.0,2201255.0,0.3703,0.4219,0.5005000000000001,0.6035,0.6536000000000001,0.65,0.6674,0.6875,0.6862,0.6835,0.6452,0.4627
2026-03-27,Arel,Sen2Cor,S2B_MSIL2A_20260327T113319_N0512_R080_T28QCH_20260327T152639.SAFE,C:\Users\Simon\Nextcloud\Project\Mauritania\Science\Arguin - FieldWork Data Processing\Data\S2\S2B_MSIL2A_20260327T113319_N0512_R080_T28QCH_20260327T152639.SAFE,152,9878,4258,342585.0,2201255.0,0.3669,0.4287,0.5063,0.6108,0.658,0.6522,0.671,0.6909000000000001,0.6882,0.6835,0.6499,0.46
2026-03-27,Arel,Sen2Cor,S2B_MSIL2A_20260327T113319_N0512_R080_T28QCH_20260327T152639.SAFE,C:\Users\Simon\Nextcloud\Project\Mauritania\Science\Arguin - FieldWork Data Processing\Data\S2\S2B_MSIL2A_20260327T113319_N0512_R080_T28QCH_20260327T152639.SAFE,153,9878,4259,342595.0,2201255.0,0.3669,0.4294,0.5103,0.6118,0.658,0.6522,0.671,0.6953,0.6882,0.6835,0.6499,0.46
2026-03-27,Arel,Sen2Cor,S2B_MSIL2A_20260327T113319_N0512_R080_T28QCH_20260327T152639.SAFE,C:\Users\Simon\Nextcloud\Project\Mauritania\Science\Arguin - FieldWork Data Processing\Data\S2\S2B_MSIL2A_20260327T113319_N0512_R080_T28QCH_20260327T152639.SAFE,154,9878,4260,342605.0,2201255.0,0.35660000000000003,0.4329,0.5063,0.6045,0.6455000000000001,0.6462,0.6623,0.6890000000000001,0.6856,0.6697000000000001,0.64,0.4441
2026-03-27,Arel,Sen2Cor,S2B_MSIL2A_20260327T113319_N0512_R080_T28QCH_20260327T152639.SAFE,C:\Users\Simon\Nextcloud\Project\Mauritania\Science\Arguin - FieldWork Data Processing\Data\S2\S2B_MSIL2A_20260327T113319_N0512_R080_T28QCH_20260327T152639.SAFE,155,9878,4261,342615.0,2201255.0,0.35660000000000003,0.42900000000000005,0.5093,0.6016,0.6455000000000001,0.6462,0.6623,0.6899000000000001,0.6856,0.6697000000000001,0.64,0.4441
2026-03-27,Arel,Sen2Cor,S2B_MSIL2A_20260327T113319_N0512_R080_T28QCH_20260327T152639.SAFE,C:\Users\Simon\Nextcloud\Project\Mauritania\Science\Arguin - FieldWork Data Processing\Data\S2\S2B_MSIL2A_20260327T113319_N0512_R080_T28QCH_20260327T152639.SAFE,156,9878,4262,342625.0,2201255.0,0.3467,0.42750000000000005,0.5093,0.6021000000000001,0.6449,0.6395000000000001,0.6587000000000001,0.6875,0.6799000000000001,0.6697000000000001,0.6312,0.43060000000000004
2026-03-27,Arel,Sen2Cor,S2B_MSIL2A_20260327T113319_N0512_R080_T28QCH_20260327T152639.SAFE,C:\Users\Simon\Nextcloud\Project\Mauritania\Science\Arguin - FieldWork Data Processing\Data\S2\S2B_MSIL2A_20260327T113319_N0512_R080_T28QCH_20260327T152639.SAFE,157,9878,4263,342635.0,2201255.0,0.3467,0.42900000000000005,0.5015000000000001,0.5996,0.6449,0.6395000000000001,0.6587000000000001,0.6880000000000001,0.6799000000000001,0.6697000000000001,0.6312,0.43060000000000004
2026-03-27,Arel,Sen2Cor,S2B_MSIL2A_20260327T113319_N0512_R080_T28QCH_20260327T152639.SAFE,C:\Users\Simon\Nextcloud\Project\Mauritania\Science\Arguin - FieldWork Data Processing\Data\S2\S2B_MSIL2A_20260327T113319_N0512_R080_T28QCH_20260327T152639.SAFE,158,9878,4264,342645.0,2201255.0,0.33580000000000004,0.4131,0.48750000000000004,0.5874,0.6197,0.6199,0.6388,0.6787000000000001,0.6661,0.6697000000000001,0.6241,0.4157
2026-03-27,Arel,Sen2Cor,S2B_MSIL2A_20260327T113319_N0512_R080_T28QCH_20260327T152639.SAFE,C:\Users\Simon\Nextcloud\Project\Mauritania\Science\Arguin - FieldWork Data Processing\Data\S2\S2B_MSIL2A_20260327T113319_N0512_R080_T28QCH_20260327T152639.SAFE,159,9878,4265,342655.0,2201255.0,0.33580000000000004,0.4048,0.4771,0.5742,0.6197,0.6199,0.6388,0.6743,0.6661,0.6697000000000001,0.6241,0.4157
2026-03-27,Arel,Sen2Cor,S2B_MSIL2A_20260327T113319_N0512_R080_T28QCH_20260327T152639.SAFE,C:\Users\Simon\Nextcloud\Project\Mauritania\Science\Arguin - FieldWork Data Processing\Data\S2\S2B_MSIL2A_20260327T113319_N0512_R080_T28QCH_20260327T152639.SAFE,160,9878,4266,342665.0,2201255.0,0.324,0.4058,0.47140000000000004,0.5679000000000001,0.6061000000000001,0.6078,0.6297,0.6626000000000001,0.6594,0.6411,0.6162000000000001,0.39730000000000004
2026-03-27,Arel,Sen2Cor,S2B_MSIL2A_20260327T113319_N0512_R080_T28QCH_20260327T152639.SAFE,C:\Users\Simon\Nextcloud\Project\Mauritania\Science\Arguin - FieldWork Data Processing\Data\S2\S2B_MSIL2A_20260327T113319_N0512_R080_T28QCH_20260327T152639.SAFE,161,9878,4267,342675.0,2201255.0,0.324,0.40840000000000004,0.4702,0.562,0.6061000000000001,0.6078,0.6297,0.6602,0.6594,0.6411,0.6162000000000001,0.39730000000000004
2026-03-27,Arel,Sen2Cor,S2B_MSIL2A_20260327T113319_N0512_R080_T28QCH_20260327T152639.SAFE,C:\Users\Simon\Nextcloud\Project\Mauritania\Science\Arguin - FieldWork Data Processing\Data\S2\S2B_MSIL2A_20260327T113319_N0512_R080_T28QCH_20260327T152639.SAFE,162,9878,4268,342685.0,2201255.0,0.3154,0.3965,0.4595,0.5566,0.5873,0.5874,0.6126,0.6577000000000001,0.646,0.6411,0.6067,0.37470000000000003
2026-03-27,Arel,Sen2Cor,S2B_MSIL2A_20260327T113319_N0512_R080_T28QCH_20260327T152639.SAFE,C:\Users\Simon\Nextcloud\Project\Mauritania\Science\Arguin - FieldWork Data Processing\Data\S2\S2B_MSIL2A_20260327T113319_N0512_R080_T28QCH_20260327T152639.SAFE,163,9878,4269,342695.0,2201255.0,0.3154,0.38380000000000003,0.44920000000000004,0.5361,0.5873,0.5874,0.6126,0.6436000000000001,0.646,0.6411,0.6067,0.37470000000000003
2026-03-27,Arel,Sen2Cor,S2B_MSIL2A_20260327T113319_N0512_R080_T28QCH_20260327T152639.SAFE,C:\Users\Simon\Nextcloud\Project\Mauritania\Science\Arguin - FieldWork Data Processing\Data\S2\S2B_MSIL2A_20260327T113319_N0512_R080_T28QCH_20260327T152639.SAFE,164,9878,4270,342705.0,2201255.0,0.3189,0.373,0.4414,0.5303,0.5469,0.5498000000000001,0.5798,0.6338,0.6273000000000001,0.6411,0.5936,0.3452
2026-03-27,Arel,Sen2Cor,S2B_MSIL2A_20260327T113319_N0512_R080_T28QCH_20260327T152639.SAFE,C:\Users\Simon\Nextcloud\Project\Mauritania\Science\Arguin - FieldWork Data Processing\Data\S2\S2B_MSIL2A_20260327T113319_N0512_R080_T28QCH_20260327T152639.SAFE,165,9878,4271,342715.0,2201255.0,0.3189,0.34590000000000004,0.41140000000000004,0.4878,0.5469,0.5498000000000001,0.5798,0.6069,0.6273000000000001,0.6411,0.5936,0.3452
2026-03-27,Arel,Sen2Cor,S2B_MSIL2A_20260327T113319_N0512_R080_T28QCH_20260327T152639.SAFE,C:\Users\Simon\Nextcloud\Project\Mauritania\Science\Arguin - FieldWork Data Processing\Data\S2\S2B_MSIL2A_20260327T113319_N0512_R080_T28QCH_20260327T152639.SAFE,166,9878,4272,342725.0,2201255.0,0.3255,0.3428,0.4087,0.5,0.5546,0.5565,0.5797,0.6113000000000001,0.6205,0.6444000000000001,0.5936,0.3561
2026-03-27,Arel,Sen2Cor,S2B_MSIL2A_20260327T113319_N0512_R080_T28QCH_20260327T152639.SAFE,C:\Users\Simon\Nextcloud\Project\Mauritania\Science\Arguin - FieldWork Data Processing\Data\S2\S2B_MSIL2A_20260327T113319_N0512_R080_T28QCH_20260327T152639.SAFE,167,9878,4273,342735.0,2201255.0,0.3255,0.3655,0.42410000000000003,0.5151,0.5546,0.5565,0.5797,0.625,0.6205,0.6444000000000001,0.5936,0.3561
2026-03-27,Arel,Sen2Cor,S2B_MSIL2A_20260327T113319_N0512_R080_T28QCH_20260327T152639.SAFE,C:\Users\Simon\Nextcloud\Project\Mauritania\Science\Arguin - FieldWork Data Processing\Data\S2\S2B_MSIL2A_20260327T113319_N0512_R080_T28QCH_20260327T152639.SAFE,168,9878,4274,342745.0,2201255.0,0.32280000000000003,0.3662,0.4365,0.5225000000000001,0.5706,0.5763,0.5986,0.627,0.6392,0.6444000000000001,0.6067,0.3879
2026-03-27,Arel,Sen2Cor,S2B_MSIL2A_20260327T113319_N0512_R080_T28QCH_20260327T152639.SAFE,C:\Users\Simon\Nextcloud\Project\Mauritania\Science\Arguin - FieldWork Data Processing\Data\S2\S2B_MSIL2A_20260327T113319_N0512_R080_T28QCH_20260327T152639.SAFE,169,9878,4275,342755.0,2201255.0,0.32280000000000003,0.3704,0.4277,0.5171,0.5706,0.5763,0.5986,0.6343,0.6392,0.6444000000000001,0.6067,0.3879
2026-03-27,Arel,Sen2Cor,S2B_MSIL2A_20260327T113319_N0512_R080_T28QCH_20260327T152639.SAFE,C:\Users\Simon\Nextcloud\Project\Mauritania\Science\Arguin - FieldWork Data Processing\Data\S2\S2B_MSIL2A_20260327T113319_N0512_R080_T28QCH_20260327T152639.SAFE,170,9878,4276,342765.0,2201255.0,0.302,0.39530000000000004,0.45580000000000004,0.5483,0.6013000000000001,0.5989,0.6234000000000001,0.6494,0.6542,0.6444000000000001,0.6132000000000001,0.3955
2026-03-27,Arel,Sen2Cor,S2B_MSIL2A_20260327T113319_N0512_R080_T28QCH_20260327T152639.SAFE,C:\Users\Simon\Nextcloud\Project\Mauritania\Science\Arguin - FieldWork Data Processing\Data\S2\S2B_MSIL2A_20260327T113319_N0512_R080_T28QCH_20260327T152639.SAFE,171,9878,4277,342775.0,2201255.0,0.302,0.4131,0.47290000000000004,0.5703,0.6013000000000001,0.5989,0.6234000000000001,0.6689,0.6542,0.6444000000000001,0.6132000000000001,0.3955
2026-03-27,Arel,Sen2Cor,S2B_MSIL2A_20260327T113319_N0512_R080_T28QCH_20260327T152639.SAFE,C:\Users\Simon\Nextcloud\Project\Mauritania\Science\Arguin - FieldWork Data Processing\Data\S2\S2B_MSIL2A_20260327T113319_N0512_R080_T28QCH_20260327T152639.SAFE,172,9879,4247,342475.0,2201245.0,0.2741,0.44580000000000003,0.5117,0.6108,0.6094,0.6041000000000001,0.6194000000000001,0.6758000000000001,0.6273000000000001,0.46950000000000003,0.5701,0.4047
2026-03-27,Arel,Sen2Cor,S2B_MSIL2A_20260327T113319_N0512_R080_T28QCH_20260327T152639.SAFE,C:\Users\Simon\Nextcloud\Project\Mauritania\Science\Arguin - FieldWork Data Processing\Data\S2\S2B_MSIL2A_20260327T113319_N0512_R080_T28QCH_20260327T152639.SAFE,173,9879,4248,342485.0,2201245.0,0.3184,0.4409,0.5181,0.6138,0.6669,0.6597000000000001,0.673,0.6953,0.6757000000000001,0.6754,0.6168,0.43460000000000004
2026-03-27,Arel,Sen2Cor,S2B_MSIL2A_20260327T113319_N0512_R080_T28QCH_20260327T152639.SAFE,C:\Users\Simon\Nextcloud\Project\Mauritania\Science\Arguin - FieldWork Data Processing\Data\S2\S2B_MSIL2A_20260327T113319_N0512_R080_T28QCH_20260327T152639.SAFE,174,9879,4249,342495.0,2201245.0,0.3184,0.4429,0.5254,0.6226,0.6669,0.6597000000000001,0.673,0.6963,0.6757000000000001,0.6754,0.6168,0.43460000000000004
2026-03-27,Arel,Sen2Cor,S2B_MSIL2A_20260327T113319_N0512_R080_T28QCH_20260327T152639.SAFE,C:\Users\Simon\Nextcloud\Project\Mauritania\Science\Arguin - FieldWork Data Processing\Data\S2\S2B_MSIL2A_20260327T113319_N0512_R080_T28QCH_20260327T152639.SAFE,175,9879,4250,342505.0,2201245.0,0.3501,0.46530000000000005,0.5444,0.6396000000000001,0.6736000000000001,0.6671,0.6782,0.7046,0.6884,0.6754,0.6279,0.441
2026-03-27,Arel,Sen2Cor,S2B_MSIL2A_20260327T113319_N0512_R080_T28QCH_20260327T152639.SAFE,C:\Users\Simon\Nextcloud\Project\Mauritania\Science\Arguin - FieldWork Data Processing\Data\S2\S2B_MSIL2A_20260327T113319_N0512_R080_T28QCH_20260327T152639.SAFE,176,9879,4251,342515.0,2201245.0,0.3501,0.4587,0.5381,0.6284000000000001,0.6736000000000001,0.6671,0.6782,0.7002,0.6884,0.6754,0.6279,0.441
2026-03-27,Arel,Sen2Cor,S2B_MSIL2A_20260327T113319_N0512_R080_T28QCH_20260327T152639.SAFE,C:\Users\Simon\Nextcloud\Project\Mauritania\Science\Arguin - FieldWork Data Processing\Data\S2\S2B_MSIL2A_20260327T113319_N0512_R080_T28QCH_20260327T152639.SAFE,177,9879,4252,342525.0,2201245.0,0.3647,0.4375,0.5171,0.6108,0.6525000000000001,0.647,0.6649,0.686,0.6764,0.6754,0.6289,0.44220000000000004
2026-03-27,Arel,Sen2Cor,S2B_MSIL2A_20260327T113319_N0512_R080_T28QCH_20260327T152639.SAFE,C:\Users\Simon\Nextcloud\Project\Mauritania\Science\Arguin - FieldWork Data Processing\Data\S2\S2B_MSIL2A_20260327T113319_N0512_R080_T28QCH_20260327T152639.SAFE,178,9879,4253,342535.0,2201245.0,0.3647,0.43410000000000004,0.5146000000000001,0.605,0.6525000000000001,0.647,0.6649,0.6797000000000001,0.6764,0.6754,0.6289,0.44220000000000004
2026-03-27,Arel,Sen2Cor,S2B_MSIL2A_20260327T113319_N0512_R080_T28QCH_20260327T152639.SAFE,C:\Users\Simon\Nextcloud\Project\Mauritania\Science\Arguin - FieldWork Data Processing\Data\S2\S2B_MSIL2A_20260327T113319_N0512_R080_T28QCH_20260327T152639.SAFE,179,9879,4254,342545.0,2201245.0,0.36960000000000004,0.4299,0.5073,0.6055,0.6513,0.647,0.6607000000000001,0.6880000000000001,0.682,0.6835,0.6379,0.4525
2026-03-27,Arel,Sen2Cor,S2B_MSIL2A_20260327T113319_N0512_R080_T28QCH_20260327T152639.SAFE,C:\Users\Simon\Nextcloud\Project\Mauritania\Science\Arguin - FieldWork Data Processing\Data\S2\S2B_MSIL2A_20260327T113319_N0512_R080_T28QCH_20260327T152639.SAFE,180,9879,4255,342555.0,2201245.0,0.36960000000000004,0.42460000000000003,0.5024000000000001,0.6069,0.6513,0.647,0.6607000000000001,0.6934,0.682,0.6835,0.6379,0.4525
2026-03-27,Arel,Sen2Cor,S2B_MSIL2A_20260327T113319_N0512_R080_T28QCH_20260327T152639.SAFE,C:\Users\Simon\Nextcloud\Project\Mauritania\Science\Arguin - FieldWork Data Processing\Data\S2\S2B_MSIL2A_20260327T113319_N0512_R080_T28QCH_20260327T152639.SAFE,181,9879,4256,342565.0,2201245.0,0.3703,0.42160000000000003,0.5005000000000001,0.605,0.6536000000000001,0.65,0.6674,0.6885,0.6862,0.6835,0.6452,0.4627
2026-03-27,Arel,Sen2Cor,S2B_MSIL2A_20260327T113319_N0512_R080_T28QCH_20260327T152639.SAFE,C:\Users\Simon\Nextcloud\Project\Mauritania\Science\Arguin - FieldWork Data Processing\Data\S2\S2B_MSIL2A_20260327T113319_N0512_R080_T28QCH_20260327T152639.SAFE,182,9879,4257,342575.0,2201245.0,0.3703,0.42650000000000005,0.5039,0.6079,0.6536000000000001,0.65,0.6674,0.6909000000000001,0.6862,0.6835,0.6452,0.4627
2026-03-27,Arel,Sen2Cor,S2B_MSIL2A_20260327T113319_N0512_R080_T28QCH_20260327T152639.SAFE,C:\Users\Simon\Nextcloud\Project\Mauritania\Science\Arguin - FieldWork Data Processing\Data\S2\S2B_MSIL2A_20260327T113319_N0512_R080_T28QCH_20260327T152639.SAFE,183,9879,4258,342585.0,2201245.0,0.3669,0.42900000000000005,0.5044000000000001,0.6099,0.658,0.6522,0.671,0.6924,0.6882,0.6835,0.6499,0.46
2026-03-27,Arel,Sen2Cor,S2B_MSIL2A_20260327T113319_N0512_R080_T28QCH_20260327T152639.SAFE,C:\Users\Simon\Nextcloud\Project\Mauritania\Science\Arguin - FieldWork Data Processing\Data\S2\S2B_MSIL2A_20260327T113319_N0512_R080_T28QCH_20260327T152639.SAFE,184,9879,4259,342595.0,2201245.0,0.3669,0.42750000000000005,0.5073,0.6084,0.658,0.6522,0.671,0.6958000000000001,0.6882,0.6835,0.6499,0.46
2026-03-27,Arel,Sen2Cor,S2B_MSIL2A_20260327T113319_N0512_R080_T28QCH_20260327T152639.SAFE,C:\Users\Simon\Nextcloud\Project\Mauritania\Science\Arguin - FieldWork Data Processing\Data\S2\S2B_MSIL2A_20260327T113319_N0512_R080_T28QCH_20260327T152639.SAFE,185,9879,4260,342605.0,2201245.0,0.35660000000000003,0.4355,0.5088,0.605,0.6455000000000001,0.6462,0.6623,0.6953,0.6856,0.6697000000000001,0.64,0.4441
2026-03-27,Arel,Sen2Cor,S2B_MSIL2A_20260327T113319_N0512_R080_T28QCH_20260327T152639.SAFE,C:\Users\Simon\Nextcloud\Project\Mauritania\Science\Arguin - FieldWork Data Processing\Data\S2\S2B_MSIL2A_20260327T113319_N0512_R080_T28QCH_20260327T152639.SAFE,186,9879,4261,342615.0,2201245.0,0.35660000000000003,0.4399,0.5171,0.6045,0.6455000000000001,0.6462,0.6623,0.6934,0.6856,0.6697000000000001,0.64,0.4441
2026-03-27,Arel,Sen2Cor,S2B_MSIL2A_20260327T113319_N0512_R080_T28QCH_20260327T152639.SAFE,C:\Users\Simon\Nextcloud\Project\Mauritania\Science\Arguin - FieldWork Data Processing\Data\S2\S2B_MSIL2A_20260327T113319_N0512_R080_T28QCH_20260327T152639.SAFE,187,9879,4262,342625.0,2201245.0,0.3467,0.437,0.5132,0.606,0.6449,0.6395000000000001,0.6587000000000001,0.6919000000000001,0.6799000000000001,0.6697000000000001,0.6312,0.43060000000000004
2026-03-27,Arel,Sen2Cor,S2B_MSIL2A_20260327T113319_N0512_R080_T28QCH_20260327T152639.SAFE,C:\Users\Simon\Nextcloud\Project\Mauritania\Science\Arguin - FieldWork Data Processing\Data\S2\S2B_MSIL2A_20260327T113319_N0512_R080_T28QCH_20260327T152639.SAFE,188,9879,4263,342635.0,2201245.0,0.3467,0.42900000000000005,0.5024000000000001,0.5977,0.6449,0.6395000000000001,0.6587000000000001,0.6846,0.6799000000000001,0.6697000000000001,0.6312,0.43060000000000004
2026-03-27,Arel,Sen2Cor,S2B_MSIL2A_20260327T113319_N0512_R080_T28QCH_20260327T152639.SAFE,C:\Users\Simon\Nextcloud\Project\Mauritania\Science\Arguin - FieldWork Data Processing\Data\S2\S2B_MSIL2A_20260327T113319_N0512_R080_T28QCH_20260327T152639.SAFE,189,9879,4264,342645.0,2201245.0,0.33580000000000004,0.4072,0.4817,0.5771000000000001,0.6197,0.6199,0.6388,0.6709,0.6661,0.6697000000000001,0.6241,0.4157
2026-03-27,Arel,Sen2Cor,S2B_MSIL2A_20260327T113319_N0512_R080_T28QCH_20260327T152639.SAFE,C:\Users\Simon\Nextcloud\Project\Mauritania\Science\Arguin - FieldWork Data Processing\Data\S2\S2B_MSIL2A_20260327T113319_N0512_R080_T28QCH_20260327T152639.SAFE,190,9879,4265,342655.0,2201245.0,0.33580000000000004,0.3965,0.46190000000000003,0.5615,0.6197,0.6199,0.6388,0.6646000000000001,0.6661,0.6697000000000001,0.6241,0.4157
2026-03-27,Arel,Sen2Cor,S2B_MSIL2A_20260327T113319_N0512_R080_T28QCH_20260327T152639.SAFE,C:\Users\Simon\Nextcloud\Project\Mauritania\Science\Arguin - FieldWork Data Processing\Data\S2\S2B_MSIL2A_20260327T113319_N0512_R080_T28QCH_20260327T152639.SAFE,191,9879,4266,342665.0,2201245.0,0.324,0.3997,0.4685,0.5630000000000001,0.6061000000000001,0.6078,0.6297,0.6621,0.6594,0.6411,0.6162000000000001,0.39730000000000004
2026-03-27,Arel,Sen2Cor,S2B_MSIL2A_20260327T113319_N0512_R080_T28QCH_20260327T152639.SAFE,C:\Users\Simon\Nextcloud\Project\Mauritania\Science\Arguin - FieldWork Data Processing\Data\S2\S2B_MSIL2A_20260327T113319_N0512_R080_T28QCH_20260327T152639.SAFE,192,9879,4267,342675.0,2201245.0,0.324,0.40700000000000003,0.4783,0.5645,0.6061000000000001,0.6078,0.6297,0.6641,0.6594,0.6411,0.6162000000000001,0.39730000000000004
2026-03-27,Arel,Sen2Cor,S2B_MSIL2A_20260327T113319_N0512_R080_T28QCH_20260327T152639.SAFE,C:\Users\Simon\Nextcloud\Project\Mauritania\Science\Arguin - FieldWork Data Processing\Data\S2\S2B_MSIL2A_20260327T113319_N0512_R080_T28QCH_20260327T152639.SAFE,193,9879,4268,342685.0,2201245.0,0.3154,0.39940000000000003,0.46530000000000005,0.5615,0.5873,0.5874,0.6126,0.6655,0.646,0.6411,0.6067,0.37470000000000003
2026-03-27,Arel,Sen2Cor,S2B_MSIL2A_20260327T113319_N0512_R080_T28QCH_20260327T152639.SAFE,C:\Users\Simon\Nextcloud\Project\Mauritania\Science\Arguin - FieldWork Data Processing\Data\S2\S2B_MSIL2A_20260327T113319_N0512_R080_T28QCH_20260327T152639.SAFE,194,9879,4269,342695.0,2201245.0,0.3154,0.3804,0.447,0.5342,0.5873,0.5874,0.6126,0.6421,0.646,0.6411,0.6067,0.37470000000000003
2026-03-27,Arel,Sen2Cor,S2B_MSIL2A_20260327T113319_N0512_R080_T28QCH_20260327T152639.SAFE,C:\Users\Simon\Nextcloud\Project\Mauritania\Science\Arguin - FieldWork Data Processing\Data\S2\S2B_MSIL2A_20260327T113319_N0512_R080_T28QCH_20260327T152639.SAFE,195,9879,4270,342705.0,2201245.0,0.3189,0.35450000000000004,0.42900000000000005,0.5073,0.5469,0.5498000000000001,0.5798,0.624,0.6273000000000001,0.6411,0.5936,0.3452
2026-03-27,Arel,Sen2Cor,S2B_MSIL2A_20260327T113319_N0512_R080_T28QCH_20260327T152639.SAFE,C:\Users\Simon\Nextcloud\Project\Mauritania\Science\Arguin - FieldWork Data Processing\Data\S2\S2B_MSIL2A_20260327T113319_N0512_R080_T28QCH_20260327T152639.SAFE,196,9879,4271,342715.0,2201245.0,0.3189,0.3503,0.40890000000000004,0.4963,0.5469,0.5498000000000001,0.5798,0.6182000000000001,0.6273000000000001,0.6411,0.5936,0.3452
2026-03-27,Arel,Sen2Cor,S2B_MSIL2A_20260327T113319_N0512_R080_T28QCH_20260327T152639.SAFE,C:\Users\Simon\Nextcloud\Project\Mauritania\Science\Arguin - FieldWork Data Processing\Data\S2\S2B_MSIL2A_20260327T113319_N0512_R080_T28QCH_20260327T152639.SAFE,197,9879,4272,342725.0,2201245.0,0.3255,0.3633,0.4163,0.5098,0.5546,0.5565,0.5797,0.6206,0.6205,0.6444000000000001,0.5936,0.3561
2026-03-27,Arel,Sen2Cor,S2B_MSIL2A_20260327T113319_N0512_R080_T28QCH_20260327T152639.SAFE,C:\Users\Simon\Nextcloud\Project\Mauritania\Science\Arguin - FieldWork Data Processing\Data\S2\S2B_MSIL2A_20260327T113319_N0512_R080_T28QCH_20260327T152639.SAFE,198,9879,4273,342735.0,2201245.0,0.3255,0.37620000000000003,0.44020000000000004,0.5278,0.5546,0.5565,0.5797,0.6353,0.6205,0.6444000000000001,0.5936,0.3561
2026-03-27,Arel,Sen2Cor,S2B_MSIL2A_20260327T113319_N0512_R080_T28QCH_20260327T152639.SAFE,C:\Users\Simon\Nextcloud\Project\Mauritania\Science\Arguin - FieldWork Data Processing\Data\S2\S2B_MSIL2A_20260327T113319_N0512_R080_T28QCH_20260327T152639.SAFE,199,9879,4274,342745.0,2201245.0,0.32280000000000003,0.3704,0.43970000000000004,0.5337000000000001,0.5706,0.5763,0.5986,0.6377,0.6392,0.6444000000000001,0.6067,0.3879
2026-03-27,Arel,Sen2Cor,S2B_MSIL2A_20260327T113319_N0512_R080_T28QCH_20260327T152639.SAFE,C:\Users\Simon\Nextcloud\Project\Mauritania\Science\Arguin - FieldWork Data Processing\Data\S2\S2B_MSIL2A_20260327T113319_N0512_R080_T28QCH_20260327T152639.SAFE,200,9879,4275,342755.0,2201245.0,0.32280000000000003,0.37520000000000003,0.4312,0.5288,0.5706,0.5763,0.5986,0.6436000000000001,0.6392,0.6444000000000001,0.6067,0.3879
2026-03-27,Arel,Sen2Cor,S2B_MSIL2A_20260327T113319_N0512_R080_T28QCH_20260327T152639.SAFE,C:\Users\Simon\Nextcloud\Project\Mauritania\Science\Arguin - FieldWork Data Processing\Data\S2\S2B_MSIL2A_20260327T113319_N0512_R080_T28QCH_20260327T152639.SAFE,201,9879,4276,342765.0,2201245.0,0.302,0.39790000000000003,0.4565,0.5513,0.6013000000000001,0.5989,0.6234000000000001,0.6582,0.6542,0.6444000000000001,0.6132000000000001,0.3955
2026-03-27,Arel,Sen2Cor,S2B_MSIL2A_20260327T113319_N0512_R080_T28QCH_20260327T152639.SAFE,C:\Users\Simon\Nextcloud\Project\Mauritania\Science\Arguin - FieldWork Data Processing\Data\S2\S2B_MSIL2A_20260327T113319_N0512_R080_T28QCH_20260327T152639.SAFE,202,9879,4277,342775.0,2201245.0,0.302,0.4041,0.4722,0.5591,0.6013000000000001,0.5989,0.6234000000000001,0.6685,0.6542,0.6444000000000001,0.6132000000000001,0.3955
2026-03-27,Arel,Sen2Cor,S2B_MSIL2A_20260327T113319_N0512_R080_T28QCH_20260327T152639.SAFE,C:\Users\Simon\Nextcloud\Project\Mauritania\Science\Arguin - FieldWork Data Processing\Data\S2\S2B_MSIL2A_20260327T113319_N0512_R080_T28QCH_20260327T152639.SAFE,203,9879,4278,342785.0,2201245.0,0.2721,0.4067,0.47800000000000004,0.5688,0.6363,0.6381,0.6508,0.6782,0.6802,0.5551,0.6309,0.4227
2026-03-27,Arel,Sen2Cor,S2B_MSIL2A_20260327T113319_N0512_R080_T28QCH_20260327T152639.SAFE,C:\Users\Simon\Nextcloud\Project\Mauritania\Science\Arguin - FieldWork Data Processing\Data\S2\S2B_MSIL2A_20260327T113319_N0512_R080_T28QCH_20260327T152639.SAFE,204,9880,4246,342465.0,2201235.0,0.2889,0.41500000000000004,0.4773,0.5723,0.6238,0.6109,0.6329,0.6279,0.6288,0.46950000000000003,0.5814,0.40130000000000005
2026-03-27,Arel,Sen2Cor,S2B_MSIL2A_20260327T113319_N0512_R080_T28QCH_20260327T152639.SAFE,C:\Users\Simon\Nextcloud\Project\Mauritania\Science\Arguin - FieldWork Data Processing\Data\S2\S2B_MSIL2A_20260327T113319_N0512_R080_T28QCH_20260327T152639.SAFE,205,9880,4247,342475.0,2201235.0,0.2889,0.4282,0.5063,0.5967,0.6238,0.6109,0.6329,0.666,0.6288,0.46950000000000003,0.5814,0.40130000000000005
2026-03-27,Arel,Sen2Cor,S2B_MSIL2A_20260327T113319_N0512_R080_T28QCH_20260327T152639.SAFE,C:\Users\Simon\Nextcloud\Project\Mauritania\Science\Arguin - FieldWork Data Processing\Data\S2\S2B_MSIL2A_20260327T113319_N0512_R080_T28QCH_20260327T152639.SAFE,206,9880,4248,342485.0,2201235.0,0.3315,0.4446,0.521,0.6138,0.6687000000000001,0.66,0.6703,0.6914,0.682,0.6754,0.6223000000000001,0.4378
2026-03-27,Arel,Sen2Cor,S2B_MSIL2A_20260327T113319_N0512_R080_T28QCH_20260327T152639.SAFE,C:\Users\Simon\Nextcloud\Project\Mauritania\Science\Arguin - FieldWork Data Processing\Data\S2\S2B_MSIL2A_20260327T113319_N0512_R080_T28QCH_20260327T152639.SAFE,207,9880,4249,342495.0,2201235.0,0.3315,0.45170000000000005,0.5337000000000001,0.6284000000000001,0.6687000000000001,0.66,0.6703,0.7036,0.682,0.6754,0.6223000000000001,0.4378
2026-03-27,Arel,Sen2Cor,S2B_MSIL2A_20260327T113319_N0512_R080_T28QCH_20260327T152639.SAFE,C:\Users\Simon\Nextcloud\Project\Mauritania\Science\Arguin - FieldWork Data Processing\Data\S2\S2B_MSIL2A_20260327T113319_N0512_R080_T28QCH_20260327T152639.SAFE,208,9880,4250,342505.0,2201235.0,0.3592,0.45580000000000004,0.5273,0.625,0.6552,0.6487,0.6605000000000001,0.6997,0.6775,0.6754,0.6228,0.4333
2026-03-27,Arel,Sen2Cor,S2B_MSIL2A_20260327T113319_N0512_R080_T28QCH_20260327T152639.SAFE,C:\Users\Simon\Nextcloud\Project\Mauritania\Science\Arguin - FieldWork Data Processing\Data\S2\S2B_MSIL2A_20260327T113319_N0512_R080_T28QCH_20260327T152639.SAFE,209,9880,4251,342515.0,2201235.0,0.3592,0.43820000000000003,0.5122,0.606,0.6552,0.6487,0.6605000000000001,0.6836,0.6775,0.6754,0.6228,0.4333
2026-03-27,Arel,Sen2Cor,S2B_MSIL2A_20260327T113319_N0512_R080_T28QCH_20260327T152639.SAFE,C:\Users\Simon\Nextcloud\Project\Mauritania\Science\Arguin - FieldWork Data Processing\Data\S2\S2B_MSIL2A_20260327T113319_N0512_R080_T28QCH_20260327T152639.SAFE,210,9880,4252,342525.0,2201235.0,0.37,0.42260000000000003,0.49760000000000004,0.5947,0.6376000000000001,0.6317,0.653,0.6743,0.6708000000000001,0.6754,0.6264000000000001,0.4333
2026-03-27,Arel,Sen2Cor,S2B_MSIL2A_20260327T113319_N0512_R080_T28QCH_20260327T152639.SAFE,C:\Users\Simon\Nextcloud\Project\Mauritania\Science\Arguin - FieldWork Data Processing\Data\S2\S2B_MSIL2A_20260327T113319_N0512_R080_T28QCH_20260327T152639.SAFE,211,9880,4253,342535.0,2201235.0,0.37,0.42310000000000003,0.498,0.5957,0.6376000000000001,0.6317,0.653,0.6758000000000001,0.6708000000000001,0.6754,0.6264000000000001,0.4333
2026-03-27,Arel,Sen2Cor,S2B_MSIL2A_20260327T113319_N0512_R080_T28QCH_20260327T152639.SAFE,C:\Users\Simon\Nextcloud\Project\Mauritania\Science\Arguin - FieldWork Data Processing\Data\S2\S2B_MSIL2A_20260327T113319_N0512_R080_T28QCH_20260327T152639.SAFE,212,9880,4254,342545.0,2201235.0,0.3704,0.42600000000000005,0.4998,0.5996,0.6482,0.6434000000000001,0.666,0.6802,0.6855,0.6835,0.6405000000000001,0.4511
2026-03-27,Arel,Sen2Cor,S2B_MSIL2A_20260327T113319_N0512_R080_T28QCH_20260327T152639.SAFE,C:\Users\Simon\Nextcloud\Project\Mauritania\Science\Arguin - FieldWork Data Processing\Data\S2\S2B_MSIL2A_20260327T113319_N0512_R080_T28QCH_20260327T152639.SAFE,213,9880,4255,342555.0,2201235.0,0.3704,0.4292,0.5083,0.6079,0.6482,0.6434000000000001,0.666,0.6948000000000001,0.6855,0.6835,0.6405000000000001,0.4511
2026-03-27,Arel,Sen2Cor,S2B_MSIL2A_20260327T113319_N0512_R080_T28QCH_20260327T152639.SAFE,C:\Users\Simon\Nextcloud\Project\Mauritania\Science\Arguin - FieldWork Data Processing\Data\S2\S2B_MSIL2A_20260327T113319_N0512_R080_T28QCH_20260327T152639.SAFE,214,9880,4256,342565.0,2201235.0,0.3673,0.4329,0.5127,0.6104,0.6548,0.6538,0.67,0.6914,0.6896,0.6835,0.6434000000000001,0.46280000000000004
2026-03-27,Arel,Sen2Cor,S2B_MSIL2A_20260327T113319_N0512_R080_T28QCH_20260327T152639.SAFE,C:\Users\Simon\Nextcloud\Project\Mauritania\Science\Arguin - FieldWork Data Processing\Data\S2\S2B_MSIL2A_20260327T113319_N0512_R080_T28QCH_20260327T152639.SAFE,215,9880,4257,342575.0,2201235.0,0.3673,0.4338,0.5112,0.6143000000000001,0.6548,0.6538,0.67,0.6934,0.6896,0.6835,0.6434000000000001,0.46280000000000004
2026-03-27,Arel,Sen2Cor,S2B_MSIL2A_20260327T113319_N0512_R080_T28QCH_20260327T152639.SAFE,C:\Users\Simon\Nextcloud\Project\Mauritania\Science\Arguin - FieldWork Data Processing\Data\S2\S2B_MSIL2A_20260327T113319_N0512_R080_T28QCH_20260327T152639.SAFE,216,9880,4258,342585.0,2201235.0,0.36160000000000003,0.4385,0.5156000000000001,0.6187,0.6555000000000001,0.6485000000000001,0.6684,0.6958000000000001,0.6914,0.6835,0.6439,0.45680000000000004
2026-03-27,Arel,Sen2Cor,S2B_MSIL2A_20260327T113319_N0512_R080_T28QCH_20260327T152639.SAFE,C:\Users\Simon\Nextcloud\Project\Mauritania\Science\Arguin - FieldWork Data Processing\Data\S2\S2B_MSIL2A_20260327T113319_N0512_R080_T28QCH_20260327T152639.SAFE,217,9880,4259,342595.0,2201235.0,0.36160000000000003,0.4429,0.5181,0.6172000000000001,0.6555000000000001,0.6485000000000001,0.6684,0.6973,0.6914,0.6835,0.6439,0.45680000000000004
2026-03-27,Arel,Sen2Cor,S2B_MSIL2A_20260327T113319_N0512_R080_T28QCH_20260327T152639.SAFE,C:\Users\Simon\Nextcloud\Project\Mauritania\Science\Arguin - FieldWork Data Processing\Data\S2\S2B_MSIL2A_20260327T113319_N0512_R080_T28QCH_20260327T152639.SAFE,218,9880,4260,342605.0,2201235.0,0.3512,0.43770000000000003,0.5088,0.6064,0.6497,0.6422,0.6624,0.6929000000000001,0.6842,0.6697000000000001,0.6385000000000001,0.44
2026-03-27,Arel,Sen2Cor,S2B_MSIL2A_20260327T113319_N0512_R080_T28QCH_20260327T152639.SAFE,C:\Users\Simon\Nextcloud\Project\Mauritania\Science\Arguin - FieldWork Data Processing\Data\S2\S2B_MSIL2A_20260327T113319_N0512_R080_T28QCH_20260327T152639.SAFE,219,9880,4261,342615.0,2201235.0,0.3512,0.4329,0.5024000000000001,0.5967,0.6497,0.6422,0.6624,0.6855,0.6842,0.6697000000000001,0.6385000000000001,0.44
2026-03-27,Arel,Sen2Cor,S2B_MSIL2A_20260327T113319_N0512_R080_T28QCH_20260327T152639.SAFE,C:\Users\Simon\Nextcloud\Project\Mauritania\Science\Arguin - FieldWork Data Processing\Data\S2\S2B_MSIL2A_20260327T113319_N0512_R080_T28QCH_20260327T152639.SAFE,220,9880,4262,342625.0,2201235.0,0.3402,0.4319,0.5054000000000001,0.5977,0.625,0.6241,0.6399,0.6855,0.668,0.6697000000000001,0.6241,0.4141
2026-03-27,Arel,Sen2Cor,S2B_MSIL2A_20260327T113319_N0512_R080_T28QCH_20260327T152639.SAFE,C:\Users\Simon\Nextcloud\Project\Mauritania\Science\Arguin - FieldWork Data Processing\Data\S2\S2B_MSIL2A_20260327T113319_N0512_R080_T28QCH_20260327T152639.SAFE,221,9880,4263,342635.0,2201235.0,0.3402,0.4138,0.4883,0.5859,0.625,0.6241,0.6399,0.6704,0.668,0.6697000000000001,0.6241,0.4141
2026-03-27,Arel,Sen2Cor,S2B_MSIL2A_20260327T113319_N0512_R080_T28QCH_20260327T152639.SAFE,C:\Users\Simon\Nextcloud\Project\Mauritania\Science\Arguin - FieldWork Data Processing\Data\S2\S2B_MSIL2A_20260327T113319_N0512_R080_T28QCH_20260327T152639.SAFE,222,9880,4264,342645.0,2201235.0,0.3291,0.39580000000000004,0.46830000000000005,0.5615,0.5881000000000001,0.5956,0.6169,0.6567000000000001,0.6458,0.6697000000000001,0.6119,0.3855
2026-03-27,Arel,Sen2Cor,S2B_MSIL2A_20260327T113319_N0512_R080_T28QCH_20260327T152639.SAFE,C:\Users\Simon\Nextcloud\Project\Mauritania\Science\Arguin - FieldWork Data Processing\Data\S2\S2B_MSIL2A_20260327T113319_N0512_R080_T28QCH_20260327T152639.SAFE,223,9880,4265,342655.0,2201235.0,0.3291,0.3911,0.45730000000000004,0.5508000000000001,0.5881000000000001,0.5956,0.6169,0.6538,0.6458,0.6697000000000001,0.6119,0.3855
2026-03-27,Arel,Sen2Cor,S2B_MSIL2A_20260327T113319_N0512_R080_T28QCH_20260327T152639.SAFE,C:\Users\Simon\Nextcloud\Project\Mauritania\Science\Arguin - FieldWork Data Processing\Data\S2\S2B_MSIL2A_20260327T113319_N0512_R080_T28QCH_20260327T152639.SAFE,224,9880,4266,342665.0,2201235.0,0.3176,0.3884,0.4551,0.5508000000000001,0.5880000000000001,0.5891000000000001,0.6115,0.6548,0.6499,0.6411,0.6111,0.37120000000000003
2026-03-27,Arel,Sen2Cor,S2B_MSIL2A_20260327T113319_N0512_R080_T28QCH_20260327T152639.SAFE,C:\Users\Simon\Nextcloud\Project\Mauritania\Science\Arguin - FieldWork Data Processing\Data\S2\S2B_MSIL2A_20260327T113319_N0512_R080_T28QCH_20260327T152639.SAFE,225,9880,4267,342675.0,2201235.0,0.3176,0.3921,0.4631,0.5522,0.5880000000000001,0.5891000000000001,0.6115,0.6548,0.6499,0.6411,0.6111,0.37120000000000003
2026-03-27,Arel,Sen2Cor,S2B_MSIL2A_20260327T113319_N0512_R080_T28QCH_20260327T152639.SAFE,C:\Users\Simon\Nextcloud\Project\Mauritania\Science\Arguin - FieldWork Data Processing\Data\S2\S2B_MSIL2A_20260327T113319_N0512_R080_T28QCH_20260327T152639.SAFE,226,9880,4268,342685.0,2201235.0,0.31010000000000004,0.3909,0.4585,0.5488000000000001,0.5800000000000001,0.5805,0.6064,0.6553,0.644,0.6411,0.6054,0.3649
2026-03-27,Arel,Sen2Cor,S2B_MSIL2A_20260327T113319_N0512_R080_T28QCH_20260327T152639.SAFE,C:\Users\Simon\Nextcloud\Project\Mauritania\Science\Arguin - FieldWork Data Processing\Data\S2\S2B_MSIL2A_20260327T113319_N0512_R080_T28QCH_20260327T152639.SAFE,227,9880,4269,342695.0,2201235.0,0.31010000000000004,0.3784,0.4441,0.5371,0.5800000000000001,0.5805,0.6064,0.6499,0.644,0.6411,0.6054,0.3649
2026-03-27,Arel,Sen2Cor,S2B_MSIL2A_20260327T113319_N0512_R080_T28QCH_20260327T152639.SAFE,C:\Users\Simon\Nextcloud\Project\Mauritania\Science\Arguin - FieldWork Data Processing\Data\S2\S2B_MSIL2A_20260327T113319_N0512_R080_T28QCH_20260327T152639.SAFE,228,9880,4270,342705.0,2201235.0,0.3155,0.36250000000000004,0.42700000000000005,0.5132,0.5583,0.5548000000000001,0.5894,0.6255000000000001,0.6254000000000001,0.6411,0.6039,0.3662
2026-03-27,Arel,Sen2Cor,S2B_MSIL2A_20260327T113319_N0512_R080_T28QCH_20260327T152639.SAFE,C:\Users\Simon\Nextcloud\Project\Mauritania\Science\Arguin - FieldWork Data Processing\Data\S2\S2B_MSIL2A_20260327T113319_N0512_R080_T28QCH_20260327T152639.SAFE,229,9880,4271,342715.0,2201235.0,0.3155,0.3513,0.4126,0.5049,0.5583,0.5548000000000001,0.5894,0.6074,0.6254000000000001,0.6411,0.6039,0.3662
2026-03-27,Arel,Sen2Cor,S2B_MSIL2A_20260327T113319_N0512_R080_T28QCH_20260327T152639.SAFE,C:\Users\Simon\Nextcloud\Project\Mauritania\Science\Arguin - FieldWork Data Processing\Data\S2\S2B_MSIL2A_20260327T113319_N0512_R080_T28QCH_20260327T152639.SAFE,230,9880,4272,342725.0,2201235.0,0.3246,0.3669,0.4268,0.5234,0.5736,0.5735,0.6001000000000001,0.6313000000000001,0.6358,0.6444000000000001,0.6161,0.3965
2026-03-27,Arel,Sen2Cor,S2B_MSIL2A_20260327T113319_N0512_R080_T28QCH_20260327T152639.SAFE,C:\Users\Simon\Nextcloud\Project\Mauritania\Science\Arguin - FieldWork Data Processing\Data\S2\S2B_MSIL2A_20260327T113319_N0512_R080_T28QCH_20260327T152639.SAFE,231,9880,4273,342735.0,2201235.0,0.3246,0.38230000000000003,0.44580000000000003,0.54,0.5736,0.5735,0.6001000000000001,0.644,0.6358,0.6444000000000001,0.6161,0.3965
2026-03-27,Arel,Sen2Cor,S2B_MSIL2A_20260327T113319_N0512_R080_T28QCH_20260327T152639.SAFE,C:\Users\Simon\Nextcloud\Project\Mauritania\Science\Arguin - FieldWork Data Processing\Data\S2\S2B_MSIL2A_20260327T113319_N0512_R080_T28QCH_20260327T152639.SAFE,232,9880,4274,342745.0,2201235.0,0.3246,0.377,0.44070000000000004,0.5332,0.5890000000000001,0.5962000000000001,0.6217,0.646,0.6598,0.6444000000000001,0.6245,0.40900000000000003
2026-03-27,Arel,Sen2Cor,S2B_MSIL2A_20260327T113319_N0512_R080_T28QCH_20260327T152639.SAFE,C:\Users\Simon\Nextcloud\Project\Mauritania\Science\Arguin - FieldWork Data Processing\Data\S2\S2B_MSIL2A_20260327T113319_N0512_R080_T28QCH_20260327T152639.SAFE,233,9880,4275,342755.0,2201235.0,0.3246,0.38430000000000003,0.4485,0.54,0.5890000000000001,0.5962000000000001,0.6217,0.6543,0.6598,0.6444000000000001,0.6245,0.40900000000000003
2026-03-27,Arel,Sen2Cor,S2B_MSIL2A_20260327T113319_N0512_R080_T28QCH_20260327T152639.SAFE,C:\Users\Simon\Nextcloud\Project\Mauritania\Science\Arguin - FieldWork Data Processing\Data\S2\S2B_MSIL2A_20260327T113319_N0512_R080_T28QCH_20260327T152639.SAFE,234,9880,4276,342765.0,2201235.0,0.3073,0.4001,0.4526,0.5537000000000001,0.5921000000000001,0.5922000000000001,0.6268,0.6621,0.6576000000000001,0.6444000000000001,0.627,0.40140000000000003
2026-03-27,Arel,Sen2Cor,S2B_MSIL2A_20260327T113319_N0512_R080_T28QCH_20260327T152639.SAFE,C:\Users\Simon\Nextcloud\Project\Mauritania\Science\Arguin - FieldWork Data Processing\Data\S2\S2B_MSIL2A_20260327T113319_N0512_R080_T28QCH_20260327T152639.SAFE,235,9880,4277,342775.0,2201235.0,0.3073,0.3679,0.4465,0.5352,0.5921000000000001,0.5922000000000001,0.6268,0.6465000000000001,0.6576000000000001,0.6444000000000001,0.627,0.40140000000000003
2026-03-27,Arel,Sen2Cor,S2B_MSIL2A_20260327T113319_N0512_R080_T28QCH_20260327T152639.SAFE,C:\Users\Simon\Nextcloud\Project\Mauritania\Science\Arguin - FieldWork Data Processing\Data\S2\S2B_MSIL2A_20260327T113319_N0512_R080_T28QCH_20260327T152639.SAFE,236,9880,4278,342785.0,2201235.0,0.2813,0.38770000000000004,0.45830000000000004,0.5562,0.6104,0.6118,0.6255000000000001,0.6636000000000001,0.6571,0.5551,0.6384000000000001,0.4405
2026-03-27,Arel,Sen2Cor,S2B_MSIL2A_20260327T113319_N0512_R080_T28QCH_20260327T152639.SAFE,C:\Users\Simon\Nextcloud\Project\Mauritania\Science\Arguin - FieldWork Data Processing\Data\S2\S2B_MSIL2A_20260327T113319_N0512_R080_T28QCH_20260327T152639.SAFE,237,9880,4279,342795.0,2201235.0,0.2813,0.38130000000000003,0.459,0.5669000000000001,0.6104,0.6118,0.6255000000000001,0.6738000000000001,0.6571,0.5551,0.6384000000000001,0.4405
2026-03-27,Arel,Sen2Cor,S2B_MSIL2A_20260327T113319_N0512_R080_T28QCH_20260327T152639.SAFE,C:\Users\Simon\Nextcloud\Project\Mauritania\Science\Arguin - FieldWork Data Processing\Data\S2\S2B_MSIL2A_20260327T113319_N0512_R080_T28QCH_20260327T152639.SAFE,238,9881,4246,342465.0,2201225.0,0.2889,0.3977,0.4692,0.5537000000000001,0.6238,0.6109,0.6329,0.6177,0.6288,0.46950000000000003,0.5814,0.40130000000000005
2026-03-27,Arel,Sen2Cor,S2B_MSIL2A_20260327T113319_N0512_R080_T28QCH_20260327T152639.SAFE,C:\Users\Simon\Nextcloud\Project\Mauritania\Science\Arguin - FieldWork Data Processing\Data\S2\S2B_MSIL2A_20260327T113319_N0512_R080_T28QCH_20260327T152639.SAFE,239,9881,4247,342475.0,2201225.0,0.2889,0.4329,0.5098,0.6021000000000001,0.6238,0.6109,0.6329,0.6772,0.6288,0.46950000000000003,0.5814,0.40130000000000005
2026-03-27,Arel,Sen2Cor,S2B_MSIL2A_20260327T113319_N0512_R080_T28QCH_20260327T152639.SAFE,C:\Users\Simon\Nextcloud\Project\Mauritania\Science\Arguin - FieldWork Data Processing\Data\S2\S2B_MSIL2A_20260327T113319_N0512_R080_T28QCH_20260327T152639.SAFE,240,9881,4248,342485.0,2201225.0,0.3315,0.44170000000000004,0.5161,0.6108,0.6687000000000001,0.66,0.6703,0.6841,0.682,0.6754,0.6223000000000001,0.4378
2026-03-27,Arel,Sen2Cor,S2B_MSIL2A_20260327T113319_N0512_R080_T28QCH_20260327T152639.SAFE,C:\Users\Simon\Nextcloud\Project\Mauritania\Science\Arguin - FieldWork Data Processing\Data\S2\S2B_MSIL2A_20260327T113319_N0512_R080_T28QCH_20260327T152639.SAFE,241,9881,4249,342495.0,2201225.0,0.3315,0.4429,0.5195000000000001,0.6157,0.6687000000000001,0.66,0.6703,0.6924,0.682,0.6754,0.6223000000000001,0.4378
2026-03-27,Arel,Sen2Cor,S2B_MSIL2A_20260327T113319_N0512_R080_T28QCH_20260327T152639.SAFE,C:\Users\Simon\Nextcloud\Project\Mauritania\Science\Arguin - FieldWork Data Processing\Data\S2\S2B_MSIL2A_20260327T113319_N0512_R080_T28QCH_20260327T152639.SAFE,242,9881,4250,342505.0,2201225.0,0.3592,0.4385,0.5112,0.606,0.6552,0.6487,0.6605000000000001,0.6787000000000001,0.6775,0.6754,0.6228,0.4333
2026-03-27,Arel,Sen2Cor,S2B_MSIL2A_20260327T113319_N0512_R080_T28QCH_20260327T152639.SAFE,C:\Users\Simon\Nextcloud\Project\Mauritania\Science\Arguin - FieldWork Data Processing\Data\S2\S2B_MSIL2A_20260327T113319_N0512_R080_T28QCH_20260327T152639.SAFE,243,9881,4251,342515.0,2201225.0,0.3592,0.4302,0.5015000000000001,0.5996,0.6552,0.6487,0.6605000000000001,0.6758000000000001,0.6775,0.6754,0.6228,0.4333
2026-03-27,Arel,Sen2Cor,S2B_MSIL2A_20260327T113319_N0512_R080_T28QCH_20260327T152639.SAFE,C:\Users\Simon\Nextcloud\Project\Mauritania\Science\Arguin - FieldWork Data Processing\Data\S2\S2B_MSIL2A_20260327T113319_N0512_R080_T28QCH_20260327T152639.SAFE,244,9881,4252,342525.0,2201225.0,0.37,0.4182,0.4927,0.5879,0.6376000000000001,0.6317,0.653,0.668,0.6708000000000001,0.6754,0.6264000000000001,0.4333
2026-03-27,Arel,Sen2Cor,S2B_MSIL2A_20260327T113319_N0512_R080_T28QCH_20260327T152639.SAFE,C:\Users\Simon\Nextcloud\Project\Mauritania\Science\Arguin - FieldWork Data Processing\Data\S2\S2B_MSIL2A_20260327T113319_N0512_R080_T28QCH_20260327T152639.SAFE,245,9881,4253,342535.0,2201225.0,0.37,0.4192,0.49150000000000005,0.5898,0.6376000000000001,0.6317,0.653,0.6733,0.6708000000000001,0.6754,0.6264000000000001,0.4333
2026-03-27,Arel,Sen2Cor,S2B_MSIL2A_20260327T113319_N0512_R080_T28QCH_20260327T152639.SAFE,C:\Users\Simon\Nextcloud\Project\Mauritania\Science\Arguin - FieldWork Data Processing\Data\S2\S2B_MSIL2A_20260327T113319_N0512_R080_T28QCH_20260327T152639.SAFE,246,9881,4254,342545.0,2201225.0,0.3704,0.4248,0.4995,0.5942000000000001,0.6482,0.6434000000000001,0.666,0.6855,0.6855,0.6835,0.6405000000000001,0.4511
2026-03-27,Arel,Sen2Cor,S2B_MSIL2A_20260327T113319_N0512_R080_T28QCH_20260327T152639.SAFE,C:\Users\Simon\Nextcloud\Project\Mauritania\Science\Arguin - FieldWork Data Processing\Data\S2\S2B_MSIL2A_20260327T113319_N0512_R080_T28QCH_20260327T152639.SAFE,247,9881,4255,342555.0,2201225.0,0.3704,0.4385,0.5127,0.6152000000000001,0.6482,0.6434000000000001,0.666,0.6948000000000001,0.6855,0.6835,0.6405000000000001,0.4511
2026-03-27,Arel,Sen2Cor,S2B_MSIL2A_20260327T113319_N0512_R080_T28QCH_20260327T152639.SAFE,C:\Users\Simon\Nextcloud\Project\Mauritania\Science\Arguin - FieldWork Data Processing\Data\S2\S2B_MSIL2A_20260327T113319_N0512_R080_T28QCH_20260327T152639.SAFE,248,9881,4256,342565.0,2201225.0,0.3673,0.44430000000000003,0.5181,0.6152000000000001,0.6548,0.6538,0.67,0.6958000000000001,0.6896,0.6835,0.6434000000000001,0.46280000000000004
2026-03-27,Arel,Sen2Cor,S2B_MSIL2A_20260327T113319_N0512_R080_T28QCH_20260327T152639.SAFE,C:\Users\Simon\Nextcloud\Project\Mauritania\Science\Arguin - FieldWork Data Processing\Data\S2\S2B_MSIL2A_20260327T113319_N0512_R080_T28QCH_20260327T152639.SAFE,249,9881,4257,342575.0,2201225.0,0.3673,0.4348,0.5078,0.6064,0.6548,0.6538,0.67,0.6895,0.6896,0.6835,0.6434000000000001,0.46280000000000004
2026-03-27,Arel,Sen2Cor,S2B_MSIL2A_20260327T113319_N0512_R080_T28QCH_20260327T152639.SAFE,C:\Users\Simon\Nextcloud\Project\Mauritania\Science\Arguin - FieldWork Data Processing\Data\S2\S2B_MSIL2A_20260327T113319_N0512_R080_T28QCH_20260327T152639.SAFE,250,9881,4258,342585.0,2201225.0,0.36160000000000003,0.44210000000000005,0.5127,0.6143000000000001,0.6555000000000001,0.6485000000000001,0.6684,0.6948000000000001,0.6914,0.6835,0.6439,0.45680000000000004
2026-03-27,Arel,Sen2Cor,S2B_MSIL2A_20260327T113319_N0512_R080_T28QCH_20260327T152639.SAFE,C:\Users\Simon\Nextcloud\Project\Mauritania\Science\Arguin - FieldWork Data Processing\Data\S2\S2B_MSIL2A_20260327T113319_N0512_R080_T28QCH_20260327T152639.SAFE,251,9881,4259,342595.0,2201225.0,0.36160000000000003,0.4521,0.5234,0.6201,0.6555000000000001,0.6485000000000001,0.6684,0.7021000000000001,0.6914,0.6835,0.6439,0.45680000000000004
2026-03-27,Arel,Sen2Cor,S2B_MSIL2A_20260327T113319_N0512_R080_T28QCH_20260327T152639.SAFE,C:\Users\Simon\Nextcloud\Project\Mauritania\Science\Arguin - FieldWork Data Processing\Data\S2\S2B_MSIL2A_20260327T113319_N0512_R080_T28QCH_20260327T152639.SAFE,252,9881,4260,342605.0,2201225.0,0.3512,0.44680000000000003,0.5161,0.6138,0.6497,0.6422,0.6624,0.6948000000000001,0.6842,0.6697000000000001,0.6385000000000001,0.44
2026-03-27,Arel,Sen2Cor,S2B_MSIL2A_20260327T113319_N0512_R080_T28QCH_20260327T152639.SAFE,C:\Users\Simon\Nextcloud\Project\Mauritania\Science\Arguin - FieldWork Data Processing\Data\S2\S2B_MSIL2A_20260327T113319_N0512_R080_T28QCH_20260327T152639.SAFE,253,9881,4261,342615.0,2201225.0,0.3512,0.4329,0.5015000000000001,0.5918,0.6497,0.6422,0.6624,0.6826,0.6842,0.6697000000000001,0.6385000000000001,0.44
2026-03-27,Arel,Sen2Cor,S2B_MSIL2A_20260327T113319_N0512_R080_T28QCH_20260327T152639.SAFE,C:\Users\Simon\Nextcloud\Project\Mauritania\Science\Arguin - FieldWork Data Processing\Data\S2\S2B_MSIL2A_20260327T113319_N0512_R080_T28QCH_20260327T152639.SAFE,254,9881,4262,342625.0,2201225.0,0.3402,0.4224,0.4939,0.5889,0.625,0.6241,0.6399,0.6777000000000001,0.668,0.6697000000000001,0.6241,0.4141
2026-03-27,Arel,Sen2Cor,S2B_MSIL2A_20260327T113319_N0512_R080_T28QCH_20260327T152639.SAFE,C:\Users\Simon\Nextcloud\Project\Mauritania\Science\Arguin - FieldWork Data Processing\Data\S2\S2B_MSIL2A_20260327T113319_N0512_R080_T28QCH_20260327T152639.SAFE,255,9881,4263,342635.0,2201225.0,0.3402,0.4058,0.47440000000000004,0.5688,0.625,0.6241,0.6399,0.6636000000000001,0.668,0.6697000000000001,0.6241,0.4141
2026-03-27,Arel,Sen2Cor,S2B_MSIL2A_20260327T113319_N0512_R080_T28QCH_20260327T152639.SAFE,C:\Users\Simon\Nextcloud\Project\Mauritania\Science\Arguin - FieldWork Data Processing\Data\S2\S2B_MSIL2A_20260327T113319_N0512_R080_T28QCH_20260327T152639.SAFE,256,9881,4264,342645.0,2201225.0,0.3291,0.38480000000000003,0.4551,0.5459,0.5881000000000001,0.5956,0.6169,0.6416000000000001,0.6458,0.6697000000000001,0.6119,0.3855
2026-03-27,Arel,Sen2Cor,S2B_MSIL2A_20260327T113319_N0512_R080_T28QCH_20260327T152639.SAFE,C:\Users\Simon\Nextcloud\Project\Mauritania\Science\Arguin - FieldWork Data Processing\Data\S2\S2B_MSIL2A_20260327T113319_N0512_R080_T28QCH_20260327T152639.SAFE,257,9881,4265,342655.0,2201225.0,0.3291,0.3975,0.4597,0.5527000000000001,0.5881000000000001,0.5956,0.6169,0.6582,0.6458,0.6697000000000001,0.6119,0.3855
2026-03-27,Arel,Sen2Cor,S2B_MSIL2A_20260327T113319_N0512_R080_T28QCH_20260327T152639.SAFE,C:\Users\Simon\Nextcloud\Project\Mauritania\Science\Arguin - FieldWork Data Processing\Data\S2\S2B_MSIL2A_20260327T113319_N0512_R080_T28QCH_20260327T152639.SAFE,258,9881,4266,342665.0,2201225.0,0.3176,0.38380000000000003,0.46040000000000003,0.5371,0.5880000000000001,0.5891000000000001,0.6115,0.6436000000000001,0.6499,0.6411,0.6111,0.37120000000000003
2026-03-27,Arel,Sen2Cor,S2B_MSIL2A_20260327T113319_N0512_R080_T28QCH_20260327T152639.SAFE,C:\Users\Simon\Nextcloud\Project\Mauritania\Science\Arguin - FieldWork Data Processing\Data\S2\S2B_MSIL2A_20260327T113319_N0512_R080_T28QCH_20260327T152639.SAFE,259,9881,4267,342675.0,2201225.0,0.3176,0.3799,0.4485,0.5347000000000001,0.5880000000000001,0.5891000000000001,0.6115,0.6367,0.6499,0.6411,0.6111,0.37120000000000003
2026-03-27,Arel,Sen2Cor,S2B_MSIL2A_20260327T113319_N0512_R080_T28QCH_20260327T152639.SAFE,C:\Users\Simon\Nextcloud\Project\Mauritania\Science\Arguin - FieldWork Data Processing\Data\S2\S2B_MSIL2A_20260327T113319_N0512_R080_T28QCH_20260327T152639.SAFE,260,9881,4268,342685.0,2201225.0,0.31010000000000004,0.38130000000000003,0.4504,0.5386000000000001,0.5800000000000001,0.5805,0.6064,0.6401,0.644,0.6411,0.6054,0.3649
2026-03-27,Arel,Sen2Cor,S2B_MSIL2A_20260327T113319_N0512_R080_T28QCH_20260327T152639.SAFE,C:\Users\Simon\Nextcloud\Project\Mauritania\Science\Arguin - FieldWork Data Processing\Data\S2\S2B_MSIL2A_20260327T113319_N0512_R080_T28QCH_20260327T152639.SAFE,261,9881,4269,342695.0,2201225.0,0.31010000000000004,0.37870000000000004,0.44580000000000003,0.54,0.5800000000000001,0.5805,0.6064,0.6411,0.644,0.6411,0.6054,0.3649
2026-03-27,Arel,Sen2Cor,S2B_MSIL2A_20260327T113319_N0512_R080_T28QCH_20260327T152639.SAFE,C:\Users\Simon\Nextcloud\Project\Mauritania\Science\Arguin - FieldWork Data Processing\Data\S2\S2B_MSIL2A_20260327T113319_N0512_R080_T28QCH_20260327T152639.SAFE,262,9881,4270,342705.0,2201225.0,0.3155,0.3704,0.4297,0.522,0.5583,0.5548000000000001,0.5894,0.6284000000000001,0.6254000000000001,0.6411,0.6039,0.3662
2026-03-27,Arel,Sen2Cor,S2B_MSIL2A_20260327T113319_N0512_R080_T28QCH_20260327T152639.SAFE,C:\Users\Simon\Nextcloud\Project\Mauritania\Science\Arguin - FieldWork Data Processing\Data\S2\S2B_MSIL2A_20260327T113319_N0512_R080_T28QCH_20260327T152639.SAFE,263,9881,4271,342715.0,2201225.0,0.3155,0.3564,0.42260000000000003,0.5107,0.5583,0.5548000000000001,0.5894,0.6211,0.6254000000000001,0.6411,0.6039,0.3662
2026-03-27,Arel,Sen2Cor,S2B_MSIL2A_20260327T113319_N0512_R080_T28QCH_20260327T152639.SAFE,C:\Users\Simon\Nextcloud\Project\Mauritania\Science\Arguin - FieldWork Data Processing\Data\S2\S2B_MSIL2A_20260327T113319_N0512_R080_T28QCH_20260327T152639.SAFE,264,9881,4272,342725.0,2201225.0,0.3246,0.37060000000000004,0.4343,0.5298,0.5736,0.5735,0.6001000000000001,0.6382,0.6358,0.6444000000000001,0.6161,0.3965
2026-03-27,Arel,Sen2Cor,S2B_MSIL2A_20260327T113319_N0512_R080_T28QCH_20260327T152639.SAFE,C:\Users\Simon\Nextcloud\Project\Mauritania\Science\Arguin - FieldWork Data Processing\Data\S2\S2B_MSIL2A_20260327T113319_N0512_R080_T28QCH_20260327T152639.SAFE,265,9881,4273,342735.0,2201225.0,0.3246,0.3911,0.45430000000000004,0.5449,0.5736,0.5735,0.6001000000000001,0.6514,0.6358,0.6444000000000001,0.6161,0.3965
2026-03-27,Arel,Sen2Cor,S2B_MSIL2A_20260327T113319_N0512_R080_T28QCH_20260327T152639.SAFE,C:\Users\Simon\Nextcloud\Project\Mauritania\Science\Arguin - FieldWork Data Processing\Data\S2\S2B_MSIL2A_20260327T113319_N0512_R080_T28QCH_20260327T152639.SAFE,266,9881,4274,342745.0,2201225.0,0.3246,0.39330000000000004,0.4626,0.5518000000000001,0.5890000000000001,0.5962000000000001,0.6217,0.6577000000000001,0.6598,0.6444000000000001,0.6245,0.40900000000000003
2026-03-27,Arel,Sen2Cor,S2B_MSIL2A_20260327T113319_N0512_R080_T28QCH_20260327T152639.SAFE,C:\Users\Simon\Nextcloud\Project\Mauritania\Science\Arguin - FieldWork Data Processing\Data\S2\S2B_MSIL2A_20260327T113319_N0512_R080_T28QCH_20260327T152639.SAFE,267,9881,4275,342755.0,2201225.0,0.3246,0.3965,0.46240000000000003,0.5601,0.5890000000000001,0.5962000000000001,0.6217,0.668,0.6598,0.6444000000000001,0.6245,0.40900000000000003
2026-03-27,Arel,Sen2Cor,S2B_MSIL2A_20260327T113319_N0512_R080_T28QCH_20260327T152639.SAFE,C:\Users\Simon\Nextcloud\Project\Mauritania\Science\Arguin - FieldWork Data Processing\Data\S2\S2B_MSIL2A_20260327T113319_N0512_R080_T28QCH_20260327T152639.SAFE,268,9881,4276,342765.0,2201225.0,0.3073,0.3921,0.46240000000000003,0.5483,0.5921000000000001,0.5922000000000001,0.6268,0.6616000000000001,0.6576000000000001,0.6444000000000001,0.627,0.40140000000000003
2026-03-27,Arel,Sen2Cor,S2B_MSIL2A_20260327T113319_N0512_R080_T28QCH_20260327T152639.SAFE,C:\Users\Simon\Nextcloud\Project\Mauritania\Science\Arguin - FieldWork Data Processing\Data\S2\S2B_MSIL2A_20260327T113319_N0512_R080_T28QCH_20260327T152639.SAFE,269,9881,4277,342775.0,2201225.0,0.3073,0.3604,0.43460000000000004,0.5288,0.5921000000000001,0.5922000000000001,0.6268,0.6484,0.6576000000000001,0.6444000000000001,0.627,0.40140000000000003
2026-03-27,Arel,Sen2Cor,S2B_MSIL2A_20260327T113319_N0512_R080_T28QCH_20260327T152639.SAFE,C:\Users\Simon\Nextcloud\Project\Mauritania\Science\Arguin - FieldWork Data Processing\Data\S2\S2B_MSIL2A_20260327T113319_N0512_R080_T28QCH_20260327T152639.SAFE,270,9881,4278,342785.0,2201225.0,0.2813,0.375,0.44120000000000004,0.5435,0.6104,0.6118,0.6255000000000001,0.6553,0.6571,0.5551,0.6384000000000001,0.4405
2026-03-27,Arel,Sen2Cor,S2B_MSIL2A_20260327T113319_N0512_R080_T28QCH_20260327T152639.SAFE,C:\Users\Simon\Nextcloud\Project\Mauritania\Science\Arguin - FieldWork Data Processing\Data\S2\S2B_MSIL2A_20260327T113319_N0512_R080_T28QCH_20260327T152639.SAFE,271,9881,4279,342795.0,2201225.0,0.2813,0.3794,0.45,0.5547000000000001,0.6104,0.6118,0.6255000000000001,0.6548,0.6571,0.5551,0.6384000000000001,0.4405
2026-03-27,Arel,Sen2Cor,S2B_MSIL2A_20260327T113319_N0512_R080_T28QCH_20260327T152639.SAFE,C:\Users\Simon\Nextcloud\Project\Mauritania\Science\Arguin - FieldWork Data Processing\Data\S2\S2B_MSIL2A_20260327T113319_N0512_R080_T28QCH_20260327T152639.SAFE,272,9882,4246,342465.0,2201215.0,0.2883,0.3945,0.47340000000000004,0.5581,0.6256,0.6129,0.6307,0.627,0.6364000000000001,0.5127,0.5979,0.4182
2026-03-27,Arel,Sen2Cor,S2B_MSIL2A_20260327T113319_N0512_R080_T28QCH_20260327T152639.SAFE,C:\Users\Simon\Nextcloud\Project\Mauritania\Science\Arguin - FieldWork Data Processing\Data\S2\S2B_MSIL2A_20260327T113319_N0512_R080_T28QCH_20260327T152639.SAFE,273,9882,4247,342475.0,2201215.0,0.2883,0.44020000000000004,0.5068,0.6074,0.6256,0.6129,0.6307,0.6792,0.6364000000000001,0.5127,0.5979,0.4182
2026-03-27,Arel,Sen2Cor,S2B_MSIL2A_20260327T113319_N0512_R080_T28QCH_20260327T152639.SAFE,C:\Users\Simon\Nextcloud\Project\Mauritania\Science\Arguin - FieldWork Data Processing\Data\S2\S2B_MSIL2A_20260327T113319_N0512_R080_T28QCH_20260327T152639.SAFE,274,9882,4248,342485.0,2201215.0,0.3261,0.4355,0.5088,0.6089,0.6426000000000001,0.6387,0.6529,0.6802,0.6701,0.6678000000000001,0.6205,0.43810000000000004
2026-03-27,Arel,Sen2Cor,S2B_MSIL2A_20260327T113319_N0512_R080_T28QCH_20260327T152639.SAFE,C:\Users\Simon\Nextcloud\Project\Mauritania\Science\Arguin - FieldWork Data Processing\Data\S2\S2B_MSIL2A_20260327T113319_N0512_R080_T28QCH_20260327T152639.SAFE,275,9882,4249,342495.0,2201215.0,0.3261,0.4333,0.5088,0.6064,0.6426000000000001,0.6387,0.6529,0.6777000000000001,0.6701,0.6678000000000001,0.6205,0.43810000000000004
2026-03-27,Arel,Sen2Cor,S2B_MSIL2A_20260327T113319_N0512_R080_T28QCH_20260327T152639.SAFE,C:\Users\Simon\Nextcloud\Project\Mauritania\Science\Arguin - FieldWork Data Processing\Data\S2\S2B_MSIL2A_20260327T113319_N0512_R080_T28QCH_20260327T152639.SAFE,276,9882,4250,342505.0,2201215.0,0.35100000000000003,0.4353,0.5107,0.6025,0.6353,0.6248,0.6471,0.6743,0.6549,0.6678000000000001,0.614,0.4242
2026-03-27,Arel,Sen2Cor,S2B_MSIL2A_20260327T113319_N0512_R080_T28QCH_20260327T152639.SAFE,C:\Users\Simon\Nextcloud\Project\Mauritania\Science\Arguin - FieldWork Data Processing\Data\S2\S2B_MSIL2A_20260327T113319_N0512_R080_T28QCH_20260327T152639.SAFE,277,9882,4251,342515.0,2201215.0,0.35100000000000003,0.4355,0.5034000000000001,0.5977,0.6353,0.6248,0.6471,0.6782,0.6549,0.6678000000000001,0.614,0.4242
2026-03-27,Arel,Sen2Cor,S2B_MSIL2A_20260327T113319_N0512_R080_T28QCH_20260327T152639.SAFE,C:\Users\Simon\Nextcloud\Project\Mauritania\Science\Arguin - FieldWork Data Processing\Data\S2\S2B_MSIL2A_20260327T113319_N0512_R080_T28QCH_20260327T152639.SAFE,278,9882,4252,342525.0,2201215.0,0.36000000000000004,0.41700000000000004,0.4934,0.5791000000000001,0.6049,0.6063000000000001,0.6176,0.666,0.6524,0.6678000000000001,0.6154000000000001,0.4071
2026-03-27,Arel,Sen2Cor,S2B_MSIL2A_20260327T113319_N0512_R080_T28QCH_20260327T152639.SAFE,C:\Users\Simon\Nextcloud\Project\Mauritania\Science\Arguin - FieldWork Data Processing\Data\S2\S2B_MSIL2A_20260327T113319_N0512_R080_T28QCH_20260327T152639.SAFE,279,9882,4253,342535.0,2201215.0,0.36000000000000004,0.4126,0.4768,0.5762,0.6049,0.6063000000000001,0.6176,0.6611,0.6524,0.6678000000000001,0.6154000000000001,0.4071
2026-03-27,Arel,Sen2Cor,S2B_MSIL2A_20260327T113319_N0512_R080_T28QCH_20260327T152639.SAFE,C:\Users\Simon\Nextcloud\Project\Mauritania\Science\Arguin - FieldWork Data Processing\Data\S2\S2B_MSIL2A_20260327T113319_N0512_R080_T28QCH_20260327T152639.SAFE,280,9882,4254,342545.0,2201215.0,0.3584,0.42260000000000003,0.4937,0.5913,0.6343,0.6288,0.6549,0.6802,0.6771,0.6584,0.6392,0.4418
2026-03-27,Arel,Sen2Cor,S2B_MSIL2A_20260327T113319_N0512_R080_T28QCH_20260327T152639.SAFE,C:\Users\Simon\Nextcloud\Project\Mauritania\Science\Arguin - FieldWork Data Processing\Data\S2\S2B_MSIL2A_20260327T113319_N0512_R080_T28QCH_20260327T152639.SAFE,281,9882,4255,342555.0,2201215.0,0.3584,0.4355,0.5088,0.6123000000000001,0.6343,0.6288,0.6549,0.6982,0.6771,0.6584,0.6392,0.4418
2026-03-27,Arel,Sen2Cor,S2B_MSIL2A_20260327T113319_N0512_R080_T28QCH_20260327T152639.SAFE,C:\Users\Simon\Nextcloud\Project\Mauritania\Science\Arguin - FieldWork Data Processing\Data\S2\S2B_MSIL2A_20260327T113319_N0512_R080_T28QCH_20260327T152639.SAFE,282,9882,4256,342565.0,2201215.0,0.3533,0.4414,0.5161,0.6143000000000001,0.6519,0.6432,0.6665,0.6924,0.6794,0.6584,0.6469,0.46640000000000004
2026-03-27,Arel,Sen2Cor,S2B_MSIL2A_20260327T113319_N0512_R080_T28QCH_20260327T152639.SAFE,C:\Users\Simon\Nextcloud\Project\Mauritania\Science\Arguin - FieldWork Data Processing\Data\S2\S2B_MSIL2A_20260327T113319_N0512_R080_T28QCH_20260327T152639.SAFE,283,9882,4257,342575.0,2201215.0,0.3533,0.4399,0.5088,0.6079,0.6519,0.6432,0.6665,0.6890000000000001,0.6794,0.6584,0.6469,0.46640000000000004
2026-03-27,Arel,Sen2Cor,S2B_MSIL2A_20260327T113319_N0512_R080_T28QCH_20260327T152639.SAFE,C:\Users\Simon\Nextcloud\Project\Mauritania\Science\Arguin - FieldWork Data Processing\Data\S2\S2B_MSIL2A_20260327T113319_N0512_R080_T28QCH_20260327T152639.SAFE,284,9882,4258,342585.0,2201215.0,0.34700000000000003,0.4294,0.5029,0.604,0.6206,0.6194000000000001,0.6382,0.6880000000000001,0.6605000000000001,0.6584,0.6412,0.4516
2026-03-27,Arel,Sen2Cor,S2B_MSIL2A_20260327T113319_N0512_R080_T28QCH_20260327T152639.SAFE,C:\Users\Simon\Nextcloud\Project\Mauritania\Science\Arguin - FieldWork Data Processing\Data\S2\S2B_MSIL2A_20260327T113319_N0512_R080_T28QCH_20260327T152639.SAFE,285,9882,4259,342595.0,2201215.0,0.34700000000000003,0.4348,0.5059,0.603,0.6206,0.6194000000000001,0.6382,0.6851,0.6605000000000001,0.6584,0.6412,0.4516
2026-03-27,Arel,Sen2Cor,S2B_MSIL2A_20260327T113319_N0512_R080_T28QCH_20260327T152639.SAFE,C:\Users\Simon\Nextcloud\Project\Mauritania\Science\Arguin - FieldWork Data Processing\Data\S2\S2B_MSIL2A_20260327T113319_N0512_R080_T28QCH_20260327T152639.SAFE,286,9882,4260,342605.0,2201215.0,0.3372,0.4409,0.5059,0.6025,0.6142000000000001,0.6158,0.6374000000000001,0.6885,0.6575000000000001,0.6386000000000001,0.6271,0.41700000000000004
2026-03-27,Arel,Sen2Cor,S2B_MSIL2A_20260327T113319_N0512_R080_T28QCH_20260327T152639.SAFE,C:\Users\Simon\Nextcloud\Project\Mauritania\Science\Arguin - FieldWork Data Processing\Data\S2\S2B_MSIL2A_20260327T113319_N0512_R080_T28QCH_20260327T152639.SAFE,287,9882,4261,342615.0,2201215.0,0.3372,0.42110000000000003,0.4919,0.5840000000000001,0.6142000000000001,0.6158,0.6374000000000001,0.6748000000000001,0.6575000000000001,0.6386000000000001,0.6271,0.41700000000000004
2026-03-27,Arel,Sen2Cor,S2B_MSIL2A_20260327T113319_N0512_R080_T28QCH_20260327T152639.SAFE,C:\Users\Simon\Nextcloud\Project\Mauritania\Science\Arguin - FieldWork Data Processing\Data\S2\S2B_MSIL2A_20260327T113319_N0512_R080_T28QCH_20260327T152639.SAFE,288,9882,4262,342625.0,2201215.0,0.32780000000000004,0.4077,0.47900000000000004,0.5737,0.5873,0.5895,0.6104,0.6665,0.6478,0.6386000000000001,0.606,0.37560000000000004
2026-03-27,Arel,Sen2Cor,S2B_MSIL2A_20260327T113319_N0512_R080_T28QCH_20260327T152639.SAFE,C:\Users\Simon\Nextcloud\Project\Mauritania\Science\Arguin - FieldWork Data Processing\Data\S2\S2B_MSIL2A_20260327T113319_N0512_R080_T28QCH_20260327T152639.SAFE,289,9882,4263,342635.0,2201215.0,0.32780000000000004,0.397,0.46390000000000003,0.5522,0.5873,0.5895,0.6104,0.6519,0.6478,0.6386000000000001,0.606,0.37560000000000004
2026-03-27,Arel,Sen2Cor,S2B_MSIL2A_20260327T113319_N0512_R080_T28QCH_20260327T152639.SAFE,C:\Users\Simon\Nextcloud\Project\Mauritania\Science\Arguin - FieldWork Data Processing\Data\S2\S2B_MSIL2A_20260327T113319_N0512_R080_T28QCH_20260327T152639.SAFE,290,9882,4264,342645.0,2201215.0,0.319,0.3567,0.4375,0.5278,0.5619000000000001,0.558,0.5924,0.6226,0.6336,0.6386000000000001,0.5954,0.3476
2026-03-27,Arel,Sen2Cor,S2B_MSIL2A_20260327T113319_N0512_R080_T28QCH_20260327T152639.SAFE,C:\Users\Simon\Nextcloud\Project\Mauritania\Science\Arguin - FieldWork Data Processing\Data\S2\S2B_MSIL2A_20260327T113319_N0512_R080_T28QCH_20260327T152639.SAFE,291,9882,4265,342655.0,2201215.0,0.319,0.3718,0.4373,0.5327000000000001,0.5619000000000001,0.558,0.5924,0.6372,0.6336,0.6386000000000001,0.5954,0.3476
2026-03-27,Arel,Sen2Cor,S2B_MSIL2A_20260327T113319_N0512_R080_T28QCH_20260327T152639.SAFE,C:\Users\Simon\Nextcloud\Project\Mauritania\Science\Arguin - FieldWork Data Processing\Data\S2\S2B_MSIL2A_20260327T113319_N0512_R080_T28QCH_20260327T152639.SAFE,292,9882,4266,342665.0,2201215.0,0.3106,0.3689,0.44260000000000005,0.5259,0.5609000000000001,0.5661,0.5893,0.6362,0.6327,0.6282,0.5994,0.3462
2026-03-27,Arel,Sen2Cor,S2B_MSIL2A_20260327T113319_N0512_R080_T28QCH_20260327T152639.SAFE,C:\Users\Simon\Nextcloud\Project\Mauritania\Science\Arguin - FieldWork Data Processing\Data\S2\S2B_MSIL2A_20260327T113319_N0512_R080_T28QCH_20260327T152639.SAFE,293,9882,4267,342675.0,2201215.0,0.3106,0.3735,0.4375,0.5254,0.5609000000000001,0.5661,0.5893,0.6304000000000001,0.6327,0.6282,0.5994,0.3462
2026-03-27,Arel,Sen2Cor,S2B_MSIL2A_20260327T113319_N0512_R080_T28QCH_20260327T152639.SAFE,C:\Users\Simon\Nextcloud\Project\Mauritania\Science\Arguin - FieldWork Data Processing\Data\S2\S2B_MSIL2A_20260327T113319_N0512_R080_T28QCH_20260327T152639.SAFE,294,9882,4268,342685.0,2201215.0,0.3052,0.37520000000000003,0.4475,0.5293,0.5515,0.5578000000000001,0.5842,0.6367,0.6269,0.6282,0.598,0.35100000000000003
2026-03-27,Arel,Sen2Cor,S2B_MSIL2A_20260327T113319_N0512_R080_T28QCH_20260327T152639.SAFE,C:\Users\Simon\Nextcloud\Project\Mauritania\Science\Arguin - FieldWork Data Processing\Data\S2\S2B_MSIL2A_20260327T113319_N0512_R080_T28QCH_20260327T152639.SAFE,295,9882,4269,342695.0,2201215.0,0.3052,0.373,0.4441,0.5342,0.5515,0.5578000000000001,0.5842,0.6382,0.6269,0.6282,0.598,0.35100000000000003
2026-03-27,Arel,Sen2Cor,S2B_MSIL2A_20260327T113319_N0512_R080_T28QCH_20260327T152639.SAFE,C:\Users\Simon\Nextcloud\Project\Mauritania\Science\Arguin - FieldWork Data Processing\Data\S2\S2B_MSIL2A_20260327T113319_N0512_R080_T28QCH_20260327T152639.SAFE,296,9882,4270,342705.0,2201215.0,0.3104,0.3645,0.4312,0.5205000000000001,0.5508000000000001,0.5503,0.5813,0.6279,0.6243000000000001,0.6282,0.608,0.3765
2026-03-27,Arel,Sen2Cor,S2B_MSIL2A_20260327T113319_N0512_R080_T28QCH_20260327T152639.SAFE,C:\Users\Simon\Nextcloud\Project\Mauritania\Science\Arguin - FieldWork Data Processing\Data\S2\S2B_MSIL2A_20260327T113319_N0512_R080_T28QCH_20260327T152639.SAFE,297,9882,4271,342715.0,2201215.0,0.3104,0.3516,0.4045,0.5078,0.5508000000000001,0.5503,0.5813,0.6157,0.6243000000000001,0.6282,0.608,0.3765
2026-03-27,Arel,Sen2Cor,S2B_MSIL2A_20260327T113319_N0512_R080_T28QCH_20260327T152639.SAFE,C:\Users\Simon\Nextcloud\Project\Mauritania\Science\Arguin - FieldWork Data Processing\Data\S2\S2B_MSIL2A_20260327T113319_N0512_R080_T28QCH_20260327T152639.SAFE,298,9882,4272,342725.0,2201215.0,0.3185,0.3635,0.42650000000000005,0.5254,0.5785,0.5805,0.6059,0.6294000000000001,0.6495000000000001,0.6571,0.6269,0.41000000000000003
2026-03-27,Arel,Sen2Cor,S2B_MSIL2A_20260327T113319_N0512_R080_T28QCH_20260327T152639.SAFE,C:\Users\Simon\Nextcloud\Project\Mauritania\Science\Arguin - FieldWork Data Processing\Data\S2\S2B_MSIL2A_20260327T113319_N0512_R080_T28QCH_20260327T152639.SAFE,299,9882,4273,342735.0,2201215.0,0.3185,0.39280000000000004,0.4592,0.5527000000000001,0.5785,0.5805,0.6059,0.6587000000000001,0.6495000000000001,0.6571,0.6269,0.41000000000000003
2026-03-27,Arel,Sen2Cor,S2B_MSIL2A_20260327T113319_N0512_R080_T28QCH_20260327T152639.SAFE,C:\Users\Simon\Nextcloud\Project\Mauritania\Science\Arguin - FieldWork Data Processing\Data\S2\S2B_MSIL2A_20260327T113319_N0512_R080_T28QCH_20260327T152639.SAFE,300,9882,4274,342745.0,2201215.0,0.31820000000000004,0.3977,0.4692,0.5605,0.5984,0.5984,0.6269,0.6665,0.6648000000000001,0.6571,0.6359,0.4148
2026-03-27,Arel,Sen2Cor,S2B_MSIL2A_20260327T113319_N0512_R080_T28QCH_20260327T152639.SAFE,C:\Users\Simon\Nextcloud\Project\Mauritania\Science\Arguin - FieldWork Data Processing\Data\S2\S2B_MSIL2A_20260327T113319_N0512_R080_T28QCH_20260327T152639.SAFE,301,9882,4275,342755.0,2201215.0,0.31820000000000004,0.37770000000000004,0.45020000000000004,0.5469,0.5984,0.5984,0.6269,0.6665,0.6648000000000001,0.6571,0.6359,0.4148
2026-03-27,Arel,Sen2Cor,S2B_MSIL2A_20260327T113319_N0512_R080_T28QCH_20260327T152639.SAFE,C:\Users\Simon\Nextcloud\Project\Mauritania\Science\Arguin - FieldWork Data Processing\Data\S2\S2B_MSIL2A_20260327T113319_N0512_R080_T28QCH_20260327T152639.SAFE,302,9882,4276,342765.0,2201215.0,0.303,0.3665,0.42600000000000005,0.5313,0.5837,0.5928,0.6188,0.6533,0.6556000000000001,0.6571,0.6411,0.4318
2026-03-27,Arel,Sen2Cor,S2B_MSIL2A_20260327T113319_N0512_R080_T28QCH_20260327T152639.SAFE,C:\Users\Simon\Nextcloud\Project\Mauritania\Science\Arguin - FieldWork Data Processing\Data\S2\S2B_MSIL2A_20260327T113319_N0512_R080_T28QCH_20260327T152639.SAFE,303,9882,4277,342775.0,2201215.0,0.303,0.37670000000000003,0.44210000000000005,0.5415,0.5837,0.5928,0.6188,0.6577000000000001,0.6556000000000001,0.6571,0.6411,0.4318
2026-03-27,Arel,Sen2Cor,S2B_MSIL2A_20260327T113319_N0512_R080_T28QCH_20260327T152639.SAFE,C:\Users\Simon\Nextcloud\Project\Mauritania\Science\Arguin - FieldWork Data Processing\Data\S2\S2B_MSIL2A_20260327T113319_N0512_R080_T28QCH_20260327T152639.SAFE,304,9882,4278,342785.0,2201215.0,0.2805,0.3799,0.4451,0.5479,0.5811000000000001,0.5875,0.6097,0.6528,0.6419,0.5427000000000001,0.6342,0.4495
2026-03-27,Arel,Sen2Cor,S2B_MSIL2A_20260327T113319_N0512_R080_T28QCH_20260327T152639.SAFE,C:\Users\Simon\Nextcloud\Project\Mauritania\Science\Arguin - FieldWork Data Processing\Data\S2\S2B_MSIL2A_20260327T113319_N0512_R080_T28QCH_20260327T152639.SAFE,305,9882,4279,342795.0,2201215.0,0.2805,0.37670000000000003,0.43920000000000003,0.5347000000000001,0.5811000000000001,0.5875,0.6097,0.6387,0.6419,0.5427000000000001,0.6342,0.4495
2026-03-27,Arel,Sen2Cor,S2B_MSIL2A_20260327T113319_N0512_R080_T28QCH_20260327T152639.SAFE,C:\Users\Simon\Nextcloud\Project\Mauritania\Science\Arguin - FieldWork Data Processing\Data\S2\S2B_MSIL2A_20260327T113319_N0512_R080_T28QCH_20260327T152639.SAFE,306,9883,4246,342465.0,2201205.0,0.2883,0.38530000000000003,0.4561,0.5488000000000001,0.6256,0.6129,0.6307,0.6284000000000001,0.6364000000000001,0.5127,0.5979,0.4182
2026-03-27,Arel,Sen2Cor,S2B_MSIL2A_20260327T113319_N0512_R080_T28QCH_20260327T152639.SAFE,C:\Users\Simon\Nextcloud\Project\Mauritania\Science\Arguin - FieldWork Data Processing\Data\S2\S2B_MSIL2A_20260327T113319_N0512_R080_T28QCH_20260327T152639.SAFE,307,9883,4247,342475.0,2201205.0,0.2883,0.4204,0.4907,0.5889,0.6256,0.6129,0.6307,0.6694,0.6364000000000001,0.5127,0.5979,0.4182
2026-03-27,Arel,Sen2Cor,S2B_MSIL2A_20260327T113319_N0512_R080_T28QCH_20260327T152639.SAFE,C:\Users\Simon\Nextcloud\Project\Mauritania\Science\Arguin - FieldWork Data Processing\Data\S2\S2B_MSIL2A_20260327T113319_N0512_R080_T28QCH_20260327T152639.SAFE,308,9883,4248,342485.0,2201205.0,0.3261,0.4314,0.5068,0.6001000000000001,0.6426000000000001,0.6387,0.6529,0.6792,0.6701,0.6678000000000001,0.6205,0.43810000000000004
2026-03-27,Arel,Sen2Cor,S2B_MSIL2A_20260327T113319_N0512_R080_T28QCH_20260327T152639.SAFE,C:\Users\Simon\Nextcloud\Project\Mauritania\Science\Arguin - FieldWork Data Processing\Data\S2\S2B_MSIL2A_20260327T113319_N0512_R080_T28QCH_20260327T152639.SAFE,309,9883,4249,342495.0,2201205.0,0.3261,0.42600000000000005,0.4973,0.5918,0.6426000000000001,0.6387,0.6529,0.6689,0.6701,0.6678000000000001,0.6205,0.43810000000000004
2026-03-27,Arel,Sen2Cor,S2B_MSIL2A_20260327T113319_N0512_R080_T28QCH_20260327T152639.SAFE,C:\Users\Simon\Nextcloud\Project\Mauritania\Science\Arguin - FieldWork Data Processing\Data\S2\S2B_MSIL2A_20260327T113319_N0512_R080_T28QCH_20260327T152639.SAFE,310,9883,4250,342505.0,2201205.0,0.35100000000000003,0.4248,0.502,0.5962000000000001,0.6353,0.6248,0.6471,0.6694,0.6549,0.6678000000000001,0.614,0.4242
2026-03-27,Arel,Sen2Cor,S2B_MSIL2A_20260327T113319_N0512_R080_T28QCH_20260327T152639.SAFE,C:\Users\Simon\Nextcloud\Project\Mauritania\Science\Arguin - FieldWork Data Processing\Data\S2\S2B_MSIL2A_20260327T113319_N0512_R080_T28QCH_20260327T152639.SAFE,311,9883,4251,342515.0,2201205.0,0.35100000000000003,0.4238,0.49560000000000004,0.5918,0.6353,0.6248,0.6471,0.6665,0.6549,0.6678000000000001,0.614,0.4242
2026-03-27,Arel,Sen2Cor,S2B_MSIL2A_20260327T113319_N0512_R080_T28QCH_20260327T152639.SAFE,C:\Users\Simon\Nextcloud\Project\Mauritania\Science\Arguin - FieldWork Data Processing\Data\S2\S2B_MSIL2A_20260327T113319_N0512_R080_T28QCH_20260327T152639.SAFE,312,9883,4252,342525.0,2201205.0,0.36000000000000004,0.3911,0.46190000000000003,0.5488000000000001,0.6049,0.6063000000000001,0.6176,0.6416000000000001,0.6524,0.6678000000000001,0.6154000000000001,0.4071
2026-03-27,Arel,Sen2Cor,S2B_MSIL2A_20260327T113319_N0512_R080_T28QCH_20260327T152639.SAFE,C:\Users\Simon\Nextcloud\Project\Mauritania\Science\Arguin - FieldWork Data Processing\Data\S2\S2B_MSIL2A_20260327T113319_N0512_R080_T28QCH_20260327T152639.SAFE,313,9883,4253,342535.0,2201205.0,0.36000000000000004,0.37770000000000004,0.44170000000000004,0.5342,0.6049,0.6063000000000001,0.6176,0.6367,0.6524,0.6678000000000001,0.6154000000000001,0.4071
2026-03-27,Arel,Sen2Cor,S2B_MSIL2A_20260327T113319_N0512_R080_T28QCH_20260327T152639.SAFE,C:\Users\Simon\Nextcloud\Project\Mauritania\Science\Arguin - FieldWork Data Processing\Data\S2\S2B_MSIL2A_20260327T113319_N0512_R080_T28QCH_20260327T152639.SAFE,314,9883,4254,342545.0,2201205.0,0.3584,0.4146,0.48660000000000003,0.5737,0.6343,0.6288,0.6549,0.6655,0.6771,0.6584,0.6392,0.4418
2026-03-27,Arel,Sen2Cor,S2B_MSIL2A_20260327T113319_N0512_R080_T28QCH_20260327T152639.SAFE,C:\Users\Simon\Nextcloud\Project\Mauritania\Science\Arguin - FieldWork Data Processing\Data\S2\S2B_MSIL2A_20260327T113319_N0512_R080_T28QCH_20260327T152639.SAFE,315,9883,4255,342555.0,2201205.0,0.3584,0.42650000000000005,0.5,0.6035,0.6343,0.6288,0.6549,0.6895,0.6771,0.6584,0.6392,0.4418
2026-03-27,Arel,Sen2Cor,S2B_MSIL2A_20260327T113319_N0512_R080_T28QCH_20260327T152639.SAFE,C:\Users\Simon\Nextcloud\Project\Mauritania\Science\Arguin - FieldWork Data Processing\Data\S2\S2B_MSIL2A_20260327T113319_N0512_R080_T28QCH_20260327T152639.SAFE,316,9883,4256,342565.0,2201205.0,0.3533,0.4343,0.5098,0.6108,0.6519,0.6432,0.6665,0.6895,0.6794,0.6584,0.6469,0.46640000000000004
2026-03-27,Arel,Sen2Cor,S2B_MSIL2A_20260327T113319_N0512_R080_T28QCH_20260327T152639.SAFE,C:\Users\Simon\Nextcloud\Project\Mauritania\Science\Arguin - FieldWork Data Processing\Data\S2\S2B_MSIL2A_20260327T113319_N0512_R080_T28QCH_20260327T152639.SAFE,317,9883,4257,342575.0,2201205.0,0.3533,0.4414,0.5088,0.6055,0.6519,0.6432,0.6665,0.6899000000000001,0.6794,0.6584,0.6469,0.46640000000000004
2026-03-27,Arel,Sen2Cor,S2B_MSIL2A_20260327T113319_N0512_R080_T28QCH_20260327T152639.SAFE,C:\Users\Simon\Nextcloud\Project\Mauritania\Science\Arguin - FieldWork Data Processing\Data\S2\S2B_MSIL2A_20260327T113319_N0512_R080_T28QCH_20260327T152639.SAFE,318,9883,4258,342585.0,2201205.0,0.34700000000000003,0.4143,0.47950000000000004,0.5752,0.6206,0.6194000000000001,0.6382,0.665,0.6605000000000001,0.6584,0.6412,0.4516
2026-03-27,Arel,Sen2Cor,S2B_MSIL2A_20260327T113319_N0512_R080_T28QCH_20260327T152639.SAFE,C:\Users\Simon\Nextcloud\Project\Mauritania\Science\Arguin - FieldWork Data Processing\Data\S2\S2B_MSIL2A_20260327T113319_N0512_R080_T28QCH_20260327T152639.SAFE,319,9883,4259,342595.0,2201205.0,0.34700000000000003,0.3894,0.45780000000000004,0.5537000000000001,0.6206,0.6194000000000001,0.6382,0.6401,0.6605000000000001,0.6584,0.6412,0.4516
2026-03-27,Arel,Sen2Cor,S2B_MSIL2A_20260327T113319_N0512_R080_T28QCH_20260327T152639.SAFE,C:\Users\Simon\Nextcloud\Project\Mauritania\Science\Arguin - FieldWork Data Processing\Data\S2\S2B_MSIL2A_20260327T113319_N0512_R080_T28QCH_20260327T152639.SAFE,320,9883,4260,342605.0,2201205.0,0.3372,0.4063,0.4727,0.5679000000000001,0.6142000000000001,0.6158,0.6374000000000001,0.6538,0.6575000000000001,0.6386000000000001,0.6271,0.41700000000000004
2026-03-27,Arel,Sen2Cor,S2B_MSIL2A_20260327T113319_N0512_R080_T28QCH_20260327T152639.SAFE,C:\Users\Simon\Nextcloud\Project\Mauritania\Science\Arguin - FieldWork Data Processing\Data\S2\S2B_MSIL2A_20260327T113319_N0512_R080_T28QCH_20260327T152639.SAFE,321,9883,4261,342615.0,2201205.0,0.3372,0.406,0.4768,0.5718,0.6142000000000001,0.6158,0.6374000000000001,0.6606000000000001,0.6575000000000001,0.6386000000000001,0.6271,0.41700000000000004
2026-03-27,Arel,Sen2Cor,S2B_MSIL2A_20260327T113319_N0512_R080_T28QCH_20260327T152639.SAFE,C:\Users\Simon\Nextcloud\Project\Mauritania\Science\Arguin - FieldWork Data Processing\Data\S2\S2B_MSIL2A_20260327T113319_N0512_R080_T28QCH_20260327T152639.SAFE,322,9883,4262,342625.0,2201205.0,0.32780000000000004,0.3977,0.47000000000000003,0.561,0.5873,0.5895,0.6104,0.6519,0.6478,0.6386000000000001,0.606,0.37560000000000004
2026-03-27,Arel,Sen2Cor,S2B_MSIL2A_20260327T113319_N0512_R080_T28QCH_20260327T152639.SAFE,C:\Users\Simon\Nextcloud\Project\Mauritania\Science\Arguin - FieldWork Data Processing\Data\S2\S2B_MSIL2A_20260327T113319_N0512_R080_T28QCH_20260327T152639.SAFE,323,9883,4263,342635.0,2201205.0,0.32780000000000004,0.38330000000000003,0.447,0.5386000000000001,0.5873,0.5895,0.6104,0.6382,0.6478,0.6386000000000001,0.606,0.37560000000000004
2026-03-27,Arel,Sen2Cor,S2B_MSIL2A_20260327T113319_N0512_R080_T28QCH_20260327T152639.SAFE,C:\Users\Simon\Nextcloud\Project\Mauritania\Science\Arguin - FieldWork Data Processing\Data\S2\S2B_MSIL2A_20260327T113319_N0512_R080_T28QCH_20260327T152639.SAFE,324,9883,4264,342645.0,2201205.0,0.319,0.36060000000000003,0.41700000000000004,0.5049,0.5619000000000001,0.558,0.5924,0.6167,0.6336,0.6386000000000001,0.5954,0.3476
2026-03-27,Arel,Sen2Cor,S2B_MSIL2A_20260327T113319_N0512_R080_T28QCH_20260327T152639.SAFE,C:\Users\Simon\Nextcloud\Project\Mauritania\Science\Arguin - FieldWork Data Processing\Data\S2\S2B_MSIL2A_20260327T113319_N0512_R080_T28QCH_20260327T152639.SAFE,325,9883,4265,342655.0,2201205.0,0.319,0.3416,0.42260000000000003,0.5049,0.5619000000000001,0.558,0.5924,0.6152000000000001,0.6336,0.6386000000000001,0.5954,0.3476
2026-03-27,Arel,Sen2Cor,S2B_MSIL2A_20260327T113319_N0512_R080_T28QCH_20260327T152639.SAFE,C:\Users\Simon\Nextcloud\Project\Mauritania\Science\Arguin - FieldWork Data Processing\Data\S2\S2B_MSIL2A_20260327T113319_N0512_R080_T28QCH_20260327T152639.SAFE,326,9883,4266,342665.0,2201205.0,0.3106,0.36110000000000003,0.4297,0.5254,0.5609000000000001,0.5661,0.5893,0.6284000000000001,0.6327,0.6282,0.5994,0.3462
2026-03-27,Arel,Sen2Cor,S2B_MSIL2A_20260327T113319_N0512_R080_T28QCH_20260327T152639.SAFE,C:\Users\Simon\Nextcloud\Project\Mauritania\Science\Arguin - FieldWork Data Processing\Data\S2\S2B_MSIL2A_20260327T113319_N0512_R080_T28QCH_20260327T152639.SAFE,327,9883,4267,342675.0,2201205.0,0.3106,0.36160000000000003,0.42110000000000003,0.5142,0.5609000000000001,0.5661,0.5893,0.6211,0.6327,0.6282,0.5994,0.3462
2026-03-27,Arel,Sen2Cor,S2B_MSIL2A_20260327T113319_N0512_R080_T28QCH_20260327T152639.SAFE,C:\Users\Simon\Nextcloud\Project\Mauritania\Science\Arguin - FieldWork Data Processing\Data\S2\S2B_MSIL2A_20260327T113319_N0512_R080_T28QCH_20260327T152639.SAFE,328,9883,4268,342685.0,2201205.0,0.3052,0.36250000000000004,0.4287,0.5161,0.5515,0.5578000000000001,0.5842,0.625,0.6269,0.6282,0.598,0.35100000000000003
2026-03-27,Arel,Sen2Cor,S2B_MSIL2A_20260327T113319_N0512_R080_T28QCH_20260327T152639.SAFE,C:\Users\Simon\Nextcloud\Project\Mauritania\Science\Arguin - FieldWork Data Processing\Data\S2\S2B_MSIL2A_20260327T113319_N0512_R080_T28QCH_20260327T152639.SAFE,329,9883,4269,342695.0,2201205.0,0.3052,0.3682,0.4282,0.5171,0.5515,0.5578000000000001,0.5842,0.6206,0.6269,0.6282,0.598,0.35100000000000003
2026-03-27,Arel,Sen2Cor,S2B_MSIL2A_20260327T113319_N0512_R080_T28QCH_20260327T152639.SAFE,C:\Users\Simon\Nextcloud\Project\Mauritania\Science\Arguin - FieldWork Data Processing\Data\S2\S2B_MSIL2A_20260327T113319_N0512_R080_T28QCH_20260327T152639.SAFE,330,9883,4270,342705.0,2201205.0,0.3104,0.34550000000000003,0.41190000000000004,0.4932,0.5508000000000001,0.5503,0.5813,0.6099,0.6243000000000001,0.6282,0.608,0.3765
2026-03-27,Arel,Sen2Cor,S2B_MSIL2A_20260327T113319_N0512_R080_T28QCH_20260327T152639.SAFE,C:\Users\Simon\Nextcloud\Project\Mauritania\Science\Arguin - FieldWork Data Processing\Data\S2\S2B_MSIL2A_20260327T113319_N0512_R080_T28QCH_20260327T152639.SAFE,331,9883,4271,342715.0,2201205.0,0.3104,0.3557,0.40750000000000003,0.5039,0.5508000000000001,0.5503,0.5813,0.6187,0.6243000000000001,0.6282,0.608,0.3765
2026-03-27,Arel,Sen2Cor,S2B_MSIL2A_20260327T113319_N0512_R080_T28QCH_20260327T152639.SAFE,C:\Users\Simon\Nextcloud\Project\Mauritania\Science\Arguin - FieldWork Data Processing\Data\S2\S2B_MSIL2A_20260327T113319_N0512_R080_T28QCH_20260327T152639.SAFE,332,9883,4272,342725.0,2201205.0,0.3185,0.3594,0.4312,0.5244,0.5785,0.5805,0.6059,0.6299,0.6495000000000001,0.6571,0.6269,0.41000000000000003
2026-03-27,Arel,Sen2Cor,S2B_MSIL2A_20260327T113319_N0512_R080_T28QCH_20260327T152639.SAFE,C:\Users\Simon\Nextcloud\Project\Mauritania\Science\Arguin - FieldWork Data Processing\Data\S2\S2B_MSIL2A_20260327T113319_N0512_R080_T28QCH_20260327T152639.SAFE,333,9883,4273,342735.0,2201205.0,0.3185,0.3865,0.4524,0.5527000000000001,0.5785,0.5805,0.6059,0.6611,0.6495000000000001,0.6571,0.6269,0.41000000000000003
2026-03-27,Arel,Sen2Cor,S2B_MSIL2A_20260327T113319_N0512_R080_T28QCH_20260327T152639.SAFE,C:\Users\Simon\Nextcloud\Project\Mauritania\Science\Arguin - FieldWork Data Processing\Data\S2\S2B_MSIL2A_20260327T113319_N0512_R080_T28QCH_20260327T152639.SAFE,334,9883,4274,342745.0,2201205.0,0.31820000000000004,0.37570000000000003,0.44780000000000003,0.5444,0.5984,0.5984,0.6269,0.6606000000000001,0.6648000000000001,0.6571,0.6359,0.4148
2026-03-27,Arel,Sen2Cor,S2B_MSIL2A_20260327T113319_N0512_R080_T28QCH_20260327T152639.SAFE,C:\Users\Simon\Nextcloud\Project\Mauritania\Science\Arguin - FieldWork Data Processing\Data\S2\S2B_MSIL2A_20260327T113319_N0512_R080_T28QCH_20260327T152639.SAFE,335,9883,4275,342755.0,2201205.0,0.31820000000000004,0.3582,0.42700000000000005,0.5322,0.5984,0.5984,0.6269,0.6553,0.6648000000000001,0.6571,0.6359,0.4148
2026-03-27,Arel,Sen2Cor,S2B_MSIL2A_20260327T113319_N0512_R080_T28QCH_20260327T152639.SAFE,C:\Users\Simon\Nextcloud\Project\Mauritania\Science\Arguin - FieldWork Data Processing\Data\S2\S2B_MSIL2A_20260327T113319_N0512_R080_T28QCH_20260327T152639.SAFE,336,9883,4276,342765.0,2201205.0,0.303,0.3694,0.4365,0.5376000000000001,0.5837,0.5928,0.6188,0.6592,0.6556000000000001,0.6571,0.6411,0.4318
2026-03-27,Arel,Sen2Cor,S2B_MSIL2A_20260327T113319_N0512_R080_T28QCH_20260327T152639.SAFE,C:\Users\Simon\Nextcloud\Project\Mauritania\Science\Arguin - FieldWork Data Processing\Data\S2\S2B_MSIL2A_20260327T113319_N0512_R080_T28QCH_20260327T152639.SAFE,337,9883,4277,342775.0,2201205.0,0.303,0.37870000000000004,0.4436,0.541,0.5837,0.5928,0.6188,0.6533,0.6556000000000001,0.6571,0.6411,0.4318
2026-03-27,Arel,Sen2Cor,S2B_MSIL2A_20260327T113319_N0512_R080_T28QCH_20260327T152639.SAFE,C:\Users\Simon\Nextcloud\Project\Mauritania\Science\Arguin - FieldWork Data Processing\Data\S2\S2B_MSIL2A_20260327T113319_N0512_R080_T28QCH_20260327T152639.SAFE,338,9883,4278,342785.0,2201205.0,0.2805,0.3652,0.4263,0.5254,0.5811000000000001,0.5875,0.6097,0.6387,0.6419,0.5427000000000001,0.6342,0.4495
2026-03-27,Arel,Sen2Cor,S2B_MSIL2A_20260327T113319_N0512_R080_T28QCH_20260327T152639.SAFE,C:\Users\Simon\Nextcloud\Project\Mauritania\Science\Arguin - FieldWork Data Processing\Data\S2\S2B_MSIL2A_20260327T113319_N0512_R080_T28QCH_20260327T152639.SAFE,339,9883,4279,342795.0,2201205.0,0.2805,0.35910000000000003,0.42360000000000003,0.5161,0.5811000000000001,0.5875,0.6097,0.6309,0.6419,0.5427000000000001,0.6342,0.4495
2026-03-27,Arel,Sen2Cor,S2B_MSIL2A_20260327T113319_N0512_R080_T28QCH_20260327T152639.SAFE,C:\Users\Simon\Nextcloud\Project\Mauritania\Science\Arguin - FieldWork Data Processing\Data\S2\S2B_MSIL2A_20260327T113319_N0512_R080_T28QCH_20260327T152639.SAFE,340,9884,4246,342465.0,2201195.0,0.2846,0.3718,0.4338,0.5269,0.597,0.6029,0.6015,0.6089,0.6361,0.5127,0.5996,0.4167
2026-03-27,Arel,Sen2Cor,S2B_MSIL2A_20260327T113319_N0512_R080_T28QCH_20260327T152639.SAFE,C:\Users\Simon\Nextcloud\Project\Mauritania\Science\Arguin - FieldWork Data Processing\Data\S2\S2B_MSIL2A_20260327T113319_N0512_R080_T28QCH_20260327T152639.SAFE,341,9884,4247,342475.0,2201195.0,0.2846,0.40040000000000003,0.47440000000000004,0.5737,0.597,0.6029,0.6015,0.6606000000000001,0.6361,0.5127,0.5996,0.4167
2026-03-27,Arel,Sen2Cor,S2B_MSIL2A_20260327T113319_N0512_R080_T28QCH_20260327T152639.SAFE,C:\Users\Simon\Nextcloud\Project\Mauritania\Science\Arguin - FieldWork Data Processing\Data\S2\S2B_MSIL2A_20260327T113319_N0512_R080_T28QCH_20260327T152639.SAFE,342,9884,4248,342485.0,2201195.0,0.31980000000000003,0.4141,0.4858,0.5864,0.6294000000000001,0.6258,0.6401,0.6631,0.6625,0.6678000000000001,0.6241,0.44320000000000004
2026-03-27,Arel,Sen2Cor,S2B_MSIL2A_20260327T113319_N0512_R080_T28QCH_20260327T152639.SAFE,C:\Users\Simon\Nextcloud\Project\Mauritania\Science\Arguin - FieldWork Data Processing\Data\S2\S2B_MSIL2A_20260327T113319_N0512_R080_T28QCH_20260327T152639.SAFE,343,9884,4249,342495.0,2201195.0,0.31980000000000003,0.41240000000000004,0.4832,0.5791000000000001,0.6294000000000001,0.6258,0.6401,0.6606000000000001,0.6625,0.6678000000000001,0.6241,0.44320000000000004
2026-03-27,Arel,Sen2Cor,S2B_MSIL2A_20260327T113319_N0512_R080_T28QCH_20260327T152639.SAFE,C:\Users\Simon\Nextcloud\Project\Mauritania\Science\Arguin - FieldWork Data Processing\Data\S2\S2B_MSIL2A_20260327T113319_N0512_R080_T28QCH_20260327T152639.SAFE,344,9884,4250,342505.0,2201195.0,0.34340000000000004,0.4146,0.49100000000000005,0.5884,0.6273000000000001,0.6165,0.6454000000000001,0.668,0.6565000000000001,0.6678000000000001,0.6303000000000001,0.4328
2026-03-27,Arel,Sen2Cor,S2B_MSIL2A_20260327T113319_N0512_R080_T28QCH_20260327T152639.SAFE,C:\Users\Simon\Nextcloud\Project\Mauritania\Science\Arguin - FieldWork Data Processing\Data\S2\S2B_MSIL2A_20260327T113319_N0512_R080_T28QCH_20260327T152639.SAFE,345,9884,4251,342515.0,2201195.0,0.34340000000000004,0.40940000000000004,0.4812,0.5767,0.6273000000000001,0.6165,0.6454000000000001,0.6621,0.6565000000000001,0.6678000000000001,0.6303000000000001,0.4328
2026-03-27,Arel,Sen2Cor,S2B_MSIL2A_20260327T113319_N0512_R080_T28QCH_20260327T152639.SAFE,C:\Users\Simon\Nextcloud\Project\Mauritania\Science\Arguin - FieldWork Data Processing\Data\S2\S2B_MSIL2A_20260327T113319_N0512_R080_T28QCH_20260327T152639.SAFE,346,9884,4252,342525.0,2201195.0,0.34990000000000004,0.3684,0.4355,0.5171,0.5804,0.6008,0.6109,0.626,0.6516000000000001,0.6678000000000001,0.6263000000000001,0.4091
2026-03-27,Arel,Sen2Cor,S2B_MSIL2A_20260327T113319_N0512_R080_T28QCH_20260327T152639.SAFE,C:\Users\Simon\Nextcloud\Project\Mauritania\Science\Arguin - FieldWork Data Processing\Data\S2\S2B_MSIL2A_20260327T113319_N0512_R080_T28QCH_20260327T152639.SAFE,347,9884,4253,342535.0,2201195.0,0.34990000000000004,0.3679,0.4299,0.5215000000000001,0.5804,0.6008,0.6109,0.626,0.6516000000000001,0.6678000000000001,0.6263000000000001,0.4091
2026-03-27,Arel,Sen2Cor,S2B_MSIL2A_20260327T113319_N0512_R080_T28QCH_20260327T152639.SAFE,C:\Users\Simon\Nextcloud\Project\Mauritania\Science\Arguin - FieldWork Data Processing\Data\S2\S2B_MSIL2A_20260327T113319_N0512_R080_T28QCH_20260327T152639.SAFE,348,9884,4254,342545.0,2201195.0,0.34550000000000003,0.4041,0.47750000000000004,0.5718,0.6274000000000001,0.6227,0.647,0.666,0.6667000000000001,0.6584,0.6395000000000001,0.44420000000000004
2026-03-27,Arel,Sen2Cor,S2B_MSIL2A_20260327T113319_N0512_R080_T28QCH_20260327T152639.SAFE,C:\Users\Simon\Nextcloud\Project\Mauritania\Science\Arguin - FieldWork Data Processing\Data\S2\S2B_MSIL2A_20260327T113319_N0512_R080_T28QCH_20260327T152639.SAFE,349,9884,4255,342555.0,2201195.0,0.34550000000000003,0.4253,0.4939,0.5972000000000001,0.6274000000000001,0.6227,0.647,0.6816,0.6667000000000001,0.6584,0.6395000000000001,0.44420000000000004
2026-03-27,Arel,Sen2Cor,S2B_MSIL2A_20260327T113319_N0512_R080_T28QCH_20260327T152639.SAFE,C:\Users\Simon\Nextcloud\Project\Mauritania\Science\Arguin - FieldWork Data Processing\Data\S2\S2B_MSIL2A_20260327T113319_N0512_R080_T28QCH_20260327T152639.SAFE,350,9884,4256,342565.0,2201195.0,0.34,0.4348,0.5098,0.6025,0.6327,0.6218,0.6451,0.6826,0.6601,0.6584,0.6485000000000001,0.46530000000000005
2026-03-27,Arel,Sen2Cor,S2B_MSIL2A_20260327T113319_N0512_R080_T28QCH_20260327T152639.SAFE,C:\Users\Simon\Nextcloud\Project\Mauritania\Science\Arguin - FieldWork Data Processing\Data\S2\S2B_MSIL2A_20260327T113319_N0512_R080_T28QCH_20260327T152639.SAFE,351,9884,4257,342575.0,2201195.0,0.34,0.4243,0.4927,0.5850000000000001,0.6327,0.6218,0.6451,0.6704,0.6601,0.6584,0.6485000000000001,0.46530000000000005
2026-03-27,Arel,Sen2Cor,S2B_MSIL2A_20260327T113319_N0512_R080_T28QCH_20260327T152639.SAFE,C:\Users\Simon\Nextcloud\Project\Mauritania\Science\Arguin - FieldWork Data Processing\Data\S2\S2B_MSIL2A_20260327T113319_N0512_R080_T28QCH_20260327T152639.SAFE,352,9884,4258,342585.0,2201195.0,0.334,0.3806,0.44020000000000004,0.5293,0.5719000000000001,0.5768,0.5867,0.623,0.6262,0.6584,0.6358,0.4439
2026-03-27,Arel,Sen2Cor,S2B_MSIL2A_20260327T113319_N0512_R080_T28QCH_20260327T152639.SAFE,C:\Users\Simon\Nextcloud\Project\Mauritania\Science\Arguin - FieldWork Data Processing\Data\S2\S2B_MSIL2A_20260327T113319_N0512_R080_T28QCH_20260327T152639.SAFE,353,9884,4259,342595.0,2201195.0,0.334,0.3652,0.4153,0.5103,0.5719000000000001,0.5768,0.5867,0.6045,0.6262,0.6584,0.6358,0.4439
2026-03-27,Arel,Sen2Cor,S2B_MSIL2A_20260327T113319_N0512_R080_T28QCH_20260327T152639.SAFE,C:\Users\Simon\Nextcloud\Project\Mauritania\Science\Arguin - FieldWork Data Processing\Data\S2\S2B_MSIL2A_20260327T113319_N0512_R080_T28QCH_20260327T152639.SAFE,354,9884,4260,342605.0,2201195.0,0.3256,0.39230000000000004,0.4587,0.5449,0.5735,0.5719000000000001,0.5979,0.6382,0.629,0.6386000000000001,0.609,0.3815
2026-03-27,Arel,Sen2Cor,S2B_MSIL2A_20260327T113319_N0512_R080_T28QCH_20260327T152639.SAFE,C:\Users\Simon\Nextcloud\Project\Mauritania\Science\Arguin - FieldWork Data Processing\Data\S2\S2B_MSIL2A_20260327T113319_N0512_R080_T28QCH_20260327T152639.SAFE,355,9884,4261,342615.0,2201195.0,0.3256,0.395,0.46730000000000005,0.5518000000000001,0.5735,0.5719000000000001,0.5979,0.6455000000000001,0.629,0.6386000000000001,0.609,0.3815
2026-03-27,Arel,Sen2Cor,S2B_MSIL2A_20260327T113319_N0512_R080_T28QCH_20260327T152639.SAFE,C:\Users\Simon\Nextcloud\Project\Mauritania\Science\Arguin - FieldWork Data Processing\Data\S2\S2B_MSIL2A_20260327T113319_N0512_R080_T28QCH_20260327T152639.SAFE,356,9884,4262,342625.0,2201195.0,0.3179,0.38920000000000005,0.46530000000000005,0.5518000000000001,0.5767,0.5820000000000001,0.6049,0.644,0.6412,0.6386000000000001,0.5976,0.3553
2026-03-27,Arel,Sen2Cor,S2B_MSIL2A_20260327T113319_N0512_R080_T28QCH_20260327T152639.SAFE,C:\Users\Simon\Nextcloud\Project\Mauritania\Science\Arguin - FieldWork Data Processing\Data\S2\S2B_MSIL2A_20260327T113319_N0512_R080_T28QCH_20260327T152639.SAFE,357,9884,4263,342635.0,2201195.0,0.3179,0.36300000000000004,0.4268,0.5195000000000001,0.5767,0.5820000000000001,0.6049,0.6265000000000001,0.6412,0.6386000000000001,0.5976,0.3553
2026-03-27,Arel,Sen2Cor,S2B_MSIL2A_20260327T113319_N0512_R080_T28QCH_20260327T152639.SAFE,C:\Users\Simon\Nextcloud\Project\Mauritania\Science\Arguin - FieldWork Data Processing\Data\S2\S2B_MSIL2A_20260327T113319_N0512_R080_T28QCH_20260327T152639.SAFE,358,9884,4264,342645.0,2201195.0,0.3116,0.3408,0.41090000000000004,0.5083,0.5599000000000001,0.5632,0.5889,0.6143000000000001,0.6291,0.6386000000000001,0.5999,0.3477
2026-03-27,Arel,Sen2Cor,S2B_MSIL2A_20260327T113319_N0512_R080_T28QCH_20260327T152639.SAFE,C:\Users\Simon\Nextcloud\Project\Mauritania\Science\Arguin - FieldWork Data Processing\Data\S2\S2B_MSIL2A_20260327T113319_N0512_R080_T28QCH_20260327T152639.SAFE,359,9884,4265,342655.0,2201195.0,0.3116,0.35910000000000003,0.4292,0.5161,0.5599000000000001,0.5632,0.5889,0.6255000000000001,0.6291,0.6386000000000001,0.5999,0.3477
2026-03-27,Arel,Sen2Cor,S2B_MSIL2A_20260327T113319_N0512_R080_T28QCH_20260327T152639.SAFE,C:\Users\Simon\Nextcloud\Project\Mauritania\Science\Arguin - FieldWork Data Processing\Data\S2\S2B_MSIL2A_20260327T113319_N0512_R080_T28QCH_20260327T152639.SAFE,360,9884,4266,342665.0,2201195.0,0.3049,0.3638,0.4258,0.5161,0.5508000000000001,0.554,0.5814,0.6211,0.6223000000000001,0.6282,0.6025,0.3567
2026-03-27,Arel,Sen2Cor,S2B_MSIL2A_20260327T113319_N0512_R080_T28QCH_20260327T152639.SAFE,C:\Users\Simon\Nextcloud\Project\Mauritania\Science\Arguin - FieldWork Data Processing\Data\S2\S2B_MSIL2A_20260327T113319_N0512_R080_T28QCH_20260327T152639.SAFE,361,9884,4267,342675.0,2201195.0,0.3049,0.3521,0.41500000000000004,0.5,0.5508000000000001,0.554,0.5814,0.6133000000000001,0.6223000000000001,0.6282,0.6025,0.3567
2026-03-27,Arel,Sen2Cor,S2B_MSIL2A_20260327T113319_N0512_R080_T28QCH_20260327T152639.SAFE,C:\Users\Simon\Nextcloud\Project\Mauritania\Science\Arguin - FieldWork Data Processing\Data\S2\S2B_MSIL2A_20260327T113319_N0512_R080_T28QCH_20260327T152639.SAFE,362,9884,4268,342685.0,2201195.0,0.3024,0.3406,0.4102,0.4883,0.5358,0.541,0.5678000000000001,0.6074,0.6212,0.6282,0.6004,0.3613
2026-03-27,Arel,Sen2Cor,S2B_MSIL2A_20260327T113319_N0512_R080_T28QCH_20260327T152639.SAFE,C:\Users\Simon\Nextcloud\Project\Mauritania\Science\Arguin - FieldWork Data Processing\Data\S2\S2B_MSIL2A_20260327T113319_N0512_R080_T28QCH_20260327T152639.SAFE,363,9884,4269,342695.0,2201195.0,0.3024,0.34640000000000004,0.39530000000000004,0.4812,0.5358,0.541,0.5678000000000001,0.5996,0.6212,0.6282,0.6004,0.3613
2026-03-27,Arel,Sen2Cor,S2B_MSIL2A_20260327T113319_N0512_R080_T28QCH_20260327T152639.SAFE,C:\Users\Simon\Nextcloud\Project\Mauritania\Science\Arguin - FieldWork Data Processing\Data\S2\S2B_MSIL2A_20260327T113319_N0512_R080_T28QCH_20260327T152639.SAFE,364,9884,4270,342705.0,2201195.0,0.306,0.33180000000000004,0.39480000000000004,0.4763,0.5468000000000001,0.5466,0.5810000000000001,0.5962000000000001,0.6254000000000001,0.6282,0.6094,0.3791
2026-03-27,Arel,Sen2Cor,S2B_MSIL2A_20260327T113319_N0512_R080_T28QCH_20260327T152639.SAFE,C:\Users\Simon\Nextcloud\Project\Mauritania\Science\Arguin - FieldWork Data Processing\Data\S2\S2B_MSIL2A_20260327T113319_N0512_R080_T28QCH_20260327T152639.SAFE,365,9884,4271,342715.0,2201195.0,0.306,0.3655,0.42210000000000003,0.5151,0.5468000000000001,0.5466,0.5810000000000001,0.6284000000000001,0.6254000000000001,0.6282,0.6094,0.3791
2026-03-27,Arel,Sen2Cor,S2B_MSIL2A_20260327T113319_N0512_R080_T28QCH_20260327T152639.SAFE,C:\Users\Simon\Nextcloud\Project\Mauritania\Science\Arguin - FieldWork Data Processing\Data\S2\S2B_MSIL2A_20260327T113319_N0512_R080_T28QCH_20260327T152639.SAFE,366,9884,4272,342725.0,2201195.0,0.3134,0.3755,0.4414,0.5356000000000001,0.5900000000000001,0.595,0.6184000000000001,0.6445000000000001,0.6542,0.6571,0.6346,0.4121
2026-03-27,Arel,Sen2Cor,S2B_MSIL2A_20260327T113319_N0512_R080_T28QCH_20260327T152639.SAFE,C:\Users\Simon\Nextcloud\Project\Mauritania\Science\Arguin - FieldWork Data Processing\Data\S2\S2B_MSIL2A_20260327T113319_N0512_R080_T28QCH_20260327T152639.SAFE,367,9884,4273,342735.0,2201195.0,0.3134,0.39280000000000004,0.4592,0.5552,0.5900000000000001,0.595,0.6184000000000001,0.6636000000000001,0.6542,0.6571,0.6346,0.4121
2026-03-27,Arel,Sen2Cor,S2B_MSIL2A_20260327T113319_N0512_R080_T28QCH_20260327T152639.SAFE,C:\Users\Simon\Nextcloud\Project\Mauritania\Science\Arguin - FieldWork Data Processing\Data\S2\S2B_MSIL2A_20260327T113319_N0512_R080_T28QCH_20260327T152639.SAFE,368,9884,4274,342745.0,2201195.0,0.31170000000000003,0.3831,0.45170000000000005,0.5508000000000001,0.5968,0.6027,0.6256,0.665,0.6622,0.6571,0.6454000000000001,0.42860000000000004
2026-03-27,Arel,Sen2Cor,S2B_MSIL2A_20260327T113319_N0512_R080_T28QCH_20260327T152639.SAFE,C:\Users\Simon\Nextcloud\Project\Mauritania\Science\Arguin - FieldWork Data Processing\Data\S2\S2B_MSIL2A_20260327T113319_N0512_R080_T28QCH_20260327T152639.SAFE,369,9884,4275,342755.0,2201195.0,0.31170000000000003,0.37770000000000004,0.44170000000000004,0.5386000000000001,0.5968,0.6027,0.6256,0.6582,0.6622,0.6571,0.6454000000000001,0.42860000000000004
2026-03-27,Arel,Sen2Cor,S2B_MSIL2A_20260327T113319_N0512_R080_T28QCH_20260327T152639.SAFE,C:\Users\Simon\Nextcloud\Project\Mauritania\Science\Arguin - FieldWork Data Processing\Data\S2\S2B_MSIL2A_20260327T113319_N0512_R080_T28QCH_20260327T152639.SAFE,370,9884,4276,342765.0,2201195.0,0.29700000000000004,0.37670000000000003,0.4399,0.5376000000000001,0.5811000000000001,0.5877,0.6145,0.6563,0.6539,0.6571,0.6421,0.4451
2026-03-27,Arel,Sen2Cor,S2B_MSIL2A_20260327T113319_N0512_R080_T28QCH_20260327T152639.SAFE,C:\Users\Simon\Nextcloud\Project\Mauritania\Science\Arguin - FieldWork Data Processing\Data\S2\S2B_MSIL2A_20260327T113319_N0512_R080_T28QCH_20260327T152639.SAFE,371,9884,4277,342775.0,2201195.0,0.29700000000000004,0.3677,0.42110000000000003,0.5254,0.5811000000000001,0.5877,0.6145,0.6401,0.6539,0.6571,0.6421,0.4451
2026-03-27,Arel,Sen2Cor,S2B_MSIL2A_20260327T113319_N0512_R080_T28QCH_20260327T152639.SAFE,C:\Users\Simon\Nextcloud\Project\Mauritania\Science\Arguin - FieldWork Data Processing\Data\S2\S2B_MSIL2A_20260327T113319_N0512_R080_T28QCH_20260327T152639.SAFE,372,9884,4278,342785.0,2201195.0,0.273,0.3542,0.40940000000000004,0.5093,0.5675,0.5751000000000001,0.5969,0.6304000000000001,0.6386000000000001,0.5427000000000001,0.6302,0.444
2026-03-27,Arel,Sen2Cor,S2B_MSIL2A_20260327T113319_N0512_R080_T28QCH_20260327T152639.SAFE,C:\Users\Simon\Nextcloud\Project\Mauritania\Science\Arguin - FieldWork Data Processing\Data\S2\S2B_MSIL2A_20260327T113319_N0512_R080_T28QCH_20260327T152639.SAFE,373,9885,4247,342475.0,2201185.0,0.2846,0.40040000000000003,0.47490000000000004,0.5601,0.597,0.6029,0.6015,0.6553,0.6361,0.5127,0.5996,0.4167
2026-03-27,Arel,Sen2Cor,S2B_MSIL2A_20260327T113319_N0512_R080_T28QCH_20260327T152639.SAFE,C:\Users\Simon\Nextcloud\Project\Mauritania\Science\Arguin - FieldWork Data Processing\Data\S2\S2B_MSIL2A_20260327T113319_N0512_R080_T28QCH_20260327T152639.SAFE,374,9885,4248,342485.0,2201185.0,0.31980000000000003,0.405,0.4783,0.5767,0.6294000000000001,0.6258,0.6401,0.6626000000000001,0.6625,0.6678000000000001,0.6241,0.44320000000000004
2026-03-27,Arel,Sen2Cor,S2B_MSIL2A_20260327T113319_N0512_R080_T28QCH_20260327T152639.SAFE,C:\Users\Simon\Nextcloud\Project\Mauritania\Science\Arguin - FieldWork Data Processing\Data\S2\S2B_MSIL2A_20260327T113319_N0512_R080_T28QCH_20260327T152639.SAFE,375,9885,4249,342495.0,2201185.0,0.31980000000000003,0.4097,0.48510000000000003,0.5811000000000001,0.6294000000000001,0.6258,0.6401,0.668,0.6625,0.6678000000000001,0.6241,0.44320000000000004
2026-03-27,Arel,Sen2Cor,S2B_MSIL2A_20260327T113319_N0512_R080_T28QCH_20260327T152639.SAFE,C:\Users\Simon\Nextcloud\Project\Mauritania\Science\Arguin - FieldWork Data Processing\Data\S2\S2B_MSIL2A_20260327T113319_N0512_R080_T28QCH_20260327T152639.SAFE,376,9885,4250,342505.0,2201185.0,0.34340000000000004,0.4092,0.4883,0.5894,0.6273000000000001,0.6165,0.6454000000000001,0.6753,0.6565000000000001,0.6678000000000001,0.6303000000000001,0.4328
2026-03-27,Arel,Sen2Cor,S2B_MSIL2A_20260327T113319_N0512_R080_T28QCH_20260327T152639.SAFE,C:\Users\Simon\Nextcloud\Project\Mauritania\Science\Arguin - FieldWork Data Processing\Data\S2\S2B_MSIL2A_20260327T113319_N0512_R080_T28QCH_20260327T152639.SAFE,377,9885,4251,342515.0,2201185.0,0.34340000000000004,0.4063,0.4797,0.5771000000000001,0.6273000000000001,0.6165,0.6454000000000001,0.6733,0.6565000000000001,0.6678000000000001,0.6303000000000001,0.4328
2026-03-27,Arel,Sen2Cor,S2B_MSIL2A_20260327T113319_N0512_R080_T28QCH_20260327T152639.SAFE,C:\Users\Simon\Nextcloud\Project\Mauritania\Science\Arguin - FieldWork Data Processing\Data\S2\S2B_MSIL2A_20260327T113319_N0512_R080_T28QCH_20260327T152639.SAFE,378,9885,4252,342525.0,2201185.0,0.34990000000000004,0.3794,0.4539,0.5439,0.5804,0.6008,0.6109,0.6479,0.6516000000000001,0.6678000000000001,0.6263000000000001,0.4091
2026-03-27,Arel,Sen2Cor,S2B_MSIL2A_20260327T113319_N0512_R080_T28QCH_20260327T152639.SAFE,C:\Users\Simon\Nextcloud\Project\Mauritania\Science\Arguin - FieldWork Data Processing\Data\S2\S2B_MSIL2A_20260327T113319_N0512_R080_T28QCH_20260327T152639.SAFE,379,9885,4253,342535.0,2201185.0,0.34990000000000004,0.4021,0.46240000000000003,0.561,0.5804,0.6008,0.6109,0.6587000000000001,0.6516000000000001,0.6678000000000001,0.6263000000000001,0.4091
2026-03-27,Arel,Sen2Cor,S2B_MSIL2A_20260327T113319_N0512_R080_T28QCH_20260327T152639.SAFE,C:\Users\Simon\Nextcloud\Project\Mauritania\Science\Arguin - FieldWork Data Processing\Data\S2\S2B_MSIL2A_20260327T113319_N0512_R080_T28QCH_20260327T152639.SAFE,380,9885,4254,342545.0,2201185.0,0.34550000000000003,0.4077,0.4873,0.5820000000000001,0.6274000000000001,0.6227,0.647,0.6763,0.6667000000000001,0.6584,0.6395000000000001,0.44420000000000004
2026-03-27,Arel,Sen2Cor,S2B_MSIL2A_20260327T113319_N0512_R080_T28QCH_20260327T152639.SAFE,C:\Users\Simon\Nextcloud\Project\Mauritania\Science\Arguin - FieldWork Data Processing\Data\S2\S2B_MSIL2A_20260327T113319_N0512_R080_T28QCH_20260327T152639.SAFE,381,9885,4255,342555.0,2201185.0,0.34550000000000003,0.42850000000000005,0.4988,0.5947,0.6274000000000001,0.6227,0.647,0.6768000000000001,0.6667000000000001,0.6584,0.6395000000000001,0.44420000000000004
2026-03-27,Arel,Sen2Cor,S2B_MSIL2A_20260327T113319_N0512_R080_T28QCH_20260327T152639.SAFE,C:\Users\Simon\Nextcloud\Project\Mauritania\Science\Arguin - FieldWork Data Processing\Data\S2\S2B_MSIL2A_20260327T113319_N0512_R080_T28QCH_20260327T152639.SAFE,382,9885,4256,342565.0,2201185.0,0.34,0.43310000000000004,0.5039,0.5986,0.6327,0.6218,0.6451,0.6792,0.6601,0.6584,0.6485000000000001,0.46530000000000005
2026-03-27,Arel,Sen2Cor,S2B_MSIL2A_20260327T113319_N0512_R080_T28QCH_20260327T152639.SAFE,C:\Users\Simon\Nextcloud\Project\Mauritania\Science\Arguin - FieldWork Data Processing\Data\S2\S2B_MSIL2A_20260327T113319_N0512_R080_T28QCH_20260327T152639.SAFE,383,9885,4257,342575.0,2201185.0,0.34,0.4172,0.47850000000000004,0.5762,0.6327,0.6218,0.6451,0.6558,0.6601,0.6584,0.6485000000000001,0.46530000000000005
2026-03-27,Arel,Sen2Cor,S2B_MSIL2A_20260327T113319_N0512_R080_T28QCH_20260327T152639.SAFE,C:\Users\Simon\Nextcloud\Project\Mauritania\Science\Arguin - FieldWork Data Processing\Data\S2\S2B_MSIL2A_20260327T113319_N0512_R080_T28QCH_20260327T152639.SAFE,384,9885,4258,342585.0,2201185.0,0.334,0.375,0.4329,0.5244,0.5719000000000001,0.5768,0.5867,0.6201,0.6262,0.6584,0.6358,0.4439
2026-03-27,Arel,Sen2Cor,S2B_MSIL2A_20260327T113319_N0512_R080_T28QCH_20260327T152639.SAFE,C:\Users\Simon\Nextcloud\Project\Mauritania\Science\Arguin - FieldWork Data Processing\Data\S2\S2B_MSIL2A_20260327T113319_N0512_R080_T28QCH_20260327T152639.SAFE,385,9885,4259,342595.0,2201185.0,0.334,0.3679,0.4194,0.5083,0.5719000000000001,0.5768,0.5867,0.603,0.6262,0.6584,0.6358,0.4439
2026-03-27,Arel,Sen2Cor,S2B_MSIL2A_20260327T113319_N0512_R080_T28QCH_20260327T152639.SAFE,C:\Users\Simon\Nextcloud\Project\Mauritania\Science\Arguin - FieldWork Data Processing\Data\S2\S2B_MSIL2A_20260327T113319_N0512_R080_T28QCH_20260327T152639.SAFE,386,9885,4260,342605.0,2201185.0,0.3256,0.37620000000000003,0.4409,0.5313,0.5735,0.5719000000000001,0.5979,0.6235,0.629,0.6386000000000001,0.609,0.3815
2026-03-27,Arel,Sen2Cor,S2B_MSIL2A_20260327T113319_N0512_R080_T28QCH_20260327T152639.SAFE,C:\Users\Simon\Nextcloud\Project\Mauritania\Science\Arguin - FieldWork Data Processing\Data\S2\S2B_MSIL2A_20260327T113319_N0512_R080_T28QCH_20260327T152639.SAFE,387,9885,4261,342615.0,2201185.0,0.3256,0.36210000000000003,0.4287,0.5151,0.5735,0.5719000000000001,0.5979,0.6196,0.629,0.6386000000000001,0.609,0.3815
2026-03-27,Arel,Sen2Cor,S2B_MSIL2A_20260327T113319_N0512_R080_T28QCH_20260327T152639.SAFE,C:\Users\Simon\Nextcloud\Project\Mauritania\Science\Arguin - FieldWork Data Processing\Data\S2\S2B_MSIL2A_20260327T113319_N0512_R080_T28QCH_20260327T152639.SAFE,388,9885,4262,342625.0,2201185.0,0.3179,0.37920000000000004,0.45,0.5425,0.5767,0.5820000000000001,0.6049,0.6411,0.6412,0.6386000000000001,0.5976,0.3553
2026-03-27,Arel,Sen2Cor,S2B_MSIL2A_20260327T113319_N0512_R080_T28QCH_20260327T152639.SAFE,C:\Users\Simon\Nextcloud\Project\Mauritania\Science\Arguin - FieldWork Data Processing\Data\S2\S2B_MSIL2A_20260327T113319_N0512_R080_T28QCH_20260327T152639.SAFE,389,9885,4263,342635.0,2201185.0,0.3179,0.3894,0.4546,0.5415,0.5767,0.5820000000000001,0.6049,0.6484,0.6412,0.6386000000000001,0.5976,0.3553
2026-03-27,Arel,Sen2Cor,S2B_MSIL2A_20260327T113319_N0512_R080_T28QCH_20260327T152639.SAFE,C:\Users\Simon\Nextcloud\Project\Mauritania\Science\Arguin - FieldWork Data Processing\Data\S2\S2B_MSIL2A_20260327T113319_N0512_R080_T28QCH_20260327T152639.SAFE,390,9885,4264,342645.0,2201185.0,0.3116,0.373,0.4519,0.5381,0.5599000000000001,0.5632,0.5889,0.6436000000000001,0.6291,0.6386000000000001,0.5999,0.3477
2026-03-27,Arel,Sen2Cor,S2B_MSIL2A_20260327T113319_N0512_R080_T28QCH_20260327T152639.SAFE,C:\Users\Simon\Nextcloud\Project\Mauritania\Science\Arguin - FieldWork Data Processing\Data\S2\S2B_MSIL2A_20260327T113319_N0512_R080_T28QCH_20260327T152639.SAFE,391,9885,4265,342655.0,2201185.0,0.3116,0.36160000000000003,0.4307,0.5269,0.5599000000000001,0.5632,0.5889,0.6328,0.6291,0.6386000000000001,0.5999,0.3477
2026-03-27,Arel,Sen2Cor,S2B_MSIL2A_20260327T113319_N0512_R080_T28QCH_20260327T152639.SAFE,C:\Users\Simon\Nextcloud\Project\Mauritania\Science\Arguin - FieldWork Data Processing\Data\S2\S2B_MSIL2A_20260327T113319_N0512_R080_T28QCH_20260327T152639.SAFE,392,9885,4266,342665.0,2201185.0,0.3049,0.3516,0.4197,0.5083,0.5508000000000001,0.554,0.5814,0.6187,0.6223000000000001,0.6282,0.6025,0.3567
2026-03-27,Arel,Sen2Cor,S2B_MSIL2A_20260327T113319_N0512_R080_T28QCH_20260327T152639.SAFE,C:\Users\Simon\Nextcloud\Project\Mauritania\Science\Arguin - FieldWork Data Processing\Data\S2\S2B_MSIL2A_20260327T113319_N0512_R080_T28QCH_20260327T152639.SAFE,393,9885,4267,342675.0,2201185.0,0.3049,0.36010000000000003,0.4177,0.5083,0.5508000000000001,0.554,0.5814,0.6206,0.6223000000000001,0.6282,0.6025,0.3567
2026-03-27,Arel,Sen2Cor,S2B_MSIL2A_20260327T113319_N0512_R080_T28QCH_20260327T152639.SAFE,C:\Users\Simon\Nextcloud\Project\Mauritania\Science\Arguin - FieldWork Data Processing\Data\S2\S2B_MSIL2A_20260327T113319_N0512_R080_T28QCH_20260327T152639.SAFE,394,9885,4268,342685.0,2201185.0,0.3024,0.35450000000000004,0.40990000000000004,0.502,0.5358,0.541,0.5678000000000001,0.6182000000000001,0.6212,0.6282,0.6004,0.3613
2026-03-27,Arel,Sen2Cor,S2B_MSIL2A_20260327T113319_N0512_R080_T28QCH_20260327T152639.SAFE,C:\Users\Simon\Nextcloud\Project\Mauritania\Science\Arguin - FieldWork Data Processing\Data\S2\S2B_MSIL2A_20260327T113319_N0512_R080_T28QCH_20260327T152639.SAFE,395,9885,4269,342695.0,2201185.0,0.3024,0.342,0.39530000000000004,0.48510000000000003,0.5358,0.541,0.5678000000000001,0.6074,0.6212,0.6282,0.6004,0.3613
2026-03-27,Arel,Sen2Cor,S2B_MSIL2A_20260327T113319_N0512_R080_T28QCH_20260327T152639.SAFE,C:\Users\Simon\Nextcloud\Project\Mauritania\Science\Arguin - FieldWork Data Processing\Data\S2\S2B_MSIL2A_20260327T113319_N0512_R080_T28QCH_20260327T152639.SAFE,396,9885,4270,342705.0,2201185.0,0.306,0.3428,0.4092,0.4934,0.5468000000000001,0.5466,0.5810000000000001,0.6138,0.6254000000000001,0.6282,0.6094,0.3791
2026-03-27,Arel,Sen2Cor,S2B_MSIL2A_20260327T113319_N0512_R080_T28QCH_20260327T152639.SAFE,C:\Users\Simon\Nextcloud\Project\Mauritania\Science\Arguin - FieldWork Data Processing\Data\S2\S2B_MSIL2A_20260327T113319_N0512_R080_T28QCH_20260327T152639.SAFE,397,9885,4271,342715.0,2201185.0,0.306,0.3633,0.4253,0.521,0.5468000000000001,0.5466,0.5810000000000001,0.6338,0.6254000000000001,0.6282,0.6094,0.3791
2026-03-27,Arel,Sen2Cor,S2B_MSIL2A_20260327T113319_N0512_R080_T28QCH_20260327T152639.SAFE,C:\Users\Simon\Nextcloud\Project\Mauritania\Science\Arguin - FieldWork Data Processing\Data\S2\S2B_MSIL2A_20260327T113319_N0512_R080_T28QCH_20260327T152639.SAFE,398,9885,4272,342725.0,2201185.0,0.3134,0.3806,0.44430000000000003,0.5435,0.5900000000000001,0.595,0.6184000000000001,0.6499,0.6542,0.6571,0.6346,0.4121
2026-03-27,Arel,Sen2Cor,S2B_MSIL2A_20260327T113319_N0512_R080_T28QCH_20260327T152639.SAFE,C:\Users\Simon\Nextcloud\Project\Mauritania\Science\Arguin - FieldWork Data Processing\Data\S2\S2B_MSIL2A_20260327T113319_N0512_R080_T28QCH_20260327T152639.SAFE,399,9885,4273,342735.0,2201185.0,0.3134,0.39790000000000003,0.4761,0.5684,0.5900000000000001,0.595,0.6184000000000001,0.6729,0.6542,0.6571,0.6346,0.4121
2026-03-27,Arel,Sen2Cor,S2B_MSIL2A_20260327T113319_N0512_R080_T28QCH_20260327T152639.SAFE,C:\Users\Simon\Nextcloud\Project\Mauritania\Science\Arguin - FieldWork Data Processing\Data\S2\S2B_MSIL2A_20260327T113319_N0512_R080_T28QCH_20260327T152639.SAFE,400,9885,4274,342745.0,2201185.0,0.31170000000000003,0.3906,0.4565,0.5605,0.5968,0.6027,0.6256,0.6733,0.6622,0.6571,0.6454000000000001,0.42860000000000004
2026-03-27,Arel,Sen2Cor,S2B_MSIL2A_20260327T113319_N0512_R080_T28QCH_20260327T152639.SAFE,C:\Users\Simon\Nextcloud\Project\Mauritania\Science\Arguin - FieldWork Data Processing\Data\S2\S2B_MSIL2A_20260327T113319_N0512_R080_T28QCH_20260327T152639.SAFE,401,9885,4275,342755.0,2201185.0,0.31170000000000003,0.3735,0.4404,0.5386000000000001,0.5968,0.6027,0.6256,0.6582,0.6622,0.6571,0.6454000000000001,0.42860000000000004
2026-03-27,Arel,Sen2Cor,S2B_MSIL2A_20260327T113319_N0512_R080_T28QCH_20260327T152639.SAFE,C:\Users\Simon\Nextcloud\Project\Mauritania\Science\Arguin - FieldWork Data Processing\Data\S2\S2B_MSIL2A_20260327T113319_N0512_R080_T28QCH_20260327T152639.SAFE,402,9885,4276,342765.0,2201185.0,0.29700000000000004,0.3723,0.4365,0.5322,0.5811000000000001,0.5877,0.6145,0.6533,0.6539,0.6571,0.6421,0.4451
2026-03-27,Arel,Sen2Cor,S2B_MSIL2A_20260327T113319_N0512_R080_T28QCH_20260327T152639.SAFE,C:\Users\Simon\Nextcloud\Project\Mauritania\Science\Arguin - FieldWork Data Processing\Data\S2\S2B_MSIL2A_20260327T113319_N0512_R080_T28QCH_20260327T152639.SAFE,403,9885,4277,342775.0,2201185.0,0.29700000000000004,0.3708,0.4294,0.5249,0.5811000000000001,0.5877,0.6145,0.647,0.6539,0.6571,0.6421,0.4451
2026-03-27,Arel,Sen2Cor,S2B_MSIL2A_20260327T113319_N0512_R080_T28QCH_20260327T152639.SAFE,C:\Users\Simon\Nextcloud\Project\Mauritania\Science\Arguin - FieldWork Data Processing\Data\S2\S2B_MSIL2A_20260327T113319_N0512_R080_T28QCH_20260327T152639.SAFE,404,9885,4278,342785.0,2201185.0,0.273,0.3579,0.41850000000000004,0.5171,0.5675,0.5751000000000001,0.5969,0.6421,0.6386000000000001,0.5427000000000001,0.6302,0.444
2026-03-27,Arel,Sen2Cor,S2B_MSIL2A_20260327T113319_N0512_R080_T28QCH_20260327T152639.SAFE,C:\Users\Simon\Nextcloud\Project\Mauritania\Science\Arguin - FieldWork Data Processing\Data\S2\S2B_MSIL2A_20260327T113319_N0512_R080_T28QCH_20260327T152639.SAFE,405,9886,4247,342475.0,2201175.0,0.2822,0.4146,0.4873,0.5820000000000001,0.6065,0.608,0.6281,0.6719,0.6563,0.5127,0.615,0.4244
2026-03-27,Arel,Sen2Cor,S2B_MSIL2A_20260327T113319_N0512_R080_T28QCH_20260327T152639.SAFE,C:\Users\Simon\Nextcloud\Project\Mauritania\Science\Arguin - FieldWork Data Processing\Data\S2\S2B_MSIL2A_20260327T113319_N0512_R080_T28QCH_20260327T152639.SAFE,406,9886,4248,342485.0,2201175.0,0.3159,0.4111,0.4792,0.5830000000000001,0.6431,0.6406000000000001,0.6612,0.6724,0.6787000000000001,0.6678000000000001,0.6515000000000001,0.4617
2026-03-27,Arel,Sen2Cor,S2B_MSIL2A_20260327T113319_N0512_R080_T28QCH_20260327T152639.SAFE,C:\Users\Simon\Nextcloud\Project\Mauritania\Science\Arguin - FieldWork Data Processing\Data\S2\S2B_MSIL2A_20260327T113319_N0512_R080_T28QCH_20260327T152639.SAFE,407,9886,4249,342495.0,2201175.0,0.3159,0.4063,0.4883,0.5889,0.6431,0.6406000000000001,0.6612,0.6812,0.6787000000000001,0.6678000000000001,0.6515000000000001,0.4617
2026-03-27,Arel,Sen2Cor,S2B_MSIL2A_20260327T113319_N0512_R080_T28QCH_20260327T152639.SAFE,C:\Users\Simon\Nextcloud\Project\Mauritania\Science\Arguin - FieldWork Data Processing\Data\S2\S2B_MSIL2A_20260327T113319_N0512_R080_T28QCH_20260327T152639.SAFE,408,9886,4250,342505.0,2201175.0,0.3373,0.4006,0.4763,0.5903,0.6266,0.6235,0.6467,0.6831,0.6703,0.6678000000000001,0.649,0.45740000000000003
2026-03-27,Arel,Sen2Cor,S2B_MSIL2A_20260327T113319_N0512_R080_T28QCH_20260327T152639.SAFE,C:\Users\Simon\Nextcloud\Project\Mauritania\Science\Arguin - FieldWork Data Processing\Data\S2\S2B_MSIL2A_20260327T113319_N0512_R080_T28QCH_20260327T152639.SAFE,409,9886,4251,342515.0,2201175.0,0.3373,0.4021,0.4753,0.5811000000000001,0.6266,0.6235,0.6467,0.6768000000000001,0.6703,0.6678000000000001,0.649,0.45740000000000003
2026-03-27,Arel,Sen2Cor,S2B_MSIL2A_20260327T113319_N0512_R080_T28QCH_20260327T152639.SAFE,C:\Users\Simon\Nextcloud\Project\Mauritania\Science\Arguin - FieldWork Data Processing\Data\S2\S2B_MSIL2A_20260327T113319_N0512_R080_T28QCH_20260327T152639.SAFE,410,9886,4252,342525.0,2201175.0,0.34140000000000004,0.3987,0.4707,0.5703,0.6159,0.6101,0.6305000000000001,0.6689,0.666,0.6678000000000001,0.6423,0.4454
2026-03-27,Arel,Sen2Cor,S2B_MSIL2A_20260327T113319_N0512_R080_T28QCH_20260327T152639.SAFE,C:\Users\Simon\Nextcloud\Project\Mauritania\Science\Arguin - FieldWork Data Processing\Data\S2\S2B_MSIL2A_20260327T113319_N0512_R080_T28QCH_20260327T152639.SAFE,411,9886,4253,342535.0,2201175.0,0.34140000000000004,0.4021,0.4761,0.5771000000000001,0.6159,0.6101,0.6305000000000001,0.6714,0.666,0.6678000000000001,0.6423,0.4454
2026-03-27,Arel,Sen2Cor,S2B_MSIL2A_20260327T113319_N0512_R080_T28QCH_20260327T152639.SAFE,C:\Users\Simon\Nextcloud\Project\Mauritania\Science\Arguin - FieldWork Data Processing\Data\S2\S2B_MSIL2A_20260327T113319_N0512_R080_T28QCH_20260327T152639.SAFE,412,9886,4254,342545.0,2201175.0,0.33640000000000003,0.406,0.4854,0.5859,0.6239,0.6183000000000001,0.6413,0.6748000000000001,0.6656000000000001,0.6584,0.6435000000000001,0.45580000000000004
2026-03-27,Arel,Sen2Cor,S2B_MSIL2A_20260327T113319_N0512_R080_T28QCH_20260327T152639.SAFE,C:\Users\Simon\Nextcloud\Project\Mauritania\Science\Arguin - FieldWork Data Processing\Data\S2\S2B_MSIL2A_20260327T113319_N0512_R080_T28QCH_20260327T152639.SAFE,413,9886,4255,342555.0,2201175.0,0.33640000000000003,0.41600000000000004,0.4829,0.5913,0.6239,0.6183000000000001,0.6413,0.6689,0.6656000000000001,0.6584,0.6435000000000001,0.45580000000000004
2026-03-27,Arel,Sen2Cor,S2B_MSIL2A_20260327T113319_N0512_R080_T28QCH_20260327T152639.SAFE,C:\Users\Simon\Nextcloud\Project\Mauritania\Science\Arguin - FieldWork Data Processing\Data\S2\S2B_MSIL2A_20260327T113319_N0512_R080_T28QCH_20260327T152639.SAFE,414,9886,4256,342565.0,2201175.0,0.3297,0.41190000000000004,0.48560000000000003,0.5859,0.6137,0.611,0.6313000000000001,0.6714,0.654,0.6584,0.6472,0.4611
2026-03-27,Arel,Sen2Cor,S2B_MSIL2A_20260327T113319_N0512_R080_T28QCH_20260327T152639.SAFE,C:\Users\Simon\Nextcloud\Project\Mauritania\Science\Arguin - FieldWork Data Processing\Data\S2\S2B_MSIL2A_20260327T113319_N0512_R080_T28QCH_20260327T152639.SAFE,415,9886,4257,342575.0,2201175.0,0.3297,0.4177,0.4758,0.5762,0.6137,0.611,0.6313000000000001,0.665,0.654,0.6584,0.6472,0.4611
2026-03-27,Arel,Sen2Cor,S2B_MSIL2A_20260327T113319_N0512_R080_T28QCH_20260327T152639.SAFE,C:\Users\Simon\Nextcloud\Project\Mauritania\Science\Arguin - FieldWork Data Processing\Data\S2\S2B_MSIL2A_20260327T113319_N0512_R080_T28QCH_20260327T152639.SAFE,416,9886,4258,342585.0,2201175.0,0.3244,0.38480000000000003,0.44920000000000004,0.541,0.5748,0.5775,0.6002000000000001,0.6348,0.628,0.6584,0.6368,0.442
2026-03-27,Arel,Sen2Cor,S2B_MSIL2A_20260327T113319_N0512_R080_T28QCH_20260327T152639.SAFE,C:\Users\Simon\Nextcloud\Project\Mauritania\Science\Arguin - FieldWork Data Processing\Data\S2\S2B_MSIL2A_20260327T113319_N0512_R080_T28QCH_20260327T152639.SAFE,417,9886,4259,342595.0,2201175.0,0.3244,0.37620000000000003,0.4375,0.5234,0.5748,0.5775,0.6002000000000001,0.6206,0.628,0.6584,0.6368,0.442
2026-03-27,Arel,Sen2Cor,S2B_MSIL2A_20260327T113319_N0512_R080_T28QCH_20260327T152639.SAFE,C:\Users\Simon\Nextcloud\Project\Mauritania\Science\Arguin - FieldWork Data Processing\Data\S2\S2B_MSIL2A_20260327T113319_N0512_R080_T28QCH_20260327T152639.SAFE,418,9886,4260,342605.0,2201175.0,0.31670000000000004,0.37570000000000003,0.4409,0.5298,0.5693,0.5735,0.5988,0.6255000000000001,0.6259,0.6386000000000001,0.608,0.3745
2026-03-27,Arel,Sen2Cor,S2B_MSIL2A_20260327T113319_N0512_R080_T28QCH_20260327T152639.SAFE,C:\Users\Simon\Nextcloud\Project\Mauritania\Science\Arguin - FieldWork Data Processing\Data\S2\S2B_MSIL2A_20260327T113319_N0512_R080_T28QCH_20260327T152639.SAFE,419,9886,4261,342615.0,2201175.0,0.31670000000000004,0.37010000000000004,0.4395,0.5215000000000001,0.5693,0.5735,0.5988,0.6274000000000001,0.6259,0.6386000000000001,0.608,0.3745
2026-03-27,Arel,Sen2Cor,S2B_MSIL2A_20260327T113319_N0512_R080_T28QCH_20260327T152639.SAFE,C:\Users\Simon\Nextcloud\Project\Mauritania\Science\Arguin - FieldWork Data Processing\Data\S2\S2B_MSIL2A_20260327T113319_N0512_R080_T28QCH_20260327T152639.SAFE,420,9886,4262,342625.0,2201175.0,0.3113,0.38480000000000003,0.4556,0.5493,0.5901000000000001,0.5887,0.6135,0.6455000000000001,0.6451,0.6386000000000001,0.6084,0.36360000000000003
2026-03-27,Arel,Sen2Cor,S2B_MSIL2A_20260327T113319_N0512_R080_T28QCH_20260327T152639.SAFE,C:\Users\Simon\Nextcloud\Project\Mauritania\Science\Arguin - FieldWork Data Processing\Data\S2\S2B_MSIL2A_20260327T113319_N0512_R080_T28QCH_20260327T152639.SAFE,421,9886,4263,342635.0,2201175.0,0.3113,0.3911,0.4617,0.5518000000000001,0.5901000000000001,0.5887,0.6135,0.6523,0.6451,0.6386000000000001,0.6084,0.36360000000000003
2026-03-27,Arel,Sen2Cor,S2B_MSIL2A_20260327T113319_N0512_R080_T28QCH_20260327T152639.SAFE,C:\Users\Simon\Nextcloud\Project\Mauritania\Science\Arguin - FieldWork Data Processing\Data\S2\S2B_MSIL2A_20260327T113319_N0512_R080_T28QCH_20260327T152639.SAFE,422,9886,4264,342645.0,2201175.0,0.308,0.3733,0.43770000000000003,0.5313,0.553,0.5597,0.5937,0.6421,0.635,0.6386000000000001,0.6125,0.36260000000000003
2026-03-27,Arel,Sen2Cor,S2B_MSIL2A_20260327T113319_N0512_R080_T28QCH_20260327T152639.SAFE,C:\Users\Simon\Nextcloud\Project\Mauritania\Science\Arguin - FieldWork Data Processing\Data\S2\S2B_MSIL2A_20260327T113319_N0512_R080_T28QCH_20260327T152639.SAFE,423,9886,4265,342655.0,2201175.0,0.308,0.3452,0.40890000000000004,0.5039,0.553,0.5597,0.5937,0.624,0.635,0.6386000000000001,0.6125,0.36260000000000003
2026-03-27,Arel,Sen2Cor,S2B_MSIL2A_20260327T113319_N0512_R080_T28QCH_20260327T152639.SAFE,C:\Users\Simon\Nextcloud\Project\Mauritania\Science\Arguin - FieldWork Data Processing\Data\S2\S2B_MSIL2A_20260327T113319_N0512_R080_T28QCH_20260327T152639.SAFE,424,9886,4266,342665.0,2201175.0,0.30560000000000004,0.3506,0.4153,0.5059,0.5562,0.5592,0.5864,0.6226,0.6258,0.6282,0.618,0.3911
2026-03-27,Arel,Sen2Cor,S2B_MSIL2A_20260327T113319_N0512_R080_T28QCH_20260327T152639.SAFE,C:\Users\Simon\Nextcloud\Project\Mauritania\Science\Arguin - FieldWork Data Processing\Data\S2\S2B_MSIL2A_20260327T113319_N0512_R080_T28QCH_20260327T152639.SAFE,425,9886,4267,342675.0,2201175.0,0.30560000000000004,0.3635,0.42360000000000003,0.5186000000000001,0.5562,0.5592,0.5864,0.6309,0.6258,0.6282,0.618,0.3911
2026-03-27,Arel,Sen2Cor,S2B_MSIL2A_20260327T113319_N0512_R080_T28QCH_20260327T152639.SAFE,C:\Users\Simon\Nextcloud\Project\Mauritania\Science\Arguin - FieldWork Data Processing\Data\S2\S2B_MSIL2A_20260327T113319_N0512_R080_T28QCH_20260327T152639.SAFE,426,9886,4268,342685.0,2201175.0,0.3038,0.36160000000000003,0.4263,0.5171,0.5577,0.5698,0.5926,0.6279,0.6296,0.6282,0.6163000000000001,0.399
2026-03-27,Arel,Sen2Cor,S2B_MSIL2A_20260327T113319_N0512_R080_T28QCH_20260327T152639.SAFE,C:\Users\Simon\Nextcloud\Project\Mauritania\Science\Arguin - FieldWork Data Processing\Data\S2\S2B_MSIL2A_20260327T113319_N0512_R080_T28QCH_20260327T152639.SAFE,427,9886,4269,342695.0,2201175.0,0.3038,0.366,0.42260000000000003,0.5142,0.5577,0.5698,0.5926,0.6255000000000001,0.6296,0.6282,0.6163000000000001,0.399
2026-03-27,Arel,Sen2Cor,S2B_MSIL2A_20260327T113319_N0512_R080_T28QCH_20260327T152639.SAFE,C:\Users\Simon\Nextcloud\Project\Mauritania\Science\Arguin - FieldWork Data Processing\Data\S2\S2B_MSIL2A_20260327T113319_N0512_R080_T28QCH_20260327T152639.SAFE,428,9886,4270,342705.0,2201175.0,0.3088,0.3623,0.4319,0.5215000000000001,0.5706,0.5735,0.6061000000000001,0.6343,0.638,0.6282,0.6233000000000001,0.3965
2026-03-27,Arel,Sen2Cor,S2B_MSIL2A_20260327T113319_N0512_R080_T28QCH_20260327T152639.SAFE,C:\Users\Simon\Nextcloud\Project\Mauritania\Science\Arguin - FieldWork Data Processing\Data\S2\S2B_MSIL2A_20260327T113319_N0512_R080_T28QCH_20260327T152639.SAFE,429,9886,4271,342715.0,2201175.0,0.3088,0.3589,0.4263,0.5259,0.5706,0.5735,0.6061000000000001,0.6372,0.638,0.6282,0.6233000000000001,0.3965
2026-03-27,Arel,Sen2Cor,S2B_MSIL2A_20260327T113319_N0512_R080_T28QCH_20260327T152639.SAFE,C:\Users\Simon\Nextcloud\Project\Mauritania\Science\Arguin - FieldWork Data Processing\Data\S2\S2B_MSIL2A_20260327T113319_N0512_R080_T28QCH_20260327T152639.SAFE,430,9886,4272,342725.0,2201175.0,0.3153,0.3735,0.4385,0.5366000000000001,0.5982000000000001,0.6002000000000001,0.625,0.6514,0.6645,0.6571,0.6386000000000001,0.4048
2026-03-27,Arel,Sen2Cor,S2B_MSIL2A_20260327T113319_N0512_R080_T28QCH_20260327T152639.SAFE,C:\Users\Simon\Nextcloud\Project\Mauritania\Science\Arguin - FieldWork Data Processing\Data\S2\S2B_MSIL2A_20260327T113319_N0512_R080_T28QCH_20260327T152639.SAFE,431,9886,4273,342735.0,2201175.0,0.3153,0.38720000000000004,0.46830000000000005,0.5605,0.5982000000000001,0.6002000000000001,0.625,0.6758000000000001,0.6645,0.6571,0.6386000000000001,0.4048
2026-03-27,Arel,Sen2Cor,S2B_MSIL2A_20260327T113319_N0512_R080_T28QCH_20260327T152639.SAFE,C:\Users\Simon\Nextcloud\Project\Mauritania\Science\Arguin - FieldWork Data Processing\Data\S2\S2B_MSIL2A_20260327T113319_N0512_R080_T28QCH_20260327T152639.SAFE,432,9886,4274,342745.0,2201175.0,0.31120000000000003,0.3806,0.45170000000000005,0.5562,0.5924,0.597,0.626,0.6729,0.6677000000000001,0.6571,0.6441,0.4247
2026-03-27,Arel,Sen2Cor,S2B_MSIL2A_20260327T113319_N0512_R080_T28QCH_20260327T152639.SAFE,C:\Users\Simon\Nextcloud\Project\Mauritania\Science\Arguin - FieldWork Data Processing\Data\S2\S2B_MSIL2A_20260327T113319_N0512_R080_T28QCH_20260327T152639.SAFE,433,9886,4275,342755.0,2201175.0,0.31120000000000003,0.3708,0.4353,0.5347000000000001,0.5924,0.597,0.626,0.6582,0.6677000000000001,0.6571,0.6441,0.4247
2026-03-27,Arel,Sen2Cor,S2B_MSIL2A_20260327T113319_N0512_R080_T28QCH_20260327T152639.SAFE,C:\Users\Simon\Nextcloud\Project\Mauritania\Science\Arguin - FieldWork Data Processing\Data\S2\S2B_MSIL2A_20260327T113319_N0512_R080_T28QCH_20260327T152639.SAFE,434,9886,4276,342765.0,2201175.0,0.2911,0.377,0.44070000000000004,0.5366000000000001,0.5771000000000001,0.5770000000000001,0.6152000000000001,0.6582,0.6469,0.6571,0.637,0.4369
2026-03-27,Arel,Sen2Cor,S2B_MSIL2A_20260327T113319_N0512_R080_T28QCH_20260327T152639.SAFE,C:\Users\Simon\Nextcloud\Project\Mauritania\Science\Arguin - FieldWork Data Processing\Data\S2\S2B_MSIL2A_20260327T113319_N0512_R080_T28QCH_20260327T152639.SAFE,435,9886,4277,342775.0,2201175.0,0.2911,0.3845,0.44380000000000003,0.5381,0.5771000000000001,0.5770000000000001,0.6152000000000001,0.6533,0.6469,0.6571,0.637,0.4369
2026-03-27,Arel,Sen2Cor,S2B_MSIL2A_20260327T113319_N0512_R080_T28QCH_20260327T152639.SAFE,C:\Users\Simon\Nextcloud\Project\Mauritania\Science\Arguin - FieldWork Data Processing\Data\S2\S2B_MSIL2A_20260327T113319_N0512_R080_T28QCH_20260327T152639.SAFE,436,9887,4247,342475.0,2201165.0,0.2822,0.4353,0.501,0.6011000000000001,0.6065,0.608,0.6281,0.6885,0.6563,0.5127,0.615,0.4244
2026-03-27,Arel,Sen2Cor,S2B_MSIL2A_20260327T113319_N0512_R080_T28QCH_20260327T152639.SAFE,C:\Users\Simon\Nextcloud\Project\Mauritania\Science\Arguin - FieldWork Data Processing\Data\S2\S2B_MSIL2A_20260327T113319_N0512_R080_T28QCH_20260327T152639.SAFE,437,9887,4248,342485.0,2201165.0,0.3159,0.42210000000000003,0.49610000000000004,0.6064,0.6431,0.6406000000000001,0.6612,0.6953,0.6787000000000001,0.6678000000000001,0.6515000000000001,0.4617
2026-03-27,Arel,Sen2Cor,S2B_MSIL2A_20260327T113319_N0512_R080_T28QCH_20260327T152639.SAFE,C:\Users\Simon\Nextcloud\Project\Mauritania\Science\Arguin - FieldWork Data Processing\Data\S2\S2B_MSIL2A_20260327T113319_N0512_R080_T28QCH_20260327T152639.SAFE,438,9887,4249,342495.0,2201165.0,0.3159,0.4106,0.48510000000000003,0.5933,0.6431,0.6406000000000001,0.6612,0.6919000000000001,0.6787000000000001,0.6678000000000001,0.6515000000000001,0.4617
2026-03-27,Arel,Sen2Cor,S2B_MSIL2A_20260327T113319_N0512_R080_T28QCH_20260327T152639.SAFE,C:\Users\Simon\Nextcloud\Project\Mauritania\Science\Arguin - FieldWork Data Processing\Data\S2\S2B_MSIL2A_20260327T113319_N0512_R080_T28QCH_20260327T152639.SAFE,439,9887,4250,342505.0,2201165.0,0.3373,0.39180000000000004,0.46950000000000003,0.5752,0.6266,0.6235,0.6467,0.6777000000000001,0.6703,0.6678000000000001,0.649,0.45740000000000003
2026-03-27,Arel,Sen2Cor,S2B_MSIL2A_20260327T113319_N0512_R080_T28QCH_20260327T152639.SAFE,C:\Users\Simon\Nextcloud\Project\Mauritania\Science\Arguin - FieldWork Data Processing\Data\S2\S2B_MSIL2A_20260327T113319_N0512_R080_T28QCH_20260327T152639.SAFE,440,9887,4251,342515.0,2201165.0,0.3373,0.3909,0.4641,0.5732,0.6266,0.6235,0.6467,0.6694,0.6703,0.6678000000000001,0.649,0.45740000000000003
2026-03-27,Arel,Sen2Cor,S2B_MSIL2A_20260327T113319_N0512_R080_T28QCH_20260327T152639.SAFE,C:\Users\Simon\Nextcloud\Project\Mauritania\Science\Arguin - FieldWork Data Processing\Data\S2\S2B_MSIL2A_20260327T113319_N0512_R080_T28QCH_20260327T152639.SAFE,441,9887,4252,342525.0,2201165.0,0.34140000000000004,0.4053,0.47340000000000004,0.5728,0.6159,0.6101,0.6305000000000001,0.6646000000000001,0.666,0.6678000000000001,0.6423,0.4454
2026-03-27,Arel,Sen2Cor,S2B_MSIL2A_20260327T113319_N0512_R080_T28QCH_20260327T152639.SAFE,C:\Users\Simon\Nextcloud\Project\Mauritania\Science\Arguin - FieldWork Data Processing\Data\S2\S2B_MSIL2A_20260327T113319_N0512_R080_T28QCH_20260327T152639.SAFE,442,9887,4253,342535.0,2201165.0,0.34140000000000004,0.4011,0.4731,0.5728,0.6159,0.6101,0.6305000000000001,0.6641,0.666,0.6678000000000001,0.6423,0.4454
2026-03-27,Arel,Sen2Cor,S2B_MSIL2A_20260327T113319_N0512_R080_T28QCH_20260327T152639.SAFE,C:\Users\Simon\Nextcloud\Project\Mauritania\Science\Arguin - FieldWork Data Processing\Data\S2\S2B_MSIL2A_20260327T113319_N0512_R080_T28QCH_20260327T152639.SAFE,443,9887,4254,342545.0,2201165.0,0.33640000000000003,0.4031,0.4792,0.5771000000000001,0.6239,0.6183000000000001,0.6413,0.668,0.6656000000000001,0.6584,0.6435000000000001,0.45580000000000004
2026-03-27,Arel,Sen2Cor,S2B_MSIL2A_20260327T113319_N0512_R080_T28QCH_20260327T152639.SAFE,C:\Users\Simon\Nextcloud\Project\Mauritania\Science\Arguin - FieldWork Data Processing\Data\S2\S2B_MSIL2A_20260327T113319_N0512_R080_T28QCH_20260327T152639.SAFE,444,9887,4255,342555.0,2201165.0,0.33640000000000003,0.4031,0.4746,0.5732,0.6239,0.6183000000000001,0.6413,0.6606000000000001,0.6656000000000001,0.6584,0.6435000000000001,0.45580000000000004
2026-03-27,Arel,Sen2Cor,S2B_MSIL2A_20260327T113319_N0512_R080_T28QCH_20260327T152639.SAFE,C:\Users\Simon\Nextcloud\Project\Mauritania\Science\Arguin - FieldWork Data Processing\Data\S2\S2B_MSIL2A_20260327T113319_N0512_R080_T28QCH_20260327T152639.SAFE,445,9887,4256,342565.0,2201165.0,0.3297,0.3997,0.47290000000000004,0.5732,0.6137,0.611,0.6313000000000001,0.6602,0.654,0.6584,0.6472,0.4611
2026-03-27,Arel,Sen2Cor,S2B_MSIL2A_20260327T113319_N0512_R080_T28QCH_20260327T152639.SAFE,C:\Users\Simon\Nextcloud\Project\Mauritania\Science\Arguin - FieldWork Data Processing\Data\S2\S2B_MSIL2A_20260327T113319_N0512_R080_T28QCH_20260327T152639.SAFE,446,9887,4257,342575.0,2201165.0,0.3297,0.4021,0.4697,0.5708,0.6137,0.611,0.6313000000000001,0.6548,0.654,0.6584,0.6472,0.4611
2026-03-27,Arel,Sen2Cor,S2B_MSIL2A_20260327T113319_N0512_R080_T28QCH_20260327T152639.SAFE,C:\Users\Simon\Nextcloud\Project\Mauritania\Science\Arguin - FieldWork Data Processing\Data\S2\S2B_MSIL2A_20260327T113319_N0512_R080_T28QCH_20260327T152639.SAFE,447,9887,4258,342585.0,2201165.0,0.3244,0.38180000000000003,0.45,0.5498000000000001,0.5748,0.5775,0.6002000000000001,0.6411,0.628,0.6584,0.6368,0.442
2026-03-27,Arel,Sen2Cor,S2B_MSIL2A_20260327T113319_N0512_R080_T28QCH_20260327T152639.SAFE,C:\Users\Simon\Nextcloud\Project\Mauritania\Science\Arguin - FieldWork Data Processing\Data\S2\S2B_MSIL2A_20260327T113319_N0512_R080_T28QCH_20260327T152639.SAFE,448,9887,4259,342595.0,2201165.0,0.3244,0.3804,0.437,0.5347000000000001,0.5748,0.5775,0.6002000000000001,0.6304000000000001,0.628,0.6584,0.6368,0.442
2026-03-27,Arel,Sen2Cor,S2B_MSIL2A_20260327T113319_N0512_R080_T28QCH_20260327T152639.SAFE,C:\Users\Simon\Nextcloud\Project\Mauritania\Science\Arguin - FieldWork Data Processing\Data\S2\S2B_MSIL2A_20260327T113319_N0512_R080_T28QCH_20260327T152639.SAFE,449,9887,4260,342605.0,2201165.0,0.31670000000000004,0.38670000000000004,0.4531,0.542,0.5693,0.5735,0.5988,0.6396000000000001,0.6259,0.6386000000000001,0.608,0.3745
2026-03-27,Arel,Sen2Cor,S2B_MSIL2A_20260327T113319_N0512_R080_T28QCH_20260327T152639.SAFE,C:\Users\Simon\Nextcloud\Project\Mauritania\Science\Arguin - FieldWork Data Processing\Data\S2\S2B_MSIL2A_20260327T113319_N0512_R080_T28QCH_20260327T152639.SAFE,450,9887,4261,342615.0,2201165.0,0.31670000000000004,0.3962,0.4675,0.5527000000000001,0.5693,0.5735,0.5988,0.6523,0.6259,0.6386000000000001,0.608,0.3745
2026-03-27,Arel,Sen2Cor,S2B_MSIL2A_20260327T113319_N0512_R080_T28QCH_20260327T152639.SAFE,C:\Users\Simon\Nextcloud\Project\Mauritania\Science\Arguin - FieldWork Data Processing\Data\S2\S2B_MSIL2A_20260327T113319_N0512_R080_T28QCH_20260327T152639.SAFE,451,9887,4262,342625.0,2201165.0,0.3113,0.38870000000000005,0.4607,0.5552,0.5901000000000001,0.5887,0.6135,0.6499,0.6451,0.6386000000000001,0.6084,0.36360000000000003
2026-03-27,Arel,Sen2Cor,S2B_MSIL2A_20260327T113319_N0512_R080_T28QCH_20260327T152639.SAFE,C:\Users\Simon\Nextcloud\Project\Mauritania\Science\Arguin - FieldWork Data Processing\Data\S2\S2B_MSIL2A_20260327T113319_N0512_R080_T28QCH_20260327T152639.SAFE,452,9887,4263,342635.0,2201165.0,0.3113,0.3821,0.4521,0.542,0.5901000000000001,0.5887,0.6135,0.6455000000000001,0.6451,0.6386000000000001,0.6084,0.36360000000000003
2026-03-27,Arel,Sen2Cor,S2B_MSIL2A_20260327T113319_N0512_R080_T28QCH_20260327T152639.SAFE,C:\Users\Simon\Nextcloud\Project\Mauritania\Science\Arguin - FieldWork Data Processing\Data\S2\S2B_MSIL2A_20260327T113319_N0512_R080_T28QCH_20260327T152639.SAFE,453,9887,4264,342645.0,2201165.0,0.308,0.3538,0.4282,0.522,0.553,0.5597,0.5937,0.6372,0.635,0.6386000000000001,0.6125,0.36260000000000003
2026-03-27,Arel,Sen2Cor,S2B_MSIL2A_20260327T113319_N0512_R080_T28QCH_20260327T152639.SAFE,C:\Users\Simon\Nextcloud\Project\Mauritania\Science\Arguin - FieldWork Data Processing\Data\S2\S2B_MSIL2A_20260327T113319_N0512_R080_T28QCH_20260327T152639.SAFE,454,9887,4265,342655.0,2201165.0,0.308,0.33030000000000004,0.3967,0.49660000000000004,0.553,0.5597,0.5937,0.624,0.635,0.6386000000000001,0.6125,0.36260000000000003
2026-03-27,Arel,Sen2Cor,S2B_MSIL2A_20260327T113319_N0512_R080_T28QCH_20260327T152639.SAFE,C:\Users\Simon\Nextcloud\Project\Mauritania\Science\Arguin - FieldWork Data Processing\Data\S2\S2B_MSIL2A_20260327T113319_N0512_R080_T28QCH_20260327T152639.SAFE,455,9887,4266,342665.0,2201165.0,0.30560000000000004,0.35250000000000004,0.41240000000000004,0.5103,0.5562,0.5592,0.5864,0.6255000000000001,0.6258,0.6282,0.618,0.3911
2026-03-27,Arel,Sen2Cor,S2B_MSIL2A_20260327T113319_N0512_R080_T28QCH_20260327T152639.SAFE,C:\Users\Simon\Nextcloud\Project\Mauritania\Science\Arguin - FieldWork Data Processing\Data\S2\S2B_MSIL2A_20260327T113319_N0512_R080_T28QCH_20260327T152639.SAFE,456,9887,4267,342675.0,2201165.0,0.30560000000000004,0.3623,0.4248,0.5225000000000001,0.5562,0.5592,0.5864,0.6362,0.6258,0.6282,0.618,0.3911
2026-03-27,Arel,Sen2Cor,S2B_MSIL2A_20260327T113319_N0512_R080_T28QCH_20260327T152639.SAFE,C:\Users\Simon\Nextcloud\Project\Mauritania\Science\Arguin - FieldWork Data Processing\Data\S2\S2B_MSIL2A_20260327T113319_N0512_R080_T28QCH_20260327T152639.SAFE,457,9887,4268,342685.0,2201165.0,0.3038,0.3589,0.4207,0.5195000000000001,0.5577,0.5698,0.5926,0.6284000000000001,0.6296,0.6282,0.6163000000000001,0.399
2026-03-27,Arel,Sen2Cor,S2B_MSIL2A_20260327T113319_N0512_R080_T28QCH_20260327T152639.SAFE,C:\Users\Simon\Nextcloud\Project\Mauritania\Science\Arguin - FieldWork Data Processing\Data\S2\S2B_MSIL2A_20260327T113319_N0512_R080_T28QCH_20260327T152639.SAFE,458,9887,4269,342695.0,2201165.0,0.3038,0.3735,0.4353,0.5303,0.5577,0.5698,0.5926,0.6372,0.6296,0.6282,0.6163000000000001,0.399
2026-03-27,Arel,Sen2Cor,S2B_MSIL2A_20260327T113319_N0512_R080_T28QCH_20260327T152639.SAFE,C:\Users\Simon\Nextcloud\Project\Mauritania\Science\Arguin - FieldWork Data Processing\Data\S2\S2B_MSIL2A_20260327T113319_N0512_R080_T28QCH_20260327T152639.SAFE,459,9887,4270,342705.0,2201165.0,0.3088,0.3755,0.44380000000000003,0.54,0.5706,0.5735,0.6061000000000001,0.6479,0.638,0.6282,0.6233000000000001,0.3965
2026-03-27,Arel,Sen2Cor,S2B_MSIL2A_20260327T113319_N0512_R080_T28QCH_20260327T152639.SAFE,C:\Users\Simon\Nextcloud\Project\Mauritania\Science\Arguin - FieldWork Data Processing\Data\S2\S2B_MSIL2A_20260327T113319_N0512_R080_T28QCH_20260327T152639.SAFE,460,9887,4271,342715.0,2201165.0,0.3088,0.3694,0.4414,0.5337000000000001,0.5706,0.5735,0.6061000000000001,0.6465000000000001,0.638,0.6282,0.6233000000000001,0.3965
2026-03-27,Arel,Sen2Cor,S2B_MSIL2A_20260327T113319_N0512_R080_T28QCH_20260327T152639.SAFE,C:\Users\Simon\Nextcloud\Project\Mauritania\Science\Arguin - FieldWork Data Processing\Data\S2\S2B_MSIL2A_20260327T113319_N0512_R080_T28QCH_20260327T152639.SAFE,461,9887,4272,342725.0,2201165.0,0.3153,0.3652,0.4385,0.5366000000000001,0.5982000000000001,0.6002000000000001,0.625,0.6499,0.6645,0.6571,0.6386000000000001,0.4048
2026-03-27,Arel,Sen2Cor,S2B_MSIL2A_20260327T113319_N0512_R080_T28QCH_20260327T152639.SAFE,C:\Users\Simon\Nextcloud\Project\Mauritania\Science\Arguin - FieldWork Data Processing\Data\S2\S2B_MSIL2A_20260327T113319_N0512_R080_T28QCH_20260327T152639.SAFE,462,9887,4273,342735.0,2201165.0,0.3153,0.38130000000000003,0.4526,0.5522,0.5982000000000001,0.6002000000000001,0.625,0.6738000000000001,0.6645,0.6571,0.6386000000000001,0.4048
2026-03-27,Arel,Sen2Cor,S2B_MSIL2A_20260327T113319_N0512_R080_T28QCH_20260327T152639.SAFE,C:\Users\Simon\Nextcloud\Project\Mauritania\Science\Arguin - FieldWork Data Processing\Data\S2\S2B_MSIL2A_20260327T113319_N0512_R080_T28QCH_20260327T152639.SAFE,463,9887,4274,342745.0,2201165.0,0.31120000000000003,0.38230000000000003,0.4509,0.5513,0.5924,0.597,0.626,0.6709,0.6677000000000001,0.6571,0.6441,0.4247
2026-03-27,Arel,Sen2Cor,S2B_MSIL2A_20260327T113319_N0512_R080_T28QCH_20260327T152639.SAFE,C:\Users\Simon\Nextcloud\Project\Mauritania\Science\Arguin - FieldWork Data Processing\Data\S2\S2B_MSIL2A_20260327T113319_N0512_R080_T28QCH_20260327T152639.SAFE,464,9887,4275,342755.0,2201165.0,0.31120000000000003,0.3674,0.4292,0.5278,0.5924,0.597,0.626,0.6479,0.6677000000000001,0.6571,0.6441,0.4247
2026-03-27,Arel,Sen2Cor,S2B_MSIL2A_20260327T113319_N0512_R080_T28QCH_20260327T152639.SAFE,C:\Users\Simon\Nextcloud\Project\Mauritania\Science\Arguin - FieldWork Data Processing\Data\S2\S2B_MSIL2A_20260327T113319_N0512_R080_T28QCH_20260327T152639.SAFE,465,9887,4276,342765.0,2201165.0,0.2911,0.373,0.4282,0.5269,0.5771000000000001,0.5770000000000001,0.6152000000000001,0.6499,0.6469,0.6571,0.637,0.4369
2026-03-27,Arel,Sen2Cor,S2B_MSIL2A_20260327T113319_N0512_R080_T28QCH_20260327T152639.SAFE,C:\Users\Simon\Nextcloud\Project\Mauritania\Science\Arguin - FieldWork Data Processing\Data\S2\S2B_MSIL2A_20260327T113319_N0512_R080_T28QCH_20260327T152639.SAFE,466,9887,4277,342775.0,2201165.0,0.2911,0.375,0.43260000000000004,0.5269,0.5771000000000001,0.5770000000000001,0.6152000000000001,0.6479,0.6469,0.6571,0.637,0.4369
2026-03-27,Arel,Sen2Cor,S2B_MSIL2A_20260327T113319_N0512_R080_T28QCH_20260327T152639.SAFE,C:\Users\Simon\Nextcloud\Project\Mauritania\Science\Arguin - FieldWork Data Processing\Data\S2\S2B_MSIL2A_20260327T113319_N0512_R080_T28QCH_20260327T152639.SAFE,467,9888,4247,342475.0,2201155.0,0.279,0.42800000000000005,0.5054000000000001,0.604,0.6323000000000001,0.6259,0.6509,0.6982,0.6732,0.5386000000000001,0.6398,0.45070000000000005
2026-03-27,Arel,Sen2Cor,S2B_MSIL2A_20260327T113319_N0512_R080_T28QCH_20260327T152639.SAFE,C:\Users\Simon\Nextcloud\Project\Mauritania\Science\Arguin - FieldWork Data Processing\Data\S2\S2B_MSIL2A_20260327T113319_N0512_R080_T28QCH_20260327T152639.SAFE,468,9888,4248,342485.0,2201155.0,0.3098,0.4141,0.48710000000000003,0.6069,0.635,0.631,0.648,0.6982,0.6743,0.6439,0.6585000000000001,0.45430000000000004
2026-03-27,Arel,Sen2Cor,S2B_MSIL2A_20260327T113319_N0512_R080_T28QCH_20260327T152639.SAFE,C:\Users\Simon\Nextcloud\Project\Mauritania\Science\Arguin - FieldWork Data Processing\Data\S2\S2B_MSIL2A_20260327T113319_N0512_R080_T28QCH_20260327T152639.SAFE,469,9888,4249,342495.0,2201155.0,0.3098,0.4021,0.4756,0.5850000000000001,0.635,0.631,0.648,0.6826,0.6743,0.6439,0.6585000000000001,0.45430000000000004
2026-03-27,Arel,Sen2Cor,S2B_MSIL2A_20260327T113319_N0512_R080_T28QCH_20260327T152639.SAFE,C:\Users\Simon\Nextcloud\Project\Mauritania\Science\Arguin - FieldWork Data Processing\Data\S2\S2B_MSIL2A_20260327T113319_N0512_R080_T28QCH_20260327T152639.SAFE,470,9888,4250,342505.0,2201155.0,0.3302,0.38720000000000004,0.4651,0.5654,0.5947,0.5976,0.622,0.6665,0.6539,0.6439,0.6392,0.4228
2026-03-27,Arel,Sen2Cor,S2B_MSIL2A_20260327T113319_N0512_R080_T28QCH_20260327T152639.SAFE,C:\Users\Simon\Nextcloud\Project\Mauritania\Science\Arguin - FieldWork Data Processing\Data\S2\S2B_MSIL2A_20260327T113319_N0512_R080_T28QCH_20260327T152639.SAFE,471,9888,4251,342515.0,2201155.0,0.3302,0.387,0.4546,0.5547000000000001,0.5947,0.5976,0.622,0.6563,0.6539,0.6439,0.6392,0.4228
2026-03-27,Arel,Sen2Cor,S2B_MSIL2A_20260327T113319_N0512_R080_T28QCH_20260327T152639.SAFE,C:\Users\Simon\Nextcloud\Project\Mauritania\Science\Arguin - FieldWork Data Processing\Data\S2\S2B_MSIL2A_20260327T113319_N0512_R080_T28QCH_20260327T152639.SAFE,472,9888,4252,342525.0,2201155.0,0.3325,0.38770000000000004,0.4587,0.5518000000000001,0.5890000000000001,0.5929,0.6131,0.6519,0.6393,0.6439,0.6337,0.4222
2026-03-27,Arel,Sen2Cor,S2B_MSIL2A_20260327T113319_N0512_R080_T28QCH_20260327T152639.SAFE,C:\Users\Simon\Nextcloud\Project\Mauritania\Science\Arguin - FieldWork Data Processing\Data\S2\S2B_MSIL2A_20260327T113319_N0512_R080_T28QCH_20260327T152639.SAFE,473,9888,4253,342535.0,2201155.0,0.3325,0.38770000000000004,0.45780000000000004,0.5591,0.5890000000000001,0.5929,0.6131,0.6509,0.6393,0.6439,0.6337,0.4222
2026-03-27,Arel,Sen2Cor,S2B_MSIL2A_20260327T113319_N0512_R080_T28QCH_20260327T152639.SAFE,C:\Users\Simon\Nextcloud\Project\Mauritania\Science\Arguin - FieldWork Data Processing\Data\S2\S2B_MSIL2A_20260327T113319_N0512_R080_T28QCH_20260327T152639.SAFE,474,9888,4254,342545.0,2201155.0,0.326,0.3987,0.4685,0.5679000000000001,0.6106,0.6059,0.6295000000000001,0.6572,0.6552,0.6429,0.6431,0.44480000000000003
2026-03-27,Arel,Sen2Cor,S2B_MSIL2A_20260327T113319_N0512_R080_T28QCH_20260327T152639.SAFE,C:\Users\Simon\Nextcloud\Project\Mauritania\Science\Arguin - FieldWork Data Processing\Data\S2\S2B_MSIL2A_20260327T113319_N0512_R080_T28QCH_20260327T152639.SAFE,475,9888,4255,342555.0,2201155.0,0.326,0.4006,0.47140000000000004,0.5723,0.6106,0.6059,0.6295000000000001,0.6621,0.6552,0.6429,0.6431,0.44480000000000003
2026-03-27,Arel,Sen2Cor,S2B_MSIL2A_20260327T113319_N0512_R080_T28QCH_20260327T152639.SAFE,C:\Users\Simon\Nextcloud\Project\Mauritania\Science\Arguin - FieldWork Data Processing\Data\S2\S2B_MSIL2A_20260327T113319_N0512_R080_T28QCH_20260327T152639.SAFE,476,9888,4256,342565.0,2201155.0,0.3191,0.40190000000000003,0.4712,0.5698,0.6073000000000001,0.6022000000000001,0.6323000000000001,0.6563,0.6558,0.6429,0.6472,0.4476
2026-03-27,Arel,Sen2Cor,S2B_MSIL2A_20260327T113319_N0512_R080_T28QCH_20260327T152639.SAFE,C:\Users\Simon\Nextcloud\Project\Mauritania\Science\Arguin - FieldWork Data Processing\Data\S2\S2B_MSIL2A_20260327T113319_N0512_R080_T28QCH_20260327T152639.SAFE,477,9888,4257,342575.0,2201155.0,0.3191,0.394,0.4646,0.5615,0.6073000000000001,0.6022000000000001,0.6323000000000001,0.6528,0.6558,0.6429,0.6472,0.4476
2026-03-27,Arel,Sen2Cor,S2B_MSIL2A_20260327T113319_N0512_R080_T28QCH_20260327T152639.SAFE,C:\Users\Simon\Nextcloud\Project\Mauritania\Science\Arguin - FieldWork Data Processing\Data\S2\S2B_MSIL2A_20260327T113319_N0512_R080_T28QCH_20260327T152639.SAFE,478,9888,4258,342585.0,2201155.0,0.3141,0.38230000000000003,0.4536,0.5483,0.5893,0.5857,0.6144000000000001,0.6465000000000001,0.6396000000000001,0.6429,0.6382,0.4314
2026-03-27,Arel,Sen2Cor,S2B_MSIL2A_20260327T113319_N0512_R080_T28QCH_20260327T152639.SAFE,C:\Users\Simon\Nextcloud\Project\Mauritania\Science\Arguin - FieldWork Data Processing\Data\S2\S2B_MSIL2A_20260327T113319_N0512_R080_T28QCH_20260327T152639.SAFE,479,9888,4259,342595.0,2201155.0,0.3141,0.37920000000000004,0.4446,0.542,0.5893,0.5857,0.6144000000000001,0.6338,0.6396000000000001,0.6429,0.6382,0.4314
2026-03-27,Arel,Sen2Cor,S2B_MSIL2A_20260327T113319_N0512_R080_T28QCH_20260327T152639.SAFE,C:\Users\Simon\Nextcloud\Project\Mauritania\Science\Arguin - FieldWork Data Processing\Data\S2\S2B_MSIL2A_20260327T113319_N0512_R080_T28QCH_20260327T152639.SAFE,480,9888,4260,342605.0,2201155.0,0.31020000000000003,0.37670000000000003,0.44630000000000003,0.5459,0.5818,0.5817,0.6082000000000001,0.644,0.6453,0.6445000000000001,0.6256,0.3977
2026-03-27,Arel,Sen2Cor,S2B_MSIL2A_20260327T113319_N0512_R080_T28QCH_20260327T152639.SAFE,C:\Users\Simon\Nextcloud\Project\Mauritania\Science\Arguin - FieldWork Data Processing\Data\S2\S2B_MSIL2A_20260327T113319_N0512_R080_T28QCH_20260327T152639.SAFE,481,9888,4261,342615.0,2201155.0,0.31020000000000003,0.3718,0.4419,0.5386000000000001,0.5818,0.5817,0.6082000000000001,0.646,0.6453,0.6445000000000001,0.6256,0.3977
2026-03-27,Arel,Sen2Cor,S2B_MSIL2A_20260327T113319_N0512_R080_T28QCH_20260327T152639.SAFE,C:\Users\Simon\Nextcloud\Project\Mauritania\Science\Arguin - FieldWork Data Processing\Data\S2\S2B_MSIL2A_20260327T113319_N0512_R080_T28QCH_20260327T152639.SAFE,482,9888,4262,342625.0,2201155.0,0.30720000000000003,0.3704,0.4404,0.5376000000000001,0.5786,0.5875,0.6126,0.6455000000000001,0.6479,0.6445000000000001,0.6262,0.3884
2026-03-27,Arel,Sen2Cor,S2B_MSIL2A_20260327T113319_N0512_R080_T28QCH_20260327T152639.SAFE,C:\Users\Simon\Nextcloud\Project\Mauritania\Science\Arguin - FieldWork Data Processing\Data\S2\S2B_MSIL2A_20260327T113319_N0512_R080_T28QCH_20260327T152639.SAFE,483,9888,4263,342635.0,2201155.0,0.30720000000000003,0.375,0.4429,0.5352,0.5786,0.5875,0.6126,0.6528,0.6479,0.6445000000000001,0.6262,0.3884
2026-03-27,Arel,Sen2Cor,S2B_MSIL2A_20260327T113319_N0512_R080_T28QCH_20260327T152639.SAFE,C:\Users\Simon\Nextcloud\Project\Mauritania\Science\Arguin - FieldWork Data Processing\Data\S2\S2B_MSIL2A_20260327T113319_N0512_R080_T28QCH_20260327T152639.SAFE,484,9888,4264,342645.0,2201155.0,0.3068,0.3472,0.4214,0.5195000000000001,0.5627,0.5676,0.6013000000000001,0.6445000000000001,0.6407,0.6445000000000001,0.6232,0.3745
2026-03-27,Arel,Sen2Cor,S2B_MSIL2A_20260327T113319_N0512_R080_T28QCH_20260327T152639.SAFE,C:\Users\Simon\Nextcloud\Project\Mauritania\Science\Arguin - FieldWork Data Processing\Data\S2\S2B_MSIL2A_20260327T113319_N0512_R080_T28QCH_20260327T152639.SAFE,485,9888,4265,342655.0,2201155.0,0.3068,0.32980000000000004,0.3972,0.4995,0.5627,0.5676,0.6013000000000001,0.6294000000000001,0.6407,0.6445000000000001,0.6232,0.3745
2026-03-27,Arel,Sen2Cor,S2B_MSIL2A_20260327T113319_N0512_R080_T28QCH_20260327T152639.SAFE,C:\Users\Simon\Nextcloud\Project\Mauritania\Science\Arguin - FieldWork Data Processing\Data\S2\S2B_MSIL2A_20260327T113319_N0512_R080_T28QCH_20260327T152639.SAFE,486,9888,4266,342665.0,2201155.0,0.30760000000000004,0.3501,0.4126,0.5073,0.5652,0.5724,0.5984,0.6304000000000001,0.6411,0.6302,0.6239,0.3966
2026-03-27,Arel,Sen2Cor,S2B_MSIL2A_20260327T113319_N0512_R080_T28QCH_20260327T152639.SAFE,C:\Users\Simon\Nextcloud\Project\Mauritania\Science\Arguin - FieldWork Data Processing\Data\S2\S2B_MSIL2A_20260327T113319_N0512_R080_T28QCH_20260327T152639.SAFE,487,9888,4267,342675.0,2201155.0,0.30760000000000004,0.3718,0.4333,0.5269,0.5652,0.5724,0.5984,0.6382,0.6411,0.6302,0.6239,0.3966
2026-03-27,Arel,Sen2Cor,S2B_MSIL2A_20260327T113319_N0512_R080_T28QCH_20260327T152639.SAFE,C:\Users\Simon\Nextcloud\Project\Mauritania\Science\Arguin - FieldWork Data Processing\Data\S2\S2B_MSIL2A_20260327T113319_N0512_R080_T28QCH_20260327T152639.SAFE,488,9888,4268,342685.0,2201155.0,0.3074,0.36250000000000004,0.4282,0.5278,0.5809000000000001,0.5871000000000001,0.6146,0.6353,0.6512,0.6302,0.6262,0.4057
2026-03-27,Arel,Sen2Cor,S2B_MSIL2A_20260327T113319_N0512_R080_T28QCH_20260327T152639.SAFE,C:\Users\Simon\Nextcloud\Project\Mauritania\Science\Arguin - FieldWork Data Processing\Data\S2\S2B_MSIL2A_20260327T113319_N0512_R080_T28QCH_20260327T152639.SAFE,489,9888,4269,342695.0,2201155.0,0.3074,0.3723,0.4353,0.5356000000000001,0.5809000000000001,0.5871000000000001,0.6146,0.6411,0.6512,0.6302,0.6262,0.4057
2026-03-27,Arel,Sen2Cor,S2B_MSIL2A_20260327T113319_N0512_R080_T28QCH_20260327T152639.SAFE,C:\Users\Simon\Nextcloud\Project\Mauritania\Science\Arguin - FieldWork Data Processing\Data\S2\S2B_MSIL2A_20260327T113319_N0512_R080_T28QCH_20260327T152639.SAFE,490,9888,4270,342705.0,2201155.0,0.3121,0.3806,0.44870000000000004,0.5498000000000001,0.5907,0.5944,0.6213000000000001,0.6577000000000001,0.6584,0.6302,0.6322,0.3919
2026-03-27,Arel,Sen2Cor,S2B_MSIL2A_20260327T113319_N0512_R080_T28QCH_20260327T152639.SAFE,C:\Users\Simon\Nextcloud\Project\Mauritania\Science\Arguin - FieldWork Data Processing\Data\S2\S2B_MSIL2A_20260327T113319_N0512_R080_T28QCH_20260327T152639.SAFE,491,9888,4271,342715.0,2201155.0,0.3121,0.3784,0.4509,0.5479,0.5907,0.5944,0.6213000000000001,0.6606000000000001,0.6584,0.6302,0.6322,0.3919
2026-03-27,Arel,Sen2Cor,S2B_MSIL2A_20260327T113319_N0512_R080_T28QCH_20260327T152639.SAFE,C:\Users\Simon\Nextcloud\Project\Mauritania\Science\Arguin - FieldWork Data Processing\Data\S2\S2B_MSIL2A_20260327T113319_N0512_R080_T28QCH_20260327T152639.SAFE,492,9888,4272,342725.0,2201155.0,0.3171,0.3774,0.45170000000000005,0.5522,0.5989,0.6047,0.6273000000000001,0.6597000000000001,0.6673,0.5780000000000001,0.6344000000000001,0.40040000000000003
2026-03-27,Arel,Sen2Cor,S2B_MSIL2A_20260327T113319_N0512_R080_T28QCH_20260327T152639.SAFE,C:\Users\Simon\Nextcloud\Project\Mauritania\Science\Arguin - FieldWork Data Processing\Data\S2\S2B_MSIL2A_20260327T113319_N0512_R080_T28QCH_20260327T152639.SAFE,493,9888,4273,342735.0,2201155.0,0.3171,0.3904,0.45780000000000004,0.5576,0.5989,0.6047,0.6273000000000001,0.6675,0.6673,0.5780000000000001,0.6344000000000001,0.40040000000000003
2026-03-27,Arel,Sen2Cor,S2B_MSIL2A_20260327T113319_N0512_R080_T28QCH_20260327T152639.SAFE,C:\Users\Simon\Nextcloud\Project\Mauritania\Science\Arguin - FieldWork Data Processing\Data\S2\S2B_MSIL2A_20260327T113319_N0512_R080_T28QCH_20260327T152639.SAFE,494,9888,4274,342745.0,2201155.0,0.3106,0.3835,0.44870000000000004,0.5513,0.5913,0.5982000000000001,0.6236,0.6689,0.6659,0.5780000000000001,0.6395000000000001,0.41950000000000004
2026-03-27,Arel,Sen2Cor,S2B_MSIL2A_20260327T113319_N0512_R080_T28QCH_20260327T152639.SAFE,C:\Users\Simon\Nextcloud\Project\Mauritania\Science\Arguin - FieldWork Data Processing\Data\S2\S2B_MSIL2A_20260327T113319_N0512_R080_T28QCH_20260327T152639.SAFE,495,9888,4275,342755.0,2201155.0,0.3106,0.3694,0.42700000000000005,0.5249,0.5913,0.5982000000000001,0.6236,0.6523,0.6659,0.5780000000000001,0.6395000000000001,0.41950000000000004
2026-03-27,Arel,Sen2Cor,S2B_MSIL2A_20260327T113319_N0512_R080_T28QCH_20260327T152639.SAFE,C:\Users\Simon\Nextcloud\Project\Mauritania\Science\Arguin - FieldWork Data Processing\Data\S2\S2B_MSIL2A_20260327T113319_N0512_R080_T28QCH_20260327T152639.SAFE,496,9888,4276,342765.0,2201155.0,0.2826,0.3584,0.4167,0.5122,0.5699000000000001,0.5761000000000001,0.6105,0.646,0.6436000000000001,0.5780000000000001,0.6311,0.42300000000000004
2026-03-27,Arel,Sen2Cor,S2B_MSIL2A_20260327T113319_N0512_R080_T28QCH_20260327T152639.SAFE,C:\Users\Simon\Nextcloud\Project\Mauritania\Science\Arguin - FieldWork Data Processing\Data\S2\S2B_MSIL2A_20260327T113319_N0512_R080_T28QCH_20260327T152639.SAFE,497,9889,4247,342475.0,2201145.0,0.279,0.4016,0.48510000000000003,0.5879,0.6323000000000001,0.6259,0.6509,0.6914,0.6732,0.5386000000000001,0.6398,0.45070000000000005
2026-03-27,Arel,Sen2Cor,S2B_MSIL2A_20260327T113319_N0512_R080_T28QCH_20260327T152639.SAFE,C:\Users\Simon\Nextcloud\Project\Mauritania\Science\Arguin - FieldWork Data Processing\Data\S2\S2B_MSIL2A_20260327T113319_N0512_R080_T28QCH_20260327T152639.SAFE,498,9889,4248,342485.0,2201145.0,0.3098,0.3977,0.4756,0.5835,0.635,0.631,0.648,0.6782,0.6743,0.6439,0.6585000000000001,0.45430000000000004
2026-03-27,Arel,Sen2Cor,S2B_MSIL2A_20260327T113319_N0512_R080_T28QCH_20260327T152639.SAFE,C:\Users\Simon\Nextcloud\Project\Mauritania\Science\Arguin - FieldWork Data Processing\Data\S2\S2B_MSIL2A_20260327T113319_N0512_R080_T28QCH_20260327T152639.SAFE,499,9889,4249,342495.0,2201145.0,0.3098,0.3904,0.4675,0.5684,0.635,0.631,0.648,0.665,0.6743,0.6439,0.6585000000000001,0.45430000000000004
2026-03-27,Arel,Sen2Cor,S2B_MSIL2A_20260327T113319_N0512_R080_T28QCH_20260327T152639.SAFE,C:\Users\Simon\Nextcloud\Project\Mauritania\Science\Arguin - FieldWork Data Processing\Data\S2\S2B_MSIL2A_20260327T113319_N0512_R080_T28QCH_20260327T152639.SAFE,500,9889,4250,342505.0,2201145.0,0.3302,0.384,0.45580000000000004,0.5479,0.5947,0.5976,0.622,0.6499,0.6539,0.6439,0.6392,0.4228
2026-03-27,Arel,Sen2Cor,S2B_MSIL2A_20260327T113319_N0512_R080_T28QCH_20260327T152639.SAFE,C:\Users\Simon\Nextcloud\Project\Mauritania\Science\Arguin - FieldWork Data Processing\Data\S2\S2B_MSIL2A_20260327T113319_N0512_R080_T28QCH_20260327T152639.SAFE,501,9889,4251,342515.0,2201145.0,0.3302,0.3755,0.4434,0.5405,0.5947,0.5976,0.622,0.6416000000000001,0.6539,0.6439,0.6392,0.4228
2026-03-27,Arel,Sen2Cor,S2B_MSIL2A_20260327T113319_N0512_R080_T28QCH_20260327T152639.SAFE,C:\Users\Simon\Nextcloud\Project\Mauritania\Science\Arguin - FieldWork Data Processing\Data\S2\S2B_MSIL2A_20260327T113319_N0512_R080_T28QCH_20260327T152639.SAFE,502,9889,4252,342525.0,2201145.0,0.3325,0.3774,0.44380000000000003,0.541,0.5890000000000001,0.5929,0.6131,0.6411,0.6393,0.6439,0.6337,0.4222
2026-03-27,Arel,Sen2Cor,S2B_MSIL2A_20260327T113319_N0512_R080_T28QCH_20260327T152639.SAFE,C:\Users\Simon\Nextcloud\Project\Mauritania\Science\Arguin - FieldWork Data Processing\Data\S2\S2B_MSIL2A_20260327T113319_N0512_R080_T28QCH_20260327T152639.SAFE,503,9889,4253,342535.0,2201145.0,0.3325,0.3804,0.45,0.5479,0.5890000000000001,0.5929,0.6131,0.6411,0.6393,0.6439,0.6337,0.4222
2026-03-27,Arel,Sen2Cor,S2B_MSIL2A_20260327T113319_N0512_R080_T28QCH_20260327T152639.SAFE,C:\Users\Simon\Nextcloud\Project\Mauritania\Science\Arguin - FieldWork Data Processing\Data\S2\S2B_MSIL2A_20260327T113319_N0512_R080_T28QCH_20260327T152639.SAFE,504,9889,4254,342545.0,2201145.0,0.326,0.3931,0.4607,0.5635,0.6106,0.6059,0.6295000000000001,0.6543,0.6552,0.6429,0.6431,0.44480000000000003
2026-03-27,Arel,Sen2Cor,S2B_MSIL2A_20260327T113319_N0512_R080_T28QCH_20260327T152639.SAFE,C:\Users\Simon\Nextcloud\Project\Mauritania\Science\Arguin - FieldWork Data Processing\Data\S2\S2B_MSIL2A_20260327T113319_N0512_R080_T28QCH_20260327T152639.SAFE,505,9889,4255,342555.0,2201145.0,0.326,0.39840000000000003,0.4685,0.5732,0.6106,0.6059,0.6295000000000001,0.6646000000000001,0.6552,0.6429,0.6431,0.44480000000000003
2026-03-27,Arel,Sen2Cor,S2B_MSIL2A_20260327T113319_N0512_R080_T28QCH_20260327T152639.SAFE,C:\Users\Simon\Nextcloud\Project\Mauritania\Science\Arguin - FieldWork Data Processing\Data\S2\S2B_MSIL2A_20260327T113319_N0512_R080_T28QCH_20260327T152639.SAFE,506,9889,4256,342565.0,2201145.0,0.3191,0.3967,0.46950000000000003,0.5679000000000001,0.6073000000000001,0.6022000000000001,0.6323000000000001,0.6597000000000001,0.6558,0.6429,0.6472,0.4476
2026-03-27,Arel,Sen2Cor,S2B_MSIL2A_20260327T113319_N0512_R080_T28QCH_20260327T152639.SAFE,C:\Users\Simon\Nextcloud\Project\Mauritania\Science\Arguin - FieldWork Data Processing\Data\S2\S2B_MSIL2A_20260327T113319_N0512_R080_T28QCH_20260327T152639.SAFE,507,9889,4257,342575.0,2201145.0,0.3191,0.3904,0.4592,0.5576,0.6073000000000001,0.6022000000000001,0.6323000000000001,0.6528,0.6558,0.6429,0.6472,0.4476
2026-03-27,Arel,Sen2Cor,S2B_MSIL2A_20260327T113319_N0512_R080_T28QCH_20260327T152639.SAFE,C:\Users\Simon\Nextcloud\Project\Mauritania\Science\Arguin - FieldWork Data Processing\Data\S2\S2B_MSIL2A_20260327T113319_N0512_R080_T28QCH_20260327T152639.SAFE,508,9889,4258,342585.0,2201145.0,0.3141,0.38670000000000004,0.4526,0.5527000000000001,0.5893,0.5857,0.6144000000000001,0.6479,0.6396000000000001,0.6429,0.6382,0.4314
2026-03-27,Arel,Sen2Cor,S2B_MSIL2A_20260327T113319_N0512_R080_T28QCH_20260327T152639.SAFE,C:\Users\Simon\Nextcloud\Project\Mauritania\Science\Arguin - FieldWork Data Processing\Data\S2\S2B_MSIL2A_20260327T113319_N0512_R080_T28QCH_20260327T152639.SAFE,509,9889,4259,342595.0,2201145.0,0.3141,0.375,0.438,0.5391,0.5893,0.5857,0.6144000000000001,0.6431,0.6396000000000001,0.6429,0.6382,0.4314
2026-03-27,Arel,Sen2Cor,S2B_MSIL2A_20260327T113319_N0512_R080_T28QCH_20260327T152639.SAFE,C:\Users\Simon\Nextcloud\Project\Mauritania\Science\Arguin - FieldWork Data Processing\Data\S2\S2B_MSIL2A_20260327T113319_N0512_R080_T28QCH_20260327T152639.SAFE,510,9889,4260,342605.0,2201145.0,0.31020000000000003,0.35860000000000003,0.4292,0.5347000000000001,0.5818,0.5817,0.6082000000000001,0.647,0.6453,0.6445000000000001,0.6256,0.3977
2026-03-27,Arel,Sen2Cor,S2B_MSIL2A_20260327T113319_N0512_R080_T28QCH_20260327T152639.SAFE,C:\Users\Simon\Nextcloud\Project\Mauritania\Science\Arguin - FieldWork Data Processing\Data\S2\S2B_MSIL2A_20260327T113319_N0512_R080_T28QCH_20260327T152639.SAFE,511,9889,4261,342615.0,2201145.0,0.31020000000000003,0.3513,0.41850000000000004,0.5239,0.5818,0.5817,0.6082000000000001,0.6416000000000001,0.6453,0.6445000000000001,0.6256,0.3977
2026-03-27,Arel,Sen2Cor,S2B_MSIL2A_20260327T113319_N0512_R080_T28QCH_20260327T152639.SAFE,C:\Users\Simon\Nextcloud\Project\Mauritania\Science\Arguin - FieldWork Data Processing\Data\S2\S2B_MSIL2A_20260327T113319_N0512_R080_T28QCH_20260327T152639.SAFE,512,9889,4262,342625.0,2201145.0,0.30720000000000003,0.35960000000000003,0.4302,0.5332,0.5786,0.5875,0.6126,0.6499,0.6479,0.6445000000000001,0.6262,0.3884
2026-03-27,Arel,Sen2Cor,S2B_MSIL2A_20260327T113319_N0512_R080_T28QCH_20260327T152639.SAFE,C:\Users\Simon\Nextcloud\Project\Mauritania\Science\Arguin - FieldWork Data Processing\Data\S2\S2B_MSIL2A_20260327T113319_N0512_R080_T28QCH_20260327T152639.SAFE,513,9889,4263,342635.0,2201145.0,0.30720000000000003,0.3635,0.436,0.5386000000000001,0.5786,0.5875,0.6126,0.6572,0.6479,0.6445000000000001,0.6262,0.3884
2026-03-27,Arel,Sen2Cor,S2B_MSIL2A_20260327T113319_N0512_R080_T28QCH_20260327T152639.SAFE,C:\Users\Simon\Nextcloud\Project\Mauritania\Science\Arguin - FieldWork Data Processing\Data\S2\S2B_MSIL2A_20260327T113319_N0512_R080_T28QCH_20260327T152639.SAFE,514,9889,4264,342645.0,2201145.0,0.3068,0.3506,0.42900000000000005,0.5303,0.5627,0.5676,0.6013000000000001,0.6499,0.6407,0.6445000000000001,0.6232,0.3745
2026-03-27,Arel,Sen2Cor,S2B_MSIL2A_20260327T113319_N0512_R080_T28QCH_20260327T152639.SAFE,C:\Users\Simon\Nextcloud\Project\Mauritania\Science\Arguin - FieldWork Data Processing\Data\S2\S2B_MSIL2A_20260327T113319_N0512_R080_T28QCH_20260327T152639.SAFE,515,9889,4265,342655.0,2201145.0,0.3068,0.3416,0.4126,0.5195000000000001,0.5627,0.5676,0.6013000000000001,0.6406000000000001,0.6407,0.6445000000000001,0.6232,0.3745
2026-03-27,Arel,Sen2Cor,S2B_MSIL2A_20260327T113319_N0512_R080_T28QCH_20260327T152639.SAFE,C:\Users\Simon\Nextcloud\Project\Mauritania\Science\Arguin - FieldWork Data Processing\Data\S2\S2B_MSIL2A_20260327T113319_N0512_R080_T28QCH_20260327T152639.SAFE,516,9889,4266,342665.0,2201145.0,0.30760000000000004,0.3542,0.4204,0.5151,0.5652,0.5724,0.5984,0.6362,0.6411,0.6302,0.6239,0.3966
2026-03-27,Arel,Sen2Cor,S2B_MSIL2A_20260327T113319_N0512_R080_T28QCH_20260327T152639.SAFE,C:\Users\Simon\Nextcloud\Project\Mauritania\Science\Arguin - FieldWork Data Processing\Data\S2\S2B_MSIL2A_20260327T113319_N0512_R080_T28QCH_20260327T152639.SAFE,517,9889,4267,342675.0,2201145.0,0.30760000000000004,0.3743,0.4429,0.5366000000000001,0.5652,0.5724,0.5984,0.646,0.6411,0.6302,0.6239,0.3966
2026-03-27,Arel,Sen2Cor,S2B_MSIL2A_20260327T113319_N0512_R080_T28QCH_20260327T152639.SAFE,C:\Users\Simon\Nextcloud\Project\Mauritania\Science\Arguin - FieldWork Data Processing\Data\S2\S2B_MSIL2A_20260327T113319_N0512_R080_T28QCH_20260327T152639.SAFE,518,9889,4268,342685.0,2201145.0,0.3074,0.3723,0.44120000000000004,0.5444,0.5809000000000001,0.5871000000000001,0.6146,0.6582,0.6512,0.6302,0.6262,0.4057
2026-03-27,Arel,Sen2Cor,S2B_MSIL2A_20260327T113319_N0512_R080_T28QCH_20260327T152639.SAFE,C:\Users\Simon\Nextcloud\Project\Mauritania\Science\Arguin - FieldWork Data Processing\Data\S2\S2B_MSIL2A_20260327T113319_N0512_R080_T28QCH_20260327T152639.SAFE,519,9889,4269,342695.0,2201145.0,0.3074,0.37060000000000004,0.4409,0.541,0.5809000000000001,0.5871000000000001,0.6146,0.6606000000000001,0.6512,0.6302,0.6262,0.4057
2026-03-27,Arel,Sen2Cor,S2B_MSIL2A_20260327T113319_N0512_R080_T28QCH_20260327T152639.SAFE,C:\Users\Simon\Nextcloud\Project\Mauritania\Science\Arguin - FieldWork Data Processing\Data\S2\S2B_MSIL2A_20260327T113319_N0512_R080_T28QCH_20260327T152639.SAFE,520,9889,4270,342705.0,2201145.0,0.3121,0.3801,0.45070000000000005,0.5449,0.5907,0.5944,0.6213000000000001,0.6636000000000001,0.6584,0.6302,0.6322,0.3919
2026-03-27,Arel,Sen2Cor,S2B_MSIL2A_20260327T113319_N0512_R080_T28QCH_20260327T152639.SAFE,C:\Users\Simon\Nextcloud\Project\Mauritania\Science\Arguin - FieldWork Data Processing\Data\S2\S2B_MSIL2A_20260327T113319_N0512_R080_T28QCH_20260327T152639.SAFE,521,9889,4271,342715.0,2201145.0,0.3121,0.3845,0.457,0.5518000000000001,0.5907,0.5944,0.6213000000000001,0.6641,0.6584,0.6302,0.6322,0.3919
2026-03-27,Arel,Sen2Cor,S2B_MSIL2A_20260327T113319_N0512_R080_T28QCH_20260327T152639.SAFE,C:\Users\Simon\Nextcloud\Project\Mauritania\Science\Arguin - FieldWork Data Processing\Data\S2\S2B_MSIL2A_20260327T113319_N0512_R080_T28QCH_20260327T152639.SAFE,522,9889,4272,342725.0,2201145.0,0.3171,0.3965,0.46780000000000005,0.5586,0.5989,0.6047,0.6273000000000001,0.6646000000000001,0.6673,0.5780000000000001,0.6344000000000001,0.40040000000000003
2026-03-27,Arel,Sen2Cor,S2B_MSIL2A_20260327T113319_N0512_R080_T28QCH_20260327T152639.SAFE,C:\Users\Simon\Nextcloud\Project\Mauritania\Science\Arguin - FieldWork Data Processing\Data\S2\S2B_MSIL2A_20260327T113319_N0512_R080_T28QCH_20260327T152639.SAFE,523,9889,4273,342735.0,2201145.0,0.3171,0.4058,0.4702,0.5586,0.5989,0.6047,0.6273000000000001,0.6685,0.6673,0.5780000000000001,0.6344000000000001,0.40040000000000003
2026-03-27,Arel,Sen2Cor,S2B_MSIL2A_20260327T113319_N0512_R080_T28QCH_20260327T152639.SAFE,C:\Users\Simon\Nextcloud\Project\Mauritania\Science\Arguin - FieldWork Data Processing\Data\S2\S2B_MSIL2A_20260327T113319_N0512_R080_T28QCH_20260327T152639.SAFE,524,9889,4274,342745.0,2201145.0,0.3106,0.4001,0.4622,0.5537000000000001,0.5913,0.5982000000000001,0.6236,0.6694,0.6659,0.5780000000000001,0.6395000000000001,0.41950000000000004
2026-03-27,Arel,Sen2Cor,S2B_MSIL2A_20260327T113319_N0512_R080_T28QCH_20260327T152639.SAFE,C:\Users\Simon\Nextcloud\Project\Mauritania\Science\Arguin - FieldWork Data Processing\Data\S2\S2B_MSIL2A_20260327T113319_N0512_R080_T28QCH_20260327T152639.SAFE,525,9889,4275,342755.0,2201145.0,0.3106,0.3801,0.4368,0.5332,0.5913,0.5982000000000001,0.6236,0.6602,0.6659,0.5780000000000001,0.6395000000000001,0.41950000000000004
2026-03-27,Arel,Sen2Cor,S2B_MSIL2A_20260327T113319_N0512_R080_T28QCH_20260327T152639.SAFE,C:\Users\Simon\Nextcloud\Project\Mauritania\Science\Arguin - FieldWork Data Processing\Data\S2\S2B_MSIL2A_20260327T113319_N0512_R080_T28QCH_20260327T152639.SAFE,526,9889,4276,342765.0,2201145.0,0.2826,0.36210000000000003,0.4192,0.5166000000000001,0.5699000000000001,0.5761000000000001,0.6105,0.646,0.6436000000000001,0.5780000000000001,0.6311,0.42300000000000004
2026-03-27,Arel,Sen2Cor,S2B_MSIL2A_20260327T113319_N0512_R080_T28QCH_20260327T152639.SAFE,C:\Users\Simon\Nextcloud\Project\Mauritania\Science\Arguin - FieldWork Data Processing\Data\S2\S2B_MSIL2A_20260327T113319_N0512_R080_T28QCH_20260327T152639.SAFE,527,9890,4247,342475.0,2201135.0,0.27540000000000003,0.3967,0.47190000000000004,0.5732,0.6278,0.623,0.6394000000000001,0.6743,0.6608,0.5386000000000001,0.6491,0.448
2026-03-27,Arel,Sen2Cor,S2B_MSIL2A_20260327T113319_N0512_R080_T28QCH_20260327T152639.SAFE,C:\Users\Simon\Nextcloud\Project\Mauritania\Science\Arguin - FieldWork Data Processing\Data\S2\S2B_MSIL2A_20260327T113319_N0512_R080_T28QCH_20260327T152639.SAFE,528,9890,4248,342485.0,2201135.0,0.3053,0.39580000000000004,0.4722,0.5693,0.5952000000000001,0.5962000000000001,0.6162000000000001,0.6704,0.6514,0.6439,0.6394000000000001,0.4038
2026-03-27,Arel,Sen2Cor,S2B_MSIL2A_20260327T113319_N0512_R080_T28QCH_20260327T152639.SAFE,C:\Users\Simon\Nextcloud\Project\Mauritania\Science\Arguin - FieldWork Data Processing\Data\S2\S2B_MSIL2A_20260327T113319_N0512_R080_T28QCH_20260327T152639.SAFE,529,9890,4249,342495.0,2201135.0,0.3053,0.38230000000000003,0.4575,0.5513,0.5952000000000001,0.5962000000000001,0.6162000000000001,0.6494,0.6514,0.6439,0.6394000000000001,0.4038
2026-03-27,Arel,Sen2Cor,S2B_MSIL2A_20260327T113319_N0512_R080_T28QCH_20260327T152639.SAFE,C:\Users\Simon\Nextcloud\Project\Mauritania\Science\Arguin - FieldWork Data Processing\Data\S2\S2B_MSIL2A_20260327T113319_N0512_R080_T28QCH_20260327T152639.SAFE,530,9890,4250,342505.0,2201135.0,0.32270000000000004,0.37210000000000004,0.44820000000000004,0.5347000000000001,0.5652,0.562,0.5918,0.6396000000000001,0.6308,0.6439,0.6181,0.3744
2026-03-27,Arel,Sen2Cor,S2B_MSIL2A_20260327T113319_N0512_R080_T28QCH_20260327T152639.SAFE,C:\Users\Simon\Nextcloud\Project\Mauritania\Science\Arguin - FieldWork Data Processing\Data\S2\S2B_MSIL2A_20260327T113319_N0512_R080_T28QCH_20260327T152639.SAFE,531,9890,4251,342515.0,2201135.0,0.32270000000000004,0.3635,0.43920000000000003,0.5244,0.5652,0.562,0.5918,0.6348,0.6308,0.6439,0.6181,0.3744
2026-03-27,Arel,Sen2Cor,S2B_MSIL2A_20260327T113319_N0512_R080_T28QCH_20260327T152639.SAFE,C:\Users\Simon\Nextcloud\Project\Mauritania\Science\Arguin - FieldWork Data Processing\Data\S2\S2B_MSIL2A_20260327T113319_N0512_R080_T28QCH_20260327T152639.SAFE,532,9890,4252,342525.0,2201135.0,0.3252,0.3679,0.437,0.5288,0.5673,0.5674,0.5946,0.6299,0.6299,0.6439,0.6209,0.3851
2026-03-27,Arel,Sen2Cor,S2B_MSIL2A_20260327T113319_N0512_R080_T28QCH_20260327T152639.SAFE,C:\Users\Simon\Nextcloud\Project\Mauritania\Science\Arguin - FieldWork Data Processing\Data\S2\S2B_MSIL2A_20260327T113319_N0512_R080_T28QCH_20260327T152639.SAFE,533,9890,4253,342535.0,2201135.0,0.3252,0.37670000000000003,0.44780000000000003,0.5425,0.5673,0.5674,0.5946,0.6377,0.6299,0.6439,0.6209,0.3851
2026-03-27,Arel,Sen2Cor,S2B_MSIL2A_20260327T113319_N0512_R080_T28QCH_20260327T152639.SAFE,C:\Users\Simon\Nextcloud\Project\Mauritania\Science\Arguin - FieldWork Data Processing\Data\S2\S2B_MSIL2A_20260327T113319_N0512_R080_T28QCH_20260327T152639.SAFE,534,9890,4254,342545.0,2201135.0,0.3179,0.38530000000000003,0.45630000000000004,0.5542,0.5930000000000001,0.5904,0.6164000000000001,0.6519,0.6489,0.6429,0.6353,0.4128
2026-03-27,Arel,Sen2Cor,S2B_MSIL2A_20260327T113319_N0512_R080_T28QCH_20260327T152639.SAFE,C:\Users\Simon\Nextcloud\Project\Mauritania\Science\Arguin - FieldWork Data Processing\Data\S2\S2B_MSIL2A_20260327T113319_N0512_R080_T28QCH_20260327T152639.SAFE,535,9890,4255,342555.0,2201135.0,0.3179,0.3967,0.46290000000000003,0.5591,0.5930000000000001,0.5904,0.6164000000000001,0.6602,0.6489,0.6429,0.6353,0.4128
2026-03-27,Arel,Sen2Cor,S2B_MSIL2A_20260327T113319_N0512_R080_T28QCH_20260327T152639.SAFE,C:\Users\Simon\Nextcloud\Project\Mauritania\Science\Arguin - FieldWork Data Processing\Data\S2\S2B_MSIL2A_20260327T113319_N0512_R080_T28QCH_20260327T152639.SAFE,536,9890,4256,342565.0,2201135.0,0.3108,0.394,0.4626,0.5649000000000001,0.5996,0.5961000000000001,0.6229,0.6602,0.6508,0.6429,0.6424000000000001,0.41960000000000003
2026-03-27,Arel,Sen2Cor,S2B_MSIL2A_20260327T113319_N0512_R080_T28QCH_20260327T152639.SAFE,C:\Users\Simon\Nextcloud\Project\Mauritania\Science\Arguin - FieldWork Data Processing\Data\S2\S2B_MSIL2A_20260327T113319_N0512_R080_T28QCH_20260327T152639.SAFE,537,9890,4257,342575.0,2201135.0,0.3108,0.3914,0.4622,0.5542,0.5996,0.5961000000000001,0.6229,0.6504,0.6508,0.6429,0.6424000000000001,0.41960000000000003
2026-03-27,Arel,Sen2Cor,S2B_MSIL2A_20260327T113319_N0512_R080_T28QCH_20260327T152639.SAFE,C:\Users\Simon\Nextcloud\Project\Mauritania\Science\Arguin - FieldWork Data Processing\Data\S2\S2B_MSIL2A_20260327T113319_N0512_R080_T28QCH_20260327T152639.SAFE,538,9890,4258,342585.0,2201135.0,0.30670000000000003,0.3899,0.4536,0.5518000000000001,0.5850000000000001,0.5883,0.6113000000000001,0.6504,0.6461,0.6429,0.6358,0.4152
2026-03-27,Arel,Sen2Cor,S2B_MSIL2A_20260327T113319_N0512_R080_T28QCH_20260327T152639.SAFE,C:\Users\Simon\Nextcloud\Project\Mauritania\Science\Arguin - FieldWork Data Processing\Data\S2\S2B_MSIL2A_20260327T113319_N0512_R080_T28QCH_20260327T152639.SAFE,539,9890,4259,342595.0,2201135.0,0.30670000000000003,0.36960000000000004,0.43870000000000003,0.5415,0.5850000000000001,0.5883,0.6113000000000001,0.6455000000000001,0.6461,0.6429,0.6358,0.4152
2026-03-27,Arel,Sen2Cor,S2B_MSIL2A_20260327T113319_N0512_R080_T28QCH_20260327T152639.SAFE,C:\Users\Simon\Nextcloud\Project\Mauritania\Science\Arguin - FieldWork Data Processing\Data\S2\S2B_MSIL2A_20260327T113319_N0512_R080_T28QCH_20260327T152639.SAFE,540,9890,4260,342605.0,2201135.0,0.304,0.3569,0.4299,0.5337000000000001,0.5781000000000001,0.5839,0.6115,0.6475000000000001,0.6458,0.6445000000000001,0.6339,0.4141
2026-03-27,Arel,Sen2Cor,S2B_MSIL2A_20260327T113319_N0512_R080_T28QCH_20260327T152639.SAFE,C:\Users\Simon\Nextcloud\Project\Mauritania\Science\Arguin - FieldWork Data Processing\Data\S2\S2B_MSIL2A_20260327T113319_N0512_R080_T28QCH_20260327T152639.SAFE,541,9890,4261,342615.0,2201135.0,0.304,0.3542,0.4243,0.5249,0.5781000000000001,0.5839,0.6115,0.6455000000000001,0.6458,0.6445000000000001,0.6339,0.4141
2026-03-27,Arel,Sen2Cor,S2B_MSIL2A_20260327T113319_N0512_R080_T28QCH_20260327T152639.SAFE,C:\Users\Simon\Nextcloud\Project\Mauritania\Science\Arguin - FieldWork Data Processing\Data\S2\S2B_MSIL2A_20260327T113319_N0512_R080_T28QCH_20260327T152639.SAFE,542,9890,4262,342625.0,2201135.0,0.3019,0.37060000000000004,0.43870000000000003,0.5386000000000001,0.5841000000000001,0.5842,0.6178,0.6572,0.6529,0.6445000000000001,0.6336,0.3971
2026-03-27,Arel,Sen2Cor,S2B_MSIL2A_20260327T113319_N0512_R080_T28QCH_20260327T152639.SAFE,C:\Users\Simon\Nextcloud\Project\Mauritania\Science\Arguin - FieldWork Data Processing\Data\S2\S2B_MSIL2A_20260327T113319_N0512_R080_T28QCH_20260327T152639.SAFE,543,9890,4263,342635.0,2201135.0,0.3019,0.3789,0.4519,0.5503,0.5841000000000001,0.5842,0.6178,0.6631,0.6529,0.6445000000000001,0.6336,0.3971
2026-03-27,Arel,Sen2Cor,S2B_MSIL2A_20260327T113319_N0512_R080_T28QCH_20260327T152639.SAFE,C:\Users\Simon\Nextcloud\Project\Mauritania\Science\Arguin - FieldWork Data Processing\Data\S2\S2B_MSIL2A_20260327T113319_N0512_R080_T28QCH_20260327T152639.SAFE,544,9890,4264,342645.0,2201135.0,0.3012,0.366,0.44210000000000005,0.5435,0.5781000000000001,0.5843,0.6115,0.6597000000000001,0.6558,0.6445000000000001,0.6264000000000001,0.3795
2026-03-27,Arel,Sen2Cor,S2B_MSIL2A_20260327T113319_N0512_R080_T28QCH_20260327T152639.SAFE,C:\Users\Simon\Nextcloud\Project\Mauritania\Science\Arguin - FieldWork Data Processing\Data\S2\S2B_MSIL2A_20260327T113319_N0512_R080_T28QCH_20260327T152639.SAFE,545,9890,4265,342655.0,2201135.0,0.3012,0.35550000000000004,0.42460000000000003,0.5298,0.5781000000000001,0.5843,0.6115,0.6504,0.6558,0.6445000000000001,0.6264000000000001,0.3795
2026-03-27,Arel,Sen2Cor,S2B_MSIL2A_20260327T113319_N0512_R080_T28QCH_20260327T152639.SAFE,C:\Users\Simon\Nextcloud\Project\Mauritania\Science\Arguin - FieldWork Data Processing\Data\S2\S2B_MSIL2A_20260327T113319_N0512_R080_T28QCH_20260327T152639.SAFE,546,9890,4266,342665.0,2201135.0,0.3012,0.3552,0.42260000000000003,0.522,0.5765,0.5859,0.6146,0.6406000000000001,0.6548,0.6302,0.6276,0.3876
2026-03-27,Arel,Sen2Cor,S2B_MSIL2A_20260327T113319_N0512_R080_T28QCH_20260327T152639.SAFE,C:\Users\Simon\Nextcloud\Project\Mauritania\Science\Arguin - FieldWork Data Processing\Data\S2\S2B_MSIL2A_20260327T113319_N0512_R080_T28QCH_20260327T152639.SAFE,547,9890,4267,342675.0,2201135.0,0.3012,0.3608,0.43160000000000004,0.5371,0.5765,0.5859,0.6146,0.6592,0.6548,0.6302,0.6276,0.3876
2026-03-27,Arel,Sen2Cor,S2B_MSIL2A_20260327T113319_N0512_R080_T28QCH_20260327T152639.SAFE,C:\Users\Simon\Nextcloud\Project\Mauritania\Science\Arguin - FieldWork Data Processing\Data\S2\S2B_MSIL2A_20260327T113319_N0512_R080_T28QCH_20260327T152639.SAFE,548,9890,4268,342685.0,2201135.0,0.3004,0.3674,0.4365,0.5439,0.5924,0.5997,0.6256,0.6685,0.6682,0.6302,0.6316,0.38920000000000005
2026-03-27,Arel,Sen2Cor,S2B_MSIL2A_20260327T113319_N0512_R080_T28QCH_20260327T152639.SAFE,C:\Users\Simon\Nextcloud\Project\Mauritania\Science\Arguin - FieldWork Data Processing\Data\S2\S2B_MSIL2A_20260327T113319_N0512_R080_T28QCH_20260327T152639.SAFE,549,9890,4269,342695.0,2201135.0,0.3004,0.37010000000000004,0.44260000000000005,0.5425,0.5924,0.5997,0.6256,0.6646000000000001,0.6682,0.6302,0.6316,0.38920000000000005
2026-03-27,Arel,Sen2Cor,S2B_MSIL2A_20260327T113319_N0512_R080_T28QCH_20260327T152639.SAFE,C:\Users\Simon\Nextcloud\Project\Mauritania\Science\Arguin - FieldWork Data Processing\Data\S2\S2B_MSIL2A_20260327T113319_N0512_R080_T28QCH_20260327T152639.SAFE,550,9890,4270,342705.0,2201135.0,0.3022,0.3811,0.45430000000000004,0.5464,0.5924,0.5966,0.6226,0.6665,0.6629,0.6302,0.6291,0.3845
2026-03-27,Arel,Sen2Cor,S2B_MSIL2A_20260327T113319_N0512_R080_T28QCH_20260327T152639.SAFE,C:\Users\Simon\Nextcloud\Project\Mauritania\Science\Arguin - FieldWork Data Processing\Data\S2\S2B_MSIL2A_20260327T113319_N0512_R080_T28QCH_20260327T152639.SAFE,551,9890,4271,342715.0,2201135.0,0.3022,0.3865,0.4607,0.5503,0.5924,0.5966,0.6226,0.6582,0.6629,0.6302,0.6291,0.3845
2026-03-27,Arel,Sen2Cor,S2B_MSIL2A_20260327T113319_N0512_R080_T28QCH_20260327T152639.SAFE,C:\Users\Simon\Nextcloud\Project\Mauritania\Science\Arguin - FieldWork Data Processing\Data\S2\S2B_MSIL2A_20260327T113319_N0512_R080_T28QCH_20260327T152639.SAFE,552,9890,4272,342725.0,2201135.0,0.3033,0.39280000000000004,0.4622,0.5532,0.5933,0.5954,0.6272,0.6602,0.6657000000000001,0.5780000000000001,0.6244000000000001,0.39430000000000004
2026-03-27,Arel,Sen2Cor,S2B_MSIL2A_20260327T113319_N0512_R080_T28QCH_20260327T152639.SAFE,C:\Users\Simon\Nextcloud\Project\Mauritania\Science\Arguin - FieldWork Data Processing\Data\S2\S2B_MSIL2A_20260327T113319_N0512_R080_T28QCH_20260327T152639.SAFE,553,9890,4273,342735.0,2201135.0,0.3033,0.3982,0.457,0.5488000000000001,0.5933,0.5954,0.6272,0.6646000000000001,0.6657000000000001,0.5780000000000001,0.6244000000000001,0.39430000000000004
2026-03-27,Arel,Sen2Cor,S2B_MSIL2A_20260327T113319_N0512_R080_T28QCH_20260327T152639.SAFE,C:\Users\Simon\Nextcloud\Project\Mauritania\Science\Arguin - FieldWork Data Processing\Data\S2\S2B_MSIL2A_20260327T113319_N0512_R080_T28QCH_20260327T152639.SAFE,554,9891,4247,342475.0,2201125.0,0.27540000000000003,0.38530000000000003,0.4622,0.5635,0.6278,0.623,0.6394000000000001,0.6675,0.6608,0.5386000000000001,0.6491,0.448
2026-03-27,Arel,Sen2Cor,S2B_MSIL2A_20260327T113319_N0512_R080_T28QCH_20260327T152639.SAFE,C:\Users\Simon\Nextcloud\Project\Mauritania\Science\Arguin - FieldWork Data Processing\Data\S2\S2B_MSIL2A_20260327T113319_N0512_R080_T28QCH_20260327T152639.SAFE,555,9891,4248,342485.0,2201125.0,0.3053,0.3826,0.45730000000000004,0.5586,0.5952000000000001,0.5962000000000001,0.6162000000000001,0.6582,0.6514,0.6439,0.6394000000000001,0.4038
2026-03-27,Arel,Sen2Cor,S2B_MSIL2A_20260327T113319_N0512_R080_T28QCH_20260327T152639.SAFE,C:\Users\Simon\Nextcloud\Project\Mauritania\Science\Arguin - FieldWork Data Processing\Data\S2\S2B_MSIL2A_20260327T113319_N0512_R080_T28QCH_20260327T152639.SAFE,556,9891,4249,342495.0,2201125.0,0.3053,0.37160000000000004,0.4509,0.542,0.5952000000000001,0.5962000000000001,0.6162000000000001,0.6411,0.6514,0.6439,0.6394000000000001,0.4038
2026-03-27,Arel,Sen2Cor,S2B_MSIL2A_20260327T113319_N0512_R080_T28QCH_20260327T152639.SAFE,C:\Users\Simon\Nextcloud\Project\Mauritania\Science\Arguin - FieldWork Data Processing\Data\S2\S2B_MSIL2A_20260327T113319_N0512_R080_T28QCH_20260327T152639.SAFE,557,9891,4250,342505.0,2201125.0,0.32270000000000004,0.3643,0.438,0.5234,0.5652,0.562,0.5918,0.6309,0.6308,0.6439,0.6181,0.3744
2026-03-27,Arel,Sen2Cor,S2B_MSIL2A_20260327T113319_N0512_R080_T28QCH_20260327T152639.SAFE,C:\Users\Simon\Nextcloud\Project\Mauritania\Science\Arguin - FieldWork Data Processing\Data\S2\S2B_MSIL2A_20260327T113319_N0512_R080_T28QCH_20260327T152639.SAFE,558,9891,4251,342515.0,2201125.0,0.32270000000000004,0.36250000000000004,0.4333,0.5181,0.5652,0.562,0.5918,0.6274000000000001,0.6308,0.6439,0.6181,0.3744
2026-03-27,Arel,Sen2Cor,S2B_MSIL2A_20260327T113319_N0512_R080_T28QCH_20260327T152639.SAFE,C:\Users\Simon\Nextcloud\Project\Mauritania\Science\Arguin - FieldWork Data Processing\Data\S2\S2B_MSIL2A_20260327T113319_N0512_R080_T28QCH_20260327T152639.SAFE,559,9891,4252,342525.0,2201125.0,0.3252,0.3633,0.43160000000000004,0.5176000000000001,0.5673,0.5674,0.5946,0.6245,0.6299,0.6439,0.6209,0.3851
2026-03-27,Arel,Sen2Cor,S2B_MSIL2A_20260327T113319_N0512_R080_T28QCH_20260327T152639.SAFE,C:\Users\Simon\Nextcloud\Project\Mauritania\Science\Arguin - FieldWork Data Processing\Data\S2\S2B_MSIL2A_20260327T113319_N0512_R080_T28QCH_20260327T152639.SAFE,560,9891,4253,342535.0,2201125.0,0.3252,0.3723,0.439,0.5288,0.5673,0.5674,0.5946,0.6348,0.6299,0.6439,0.6209,0.3851
2026-03-27,Arel,Sen2Cor,S2B_MSIL2A_20260327T113319_N0512_R080_T28QCH_20260327T152639.SAFE,C:\Users\Simon\Nextcloud\Project\Mauritania\Science\Arguin - FieldWork Data Processing\Data\S2\S2B_MSIL2A_20260327T113319_N0512_R080_T28QCH_20260327T152639.SAFE,561,9891,4254,342545.0,2201125.0,0.3179,0.3784,0.45020000000000004,0.5425,0.5930000000000001,0.5904,0.6164000000000001,0.645,0.6489,0.6429,0.6353,0.4128
2026-03-27,Arel,Sen2Cor,S2B_MSIL2A_20260327T113319_N0512_R080_T28QCH_20260327T152639.SAFE,C:\Users\Simon\Nextcloud\Project\Mauritania\Science\Arguin - FieldWork Data Processing\Data\S2\S2B_MSIL2A_20260327T113319_N0512_R080_T28QCH_20260327T152639.SAFE,562,9891,4255,342555.0,2201125.0,0.3179,0.39380000000000004,0.4641,0.5527000000000001,0.5930000000000001,0.5904,0.6164000000000001,0.6543,0.6489,0.6429,0.6353,0.4128
2026-03-27,Arel,Sen2Cor,S2B_MSIL2A_20260327T113319_N0512_R080_T28QCH_20260327T152639.SAFE,C:\Users\Simon\Nextcloud\Project\Mauritania\Science\Arguin - FieldWork Data Processing\Data\S2\S2B_MSIL2A_20260327T113319_N0512_R080_T28QCH_20260327T152639.SAFE,563,9891,4256,342565.0,2201125.0,0.3108,0.3967,0.46,0.5566,0.5996,0.5961000000000001,0.6229,0.6548,0.6508,0.6429,0.6424000000000001,0.41960000000000003
2026-03-27,Arel,Sen2Cor,S2B_MSIL2A_20260327T113319_N0512_R080_T28QCH_20260327T152639.SAFE,C:\Users\Simon\Nextcloud\Project\Mauritania\Science\Arguin - FieldWork Data Processing\Data\S2\S2B_MSIL2A_20260327T113319_N0512_R080_T28QCH_20260327T152639.SAFE,564,9891,4257,342575.0,2201125.0,0.3108,0.38720000000000004,0.45830000000000004,0.5508000000000001,0.5996,0.5961000000000001,0.6229,0.646,0.6508,0.6429,0.6424000000000001,0.41960000000000003
2026-03-27,Arel,Sen2Cor,S2B_MSIL2A_20260327T113319_N0512_R080_T28QCH_20260327T152639.SAFE,C:\Users\Simon\Nextcloud\Project\Mauritania\Science\Arguin - FieldWork Data Processing\Data\S2\S2B_MSIL2A_20260327T113319_N0512_R080_T28QCH_20260327T152639.SAFE,565,9891,4258,342585.0,2201125.0,0.30670000000000003,0.3806,0.4436,0.541,0.5850000000000001,0.5883,0.6113000000000001,0.6421,0.6461,0.6429,0.6358,0.4152
2026-03-27,Arel,Sen2Cor,S2B_MSIL2A_20260327T113319_N0512_R080_T28QCH_20260327T152639.SAFE,C:\Users\Simon\Nextcloud\Project\Mauritania\Science\Arguin - FieldWork Data Processing\Data\S2\S2B_MSIL2A_20260327T113319_N0512_R080_T28QCH_20260327T152639.SAFE,566,9891,4259,342595.0,2201125.0,0.30670000000000003,0.3687,0.4395,0.5347000000000001,0.5850000000000001,0.5883,0.6113000000000001,0.6445000000000001,0.6461,0.6429,0.6358,0.4152
2026-03-27,Arel,Sen2Cor,S2B_MSIL2A_20260327T113319_N0512_R080_T28QCH_20260327T152639.SAFE,C:\Users\Simon\Nextcloud\Project\Mauritania\Science\Arguin - FieldWork Data Processing\Data\S2\S2B_MSIL2A_20260327T113319_N0512_R080_T28QCH_20260327T152639.SAFE,567,9891,4260,342605.0,2201125.0,0.304,0.37160000000000004,0.4395,0.5356000000000001,0.5781000000000001,0.5839,0.6115,0.6504,0.6458,0.6445000000000001,0.6339,0.4141
2026-03-27,Arel,Sen2Cor,S2B_MSIL2A_20260327T113319_N0512_R080_T28QCH_20260327T152639.SAFE,C:\Users\Simon\Nextcloud\Project\Mauritania\Science\Arguin - FieldWork Data Processing\Data\S2\S2B_MSIL2A_20260327T113319_N0512_R080_T28QCH_20260327T152639.SAFE,568,9891,4261,342615.0,2201125.0,0.304,0.3608,0.4297,0.5278,0.5781000000000001,0.5839,0.6115,0.6475000000000001,0.6458,0.6445000000000001,0.6339,0.4141
2026-03-27,Arel,Sen2Cor,S2B_MSIL2A_20260327T113319_N0512_R080_T28QCH_20260327T152639.SAFE,C:\Users\Simon\Nextcloud\Project\Mauritania\Science\Arguin - FieldWork Data Processing\Data\S2\S2B_MSIL2A_20260327T113319_N0512_R080_T28QCH_20260327T152639.SAFE,569,9891,4262,342625.0,2201125.0,0.3019,0.3584,0.4297,0.5317000000000001,0.5841000000000001,0.5842,0.6178,0.6509,0.6529,0.6445000000000001,0.6336,0.3971
2026-03-27,Arel,Sen2Cor,S2B_MSIL2A_20260327T113319_N0512_R080_T28QCH_20260327T152639.SAFE,C:\Users\Simon\Nextcloud\Project\Mauritania\Science\Arguin - FieldWork Data Processing\Data\S2\S2B_MSIL2A_20260327T113319_N0512_R080_T28QCH_20260327T152639.SAFE,570,9891,4263,342635.0,2201125.0,0.3019,0.36300000000000004,0.4365,0.54,0.5841000000000001,0.5842,0.6178,0.6548,0.6529,0.6445000000000001,0.6336,0.3971
2026-03-27,Arel,Sen2Cor,S2B_MSIL2A_20260327T113319_N0512_R080_T28QCH_20260327T152639.SAFE,C:\Users\Simon\Nextcloud\Project\Mauritania\Science\Arguin - FieldWork Data Processing\Data\S2\S2B_MSIL2A_20260327T113319_N0512_R080_T28QCH_20260327T152639.SAFE,571,9891,4264,342645.0,2201125.0,0.3012,0.364,0.43510000000000004,0.5435,0.5781000000000001,0.5843,0.6115,0.6567000000000001,0.6558,0.6445000000000001,0.6264000000000001,0.3795
2026-03-27,Arel,Sen2Cor,S2B_MSIL2A_20260327T113319_N0512_R080_T28QCH_20260327T152639.SAFE,C:\Users\Simon\Nextcloud\Project\Mauritania\Science\Arguin - FieldWork Data Processing\Data\S2\S2B_MSIL2A_20260327T113319_N0512_R080_T28QCH_20260327T152639.SAFE,572,9891,4265,342655.0,2201125.0,0.3012,0.3547,0.42800000000000005,0.5308,0.5781000000000001,0.5843,0.6115,0.6533,0.6558,0.6445000000000001,0.6264000000000001,0.3795
2026-03-27,Arel,Sen2Cor,S2B_MSIL2A_20260327T113319_N0512_R080_T28QCH_20260327T152639.SAFE,C:\Users\Simon\Nextcloud\Project\Mauritania\Science\Arguin - FieldWork Data Processing\Data\S2\S2B_MSIL2A_20260327T113319_N0512_R080_T28QCH_20260327T152639.SAFE,573,9891,4266,342665.0,2201125.0,0.3012,0.36210000000000003,0.4263,0.5337000000000001,0.5765,0.5859,0.6146,0.6514,0.6548,0.6302,0.6276,0.3876
2026-03-27,Arel,Sen2Cor,S2B_MSIL2A_20260327T113319_N0512_R080_T28QCH_20260327T152639.SAFE,C:\Users\Simon\Nextcloud\Project\Mauritania\Science\Arguin - FieldWork Data Processing\Data\S2\S2B_MSIL2A_20260327T113319_N0512_R080_T28QCH_20260327T152639.SAFE,574,9891,4267,342675.0,2201125.0,0.3012,0.3569,0.4294,0.5391,0.5765,0.5859,0.6146,0.6606000000000001,0.6548,0.6302,0.6276,0.3876
2026-03-27,Arel,Sen2Cor,S2B_MSIL2A_20260327T113319_N0512_R080_T28QCH_20260327T152639.SAFE,C:\Users\Simon\Nextcloud\Project\Mauritania\Science\Arguin - FieldWork Data Processing\Data\S2\S2B_MSIL2A_20260327T113319_N0512_R080_T28QCH_20260327T152639.SAFE,575,9891,4268,342685.0,2201125.0,0.3004,0.3608,0.4314,0.543,0.5924,0.5997,0.6256,0.6704,0.6682,0.6302,0.6316,0.38920000000000005
2026-03-27,Arel,Sen2Cor,S2B_MSIL2A_20260327T113319_N0512_R080_T28QCH_20260327T152639.SAFE,C:\Users\Simon\Nextcloud\Project\Mauritania\Science\Arguin - FieldWork Data Processing\Data\S2\S2B_MSIL2A_20260327T113319_N0512_R080_T28QCH_20260327T152639.SAFE,576,9891,4269,342695.0,2201125.0,0.3004,0.3665,0.43820000000000003,0.5459,0.5924,0.5997,0.6256,0.667,0.6682,0.6302,0.6316,0.38920000000000005
2026-03-27,Arel,Sen2Cor,S2B_MSIL2A_20260327T113319_N0512_R080_T28QCH_20260327T152639.SAFE,C:\Users\Simon\Nextcloud\Project\Mauritania\Science\Arguin - FieldWork Data Processing\Data\S2\S2B_MSIL2A_20260327T113319_N0512_R080_T28QCH_20260327T152639.SAFE,577,9891,4270,342705.0,2201125.0,0.3022,0.375,0.44680000000000003,0.5435,0.5924,0.5966,0.6226,0.6621,0.6629,0.6302,0.6291,0.3845
2026-03-27,Arel,Sen2Cor,S2B_MSIL2A_20260327T113319_N0512_R080_T28QCH_20260327T152639.SAFE,C:\Users\Simon\Nextcloud\Project\Mauritania\Science\Arguin - FieldWork Data Processing\Data\S2\S2B_MSIL2A_20260327T113319_N0512_R080_T28QCH_20260327T152639.SAFE,578,9891,4271,342715.0,2201125.0,0.3022,0.3855,0.4539,0.5459,0.5924,0.5966,0.6226,0.6572,0.6629,0.6302,0.6291,0.3845
2026-03-27,Arel,Sen2Cor,S2B_MSIL2A_20260327T113319_N0512_R080_T28QCH_20260327T152639.SAFE,C:\Users\Simon\Nextcloud\Project\Mauritania\Science\Arguin - FieldWork Data Processing\Data\S2\S2B_MSIL2A_20260327T113319_N0512_R080_T28QCH_20260327T152639.SAFE,579,9892,4247,342475.0,2201115.0,0.2723,0.3809,0.4551,0.5527000000000001,0.6103000000000001,0.6103000000000001,0.6203000000000001,0.6533,0.6583,0.5386000000000001,0.64,0.4204
2026-03-27,Arel,Sen2Cor,S2B_MSIL2A_20260327T113319_N0512_R080_T28QCH_20260327T152639.SAFE,C:\Users\Simon\Nextcloud\Project\Mauritania\Science\Arguin - FieldWork Data Processing\Data\S2\S2B_MSIL2A_20260327T113319_N0512_R080_T28QCH_20260327T152639.SAFE,580,9892,4248,342485.0,2201115.0,0.3017,0.3704,0.44870000000000004,0.5439,0.5768,0.5750000000000001,0.6011000000000001,0.644,0.6338,0.6439,0.6177,0.3669
2026-03-27,Arel,Sen2Cor,S2B_MSIL2A_20260327T113319_N0512_R080_T28QCH_20260327T152639.SAFE,C:\Users\Simon\Nextcloud\Project\Mauritania\Science\Arguin - FieldWork Data Processing\Data\S2\S2B_MSIL2A_20260327T113319_N0512_R080_T28QCH_20260327T152639.SAFE,581,9892,4249,342495.0,2201115.0,0.3017,0.3618,0.44480000000000003,0.5313,0.5768,0.5750000000000001,0.6011000000000001,0.6357,0.6338,0.6439,0.6177,0.3669
2026-03-27,Arel,Sen2Cor,S2B_MSIL2A_20260327T113319_N0512_R080_T28QCH_20260327T152639.SAFE,C:\Users\Simon\Nextcloud\Project\Mauritania\Science\Arguin - FieldWork Data Processing\Data\S2\S2B_MSIL2A_20260327T113319_N0512_R080_T28QCH_20260327T152639.SAFE,582,9892,4250,342505.0,2201115.0,0.32030000000000003,0.3562,0.4292,0.5181,0.5516,0.5548000000000001,0.5841000000000001,0.6211,0.6231,0.6439,0.6091,0.3491
2026-03-27,Arel,Sen2Cor,S2B_MSIL2A_20260327T113319_N0512_R080_T28QCH_20260327T152639.SAFE,C:\Users\Simon\Nextcloud\Project\Mauritania\Science\Arguin - FieldWork Data Processing\Data\S2\S2B_MSIL2A_20260327T113319_N0512_R080_T28QCH_20260327T152639.SAFE,583,9892,4251,342515.0,2201115.0,0.32030000000000003,0.3574,0.4238,0.5122,0.5516,0.5548000000000001,0.5841000000000001,0.6216,0.6231,0.6439,0.6091,0.3491
2026-03-27,Arel,Sen2Cor,S2B_MSIL2A_20260327T113319_N0512_R080_T28QCH_20260327T152639.SAFE,C:\Users\Simon\Nextcloud\Project\Mauritania\Science\Arguin - FieldWork Data Processing\Data\S2\S2B_MSIL2A_20260327T113319_N0512_R080_T28QCH_20260327T152639.SAFE,584,9892,4252,342525.0,2201115.0,0.3234,0.3579,0.42460000000000003,0.5093,0.5513,0.5535,0.5833,0.6196,0.6237,0.6439,0.6127,0.35660000000000003
2026-03-27,Arel,Sen2Cor,S2B_MSIL2A_20260327T113319_N0512_R080_T28QCH_20260327T152639.SAFE,C:\Users\Simon\Nextcloud\Project\Mauritania\Science\Arguin - FieldWork Data Processing\Data\S2\S2B_MSIL2A_20260327T113319_N0512_R080_T28QCH_20260327T152639.SAFE,585,9892,4253,342535.0,2201115.0,0.3234,0.3679,0.4343,0.522,0.5513,0.5535,0.5833,0.6274000000000001,0.6237,0.6439,0.6127,0.35660000000000003
2026-03-27,Arel,Sen2Cor,S2B_MSIL2A_20260327T113319_N0512_R080_T28QCH_20260327T152639.SAFE,C:\Users\Simon\Nextcloud\Project\Mauritania\Science\Arguin - FieldWork Data Processing\Data\S2\S2B_MSIL2A_20260327T113319_N0512_R080_T28QCH_20260327T152639.SAFE,586,9892,4254,342545.0,2201115.0,0.31570000000000004,0.3816,0.448,0.54,0.5736,0.5750000000000001,0.5972000000000001,0.6372,0.6373,0.6429,0.6242,0.3773
2026-03-27,Arel,Sen2Cor,S2B_MSIL2A_20260327T113319_N0512_R080_T28QCH_20260327T152639.SAFE,C:\Users\Simon\Nextcloud\Project\Mauritania\Science\Arguin - FieldWork Data Processing\Data\S2\S2B_MSIL2A_20260327T113319_N0512_R080_T28QCH_20260327T152639.SAFE,587,9892,4255,342555.0,2201115.0,0.31570000000000004,0.3879,0.45580000000000004,0.5488000000000001,0.5736,0.5750000000000001,0.5972000000000001,0.6475000000000001,0.6373,0.6429,0.6242,0.3773
2026-03-27,Arel,Sen2Cor,S2B_MSIL2A_20260327T113319_N0512_R080_T28QCH_20260327T152639.SAFE,C:\Users\Simon\Nextcloud\Project\Mauritania\Science\Arguin - FieldWork Data Processing\Data\S2\S2B_MSIL2A_20260327T113319_N0512_R080_T28QCH_20260327T152639.SAFE,588,9892,4256,342565.0,2201115.0,0.309,0.3879,0.46240000000000003,0.5527000000000001,0.5913,0.5934,0.6181,0.6519,0.6487,0.6429,0.6341,0.3952
2026-03-27,Arel,Sen2Cor,S2B_MSIL2A_20260327T113319_N0512_R080_T28QCH_20260327T152639.SAFE,C:\Users\Simon\Nextcloud\Project\Mauritania\Science\Arguin - FieldWork Data Processing\Data\S2\S2B_MSIL2A_20260327T113319_N0512_R080_T28QCH_20260327T152639.SAFE,589,9892,4257,342575.0,2201115.0,0.309,0.39380000000000004,0.4641,0.5527000000000001,0.5913,0.5934,0.6181,0.6523,0.6487,0.6429,0.6341,0.3952
2026-03-27,Arel,Sen2Cor,S2B_MSIL2A_20260327T113319_N0512_R080_T28QCH_20260327T152639.SAFE,C:\Users\Simon\Nextcloud\Project\Mauritania\Science\Arguin - FieldWork Data Processing\Data\S2\S2B_MSIL2A_20260327T113319_N0512_R080_T28QCH_20260327T152639.SAFE,590,9892,4258,342585.0,2201115.0,0.3063,0.38230000000000003,0.44920000000000004,0.54,0.5837,0.5903,0.6112000000000001,0.6431,0.6464000000000001,0.6429,0.6325000000000001,0.4007
2026-03-27,Arel,Sen2Cor,S2B_MSIL2A_20260327T113319_N0512_R080_T28QCH_20260327T152639.SAFE,C:\Users\Simon\Nextcloud\Project\Mauritania\Science\Arguin - FieldWork Data Processing\Data\S2\S2B_MSIL2A_20260327T113319_N0512_R080_T28QCH_20260327T152639.SAFE,591,9892,4259,342595.0,2201115.0,0.3063,0.375,0.43820000000000003,0.5366000000000001,0.5837,0.5903,0.6112000000000001,0.6445000000000001,0.6464000000000001,0.6429,0.6325000000000001,0.4007
2026-03-27,Arel,Sen2Cor,S2B_MSIL2A_20260327T113319_N0512_R080_T28QCH_20260327T152639.SAFE,C:\Users\Simon\Nextcloud\Project\Mauritania\Science\Arguin - FieldWork Data Processing\Data\S2\S2B_MSIL2A_20260327T113319_N0512_R080_T28QCH_20260327T152639.SAFE,592,9892,4260,342605.0,2201115.0,0.3022,0.3804,0.45,0.5449,0.5792,0.5862,0.6145,0.6514,0.6439,0.6445000000000001,0.632,0.4091
2026-03-27,Arel,Sen2Cor,S2B_MSIL2A_20260327T113319_N0512_R080_T28QCH_20260327T152639.SAFE,C:\Users\Simon\Nextcloud\Project\Mauritania\Science\Arguin - FieldWork Data Processing\Data\S2\S2B_MSIL2A_20260327T113319_N0512_R080_T28QCH_20260327T152639.SAFE,593,9892,4261,342615.0,2201115.0,0.3022,0.3564,0.43310000000000004,0.5356000000000001,0.5792,0.5862,0.6145,0.6533,0.6439,0.6445000000000001,0.632,0.4091
2026-03-27,Arel,Sen2Cor,S2B_MSIL2A_20260327T113319_N0512_R080_T28QCH_20260327T152639.SAFE,C:\Users\Simon\Nextcloud\Project\Mauritania\Science\Arguin - FieldWork Data Processing\Data\S2\S2B_MSIL2A_20260327T113319_N0512_R080_T28QCH_20260327T152639.SAFE,594,9892,4262,342625.0,2201115.0,0.29760000000000003,0.34640000000000004,0.40990000000000004,0.5229,0.5824,0.5891000000000001,0.6144000000000001,0.644,0.6515000000000001,0.6445000000000001,0.6328,0.39740000000000003
2026-03-27,Arel,Sen2Cor,S2B_MSIL2A_20260327T113319_N0512_R080_T28QCH_20260327T152639.SAFE,C:\Users\Simon\Nextcloud\Project\Mauritania\Science\Arguin - FieldWork Data Processing\Data\S2\S2B_MSIL2A_20260327T113319_N0512_R080_T28QCH_20260327T152639.SAFE,595,9892,4263,342635.0,2201115.0,0.29760000000000003,0.34550000000000003,0.4189,0.5239,0.5824,0.5891000000000001,0.6144000000000001,0.6431,0.6515000000000001,0.6445000000000001,0.6328,0.39740000000000003
2026-03-27,Arel,Sen2Cor,S2B_MSIL2A_20260327T113319_N0512_R080_T28QCH_20260327T152639.SAFE,C:\Users\Simon\Nextcloud\Project\Mauritania\Science\Arguin - FieldWork Data Processing\Data\S2\S2B_MSIL2A_20260327T113319_N0512_R080_T28QCH_20260327T152639.SAFE,596,9892,4264,342645.0,2201115.0,0.29050000000000004,0.35400000000000004,0.4233,0.5298,0.5806,0.5890000000000001,0.6178,0.6509,0.6561,0.6445000000000001,0.6273000000000001,0.3821
2026-03-27,Arel,Sen2Cor,S2B_MSIL2A_20260327T113319_N0512_R080_T28QCH_20260327T152639.SAFE,C:\Users\Simon\Nextcloud\Project\Mauritania\Science\Arguin - FieldWork Data Processing\Data\S2\S2B_MSIL2A_20260327T113319_N0512_R080_T28QCH_20260327T152639.SAFE,597,9892,4265,342655.0,2201115.0,0.29050000000000004,0.35550000000000004,0.42800000000000005,0.5278,0.5806,0.5890000000000001,0.6178,0.6523,0.6561,0.6445000000000001,0.6273000000000001,0.3821
2026-03-27,Arel,Sen2Cor,S2B_MSIL2A_20260327T113319_N0512_R080_T28QCH_20260327T152639.SAFE,C:\Users\Simon\Nextcloud\Project\Mauritania\Science\Arguin - FieldWork Data Processing\Data\S2\S2B_MSIL2A_20260327T113319_N0512_R080_T28QCH_20260327T152639.SAFE,598,9892,4266,342665.0,2201115.0,0.28200000000000003,0.37570000000000003,0.4436,0.5459,0.5820000000000001,0.5918,0.6218,0.6621,0.6558,0.6302,0.6243000000000001,0.38530000000000003
2026-03-27,Arel,Sen2Cor,S2B_MSIL2A_20260327T113319_N0512_R080_T28QCH_20260327T152639.SAFE,C:\Users\Simon\Nextcloud\Project\Mauritania\Science\Arguin - FieldWork Data Processing\Data\S2\S2B_MSIL2A_20260327T113319_N0512_R080_T28QCH_20260327T152639.SAFE,599,9892,4267,342675.0,2201115.0,0.28200000000000003,0.3799,0.4504,0.5493,0.5820000000000001,0.5918,0.6218,0.6665,0.6558,0.6302,0.6243000000000001,0.38530000000000003
2026-03-27,Arel,Sen2Cor,S2B_MSIL2A_20260327T113319_N0512_R080_T28QCH_20260327T152639.SAFE,C:\Users\Simon\Nextcloud\Project\Mauritania\Science\Arguin - FieldWork Data Processing\Data\S2\S2B_MSIL2A_20260327T113319_N0512_R080_T28QCH_20260327T152639.SAFE,600,9892,4268,342685.0,2201115.0,0.2737,0.3765,0.44260000000000005,0.5479,0.5943,0.5981000000000001,0.6231,0.6709,0.6627000000000001,0.6302,0.6224000000000001,0.3754
2026-03-27,Arel,Sen2Cor,S2B_MSIL2A_20260327T113319_N0512_R080_T28QCH_20260327T152639.SAFE,C:\Users\Simon\Nextcloud\Project\Mauritania\Science\Arguin - FieldWork Data Processing\Data\S2\S2B_MSIL2A_20260327T113319_N0512_R080_T28QCH_20260327T152639.SAFE,601,9893,4247,342475.0,2201105.0,0.2723,0.3799,0.4536,0.5503,0.6103000000000001,0.6103000000000001,0.6203000000000001,0.645,0.6583,0.5386000000000001,0.64,0.4204
2026-03-27,Arel,Sen2Cor,S2B_MSIL2A_20260327T113319_N0512_R080_T28QCH_20260327T152639.SAFE,C:\Users\Simon\Nextcloud\Project\Mauritania\Science\Arguin - FieldWork Data Processing\Data\S2\S2B_MSIL2A_20260327T113319_N0512_R080_T28QCH_20260327T152639.SAFE,602,9893,4248,342485.0,2201105.0,0.3017,0.3684,0.44970000000000004,0.543,0.5768,0.5750000000000001,0.6011000000000001,0.6401,0.6338,0.6439,0.6177,0.3669
2026-03-27,Arel,Sen2Cor,S2B_MSIL2A_20260327T113319_N0512_R080_T28QCH_20260327T152639.SAFE,C:\Users\Simon\Nextcloud\Project\Mauritania\Science\Arguin - FieldWork Data Processing\Data\S2\S2B_MSIL2A_20260327T113319_N0512_R080_T28QCH_20260327T152639.SAFE,603,9893,4249,342495.0,2201105.0,0.3017,0.35550000000000004,0.438,0.5249,0.5768,0.5750000000000001,0.6011000000000001,0.6274000000000001,0.6338,0.6439,0.6177,0.3669
2026-03-27,Arel,Sen2Cor,S2B_MSIL2A_20260327T113319_N0512_R080_T28QCH_20260327T152639.SAFE,C:\Users\Simon\Nextcloud\Project\Mauritania\Science\Arguin - FieldWork Data Processing\Data\S2\S2B_MSIL2A_20260327T113319_N0512_R080_T28QCH_20260327T152639.SAFE,604,9893,4250,342505.0,2201105.0,0.32030000000000003,0.3491,0.4277,0.5161,0.5516,0.5548000000000001,0.5841000000000001,0.6157,0.6231,0.6439,0.6091,0.3491
2026-03-27,Arel,Sen2Cor,S2B_MSIL2A_20260327T113319_N0512_R080_T28QCH_20260327T152639.SAFE,C:\Users\Simon\Nextcloud\Project\Mauritania\Science\Arguin - FieldWork Data Processing\Data\S2\S2B_MSIL2A_20260327T113319_N0512_R080_T28QCH_20260327T152639.SAFE,605,9893,4251,342515.0,2201105.0,0.32030000000000003,0.35300000000000004,0.42210000000000003,0.5117,0.5516,0.5548000000000001,0.5841000000000001,0.625,0.6231,0.6439,0.6091,0.3491
2026-03-27,Arel,Sen2Cor,S2B_MSIL2A_20260327T113319_N0512_R080_T28QCH_20260327T152639.SAFE,C:\Users\Simon\Nextcloud\Project\Mauritania\Science\Arguin - FieldWork Data Processing\Data\S2\S2B_MSIL2A_20260327T113319_N0512_R080_T28QCH_20260327T152639.SAFE,606,9893,4252,342525.0,2201105.0,0.3234,0.3518,0.4167,0.5068,0.5513,0.5535,0.5833,0.6152000000000001,0.6237,0.6439,0.6127,0.35660000000000003
2026-03-27,Arel,Sen2Cor,S2B_MSIL2A_20260327T113319_N0512_R080_T28QCH_20260327T152639.SAFE,C:\Users\Simon\Nextcloud\Project\Mauritania\Science\Arguin - FieldWork Data Processing\Data\S2\S2B_MSIL2A_20260327T113319_N0512_R080_T28QCH_20260327T152639.SAFE,607,9893,4253,342535.0,2201105.0,0.3234,0.3628,0.4272,0.519,0.5513,0.5535,0.5833,0.6206,0.6237,0.6439,0.6127,0.35660000000000003
2026-03-27,Arel,Sen2Cor,S2B_MSIL2A_20260327T113319_N0512_R080_T28QCH_20260327T152639.SAFE,C:\Users\Simon\Nextcloud\Project\Mauritania\Science\Arguin - FieldWork Data Processing\Data\S2\S2B_MSIL2A_20260327T113319_N0512_R080_T28QCH_20260327T152639.SAFE,608,9893,4254,342545.0,2201105.0,0.31570000000000004,0.3684,0.4404,0.5205000000000001,0.5736,0.5750000000000001,0.5972000000000001,0.6323000000000001,0.6373,0.6429,0.6242,0.3773
2026-03-27,Arel,Sen2Cor,S2B_MSIL2A_20260327T113319_N0512_R080_T28QCH_20260327T152639.SAFE,C:\Users\Simon\Nextcloud\Project\Mauritania\Science\Arguin - FieldWork Data Processing\Data\S2\S2B_MSIL2A_20260327T113319_N0512_R080_T28QCH_20260327T152639.SAFE,609,9893,4255,342555.0,2201105.0,0.31570000000000004,0.3765,0.446,0.5371,0.5736,0.5750000000000001,0.5972000000000001,0.6392,0.6373,0.6429,0.6242,0.3773
2026-03-27,Arel,Sen2Cor,S2B_MSIL2A_20260327T113319_N0512_R080_T28QCH_20260327T152639.SAFE,C:\Users\Simon\Nextcloud\Project\Mauritania\Science\Arguin - FieldWork Data Processing\Data\S2\S2B_MSIL2A_20260327T113319_N0512_R080_T28QCH_20260327T152639.SAFE,610,9893,4256,342565.0,2201105.0,0.309,0.3899,0.4651,0.5537000000000001,0.5913,0.5934,0.6181,0.645,0.6487,0.6429,0.6341,0.3952
2026-03-27,Arel,Sen2Cor,S2B_MSIL2A_20260327T113319_N0512_R080_T28QCH_20260327T152639.SAFE,C:\Users\Simon\Nextcloud\Project\Mauritania\Science\Arguin - FieldWork Data Processing\Data\S2\S2B_MSIL2A_20260327T113319_N0512_R080_T28QCH_20260327T152639.SAFE,611,9893,4257,342575.0,2201105.0,0.309,0.39990000000000003,0.4675,0.5566,0.5913,0.5934,0.6181,0.6543,0.6487,0.6429,0.6341,0.3952
2026-03-27,Arel,Sen2Cor,S2B_MSIL2A_20260327T113319_N0512_R080_T28QCH_20260327T152639.SAFE,C:\Users\Simon\Nextcloud\Project\Mauritania\Science\Arguin - FieldWork Data Processing\Data\S2\S2B_MSIL2A_20260327T113319_N0512_R080_T28QCH_20260327T152639.SAFE,612,9893,4258,342585.0,2201105.0,0.3063,0.38720000000000004,0.4504,0.5439,0.5837,0.5903,0.6112000000000001,0.6445000000000001,0.6464000000000001,0.6429,0.6325000000000001,0.4007
2026-03-27,Arel,Sen2Cor,S2B_MSIL2A_20260327T113319_N0512_R080_T28QCH_20260327T152639.SAFE,C:\Users\Simon\Nextcloud\Project\Mauritania\Science\Arguin - FieldWork Data Processing\Data\S2\S2B_MSIL2A_20260327T113319_N0512_R080_T28QCH_20260327T152639.SAFE,613,9893,4259,342595.0,2201105.0,0.3063,0.3694,0.4338,0.5278,0.5837,0.5903,0.6112000000000001,0.6392,0.6464000000000001,0.6429,0.6325000000000001,0.4007
2026-03-27,Arel,Sen2Cor,S2B_MSIL2A_20260327T113319_N0512_R080_T28QCH_20260327T152639.SAFE,C:\Users\Simon\Nextcloud\Project\Mauritania\Science\Arguin - FieldWork Data Processing\Data\S2\S2B_MSIL2A_20260327T113319_N0512_R080_T28QCH_20260327T152639.SAFE,614,9893,4260,342605.0,2201105.0,0.3022,0.373,0.44430000000000003,0.5391,0.5792,0.5862,0.6145,0.6489,0.6439,0.6445000000000001,0.632,0.4091
2026-03-27,Arel,Sen2Cor,S2B_MSIL2A_20260327T113319_N0512_R080_T28QCH_20260327T152639.SAFE,C:\Users\Simon\Nextcloud\Project\Mauritania\Science\Arguin - FieldWork Data Processing\Data\S2\S2B_MSIL2A_20260327T113319_N0512_R080_T28QCH_20260327T152639.SAFE,615,9893,4261,342615.0,2201105.0,0.3022,0.37770000000000004,0.4436,0.5454,0.5792,0.5862,0.6145,0.6548,0.6439,0.6445000000000001,0.632,0.4091
2026-03-27,Arel,Sen2Cor,S2B_MSIL2A_20260327T113319_N0512_R080_T28QCH_20260327T152639.SAFE,C:\Users\Simon\Nextcloud\Project\Mauritania\Science\Arguin - FieldWork Data Processing\Data\S2\S2B_MSIL2A_20260327T113319_N0512_R080_T28QCH_20260327T152639.SAFE,616,9893,4262,342625.0,2201105.0,0.29760000000000003,0.36060000000000003,0.4282,0.5342,0.5824,0.5891000000000001,0.6144000000000001,0.6558,0.6515000000000001,0.6445000000000001,0.6328,0.39740000000000003
2026-03-27,Arel,Sen2Cor,S2B_MSIL2A_20260327T113319_N0512_R080_T28QCH_20260327T152639.SAFE,C:\Users\Simon\Nextcloud\Project\Mauritania\Science\Arguin - FieldWork Data Processing\Data\S2\S2B_MSIL2A_20260327T113319_N0512_R080_T28QCH_20260327T152639.SAFE,617,9893,4263,342635.0,2201105.0,0.29760000000000003,0.35550000000000004,0.4294,0.5317000000000001,0.5824,0.5891000000000001,0.6144000000000001,0.6528,0.6515000000000001,0.6445000000000001,0.6328,0.39740000000000003
2026-03-27,Arel,Sen2Cor,S2B_MSIL2A_20260327T113319_N0512_R080_T28QCH_20260327T152639.SAFE,C:\Users\Simon\Nextcloud\Project\Mauritania\Science\Arguin - FieldWork Data Processing\Data\S2\S2B_MSIL2A_20260327T113319_N0512_R080_T28QCH_20260327T152639.SAFE,618,9893,4264,342645.0,2201105.0,0.29050000000000004,0.35960000000000003,0.42800000000000005,0.5356000000000001,0.5806,0.5890000000000001,0.6178,0.6548,0.6561,0.6445000000000001,0.6273000000000001,0.3821
2026-03-27,Arel,Sen2Cor,S2B_MSIL2A_20260327T113319_N0512_R080_T28QCH_20260327T152639.SAFE,C:\Users\Simon\Nextcloud\Project\Mauritania\Science\Arguin - FieldWork Data Processing\Data\S2\S2B_MSIL2A_20260327T113319_N0512_R080_T28QCH_20260327T152639.SAFE,619,9893,4265,342655.0,2201105.0,0.29050000000000004,0.35550000000000004,0.42210000000000003,0.5308,0.5806,0.5890000000000001,0.6178,0.6519,0.6561,0.6445000000000001,0.6273000000000001,0.3821
2026-03-27,Arel,Sen2Cor,S2B_MSIL2A_20260327T113319_N0512_R080_T28QCH_20260327T152639.SAFE,C:\Users\Simon\Nextcloud\Project\Mauritania\Science\Arguin - FieldWork Data Processing\Data\S2\S2B_MSIL2A_20260327T113319_N0512_R080_T28QCH_20260327T152639.SAFE,620,9893,4266,342665.0,2201105.0,0.28200000000000003,0.3735,0.44430000000000003,0.543,0.5820000000000001,0.5918,0.6218,0.6592,0.6558,0.6302,0.6243000000000001,0.38530000000000003
2026-03-27,Arel,Sen2Cor,S2B_MSIL2A_20260327T113319_N0512_R080_T28QCH_20260327T152639.SAFE,C:\Users\Simon\Nextcloud\Project\Mauritania\Science\Arguin - FieldWork Data Processing\Data\S2\S2B_MSIL2A_20260327T113319_N0512_R080_T28QCH_20260327T152639.SAFE,621,9894,4247,342475.0,2201095.0,0.2685,0.37870000000000004,0.4539,0.5459,0.5995,0.6015,0.6252,0.644,0.6564,0.5182,0.6268,0.4005
2026-03-27,Arel,Sen2Cor,S2B_MSIL2A_20260327T113319_N0512_R080_T28QCH_20260327T152639.SAFE,C:\Users\Simon\Nextcloud\Project\Mauritania\Science\Arguin - FieldWork Data Processing\Data\S2\S2B_MSIL2A_20260327T113319_N0512_R080_T28QCH_20260327T152639.SAFE,622,9894,4248,342485.0,2201095.0,0.2984,0.36060000000000003,0.4441,0.5317000000000001,0.5667,0.5678000000000001,0.5893,0.6318,0.6254000000000001,0.6409,0.6084,0.3544
2026-03-27,Arel,Sen2Cor,S2B_MSIL2A_20260327T113319_N0512_R080_T28QCH_20260327T152639.SAFE,C:\Users\Simon\Nextcloud\Project\Mauritania\Science\Arguin - FieldWork Data Processing\Data\S2\S2B_MSIL2A_20260327T113319_N0512_R080_T28QCH_20260327T152639.SAFE,623,9894,4249,342495.0,2201095.0,0.2984,0.3567,0.437,0.522,0.5667,0.5678000000000001,0.5893,0.6245,0.6254000000000001,0.6409,0.6084,0.3544
2026-03-27,Arel,Sen2Cor,S2B_MSIL2A_20260327T113319_N0512_R080_T28QCH_20260327T152639.SAFE,C:\Users\Simon\Nextcloud\Project\Mauritania\Science\Arguin - FieldWork Data Processing\Data\S2\S2B_MSIL2A_20260327T113319_N0512_R080_T28QCH_20260327T152639.SAFE,624,9894,4250,342505.0,2201095.0,0.3176,0.3567,0.43410000000000004,0.521,0.5547000000000001,0.5553,0.5804,0.6274000000000001,0.6238,0.6409,0.6004,0.3397
2026-03-27,Arel,Sen2Cor,S2B_MSIL2A_20260327T113319_N0512_R080_T28QCH_20260327T152639.SAFE,C:\Users\Simon\Nextcloud\Project\Mauritania\Science\Arguin - FieldWork Data Processing\Data\S2\S2B_MSIL2A_20260327T113319_N0512_R080_T28QCH_20260327T152639.SAFE,625,9894,4251,342515.0,2201095.0,0.3176,0.3521,0.4268,0.52,0.5547000000000001,0.5553,0.5804,0.6206,0.6238,0.6409,0.6004,0.3397
2026-03-27,Arel,Sen2Cor,S2B_MSIL2A_20260327T113319_N0512_R080_T28QCH_20260327T152639.SAFE,C:\Users\Simon\Nextcloud\Project\Mauritania\Science\Arguin - FieldWork Data Processing\Data\S2\S2B_MSIL2A_20260327T113319_N0512_R080_T28QCH_20260327T152639.SAFE,626,9894,4252,342525.0,2201095.0,0.322,0.3547,0.42310000000000003,0.5112,0.5516,0.5555,0.5834,0.6152000000000001,0.6244000000000001,0.6409,0.6034,0.3463
2026-03-27,Arel,Sen2Cor,S2B_MSIL2A_20260327T113319_N0512_R080_T28QCH_20260327T152639.SAFE,C:\Users\Simon\Nextcloud\Project\Mauritania\Science\Arguin - FieldWork Data Processing\Data\S2\S2B_MSIL2A_20260327T113319_N0512_R080_T28QCH_20260327T152639.SAFE,627,9894,4253,342535.0,2201095.0,0.322,0.36060000000000003,0.42800000000000005,0.5127,0.5516,0.5555,0.5834,0.6191,0.6244000000000001,0.6409,0.6034,0.3463
2026-03-27,Arel,Sen2Cor,S2B_MSIL2A_20260327T113319_N0512_R080_T28QCH_20260327T152639.SAFE,C:\Users\Simon\Nextcloud\Project\Mauritania\Science\Arguin - FieldWork Data Processing\Data\S2\S2B_MSIL2A_20260327T113319_N0512_R080_T28QCH_20260327T152639.SAFE,628,9894,4254,342545.0,2201095.0,0.317,0.3623,0.4355,0.521,0.5673,0.5682,0.5998,0.6309,0.6387,0.6437,0.6118,0.35910000000000003
2026-03-27,Arel,Sen2Cor,S2B_MSIL2A_20260327T113319_N0512_R080_T28QCH_20260327T152639.SAFE,C:\Users\Simon\Nextcloud\Project\Mauritania\Science\Arguin - FieldWork Data Processing\Data\S2\S2B_MSIL2A_20260327T113319_N0512_R080_T28QCH_20260327T152639.SAFE,629,9894,4255,342555.0,2201095.0,0.317,0.3713,0.4429,0.5322,0.5673,0.5682,0.5998,0.6338,0.6387,0.6437,0.6118,0.35910000000000003
2026-03-27,Arel,Sen2Cor,S2B_MSIL2A_20260327T113319_N0512_R080_T28QCH_20260327T152639.SAFE,C:\Users\Simon\Nextcloud\Project\Mauritania\Science\Arguin - FieldWork Data Processing\Data\S2\S2B_MSIL2A_20260327T113319_N0512_R080_T28QCH_20260327T152639.SAFE,630,9894,4256,342565.0,2201095.0,0.3095,0.3789,0.4526,0.5493,0.5838,0.5854,0.6141,0.644,0.6547000000000001,0.6437,0.6254000000000001,0.3789
2026-03-27,Arel,Sen2Cor,S2B_MSIL2A_20260327T113319_N0512_R080_T28QCH_20260327T152639.SAFE,C:\Users\Simon\Nextcloud\Project\Mauritania\Science\Arguin - FieldWork Data Processing\Data\S2\S2B_MSIL2A_20260327T113319_N0512_R080_T28QCH_20260327T152639.SAFE,631,9894,4257,342575.0,2201095.0,0.3095,0.3779,0.4451,0.5479,0.5838,0.5854,0.6141,0.6489,0.6547000000000001,0.6437,0.6254000000000001,0.3789
2026-03-27,Arel,Sen2Cor,S2B_MSIL2A_20260327T113319_N0512_R080_T28QCH_20260327T152639.SAFE,C:\Users\Simon\Nextcloud\Project\Mauritania\Science\Arguin - FieldWork Data Processing\Data\S2\S2B_MSIL2A_20260327T113319_N0512_R080_T28QCH_20260327T152639.SAFE,632,9894,4258,342585.0,2201095.0,0.3064,0.3708,0.43460000000000004,0.5347000000000001,0.5803,0.5837,0.6114,0.6455000000000001,0.65,0.6437,0.6267,0.3834
2026-03-27,Arel,Sen2Cor,S2B_MSIL2A_20260327T113319_N0512_R080_T28QCH_20260327T152639.SAFE,C:\Users\Simon\Nextcloud\Project\Mauritania\Science\Arguin - FieldWork Data Processing\Data\S2\S2B_MSIL2A_20260327T113319_N0512_R080_T28QCH_20260327T152639.SAFE,633,9894,4259,342595.0,2201095.0,0.3064,0.36300000000000004,0.4277,0.5254,0.5803,0.5837,0.6114,0.6396000000000001,0.65,0.6437,0.6267,0.3834
2026-03-27,Arel,Sen2Cor,S2B_MSIL2A_20260327T113319_N0512_R080_T28QCH_20260327T152639.SAFE,C:\Users\Simon\Nextcloud\Project\Mauritania\Science\Arguin - FieldWork Data Processing\Data\S2\S2B_MSIL2A_20260327T113319_N0512_R080_T28QCH_20260327T152639.SAFE,634,9894,4260,342605.0,2201095.0,0.3008,0.36060000000000003,0.43160000000000004,0.5347000000000001,0.5767,0.5830000000000001,0.6118,0.6421,0.648,0.5883,0.6247,0.38780000000000003
2026-03-27,Arel,Sen2Cor,S2B_MSIL2A_20260327T113319_N0512_R080_T28QCH_20260327T152639.SAFE,C:\Users\Simon\Nextcloud\Project\Mauritania\Science\Arguin - FieldWork Data Processing\Data\S2\S2B_MSIL2A_20260327T113319_N0512_R080_T28QCH_20260327T152639.SAFE,635,9894,4261,342615.0,2201095.0,0.3008,0.3809,0.446,0.5391,0.5767,0.5830000000000001,0.6118,0.6479,0.648,0.5883,0.6247,0.38780000000000003
2026-03-27,Arel,Sen2Cor,S2B_MSIL2A_20260327T113319_N0512_R080_T28QCH_20260327T152639.SAFE,C:\Users\Simon\Nextcloud\Project\Mauritania\Science\Arguin - FieldWork Data Processing\Data\S2\S2B_MSIL2A_20260327T113319_N0512_R080_T28QCH_20260327T152639.SAFE,636,9894,4262,342625.0,2201095.0,0.29300000000000004,0.387,0.4561,0.5464,0.5938,0.5973,0.6241,0.6597000000000001,0.6608,0.5883,0.6306,0.38870000000000005
2026-03-27,Arel,Sen2Cor,S2B_MSIL2A_20260327T113319_N0512_R080_T28QCH_20260327T152639.SAFE,C:\Users\Simon\Nextcloud\Project\Mauritania\Science\Arguin - FieldWork Data Processing\Data\S2\S2B_MSIL2A_20260327T113319_N0512_R080_T28QCH_20260327T152639.SAFE,637,9894,4263,342635.0,2201095.0,0.29300000000000004,0.3735,0.44430000000000003,0.5479,0.5938,0.5973,0.6241,0.665,0.6608,0.5883,0.6306,0.38870000000000005
2026-03-27,Arel,Sen2Cor,S2B_MSIL2A_20260327T113319_N0512_R080_T28QCH_20260327T152639.SAFE,C:\Users\Simon\Nextcloud\Project\Mauritania\Science\Arguin - FieldWork Data Processing\Data\S2\S2B_MSIL2A_20260327T113319_N0512_R080_T28QCH_20260327T152639.SAFE,638,9894,4264,342645.0,2201095.0,0.2765,0.3547,0.4333,0.5361,0.5882000000000001,0.5918,0.6246,0.6636000000000001,0.6626000000000001,0.5883,0.6191,0.37210000000000004
2026-03-27,Arel,Sen2Cor,S2B_MSIL2A_20260327T113319_N0512_R080_T28QCH_20260327T152639.SAFE,C:\Users\Simon\Nextcloud\Project\Mauritania\Science\Arguin - FieldWork Data Processing\Data\S2\S2B_MSIL2A_20260327T113319_N0512_R080_T28QCH_20260327T152639.SAFE,639,9894,4265,342655.0,2201095.0,0.2765,0.3516,0.42410000000000003,0.5327000000000001,0.5882000000000001,0.5918,0.6246,0.6606000000000001,0.6626000000000001,0.5883,0.6191,0.37210000000000004
2026-03-27,Arel,Sen2Cor,S2B_MSIL2A_20260327T113319_N0512_R080_T28QCH_20260327T152639.SAFE,C:\Users\Simon\Nextcloud\Project\Mauritania\Science\Arguin - FieldWork Data Processing\Data\S2\S2B_MSIL2A_20260327T113319_N0512_R080_T28QCH_20260327T152639.SAFE,640,9895,4247,342475.0,2201085.0,0.2685,0.37870000000000004,0.449,0.541,0.5995,0.6015,0.6252,0.646,0.6564,0.5182,0.6268,0.4005
2026-03-27,Arel,Sen2Cor,S2B_MSIL2A_20260327T113319_N0512_R080_T28QCH_20260327T152639.SAFE,C:\Users\Simon\Nextcloud\Project\Mauritania\Science\Arguin - FieldWork Data Processing\Data\S2\S2B_MSIL2A_20260327T113319_N0512_R080_T28QCH_20260327T152639.SAFE,641,9895,4248,342485.0,2201085.0,0.2984,0.35860000000000003,0.4385,0.5234,0.5667,0.5678000000000001,0.5893,0.6318,0.6254000000000001,0.6409,0.6084,0.3544
2026-03-27,Arel,Sen2Cor,S2B_MSIL2A_20260327T113319_N0512_R080_T28QCH_20260327T152639.SAFE,C:\Users\Simon\Nextcloud\Project\Mauritania\Science\Arguin - FieldWork Data Processing\Data\S2\S2B_MSIL2A_20260327T113319_N0512_R080_T28QCH_20260327T152639.SAFE,642,9895,4249,342495.0,2201085.0,0.2984,0.3516,0.4263,0.5132,0.5667,0.5678000000000001,0.5893,0.624,0.6254000000000001,0.6409,0.6084,0.3544
2026-03-27,Arel,Sen2Cor,S2B_MSIL2A_20260327T113319_N0512_R080_T28QCH_20260327T152639.SAFE,C:\Users\Simon\Nextcloud\Project\Mauritania\Science\Arguin - FieldWork Data Processing\Data\S2\S2B_MSIL2A_20260327T113319_N0512_R080_T28QCH_20260327T152639.SAFE,643,9895,4250,342505.0,2201085.0,0.3176,0.35400000000000004,0.4319,0.5181,0.5547000000000001,0.5553,0.5804,0.624,0.6238,0.6409,0.6004,0.3397
2026-03-27,Arel,Sen2Cor,S2B_MSIL2A_20260327T113319_N0512_R080_T28QCH_20260327T152639.SAFE,C:\Users\Simon\Nextcloud\Project\Mauritania\Science\Arguin - FieldWork Data Processing\Data\S2\S2B_MSIL2A_20260327T113319_N0512_R080_T28QCH_20260327T152639.SAFE,644,9895,4251,342515.0,2201085.0,0.3176,0.3547,0.4294,0.52,0.5547000000000001,0.5553,0.5804,0.625,0.6238,0.6409,0.6004,0.3397
2026-03-27,Arel,Sen2Cor,S2B_MSIL2A_20260327T113319_N0512_R080_T28QCH_20260327T152639.SAFE,C:\Users\Simon\Nextcloud\Project\Mauritania\Science\Arguin - FieldWork Data Processing\Data\S2\S2B_MSIL2A_20260327T113319_N0512_R080_T28QCH_20260327T152639.SAFE,645,9895,4252,342525.0,2201085.0,0.322,0.35250000000000004,0.42410000000000003,0.5161,0.5516,0.5555,0.5834,0.623,0.6244000000000001,0.6409,0.6034,0.3463
2026-03-27,Arel,Sen2Cor,S2B_MSIL2A_20260327T113319_N0512_R080_T28QCH_20260327T152639.SAFE,C:\Users\Simon\Nextcloud\Project\Mauritania\Science\Arguin - FieldWork Data Processing\Data\S2\S2B_MSIL2A_20260327T113319_N0512_R080_T28QCH_20260327T152639.SAFE,646,9895,4253,342535.0,2201085.0,0.322,0.364,0.42600000000000005,0.5137,0.5516,0.5555,0.5834,0.6265000000000001,0.6244000000000001,0.6409,0.6034,0.3463
2026-03-27,Arel,Sen2Cor,S2B_MSIL2A_20260327T113319_N0512_R080_T28QCH_20260327T152639.SAFE,C:\Users\Simon\Nextcloud\Project\Mauritania\Science\Arguin - FieldWork Data Processing\Data\S2\S2B_MSIL2A_20260327T113319_N0512_R080_T28QCH_20260327T152639.SAFE,647,9895,4254,342545.0,2201085.0,0.317,0.3684,0.43260000000000004,0.5264,0.5673,0.5682,0.5998,0.6328,0.6387,0.6437,0.6118,0.35910000000000003
2026-03-27,Arel,Sen2Cor,S2B_MSIL2A_20260327T113319_N0512_R080_T28QCH_20260327T152639.SAFE,C:\Users\Simon\Nextcloud\Project\Mauritania\Science\Arguin - FieldWork Data Processing\Data\S2\S2B_MSIL2A_20260327T113319_N0512_R080_T28QCH_20260327T152639.SAFE,648,9895,4255,342555.0,2201085.0,0.317,0.3567,0.4302,0.5264,0.5673,0.5682,0.5998,0.6362,0.6387,0.6437,0.6118,0.35910000000000003
2026-03-27,Arel,Sen2Cor,S2B_MSIL2A_20260327T113319_N0512_R080_T28QCH_20260327T152639.SAFE,C:\Users\Simon\Nextcloud\Project\Mauritania\Science\Arguin - FieldWork Data Processing\Data\S2\S2B_MSIL2A_20260327T113319_N0512_R080_T28QCH_20260327T152639.SAFE,649,9895,4256,342565.0,2201085.0,0.3095,0.3704,0.4365,0.5376000000000001,0.5838,0.5854,0.6141,0.6465000000000001,0.6547000000000001,0.6437,0.6254000000000001,0.3789
2026-03-27,Arel,Sen2Cor,S2B_MSIL2A_20260327T113319_N0512_R080_T28QCH_20260327T152639.SAFE,C:\Users\Simon\Nextcloud\Project\Mauritania\Science\Arguin - FieldWork Data Processing\Data\S2\S2B_MSIL2A_20260327T113319_N0512_R080_T28QCH_20260327T152639.SAFE,650,9895,4257,342575.0,2201085.0,0.3095,0.36250000000000004,0.436,0.5386000000000001,0.5838,0.5854,0.6141,0.6504,0.6547000000000001,0.6437,0.6254000000000001,0.3789
2026-03-27,Arel,Sen2Cor,S2B_MSIL2A_20260327T113319_N0512_R080_T28QCH_20260327T152639.SAFE,C:\Users\Simon\Nextcloud\Project\Mauritania\Science\Arguin - FieldWork Data Processing\Data\S2\S2B_MSIL2A_20260327T113319_N0512_R080_T28QCH_20260327T152639.SAFE,651,9895,4258,342585.0,2201085.0,0.3064,0.35960000000000003,0.4307,0.5308,0.5803,0.5837,0.6114,0.6528,0.65,0.6437,0.6267,0.3834
2026-03-27,Arel,Sen2Cor,S2B_MSIL2A_20260327T113319_N0512_R080_T28QCH_20260327T152639.SAFE,C:\Users\Simon\Nextcloud\Project\Mauritania\Science\Arguin - FieldWork Data Processing\Data\S2\S2B_MSIL2A_20260327T113319_N0512_R080_T28QCH_20260327T152639.SAFE,652,9895,4259,342595.0,2201085.0,0.3064,0.35960000000000003,0.43510000000000004,0.5337000000000001,0.5803,0.5837,0.6114,0.6489,0.65,0.6437,0.6267,0.3834
2026-03-27,Arel,Sen2Cor,S2B_MSIL2A_20260327T113319_N0512_R080_T28QCH_20260327T152639.SAFE,C:\Users\Simon\Nextcloud\Project\Mauritania\Science\Arguin - FieldWork Data Processing\Data\S2\S2B_MSIL2A_20260327T113319_N0512_R080_T28QCH_20260327T152639.SAFE,653,9895,4260,342605.0,2201085.0,0.3008,0.3577,0.42900000000000005,0.5322,0.5767,0.5830000000000001,0.6118,0.6421,0.648,0.5883,0.6247,0.38780000000000003
2026-03-27,Arel,Sen2Cor,S2B_MSIL2A_20260327T113319_N0512_R080_T28QCH_20260327T152639.SAFE,C:\Users\Simon\Nextcloud\Project\Mauritania\Science\Arguin - FieldWork Data Processing\Data\S2\S2B_MSIL2A_20260327T113319_N0512_R080_T28QCH_20260327T152639.SAFE,654,9895,4261,342615.0,2201085.0,0.3008,0.3723,0.4395,0.5371,0.5767,0.5830000000000001,0.6118,0.6489,0.648,0.5883,0.6247,0.38780000000000003
2026-03-27,Arel,Sen2Cor,S2B_MSIL2A_20260327T113319_N0512_R080_T28QCH_20260327T152639.SAFE,C:\Users\Simon\Nextcloud\Project\Mauritania\Science\Arguin - FieldWork Data Processing\Data\S2\S2B_MSIL2A_20260327T113319_N0512_R080_T28QCH_20260327T152639.SAFE,655,9895,4262,342625.0,2201085.0,0.29300000000000004,0.38130000000000003,0.4524,0.5542,0.5938,0.5973,0.6241,0.6582,0.6608,0.5883,0.6306,0.38870000000000005
2026-03-27,Arel,Sen2Cor,S2B_MSIL2A_20260327T113319_N0512_R080_T28QCH_20260327T152639.SAFE,C:\Users\Simon\Nextcloud\Project\Mauritania\Science\Arguin - FieldWork Data Processing\Data\S2\S2B_MSIL2A_20260327T113319_N0512_R080_T28QCH_20260327T152639.SAFE,656,9895,4263,342635.0,2201085.0,0.29300000000000004,0.3789,0.4485,0.5479,0.5938,0.5973,0.6241,0.665,0.6608,0.5883,0.6306,0.38870000000000005
2026-03-27,Arel,Sen2Cor,S2B_MSIL2A_20260327T113319_N0512_R080_T28QCH_20260327T152639.SAFE,C:\Users\Simon\Nextcloud\Project\Mauritania\Science\Arguin - FieldWork Data Processing\Data\S2\S2B_MSIL2A_20260327T113319_N0512_R080_T28QCH_20260327T152639.SAFE,657,9896,4247,342475.0,2201075.0,0.2665,0.386,0.45530000000000004,0.5444,0.6138,0.6086,0.6404000000000001,0.6572,0.6658000000000001,0.5182,0.6275000000000001,0.39130000000000004
2026-03-27,Arel,Sen2Cor,S2B_MSIL2A_20260327T113319_N0512_R080_T28QCH_20260327T152639.SAFE,C:\Users\Simon\Nextcloud\Project\Mauritania\Science\Arguin - FieldWork Data Processing\Data\S2\S2B_MSIL2A_20260327T113319_N0512_R080_T28QCH_20260327T152639.SAFE,658,9896,4248,342485.0,2201075.0,0.2953,0.3574,0.4312,0.5229,0.5595,0.5720000000000001,0.5931000000000001,0.6357,0.638,0.6409,0.6105,0.3529
2026-03-27,Arel,Sen2Cor,S2B_MSIL2A_20260327T113319_N0512_R080_T28QCH_20260327T152639.SAFE,C:\Users\Simon\Nextcloud\Project\Mauritania\Science\Arguin - FieldWork Data Processing\Data\S2\S2B_MSIL2A_20260327T113319_N0512_R080_T28QCH_20260327T152639.SAFE,659,9896,4249,342495.0,2201075.0,0.2953,0.3447,0.4136,0.5063,0.5595,0.5720000000000001,0.5931000000000001,0.624,0.638,0.6409,0.6105,0.3529
2026-03-27,Arel,Sen2Cor,S2B_MSIL2A_20260327T113319_N0512_R080_T28QCH_20260327T152639.SAFE,C:\Users\Simon\Nextcloud\Project\Mauritania\Science\Arguin - FieldWork Data Processing\Data\S2\S2B_MSIL2A_20260327T113319_N0512_R080_T28QCH_20260327T152639.SAFE,660,9896,4250,342505.0,2201075.0,0.3134,0.34640000000000004,0.4182,0.5142,0.5559000000000001,0.5617,0.5877,0.6191,0.6289,0.6409,0.5985,0.3385
2026-03-27,Arel,Sen2Cor,S2B_MSIL2A_20260327T113319_N0512_R080_T28QCH_20260327T152639.SAFE,C:\Users\Simon\Nextcloud\Project\Mauritania\Science\Arguin - FieldWork Data Processing\Data\S2\S2B_MSIL2A_20260327T113319_N0512_R080_T28QCH_20260327T152639.SAFE,661,9896,4251,342515.0,2201075.0,0.3134,0.34640000000000004,0.42160000000000003,0.5166000000000001,0.5559000000000001,0.5617,0.5877,0.625,0.6289,0.6409,0.5985,0.3385
2026-03-27,Arel,Sen2Cor,S2B_MSIL2A_20260327T113319_N0512_R080_T28QCH_20260327T152639.SAFE,C:\Users\Simon\Nextcloud\Project\Mauritania\Science\Arguin - FieldWork Data Processing\Data\S2\S2B_MSIL2A_20260327T113319_N0512_R080_T28QCH_20260327T152639.SAFE,662,9896,4252,342525.0,2201075.0,0.31720000000000004,0.3452,0.4182,0.521,0.5671,0.5738,0.5989,0.6309,0.6466000000000001,0.6409,0.6039,0.3405
2026-03-27,Arel,Sen2Cor,S2B_MSIL2A_20260327T113319_N0512_R080_T28QCH_20260327T152639.SAFE,C:\Users\Simon\Nextcloud\Project\Mauritania\Science\Arguin - FieldWork Data Processing\Data\S2\S2B_MSIL2A_20260327T113319_N0512_R080_T28QCH_20260327T152639.SAFE,663,9896,4253,342535.0,2201075.0,0.31720000000000004,0.3523,0.42360000000000003,0.5225000000000001,0.5671,0.5738,0.5989,0.6411,0.6466000000000001,0.6409,0.6039,0.3405
2026-03-27,Arel,Sen2Cor,S2B_MSIL2A_20260327T113319_N0512_R080_T28QCH_20260327T152639.SAFE,C:\Users\Simon\Nextcloud\Project\Mauritania\Science\Arguin - FieldWork Data Processing\Data\S2\S2B_MSIL2A_20260327T113319_N0512_R080_T28QCH_20260327T152639.SAFE,664,9896,4254,342545.0,2201075.0,0.31020000000000003,0.3523,0.4287,0.5273,0.5717,0.5754,0.606,0.6465000000000001,0.6459,0.6437,0.6022000000000001,0.34390000000000004
2026-03-27,Arel,Sen2Cor,S2B_MSIL2A_20260327T113319_N0512_R080_T28QCH_20260327T152639.SAFE,C:\Users\Simon\Nextcloud\Project\Mauritania\Science\Arguin - FieldWork Data Processing\Data\S2\S2B_MSIL2A_20260327T113319_N0512_R080_T28QCH_20260327T152639.SAFE,665,9896,4255,342555.0,2201075.0,0.31020000000000003,0.34890000000000004,0.42410000000000003,0.5249,0.5717,0.5754,0.606,0.6455000000000001,0.6459,0.6437,0.6022000000000001,0.34390000000000004
2026-03-27,Arel,Sen2Cor,S2B_MSIL2A_20260327T113319_N0512_R080_T28QCH_20260327T152639.SAFE,C:\Users\Simon\Nextcloud\Project\Mauritania\Science\Arguin - FieldWork Data Processing\Data\S2\S2B_MSIL2A_20260327T113319_N0512_R080_T28QCH_20260327T152639.SAFE,666,9896,4256,342565.0,2201075.0,0.3025,0.3569,0.42900000000000005,0.5337000000000001,0.5835,0.5953,0.6193000000000001,0.6548,0.6631,0.6437,0.6129,0.3552
2026-03-27,Arel,Sen2Cor,S2B_MSIL2A_20260327T113319_N0512_R080_T28QCH_20260327T152639.SAFE,C:\Users\Simon\Nextcloud\Project\Mauritania\Science\Arguin - FieldWork Data Processing\Data\S2\S2B_MSIL2A_20260327T113319_N0512_R080_T28QCH_20260327T152639.SAFE,667,9896,4257,342575.0,2201075.0,0.3025,0.3589,0.4324,0.5483,0.5835,0.5953,0.6193000000000001,0.6621,0.6631,0.6437,0.6129,0.3552
2026-03-27,Arel,Sen2Cor,S2B_MSIL2A_20260327T113319_N0512_R080_T28QCH_20260327T152639.SAFE,C:\Users\Simon\Nextcloud\Project\Mauritania\Science\Arguin - FieldWork Data Processing\Data\S2\S2B_MSIL2A_20260327T113319_N0512_R080_T28QCH_20260327T152639.SAFE,668,9896,4258,342585.0,2201075.0,0.2968,0.3618,0.438,0.5459,0.5869,0.5937,0.6191,0.6655,0.6633,0.6437,0.6135,0.3551
2026-03-27,Arel,Sen2Cor,S2B_MSIL2A_20260327T113319_N0512_R080_T28QCH_20260327T152639.SAFE,C:\Users\Simon\Nextcloud\Project\Mauritania\Science\Arguin - FieldWork Data Processing\Data\S2\S2B_MSIL2A_20260327T113319_N0512_R080_T28QCH_20260327T152639.SAFE,669,9896,4259,342595.0,2201075.0,0.2968,0.3584,0.4375,0.5391,0.5869,0.5937,0.6191,0.6563,0.6633,0.6437,0.6135,0.3551
2026-03-27,Arel,Sen2Cor,S2B_MSIL2A_20260327T113319_N0512_R080_T28QCH_20260327T152639.SAFE,C:\Users\Simon\Nextcloud\Project\Mauritania\Science\Arguin - FieldWork Data Processing\Data\S2\S2B_MSIL2A_20260327T113319_N0512_R080_T28QCH_20260327T152639.SAFE,670,9896,4260,342605.0,2201075.0,0.2893,0.3542,0.42700000000000005,0.5317000000000001,0.5741,0.5802,0.6061000000000001,0.6416000000000001,0.6451,0.5883,0.6091,0.3613
2026-03-27,Arel,Sen2Cor,S2B_MSIL2A_20260327T113319_N0512_R080_T28QCH_20260327T152639.SAFE,C:\Users\Simon\Nextcloud\Project\Mauritania\Science\Arguin - FieldWork Data Processing\Data\S2\S2B_MSIL2A_20260327T113319_N0512_R080_T28QCH_20260327T152639.SAFE,671,9896,4261,342615.0,2201075.0,0.2893,0.3618,0.44020000000000004,0.5337000000000001,0.5741,0.5802,0.6061000000000001,0.6465000000000001,0.6451,0.5883,0.6091,0.3613
2026-03-27,Arel,Sen2Cor,S2B_MSIL2A_20260327T113319_N0512_R080_T28QCH_20260327T152639.SAFE,C:\Users\Simon\Nextcloud\Project\Mauritania\Science\Arguin - FieldWork Data Processing\Data\S2\S2B_MSIL2A_20260327T113319_N0512_R080_T28QCH_20260327T152639.SAFE,672,9897,4247,342475.0,2201065.0,0.2665,0.39480000000000004,0.4602,0.5522,0.6138,0.6086,0.6404000000000001,0.665,0.6658000000000001,0.5182,0.6275000000000001,0.39130000000000004
2026-03-27,Arel,Sen2Cor,S2B_MSIL2A_20260327T113319_N0512_R080_T28QCH_20260327T152639.SAFE,C:\Users\Simon\Nextcloud\Project\Mauritania\Science\Arguin - FieldWork Data Processing\Data\S2\S2B_MSIL2A_20260327T113319_N0512_R080_T28QCH_20260327T152639.SAFE,673,9897,4248,342485.0,2201065.0,0.2953,0.3689,0.43410000000000004,0.5278,0.5595,0.5720000000000001,0.5931000000000001,0.645,0.638,0.6409,0.6105,0.3529
2026-03-27,Arel,Sen2Cor,S2B_MSIL2A_20260327T113319_N0512_R080_T28QCH_20260327T152639.SAFE,C:\Users\Simon\Nextcloud\Project\Mauritania\Science\Arguin - FieldWork Data Processing\Data\S2\S2B_MSIL2A_20260327T113319_N0512_R080_T28QCH_20260327T152639.SAFE,674,9897,4249,342495.0,2201065.0,0.2953,0.3457,0.41600000000000004,0.5093,0.5595,0.5720000000000001,0.5931000000000001,0.6279,0.638,0.6409,0.6105,0.3529
2026-03-27,Arel,Sen2Cor,S2B_MSIL2A_20260327T113319_N0512_R080_T28QCH_20260327T152639.SAFE,C:\Users\Simon\Nextcloud\Project\Mauritania\Science\Arguin - FieldWork Data Processing\Data\S2\S2B_MSIL2A_20260327T113319_N0512_R080_T28QCH_20260327T152639.SAFE,675,9897,4250,342505.0,2201065.0,0.3134,0.33940000000000003,0.4128,0.5103,0.5559000000000001,0.5617,0.5877,0.624,0.6289,0.6409,0.5985,0.3385
2026-03-27,Arel,Sen2Cor,S2B_MSIL2A_20260327T113319_N0512_R080_T28QCH_20260327T152639.SAFE,C:\Users\Simon\Nextcloud\Project\Mauritania\Science\Arguin - FieldWork Data Processing\Data\S2\S2B_MSIL2A_20260327T113319_N0512_R080_T28QCH_20260327T152639.SAFE,676,9897,4251,342515.0,2201065.0,0.3134,0.3416,0.41800000000000004,0.5127,0.5559000000000001,0.5617,0.5877,0.6318,0.6289,0.6409,0.5985,0.3385
2026-03-27,Arel,Sen2Cor,S2B_MSIL2A_20260327T113319_N0512_R080_T28QCH_20260327T152639.SAFE,C:\Users\Simon\Nextcloud\Project\Mauritania\Science\Arguin - FieldWork Data Processing\Data\S2\S2B_MSIL2A_20260327T113319_N0512_R080_T28QCH_20260327T152639.SAFE,677,9897,4252,342525.0,2201065.0,0.31720000000000004,0.34550000000000003,0.42260000000000003,0.5229,0.5671,0.5738,0.5989,0.6406000000000001,0.6466000000000001,0.6409,0.6039,0.3405
2026-03-27,Arel,Sen2Cor,S2B_MSIL2A_20260327T113319_N0512_R080_T28QCH_20260327T152639.SAFE,C:\Users\Simon\Nextcloud\Project\Mauritania\Science\Arguin - FieldWork Data Processing\Data\S2\S2B_MSIL2A_20260327T113319_N0512_R080_T28QCH_20260327T152639.SAFE,678,9897,4253,342535.0,2201065.0,0.31720000000000004,0.3433,0.4302,0.5303,0.5671,0.5738,0.5989,0.6499,0.6466000000000001,0.6409,0.6039,0.3405
2026-03-27,Arel,Sen2Cor,S2B_MSIL2A_20260327T113319_N0512_R080_T28QCH_20260327T152639.SAFE,C:\Users\Simon\Nextcloud\Project\Mauritania\Science\Arguin - FieldWork Data Processing\Data\S2\S2B_MSIL2A_20260327T113319_N0512_R080_T28QCH_20260327T152639.SAFE,679,9897,4254,342545.0,2201065.0,0.31020000000000003,0.3506,0.4304,0.5337000000000001,0.5717,0.5754,0.606,0.6563,0.6459,0.6437,0.6022000000000001,0.34390000000000004
2026-03-27,Arel,Sen2Cor,S2B_MSIL2A_20260327T113319_N0512_R080_T28QCH_20260327T152639.SAFE,C:\Users\Simon\Nextcloud\Project\Mauritania\Science\Arguin - FieldWork Data Processing\Data\S2\S2B_MSIL2A_20260327T113319_N0512_R080_T28QCH_20260327T152639.SAFE,680,9897,4255,342555.0,2201065.0,0.31020000000000003,0.34940000000000004,0.4243,0.5273,0.5717,0.5754,0.606,0.6514,0.6459,0.6437,0.6022000000000001,0.34390000000000004
2026-03-27,Arel,Sen2Cor,S2B_MSIL2A_20260327T113319_N0512_R080_T28QCH_20260327T152639.SAFE,C:\Users\Simon\Nextcloud\Project\Mauritania\Science\Arguin - FieldWork Data Processing\Data\S2\S2B_MSIL2A_20260327T113319_N0512_R080_T28QCH_20260327T152639.SAFE,681,9897,4256,342565.0,2201065.0,0.3025,0.3513,0.42850000000000005,0.5347000000000001,0.5835,0.5953,0.6193000000000001,0.6616000000000001,0.6631,0.6437,0.6129,0.3552
2026-03-27,Arel,Sen2Cor,S2B_MSIL2A_20260327T113319_N0512_R080_T28QCH_20260327T152639.SAFE,C:\Users\Simon\Nextcloud\Project\Mauritania\Science\Arguin - FieldWork Data Processing\Data\S2\S2B_MSIL2A_20260327T113319_N0512_R080_T28QCH_20260327T152639.SAFE,682,9897,4257,342575.0,2201065.0,0.3025,0.3647,0.4434,0.5493,0.5835,0.5953,0.6193000000000001,0.6729,0.6631,0.6437,0.6129,0.3552
2026-03-27,Arel,Sen2Cor,S2B_MSIL2A_20260327T113319_N0512_R080_T28QCH_20260327T152639.SAFE,C:\Users\Simon\Nextcloud\Project\Mauritania\Science\Arguin - FieldWork Data Processing\Data\S2\S2B_MSIL2A_20260327T113319_N0512_R080_T28QCH_20260327T152639.SAFE,683,9897,4258,342585.0,2201065.0,0.2968,0.36210000000000003,0.43970000000000004,0.5474,0.5869,0.5937,0.6191,0.6699,0.6633,0.6437,0.6135,0.3551
2026-03-27,Arel,Sen2Cor,S2B_MSIL2A_20260327T113319_N0512_R080_T28QCH_20260327T152639.SAFE,C:\Users\Simon\Nextcloud\Project\Mauritania\Science\Arguin - FieldWork Data Processing\Data\S2\S2B_MSIL2A_20260327T113319_N0512_R080_T28QCH_20260327T152639.SAFE,684,9897,4259,342595.0,2201065.0,0.2968,0.3518,0.4329,0.5371,0.5869,0.5937,0.6191,0.6553,0.6633,0.6437,0.6135,0.3551
2026-03-27,Arel,Sen2Cor,S2B_MSIL2A_20260327T113319_N0512_R080_T28QCH_20260327T152639.SAFE,C:\Users\Simon\Nextcloud\Project\Mauritania\Science\Arguin - FieldWork Data Processing\Data\S2\S2B_MSIL2A_20260327T113319_N0512_R080_T28QCH_20260327T152639.SAFE,685,9898,4247,342475.0,2201055.0,0.27140000000000003,0.4092,0.47000000000000003,0.5596,0.6131,0.6159,0.6227,0.6748000000000001,0.6666000000000001,0.5182,0.5975,0.3657
2026-03-27,Arel,Sen2Cor,S2B_MSIL2A_20260327T113319_N0512_R080_T28QCH_20260327T152639.SAFE,C:\Users\Simon\Nextcloud\Project\Mauritania\Science\Arguin - FieldWork Data Processing\Data\S2\S2B_MSIL2A_20260327T113319_N0512_R080_T28QCH_20260327T152639.SAFE,686,9898,4248,342485.0,2201055.0,0.2973,0.3835,0.44870000000000004,0.54,0.5808,0.5841000000000001,0.608,0.6636000000000001,0.6473,0.6409,0.5928,0.33690000000000003
2026-03-27,Arel,Sen2Cor,S2B_MSIL2A_20260327T113319_N0512_R080_T28QCH_20260327T152639.SAFE,C:\Users\Simon\Nextcloud\Project\Mauritania\Science\Arguin - FieldWork Data Processing\Data\S2\S2B_MSIL2A_20260327T113319_N0512_R080_T28QCH_20260327T152639.SAFE,687,9898,4249,342495.0,2201055.0,0.2973,0.36210000000000003,0.4277,0.5254,0.5808,0.5841000000000001,0.608,0.6475000000000001,0.6473,0.6409,0.5928,0.33690000000000003
2026-03-27,Arel,Sen2Cor,S2B_MSIL2A_20260327T113319_N0512_R080_T28QCH_20260327T152639.SAFE,C:\Users\Simon\Nextcloud\Project\Mauritania\Science\Arguin - FieldWork Data Processing\Data\S2\S2B_MSIL2A_20260327T113319_N0512_R080_T28QCH_20260327T152639.SAFE,688,9898,4250,342505.0,2201055.0,0.3114,0.3562,0.4229,0.5225000000000001,0.5773,0.5795,0.6063000000000001,0.6479,0.6503,0.6409,0.596,0.32880000000000004
2026-03-27,Arel,Sen2Cor,S2B_MSIL2A_20260327T113319_N0512_R080_T28QCH_20260327T152639.SAFE,C:\Users\Simon\Nextcloud\Project\Mauritania\Science\Arguin - FieldWork Data Processing\Data\S2\S2B_MSIL2A_20260327T113319_N0512_R080_T28QCH_20260327T152639.SAFE,689,9898,4251,342515.0,2201055.0,0.3114,0.3552,0.4297,0.5269,0.5773,0.5795,0.6063000000000001,0.6519,0.6503,0.6409,0.596,0.32880000000000004
2026-03-27,Arel,Sen2Cor,S2B_MSIL2A_20260327T113319_N0512_R080_T28QCH_20260327T152639.SAFE,C:\Users\Simon\Nextcloud\Project\Mauritania\Science\Arguin - FieldWork Data Processing\Data\S2\S2B_MSIL2A_20260327T113319_N0512_R080_T28QCH_20260327T152639.SAFE,690,9898,4252,342525.0,2201055.0,0.3106,0.3552,0.43360000000000004,0.5356000000000001,0.5840000000000001,0.5900000000000001,0.6186,0.6558,0.6615,0.6409,0.5981000000000001,0.3311
2026-03-27,Arel,Sen2Cor,S2B_MSIL2A_20260327T113319_N0512_R080_T28QCH_20260327T152639.SAFE,C:\Users\Simon\Nextcloud\Project\Mauritania\Science\Arguin - FieldWork Data Processing\Data\S2\S2B_MSIL2A_20260327T113319_N0512_R080_T28QCH_20260327T152639.SAFE,691,9898,4253,342535.0,2201055.0,0.3106,0.34740000000000004,0.4329,0.5371,0.5840000000000001,0.5900000000000001,0.6186,0.6587000000000001,0.6615,0.6409,0.5981000000000001,0.3311
2026-03-27,Arel,Sen2Cor,S2B_MSIL2A_20260327T113319_N0512_R080_T28QCH_20260327T152639.SAFE,C:\Users\Simon\Nextcloud\Project\Mauritania\Science\Arguin - FieldWork Data Processing\Data\S2\S2B_MSIL2A_20260327T113319_N0512_R080_T28QCH_20260327T152639.SAFE,692,9898,4254,342545.0,2201055.0,0.2995,0.3518,0.4312,0.5371,0.5843,0.5910000000000001,0.6185,0.6665,0.6576000000000001,0.6437,0.5955,0.33230000000000004
2026-03-27,Arel,Sen2Cor,S2B_MSIL2A_20260327T113319_N0512_R080_T28QCH_20260327T152639.SAFE,C:\Users\Simon\Nextcloud\Project\Mauritania\Science\Arguin - FieldWork Data Processing\Data\S2\S2B_MSIL2A_20260327T113319_N0512_R080_T28QCH_20260327T152639.SAFE,693,9898,4255,342555.0,2201055.0,0.2995,0.3508,0.4258,0.5352,0.5843,0.5910000000000001,0.6185,0.6479,0.6576000000000001,0.6437,0.5955,0.33230000000000004
2026-03-27,Arel,Sen2Cor,S2B_MSIL2A_20260327T113319_N0512_R080_T28QCH_20260327T152639.SAFE,C:\Users\Simon\Nextcloud\Project\Mauritania\Science\Arguin - FieldWork Data Processing\Data\S2\S2B_MSIL2A_20260327T113319_N0512_R080_T28QCH_20260327T152639.SAFE,694,9898,4256,342565.0,2201055.0,0.2848,0.35550000000000004,0.4329,0.542,0.5815,0.5888,0.6196,0.6592,0.6585000000000001,0.6437,0.5916,0.32930000000000004
2026-03-27,Arel,Sen2Cor,S2B_MSIL2A_20260327T113319_N0512_R080_T28QCH_20260327T152639.SAFE,C:\Users\Simon\Nextcloud\Project\Mauritania\Science\Arguin - FieldWork Data Processing\Data\S2\S2B_MSIL2A_20260327T113319_N0512_R080_T28QCH_20260327T152639.SAFE,695,9898,4257,342575.0,2201055.0,0.2848,0.35910000000000003,0.44820000000000004,0.5527000000000001,0.5815,0.5888,0.6196,0.6743,0.6585000000000001,0.6437,0.5916,0.32930000000000004
2026-03-27,Arel,Sen2Cor,S2B_MSIL2A_20260327T113319_N0512_R080_T28QCH_20260327T152639.SAFE,C:\Users\Simon\Nextcloud\Project\Mauritania\Science\Arguin - FieldWork Data Processing\Data\S2\S2B_MSIL2A_20260327T113319_N0512_R080_T28QCH_20260327T152639.SAFE,696,9898,4258,342585.0,2201055.0,0.27190000000000003,0.3433,0.4277,0.5366000000000001,0.5779000000000001,0.5785,0.6061000000000001,0.6631,0.6531,0.6437,0.5893,0.33140000000000003
2026-03-27,Arel,Sen2Cor,S2B_MSIL2A_20260327T113319_N0512_R080_T28QCH_20260327T152639.SAFE,C:\Users\Simon\Nextcloud\Project\Mauritania\Science\Arguin - FieldWork Data Processing\Data\S2\S2B_MSIL2A_20260327T113319_N0512_R080_T28QCH_20260327T152639.SAFE,697,9899,4247,342475.0,2201045.0,0.27140000000000003,0.4038,0.46040000000000003,0.5493,0.6131,0.6159,0.6227,0.666,0.6666000000000001,0.5182,0.5975,0.3657
2026-03-27,Arel,Sen2Cor,S2B_MSIL2A_20260327T113319_N0512_R080_T28QCH_20260327T152639.SAFE,C:\Users\Simon\Nextcloud\Project\Mauritania\Science\Arguin - FieldWork Data Processing\Data\S2\S2B_MSIL2A_20260327T113319_N0512_R080_T28QCH_20260327T152639.SAFE,698,9899,4248,342485.0,2201045.0,0.2973,0.3916,0.4551,0.5425,0.5808,0.5841000000000001,0.608,0.6646000000000001,0.6473,0.6409,0.5928,0.33690000000000003
2026-03-27,Arel,Sen2Cor,S2B_MSIL2A_20260327T113319_N0512_R080_T28QCH_20260327T152639.SAFE,C:\Users\Simon\Nextcloud\Project\Mauritania\Science\Arguin - FieldWork Data Processing\Data\S2\S2B_MSIL2A_20260327T113319_N0512_R080_T28QCH_20260327T152639.SAFE,699,9899,4249,342495.0,2201045.0,0.2973,0.3801,0.44380000000000003,0.5376000000000001,0.5808,0.5841000000000001,0.608,0.6602,0.6473,0.6409,0.5928,0.33690000000000003
2026-03-27,Arel,Sen2Cor,S2B_MSIL2A_20260327T113319_N0512_R080_T28QCH_20260327T152639.SAFE,C:\Users\Simon\Nextcloud\Project\Mauritania\Science\Arguin - FieldWork Data Processing\Data\S2\S2B_MSIL2A_20260327T113319_N0512_R080_T28QCH_20260327T152639.SAFE,700,9899,4250,342505.0,2201045.0,0.3114,0.3657,0.4355,0.5405,0.5773,0.5795,0.6063000000000001,0.6597000000000001,0.6503,0.6409,0.596,0.32880000000000004
2026-03-27,Arel,Sen2Cor,S2B_MSIL2A_20260327T113319_N0512_R080_T28QCH_20260327T152639.SAFE,C:\Users\Simon\Nextcloud\Project\Mauritania\Science\Arguin - FieldWork Data Processing\Data\S2\S2B_MSIL2A_20260327T113319_N0512_R080_T28QCH_20260327T152639.SAFE,701,9899,4251,342515.0,2201045.0,0.3114,0.36060000000000003,0.43160000000000004,0.5366000000000001,0.5773,0.5795,0.6063000000000001,0.6592,0.6503,0.6409,0.596,0.32880000000000004
2026-03-27,Arel,Sen2Cor,S2B_MSIL2A_20260327T113319_N0512_R080_T28QCH_20260327T152639.SAFE,C:\Users\Simon\Nextcloud\Project\Mauritania\Science\Arguin - FieldWork Data Processing\Data\S2\S2B_MSIL2A_20260327T113319_N0512_R080_T28QCH_20260327T152639.SAFE,702,9899,4252,342525.0,2201045.0,0.3106,0.3652,0.4399,0.5454,0.5840000000000001,0.5900000000000001,0.6186,0.668,0.6615,0.6409,0.5981000000000001,0.3311
2026-03-27,Arel,Sen2Cor,S2B_MSIL2A_20260327T113319_N0512_R080_T28QCH_20260327T152639.SAFE,C:\Users\Simon\Nextcloud\Project\Mauritania\Science\Arguin - FieldWork Data Processing\Data\S2\S2B_MSIL2A_20260327T113319_N0512_R080_T28QCH_20260327T152639.SAFE,703,9899,4253,342535.0,2201045.0,0.3106,0.3662,0.4409,0.5483,0.5840000000000001,0.5900000000000001,0.6186,0.667,0.6615,0.6409,0.5981000000000001,0.3311
2026-03-27,Arel,Sen2Cor,S2B_MSIL2A_20260327T113319_N0512_R080_T28QCH_20260327T152639.SAFE,C:\Users\Simon\Nextcloud\Project\Mauritania\Science\Arguin - FieldWork Data Processing\Data\S2\S2B_MSIL2A_20260327T113319_N0512_R080_T28QCH_20260327T152639.SAFE,704,9899,4254,342545.0,2201045.0,0.2995,0.3582,0.4363,0.5415,0.5843,0.5910000000000001,0.6185,0.6616000000000001,0.6576000000000001,0.6437,0.5955,0.33230000000000004
2026-03-27,Arel,Sen2Cor,S2B_MSIL2A_20260327T113319_N0512_R080_T28QCH_20260327T152639.SAFE,C:\Users\Simon\Nextcloud\Project\Mauritania\Science\Arguin - FieldWork Data Processing\Data\S2\S2B_MSIL2A_20260327T113319_N0512_R080_T28QCH_20260327T152639.SAFE,705,9899,4255,342555.0,2201045.0,0.2995,0.3518,0.4277,0.5425,0.5843,0.5910000000000001,0.6185,0.6494,0.6576000000000001,0.6437,0.5955,0.33230000000000004
2026-03-27,Arel,Sen2Cor,S2B_MSIL2A_20260327T113319_N0512_R080_T28QCH_20260327T152639.SAFE,C:\Users\Simon\Nextcloud\Project\Mauritania\Science\Arguin - FieldWork Data Processing\Data\S2\S2B_MSIL2A_20260327T113319_N0512_R080_T28QCH_20260327T152639.SAFE,706,9899,4256,342565.0,2201045.0,0.2848,0.3481,0.4299,0.5425,0.5815,0.5888,0.6196,0.6587000000000001,0.6585000000000001,0.6437,0.5916,0.32930000000000004
2026-03-27,Arel,Sen2Cor,S2B_MSIL2A_20260327T113319_N0512_R080_T28QCH_20260327T152639.SAFE,C:\Users\Simon\Nextcloud\Project\Mauritania\Science\Arguin - FieldWork Data Processing\Data\S2\S2B_MSIL2A_20260327T113319_N0512_R080_T28QCH_20260327T152639.SAFE,707,9900,4247,342475.0,2201035.0,0.2776,0.366,0.42310000000000003,0.5137,0.5638000000000001,0.5747,0.5936,0.627,0.641,0.4787,0.5462,0.3064
2026-03-27,Arel,Sen2Cor,S2B_MSIL2A_20260327T113319_N0512_R080_T28QCH_20260327T152639.SAFE,C:\Users\Simon\Nextcloud\Project\Mauritania\Science\Arguin - FieldWork Data Processing\Data\S2\S2B_MSIL2A_20260327T113319_N0512_R080_T28QCH_20260327T152639.SAFE,708,9900,4248,342485.0,2201035.0,0.2992,0.3799,0.438,0.5298,0.5692,0.5680000000000001,0.6032000000000001,0.644,0.6373,0.5870000000000001,0.5536,0.2983
2026-03-27,Arel,Sen2Cor,S2B_MSIL2A_20260327T113319_N0512_R080_T28QCH_20260327T152639.SAFE,C:\Users\Simon\Nextcloud\Project\Mauritania\Science\Arguin - FieldWork Data Processing\Data\S2\S2B_MSIL2A_20260327T113319_N0512_R080_T28QCH_20260327T152639.SAFE,709,9900,4249,342495.0,2201035.0,0.2992,0.3779,0.4399,0.5347000000000001,0.5692,0.5680000000000001,0.6032000000000001,0.6553,0.6373,0.5870000000000001,0.5536,0.2983
2026-03-27,Arel,Sen2Cor,S2B_MSIL2A_20260327T113319_N0512_R080_T28QCH_20260327T152639.SAFE,C:\Users\Simon\Nextcloud\Project\Mauritania\Science\Arguin - FieldWork Data Processing\Data\S2\S2B_MSIL2A_20260327T113319_N0512_R080_T28QCH_20260327T152639.SAFE,710,9900,4250,342505.0,2201035.0,0.30810000000000004,0.3682,0.43410000000000004,0.5332,0.5800000000000001,0.5842,0.606,0.6543,0.6568,0.5870000000000001,0.5793,0.3158
2026-03-27,Arel,Sen2Cor,S2B_MSIL2A_20260327T113319_N0512_R080_T28QCH_20260327T152639.SAFE,C:\Users\Simon\Nextcloud\Project\Mauritania\Science\Arguin - FieldWork Data Processing\Data\S2\S2B_MSIL2A_20260327T113319_N0512_R080_T28QCH_20260327T152639.SAFE,711,9900,4251,342515.0,2201035.0,0.30810000000000004,0.35910000000000003,0.42800000000000005,0.5264,0.5800000000000001,0.5842,0.606,0.6519,0.6568,0.5870000000000001,0.5793,0.3158
2026-03-27,Arel,Sen2Cor,S2B_MSIL2A_20260327T113319_N0512_R080_T28QCH_20260327T152639.SAFE,C:\Users\Simon\Nextcloud\Project\Mauritania\Science\Arguin - FieldWork Data Processing\Data\S2\S2B_MSIL2A_20260327T113319_N0512_R080_T28QCH_20260327T152639.SAFE,712,9900,4252,342525.0,2201035.0,0.302,0.3667,0.4419,0.5322,0.5784,0.5808,0.6118,0.6572,0.6586000000000001,0.5870000000000001,0.5853,0.32120000000000004
2026-03-27,Arel,Sen2Cor,S2B_MSIL2A_20260327T113319_N0512_R080_T28QCH_20260327T152639.SAFE,C:\Users\Simon\Nextcloud\Project\Mauritania\Science\Arguin - FieldWork Data Processing\Data\S2\S2B_MSIL2A_20260327T113319_N0512_R080_T28QCH_20260327T152639.SAFE,713,9900,4253,342535.0,2201035.0,0.302,0.36250000000000004,0.438,0.5337000000000001,0.5784,0.5808,0.6118,0.6514,0.6586000000000001,0.5870000000000001,0.5853,0.32120000000000004
2026-03-27,Arel,Sen2Cor,S2B_MSIL2A_20260327T113319_N0512_R080_T28QCH_20260327T152639.SAFE,C:\Users\Simon\Nextcloud\Project\Mauritania\Science\Arguin - FieldWork Data Processing\Data\S2\S2B_MSIL2A_20260327T113319_N0512_R080_T28QCH_20260327T152639.SAFE,714,9900,4254,342545.0,2201035.0,0.2823,0.35400000000000004,0.43210000000000004,0.5322,0.5678000000000001,0.5775,0.6028,0.6553,0.6503,0.5034000000000001,0.5786,0.31670000000000004
2026-03-27,Arel,Sen2Cor,S2B_MSIL2A_20260327T113319_N0512_R080_T28QCH_20260327T152639.SAFE,C:\Users\Simon\Nextcloud\Project\Mauritania\Science\Arguin - FieldWork Data Processing\Data\S2\S2B_MSIL2A_20260327T113319_N0512_R080_T28QCH_20260327T152639.SAFE,715,9901,4247,342475.0,2201025.0,0.2776,0.3652,0.41550000000000004,0.49760000000000004,0.5638000000000001,0.5747,0.5936,0.6152000000000001,0.641,0.4787,0.5462,0.3064
2026-03-27,Arel,Sen2Cor,S2B_MSIL2A_20260327T113319_N0512_R080_T28QCH_20260327T152639.SAFE,C:\Users\Simon\Nextcloud\Project\Mauritania\Science\Arguin - FieldWork Data Processing\Data\S2\S2B_MSIL2A_20260327T113319_N0512_R080_T28QCH_20260327T152639.SAFE,716,9901,4248,342485.0,2201025.0,0.2992,0.3657,0.42210000000000003,0.5112,0.5692,0.5680000000000001,0.6032000000000001,0.6235,0.6373,0.5870000000000001,0.5536,0.2983
2026-03-27,Arel,Sen2Cor,S2B_MSIL2A_20260327T113319_N0512_R080_T28QCH_20260327T152639.SAFE,C:\Users\Simon\Nextcloud\Project\Mauritania\Science\Arguin - FieldWork Data Processing\Data\S2\S2B_MSIL2A_20260327T113319_N0512_R080_T28QCH_20260327T152639.SAFE,717,9901,4249,342495.0,2201025.0,0.2992,0.3755,0.4375,0.5269,0.5692,0.5680000000000001,0.6032000000000001,0.6431,0.6373,0.5870000000000001,0.5536,0.2983
2026-03-27,Arel,Sen2Cor,S2B_MSIL2A_20260327T113319_N0512_R080_T28QCH_20260327T152639.SAFE,C:\Users\Simon\Nextcloud\Project\Mauritania\Science\Arguin - FieldWork Data Processing\Data\S2\S2B_MSIL2A_20260327T113319_N0512_R080_T28QCH_20260327T152639.SAFE,718,9901,4250,342505.0,2201025.0,0.30810000000000004,0.3748,0.4355,0.5303,0.5800000000000001,0.5842,0.606,0.6519,0.6568,0.5870000000000001,0.5793,0.3158
2026-03-27,Arel,Sen2Cor,S2B_MSIL2A_20260327T113319_N0512_R080_T28QCH_20260327T152639.SAFE,C:\Users\Simon\Nextcloud\Project\Mauritania\Science\Arguin - FieldWork Data Processing\Data\S2\S2B_MSIL2A_20260327T113319_N0512_R080_T28QCH_20260327T152639.SAFE,719,9901,4251,342515.0,2201025.0,0.30810000000000004,0.366,0.4304,0.5264,0.5800000000000001,0.5842,0.606,0.6479,0.6568,0.5870000000000001,0.5793,0.3158
2026-03-27,Arel,Sen2Cor,S2B_MSIL2A_20260327T113319_N0512_R080_T28QCH_20260327T152639.SAFE,C:\Users\Simon\Nextcloud\Project\Mauritania\Science\Arguin - FieldWork Data Processing\Data\S2\S2B_MSIL2A_20260327T113319_N0512_R080_T28QCH_20260327T152639.SAFE,720,9901,4252,342525.0,2201025.0,0.302,0.364,0.4302,0.5288,0.5784,0.5808,0.6118,0.645,0.6586000000000001,0.5870000000000001,0.5853,0.32120000000000004
2026-03-27,Arel,Sen2Cor,S2B_MSIL2A_20260327T113319_N0512_R080_T28QCH_20260327T152639.SAFE,C:\Users\Simon\Nextcloud\Project\Mauritania\Science\Arguin - FieldWork Data Processing\Data\S2\S2B_MSIL2A_20260327T113319_N0512_R080_T28QCH_20260327T152639.SAFE,721,9902,4247,342475.0,2201015.0,0.2692,0.39380000000000004,0.4404,0.5288,0.5668000000000001,0.5791000000000001,0.5896,0.6411,0.6367,0.4787,0.5268,0.29710000000000003
2026-03-27,Arel,Sen2Cor,S2B_MSIL2A_20260327T113319_N0512_R080_T28QCH_20260327T152639.SAFE,C:\Users\Simon\Nextcloud\Project\Mauritania\Science\Arguin - FieldWork Data Processing\Data\S2\S2B_MSIL2A_20260327T113319_N0512_R080_T28QCH_20260327T152639.SAFE,722,9902,4248,342485.0,2201015.0,0.2873,0.3623,0.4219,0.5034000000000001,0.5733,0.5822,0.6068,0.6133000000000001,0.6441,0.5870000000000001,0.5506,0.3073
2026-03-27,Arel,Sen2Cor,S2B_MSIL2A_20260327T113319_N0512_R080_T28QCH_20260327T152639.SAFE,C:\Users\Simon\Nextcloud\Project\Mauritania\Science\Arguin - FieldWork Data Processing\Data\S2\S2B_MSIL2A_20260327T113319_N0512_R080_T28QCH_20260327T152639.SAFE,723,9902,4249,342495.0,2201015.0,0.2873,0.3682,0.4304,0.5171,0.5733,0.5822,0.6068,0.6245,0.6441,0.5870000000000001,0.5506,0.3073
2026-03-27,Arel,Sen2Cor,S2B_MSIL2A_20260327T113319_N0512_R080_T28QCH_20260327T152639.SAFE,C:\Users\Simon\Nextcloud\Project\Mauritania\Science\Arguin - FieldWork Data Processing\Data\S2\S2B_MSIL2A_20260327T113319_N0512_R080_T28QCH_20260327T152639.SAFE,724,9902,4250,342505.0,2201015.0,0.2912,0.385,0.44380000000000003,0.5366000000000001,0.5833,0.5854,0.6121,0.6528,0.6535000000000001,0.5870000000000001,0.5727,0.31620000000000004
2026-03-27,Arel,Sen2Cor,S2B_MSIL2A_20260327T113319_N0512_R080_T28QCH_20260327T152639.SAFE,C:\Users\Simon\Nextcloud\Project\Mauritania\Science\Arguin - FieldWork Data Processing\Data\S2\S2B_MSIL2A_20260327T113319_N0512_R080_T28QCH_20260327T152639.SAFE,725,9902,4251,342515.0,2201015.0,0.2912,0.3784,0.44260000000000005,0.5322,0.5833,0.5854,0.6121,0.645,0.6535000000000001,0.5870000000000001,0.5727,0.31620000000000004
2026-03-27,Arel,Sen2Cor,S2B_MSIL2A_20260327T113319_N0512_R080_T28QCH_20260327T152639.SAFE,C:\Users\Simon\Nextcloud\Project\Mauritania\Science\Arguin - FieldWork Data Processing\Data\S2\S2B_MSIL2A_20260327T113319_N0512_R080_T28QCH_20260327T152639.SAFE,726,9903,4247,342475.0,2201005.0,0.2692,0.43360000000000004,0.4827,0.5601,0.5668000000000001,0.5791000000000001,0.5896,0.6719,0.6367,0.4787,0.5268,0.29710000000000003
2026-03-27,Arel,Sen2Cor,S2B_MSIL2A_20260327T113319_N0512_R080_T28QCH_20260327T152639.SAFE,C:\Users\Simon\Nextcloud\Project\Mauritania\Science\Arguin - FieldWork Data Processing\Data\S2\S2B_MSIL2A_20260327T113319_N0512_R080_T28QCH_20260327T152639.SAFE,727,9903,4248,342485.0,2201005.0,0.2873,0.397,0.4612,0.5332,0.5733,0.5822,0.6068,0.6479,0.6441,0.5870000000000001,0.5506,0.3073
2026-03-27,Arel,Sen2Cor,S2B_MSIL2A_20260327T113319_N0512_R080_T28QCH_20260327T152639.SAFE,C:\Users\Simon\Nextcloud\Project\Mauritania\Science\Arguin - FieldWork Data Processing\Data\S2\S2B_MSIL2A_20260327T113319_N0512_R080_T28QCH_20260327T152639.SAFE,728,9903,4249,342495.0,2201005.0,0.2873,0.3916,0.4504,0.5342,0.5733,0.5822,0.6068,0.6479,0.6441,0.5870000000000001,0.5506,0.3073
2026-03-27,Arel,Sen2Cor,S2B_MSIL2A_20260327T113319_N0512_R080_T28QCH_20260327T152639.SAFE,C:\Users\Simon\Nextcloud\Project\Mauritania\Science\Arguin - FieldWork Data Processing\Data\S2\S2B_MSIL2A_20260327T113319_N0512_R080_T28QCH_20260327T152639.SAFE,729,9904,4247,342475.0,2200995.0,0.23700000000000002,0.44630000000000003,0.5029,0.5737,0.5703,0.5756,0.6102000000000001,0.6802,0.6448,0.4787,0.5197,0.2873
2026-03-27,Iwik,Sen2Cor,S2B_MSIL2A_20260327T113319_N0512_R080_T28QCH_20260327T152639.SAFE,C:\Users\Simon\Nextcloud\Project\Mauritania\Science\Arguin - FieldWork Data Processing\Data\S2\S2B_MSIL2A_20260327T113319_N0512_R080_T28QCH_20260327T152639.SAFE,0,10021,6348,363485.0,2199825.0,0.20650000000000002,0.2576,0.3594,0.49100000000000005,0.5323,0.5355,0.5534,0.5664,0.5571,0.5671,0.6681,0.6323000000000001
2026-03-27,Iwik,Sen2Cor,S2B_MSIL2A_20260327T113319_N0512_R080_T28QCH_20260327T152639.SAFE,C:\Users\Simon\Nextcloud\Project\Mauritania\Science\Arguin - FieldWork Data Processing\Data\S2\S2B_MSIL2A_20260327T113319_N0512_R080_T28QCH_20260327T152639.SAFE,1,10021,6349,363495.0,2199825.0,0.20650000000000002,0.2617,0.3579,0.49100000000000005,0.5323,0.5355,0.5534,0.5669000000000001,0.5571,0.5671,0.6681,0.6323000000000001
2026-03-27,Iwik,Sen2Cor,S2B_MSIL2A_20260327T113319_N0512_R080_T28QCH_20260327T152639.SAFE,C:\Users\Simon\Nextcloud\Project\Mauritania\Science\Arguin - FieldWork Data Processing\Data\S2\S2B_MSIL2A_20260327T113319_N0512_R080_T28QCH_20260327T152639.SAFE,2,10022,6347,363475.0,2199815.0,0.2131,0.2561,0.35350000000000004,0.4788,0.5279,0.5298,0.5448000000000001,0.5581,0.552,0.5713,0.6617000000000001,0.6309
2026-03-27,Iwik,Sen2Cor,S2B_MSIL2A_20260327T113319_N0512_R080_T28QCH_20260327T152639.SAFE,C:\Users\Simon\Nextcloud\Project\Mauritania\Science\Arguin - FieldWork Data Processing\Data\S2\S2B_MSIL2A_20260327T113319_N0512_R080_T28QCH_20260327T152639.SAFE,3,10022,6348,363485.0,2199815.0,0.2107,0.25420000000000004,0.3511,0.4771,0.5253,0.5293,0.5436,0.5532,0.5502,0.5671,0.6646000000000001,0.6304000000000001
2026-03-27,Iwik,Sen2Cor,S2B_MSIL2A_20260327T113319_N0512_R080_T28QCH_20260327T152639.SAFE,C:\Users\Simon\Nextcloud\Project\Mauritania\Science\Arguin - FieldWork Data Processing\Data\S2\S2B_MSIL2A_20260327T113319_N0512_R080_T28QCH_20260327T152639.SAFE,4,10022,6349,363495.0,2199815.0,0.2107,0.2617,0.3577,0.4832,0.5253,0.5293,0.5436,0.5601,0.5502,0.5671,0.6646000000000001,0.6304000000000001
2026-03-27,Iwik,Sen2Cor,S2B_MSIL2A_20260327T113319_N0512_R080_T28QCH_20260327T152639.SAFE,C:\Users\Simon\Nextcloud\Project\Mauritania\Science\Arguin - FieldWork Data Processing\Data\S2\S2B_MSIL2A_20260327T113319_N0512_R080_T28QCH_20260327T152639.SAFE,5,10022,6350,363505.0,2199815.0,0.2084,0.2625,0.3613,0.4924,0.5341,0.5362,0.5552,0.5640000000000001,0.5537000000000001,0.5671,0.6663,0.6333000000000001
2026-03-27,Iwik,Sen2Cor,S2B_MSIL2A_20260327T113319_N0512_R080_T28QCH_20260327T152639.SAFE,C:\Users\Simon\Nextcloud\Project\Mauritania\Science\Arguin - FieldWork Data Processing\Data\S2\S2B_MSIL2A_20260327T113319_N0512_R080_T28QCH_20260327T152639.SAFE,6,10022,6351,363515.0,2199815.0,0.2084,0.2634,0.3635,0.4929,0.5341,0.5362,0.5552,0.5703,0.5537000000000001,0.5671,0.6663,0.6333000000000001
2026-03-27,Iwik,Sen2Cor,S2B_MSIL2A_20260327T113319_N0512_R080_T28QCH_20260327T152639.SAFE,C:\Users\Simon\Nextcloud\Project\Mauritania\Science\Arguin - FieldWork Data Processing\Data\S2\S2B_MSIL2A_20260327T113319_N0512_R080_T28QCH_20260327T152639.SAFE,7,10022,6352,363525.0,2199815.0,0.2076,0.2627,0.3655,0.4937,0.5394,0.542,0.5597,0.5713,0.5628000000000001,0.5671,0.6695,0.6384000000000001
2026-03-27,Iwik,Sen2Cor,S2B_MSIL2A_20260327T113319_N0512_R080_T28QCH_20260327T152639.SAFE,C:\Users\Simon\Nextcloud\Project\Mauritania\Science\Arguin - FieldWork Data Processing\Data\S2\S2B_MSIL2A_20260327T113319_N0512_R080_T28QCH_20260327T152639.SAFE,8,10023,6346,363465.0,2199805.0,0.2131,0.261,0.3564,0.4824,0.5279,0.5298,0.5448000000000001,0.562,0.552,0.5713,0.6617000000000001,0.6309
2026-03-27,Iwik,Sen2Cor,S2B_MSIL2A_20260327T113319_N0512_R080_T28QCH_20260327T152639.SAFE,C:\Users\Simon\Nextcloud\Project\Mauritania\Science\Arguin - FieldWork Data Processing\Data\S2\S2B_MSIL2A_20260327T113319_N0512_R080_T28QCH_20260327T152639.SAFE,9,10023,6347,363475.0,2199805.0,0.2131,0.261,0.3552,0.4797,0.5279,0.5298,0.5448000000000001,0.5571,0.552,0.5713,0.6617000000000001,0.6309
2026-03-27,Iwik,Sen2Cor,S2B_MSIL2A_20260327T113319_N0512_R080_T28QCH_20260327T152639.SAFE,C:\Users\Simon\Nextcloud\Project\Mauritania\Science\Arguin - FieldWork Data Processing\Data\S2\S2B_MSIL2A_20260327T113319_N0512_R080_T28QCH_20260327T152639.SAFE,10,10023,6348,363485.0,2199805.0,0.2107,0.25730000000000003,0.3521,0.4756,0.5253,0.5293,0.5436,0.5547000000000001,0.5502,0.5671,0.6646000000000001,0.6304000000000001
2026-03-27,Iwik,Sen2Cor,S2B_MSIL2A_20260327T113319_N0512_R080_T28QCH_20260327T152639.SAFE,C:\Users\Simon\Nextcloud\Project\Mauritania\Science\Arguin - FieldWork Data Processing\Data\S2\S2B_MSIL2A_20260327T113319_N0512_R080_T28QCH_20260327T152639.SAFE,11,10023,6349,363495.0,2199805.0,0.2107,0.2585,0.3516,0.47800000000000004,0.5253,0.5293,0.5436,0.5562,0.5502,0.5671,0.6646000000000001,0.6304000000000001
2026-03-27,Iwik,Sen2Cor,S2B_MSIL2A_20260327T113319_N0512_R080_T28QCH_20260327T152639.SAFE,C:\Users\Simon\Nextcloud\Project\Mauritania\Science\Arguin - FieldWork Data Processing\Data\S2\S2B_MSIL2A_20260327T113319_N0512_R080_T28QCH_20260327T152639.SAFE,12,10023,6350,363505.0,2199805.0,0.2084,0.2615,0.3572,0.4854,0.5341,0.5362,0.5552,0.5625,0.5537000000000001,0.5671,0.6663,0.6333000000000001
2026-03-27,Iwik,Sen2Cor,S2B_MSIL2A_20260327T113319_N0512_R080_T28QCH_20260327T152639.SAFE,C:\Users\Simon\Nextcloud\Project\Mauritania\Science\Arguin - FieldWork Data Processing\Data\S2\S2B_MSIL2A_20260327T113319_N0512_R080_T28QCH_20260327T152639.SAFE,13,10023,6351,363515.0,2199805.0,0.2084,0.2651,0.3618,0.48950000000000005,0.5341,0.5362,0.5552,0.5728,0.5537000000000001,0.5671,0.6663,0.6333000000000001
2026-03-27,Iwik,Sen2Cor,S2B_MSIL2A_20260327T113319_N0512_R080_T28QCH_20260327T152639.SAFE,C:\Users\Simon\Nextcloud\Project\Mauritania\Science\Arguin - FieldWork Data Processing\Data\S2\S2B_MSIL2A_20260327T113319_N0512_R080_T28QCH_20260327T152639.SAFE,14,10023,6352,363525.0,2199805.0,0.2076,0.27080000000000004,0.3657,0.49460000000000004,0.5394,0.542,0.5597,0.5713,0.5628000000000001,0.5671,0.6695,0.6384000000000001
2026-03-27,Iwik,Sen2Cor,S2B_MSIL2A_20260327T113319_N0512_R080_T28QCH_20260327T152639.SAFE,C:\Users\Simon\Nextcloud\Project\Mauritania\Science\Arguin - FieldWork Data Processing\Data\S2\S2B_MSIL2A_20260327T113319_N0512_R080_T28QCH_20260327T152639.SAFE,15,10023,6353,363535.0,2199805.0,0.2076,0.269,0.36960000000000004,0.501,0.5394,0.542,0.5597,0.5693,0.5628000000000001,0.5671,0.6695,0.6384000000000001
2026-03-27,Iwik,Sen2Cor,S2B_MSIL2A_20260327T113319_N0512_R080_T28QCH_20260327T152639.SAFE,C:\Users\Simon\Nextcloud\Project\Mauritania\Science\Arguin - FieldWork Data Processing\Data\S2\S2B_MSIL2A_20260327T113319_N0512_R080_T28QCH_20260327T152639.SAFE,16,10023,6354,363545.0,2199805.0,0.2091,0.2681,0.3735,0.5039,0.5461,0.5418000000000001,0.5575,0.5771000000000001,0.5675,0.5688,0.6723,0.6382
2026-03-27,Iwik,Sen2Cor,S2B_MSIL2A_20260327T113319_N0512_R080_T28QCH_20260327T152639.SAFE,C:\Users\Simon\Nextcloud\Project\Mauritania\Science\Arguin - FieldWork Data Processing\Data\S2\S2B_MSIL2A_20260327T113319_N0512_R080_T28QCH_20260327T152639.SAFE,17,10023,6355,363555.0,2199805.0,0.2091,0.27,0.3679,0.4998,0.5461,0.5418000000000001,0.5575,0.5767,0.5675,0.5688,0.6723,0.6382
2026-03-27,Iwik,Sen2Cor,S2B_MSIL2A_20260327T113319_N0512_R080_T28QCH_20260327T152639.SAFE,C:\Users\Simon\Nextcloud\Project\Mauritania\Science\Arguin - FieldWork Data Processing\Data\S2\S2B_MSIL2A_20260327T113319_N0512_R080_T28QCH_20260327T152639.SAFE,18,10024,6345,363455.0,2199795.0,0.2187,0.2605,0.3589,0.48050000000000004,0.5378000000000001,0.5355,0.5495,0.5596,0.5566,0.5713,0.6676000000000001,0.6295000000000001
2026-03-27,Iwik,Sen2Cor,S2B_MSIL2A_20260327T113319_N0512_R080_T28QCH_20260327T152639.SAFE,C:\Users\Simon\Nextcloud\Project\Mauritania\Science\Arguin - FieldWork Data Processing\Data\S2\S2B_MSIL2A_20260327T113319_N0512_R080_T28QCH_20260327T152639.SAFE,19,10024,6346,363465.0,2199795.0,0.21710000000000002,0.2629,0.35500000000000004,0.4817,0.5341,0.5341,0.5527000000000001,0.5566,0.5565,0.5713,0.6658000000000001,0.6304000000000001
2026-03-27,Iwik,Sen2Cor,S2B_MSIL2A_20260327T113319_N0512_R080_T28QCH_20260327T152639.SAFE,C:\Users\Simon\Nextcloud\Project\Mauritania\Science\Arguin - FieldWork Data Processing\Data\S2\S2B_MSIL2A_20260327T113319_N0512_R080_T28QCH_20260327T152639.SAFE,20,10024,6347,363475.0,2199795.0,0.21710000000000002,0.27,0.3608,0.48850000000000005,0.5341,0.5341,0.5527000000000001,0.5649000000000001,0.5565,0.5713,0.6658000000000001,0.6304000000000001
2026-03-27,Iwik,Sen2Cor,S2B_MSIL2A_20260327T113319_N0512_R080_T28QCH_20260327T152639.SAFE,C:\Users\Simon\Nextcloud\Project\Mauritania\Science\Arguin - FieldWork Data Processing\Data\S2\S2B_MSIL2A_20260327T113319_N0512_R080_T28QCH_20260327T152639.SAFE,21,10024,6348,363485.0,2199795.0,0.215,0.2661,0.3662,0.4858,0.526,0.527,0.545,0.5640000000000001,0.5513,0.5671,0.6632,0.627
2026-03-27,Iwik,Sen2Cor,S2B_MSIL2A_20260327T113319_N0512_R080_T28QCH_20260327T152639.SAFE,C:\Users\Simon\Nextcloud\Project\Mauritania\Science\Arguin - FieldWork Data Processing\Data\S2\S2B_MSIL2A_20260327T113319_N0512_R080_T28QCH_20260327T152639.SAFE,22,10024,6349,363495.0,2199795.0,0.215,0.2595,0.3569,0.4753,0.526,0.527,0.545,0.5532,0.5513,0.5671,0.6632,0.627
2026-03-27,Iwik,Sen2Cor,S2B_MSIL2A_20260327T113319_N0512_R080_T28QCH_20260327T152639.SAFE,C:\Users\Simon\Nextcloud\Project\Mauritania\Science\Arguin - FieldWork Data Processing\Data\S2\S2B_MSIL2A_20260327T113319_N0512_R080_T28QCH_20260327T152639.SAFE,23,10024,6350,363505.0,2199795.0,0.2124,0.2605,0.3569,0.4778,0.5295,0.53,0.5511,0.5576,0.5547000000000001,0.5671,0.6638000000000001,0.6297
2026-03-27,Iwik,Sen2Cor,S2B_MSIL2A_20260327T113319_N0512_R080_T28QCH_20260327T152639.SAFE,C:\Users\Simon\Nextcloud\Project\Mauritania\Science\Arguin - FieldWork Data Processing\Data\S2\S2B_MSIL2A_20260327T113319_N0512_R080_T28QCH_20260327T152639.SAFE,24,10024,6351,363515.0,2199795.0,0.2124,0.2634,0.364,0.4893,0.5295,0.53,0.5511,0.5659000000000001,0.5547000000000001,0.5671,0.6638000000000001,0.6297
2026-03-27,Iwik,Sen2Cor,S2B_MSIL2A_20260327T113319_N0512_R080_T28QCH_20260327T152639.SAFE,C:\Users\Simon\Nextcloud\Project\Mauritania\Science\Arguin - FieldWork Data Processing\Data\S2\S2B_MSIL2A_20260327T113319_N0512_R080_T28QCH_20260327T152639.SAFE,25,10024,6352,363525.0,2199795.0,0.21150000000000002,0.2705,0.3645,0.49660000000000004,0.5435,0.5439,0.5640000000000001,0.5688,0.5691,0.5671,0.6723,0.638
2026-03-27,Iwik,Sen2Cor,S2B_MSIL2A_20260327T113319_N0512_R080_T28QCH_20260327T152639.SAFE,C:\Users\Simon\Nextcloud\Project\Mauritania\Science\Arguin - FieldWork Data Processing\Data\S2\S2B_MSIL2A_20260327T113319_N0512_R080_T28QCH_20260327T152639.SAFE,26,10024,6353,363535.0,2199795.0,0.21150000000000002,0.26930000000000004,0.3633,0.5005000000000001,0.5435,0.5439,0.5640000000000001,0.5718,0.5691,0.5671,0.6723,0.638
2026-03-27,Iwik,Sen2Cor,S2B_MSIL2A_20260327T113319_N0512_R080_T28QCH_20260327T152639.SAFE,C:\Users\Simon\Nextcloud\Project\Mauritania\Science\Arguin - FieldWork Data Processing\Data\S2\S2B_MSIL2A_20260327T113319_N0512_R080_T28QCH_20260327T152639.SAFE,27,10024,6354,363545.0,2199795.0,0.2124,0.2671,0.3604,0.49460000000000004,0.5461,0.5445,0.5565,0.5684,0.5673,0.5688,0.6741,0.6368
2026-03-27,Iwik,Sen2Cor,S2B_MSIL2A_20260327T113319_N0512_R080_T28QCH_20260327T152639.SAFE,C:\Users\Simon\Nextcloud\Project\Mauritania\Science\Arguin - FieldWork Data Processing\Data\S2\S2B_MSIL2A_20260327T113319_N0512_R080_T28QCH_20260327T152639.SAFE,28,10024,6355,363555.0,2199795.0,0.2124,0.269,0.3652,0.4958,0.5461,0.5445,0.5565,0.5674,0.5673,0.5688,0.6741,0.6368
2026-03-27,Iwik,Sen2Cor,S2B_MSIL2A_20260327T113319_N0512_R080_T28QCH_20260327T152639.SAFE,C:\Users\Simon\Nextcloud\Project\Mauritania\Science\Arguin - FieldWork Data Processing\Data\S2\S2B_MSIL2A_20260327T113319_N0512_R080_T28QCH_20260327T152639.SAFE,29,10024,6356,363565.0,2199795.0,0.2126,0.2659,0.36160000000000003,0.48900000000000005,0.5296000000000001,0.5333,0.5475,0.5630000000000001,0.5567,0.5688,0.6642,0.6262
2026-03-27,Iwik,Sen2Cor,S2B_MSIL2A_20260327T113319_N0512_R080_T28QCH_20260327T152639.SAFE,C:\Users\Simon\Nextcloud\Project\Mauritania\Science\Arguin - FieldWork Data Processing\Data\S2\S2B_MSIL2A_20260327T113319_N0512_R080_T28QCH_20260327T152639.SAFE,30,10024,6357,363575.0,2199795.0,0.2126,0.26680000000000004,0.36300000000000004,0.48900000000000005,0.5296000000000001,0.5333,0.5475,0.5640000000000001,0.5567,0.5688,0.6642,0.6262
2026-03-27,Iwik,Sen2Cor,S2B_MSIL2A_20260327T113319_N0512_R080_T28QCH_20260327T152639.SAFE,C:\Users\Simon\Nextcloud\Project\Mauritania\Science\Arguin - FieldWork Data Processing\Data\S2\S2B_MSIL2A_20260327T113319_N0512_R080_T28QCH_20260327T152639.SAFE,31,10025,6345,363455.0,2199785.0,0.2187,0.2681,0.3635,0.4883,0.5378000000000001,0.5355,0.5495,0.5635,0.5566,0.5713,0.6676000000000001,0.6295000000000001
2026-03-27,Iwik,Sen2Cor,S2B_MSIL2A_20260327T113319_N0512_R080_T28QCH_20260327T152639.SAFE,C:\Users\Simon\Nextcloud\Project\Mauritania\Science\Arguin - FieldWork Data Processing\Data\S2\S2B_MSIL2A_20260327T113319_N0512_R080_T28QCH_20260327T152639.SAFE,32,10025,6346,363465.0,2199785.0,0.21710000000000002,0.27030000000000004,0.3633,0.49100000000000005,0.5341,0.5341,0.5527000000000001,0.5649000000000001,0.5565,0.5713,0.6658000000000001,0.6304000000000001
2026-03-27,Iwik,Sen2Cor,S2B_MSIL2A_20260327T113319_N0512_R080_T28QCH_20260327T152639.SAFE,C:\Users\Simon\Nextcloud\Project\Mauritania\Science\Arguin - FieldWork Data Processing\Data\S2\S2B_MSIL2A_20260327T113319_N0512_R080_T28QCH_20260327T152639.SAFE,33,10025,6347,363475.0,2199785.0,0.21710000000000002,0.2722,0.3647,0.4963,0.5341,0.5341,0.5527000000000001,0.5693,0.5565,0.5713,0.6658000000000001,0.6304000000000001
2026-03-27,Iwik,Sen2Cor,S2B_MSIL2A_20260327T113319_N0512_R080_T28QCH_20260327T152639.SAFE,C:\Users\Simon\Nextcloud\Project\Mauritania\Science\Arguin - FieldWork Data Processing\Data\S2\S2B_MSIL2A_20260327T113319_N0512_R080_T28QCH_20260327T152639.SAFE,34,10025,6348,363485.0,2199785.0,0.215,0.27,0.3647,0.4907,0.526,0.527,0.545,0.5596,0.5513,0.5671,0.6632,0.627
2026-03-27,Iwik,Sen2Cor,S2B_MSIL2A_20260327T113319_N0512_R080_T28QCH_20260327T152639.SAFE,C:\Users\Simon\Nextcloud\Project\Mauritania\Science\Arguin - FieldWork Data Processing\Data\S2\S2B_MSIL2A_20260327T113319_N0512_R080_T28QCH_20260327T152639.SAFE,35,10025,6349,363495.0,2199785.0,0.215,0.25930000000000003,0.35600000000000004,0.47490000000000004,0.526,0.527,0.545,0.5483,0.5513,0.5671,0.6632,0.627
2026-03-27,Iwik,Sen2Cor,S2B_MSIL2A_20260327T113319_N0512_R080_T28QCH_20260327T152639.SAFE,C:\Users\Simon\Nextcloud\Project\Mauritania\Science\Arguin - FieldWork Data Processing\Data\S2\S2B_MSIL2A_20260327T113319_N0512_R080_T28QCH_20260327T152639.SAFE,36,10025,6350,363505.0,2199785.0,0.2124,0.2654,0.36210000000000003,0.4802,0.5295,0.53,0.5511,0.5542,0.5547000000000001,0.5671,0.6638000000000001,0.6297
2026-03-27,Iwik,Sen2Cor,S2B_MSIL2A_20260327T113319_N0512_R080_T28QCH_20260327T152639.SAFE,C:\Users\Simon\Nextcloud\Project\Mauritania\Science\Arguin - FieldWork Data Processing\Data\S2\S2B_MSIL2A_20260327T113319_N0512_R080_T28QCH_20260327T152639.SAFE,37,10025,6351,363515.0,2199785.0,0.2124,0.271,0.3662,0.4944,0.5295,0.53,0.5511,0.561,0.5547000000000001,0.5671,0.6638000000000001,0.6297
2026-03-27,Iwik,Sen2Cor,S2B_MSIL2A_20260327T113319_N0512_R080_T28QCH_20260327T152639.SAFE,C:\Users\Simon\Nextcloud\Project\Mauritania\Science\Arguin - FieldWork Data Processing\Data\S2\S2B_MSIL2A_20260327T113319_N0512_R080_T28QCH_20260327T152639.SAFE,38,10025,6352,363525.0,2199785.0,0.21150000000000002,0.27080000000000004,0.3652,0.49610000000000004,0.5435,0.5439,0.5640000000000001,0.5703,0.5691,0.5671,0.6723,0.638
2026-03-27,Iwik,Sen2Cor,S2B_MSIL2A_20260327T113319_N0512_R080_T28QCH_20260327T152639.SAFE,C:\Users\Simon\Nextcloud\Project\Mauritania\Science\Arguin - FieldWork Data Processing\Data\S2\S2B_MSIL2A_20260327T113319_N0512_R080_T28QCH_20260327T152639.SAFE,39,10025,6353,363535.0,2199785.0,0.21150000000000002,0.2776,0.3765,0.5034000000000001,0.5435,0.5439,0.5640000000000001,0.5791000000000001,0.5691,0.5671,0.6723,0.638
2026-03-27,Iwik,Sen2Cor,S2B_MSIL2A_20260327T113319_N0512_R080_T28QCH_20260327T152639.SAFE,C:\Users\Simon\Nextcloud\Project\Mauritania\Science\Arguin - FieldWork Data Processing\Data\S2\S2B_MSIL2A_20260327T113319_N0512_R080_T28QCH_20260327T152639.SAFE,40,10025,6354,363545.0,2199785.0,0.2124,0.2756,0.3728,0.5024000000000001,0.5461,0.5445,0.5565,0.5762,0.5673,0.5688,0.6741,0.6368
2026-03-27,Iwik,Sen2Cor,S2B_MSIL2A_20260327T113319_N0512_R080_T28QCH_20260327T152639.SAFE,C:\Users\Simon\Nextcloud\Project\Mauritania\Science\Arguin - FieldWork Data Processing\Data\S2\S2B_MSIL2A_20260327T113319_N0512_R080_T28QCH_20260327T152639.SAFE,41,10025,6355,363555.0,2199785.0,0.2124,0.2627,0.3665,0.4949,0.5461,0.5445,0.5565,0.5669000000000001,0.5673,0.5688,0.6741,0.6368
2026-03-27,Iwik,Sen2Cor,S2B_MSIL2A_20260327T113319_N0512_R080_T28QCH_20260327T152639.SAFE,C:\Users\Simon\Nextcloud\Project\Mauritania\Science\Arguin - FieldWork Data Processing\Data\S2\S2B_MSIL2A_20260327T113319_N0512_R080_T28QCH_20260327T152639.SAFE,42,10025,6356,363565.0,2199785.0,0.2126,0.26,0.3567,0.48100000000000004,0.5296000000000001,0.5333,0.5475,0.5537000000000001,0.5567,0.5688,0.6642,0.6262
2026-03-27,Iwik,Sen2Cor,S2B_MSIL2A_20260327T113319_N0512_R080_T28QCH_20260327T152639.SAFE,C:\Users\Simon\Nextcloud\Project\Mauritania\Science\Arguin - FieldWork Data Processing\Data\S2\S2B_MSIL2A_20260327T113319_N0512_R080_T28QCH_20260327T152639.SAFE,43,10025,6357,363575.0,2199785.0,0.2126,0.26980000000000004,0.36300000000000004,0.48100000000000004,0.5296000000000001,0.5333,0.5475,0.5557,0.5567,0.5688,0.6642,0.6262
2026-03-27,Iwik,Sen2Cor,S2B_MSIL2A_20260327T113319_N0512_R080_T28QCH_20260327T152639.SAFE,C:\Users\Simon\Nextcloud\Project\Mauritania\Science\Arguin - FieldWork Data Processing\Data\S2\S2B_MSIL2A_20260327T113319_N0512_R080_T28QCH_20260327T152639.SAFE,44,10026,6344,363445.0,2199775.0,0.2225,0.2827,0.3765,0.5015000000000001,0.5448000000000001,0.5431,0.5599000000000001,0.5771000000000001,0.5705,0.5761000000000001,0.6684,0.6312
2026-03-27,Iwik,Sen2Cor,S2B_MSIL2A_20260327T113319_N0512_R080_T28QCH_20260327T152639.SAFE,C:\Users\Simon\Nextcloud\Project\Mauritania\Science\Arguin - FieldWork Data Processing\Data\S2\S2B_MSIL2A_20260327T113319_N0512_R080_T28QCH_20260327T152639.SAFE,45,10026,6345,363455.0,2199775.0,0.2225,0.27340000000000003,0.375,0.5,0.5448000000000001,0.5431,0.5599000000000001,0.5742,0.5705,0.5761000000000001,0.6684,0.6312
2026-03-27,Iwik,Sen2Cor,S2B_MSIL2A_20260327T113319_N0512_R080_T28QCH_20260327T152639.SAFE,C:\Users\Simon\Nextcloud\Project\Mauritania\Science\Arguin - FieldWork Data Processing\Data\S2\S2B_MSIL2A_20260327T113319_N0512_R080_T28QCH_20260327T152639.SAFE,46,10026,6346,363465.0,2199775.0,0.221,0.27340000000000003,0.37210000000000004,0.49660000000000004,0.5405,0.5398000000000001,0.5596,0.5737,0.5624,0.5761000000000001,0.6677000000000001,0.6325000000000001
2026-03-27,Iwik,Sen2Cor,S2B_MSIL2A_20260327T113319_N0512_R080_T28QCH_20260327T152639.SAFE,C:\Users\Simon\Nextcloud\Project\Mauritania\Science\Arguin - FieldWork Data Processing\Data\S2\S2B_MSIL2A_20260327T113319_N0512_R080_T28QCH_20260327T152639.SAFE,47,10026,6347,363475.0,2199775.0,0.221,0.2725,0.3689,0.4937,0.5405,0.5398000000000001,0.5596,0.5708,0.5624,0.5761000000000001,0.6677000000000001,0.6325000000000001
2026-03-27,Iwik,Sen2Cor,S2B_MSIL2A_20260327T113319_N0512_R080_T28QCH_20260327T152639.SAFE,C:\Users\Simon\Nextcloud\Project\Mauritania\Science\Arguin - FieldWork Data Processing\Data\S2\S2B_MSIL2A_20260327T113319_N0512_R080_T28QCH_20260327T152639.SAFE,48,10026,6348,363485.0,2199775.0,0.219,0.26980000000000004,0.3657,0.4897,0.5364,0.5374,0.5541,0.562,0.5557,0.5689000000000001,0.667,0.6298
2026-03-27,Iwik,Sen2Cor,S2B_MSIL2A_20260327T113319_N0512_R080_T28QCH_20260327T152639.SAFE,C:\Users\Simon\Nextcloud\Project\Mauritania\Science\Arguin - FieldWork Data Processing\Data\S2\S2B_MSIL2A_20260327T113319_N0512_R080_T28QCH_20260327T152639.SAFE,49,10026,6349,363495.0,2199775.0,0.219,0.26680000000000004,0.35910000000000003,0.4834,0.5364,0.5374,0.5541,0.5562,0.5557,0.5689000000000001,0.667,0.6298
2026-03-27,Iwik,Sen2Cor,S2B_MSIL2A_20260327T113319_N0512_R080_T28QCH_20260327T152639.SAFE,C:\Users\Simon\Nextcloud\Project\Mauritania\Science\Arguin - FieldWork Data Processing\Data\S2\S2B_MSIL2A_20260327T113319_N0512_R080_T28QCH_20260327T152639.SAFE,50,10026,6350,363505.0,2199775.0,0.2167,0.27030000000000004,0.3647,0.4829,0.5337000000000001,0.5363,0.5553,0.5630000000000001,0.5566,0.5689000000000001,0.6643,0.6271
2026-03-27,Iwik,Sen2Cor,S2B_MSIL2A_20260327T113319_N0512_R080_T28QCH_20260327T152639.SAFE,C:\Users\Simon\Nextcloud\Project\Mauritania\Science\Arguin - FieldWork Data Processing\Data\S2\S2B_MSIL2A_20260327T113319_N0512_R080_T28QCH_20260327T152639.SAFE,51,10026,6351,363515.0,2199775.0,0.2167,0.2795,0.3684,0.49100000000000005,0.5337000000000001,0.5363,0.5553,0.5654,0.5566,0.5689000000000001,0.6643,0.6271
2026-03-27,Iwik,Sen2Cor,S2B_MSIL2A_20260327T113319_N0512_R080_T28QCH_20260327T152639.SAFE,C:\Users\Simon\Nextcloud\Project\Mauritania\Science\Arguin - FieldWork Data Processing\Data\S2\S2B_MSIL2A_20260327T113319_N0512_R080_T28QCH_20260327T152639.SAFE,52,10026,6352,363525.0,2199775.0,0.21530000000000002,0.27340000000000003,0.3679,0.4919,0.54,0.5407000000000001,0.5630000000000001,0.5688,0.5655,0.5689000000000001,0.6693,0.6337
2026-03-27,Iwik,Sen2Cor,S2B_MSIL2A_20260327T113319_N0512_R080_T28QCH_20260327T152639.SAFE,C:\Users\Simon\Nextcloud\Project\Mauritania\Science\Arguin - FieldWork Data Processing\Data\S2\S2B_MSIL2A_20260327T113319_N0512_R080_T28QCH_20260327T152639.SAFE,53,10026,6353,363535.0,2199775.0,0.21530000000000002,0.2756,0.37010000000000004,0.5015000000000001,0.54,0.5407000000000001,0.5630000000000001,0.5776,0.5655,0.5689000000000001,0.6693,0.6337
2026-03-27,Iwik,Sen2Cor,S2B_MSIL2A_20260327T113319_N0512_R080_T28QCH_20260327T152639.SAFE,C:\Users\Simon\Nextcloud\Project\Mauritania\Science\Arguin - FieldWork Data Processing\Data\S2\S2B_MSIL2A_20260327T113319_N0512_R080_T28QCH_20260327T152639.SAFE,54,10026,6354,363545.0,2199775.0,0.2154,0.2805,0.37570000000000003,0.5078,0.5457000000000001,0.5477000000000001,0.5605,0.5796,0.5685,0.5667,0.6713,0.6358
2026-03-27,Iwik,Sen2Cor,S2B_MSIL2A_20260327T113319_N0512_R080_T28QCH_20260327T152639.SAFE,C:\Users\Simon\Nextcloud\Project\Mauritania\Science\Arguin - FieldWork Data Processing\Data\S2\S2B_MSIL2A_20260327T113319_N0512_R080_T28QCH_20260327T152639.SAFE,55,10026,6355,363555.0,2199775.0,0.2154,0.27290000000000003,0.36110000000000003,0.4922,0.5457000000000001,0.5477000000000001,0.5605,0.5645,0.5685,0.5667,0.6713,0.6358
2026-03-27,Iwik,Sen2Cor,S2B_MSIL2A_20260327T113319_N0512_R080_T28QCH_20260327T152639.SAFE,C:\Users\Simon\Nextcloud\Project\Mauritania\Science\Arguin - FieldWork Data Processing\Data\S2\S2B_MSIL2A_20260327T113319_N0512_R080_T28QCH_20260327T152639.SAFE,56,10026,6356,363565.0,2199775.0,0.2149,0.2617,0.35860000000000003,0.47950000000000004,0.5295,0.5317000000000001,0.5459,0.5527000000000001,0.5497000000000001,0.5667,0.6608,0.6213000000000001
2026-03-27,Iwik,Sen2Cor,S2B_MSIL2A_20260327T113319_N0512_R080_T28QCH_20260327T152639.SAFE,C:\Users\Simon\Nextcloud\Project\Mauritania\Science\Arguin - FieldWork Data Processing\Data\S2\S2B_MSIL2A_20260327T113319_N0512_R080_T28QCH_20260327T152639.SAFE,57,10026,6357,363575.0,2199775.0,0.2149,0.26730000000000004,0.3635,0.48140000000000005,0.5295,0.5317000000000001,0.5459,0.5498000000000001,0.5497000000000001,0.5667,0.6608,0.6213000000000001
2026-03-27,Iwik,Sen2Cor,S2B_MSIL2A_20260327T113319_N0512_R080_T28QCH_20260327T152639.SAFE,C:\Users\Simon\Nextcloud\Project\Mauritania\Science\Arguin - FieldWork Data Processing\Data\S2\S2B_MSIL2A_20260327T113319_N0512_R080_T28QCH_20260327T152639.SAFE,58,10026,6358,363585.0,2199775.0,0.2144,0.2715,0.36010000000000003,0.4829,0.535,0.5293,0.5456,0.5547000000000001,0.5537000000000001,0.5667,0.6622,0.6224000000000001
2026-03-27,Iwik,Sen2Cor,S2B_MSIL2A_20260327T113319_N0512_R080_T28QCH_20260327T152639.SAFE,C:\Users\Simon\Nextcloud\Project\Mauritania\Science\Arguin - FieldWork Data Processing\Data\S2\S2B_MSIL2A_20260327T113319_N0512_R080_T28QCH_20260327T152639.SAFE,59,10027,6343,363435.0,2199765.0,0.22340000000000002,0.2927,0.38480000000000003,0.5059,0.5568000000000001,0.554,0.5737,0.5840000000000001,0.5745,0.5761000000000001,0.6753,0.6348
2026-03-27,Iwik,Sen2Cor,S2B_MSIL2A_20260327T113319_N0512_R080_T28QCH_20260327T152639.SAFE,C:\Users\Simon\Nextcloud\Project\Mauritania\Science\Arguin - FieldWork Data Processing\Data\S2\S2B_MSIL2A_20260327T113319_N0512_R080_T28QCH_20260327T152639.SAFE,60,10027,6344,363445.0,2199765.0,0.2225,0.2844,0.3774,0.4998,0.5448000000000001,0.5431,0.5599000000000001,0.5767,0.5705,0.5761000000000001,0.6684,0.6312
2026-03-27,Iwik,Sen2Cor,S2B_MSIL2A_20260327T113319_N0512_R080_T28QCH_20260327T152639.SAFE,C:\Users\Simon\Nextcloud\Project\Mauritania\Science\Arguin - FieldWork Data Processing\Data\S2\S2B_MSIL2A_20260327T113319_N0512_R080_T28QCH_20260327T152639.SAFE,61,10027,6345,363455.0,2199765.0,0.2225,0.27440000000000003,0.3733,0.4995,0.5448000000000001,0.5431,0.5599000000000001,0.5786,0.5705,0.5761000000000001,0.6684,0.6312
2026-03-27,Iwik,Sen2Cor,S2B_MSIL2A_20260327T113319_N0512_R080_T28QCH_20260327T152639.SAFE,C:\Users\Simon\Nextcloud\Project\Mauritania\Science\Arguin - FieldWork Data Processing\Data\S2\S2B_MSIL2A_20260327T113319_N0512_R080_T28QCH_20260327T152639.SAFE,62,10027,6346,363465.0,2199765.0,0.221,0.2737,0.3735,0.4954,0.5405,0.5398000000000001,0.5596,0.5742,0.5624,0.5761000000000001,0.6677000000000001,0.6325000000000001
2026-03-27,Iwik,Sen2Cor,S2B_MSIL2A_20260327T113319_N0512_R080_T28QCH_20260327T152639.SAFE,C:\Users\Simon\Nextcloud\Project\Mauritania\Science\Arguin - FieldWork Data Processing\Data\S2\S2B_MSIL2A_20260327T113319_N0512_R080_T28QCH_20260327T152639.SAFE,63,10027,6347,363475.0,2199765.0,0.221,0.2783,0.3728,0.49660000000000004,0.5405,0.5398000000000001,0.5596,0.5718,0.5624,0.5761000000000001,0.6677000000000001,0.6325000000000001
2026-03-27,Iwik,Sen2Cor,S2B_MSIL2A_20260327T113319_N0512_R080_T28QCH_20260327T152639.SAFE,C:\Users\Simon\Nextcloud\Project\Mauritania\Science\Arguin - FieldWork Data Processing\Data\S2\S2B_MSIL2A_20260327T113319_N0512_R080_T28QCH_20260327T152639.SAFE,64,10027,6348,363485.0,2199765.0,0.219,0.2795,0.374,0.4988,0.5364,0.5374,0.5541,0.5718,0.5557,0.5689000000000001,0.667,0.6298
2026-03-27,Iwik,Sen2Cor,S2B_MSIL2A_20260327T113319_N0512_R080_T28QCH_20260327T152639.SAFE,C:\Users\Simon\Nextcloud\Project\Mauritania\Science\Arguin - FieldWork Data Processing\Data\S2\S2B_MSIL2A_20260327T113319_N0512_R080_T28QCH_20260327T152639.SAFE,65,10027,6349,363495.0,2199765.0,0.219,0.2761,0.3723,0.4932,0.5364,0.5374,0.5541,0.5659000000000001,0.5557,0.5689000000000001,0.667,0.6298
2026-03-27,Iwik,Sen2Cor,S2B_MSIL2A_20260327T113319_N0512_R080_T28QCH_20260327T152639.SAFE,C:\Users\Simon\Nextcloud\Project\Mauritania\Science\Arguin - FieldWork Data Processing\Data\S2\S2B_MSIL2A_20260327T113319_N0512_R080_T28QCH_20260327T152639.SAFE,66,10027,6350,363505.0,2199765.0,0.2167,0.27490000000000003,0.364,0.4863,0.5337000000000001,0.5363,0.5553,0.5645,0.5566,0.5689000000000001,0.6643,0.6271
2026-03-27,Iwik,Sen2Cor,S2B_MSIL2A_20260327T113319_N0512_R080_T28QCH_20260327T152639.SAFE,C:\Users\Simon\Nextcloud\Project\Mauritania\Science\Arguin - FieldWork Data Processing\Data\S2\S2B_MSIL2A_20260327T113319_N0512_R080_T28QCH_20260327T152639.SAFE,67,10027,6351,363515.0,2199765.0,0.2167,0.2781,0.3669,0.4878,0.5337000000000001,0.5363,0.5553,0.5664,0.5566,0.5689000000000001,0.6643,0.6271
2026-03-27,Iwik,Sen2Cor,S2B_MSIL2A_20260327T113319_N0512_R080_T28QCH_20260327T152639.SAFE,C:\Users\Simon\Nextcloud\Project\Mauritania\Science\Arguin - FieldWork Data Processing\Data\S2\S2B_MSIL2A_20260327T113319_N0512_R080_T28QCH_20260327T152639.SAFE,68,10027,6352,363525.0,2199765.0,0.21530000000000002,0.27640000000000003,0.37110000000000004,0.4893,0.54,0.5407000000000001,0.5630000000000001,0.5664,0.5655,0.5689000000000001,0.6693,0.6337
2026-03-27,Iwik,Sen2Cor,S2B_MSIL2A_20260327T113319_N0512_R080_T28QCH_20260327T152639.SAFE,C:\Users\Simon\Nextcloud\Project\Mauritania\Science\Arguin - FieldWork Data Processing\Data\S2\S2B_MSIL2A_20260327T113319_N0512_R080_T28QCH_20260327T152639.SAFE,69,10027,6353,363535.0,2199765.0,0.21530000000000002,0.2722,0.3708,0.502,0.54,0.5407000000000001,0.5630000000000001,0.5771000000000001,0.5655,0.5689000000000001,0.6693,0.6337
2026-03-27,Iwik,Sen2Cor,S2B_MSIL2A_20260327T113319_N0512_R080_T28QCH_20260327T152639.SAFE,C:\Users\Simon\Nextcloud\Project\Mauritania\Science\Arguin - FieldWork Data Processing\Data\S2\S2B_MSIL2A_20260327T113319_N0512_R080_T28QCH_20260327T152639.SAFE,70,10027,6354,363545.0,2199765.0,0.2154,0.27690000000000003,0.37260000000000004,0.5034000000000001,0.5457000000000001,0.5477000000000001,0.5605,0.5776,0.5685,0.5667,0.6713,0.6358
2026-03-27,Iwik,Sen2Cor,S2B_MSIL2A_20260327T113319_N0512_R080_T28QCH_20260327T152639.SAFE,C:\Users\Simon\Nextcloud\Project\Mauritania\Science\Arguin - FieldWork Data Processing\Data\S2\S2B_MSIL2A_20260327T113319_N0512_R080_T28QCH_20260327T152639.SAFE,71,10027,6355,363555.0,2199765.0,0.2154,0.2727,0.3704,0.49410000000000004,0.5457000000000001,0.5477000000000001,0.5605,0.5645,0.5685,0.5667,0.6713,0.6358
2026-03-27,Iwik,Sen2Cor,S2B_MSIL2A_20260327T113319_N0512_R080_T28QCH_20260327T152639.SAFE,C:\Users\Simon\Nextcloud\Project\Mauritania\Science\Arguin - FieldWork Data Processing\Data\S2\S2B_MSIL2A_20260327T113319_N0512_R080_T28QCH_20260327T152639.SAFE,72,10027,6356,363565.0,2199765.0,0.2149,0.27,0.3682,0.4893,0.5295,0.5317000000000001,0.5459,0.5630000000000001,0.5497000000000001,0.5667,0.6608,0.6213000000000001
2026-03-27,Iwik,Sen2Cor,S2B_MSIL2A_20260327T113319_N0512_R080_T28QCH_20260327T152639.SAFE,C:\Users\Simon\Nextcloud\Project\Mauritania\Science\Arguin - FieldWork Data Processing\Data\S2\S2B_MSIL2A_20260327T113319_N0512_R080_T28QCH_20260327T152639.SAFE,73,10027,6357,363575.0,2199765.0,0.2149,0.26980000000000004,0.3647,0.48410000000000003,0.5295,0.5317000000000001,0.5459,0.5576,0.5497000000000001,0.5667,0.6608,0.6213000000000001
2026-03-27,Iwik,Sen2Cor,S2B_MSIL2A_20260327T113319_N0512_R080_T28QCH_20260327T152639.SAFE,C:\Users\Simon\Nextcloud\Project\Mauritania\Science\Arguin - FieldWork Data Processing\Data\S2\S2B_MSIL2A_20260327T113319_N0512_R080_T28QCH_20260327T152639.SAFE,74,10028,6343,363435.0,2199755.0,0.22710000000000002,0.2903,0.38530000000000003,0.5039,0.5538000000000001,0.5539000000000001,0.5701,0.5776,0.5711,0.5761000000000001,0.673,0.6329
2026-03-27,Iwik,Sen2Cor,S2B_MSIL2A_20260327T113319_N0512_R080_T28QCH_20260327T152639.SAFE,C:\Users\Simon\Nextcloud\Project\Mauritania\Science\Arguin - FieldWork Data Processing\Data\S2\S2B_MSIL2A_20260327T113319_N0512_R080_T28QCH_20260327T152639.SAFE,75,10028,6344,363445.0,2199755.0,0.2257,0.28200000000000003,0.3765,0.5005000000000001,0.5466,0.549,0.5619000000000001,0.5723,0.5685,0.5761000000000001,0.6692,0.6298
2026-03-27,Iwik,Sen2Cor,S2B_MSIL2A_20260327T113319_N0512_R080_T28QCH_20260327T152639.SAFE,C:\Users\Simon\Nextcloud\Project\Mauritania\Science\Arguin - FieldWork Data Processing\Data\S2\S2B_MSIL2A_20260327T113319_N0512_R080_T28QCH_20260327T152639.SAFE,76,10028,6345,363455.0,2199755.0,0.2257,0.2756,0.3684,0.49710000000000004,0.5466,0.549,0.5619000000000001,0.5718,0.5685,0.5761000000000001,0.6692,0.6298
2026-03-27,Iwik,Sen2Cor,S2B_MSIL2A_20260327T113319_N0512_R080_T28QCH_20260327T152639.SAFE,C:\Users\Simon\Nextcloud\Project\Mauritania\Science\Arguin - FieldWork Data Processing\Data\S2\S2B_MSIL2A_20260327T113319_N0512_R080_T28QCH_20260327T152639.SAFE,77,10028,6346,363465.0,2199755.0,0.22440000000000002,0.2813,0.37570000000000003,0.5029,0.5459,0.5483,0.5672,0.5757,0.5700000000000001,0.5761000000000001,0.6717000000000001,0.6319
2026-03-27,Iwik,Sen2Cor,S2B_MSIL2A_20260327T113319_N0512_R080_T28QCH_20260327T152639.SAFE,C:\Users\Simon\Nextcloud\Project\Mauritania\Science\Arguin - FieldWork Data Processing\Data\S2\S2B_MSIL2A_20260327T113319_N0512_R080_T28QCH_20260327T152639.SAFE,78,10028,6347,363475.0,2199755.0,0.22440000000000002,0.2869,0.3809,0.5078,0.5459,0.5483,0.5672,0.5806,0.5700000000000001,0.5761000000000001,0.6717000000000001,0.6319
2026-03-27,Iwik,Sen2Cor,S2B_MSIL2A_20260327T113319_N0512_R080_T28QCH_20260327T152639.SAFE,C:\Users\Simon\Nextcloud\Project\Mauritania\Science\Arguin - FieldWork Data Processing\Data\S2\S2B_MSIL2A_20260327T113319_N0512_R080_T28QCH_20260327T152639.SAFE,79,10028,6348,363485.0,2199755.0,0.2215,0.2847,0.37520000000000003,0.4995,0.5418000000000001,0.545,0.5603,0.5713,0.5668000000000001,0.5689000000000001,0.6662,0.6287
2026-03-27,Iwik,Sen2Cor,S2B_MSIL2A_20260327T113319_N0512_R080_T28QCH_20260327T152639.SAFE,C:\Users\Simon\Nextcloud\Project\Mauritania\Science\Arguin - FieldWork Data Processing\Data\S2\S2B_MSIL2A_20260327T113319_N0512_R080_T28QCH_20260327T152639.SAFE,80,10028,6349,363495.0,2199755.0,0.2215,0.2791,0.375,0.49510000000000004,0.5418000000000001,0.545,0.5603,0.5728,0.5668000000000001,0.5689000000000001,0.6662,0.6287
2026-03-27,Iwik,Sen2Cor,S2B_MSIL2A_20260327T113319_N0512_R080_T28QCH_20260327T152639.SAFE,C:\Users\Simon\Nextcloud\Project\Mauritania\Science\Arguin - FieldWork Data Processing\Data\S2\S2B_MSIL2A_20260327T113319_N0512_R080_T28QCH_20260327T152639.SAFE,81,10028,6350,363505.0,2199755.0,0.21910000000000002,0.2781,0.3694,0.48850000000000005,0.5406000000000001,0.5404,0.5533,0.5669000000000001,0.5572,0.5689000000000001,0.6632,0.6265000000000001
2026-03-27,Iwik,Sen2Cor,S2B_MSIL2A_20260327T113319_N0512_R080_T28QCH_20260327T152639.SAFE,C:\Users\Simon\Nextcloud\Project\Mauritania\Science\Arguin - FieldWork Data Processing\Data\S2\S2B_MSIL2A_20260327T113319_N0512_R080_T28QCH_20260327T152639.SAFE,82,10028,6351,363515.0,2199755.0,0.21910000000000002,0.2805,0.374,0.4937,0.5406000000000001,0.5404,0.5533,0.5654,0.5572,0.5689000000000001,0.6632,0.6265000000000001
2026-03-27,Iwik,Sen2Cor,S2B_MSIL2A_20260327T113319_N0512_R080_T28QCH_20260327T152639.SAFE,C:\Users\Simon\Nextcloud\Project\Mauritania\Science\Arguin - FieldWork Data Processing\Data\S2\S2B_MSIL2A_20260327T113319_N0512_R080_T28QCH_20260327T152639.SAFE,83,10028,6352,363525.0,2199755.0,0.21730000000000002,0.2761,0.37160000000000004,0.4939,0.5413,0.5401,0.5554,0.5664,0.559,0.5689000000000001,0.6649,0.6268
2026-03-27,Iwik,Sen2Cor,S2B_MSIL2A_20260327T113319_N0512_R080_T28QCH_20260327T152639.SAFE,C:\Users\Simon\Nextcloud\Project\Mauritania\Science\Arguin - FieldWork Data Processing\Data\S2\S2B_MSIL2A_20260327T113319_N0512_R080_T28QCH_20260327T152639.SAFE,84,10028,6353,363535.0,2199755.0,0.21730000000000002,0.2747,0.3669,0.4934,0.5413,0.5401,0.5554,0.5693,0.559,0.5689000000000001,0.6649,0.6268
2026-03-27,Iwik,Sen2Cor,S2B_MSIL2A_20260327T113319_N0512_R080_T28QCH_20260327T152639.SAFE,C:\Users\Simon\Nextcloud\Project\Mauritania\Science\Arguin - FieldWork Data Processing\Data\S2\S2B_MSIL2A_20260327T113319_N0512_R080_T28QCH_20260327T152639.SAFE,85,10028,6354,363545.0,2199755.0,0.217,0.2808,0.3713,0.501,0.5444,0.547,0.5646,0.5762,0.5676,0.5667,0.668,0.6359
2026-03-27,Iwik,Sen2Cor,S2B_MSIL2A_20260327T113319_N0512_R080_T28QCH_20260327T152639.SAFE,C:\Users\Simon\Nextcloud\Project\Mauritania\Science\Arguin - FieldWork Data Processing\Data\S2\S2B_MSIL2A_20260327T113319_N0512_R080_T28QCH_20260327T152639.SAFE,86,10028,6355,363555.0,2199755.0,0.217,0.2803,0.3796,0.5005000000000001,0.5444,0.547,0.5646,0.5732,0.5676,0.5667,0.668,0.6359
2026-03-27,Iwik,Sen2Cor,S2B_MSIL2A_20260327T113319_N0512_R080_T28QCH_20260327T152639.SAFE,C:\Users\Simon\Nextcloud\Project\Mauritania\Science\Arguin - FieldWork Data Processing\Data\S2\S2B_MSIL2A_20260327T113319_N0512_R080_T28QCH_20260327T152639.SAFE,87,10028,6356,363565.0,2199755.0,0.2159,0.2776,0.3708,0.4897,0.5393,0.5406000000000001,0.5532,0.5698,0.5563,0.5667,0.6634,0.6304000000000001
2026-03-27,Iwik,Sen2Cor,S2B_MSIL2A_20260327T113319_N0512_R080_T28QCH_20260327T152639.SAFE,C:\Users\Simon\Nextcloud\Project\Mauritania\Science\Arguin - FieldWork Data Processing\Data\S2\S2B_MSIL2A_20260327T113319_N0512_R080_T28QCH_20260327T152639.SAFE,88,10028,6357,363575.0,2199755.0,0.2159,0.27340000000000003,0.3674,0.48360000000000003,0.5393,0.5406000000000001,0.5532,0.5605,0.5563,0.5667,0.6634,0.6304000000000001
2026-03-27,Iwik,Sen2Cor,S2B_MSIL2A_20260327T113319_N0512_R080_T28QCH_20260327T152639.SAFE,C:\Users\Simon\Nextcloud\Project\Mauritania\Science\Arguin - FieldWork Data Processing\Data\S2\S2B_MSIL2A_20260327T113319_N0512_R080_T28QCH_20260327T152639.SAFE,89,10029,6342,363425.0,2199745.0,0.22710000000000002,0.29300000000000004,0.384,0.5083,0.5538000000000001,0.5539000000000001,0.5701,0.5786,0.5711,0.5761000000000001,0.673,0.6329
2026-03-27,Iwik,Sen2Cor,S2B_MSIL2A_20260327T113319_N0512_R080_T28QCH_20260327T152639.SAFE,C:\Users\Simon\Nextcloud\Project\Mauritania\Science\Arguin - FieldWork Data Processing\Data\S2\S2B_MSIL2A_20260327T113319_N0512_R080_T28QCH_20260327T152639.SAFE,90,10029,6343,363435.0,2199745.0,0.22710000000000002,0.2866,0.3809,0.502,0.5538000000000001,0.5539000000000001,0.5701,0.5747,0.5711,0.5761000000000001,0.673,0.6329
2026-03-27,Iwik,Sen2Cor,S2B_MSIL2A_20260327T113319_N0512_R080_T28QCH_20260327T152639.SAFE,C:\Users\Simon\Nextcloud\Project\Mauritania\Science\Arguin - FieldWork Data Processing\Data\S2\S2B_MSIL2A_20260327T113319_N0512_R080_T28QCH_20260327T152639.SAFE,91,10029,6344,363445.0,2199745.0,0.2257,0.2891,0.37920000000000004,0.5005000000000001,0.5466,0.549,0.5619000000000001,0.5718,0.5685,0.5761000000000001,0.6692,0.6298
2026-03-27,Iwik,Sen2Cor,S2B_MSIL2A_20260327T113319_N0512_R080_T28QCH_20260327T152639.SAFE,C:\Users\Simon\Nextcloud\Project\Mauritania\Science\Arguin - FieldWork Data Processing\Data\S2\S2B_MSIL2A_20260327T113319_N0512_R080_T28QCH_20260327T152639.SAFE,92,10029,6345,363455.0,2199745.0,0.2257,0.2786,0.3713,0.49560000000000004,0.5466,0.549,0.5619000000000001,0.5723,0.5685,0.5761000000000001,0.6692,0.6298
2026-03-27,Iwik,Sen2Cor,S2B_MSIL2A_20260327T113319_N0512_R080_T28QCH_20260327T152639.SAFE,C:\Users\Simon\Nextcloud\Project\Mauritania\Science\Arguin - FieldWork Data Processing\Data\S2\S2B_MSIL2A_20260327T113319_N0512_R080_T28QCH_20260327T152639.SAFE,93,10029,6346,363465.0,2199745.0,0.22440000000000002,0.2866,0.37920000000000004,0.5059,0.5459,0.5483,0.5672,0.5791000000000001,0.5700000000000001,0.5761000000000001,0.6717000000000001,0.6319
2026-03-27,Iwik,Sen2Cor,S2B_MSIL2A_20260327T113319_N0512_R080_T28QCH_20260327T152639.SAFE,C:\Users\Simon\Nextcloud\Project\Mauritania\Science\Arguin - FieldWork Data Processing\Data\S2\S2B_MSIL2A_20260327T113319_N0512_R080_T28QCH_20260327T152639.SAFE,94,10029,6347,363475.0,2199745.0,0.22440000000000002,0.2881,0.38430000000000003,0.5093,0.5459,0.5483,0.5672,0.5874,0.5700000000000001,0.5761000000000001,0.6717000000000001,0.6319
2026-03-27,Iwik,Sen2Cor,S2B_MSIL2A_20260327T113319_N0512_R080_T28QCH_20260327T152639.SAFE,C:\Users\Simon\Nextcloud\Project\Mauritania\Science\Arguin - FieldWork Data Processing\Data\S2\S2B_MSIL2A_20260327T113319_N0512_R080_T28QCH_20260327T152639.SAFE,95,10029,6348,363485.0,2199745.0,0.2215,0.2737,0.3704,0.4949,0.5418000000000001,0.545,0.5603,0.5708,0.5668000000000001,0.5689000000000001,0.6662,0.6287
2026-03-27,Iwik,Sen2Cor,S2B_MSIL2A_20260327T113319_N0512_R080_T28QCH_20260327T152639.SAFE,C:\Users\Simon\Nextcloud\Project\Mauritania\Science\Arguin - FieldWork Data Processing\Data\S2\S2B_MSIL2A_20260327T113319_N0512_R080_T28QCH_20260327T152639.SAFE,96,10029,6349,363495.0,2199745.0,0.2215,0.2695,0.3694,0.4922,0.5418000000000001,0.545,0.5603,0.5674,0.5668000000000001,0.5689000000000001,0.6662,0.6287
2026-03-27,Iwik,Sen2Cor,S2B_MSIL2A_20260327T113319_N0512_R080_T28QCH_20260327T152639.SAFE,C:\Users\Simon\Nextcloud\Project\Mauritania\Science\Arguin - FieldWork Data Processing\Data\S2\S2B_MSIL2A_20260327T113319_N0512_R080_T28QCH_20260327T152639.SAFE,97,10029,6350,363505.0,2199745.0,0.21910000000000002,0.27640000000000003,0.3765,0.49560000000000004,0.5406000000000001,0.5404,0.5533,0.5649000000000001,0.5572,0.5689000000000001,0.6632,0.6265000000000001
2026-03-27,Iwik,Sen2Cor,S2B_MSIL2A_20260327T113319_N0512_R080_T28QCH_20260327T152639.SAFE,C:\Users\Simon\Nextcloud\Project\Mauritania\Science\Arguin - FieldWork Data Processing\Data\S2\S2B_MSIL2A_20260327T113319_N0512_R080_T28QCH_20260327T152639.SAFE,98,10029,6351,363515.0,2199745.0,0.21910000000000002,0.2808,0.3743,0.49560000000000004,0.5406000000000001,0.5404,0.5533,0.5693,0.5572,0.5689000000000001,0.6632,0.6265000000000001
2026-03-27,Iwik,Sen2Cor,S2B_MSIL2A_20260327T113319_N0512_R080_T28QCH_20260327T152639.SAFE,C:\Users\Simon\Nextcloud\Project\Mauritania\Science\Arguin - FieldWork Data Processing\Data\S2\S2B_MSIL2A_20260327T113319_N0512_R080_T28QCH_20260327T152639.SAFE,99,10029,6352,363525.0,2199745.0,0.21730000000000002,0.2732,0.3647,0.4927,0.5413,0.5401,0.5554,0.5630000000000001,0.559,0.5689000000000001,0.6649,0.6268
2026-03-27,Iwik,Sen2Cor,S2B_MSIL2A_20260327T113319_N0512_R080_T28QCH_20260327T152639.SAFE,C:\Users\Simon\Nextcloud\Project\Mauritania\Science\Arguin - FieldWork Data Processing\Data\S2\S2B_MSIL2A_20260327T113319_N0512_R080_T28QCH_20260327T152639.SAFE,100,10029,6353,363535.0,2199745.0,0.21730000000000002,0.2751,0.3687,0.4934,0.5413,0.5401,0.5554,0.5664,0.559,0.5689000000000001,0.6649,0.6268
2026-03-27,Iwik,Sen2Cor,S2B_MSIL2A_20260327T113319_N0512_R080_T28QCH_20260327T152639.SAFE,C:\Users\Simon\Nextcloud\Project\Mauritania\Science\Arguin - FieldWork Data Processing\Data\S2\S2B_MSIL2A_20260327T113319_N0512_R080_T28QCH_20260327T152639.SAFE,101,10029,6354,363545.0,2199745.0,0.217,0.281,0.37160000000000004,0.4985,0.5444,0.547,0.5646,0.5708,0.5676,0.5667,0.668,0.6359
2026-03-27,Iwik,Sen2Cor,S2B_MSIL2A_20260327T113319_N0512_R080_T28QCH_20260327T152639.SAFE,C:\Users\Simon\Nextcloud\Project\Mauritania\Science\Arguin - FieldWork Data Processing\Data\S2\S2B_MSIL2A_20260327T113319_N0512_R080_T28QCH_20260327T152639.SAFE,102,10029,6355,363555.0,2199745.0,0.217,0.2808,0.3796,0.501,0.5444,0.547,0.5646,0.5732,0.5676,0.5667,0.668,0.6359
2026-03-27,Iwik,Sen2Cor,S2B_MSIL2A_20260327T113319_N0512_R080_T28QCH_20260327T152639.SAFE,C:\Users\Simon\Nextcloud\Project\Mauritania\Science\Arguin - FieldWork Data Processing\Data\S2\S2B_MSIL2A_20260327T113319_N0512_R080_T28QCH_20260327T152639.SAFE,103,10029,6356,363565.0,2199745.0,0.2159,0.2776,0.3723,0.4954,0.5393,0.5406000000000001,0.5532,0.5674,0.5563,0.5667,0.6634,0.6304000000000001
2026-03-27,Iwik,Sen2Cor,S2B_MSIL2A_20260327T113319_N0512_R080_T28QCH_20260327T152639.SAFE,C:\Users\Simon\Nextcloud\Project\Mauritania\Science\Arguin - FieldWork Data Processing\Data\S2\S2B_MSIL2A_20260327T113319_N0512_R080_T28QCH_20260327T152639.SAFE,104,10029,6357,363575.0,2199745.0,0.2159,0.27640000000000003,0.37160000000000004,0.4902,0.5393,0.5406000000000001,0.5532,0.5605,0.5563,0.5667,0.6634,0.6304000000000001
2026-03-27,Iwik,Sen2Cor,S2B_MSIL2A_20260327T113319_N0512_R080_T28QCH_20260327T152639.SAFE,C:\Users\Simon\Nextcloud\Project\Mauritania\Science\Arguin - FieldWork Data Processing\Data\S2\S2B_MSIL2A_20260327T113319_N0512_R080_T28QCH_20260327T152639.SAFE,105,10030,6342,363425.0,2199735.0,0.2283,0.2852,0.37570000000000003,0.5015000000000001,0.5462,0.5464,0.5648000000000001,0.5723,0.5663,0.5761000000000001,0.6712,0.6313000000000001
2026-03-27,Iwik,Sen2Cor,S2B_MSIL2A_20260327T113319_N0512_R080_T28QCH_20260327T152639.SAFE,C:\Users\Simon\Nextcloud\Project\Mauritania\Science\Arguin - FieldWork Data Processing\Data\S2\S2B_MSIL2A_20260327T113319_N0512_R080_T28QCH_20260327T152639.SAFE,106,10030,6343,363435.0,2199735.0,0.2283,0.2896,0.3806,0.501,0.5462,0.5464,0.5648000000000001,0.5728,0.5663,0.5761000000000001,0.6712,0.6313000000000001
2026-03-27,Iwik,Sen2Cor,S2B_MSIL2A_20260327T113319_N0512_R080_T28QCH_20260327T152639.SAFE,C:\Users\Simon\Nextcloud\Project\Mauritania\Science\Arguin - FieldWork Data Processing\Data\S2\S2B_MSIL2A_20260327T113319_N0512_R080_T28QCH_20260327T152639.SAFE,107,10030,6344,363445.0,2199735.0,0.2255,0.2913,0.38380000000000003,0.5015000000000001,0.5442,0.5454,0.5632,0.5771000000000001,0.5647,0.5761000000000001,0.6649,0.6256
2026-03-27,Iwik,Sen2Cor,S2B_MSIL2A_20260327T113319_N0512_R080_T28QCH_20260327T152639.SAFE,C:\Users\Simon\Nextcloud\Project\Mauritania\Science\Arguin - FieldWork Data Processing\Data\S2\S2B_MSIL2A_20260327T113319_N0512_R080_T28QCH_20260327T152639.SAFE,108,10030,6345,363455.0,2199735.0,0.2255,0.28200000000000003,0.3733,0.49510000000000004,0.5442,0.5454,0.5632,0.5737,0.5647,0.5761000000000001,0.6649,0.6256
2026-03-27,Iwik,Sen2Cor,S2B_MSIL2A_20260327T113319_N0512_R080_T28QCH_20260327T152639.SAFE,C:\Users\Simon\Nextcloud\Project\Mauritania\Science\Arguin - FieldWork Data Processing\Data\S2\S2B_MSIL2A_20260327T113319_N0512_R080_T28QCH_20260327T152639.SAFE,109,10030,6346,363465.0,2199735.0,0.224,0.2827,0.37870000000000004,0.501,0.5432,0.5434,0.5586,0.5762,0.5667,0.5761000000000001,0.6659,0.6281
2026-03-27,Iwik,Sen2Cor,S2B_MSIL2A_20260327T113319_N0512_R080_T28QCH_20260327T152639.SAFE,C:\Users\Simon\Nextcloud\Project\Mauritania\Science\Arguin - FieldWork Data Processing\Data\S2\S2B_MSIL2A_20260327T113319_N0512_R080_T28QCH_20260327T152639.SAFE,110,10030,6347,363475.0,2199735.0,0.224,0.28340000000000004,0.3774,0.5005000000000001,0.5432,0.5434,0.5586,0.5757,0.5667,0.5761000000000001,0.6659,0.6281
2026-03-27,Iwik,Sen2Cor,S2B_MSIL2A_20260327T113319_N0512_R080_T28QCH_20260327T152639.SAFE,C:\Users\Simon\Nextcloud\Project\Mauritania\Science\Arguin - FieldWork Data Processing\Data\S2\S2B_MSIL2A_20260327T113319_N0512_R080_T28QCH_20260327T152639.SAFE,111,10030,6348,363485.0,2199735.0,0.2212,0.27540000000000003,0.37010000000000004,0.4888,0.5389,0.5397000000000001,0.5536,0.5688,0.5630000000000001,0.5689000000000001,0.6623,0.6264000000000001
2026-03-27,Iwik,Sen2Cor,S2B_MSIL2A_20260327T113319_N0512_R080_T28QCH_20260327T152639.SAFE,C:\Users\Simon\Nextcloud\Project\Mauritania\Science\Arguin - FieldWork Data Processing\Data\S2\S2B_MSIL2A_20260327T113319_N0512_R080_T28QCH_20260327T152639.SAFE,112,10030,6349,363495.0,2199735.0,0.2212,0.27030000000000004,0.36910000000000004,0.4929,0.5389,0.5397000000000001,0.5536,0.5679000000000001,0.5630000000000001,0.5689000000000001,0.6623,0.6264000000000001
2026-03-27,Iwik,Sen2Cor,S2B_MSIL2A_20260327T113319_N0512_R080_T28QCH_20260327T152639.SAFE,C:\Users\Simon\Nextcloud\Project\Mauritania\Science\Arguin - FieldWork Data Processing\Data\S2\S2B_MSIL2A_20260327T113319_N0512_R080_T28QCH_20260327T152639.SAFE,113,10030,6350,363505.0,2199735.0,0.2189,0.2761,0.3718,0.4968,0.5379,0.5372,0.5526,0.5625,0.5565,0.5689000000000001,0.6605000000000001,0.6249
2026-03-27,Iwik,Sen2Cor,S2B_MSIL2A_20260327T113319_N0512_R080_T28QCH_20260327T152639.SAFE,C:\Users\Simon\Nextcloud\Project\Mauritania\Science\Arguin - FieldWork Data Processing\Data\S2\S2B_MSIL2A_20260327T113319_N0512_R080_T28QCH_20260327T152639.SAFE,114,10030,6351,363515.0,2199735.0,0.2189,0.2786,0.3728,0.4993,0.5379,0.5372,0.5526,0.5669000000000001,0.5565,0.5689000000000001,0.6605000000000001,0.6249
2026-03-27,Iwik,Sen2Cor,S2B_MSIL2A_20260327T113319_N0512_R080_T28QCH_20260327T152639.SAFE,C:\Users\Simon\Nextcloud\Project\Mauritania\Science\Arguin - FieldWork Data Processing\Data\S2\S2B_MSIL2A_20260327T113319_N0512_R080_T28QCH_20260327T152639.SAFE,115,10030,6352,363525.0,2199735.0,0.21780000000000002,0.2783,0.3728,0.4988,0.5394,0.5397000000000001,0.5553,0.5703,0.5598000000000001,0.5689000000000001,0.6643,0.6243000000000001
2026-03-27,Iwik,Sen2Cor,S2B_MSIL2A_20260327T113319_N0512_R080_T28QCH_20260327T152639.SAFE,C:\Users\Simon\Nextcloud\Project\Mauritania\Science\Arguin - FieldWork Data Processing\Data\S2\S2B_MSIL2A_20260327T113319_N0512_R080_T28QCH_20260327T152639.SAFE,116,10030,6353,363535.0,2199735.0,0.21780000000000002,0.28250000000000003,0.3743,0.4944,0.5394,0.5397000000000001,0.5553,0.5674,0.5598000000000001,0.5689000000000001,0.6643,0.6243000000000001
2026-03-27,Iwik,Sen2Cor,S2B_MSIL2A_20260327T113319_N0512_R080_T28QCH_20260327T152639.SAFE,C:\Users\Simon\Nextcloud\Project\Mauritania\Science\Arguin - FieldWork Data Processing\Data\S2\S2B_MSIL2A_20260327T113319_N0512_R080_T28QCH_20260327T152639.SAFE,117,10030,6354,363545.0,2199735.0,0.216,0.2849,0.3765,0.49660000000000004,0.5443,0.541,0.5561,0.5654,0.5626,0.5667,0.6647000000000001,0.6264000000000001
2026-03-27,Iwik,Sen2Cor,S2B_MSIL2A_20260327T113319_N0512_R080_T28QCH_20260327T152639.SAFE,C:\Users\Simon\Nextcloud\Project\Mauritania\Science\Arguin - FieldWork Data Processing\Data\S2\S2B_MSIL2A_20260327T113319_N0512_R080_T28QCH_20260327T152639.SAFE,118,10030,6355,363555.0,2199735.0,0.216,0.281,0.3738,0.4949,0.5443,0.541,0.5561,0.5679000000000001,0.5626,0.5667,0.6647000000000001,0.6264000000000001
2026-03-27,Iwik,Sen2Cor,S2B_MSIL2A_20260327T113319_N0512_R080_T28QCH_20260327T152639.SAFE,C:\Users\Simon\Nextcloud\Project\Mauritania\Science\Arguin - FieldWork Data Processing\Data\S2\S2B_MSIL2A_20260327T113319_N0512_R080_T28QCH_20260327T152639.SAFE,119,10030,6356,363565.0,2199735.0,0.2142,0.2756,0.37260000000000004,0.49460000000000004,0.543,0.5398000000000001,0.5556,0.5659000000000001,0.5577,0.5667,0.6632,0.6268
2026-03-27,Iwik,Sen2Cor,S2B_MSIL2A_20260327T113319_N0512_R080_T28QCH_20260327T152639.SAFE,C:\Users\Simon\Nextcloud\Project\Mauritania\Science\Arguin - FieldWork Data Processing\Data\S2\S2B_MSIL2A_20260327T113319_N0512_R080_T28QCH_20260327T152639.SAFE,120,10030,6357,363575.0,2199735.0,0.2142,0.2761,0.36960000000000004,0.4927,0.543,0.5398000000000001,0.5556,0.5659000000000001,0.5577,0.5667,0.6632,0.6268
2026-03-27,Iwik,Sen2Cor,S2B_MSIL2A_20260327T113319_N0512_R080_T28QCH_20260327T152639.SAFE,C:\Users\Simon\Nextcloud\Project\Mauritania\Science\Arguin - FieldWork Data Processing\Data\S2\S2B_MSIL2A_20260327T113319_N0512_R080_T28QCH_20260327T152639.SAFE,121,10031,6342,363425.0,2199725.0,0.2283,0.27690000000000003,0.3699,0.4963,0.5462,0.5464,0.5648000000000001,0.5737,0.5663,0.5761000000000001,0.6712,0.6313000000000001
2026-03-27,Iwik,Sen2Cor,S2B_MSIL2A_20260327T113319_N0512_R080_T28QCH_20260327T152639.SAFE,C:\Users\Simon\Nextcloud\Project\Mauritania\Science\Arguin - FieldWork Data Processing\Data\S2\S2B_MSIL2A_20260327T113319_N0512_R080_T28QCH_20260327T152639.SAFE,122,10031,6343,363435.0,2199725.0,0.2283,0.2781,0.3708,0.49760000000000004,0.5462,0.5464,0.5648000000000001,0.5679000000000001,0.5663,0.5761000000000001,0.6712,0.6313000000000001
2026-03-27,Iwik,Sen2Cor,S2B_MSIL2A_20260327T113319_N0512_R080_T28QCH_20260327T152639.SAFE,C:\Users\Simon\Nextcloud\Project\Mauritania\Science\Arguin - FieldWork Data Processing\Data\S2\S2B_MSIL2A_20260327T113319_N0512_R080_T28QCH_20260327T152639.SAFE,123,10031,6344,363445.0,2199725.0,0.2255,0.2808,0.3735,0.4998,0.5442,0.5454,0.5632,0.5674,0.5647,0.5761000000000001,0.6649,0.6256
2026-03-27,Iwik,Sen2Cor,S2B_MSIL2A_20260327T113319_N0512_R080_T28QCH_20260327T152639.SAFE,C:\Users\Simon\Nextcloud\Project\Mauritania\Science\Arguin - FieldWork Data Processing\Data\S2\S2B_MSIL2A_20260327T113319_N0512_R080_T28QCH_20260327T152639.SAFE,124,10031,6345,363455.0,2199725.0,0.2255,0.2832,0.3718,0.49560000000000004,0.5442,0.5454,0.5632,0.5698,0.5647,0.5761000000000001,0.6649,0.6256
2026-03-27,Iwik,Sen2Cor,S2B_MSIL2A_20260327T113319_N0512_R080_T28QCH_20260327T152639.SAFE,C:\Users\Simon\Nextcloud\Project\Mauritania\Science\Arguin - FieldWork Data Processing\Data\S2\S2B_MSIL2A_20260327T113319_N0512_R080_T28QCH_20260327T152639.SAFE,125,10031,6346,363465.0,2199725.0,0.224,0.2771,0.373,0.4917,0.5432,0.5434,0.5586,0.5718,0.5667,0.5761000000000001,0.6659,0.6281
2026-03-27,Iwik,Sen2Cor,S2B_MSIL2A_20260327T113319_N0512_R080_T28QCH_20260327T152639.SAFE,C:\Users\Simon\Nextcloud\Project\Mauritania\Science\Arguin - FieldWork Data Processing\Data\S2\S2B_MSIL2A_20260327T113319_N0512_R080_T28QCH_20260327T152639.SAFE,126,10031,6347,363475.0,2199725.0,0.224,0.2725,0.3708,0.4934,0.5432,0.5434,0.5586,0.5649000000000001,0.5667,0.5761000000000001,0.6659,0.6281
2026-03-27,Iwik,Sen2Cor,S2B_MSIL2A_20260327T113319_N0512_R080_T28QCH_20260327T152639.SAFE,C:\Users\Simon\Nextcloud\Project\Mauritania\Science\Arguin - FieldWork Data Processing\Data\S2\S2B_MSIL2A_20260327T113319_N0512_R080_T28QCH_20260327T152639.SAFE,127,10031,6348,363485.0,2199725.0,0.2212,0.27290000000000003,0.36960000000000004,0.48900000000000005,0.5389,0.5397000000000001,0.5536,0.5679000000000001,0.5630000000000001,0.5689000000000001,0.6623,0.6264000000000001
2026-03-27,Iwik,Sen2Cor,S2B_MSIL2A_20260327T113319_N0512_R080_T28QCH_20260327T152639.SAFE,C:\Users\Simon\Nextcloud\Project\Mauritania\Science\Arguin - FieldWork Data Processing\Data\S2\S2B_MSIL2A_20260327T113319_N0512_R080_T28QCH_20260327T152639.SAFE,128,10031,6349,363495.0,2199725.0,0.2212,0.27640000000000003,0.3704,0.4934,0.5389,0.5397000000000001,0.5536,0.5693,0.5630000000000001,0.5689000000000001,0.6623,0.6264000000000001
2026-03-27,Iwik,Sen2Cor,S2B_MSIL2A_20260327T113319_N0512_R080_T28QCH_20260327T152639.SAFE,C:\Users\Simon\Nextcloud\Project\Mauritania\Science\Arguin - FieldWork Data Processing\Data\S2\S2B_MSIL2A_20260327T113319_N0512_R080_T28QCH_20260327T152639.SAFE,129,10031,6350,363505.0,2199725.0,0.2189,0.27490000000000003,0.3647,0.48710000000000003,0.5379,0.5372,0.5526,0.5596,0.5565,0.5689000000000001,0.6605000000000001,0.6249
2026-03-27,Iwik,Sen2Cor,S2B_MSIL2A_20260327T113319_N0512_R080_T28QCH_20260327T152639.SAFE,C:\Users\Simon\Nextcloud\Project\Mauritania\Science\Arguin - FieldWork Data Processing\Data\S2\S2B_MSIL2A_20260327T113319_N0512_R080_T28QCH_20260327T152639.SAFE,130,10031,6351,363515.0,2199725.0,0.2189,0.2783,0.37160000000000004,0.4902,0.5379,0.5372,0.5526,0.5659000000000001,0.5565,0.5689000000000001,0.6605000000000001,0.6249
2026-03-27,Iwik,Sen2Cor,S2B_MSIL2A_20260327T113319_N0512_R080_T28QCH_20260327T152639.SAFE,C:\Users\Simon\Nextcloud\Project\Mauritania\Science\Arguin - FieldWork Data Processing\Data\S2\S2B_MSIL2A_20260327T113319_N0512_R080_T28QCH_20260327T152639.SAFE,131,10031,6352,363525.0,2199725.0,0.21780000000000002,0.2791,0.3694,0.4912,0.5394,0.5397000000000001,0.5553,0.5659000000000001,0.5598000000000001,0.5689000000000001,0.6643,0.6243000000000001
2026-03-27,Iwik,Sen2Cor,S2B_MSIL2A_20260327T113319_N0512_R080_T28QCH_20260327T152639.SAFE,C:\Users\Simon\Nextcloud\Project\Mauritania\Science\Arguin - FieldWork Data Processing\Data\S2\S2B_MSIL2A_20260327T113319_N0512_R080_T28QCH_20260327T152639.SAFE,132,10031,6353,363535.0,2199725.0,0.21780000000000002,0.2778,0.3735,0.49510000000000004,0.5394,0.5397000000000001,0.5553,0.5679000000000001,0.5598000000000001,0.5689000000000001,0.6643,0.6243000000000001
2026-03-27,Iwik,Sen2Cor,S2B_MSIL2A_20260327T113319_N0512_R080_T28QCH_20260327T152639.SAFE,C:\Users\Simon\Nextcloud\Project\Mauritania\Science\Arguin - FieldWork Data Processing\Data\S2\S2B_MSIL2A_20260327T113319_N0512_R080_T28QCH_20260327T152639.SAFE,133,10031,6354,363545.0,2199725.0,0.216,0.2864,0.3811,0.5015000000000001,0.5443,0.541,0.5561,0.5737,0.5626,0.5667,0.6647000000000001,0.6264000000000001
2026-03-27,Iwik,Sen2Cor,S2B_MSIL2A_20260327T113319_N0512_R080_T28QCH_20260327T152639.SAFE,C:\Users\Simon\Nextcloud\Project\Mauritania\Science\Arguin - FieldWork Data Processing\Data\S2\S2B_MSIL2A_20260327T113319_N0512_R080_T28QCH_20260327T152639.SAFE,134,10031,6355,363555.0,2199725.0,0.216,0.28390000000000004,0.3735,0.498,0.5443,0.541,0.5561,0.5649000000000001,0.5626,0.5667,0.6647000000000001,0.6264000000000001
2026-03-27,Iwik,Sen2Cor,S2B_MSIL2A_20260327T113319_N0512_R080_T28QCH_20260327T152639.SAFE,C:\Users\Simon\Nextcloud\Project\Mauritania\Science\Arguin - FieldWork Data Processing\Data\S2\S2B_MSIL2A_20260327T113319_N0512_R080_T28QCH_20260327T152639.SAFE,135,10031,6356,363565.0,2199725.0,0.2142,0.2783,0.3748,0.498,0.543,0.5398000000000001,0.5556,0.5645,0.5577,0.5667,0.6632,0.6268
2026-03-27,Iwik,Sen2Cor,S2B_MSIL2A_20260327T113319_N0512_R080_T28QCH_20260327T152639.SAFE,C:\Users\Simon\Nextcloud\Project\Mauritania\Science\Arguin - FieldWork Data Processing\Data\S2\S2B_MSIL2A_20260327T113319_N0512_R080_T28QCH_20260327T152639.SAFE,136,10031,6357,363575.0,2199725.0,0.2142,0.2783,0.3735,0.49460000000000004,0.543,0.5398000000000001,0.5556,0.5713,0.5577,0.5667,0.6632,0.6268
2026-03-27,Iwik,Sen2Cor,S2B_MSIL2A_20260327T113319_N0512_R080_T28QCH_20260327T152639.SAFE,C:\Users\Simon\Nextcloud\Project\Mauritania\Science\Arguin - FieldWork Data Processing\Data\S2\S2B_MSIL2A_20260327T113319_N0512_R080_T28QCH_20260327T152639.SAFE,137,10032,6341,363415.0,2199715.0,0.23040000000000002,0.2861,0.3806,0.5117,0.548,0.5509000000000001,0.5682,0.5781000000000001,0.5749000000000001,0.5871000000000001,0.6726000000000001,0.6342
2026-03-27,Iwik,Sen2Cor,S2B_MSIL2A_20260327T113319_N0512_R080_T28QCH_20260327T152639.SAFE,C:\Users\Simon\Nextcloud\Project\Mauritania\Science\Arguin - FieldWork Data Processing\Data\S2\S2B_MSIL2A_20260327T113319_N0512_R080_T28QCH_20260327T152639.SAFE,138,10032,6342,363425.0,2199715.0,0.2275,0.2808,0.3735,0.5024000000000001,0.5472,0.5438000000000001,0.5622,0.5762,0.5644,0.5667,0.669,0.6287
2026-03-27,Iwik,Sen2Cor,S2B_MSIL2A_20260327T113319_N0512_R080_T28QCH_20260327T152639.SAFE,C:\Users\Simon\Nextcloud\Project\Mauritania\Science\Arguin - FieldWork Data Processing\Data\S2\S2B_MSIL2A_20260327T113319_N0512_R080_T28QCH_20260327T152639.SAFE,139,10032,6343,363435.0,2199715.0,0.2275,0.2781,0.37260000000000004,0.4958,0.5472,0.5438000000000001,0.5622,0.5742,0.5644,0.5667,0.669,0.6287
2026-03-27,Iwik,Sen2Cor,S2B_MSIL2A_20260327T113319_N0512_R080_T28QCH_20260327T152639.SAFE,C:\Users\Simon\Nextcloud\Project\Mauritania\Science\Arguin - FieldWork Data Processing\Data\S2\S2B_MSIL2A_20260327T113319_N0512_R080_T28QCH_20260327T152639.SAFE,140,10032,6344,363445.0,2199715.0,0.22360000000000002,0.27440000000000003,0.36960000000000004,0.49410000000000004,0.5383,0.5385,0.5548000000000001,0.5659000000000001,0.5601,0.5667,0.6612,0.618
2026-03-27,Iwik,Sen2Cor,S2B_MSIL2A_20260327T113319_N0512_R080_T28QCH_20260327T152639.SAFE,C:\Users\Simon\Nextcloud\Project\Mauritania\Science\Arguin - FieldWork Data Processing\Data\S2\S2B_MSIL2A_20260327T113319_N0512_R080_T28QCH_20260327T152639.SAFE,141,10032,6345,363455.0,2199715.0,0.22360000000000002,0.28,0.3694,0.49610000000000004,0.5383,0.5385,0.5548000000000001,0.5659000000000001,0.5601,0.5667,0.6612,0.618
2026-03-27,Iwik,Sen2Cor,S2B_MSIL2A_20260327T113319_N0512_R080_T28QCH_20260327T152639.SAFE,C:\Users\Simon\Nextcloud\Project\Mauritania\Science\Arguin - FieldWork Data Processing\Data\S2\S2B_MSIL2A_20260327T113319_N0512_R080_T28QCH_20260327T152639.SAFE,142,10032,6346,363465.0,2199715.0,0.22190000000000001,0.2773,0.374,0.49560000000000004,0.5361,0.5352,0.552,0.5674,0.5538000000000001,0.5667,0.6595000000000001,0.6166
2026-03-27,Iwik,Sen2Cor,S2B_MSIL2A_20260327T113319_N0512_R080_T28QCH_20260327T152639.SAFE,C:\Users\Simon\Nextcloud\Project\Mauritania\Science\Arguin - FieldWork Data Processing\Data\S2\S2B_MSIL2A_20260327T113319_N0512_R080_T28QCH_20260327T152639.SAFE,143,10032,6347,363475.0,2199715.0,0.22190000000000001,0.27340000000000003,0.3677,0.48900000000000005,0.5361,0.5352,0.552,0.5601,0.5538000000000001,0.5667,0.6595000000000001,0.6166
2026-03-27,Iwik,Sen2Cor,S2B_MSIL2A_20260327T113319_N0512_R080_T28QCH_20260327T152639.SAFE,C:\Users\Simon\Nextcloud\Project\Mauritania\Science\Arguin - FieldWork Data Processing\Data\S2\S2B_MSIL2A_20260327T113319_N0512_R080_T28QCH_20260327T152639.SAFE,144,10032,6348,363485.0,2199715.0,0.2194,0.26980000000000004,0.3618,0.4854,0.5332,0.5325,0.5476,0.5596,0.5521,0.559,0.6578,0.6171
2026-03-27,Iwik,Sen2Cor,S2B_MSIL2A_20260327T113319_N0512_R080_T28QCH_20260327T152639.SAFE,C:\Users\Simon\Nextcloud\Project\Mauritania\Science\Arguin - FieldWork Data Processing\Data\S2\S2B_MSIL2A_20260327T113319_N0512_R080_T28QCH_20260327T152639.SAFE,145,10032,6349,363495.0,2199715.0,0.2194,0.2671,0.3672,0.4868,0.5332,0.5325,0.5476,0.5601,0.5521,0.559,0.6578,0.6171
2026-03-27,Iwik,Sen2Cor,S2B_MSIL2A_20260327T113319_N0512_R080_T28QCH_20260327T152639.SAFE,C:\Users\Simon\Nextcloud\Project\Mauritania\Science\Arguin - FieldWork Data Processing\Data\S2\S2B_MSIL2A_20260327T113319_N0512_R080_T28QCH_20260327T152639.SAFE,146,10032,6350,363505.0,2199715.0,0.217,0.27080000000000004,0.3635,0.49050000000000005,0.5327000000000001,0.5347000000000001,0.5505,0.561,0.5557,0.559,0.6581,0.6184000000000001
2026-03-27,Iwik,Sen2Cor,S2B_MSIL2A_20260327T113319_N0512_R080_T28QCH_20260327T152639.SAFE,C:\Users\Simon\Nextcloud\Project\Mauritania\Science\Arguin - FieldWork Data Processing\Data\S2\S2B_MSIL2A_20260327T113319_N0512_R080_T28QCH_20260327T152639.SAFE,147,10032,6351,363515.0,2199715.0,0.217,0.27490000000000003,0.3667,0.4922,0.5327000000000001,0.5347000000000001,0.5505,0.5640000000000001,0.5557,0.559,0.6581,0.6184000000000001
2026-03-27,Iwik,Sen2Cor,S2B_MSIL2A_20260327T113319_N0512_R080_T28QCH_20260327T152639.SAFE,C:\Users\Simon\Nextcloud\Project\Mauritania\Science\Arguin - FieldWork Data Processing\Data\S2\S2B_MSIL2A_20260327T113319_N0512_R080_T28QCH_20260327T152639.SAFE,148,10032,6352,363525.0,2199715.0,0.2157,0.2776,0.3713,0.4922,0.5387000000000001,0.5367000000000001,0.5537000000000001,0.5581,0.5605,0.559,0.6638000000000001,0.6218
2026-03-27,Iwik,Sen2Cor,S2B_MSIL2A_20260327T113319_N0512_R080_T28QCH_20260327T152639.SAFE,C:\Users\Simon\Nextcloud\Project\Mauritania\Science\Arguin - FieldWork Data Processing\Data\S2\S2B_MSIL2A_20260327T113319_N0512_R080_T28QCH_20260327T152639.SAFE,149,10032,6353,363535.0,2199715.0,0.2157,0.28,0.374,0.49460000000000004,0.5387000000000001,0.5367000000000001,0.5537000000000001,0.561,0.5605,0.559,0.6638000000000001,0.6218
2026-03-27,Iwik,Sen2Cor,S2B_MSIL2A_20260327T113319_N0512_R080_T28QCH_20260327T152639.SAFE,C:\Users\Simon\Nextcloud\Project\Mauritania\Science\Arguin - FieldWork Data Processing\Data\S2\S2B_MSIL2A_20260327T113319_N0512_R080_T28QCH_20260327T152639.SAFE,150,10032,6354,363545.0,2199715.0,0.21330000000000002,0.2817,0.37820000000000004,0.49560000000000004,0.5351,0.5335,0.5498000000000001,0.5664,0.5536,0.553,0.6584,0.6187
2026-03-27,Iwik,Sen2Cor,S2B_MSIL2A_20260327T113319_N0512_R080_T28QCH_20260327T152639.SAFE,C:\Users\Simon\Nextcloud\Project\Mauritania\Science\Arguin - FieldWork Data Processing\Data\S2\S2B_MSIL2A_20260327T113319_N0512_R080_T28QCH_20260327T152639.SAFE,151,10032,6355,363555.0,2199715.0,0.21330000000000002,0.2751,0.3723,0.49150000000000005,0.5351,0.5335,0.5498000000000001,0.5591,0.5536,0.553,0.6584,0.6187
2026-03-27,Iwik,Sen2Cor,S2B_MSIL2A_20260327T113319_N0512_R080_T28QCH_20260327T152639.SAFE,C:\Users\Simon\Nextcloud\Project\Mauritania\Science\Arguin - FieldWork Data Processing\Data\S2\S2B_MSIL2A_20260327T113319_N0512_R080_T28QCH_20260327T152639.SAFE,152,10032,6356,363565.0,2199715.0,0.2124,0.27390000000000003,0.366,0.4868,0.5367000000000001,0.5355,0.5497000000000001,0.5615,0.5542,0.553,0.659,0.6193000000000001
2026-03-27,Iwik,Sen2Cor,S2B_MSIL2A_20260327T113319_N0512_R080_T28QCH_20260327T152639.SAFE,C:\Users\Simon\Nextcloud\Project\Mauritania\Science\Arguin - FieldWork Data Processing\Data\S2\S2B_MSIL2A_20260327T113319_N0512_R080_T28QCH_20260327T152639.SAFE,153,10032,6357,363575.0,2199715.0,0.2124,0.2771,0.3689,0.49050000000000005,0.5367000000000001,0.5355,0.5497000000000001,0.5669000000000001,0.5542,0.553,0.659,0.6193000000000001
2026-03-27,Iwik,Sen2Cor,S2B_MSIL2A_20260327T113319_N0512_R080_T28QCH_20260327T152639.SAFE,C:\Users\Simon\Nextcloud\Project\Mauritania\Science\Arguin - FieldWork Data Processing\Data\S2\S2B_MSIL2A_20260327T113319_N0512_R080_T28QCH_20260327T152639.SAFE,154,10033,6341,363415.0,2199705.0,0.23040000000000002,0.2822,0.37520000000000003,0.5039,0.548,0.5509000000000001,0.5682,0.5776,0.5749000000000001,0.5871000000000001,0.6726000000000001,0.6342
2026-03-27,Iwik,Sen2Cor,S2B_MSIL2A_20260327T113319_N0512_R080_T28QCH_20260327T152639.SAFE,C:\Users\Simon\Nextcloud\Project\Mauritania\Science\Arguin - FieldWork Data Processing\Data\S2\S2B_MSIL2A_20260327T113319_N0512_R080_T28QCH_20260327T152639.SAFE,155,10033,6342,363425.0,2199705.0,0.2275,0.2849,0.377,0.5059,0.5472,0.5438000000000001,0.5622,0.5732,0.5644,0.5667,0.669,0.6287
2026-03-27,Iwik,Sen2Cor,S2B_MSIL2A_20260327T113319_N0512_R080_T28QCH_20260327T152639.SAFE,C:\Users\Simon\Nextcloud\Project\Mauritania\Science\Arguin - FieldWork Data Processing\Data\S2\S2B_MSIL2A_20260327T113319_N0512_R080_T28QCH_20260327T152639.SAFE,156,10033,6343,363435.0,2199705.0,0.2275,0.28250000000000003,0.3779,0.49710000000000004,0.5472,0.5438000000000001,0.5622,0.5698,0.5644,0.5667,0.669,0.6287
2026-03-27,Iwik,Sen2Cor,S2B_MSIL2A_20260327T113319_N0512_R080_T28QCH_20260327T152639.SAFE,C:\Users\Simon\Nextcloud\Project\Mauritania\Science\Arguin - FieldWork Data Processing\Data\S2\S2B_MSIL2A_20260327T113319_N0512_R080_T28QCH_20260327T152639.SAFE,157,10033,6344,363445.0,2199705.0,0.22360000000000002,0.2761,0.3738,0.498,0.5383,0.5385,0.5548000000000001,0.5674,0.5601,0.5667,0.6612,0.618
2026-03-27,Iwik,Sen2Cor,S2B_MSIL2A_20260327T113319_N0512_R080_T28QCH_20260327T152639.SAFE,C:\Users\Simon\Nextcloud\Project\Mauritania\Science\Arguin - FieldWork Data Processing\Data\S2\S2B_MSIL2A_20260327T113319_N0512_R080_T28QCH_20260327T152639.SAFE,158,10033,6345,363455.0,2199705.0,0.22360000000000002,0.2805,0.3755,0.4937,0.5383,0.5385,0.5548000000000001,0.5645,0.5601,0.5667,0.6612,0.618
2026-03-27,Iwik,Sen2Cor,S2B_MSIL2A_20260327T113319_N0512_R080_T28QCH_20260327T152639.SAFE,C:\Users\Simon\Nextcloud\Project\Mauritania\Science\Arguin - FieldWork Data Processing\Data\S2\S2B_MSIL2A_20260327T113319_N0512_R080_T28QCH_20260327T152639.SAFE,159,10033,6346,363465.0,2199705.0,0.22190000000000001,0.2776,0.365,0.4883,0.5361,0.5352,0.552,0.5630000000000001,0.5538000000000001,0.5667,0.6595000000000001,0.6166
2026-03-27,Iwik,Sen2Cor,S2B_MSIL2A_20260327T113319_N0512_R080_T28QCH_20260327T152639.SAFE,C:\Users\Simon\Nextcloud\Project\Mauritania\Science\Arguin - FieldWork Data Processing\Data\S2\S2B_MSIL2A_20260327T113319_N0512_R080_T28QCH_20260327T152639.SAFE,160,10033,6347,363475.0,2199705.0,0.22190000000000001,0.27290000000000003,0.3647,0.48360000000000003,0.5361,0.5352,0.552,0.5571,0.5538000000000001,0.5667,0.6595000000000001,0.6166
2026-03-27,Iwik,Sen2Cor,S2B_MSIL2A_20260327T113319_N0512_R080_T28QCH_20260327T152639.SAFE,C:\Users\Simon\Nextcloud\Project\Mauritania\Science\Arguin - FieldWork Data Processing\Data\S2\S2B_MSIL2A_20260327T113319_N0512_R080_T28QCH_20260327T152639.SAFE,161,10033,6348,363485.0,2199705.0,0.2194,0.27340000000000003,0.3647,0.4873,0.5332,0.5325,0.5476,0.5591,0.5521,0.559,0.6578,0.6171
2026-03-27,Iwik,Sen2Cor,S2B_MSIL2A_20260327T113319_N0512_R080_T28QCH_20260327T152639.SAFE,C:\Users\Simon\Nextcloud\Project\Mauritania\Science\Arguin - FieldWork Data Processing\Data\S2\S2B_MSIL2A_20260327T113319_N0512_R080_T28QCH_20260327T152639.SAFE,162,10033,6349,363495.0,2199705.0,0.2194,0.26830000000000004,0.3635,0.48190000000000005,0.5332,0.5325,0.5476,0.5571,0.5521,0.559,0.6578,0.6171
2026-03-27,Iwik,Sen2Cor,S2B_MSIL2A_20260327T113319_N0512_R080_T28QCH_20260327T152639.SAFE,C:\Users\Simon\Nextcloud\Project\Mauritania\Science\Arguin - FieldWork Data Processing\Data\S2\S2B_MSIL2A_20260327T113319_N0512_R080_T28QCH_20260327T152639.SAFE,163,10033,6350,363505.0,2199705.0,0.217,0.27080000000000004,0.365,0.4883,0.5327000000000001,0.5347000000000001,0.5505,0.5596,0.5557,0.559,0.6581,0.6184000000000001
2026-03-27,Iwik,Sen2Cor,S2B_MSIL2A_20260327T113319_N0512_R080_T28QCH_20260327T152639.SAFE,C:\Users\Simon\Nextcloud\Project\Mauritania\Science\Arguin - FieldWork Data Processing\Data\S2\S2B_MSIL2A_20260327T113319_N0512_R080_T28QCH_20260327T152639.SAFE,164,10033,6351,363515.0,2199705.0,0.217,0.27390000000000003,0.364,0.4883,0.5327000000000001,0.5347000000000001,0.5505,0.5601,0.5557,0.559,0.6581,0.6184000000000001
2026-03-27,Iwik,Sen2Cor,S2B_MSIL2A_20260327T113319_N0512_R080_T28QCH_20260327T152639.SAFE,C:\Users\Simon\Nextcloud\Project\Mauritania\Science\Arguin - FieldWork Data Processing\Data\S2\S2B_MSIL2A_20260327T113319_N0512_R080_T28QCH_20260327T152639.SAFE,165,10033,6352,363525.0,2199705.0,0.2157,0.2751,0.3682,0.48750000000000004,0.5387000000000001,0.5367000000000001,0.5537000000000001,0.5586,0.5605,0.559,0.6638000000000001,0.6218
2026-03-27,Iwik,Sen2Cor,S2B_MSIL2A_20260327T113319_N0512_R080_T28QCH_20260327T152639.SAFE,C:\Users\Simon\Nextcloud\Project\Mauritania\Science\Arguin - FieldWork Data Processing\Data\S2\S2B_MSIL2A_20260327T113319_N0512_R080_T28QCH_20260327T152639.SAFE,166,10033,6353,363535.0,2199705.0,0.2157,0.27690000000000003,0.3689,0.4893,0.5387000000000001,0.5367000000000001,0.5537000000000001,0.5576,0.5605,0.559,0.6638000000000001,0.6218
2026-03-27,Iwik,Sen2Cor,S2B_MSIL2A_20260327T113319_N0512_R080_T28QCH_20260327T152639.SAFE,C:\Users\Simon\Nextcloud\Project\Mauritania\Science\Arguin - FieldWork Data Processing\Data\S2\S2B_MSIL2A_20260327T113319_N0512_R080_T28QCH_20260327T152639.SAFE,167,10033,6354,363545.0,2199705.0,0.21330000000000002,0.2747,0.3679,0.48660000000000003,0.5351,0.5335,0.5498000000000001,0.5557,0.5536,0.553,0.6584,0.6187
2026-03-27,Iwik,Sen2Cor,S2B_MSIL2A_20260327T113319_N0512_R080_T28QCH_20260327T152639.SAFE,C:\Users\Simon\Nextcloud\Project\Mauritania\Science\Arguin - FieldWork Data Processing\Data\S2\S2B_MSIL2A_20260327T113319_N0512_R080_T28QCH_20260327T152639.SAFE,168,10033,6355,363555.0,2199705.0,0.21330000000000002,0.2717,0.3623,0.4829,0.5351,0.5335,0.5498000000000001,0.5532,0.5536,0.553,0.6584,0.6187
2026-03-27,Iwik,Sen2Cor,S2B_MSIL2A_20260327T113319_N0512_R080_T28QCH_20260327T152639.SAFE,C:\Users\Simon\Nextcloud\Project\Mauritania\Science\Arguin - FieldWork Data Processing\Data\S2\S2B_MSIL2A_20260327T113319_N0512_R080_T28QCH_20260327T152639.SAFE,169,10033,6356,363565.0,2199705.0,0.2124,0.26680000000000004,0.36300000000000004,0.4839,0.5367000000000001,0.5355,0.5497000000000001,0.5576,0.5542,0.553,0.659,0.6193000000000001
2026-03-27,Iwik,Sen2Cor,S2B_MSIL2A_20260327T113319_N0512_R080_T28QCH_20260327T152639.SAFE,C:\Users\Simon\Nextcloud\Project\Mauritania\Science\Arguin - FieldWork Data Processing\Data\S2\S2B_MSIL2A_20260327T113319_N0512_R080_T28QCH_20260327T152639.SAFE,170,10033,6357,363575.0,2199705.0,0.2124,0.27030000000000004,0.3684,0.48710000000000003,0.5367000000000001,0.5355,0.5497000000000001,0.5576,0.5542,0.553,0.659,0.6193000000000001
2026-03-27,Iwik,Sen2Cor,S2B_MSIL2A_20260327T113319_N0512_R080_T28QCH_20260327T152639.SAFE,C:\Users\Simon\Nextcloud\Project\Mauritania\Science\Arguin - FieldWork Data Processing\Data\S2\S2B_MSIL2A_20260327T113319_N0512_R080_T28QCH_20260327T152639.SAFE,171,10034,6341,363415.0,2199695.0,0.2313,0.2871,0.3831,0.5059,0.5498000000000001,0.556,0.5702,0.5815,0.5794,0.5871000000000001,0.6714,0.6339
2026-03-27,Iwik,Sen2Cor,S2B_MSIL2A_20260327T113319_N0512_R080_T28QCH_20260327T152639.SAFE,C:\Users\Simon\Nextcloud\Project\Mauritania\Science\Arguin - FieldWork Data Processing\Data\S2\S2B_MSIL2A_20260327T113319_N0512_R080_T28QCH_20260327T152639.SAFE,172,10034,6342,363425.0,2199695.0,0.22640000000000002,0.2871,0.3845,0.5122,0.5451,0.5479,0.5616,0.5874,0.5633,0.5667,0.6646000000000001,0.6245
2026-03-27,Iwik,Sen2Cor,S2B_MSIL2A_20260327T113319_N0512_R080_T28QCH_20260327T152639.SAFE,C:\Users\Simon\Nextcloud\Project\Mauritania\Science\Arguin - FieldWork Data Processing\Data\S2\S2B_MSIL2A_20260327T113319_N0512_R080_T28QCH_20260327T152639.SAFE,173,10034,6343,363435.0,2199695.0,0.22640000000000002,0.28250000000000003,0.3748,0.49760000000000004,0.5451,0.5479,0.5616,0.5723,0.5633,0.5667,0.6646000000000001,0.6245
2026-03-27,Iwik,Sen2Cor,S2B_MSIL2A_20260327T113319_N0512_R080_T28QCH_20260327T152639.SAFE,C:\Users\Simon\Nextcloud\Project\Mauritania\Science\Arguin - FieldWork Data Processing\Data\S2\S2B_MSIL2A_20260327T113319_N0512_R080_T28QCH_20260327T152639.SAFE,174,10034,6344,363445.0,2199695.0,0.223,0.2778,0.3743,0.4939,0.5346000000000001,0.5345,0.5543,0.5649000000000001,0.5569000000000001,0.5667,0.6591,0.6197
2026-03-27,Iwik,Sen2Cor,S2B_MSIL2A_20260327T113319_N0512_R080_T28QCH_20260327T152639.SAFE,C:\Users\Simon\Nextcloud\Project\Mauritania\Science\Arguin - FieldWork Data Processing\Data\S2\S2B_MSIL2A_20260327T113319_N0512_R080_T28QCH_20260327T152639.SAFE,175,10034,6345,363455.0,2199695.0,0.223,0.2808,0.37110000000000004,0.48900000000000005,0.5346000000000001,0.5345,0.5543,0.5591,0.5569000000000001,0.5667,0.6591,0.6197
2026-03-27,Iwik,Sen2Cor,S2B_MSIL2A_20260327T113319_N0512_R080_T28QCH_20260327T152639.SAFE,C:\Users\Simon\Nextcloud\Project\Mauritania\Science\Arguin - FieldWork Data Processing\Data\S2\S2B_MSIL2A_20260327T113319_N0512_R080_T28QCH_20260327T152639.SAFE,176,10034,6346,363465.0,2199695.0,0.22010000000000002,0.2803,0.37210000000000004,0.48750000000000004,0.5353,0.5352,0.554,0.5625,0.5554,0.5667,0.6592,0.6175
2026-03-27,Iwik,Sen2Cor,S2B_MSIL2A_20260327T113319_N0512_R080_T28QCH_20260327T152639.SAFE,C:\Users\Simon\Nextcloud\Project\Mauritania\Science\Arguin - FieldWork Data Processing\Data\S2\S2B_MSIL2A_20260327T113319_N0512_R080_T28QCH_20260327T152639.SAFE,177,10034,6347,363475.0,2199695.0,0.22010000000000002,0.27640000000000003,0.3728,0.4893,0.5353,0.5352,0.554,0.562,0.5554,0.5667,0.6592,0.6175
2026-03-27,Iwik,Sen2Cor,S2B_MSIL2A_20260327T113319_N0512_R080_T28QCH_20260327T152639.SAFE,C:\Users\Simon\Nextcloud\Project\Mauritania\Science\Arguin - FieldWork Data Processing\Data\S2\S2B_MSIL2A_20260327T113319_N0512_R080_T28QCH_20260327T152639.SAFE,178,10034,6348,363485.0,2199695.0,0.21880000000000002,0.27340000000000003,0.3667,0.48900000000000005,0.5304,0.5324,0.5518000000000001,0.5601,0.5547000000000001,0.559,0.6603,0.615
2026-03-27,Iwik,Sen2Cor,S2B_MSIL2A_20260327T113319_N0512_R080_T28QCH_20260327T152639.SAFE,C:\Users\Simon\Nextcloud\Project\Mauritania\Science\Arguin - FieldWork Data Processing\Data\S2\S2B_MSIL2A_20260327T113319_N0512_R080_T28QCH_20260327T152639.SAFE,179,10034,6349,363495.0,2199695.0,0.21880000000000002,0.2747,0.3674,0.48050000000000004,0.5304,0.5324,0.5518000000000001,0.5596,0.5547000000000001,0.559,0.6603,0.615
2026-03-27,Iwik,Sen2Cor,S2B_MSIL2A_20260327T113319_N0512_R080_T28QCH_20260327T152639.SAFE,C:\Users\Simon\Nextcloud\Project\Mauritania\Science\Arguin - FieldWork Data Processing\Data\S2\S2B_MSIL2A_20260327T113319_N0512_R080_T28QCH_20260327T152639.SAFE,180,10034,6350,363505.0,2199695.0,0.2164,0.27340000000000003,0.3687,0.4834,0.5317000000000001,0.5329,0.5491,0.5566,0.5534,0.559,0.6571,0.6169
2026-03-27,Iwik,Sen2Cor,S2B_MSIL2A_20260327T113319_N0512_R080_T28QCH_20260327T152639.SAFE,C:\Users\Simon\Nextcloud\Project\Mauritania\Science\Arguin - FieldWork Data Processing\Data\S2\S2B_MSIL2A_20260327T113319_N0512_R080_T28QCH_20260327T152639.SAFE,181,10034,6351,363515.0,2199695.0,0.2164,0.2778,0.3679,0.4854,0.5317000000000001,0.5329,0.5491,0.5571,0.5534,0.559,0.6571,0.6169
2026-03-27,Iwik,Sen2Cor,S2B_MSIL2A_20260327T113319_N0512_R080_T28QCH_20260327T152639.SAFE,C:\Users\Simon\Nextcloud\Project\Mauritania\Science\Arguin - FieldWork Data Processing\Data\S2\S2B_MSIL2A_20260327T113319_N0512_R080_T28QCH_20260327T152639.SAFE,182,10034,6352,363525.0,2199695.0,0.21380000000000002,0.27490000000000003,0.37060000000000004,0.4888,0.5321,0.5307000000000001,0.5474,0.5596,0.5527000000000001,0.559,0.6572,0.6169
2026-03-27,Iwik,Sen2Cor,S2B_MSIL2A_20260327T113319_N0512_R080_T28QCH_20260327T152639.SAFE,C:\Users\Simon\Nextcloud\Project\Mauritania\Science\Arguin - FieldWork Data Processing\Data\S2\S2B_MSIL2A_20260327T113319_N0512_R080_T28QCH_20260327T152639.SAFE,183,10034,6353,363535.0,2199695.0,0.21380000000000002,0.2737,0.3665,0.48950000000000005,0.5321,0.5307000000000001,0.5474,0.5596,0.5527000000000001,0.559,0.6572,0.6169
2026-03-27,Iwik,Sen2Cor,S2B_MSIL2A_20260327T113319_N0512_R080_T28QCH_20260327T152639.SAFE,C:\Users\Simon\Nextcloud\Project\Mauritania\Science\Arguin - FieldWork Data Processing\Data\S2\S2B_MSIL2A_20260327T113319_N0512_R080_T28QCH_20260327T152639.SAFE,184,10034,6354,363545.0,2199695.0,0.21130000000000002,0.26780000000000004,0.3669,0.4854,0.5266000000000001,0.5258,0.5428000000000001,0.5522,0.5466,0.553,0.6543,0.6134000000000001
2026-03-27,Iwik,Sen2Cor,S2B_MSIL2A_20260327T113319_N0512_R080_T28QCH_20260327T152639.SAFE,C:\Users\Simon\Nextcloud\Project\Mauritania\Science\Arguin - FieldWork Data Processing\Data\S2\S2B_MSIL2A_20260327T113319_N0512_R080_T28QCH_20260327T152639.SAFE,185,10034,6355,363555.0,2199695.0,0.21130000000000002,0.27640000000000003,0.3704,0.4878,0.5266000000000001,0.5258,0.5428000000000001,0.5537000000000001,0.5466,0.553,0.6543,0.6134000000000001
2026-03-27,Iwik,Sen2Cor,S2B_MSIL2A_20260327T113319_N0512_R080_T28QCH_20260327T152639.SAFE,C:\Users\Simon\Nextcloud\Project\Mauritania\Science\Arguin - FieldWork Data Processing\Data\S2\S2B_MSIL2A_20260327T113319_N0512_R080_T28QCH_20260327T152639.SAFE,186,10034,6356,363565.0,2199695.0,0.2104,0.2732,0.3669,0.4824,0.5258,0.5289,0.5384,0.5527000000000001,0.5427000000000001,0.553,0.6539,0.6131
2026-03-27,Iwik,Sen2Cor,S2B_MSIL2A_20260327T113319_N0512_R080_T28QCH_20260327T152639.SAFE,C:\Users\Simon\Nextcloud\Project\Mauritania\Science\Arguin - FieldWork Data Processing\Data\S2\S2B_MSIL2A_20260327T113319_N0512_R080_T28QCH_20260327T152639.SAFE,187,10034,6357,363575.0,2199695.0,0.2104,0.2656,0.3608,0.4822,0.5258,0.5289,0.5384,0.5513,0.5427000000000001,0.553,0.6539,0.6131
2026-03-27,Iwik,Sen2Cor,S2B_MSIL2A_20260327T113319_N0512_R080_T28QCH_20260327T152639.SAFE,C:\Users\Simon\Nextcloud\Project\Mauritania\Science\Arguin - FieldWork Data Processing\Data\S2\S2B_MSIL2A_20260327T113319_N0512_R080_T28QCH_20260327T152639.SAFE,188,10035,6341,363415.0,2199685.0,0.2313,0.2886,0.3826,0.5073,0.5498000000000001,0.556,0.5702,0.5811000000000001,0.5794,0.5871000000000001,0.6714,0.6339
2026-03-27,Iwik,Sen2Cor,S2B_MSIL2A_20260327T113319_N0512_R080_T28QCH_20260327T152639.SAFE,C:\Users\Simon\Nextcloud\Project\Mauritania\Science\Arguin - FieldWork Data Processing\Data\S2\S2B_MSIL2A_20260327T113319_N0512_R080_T28QCH_20260327T152639.SAFE,189,10035,6342,363425.0,2199685.0,0.22640000000000002,0.2888,0.38380000000000003,0.5093,0.5451,0.5479,0.5616,0.5815,0.5633,0.5667,0.6646000000000001,0.6245
2026-03-27,Iwik,Sen2Cor,S2B_MSIL2A_20260327T113319_N0512_R080_T28QCH_20260327T152639.SAFE,C:\Users\Simon\Nextcloud\Project\Mauritania\Science\Arguin - FieldWork Data Processing\Data\S2\S2B_MSIL2A_20260327T113319_N0512_R080_T28QCH_20260327T152639.SAFE,190,10035,6343,363435.0,2199685.0,0.22640000000000002,0.2776,0.375,0.498,0.5451,0.5479,0.5616,0.5669000000000001,0.5633,0.5667,0.6646000000000001,0.6245
2026-03-27,Iwik,Sen2Cor,S2B_MSIL2A_20260327T113319_N0512_R080_T28QCH_20260327T152639.SAFE,C:\Users\Simon\Nextcloud\Project\Mauritania\Science\Arguin - FieldWork Data Processing\Data\S2\S2B_MSIL2A_20260327T113319_N0512_R080_T28QCH_20260327T152639.SAFE,191,10035,6344,363445.0,2199685.0,0.223,0.2771,0.37060000000000004,0.49150000000000005,0.5346000000000001,0.5345,0.5543,0.562,0.5569000000000001,0.5667,0.6591,0.6197
2026-03-27,Iwik,Sen2Cor,S2B_MSIL2A_20260327T113319_N0512_R080_T28QCH_20260327T152639.SAFE,C:\Users\Simon\Nextcloud\Project\Mauritania\Science\Arguin - FieldWork Data Processing\Data\S2\S2B_MSIL2A_20260327T113319_N0512_R080_T28QCH_20260327T152639.SAFE,192,10035,6345,363455.0,2199685.0,0.223,0.2805,0.3665,0.4919,0.5346000000000001,0.5345,0.5543,0.5605,0.5569000000000001,0.5667,0.6591,0.6197
2026-03-27,Iwik,Sen2Cor,S2B_MSIL2A_20260327T113319_N0512_R080_T28QCH_20260327T152639.SAFE,C:\Users\Simon\Nextcloud\Project\Mauritania\Science\Arguin - FieldWork Data Processing\Data\S2\S2B_MSIL2A_20260327T113319_N0512_R080_T28QCH_20260327T152639.SAFE,193,10035,6346,363465.0,2199685.0,0.22010000000000002,0.2773,0.37260000000000004,0.49510000000000004,0.5353,0.5352,0.554,0.5645,0.5554,0.5667,0.6592,0.6175
2026-03-27,Iwik,Sen2Cor,S2B_MSIL2A_20260327T113319_N0512_R080_T28QCH_20260327T152639.SAFE,C:\Users\Simon\Nextcloud\Project\Mauritania\Science\Arguin - FieldWork Data Processing\Data\S2\S2B_MSIL2A_20260327T113319_N0512_R080_T28QCH_20260327T152639.SAFE,194,10035,6347,363475.0,2199685.0,0.22010000000000002,0.2778,0.374,0.4937,0.5353,0.5352,0.554,0.5630000000000001,0.5554,0.5667,0.6592,0.6175
2026-03-27,Iwik,Sen2Cor,S2B_MSIL2A_20260327T113319_N0512_R080_T28QCH_20260327T152639.SAFE,C:\Users\Simon\Nextcloud\Project\Mauritania\Science\Arguin - FieldWork Data Processing\Data\S2\S2B_MSIL2A_20260327T113319_N0512_R080_T28QCH_20260327T152639.SAFE,195,10035,6348,363485.0,2199685.0,0.21880000000000002,0.27290000000000003,0.3655,0.48410000000000003,0.5304,0.5324,0.5518000000000001,0.5581,0.5547000000000001,0.559,0.6603,0.615
2026-03-27,Iwik,Sen2Cor,S2B_MSIL2A_20260327T113319_N0512_R080_T28QCH_20260327T152639.SAFE,C:\Users\Simon\Nextcloud\Project\Mauritania\Science\Arguin - FieldWork Data Processing\Data\S2\S2B_MSIL2A_20260327T113319_N0512_R080_T28QCH_20260327T152639.SAFE,196,10035,6349,363495.0,2199685.0,0.21880000000000002,0.27390000000000003,0.3645,0.4824,0.5304,0.5324,0.5518000000000001,0.5557,0.5547000000000001,0.559,0.6603,0.615
2026-03-27,Iwik,Sen2Cor,S2B_MSIL2A_20260327T113319_N0512_R080_T28QCH_20260327T152639.SAFE,C:\Users\Simon\Nextcloud\Project\Mauritania\Science\Arguin - FieldWork Data Processing\Data\S2\S2B_MSIL2A_20260327T113319_N0512_R080_T28QCH_20260327T152639.SAFE,197,10035,6350,363505.0,2199685.0,0.2164,0.27390000000000003,0.3647,0.48510000000000003,0.5317000000000001,0.5329,0.5491,0.5537000000000001,0.5534,0.559,0.6571,0.6169
2026-03-27,Iwik,Sen2Cor,S2B_MSIL2A_20260327T113319_N0512_R080_T28QCH_20260327T152639.SAFE,C:\Users\Simon\Nextcloud\Project\Mauritania\Science\Arguin - FieldWork Data Processing\Data\S2\S2B_MSIL2A_20260327T113319_N0512_R080_T28QCH_20260327T152639.SAFE,198,10035,6351,363515.0,2199685.0,0.2164,0.27340000000000003,0.3682,0.4868,0.5317000000000001,0.5329,0.5491,0.5566,0.5534,0.559,0.6571,0.6169
2026-03-27,Iwik,Sen2Cor,S2B_MSIL2A_20260327T113319_N0512_R080_T28QCH_20260327T152639.SAFE,C:\Users\Simon\Nextcloud\Project\Mauritania\Science\Arguin - FieldWork Data Processing\Data\S2\S2B_MSIL2A_20260327T113319_N0512_R080_T28QCH_20260327T152639.SAFE,199,10035,6352,363525.0,2199685.0,0.21380000000000002,0.27080000000000004,0.3669,0.48800000000000004,0.5321,0.5307000000000001,0.5474,0.5581,0.5527000000000001,0.559,0.6572,0.6169
2026-03-27,Iwik,Sen2Cor,S2B_MSIL2A_20260327T113319_N0512_R080_T28QCH_20260327T152639.SAFE,C:\Users\Simon\Nextcloud\Project\Mauritania\Science\Arguin - FieldWork Data Processing\Data\S2\S2B_MSIL2A_20260327T113319_N0512_R080_T28QCH_20260327T152639.SAFE,200,10035,6353,363535.0,2199685.0,0.21380000000000002,0.271,0.3638,0.48360000000000003,0.5321,0.5307000000000001,0.5474,0.5581,0.5527000000000001,0.559,0.6572,0.6169
2026-03-27,Iwik,Sen2Cor,S2B_MSIL2A_20260327T113319_N0512_R080_T28QCH_20260327T152639.SAFE,C:\Users\Simon\Nextcloud\Project\Mauritania\Science\Arguin - FieldWork Data Processing\Data\S2\S2B_MSIL2A_20260327T113319_N0512_R080_T28QCH_20260327T152639.SAFE,201,10035,6354,363545.0,2199685.0,0.21130000000000002,0.2651,0.35960000000000003,0.4812,0.5266000000000001,0.5258,0.5428000000000001,0.5488000000000001,0.5466,0.553,0.6543,0.6134000000000001
2026-03-27,Iwik,Sen2Cor,S2B_MSIL2A_20260327T113319_N0512_R080_T28QCH_20260327T152639.SAFE,C:\Users\Simon\Nextcloud\Project\Mauritania\Science\Arguin - FieldWork Data Processing\Data\S2\S2B_MSIL2A_20260327T113319_N0512_R080_T28QCH_20260327T152639.SAFE,202,10035,6355,363555.0,2199685.0,0.21130000000000002,0.2637,0.3599,0.4797,0.5266000000000001,0.5258,0.5428000000000001,0.5508000000000001,0.5466,0.553,0.6543,0.6134000000000001
2026-03-27,Iwik,Sen2Cor,S2B_MSIL2A_20260327T113319_N0512_R080_T28QCH_20260327T152639.SAFE,C:\Users\Simon\Nextcloud\Project\Mauritania\Science\Arguin - FieldWork Data Processing\Data\S2\S2B_MSIL2A_20260327T113319_N0512_R080_T28QCH_20260327T152639.SAFE,203,10035,6356,363565.0,2199685.0,0.2104,0.2642,0.3572,0.4817,0.5258,0.5289,0.5384,0.5503,0.5427000000000001,0.553,0.6539,0.6131
2026-03-27,Iwik,Sen2Cor,S2B_MSIL2A_20260327T113319_N0512_R080_T28QCH_20260327T152639.SAFE,C:\Users\Simon\Nextcloud\Project\Mauritania\Science\Arguin - FieldWork Data Processing\Data\S2\S2B_MSIL2A_20260327T113319_N0512_R080_T28QCH_20260327T152639.SAFE,204,10035,6357,363575.0,2199685.0,0.2104,0.2686,0.3552,0.47800000000000004,0.5258,0.5289,0.5384,0.5498000000000001,0.5427000000000001,0.553,0.6539,0.6131
2026-03-27,Iwik,Sen2Cor,S2B_MSIL2A_20260327T113319_N0512_R080_T28QCH_20260327T152639.SAFE,C:\Users\Simon\Nextcloud\Project\Mauritania\Science\Arguin - FieldWork Data Processing\Data\S2\S2B_MSIL2A_20260327T113319_N0512_R080_T28QCH_20260327T152639.SAFE,205,10035,6358,363585.0,2199685.0,0.2084,0.2642,0.3552,0.4771,0.5211,0.523,0.5375,0.5469,0.5446,0.553,0.6503,0.6085
2026-03-27,Iwik,Sen2Cor,S2B_MSIL2A_20260327T113319_N0512_R080_T28QCH_20260327T152639.SAFE,C:\Users\Simon\Nextcloud\Project\Mauritania\Science\Arguin - FieldWork Data Processing\Data\S2\S2B_MSIL2A_20260327T113319_N0512_R080_T28QCH_20260327T152639.SAFE,206,10036,6340,363405.0,2199675.0,0.2308,0.29000000000000004,0.3931,0.5146000000000001,0.5534,0.5571,0.5705,0.5874,0.5769000000000001,0.5871000000000001,0.6689,0.6305000000000001
2026-03-27,Iwik,Sen2Cor,S2B_MSIL2A_20260327T113319_N0512_R080_T28QCH_20260327T152639.SAFE,C:\Users\Simon\Nextcloud\Project\Mauritania\Science\Arguin - FieldWork Data Processing\Data\S2\S2B_MSIL2A_20260327T113319_N0512_R080_T28QCH_20260327T152639.SAFE,207,10036,6341,363415.0,2199675.0,0.2308,0.2886,0.38670000000000004,0.5083,0.5534,0.5571,0.5705,0.5815,0.5769000000000001,0.5871000000000001,0.6689,0.6305000000000001
2026-03-27,Iwik,Sen2Cor,S2B_MSIL2A_20260327T113319_N0512_R080_T28QCH_20260327T152639.SAFE,C:\Users\Simon\Nextcloud\Project\Mauritania\Science\Arguin - FieldWork Data Processing\Data\S2\S2B_MSIL2A_20260327T113319_N0512_R080_T28QCH_20260327T152639.SAFE,208,10036,6342,363425.0,2199675.0,0.2268,0.2847,0.3799,0.5024000000000001,0.5438000000000001,0.545,0.559,0.5737,0.5660000000000001,0.5667,0.6603,0.6197
2026-03-27,Iwik,Sen2Cor,S2B_MSIL2A_20260327T113319_N0512_R080_T28QCH_20260327T152639.SAFE,C:\Users\Simon\Nextcloud\Project\Mauritania\Science\Arguin - FieldWork Data Processing\Data\S2\S2B_MSIL2A_20260327T113319_N0512_R080_T28QCH_20260327T152639.SAFE,209,10036,6343,363435.0,2199675.0,0.2268,0.2771,0.3704,0.4929,0.5438000000000001,0.545,0.559,0.5615,0.5660000000000001,0.5667,0.6603,0.6197
2026-03-27,Iwik,Sen2Cor,S2B_MSIL2A_20260327T113319_N0512_R080_T28QCH_20260327T152639.SAFE,C:\Users\Simon\Nextcloud\Project\Mauritania\Science\Arguin - FieldWork Data Processing\Data\S2\S2B_MSIL2A_20260327T113319_N0512_R080_T28QCH_20260327T152639.SAFE,210,10036,6344,363445.0,2199675.0,0.2222,0.27340000000000003,0.3635,0.48610000000000003,0.5294,0.5273,0.5442,0.5586,0.5491,0.5667,0.6525000000000001,0.6102000000000001
2026-03-27,Iwik,Sen2Cor,S2B_MSIL2A_20260327T113319_N0512_R080_T28QCH_20260327T152639.SAFE,C:\Users\Simon\Nextcloud\Project\Mauritania\Science\Arguin - FieldWork Data Processing\Data\S2\S2B_MSIL2A_20260327T113319_N0512_R080_T28QCH_20260327T152639.SAFE,211,10036,6345,363455.0,2199675.0,0.2222,0.2747,0.36160000000000003,0.4849,0.5294,0.5273,0.5442,0.5576,0.5491,0.5667,0.6525000000000001,0.6102000000000001
2026-03-27,Iwik,Sen2Cor,S2B_MSIL2A_20260327T113319_N0512_R080_T28QCH_20260327T152639.SAFE,C:\Users\Simon\Nextcloud\Project\Mauritania\Science\Arguin - FieldWork Data Processing\Data\S2\S2B_MSIL2A_20260327T113319_N0512_R080_T28QCH_20260327T152639.SAFE,212,10036,6346,363465.0,2199675.0,0.22010000000000002,0.2771,0.3667,0.4907,0.5294,0.5354,0.5522,0.5664,0.5549000000000001,0.5667,0.6575000000000001,0.6142000000000001
2026-03-27,Iwik,Sen2Cor,S2B_MSIL2A_20260327T113319_N0512_R080_T28QCH_20260327T152639.SAFE,C:\Users\Simon\Nextcloud\Project\Mauritania\Science\Arguin - FieldWork Data Processing\Data\S2\S2B_MSIL2A_20260327T113319_N0512_R080_T28QCH_20260327T152639.SAFE,213,10036,6347,363475.0,2199675.0,0.22010000000000002,0.27590000000000003,0.36910000000000004,0.4912,0.5294,0.5354,0.5522,0.562,0.5549000000000001,0.5667,0.6575000000000001,0.6142000000000001
2026-03-27,Iwik,Sen2Cor,S2B_MSIL2A_20260327T113319_N0512_R080_T28QCH_20260327T152639.SAFE,C:\Users\Simon\Nextcloud\Project\Mauritania\Science\Arguin - FieldWork Data Processing\Data\S2\S2B_MSIL2A_20260327T113319_N0512_R080_T28QCH_20260327T152639.SAFE,214,10036,6348,363485.0,2199675.0,0.2177,0.2715,0.364,0.4873,0.5286000000000001,0.5294,0.5487000000000001,0.5605,0.5526,0.559,0.6563,0.6122000000000001
2026-03-27,Iwik,Sen2Cor,S2B_MSIL2A_20260327T113319_N0512_R080_T28QCH_20260327T152639.SAFE,C:\Users\Simon\Nextcloud\Project\Mauritania\Science\Arguin - FieldWork Data Processing\Data\S2\S2B_MSIL2A_20260327T113319_N0512_R080_T28QCH_20260327T152639.SAFE,215,10036,6349,363495.0,2199675.0,0.2177,0.2686,0.3613,0.4868,0.5286000000000001,0.5294,0.5487000000000001,0.5547000000000001,0.5526,0.559,0.6563,0.6122000000000001
2026-03-27,Iwik,Sen2Cor,S2B_MSIL2A_20260327T113319_N0512_R080_T28QCH_20260327T152639.SAFE,C:\Users\Simon\Nextcloud\Project\Mauritania\Science\Arguin - FieldWork Data Processing\Data\S2\S2B_MSIL2A_20260327T113319_N0512_R080_T28QCH_20260327T152639.SAFE,216,10036,6350,363505.0,2199675.0,0.2154,0.2659,0.35910000000000003,0.4854,0.5263,0.5267000000000001,0.5412,0.5571,0.5482,0.559,0.6559,0.6154000000000001
2026-03-27,Iwik,Sen2Cor,S2B_MSIL2A_20260327T113319_N0512_R080_T28QCH_20260327T152639.SAFE,C:\Users\Simon\Nextcloud\Project\Mauritania\Science\Arguin - FieldWork Data Processing\Data\S2\S2B_MSIL2A_20260327T113319_N0512_R080_T28QCH_20260327T152639.SAFE,217,10036,6351,363515.0,2199675.0,0.2154,0.2681,0.3599,0.48190000000000005,0.5263,0.5267000000000001,0.5412,0.5562,0.5482,0.559,0.6559,0.6154000000000001
2026-03-27,Iwik,Sen2Cor,S2B_MSIL2A_20260327T113319_N0512_R080_T28QCH_20260327T152639.SAFE,C:\Users\Simon\Nextcloud\Project\Mauritania\Science\Arguin - FieldWork Data Processing\Data\S2\S2B_MSIL2A_20260327T113319_N0512_R080_T28QCH_20260327T152639.SAFE,218,10036,6352,363525.0,2199675.0,0.21280000000000002,0.2671,0.36010000000000003,0.47750000000000004,0.5206000000000001,0.5222,0.5384,0.5498000000000001,0.5439,0.559,0.6526000000000001,0.6111
2026-03-27,Iwik,Sen2Cor,S2B_MSIL2A_20260327T113319_N0512_R080_T28QCH_20260327T152639.SAFE,C:\Users\Simon\Nextcloud\Project\Mauritania\Science\Arguin - FieldWork Data Processing\Data\S2\S2B_MSIL2A_20260327T113319_N0512_R080_T28QCH_20260327T152639.SAFE,219,10036,6353,363535.0,2199675.0,0.21280000000000002,0.26930000000000004,0.3608,0.47900000000000004,0.5206000000000001,0.5222,0.5384,0.5493,0.5439,0.559,0.6526000000000001,0.6111
2026-03-27,Iwik,Sen2Cor,S2B_MSIL2A_20260327T113319_N0512_R080_T28QCH_20260327T152639.SAFE,C:\Users\Simon\Nextcloud\Project\Mauritania\Science\Arguin - FieldWork Data Processing\Data\S2\S2B_MSIL2A_20260327T113319_N0512_R080_T28QCH_20260327T152639.SAFE,220,10036,6354,363545.0,2199675.0,0.21150000000000002,0.27080000000000004,0.3613,0.47900000000000004,0.5214,0.523,0.5367000000000001,0.5464,0.5422,0.553,0.6516000000000001,0.6094
2026-03-27,Iwik,Sen2Cor,S2B_MSIL2A_20260327T113319_N0512_R080_T28QCH_20260327T152639.SAFE,C:\Users\Simon\Nextcloud\Project\Mauritania\Science\Arguin - FieldWork Data Processing\Data\S2\S2B_MSIL2A_20260327T113319_N0512_R080_T28QCH_20260327T152639.SAFE,221,10036,6355,363555.0,2199675.0,0.21150000000000002,0.26830000000000004,0.36160000000000003,0.47850000000000004,0.5214,0.523,0.5367000000000001,0.5488000000000001,0.5422,0.553,0.6516000000000001,0.6094
2026-03-27,Iwik,Sen2Cor,S2B_MSIL2A_20260327T113319_N0512_R080_T28QCH_20260327T152639.SAFE,C:\Users\Simon\Nextcloud\Project\Mauritania\Science\Arguin - FieldWork Data Processing\Data\S2\S2B_MSIL2A_20260327T113319_N0512_R080_T28QCH_20260327T152639.SAFE,222,10036,6356,363565.0,2199675.0,0.2097,0.271,0.3623,0.4822,0.5207,0.5229,0.5351,0.5527000000000001,0.5395,0.553,0.6479,0.6063000000000001
2026-03-27,Iwik,Sen2Cor,S2B_MSIL2A_20260327T113319_N0512_R080_T28QCH_20260327T152639.SAFE,C:\Users\Simon\Nextcloud\Project\Mauritania\Science\Arguin - FieldWork Data Processing\Data\S2\S2B_MSIL2A_20260327T113319_N0512_R080_T28QCH_20260327T152639.SAFE,223,10036,6357,363575.0,2199675.0,0.2097,0.26680000000000004,0.3567,0.4822,0.5207,0.5229,0.5351,0.5474,0.5395,0.553,0.6479,0.6063000000000001
2026-03-27,Iwik,Sen2Cor,S2B_MSIL2A_20260327T113319_N0512_R080_T28QCH_20260327T152639.SAFE,C:\Users\Simon\Nextcloud\Project\Mauritania\Science\Arguin - FieldWork Data Processing\Data\S2\S2B_MSIL2A_20260327T113319_N0512_R080_T28QCH_20260327T152639.SAFE,224,10036,6358,363585.0,2199675.0,0.2082,0.2659,0.35350000000000004,0.4758,0.5205000000000001,0.5186000000000001,0.5352,0.5444,0.5373,0.553,0.6463,0.6024
2026-03-27,Iwik,Sen2Cor,S2B_MSIL2A_20260327T113319_N0512_R080_T28QCH_20260327T152639.SAFE,C:\Users\Simon\Nextcloud\Project\Mauritania\Science\Arguin - FieldWork Data Processing\Data\S2\S2B_MSIL2A_20260327T113319_N0512_R080_T28QCH_20260327T152639.SAFE,225,10037,6340,363405.0,2199665.0,0.2308,0.2932,0.38570000000000004,0.5103,0.5534,0.5571,0.5705,0.5791000000000001,0.5769000000000001,0.5871000000000001,0.6689,0.6305000000000001
2026-03-27,Iwik,Sen2Cor,S2B_MSIL2A_20260327T113319_N0512_R080_T28QCH_20260327T152639.SAFE,C:\Users\Simon\Nextcloud\Project\Mauritania\Science\Arguin - FieldWork Data Processing\Data\S2\S2B_MSIL2A_20260327T113319_N0512_R080_T28QCH_20260327T152639.SAFE,226,10037,6341,363415.0,2199665.0,0.2308,0.2942,0.386,0.5078,0.5534,0.5571,0.5705,0.5776,0.5769000000000001,0.5871000000000001,0.6689,0.6305000000000001
2026-03-27,Iwik,Sen2Cor,S2B_MSIL2A_20260327T113319_N0512_R080_T28QCH_20260327T152639.SAFE,C:\Users\Simon\Nextcloud\Project\Mauritania\Science\Arguin - FieldWork Data Processing\Data\S2\S2B_MSIL2A_20260327T113319_N0512_R080_T28QCH_20260327T152639.SAFE,227,10037,6342,363425.0,2199665.0,0.2268,0.2891,0.3799,0.5024000000000001,0.5438000000000001,0.545,0.559,0.5713,0.5660000000000001,0.5667,0.6603,0.6197
2026-03-27,Iwik,Sen2Cor,S2B_MSIL2A_20260327T113319_N0512_R080_T28QCH_20260327T152639.SAFE,C:\Users\Simon\Nextcloud\Project\Mauritania\Science\Arguin - FieldWork Data Processing\Data\S2\S2B_MSIL2A_20260327T113319_N0512_R080_T28QCH_20260327T152639.SAFE,228,10037,6343,363435.0,2199665.0,0.2268,0.281,0.37060000000000004,0.49050000000000005,0.5438000000000001,0.545,0.559,0.561,0.5660000000000001,0.5667,0.6603,0.6197
2026-03-27,Iwik,Sen2Cor,S2B_MSIL2A_20260327T113319_N0512_R080_T28QCH_20260327T152639.SAFE,C:\Users\Simon\Nextcloud\Project\Mauritania\Science\Arguin - FieldWork Data Processing\Data\S2\S2B_MSIL2A_20260327T113319_N0512_R080_T28QCH_20260327T152639.SAFE,229,10037,6344,363445.0,2199665.0,0.2222,0.2717,0.3662,0.4812,0.5294,0.5273,0.5442,0.5513,0.5491,0.5667,0.6525000000000001,0.6102000000000001
2026-03-27,Iwik,Sen2Cor,S2B_MSIL2A_20260327T113319_N0512_R080_T28QCH_20260327T152639.SAFE,C:\Users\Simon\Nextcloud\Project\Mauritania\Science\Arguin - FieldWork Data Processing\Data\S2\S2B_MSIL2A_20260327T113319_N0512_R080_T28QCH_20260327T152639.SAFE,230,10037,6345,363455.0,2199665.0,0.2222,0.26780000000000004,0.36060000000000003,0.4783,0.5294,0.5273,0.5442,0.5479,0.5491,0.5667,0.6525000000000001,0.6102000000000001
2026-03-27,Iwik,Sen2Cor,S2B_MSIL2A_20260327T113319_N0512_R080_T28QCH_20260327T152639.SAFE,C:\Users\Simon\Nextcloud\Project\Mauritania\Science\Arguin - FieldWork Data Processing\Data\S2\S2B_MSIL2A_20260327T113319_N0512_R080_T28QCH_20260327T152639.SAFE,231,10037,6346,363465.0,2199665.0,0.22010000000000002,0.27490000000000003,0.3665,0.48710000000000003,0.5294,0.5354,0.5522,0.5601,0.5549000000000001,0.5667,0.6575000000000001,0.6142000000000001
2026-03-27,Iwik,Sen2Cor,S2B_MSIL2A_20260327T113319_N0512_R080_T28QCH_20260327T152639.SAFE,C:\Users\Simon\Nextcloud\Project\Mauritania\Science\Arguin - FieldWork Data Processing\Data\S2\S2B_MSIL2A_20260327T113319_N0512_R080_T28QCH_20260327T152639.SAFE,232,10037,6347,363475.0,2199665.0,0.22010000000000002,0.2747,0.3672,0.48660000000000003,0.5294,0.5354,0.5522,0.5562,0.5549000000000001,0.5667,0.6575000000000001,0.6142000000000001
2026-03-27,Iwik,Sen2Cor,S2B_MSIL2A_20260327T113319_N0512_R080_T28QCH_20260327T152639.SAFE,C:\Users\Simon\Nextcloud\Project\Mauritania\Science\Arguin - FieldWork Data Processing\Data\S2\S2B_MSIL2A_20260327T113319_N0512_R080_T28QCH_20260327T152639.SAFE,233,10037,6348,363485.0,2199665.0,0.2177,0.2661,0.3623,0.4792,0.5286000000000001,0.5294,0.5487000000000001,0.5547000000000001,0.5526,0.559,0.6563,0.6122000000000001
2026-03-27,Iwik,Sen2Cor,S2B_MSIL2A_20260327T113319_N0512_R080_T28QCH_20260327T152639.SAFE,C:\Users\Simon\Nextcloud\Project\Mauritania\Science\Arguin - FieldWork Data Processing\Data\S2\S2B_MSIL2A_20260327T113319_N0512_R080_T28QCH_20260327T152639.SAFE,234,10037,6349,363495.0,2199665.0,0.2177,0.26780000000000004,0.3599,0.4812,0.5286000000000001,0.5294,0.5487000000000001,0.5527000000000001,0.5526,0.559,0.6563,0.6122000000000001
2026-03-27,Iwik,Sen2Cor,S2B_MSIL2A_20260327T113319_N0512_R080_T28QCH_20260327T152639.SAFE,C:\Users\Simon\Nextcloud\Project\Mauritania\Science\Arguin - FieldWork Data Processing\Data\S2\S2B_MSIL2A_20260327T113319_N0512_R080_T28QCH_20260327T152639.SAFE,235,10037,6350,363505.0,2199665.0,0.2154,0.2705,0.3618,0.4822,0.5263,0.5267000000000001,0.5412,0.5522,0.5482,0.559,0.6559,0.6154000000000001
2026-03-27,Iwik,Sen2Cor,S2B_MSIL2A_20260327T113319_N0512_R080_T28QCH_20260327T152639.SAFE,C:\Users\Simon\Nextcloud\Project\Mauritania\Science\Arguin - FieldWork Data Processing\Data\S2\S2B_MSIL2A_20260327T113319_N0512_R080_T28QCH_20260327T152639.SAFE,236,10037,6351,363515.0,2199665.0,0.2154,0.26730000000000004,0.35600000000000004,0.47800000000000004,0.5263,0.5267000000000001,0.5412,0.5435,0.5482,0.559,0.6559,0.6154000000000001
2026-03-27,Iwik,Sen2Cor,S2B_MSIL2A_20260327T113319_N0512_R080_T28QCH_20260327T152639.SAFE,C:\Users\Simon\Nextcloud\Project\Mauritania\Science\Arguin - FieldWork Data Processing\Data\S2\S2B_MSIL2A_20260327T113319_N0512_R080_T28QCH_20260327T152639.SAFE,237,10037,6352,363525.0,2199665.0,0.21280000000000002,0.26030000000000003,0.3538,0.47240000000000004,0.5206000000000001,0.5222,0.5384,0.543,0.5439,0.559,0.6526000000000001,0.6111
2026-03-27,Iwik,Sen2Cor,S2B_MSIL2A_20260327T113319_N0512_R080_T28QCH_20260327T152639.SAFE,C:\Users\Simon\Nextcloud\Project\Mauritania\Science\Arguin - FieldWork Data Processing\Data\S2\S2B_MSIL2A_20260327T113319_N0512_R080_T28QCH_20260327T152639.SAFE,238,10037,6353,363535.0,2199665.0,0.21280000000000002,0.2644,0.3577,0.4741,0.5206000000000001,0.5222,0.5384,0.5415,0.5439,0.559,0.6526000000000001,0.6111
2026-03-27,Iwik,Sen2Cor,S2B_MSIL2A_20260327T113319_N0512_R080_T28QCH_20260327T152639.SAFE,C:\Users\Simon\Nextcloud\Project\Mauritania\Science\Arguin - FieldWork Data Processing\Data\S2\S2B_MSIL2A_20260327T113319_N0512_R080_T28QCH_20260327T152639.SAFE,239,10037,6354,363545.0,2199665.0,0.21150000000000002,0.272,0.36210000000000003,0.4832,0.5214,0.523,0.5367000000000001,0.5479,0.5422,0.553,0.6516000000000001,0.6094
2026-03-27,Iwik,Sen2Cor,S2B_MSIL2A_20260327T113319_N0512_R080_T28QCH_20260327T152639.SAFE,C:\Users\Simon\Nextcloud\Project\Mauritania\Science\Arguin - FieldWork Data Processing\Data\S2\S2B_MSIL2A_20260327T113319_N0512_R080_T28QCH_20260327T152639.SAFE,240,10037,6355,363555.0,2199665.0,0.21150000000000002,0.2712,0.36210000000000003,0.4797,0.5214,0.523,0.5367000000000001,0.5488000000000001,0.5422,0.553,0.6516000000000001,0.6094
2026-03-27,Iwik,Sen2Cor,S2B_MSIL2A_20260327T113319_N0512_R080_T28QCH_20260327T152639.SAFE,C:\Users\Simon\Nextcloud\Project\Mauritania\Science\Arguin - FieldWork Data Processing\Data\S2\S2B_MSIL2A_20260327T113319_N0512_R080_T28QCH_20260327T152639.SAFE,241,10037,6356,363565.0,2199665.0,0.2097,0.26930000000000004,0.3608,0.4756,0.5207,0.5229,0.5351,0.5439,0.5395,0.553,0.6479,0.6063000000000001
2026-03-27,Iwik,Sen2Cor,S2B_MSIL2A_20260327T113319_N0512_R080_T28QCH_20260327T152639.SAFE,C:\Users\Simon\Nextcloud\Project\Mauritania\Science\Arguin - FieldWork Data Processing\Data\S2\S2B_MSIL2A_20260327T113319_N0512_R080_T28QCH_20260327T152639.SAFE,242,10037,6357,363575.0,2199665.0,0.2097,0.2659,0.35500000000000004,0.4753,0.5207,0.5229,0.5351,0.542,0.5395,0.553,0.6479,0.6063000000000001
2026-03-27,Iwik,Sen2Cor,S2B_MSIL2A_20260327T113319_N0512_R080_T28QCH_20260327T152639.SAFE,C:\Users\Simon\Nextcloud\Project\Mauritania\Science\Arguin - FieldWork Data Processing\Data\S2\S2B_MSIL2A_20260327T113319_N0512_R080_T28QCH_20260327T152639.SAFE,243,10037,6358,363585.0,2199665.0,0.2082,0.2634,0.35450000000000004,0.47340000000000004,0.5205000000000001,0.5186000000000001,0.5352,0.5415,0.5373,0.553,0.6463,0.6024
2026-03-27,Iwik,Sen2Cor,S2B_MSIL2A_20260327T113319_N0512_R080_T28QCH_20260327T152639.SAFE,C:\Users\Simon\Nextcloud\Project\Mauritania\Science\Arguin - FieldWork Data Processing\Data\S2\S2B_MSIL2A_20260327T113319_N0512_R080_T28QCH_20260327T152639.SAFE,244,10038,6339,363395.0,2199655.0,0.2343,0.28150000000000003,0.3801,0.5073,0.5569000000000001,0.5545,0.5713,0.5815,0.5759000000000001,0.5811000000000001,0.6722,0.6346
2026-03-27,Iwik,Sen2Cor,S2B_MSIL2A_20260327T113319_N0512_R080_T28QCH_20260327T152639.SAFE,C:\Users\Simon\Nextcloud\Project\Mauritania\Science\Arguin - FieldWork Data Processing\Data\S2\S2B_MSIL2A_20260327T113319_N0512_R080_T28QCH_20260327T152639.SAFE,245,10038,6340,363405.0,2199655.0,0.2311,0.2883,0.3789,0.5103,0.5567,0.5562,0.5702,0.5742,0.5751000000000001,0.5811000000000001,0.6703,0.6311
2026-03-27,Iwik,Sen2Cor,S2B_MSIL2A_20260327T113319_N0512_R080_T28QCH_20260327T152639.SAFE,C:\Users\Simon\Nextcloud\Project\Mauritania\Science\Arguin - FieldWork Data Processing\Data\S2\S2B_MSIL2A_20260327T113319_N0512_R080_T28QCH_20260327T152639.SAFE,246,10038,6341,363415.0,2199655.0,0.2311,0.29150000000000004,0.3875,0.5098,0.5567,0.5562,0.5702,0.5801000000000001,0.5751000000000001,0.5811000000000001,0.6703,0.6311
2026-03-27,Iwik,Sen2Cor,S2B_MSIL2A_20260327T113319_N0512_R080_T28QCH_20260327T152639.SAFE,C:\Users\Simon\Nextcloud\Project\Mauritania\Science\Arguin - FieldWork Data Processing\Data\S2\S2B_MSIL2A_20260327T113319_N0512_R080_T28QCH_20260327T152639.SAFE,247,10038,6342,363425.0,2199655.0,0.226,0.29100000000000004,0.38570000000000004,0.5068,0.5487000000000001,0.5447000000000001,0.5615,0.5767,0.5630000000000001,0.5641,0.6628000000000001,0.6214000000000001
2026-03-27,Iwik,Sen2Cor,S2B_MSIL2A_20260327T113319_N0512_R080_T28QCH_20260327T152639.SAFE,C:\Users\Simon\Nextcloud\Project\Mauritania\Science\Arguin - FieldWork Data Processing\Data\S2\S2B_MSIL2A_20260327T113319_N0512_R080_T28QCH_20260327T152639.SAFE,248,10038,6343,363435.0,2199655.0,0.226,0.2795,0.3799,0.4988,0.5487000000000001,0.5447000000000001,0.5615,0.5684,0.5630000000000001,0.5641,0.6628000000000001,0.6214000000000001
2026-03-27,Iwik,Sen2Cor,S2B_MSIL2A_20260327T113319_N0512_R080_T28QCH_20260327T152639.SAFE,C:\Users\Simon\Nextcloud\Project\Mauritania\Science\Arguin - FieldWork Data Processing\Data\S2\S2B_MSIL2A_20260327T113319_N0512_R080_T28QCH_20260327T152639.SAFE,249,10038,6344,363445.0,2199655.0,0.22160000000000002,0.27440000000000003,0.37210000000000004,0.4878,0.5331,0.5321,0.5489,0.5615,0.5516,0.5641,0.6545000000000001,0.6125
2026-03-27,Iwik,Sen2Cor,S2B_MSIL2A_20260327T113319_N0512_R080_T28QCH_20260327T152639.SAFE,C:\Users\Simon\Nextcloud\Project\Mauritania\Science\Arguin - FieldWork Data Processing\Data\S2\S2B_MSIL2A_20260327T113319_N0512_R080_T28QCH_20260327T152639.SAFE,250,10038,6345,363455.0,2199655.0,0.22160000000000002,0.2732,0.3677,0.4844,0.5331,0.5321,0.5489,0.5571,0.5516,0.5641,0.6545000000000001,0.6125
2026-03-27,Iwik,Sen2Cor,S2B_MSIL2A_20260327T113319_N0512_R080_T28QCH_20260327T152639.SAFE,C:\Users\Simon\Nextcloud\Project\Mauritania\Science\Arguin - FieldWork Data Processing\Data\S2\S2B_MSIL2A_20260327T113319_N0512_R080_T28QCH_20260327T152639.SAFE,251,10038,6346,363465.0,2199655.0,0.2194,0.2727,0.3657,0.48460000000000003,0.5257000000000001,0.5274,0.5447000000000001,0.5562,0.5467000000000001,0.5641,0.6521,0.61
2026-03-27,Iwik,Sen2Cor,S2B_MSIL2A_20260327T113319_N0512_R080_T28QCH_20260327T152639.SAFE,C:\Users\Simon\Nextcloud\Project\Mauritania\Science\Arguin - FieldWork Data Processing\Data\S2\S2B_MSIL2A_20260327T113319_N0512_R080_T28QCH_20260327T152639.SAFE,252,10038,6347,363475.0,2199655.0,0.2194,0.2715,0.3655,0.48190000000000005,0.5257000000000001,0.5274,0.5447000000000001,0.5498000000000001,0.5467000000000001,0.5641,0.6521,0.61
2026-03-27,Iwik,Sen2Cor,S2B_MSIL2A_20260327T113319_N0512_R080_T28QCH_20260327T152639.SAFE,C:\Users\Simon\Nextcloud\Project\Mauritania\Science\Arguin - FieldWork Data Processing\Data\S2\S2B_MSIL2A_20260327T113319_N0512_R080_T28QCH_20260327T152639.SAFE,253,10038,6348,363485.0,2199655.0,0.2169,0.26730000000000004,0.36110000000000003,0.4763,0.5225000000000001,0.5202,0.5365,0.5435,0.5405,0.5484,0.6487,0.6073000000000001
2026-03-27,Iwik,Sen2Cor,S2B_MSIL2A_20260327T113319_N0512_R080_T28QCH_20260327T152639.SAFE,C:\Users\Simon\Nextcloud\Project\Mauritania\Science\Arguin - FieldWork Data Processing\Data\S2\S2B_MSIL2A_20260327T113319_N0512_R080_T28QCH_20260327T152639.SAFE,254,10038,6349,363495.0,2199655.0,0.2169,0.2646,0.3574,0.4773,0.5225000000000001,0.5202,0.5365,0.5474,0.5405,0.5484,0.6487,0.6073000000000001
2026-03-27,Iwik,Sen2Cor,S2B_MSIL2A_20260327T113319_N0512_R080_T28QCH_20260327T152639.SAFE,C:\Users\Simon\Nextcloud\Project\Mauritania\Science\Arguin - FieldWork Data Processing\Data\S2\S2B_MSIL2A_20260327T113319_N0512_R080_T28QCH_20260327T152639.SAFE,255,10038,6350,363505.0,2199655.0,0.21450000000000002,0.25980000000000003,0.3572,0.47900000000000004,0.5232,0.5185000000000001,0.5364,0.5498000000000001,0.5416000000000001,0.5484,0.6492,0.6088
2026-03-27,Iwik,Sen2Cor,S2B_MSIL2A_20260327T113319_N0512_R080_T28QCH_20260327T152639.SAFE,C:\Users\Simon\Nextcloud\Project\Mauritania\Science\Arguin - FieldWork Data Processing\Data\S2\S2B_MSIL2A_20260327T113319_N0512_R080_T28QCH_20260327T152639.SAFE,256,10038,6351,363515.0,2199655.0,0.21450000000000002,0.2661,0.35960000000000003,0.48050000000000004,0.5232,0.5185000000000001,0.5364,0.5488000000000001,0.5416000000000001,0.5484,0.6492,0.6088
2026-03-27,Iwik,Sen2Cor,S2B_MSIL2A_20260327T113319_N0512_R080_T28QCH_20260327T152639.SAFE,C:\Users\Simon\Nextcloud\Project\Mauritania\Science\Arguin - FieldWork Data Processing\Data\S2\S2B_MSIL2A_20260327T113319_N0512_R080_T28QCH_20260327T152639.SAFE,257,10038,6352,363525.0,2199655.0,0.2122,0.2617,0.3542,0.4746,0.517,0.5147,0.5328,0.5454,0.5372,0.5484,0.6466000000000001,0.6033000000000001
2026-03-27,Iwik,Sen2Cor,S2B_MSIL2A_20260327T113319_N0512_R080_T28QCH_20260327T152639.SAFE,C:\Users\Simon\Nextcloud\Project\Mauritania\Science\Arguin - FieldWork Data Processing\Data\S2\S2B_MSIL2A_20260327T113319_N0512_R080_T28QCH_20260327T152639.SAFE,258,10038,6353,363535.0,2199655.0,0.2122,0.25420000000000004,0.3452,0.4626,0.517,0.5147,0.5328,0.5352,0.5372,0.5484,0.6466000000000001,0.6033000000000001
2026-03-27,Iwik,Sen2Cor,S2B_MSIL2A_20260327T113319_N0512_R080_T28QCH_20260327T152639.SAFE,C:\Users\Simon\Nextcloud\Project\Mauritania\Science\Arguin - FieldWork Data Processing\Data\S2\S2B_MSIL2A_20260327T113319_N0512_R080_T28QCH_20260327T152639.SAFE,259,10038,6354,363545.0,2199655.0,0.21130000000000002,0.2646,0.3562,0.47090000000000004,0.5151,0.5155000000000001,0.5305,0.5347000000000001,0.536,0.5457000000000001,0.6418,0.6017
2026-03-27,Iwik,Sen2Cor,S2B_MSIL2A_20260327T113319_N0512_R080_T28QCH_20260327T152639.SAFE,C:\Users\Simon\Nextcloud\Project\Mauritania\Science\Arguin - FieldWork Data Processing\Data\S2\S2B_MSIL2A_20260327T113319_N0512_R080_T28QCH_20260327T152639.SAFE,260,10038,6355,363555.0,2199655.0,0.21130000000000002,0.27440000000000003,0.3613,0.47290000000000004,0.5151,0.5155000000000001,0.5305,0.542,0.536,0.5457000000000001,0.6418,0.6017
2026-03-27,Iwik,Sen2Cor,S2B_MSIL2A_20260327T113319_N0512_R080_T28QCH_20260327T152639.SAFE,C:\Users\Simon\Nextcloud\Project\Mauritania\Science\Arguin - FieldWork Data Processing\Data\S2\S2B_MSIL2A_20260327T113319_N0512_R080_T28QCH_20260327T152639.SAFE,261,10038,6356,363565.0,2199655.0,0.2099,0.271,0.36110000000000003,0.4741,0.5175000000000001,0.5163,0.5352,0.5425,0.5374,0.5457000000000001,0.6448,0.6028
2026-03-27,Iwik,Sen2Cor,S2B_MSIL2A_20260327T113319_N0512_R080_T28QCH_20260327T152639.SAFE,C:\Users\Simon\Nextcloud\Project\Mauritania\Science\Arguin - FieldWork Data Processing\Data\S2\S2B_MSIL2A_20260327T113319_N0512_R080_T28QCH_20260327T152639.SAFE,262,10038,6357,363575.0,2199655.0,0.2099,0.2612,0.3521,0.47140000000000004,0.5175000000000001,0.5163,0.5352,0.5386000000000001,0.5374,0.5457000000000001,0.6448,0.6028
2026-03-27,Iwik,Sen2Cor,S2B_MSIL2A_20260327T113319_N0512_R080_T28QCH_20260327T152639.SAFE,C:\Users\Simon\Nextcloud\Project\Mauritania\Science\Arguin - FieldWork Data Processing\Data\S2\S2B_MSIL2A_20260327T113319_N0512_R080_T28QCH_20260327T152639.SAFE,263,10038,6358,363585.0,2199655.0,0.2086,0.262,0.35500000000000004,0.47000000000000003,0.5226000000000001,0.5188,0.5328,0.542,0.5351,0.5457000000000001,0.645,0.5993
2026-03-27,Iwik,Sen2Cor,S2B_MSIL2A_20260327T113319_N0512_R080_T28QCH_20260327T152639.SAFE,C:\Users\Simon\Nextcloud\Project\Mauritania\Science\Arguin - FieldWork Data Processing\Data\S2\S2B_MSIL2A_20260327T113319_N0512_R080_T28QCH_20260327T152639.SAFE,264,10039,6339,363395.0,2199645.0,0.2343,0.2832,0.37620000000000003,0.502,0.5569000000000001,0.5545,0.5713,0.5791000000000001,0.5759000000000001,0.5811000000000001,0.6722,0.6346
2026-03-27,Iwik,Sen2Cor,S2B_MSIL2A_20260327T113319_N0512_R080_T28QCH_20260327T152639.SAFE,C:\Users\Simon\Nextcloud\Project\Mauritania\Science\Arguin - FieldWork Data Processing\Data\S2\S2B_MSIL2A_20260327T113319_N0512_R080_T28QCH_20260327T152639.SAFE,265,10039,6340,363405.0,2199645.0,0.2311,0.2913,0.38130000000000003,0.5132,0.5567,0.5562,0.5702,0.5801000000000001,0.5751000000000001,0.5811000000000001,0.6703,0.6311
2026-03-27,Iwik,Sen2Cor,S2B_MSIL2A_20260327T113319_N0512_R080_T28QCH_20260327T152639.SAFE,C:\Users\Simon\Nextcloud\Project\Mauritania\Science\Arguin - FieldWork Data Processing\Data\S2\S2B_MSIL2A_20260327T113319_N0512_R080_T28QCH_20260327T152639.SAFE,266,10039,6341,363415.0,2199645.0,0.2311,0.2874,0.38920000000000005,0.5132,0.5567,0.5562,0.5702,0.5762,0.5751000000000001,0.5811000000000001,0.6703,0.6311
2026-03-27,Iwik,Sen2Cor,S2B_MSIL2A_20260327T113319_N0512_R080_T28QCH_20260327T152639.SAFE,C:\Users\Simon\Nextcloud\Project\Mauritania\Science\Arguin - FieldWork Data Processing\Data\S2\S2B_MSIL2A_20260327T113319_N0512_R080_T28QCH_20260327T152639.SAFE,267,10039,6342,363425.0,2199645.0,0.226,0.2881,0.38380000000000003,0.5044000000000001,0.5487000000000001,0.5447000000000001,0.5615,0.5723,0.5630000000000001,0.5641,0.6628000000000001,0.6214000000000001
2026-03-27,Iwik,Sen2Cor,S2B_MSIL2A_20260327T113319_N0512_R080_T28QCH_20260327T152639.SAFE,C:\Users\Simon\Nextcloud\Project\Mauritania\Science\Arguin - FieldWork Data Processing\Data\S2\S2B_MSIL2A_20260327T113319_N0512_R080_T28QCH_20260327T152639.SAFE,268,10039,6343,363435.0,2199645.0,0.226,0.2786,0.3779,0.502,0.5487000000000001,0.5447000000000001,0.5615,0.5718,0.5630000000000001,0.5641,0.6628000000000001,0.6214000000000001
2026-03-27,Iwik,Sen2Cor,S2B_MSIL2A_20260327T113319_N0512_R080_T28QCH_20260327T152639.SAFE,C:\Users\Simon\Nextcloud\Project\Mauritania\Science\Arguin - FieldWork Data Processing\Data\S2\S2B_MSIL2A_20260327T113319_N0512_R080_T28QCH_20260327T152639.SAFE,269,10039,6344,363445.0,2199645.0,0.22160000000000002,0.28300000000000003,0.37670000000000003,0.4993,0.5331,0.5321,0.5489,0.5718,0.5516,0.5641,0.6545000000000001,0.6125
2026-03-27,Iwik,Sen2Cor,S2B_MSIL2A_20260327T113319_N0512_R080_T28QCH_20260327T152639.SAFE,C:\Users\Simon\Nextcloud\Project\Mauritania\Science\Arguin - FieldWork Data Processing\Data\S2\S2B_MSIL2A_20260327T113319_N0512_R080_T28QCH_20260327T152639.SAFE,270,10039,6345,363455.0,2199645.0,0.22160000000000002,0.2778,0.37260000000000004,0.49150000000000005,0.5331,0.5321,0.5489,0.5640000000000001,0.5516,0.5641,0.6545000000000001,0.6125
2026-03-27,Iwik,Sen2Cor,S2B_MSIL2A_20260327T113319_N0512_R080_T28QCH_20260327T152639.SAFE,C:\Users\Simon\Nextcloud\Project\Mauritania\Science\Arguin - FieldWork Data Processing\Data\S2\S2B_MSIL2A_20260327T113319_N0512_R080_T28QCH_20260327T152639.SAFE,271,10039,6346,363465.0,2199645.0,0.2194,0.27390000000000003,0.366,0.4834,0.5257000000000001,0.5274,0.5447000000000001,0.5532,0.5467000000000001,0.5641,0.6521,0.61
2026-03-27,Iwik,Sen2Cor,S2B_MSIL2A_20260327T113319_N0512_R080_T28QCH_20260327T152639.SAFE,C:\Users\Simon\Nextcloud\Project\Mauritania\Science\Arguin - FieldWork Data Processing\Data\S2\S2B_MSIL2A_20260327T113319_N0512_R080_T28QCH_20260327T152639.SAFE,272,10039,6347,363475.0,2199645.0,0.2194,0.2686,0.36110000000000003,0.4802,0.5257000000000001,0.5274,0.5447000000000001,0.5474,0.5467000000000001,0.5641,0.6521,0.61
2026-03-27,Iwik,Sen2Cor,S2B_MSIL2A_20260327T113319_N0512_R080_T28QCH_20260327T152639.SAFE,C:\Users\Simon\Nextcloud\Project\Mauritania\Science\Arguin - FieldWork Data Processing\Data\S2\S2B_MSIL2A_20260327T113319_N0512_R080_T28QCH_20260327T152639.SAFE,273,10039,6348,363485.0,2199645.0,0.2169,0.2676,0.3567,0.4773,0.5225000000000001,0.5202,0.5365,0.542,0.5405,0.5484,0.6487,0.6073000000000001
2026-03-27,Iwik,Sen2Cor,S2B_MSIL2A_20260327T113319_N0512_R080_T28QCH_20260327T152639.SAFE,C:\Users\Simon\Nextcloud\Project\Mauritania\Science\Arguin - FieldWork Data Processing\Data\S2\S2B_MSIL2A_20260327T113319_N0512_R080_T28QCH_20260327T152639.SAFE,274,10039,6349,363495.0,2199645.0,0.2169,0.2659,0.3582,0.47340000000000004,0.5225000000000001,0.5202,0.5365,0.5435,0.5405,0.5484,0.6487,0.6073000000000001
2026-03-27,Iwik,Sen2Cor,S2B_MSIL2A_20260327T113319_N0512_R080_T28QCH_20260327T152639.SAFE,C:\Users\Simon\Nextcloud\Project\Mauritania\Science\Arguin - FieldWork Data Processing\Data\S2\S2B_MSIL2A_20260327T113319_N0512_R080_T28QCH_20260327T152639.SAFE,275,10039,6350,363505.0,2199645.0,0.21450000000000002,0.27,0.36160000000000003,0.47850000000000004,0.5232,0.5185000000000001,0.5364,0.5454,0.5416000000000001,0.5484,0.6492,0.6088
2026-03-27,Iwik,Sen2Cor,S2B_MSIL2A_20260327T113319_N0512_R080_T28QCH_20260327T152639.SAFE,C:\Users\Simon\Nextcloud\Project\Mauritania\Science\Arguin - FieldWork Data Processing\Data\S2\S2B_MSIL2A_20260327T113319_N0512_R080_T28QCH_20260327T152639.SAFE,276,10039,6351,363515.0,2199645.0,0.21450000000000002,0.2751,0.3645,0.4844,0.5232,0.5185000000000001,0.5364,0.5444,0.5416000000000001,0.5484,0.6492,0.6088
2026-03-27,Iwik,Sen2Cor,S2B_MSIL2A_20260327T113319_N0512_R080_T28QCH_20260327T152639.SAFE,C:\Users\Simon\Nextcloud\Project\Mauritania\Science\Arguin - FieldWork Data Processing\Data\S2\S2B_MSIL2A_20260327T113319_N0512_R080_T28QCH_20260327T152639.SAFE,277,10039,6352,363525.0,2199645.0,0.2122,0.26780000000000004,0.35960000000000003,0.47750000000000004,0.517,0.5147,0.5328,0.5425,0.5372,0.5484,0.6466000000000001,0.6033000000000001
2026-03-27,Iwik,Sen2Cor,S2B_MSIL2A_20260327T113319_N0512_R080_T28QCH_20260327T152639.SAFE,C:\Users\Simon\Nextcloud\Project\Mauritania\Science\Arguin - FieldWork Data Processing\Data\S2\S2B_MSIL2A_20260327T113319_N0512_R080_T28QCH_20260327T152639.SAFE,278,10039,6353,363535.0,2199645.0,0.2122,0.2576,0.34640000000000004,0.4707,0.517,0.5147,0.5328,0.5356000000000001,0.5372,0.5484,0.6466000000000001,0.6033000000000001
2026-03-27,Iwik,Sen2Cor,S2B_MSIL2A_20260327T113319_N0512_R080_T28QCH_20260327T152639.SAFE,C:\Users\Simon\Nextcloud\Project\Mauritania\Science\Arguin - FieldWork Data Processing\Data\S2\S2B_MSIL2A_20260327T113319_N0512_R080_T28QCH_20260327T152639.SAFE,279,10039,6354,363545.0,2199645.0,0.21130000000000002,0.2595,0.3472,0.4702,0.5151,0.5155000000000001,0.5305,0.5332,0.536,0.5457000000000001,0.6418,0.6017
2026-03-27,Iwik,Sen2Cor,S2B_MSIL2A_20260327T113319_N0512_R080_T28QCH_20260327T152639.SAFE,C:\Users\Simon\Nextcloud\Project\Mauritania\Science\Arguin - FieldWork Data Processing\Data\S2\S2B_MSIL2A_20260327T113319_N0512_R080_T28QCH_20260327T152639.SAFE,280,10039,6355,363555.0,2199645.0,0.21130000000000002,0.262,0.35250000000000004,0.4697,0.5151,0.5155000000000001,0.5305,0.5415,0.536,0.5457000000000001,0.6418,0.6017
2026-03-27,Iwik,Sen2Cor,S2B_MSIL2A_20260327T113319_N0512_R080_T28QCH_20260327T152639.SAFE,C:\Users\Simon\Nextcloud\Project\Mauritania\Science\Arguin - FieldWork Data Processing\Data\S2\S2B_MSIL2A_20260327T113319_N0512_R080_T28QCH_20260327T152639.SAFE,281,10039,6356,363565.0,2199645.0,0.2099,0.2712,0.3613,0.4812,0.5175000000000001,0.5163,0.5352,0.5464,0.5374,0.5457000000000001,0.6448,0.6028
2026-03-27,Iwik,Sen2Cor,S2B_MSIL2A_20260327T113319_N0512_R080_T28QCH_20260327T152639.SAFE,C:\Users\Simon\Nextcloud\Project\Mauritania\Science\Arguin - FieldWork Data Processing\Data\S2\S2B_MSIL2A_20260327T113319_N0512_R080_T28QCH_20260327T152639.SAFE,282,10039,6357,363575.0,2199645.0,0.2099,0.2676,0.35550000000000004,0.48050000000000004,0.5175000000000001,0.5163,0.5352,0.5415,0.5374,0.5457000000000001,0.6448,0.6028
2026-03-27,Iwik,Sen2Cor,S2B_MSIL2A_20260327T113319_N0512_R080_T28QCH_20260327T152639.SAFE,C:\Users\Simon\Nextcloud\Project\Mauritania\Science\Arguin - FieldWork Data Processing\Data\S2\S2B_MSIL2A_20260327T113319_N0512_R080_T28QCH_20260327T152639.SAFE,283,10039,6358,363585.0,2199645.0,0.2086,0.2664,0.3584,0.47140000000000004,0.5226000000000001,0.5188,0.5328,0.5386000000000001,0.5351,0.5457000000000001,0.645,0.5993
2026-03-27,Iwik,Sen2Cor,S2B_MSIL2A_20260327T113319_N0512_R080_T28QCH_20260327T152639.SAFE,C:\Users\Simon\Nextcloud\Project\Mauritania\Science\Arguin - FieldWork Data Processing\Data\S2\S2B_MSIL2A_20260327T113319_N0512_R080_T28QCH_20260327T152639.SAFE,284,10040,6338,363385.0,2199635.0,0.23340000000000002,0.2856,0.3794,0.5068,0.5535,0.5541,0.5711,0.5811000000000001,0.5711,0.5811000000000001,0.6708000000000001,0.6338
2026-03-27,Iwik,Sen2Cor,S2B_MSIL2A_20260327T113319_N0512_R080_T28QCH_20260327T152639.SAFE,C:\Users\Simon\Nextcloud\Project\Mauritania\Science\Arguin - FieldWork Data Processing\Data\S2\S2B_MSIL2A_20260327T113319_N0512_R080_T28QCH_20260327T152639.SAFE,285,10040,6339,363395.0,2199635.0,0.23340000000000002,0.2883,0.3806,0.5073,0.5535,0.5541,0.5711,0.5801000000000001,0.5711,0.5811000000000001,0.6708000000000001,0.6338
2026-03-27,Iwik,Sen2Cor,S2B_MSIL2A_20260327T113319_N0512_R080_T28QCH_20260327T152639.SAFE,C:\Users\Simon\Nextcloud\Project\Mauritania\Science\Arguin - FieldWork Data Processing\Data\S2\S2B_MSIL2A_20260327T113319_N0512_R080_T28QCH_20260327T152639.SAFE,286,10040,6340,363405.0,2199635.0,0.23020000000000002,0.29000000000000004,0.38230000000000003,0.5093,0.5563,0.5555,0.5702,0.5835,0.5726,0.5811000000000001,0.6693,0.6305000000000001
2026-03-27,Iwik,Sen2Cor,S2B_MSIL2A_20260327T113319_N0512_R080_T28QCH_20260327T152639.SAFE,C:\Users\Simon\Nextcloud\Project\Mauritania\Science\Arguin - FieldWork Data Processing\Data\S2\S2B_MSIL2A_20260327T113319_N0512_R080_T28QCH_20260327T152639.SAFE,287,10040,6341,363415.0,2199635.0,0.23020000000000002,0.29350000000000004,0.38870000000000005,0.5132,0.5563,0.5555,0.5702,0.5806,0.5726,0.5811000000000001,0.6693,0.6305000000000001
2026-03-27,Iwik,Sen2Cor,S2B_MSIL2A_20260327T113319_N0512_R080_T28QCH_20260327T152639.SAFE,C:\Users\Simon\Nextcloud\Project\Mauritania\Science\Arguin - FieldWork Data Processing\Data\S2\S2B_MSIL2A_20260327T113319_N0512_R080_T28QCH_20260327T152639.SAFE,288,10040,6342,363425.0,2199635.0,0.2255,0.2896,0.3809,0.5059,0.5483,0.5478000000000001,0.5621,0.5752,0.5649000000000001,0.5641,0.6609,0.62
2026-03-27,Iwik,Sen2Cor,S2B_MSIL2A_20260327T113319_N0512_R080_T28QCH_20260327T152639.SAFE,C:\Users\Simon\Nextcloud\Project\Mauritania\Science\Arguin - FieldWork Data Processing\Data\S2\S2B_MSIL2A_20260327T113319_N0512_R080_T28QCH_20260327T152639.SAFE,289,10040,6343,363435.0,2199635.0,0.2255,0.2795,0.3708,0.4937,0.5483,0.5478000000000001,0.5621,0.5649000000000001,0.5649000000000001,0.5641,0.6609,0.62
2026-03-27,Iwik,Sen2Cor,S2B_MSIL2A_20260327T113319_N0512_R080_T28QCH_20260327T152639.SAFE,C:\Users\Simon\Nextcloud\Project\Mauritania\Science\Arguin - FieldWork Data Processing\Data\S2\S2B_MSIL2A_20260327T113319_N0512_R080_T28QCH_20260327T152639.SAFE,290,10040,6344,363445.0,2199635.0,0.22240000000000001,0.281,0.3774,0.4998,0.5429,0.541,0.5527000000000001,0.5684,0.5601,0.5641,0.6563,0.6161
2026-03-27,Iwik,Sen2Cor,S2B_MSIL2A_20260327T113319_N0512_R080_T28QCH_20260327T152639.SAFE,C:\Users\Simon\Nextcloud\Project\Mauritania\Science\Arguin - FieldWork Data Processing\Data\S2\S2B_MSIL2A_20260327T113319_N0512_R080_T28QCH_20260327T152639.SAFE,291,10040,6345,363455.0,2199635.0,0.22240000000000001,0.2869,0.3796,0.5005000000000001,0.5429,0.541,0.5527000000000001,0.5698,0.5601,0.5641,0.6563,0.6161
2026-03-27,Iwik,Sen2Cor,S2B_MSIL2A_20260327T113319_N0512_R080_T28QCH_20260327T152639.SAFE,C:\Users\Simon\Nextcloud\Project\Mauritania\Science\Arguin - FieldWork Data Processing\Data\S2\S2B_MSIL2A_20260327T113319_N0512_R080_T28QCH_20260327T152639.SAFE,292,10040,6346,363465.0,2199635.0,0.2194,0.2751,0.37060000000000004,0.48710000000000003,0.5333,0.5338,0.5474,0.5591,0.5502,0.5641,0.6524,0.6125
2026-03-27,Iwik,Sen2Cor,S2B_MSIL2A_20260327T113319_N0512_R080_T28QCH_20260327T152639.SAFE,C:\Users\Simon\Nextcloud\Project\Mauritania\Science\Arguin - FieldWork Data Processing\Data\S2\S2B_MSIL2A_20260327T113319_N0512_R080_T28QCH_20260327T152639.SAFE,293,10040,6347,363475.0,2199635.0,0.2194,0.2659,0.3635,0.4827,0.5333,0.5338,0.5474,0.5493,0.5502,0.5641,0.6524,0.6125
2026-03-27,Iwik,Sen2Cor,S2B_MSIL2A_20260327T113319_N0512_R080_T28QCH_20260327T152639.SAFE,C:\Users\Simon\Nextcloud\Project\Mauritania\Science\Arguin - FieldWork Data Processing\Data\S2\S2B_MSIL2A_20260327T113319_N0512_R080_T28QCH_20260327T152639.SAFE,294,10040,6348,363485.0,2199635.0,0.2169,0.2671,0.36250000000000004,0.48050000000000004,0.5234,0.5242,0.5401,0.5488000000000001,0.5431,0.5484,0.648,0.6066
2026-03-27,Iwik,Sen2Cor,S2B_MSIL2A_20260327T113319_N0512_R080_T28QCH_20260327T152639.SAFE,C:\Users\Simon\Nextcloud\Project\Mauritania\Science\Arguin - FieldWork Data Processing\Data\S2\S2B_MSIL2A_20260327T113319_N0512_R080_T28QCH_20260327T152639.SAFE,295,10040,6349,363495.0,2199635.0,0.2169,0.26930000000000004,0.36110000000000003,0.4773,0.5234,0.5242,0.5401,0.5435,0.5431,0.5484,0.648,0.6066
2026-03-27,Iwik,Sen2Cor,S2B_MSIL2A_20260327T113319_N0512_R080_T28QCH_20260327T152639.SAFE,C:\Users\Simon\Nextcloud\Project\Mauritania\Science\Arguin - FieldWork Data Processing\Data\S2\S2B_MSIL2A_20260327T113319_N0512_R080_T28QCH_20260327T152639.SAFE,296,10040,6350,363505.0,2199635.0,0.2147,0.2717,0.36250000000000004,0.4768,0.5205000000000001,0.5188,0.5347000000000001,0.5415,0.5385,0.5484,0.6446000000000001,0.6023000000000001
2026-03-27,Iwik,Sen2Cor,S2B_MSIL2A_20260327T113319_N0512_R080_T28QCH_20260327T152639.SAFE,C:\Users\Simon\Nextcloud\Project\Mauritania\Science\Arguin - FieldWork Data Processing\Data\S2\S2B_MSIL2A_20260327T113319_N0512_R080_T28QCH_20260327T152639.SAFE,297,10040,6351,363515.0,2199635.0,0.2147,0.2742,0.36160000000000003,0.47800000000000004,0.5205000000000001,0.5188,0.5347000000000001,0.5405,0.5385,0.5484,0.6446000000000001,0.6023000000000001
2026-03-27,Iwik,Sen2Cor,S2B_MSIL2A_20260327T113319_N0512_R080_T28QCH_20260327T152639.SAFE,C:\Users\Simon\Nextcloud\Project\Mauritania\Science\Arguin - FieldWork Data Processing\Data\S2\S2B_MSIL2A_20260327T113319_N0512_R080_T28QCH_20260327T152639.SAFE,298,10040,6352,363525.0,2199635.0,0.21280000000000002,0.27080000000000004,0.3579,0.4751,0.5126000000000001,0.5117,0.5281,0.5381,0.5342,0.5484,0.6411,0.5983
2026-03-27,Iwik,Sen2Cor,S2B_MSIL2A_20260327T113319_N0512_R080_T28QCH_20260327T152639.SAFE,C:\Users\Simon\Nextcloud\Project\Mauritania\Science\Arguin - FieldWork Data Processing\Data\S2\S2B_MSIL2A_20260327T113319_N0512_R080_T28QCH_20260327T152639.SAFE,299,10040,6353,363535.0,2199635.0,0.21280000000000002,0.27,0.35600000000000004,0.4712,0.5126000000000001,0.5117,0.5281,0.5361,0.5342,0.5484,0.6411,0.5983
2026-03-27,Iwik,Sen2Cor,S2B_MSIL2A_20260327T113319_N0512_R080_T28QCH_20260327T152639.SAFE,C:\Users\Simon\Nextcloud\Project\Mauritania\Science\Arguin - FieldWork Data Processing\Data\S2\S2B_MSIL2A_20260327T113319_N0512_R080_T28QCH_20260327T152639.SAFE,300,10040,6354,363545.0,2199635.0,0.21130000000000002,0.2639,0.3547,0.47090000000000004,0.5141,0.5097,0.5236000000000001,0.5356000000000001,0.5339,0.5457000000000001,0.638,0.5959
2026-03-27,Iwik,Sen2Cor,S2B_MSIL2A_20260327T113319_N0512_R080_T28QCH_20260327T152639.SAFE,C:\Users\Simon\Nextcloud\Project\Mauritania\Science\Arguin - FieldWork Data Processing\Data\S2\S2B_MSIL2A_20260327T113319_N0512_R080_T28QCH_20260327T152639.SAFE,301,10040,6355,363555.0,2199635.0,0.21130000000000002,0.2642,0.35550000000000004,0.47190000000000004,0.5141,0.5097,0.5236000000000001,0.54,0.5339,0.5457000000000001,0.638,0.5959
2026-03-27,Iwik,Sen2Cor,S2B_MSIL2A_20260327T113319_N0512_R080_T28QCH_20260327T152639.SAFE,C:\Users\Simon\Nextcloud\Project\Mauritania\Science\Arguin - FieldWork Data Processing\Data\S2\S2B_MSIL2A_20260327T113319_N0512_R080_T28QCH_20260327T152639.SAFE,302,10040,6356,363565.0,2199635.0,0.2112,0.2681,0.3562,0.4736,0.517,0.5169,0.5352,0.542,0.5395,0.5457000000000001,0.644,0.6001000000000001
2026-03-27,Iwik,Sen2Cor,S2B_MSIL2A_20260327T113319_N0512_R080_T28QCH_20260327T152639.SAFE,C:\Users\Simon\Nextcloud\Project\Mauritania\Science\Arguin - FieldWork Data Processing\Data\S2\S2B_MSIL2A_20260327T113319_N0512_R080_T28QCH_20260327T152639.SAFE,303,10040,6357,363575.0,2199635.0,0.2112,0.2622,0.35500000000000004,0.4702,0.517,0.5169,0.5352,0.5435,0.5395,0.5457000000000001,0.644,0.6001000000000001
2026-03-27,Iwik,Sen2Cor,S2B_MSIL2A_20260327T113319_N0512_R080_T28QCH_20260327T152639.SAFE,C:\Users\Simon\Nextcloud\Project\Mauritania\Science\Arguin - FieldWork Data Processing\Data\S2\S2B_MSIL2A_20260327T113319_N0512_R080_T28QCH_20260327T152639.SAFE,304,10040,6358,363585.0,2199635.0,0.2101,0.2642,0.3538,0.4751,0.5258,0.5231,0.5418000000000001,0.5425,0.5425,0.5457000000000001,0.6466000000000001,0.5996
2026-03-27,Iwik,Sen2Cor,S2B_MSIL2A_20260327T113319_N0512_R080_T28QCH_20260327T152639.SAFE,C:\Users\Simon\Nextcloud\Project\Mauritania\Science\Arguin - FieldWork Data Processing\Data\S2\S2B_MSIL2A_20260327T113319_N0512_R080_T28QCH_20260327T152639.SAFE,305,10041,6338,363385.0,2199625.0,0.23340000000000002,0.28390000000000004,0.3794,0.5063,0.5535,0.5541,0.5711,0.5762,0.5711,0.5811000000000001,0.6708000000000001,0.6338
2026-03-27,Iwik,Sen2Cor,S2B_MSIL2A_20260327T113319_N0512_R080_T28QCH_20260327T152639.SAFE,C:\Users\Simon\Nextcloud\Project\Mauritania\Science\Arguin - FieldWork Data Processing\Data\S2\S2B_MSIL2A_20260327T113319_N0512_R080_T28QCH_20260327T152639.SAFE,306,10041,6339,363395.0,2199625.0,0.23340000000000002,0.2939,0.38570000000000004,0.5142,0.5535,0.5541,0.5711,0.5771000000000001,0.5711,0.5811000000000001,0.6708000000000001,0.6338
2026-03-27,Iwik,Sen2Cor,S2B_MSIL2A_20260327T113319_N0512_R080_T28QCH_20260327T152639.SAFE,C:\Users\Simon\Nextcloud\Project\Mauritania\Science\Arguin - FieldWork Data Processing\Data\S2\S2B_MSIL2A_20260327T113319_N0512_R080_T28QCH_20260327T152639.SAFE,307,10041,6340,363405.0,2199625.0,0.23020000000000002,0.2903,0.38670000000000004,0.5083,0.5563,0.5555,0.5702,0.5830000000000001,0.5726,0.5811000000000001,0.6693,0.6305000000000001
2026-03-27,Iwik,Sen2Cor,S2B_MSIL2A_20260327T113319_N0512_R080_T28QCH_20260327T152639.SAFE,C:\Users\Simon\Nextcloud\Project\Mauritania\Science\Arguin - FieldWork Data Processing\Data\S2\S2B_MSIL2A_20260327T113319_N0512_R080_T28QCH_20260327T152639.SAFE,308,10041,6341,363415.0,2199625.0,0.23020000000000002,0.2903,0.38570000000000004,0.5127,0.5563,0.5555,0.5702,0.5859,0.5726,0.5811000000000001,0.6693,0.6305000000000001
2026-03-27,Iwik,Sen2Cor,S2B_MSIL2A_20260327T113319_N0512_R080_T28QCH_20260327T152639.SAFE,C:\Users\Simon\Nextcloud\Project\Mauritania\Science\Arguin - FieldWork Data Processing\Data\S2\S2B_MSIL2A_20260327T113319_N0512_R080_T28QCH_20260327T152639.SAFE,309,10041,6342,363425.0,2199625.0,0.2255,0.2891,0.38230000000000003,0.5088,0.5483,0.5478000000000001,0.5621,0.5771000000000001,0.5649000000000001,0.5641,0.6609,0.62
2026-03-27,Iwik,Sen2Cor,S2B_MSIL2A_20260327T113319_N0512_R080_T28QCH_20260327T152639.SAFE,C:\Users\Simon\Nextcloud\Project\Mauritania\Science\Arguin - FieldWork Data Processing\Data\S2\S2B_MSIL2A_20260327T113319_N0512_R080_T28QCH_20260327T152639.SAFE,310,10041,6343,363435.0,2199625.0,0.2255,0.2793,0.3699,0.49510000000000004,0.5483,0.5478000000000001,0.5621,0.5640000000000001,0.5649000000000001,0.5641,0.6609,0.62
2026-03-27,Iwik,Sen2Cor,S2B_MSIL2A_20260327T113319_N0512_R080_T28QCH_20260327T152639.SAFE,C:\Users\Simon\Nextcloud\Project\Mauritania\Science\Arguin - FieldWork Data Processing\Data\S2\S2B_MSIL2A_20260327T113319_N0512_R080_T28QCH_20260327T152639.SAFE,311,10041,6344,363445.0,2199625.0,0.22240000000000001,0.2756,0.3672,0.4897,0.5429,0.541,0.5527000000000001,0.5615,0.5601,0.5641,0.6563,0.6161
2026-03-27,Iwik,Sen2Cor,S2B_MSIL2A_20260327T113319_N0512_R080_T28QCH_20260327T152639.SAFE,C:\Users\Simon\Nextcloud\Project\Mauritania\Science\Arguin - FieldWork Data Processing\Data\S2\S2B_MSIL2A_20260327T113319_N0512_R080_T28QCH_20260327T152639.SAFE,312,10041,6345,363455.0,2199625.0,0.22240000000000001,0.2805,0.37670000000000003,0.4973,0.5429,0.541,0.5527000000000001,0.5630000000000001,0.5601,0.5641,0.6563,0.6161
2026-03-27,Iwik,Sen2Cor,S2B_MSIL2A_20260327T113319_N0512_R080_T28QCH_20260327T152639.SAFE,C:\Users\Simon\Nextcloud\Project\Mauritania\Science\Arguin - FieldWork Data Processing\Data\S2\S2B_MSIL2A_20260327T113319_N0512_R080_T28QCH_20260327T152639.SAFE,313,10041,6346,363465.0,2199625.0,0.2194,0.2805,0.37670000000000003,0.4939,0.5333,0.5338,0.5474,0.562,0.5502,0.5641,0.6524,0.6125
2026-03-27,Iwik,Sen2Cor,S2B_MSIL2A_20260327T113319_N0512_R080_T28QCH_20260327T152639.SAFE,C:\Users\Simon\Nextcloud\Project\Mauritania\Science\Arguin - FieldWork Data Processing\Data\S2\S2B_MSIL2A_20260327T113319_N0512_R080_T28QCH_20260327T152639.SAFE,314,10041,6347,363475.0,2199625.0,0.2194,0.2766,0.3677,0.4888,0.5333,0.5338,0.5474,0.5591,0.5502,0.5641,0.6524,0.6125
2026-03-27,Iwik,Sen2Cor,S2B_MSIL2A_20260327T113319_N0512_R080_T28QCH_20260327T152639.SAFE,C:\Users\Simon\Nextcloud\Project\Mauritania\Science\Arguin - FieldWork Data Processing\Data\S2\S2B_MSIL2A_20260327T113319_N0512_R080_T28QCH_20260327T152639.SAFE,315,10041,6348,363485.0,2199625.0,0.2169,0.2766,0.3669,0.4873,0.5234,0.5242,0.5401,0.5557,0.5431,0.5484,0.648,0.6066
2026-03-27,Iwik,Sen2Cor,S2B_MSIL2A_20260327T113319_N0512_R080_T28QCH_20260327T152639.SAFE,C:\Users\Simon\Nextcloud\Project\Mauritania\Science\Arguin - FieldWork Data Processing\Data\S2\S2B_MSIL2A_20260327T113319_N0512_R080_T28QCH_20260327T152639.SAFE,316,10041,6349,363495.0,2199625.0,0.2169,0.26780000000000004,0.35960000000000003,0.48140000000000005,0.5234,0.5242,0.5401,0.5469,0.5431,0.5484,0.648,0.6066
2026-03-27,Iwik,Sen2Cor,S2B_MSIL2A_20260327T113319_N0512_R080_T28QCH_20260327T152639.SAFE,C:\Users\Simon\Nextcloud\Project\Mauritania\Science\Arguin - FieldWork Data Processing\Data\S2\S2B_MSIL2A_20260327T113319_N0512_R080_T28QCH_20260327T152639.SAFE,317,10041,6350,363505.0,2199625.0,0.2147,0.2639,0.3577,0.4771,0.5205000000000001,0.5188,0.5347000000000001,0.5396000000000001,0.5385,0.5484,0.6446000000000001,0.6023000000000001
2026-03-27,Iwik,Sen2Cor,S2B_MSIL2A_20260327T113319_N0512_R080_T28QCH_20260327T152639.SAFE,C:\Users\Simon\Nextcloud\Project\Mauritania\Science\Arguin - FieldWork Data Processing\Data\S2\S2B_MSIL2A_20260327T113319_N0512_R080_T28QCH_20260327T152639.SAFE,318,10041,6351,363515.0,2199625.0,0.2147,0.26980000000000004,0.36160000000000003,0.4758,0.5205000000000001,0.5188,0.5347000000000001,0.5381,0.5385,0.5484,0.6446000000000001,0.6023000000000001
2026-03-27,Iwik,Sen2Cor,S2B_MSIL2A_20260327T113319_N0512_R080_T28QCH_20260327T152639.SAFE,C:\Users\Simon\Nextcloud\Project\Mauritania\Science\Arguin - FieldWork Data Processing\Data\S2\S2B_MSIL2A_20260327T113319_N0512_R080_T28QCH_20260327T152639.SAFE,319,10041,6352,363525.0,2199625.0,0.21280000000000002,0.2664,0.3557,0.4717,0.5126000000000001,0.5117,0.5281,0.5361,0.5342,0.5484,0.6411,0.5983
2026-03-27,Iwik,Sen2Cor,S2B_MSIL2A_20260327T113319_N0512_R080_T28QCH_20260327T152639.SAFE,C:\Users\Simon\Nextcloud\Project\Mauritania\Science\Arguin - FieldWork Data Processing\Data\S2\S2B_MSIL2A_20260327T113319_N0512_R080_T28QCH_20260327T152639.SAFE,320,10041,6353,363535.0,2199625.0,0.21280000000000002,0.2615,0.3486,0.4675,0.5126000000000001,0.5117,0.5281,0.5322,0.5342,0.5484,0.6411,0.5983
2026-03-27,Iwik,Sen2Cor,S2B_MSIL2A_20260327T113319_N0512_R080_T28QCH_20260327T152639.SAFE,C:\Users\Simon\Nextcloud\Project\Mauritania\Science\Arguin - FieldWork Data Processing\Data\S2\S2B_MSIL2A_20260327T113319_N0512_R080_T28QCH_20260327T152639.SAFE,321,10041,6354,363545.0,2199625.0,0.21130000000000002,0.2654,0.35250000000000004,0.4702,0.5141,0.5097,0.5236000000000001,0.5308,0.5339,0.5457000000000001,0.638,0.5959
2026-03-27,Iwik,Sen2Cor,S2B_MSIL2A_20260327T113319_N0512_R080_T28QCH_20260327T152639.SAFE,C:\Users\Simon\Nextcloud\Project\Mauritania\Science\Arguin - FieldWork Data Processing\Data\S2\S2B_MSIL2A_20260327T113319_N0512_R080_T28QCH_20260327T152639.SAFE,322,10041,6355,363555.0,2199625.0,0.21130000000000002,0.2725,0.3582,0.47240000000000004,0.5141,0.5097,0.5236000000000001,0.5356000000000001,0.5339,0.5457000000000001,0.638,0.5959
2026-03-27,Iwik,Sen2Cor,S2B_MSIL2A_20260327T113319_N0512_R080_T28QCH_20260327T152639.SAFE,C:\Users\Simon\Nextcloud\Project\Mauritania\Science\Arguin - FieldWork Data Processing\Data\S2\S2B_MSIL2A_20260327T113319_N0512_R080_T28QCH_20260327T152639.SAFE,323,10041,6356,363565.0,2199625.0,0.2112,0.2686,0.3533,0.47290000000000004,0.517,0.5169,0.5352,0.5371,0.5395,0.5457000000000001,0.644,0.6001000000000001
2026-03-27,Iwik,Sen2Cor,S2B_MSIL2A_20260327T113319_N0512_R080_T28QCH_20260327T152639.SAFE,C:\Users\Simon\Nextcloud\Project\Mauritania\Science\Arguin - FieldWork Data Processing\Data\S2\S2B_MSIL2A_20260327T113319_N0512_R080_T28QCH_20260327T152639.SAFE,324,10041,6357,363575.0,2199625.0,0.2112,0.2615,0.35300000000000004,0.4768,0.517,0.5169,0.5352,0.5439,0.5395,0.5457000000000001,0.644,0.6001000000000001
2026-03-27,Iwik,Sen2Cor,S2B_MSIL2A_20260327T113319_N0512_R080_T28QCH_20260327T152639.SAFE,C:\Users\Simon\Nextcloud\Project\Mauritania\Science\Arguin - FieldWork Data Processing\Data\S2\S2B_MSIL2A_20260327T113319_N0512_R080_T28QCH_20260327T152639.SAFE,325,10041,6358,363585.0,2199625.0,0.2101,0.2622,0.3547,0.4773,0.5258,0.5231,0.5418000000000001,0.5479,0.5425,0.5457000000000001,0.6466000000000001,0.5996
2026-03-27,Iwik,Sen2Cor,S2B_MSIL2A_20260327T113319_N0512_R080_T28QCH_20260327T152639.SAFE,C:\Users\Simon\Nextcloud\Project\Mauritania\Science\Arguin - FieldWork Data Processing\Data\S2\S2B_MSIL2A_20260327T113319_N0512_R080_T28QCH_20260327T152639.SAFE,326,10042,6337,363375.0,2199615.0,0.23470000000000002,0.2891,0.3821,0.5049,0.5514,0.551,0.5686,0.5801000000000001,0.5704,0.5811000000000001,0.669,0.6309
2026-03-27,Iwik,Sen2Cor,S2B_MSIL2A_20260327T113319_N0512_R080_T28QCH_20260327T152639.SAFE,C:\Users\Simon\Nextcloud\Project\Mauritania\Science\Arguin - FieldWork Data Processing\Data\S2\S2B_MSIL2A_20260327T113319_N0512_R080_T28QCH_20260327T152639.SAFE,327,10042,6338,363385.0,2199615.0,0.2326,0.28300000000000003,0.38180000000000003,0.5054000000000001,0.5541,0.5542,0.5734,0.5786,0.5749000000000001,0.5811000000000001,0.6678000000000001,0.631
2026-03-27,Iwik,Sen2Cor,S2B_MSIL2A_20260327T113319_N0512_R080_T28QCH_20260327T152639.SAFE,C:\Users\Simon\Nextcloud\Project\Mauritania\Science\Arguin - FieldWork Data Processing\Data\S2\S2B_MSIL2A_20260327T113319_N0512_R080_T28QCH_20260327T152639.SAFE,328,10042,6339,363395.0,2199615.0,0.2326,0.2957,0.39330000000000004,0.5146000000000001,0.5541,0.5542,0.5734,0.5854,0.5749000000000001,0.5811000000000001,0.6678000000000001,0.631
2026-03-27,Iwik,Sen2Cor,S2B_MSIL2A_20260327T113319_N0512_R080_T28QCH_20260327T152639.SAFE,C:\Users\Simon\Nextcloud\Project\Mauritania\Science\Arguin - FieldWork Data Processing\Data\S2\S2B_MSIL2A_20260327T113319_N0512_R080_T28QCH_20260327T152639.SAFE,329,10042,6340,363405.0,2199615.0,0.2296,0.2944,0.3921,0.5117,0.5582,0.5561,0.5682,0.5806,0.5703,0.5811000000000001,0.6678000000000001,0.6283000000000001
2026-03-27,Iwik,Sen2Cor,S2B_MSIL2A_20260327T113319_N0512_R080_T28QCH_20260327T152639.SAFE,C:\Users\Simon\Nextcloud\Project\Mauritania\Science\Arguin - FieldWork Data Processing\Data\S2\S2B_MSIL2A_20260327T113319_N0512_R080_T28QCH_20260327T152639.SAFE,330,10042,6341,363415.0,2199615.0,0.2296,0.2827,0.3806,0.5059,0.5582,0.5561,0.5682,0.5811000000000001,0.5703,0.5811000000000001,0.6678000000000001,0.6283000000000001
2026-03-27,Iwik,Sen2Cor,S2B_MSIL2A_20260327T113319_N0512_R080_T28QCH_20260327T152639.SAFE,C:\Users\Simon\Nextcloud\Project\Mauritania\Science\Arguin - FieldWork Data Processing\Data\S2\S2B_MSIL2A_20260327T113319_N0512_R080_T28QCH_20260327T152639.SAFE,331,10042,6342,363425.0,2199615.0,0.2262,0.2888,0.38530000000000003,0.5093,0.5484,0.546,0.5608000000000001,0.5752,0.5659000000000001,0.5641,0.6611,0.6204000000000001
2026-03-27,Iwik,Sen2Cor,S2B_MSIL2A_20260327T113319_N0512_R080_T28QCH_20260327T152639.SAFE,C:\Users\Simon\Nextcloud\Project\Mauritania\Science\Arguin - FieldWork Data Processing\Data\S2\S2B_MSIL2A_20260327T113319_N0512_R080_T28QCH_20260327T152639.SAFE,332,10042,6343,363435.0,2199615.0,0.2262,0.2795,0.3723,0.4983,0.5484,0.546,0.5608000000000001,0.5669000000000001,0.5659000000000001,0.5641,0.6611,0.6204000000000001
2026-03-27,Iwik,Sen2Cor,S2B_MSIL2A_20260327T113319_N0512_R080_T28QCH_20260327T152639.SAFE,C:\Users\Simon\Nextcloud\Project\Mauritania\Science\Arguin - FieldWork Data Processing\Data\S2\S2B_MSIL2A_20260327T113319_N0512_R080_T28QCH_20260327T152639.SAFE,333,10042,6344,363445.0,2199615.0,0.22260000000000002,0.2776,0.3682,0.4873,0.5392,0.5352,0.5493,0.5581,0.5535,0.5641,0.6525000000000001,0.6119
2026-03-27,Iwik,Sen2Cor,S2B_MSIL2A_20260327T113319_N0512_R080_T28QCH_20260327T152639.SAFE,C:\Users\Simon\Nextcloud\Project\Mauritania\Science\Arguin - FieldWork Data Processing\Data\S2\S2B_MSIL2A_20260327T113319_N0512_R080_T28QCH_20260327T152639.SAFE,334,10042,6345,363455.0,2199615.0,0.22260000000000002,0.27540000000000003,0.37160000000000004,0.4927,0.5392,0.5352,0.5493,0.5596,0.5535,0.5641,0.6525000000000001,0.6119
2026-03-27,Iwik,Sen2Cor,S2B_MSIL2A_20260327T113319_N0512_R080_T28QCH_20260327T152639.SAFE,C:\Users\Simon\Nextcloud\Project\Mauritania\Science\Arguin - FieldWork Data Processing\Data\S2\S2B_MSIL2A_20260327T113319_N0512_R080_T28QCH_20260327T152639.SAFE,335,10042,6346,363465.0,2199615.0,0.2202,0.2844,0.3784,0.49660000000000004,0.5383,0.536,0.5511,0.561,0.559,0.5641,0.6536000000000001,0.6132000000000001
2026-03-27,Iwik,Sen2Cor,S2B_MSIL2A_20260327T113319_N0512_R080_T28QCH_20260327T152639.SAFE,C:\Users\Simon\Nextcloud\Project\Mauritania\Science\Arguin - FieldWork Data Processing\Data\S2\S2B_MSIL2A_20260327T113319_N0512_R080_T28QCH_20260327T152639.SAFE,336,10042,6347,363475.0,2199615.0,0.2202,0.2832,0.37770000000000004,0.4939,0.5383,0.536,0.5511,0.5669000000000001,0.559,0.5641,0.6536000000000001,0.6132000000000001
2026-03-27,Iwik,Sen2Cor,S2B_MSIL2A_20260327T113319_N0512_R080_T28QCH_20260327T152639.SAFE,C:\Users\Simon\Nextcloud\Project\Mauritania\Science\Arguin - FieldWork Data Processing\Data\S2\S2B_MSIL2A_20260327T113319_N0512_R080_T28QCH_20260327T152639.SAFE,337,10042,6348,363485.0,2199615.0,0.2187,0.28390000000000004,0.3799,0.4985,0.5393,0.5372,0.5505,0.5625,0.5559000000000001,0.5484,0.6527000000000001,0.6127
2026-03-27,Iwik,Sen2Cor,S2B_MSIL2A_20260327T113319_N0512_R080_T28QCH_20260327T152639.SAFE,C:\Users\Simon\Nextcloud\Project\Mauritania\Science\Arguin - FieldWork Data Processing\Data\S2\S2B_MSIL2A_20260327T113319_N0512_R080_T28QCH_20260327T152639.SAFE,338,10042,6349,363495.0,2199615.0,0.2187,0.27640000000000003,0.3667,0.48660000000000003,0.5393,0.5372,0.5505,0.5596,0.5559000000000001,0.5484,0.6527000000000001,0.6127
2026-03-27,Iwik,Sen2Cor,S2B_MSIL2A_20260327T113319_N0512_R080_T28QCH_20260327T152639.SAFE,C:\Users\Simon\Nextcloud\Project\Mauritania\Science\Arguin - FieldWork Data Processing\Data\S2\S2B_MSIL2A_20260327T113319_N0512_R080_T28QCH_20260327T152639.SAFE,339,10042,6350,363505.0,2199615.0,0.2172,0.2671,0.3552,0.4763,0.5236000000000001,0.5249,0.5365,0.5425,0.5424,0.5484,0.6463,0.6023000000000001
2026-03-27,Iwik,Sen2Cor,S2B_MSIL2A_20260327T113319_N0512_R080_T28QCH_20260327T152639.SAFE,C:\Users\Simon\Nextcloud\Project\Mauritania\Science\Arguin - FieldWork Data Processing\Data\S2\S2B_MSIL2A_20260327T113319_N0512_R080_T28QCH_20260327T152639.SAFE,340,10042,6351,363515.0,2199615.0,0.2172,0.26730000000000004,0.35400000000000004,0.4758,0.5236000000000001,0.5249,0.5365,0.5405,0.5424,0.5484,0.6463,0.6023000000000001
2026-03-27,Iwik,Sen2Cor,S2B_MSIL2A_20260327T113319_N0512_R080_T28QCH_20260327T152639.SAFE,C:\Users\Simon\Nextcloud\Project\Mauritania\Science\Arguin - FieldWork Data Processing\Data\S2\S2B_MSIL2A_20260327T113319_N0512_R080_T28QCH_20260327T152639.SAFE,341,10042,6352,363525.0,2199615.0,0.2159,0.2666,0.3579,0.47440000000000004,0.5194,0.5157,0.5316000000000001,0.542,0.5348,0.5484,0.6429,0.5985
2026-03-27,Iwik,Sen2Cor,S2B_MSIL2A_20260327T113319_N0512_R080_T28QCH_20260327T152639.SAFE,C:\Users\Simon\Nextcloud\Project\Mauritania\Science\Arguin - FieldWork Data Processing\Data\S2\S2B_MSIL2A_20260327T113319_N0512_R080_T28QCH_20260327T152639.SAFE,342,10042,6353,363535.0,2199615.0,0.2159,0.26680000000000004,0.35860000000000003,0.47090000000000004,0.5194,0.5157,0.5316000000000001,0.5415,0.5348,0.5484,0.6429,0.5985
2026-03-27,Iwik,Sen2Cor,S2B_MSIL2A_20260327T113319_N0512_R080_T28QCH_20260327T152639.SAFE,C:\Users\Simon\Nextcloud\Project\Mauritania\Science\Arguin - FieldWork Data Processing\Data\S2\S2B_MSIL2A_20260327T113319_N0512_R080_T28QCH_20260327T152639.SAFE,343,10042,6354,363545.0,2199615.0,0.21450000000000002,0.2676,0.35300000000000004,0.47050000000000003,0.5175000000000001,0.5167,0.531,0.5352,0.5305,0.5457000000000001,0.6396000000000001,0.5958
2026-03-27,Iwik,Sen2Cor,S2B_MSIL2A_20260327T113319_N0512_R080_T28QCH_20260327T152639.SAFE,C:\Users\Simon\Nextcloud\Project\Mauritania\Science\Arguin - FieldWork Data Processing\Data\S2\S2B_MSIL2A_20260327T113319_N0512_R080_T28QCH_20260327T152639.SAFE,344,10042,6355,363555.0,2199615.0,0.21450000000000002,0.27490000000000003,0.3584,0.4746,0.5175000000000001,0.5167,0.531,0.54,0.5305,0.5457000000000001,0.6396000000000001,0.5958
2026-03-27,Iwik,Sen2Cor,S2B_MSIL2A_20260327T113319_N0512_R080_T28QCH_20260327T152639.SAFE,C:\Users\Simon\Nextcloud\Project\Mauritania\Science\Arguin - FieldWork Data Processing\Data\S2\S2B_MSIL2A_20260327T113319_N0512_R080_T28QCH_20260327T152639.SAFE,345,10042,6356,363565.0,2199615.0,0.2134,0.27690000000000003,0.3613,0.4758,0.5263,0.5249,0.5429,0.5391,0.5439,0.5457000000000001,0.6449,0.5991000000000001
2026-03-27,Iwik,Sen2Cor,S2B_MSIL2A_20260327T113319_N0512_R080_T28QCH_20260327T152639.SAFE,C:\Users\Simon\Nextcloud\Project\Mauritania\Science\Arguin - FieldWork Data Processing\Data\S2\S2B_MSIL2A_20260327T113319_N0512_R080_T28QCH_20260327T152639.SAFE,346,10042,6357,363575.0,2199615.0,0.2134,0.27340000000000003,0.3643,0.4844,0.5263,0.5249,0.5429,0.5488000000000001,0.5439,0.5457000000000001,0.6449,0.5991000000000001
2026-03-27,Iwik,Sen2Cor,S2B_MSIL2A_20260327T113319_N0512_R080_T28QCH_20260327T152639.SAFE,C:\Users\Simon\Nextcloud\Project\Mauritania\Science\Arguin - FieldWork Data Processing\Data\S2\S2B_MSIL2A_20260327T113319_N0512_R080_T28QCH_20260327T152639.SAFE,347,10042,6358,363585.0,2199615.0,0.2121,0.27390000000000003,0.3689,0.48950000000000005,0.5373,0.5325,0.5488000000000001,0.562,0.5522,0.5457000000000001,0.6507000000000001,0.6003000000000001
2026-03-27,Iwik,Sen2Cor,S2B_MSIL2A_20260327T113319_N0512_R080_T28QCH_20260327T152639.SAFE,C:\Users\Simon\Nextcloud\Project\Mauritania\Science\Arguin - FieldWork Data Processing\Data\S2\S2B_MSIL2A_20260327T113319_N0512_R080_T28QCH_20260327T152639.SAFE,348,10043,6337,363375.0,2199605.0,0.23470000000000002,0.29150000000000004,0.3811,0.5073,0.5514,0.551,0.5686,0.5811000000000001,0.5704,0.5811000000000001,0.669,0.6309
2026-03-27,Iwik,Sen2Cor,S2B_MSIL2A_20260327T113319_N0512_R080_T28QCH_20260327T152639.SAFE,C:\Users\Simon\Nextcloud\Project\Mauritania\Science\Arguin - FieldWork Data Processing\Data\S2\S2B_MSIL2A_20260327T113319_N0512_R080_T28QCH_20260327T152639.SAFE,349,10043,6338,363385.0,2199605.0,0.2326,0.2844,0.3799,0.5039,0.5541,0.5542,0.5734,0.5771000000000001,0.5749000000000001,0.5811000000000001,0.6678000000000001,0.631
2026-03-27,Iwik,Sen2Cor,S2B_MSIL2A_20260327T113319_N0512_R080_T28QCH_20260327T152639.SAFE,C:\Users\Simon\Nextcloud\Project\Mauritania\Science\Arguin - FieldWork Data Processing\Data\S2\S2B_MSIL2A_20260327T113319_N0512_R080_T28QCH_20260327T152639.SAFE,350,10043,6339,363395.0,2199605.0,0.2326,0.2947,0.38920000000000005,0.5122,0.5541,0.5542,0.5734,0.5825,0.5749000000000001,0.5811000000000001,0.6678000000000001,0.631
2026-03-27,Iwik,Sen2Cor,S2B_MSIL2A_20260327T113319_N0512_R080_T28QCH_20260327T152639.SAFE,C:\Users\Simon\Nextcloud\Project\Mauritania\Science\Arguin - FieldWork Data Processing\Data\S2\S2B_MSIL2A_20260327T113319_N0512_R080_T28QCH_20260327T152639.SAFE,351,10043,6340,363405.0,2199605.0,0.2296,0.2993,0.3931,0.5166000000000001,0.5582,0.5561,0.5682,0.5820000000000001,0.5703,0.5811000000000001,0.6678000000000001,0.6283000000000001
2026-03-27,Iwik,Sen2Cor,S2B_MSIL2A_20260327T113319_N0512_R080_T28QCH_20260327T152639.SAFE,C:\Users\Simon\Nextcloud\Project\Mauritania\Science\Arguin - FieldWork Data Processing\Data\S2\S2B_MSIL2A_20260327T113319_N0512_R080_T28QCH_20260327T152639.SAFE,352,10043,6341,363415.0,2199605.0,0.2296,0.2842,0.3801,0.5039,0.5582,0.5561,0.5682,0.5757,0.5703,0.5811000000000001,0.6678000000000001,0.6283000000000001
2026-03-27,Iwik,Sen2Cor,S2B_MSIL2A_20260327T113319_N0512_R080_T28QCH_20260327T152639.SAFE,C:\Users\Simon\Nextcloud\Project\Mauritania\Science\Arguin - FieldWork Data Processing\Data\S2\S2B_MSIL2A_20260327T113319_N0512_R080_T28QCH_20260327T152639.SAFE,353,10043,6342,363425.0,2199605.0,0.2262,0.2805,0.3755,0.4985,0.5484,0.546,0.5608000000000001,0.5732,0.5659000000000001,0.5641,0.6611,0.6204000000000001
2026-03-27,Iwik,Sen2Cor,S2B_MSIL2A_20260327T113319_N0512_R080_T28QCH_20260327T152639.SAFE,C:\Users\Simon\Nextcloud\Project\Mauritania\Science\Arguin - FieldWork Data Processing\Data\S2\S2B_MSIL2A_20260327T113319_N0512_R080_T28QCH_20260327T152639.SAFE,354,10043,6343,363435.0,2199605.0,0.2262,0.2808,0.3794,0.4973,0.5484,0.546,0.5608000000000001,0.5693,0.5659000000000001,0.5641,0.6611,0.6204000000000001
2026-03-27,Iwik,Sen2Cor,S2B_MSIL2A_20260327T113319_N0512_R080_T28QCH_20260327T152639.SAFE,C:\Users\Simon\Nextcloud\Project\Mauritania\Science\Arguin - FieldWork Data Processing\Data\S2\S2B_MSIL2A_20260327T113319_N0512_R080_T28QCH_20260327T152639.SAFE,355,10043,6344,363445.0,2199605.0,0.22260000000000002,0.281,0.3748,0.49560000000000004,0.5392,0.5352,0.5493,0.5635,0.5535,0.5641,0.6525000000000001,0.6119
2026-03-27,Iwik,Sen2Cor,S2B_MSIL2A_20260327T113319_N0512_R080_T28QCH_20260327T152639.SAFE,C:\Users\Simon\Nextcloud\Project\Mauritania\Science\Arguin - FieldWork Data Processing\Data\S2\S2B_MSIL2A_20260327T113319_N0512_R080_T28QCH_20260327T152639.SAFE,356,10043,6345,363455.0,2199605.0,0.22260000000000002,0.2776,0.37110000000000004,0.48900000000000005,0.5392,0.5352,0.5493,0.5566,0.5535,0.5641,0.6525000000000001,0.6119
2026-03-27,Iwik,Sen2Cor,S2B_MSIL2A_20260327T113319_N0512_R080_T28QCH_20260327T152639.SAFE,C:\Users\Simon\Nextcloud\Project\Mauritania\Science\Arguin - FieldWork Data Processing\Data\S2\S2B_MSIL2A_20260327T113319_N0512_R080_T28QCH_20260327T152639.SAFE,357,10043,6346,363465.0,2199605.0,0.2202,0.2786,0.37060000000000004,0.4937,0.5383,0.536,0.5511,0.5576,0.559,0.5641,0.6536000000000001,0.6132000000000001
2026-03-27,Iwik,Sen2Cor,S2B_MSIL2A_20260327T113319_N0512_R080_T28QCH_20260327T152639.SAFE,C:\Users\Simon\Nextcloud\Project\Mauritania\Science\Arguin - FieldWork Data Processing\Data\S2\S2B_MSIL2A_20260327T113319_N0512_R080_T28QCH_20260327T152639.SAFE,358,10043,6347,363475.0,2199605.0,0.2202,0.2793,0.37520000000000003,0.4973,0.5383,0.536,0.5511,0.5640000000000001,0.559,0.5641,0.6536000000000001,0.6132000000000001
2026-03-27,Iwik,Sen2Cor,S2B_MSIL2A_20260327T113319_N0512_R080_T28QCH_20260327T152639.SAFE,C:\Users\Simon\Nextcloud\Project\Mauritania\Science\Arguin - FieldWork Data Processing\Data\S2\S2B_MSIL2A_20260327T113319_N0512_R080_T28QCH_20260327T152639.SAFE,359,10043,6348,363485.0,2199605.0,0.2187,0.2805,0.3804,0.502,0.5393,0.5372,0.5505,0.5674,0.5559000000000001,0.5484,0.6527000000000001,0.6127
2026-03-27,Iwik,Sen2Cor,S2B_MSIL2A_20260327T113319_N0512_R080_T28QCH_20260327T152639.SAFE,C:\Users\Simon\Nextcloud\Project\Mauritania\Science\Arguin - FieldWork Data Processing\Data\S2\S2B_MSIL2A_20260327T113319_N0512_R080_T28QCH_20260327T152639.SAFE,360,10043,6349,363495.0,2199605.0,0.2187,0.28150000000000003,0.3765,0.4954,0.5393,0.5372,0.5505,0.5669000000000001,0.5559000000000001,0.5484,0.6527000000000001,0.6127
2026-03-27,Iwik,Sen2Cor,S2B_MSIL2A_20260327T113319_N0512_R080_T28QCH_20260327T152639.SAFE,C:\Users\Simon\Nextcloud\Project\Mauritania\Science\Arguin - FieldWork Data Processing\Data\S2\S2B_MSIL2A_20260327T113319_N0512_R080_T28QCH_20260327T152639.SAFE,361,10043,6350,363505.0,2199605.0,0.2172,0.26780000000000004,0.36250000000000004,0.48000000000000004,0.5236000000000001,0.5249,0.5365,0.5522,0.5424,0.5484,0.6463,0.6023000000000001
2026-03-27,Iwik,Sen2Cor,S2B_MSIL2A_20260327T113319_N0512_R080_T28QCH_20260327T152639.SAFE,C:\Users\Simon\Nextcloud\Project\Mauritania\Science\Arguin - FieldWork Data Processing\Data\S2\S2B_MSIL2A_20260327T113319_N0512_R080_T28QCH_20260327T152639.SAFE,362,10043,6351,363515.0,2199605.0,0.2172,0.26680000000000004,0.3567,0.4761,0.5236000000000001,0.5249,0.5365,0.5454,0.5424,0.5484,0.6463,0.6023000000000001
2026-03-27,Iwik,Sen2Cor,S2B_MSIL2A_20260327T113319_N0512_R080_T28QCH_20260327T152639.SAFE,C:\Users\Simon\Nextcloud\Project\Mauritania\Science\Arguin - FieldWork Data Processing\Data\S2\S2B_MSIL2A_20260327T113319_N0512_R080_T28QCH_20260327T152639.SAFE,363,10043,6352,363525.0,2199605.0,0.2159,0.2686,0.3584,0.4768,0.5194,0.5157,0.5316000000000001,0.5444,0.5348,0.5484,0.6429,0.5985
2026-03-27,Iwik,Sen2Cor,S2B_MSIL2A_20260327T113319_N0512_R080_T28QCH_20260327T152639.SAFE,C:\Users\Simon\Nextcloud\Project\Mauritania\Science\Arguin - FieldWork Data Processing\Data\S2\S2B_MSIL2A_20260327T113319_N0512_R080_T28QCH_20260327T152639.SAFE,364,10043,6353,363535.0,2199605.0,0.2159,0.26730000000000004,0.3562,0.47800000000000004,0.5194,0.5157,0.5316000000000001,0.5454,0.5348,0.5484,0.6429,0.5985
2026-03-27,Iwik,Sen2Cor,S2B_MSIL2A_20260327T113319_N0512_R080_T28QCH_20260327T152639.SAFE,C:\Users\Simon\Nextcloud\Project\Mauritania\Science\Arguin - FieldWork Data Processing\Data\S2\S2B_MSIL2A_20260327T113319_N0512_R080_T28QCH_20260327T152639.SAFE,365,10043,6354,363545.0,2199605.0,0.21450000000000002,0.2717,0.3599,0.47390000000000004,0.5175000000000001,0.5167,0.531,0.5444,0.5305,0.5457000000000001,0.6396000000000001,0.5958
2026-03-27,Iwik,Sen2Cor,S2B_MSIL2A_20260327T113319_N0512_R080_T28QCH_20260327T152639.SAFE,C:\Users\Simon\Nextcloud\Project\Mauritania\Science\Arguin - FieldWork Data Processing\Data\S2\S2B_MSIL2A_20260327T113319_N0512_R080_T28QCH_20260327T152639.SAFE,366,10043,6355,363555.0,2199605.0,0.21450000000000002,0.27490000000000003,0.35960000000000003,0.4736,0.5175000000000001,0.5167,0.531,0.543,0.5305,0.5457000000000001,0.6396000000000001,0.5958
2026-03-27,Iwik,Sen2Cor,S2B_MSIL2A_20260327T113319_N0512_R080_T28QCH_20260327T152639.SAFE,C:\Users\Simon\Nextcloud\Project\Mauritania\Science\Arguin - FieldWork Data Processing\Data\S2\S2B_MSIL2A_20260327T113319_N0512_R080_T28QCH_20260327T152639.SAFE,367,10043,6356,363565.0,2199605.0,0.2134,0.2791,0.3679,0.4834,0.5263,0.5249,0.5429,0.5488000000000001,0.5439,0.5457000000000001,0.6449,0.5991000000000001
2026-03-27,Iwik,Sen2Cor,S2B_MSIL2A_20260327T113319_N0512_R080_T28QCH_20260327T152639.SAFE,C:\Users\Simon\Nextcloud\Project\Mauritania\Science\Arguin - FieldWork Data Processing\Data\S2\S2B_MSIL2A_20260327T113319_N0512_R080_T28QCH_20260327T152639.SAFE,368,10043,6357,363575.0,2199605.0,0.2134,0.2756,0.3694,0.4924,0.5263,0.5249,0.5429,0.5576,0.5439,0.5457000000000001,0.6449,0.5991000000000001
2026-03-27,Iwik,Sen2Cor,S2B_MSIL2A_20260327T113319_N0512_R080_T28QCH_20260327T152639.SAFE,C:\Users\Simon\Nextcloud\Project\Mauritania\Science\Arguin - FieldWork Data Processing\Data\S2\S2B_MSIL2A_20260327T113319_N0512_R080_T28QCH_20260327T152639.SAFE,369,10043,6358,363585.0,2199605.0,0.2121,0.2778,0.3733,0.4968,0.5373,0.5325,0.5488000000000001,0.5635,0.5522,0.5457000000000001,0.6507000000000001,0.6003000000000001
2026-03-27,Iwik,Sen2Cor,S2B_MSIL2A_20260327T113319_N0512_R080_T28QCH_20260327T152639.SAFE,C:\Users\Simon\Nextcloud\Project\Mauritania\Science\Arguin - FieldWork Data Processing\Data\S2\S2B_MSIL2A_20260327T113319_N0512_R080_T28QCH_20260327T152639.SAFE,370,10044,6336,363365.0,2199595.0,0.2338,0.2917,0.38330000000000003,0.5112,0.5482,0.5513,0.5659000000000001,0.5820000000000001,0.5725,0.5765,0.6638000000000001,0.6258
2026-03-27,Iwik,Sen2Cor,S2B_MSIL2A_20260327T113319_N0512_R080_T28QCH_20260327T152639.SAFE,C:\Users\Simon\Nextcloud\Project\Mauritania\Science\Arguin - FieldWork Data Processing\Data\S2\S2B_MSIL2A_20260327T113319_N0512_R080_T28QCH_20260327T152639.SAFE,371,10044,6337,363375.0,2199595.0,0.2338,0.29350000000000004,0.385,0.5107,0.5482,0.5513,0.5659000000000001,0.5811000000000001,0.5725,0.5765,0.6638000000000001,0.6258
2026-03-27,Iwik,Sen2Cor,S2B_MSIL2A_20260327T113319_N0512_R080_T28QCH_20260327T152639.SAFE,C:\Users\Simon\Nextcloud\Project\Mauritania\Science\Arguin - FieldWork Data Processing\Data\S2\S2B_MSIL2A_20260327T113319_N0512_R080_T28QCH_20260327T152639.SAFE,372,10044,6338,363385.0,2199595.0,0.2326,0.2888,0.3821,0.502,0.5543,0.5505,0.5678000000000001,0.5771000000000001,0.5709000000000001,0.5765,0.6667000000000001,0.6259
2026-03-27,Iwik,Sen2Cor,S2B_MSIL2A_20260327T113319_N0512_R080_T28QCH_20260327T152639.SAFE,C:\Users\Simon\Nextcloud\Project\Mauritania\Science\Arguin - FieldWork Data Processing\Data\S2\S2B_MSIL2A_20260327T113319_N0512_R080_T28QCH_20260327T152639.SAFE,373,10044,6339,363395.0,2199595.0,0.2326,0.2913,0.38380000000000003,0.5107,0.5543,0.5505,0.5678000000000001,0.5791000000000001,0.5709000000000001,0.5765,0.6667000000000001,0.6259
2026-03-27,Iwik,Sen2Cor,S2B_MSIL2A_20260327T113319_N0512_R080_T28QCH_20260327T152639.SAFE,C:\Users\Simon\Nextcloud\Project\Mauritania\Science\Arguin - FieldWork Data Processing\Data\S2\S2B_MSIL2A_20260327T113319_N0512_R080_T28QCH_20260327T152639.SAFE,374,10044,6340,363405.0,2199595.0,0.23020000000000002,0.3018,0.39230000000000004,0.5137,0.5585,0.5559000000000001,0.5684,0.5859,0.5732,0.5765,0.6691,0.628
2026-03-27,Iwik,Sen2Cor,S2B_MSIL2A_20260327T113319_N0512_R080_T28QCH_20260327T152639.SAFE,C:\Users\Simon\Nextcloud\Project\Mauritania\Science\Arguin - FieldWork Data Processing\Data\S2\S2B_MSIL2A_20260327T113319_N0512_R080_T28QCH_20260327T152639.SAFE,375,10044,6341,363415.0,2199595.0,0.23020000000000002,0.29150000000000004,0.38820000000000005,0.5098,0.5585,0.5559000000000001,0.5684,0.5786,0.5732,0.5765,0.6691,0.628
2026-03-27,Iwik,Sen2Cor,S2B_MSIL2A_20260327T113319_N0512_R080_T28QCH_20260327T152639.SAFE,C:\Users\Simon\Nextcloud\Project\Mauritania\Science\Arguin - FieldWork Data Processing\Data\S2\S2B_MSIL2A_20260327T113319_N0512_R080_T28QCH_20260327T152639.SAFE,376,10044,6342,363425.0,2199595.0,0.226,0.272,0.3708,0.4963,0.5426,0.5378000000000001,0.5545,0.5703,0.5617,0.5649000000000001,0.6583,0.6153000000000001
2026-03-27,Iwik,Sen2Cor,S2B_MSIL2A_20260327T113319_N0512_R080_T28QCH_20260327T152639.SAFE,C:\Users\Simon\Nextcloud\Project\Mauritania\Science\Arguin - FieldWork Data Processing\Data\S2\S2B_MSIL2A_20260327T113319_N0512_R080_T28QCH_20260327T152639.SAFE,377,10044,6343,363435.0,2199595.0,0.226,0.2776,0.36960000000000004,0.49100000000000005,0.5426,0.5378000000000001,0.5545,0.5615,0.5617,0.5649000000000001,0.6583,0.6153000000000001
2026-03-27,Iwik,Sen2Cor,S2B_MSIL2A_20260327T113319_N0512_R080_T28QCH_20260327T152639.SAFE,C:\Users\Simon\Nextcloud\Project\Mauritania\Science\Arguin - FieldWork Data Processing\Data\S2\S2B_MSIL2A_20260327T113319_N0512_R080_T28QCH_20260327T152639.SAFE,378,10044,6344,363445.0,2199595.0,0.2228,0.2742,0.37060000000000004,0.4902,0.5334,0.5294,0.5457000000000001,0.5596,0.5525,0.5649000000000001,0.6519,0.6089
2026-03-27,Iwik,Sen2Cor,S2B_MSIL2A_20260327T113319_N0512_R080_T28QCH_20260327T152639.SAFE,C:\Users\Simon\Nextcloud\Project\Mauritania\Science\Arguin - FieldWork Data Processing\Data\S2\S2B_MSIL2A_20260327T113319_N0512_R080_T28QCH_20260327T152639.SAFE,379,10044,6345,363455.0,2199595.0,0.2228,0.2766,0.3704,0.4854,0.5334,0.5294,0.5457000000000001,0.5527000000000001,0.5525,0.5649000000000001,0.6519,0.6089
2026-03-27,Iwik,Sen2Cor,S2B_MSIL2A_20260327T113319_N0512_R080_T28QCH_20260327T152639.SAFE,C:\Users\Simon\Nextcloud\Project\Mauritania\Science\Arguin - FieldWork Data Processing\Data\S2\S2B_MSIL2A_20260327T113319_N0512_R080_T28QCH_20260327T152639.SAFE,380,10044,6346,363465.0,2199595.0,0.2217,0.271,0.3647,0.48190000000000005,0.5342,0.5306000000000001,0.547,0.5518000000000001,0.554,0.5649000000000001,0.6532,0.6088
2026-03-27,Iwik,Sen2Cor,S2B_MSIL2A_20260327T113319_N0512_R080_T28QCH_20260327T152639.SAFE,C:\Users\Simon\Nextcloud\Project\Mauritania\Science\Arguin - FieldWork Data Processing\Data\S2\S2B_MSIL2A_20260327T113319_N0512_R080_T28QCH_20260327T152639.SAFE,381,10044,6347,363475.0,2199595.0,0.2217,0.2798,0.3708,0.4937,0.5342,0.5306000000000001,0.547,0.5586,0.554,0.5649000000000001,0.6532,0.6088
2026-03-27,Iwik,Sen2Cor,S2B_MSIL2A_20260327T113319_N0512_R080_T28QCH_20260327T152639.SAFE,C:\Users\Simon\Nextcloud\Project\Mauritania\Science\Arguin - FieldWork Data Processing\Data\S2\S2B_MSIL2A_20260327T113319_N0512_R080_T28QCH_20260327T152639.SAFE,382,10044,6348,363485.0,2199595.0,0.2214,0.2869,0.3789,0.501,0.5437000000000001,0.5412,0.5572,0.5649000000000001,0.5559000000000001,0.561,0.6569,0.614
2026-03-27,Iwik,Sen2Cor,S2B_MSIL2A_20260327T113319_N0512_R080_T28QCH_20260327T152639.SAFE,C:\Users\Simon\Nextcloud\Project\Mauritania\Science\Arguin - FieldWork Data Processing\Data\S2\S2B_MSIL2A_20260327T113319_N0512_R080_T28QCH_20260327T152639.SAFE,383,10044,6349,363495.0,2199595.0,0.2214,0.2866,0.38280000000000003,0.5034000000000001,0.5437000000000001,0.5412,0.5572,0.5698,0.5559000000000001,0.561,0.6569,0.614
2026-03-27,Iwik,Sen2Cor,S2B_MSIL2A_20260327T113319_N0512_R080_T28QCH_20260327T152639.SAFE,C:\Users\Simon\Nextcloud\Project\Mauritania\Science\Arguin - FieldWork Data Processing\Data\S2\S2B_MSIL2A_20260327T113319_N0512_R080_T28QCH_20260327T152639.SAFE,384,10044,6350,363505.0,2199595.0,0.2209,0.2788,0.37820000000000004,0.4958,0.5395,0.5385,0.5546,0.5659000000000001,0.5569000000000001,0.561,0.6544,0.6088
2026-03-27,Iwik,Sen2Cor,S2B_MSIL2A_20260327T113319_N0512_R080_T28QCH_20260327T152639.SAFE,C:\Users\Simon\Nextcloud\Project\Mauritania\Science\Arguin - FieldWork Data Processing\Data\S2\S2B_MSIL2A_20260327T113319_N0512_R080_T28QCH_20260327T152639.SAFE,385,10044,6351,363515.0,2199595.0,0.2209,0.27390000000000003,0.36960000000000004,0.4873,0.5395,0.5385,0.5546,0.5542,0.5569000000000001,0.561,0.6544,0.6088
2026-03-27,Iwik,Sen2Cor,S2B_MSIL2A_20260327T113319_N0512_R080_T28QCH_20260327T152639.SAFE,C:\Users\Simon\Nextcloud\Project\Mauritania\Science\Arguin - FieldWork Data Processing\Data\S2\S2B_MSIL2A_20260327T113319_N0512_R080_T28QCH_20260327T152639.SAFE,386,10044,6352,363525.0,2199595.0,0.22,0.27,0.3655,0.48410000000000003,0.5291,0.5295,0.5418000000000001,0.5474,0.5439,0.561,0.6447,0.598
2026-03-27,Iwik,Sen2Cor,S2B_MSIL2A_20260327T113319_N0512_R080_T28QCH_20260327T152639.SAFE,C:\Users\Simon\Nextcloud\Project\Mauritania\Science\Arguin - FieldWork Data Processing\Data\S2\S2B_MSIL2A_20260327T113319_N0512_R080_T28QCH_20260327T152639.SAFE,387,10044,6353,363535.0,2199595.0,0.22,0.26730000000000004,0.35910000000000003,0.4812,0.5291,0.5295,0.5418000000000001,0.5449,0.5439,0.561,0.6447,0.598
2026-03-27,Iwik,Sen2Cor,S2B_MSIL2A_20260327T113319_N0512_R080_T28QCH_20260327T152639.SAFE,C:\Users\Simon\Nextcloud\Project\Mauritania\Science\Arguin - FieldWork Data Processing\Data\S2\S2B_MSIL2A_20260327T113319_N0512_R080_T28QCH_20260327T152639.SAFE,388,10044,6354,363545.0,2199595.0,0.21910000000000002,0.2747,0.36250000000000004,0.4792,0.5227,0.5245000000000001,0.54,0.54,0.5394,0.5595,0.6415000000000001,0.5953
2026-03-27,Iwik,Sen2Cor,S2B_MSIL2A_20260327T113319_N0512_R080_T28QCH_20260327T152639.SAFE,C:\Users\Simon\Nextcloud\Project\Mauritania\Science\Arguin - FieldWork Data Processing\Data\S2\S2B_MSIL2A_20260327T113319_N0512_R080_T28QCH_20260327T152639.SAFE,389,10044,6355,363555.0,2199595.0,0.21910000000000002,0.2742,0.36910000000000004,0.4827,0.5227,0.5245000000000001,0.54,0.541,0.5394,0.5595,0.6415000000000001,0.5953
2026-03-27,Iwik,Sen2Cor,S2B_MSIL2A_20260327T113319_N0512_R080_T28QCH_20260327T152639.SAFE,C:\Users\Simon\Nextcloud\Project\Mauritania\Science\Arguin - FieldWork Data Processing\Data\S2\S2B_MSIL2A_20260327T113319_N0512_R080_T28QCH_20260327T152639.SAFE,390,10044,6356,363565.0,2199595.0,0.218,0.28340000000000004,0.3755,0.4944,0.5349,0.5262,0.545,0.5557,0.5447000000000001,0.5595,0.6453,0.5983
2026-03-27,Iwik,Sen2Cor,S2B_MSIL2A_20260327T113319_N0512_R080_T28QCH_20260327T152639.SAFE,C:\Users\Simon\Nextcloud\Project\Mauritania\Science\Arguin - FieldWork Data Processing\Data\S2\S2B_MSIL2A_20260327T113319_N0512_R080_T28QCH_20260327T152639.SAFE,391,10044,6357,363575.0,2199595.0,0.218,0.28340000000000004,0.3743,0.4929,0.5349,0.5262,0.545,0.5601,0.5447000000000001,0.5595,0.6453,0.5983
2026-03-27,Iwik,Sen2Cor,S2B_MSIL2A_20260327T113319_N0512_R080_T28QCH_20260327T152639.SAFE,C:\Users\Simon\Nextcloud\Project\Mauritania\Science\Arguin - FieldWork Data Processing\Data\S2\S2B_MSIL2A_20260327T113319_N0512_R080_T28QCH_20260327T152639.SAFE,392,10045,6336,363365.0,2199585.0,0.2338,0.29000000000000004,0.38570000000000004,0.5083,0.5482,0.5513,0.5659000000000001,0.5825,0.5725,0.5765,0.6638000000000001,0.6258
2026-03-27,Iwik,Sen2Cor,S2B_MSIL2A_20260327T113319_N0512_R080_T28QCH_20260327T152639.SAFE,C:\Users\Simon\Nextcloud\Project\Mauritania\Science\Arguin - FieldWork Data Processing\Data\S2\S2B_MSIL2A_20260327T113319_N0512_R080_T28QCH_20260327T152639.SAFE,393,10045,6337,363375.0,2199585.0,0.2338,0.2827,0.3794,0.5034000000000001,0.5482,0.5513,0.5659000000000001,0.5742,0.5725,0.5765,0.6638000000000001,0.6258
2026-03-27,Iwik,Sen2Cor,S2B_MSIL2A_20260327T113319_N0512_R080_T28QCH_20260327T152639.SAFE,C:\Users\Simon\Nextcloud\Project\Mauritania\Science\Arguin - FieldWork Data Processing\Data\S2\S2B_MSIL2A_20260327T113319_N0512_R080_T28QCH_20260327T152639.SAFE,394,10045,6338,363385.0,2199585.0,0.2326,0.2861,0.37870000000000004,0.5034000000000001,0.5543,0.5505,0.5678000000000001,0.5723,0.5709000000000001,0.5765,0.6667000000000001,0.6259
2026-03-27,Iwik,Sen2Cor,S2B_MSIL2A_20260327T113319_N0512_R080_T28QCH_20260327T152639.SAFE,C:\Users\Simon\Nextcloud\Project\Mauritania\Science\Arguin - FieldWork Data Processing\Data\S2\S2B_MSIL2A_20260327T113319_N0512_R080_T28QCH_20260327T152639.SAFE,395,10045,6339,363395.0,2199585.0,0.2326,0.2859,0.3811,0.5054000000000001,0.5543,0.5505,0.5678000000000001,0.5737,0.5709000000000001,0.5765,0.6667000000000001,0.6259
2026-03-27,Iwik,Sen2Cor,S2B_MSIL2A_20260327T113319_N0512_R080_T28QCH_20260327T152639.SAFE,C:\Users\Simon\Nextcloud\Project\Mauritania\Science\Arguin - FieldWork Data Processing\Data\S2\S2B_MSIL2A_20260327T113319_N0512_R080_T28QCH_20260327T152639.SAFE,396,10045,6340,363405.0,2199585.0,0.23020000000000002,0.2942,0.3909,0.5161,0.5585,0.5559000000000001,0.5684,0.5869,0.5732,0.5765,0.6691,0.628
2026-03-27,Iwik,Sen2Cor,S2B_MSIL2A_20260327T113319_N0512_R080_T28QCH_20260327T152639.SAFE,C:\Users\Simon\Nextcloud\Project\Mauritania\Science\Arguin - FieldWork Data Processing\Data\S2\S2B_MSIL2A_20260327T113319_N0512_R080_T28QCH_20260327T152639.SAFE,397,10045,6341,363415.0,2199585.0,0.23020000000000002,0.2957,0.39280000000000004,0.5132,0.5585,0.5559000000000001,0.5684,0.5811000000000001,0.5732,0.5765,0.6691,0.628
2026-03-27,Iwik,Sen2Cor,S2B_MSIL2A_20260327T113319_N0512_R080_T28QCH_20260327T152639.SAFE,C:\Users\Simon\Nextcloud\Project\Mauritania\Science\Arguin - FieldWork Data Processing\Data\S2\S2B_MSIL2A_20260327T113319_N0512_R080_T28QCH_20260327T152639.SAFE,398,10045,6342,363425.0,2199585.0,0.226,0.2771,0.37520000000000003,0.498,0.5426,0.5378000000000001,0.5545,0.5693,0.5617,0.5649000000000001,0.6583,0.6153000000000001
2026-03-27,Iwik,Sen2Cor,S2B_MSIL2A_20260327T113319_N0512_R080_T28QCH_20260327T152639.SAFE,C:\Users\Simon\Nextcloud\Project\Mauritania\Science\Arguin - FieldWork Data Processing\Data\S2\S2B_MSIL2A_20260327T113319_N0512_R080_T28QCH_20260327T152639.SAFE,399,10045,6343,363435.0,2199585.0,0.226,0.2747,0.3677,0.4878,0.5426,0.5378000000000001,0.5545,0.5562,0.5617,0.5649000000000001,0.6583,0.6153000000000001
2026-03-27,Iwik,Sen2Cor,S2B_MSIL2A_20260327T113319_N0512_R080_T28QCH_20260327T152639.SAFE,C:\Users\Simon\Nextcloud\Project\Mauritania\Science\Arguin - FieldWork Data Processing\Data\S2\S2B_MSIL2A_20260327T113319_N0512_R080_T28QCH_20260327T152639.SAFE,400,10045,6344,363445.0,2199585.0,0.2228,0.2798,0.373,0.4907,0.5334,0.5294,0.5457000000000001,0.5625,0.5525,0.5649000000000001,0.6519,0.6089
2026-03-27,Iwik,Sen2Cor,S2B_MSIL2A_20260327T113319_N0512_R080_T28QCH_20260327T152639.SAFE,C:\Users\Simon\Nextcloud\Project\Mauritania\Science\Arguin - FieldWork Data Processing\Data\S2\S2B_MSIL2A_20260327T113319_N0512_R080_T28QCH_20260327T152639.SAFE,401,10045,6345,363455.0,2199585.0,0.2228,0.27590000000000003,0.3699,0.49050000000000005,0.5334,0.5294,0.5457000000000001,0.5581,0.5525,0.5649000000000001,0.6519,0.6089
2026-03-27,Iwik,Sen2Cor,S2B_MSIL2A_20260327T113319_N0512_R080_T28QCH_20260327T152639.SAFE,C:\Users\Simon\Nextcloud\Project\Mauritania\Science\Arguin - FieldWork Data Processing\Data\S2\S2B_MSIL2A_20260327T113319_N0512_R080_T28QCH_20260327T152639.SAFE,402,10045,6346,363465.0,2199585.0,0.2217,0.272,0.366,0.4844,0.5342,0.5306000000000001,0.547,0.5527000000000001,0.554,0.5649000000000001,0.6532,0.6088
2026-03-27,Iwik,Sen2Cor,S2B_MSIL2A_20260327T113319_N0512_R080_T28QCH_20260327T152639.SAFE,C:\Users\Simon\Nextcloud\Project\Mauritania\Science\Arguin - FieldWork Data Processing\Data\S2\S2B_MSIL2A_20260327T113319_N0512_R080_T28QCH_20260327T152639.SAFE,403,10045,6347,363475.0,2199585.0,0.2217,0.2773,0.37010000000000004,0.4917,0.5342,0.5306000000000001,0.547,0.5566,0.554,0.5649000000000001,0.6532,0.6088
2026-03-27,Iwik,Sen2Cor,S2B_MSIL2A_20260327T113319_N0512_R080_T28QCH_20260327T152639.SAFE,C:\Users\Simon\Nextcloud\Project\Mauritania\Science\Arguin - FieldWork Data Processing\Data\S2\S2B_MSIL2A_20260327T113319_N0512_R080_T28QCH_20260327T152639.SAFE,404,10045,6348,363485.0,2199585.0,0.2214,0.28340000000000004,0.3748,0.4993,0.5437000000000001,0.5412,0.5572,0.5640000000000001,0.5559000000000001,0.561,0.6569,0.614
2026-03-27,Iwik,Sen2Cor,S2B_MSIL2A_20260327T113319_N0512_R080_T28QCH_20260327T152639.SAFE,C:\Users\Simon\Nextcloud\Project\Mauritania\Science\Arguin - FieldWork Data Processing\Data\S2\S2B_MSIL2A_20260327T113319_N0512_R080_T28QCH_20260327T152639.SAFE,405,10045,6349,363495.0,2199585.0,0.2214,0.2844,0.3796,0.5034000000000001,0.5437000000000001,0.5412,0.5572,0.5649000000000001,0.5559000000000001,0.561,0.6569,0.614
2026-03-27,Iwik,Sen2Cor,S2B_MSIL2A_20260327T113319_N0512_R080_T28QCH_20260327T152639.SAFE,C:\Users\Simon\Nextcloud\Project\Mauritania\Science\Arguin - FieldWork Data Processing\Data\S2\S2B_MSIL2A_20260327T113319_N0512_R080_T28QCH_20260327T152639.SAFE,406,10045,6350,363505.0,2199585.0,0.2209,0.2847,0.38280000000000003,0.5029,0.5395,0.5385,0.5546,0.5654,0.5569000000000001,0.561,0.6544,0.6088
2026-03-27,Iwik,Sen2Cor,S2B_MSIL2A_20260327T113319_N0512_R080_T28QCH_20260327T152639.SAFE,C:\Users\Simon\Nextcloud\Project\Mauritania\Science\Arguin - FieldWork Data Processing\Data\S2\S2B_MSIL2A_20260327T113319_N0512_R080_T28QCH_20260327T152639.SAFE,407,10045,6351,363515.0,2199585.0,0.2209,0.28300000000000003,0.3748,0.4939,0.5395,0.5385,0.5546,0.5649000000000001,0.5569000000000001,0.561,0.6544,0.6088
2026-03-27,Iwik,Sen2Cor,S2B_MSIL2A_20260327T113319_N0512_R080_T28QCH_20260327T152639.SAFE,C:\Users\Simon\Nextcloud\Project\Mauritania\Science\Arguin - FieldWork Data Processing\Data\S2\S2B_MSIL2A_20260327T113319_N0512_R080_T28QCH_20260327T152639.SAFE,408,10045,6352,363525.0,2199585.0,0.22,0.2773,0.3689,0.4893,0.5291,0.5295,0.5418000000000001,0.5586,0.5439,0.561,0.6447,0.598
2026-03-27,Iwik,Sen2Cor,S2B_MSIL2A_20260327T113319_N0512_R080_T28QCH_20260327T152639.SAFE,C:\Users\Simon\Nextcloud\Project\Mauritania\Science\Arguin - FieldWork Data Processing\Data\S2\S2B_MSIL2A_20260327T113319_N0512_R080_T28QCH_20260327T152639.SAFE,409,10045,6353,363535.0,2199585.0,0.22,0.271,0.3655,0.4824,0.5291,0.5295,0.5418000000000001,0.5493,0.5439,0.561,0.6447,0.598
2026-03-27,Iwik,Sen2Cor,S2B_MSIL2A_20260327T113319_N0512_R080_T28QCH_20260327T152639.SAFE,C:\Users\Simon\Nextcloud\Project\Mauritania\Science\Arguin - FieldWork Data Processing\Data\S2\S2B_MSIL2A_20260327T113319_N0512_R080_T28QCH_20260327T152639.SAFE,410,10045,6354,363545.0,2199585.0,0.21910000000000002,0.27440000000000003,0.3652,0.4812,0.5227,0.5245000000000001,0.54,0.5483,0.5394,0.5595,0.6415000000000001,0.5953
2026-03-27,Iwik,Sen2Cor,S2B_MSIL2A_20260327T113319_N0512_R080_T28QCH_20260327T152639.SAFE,C:\Users\Simon\Nextcloud\Project\Mauritania\Science\Arguin - FieldWork Data Processing\Data\S2\S2B_MSIL2A_20260327T113319_N0512_R080_T28QCH_20260327T152639.SAFE,411,10045,6355,363555.0,2199585.0,0.21910000000000002,0.2756,0.3687,0.4829,0.5227,0.5245000000000001,0.54,0.5493,0.5394,0.5595,0.6415000000000001,0.5953
2026-03-27,Iwik,Sen2Cor,S2B_MSIL2A_20260327T113319_N0512_R080_T28QCH_20260327T152639.SAFE,C:\Users\Simon\Nextcloud\Project\Mauritania\Science\Arguin - FieldWork Data Processing\Data\S2\S2B_MSIL2A_20260327T113319_N0512_R080_T28QCH_20260327T152639.SAFE,412,10045,6356,363565.0,2199585.0,0.218,0.27440000000000003,0.366,0.4832,0.5349,0.5262,0.545,0.5522,0.5447000000000001,0.5595,0.6453,0.5983
2026-03-27,Iwik,Sen2Cor,S2B_MSIL2A_20260327T113319_N0512_R080_T28QCH_20260327T152639.SAFE,C:\Users\Simon\Nextcloud\Project\Mauritania\Science\Arguin - FieldWork Data Processing\Data\S2\S2B_MSIL2A_20260327T113319_N0512_R080_T28QCH_20260327T152639.SAFE,413,10045,6357,363575.0,2199585.0,0.218,0.27390000000000003,0.3635,0.4839,0.5349,0.5262,0.545,0.5503,0.5447000000000001,0.5595,0.6453,0.5983
2026-03-27,Iwik,Sen2Cor,S2B_MSIL2A_20260327T113319_N0512_R080_T28QCH_20260327T152639.SAFE,C:\Users\Simon\Nextcloud\Project\Mauritania\Science\Arguin - FieldWork Data Processing\Data\S2\S2B_MSIL2A_20260327T113319_N0512_R080_T28QCH_20260327T152639.SAFE,414,10046,6336,363365.0,2199575.0,0.23170000000000002,0.2913,0.38480000000000003,0.5063,0.5481,0.5495,0.5648000000000001,0.5752,0.5682,0.5765,0.6607000000000001,0.6201
2026-03-27,Iwik,Sen2Cor,S2B_MSIL2A_20260327T113319_N0512_R080_T28QCH_20260327T152639.SAFE,C:\Users\Simon\Nextcloud\Project\Mauritania\Science\Arguin - FieldWork Data Processing\Data\S2\S2B_MSIL2A_20260327T113319_N0512_R080_T28QCH_20260327T152639.SAFE,415,10046,6337,363375.0,2199575.0,0.23170000000000002,0.2842,0.3821,0.5,0.5481,0.5495,0.5648000000000001,0.5688,0.5682,0.5765,0.6607000000000001,0.6201
2026-03-27,Iwik,Sen2Cor,S2B_MSIL2A_20260327T113319_N0512_R080_T28QCH_20260327T152639.SAFE,C:\Users\Simon\Nextcloud\Project\Mauritania\Science\Arguin - FieldWork Data Processing\Data\S2\S2B_MSIL2A_20260327T113319_N0512_R080_T28QCH_20260327T152639.SAFE,416,10046,6338,363385.0,2199575.0,0.2316,0.2805,0.3728,0.4968,0.5482,0.549,0.5632,0.5713,0.5677,0.5765,0.6606000000000001,0.6183000000000001
2026-03-27,Iwik,Sen2Cor,S2B_MSIL2A_20260327T113319_N0512_R080_T28QCH_20260327T152639.SAFE,C:\Users\Simon\Nextcloud\Project\Mauritania\Science\Arguin - FieldWork Data Processing\Data\S2\S2B_MSIL2A_20260327T113319_N0512_R080_T28QCH_20260327T152639.SAFE,417,10046,6339,363395.0,2199575.0,0.2316,0.2795,0.3794,0.4988,0.5482,0.549,0.5632,0.5708,0.5677,0.5765,0.6606000000000001,0.6183000000000001
2026-03-27,Iwik,Sen2Cor,S2B_MSIL2A_20260327T113319_N0512_R080_T28QCH_20260327T152639.SAFE,C:\Users\Simon\Nextcloud\Project\Mauritania\Science\Arguin - FieldWork Data Processing\Data\S2\S2B_MSIL2A_20260327T113319_N0512_R080_T28QCH_20260327T152639.SAFE,418,10046,6340,363405.0,2199575.0,0.2298,0.2847,0.38230000000000003,0.5107,0.5514,0.5506,0.5675,0.5791000000000001,0.5729000000000001,0.5765,0.6652,0.6236
2026-03-27,Iwik,Sen2Cor,S2B_MSIL2A_20260327T113319_N0512_R080_T28QCH_20260327T152639.SAFE,C:\Users\Simon\Nextcloud\Project\Mauritania\Science\Arguin - FieldWork Data Processing\Data\S2\S2B_MSIL2A_20260327T113319_N0512_R080_T28QCH_20260327T152639.SAFE,419,10046,6341,363415.0,2199575.0,0.2298,0.29200000000000004,0.385,0.5103,0.5514,0.5506,0.5675,0.5815,0.5729000000000001,0.5765,0.6652,0.6236
2026-03-27,Iwik,Sen2Cor,S2B_MSIL2A_20260327T113319_N0512_R080_T28QCH_20260327T152639.SAFE,C:\Users\Simon\Nextcloud\Project\Mauritania\Science\Arguin - FieldWork Data Processing\Data\S2\S2B_MSIL2A_20260327T113319_N0512_R080_T28QCH_20260327T152639.SAFE,420,10046,6342,363425.0,2199575.0,0.226,0.2791,0.37260000000000004,0.49760000000000004,0.5386000000000001,0.5355,0.5511,0.5684,0.5602,0.5649000000000001,0.6559,0.6121
2026-03-27,Iwik,Sen2Cor,S2B_MSIL2A_20260327T113319_N0512_R080_T28QCH_20260327T152639.SAFE,C:\Users\Simon\Nextcloud\Project\Mauritania\Science\Arguin - FieldWork Data Processing\Data\S2\S2B_MSIL2A_20260327T113319_N0512_R080_T28QCH_20260327T152639.SAFE,421,10046,6343,363435.0,2199575.0,0.226,0.26880000000000004,0.365,0.48510000000000003,0.5386000000000001,0.5355,0.5511,0.5547000000000001,0.5602,0.5649000000000001,0.6559,0.6121
2026-03-27,Iwik,Sen2Cor,S2B_MSIL2A_20260327T113319_N0512_R080_T28QCH_20260327T152639.SAFE,C:\Users\Simon\Nextcloud\Project\Mauritania\Science\Arguin - FieldWork Data Processing\Data\S2\S2B_MSIL2A_20260327T113319_N0512_R080_T28QCH_20260327T152639.SAFE,422,10046,6344,363445.0,2199575.0,0.2232,0.2776,0.3733,0.4934,0.5385,0.5372,0.5512,0.5581,0.559,0.5649000000000001,0.655,0.6089
2026-03-27,Iwik,Sen2Cor,S2B_MSIL2A_20260327T113319_N0512_R080_T28QCH_20260327T152639.SAFE,C:\Users\Simon\Nextcloud\Project\Mauritania\Science\Arguin - FieldWork Data Processing\Data\S2\S2B_MSIL2A_20260327T113319_N0512_R080_T28QCH_20260327T152639.SAFE,423,10046,6345,363455.0,2199575.0,0.2232,0.2798,0.3704,0.4934,0.5385,0.5372,0.5512,0.5591,0.559,0.5649000000000001,0.655,0.6089
2026-03-27,Iwik,Sen2Cor,S2B_MSIL2A_20260327T113319_N0512_R080_T28QCH_20260327T152639.SAFE,C:\Users\Simon\Nextcloud\Project\Mauritania\Science\Arguin - FieldWork Data Processing\Data\S2\S2B_MSIL2A_20260327T113319_N0512_R080_T28QCH_20260327T152639.SAFE,424,10046,6346,363465.0,2199575.0,0.2227,0.28,0.3733,0.49510000000000004,0.5383,0.5413,0.5543,0.5635,0.5573,0.5649000000000001,0.6551,0.6076
2026-03-27,Iwik,Sen2Cor,S2B_MSIL2A_20260327T113319_N0512_R080_T28QCH_20260327T152639.SAFE,C:\Users\Simon\Nextcloud\Project\Mauritania\Science\Arguin - FieldWork Data Processing\Data\S2\S2B_MSIL2A_20260327T113319_N0512_R080_T28QCH_20260327T152639.SAFE,425,10046,6347,363475.0,2199575.0,0.2227,0.2778,0.3687,0.4917,0.5383,0.5413,0.5543,0.5591,0.5573,0.5649000000000001,0.6551,0.6076
2026-03-27,Iwik,Sen2Cor,S2B_MSIL2A_20260327T113319_N0512_R080_T28QCH_20260327T152639.SAFE,C:\Users\Simon\Nextcloud\Project\Mauritania\Science\Arguin - FieldWork Data Processing\Data\S2\S2B_MSIL2A_20260327T113319_N0512_R080_T28QCH_20260327T152639.SAFE,426,10046,6348,363485.0,2199575.0,0.2232,0.272,0.364,0.48900000000000005,0.5413,0.5394,0.5547000000000001,0.5581,0.5519000000000001,0.561,0.6543,0.6079
2026-03-27,Iwik,Sen2Cor,S2B_MSIL2A_20260327T113319_N0512_R080_T28QCH_20260327T152639.SAFE,C:\Users\Simon\Nextcloud\Project\Mauritania\Science\Arguin - FieldWork Data Processing\Data\S2\S2B_MSIL2A_20260327T113319_N0512_R080_T28QCH_20260327T152639.SAFE,427,10046,6349,363495.0,2199575.0,0.2232,0.28150000000000003,0.3748,0.4973,0.5413,0.5394,0.5547000000000001,0.5635,0.5519000000000001,0.561,0.6543,0.6079
2026-03-27,Iwik,Sen2Cor,S2B_MSIL2A_20260327T113319_N0512_R080_T28QCH_20260327T152639.SAFE,C:\Users\Simon\Nextcloud\Project\Mauritania\Science\Arguin - FieldWork Data Processing\Data\S2\S2B_MSIL2A_20260327T113319_N0512_R080_T28QCH_20260327T152639.SAFE,428,10046,6350,363505.0,2199575.0,0.22340000000000002,0.2866,0.3831,0.5068,0.5476,0.5479,0.5616,0.5742,0.5656,0.561,0.6569,0.6128
2026-03-27,Iwik,Sen2Cor,S2B_MSIL2A_20260327T113319_N0512_R080_T28QCH_20260327T152639.SAFE,C:\Users\Simon\Nextcloud\Project\Mauritania\Science\Arguin - FieldWork Data Processing\Data\S2\S2B_MSIL2A_20260327T113319_N0512_R080_T28QCH_20260327T152639.SAFE,429,10046,6351,363515.0,2199575.0,0.22340000000000002,0.2871,0.3835,0.5039,0.5476,0.5479,0.5616,0.5703,0.5656,0.561,0.6569,0.6128
2026-03-27,Iwik,Sen2Cor,S2B_MSIL2A_20260327T113319_N0512_R080_T28QCH_20260327T152639.SAFE,C:\Users\Simon\Nextcloud\Project\Mauritania\Science\Arguin - FieldWork Data Processing\Data\S2\S2B_MSIL2A_20260327T113319_N0512_R080_T28QCH_20260327T152639.SAFE,430,10046,6352,363525.0,2199575.0,0.22290000000000001,0.28,0.3713,0.4919,0.5346000000000001,0.5331,0.5453,0.5552,0.551,0.561,0.6447,0.5989
2026-03-27,Iwik,Sen2Cor,S2B_MSIL2A_20260327T113319_N0512_R080_T28QCH_20260327T152639.SAFE,C:\Users\Simon\Nextcloud\Project\Mauritania\Science\Arguin - FieldWork Data Processing\Data\S2\S2B_MSIL2A_20260327T113319_N0512_R080_T28QCH_20260327T152639.SAFE,431,10046,6353,363535.0,2199575.0,0.22290000000000001,0.27590000000000003,0.3682,0.48360000000000003,0.5346000000000001,0.5331,0.5453,0.5503,0.551,0.561,0.6447,0.5989
2026-03-27,Iwik,Sen2Cor,S2B_MSIL2A_20260327T113319_N0512_R080_T28QCH_20260327T152639.SAFE,C:\Users\Simon\Nextcloud\Project\Mauritania\Science\Arguin - FieldWork Data Processing\Data\S2\S2B_MSIL2A_20260327T113319_N0512_R080_T28QCH_20260327T152639.SAFE,432,10046,6354,363545.0,2199575.0,0.222,0.2771,0.3652,0.4834,0.5339,0.5274,0.5458000000000001,0.5513,0.5475,0.5595,0.6446000000000001,0.5926
2026-03-27,Iwik,Sen2Cor,S2B_MSIL2A_20260327T113319_N0512_R080_T28QCH_20260327T152639.SAFE,C:\Users\Simon\Nextcloud\Project\Mauritania\Science\Arguin - FieldWork Data Processing\Data\S2\S2B_MSIL2A_20260327T113319_N0512_R080_T28QCH_20260327T152639.SAFE,433,10046,6355,363555.0,2199575.0,0.222,0.27490000000000003,0.3643,0.48410000000000003,0.5339,0.5274,0.5458000000000001,0.5532,0.5475,0.5595,0.6446000000000001,0.5926
2026-03-27,Iwik,Sen2Cor,S2B_MSIL2A_20260327T113319_N0512_R080_T28QCH_20260327T152639.SAFE,C:\Users\Simon\Nextcloud\Project\Mauritania\Science\Arguin - FieldWork Data Processing\Data\S2\S2B_MSIL2A_20260327T113319_N0512_R080_T28QCH_20260327T152639.SAFE,434,10046,6356,363565.0,2199575.0,0.2209,0.2737,0.3684,0.4812,0.5369,0.5313,0.544,0.5464,0.5484,0.5595,0.6457,0.5968
2026-03-27,Iwik,Sen2Cor,S2B_MSIL2A_20260327T113319_N0512_R080_T28QCH_20260327T152639.SAFE,C:\Users\Simon\Nextcloud\Project\Mauritania\Science\Arguin - FieldWork Data Processing\Data\S2\S2B_MSIL2A_20260327T113319_N0512_R080_T28QCH_20260327T152639.SAFE,435,10046,6357,363575.0,2199575.0,0.2209,0.27290000000000003,0.3638,0.4812,0.5369,0.5313,0.544,0.5479,0.5484,0.5595,0.6457,0.5968
2026-03-27,Iwik,Sen2Cor,S2B_MSIL2A_20260327T113319_N0512_R080_T28QCH_20260327T152639.SAFE,C:\Users\Simon\Nextcloud\Project\Mauritania\Science\Arguin - FieldWork Data Processing\Data\S2\S2B_MSIL2A_20260327T113319_N0512_R080_T28QCH_20260327T152639.SAFE,436,10047,6335,363355.0,2199565.0,0.2308,0.2898,0.3801,0.5024000000000001,0.5478000000000001,0.5499,0.5670000000000001,0.5747,0.5694,0.5697,0.6638000000000001,0.6243000000000001
2026-03-27,Iwik,Sen2Cor,S2B_MSIL2A_20260327T113319_N0512_R080_T28QCH_20260327T152639.SAFE,C:\Users\Simon\Nextcloud\Project\Mauritania\Science\Arguin - FieldWork Data Processing\Data\S2\S2B_MSIL2A_20260327T113319_N0512_R080_T28QCH_20260327T152639.SAFE,437,10047,6336,363365.0,2199565.0,0.23170000000000002,0.29660000000000003,0.3899,0.5137,0.5481,0.5495,0.5648000000000001,0.5801000000000001,0.5682,0.5765,0.6607000000000001,0.6201
2026-03-27,Iwik,Sen2Cor,S2B_MSIL2A_20260327T113319_N0512_R080_T28QCH_20260327T152639.SAFE,C:\Users\Simon\Nextcloud\Project\Mauritania\Science\Arguin - FieldWork Data Processing\Data\S2\S2B_MSIL2A_20260327T113319_N0512_R080_T28QCH_20260327T152639.SAFE,438,10047,6337,363375.0,2199565.0,0.23170000000000002,0.29810000000000003,0.3899,0.5132,0.5481,0.5495,0.5648000000000001,0.5767,0.5682,0.5765,0.6607000000000001,0.6201
2026-03-27,Iwik,Sen2Cor,S2B_MSIL2A_20260327T113319_N0512_R080_T28QCH_20260327T152639.SAFE,C:\Users\Simon\Nextcloud\Project\Mauritania\Science\Arguin - FieldWork Data Processing\Data\S2\S2B_MSIL2A_20260327T113319_N0512_R080_T28QCH_20260327T152639.SAFE,439,10047,6338,363385.0,2199565.0,0.2316,0.2808,0.3796,0.4968,0.5482,0.549,0.5632,0.5693,0.5677,0.5765,0.6606000000000001,0.6183000000000001
2026-03-27,Iwik,Sen2Cor,S2B_MSIL2A_20260327T113319_N0512_R080_T28QCH_20260327T152639.SAFE,C:\Users\Simon\Nextcloud\Project\Mauritania\Science\Arguin - FieldWork Data Processing\Data\S2\S2B_MSIL2A_20260327T113319_N0512_R080_T28QCH_20260327T152639.SAFE,440,10047,6339,363395.0,2199565.0,0.2316,0.29250000000000004,0.38770000000000004,0.5088,0.5482,0.549,0.5632,0.5762,0.5677,0.5765,0.6606000000000001,0.6183000000000001
2026-03-27,Iwik,Sen2Cor,S2B_MSIL2A_20260327T113319_N0512_R080_T28QCH_20260327T152639.SAFE,C:\Users\Simon\Nextcloud\Project\Mauritania\Science\Arguin - FieldWork Data Processing\Data\S2\S2B_MSIL2A_20260327T113319_N0512_R080_T28QCH_20260327T152639.SAFE,441,10047,6340,363405.0,2199565.0,0.2298,0.2861,0.3796,0.5049,0.5514,0.5506,0.5675,0.5801000000000001,0.5729000000000001,0.5765,0.6652,0.6236
2026-03-27,Iwik,Sen2Cor,S2B_MSIL2A_20260327T113319_N0512_R080_T28QCH_20260327T152639.SAFE,C:\Users\Simon\Nextcloud\Project\Mauritania\Science\Arguin - FieldWork Data Processing\Data\S2\S2B_MSIL2A_20260327T113319_N0512_R080_T28QCH_20260327T152639.SAFE,442,10047,6341,363415.0,2199565.0,0.2298,0.28390000000000004,0.3784,0.5034000000000001,0.5514,0.5506,0.5675,0.5781000000000001,0.5729000000000001,0.5765,0.6652,0.6236
2026-03-27,Iwik,Sen2Cor,S2B_MSIL2A_20260327T113319_N0512_R080_T28QCH_20260327T152639.SAFE,C:\Users\Simon\Nextcloud\Project\Mauritania\Science\Arguin - FieldWork Data Processing\Data\S2\S2B_MSIL2A_20260327T113319_N0512_R080_T28QCH_20260327T152639.SAFE,443,10047,6342,363425.0,2199565.0,0.226,0.2805,0.3733,0.49410000000000004,0.5386000000000001,0.5355,0.5511,0.5640000000000001,0.5602,0.5649000000000001,0.6559,0.6121
2026-03-27,Iwik,Sen2Cor,S2B_MSIL2A_20260327T113319_N0512_R080_T28QCH_20260327T152639.SAFE,C:\Users\Simon\Nextcloud\Project\Mauritania\Science\Arguin - FieldWork Data Processing\Data\S2\S2B_MSIL2A_20260327T113319_N0512_R080_T28QCH_20260327T152639.SAFE,444,10047,6343,363435.0,2199565.0,0.226,0.27,0.364,0.48360000000000003,0.5386000000000001,0.5355,0.5511,0.5537000000000001,0.5602,0.5649000000000001,0.6559,0.6121
2026-03-27,Iwik,Sen2Cor,S2B_MSIL2A_20260327T113319_N0512_R080_T28QCH_20260327T152639.SAFE,C:\Users\Simon\Nextcloud\Project\Mauritania\Science\Arguin - FieldWork Data Processing\Data\S2\S2B_MSIL2A_20260327T113319_N0512_R080_T28QCH_20260327T152639.SAFE,445,10047,6344,363445.0,2199565.0,0.2232,0.2803,0.37160000000000004,0.4954,0.5385,0.5372,0.5512,0.562,0.559,0.5649000000000001,0.655,0.6089
2026-03-27,Iwik,Sen2Cor,S2B_MSIL2A_20260327T113319_N0512_R080_T28QCH_20260327T152639.SAFE,C:\Users\Simon\Nextcloud\Project\Mauritania\Science\Arguin - FieldWork Data Processing\Data\S2\S2B_MSIL2A_20260327T113319_N0512_R080_T28QCH_20260327T152639.SAFE,446,10047,6345,363455.0,2199565.0,0.2232,0.2844,0.37520000000000003,0.5015000000000001,0.5385,0.5372,0.5512,0.5718,0.559,0.5649000000000001,0.655,0.6089
2026-03-27,Iwik,Sen2Cor,S2B_MSIL2A_20260327T113319_N0512_R080_T28QCH_20260327T152639.SAFE,C:\Users\Simon\Nextcloud\Project\Mauritania\Science\Arguin - FieldWork Data Processing\Data\S2\S2B_MSIL2A_20260327T113319_N0512_R080_T28QCH_20260327T152639.SAFE,447,10047,6346,363465.0,2199565.0,0.2227,0.2854,0.3804,0.5054000000000001,0.5383,0.5413,0.5543,0.5693,0.5573,0.5649000000000001,0.6551,0.6076
2026-03-27,Iwik,Sen2Cor,S2B_MSIL2A_20260327T113319_N0512_R080_T28QCH_20260327T152639.SAFE,C:\Users\Simon\Nextcloud\Project\Mauritania\Science\Arguin - FieldWork Data Processing\Data\S2\S2B_MSIL2A_20260327T113319_N0512_R080_T28QCH_20260327T152639.SAFE,448,10047,6347,363475.0,2199565.0,0.2227,0.2771,0.3733,0.4912,0.5383,0.5413,0.5543,0.5601,0.5573,0.5649000000000001,0.6551,0.6076
2026-03-27,Iwik,Sen2Cor,S2B_MSIL2A_20260327T113319_N0512_R080_T28QCH_20260327T152639.SAFE,C:\Users\Simon\Nextcloud\Project\Mauritania\Science\Arguin - FieldWork Data Processing\Data\S2\S2B_MSIL2A_20260327T113319_N0512_R080_T28QCH_20260327T152639.SAFE,449,10047,6348,363485.0,2199565.0,0.2232,0.2742,0.364,0.4873,0.5413,0.5394,0.5547000000000001,0.5552,0.5519000000000001,0.561,0.6543,0.6079
2026-03-27,Iwik,Sen2Cor,S2B_MSIL2A_20260327T113319_N0512_R080_T28QCH_20260327T152639.SAFE,C:\Users\Simon\Nextcloud\Project\Mauritania\Science\Arguin - FieldWork Data Processing\Data\S2\S2B_MSIL2A_20260327T113319_N0512_R080_T28QCH_20260327T152639.SAFE,450,10047,6349,363495.0,2199565.0,0.2232,0.2827,0.3779,0.49510000000000004,0.5413,0.5394,0.5547000000000001,0.5654,0.5519000000000001,0.561,0.6543,0.6079
2026-03-27,Iwik,Sen2Cor,S2B_MSIL2A_20260327T113319_N0512_R080_T28QCH_20260327T152639.SAFE,C:\Users\Simon\Nextcloud\Project\Mauritania\Science\Arguin - FieldWork Data Processing\Data\S2\S2B_MSIL2A_20260327T113319_N0512_R080_T28QCH_20260327T152639.SAFE,451,10047,6350,363505.0,2199565.0,0.22340000000000002,0.2861,0.3826,0.5054000000000001,0.5476,0.5479,0.5616,0.5771000000000001,0.5656,0.561,0.6569,0.6128
2026-03-27,Iwik,Sen2Cor,S2B_MSIL2A_20260327T113319_N0512_R080_T28QCH_20260327T152639.SAFE,C:\Users\Simon\Nextcloud\Project\Mauritania\Science\Arguin - FieldWork Data Processing\Data\S2\S2B_MSIL2A_20260327T113319_N0512_R080_T28QCH_20260327T152639.SAFE,452,10047,6351,363515.0,2199565.0,0.22340000000000002,0.2859,0.38230000000000003,0.5083,0.5476,0.5479,0.5616,0.5718,0.5656,0.561,0.6569,0.6128
2026-03-27,Iwik,Sen2Cor,S2B_MSIL2A_20260327T113319_N0512_R080_T28QCH_20260327T152639.SAFE,C:\Users\Simon\Nextcloud\Project\Mauritania\Science\Arguin - FieldWork Data Processing\Data\S2\S2B_MSIL2A_20260327T113319_N0512_R080_T28QCH_20260327T152639.SAFE,453,10047,6352,363525.0,2199565.0,0.22290000000000001,0.2791,0.36910000000000004,0.4924,0.5346000000000001,0.5331,0.5453,0.5586,0.551,0.561,0.6447,0.5989
2026-03-27,Iwik,Sen2Cor,S2B_MSIL2A_20260327T113319_N0512_R080_T28QCH_20260327T152639.SAFE,C:\Users\Simon\Nextcloud\Project\Mauritania\Science\Arguin - FieldWork Data Processing\Data\S2\S2B_MSIL2A_20260327T113319_N0512_R080_T28QCH_20260327T152639.SAFE,454,10047,6353,363535.0,2199565.0,0.22290000000000001,0.2747,0.3669,0.4883,0.5346000000000001,0.5331,0.5453,0.5488000000000001,0.551,0.561,0.6447,0.5989
2026-03-27,Iwik,Sen2Cor,S2B_MSIL2A_20260327T113319_N0512_R080_T28QCH_20260327T152639.SAFE,C:\Users\Simon\Nextcloud\Project\Mauritania\Science\Arguin - FieldWork Data Processing\Data\S2\S2B_MSIL2A_20260327T113319_N0512_R080_T28QCH_20260327T152639.SAFE,455,10047,6354,363545.0,2199565.0,0.222,0.2822,0.36960000000000004,0.48750000000000004,0.5339,0.5274,0.5458000000000001,0.5557,0.5475,0.5595,0.6446000000000001,0.5926
2026-03-27,Iwik,Sen2Cor,S2B_MSIL2A_20260327T113319_N0512_R080_T28QCH_20260327T152639.SAFE,C:\Users\Simon\Nextcloud\Project\Mauritania\Science\Arguin - FieldWork Data Processing\Data\S2\S2B_MSIL2A_20260327T113319_N0512_R080_T28QCH_20260327T152639.SAFE,456,10047,6355,363555.0,2199565.0,0.222,0.2883,0.37770000000000004,0.4927,0.5339,0.5274,0.5458000000000001,0.5635,0.5475,0.5595,0.6446000000000001,0.5926
2026-03-27,Iwik,Sen2Cor,S2B_MSIL2A_20260327T113319_N0512_R080_T28QCH_20260327T152639.SAFE,C:\Users\Simon\Nextcloud\Project\Mauritania\Science\Arguin - FieldWork Data Processing\Data\S2\S2B_MSIL2A_20260327T113319_N0512_R080_T28QCH_20260327T152639.SAFE,457,10047,6356,363565.0,2199565.0,0.2209,0.2856,0.3723,0.49000000000000005,0.5369,0.5313,0.544,0.5562,0.5484,0.5595,0.6457,0.5968
2026-03-27,Iwik,Sen2Cor,S2B_MSIL2A_20260327T113319_N0512_R080_T28QCH_20260327T152639.SAFE,C:\Users\Simon\Nextcloud\Project\Mauritania\Science\Arguin - FieldWork Data Processing\Data\S2\S2B_MSIL2A_20260327T113319_N0512_R080_T28QCH_20260327T152639.SAFE,458,10047,6357,363575.0,2199565.0,0.2209,0.2786,0.37060000000000004,0.48950000000000005,0.5369,0.5313,0.544,0.5586,0.5484,0.5595,0.6457,0.5968
2026-03-27,Iwik,Sen2Cor,S2B_MSIL2A_20260327T113319_N0512_R080_T28QCH_20260327T152639.SAFE,C:\Users\Simon\Nextcloud\Project\Mauritania\Science\Arguin - FieldWork Data Processing\Data\S2\S2B_MSIL2A_20260327T113319_N0512_R080_T28QCH_20260327T152639.SAFE,459,10048,6335,363355.0,2199555.0,0.229,0.2847,0.37820000000000004,0.4998,0.5441,0.5457000000000001,0.5650000000000001,0.5732,0.5668000000000001,0.5697,0.6585000000000001,0.6221
2026-03-27,Iwik,Sen2Cor,S2B_MSIL2A_20260327T113319_N0512_R080_T28QCH_20260327T152639.SAFE,C:\Users\Simon\Nextcloud\Project\Mauritania\Science\Arguin - FieldWork Data Processing\Data\S2\S2B_MSIL2A_20260327T113319_N0512_R080_T28QCH_20260327T152639.SAFE,460,10048,6336,363365.0,2199555.0,0.2305,0.2954,0.3879,0.5083,0.5489,0.5485,0.5643,0.5830000000000001,0.5676,0.5765,0.658,0.62
2026-03-27,Iwik,Sen2Cor,S2B_MSIL2A_20260327T113319_N0512_R080_T28QCH_20260327T152639.SAFE,C:\Users\Simon\Nextcloud\Project\Mauritania\Science\Arguin - FieldWork Data Processing\Data\S2\S2B_MSIL2A_20260327T113319_N0512_R080_T28QCH_20260327T152639.SAFE,461,10048,6337,363375.0,2199555.0,0.2305,0.2957,0.3884,0.5137,0.5489,0.5485,0.5643,0.5825,0.5676,0.5765,0.658,0.62
2026-03-27,Iwik,Sen2Cor,S2B_MSIL2A_20260327T113319_N0512_R080_T28QCH_20260327T152639.SAFE,C:\Users\Simon\Nextcloud\Project\Mauritania\Science\Arguin - FieldWork Data Processing\Data\S2\S2B_MSIL2A_20260327T113319_N0512_R080_T28QCH_20260327T152639.SAFE,462,10048,6338,363385.0,2199555.0,0.231,0.29100000000000004,0.384,0.5088,0.5553,0.5528000000000001,0.5687,0.5747,0.5722,0.5765,0.6592,0.6169
2026-03-27,Iwik,Sen2Cor,S2B_MSIL2A_20260327T113319_N0512_R080_T28QCH_20260327T152639.SAFE,C:\Users\Simon\Nextcloud\Project\Mauritania\Science\Arguin - FieldWork Data Processing\Data\S2\S2B_MSIL2A_20260327T113319_N0512_R080_T28QCH_20260327T152639.SAFE,463,10048,6339,363395.0,2199555.0,0.231,0.3008,0.395,0.5195000000000001,0.5553,0.5528000000000001,0.5687,0.5859,0.5722,0.5765,0.6592,0.6169
2026-03-27,Iwik,Sen2Cor,S2B_MSIL2A_20260327T113319_N0512_R080_T28QCH_20260327T152639.SAFE,C:\Users\Simon\Nextcloud\Project\Mauritania\Science\Arguin - FieldWork Data Processing\Data\S2\S2B_MSIL2A_20260327T113319_N0512_R080_T28QCH_20260327T152639.SAFE,464,10048,6340,363405.0,2199555.0,0.2296,0.2861,0.3826,0.5078,0.5552,0.5526,0.5700000000000001,0.5791000000000001,0.5758,0.5765,0.6627000000000001,0.6215
2026-03-27,Iwik,Sen2Cor,S2B_MSIL2A_20260327T113319_N0512_R080_T28QCH_20260327T152639.SAFE,C:\Users\Simon\Nextcloud\Project\Mauritania\Science\Arguin - FieldWork Data Processing\Data\S2\S2B_MSIL2A_20260327T113319_N0512_R080_T28QCH_20260327T152639.SAFE,465,10048,6341,363415.0,2199555.0,0.2296,0.2788,0.37670000000000003,0.5029,0.5552,0.5526,0.5700000000000001,0.5752,0.5758,0.5765,0.6627000000000001,0.6215
2026-03-27,Iwik,Sen2Cor,S2B_MSIL2A_20260327T113319_N0512_R080_T28QCH_20260327T152639.SAFE,C:\Users\Simon\Nextcloud\Project\Mauritania\Science\Arguin - FieldWork Data Processing\Data\S2\S2B_MSIL2A_20260327T113319_N0512_R080_T28QCH_20260327T152639.SAFE,466,10048,6342,363425.0,2199555.0,0.2262,0.2866,0.3826,0.5005000000000001,0.5407000000000001,0.541,0.5543,0.5674,0.5613,0.5649000000000001,0.655,0.6113000000000001
2026-03-27,Iwik,Sen2Cor,S2B_MSIL2A_20260327T113319_N0512_R080_T28QCH_20260327T152639.SAFE,C:\Users\Simon\Nextcloud\Project\Mauritania\Science\Arguin - FieldWork Data Processing\Data\S2\S2B_MSIL2A_20260327T113319_N0512_R080_T28QCH_20260327T152639.SAFE,467,10048,6343,363435.0,2199555.0,0.2262,0.2727,0.37210000000000004,0.4922,0.5407000000000001,0.541,0.5543,0.5537000000000001,0.5613,0.5649000000000001,0.655,0.6113000000000001
2026-03-27,Iwik,Sen2Cor,S2B_MSIL2A_20260327T113319_N0512_R080_T28QCH_20260327T152639.SAFE,C:\Users\Simon\Nextcloud\Project\Mauritania\Science\Arguin - FieldWork Data Processing\Data\S2\S2B_MSIL2A_20260327T113319_N0512_R080_T28QCH_20260327T152639.SAFE,468,10048,6344,363445.0,2199555.0,0.22360000000000002,0.2803,0.3728,0.498,0.5406000000000001,0.5378000000000001,0.5536,0.5684,0.5544,0.5649000000000001,0.6542,0.6069
2026-03-27,Iwik,Sen2Cor,S2B_MSIL2A_20260327T113319_N0512_R080_T28QCH_20260327T152639.SAFE,C:\Users\Simon\Nextcloud\Project\Mauritania\Science\Arguin - FieldWork Data Processing\Data\S2\S2B_MSIL2A_20260327T113319_N0512_R080_T28QCH_20260327T152639.SAFE,469,10048,6345,363455.0,2199555.0,0.22360000000000002,0.2795,0.37670000000000003,0.502,0.5406000000000001,0.5378000000000001,0.5536,0.5752,0.5544,0.5649000000000001,0.6542,0.6069
2026-03-27,Iwik,Sen2Cor,S2B_MSIL2A_20260327T113319_N0512_R080_T28QCH_20260327T152639.SAFE,C:\Users\Simon\Nextcloud\Project\Mauritania\Science\Arguin - FieldWork Data Processing\Data\S2\S2B_MSIL2A_20260327T113319_N0512_R080_T28QCH_20260327T152639.SAFE,470,10048,6346,363465.0,2199555.0,0.22310000000000002,0.2842,0.3804,0.501,0.5438000000000001,0.5385,0.5565,0.5659000000000001,0.559,0.5649000000000001,0.6547000000000001,0.6077
2026-03-27,Iwik,Sen2Cor,S2B_MSIL2A_20260327T113319_N0512_R080_T28QCH_20260327T152639.SAFE,C:\Users\Simon\Nextcloud\Project\Mauritania\Science\Arguin - FieldWork Data Processing\Data\S2\S2B_MSIL2A_20260327T113319_N0512_R080_T28QCH_20260327T152639.SAFE,471,10048,6347,363475.0,2199555.0,0.22310000000000002,0.2881,0.3811,0.4988,0.5438000000000001,0.5385,0.5565,0.5664,0.559,0.5649000000000001,0.6547000000000001,0.6077
2026-03-27,Iwik,Sen2Cor,S2B_MSIL2A_20260327T113319_N0512_R080_T28QCH_20260327T152639.SAFE,C:\Users\Simon\Nextcloud\Project\Mauritania\Science\Arguin - FieldWork Data Processing\Data\S2\S2B_MSIL2A_20260327T113319_N0512_R080_T28QCH_20260327T152639.SAFE,472,10048,6348,363485.0,2199555.0,0.2235,0.2827,0.3733,0.49560000000000004,0.5424,0.5379,0.5578000000000001,0.5630000000000001,0.5612,0.561,0.6541,0.6071000000000001
2026-03-27,Iwik,Sen2Cor,S2B_MSIL2A_20260327T113319_N0512_R080_T28QCH_20260327T152639.SAFE,C:\Users\Simon\Nextcloud\Project\Mauritania\Science\Arguin - FieldWork Data Processing\Data\S2\S2B_MSIL2A_20260327T113319_N0512_R080_T28QCH_20260327T152639.SAFE,473,10048,6349,363495.0,2199555.0,0.2235,0.28300000000000003,0.37720000000000004,0.4973,0.5424,0.5379,0.5578000000000001,0.5605,0.5612,0.561,0.6541,0.6071000000000001
2026-03-27,Iwik,Sen2Cor,S2B_MSIL2A_20260327T113319_N0512_R080_T28QCH_20260327T152639.SAFE,C:\Users\Simon\Nextcloud\Project\Mauritania\Science\Arguin - FieldWork Data Processing\Data\S2\S2B_MSIL2A_20260327T113319_N0512_R080_T28QCH_20260327T152639.SAFE,474,10048,6350,363505.0,2199555.0,0.22360000000000002,0.2864,0.3845,0.5039,0.546,0.5409,0.5584,0.5728,0.5639000000000001,0.561,0.6542,0.6076
2026-03-27,Iwik,Sen2Cor,S2B_MSIL2A_20260327T113319_N0512_R080_T28QCH_20260327T152639.SAFE,C:\Users\Simon\Nextcloud\Project\Mauritania\Science\Arguin - FieldWork Data Processing\Data\S2\S2B_MSIL2A_20260327T113319_N0512_R080_T28QCH_20260327T152639.SAFE,475,10048,6351,363515.0,2199555.0,0.22360000000000002,0.29000000000000004,0.3865,0.5063,0.546,0.5409,0.5584,0.5762,0.5639000000000001,0.561,0.6542,0.6076
2026-03-27,Iwik,Sen2Cor,S2B_MSIL2A_20260327T113319_N0512_R080_T28QCH_20260327T152639.SAFE,C:\Users\Simon\Nextcloud\Project\Mauritania\Science\Arguin - FieldWork Data Processing\Data\S2\S2B_MSIL2A_20260327T113319_N0512_R080_T28QCH_20260327T152639.SAFE,476,10048,6352,363525.0,2199555.0,0.22290000000000001,0.2803,0.3708,0.49050000000000005,0.5431,0.5385,0.5495,0.5557,0.5528000000000001,0.561,0.6486000000000001,0.6011000000000001
2026-03-27,Iwik,Sen2Cor,S2B_MSIL2A_20260327T113319_N0512_R080_T28QCH_20260327T152639.SAFE,C:\Users\Simon\Nextcloud\Project\Mauritania\Science\Arguin - FieldWork Data Processing\Data\S2\S2B_MSIL2A_20260327T113319_N0512_R080_T28QCH_20260327T152639.SAFE,477,10048,6353,363535.0,2199555.0,0.22290000000000001,0.28300000000000003,0.3687,0.4934,0.5431,0.5385,0.5495,0.5513,0.5528000000000001,0.561,0.6486000000000001,0.6011000000000001
2026-03-27,Iwik,Sen2Cor,S2B_MSIL2A_20260327T113319_N0512_R080_T28QCH_20260327T152639.SAFE,C:\Users\Simon\Nextcloud\Project\Mauritania\Science\Arguin - FieldWork Data Processing\Data\S2\S2B_MSIL2A_20260327T113319_N0512_R080_T28QCH_20260327T152639.SAFE,478,10048,6354,363545.0,2199555.0,0.222,0.2903,0.37620000000000003,0.4934,0.5546,0.5504,0.5650000000000001,0.562,0.5643,0.5595,0.6552,0.6026
2026-03-27,Iwik,Sen2Cor,S2B_MSIL2A_20260327T113319_N0512_R080_T28QCH_20260327T152639.SAFE,C:\Users\Simon\Nextcloud\Project\Mauritania\Science\Arguin - FieldWork Data Processing\Data\S2\S2B_MSIL2A_20260327T113319_N0512_R080_T28QCH_20260327T152639.SAFE,479,10048,6355,363555.0,2199555.0,0.222,0.3054,0.39330000000000004,0.5171,0.5546,0.5504,0.5650000000000001,0.5815,0.5643,0.5595,0.6552,0.6026
2026-03-27,Iwik,Sen2Cor,S2B_MSIL2A_20260327T113319_N0512_R080_T28QCH_20260327T152639.SAFE,C:\Users\Simon\Nextcloud\Project\Mauritania\Science\Arguin - FieldWork Data Processing\Data\S2\S2B_MSIL2A_20260327T113319_N0512_R080_T28QCH_20260327T152639.SAFE,480,10048,6356,363565.0,2199555.0,0.221,0.2954,0.3904,0.5117,0.5588000000000001,0.5561,0.5687,0.5781000000000001,0.5778,0.5595,0.6623,0.6105
2026-03-27,Iwik,Sen2Cor,S2B_MSIL2A_20260327T113319_N0512_R080_T28QCH_20260327T152639.SAFE,C:\Users\Simon\Nextcloud\Project\Mauritania\Science\Arguin - FieldWork Data Processing\Data\S2\S2B_MSIL2A_20260327T113319_N0512_R080_T28QCH_20260327T152639.SAFE,481,10048,6357,363575.0,2199555.0,0.221,0.2808,0.3755,0.5024000000000001,0.5588000000000001,0.5561,0.5687,0.5703,0.5778,0.5595,0.6623,0.6105
2026-03-27,Iwik,Sen2Cor,S2B_MSIL2A_20260327T113319_N0512_R080_T28QCH_20260327T152639.SAFE,C:\Users\Simon\Nextcloud\Project\Mauritania\Science\Arguin - FieldWork Data Processing\Data\S2\S2B_MSIL2A_20260327T113319_N0512_R080_T28QCH_20260327T152639.SAFE,482,10049,6335,363355.0,2199545.0,0.229,0.2842,0.3774,0.501,0.5441,0.5457000000000001,0.5650000000000001,0.5674,0.5668000000000001,0.5697,0.6585000000000001,0.6221
2026-03-27,Iwik,Sen2Cor,S2B_MSIL2A_20260327T113319_N0512_R080_T28QCH_20260327T152639.SAFE,C:\Users\Simon\Nextcloud\Project\Mauritania\Science\Arguin - FieldWork Data Processing\Data\S2\S2B_MSIL2A_20260327T113319_N0512_R080_T28QCH_20260327T152639.SAFE,483,10049,6336,363365.0,2199545.0,0.2305,0.2908,0.38330000000000003,0.5044000000000001,0.5489,0.5485,0.5643,0.5732,0.5676,0.5765,0.658,0.62
2026-03-27,Iwik,Sen2Cor,S2B_MSIL2A_20260327T113319_N0512_R080_T28QCH_20260327T152639.SAFE,C:\Users\Simon\Nextcloud\Project\Mauritania\Science\Arguin - FieldWork Data Processing\Data\S2\S2B_MSIL2A_20260327T113319_N0512_R080_T28QCH_20260327T152639.SAFE,484,10049,6337,363375.0,2199545.0,0.2305,0.2874,0.3811,0.5034000000000001,0.5489,0.5485,0.5643,0.5728,0.5676,0.5765,0.658,0.62
2026-03-27,Iwik,Sen2Cor,S2B_MSIL2A_20260327T113319_N0512_R080_T28QCH_20260327T152639.SAFE,C:\Users\Simon\Nextcloud\Project\Mauritania\Science\Arguin - FieldWork Data Processing\Data\S2\S2B_MSIL2A_20260327T113319_N0512_R080_T28QCH_20260327T152639.SAFE,485,10049,6338,363385.0,2199545.0,0.231,0.29050000000000004,0.384,0.5093,0.5553,0.5528000000000001,0.5687,0.5747,0.5722,0.5765,0.6592,0.6169
2026-03-27,Iwik,Sen2Cor,S2B_MSIL2A_20260327T113319_N0512_R080_T28QCH_20260327T152639.SAFE,C:\Users\Simon\Nextcloud\Project\Mauritania\Science\Arguin - FieldWork Data Processing\Data\S2\S2B_MSIL2A_20260327T113319_N0512_R080_T28QCH_20260327T152639.SAFE,486,10049,6339,363395.0,2199545.0,0.231,0.302,0.3909,0.5215000000000001,0.5553,0.5528000000000001,0.5687,0.5884,0.5722,0.5765,0.6592,0.6169
2026-03-27,Iwik,Sen2Cor,S2B_MSIL2A_20260327T113319_N0512_R080_T28QCH_20260327T152639.SAFE,C:\Users\Simon\Nextcloud\Project\Mauritania\Science\Arguin - FieldWork Data Processing\Data\S2\S2B_MSIL2A_20260327T113319_N0512_R080_T28QCH_20260327T152639.SAFE,487,10049,6340,363405.0,2199545.0,0.2296,0.2888,0.3809,0.5078,0.5552,0.5526,0.5700000000000001,0.5762,0.5758,0.5765,0.6627000000000001,0.6215
2026-03-27,Iwik,Sen2Cor,S2B_MSIL2A_20260327T113319_N0512_R080_T28QCH_20260327T152639.SAFE,C:\Users\Simon\Nextcloud\Project\Mauritania\Science\Arguin - FieldWork Data Processing\Data\S2\S2B_MSIL2A_20260327T113319_N0512_R080_T28QCH_20260327T152639.SAFE,488,10049,6341,363415.0,2199545.0,0.2296,0.2891,0.3875,0.5103,0.5552,0.5526,0.5700000000000001,0.5791000000000001,0.5758,0.5765,0.6627000000000001,0.6215
2026-03-27,Iwik,Sen2Cor,S2B_MSIL2A_20260327T113319_N0512_R080_T28QCH_20260327T152639.SAFE,C:\Users\Simon\Nextcloud\Project\Mauritania\Science\Arguin - FieldWork Data Processing\Data\S2\S2B_MSIL2A_20260327T113319_N0512_R080_T28QCH_20260327T152639.SAFE,489,10049,6342,363425.0,2199545.0,0.2262,0.2866,0.3835,0.5059,0.5407000000000001,0.541,0.5543,0.5703,0.5613,0.5649000000000001,0.655,0.6113000000000001
2026-03-27,Iwik,Sen2Cor,S2B_MSIL2A_20260327T113319_N0512_R080_T28QCH_20260327T152639.SAFE,C:\Users\Simon\Nextcloud\Project\Mauritania\Science\Arguin - FieldWork Data Processing\Data\S2\S2B_MSIL2A_20260327T113319_N0512_R080_T28QCH_20260327T152639.SAFE,490,10049,6343,363435.0,2199545.0,0.2262,0.27490000000000003,0.3687,0.48750000000000004,0.5407000000000001,0.541,0.5543,0.5562,0.5613,0.5649000000000001,0.655,0.6113000000000001
2026-03-27,Iwik,Sen2Cor,S2B_MSIL2A_20260327T113319_N0512_R080_T28QCH_20260327T152639.SAFE,C:\Users\Simon\Nextcloud\Project\Mauritania\Science\Arguin - FieldWork Data Processing\Data\S2\S2B_MSIL2A_20260327T113319_N0512_R080_T28QCH_20260327T152639.SAFE,491,10049,6344,363445.0,2199545.0,0.22360000000000002,0.2737,0.37110000000000004,0.48560000000000003,0.5406000000000001,0.5378000000000001,0.5536,0.5645,0.5544,0.5649000000000001,0.6542,0.6069
2026-03-27,Iwik,Sen2Cor,S2B_MSIL2A_20260327T113319_N0512_R080_T28QCH_20260327T152639.SAFE,C:\Users\Simon\Nextcloud\Project\Mauritania\Science\Arguin - FieldWork Data Processing\Data\S2\S2B_MSIL2A_20260327T113319_N0512_R080_T28QCH_20260327T152639.SAFE,492,10049,6345,363455.0,2199545.0,0.22360000000000002,0.2715,0.3672,0.49050000000000005,0.5406000000000001,0.5378000000000001,0.5536,0.5645,0.5544,0.5649000000000001,0.6542,0.6069
2026-03-27,Iwik,Sen2Cor,S2B_MSIL2A_20260327T113319_N0512_R080_T28QCH_20260327T152639.SAFE,C:\Users\Simon\Nextcloud\Project\Mauritania\Science\Arguin - FieldWork Data Processing\Data\S2\S2B_MSIL2A_20260327T113319_N0512_R080_T28QCH_20260327T152639.SAFE,493,10049,6346,363465.0,2199545.0,0.22310000000000002,0.2773,0.3708,0.4924,0.5438000000000001,0.5385,0.5565,0.5630000000000001,0.559,0.5649000000000001,0.6547000000000001,0.6077
2026-03-27,Iwik,Sen2Cor,S2B_MSIL2A_20260327T113319_N0512_R080_T28QCH_20260327T152639.SAFE,C:\Users\Simon\Nextcloud\Project\Mauritania\Science\Arguin - FieldWork Data Processing\Data\S2\S2B_MSIL2A_20260327T113319_N0512_R080_T28QCH_20260327T152639.SAFE,494,10049,6347,363475.0,2199545.0,0.22310000000000002,0.2861,0.3794,0.499,0.5438000000000001,0.5385,0.5565,0.5615,0.559,0.5649000000000001,0.6547000000000001,0.6077
2026-03-27,Iwik,Sen2Cor,S2B_MSIL2A_20260327T113319_N0512_R080_T28QCH_20260327T152639.SAFE,C:\Users\Simon\Nextcloud\Project\Mauritania\Science\Arguin - FieldWork Data Processing\Data\S2\S2B_MSIL2A_20260327T113319_N0512_R080_T28QCH_20260327T152639.SAFE,495,10049,6348,363485.0,2199545.0,0.2235,0.2803,0.376,0.49560000000000004,0.5424,0.5379,0.5578000000000001,0.561,0.5612,0.561,0.6541,0.6071000000000001
2026-03-27,Iwik,Sen2Cor,S2B_MSIL2A_20260327T113319_N0512_R080_T28QCH_20260327T152639.SAFE,C:\Users\Simon\Nextcloud\Project\Mauritania\Science\Arguin - FieldWork Data Processing\Data\S2\S2B_MSIL2A_20260327T113319_N0512_R080_T28QCH_20260327T152639.SAFE,496,10049,6349,363495.0,2199545.0,0.2235,0.2859,0.37670000000000003,0.49560000000000004,0.5424,0.5379,0.5578000000000001,0.5601,0.5612,0.561,0.6541,0.6071000000000001
2026-03-27,Iwik,Sen2Cor,S2B_MSIL2A_20260327T113319_N0512_R080_T28QCH_20260327T152639.SAFE,C:\Users\Simon\Nextcloud\Project\Mauritania\Science\Arguin - FieldWork Data Processing\Data\S2\S2B_MSIL2A_20260327T113319_N0512_R080_T28QCH_20260327T152639.SAFE,497,10049,6350,363505.0,2199545.0,0.22360000000000002,0.2903,0.38380000000000003,0.5015000000000001,0.546,0.5409,0.5584,0.5703,0.5639000000000001,0.561,0.6542,0.6076
2026-03-27,Iwik,Sen2Cor,S2B_MSIL2A_20260327T113319_N0512_R080_T28QCH_20260327T152639.SAFE,C:\Users\Simon\Nextcloud\Project\Mauritania\Science\Arguin - FieldWork Data Processing\Data\S2\S2B_MSIL2A_20260327T113319_N0512_R080_T28QCH_20260327T152639.SAFE,498,10049,6351,363515.0,2199545.0,0.22360000000000002,0.2861,0.37620000000000003,0.4993,0.546,0.5409,0.5584,0.5615,0.5639000000000001,0.561,0.6542,0.6076
2026-03-27,Iwik,Sen2Cor,S2B_MSIL2A_20260327T113319_N0512_R080_T28QCH_20260327T152639.SAFE,C:\Users\Simon\Nextcloud\Project\Mauritania\Science\Arguin - FieldWork Data Processing\Data\S2\S2B_MSIL2A_20260327T113319_N0512_R080_T28QCH_20260327T152639.SAFE,499,10049,6352,363525.0,2199545.0,0.22290000000000001,0.27640000000000003,0.373,0.4924,0.5431,0.5385,0.5495,0.5591,0.5528000000000001,0.561,0.6486000000000001,0.6011000000000001
2026-03-27,Iwik,Sen2Cor,S2B_MSIL2A_20260327T113319_N0512_R080_T28QCH_20260327T152639.SAFE,C:\Users\Simon\Nextcloud\Project\Mauritania\Science\Arguin - FieldWork Data Processing\Data\S2\S2B_MSIL2A_20260327T113319_N0512_R080_T28QCH_20260327T152639.SAFE,500,10049,6353,363535.0,2199545.0,0.22290000000000001,0.2866,0.3789,0.5005000000000001,0.5431,0.5385,0.5495,0.5645,0.5528000000000001,0.561,0.6486000000000001,0.6011000000000001
2026-03-27,Iwik,Sen2Cor,S2B_MSIL2A_20260327T113319_N0512_R080_T28QCH_20260327T152639.SAFE,C:\Users\Simon\Nextcloud\Project\Mauritania\Science\Arguin - FieldWork Data Processing\Data\S2\S2B_MSIL2A_20260327T113319_N0512_R080_T28QCH_20260327T152639.SAFE,501,10049,6354,363545.0,2199545.0,0.222,0.29150000000000004,0.386,0.5078,0.5546,0.5504,0.5650000000000001,0.5708,0.5643,0.5595,0.6552,0.6026
2026-03-27,Iwik,Sen2Cor,S2B_MSIL2A_20260327T113319_N0512_R080_T28QCH_20260327T152639.SAFE,C:\Users\Simon\Nextcloud\Project\Mauritania\Science\Arguin - FieldWork Data Processing\Data\S2\S2B_MSIL2A_20260327T113319_N0512_R080_T28QCH_20260327T152639.SAFE,502,10049,6355,363555.0,2199545.0,0.222,0.3047,0.39890000000000003,0.521,0.5546,0.5504,0.5650000000000001,0.5864,0.5643,0.5595,0.6552,0.6026
2026-03-27,Iwik,Sen2Cor,S2B_MSIL2A_20260327T113319_N0512_R080_T28QCH_20260327T152639.SAFE,C:\Users\Simon\Nextcloud\Project\Mauritania\Science\Arguin - FieldWork Data Processing\Data\S2\S2B_MSIL2A_20260327T113319_N0512_R080_T28QCH_20260327T152639.SAFE,503,10049,6356,363565.0,2199545.0,0.221,0.2949,0.39530000000000004,0.5161,0.5588000000000001,0.5561,0.5687,0.5898,0.5778,0.5595,0.6623,0.6105
2026-03-27,Iwik,Sen2Cor,S2B_MSIL2A_20260327T113319_N0512_R080_T28QCH_20260327T152639.SAFE,C:\Users\Simon\Nextcloud\Project\Mauritania\Science\Arguin - FieldWork Data Processing\Data\S2\S2B_MSIL2A_20260327T113319_N0512_R080_T28QCH_20260327T152639.SAFE,504,10049,6357,363575.0,2199545.0,0.221,0.2881,0.3809,0.5156000000000001,0.5588000000000001,0.5561,0.5687,0.5845,0.5778,0.5595,0.6623,0.6105
2026-03-27,Iwik,Sen2Cor,S2B_MSIL2A_20260327T113319_N0512_R080_T28QCH_20260327T152639.SAFE,C:\Users\Simon\Nextcloud\Project\Mauritania\Science\Arguin - FieldWork Data Processing\Data\S2\S2B_MSIL2A_20260327T113319_N0512_R080_T28QCH_20260327T152639.SAFE,505,10050,6335,363355.0,2199535.0,0.2275,0.2742,0.37060000000000004,0.4907,0.5286000000000001,0.5301,0.5496,0.5571,0.5503,0.5670000000000001,0.6517000000000001,0.6162000000000001
2026-03-27,Iwik,Sen2Cor,S2B_MSIL2A_20260327T113319_N0512_R080_T28QCH_20260327T152639.SAFE,C:\Users\Simon\Nextcloud\Project\Mauritania\Science\Arguin - FieldWork Data Processing\Data\S2\S2B_MSIL2A_20260327T113319_N0512_R080_T28QCH_20260327T152639.SAFE,506,10050,6336,363365.0,2199535.0,0.2296,0.28,0.3733,0.49660000000000004,0.5396000000000001,0.5376000000000001,0.5559000000000001,0.5625,0.5597,0.5709000000000001,0.6519,0.6161
2026-03-27,Iwik,Sen2Cor,S2B_MSIL2A_20260327T113319_N0512_R080_T28QCH_20260327T152639.SAFE,C:\Users\Simon\Nextcloud\Project\Mauritania\Science\Arguin - FieldWork Data Processing\Data\S2\S2B_MSIL2A_20260327T113319_N0512_R080_T28QCH_20260327T152639.SAFE,507,10050,6337,363375.0,2199535.0,0.2296,0.29200000000000004,0.38380000000000003,0.499,0.5396000000000001,0.5376000000000001,0.5559000000000001,0.5713,0.5597,0.5709000000000001,0.6519,0.6161
2026-03-27,Iwik,Sen2Cor,S2B_MSIL2A_20260327T113319_N0512_R080_T28QCH_20260327T152639.SAFE,C:\Users\Simon\Nextcloud\Project\Mauritania\Science\Arguin - FieldWork Data Processing\Data\S2\S2B_MSIL2A_20260327T113319_N0512_R080_T28QCH_20260327T152639.SAFE,508,10050,6338,363385.0,2199535.0,0.2305,0.2942,0.3855,0.5034000000000001,0.5526,0.5516,0.5660000000000001,0.5732,0.5701,0.5709000000000001,0.6566000000000001,0.6133000000000001
2026-03-27,Iwik,Sen2Cor,S2B_MSIL2A_20260327T113319_N0512_R080_T28QCH_20260327T152639.SAFE,C:\Users\Simon\Nextcloud\Project\Mauritania\Science\Arguin - FieldWork Data Processing\Data\S2\S2B_MSIL2A_20260327T113319_N0512_R080_T28QCH_20260327T152639.SAFE,509,10050,6339,363395.0,2199535.0,0.2305,0.301,0.3911,0.5146000000000001,0.5526,0.5516,0.5660000000000001,0.5791000000000001,0.5701,0.5709000000000001,0.6566000000000001,0.6133000000000001
2026-03-27,Iwik,Sen2Cor,S2B_MSIL2A_20260327T113319_N0512_R080_T28QCH_20260327T152639.SAFE,C:\Users\Simon\Nextcloud\Project\Mauritania\Science\Arguin - FieldWork Data Processing\Data\S2\S2B_MSIL2A_20260327T113319_N0512_R080_T28QCH_20260327T152639.SAFE,510,10050,6340,363405.0,2199535.0,0.2296,0.2854,0.3845,0.5044000000000001,0.5523,0.5537000000000001,0.5682,0.5747,0.5767,0.5709000000000001,0.6604,0.6182000000000001
2026-03-27,Iwik,Sen2Cor,S2B_MSIL2A_20260327T113319_N0512_R080_T28QCH_20260327T152639.SAFE,C:\Users\Simon\Nextcloud\Project\Mauritania\Science\Arguin - FieldWork Data Processing\Data\S2\S2B_MSIL2A_20260327T113319_N0512_R080_T28QCH_20260327T152639.SAFE,511,10050,6341,363415.0,2199535.0,0.2296,0.2944,0.39380000000000004,0.5132,0.5523,0.5537000000000001,0.5682,0.5767,0.5767,0.5709000000000001,0.6604,0.6182000000000001
2026-03-27,Iwik,Sen2Cor,S2B_MSIL2A_20260327T113319_N0512_R080_T28QCH_20260327T152639.SAFE,C:\Users\Simon\Nextcloud\Project\Mauritania\Science\Arguin - FieldWork Data Processing\Data\S2\S2B_MSIL2A_20260327T113319_N0512_R080_T28QCH_20260327T152639.SAFE,512,10050,6342,363425.0,2199535.0,0.22640000000000002,0.2808,0.3789,0.502,0.5429,0.5383,0.5566,0.5688,0.5595,0.5635,0.6542,0.6094
2026-03-27,Iwik,Sen2Cor,S2B_MSIL2A_20260327T113319_N0512_R080_T28QCH_20260327T152639.SAFE,C:\Users\Simon\Nextcloud\Project\Mauritania\Science\Arguin - FieldWork Data Processing\Data\S2\S2B_MSIL2A_20260327T113319_N0512_R080_T28QCH_20260327T152639.SAFE,513,10050,6343,363435.0,2199535.0,0.22640000000000002,0.2671,0.364,0.48510000000000003,0.5429,0.5383,0.5566,0.5527000000000001,0.5595,0.5635,0.6542,0.6094
2026-03-27,Iwik,Sen2Cor,S2B_MSIL2A_20260327T113319_N0512_R080_T28QCH_20260327T152639.SAFE,C:\Users\Simon\Nextcloud\Project\Mauritania\Science\Arguin - FieldWork Data Processing\Data\S2\S2B_MSIL2A_20260327T113319_N0512_R080_T28QCH_20260327T152639.SAFE,514,10050,6344,363445.0,2199535.0,0.2238,0.26830000000000004,0.3633,0.48410000000000003,0.5353,0.5336000000000001,0.5495,0.5596,0.5506,0.5635,0.6504,0.6026
2026-03-27,Iwik,Sen2Cor,S2B_MSIL2A_20260327T113319_N0512_R080_T28QCH_20260327T152639.SAFE,C:\Users\Simon\Nextcloud\Project\Mauritania\Science\Arguin - FieldWork Data Processing\Data\S2\S2B_MSIL2A_20260327T113319_N0512_R080_T28QCH_20260327T152639.SAFE,515,10050,6345,363455.0,2199535.0,0.2238,0.26930000000000004,0.3647,0.4868,0.5353,0.5336000000000001,0.5495,0.5596,0.5506,0.5635,0.6504,0.6026
2026-03-27,Iwik,Sen2Cor,S2B_MSIL2A_20260327T113319_N0512_R080_T28QCH_20260327T152639.SAFE,C:\Users\Simon\Nextcloud\Project\Mauritania\Science\Arguin - FieldWork Data Processing\Data\S2\S2B_MSIL2A_20260327T113319_N0512_R080_T28QCH_20260327T152639.SAFE,516,10050,6346,363465.0,2199535.0,0.22310000000000002,0.2717,0.366,0.48710000000000003,0.535,0.5356000000000001,0.5521,0.5547000000000001,0.5514,0.5635,0.651,0.6046
2026-03-27,Iwik,Sen2Cor,S2B_MSIL2A_20260327T113319_N0512_R080_T28QCH_20260327T152639.SAFE,C:\Users\Simon\Nextcloud\Project\Mauritania\Science\Arguin - FieldWork Data Processing\Data\S2\S2B_MSIL2A_20260327T113319_N0512_R080_T28QCH_20260327T152639.SAFE,517,10050,6347,363475.0,2199535.0,0.22310000000000002,0.2778,0.3667,0.49000000000000005,0.535,0.5356000000000001,0.5521,0.5562,0.5514,0.5635,0.651,0.6046
2026-03-27,Iwik,Sen2Cor,S2B_MSIL2A_20260327T113319_N0512_R080_T28QCH_20260327T152639.SAFE,C:\Users\Simon\Nextcloud\Project\Mauritania\Science\Arguin - FieldWork Data Processing\Data\S2\S2B_MSIL2A_20260327T113319_N0512_R080_T28QCH_20260327T152639.SAFE,518,10050,6348,363485.0,2199535.0,0.22310000000000002,0.28200000000000003,0.374,0.4944,0.5445,0.5398000000000001,0.5551,0.561,0.557,0.5615,0.6513,0.6078
2026-03-27,Iwik,Sen2Cor,S2B_MSIL2A_20260327T113319_N0512_R080_T28QCH_20260327T152639.SAFE,C:\Users\Simon\Nextcloud\Project\Mauritania\Science\Arguin - FieldWork Data Processing\Data\S2\S2B_MSIL2A_20260327T113319_N0512_R080_T28QCH_20260327T152639.SAFE,519,10050,6349,363495.0,2199535.0,0.22310000000000002,0.2908,0.3816,0.5024000000000001,0.5445,0.5398000000000001,0.5551,0.5635,0.557,0.5615,0.6513,0.6078
2026-03-27,Iwik,Sen2Cor,S2B_MSIL2A_20260327T113319_N0512_R080_T28QCH_20260327T152639.SAFE,C:\Users\Simon\Nextcloud\Project\Mauritania\Science\Arguin - FieldWork Data Processing\Data\S2\S2B_MSIL2A_20260327T113319_N0512_R080_T28QCH_20260327T152639.SAFE,520,10050,6350,363505.0,2199535.0,0.22260000000000002,0.2852,0.38180000000000003,0.501,0.546,0.5405,0.5582,0.5669000000000001,0.5592,0.5615,0.6532,0.608
2026-03-27,Iwik,Sen2Cor,S2B_MSIL2A_20260327T113319_N0512_R080_T28QCH_20260327T152639.SAFE,C:\Users\Simon\Nextcloud\Project\Mauritania\Science\Arguin - FieldWork Data Processing\Data\S2\S2B_MSIL2A_20260327T113319_N0512_R080_T28QCH_20260327T152639.SAFE,521,10050,6351,363515.0,2199535.0,0.22260000000000002,0.28200000000000003,0.3799,0.49710000000000004,0.546,0.5405,0.5582,0.5615,0.5592,0.5615,0.6532,0.608
2026-03-27,Iwik,Sen2Cor,S2B_MSIL2A_20260327T113319_N0512_R080_T28QCH_20260327T152639.SAFE,C:\Users\Simon\Nextcloud\Project\Mauritania\Science\Arguin - FieldWork Data Processing\Data\S2\S2B_MSIL2A_20260327T113319_N0512_R080_T28QCH_20260327T152639.SAFE,522,10050,6352,363525.0,2199535.0,0.2217,0.2864,0.38280000000000003,0.5049,0.5496,0.54,0.5539000000000001,0.5713,0.5575,0.5615,0.6537000000000001,0.6067
2026-03-27,Iwik,Sen2Cor,S2B_MSIL2A_20260327T113319_N0512_R080_T28QCH_20260327T152639.SAFE,C:\Users\Simon\Nextcloud\Project\Mauritania\Science\Arguin - FieldWork Data Processing\Data\S2\S2B_MSIL2A_20260327T113319_N0512_R080_T28QCH_20260327T152639.SAFE,523,10050,6353,363535.0,2199535.0,0.2217,0.2878,0.38380000000000003,0.5117,0.5496,0.54,0.5539000000000001,0.5728,0.5575,0.5615,0.6537000000000001,0.6067
2026-03-27,Iwik,Sen2Cor,S2B_MSIL2A_20260327T113319_N0512_R080_T28QCH_20260327T152639.SAFE,C:\Users\Simon\Nextcloud\Project\Mauritania\Science\Arguin - FieldWork Data Processing\Data\S2\S2B_MSIL2A_20260327T113319_N0512_R080_T28QCH_20260327T152639.SAFE,524,10050,6354,363545.0,2199535.0,0.2204,0.2866,0.38570000000000004,0.5073,0.5536,0.5497000000000001,0.5683,0.5723,0.5645,0.5641,0.6587000000000001,0.6104
2026-03-27,Iwik,Sen2Cor,S2B_MSIL2A_20260327T113319_N0512_R080_T28QCH_20260327T152639.SAFE,C:\Users\Simon\Nextcloud\Project\Mauritania\Science\Arguin - FieldWork Data Processing\Data\S2\S2B_MSIL2A_20260327T113319_N0512_R080_T28QCH_20260327T152639.SAFE,525,10050,6355,363555.0,2199535.0,0.2204,0.29150000000000004,0.3914,0.5117,0.5536,0.5497000000000001,0.5683,0.5747,0.5645,0.5641,0.6587000000000001,0.6104
2026-03-27,Iwik,Sen2Cor,S2B_MSIL2A_20260327T113319_N0512_R080_T28QCH_20260327T152639.SAFE,C:\Users\Simon\Nextcloud\Project\Mauritania\Science\Arguin - FieldWork Data Processing\Data\S2\S2B_MSIL2A_20260327T113319_N0512_R080_T28QCH_20260327T152639.SAFE,526,10050,6356,363565.0,2199535.0,0.21960000000000002,0.29300000000000004,0.3894,0.5146000000000001,0.5581,0.5526,0.5676,0.5791000000000001,0.5720000000000001,0.5641,0.6627000000000001,0.6145
2026-03-27,Iwik,Sen2Cor,S2B_MSIL2A_20260327T113319_N0512_R080_T28QCH_20260327T152639.SAFE,C:\Users\Simon\Nextcloud\Project\Mauritania\Science\Arguin - FieldWork Data Processing\Data\S2\S2B_MSIL2A_20260327T113319_N0512_R080_T28QCH_20260327T152639.SAFE,527,10050,6357,363575.0,2199535.0,0.21960000000000002,0.2866,0.3816,0.5107,0.5581,0.5526,0.5676,0.5767,0.5720000000000001,0.5641,0.6627000000000001,0.6145
2026-03-27,Iwik,Sen2Cor,S2B_MSIL2A_20260327T113319_N0512_R080_T28QCH_20260327T152639.SAFE,C:\Users\Simon\Nextcloud\Project\Mauritania\Science\Arguin - FieldWork Data Processing\Data\S2\S2B_MSIL2A_20260327T113319_N0512_R080_T28QCH_20260327T152639.SAFE,528,10051,6334,363345.0,2199525.0,0.2275,0.271,0.36300000000000004,0.48050000000000004,0.5286000000000001,0.5301,0.5496,0.5557,0.5503,0.5670000000000001,0.6517000000000001,0.6162000000000001
2026-03-27,Iwik,Sen2Cor,S2B_MSIL2A_20260327T113319_N0512_R080_T28QCH_20260327T152639.SAFE,C:\Users\Simon\Nextcloud\Project\Mauritania\Science\Arguin - FieldWork Data Processing\Data\S2\S2B_MSIL2A_20260327T113319_N0512_R080_T28QCH_20260327T152639.SAFE,529,10051,6335,363355.0,2199525.0,0.2275,0.2727,0.3672,0.4873,0.5286000000000001,0.5301,0.5496,0.5552,0.5503,0.5670000000000001,0.6517000000000001,0.6162000000000001
2026-03-27,Iwik,Sen2Cor,S2B_MSIL2A_20260327T113319_N0512_R080_T28QCH_20260327T152639.SAFE,C:\Users\Simon\Nextcloud\Project\Mauritania\Science\Arguin - FieldWork Data Processing\Data\S2\S2B_MSIL2A_20260327T113319_N0512_R080_T28QCH_20260327T152639.SAFE,530,10051,6336,363365.0,2199525.0,0.2296,0.27590000000000003,0.374,0.4922,0.5396000000000001,0.5376000000000001,0.5559000000000001,0.5654,0.5597,0.5709000000000001,0.6519,0.6161
2026-03-27,Iwik,Sen2Cor,S2B_MSIL2A_20260327T113319_N0512_R080_T28QCH_20260327T152639.SAFE,C:\Users\Simon\Nextcloud\Project\Mauritania\Science\Arguin - FieldWork Data Processing\Data\S2\S2B_MSIL2A_20260327T113319_N0512_R080_T28QCH_20260327T152639.SAFE,531,10051,6337,363375.0,2199525.0,0.2296,0.2866,0.3806,0.502,0.5396000000000001,0.5376000000000001,0.5559000000000001,0.5737,0.5597,0.5709000000000001,0.6519,0.6161
2026-03-27,Iwik,Sen2Cor,S2B_MSIL2A_20260327T113319_N0512_R080_T28QCH_20260327T152639.SAFE,C:\Users\Simon\Nextcloud\Project\Mauritania\Science\Arguin - FieldWork Data Processing\Data\S2\S2B_MSIL2A_20260327T113319_N0512_R080_T28QCH_20260327T152639.SAFE,532,10051,6338,363385.0,2199525.0,0.2305,0.2908,0.38280000000000003,0.5054000000000001,0.5526,0.5516,0.5660000000000001,0.5742,0.5701,0.5709000000000001,0.6566000000000001,0.6133000000000001
2026-03-27,Iwik,Sen2Cor,S2B_MSIL2A_20260327T113319_N0512_R080_T28QCH_20260327T152639.SAFE,C:\Users\Simon\Nextcloud\Project\Mauritania\Science\Arguin - FieldWork Data Processing\Data\S2\S2B_MSIL2A_20260327T113319_N0512_R080_T28QCH_20260327T152639.SAFE,533,10051,6339,363395.0,2199525.0,0.2305,0.2939,0.3909,0.5103,0.5526,0.5516,0.5660000000000001,0.5747,0.5701,0.5709000000000001,0.6566000000000001,0.6133000000000001
2026-03-27,Iwik,Sen2Cor,S2B_MSIL2A_20260327T113319_N0512_R080_T28QCH_20260327T152639.SAFE,C:\Users\Simon\Nextcloud\Project\Mauritania\Science\Arguin - FieldWork Data Processing\Data\S2\S2B_MSIL2A_20260327T113319_N0512_R080_T28QCH_20260327T152639.SAFE,534,10051,6340,363405.0,2199525.0,0.2296,0.2795,0.38130000000000003,0.4985,0.5523,0.5537000000000001,0.5682,0.5747,0.5767,0.5709000000000001,0.6604,0.6182000000000001
2026-03-27,Iwik,Sen2Cor,S2B_MSIL2A_20260327T113319_N0512_R080_T28QCH_20260327T152639.SAFE,C:\Users\Simon\Nextcloud\Project\Mauritania\Science\Arguin - FieldWork Data Processing\Data\S2\S2B_MSIL2A_20260327T113319_N0512_R080_T28QCH_20260327T152639.SAFE,535,10051,6341,363415.0,2199525.0,0.2296,0.2974,0.38920000000000005,0.5122,0.5523,0.5537000000000001,0.5682,0.5781000000000001,0.5767,0.5709000000000001,0.6604,0.6182000000000001
2026-03-27,Iwik,Sen2Cor,S2B_MSIL2A_20260327T113319_N0512_R080_T28QCH_20260327T152639.SAFE,C:\Users\Simon\Nextcloud\Project\Mauritania\Science\Arguin - FieldWork Data Processing\Data\S2\S2B_MSIL2A_20260327T113319_N0512_R080_T28QCH_20260327T152639.SAFE,536,10051,6342,363425.0,2199525.0,0.22640000000000002,0.2837,0.3806,0.4995,0.5429,0.5383,0.5566,0.5708,0.5595,0.5635,0.6542,0.6094
2026-03-27,Iwik,Sen2Cor,S2B_MSIL2A_20260327T113319_N0512_R080_T28QCH_20260327T152639.SAFE,C:\Users\Simon\Nextcloud\Project\Mauritania\Science\Arguin - FieldWork Data Processing\Data\S2\S2B_MSIL2A_20260327T113319_N0512_R080_T28QCH_20260327T152639.SAFE,537,10051,6343,363435.0,2199525.0,0.22640000000000002,0.2656,0.3623,0.48800000000000004,0.5429,0.5383,0.5566,0.5562,0.5595,0.5635,0.6542,0.6094
2026-03-27,Iwik,Sen2Cor,S2B_MSIL2A_20260327T113319_N0512_R080_T28QCH_20260327T152639.SAFE,C:\Users\Simon\Nextcloud\Project\Mauritania\Science\Arguin - FieldWork Data Processing\Data\S2\S2B_MSIL2A_20260327T113319_N0512_R080_T28QCH_20260327T152639.SAFE,538,10051,6344,363445.0,2199525.0,0.2238,0.2715,0.3669,0.4897,0.5353,0.5336000000000001,0.5495,0.5581,0.5506,0.5635,0.6504,0.6026
2026-03-27,Iwik,Sen2Cor,S2B_MSIL2A_20260327T113319_N0512_R080_T28QCH_20260327T152639.SAFE,C:\Users\Simon\Nextcloud\Project\Mauritania\Science\Arguin - FieldWork Data Processing\Data\S2\S2B_MSIL2A_20260327T113319_N0512_R080_T28QCH_20260327T152639.SAFE,539,10051,6345,363455.0,2199525.0,0.2238,0.271,0.3718,0.4907,0.5353,0.5336000000000001,0.5495,0.5552,0.5506,0.5635,0.6504,0.6026
2026-03-27,Iwik,Sen2Cor,S2B_MSIL2A_20260327T113319_N0512_R080_T28QCH_20260327T152639.SAFE,C:\Users\Simon\Nextcloud\Project\Mauritania\Science\Arguin - FieldWork Data Processing\Data\S2\S2B_MSIL2A_20260327T113319_N0512_R080_T28QCH_20260327T152639.SAFE,540,10051,6346,363465.0,2199525.0,0.22310000000000002,0.2783,0.3674,0.4883,0.535,0.5356000000000001,0.5521,0.5571,0.5514,0.5635,0.651,0.6046
2026-03-27,Iwik,Sen2Cor,S2B_MSIL2A_20260327T113319_N0512_R080_T28QCH_20260327T152639.SAFE,C:\Users\Simon\Nextcloud\Project\Mauritania\Science\Arguin - FieldWork Data Processing\Data\S2\S2B_MSIL2A_20260327T113319_N0512_R080_T28QCH_20260327T152639.SAFE,541,10051,6347,363475.0,2199525.0,0.22310000000000002,0.27690000000000003,0.3689,0.4897,0.535,0.5356000000000001,0.5521,0.5615,0.5514,0.5635,0.651,0.6046
2026-03-27,Iwik,Sen2Cor,S2B_MSIL2A_20260327T113319_N0512_R080_T28QCH_20260327T152639.SAFE,C:\Users\Simon\Nextcloud\Project\Mauritania\Science\Arguin - FieldWork Data Processing\Data\S2\S2B_MSIL2A_20260327T113319_N0512_R080_T28QCH_20260327T152639.SAFE,542,10051,6348,363485.0,2199525.0,0.22310000000000002,0.2856,0.374,0.5005000000000001,0.5445,0.5398000000000001,0.5551,0.5693,0.557,0.5615,0.6513,0.6078
2026-03-27,Iwik,Sen2Cor,S2B_MSIL2A_20260327T113319_N0512_R080_T28QCH_20260327T152639.SAFE,C:\Users\Simon\Nextcloud\Project\Mauritania\Science\Arguin - FieldWork Data Processing\Data\S2\S2B_MSIL2A_20260327T113319_N0512_R080_T28QCH_20260327T152639.SAFE,543,10051,6349,363495.0,2199525.0,0.22310000000000002,0.2883,0.3806,0.5024000000000001,0.5445,0.5398000000000001,0.5551,0.5693,0.557,0.5615,0.6513,0.6078
2026-03-27,Iwik,Sen2Cor,S2B_MSIL2A_20260327T113319_N0512_R080_T28QCH_20260327T152639.SAFE,C:\Users\Simon\Nextcloud\Project\Mauritania\Science\Arguin - FieldWork Data Processing\Data\S2\S2B_MSIL2A_20260327T113319_N0512_R080_T28QCH_20260327T152639.SAFE,544,10051,6350,363505.0,2199525.0,0.22260000000000002,0.2822,0.3735,0.49410000000000004,0.546,0.5405,0.5582,0.561,0.5592,0.5615,0.6532,0.608
2026-03-27,Iwik,Sen2Cor,S2B_MSIL2A_20260327T113319_N0512_R080_T28QCH_20260327T152639.SAFE,C:\Users\Simon\Nextcloud\Project\Mauritania\Science\Arguin - FieldWork Data Processing\Data\S2\S2B_MSIL2A_20260327T113319_N0512_R080_T28QCH_20260327T152639.SAFE,545,10051,6351,363515.0,2199525.0,0.22260000000000002,0.2847,0.3801,0.502,0.546,0.5405,0.5582,0.5698,0.5592,0.5615,0.6532,0.608
2026-03-27,Iwik,Sen2Cor,S2B_MSIL2A_20260327T113319_N0512_R080_T28QCH_20260327T152639.SAFE,C:\Users\Simon\Nextcloud\Project\Mauritania\Science\Arguin - FieldWork Data Processing\Data\S2\S2B_MSIL2A_20260327T113319_N0512_R080_T28QCH_20260327T152639.SAFE,546,10051,6352,363525.0,2199525.0,0.2217,0.28340000000000004,0.37870000000000004,0.5034000000000001,0.5496,0.54,0.5539000000000001,0.5728,0.5575,0.5615,0.6537000000000001,0.6067
2026-03-27,Iwik,Sen2Cor,S2B_MSIL2A_20260327T113319_N0512_R080_T28QCH_20260327T152639.SAFE,C:\Users\Simon\Nextcloud\Project\Mauritania\Science\Arguin - FieldWork Data Processing\Data\S2\S2B_MSIL2A_20260327T113319_N0512_R080_T28QCH_20260327T152639.SAFE,547,10051,6353,363535.0,2199525.0,0.2217,0.2837,0.37520000000000003,0.49610000000000004,0.5496,0.54,0.5539000000000001,0.5615,0.5575,0.5615,0.6537000000000001,0.6067
2026-03-27,Iwik,Sen2Cor,S2B_MSIL2A_20260327T113319_N0512_R080_T28QCH_20260327T152639.SAFE,C:\Users\Simon\Nextcloud\Project\Mauritania\Science\Arguin - FieldWork Data Processing\Data\S2\S2B_MSIL2A_20260327T113319_N0512_R080_T28QCH_20260327T152639.SAFE,548,10051,6354,363545.0,2199525.0,0.2204,0.2856,0.37720000000000004,0.4954,0.5536,0.5497000000000001,0.5683,0.5654,0.5645,0.5641,0.6587000000000001,0.6104
2026-03-27,Iwik,Sen2Cor,S2B_MSIL2A_20260327T113319_N0512_R080_T28QCH_20260327T152639.SAFE,C:\Users\Simon\Nextcloud\Project\Mauritania\Science\Arguin - FieldWork Data Processing\Data\S2\S2B_MSIL2A_20260327T113319_N0512_R080_T28QCH_20260327T152639.SAFE,549,10051,6355,363555.0,2199525.0,0.2204,0.29100000000000004,0.386,0.5039,0.5536,0.5497000000000001,0.5683,0.5767,0.5645,0.5641,0.6587000000000001,0.6104
2026-03-27,Iwik,Sen2Cor,S2B_MSIL2A_20260327T113319_N0512_R080_T28QCH_20260327T152639.SAFE,C:\Users\Simon\Nextcloud\Project\Mauritania\Science\Arguin - FieldWork Data Processing\Data\S2\S2B_MSIL2A_20260327T113319_N0512_R080_T28QCH_20260327T152639.SAFE,550,10051,6356,363565.0,2199525.0,0.21960000000000002,0.2881,0.38380000000000003,0.5122,0.5581,0.5526,0.5676,0.5791000000000001,0.5720000000000001,0.5641,0.6627000000000001,0.6145
2026-03-27,Iwik,Sen2Cor,S2B_MSIL2A_20260327T113319_N0512_R080_T28QCH_20260327T152639.SAFE,C:\Users\Simon\Nextcloud\Project\Mauritania\Science\Arguin - FieldWork Data Processing\Data\S2\S2B_MSIL2A_20260327T113319_N0512_R080_T28QCH_20260327T152639.SAFE,551,10051,6357,363575.0,2199525.0,0.21960000000000002,0.28,0.374,0.4993,0.5581,0.5526,0.5676,0.5723,0.5720000000000001,0.5641,0.6627000000000001,0.6145
2026-03-27,Iwik,Sen2Cor,S2B_MSIL2A_20260327T113319_N0512_R080_T28QCH_20260327T152639.SAFE,C:\Users\Simon\Nextcloud\Project\Mauritania\Science\Arguin - FieldWork Data Processing\Data\S2\S2B_MSIL2A_20260327T113319_N0512_R080_T28QCH_20260327T152639.SAFE,552,10052,6334,363345.0,2199515.0,0.22740000000000002,0.2778,0.3699,0.4834,0.5388000000000001,0.5398000000000001,0.5562,0.5571,0.5630000000000001,0.5670000000000001,0.6532,0.6169
2026-03-27,Iwik,Sen2Cor,S2B_MSIL2A_20260327T113319_N0512_R080_T28QCH_20260327T152639.SAFE,C:\Users\Simon\Nextcloud\Project\Mauritania\Science\Arguin - FieldWork Data Processing\Data\S2\S2B_MSIL2A_20260327T113319_N0512_R080_T28QCH_20260327T152639.SAFE,553,10052,6335,363355.0,2199515.0,0.22740000000000002,0.2808,0.3728,0.48900000000000005,0.5388000000000001,0.5398000000000001,0.5562,0.5601,0.5630000000000001,0.5670000000000001,0.6532,0.6169
2026-03-27,Iwik,Sen2Cor,S2B_MSIL2A_20260327T113319_N0512_R080_T28QCH_20260327T152639.SAFE,C:\Users\Simon\Nextcloud\Project\Mauritania\Science\Arguin - FieldWork Data Processing\Data\S2\S2B_MSIL2A_20260327T113319_N0512_R080_T28QCH_20260327T152639.SAFE,554,10052,6336,363365.0,2199515.0,0.2295,0.2791,0.3704,0.4924,0.5444,0.5431,0.5563,0.5645,0.5627,0.5709000000000001,0.6547000000000001,0.619
2026-03-27,Iwik,Sen2Cor,S2B_MSIL2A_20260327T113319_N0512_R080_T28QCH_20260327T152639.SAFE,C:\Users\Simon\Nextcloud\Project\Mauritania\Science\Arguin - FieldWork Data Processing\Data\S2\S2B_MSIL2A_20260327T113319_N0512_R080_T28QCH_20260327T152639.SAFE,555,10052,6337,363375.0,2199515.0,0.2295,0.2822,0.373,0.4993,0.5444,0.5431,0.5563,0.5688,0.5627,0.5709000000000001,0.6547000000000001,0.619
2026-03-27,Iwik,Sen2Cor,S2B_MSIL2A_20260327T113319_N0512_R080_T28QCH_20260327T152639.SAFE,C:\Users\Simon\Nextcloud\Project\Mauritania\Science\Arguin - FieldWork Data Processing\Data\S2\S2B_MSIL2A_20260327T113319_N0512_R080_T28QCH_20260327T152639.SAFE,556,10052,6338,363385.0,2199515.0,0.2295,0.2944,0.38180000000000003,0.5039,0.5473,0.5484,0.5644,0.5767,0.5630000000000001,0.5709000000000001,0.6539,0.6159
2026-03-27,Iwik,Sen2Cor,S2B_MSIL2A_20260327T113319_N0512_R080_T28QCH_20260327T152639.SAFE,C:\Users\Simon\Nextcloud\Project\Mauritania\Science\Arguin - FieldWork Data Processing\Data\S2\S2B_MSIL2A_20260327T113319_N0512_R080_T28QCH_20260327T152639.SAFE,557,10052,6339,363395.0,2199515.0,0.2295,0.2974,0.3875,0.5088,0.5473,0.5484,0.5644,0.5786,0.5630000000000001,0.5709000000000001,0.6539,0.6159
2026-03-27,Iwik,Sen2Cor,S2B_MSIL2A_20260327T113319_N0512_R080_T28QCH_20260327T152639.SAFE,C:\Users\Simon\Nextcloud\Project\Mauritania\Science\Arguin - FieldWork Data Processing\Data\S2\S2B_MSIL2A_20260327T113319_N0512_R080_T28QCH_20260327T152639.SAFE,558,10052,6340,363405.0,2199515.0,0.2288,0.2832,0.38430000000000003,0.5059,0.548,0.5451,0.5616,0.5718,0.5685,0.5709000000000001,0.6586000000000001,0.6176
2026-03-27,Iwik,Sen2Cor,S2B_MSIL2A_20260327T113319_N0512_R080_T28QCH_20260327T152639.SAFE,C:\Users\Simon\Nextcloud\Project\Mauritania\Science\Arguin - FieldWork Data Processing\Data\S2\S2B_MSIL2A_20260327T113319_N0512_R080_T28QCH_20260327T152639.SAFE,559,10052,6341,363415.0,2199515.0,0.2288,0.2974,0.38570000000000004,0.5088,0.548,0.5451,0.5616,0.5737,0.5685,0.5709000000000001,0.6586000000000001,0.6176
2026-03-27,Iwik,Sen2Cor,S2B_MSIL2A_20260327T113319_N0512_R080_T28QCH_20260327T152639.SAFE,C:\Users\Simon\Nextcloud\Project\Mauritania\Science\Arguin - FieldWork Data Processing\Data\S2\S2B_MSIL2A_20260327T113319_N0512_R080_T28QCH_20260327T152639.SAFE,560,10052,6342,363425.0,2199515.0,0.226,0.28390000000000004,0.3794,0.4983,0.543,0.5414,0.5564,0.5684,0.5632,0.5635,0.6555000000000001,0.6095
2026-03-27,Iwik,Sen2Cor,S2B_MSIL2A_20260327T113319_N0512_R080_T28QCH_20260327T152639.SAFE,C:\Users\Simon\Nextcloud\Project\Mauritania\Science\Arguin - FieldWork Data Processing\Data\S2\S2B_MSIL2A_20260327T113319_N0512_R080_T28QCH_20260327T152639.SAFE,561,10052,6343,363435.0,2199515.0,0.226,0.272,0.37160000000000004,0.49460000000000004,0.543,0.5414,0.5564,0.5596,0.5632,0.5635,0.6555000000000001,0.6095
2026-03-27,Iwik,Sen2Cor,S2B_MSIL2A_20260327T113319_N0512_R080_T28QCH_20260327T152639.SAFE,C:\Users\Simon\Nextcloud\Project\Mauritania\Science\Arguin - FieldWork Data Processing\Data\S2\S2B_MSIL2A_20260327T113319_N0512_R080_T28QCH_20260327T152639.SAFE,562,10052,6344,363445.0,2199515.0,0.22360000000000002,0.28250000000000003,0.37670000000000003,0.49560000000000004,0.5432,0.5469,0.5558000000000001,0.5669000000000001,0.5571,0.5635,0.6521,0.601
2026-03-27,Iwik,Sen2Cor,S2B_MSIL2A_20260327T113319_N0512_R080_T28QCH_20260327T152639.SAFE,C:\Users\Simon\Nextcloud\Project\Mauritania\Science\Arguin - FieldWork Data Processing\Data\S2\S2B_MSIL2A_20260327T113319_N0512_R080_T28QCH_20260327T152639.SAFE,563,10052,6345,363455.0,2199515.0,0.22360000000000002,0.2788,0.3735,0.49710000000000004,0.5432,0.5469,0.5558000000000001,0.5649000000000001,0.5571,0.5635,0.6521,0.601
2026-03-27,Iwik,Sen2Cor,S2B_MSIL2A_20260327T113319_N0512_R080_T28QCH_20260327T152639.SAFE,C:\Users\Simon\Nextcloud\Project\Mauritania\Science\Arguin - FieldWork Data Processing\Data\S2\S2B_MSIL2A_20260327T113319_N0512_R080_T28QCH_20260327T152639.SAFE,564,10052,6346,363465.0,2199515.0,0.2225,0.2783,0.3677,0.48850000000000005,0.5366000000000001,0.5355,0.55,0.5576,0.5517000000000001,0.5635,0.6477,0.6031000000000001
2026-03-27,Iwik,Sen2Cor,S2B_MSIL2A_20260327T113319_N0512_R080_T28QCH_20260327T152639.SAFE,C:\Users\Simon\Nextcloud\Project\Mauritania\Science\Arguin - FieldWork Data Processing\Data\S2\S2B_MSIL2A_20260327T113319_N0512_R080_T28QCH_20260327T152639.SAFE,565,10052,6347,363475.0,2199515.0,0.2225,0.2783,0.3738,0.4924,0.5366000000000001,0.5355,0.55,0.5615,0.5517000000000001,0.5635,0.6477,0.6031000000000001
2026-03-27,Iwik,Sen2Cor,S2B_MSIL2A_20260327T113319_N0512_R080_T28QCH_20260327T152639.SAFE,C:\Users\Simon\Nextcloud\Project\Mauritania\Science\Arguin - FieldWork Data Processing\Data\S2\S2B_MSIL2A_20260327T113319_N0512_R080_T28QCH_20260327T152639.SAFE,566,10052,6348,363485.0,2199515.0,0.22210000000000002,0.2742,0.37160000000000004,0.4949,0.5385,0.5373,0.5471,0.5630000000000001,0.5532,0.5615,0.6495000000000001,0.602
2026-03-27,Iwik,Sen2Cor,S2B_MSIL2A_20260327T113319_N0512_R080_T28QCH_20260327T152639.SAFE,C:\Users\Simon\Nextcloud\Project\Mauritania\Science\Arguin - FieldWork Data Processing\Data\S2\S2B_MSIL2A_20260327T113319_N0512_R080_T28QCH_20260327T152639.SAFE,567,10052,6349,363495.0,2199515.0,0.22210000000000002,0.2786,0.374,0.49100000000000005,0.5385,0.5373,0.5471,0.5625,0.5532,0.5615,0.6495000000000001,0.602
2026-03-27,Iwik,Sen2Cor,S2B_MSIL2A_20260327T113319_N0512_R080_T28QCH_20260327T152639.SAFE,C:\Users\Simon\Nextcloud\Project\Mauritania\Science\Arguin - FieldWork Data Processing\Data\S2\S2B_MSIL2A_20260327T113319_N0512_R080_T28QCH_20260327T152639.SAFE,568,10052,6350,363505.0,2199515.0,0.2214,0.2871,0.37620000000000003,0.4919,0.54,0.5366000000000001,0.5541,0.5625,0.5561,0.5615,0.6522,0.6037
2026-03-27,Iwik,Sen2Cor,S2B_MSIL2A_20260327T113319_N0512_R080_T28QCH_20260327T152639.SAFE,C:\Users\Simon\Nextcloud\Project\Mauritania\Science\Arguin - FieldWork Data Processing\Data\S2\S2B_MSIL2A_20260327T113319_N0512_R080_T28QCH_20260327T152639.SAFE,569,10052,6351,363515.0,2199515.0,0.2214,0.2813,0.375,0.49660000000000004,0.54,0.5366000000000001,0.5541,0.5645,0.5561,0.5615,0.6522,0.6037
2026-03-27,Iwik,Sen2Cor,S2B_MSIL2A_20260327T113319_N0512_R080_T28QCH_20260327T152639.SAFE,C:\Users\Simon\Nextcloud\Project\Mauritania\Science\Arguin - FieldWork Data Processing\Data\S2\S2B_MSIL2A_20260327T113319_N0512_R080_T28QCH_20260327T152639.SAFE,570,10052,6352,363525.0,2199515.0,0.22010000000000002,0.27390000000000003,0.3694,0.48750000000000004,0.5357000000000001,0.5317000000000001,0.547,0.5552,0.5498000000000001,0.5615,0.6488,0.6021000000000001
2026-03-27,Iwik,Sen2Cor,S2B_MSIL2A_20260327T113319_N0512_R080_T28QCH_20260327T152639.SAFE,C:\Users\Simon\Nextcloud\Project\Mauritania\Science\Arguin - FieldWork Data Processing\Data\S2\S2B_MSIL2A_20260327T113319_N0512_R080_T28QCH_20260327T152639.SAFE,571,10052,6353,363535.0,2199515.0,0.22010000000000002,0.2788,0.37110000000000004,0.48800000000000004,0.5357000000000001,0.5317000000000001,0.547,0.5552,0.5498000000000001,0.5615,0.6488,0.6021000000000001
2026-03-27,Iwik,Sen2Cor,S2B_MSIL2A_20260327T113319_N0512_R080_T28QCH_20260327T152639.SAFE,C:\Users\Simon\Nextcloud\Project\Mauritania\Science\Arguin - FieldWork Data Processing\Data\S2\S2B_MSIL2A_20260327T113319_N0512_R080_T28QCH_20260327T152639.SAFE,572,10052,6354,363545.0,2199515.0,0.21880000000000002,0.2854,0.37870000000000004,0.5005000000000001,0.5417000000000001,0.5394,0.5533,0.5645,0.5593,0.5641,0.6523,0.6049
2026-03-27,Iwik,Sen2Cor,S2B_MSIL2A_20260327T113319_N0512_R080_T28QCH_20260327T152639.SAFE,C:\Users\Simon\Nextcloud\Project\Mauritania\Science\Arguin - FieldWork Data Processing\Data\S2\S2B_MSIL2A_20260327T113319_N0512_R080_T28QCH_20260327T152639.SAFE,573,10052,6355,363555.0,2199515.0,0.21880000000000002,0.2861,0.3806,0.4968,0.5417000000000001,0.5394,0.5533,0.5708,0.5593,0.5641,0.6523,0.6049
2026-03-27,Iwik,Sen2Cor,S2B_MSIL2A_20260327T113319_N0512_R080_T28QCH_20260327T152639.SAFE,C:\Users\Simon\Nextcloud\Project\Mauritania\Science\Arguin - FieldWork Data Processing\Data\S2\S2B_MSIL2A_20260327T113319_N0512_R080_T28QCH_20260327T152639.SAFE,574,10052,6356,363565.0,2199515.0,0.2182,0.2795,0.3755,0.499,0.5338,0.5405,0.5599000000000001,0.5693,0.5577,0.5641,0.6542,0.606
2026-03-27,Iwik,Sen2Cor,S2B_MSIL2A_20260327T113319_N0512_R080_T28QCH_20260327T152639.SAFE,C:\Users\Simon\Nextcloud\Project\Mauritania\Science\Arguin - FieldWork Data Processing\Data\S2\S2B_MSIL2A_20260327T113319_N0512_R080_T28QCH_20260327T152639.SAFE,575,10053,6334,363345.0,2199505.0,0.22740000000000002,0.2883,0.3806,0.5,0.5388000000000001,0.5398000000000001,0.5562,0.5688,0.5630000000000001,0.5670000000000001,0.6532,0.6169
2026-03-27,Iwik,Sen2Cor,S2B_MSIL2A_20260327T113319_N0512_R080_T28QCH_20260327T152639.SAFE,C:\Users\Simon\Nextcloud\Project\Mauritania\Science\Arguin - FieldWork Data Processing\Data\S2\S2B_MSIL2A_20260327T113319_N0512_R080_T28QCH_20260327T152639.SAFE,576,10053,6335,363355.0,2199505.0,0.22740000000000002,0.2939,0.3855,0.5034000000000001,0.5388000000000001,0.5398000000000001,0.5562,0.5752,0.5630000000000001,0.5670000000000001,0.6532,0.6169
2026-03-27,Iwik,Sen2Cor,S2B_MSIL2A_20260327T113319_N0512_R080_T28QCH_20260327T152639.SAFE,C:\Users\Simon\Nextcloud\Project\Mauritania\Science\Arguin - FieldWork Data Processing\Data\S2\S2B_MSIL2A_20260327T113319_N0512_R080_T28QCH_20260327T152639.SAFE,577,10053,6336,363365.0,2199505.0,0.2295,0.2847,0.37870000000000004,0.5,0.5444,0.5431,0.5563,0.5767,0.5627,0.5709000000000001,0.6547000000000001,0.619
2026-03-27,Iwik,Sen2Cor,S2B_MSIL2A_20260327T113319_N0512_R080_T28QCH_20260327T152639.SAFE,C:\Users\Simon\Nextcloud\Project\Mauritania\Science\Arguin - FieldWork Data Processing\Data\S2\S2B_MSIL2A_20260327T113319_N0512_R080_T28QCH_20260327T152639.SAFE,578,10053,6337,363375.0,2199505.0,0.2295,0.28250000000000003,0.373,0.4939,0.5444,0.5431,0.5563,0.5688,0.5627,0.5709000000000001,0.6547000000000001,0.619
2026-03-27,Iwik,Sen2Cor,S2B_MSIL2A_20260327T113319_N0512_R080_T28QCH_20260327T152639.SAFE,C:\Users\Simon\Nextcloud\Project\Mauritania\Science\Arguin - FieldWork Data Processing\Data\S2\S2B_MSIL2A_20260327T113319_N0512_R080_T28QCH_20260327T152639.SAFE,579,10053,6338,363385.0,2199505.0,0.2295,0.2913,0.3811,0.5015000000000001,0.5473,0.5484,0.5644,0.5703,0.5630000000000001,0.5709000000000001,0.6539,0.6159
2026-03-27,Iwik,Sen2Cor,S2B_MSIL2A_20260327T113319_N0512_R080_T28QCH_20260327T152639.SAFE,C:\Users\Simon\Nextcloud\Project\Mauritania\Science\Arguin - FieldWork Data Processing\Data\S2\S2B_MSIL2A_20260327T113319_N0512_R080_T28QCH_20260327T152639.SAFE,580,10053,6339,363395.0,2199505.0,0.2295,0.29150000000000004,0.3875,0.5078,0.5473,0.5484,0.5644,0.5742,0.5630000000000001,0.5709000000000001,0.6539,0.6159
2026-03-27,Iwik,Sen2Cor,S2B_MSIL2A_20260327T113319_N0512_R080_T28QCH_20260327T152639.SAFE,C:\Users\Simon\Nextcloud\Project\Mauritania\Science\Arguin - FieldWork Data Processing\Data\S2\S2B_MSIL2A_20260327T113319_N0512_R080_T28QCH_20260327T152639.SAFE,581,10053,6340,363405.0,2199505.0,0.2288,0.2856,0.3845,0.5049,0.548,0.5451,0.5616,0.5693,0.5685,0.5709000000000001,0.6586000000000001,0.6176
2026-03-27,Iwik,Sen2Cor,S2B_MSIL2A_20260327T113319_N0512_R080_T28QCH_20260327T152639.SAFE,C:\Users\Simon\Nextcloud\Project\Mauritania\Science\Arguin - FieldWork Data Processing\Data\S2\S2B_MSIL2A_20260327T113319_N0512_R080_T28QCH_20260327T152639.SAFE,582,10053,6341,363415.0,2199505.0,0.2288,0.28300000000000003,0.3779,0.5015000000000001,0.548,0.5451,0.5616,0.5693,0.5685,0.5709000000000001,0.6586000000000001,0.6176
2026-03-27,Iwik,Sen2Cor,S2B_MSIL2A_20260327T113319_N0512_R080_T28QCH_20260327T152639.SAFE,C:\Users\Simon\Nextcloud\Project\Mauritania\Science\Arguin - FieldWork Data Processing\Data\S2\S2B_MSIL2A_20260327T113319_N0512_R080_T28QCH_20260327T152639.SAFE,583,10053,6342,363425.0,2199505.0,0.226,0.28150000000000003,0.37620000000000003,0.4963,0.543,0.5414,0.5564,0.5630000000000001,0.5632,0.5635,0.6555000000000001,0.6095
2026-03-27,Iwik,Sen2Cor,S2B_MSIL2A_20260327T113319_N0512_R080_T28QCH_20260327T152639.SAFE,C:\Users\Simon\Nextcloud\Project\Mauritania\Science\Arguin - FieldWork Data Processing\Data\S2\S2B_MSIL2A_20260327T113319_N0512_R080_T28QCH_20260327T152639.SAFE,584,10053,6343,363435.0,2199505.0,0.226,0.2813,0.3806,0.4963,0.543,0.5414,0.5564,0.561,0.5632,0.5635,0.6555000000000001,0.6095
2026-03-27,Iwik,Sen2Cor,S2B_MSIL2A_20260327T113319_N0512_R080_T28QCH_20260327T152639.SAFE,C:\Users\Simon\Nextcloud\Project\Mauritania\Science\Arguin - FieldWork Data Processing\Data\S2\S2B_MSIL2A_20260327T113319_N0512_R080_T28QCH_20260327T152639.SAFE,585,10053,6344,363445.0,2199505.0,0.22360000000000002,0.2859,0.38330000000000003,0.501,0.5432,0.5469,0.5558000000000001,0.5674,0.5571,0.5635,0.6521,0.601
2026-03-27,Iwik,Sen2Cor,S2B_MSIL2A_20260327T113319_N0512_R080_T28QCH_20260327T152639.SAFE,C:\Users\Simon\Nextcloud\Project\Mauritania\Science\Arguin - FieldWork Data Processing\Data\S2\S2B_MSIL2A_20260327T113319_N0512_R080_T28QCH_20260327T152639.SAFE,586,10053,6345,363455.0,2199505.0,0.22360000000000002,0.28340000000000004,0.375,0.4993,0.5432,0.5469,0.5558000000000001,0.562,0.5571,0.5635,0.6521,0.601
2026-03-27,Iwik,Sen2Cor,S2B_MSIL2A_20260327T113319_N0512_R080_T28QCH_20260327T152639.SAFE,C:\Users\Simon\Nextcloud\Project\Mauritania\Science\Arguin - FieldWork Data Processing\Data\S2\S2B_MSIL2A_20260327T113319_N0512_R080_T28QCH_20260327T152639.SAFE,587,10053,6346,363465.0,2199505.0,0.2225,0.2773,0.3718,0.49000000000000005,0.5366000000000001,0.5355,0.55,0.5581,0.5517000000000001,0.5635,0.6477,0.6031000000000001
2026-03-27,Iwik,Sen2Cor,S2B_MSIL2A_20260327T113319_N0512_R080_T28QCH_20260327T152639.SAFE,C:\Users\Simon\Nextcloud\Project\Mauritania\Science\Arguin - FieldWork Data Processing\Data\S2\S2B_MSIL2A_20260327T113319_N0512_R080_T28QCH_20260327T152639.SAFE,588,10053,6347,363475.0,2199505.0,0.2225,0.2803,0.37010000000000004,0.4932,0.5366000000000001,0.5355,0.55,0.5537000000000001,0.5517000000000001,0.5635,0.6477,0.6031000000000001
2026-03-27,Iwik,Sen2Cor,S2B_MSIL2A_20260327T113319_N0512_R080_T28QCH_20260327T152639.SAFE,C:\Users\Simon\Nextcloud\Project\Mauritania\Science\Arguin - FieldWork Data Processing\Data\S2\S2B_MSIL2A_20260327T113319_N0512_R080_T28QCH_20260327T152639.SAFE,589,10053,6348,363485.0,2199505.0,0.22210000000000002,0.2732,0.3652,0.4873,0.5385,0.5373,0.5471,0.5537000000000001,0.5532,0.5615,0.6495000000000001,0.602
2026-03-27,Iwik,Sen2Cor,S2B_MSIL2A_20260327T113319_N0512_R080_T28QCH_20260327T152639.SAFE,C:\Users\Simon\Nextcloud\Project\Mauritania\Science\Arguin - FieldWork Data Processing\Data\S2\S2B_MSIL2A_20260327T113319_N0512_R080_T28QCH_20260327T152639.SAFE,590,10053,6349,363495.0,2199505.0,0.22210000000000002,0.28150000000000003,0.3723,0.49100000000000005,0.5385,0.5373,0.5471,0.561,0.5532,0.5615,0.6495000000000001,0.602
2026-03-27,Iwik,Sen2Cor,S2B_MSIL2A_20260327T113319_N0512_R080_T28QCH_20260327T152639.SAFE,C:\Users\Simon\Nextcloud\Project\Mauritania\Science\Arguin - FieldWork Data Processing\Data\S2\S2B_MSIL2A_20260327T113319_N0512_R080_T28QCH_20260327T152639.SAFE,591,10053,6350,363505.0,2199505.0,0.2214,0.2793,0.3733,0.4949,0.54,0.5366000000000001,0.5541,0.5601,0.5561,0.5615,0.6522,0.6037
2026-03-27,Iwik,Sen2Cor,S2B_MSIL2A_20260327T113319_N0512_R080_T28QCH_20260327T152639.SAFE,C:\Users\Simon\Nextcloud\Project\Mauritania\Science\Arguin - FieldWork Data Processing\Data\S2\S2B_MSIL2A_20260327T113319_N0512_R080_T28QCH_20260327T152639.SAFE,592,10053,6351,363515.0,2199505.0,0.2214,0.2761,0.3679,0.48710000000000003,0.54,0.5366000000000001,0.5541,0.5498000000000001,0.5561,0.5615,0.6522,0.6037
2026-03-27,Iwik,Sen2Cor,S2B_MSIL2A_20260327T113319_N0512_R080_T28QCH_20260327T152639.SAFE,C:\Users\Simon\Nextcloud\Project\Mauritania\Science\Arguin - FieldWork Data Processing\Data\S2\S2B_MSIL2A_20260327T113319_N0512_R080_T28QCH_20260327T152639.SAFE,593,10053,6352,363525.0,2199505.0,0.22010000000000002,0.2747,0.366,0.4878,0.5357000000000001,0.5317000000000001,0.547,0.5513,0.5498000000000001,0.5615,0.6488,0.6021000000000001
2026-03-27,Iwik,Sen2Cor,S2B_MSIL2A_20260327T113319_N0512_R080_T28QCH_20260327T152639.SAFE,C:\Users\Simon\Nextcloud\Project\Mauritania\Science\Arguin - FieldWork Data Processing\Data\S2\S2B_MSIL2A_20260327T113319_N0512_R080_T28QCH_20260327T152639.SAFE,594,10053,6353,363535.0,2199505.0,0.22010000000000002,0.27290000000000003,0.3667,0.49000000000000005,0.5357000000000001,0.5317000000000001,0.547,0.5562,0.5498000000000001,0.5615,0.6488,0.6021000000000001
2026-03-27,Iwik,Sen2Cor,S2B_MSIL2A_20260327T113319_N0512_R080_T28QCH_20260327T152639.SAFE,C:\Users\Simon\Nextcloud\Project\Mauritania\Science\Arguin - FieldWork Data Processing\Data\S2\S2B_MSIL2A_20260327T113319_N0512_R080_T28QCH_20260327T152639.SAFE,595,10053,6354,363545.0,2199505.0,0.21880000000000002,0.2747,0.3679,0.48950000000000005,0.5417000000000001,0.5394,0.5533,0.5571,0.5593,0.5641,0.6523,0.6049
2026-03-27,Iwik,Sen2Cor,S2B_MSIL2A_20260327T113319_N0512_R080_T28QCH_20260327T152639.SAFE,C:\Users\Simon\Nextcloud\Project\Mauritania\Science\Arguin - FieldWork Data Processing\Data\S2\S2B_MSIL2A_20260327T113319_N0512_R080_T28QCH_20260327T152639.SAFE,596,10053,6355,363555.0,2199505.0,0.21880000000000002,0.2756,0.3647,0.4878,0.5417000000000001,0.5394,0.5533,0.5522,0.5593,0.5641,0.6523,0.6049
2026-03-27,Iwik,Sen2Cor,S2B_MSIL2A_20260327T113319_N0512_R080_T28QCH_20260327T152639.SAFE,C:\Users\Simon\Nextcloud\Project\Mauritania\Science\Arguin - FieldWork Data Processing\Data\S2\S2B_MSIL2A_20260327T113319_N0512_R080_T28QCH_20260327T152639.SAFE,597,10054,6333,363335.0,2199495.0,0.22610000000000002,0.2883,0.3809,0.5024000000000001,0.5428000000000001,0.5451,0.5647,0.5713,0.5633,0.5670000000000001,0.662,0.6212
2026-03-27,Iwik,Sen2Cor,S2B_MSIL2A_20260327T113319_N0512_R080_T28QCH_20260327T152639.SAFE,C:\Users\Simon\Nextcloud\Project\Mauritania\Science\Arguin - FieldWork Data Processing\Data\S2\S2B_MSIL2A_20260327T113319_N0512_R080_T28QCH_20260327T152639.SAFE,598,10054,6334,363345.0,2199495.0,0.2263,0.29250000000000004,0.385,0.5039,0.55,0.545,0.5665,0.5757,0.5655,0.5670000000000001,0.6557000000000001,0.6188
2026-03-27,Iwik,Sen2Cor,S2B_MSIL2A_20260327T113319_N0512_R080_T28QCH_20260327T152639.SAFE,C:\Users\Simon\Nextcloud\Project\Mauritania\Science\Arguin - FieldWork Data Processing\Data\S2\S2B_MSIL2A_20260327T113319_N0512_R080_T28QCH_20260327T152639.SAFE,599,10054,6335,363355.0,2199495.0,0.2263,0.3025,0.39840000000000003,0.5186000000000001,0.55,0.545,0.5665,0.5884,0.5655,0.5670000000000001,0.6557000000000001,0.6188
2026-03-27,Iwik,Sen2Cor,S2B_MSIL2A_20260327T113319_N0512_R080_T28QCH_20260327T152639.SAFE,C:\Users\Simon\Nextcloud\Project\Mauritania\Science\Arguin - FieldWork Data Processing\Data\S2\S2B_MSIL2A_20260327T113319_N0512_R080_T28QCH_20260327T152639.SAFE,600,10054,6336,363365.0,2199495.0,0.22760000000000002,0.29200000000000004,0.3911,0.5112,0.5461,0.543,0.5622,0.5811000000000001,0.5636,0.5709000000000001,0.6558,0.6208
2026-03-27,Iwik,Sen2Cor,S2B_MSIL2A_20260327T113319_N0512_R080_T28QCH_20260327T152639.SAFE,C:\Users\Simon\Nextcloud\Project\Mauritania\Science\Arguin - FieldWork Data Processing\Data\S2\S2B_MSIL2A_20260327T113319_N0512_R080_T28QCH_20260327T152639.SAFE,601,10054,6337,363375.0,2199495.0,0.22760000000000002,0.2842,0.375,0.5005000000000001,0.5461,0.543,0.5622,0.5688,0.5636,0.5709000000000001,0.6558,0.6208
2026-03-27,Iwik,Sen2Cor,S2B_MSIL2A_20260327T113319_N0512_R080_T28QCH_20260327T152639.SAFE,C:\Users\Simon\Nextcloud\Project\Mauritania\Science\Arguin - FieldWork Data Processing\Data\S2\S2B_MSIL2A_20260327T113319_N0512_R080_T28QCH_20260327T152639.SAFE,602,10054,6338,363385.0,2199495.0,0.2283,0.2805,0.3745,0.49410000000000004,0.5465,0.542,0.5589000000000001,0.5605,0.5638000000000001,0.5709000000000001,0.6566000000000001,0.6208
2026-03-27,Iwik,Sen2Cor,S2B_MSIL2A_20260327T113319_N0512_R080_T28QCH_20260327T152639.SAFE,C:\Users\Simon\Nextcloud\Project\Mauritania\Science\Arguin - FieldWork Data Processing\Data\S2\S2B_MSIL2A_20260327T113319_N0512_R080_T28QCH_20260327T152639.SAFE,603,10054,6339,363395.0,2199495.0,0.2283,0.2891,0.38570000000000004,0.5044000000000001,0.5465,0.542,0.5589000000000001,0.5728,0.5638000000000001,0.5709000000000001,0.6566000000000001,0.6208
2026-03-27,Iwik,Sen2Cor,S2B_MSIL2A_20260327T113319_N0512_R080_T28QCH_20260327T152639.SAFE,C:\Users\Simon\Nextcloud\Project\Mauritania\Science\Arguin - FieldWork Data Processing\Data\S2\S2B_MSIL2A_20260327T113319_N0512_R080_T28QCH_20260327T152639.SAFE,604,10054,6340,363405.0,2199495.0,0.2267,0.2859,0.3804,0.5044000000000001,0.5447000000000001,0.5466,0.5633,0.5703,0.5652,0.5709000000000001,0.6563,0.6163000000000001
2026-03-27,Iwik,Sen2Cor,S2B_MSIL2A_20260327T113319_N0512_R080_T28QCH_20260327T152639.SAFE,C:\Users\Simon\Nextcloud\Project\Mauritania\Science\Arguin - FieldWork Data Processing\Data\S2\S2B_MSIL2A_20260327T113319_N0512_R080_T28QCH_20260327T152639.SAFE,605,10054,6341,363415.0,2199495.0,0.2267,0.2822,0.37570000000000003,0.49760000000000004,0.5447000000000001,0.5466,0.5633,0.5693,0.5652,0.5709000000000001,0.6563,0.6163000000000001
2026-03-27,Iwik,Sen2Cor,S2B_MSIL2A_20260327T113319_N0512_R080_T28QCH_20260327T152639.SAFE,C:\Users\Simon\Nextcloud\Project\Mauritania\Science\Arguin - FieldWork Data Processing\Data\S2\S2B_MSIL2A_20260327T113319_N0512_R080_T28QCH_20260327T152639.SAFE,606,10054,6342,363425.0,2199495.0,0.22440000000000002,0.2822,0.3779,0.4985,0.5374,0.542,0.554,0.5649000000000001,0.562,0.5635,0.6509,0.6065
2026-03-27,Iwik,Sen2Cor,S2B_MSIL2A_20260327T113319_N0512_R080_T28QCH_20260327T152639.SAFE,C:\Users\Simon\Nextcloud\Project\Mauritania\Science\Arguin - FieldWork Data Processing\Data\S2\S2B_MSIL2A_20260327T113319_N0512_R080_T28QCH_20260327T152639.SAFE,607,10054,6343,363435.0,2199495.0,0.22440000000000002,0.28150000000000003,0.3831,0.499,0.5374,0.542,0.554,0.5654,0.562,0.5635,0.6509,0.6065
2026-03-27,Iwik,Sen2Cor,S2B_MSIL2A_20260327T113319_N0512_R080_T28QCH_20260327T152639.SAFE,C:\Users\Simon\Nextcloud\Project\Mauritania\Science\Arguin - FieldWork Data Processing\Data\S2\S2B_MSIL2A_20260327T113319_N0512_R080_T28QCH_20260327T152639.SAFE,608,10054,6344,363445.0,2199495.0,0.22240000000000001,0.2805,0.3755,0.4944,0.54,0.5379,0.5533,0.5615,0.5558000000000001,0.5635,0.6487,0.5987
2026-03-27,Iwik,Sen2Cor,S2B_MSIL2A_20260327T113319_N0512_R080_T28QCH_20260327T152639.SAFE,C:\Users\Simon\Nextcloud\Project\Mauritania\Science\Arguin - FieldWork Data Processing\Data\S2\S2B_MSIL2A_20260327T113319_N0512_R080_T28QCH_20260327T152639.SAFE,609,10054,6345,363455.0,2199495.0,0.22240000000000001,0.2793,0.37210000000000004,0.49660000000000004,0.54,0.5379,0.5533,0.5654,0.5558000000000001,0.5635,0.6487,0.5987
2026-03-27,Iwik,Sen2Cor,S2B_MSIL2A_20260327T113319_N0512_R080_T28QCH_20260327T152639.SAFE,C:\Users\Simon\Nextcloud\Project\Mauritania\Science\Arguin - FieldWork Data Processing\Data\S2\S2B_MSIL2A_20260327T113319_N0512_R080_T28QCH_20260327T152639.SAFE,610,10054,6346,363465.0,2199495.0,0.22130000000000002,0.2813,0.3779,0.49660000000000004,0.5405,0.5374,0.5506,0.5630000000000001,0.5594,0.5635,0.6495000000000001,0.6023000000000001
2026-03-27,Iwik,Sen2Cor,S2B_MSIL2A_20260327T113319_N0512_R080_T28QCH_20260327T152639.SAFE,C:\Users\Simon\Nextcloud\Project\Mauritania\Science\Arguin - FieldWork Data Processing\Data\S2\S2B_MSIL2A_20260327T113319_N0512_R080_T28QCH_20260327T152639.SAFE,611,10054,6347,363475.0,2199495.0,0.22130000000000002,0.2847,0.3745,0.4863,0.5405,0.5374,0.5506,0.5571,0.5594,0.5635,0.6495000000000001,0.6023000000000001
2026-03-27,Iwik,Sen2Cor,S2B_MSIL2A_20260327T113319_N0512_R080_T28QCH_20260327T152639.SAFE,C:\Users\Simon\Nextcloud\Project\Mauritania\Science\Arguin - FieldWork Data Processing\Data\S2\S2B_MSIL2A_20260327T113319_N0512_R080_T28QCH_20260327T152639.SAFE,612,10054,6348,363485.0,2199495.0,0.2205,0.29000000000000004,0.3806,0.49410000000000004,0.5429,0.5373,0.5558000000000001,0.5664,0.558,0.5615,0.652,0.6007
2026-03-27,Iwik,Sen2Cor,S2B_MSIL2A_20260327T113319_N0512_R080_T28QCH_20260327T152639.SAFE,C:\Users\Simon\Nextcloud\Project\Mauritania\Science\Arguin - FieldWork Data Processing\Data\S2\S2B_MSIL2A_20260327T113319_N0512_R080_T28QCH_20260327T152639.SAFE,613,10054,6349,363495.0,2199495.0,0.2205,0.2939,0.3845,0.5049,0.5429,0.5373,0.5558000000000001,0.5693,0.558,0.5615,0.652,0.6007
2026-03-27,Iwik,Sen2Cor,S2B_MSIL2A_20260327T113319_N0512_R080_T28QCH_20260327T152639.SAFE,C:\Users\Simon\Nextcloud\Project\Mauritania\Science\Arguin - FieldWork Data Processing\Data\S2\S2B_MSIL2A_20260327T113319_N0512_R080_T28QCH_20260327T152639.SAFE,614,10054,6350,363505.0,2199495.0,0.21960000000000002,0.28250000000000003,0.3784,0.49760000000000004,0.5339,0.533,0.5498000000000001,0.5693,0.5521,0.5615,0.6476000000000001,0.5979
2026-03-27,Iwik,Sen2Cor,S2B_MSIL2A_20260327T113319_N0512_R080_T28QCH_20260327T152639.SAFE,C:\Users\Simon\Nextcloud\Project\Mauritania\Science\Arguin - FieldWork Data Processing\Data\S2\S2B_MSIL2A_20260327T113319_N0512_R080_T28QCH_20260327T152639.SAFE,615,10054,6351,363515.0,2199495.0,0.21960000000000002,0.27290000000000003,0.3669,0.4873,0.5339,0.533,0.5498000000000001,0.5562,0.5521,0.5615,0.6476000000000001,0.5979
2026-03-27,Iwik,Sen2Cor,S2B_MSIL2A_20260327T113319_N0512_R080_T28QCH_20260327T152639.SAFE,C:\Users\Simon\Nextcloud\Project\Mauritania\Science\Arguin - FieldWork Data Processing\Data\S2\S2B_MSIL2A_20260327T113319_N0512_R080_T28QCH_20260327T152639.SAFE,616,10054,6352,363525.0,2199495.0,0.2185,0.27080000000000004,0.364,0.4802,0.5262,0.5274,0.5437000000000001,0.5513,0.5447000000000001,0.5615,0.6455000000000001,0.5968
2026-03-27,Iwik,Sen2Cor,S2B_MSIL2A_20260327T113319_N0512_R080_T28QCH_20260327T152639.SAFE,C:\Users\Simon\Nextcloud\Project\Mauritania\Science\Arguin - FieldWork Data Processing\Data\S2\S2B_MSIL2A_20260327T113319_N0512_R080_T28QCH_20260327T152639.SAFE,617,10054,6353,363535.0,2199495.0,0.2185,0.26980000000000004,0.36300000000000004,0.4822,0.5262,0.5274,0.5437000000000001,0.5498000000000001,0.5447000000000001,0.5615,0.6455000000000001,0.5968
2026-03-27,Iwik,Sen2Cor,S2B_MSIL2A_20260327T113319_N0512_R080_T28QCH_20260327T152639.SAFE,C:\Users\Simon\Nextcloud\Project\Mauritania\Science\Arguin - FieldWork Data Processing\Data\S2\S2B_MSIL2A_20260327T113319_N0512_R080_T28QCH_20260327T152639.SAFE,618,10054,6354,363545.0,2199495.0,0.2185,0.27290000000000003,0.364,0.48710000000000003,0.5369,0.5412,0.5507000000000001,0.5566,0.5547000000000001,0.5641,0.6529,0.6052000000000001
2026-03-27,Iwik,Sen2Cor,S2B_MSIL2A_20260327T113319_N0512_R080_T28QCH_20260327T152639.SAFE,C:\Users\Simon\Nextcloud\Project\Mauritania\Science\Arguin - FieldWork Data Processing\Data\S2\S2B_MSIL2A_20260327T113319_N0512_R080_T28QCH_20260327T152639.SAFE,619,10055,6333,363335.0,2199485.0,0.22610000000000002,0.2805,0.37570000000000003,0.49460000000000004,0.5428000000000001,0.5451,0.5647,0.5640000000000001,0.5633,0.5670000000000001,0.662,0.6212
2026-03-27,Iwik,Sen2Cor,S2B_MSIL2A_20260327T113319_N0512_R080_T28QCH_20260327T152639.SAFE,C:\Users\Simon\Nextcloud\Project\Mauritania\Science\Arguin - FieldWork Data Processing\Data\S2\S2B_MSIL2A_20260327T113319_N0512_R080_T28QCH_20260327T152639.SAFE,620,10055,6334,363345.0,2199485.0,0.2263,0.28300000000000003,0.376,0.49560000000000004,0.55,0.545,0.5665,0.5679000000000001,0.5655,0.5670000000000001,0.6557000000000001,0.6188
2026-03-27,Iwik,Sen2Cor,S2B_MSIL2A_20260327T113319_N0512_R080_T28QCH_20260327T152639.SAFE,C:\Users\Simon\Nextcloud\Project\Mauritania\Science\Arguin - FieldWork Data Processing\Data\S2\S2B_MSIL2A_20260327T113319_N0512_R080_T28QCH_20260327T152639.SAFE,621,10055,6335,363355.0,2199485.0,0.2263,0.2854,0.3755,0.5044000000000001,0.55,0.545,0.5665,0.5654,0.5655,0.5670000000000001,0.6557000000000001,0.6188
2026-03-27,Iwik,Sen2Cor,S2B_MSIL2A_20260327T113319_N0512_R080_T28QCH_20260327T152639.SAFE,C:\Users\Simon\Nextcloud\Project\Mauritania\Science\Arguin - FieldWork Data Processing\Data\S2\S2B_MSIL2A_20260327T113319_N0512_R080_T28QCH_20260327T152639.SAFE,622,10055,6336,363365.0,2199485.0,0.22760000000000002,0.28300000000000003,0.3801,0.5024000000000001,0.5461,0.543,0.5622,0.5684,0.5636,0.5709000000000001,0.6558,0.6208
2026-03-27,Iwik,Sen2Cor,S2B_MSIL2A_20260327T113319_N0512_R080_T28QCH_20260327T152639.SAFE,C:\Users\Simon\Nextcloud\Project\Mauritania\Science\Arguin - FieldWork Data Processing\Data\S2\S2B_MSIL2A_20260327T113319_N0512_R080_T28QCH_20260327T152639.SAFE,623,10055,6337,363375.0,2199485.0,0.22760000000000002,0.2854,0.3765,0.5024000000000001,0.5461,0.543,0.5622,0.5693,0.5636,0.5709000000000001,0.6558,0.6208
2026-03-27,Iwik,Sen2Cor,S2B_MSIL2A_20260327T113319_N0512_R080_T28QCH_20260327T152639.SAFE,C:\Users\Simon\Nextcloud\Project\Mauritania\Science\Arguin - FieldWork Data Processing\Data\S2\S2B_MSIL2A_20260327T113319_N0512_R080_T28QCH_20260327T152639.SAFE,624,10055,6338,363385.0,2199485.0,0.2283,0.27540000000000003,0.3704,0.48710000000000003,0.5465,0.542,0.5589000000000001,0.561,0.5638000000000001,0.5709000000000001,0.6566000000000001,0.6208
2026-03-27,Iwik,Sen2Cor,S2B_MSIL2A_20260327T113319_N0512_R080_T28QCH_20260327T152639.SAFE,C:\Users\Simon\Nextcloud\Project\Mauritania\Science\Arguin - FieldWork Data Processing\Data\S2\S2B_MSIL2A_20260327T113319_N0512_R080_T28QCH_20260327T152639.SAFE,625,10055,6339,363395.0,2199485.0,0.2283,0.2937,0.38530000000000003,0.5049,0.5465,0.542,0.5589000000000001,0.5713,0.5638000000000001,0.5709000000000001,0.6566000000000001,0.6208
2026-03-27,Iwik,Sen2Cor,S2B_MSIL2A_20260327T113319_N0512_R080_T28QCH_20260327T152639.SAFE,C:\Users\Simon\Nextcloud\Project\Mauritania\Science\Arguin - FieldWork Data Processing\Data\S2\S2B_MSIL2A_20260327T113319_N0512_R080_T28QCH_20260327T152639.SAFE,626,10055,6340,363405.0,2199485.0,0.2267,0.2886,0.38230000000000003,0.502,0.5447000000000001,0.5466,0.5633,0.5723,0.5652,0.5709000000000001,0.6563,0.6163000000000001
2026-03-27,Iwik,Sen2Cor,S2B_MSIL2A_20260327T113319_N0512_R080_T28QCH_20260327T152639.SAFE,C:\Users\Simon\Nextcloud\Project\Mauritania\Science\Arguin - FieldWork Data Processing\Data\S2\S2B_MSIL2A_20260327T113319_N0512_R080_T28QCH_20260327T152639.SAFE,627,10055,6341,363415.0,2199485.0,0.2267,0.2864,0.3794,0.49610000000000004,0.5447000000000001,0.5466,0.5633,0.5718,0.5652,0.5709000000000001,0.6563,0.6163000000000001
2026-03-27,Iwik,Sen2Cor,S2B_MSIL2A_20260327T113319_N0512_R080_T28QCH_20260327T152639.SAFE,C:\Users\Simon\Nextcloud\Project\Mauritania\Science\Arguin - FieldWork Data Processing\Data\S2\S2B_MSIL2A_20260327T113319_N0512_R080_T28QCH_20260327T152639.SAFE,628,10055,6342,363425.0,2199485.0,0.22440000000000002,0.2798,0.3774,0.499,0.5374,0.542,0.554,0.5664,0.562,0.5635,0.6509,0.6065
2026-03-27,Iwik,Sen2Cor,S2B_MSIL2A_20260327T113319_N0512_R080_T28QCH_20260327T152639.SAFE,C:\Users\Simon\Nextcloud\Project\Mauritania\Science\Arguin - FieldWork Data Processing\Data\S2\S2B_MSIL2A_20260327T113319_N0512_R080_T28QCH_20260327T152639.SAFE,629,10055,6343,363435.0,2199485.0,0.22440000000000002,0.2761,0.373,0.4958,0.5374,0.542,0.554,0.5654,0.562,0.5635,0.6509,0.6065
2026-03-27,Iwik,Sen2Cor,S2B_MSIL2A_20260327T113319_N0512_R080_T28QCH_20260327T152639.SAFE,C:\Users\Simon\Nextcloud\Project\Mauritania\Science\Arguin - FieldWork Data Processing\Data\S2\S2B_MSIL2A_20260327T113319_N0512_R080_T28QCH_20260327T152639.SAFE,630,10055,6344,363445.0,2199485.0,0.22240000000000001,0.269,0.3584,0.4844,0.54,0.5379,0.5533,0.5532,0.5558000000000001,0.5635,0.6487,0.5987
2026-03-27,Iwik,Sen2Cor,S2B_MSIL2A_20260327T113319_N0512_R080_T28QCH_20260327T152639.SAFE,C:\Users\Simon\Nextcloud\Project\Mauritania\Science\Arguin - FieldWork Data Processing\Data\S2\S2B_MSIL2A_20260327T113319_N0512_R080_T28QCH_20260327T152639.SAFE,631,10055,6345,363455.0,2199485.0,0.22240000000000001,0.2722,0.3643,0.48800000000000004,0.54,0.5379,0.5533,0.5562,0.5558000000000001,0.5635,0.6487,0.5987
2026-03-27,Iwik,Sen2Cor,S2B_MSIL2A_20260327T113319_N0512_R080_T28QCH_20260327T152639.SAFE,C:\Users\Simon\Nextcloud\Project\Mauritania\Science\Arguin - FieldWork Data Processing\Data\S2\S2B_MSIL2A_20260327T113319_N0512_R080_T28QCH_20260327T152639.SAFE,632,10055,6346,363465.0,2199485.0,0.22130000000000002,0.2859,0.3796,0.4993,0.5405,0.5374,0.5506,0.5659000000000001,0.5594,0.5635,0.6495000000000001,0.6023000000000001
2026-03-27,Iwik,Sen2Cor,S2B_MSIL2A_20260327T113319_N0512_R080_T28QCH_20260327T152639.SAFE,C:\Users\Simon\Nextcloud\Project\Mauritania\Science\Arguin - FieldWork Data Processing\Data\S2\S2B_MSIL2A_20260327T113319_N0512_R080_T28QCH_20260327T152639.SAFE,633,10055,6347,363475.0,2199485.0,0.22130000000000002,0.2876,0.3801,0.49510000000000004,0.5405,0.5374,0.5506,0.5654,0.5594,0.5635,0.6495000000000001,0.6023000000000001
2026-03-27,Iwik,Sen2Cor,S2B_MSIL2A_20260327T113319_N0512_R080_T28QCH_20260327T152639.SAFE,C:\Users\Simon\Nextcloud\Project\Mauritania\Science\Arguin - FieldWork Data Processing\Data\S2\S2B_MSIL2A_20260327T113319_N0512_R080_T28QCH_20260327T152639.SAFE,634,10055,6348,363485.0,2199485.0,0.2205,0.2886,0.37870000000000004,0.5015000000000001,0.5429,0.5373,0.5558000000000001,0.5669000000000001,0.558,0.5615,0.652,0.6007
2026-03-27,Iwik,Sen2Cor,S2B_MSIL2A_20260327T113319_N0512_R080_T28QCH_20260327T152639.SAFE,C:\Users\Simon\Nextcloud\Project\Mauritania\Science\Arguin - FieldWork Data Processing\Data\S2\S2B_MSIL2A_20260327T113319_N0512_R080_T28QCH_20260327T152639.SAFE,635,10055,6349,363495.0,2199485.0,0.2205,0.29100000000000004,0.3831,0.5049,0.5429,0.5373,0.5558000000000001,0.5664,0.558,0.5615,0.652,0.6007
2026-03-27,Iwik,Sen2Cor,S2B_MSIL2A_20260327T113319_N0512_R080_T28QCH_20260327T152639.SAFE,C:\Users\Simon\Nextcloud\Project\Mauritania\Science\Arguin - FieldWork Data Processing\Data\S2\S2B_MSIL2A_20260327T113319_N0512_R080_T28QCH_20260327T152639.SAFE,636,10055,6350,363505.0,2199485.0,0.21960000000000002,0.28340000000000004,0.37620000000000003,0.4958,0.5339,0.533,0.5498000000000001,0.5674,0.5521,0.5615,0.6476000000000001,0.5979
2026-03-27,Iwik,Sen2Cor,S2B_MSIL2A_20260327T113319_N0512_R080_T28QCH_20260327T152639.SAFE,C:\Users\Simon\Nextcloud\Project\Mauritania\Science\Arguin - FieldWork Data Processing\Data\S2\S2B_MSIL2A_20260327T113319_N0512_R080_T28QCH_20260327T152639.SAFE,637,10055,6351,363515.0,2199485.0,0.21960000000000002,0.2661,0.36060000000000003,0.4834,0.5339,0.533,0.5498000000000001,0.5532,0.5521,0.5615,0.6476000000000001,0.5979
2026-03-27,Iwik,Sen2Cor,S2B_MSIL2A_20260327T113319_N0512_R080_T28QCH_20260327T152639.SAFE,C:\Users\Simon\Nextcloud\Project\Mauritania\Science\Arguin - FieldWork Data Processing\Data\S2\S2B_MSIL2A_20260327T113319_N0512_R080_T28QCH_20260327T152639.SAFE,638,10055,6352,363525.0,2199485.0,0.2185,0.262,0.35960000000000003,0.47950000000000004,0.5262,0.5274,0.5437000000000001,0.5464,0.5447000000000001,0.5615,0.6455000000000001,0.5968
2026-03-27,Iwik,Sen2Cor,S2B_MSIL2A_20260327T113319_N0512_R080_T28QCH_20260327T152639.SAFE,C:\Users\Simon\Nextcloud\Project\Mauritania\Science\Arguin - FieldWork Data Processing\Data\S2\S2B_MSIL2A_20260327T113319_N0512_R080_T28QCH_20260327T152639.SAFE,639,10055,6353,363535.0,2199485.0,0.2185,0.2654,0.36110000000000003,0.4832,0.5262,0.5274,0.5437000000000001,0.5527000000000001,0.5447000000000001,0.5615,0.6455000000000001,0.5968
2026-03-27,Iwik,Sen2Cor,S2B_MSIL2A_20260327T113319_N0512_R080_T28QCH_20260327T152639.SAFE,C:\Users\Simon\Nextcloud\Project\Mauritania\Science\Arguin - FieldWork Data Processing\Data\S2\S2B_MSIL2A_20260327T113319_N0512_R080_T28QCH_20260327T152639.SAFE,640,10055,6354,363545.0,2199485.0,0.2185,0.2715,0.3645,0.4922,0.5369,0.5412,0.5507000000000001,0.561,0.5547000000000001,0.5641,0.6529,0.6052000000000001
2026-03-27,Iwik,Sen2Cor,S2B_MSIL2A_20260327T113319_N0512_R080_T28QCH_20260327T152639.SAFE,C:\Users\Simon\Nextcloud\Project\Mauritania\Science\Arguin - FieldWork Data Processing\Data\S2\S2B_MSIL2A_20260327T113319_N0512_R080_T28QCH_20260327T152639.SAFE,641,10056,6333,363335.0,2199475.0,0.22610000000000002,0.2751,0.3723,0.49710000000000004,0.5449,0.5468000000000001,0.5591,0.5674,0.5650000000000001,0.5736,0.6616000000000001,0.6232
2026-03-27,Iwik,Sen2Cor,S2B_MSIL2A_20260327T113319_N0512_R080_T28QCH_20260327T152639.SAFE,C:\Users\Simon\Nextcloud\Project\Mauritania\Science\Arguin - FieldWork Data Processing\Data\S2\S2B_MSIL2A_20260327T113319_N0512_R080_T28QCH_20260327T152639.SAFE,642,10056,6334,363345.0,2199475.0,0.2253,0.2737,0.3657,0.4922,0.5427000000000001,0.538,0.5533,0.561,0.5618000000000001,0.5736,0.6569,0.6205
2026-03-27,Iwik,Sen2Cor,S2B_MSIL2A_20260327T113319_N0512_R080_T28QCH_20260327T152639.SAFE,C:\Users\Simon\Nextcloud\Project\Mauritania\Science\Arguin - FieldWork Data Processing\Data\S2\S2B_MSIL2A_20260327T113319_N0512_R080_T28QCH_20260327T152639.SAFE,643,10056,6335,363355.0,2199475.0,0.2253,0.27440000000000003,0.3643,0.4888,0.5427000000000001,0.538,0.5533,0.5625,0.5618000000000001,0.5736,0.6569,0.6205
2026-03-27,Iwik,Sen2Cor,S2B_MSIL2A_20260327T113319_N0512_R080_T28QCH_20260327T152639.SAFE,C:\Users\Simon\Nextcloud\Project\Mauritania\Science\Arguin - FieldWork Data Processing\Data\S2\S2B_MSIL2A_20260327T113319_N0512_R080_T28QCH_20260327T152639.SAFE,644,10056,6336,363365.0,2199475.0,0.22540000000000002,0.26930000000000004,0.3655,0.48750000000000004,0.5386000000000001,0.5386000000000001,0.5546,0.5640000000000001,0.5603,0.5689000000000001,0.6556000000000001,0.6212
2026-03-27,Iwik,Sen2Cor,S2B_MSIL2A_20260327T113319_N0512_R080_T28QCH_20260327T152639.SAFE,C:\Users\Simon\Nextcloud\Project\Mauritania\Science\Arguin - FieldWork Data Processing\Data\S2\S2B_MSIL2A_20260327T113319_N0512_R080_T28QCH_20260327T152639.SAFE,645,10056,6337,363375.0,2199475.0,0.22540000000000002,0.2761,0.37060000000000004,0.4934,0.5386000000000001,0.5386000000000001,0.5546,0.5669000000000001,0.5603,0.5689000000000001,0.6556000000000001,0.6212
2026-03-27,Iwik,Sen2Cor,S2B_MSIL2A_20260327T113319_N0512_R080_T28QCH_20260327T152639.SAFE,C:\Users\Simon\Nextcloud\Project\Mauritania\Science\Arguin - FieldWork Data Processing\Data\S2\S2B_MSIL2A_20260327T113319_N0512_R080_T28QCH_20260327T152639.SAFE,646,10056,6338,363385.0,2199475.0,0.2255,0.27590000000000003,0.37260000000000004,0.4949,0.5445,0.5441,0.5589000000000001,0.5664,0.5650000000000001,0.5689000000000001,0.6557000000000001,0.6192000000000001
2026-03-27,Iwik,Sen2Cor,S2B_MSIL2A_20260327T113319_N0512_R080_T28QCH_20260327T152639.SAFE,C:\Users\Simon\Nextcloud\Project\Mauritania\Science\Arguin - FieldWork Data Processing\Data\S2\S2B_MSIL2A_20260327T113319_N0512_R080_T28QCH_20260327T152639.SAFE,647,10056,6339,363395.0,2199475.0,0.2255,0.2908,0.38480000000000003,0.5039,0.5445,0.5441,0.5589000000000001,0.5703,0.5650000000000001,0.5689000000000001,0.6557000000000001,0.6192000000000001
2026-03-27,Iwik,Sen2Cor,S2B_MSIL2A_20260327T113319_N0512_R080_T28QCH_20260327T152639.SAFE,C:\Users\Simon\Nextcloud\Project\Mauritania\Science\Arguin - FieldWork Data Processing\Data\S2\S2B_MSIL2A_20260327T113319_N0512_R080_T28QCH_20260327T152639.SAFE,648,10056,6340,363405.0,2199475.0,0.22390000000000002,0.2832,0.3794,0.4998,0.5411,0.5452,0.5615,0.5737,0.5622,0.5689000000000001,0.6532,0.6126
2026-03-27,Iwik,Sen2Cor,S2B_MSIL2A_20260327T113319_N0512_R080_T28QCH_20260327T152639.SAFE,C:\Users\Simon\Nextcloud\Project\Mauritania\Science\Arguin - FieldWork Data Processing\Data\S2\S2B_MSIL2A_20260327T113319_N0512_R080_T28QCH_20260327T152639.SAFE,649,10056,6341,363415.0,2199475.0,0.22390000000000002,0.2808,0.3743,0.4993,0.5411,0.5452,0.5615,0.5703,0.5622,0.5689000000000001,0.6532,0.6126
2026-03-27,Iwik,Sen2Cor,S2B_MSIL2A_20260327T113319_N0512_R080_T28QCH_20260327T152639.SAFE,C:\Users\Simon\Nextcloud\Project\Mauritania\Science\Arguin - FieldWork Data Processing\Data\S2\S2B_MSIL2A_20260327T113319_N0512_R080_T28QCH_20260327T152639.SAFE,650,10056,6342,363425.0,2199475.0,0.22240000000000001,0.2793,0.3735,0.4932,0.5375,0.5416000000000001,0.5535,0.5605,0.5542,0.5591,0.6483,0.6021000000000001
2026-03-27,Iwik,Sen2Cor,S2B_MSIL2A_20260327T113319_N0512_R080_T28QCH_20260327T152639.SAFE,C:\Users\Simon\Nextcloud\Project\Mauritania\Science\Arguin - FieldWork Data Processing\Data\S2\S2B_MSIL2A_20260327T113319_N0512_R080_T28QCH_20260327T152639.SAFE,651,10056,6343,363435.0,2199475.0,0.22240000000000001,0.2788,0.3733,0.49000000000000005,0.5375,0.5416000000000001,0.5535,0.5605,0.5542,0.5591,0.6483,0.6021000000000001
2026-03-27,Iwik,Sen2Cor,S2B_MSIL2A_20260327T113319_N0512_R080_T28QCH_20260327T152639.SAFE,C:\Users\Simon\Nextcloud\Project\Mauritania\Science\Arguin - FieldWork Data Processing\Data\S2\S2B_MSIL2A_20260327T113319_N0512_R080_T28QCH_20260327T152639.SAFE,652,10056,6344,363445.0,2199475.0,0.22080000000000002,0.27490000000000003,0.3662,0.48800000000000004,0.5343,0.5352,0.5501,0.5596,0.5534,0.5591,0.6474000000000001,0.5971000000000001
2026-03-27,Iwik,Sen2Cor,S2B_MSIL2A_20260327T113319_N0512_R080_T28QCH_20260327T152639.SAFE,C:\Users\Simon\Nextcloud\Project\Mauritania\Science\Arguin - FieldWork Data Processing\Data\S2\S2B_MSIL2A_20260327T113319_N0512_R080_T28QCH_20260327T152639.SAFE,653,10056,6345,363455.0,2199475.0,0.22080000000000002,0.2656,0.3623,0.4832,0.5343,0.5352,0.5501,0.5562,0.5534,0.5591,0.6474000000000001,0.5971000000000001
2026-03-27,Iwik,Sen2Cor,S2B_MSIL2A_20260327T113319_N0512_R080_T28QCH_20260327T152639.SAFE,C:\Users\Simon\Nextcloud\Project\Mauritania\Science\Arguin - FieldWork Data Processing\Data\S2\S2B_MSIL2A_20260327T113319_N0512_R080_T28QCH_20260327T152639.SAFE,654,10056,6346,363465.0,2199475.0,0.2195,0.2844,0.3779,0.4995,0.5402,0.5393,0.553,0.561,0.5569000000000001,0.5591,0.65,0.6025
2026-03-27,Iwik,Sen2Cor,S2B_MSIL2A_20260327T113319_N0512_R080_T28QCH_20260327T152639.SAFE,C:\Users\Simon\Nextcloud\Project\Mauritania\Science\Arguin - FieldWork Data Processing\Data\S2\S2B_MSIL2A_20260327T113319_N0512_R080_T28QCH_20260327T152639.SAFE,655,10056,6347,363475.0,2199475.0,0.2195,0.2878,0.3806,0.4998,0.5402,0.5393,0.553,0.5630000000000001,0.5569000000000001,0.5591,0.65,0.6025
2026-03-27,Iwik,Sen2Cor,S2B_MSIL2A_20260327T113319_N0512_R080_T28QCH_20260327T152639.SAFE,C:\Users\Simon\Nextcloud\Project\Mauritania\Science\Arguin - FieldWork Data Processing\Data\S2\S2B_MSIL2A_20260327T113319_N0512_R080_T28QCH_20260327T152639.SAFE,656,10056,6348,363485.0,2199475.0,0.2185,0.281,0.3745,0.49760000000000004,0.5401,0.5375,0.5521,0.5630000000000001,0.5526,0.5607,0.6497,0.6023000000000001
2026-03-27,Iwik,Sen2Cor,S2B_MSIL2A_20260327T113319_N0512_R080_T28QCH_20260327T152639.SAFE,C:\Users\Simon\Nextcloud\Project\Mauritania\Science\Arguin - FieldWork Data Processing\Data\S2\S2B_MSIL2A_20260327T113319_N0512_R080_T28QCH_20260327T152639.SAFE,657,10056,6349,363495.0,2199475.0,0.2185,0.2822,0.37520000000000003,0.49410000000000004,0.5401,0.5375,0.5521,0.5586,0.5526,0.5607,0.6497,0.6023000000000001
2026-03-27,Iwik,Sen2Cor,S2B_MSIL2A_20260327T113319_N0512_R080_T28QCH_20260327T152639.SAFE,C:\Users\Simon\Nextcloud\Project\Mauritania\Science\Arguin - FieldWork Data Processing\Data\S2\S2B_MSIL2A_20260327T113319_N0512_R080_T28QCH_20260327T152639.SAFE,658,10056,6350,363505.0,2199475.0,0.21760000000000002,0.27340000000000003,0.3657,0.4878,0.5307000000000001,0.5316000000000001,0.5463,0.5552,0.549,0.5607,0.6453,0.5961000000000001
2026-03-27,Iwik,Sen2Cor,S2B_MSIL2A_20260327T113319_N0512_R080_T28QCH_20260327T152639.SAFE,C:\Users\Simon\Nextcloud\Project\Mauritania\Science\Arguin - FieldWork Data Processing\Data\S2\S2B_MSIL2A_20260327T113319_N0512_R080_T28QCH_20260327T152639.SAFE,659,10056,6351,363515.0,2199475.0,0.21760000000000002,0.25830000000000003,0.3564,0.4753,0.5307000000000001,0.5316000000000001,0.5463,0.5483,0.549,0.5607,0.6453,0.5961000000000001
2026-03-27,Iwik,Sen2Cor,S2B_MSIL2A_20260327T113319_N0512_R080_T28QCH_20260327T152639.SAFE,C:\Users\Simon\Nextcloud\Project\Mauritania\Science\Arguin - FieldWork Data Processing\Data\S2\S2B_MSIL2A_20260327T113319_N0512_R080_T28QCH_20260327T152639.SAFE,660,10056,6352,363525.0,2199475.0,0.21680000000000002,0.259,0.35500000000000004,0.4773,0.5325,0.53,0.548,0.5479,0.5522,0.5607,0.6469,0.5974
2026-03-27,Iwik,Sen2Cor,S2B_MSIL2A_20260327T113319_N0512_R080_T28QCH_20260327T152639.SAFE,C:\Users\Simon\Nextcloud\Project\Mauritania\Science\Arguin - FieldWork Data Processing\Data\S2\S2B_MSIL2A_20260327T113319_N0512_R080_T28QCH_20260327T152639.SAFE,661,10056,6353,363535.0,2199475.0,0.21680000000000002,0.2666,0.3623,0.48800000000000004,0.5325,0.53,0.548,0.5581,0.5522,0.5607,0.6469,0.5974
2026-03-27,Iwik,Sen2Cor,S2B_MSIL2A_20260327T113319_N0512_R080_T28QCH_20260327T152639.SAFE,C:\Users\Simon\Nextcloud\Project\Mauritania\Science\Arguin - FieldWork Data Processing\Data\S2\S2B_MSIL2A_20260327T113319_N0512_R080_T28QCH_20260327T152639.SAFE,662,10056,6354,363545.0,2199475.0,0.2172,0.269,0.3655,0.4902,0.5405,0.5387000000000001,0.5549000000000001,0.5605,0.5535,0.5638000000000001,0.6542,0.6065
2026-03-27,Iwik,Sen2Cor,S2B_MSIL2A_20260327T113319_N0512_R080_T28QCH_20260327T152639.SAFE,C:\Users\Simon\Nextcloud\Project\Mauritania\Science\Arguin - FieldWork Data Processing\Data\S2\S2B_MSIL2A_20260327T113319_N0512_R080_T28QCH_20260327T152639.SAFE,663,10057,6332,363325.0,2199465.0,0.22610000000000002,0.2761,0.37260000000000004,0.5024000000000001,0.5449,0.5468000000000001,0.5591,0.5737,0.5650000000000001,0.5736,0.6616000000000001,0.6232
2026-03-27,Iwik,Sen2Cor,S2B_MSIL2A_20260327T113319_N0512_R080_T28QCH_20260327T152639.SAFE,C:\Users\Simon\Nextcloud\Project\Mauritania\Science\Arguin - FieldWork Data Processing\Data\S2\S2B_MSIL2A_20260327T113319_N0512_R080_T28QCH_20260327T152639.SAFE,664,10057,6333,363335.0,2199465.0,0.22610000000000002,0.2747,0.3723,0.4988,0.5449,0.5468000000000001,0.5591,0.5708,0.5650000000000001,0.5736,0.6616000000000001,0.6232
2026-03-27,Iwik,Sen2Cor,S2B_MSIL2A_20260327T113319_N0512_R080_T28QCH_20260327T152639.SAFE,C:\Users\Simon\Nextcloud\Project\Mauritania\Science\Arguin - FieldWork Data Processing\Data\S2\S2B_MSIL2A_20260327T113319_N0512_R080_T28QCH_20260327T152639.SAFE,665,10057,6334,363345.0,2199465.0,0.2253,0.2742,0.37210000000000004,0.4995,0.5427000000000001,0.538,0.5533,0.5688,0.5618000000000001,0.5736,0.6569,0.6205
2026-03-27,Iwik,Sen2Cor,S2B_MSIL2A_20260327T113319_N0512_R080_T28QCH_20260327T152639.SAFE,C:\Users\Simon\Nextcloud\Project\Mauritania\Science\Arguin - FieldWork Data Processing\Data\S2\S2B_MSIL2A_20260327T113319_N0512_R080_T28QCH_20260327T152639.SAFE,666,10057,6335,363355.0,2199465.0,0.2253,0.27440000000000003,0.3723,0.499,0.5427000000000001,0.538,0.5533,0.5762,0.5618000000000001,0.5736,0.6569,0.6205
2026-03-27,Iwik,Sen2Cor,S2B_MSIL2A_20260327T113319_N0512_R080_T28QCH_20260327T152639.SAFE,C:\Users\Simon\Nextcloud\Project\Mauritania\Science\Arguin - FieldWork Data Processing\Data\S2\S2B_MSIL2A_20260327T113319_N0512_R080_T28QCH_20260327T152639.SAFE,667,10057,6336,363365.0,2199465.0,0.22540000000000002,0.2654,0.3604,0.48800000000000004,0.5386000000000001,0.5386000000000001,0.5546,0.5605,0.5603,0.5689000000000001,0.6556000000000001,0.6212
2026-03-27,Iwik,Sen2Cor,S2B_MSIL2A_20260327T113319_N0512_R080_T28QCH_20260327T152639.SAFE,C:\Users\Simon\Nextcloud\Project\Mauritania\Science\Arguin - FieldWork Data Processing\Data\S2\S2B_MSIL2A_20260327T113319_N0512_R080_T28QCH_20260327T152639.SAFE,668,10057,6337,363375.0,2199465.0,0.22540000000000002,0.27,0.3679,0.4897,0.5386000000000001,0.5386000000000001,0.5546,0.5630000000000001,0.5603,0.5689000000000001,0.6556000000000001,0.6212
2026-03-27,Iwik,Sen2Cor,S2B_MSIL2A_20260327T113319_N0512_R080_T28QCH_20260327T152639.SAFE,C:\Users\Simon\Nextcloud\Project\Mauritania\Science\Arguin - FieldWork Data Processing\Data\S2\S2B_MSIL2A_20260327T113319_N0512_R080_T28QCH_20260327T152639.SAFE,669,10057,6338,363385.0,2199465.0,0.2255,0.2793,0.37210000000000004,0.4949,0.5445,0.5441,0.5589000000000001,0.5630000000000001,0.5650000000000001,0.5689000000000001,0.6557000000000001,0.6192000000000001
2026-03-27,Iwik,Sen2Cor,S2B_MSIL2A_20260327T113319_N0512_R080_T28QCH_20260327T152639.SAFE,C:\Users\Simon\Nextcloud\Project\Mauritania\Science\Arguin - FieldWork Data Processing\Data\S2\S2B_MSIL2A_20260327T113319_N0512_R080_T28QCH_20260327T152639.SAFE,670,10057,6339,363395.0,2199465.0,0.2255,0.29200000000000004,0.38530000000000003,0.5039,0.5445,0.5441,0.5589000000000001,0.5669000000000001,0.5650000000000001,0.5689000000000001,0.6557000000000001,0.6192000000000001
2026-03-27,Iwik,Sen2Cor,S2B_MSIL2A_20260327T113319_N0512_R080_T28QCH_20260327T152639.SAFE,C:\Users\Simon\Nextcloud\Project\Mauritania\Science\Arguin - FieldWork Data Processing\Data\S2\S2B_MSIL2A_20260327T113319_N0512_R080_T28QCH_20260327T152639.SAFE,671,10057,6340,363405.0,2199465.0,0.22390000000000002,0.2847,0.37820000000000004,0.501,0.5411,0.5452,0.5615,0.5693,0.5622,0.5689000000000001,0.6532,0.6126
2026-03-27,Iwik,Sen2Cor,S2B_MSIL2A_20260327T113319_N0512_R080_T28QCH_20260327T152639.SAFE,C:\Users\Simon\Nextcloud\Project\Mauritania\Science\Arguin - FieldWork Data Processing\Data\S2\S2B_MSIL2A_20260327T113319_N0512_R080_T28QCH_20260327T152639.SAFE,672,10057,6341,363415.0,2199465.0,0.22390000000000002,0.2725,0.37060000000000004,0.4922,0.5411,0.5452,0.5615,0.5659000000000001,0.5622,0.5689000000000001,0.6532,0.6126
2026-03-27,Iwik,Sen2Cor,S2B_MSIL2A_20260327T113319_N0512_R080_T28QCH_20260327T152639.SAFE,C:\Users\Simon\Nextcloud\Project\Mauritania\Science\Arguin - FieldWork Data Processing\Data\S2\S2B_MSIL2A_20260327T113319_N0512_R080_T28QCH_20260327T152639.SAFE,673,10057,6342,363425.0,2199465.0,0.22240000000000001,0.28250000000000003,0.37770000000000004,0.49610000000000004,0.5375,0.5416000000000001,0.5535,0.5649000000000001,0.5542,0.5591,0.6483,0.6021000000000001
2026-03-27,Iwik,Sen2Cor,S2B_MSIL2A_20260327T113319_N0512_R080_T28QCH_20260327T152639.SAFE,C:\Users\Simon\Nextcloud\Project\Mauritania\Science\Arguin - FieldWork Data Processing\Data\S2\S2B_MSIL2A_20260327T113319_N0512_R080_T28QCH_20260327T152639.SAFE,674,10057,6343,363435.0,2199465.0,0.22240000000000001,0.2793,0.37920000000000004,0.4985,0.5375,0.5416000000000001,0.5535,0.5669000000000001,0.5542,0.5591,0.6483,0.6021000000000001
2026-03-27,Iwik,Sen2Cor,S2B_MSIL2A_20260327T113319_N0512_R080_T28QCH_20260327T152639.SAFE,C:\Users\Simon\Nextcloud\Project\Mauritania\Science\Arguin - FieldWork Data Processing\Data\S2\S2B_MSIL2A_20260327T113319_N0512_R080_T28QCH_20260327T152639.SAFE,675,10057,6344,363445.0,2199465.0,0.22080000000000002,0.28300000000000003,0.3765,0.4954,0.5343,0.5352,0.5501,0.5640000000000001,0.5534,0.5591,0.6474000000000001,0.5971000000000001
2026-03-27,Iwik,Sen2Cor,S2B_MSIL2A_20260327T113319_N0512_R080_T28QCH_20260327T152639.SAFE,C:\Users\Simon\Nextcloud\Project\Mauritania\Science\Arguin - FieldWork Data Processing\Data\S2\S2B_MSIL2A_20260327T113319_N0512_R080_T28QCH_20260327T152639.SAFE,676,10057,6345,363455.0,2199465.0,0.22080000000000002,0.2664,0.3647,0.48140000000000005,0.5343,0.5352,0.5501,0.5537000000000001,0.5534,0.5591,0.6474000000000001,0.5971000000000001
2026-03-27,Iwik,Sen2Cor,S2B_MSIL2A_20260327T113319_N0512_R080_T28QCH_20260327T152639.SAFE,C:\Users\Simon\Nextcloud\Project\Mauritania\Science\Arguin - FieldWork Data Processing\Data\S2\S2B_MSIL2A_20260327T113319_N0512_R080_T28QCH_20260327T152639.SAFE,677,10057,6346,363465.0,2199465.0,0.2195,0.2766,0.3694,0.4907,0.5402,0.5393,0.553,0.5562,0.5569000000000001,0.5591,0.65,0.6025
2026-03-27,Iwik,Sen2Cor,S2B_MSIL2A_20260327T113319_N0512_R080_T28QCH_20260327T152639.SAFE,C:\Users\Simon\Nextcloud\Project\Mauritania\Science\Arguin - FieldWork Data Processing\Data\S2\S2B_MSIL2A_20260327T113319_N0512_R080_T28QCH_20260327T152639.SAFE,678,10057,6347,363475.0,2199465.0,0.2195,0.2803,0.3743,0.49460000000000004,0.5402,0.5393,0.553,0.561,0.5569000000000001,0.5591,0.65,0.6025
2026-03-27,Iwik,Sen2Cor,S2B_MSIL2A_20260327T113319_N0512_R080_T28QCH_20260327T152639.SAFE,C:\Users\Simon\Nextcloud\Project\Mauritania\Science\Arguin - FieldWork Data Processing\Data\S2\S2B_MSIL2A_20260327T113319_N0512_R080_T28QCH_20260327T152639.SAFE,679,10057,6348,363485.0,2199465.0,0.2185,0.2791,0.3699,0.4922,0.5401,0.5375,0.5521,0.5601,0.5526,0.5607,0.6497,0.6023000000000001
2026-03-27,Iwik,Sen2Cor,S2B_MSIL2A_20260327T113319_N0512_R080_T28QCH_20260327T152639.SAFE,C:\Users\Simon\Nextcloud\Project\Mauritania\Science\Arguin - FieldWork Data Processing\Data\S2\S2B_MSIL2A_20260327T113319_N0512_R080_T28QCH_20260327T152639.SAFE,680,10057,6349,363495.0,2199465.0,0.2185,0.2832,0.3689,0.4883,0.5401,0.5375,0.5521,0.5601,0.5526,0.5607,0.6497,0.6023000000000001
2026-03-27,Iwik,Sen2Cor,S2B_MSIL2A_20260327T113319_N0512_R080_T28QCH_20260327T152639.SAFE,C:\Users\Simon\Nextcloud\Project\Mauritania\Science\Arguin - FieldWork Data Processing\Data\S2\S2B_MSIL2A_20260327T113319_N0512_R080_T28QCH_20260327T152639.SAFE,681,10057,6350,363505.0,2199465.0,0.21760000000000002,0.2712,0.3635,0.4849,0.5307000000000001,0.5316000000000001,0.5463,0.5508000000000001,0.549,0.5607,0.6453,0.5961000000000001
2026-03-27,Iwik,Sen2Cor,S2B_MSIL2A_20260327T113319_N0512_R080_T28QCH_20260327T152639.SAFE,C:\Users\Simon\Nextcloud\Project\Mauritania\Science\Arguin - FieldWork Data Processing\Data\S2\S2B_MSIL2A_20260327T113319_N0512_R080_T28QCH_20260327T152639.SAFE,682,10057,6351,363515.0,2199465.0,0.21760000000000002,0.259,0.3582,0.4766,0.5307000000000001,0.5316000000000001,0.5463,0.5503,0.549,0.5607,0.6453,0.5961000000000001
2026-03-27,Iwik,Sen2Cor,S2B_MSIL2A_20260327T113319_N0512_R080_T28QCH_20260327T152639.SAFE,C:\Users\Simon\Nextcloud\Project\Mauritania\Science\Arguin - FieldWork Data Processing\Data\S2\S2B_MSIL2A_20260327T113319_N0512_R080_T28QCH_20260327T152639.SAFE,683,10057,6352,363525.0,2199465.0,0.21680000000000002,0.2625,0.3579,0.4834,0.5325,0.53,0.548,0.5586,0.5522,0.5607,0.6469,0.5974
2026-03-27,Iwik,Sen2Cor,S2B_MSIL2A_20260327T113319_N0512_R080_T28QCH_20260327T152639.SAFE,C:\Users\Simon\Nextcloud\Project\Mauritania\Science\Arguin - FieldWork Data Processing\Data\S2\S2B_MSIL2A_20260327T113319_N0512_R080_T28QCH_20260327T152639.SAFE,684,10057,6353,363535.0,2199465.0,0.21680000000000002,0.26980000000000004,0.36250000000000004,0.49150000000000005,0.5325,0.53,0.548,0.5615,0.5522,0.5607,0.6469,0.5974
2026-03-27,Iwik,Sen2Cor,S2B_MSIL2A_20260327T113319_N0512_R080_T28QCH_20260327T152639.SAFE,C:\Users\Simon\Nextcloud\Project\Mauritania\Science\Arguin - FieldWork Data Processing\Data\S2\S2B_MSIL2A_20260327T113319_N0512_R080_T28QCH_20260327T152639.SAFE,685,10058,6332,363325.0,2199455.0,0.2257,0.2795,0.37920000000000004,0.5059,0.5521,0.5522,0.5697,0.5776,0.5651,0.5736,0.6649,0.6276
2026-03-27,Iwik,Sen2Cor,S2B_MSIL2A_20260327T113319_N0512_R080_T28QCH_20260327T152639.SAFE,C:\Users\Simon\Nextcloud\Project\Mauritania\Science\Arguin - FieldWork Data Processing\Data\S2\S2B_MSIL2A_20260327T113319_N0512_R080_T28QCH_20260327T152639.SAFE,686,10058,6333,363335.0,2199455.0,0.2257,0.27690000000000003,0.37820000000000004,0.5049,0.5521,0.5522,0.5697,0.5781000000000001,0.5651,0.5736,0.6649,0.6276
2026-03-27,Iwik,Sen2Cor,S2B_MSIL2A_20260327T113319_N0512_R080_T28QCH_20260327T152639.SAFE,C:\Users\Simon\Nextcloud\Project\Mauritania\Science\Arguin - FieldWork Data Processing\Data\S2\S2B_MSIL2A_20260327T113319_N0512_R080_T28QCH_20260327T152639.SAFE,687,10058,6334,363345.0,2199455.0,0.22540000000000002,0.27590000000000003,0.3728,0.5015000000000001,0.5494,0.5474,0.5649000000000001,0.5718,0.5654,0.5736,0.6628000000000001,0.6277
2026-03-27,Iwik,Sen2Cor,S2B_MSIL2A_20260327T113319_N0512_R080_T28QCH_20260327T152639.SAFE,C:\Users\Simon\Nextcloud\Project\Mauritania\Science\Arguin - FieldWork Data Processing\Data\S2\S2B_MSIL2A_20260327T113319_N0512_R080_T28QCH_20260327T152639.SAFE,688,10058,6335,363355.0,2199455.0,0.22540000000000002,0.27440000000000003,0.3743,0.4985,0.5494,0.5474,0.5649000000000001,0.5703,0.5654,0.5736,0.6628000000000001,0.6277
2026-03-27,Iwik,Sen2Cor,S2B_MSIL2A_20260327T113319_N0512_R080_T28QCH_20260327T152639.SAFE,C:\Users\Simon\Nextcloud\Project\Mauritania\Science\Arguin - FieldWork Data Processing\Data\S2\S2B_MSIL2A_20260327T113319_N0512_R080_T28QCH_20260327T152639.SAFE,689,10058,6336,363365.0,2199455.0,0.22360000000000002,0.26980000000000004,0.3679,0.49410000000000004,0.5444,0.5446,0.5627,0.5679000000000001,0.5607,0.5689000000000001,0.6602,0.6255000000000001
2026-03-27,Iwik,Sen2Cor,S2B_MSIL2A_20260327T113319_N0512_R080_T28QCH_20260327T152639.SAFE,C:\Users\Simon\Nextcloud\Project\Mauritania\Science\Arguin - FieldWork Data Processing\Data\S2\S2B_MSIL2A_20260327T113319_N0512_R080_T28QCH_20260327T152639.SAFE,690,10058,6337,363375.0,2199455.0,0.22360000000000002,0.2776,0.3735,0.4995,0.5444,0.5446,0.5627,0.5693,0.5607,0.5689000000000001,0.6602,0.6255000000000001
2026-03-27,Iwik,Sen2Cor,S2B_MSIL2A_20260327T113319_N0512_R080_T28QCH_20260327T152639.SAFE,C:\Users\Simon\Nextcloud\Project\Mauritania\Science\Arguin - FieldWork Data Processing\Data\S2\S2B_MSIL2A_20260327T113319_N0512_R080_T28QCH_20260327T152639.SAFE,691,10058,6338,363385.0,2199455.0,0.2228,0.28390000000000004,0.37060000000000004,0.4949,0.5477000000000001,0.5467000000000001,0.5598000000000001,0.5669000000000001,0.5635,0.5689000000000001,0.6579,0.6195
2026-03-27,Iwik,Sen2Cor,S2B_MSIL2A_20260327T113319_N0512_R080_T28QCH_20260327T152639.SAFE,C:\Users\Simon\Nextcloud\Project\Mauritania\Science\Arguin - FieldWork Data Processing\Data\S2\S2B_MSIL2A_20260327T113319_N0512_R080_T28QCH_20260327T152639.SAFE,692,10058,6339,363395.0,2199455.0,0.2228,0.2861,0.38280000000000003,0.5,0.5477000000000001,0.5467000000000001,0.5598000000000001,0.5713,0.5635,0.5689000000000001,0.6579,0.6195
2026-03-27,Iwik,Sen2Cor,S2B_MSIL2A_20260327T113319_N0512_R080_T28QCH_20260327T152639.SAFE,C:\Users\Simon\Nextcloud\Project\Mauritania\Science\Arguin - FieldWork Data Processing\Data\S2\S2B_MSIL2A_20260327T113319_N0512_R080_T28QCH_20260327T152639.SAFE,693,10058,6340,363405.0,2199455.0,0.2215,0.2788,0.3765,0.501,0.539,0.5385,0.5541,0.5640000000000001,0.5619000000000001,0.5689000000000001,0.6529,0.6098
2026-03-27,Iwik,Sen2Cor,S2B_MSIL2A_20260327T113319_N0512_R080_T28QCH_20260327T152639.SAFE,C:\Users\Simon\Nextcloud\Project\Mauritania\Science\Arguin - FieldWork Data Processing\Data\S2\S2B_MSIL2A_20260327T113319_N0512_R080_T28QCH_20260327T152639.SAFE,694,10058,6341,363415.0,2199455.0,0.2215,0.2737,0.37160000000000004,0.4932,0.539,0.5385,0.5541,0.5625,0.5619000000000001,0.5689000000000001,0.6529,0.6098
2026-03-27,Iwik,Sen2Cor,S2B_MSIL2A_20260327T113319_N0512_R080_T28QCH_20260327T152639.SAFE,C:\Users\Simon\Nextcloud\Project\Mauritania\Science\Arguin - FieldWork Data Processing\Data\S2\S2B_MSIL2A_20260327T113319_N0512_R080_T28QCH_20260327T152639.SAFE,695,10058,6342,363425.0,2199455.0,0.2204,0.2844,0.3774,0.49660000000000004,0.5463,0.5412,0.5598000000000001,0.5693,0.5597,0.5591,0.6495000000000001,0.5988
2026-03-27,Iwik,Sen2Cor,S2B_MSIL2A_20260327T113319_N0512_R080_T28QCH_20260327T152639.SAFE,C:\Users\Simon\Nextcloud\Project\Mauritania\Science\Arguin - FieldWork Data Processing\Data\S2\S2B_MSIL2A_20260327T113319_N0512_R080_T28QCH_20260327T152639.SAFE,696,10058,6343,363435.0,2199455.0,0.2204,0.2817,0.3779,0.4993,0.5463,0.5412,0.5598000000000001,0.5698,0.5597,0.5591,0.6495000000000001,0.5988
2026-03-27,Iwik,Sen2Cor,S2B_MSIL2A_20260327T113319_N0512_R080_T28QCH_20260327T152639.SAFE,C:\Users\Simon\Nextcloud\Project\Mauritania\Science\Arguin - FieldWork Data Processing\Data\S2\S2B_MSIL2A_20260327T113319_N0512_R080_T28QCH_20260327T152639.SAFE,697,10058,6344,363445.0,2199455.0,0.21930000000000002,0.28250000000000003,0.37570000000000003,0.49560000000000004,0.5351,0.5334,0.5501,0.5669000000000001,0.5529000000000001,0.5591,0.6459,0.5956
2026-03-27,Iwik,Sen2Cor,S2B_MSIL2A_20260327T113319_N0512_R080_T28QCH_20260327T152639.SAFE,C:\Users\Simon\Nextcloud\Project\Mauritania\Science\Arguin - FieldWork Data Processing\Data\S2\S2B_MSIL2A_20260327T113319_N0512_R080_T28QCH_20260327T152639.SAFE,698,10058,6345,363455.0,2199455.0,0.21930000000000002,0.271,0.3655,0.4829,0.5351,0.5334,0.5501,0.5557,0.5529000000000001,0.5591,0.6459,0.5956
2026-03-27,Iwik,Sen2Cor,S2B_MSIL2A_20260327T113319_N0512_R080_T28QCH_20260327T152639.SAFE,C:\Users\Simon\Nextcloud\Project\Mauritania\Science\Arguin - FieldWork Data Processing\Data\S2\S2B_MSIL2A_20260327T113319_N0512_R080_T28QCH_20260327T152639.SAFE,699,10058,6346,363465.0,2199455.0,0.2182,0.26980000000000004,0.3667,0.4849,0.5337000000000001,0.5338,0.5492,0.5542,0.5519000000000001,0.5591,0.6469,0.6016
2026-03-27,Iwik,Sen2Cor,S2B_MSIL2A_20260327T113319_N0512_R080_T28QCH_20260327T152639.SAFE,C:\Users\Simon\Nextcloud\Project\Mauritania\Science\Arguin - FieldWork Data Processing\Data\S2\S2B_MSIL2A_20260327T113319_N0512_R080_T28QCH_20260327T152639.SAFE,700,10058,6347,363475.0,2199455.0,0.2182,0.28200000000000003,0.3779,0.4995,0.5337000000000001,0.5338,0.5492,0.5645,0.5519000000000001,0.5591,0.6469,0.6016
2026-03-27,Iwik,Sen2Cor,S2B_MSIL2A_20260327T113319_N0512_R080_T28QCH_20260327T152639.SAFE,C:\Users\Simon\Nextcloud\Project\Mauritania\Science\Arguin - FieldWork Data Processing\Data\S2\S2B_MSIL2A_20260327T113319_N0512_R080_T28QCH_20260327T152639.SAFE,701,10058,6348,363485.0,2199455.0,0.21710000000000002,0.2773,0.3733,0.49710000000000004,0.5373,0.5361,0.5517000000000001,0.5625,0.5511,0.5607,0.6483,0.6022000000000001
2026-03-27,Iwik,Sen2Cor,S2B_MSIL2A_20260327T113319_N0512_R080_T28QCH_20260327T152639.SAFE,C:\Users\Simon\Nextcloud\Project\Mauritania\Science\Arguin - FieldWork Data Processing\Data\S2\S2B_MSIL2A_20260327T113319_N0512_R080_T28QCH_20260327T152639.SAFE,702,10058,6349,363495.0,2199455.0,0.21710000000000002,0.2751,0.3687,0.48850000000000005,0.5373,0.5361,0.5517000000000001,0.561,0.5511,0.5607,0.6483,0.6022000000000001
2026-03-27,Iwik,Sen2Cor,S2B_MSIL2A_20260327T113319_N0512_R080_T28QCH_20260327T152639.SAFE,C:\Users\Simon\Nextcloud\Project\Mauritania\Science\Arguin - FieldWork Data Processing\Data\S2\S2B_MSIL2A_20260327T113319_N0512_R080_T28QCH_20260327T152639.SAFE,703,10058,6350,363505.0,2199455.0,0.21630000000000002,0.2715,0.3638,0.48510000000000003,0.5378000000000001,0.5373,0.553,0.5532,0.5589000000000001,0.5607,0.6492,0.599
2026-03-27,Iwik,Sen2Cor,S2B_MSIL2A_20260327T113319_N0512_R080_T28QCH_20260327T152639.SAFE,C:\Users\Simon\Nextcloud\Project\Mauritania\Science\Arguin - FieldWork Data Processing\Data\S2\S2B_MSIL2A_20260327T113319_N0512_R080_T28QCH_20260327T152639.SAFE,704,10058,6351,363515.0,2199455.0,0.21630000000000002,0.2715,0.3704,0.4922,0.5378000000000001,0.5373,0.553,0.562,0.5589000000000001,0.5607,0.6492,0.599
2026-03-27,Iwik,Sen2Cor,S2B_MSIL2A_20260327T113319_N0512_R080_T28QCH_20260327T152639.SAFE,C:\Users\Simon\Nextcloud\Project\Mauritania\Science\Arguin - FieldWork Data Processing\Data\S2\S2B_MSIL2A_20260327T113319_N0512_R080_T28QCH_20260327T152639.SAFE,705,10058,6352,363525.0,2199455.0,0.2167,0.2717,0.3738,0.502,0.5374,0.5403,0.5561,0.5654,0.5612,0.5607,0.6521,0.6021000000000001
2026-03-27,Iwik,Sen2Cor,S2B_MSIL2A_20260327T113319_N0512_R080_T28QCH_20260327T152639.SAFE,C:\Users\Simon\Nextcloud\Project\Mauritania\Science\Arguin - FieldWork Data Processing\Data\S2\S2B_MSIL2A_20260327T113319_N0512_R080_T28QCH_20260327T152639.SAFE,706,10059,6334,363345.0,2199445.0,0.22540000000000002,0.2803,0.37570000000000003,0.5049,0.5494,0.5474,0.5649000000000001,0.5801000000000001,0.5654,0.5736,0.6628000000000001,0.6277
2026-03-27,Iwik,Sen2Cor,S2B_MSIL2A_20260327T113319_N0512_R080_T28QCH_20260327T152639.SAFE,C:\Users\Simon\Nextcloud\Project\Mauritania\Science\Arguin - FieldWork Data Processing\Data\S2\S2B_MSIL2A_20260327T113319_N0512_R080_T28QCH_20260327T152639.SAFE,707,10059,6335,363355.0,2199445.0,0.22540000000000002,0.27690000000000003,0.3779,0.5049,0.5494,0.5474,0.5649000000000001,0.5718,0.5654,0.5736,0.6628000000000001,0.6277
2026-03-27,Iwik,Sen2Cor,S2B_MSIL2A_20260327T113319_N0512_R080_T28QCH_20260327T152639.SAFE,C:\Users\Simon\Nextcloud\Project\Mauritania\Science\Arguin - FieldWork Data Processing\Data\S2\S2B_MSIL2A_20260327T113319_N0512_R080_T28QCH_20260327T152639.SAFE,708,10059,6336,363365.0,2199445.0,0.22360000000000002,0.27340000000000003,0.3745,0.5039,0.5444,0.5446,0.5627,0.5737,0.5607,0.5689000000000001,0.6602,0.6255000000000001
2026-03-27,Iwik,Sen2Cor,S2B_MSIL2A_20260327T113319_N0512_R080_T28QCH_20260327T152639.SAFE,C:\Users\Simon\Nextcloud\Project\Mauritania\Science\Arguin - FieldWork Data Processing\Data\S2\S2B_MSIL2A_20260327T113319_N0512_R080_T28QCH_20260327T152639.SAFE,709,10059,6337,363375.0,2199445.0,0.22360000000000002,0.2756,0.3728,0.5015000000000001,0.5444,0.5446,0.5627,0.5708,0.5607,0.5689000000000001,0.6602,0.6255000000000001
2026-03-27,Iwik,Sen2Cor,S2B_MSIL2A_20260327T113319_N0512_R080_T28QCH_20260327T152639.SAFE,C:\Users\Simon\Nextcloud\Project\Mauritania\Science\Arguin - FieldWork Data Processing\Data\S2\S2B_MSIL2A_20260327T113319_N0512_R080_T28QCH_20260327T152639.SAFE,710,10059,6338,363385.0,2199445.0,0.2228,0.28200000000000003,0.3784,0.502,0.5477000000000001,0.5467000000000001,0.5598000000000001,0.5684,0.5635,0.5689000000000001,0.6579,0.6195
2026-03-27,Iwik,Sen2Cor,S2B_MSIL2A_20260327T113319_N0512_R080_T28QCH_20260327T152639.SAFE,C:\Users\Simon\Nextcloud\Project\Mauritania\Science\Arguin - FieldWork Data Processing\Data\S2\S2B_MSIL2A_20260327T113319_N0512_R080_T28QCH_20260327T152639.SAFE,711,10059,6339,363395.0,2199445.0,0.2228,0.2805,0.37820000000000004,0.4968,0.5477000000000001,0.5467000000000001,0.5598000000000001,0.5669000000000001,0.5635,0.5689000000000001,0.6579,0.6195
2026-03-27,Iwik,Sen2Cor,S2B_MSIL2A_20260327T113319_N0512_R080_T28QCH_20260327T152639.SAFE,C:\Users\Simon\Nextcloud\Project\Mauritania\Science\Arguin - FieldWork Data Processing\Data\S2\S2B_MSIL2A_20260327T113319_N0512_R080_T28QCH_20260327T152639.SAFE,712,10059,6340,363405.0,2199445.0,0.2215,0.2737,0.3694,0.4919,0.539,0.5385,0.5541,0.5605,0.5619000000000001,0.5689000000000001,0.6529,0.6098
2026-03-27,Iwik,Sen2Cor,S2B_MSIL2A_20260327T113319_N0512_R080_T28QCH_20260327T152639.SAFE,C:\Users\Simon\Nextcloud\Project\Mauritania\Science\Arguin - FieldWork Data Processing\Data\S2\S2B_MSIL2A_20260327T113319_N0512_R080_T28QCH_20260327T152639.SAFE,713,10059,6341,363415.0,2199445.0,0.2215,0.2715,0.3657,0.4919,0.539,0.5385,0.5541,0.561,0.5619000000000001,0.5689000000000001,0.6529,0.6098
2026-03-27,Iwik,Sen2Cor,S2B_MSIL2A_20260327T113319_N0512_R080_T28QCH_20260327T152639.SAFE,C:\Users\Simon\Nextcloud\Project\Mauritania\Science\Arguin - FieldWork Data Processing\Data\S2\S2B_MSIL2A_20260327T113319_N0512_R080_T28QCH_20260327T152639.SAFE,714,10059,6342,363425.0,2199445.0,0.2204,0.2761,0.3679,0.49460000000000004,0.5463,0.5412,0.5598000000000001,0.5601,0.5597,0.5591,0.6495000000000001,0.5988
2026-03-27,Iwik,Sen2Cor,S2B_MSIL2A_20260327T113319_N0512_R080_T28QCH_20260327T152639.SAFE,C:\Users\Simon\Nextcloud\Project\Mauritania\Science\Arguin - FieldWork Data Processing\Data\S2\S2B_MSIL2A_20260327T113319_N0512_R080_T28QCH_20260327T152639.SAFE,715,10059,6343,363435.0,2199445.0,0.2204,0.28300000000000003,0.37770000000000004,0.499,0.5463,0.5412,0.5598000000000001,0.5674,0.5597,0.5591,0.6495000000000001,0.5988
2026-03-27,Iwik,Sen2Cor,S2B_MSIL2A_20260327T113319_N0512_R080_T28QCH_20260327T152639.SAFE,C:\Users\Simon\Nextcloud\Project\Mauritania\Science\Arguin - FieldWork Data Processing\Data\S2\S2B_MSIL2A_20260327T113319_N0512_R080_T28QCH_20260327T152639.SAFE,716,10059,6344,363445.0,2199445.0,0.21930000000000002,0.2808,0.37060000000000004,0.49460000000000004,0.5351,0.5334,0.5501,0.562,0.5529000000000001,0.5591,0.6459,0.5956
2026-03-27,Iwik,Sen2Cor,S2B_MSIL2A_20260327T113319_N0512_R080_T28QCH_20260327T152639.SAFE,C:\Users\Simon\Nextcloud\Project\Mauritania\Science\Arguin - FieldWork Data Processing\Data\S2\S2B_MSIL2A_20260327T113319_N0512_R080_T28QCH_20260327T152639.SAFE,717,10059,6345,363455.0,2199445.0,0.21930000000000002,0.2695,0.3645,0.48410000000000003,0.5351,0.5334,0.5501,0.5542,0.5529000000000001,0.5591,0.6459,0.5956
2026-03-27,Iwik,Sen2Cor,S2B_MSIL2A_20260327T113319_N0512_R080_T28QCH_20260327T152639.SAFE,C:\Users\Simon\Nextcloud\Project\Mauritania\Science\Arguin - FieldWork Data Processing\Data\S2\S2B_MSIL2A_20260327T113319_N0512_R080_T28QCH_20260327T152639.SAFE,718,10059,6346,363465.0,2199445.0,0.2182,0.2649,0.36210000000000003,0.4812,0.5337000000000001,0.5338,0.5492,0.5522,0.5519000000000001,0.5591,0.6469,0.6016
2026-03-27,Iwik,Sen2Cor,S2B_MSIL2A_20260327T113319_N0512_R080_T28QCH_20260327T152639.SAFE,C:\Users\Simon\Nextcloud\Project\Mauritania\Science\Arguin - FieldWork Data Processing\Data\S2\S2B_MSIL2A_20260327T113319_N0512_R080_T28QCH_20260327T152639.SAFE,719,10059,6347,363475.0,2199445.0,0.2182,0.27690000000000003,0.3677,0.4939,0.5337000000000001,0.5338,0.5492,0.562,0.5519000000000001,0.5591,0.6469,0.6016
2026-03-27,Iwik,Sen2Cor,S2B_MSIL2A_20260327T113319_N0512_R080_T28QCH_20260327T152639.SAFE,C:\Users\Simon\Nextcloud\Project\Mauritania\Science\Arguin - FieldWork Data Processing\Data\S2\S2B_MSIL2A_20260327T113319_N0512_R080_T28QCH_20260327T152639.SAFE,720,10059,6348,363485.0,2199445.0,0.21710000000000002,0.27690000000000003,0.375,0.4973,0.5373,0.5361,0.5517000000000001,0.5659000000000001,0.5511,0.5607,0.6483,0.6022000000000001
2026-03-27,Iwik,Sen2Cor,S2B_MSIL2A_20260327T113319_N0512_R080_T28QCH_20260327T152639.SAFE,C:\Users\Simon\Nextcloud\Project\Mauritania\Science\Arguin - FieldWork Data Processing\Data\S2\S2B_MSIL2A_20260327T113319_N0512_R080_T28QCH_20260327T152639.SAFE,721,10059,6349,363495.0,2199445.0,0.21710000000000002,0.2783,0.3738,0.49510000000000004,0.5373,0.5361,0.5517000000000001,0.5615,0.5511,0.5607,0.6483,0.6022000000000001
2026-03-27,Iwik,Sen2Cor,S2B_MSIL2A_20260327T113319_N0512_R080_T28QCH_20260327T152639.SAFE,C:\Users\Simon\Nextcloud\Project\Mauritania\Science\Arguin - FieldWork Data Processing\Data\S2\S2B_MSIL2A_20260327T113319_N0512_R080_T28QCH_20260327T152639.SAFE,722,10059,6350,363505.0,2199445.0,0.21630000000000002,0.2771,0.3694,0.49510000000000004,0.5378000000000001,0.5373,0.553,0.5605,0.5589000000000001,0.5607,0.6492,0.599
2026-03-27,Iwik,Sen2Cor,S2B_MSIL2A_20260327T113319_N0512_R080_T28QCH_20260327T152639.SAFE,C:\Users\Simon\Nextcloud\Project\Mauritania\Science\Arguin - FieldWork Data Processing\Data\S2\S2B_MSIL2A_20260327T113319_N0512_R080_T28QCH_20260327T152639.SAFE,723,10060,6338,363385.0,2199435.0,0.2207,0.2852,0.37820000000000004,0.5068,0.5508000000000001,0.5539000000000001,0.5653,0.5752,0.5669000000000001,0.5689000000000001,0.6601,0.623
2026-03-27,Iwik,Sen2Cor,S2B_MSIL2A_20260327T113319_N0512_R080_T28QCH_20260327T152639.SAFE,C:\Users\Simon\Nextcloud\Project\Mauritania\Science\Arguin - FieldWork Data Processing\Data\S2\S2B_MSIL2A_20260327T113319_N0512_R080_T28QCH_20260327T152639.SAFE,724,10060,6339,363395.0,2199435.0,0.2207,0.2842,0.3794,0.5049,0.5508000000000001,0.5539000000000001,0.5653,0.5688,0.5669000000000001,0.5689000000000001,0.6601,0.623
2026-03-27,Iwik,Sen2Cor,S2B_MSIL2A_20260327T113319_N0512_R080_T28QCH_20260327T152639.SAFE,C:\Users\Simon\Nextcloud\Project\Mauritania\Science\Arguin - FieldWork Data Processing\Data\S2\S2B_MSIL2A_20260327T113319_N0512_R080_T28QCH_20260327T152639.SAFE,725,10060,6340,363405.0,2199435.0,0.21930000000000002,0.2791,0.3682,0.4958,0.5375,0.5358,0.5532,0.5635,0.556,0.5689000000000001,0.6519,0.6107
2026-03-27,Iwik,Sen2Cor,S2B_MSIL2A_20260327T113319_N0512_R080_T28QCH_20260327T152639.SAFE,C:\Users\Simon\Nextcloud\Project\Mauritania\Science\Arguin - FieldWork Data Processing\Data\S2\S2B_MSIL2A_20260327T113319_N0512_R080_T28QCH_20260327T152639.SAFE,726,10060,6341,363415.0,2199435.0,0.21930000000000002,0.2664,0.3652,0.48800000000000004,0.5375,0.5358,0.5532,0.561,0.556,0.5689000000000001,0.6519,0.6107
2026-03-27,Iwik,Sen2Cor,S2B_MSIL2A_20260327T113319_N0512_R080_T28QCH_20260327T152639.SAFE,C:\Users\Simon\Nextcloud\Project\Mauritania\Science\Arguin - FieldWork Data Processing\Data\S2\S2B_MSIL2A_20260327T113319_N0512_R080_T28QCH_20260327T152639.SAFE,727,10060,6342,363425.0,2199435.0,0.2184,0.27290000000000003,0.3677,0.48850000000000005,0.5337000000000001,0.5363,0.5534,0.5576,0.5525,0.5591,0.6468,0.5993
2026-03-27,Iwik,Sen2Cor,S2B_MSIL2A_20260327T113319_N0512_R080_T28QCH_20260327T152639.SAFE,C:\Users\Simon\Nextcloud\Project\Mauritania\Science\Arguin - FieldWork Data Processing\Data\S2\S2B_MSIL2A_20260327T113319_N0512_R080_T28QCH_20260327T152639.SAFE,728,10060,6343,363435.0,2199435.0,0.2184,0.27440000000000003,0.3704,0.4917,0.5337000000000001,0.5363,0.5534,0.5591,0.5525,0.5591,0.6468,0.5993
2026-03-27,Iwik,Sen2Cor,S2B_MSIL2A_20260327T113319_N0512_R080_T28QCH_20260327T152639.SAFE,C:\Users\Simon\Nextcloud\Project\Mauritania\Science\Arguin - FieldWork Data Processing\Data\S2\S2B_MSIL2A_20260327T113319_N0512_R080_T28QCH_20260327T152639.SAFE,729,10060,6344,363445.0,2199435.0,0.2177,0.2742,0.3672,0.4883,0.5284,0.5321,0.5429,0.5562,0.5472,0.5591,0.6418,0.5965
2026-03-27,Iwik,Sen2Cor,S2B_MSIL2A_20260327T113319_N0512_R080_T28QCH_20260327T152639.SAFE,C:\Users\Simon\Nextcloud\Project\Mauritania\Science\Arguin - FieldWork Data Processing\Data\S2\S2B_MSIL2A_20260327T113319_N0512_R080_T28QCH_20260327T152639.SAFE,730,10060,6345,363455.0,2199435.0,0.2177,0.2732,0.3608,0.48360000000000003,0.5284,0.5321,0.5429,0.5542,0.5472,0.5591,0.6418,0.5965
2026-03-27,Iwik,Sen2Cor,S2B_MSIL2A_20260327T113319_N0512_R080_T28QCH_20260327T152639.SAFE,C:\Users\Simon\Nextcloud\Project\Mauritania\Science\Arguin - FieldWork Data Processing\Data\S2\S2B_MSIL2A_20260327T113319_N0512_R080_T28QCH_20260327T152639.SAFE,731,10060,6346,363465.0,2199435.0,0.21710000000000002,0.25680000000000003,0.3516,0.4766,0.5262,0.5246000000000001,0.5403,0.5508000000000001,0.5485,0.5591,0.6435000000000001,0.5996
2026-03-27,Iwik,Sen2Cor,S2B_MSIL2A_20260327T113319_N0512_R080_T28QCH_20260327T152639.SAFE,C:\Users\Simon\Nextcloud\Project\Mauritania\Science\Arguin - FieldWork Data Processing\Data\S2\S2B_MSIL2A_20260327T113319_N0512_R080_T28QCH_20260327T152639.SAFE,732,10060,6347,363475.0,2199435.0,0.21710000000000002,0.26830000000000004,0.36300000000000004,0.4834,0.5262,0.5246000000000001,0.5403,0.5508000000000001,0.5485,0.5591,0.6435000000000001,0.5996
