date,AOI,atmospheric_correction,scene_id,source,pixel_id,row,col,x,y,B01,B02,B03,B04,B05,B06,B07,B08,B8A,B11,B12
2025-03-17,Arel,ACOLITE,S2C_MSI_2025_03_17_11_46_19_T28QCH_L2W,C:\Users\Simon\Nextcloud\Project\Mauritania\Science\Arguin - FieldWork Data Processing\Data\S2\ACOLITE\2025-03-17,0,864,864,342695.0,2201335.0,0.18496277928352356,0.22966264188289642,0.3068792521953583,0.3909418284893036,0.425462007522583,0.44971415400505066,0.47168561816215515,0.48822128772735596,0.5124486088752747,0.5241488814353943,0.3622741401195526
2025-03-17,Arel,ACOLITE,S2C_MSI_2025_03_17_11_46_19_T28QCH_L2W,C:\Users\Simon\Nextcloud\Project\Mauritania\Science\Arguin - FieldWork Data Processing\Data\S2\ACOLITE\2025-03-17,1,864,865,342705.0,2201335.0,0.18495912849903107,0.2349642962217331,0.2993474304676056,0.3889145255088806,0.42620256543159485,0.4572286009788513,0.4806336760520935,0.48111528158187866,0.5202988386154175,0.5206461548805237,0.3486732244491577
2025-03-17,Arel,ACOLITE,S2C_MSI_2025_03_17_11_46_19_T28QCH_L2W,C:\Users\Simon\Nextcloud\Project\Mauritania\Science\Arguin - FieldWork Data Processing\Data\S2\ACOLITE\2025-03-17,2,864,866,342715.0,2201335.0,0.18495550751686096,0.2491748034954071,0.3226954936981201,0.39434918761253357,0.42620131373405457,0.457227498292923,0.4806327223777771,0.4883255362510681,0.5202980637550354,0.5206465125083923,0.3486765921115875
2025-03-17,Arel,ACOLITE,S2C_MSI_2025_03_17_11_46_19_T28QCH_L2W,C:\Users\Simon\Nextcloud\Project\Mauritania\Science\Arguin - FieldWork Data Processing\Data\S2\ACOLITE\2025-03-17,3,865,859,342645.0,2201325.0,0.1757795512676239,0.23603975772857666,0.3119761347770691,0.4055304229259491,0.42642128467559814,0.452955961227417,0.4717916250228882,0.4943694770336151,0.5038947463035583,0.517551839351654,0.3640560805797577
2025-03-17,Arel,ACOLITE,S2C_MSI_2025_03_17_11_46_19_T28QCH_L2W,C:\Users\Simon\Nextcloud\Project\Mauritania\Science\Arguin - FieldWork Data Processing\Data\S2\ACOLITE\2025-03-17,4,865,860,342655.0,2201325.0,0.17577576637268066,0.24262107908725739,0.3187858462333679,0.40361565351486206,0.42642003297805786,0.45295488834381104,0.4717906713485718,0.49341556429862976,0.5038939714431763,0.5175521969795227,0.36405959725379944
2025-03-17,Arel,ACOLITE,S2C_MSI_2025_03_17_11_46_19_T28QCH_L2W,C:\Users\Simon\Nextcloud\Project\Mauritania\Science\Arguin - FieldWork Data Processing\Data\S2\ACOLITE\2025-03-17,5,865,861,342665.0,2201325.0,0.1849716305732727,0.2395632416009903,0.31231892108917236,0.3973371684551239,0.42716044187545776,0.4524318277835846,0.473112553358078,0.4865274727344513,0.5081732869148254,0.5237358212471008,0.3652990460395813
2025-03-17,Arel,ACOLITE,S2C_MSI_2025_03_17_11_46_19_T28QCH_L2W,C:\Users\Simon\Nextcloud\Project\Mauritania\Science\Arguin - FieldWork Data Processing\Data\S2\ACOLITE\2025-03-17,6,865,862,342675.0,2201325.0,0.1849679797887802,0.23308652639389038,0.3083861768245697,0.3948865532875061,0.42715921998023987,0.45243075489997864,0.4731115996837616,0.48885852098464966,0.5081724524497986,0.5237362384796143,0.3653026223182678
2025-03-17,Arel,ACOLITE,S2C_MSI_2025_03_17_11_46_19_T28QCH_L2W,C:\Users\Simon\Nextcloud\Project\Mauritania\Science\Arguin - FieldWork Data Processing\Data\S2\ACOLITE\2025-03-17,7,865,863,342685.0,2201325.0,0.1849643439054489,0.2337905913591385,0.3097720444202423,0.3961631953716278,0.425462543964386,0.44971463084220886,0.4716860055923462,0.4926716089248657,0.5124489665031433,0.52414870262146,0.36227238178253174
2025-03-17,Arel,ACOLITE,S2C_MSI_2025_03_17_11_46_19_T28QCH_L2W,C:\Users\Simon\Nextcloud\Project\Mauritania\Science\Arguin - FieldWork Data Processing\Data\S2\ACOLITE\2025-03-17,8,865,864,342695.0,2201325.0,0.18496069312095642,0.22895294427871704,0.30282559990882874,0.390514612197876,0.4254613220691681,0.4497135281562805,0.4716850817203522,0.49245890974998474,0.5124481916427612,0.5241491198539734,0.3622759282588959
2025-03-17,Arel,ACOLITE,S2C_MSI_2025_03_17_11_46_19_T28QCH_L2W,C:\Users\Simon\Nextcloud\Project\Mauritania\Science\Arguin - FieldWork Data Processing\Data\S2\ACOLITE\2025-03-17,9,865,865,342705.0,2201325.0,0.18495705723762512,0.23778767883777618,0.314159631729126,0.39626696705818176,0.42620187997817993,0.4572279751300812,0.4806331396102905,0.4966932237148285,0.520298421382904,0.520646333694458,0.3486749231815338
2025-03-17,Arel,ACOLITE,S2C_MSI_2025_03_17_11_46_19_T28QCH_L2W,C:\Users\Simon\Nextcloud\Project\Mauritania\Science\Arguin - FieldWork Data Processing\Data\S2\ACOLITE\2025-03-17,10,865,866,342715.0,2201325.0,0.18495340645313263,0.24952471256256104,0.32453760504722595,0.40413931012153625,0.42620062828063965,0.4572269320487976,0.4806322157382965,0.5082187652587891,0.5202975869178772,0.5206466913223267,0.3486782908439636
2025-03-17,Arel,ACOLITE,S2C_MSI_2025_03_17_11_46_19_T28QCH_L2W,C:\Users\Simon\Nextcloud\Project\Mauritania\Science\Arguin - FieldWork Data Processing\Data\S2\ACOLITE\2025-03-17,11,865,867,342725.0,2201325.0,0.15685299038887024,0.23719361424446106,0.30837637186050415,0.4002026915550232,0.4142113924026489,0.4374757707118988,0.46200600266456604,0.5058931708335876,0.5040872097015381,0.5016663074493408,0.3369775414466858
2025-03-17,Arel,ACOLITE,S2C_MSI_2025_03_17_11_46_19_T28QCH_L2W,C:\Users\Simon\Nextcloud\Project\Mauritania\Science\Arguin - FieldWork Data Processing\Data\S2\ACOLITE\2025-03-17,12,866,854,342595.0,2201315.0,0.1614830195903778,0.21857693791389465,0.28914979100227356,0.3734407424926758,0.41709429025650024,0.4395830035209656,0.4560012221336365,0.4502781629562378,0.48884597420692444,0.50455242395401,0.3481896221637726
2025-03-17,Arel,ACOLITE,S2C_MSI_2025_03_17_11_46_19_T28QCH_L2W,C:\Users\Simon\Nextcloud\Project\Mauritania\Science\Arguin - FieldWork Data Processing\Data\S2\ACOLITE\2025-03-17,13,866,855,342605.0,2201315.0,0.1757926046848297,0.24098911881446838,0.3213307857513428,0.40043091773986816,0.42833247780799866,0.4577594995498657,0.47769448161125183,0.472947895526886,0.5091727375984192,0.5175504088401794,0.36483001708984375
2025-03-17,Arel,ACOLITE,S2C_MSI_2025_03_17_11_46_19_T28QCH_L2W,C:\Users\Simon\Nextcloud\Project\Mauritania\Science\Arguin - FieldWork Data Processing\Data\S2\ACOLITE\2025-03-17,14,866,856,342615.0,2201315.0,0.17578880488872528,0.2515410780906677,0.3254759609699249,0.4151955544948578,0.42833125591278076,0.45775842666625977,0.4776935577392578,0.49574795365333557,0.5091719031333923,0.5175508260726929,0.3648335933685303
2025-03-17,Arel,ACOLITE,S2C_MSI_2025_03_17_11_46_19_T28QCH_L2W,C:\Users\Simon\Nextcloud\Project\Mauritania\Science\Arguin - FieldWork Data Processing\Data\S2\ACOLITE\2025-03-17,15,866,857,342625.0,2201315.0,0.17578501999378204,0.23345306515693665,0.3140583634376526,0.40468207001686096,0.43404656648635864,0.4549405872821808,0.47952231764793396,0.4941589832305908,0.5155353546142578,0.5328989028930664,0.3758428692817688
2025-03-17,Arel,ACOLITE,S2C_MSI_2025_03_17_11_46_19_T28QCH_L2W,C:\Users\Simon\Nextcloud\Project\Mauritania\Science\Arguin - FieldWork Data Processing\Data\S2\ACOLITE\2025-03-17,16,866,858,342635.0,2201315.0,0.1757812201976776,0.22684414684772491,0.303763210773468,0.397553414106369,0.43404531478881836,0.4549395442008972,0.47952133417129517,0.4888615906238556,0.515534520149231,0.5328993201255798,0.3758465647697449
2025-03-17,Arel,ACOLITE,S2C_MSI_2025_03_17_11_46_19_T28QCH_L2W,C:\Users\Simon\Nextcloud\Project\Mauritania\Science\Arguin - FieldWork Data Processing\Data\S2\ACOLITE\2025-03-17,17,866,859,342645.0,2201315.0,0.17577743530273438,0.23427188396453857,0.3090849816799164,0.39946791529655457,0.4308689832687378,0.4601536691188812,0.48053663969039917,0.4879068434238434,0.5130484104156494,0.5336201786994934,0.3815743327140808
2025-03-17,Arel,ACOLITE,S2C_MSI_2025_03_17_11_46_19_T28QCH_L2W,C:\Users\Simon\Nextcloud\Project\Mauritania\Science\Arguin - FieldWork Data Processing\Data\S2\ACOLITE\2025-03-17,18,866,860,342655.0,2201315.0,0.17577363550662994,0.2389765977859497,0.3113952577114105,0.40382757782936096,0.4308677613735199,0.46015259623527527,0.48053571581840515,0.4885418713092804,0.5130475759506226,0.5336205959320068,0.38157808780670166
2025-03-17,Arel,ACOLITE,S2C_MSI_2025_03_17_11_46_19_T28QCH_L2W,C:\Users\Simon\Nextcloud\Project\Mauritania\Science\Arguin - FieldWork Data Processing\Data\S2\ACOLITE\2025-03-17,19,866,861,342665.0,2201315.0,0.18496957421302795,0.23485493659973145,0.3112777769565582,0.398933082818985,0.4291723370552063,0.4557710587978363,0.48053476214408875,0.48822298645973206,0.5158302783966064,0.5299153327941895,0.3714786469936371
2025-03-17,Arel,ACOLITE,S2C_MSI_2025_03_17_11_46_19_T28QCH_L2W,C:\Users\Simon\Nextcloud\Project\Mauritania\Science\Arguin - FieldWork Data Processing\Data\S2\ACOLITE\2025-03-17,20,866,862,342675.0,2201315.0,0.18496592342853546,0.23920603096485138,0.30919474363327026,0.40191078186035156,0.429171085357666,0.45577001571655273,0.4805338382720947,0.4925661087036133,0.5158294439315796,0.5299157500267029,0.37148231267929077
2025-03-17,Arel,ACOLITE,S2C_MSI_2025_03_17_11_46_19_T28QCH_L2W,C:\Users\Simon\Nextcloud\Project\Mauritania\Science\Arguin - FieldWork Data Processing\Data\S2\ACOLITE\2025-03-17,21,866,863,342685.0,2201315.0,0.18496227264404297,0.2307240217924118,0.3053743243217468,0.39328640699386597,0.4262036979198456,0.45420366525650024,0.47758519649505615,0.4936242401599884,0.5209947824478149,0.5374289155006409,0.37766116857528687
2025-03-17,Arel,ACOLITE,S2C_MSI_2025_03_17_11_46_19_T28QCH_L2W,C:\Users\Simon\Nextcloud\Project\Mauritania\Science\Arguin - FieldWork Data Processing\Data\S2\ACOLITE\2025-03-17,22,866,864,342695.0,2201315.0,0.18495862185955048,0.23036718368530273,0.30201342701911926,0.39168646931648254,0.4262024462223053,0.4542025923728943,0.47758424282073975,0.49595266580581665,0.5209940075874329,0.5374293327331543,0.37766486406326294
2025-03-17,Arel,ACOLITE,S2C_MSI_2025_03_17_11_46_19_T28QCH_L2W,C:\Users\Simon\Nextcloud\Project\Mauritania\Science\Arguin - FieldWork Data Processing\Data\S2\ACOLITE\2025-03-17,23,866,865,342705.0,2201315.0,0.18495498597621918,0.23931507766246796,0.31265679001808167,0.4095589220523834,0.4421777129173279,0.4718118906021118,0.5000097155570984,0.5043089389801025,0.5380520224571228,0.5546972155570984,0.39404788613319397
2025-03-17,Arel,ACOLITE,S2C_MSI_2025_03_17_11_46_19_T28QCH_L2W,C:\Users\Simon\Nextcloud\Project\Mauritania\Science\Arguin - FieldWork Data Processing\Data\S2\ACOLITE\2025-03-17,24,866,866,342715.0,2201315.0,0.1849513202905655,0.2487030178308487,0.32695433497428894,0.42037761211395264,0.44217655062675476,0.471810907125473,0.5000088214874268,0.5222539901733398,0.5380512475967407,0.5546976327896118,0.39405176043510437
2025-03-17,Arel,ACOLITE,S2C_MSI_2025_03_17_11_46_19_T28QCH_L2W,C:\Users\Simon\Nextcloud\Project\Mauritania\Science\Arguin - FieldWork Data Processing\Data\S2\ACOLITE\2025-03-17,25,866,867,342725.0,2201315.0,0.156850665807724,0.2434217929840088,0.32142385840415955,0.4165602922439575,0.43710196018218994,0.46525153517723083,0.48449093103408813,0.5147643685340881,0.5232753157615662,0.5467876195907593,0.3812677562236786
2025-03-17,Arel,ACOLITE,S2C_MSI_2025_03_17_11_46_19_T28QCH_L2W,C:\Users\Simon\Nextcloud\Project\Mauritania\Science\Arguin - FieldWork Data Processing\Data\S2\ACOLITE\2025-03-17,26,867,850,342555.0,2201305.0,0.16149693727493286,0.2577521800994873,0.3442031741142273,0.4194433093070984,0.39113563299179077,0.4108422100543976,0.4304409325122833,0.4956468641757965,0.46355050802230835,0.44584470987319946,0.2989390194416046
2025-03-17,Arel,ACOLITE,S2C_MSI_2025_03_17_11_46_19_T28QCH_L2W,C:\Users\Simon\Nextcloud\Project\Mauritania\Science\Arguin - FieldWork Data Processing\Data\S2\ACOLITE\2025-03-17,27,867,851,342565.0,2201305.0,0.16149291396141052,0.2589171230792999,0.34019050002098083,0.429499089717865,0.4229321777820587,0.44335147738456726,0.4570240080356598,0.49617525935173035,0.49024516344070435,0.48843491077423096,0.32679423689842224
2025-03-17,Arel,ACOLITE,S2C_MSI_2025_03_17_11_46_19_T28QCH_L2W,C:\Users\Simon\Nextcloud\Project\Mauritania\Science\Arguin - FieldWork Data Processing\Data\S2\ACOLITE\2025-03-17,28,867,852,342575.0,2201305.0,0.161488875746727,0.2576301395893097,0.33858317136764526,0.42187759280204773,0.42293092608451843,0.4433503746986389,0.457023024559021,0.48918431997299194,0.4902442693710327,0.4884352385997772,0.32679736614227295
2025-03-17,Arel,ACOLITE,S2C_MSI_2025_03_17_11_46_19_T28QCH_L2W,C:\Users\Simon\Nextcloud\Project\Mauritania\Science\Arguin - FieldWork Data Processing\Data\S2\ACOLITE\2025-03-17,29,867,853,342585.0,2201305.0,0.16148485243320465,0.2490886002779007,0.3247895836830139,0.4084056317806244,0.4170949161052704,0.43958351016044617,0.4560016989707947,0.4849432706832886,0.48884639143943787,0.5045521855354309,0.3481878936290741
2025-03-17,Arel,ACOLITE,S2C_MSI_2025_03_17_11_46_19_T28QCH_L2W,C:\Users\Simon\Nextcloud\Project\Mauritania\Science\Arguin - FieldWork Data Processing\Data\S2\ACOLITE\2025-03-17,30,867,854,342595.0,2201305.0,0.1614808291196823,0.24157783389091492,0.3134855628013611,0.4022398889064789,0.4170936048030853,0.4395824074745178,0.4560006856918335,0.4840939939022064,0.48884549736976624,0.5045525431632996,0.3481912612915039
2025-03-17,Arel,ACOLITE,S2C_MSI_2025_03_17_11_46_19_T28QCH_L2W,C:\Users\Simon\Nextcloud\Project\Mauritania\Science\Arguin - FieldWork Data Processing\Data\S2\ACOLITE\2025-03-17,31,867,855,342605.0,2201305.0,0.17579051852226257,0.24427558481693268,0.32559189200401306,0.4130743145942688,0.42833182215690613,0.45775893330574036,0.47769397497177124,0.4971243739128113,0.509172260761261,0.5175505876541138,0.3648317754268646
2025-03-17,Arel,ACOLITE,S2C_MSI_2025_03_17_11_46_19_T28QCH_L2W,C:\Users\Simon\Nextcloud\Project\Mauritania\Science\Arguin - FieldWork Data Processing\Data\S2\ACOLITE\2025-03-17,32,867,856,342615.0,2201305.0,0.17578671872615814,0.234396830201149,0.31301969289779663,0.4080830514431,0.42833057045936584,0.4577578604221344,0.47769302129745483,0.49670013785362244,0.5091714859008789,0.5175510048866272,0.36483538150787354
2025-03-17,Arel,ACOLITE,S2C_MSI_2025_03_17_11_46_19_T28QCH_L2W,C:\Users\Simon\Nextcloud\Project\Mauritania\Science\Arguin - FieldWork Data Processing\Data\S2\ACOLITE\2025-03-17,33,867,857,342625.0,2201305.0,0.1757829189300537,0.22282704710960388,0.30596399307250977,0.398086279630661,0.4340459108352661,0.45493999123573303,0.479521781206131,0.491510808467865,0.5155348777770996,0.5328990817070007,0.37584468722343445
2025-03-17,Arel,ACOLITE,S2C_MSI_2025_03_17_11_46_19_T28QCH_L2W,C:\Users\Simon\Nextcloud\Project\Mauritania\Science\Arguin - FieldWork Data Processing\Data\S2\ACOLITE\2025-03-17,34,867,858,342635.0,2201305.0,0.17577911913394928,0.2250703126192093,0.30167680978775024,0.3995749354362488,0.4340446889400482,0.45493894815444946,0.4795208275318146,0.49532225728034973,0.5155340433120728,0.5328994989395142,0.3758483827114105
2025-03-17,Arel,ACOLITE,S2C_MSI_2025_03_17_11_46_19_T28QCH_L2W,C:\Users\Simon\Nextcloud\Project\Mauritania\Science\Arguin - FieldWork Data Processing\Data\S2\ACOLITE\2025-03-17,35,867,859,342645.0,2201305.0,0.17577531933784485,0.2374487966299057,0.3131294250488281,0.4092474579811096,0.43086832761764526,0.46015310287475586,0.4805361330509186,0.49320366978645325,0.5130479335784912,0.5336203575134277,0.38157621026039124
2025-03-17,Arel,ACOLITE,S2C_MSI_2025_03_17_11_46_19_T28QCH_L2W,C:\Users\Simon\Nextcloud\Project\Mauritania\Science\Arguin - FieldWork Data Processing\Data\S2\ACOLITE\2025-03-17,36,867,860,342655.0,2201305.0,0.17577151954174042,0.2379164695739746,0.3118565082550049,0.40616533160209656,0.43086710572242737,0.4601520299911499,0.4805351793766022,0.4936264157295227,0.5130471587181091,0.5336207747459412,0.3815799653530121
2025-03-17,Arel,ACOLITE,S2C_MSI_2025_03_17_11_46_19_T28QCH_L2W,C:\Users\Simon\Nextcloud\Project\Mauritania\Science\Arguin - FieldWork Data Processing\Data\S2\ACOLITE\2025-03-17,37,867,861,342665.0,2201305.0,0.1849675327539444,0.2315537929534912,0.3127789795398712,0.4039318859577179,0.42917168140411377,0.45577049255371094,0.48053422570228577,0.49362555146217346,0.515829861164093,0.5299155116081238,0.37148046493530273
2025-03-17,Arel,ACOLITE,S2C_MSI_2025_03_17_11_46_19_T28QCH_L2W,C:\Users\Simon\Nextcloud\Project\Mauritania\Science\Arguin - FieldWork Data Processing\Data\S2\ACOLITE\2025-03-17,38,867,862,342675.0,2201305.0,0.1849638670682907,0.23896928131580353,0.31219932436943054,0.4055250287055969,0.4291704297065735,0.455769419670105,0.48053327202796936,0.4990230202674866,0.5158290266990662,0.5299159288406372,0.3714841306209564
2025-03-17,Arel,ACOLITE,S2C_MSI_2025_03_17_11_46_19_T28QCH_L2W,C:\Users\Simon\Nextcloud\Project\Mauritania\Science\Arguin - FieldWork Data Processing\Data\S2\ACOLITE\2025-03-17,39,867,863,342685.0,2201305.0,0.1849602311849594,0.22777210175991058,0.30409952998161316,0.39232659339904785,0.42620301246643066,0.4542030692100525,0.4775846600532532,0.4978581964969635,0.5209943652153015,0.5374290347099304,0.3776630461215973
2025-03-17,Arel,ACOLITE,S2C_MSI_2025_03_17_11_46_19_T28QCH_L2W,C:\Users\Simon\Nextcloud\Project\Mauritania\Science\Arguin - FieldWork Data Processing\Data\S2\ACOLITE\2025-03-17,40,867,864,342695.0,2201305.0,0.18495656549930573,0.22883157432079315,0.3018963932991028,0.3938170075416565,0.4262017607688904,0.45420199632644653,0.47758370637893677,0.49880966544151306,0.5209935903549194,0.5374294519424438,0.37766674160957336
2025-03-17,Arel,ACOLITE,S2C_MSI_2025_03_17_11_46_19_T28QCH_L2W,C:\Users\Simon\Nextcloud\Project\Mauritania\Science\Arguin - FieldWork Data Processing\Data\S2\ACOLITE\2025-03-17,41,867,865,342705.0,2201305.0,0.18495291471481323,0.23601911962032318,0.3135799765586853,0.41136324405670166,0.44217708706855774,0.47181135416030884,0.5000091791152954,0.5094863772392273,0.5380516052246094,0.5546973943710327,0.39404982328414917
2025-03-17,Arel,ACOLITE,S2C_MSI_2025_03_17_11_46_19_T28QCH_L2W,C:\Users\Simon\Nextcloud\Project\Mauritania\Science\Arguin - FieldWork Data Processing\Data\S2\ACOLITE\2025-03-17,42,867,866,342715.0,2201305.0,0.18494926393032074,0.25221481919288635,0.3318990170955658,0.42704784870147705,0.44217589497566223,0.47181031107902527,0.5000082850456238,0.5293121933937073,0.5380508303642273,0.5546978116035461,0.39405372738838196
2025-03-17,Arel,ACOLITE,S2C_MSI_2025_03_17_11_46_19_T28QCH_L2W,C:\Users\Simon\Nextcloud\Project\Mauritania\Science\Arguin - FieldWork Data Processing\Data\S2\ACOLITE\2025-03-17,43,867,867,342725.0,2201305.0,0.15684835612773895,0.26237568259239197,0.34463322162628174,0.4357157051563263,0.437101274728775,0.46525096893310547,0.48449042439460754,0.5162412524223328,0.5232748985290527,0.5467877984046936,0.3812696635723114
2025-03-17,Arel,ACOLITE,S2C_MSI_2025_03_17_11_46_19_T28QCH_L2W,C:\Users\Simon\Nextcloud\Project\Mauritania\Science\Arguin - FieldWork Data Processing\Data\S2\ACOLITE\2025-03-17,44,867,868,342735.0,2201305.0,0.15684424340724945,0.23341913521289825,0.31103190779685974,0.3959418535232544,0.4371000826358795,0.4652499556541443,0.4844895005226135,0.4941488206386566,0.5232740640640259,0.546788215637207,0.38127341866493225
2025-03-17,Arel,ACOLITE,S2C_MSI_2025_03_17_11_46_19_T28QCH_L2W,C:\Users\Simon\Nextcloud\Project\Mauritania\Science\Arguin - FieldWork Data Processing\Data\S2\ACOLITE\2025-03-17,45,868,849,342545.0,2201295.0,0.1614987850189209,0.2502693235874176,0.3269829750061035,0.4132935702800751,0.4425123333930969,0.4700582027435303,0.4924221336841583,0.4931061267852783,0.5218989849090576,0.5197129845619202,0.36335164308547974
2025-03-17,Arel,ACOLITE,S2C_MSI_2025_03_17_11_46_19_T28QCH_L2W,C:\Users\Simon\Nextcloud\Project\Mauritania\Science\Arguin - FieldWork Data Processing\Data\S2\ACOLITE\2025-03-17,46,868,850,342555.0,2201295.0,0.16149476170539856,0.25576475262641907,0.3350277841091156,0.4243149757385254,0.4425111413002014,0.4700571596622467,0.4924211800098419,0.5034750699996948,0.5218982100486755,0.5197133421897888,0.3633551597595215
2025-03-17,Arel,ACOLITE,S2C_MSI_2025_03_17_11_46_19_T28QCH_L2W,C:\Users\Simon\Nextcloud\Project\Mauritania\Science\Arguin - FieldWork Data Processing\Data\S2\ACOLITE\2025-03-17,47,868,851,342565.0,2201295.0,0.16149072349071503,0.25634637475013733,0.3439715504646301,0.4306615889072418,0.45969974994659424,0.48647454380989075,0.503463864326477,0.5100259184837341,0.5349910259246826,0.54030442237854,0.3854745626449585
2025-03-17,Arel,ACOLITE,S2C_MSI_2025_03_17_11_46_19_T28QCH_L2W,C:\Users\Simon\Nextcloud\Project\Mauritania\Science\Arguin - FieldWork Data Processing\Data\S2\ACOLITE\2025-03-17,48,868,852,342575.0,2201295.0,0.1614866852760315,0.2632288634777069,0.3512934446334839,0.4350990355014801,0.4596986174583435,0.48647359013557434,0.5034629702568054,0.5179413557052612,0.5349902510643005,0.5403047800064087,0.3854783773422241
2025-03-17,Arel,ACOLITE,S2C_MSI_2025_03_17_11_46_19_T28QCH_L2W,C:\Users\Simon\Nextcloud\Project\Mauritania\Science\Arguin - FieldWork Data Processing\Data\S2\ACOLITE\2025-03-17,49,868,853,342585.0,2201295.0,0.16148264706134796,0.24885281920433044,0.3357115089893341,0.4264281988143921,0.4472588896751404,0.4749431610107422,0.4953587055206299,0.5125585198402405,0.530131995677948,0.5468849539756775,0.39221107959747314
2025-03-17,Arel,ACOLITE,S2C_MSI_2025_03_17_11_46_19_T28QCH_L2W,C:\Users\Simon\Nextcloud\Project\Mauritania\Science\Arguin - FieldWork Data Processing\Data\S2\ACOLITE\2025-03-17,50,868,854,342595.0,2201295.0,0.16147862374782562,0.24051882326602936,0.31937065720558167,0.4121197760105133,0.44725772738456726,0.474942147731781,0.49535778164863586,0.503154456615448,0.5301311612129211,0.5468853712081909,0.39221498370170593
2025-03-17,Arel,ACOLITE,S2C_MSI_2025_03_17_11_46_19_T28QCH_L2W,C:\Users\Simon\Nextcloud\Project\Mauritania\Science\Arguin - FieldWork Data Processing\Data\S2\ACOLITE\2025-03-17,51,868,855,342605.0,2201295.0,0.17578841745853424,0.23722346127033234,0.31786930561065674,0.4128613770008087,0.44408947229385376,0.47265318036079407,0.4960663318634033,0.5063247680664062,0.5279483199119568,0.5468857884407043,0.3933400511741638
2025-03-17,Arel,ACOLITE,S2C_MSI_2025_03_17_11_46_19_T28QCH_L2W,C:\Users\Simon\Nextcloud\Project\Mauritania\Science\Arguin - FieldWork Data Processing\Data\S2\ACOLITE\2025-03-17,52,868,856,342615.0,2201295.0,0.1757846176624298,0.23215648531913757,0.3100137710571289,0.41010016202926636,0.44408828020095825,0.4726521670818329,0.4960654377937317,0.503046989440918,0.5279475450515747,0.5468862056732178,0.3933439552783966
2025-03-17,Arel,ACOLITE,S2C_MSI_2025_03_17_11_46_19_T28QCH_L2W,C:\Users\Simon\Nextcloud\Project\Mauritania\Science\Arguin - FieldWork Data Processing\Data\S2\ACOLITE\2025-03-17,53,868,857,342625.0,2201295.0,0.17578080296516418,0.22578072547912598,0.30862411856651306,0.40584978461265564,0.44651538133621216,0.473171204328537,0.49332740902900696,0.5018829107284546,0.5324093103408813,0.5451392531394958,0.39491742849349976
2025-03-17,Arel,ACOLITE,S2C_MSI_2025_03_17_11_46_19_T28QCH_L2W,C:\Users\Simon\Nextcloud\Project\Mauritania\Science\Arguin - FieldWork Data Processing\Data\S2\ACOLITE\2025-03-17,54,868,858,342635.0,2201295.0,0.17577701807022095,0.23544922471046448,0.31405436992645264,0.4123268723487854,0.4465142488479614,0.4731701910495758,0.4933265149593353,0.5042082667350769,0.5324084758758545,0.5451396703720093,0.39492133259773254
2025-03-17,Arel,ACOLITE,S2C_MSI_2025_03_17_11_46_19_T28QCH_L2W,C:\Users\Simon\Nextcloud\Project\Mauritania\Science\Arguin - FieldWork Data Processing\Data\S2\ACOLITE\2025-03-17,55,868,859,342645.0,2201295.0,0.17577320337295532,0.24003441631793976,0.32281947135925293,0.41561460494995117,0.4382733404636383,0.46859079599380493,0.4890653192996979,0.4963794946670532,0.5267545580863953,0.541233241558075,0.3856172561645508
2025-03-17,Arel,ACOLITE,S2C_MSI_2025_03_17_11_46_19_T28QCH_L2W,C:\Users\Simon\Nextcloud\Project\Mauritania\Science\Arguin - FieldWork Data Processing\Data\S2\ACOLITE\2025-03-17,56,868,860,342655.0,2201295.0,0.1757694035768509,0.24214661121368408,0.3192441165447235,0.41189974546432495,0.4382721185684204,0.46858975291252136,0.48906439542770386,0.49838942289352417,0.5267537236213684,0.5412336587905884,0.385621041059494
2025-03-17,Arel,ACOLITE,S2C_MSI_2025_03_17_11_46_19_T28QCH_L2W,C:\Users\Simon\Nextcloud\Project\Mauritania\Science\Arguin - FieldWork Data Processing\Data\S2\ACOLITE\2025-03-17,57,868,861,342665.0,2201295.0,0.18496547639369965,0.23602913320064545,0.3161269426345825,0.41009366512298584,0.43668487668037415,0.4631730020046234,0.4883531332015991,0.49849435687065125,0.5261576175689697,0.5384571552276611,0.376422643661499
2025-03-17,Arel,ACOLITE,S2C_MSI_2025_03_17_11_46_19_T28QCH_L2W,C:\Users\Simon\Nextcloud\Project\Mauritania\Science\Arguin - FieldWork Data Processing\Data\S2\ACOLITE\2025-03-17,58,868,862,342675.0,2201295.0,0.18496181070804596,0.2376738339662552,0.31566327810287476,0.4023347496986389,0.43668368458747864,0.46317195892333984,0.4883522093296051,0.500503659248352,0.5261568427085876,0.5384575724601746,0.3764263689517975
2025-03-17,Arel,ACOLITE,S2C_MSI_2025_03_17_11_46_19_T28QCH_L2W,C:\Users\Simon\Nextcloud\Project\Mauritania\Science\Arguin - FieldWork Data Processing\Data\S2\ACOLITE\2025-03-17,59,868,863,342685.0,2201295.0,0.18495814502239227,0.23755328357219696,0.31000006198883057,0.40116336941719055,0.4355190396308899,0.4657753109931946,0.4903806149959564,0.5036753416061401,0.53379225730896,0.5431885719299316,0.3757564425468445
2025-03-17,Arel,ACOLITE,S2C_MSI_2025_03_17_11_46_19_T28QCH_L2W,C:\Users\Simon\Nextcloud\Project\Mauritania\Science\Arguin - FieldWork Data Processing\Data\S2\ACOLITE\2025-03-17,60,868,864,342695.0,2201295.0,0.18495449423789978,0.23519621789455414,0.3091886341571808,0.4012684226036072,0.435517817735672,0.4657742977142334,0.4903796911239624,0.5068454742431641,0.5337914824485779,0.5431889891624451,0.37576016783714294
2025-03-17,Arel,ACOLITE,S2C_MSI_2025_03_17_11_46_19_T28QCH_L2W,C:\Users\Simon\Nextcloud\Project\Mauritania\Science\Arguin - FieldWork Data Processing\Data\S2\ACOLITE\2025-03-17,61,868,865,342705.0,2201295.0,0.1849508285522461,0.24036994576454163,0.32107967138290405,0.4086016118526459,0.44967174530029297,0.47690629959106445,0.4995022118091583,0.5140262842178345,0.5436944961547852,0.554184079170227,0.38676199316978455
2025-03-17,Arel,ACOLITE,S2C_MSI_2025_03_17_11_46_19_T28QCH_L2W,C:\Users\Simon\Nextcloud\Project\Mauritania\Science\Arguin - FieldWork Data Processing\Data\S2\ACOLITE\2025-03-17,62,868,866,342715.0,2201295.0,0.1849471777677536,0.252564400434494,0.33247268199920654,0.4265180826187134,0.44967058300971985,0.47690531611442566,0.4995013475418091,0.5249931812286377,0.5436937212944031,0.5541845560073853,0.38676583766937256
2025-03-17,Arel,ACOLITE,S2C_MSI_2025_03_17_11_46_19_T28QCH_L2W,C:\Users\Simon\Nextcloud\Project\Mauritania\Science\Arguin - FieldWork Data Processing\Data\S2\ACOLITE\2025-03-17,63,868,867,342725.0,2201295.0,0.15684601664543152,0.2601577937602997,0.3456629812717438,0.43212243914604187,0.4479812681674957,0.4775279462337494,0.49514317512512207,0.5190890431404114,0.5385448336601257,0.539796769618988,0.37330102920532227
2025-03-17,Arel,ACOLITE,S2C_MSI_2025_03_17_11_46_19_T28QCH_L2W,C:\Users\Simon\Nextcloud\Project\Mauritania\Science\Arguin - FieldWork Data Processing\Data\S2\ACOLITE\2025-03-17,64,868,868,342735.0,2201295.0,0.15684190392494202,0.2594548761844635,0.3329288065433502,0.4125262498855591,0.4479801058769226,0.4775269329547882,0.49514225125312805,0.5046225190162659,0.5385440587997437,0.5397971868515015,0.37330469489097595
2025-03-17,Arel,ACOLITE,S2C_MSI_2025_03_17_11_46_19_T28QCH_L2W,C:\Users\Simon\Nextcloud\Project\Mauritania\Science\Arguin - FieldWork Data Processing\Data\S2\ACOLITE\2025-03-17,65,868,869,342745.0,2201295.0,0.1568378061056137,0.2524392306804657,0.3249897360801697,0.40285712480545044,0.4310670793056488,0.461288720369339,0.4812374711036682,0.4911819100379944,0.5164191722869873,0.5119878649711609,0.34858110547065735
2025-03-17,Arel,ACOLITE,S2C_MSI_2025_03_17_11_46_19_T28QCH_L2W,C:\Users\Simon\Nextcloud\Project\Mauritania\Science\Arguin - FieldWork Data Processing\Data\S2\ACOLITE\2025-03-17,66,869,847,342525.0,2201285.0,0.11555735766887665,0.24159464240074158,0.32261013984680176,0.40660616755485535,0.42325398325920105,0.44555017352104187,0.45957690477371216,0.4906712472438812,0.4932403564453125,0.49360227584838867,0.34007060527801514
2025-03-17,Arel,ACOLITE,S2C_MSI_2025_03_17_11_46_19_T28QCH_L2W,C:\Users\Simon\Nextcloud\Project\Mauritania\Science\Arguin - FieldWork Data Processing\Data\S2\ACOLITE\2025-03-17,67,869,848,342535.0,2201285.0,0.11555253714323044,0.24417485296726227,0.31938090920448303,0.40926042199134827,0.4232527017593384,0.4455490708351135,0.459575891494751,0.49310654401779175,0.49323952198028564,0.49360260367393494,0.3400738835334778
2025-03-17,Arel,ACOLITE,S2C_MSI_2025_03_17_11_46_19_T28QCH_L2W,C:\Users\Simon\Nextcloud\Project\Mauritania\Science\Arguin - FieldWork Data Processing\Data\S2\ACOLITE\2025-03-17,68,869,849,342545.0,2201285.0,0.1614966243505478,0.23888589441776276,0.32249125838279724,0.40957769751548767,0.4425116777420044,0.4700576364994049,0.49242162704467773,0.4914110004901886,0.5218985676765442,0.5197131633758545,0.36335334181785583
2025-03-17,Arel,ACOLITE,S2C_MSI_2025_03_17_11_46_19_T28QCH_L2W,C:\Users\Simon\Nextcloud\Project\Mauritania\Science\Arguin - FieldWork Data Processing\Data\S2\ACOLITE\2025-03-17,69,869,850,342555.0,2201285.0,0.16149258613586426,0.25003090500831604,0.3284759521484375,0.42484360933303833,0.4425105154514313,0.47005659341812134,0.4924207329750061,0.5073853731155396,0.5218977332115173,0.5197135210037231,0.36335691809654236
2025-03-17,Arel,ACOLITE,S2C_MSI_2025_03_17_11_46_19_T28QCH_L2W,C:\Users\Simon\Nextcloud\Project\Mauritania\Science\Arguin - FieldWork Data Processing\Data\S2\ACOLITE\2025-03-17,70,869,851,342565.0,2201285.0,0.16148854792118073,0.24967683851718903,0.33180856704711914,0.4274880588054657,0.4596991539001465,0.48647403717041016,0.5034633874893188,0.5112927556037903,0.534990668296814,0.5403045415878296,0.3854764401912689
2025-03-17,Arel,ACOLITE,S2C_MSI_2025_03_17_11_46_19_T28QCH_L2W,C:\Users\Simon\Nextcloud\Project\Mauritania\Science\Arguin - FieldWork Data Processing\Data\S2\ACOLITE\2025-03-17,71,869,852,342575.0,2201285.0,0.1614845097064972,0.25552424788475037,0.3320366442203522,0.4315055310726166,0.45969802141189575,0.48647305369377136,0.5034624934196472,0.5195229649543762,0.5349898338317871,0.5403050184249878,0.38548022508621216
2025-03-17,Arel,ACOLITE,S2C_MSI_2025_03_17_11_46_19_T28QCH_L2W,C:\Users\Simon\Nextcloud\Project\Mauritania\Science\Arguin - FieldWork Data Processing\Data\S2\ACOLITE\2025-03-17,72,869,853,342585.0,2201285.0,0.16148045659065247,0.24521686136722565,0.32962068915367126,0.4244164526462555,0.4472582936286926,0.4749426245689392,0.4953581988811493,0.5137192606925964,0.5301315188407898,0.5468851327896118,0.39221295714378357
2025-03-17,Arel,ACOLITE,S2C_MSI_2025_03_17_11_46_19_T28QCH_L2W,C:\Users\Simon\Nextcloud\Project\Mauritania\Science\Arguin - FieldWork Data Processing\Data\S2\ACOLITE\2025-03-17,73,869,854,342595.0,2201285.0,0.16147643327713013,0.23957698047161102,0.3234037160873413,0.42092037200927734,0.4472571015357971,0.474941611289978,0.4953572750091553,0.5134017467498779,0.5301307439804077,0.5468855500221252,0.39221686124801636
2025-03-17,Arel,ACOLITE,S2C_MSI_2025_03_17_11_46_19_T28QCH_L2W,C:\Users\Simon\Nextcloud\Project\Mauritania\Science\Arguin - FieldWork Data Processing\Data\S2\ACOLITE\2025-03-17,74,869,855,342605.0,2201285.0,0.1757863312959671,0.23792773485183716,0.3212124705314636,0.42028340697288513,0.4440888464450836,0.4726526141166687,0.4960658550262451,0.512873113155365,0.5279479026794434,0.5468859672546387,0.393341988325119
2025-03-17,Arel,ACOLITE,S2C_MSI_2025_03_17_11_46_19_T28QCH_L2W,C:\Users\Simon\Nextcloud\Project\Mauritania\Science\Arguin - FieldWork Data Processing\Data\S2\ACOLITE\2025-03-17,75,869,856,342615.0,2201285.0,0.17578253149986267,0.23874816298484802,0.31752023100852966,0.4219771921634674,0.4440876543521881,0.47265157103538513,0.4960649609565735,0.5139278769493103,0.5279471278190613,0.5468863844871521,0.3933458924293518
2025-03-17,Arel,ACOLITE,S2C_MSI_2025_03_17_11_46_19_T28QCH_L2W,C:\Users\Simon\Nextcloud\Project\Mauritania\Science\Arguin - FieldWork Data Processing\Data\S2\ACOLITE\2025-03-17,76,869,857,342625.0,2201285.0,0.17577870190143585,0.24450163543224335,0.3259316384792328,0.4246232509613037,0.446514755487442,0.473170667886734,0.49332690238952637,0.5163542628288269,0.5324088931083679,0.5451394319534302,0.39491933584213257
2025-03-17,Arel,ACOLITE,S2C_MSI_2025_03_17_11_46_19_T28QCH_L2W,C:\Users\Simon\Nextcloud\Project\Mauritania\Science\Arguin - FieldWork Data Processing\Data\S2\ACOLITE\2025-03-17,77,869,858,342635.0,2201285.0,0.17577490210533142,0.24883759021759033,0.33064669370651245,0.4272679090499878,0.4465135931968689,0.4731696546077728,0.49332600831985474,0.511497974395752,0.5324080586433411,0.5451398491859436,0.39492326974868774
2025-03-17,Arel,ACOLITE,S2C_MSI_2025_03_17_11_46_19_T28QCH_L2W,C:\Users\Simon\Nextcloud\Project\Mauritania\Science\Arguin - FieldWork Data Processing\Data\S2\ACOLITE\2025-03-17,78,869,859,342645.0,2201285.0,0.1757710874080658,0.24426129460334778,0.3213203251361847,0.41847673058509827,0.4382726550102234,0.46859022974967957,0.4890648424625397,0.5052640438079834,0.5267541408538818,0.5412334203720093,0.3856191337108612
2025-03-17,Arel,ACOLITE,S2C_MSI_2025_03_17_11_46_19_T28QCH_L2W,C:\Users\Simon\Nextcloud\Project\Mauritania\Science\Arguin - FieldWork Data Processing\Data\S2\ACOLITE\2025-03-17,79,869,860,342655.0,2201285.0,0.17576728761196136,0.2476600855588913,0.3250051438808441,0.41465798020362854,0.4382714629173279,0.4685892164707184,0.48906388878822327,0.5076937675476074,0.526753306388855,0.5412338376045227,0.38562294840812683
2025-03-17,Arel,ACOLITE,S2C_MSI_2025_03_17_11_46_19_T28QCH_L2W,C:\Users\Simon\Nextcloud\Project\Mauritania\Science\Arguin - FieldWork Data Processing\Data\S2\ACOLITE\2025-03-17,80,869,861,342665.0,2201285.0,0.1849634051322937,0.24037976562976837,0.3192412257194519,0.41465669870376587,0.4366842210292816,0.46317243576049805,0.48835262656211853,0.507375955581665,0.5261572003364563,0.5384573936462402,0.37642449140548706
2025-03-17,Arel,ACOLITE,S2C_MSI_2025_03_17_11_46_19_T28QCH_L2W,C:\Users\Simon\Nextcloud\Project\Mauritania\Science\Arguin - FieldWork Data Processing\Data\S2\ACOLITE\2025-03-17,81,869,862,342675.0,2201285.0,0.1849597543478012,0.24213936924934387,0.3191239833831787,0.4081799387931824,0.4366829991340637,0.4631713926792145,0.4883517026901245,0.5052614212036133,0.5261563658714294,0.5384577512741089,0.3764282166957855
2025-03-17,Arel,ACOLITE,S2C_MSI_2025_03_17_11_46_19_T28QCH_L2W,C:\Users\Simon\Nextcloud\Project\Mauritania\Science\Arguin - FieldWork Data Processing\Data\S2\ACOLITE\2025-03-17,82,869,863,342685.0,2201285.0,0.18495607376098633,0.2477690428495407,0.3199293613433838,0.40998417139053345,0.435518354177475,0.4657747149467468,0.49038010835647583,0.5073742270469666,0.5337917804718018,0.543188750743866,0.3757583200931549
2025-03-17,Arel,ACOLITE,S2C_MSI_2025_03_17_11_46_19_T28QCH_L2W,C:\Users\Simon\Nextcloud\Project\Mauritania\Science\Arguin - FieldWork Data Processing\Data\S2\ACOLITE\2025-03-17,83,869,864,342695.0,2201285.0,0.18495242297649384,0.24612459540367126,0.3221178352832794,0.4108322560787201,0.4355171322822571,0.46577370166778564,0.4903791844844818,0.5128654837608337,0.5337910056114197,0.5431891679763794,0.375762015581131
2025-03-17,Arel,ACOLITE,S2C_MSI_2025_03_17_11_46_19_T28QCH_L2W,C:\Users\Simon\Nextcloud\Project\Mauritania\Science\Arguin - FieldWork Data Processing\Data\S2\ACOLITE\2025-03-17,84,869,865,342705.0,2201285.0,0.18494874238967896,0.2476462572813034,0.32902422547340393,0.41327229142189026,0.4496711194515228,0.4769057631492615,0.4995017349720001,0.5131813287734985,0.5436940789222717,0.5541843175888062,0.38676393032073975
2025-03-17,Arel,ACOLITE,S2C_MSI_2025_03_17_11_46_19_T28QCH_L2W,C:\Users\Simon\Nextcloud\Project\Mauritania\Science\Arguin - FieldWork Data Processing\Data\S2\ACOLITE\2025-03-17,85,869,866,342715.0,2201285.0,0.18494509160518646,0.24881556630134583,0.32718148827552795,0.4218587875366211,0.4496699571609497,0.4769047498703003,0.4995008111000061,0.5182456374168396,0.5436932444572449,0.5541847348213196,0.38676777482032776
2025-03-17,Arel,ACOLITE,S2C_MSI_2025_03_17_11_46_19_T28QCH_L2W,C:\Users\Simon\Nextcloud\Project\Mauritania\Science\Arguin - FieldWork Data Processing\Data\S2\ACOLITE\2025-03-17,86,869,867,342725.0,2201285.0,0.15684370696544647,0.25571802258491516,0.3315504193305969,0.42196348309516907,0.4479806125164032,0.477527379989624,0.4951426684856415,0.5208812355995178,0.5385444164276123,0.5397969484329224,0.3733028769493103
2025-03-17,Arel,ACOLITE,S2C_MSI_2025_03_17_11_46_19_T28QCH_L2W,C:\Users\Simon\Nextcloud\Project\Mauritania\Science\Arguin - FieldWork Data Processing\Data\S2\ACOLITE\2025-03-17,87,869,868,342735.0,2201285.0,0.15683959424495697,0.26295316219329834,0.3397011160850525,0.41878336668014526,0.4479794502258301,0.47752636671066284,0.49514177441596985,0.5137065649032593,0.5385435819625854,0.5397973656654358,0.3733065724372864
2025-03-17,Arel,ACOLITE,S2C_MSI_2025_03_17_11_46_19_T28QCH_L2W,C:\Users\Simon\Nextcloud\Project\Mauritania\Science\Arguin - FieldWork Data Processing\Data\S2\ACOLITE\2025-03-17,88,869,869,342745.0,2201285.0,0.15683546662330627,0.2705182433128357,0.3524085283279419,0.42079561948776245,0.4310663640499115,0.46128809452056885,0.48123693466186523,0.5100101232528687,0.5164186954498291,0.5119880437850952,0.34858280420303345
2025-03-17,Arel,ACOLITE,S2C_MSI_2025_03_17_11_46_19_T28QCH_L2W,C:\Users\Simon\Nextcloud\Project\Mauritania\Science\Arguin - FieldWork Data Processing\Data\S2\ACOLITE\2025-03-17,89,869,870,342755.0,2201285.0,0.15683135390281677,0.2697018086910248,0.3448554277420044,0.42185381054878235,0.4310651421546936,0.46128708124160767,0.48123598098754883,0.5087417364120483,0.516417920589447,0.5119884610176086,0.34858620166778564
2025-03-17,Arel,ACOLITE,S2C_MSI_2025_03_17_11_46_19_T28QCH_L2W,C:\Users\Simon\Nextcloud\Project\Mauritania\Science\Arguin - FieldWork Data Processing\Data\S2\ACOLITE\2025-03-17,90,870,846,342515.0,2201275.0,0.19292424619197845,0.25167936086654663,0.3329654932022095,0.4220949113368988,0.44283151626586914,0.46745792031288147,0.48684367537498474,0.49977612495422363,0.5167351961135864,0.5187845230102539,0.36165907979011536
2025-03-17,Arel,ACOLITE,S2C_MSI_2025_03_17_11_46_19_T28QCH_L2W,C:\Users\Simon\Nextcloud\Project\Mauritania\Science\Arguin - FieldWork Data Processing\Data\S2\ACOLITE\2025-03-17,91,870,847,342525.0,2201275.0,0.19292069971561432,0.25272977352142334,0.33319351077079773,0.4199749231338501,0.45253878831863403,0.47297224402427673,0.4962753653526306,0.5030538439750671,0.528549075126648,0.5337188243865967,0.3782822787761688
2025-03-17,Arel,ACOLITE,S2C_MSI_2025_03_17_11_46_19_T28QCH_L2W,C:\Users\Simon\Nextcloud\Project\Mauritania\Science\Arguin - FieldWork Data Processing\Data\S2\ACOLITE\2025-03-17,92,870,848,342535.0,2201275.0,0.19291715323925018,0.2446427345275879,0.32329854369163513,0.417853981256485,0.4525376260280609,0.47297120094299316,0.496274471282959,0.49681153893470764,0.5285482406616211,0.5337192416191101,0.3782860040664673
2025-03-17,Arel,ACOLITE,S2C_MSI_2025_03_17_11_46_19_T28QCH_L2W,C:\Users\Simon\Nextcloud\Project\Mauritania\Science\Arguin - FieldWork Data Processing\Data\S2\ACOLITE\2025-03-17,93,870,849,342545.0,2201275.0,0.20702886581420898,0.25143712759017944,0.3354869484901428,0.42145562171936035,0.45727866888046265,0.4861642122268677,0.5019461512565613,0.5012543797492981,0.5381620526313782,0.5441083312034607,0.3828904628753662
2025-03-17,Arel,ACOLITE,S2C_MSI_2025_03_17_11_46_19_T28QCH_L2W,C:\Users\Simon\Nextcloud\Project\Mauritania\Science\Arguin - FieldWork Data Processing\Data\S2\ACOLITE\2025-03-17,94,870,850,342555.0,2201275.0,0.20702552795410156,0.27648597955703735,0.3532377779483795,0.4519718885421753,0.4572775363922119,0.4861631989479065,0.5019452571868896,0.5263751745223999,0.5381612777709961,0.5441087484359741,0.38289424777030945
2025-03-17,Arel,ACOLITE,S2C_MSI_2025_03_17_11_46_19_T28QCH_L2W,C:\Users\Simon\Nextcloud\Project\Mauritania\Science\Arguin - FieldWork Data Processing\Data\S2\ACOLITE\2025-03-17,95,870,851,342565.0,2201275.0,0.20702220499515533,0.2698640823364258,0.35540640354156494,0.44912776350975037,0.46727368235588074,0.49165913462638855,0.5177181959152222,0.53153395652771,0.5508260130882263,0.5656735897064209,0.40912678837776184
2025-03-17,Arel,ACOLITE,S2C_MSI_2025_03_17_11_46_19_T28QCH_L2W,C:\Users\Simon\Nextcloud\Project\Mauritania\Science\Arguin - FieldWork Data Processing\Data\S2\ACOLITE\2025-03-17,96,870,852,342575.0,2201275.0,0.2070188820362091,0.2587934732437134,0.33972737193107605,0.4377378523349762,0.4672725796699524,0.49165815114974976,0.5177173614501953,0.5252146124839783,0.5508252382278442,0.5656740069389343,0.40913087129592896
2025-03-17,Arel,ACOLITE,S2C_MSI_2025_03_17_11_46_19_T28QCH_L2W,C:\Users\Simon\Nextcloud\Project\Mauritania\Science\Arguin - FieldWork Data Processing\Data\S2\ACOLITE\2025-03-17,97,870,853,342585.0,2201275.0,0.20701555907726288,0.2458018809556961,0.32904472947120667,0.4260035455226898,0.4586433172225952,0.48771655559539795,0.5093291997909546,0.5158295631408691,0.5444947481155396,0.5645460486412048,0.41697168350219727
2025-03-17,Arel,ACOLITE,S2C_MSI_2025_03_17_11_46_19_T28QCH_L2W,C:\Users\Simon\Nextcloud\Project\Mauritania\Science\Arguin - FieldWork Data Processing\Data\S2\ACOLITE\2025-03-17,98,870,854,342595.0,2201275.0,0.20701222121715546,0.24544717371463776,0.3316873610019684,0.4295992851257324,0.4586421847343445,0.48771554231643677,0.509328305721283,0.5204699039459229,0.5444939732551575,0.5645464658737183,0.41697585582733154
2025-03-17,Arel,ACOLITE,S2C_MSI_2025_03_17_11_46_19_T28QCH_L2W,C:\Users\Simon\Nextcloud\Project\Mauritania\Science\Arguin - FieldWork Data Processing\Data\S2\ACOLITE\2025-03-17,99,870,855,342605.0,2201275.0,0.20626159012317657,0.250718355178833,0.33283481001853943,0.4285404086112976,0.46758460998535156,0.49341729283332825,0.5178157091140747,0.5242637991905212,0.5475598573684692,0.5603399872779846,0.40723925828933716
2025-03-17,Arel,ACOLITE,S2C_MSI_2025_03_17_11_46_19_T28QCH_L2W,C:\Users\Simon\Nextcloud\Project\Mauritania\Science\Arguin - FieldWork Data Processing\Data\S2\ACOLITE\2025-03-17,100,870,856,342615.0,2201275.0,0.20625823736190796,0.2529394328594208,0.3349006772041321,0.43382522463798523,0.4675835371017456,0.49341633915901184,0.5178148746490479,0.5251059532165527,0.5475591421127319,0.560340404510498,0.4072433412075043
2025-03-17,Arel,ACOLITE,S2C_MSI_2025_03_17_11_46_19_T28QCH_L2W,C:\Users\Simon\Nextcloud\Project\Mauritania\Science\Arguin - FieldWork Data Processing\Data\S2\ACOLITE\2025-03-17,101,870,857,342625.0,2201275.0,0.20625489950180054,0.2609976530075073,0.3455631136894226,0.44089826941490173,0.4656897485256195,0.493208110332489,0.5143796801567078,0.5300552845001221,0.5480528473854065,0.5557214021682739,0.40063750743865967
2025-03-17,Arel,ACOLITE,S2C_MSI_2025_03_17_11_46_19_T28QCH_L2W,C:\Users\Simon\Nextcloud\Project\Mauritania\Science\Arguin - FieldWork Data Processing\Data\S2\ACOLITE\2025-03-17,102,870,858,342635.0,2201275.0,0.20625156164169312,0.26146161556243896,0.34613391757011414,0.4396308362483978,0.46568864583969116,0.4932071268558502,0.5143787860870361,0.5256311297416687,0.5480520725250244,0.5557218790054321,0.40064147114753723
2025-03-17,Arel,ACOLITE,S2C_MSI_2025_03_17_11_46_19_T28QCH_L2W,C:\Users\Simon\Nextcloud\Project\Mauritania\Science\Arguin - FieldWork Data Processing\Data\S2\ACOLITE\2025-03-17,103,870,859,342645.0,2201275.0,0.2062482237815857,0.25269728899002075,0.3298390209674835,0.42567867040634155,0.44387224316596985,0.47462406754493713,0.4982910454273224,0.5157189965248108,0.5372626185417175,0.5513060688972473,0.383601576089859
2025-03-17,Arel,ACOLITE,S2C_MSI_2025_03_17_11_46_19_T28QCH_L2W,C:\Users\Simon\Nextcloud\Project\Mauritania\Science\Arguin - FieldWork Data Processing\Data\S2\ACOLITE\2025-03-17,104,870,860,342655.0,2201275.0,0.20624487102031708,0.24894772469997406,0.3216632306575775,0.41285353899002075,0.44387108087539673,0.47462305426597595,0.49829015135765076,0.50505131483078,0.5372618436813354,0.5513064861297607,0.38360539078712463
2025-03-17,Arel,ACOLITE,S2C_MSI_2025_03_17_11_46_19_T28QCH_L2W,C:\Users\Simon\Nextcloud\Project\Mauritania\Science\Arguin - FieldWork Data Processing\Data\S2\ACOLITE\2025-03-17,105,870,861,342665.0,2201275.0,0.20100277662277222,0.24472357332706451,0.3173943758010864,0.4109416604042053,0.43943241238594055,0.46796295046806335,0.4921058416366577,0.5108613967895508,0.5366666316986084,0.542159914970398,0.3672178089618683
2025-03-17,Arel,ACOLITE,S2C_MSI_2025_03_17_11_46_19_T28QCH_L2W,C:\Users\Simon\Nextcloud\Project\Mauritania\Science\Arguin - FieldWork Data Processing\Data\S2\ACOLITE\2025-03-17,106,870,862,342675.0,2201275.0,0.20099936425685883,0.24671503901481628,0.3209678828716278,0.4095599949359894,0.43943122029304504,0.4679619371891022,0.4921049177646637,0.509381890296936,0.5366658568382263,0.5421603322029114,0.3672214150428772
2025-03-17,Arel,ACOLITE,S2C_MSI_2025_03_17_11_46_19_T28QCH_L2W,C:\Users\Simon\Nextcloud\Project\Mauritania\Science\Arguin - FieldWork Data Processing\Data\S2\ACOLITE\2025-03-17,107,870,863,342685.0,2201275.0,0.20099593698978424,0.24753302335739136,0.3243076503276825,0.4144412875175476,0.44228312373161316,0.47118741273880005,0.49504444003105164,0.5149769186973572,0.5441900491714478,0.5372239351272583,0.3565486967563629
2025-03-17,Arel,ACOLITE,S2C_MSI_2025_03_17_11_46_19_T28QCH_L2W,C:\Users\Simon\Nextcloud\Project\Mauritania\Science\Arguin - FieldWork Data Processing\Data\S2\ACOLITE\2025-03-17,108,870,864,342695.0,2201275.0,0.20099252462387085,0.25502312183380127,0.32453617453575134,0.4171975255012512,0.44228190183639526,0.47118639945983887,0.49504354596138,0.5150815844535828,0.5441892743110657,0.537224292755127,0.35655221343040466
2025-03-17,Arel,ACOLITE,S2C_MSI_2025_03_17_11_46_19_T28QCH_L2W,C:\Users\Simon\Nextcloud\Project\Mauritania\Science\Arguin - FieldWork Data Processing\Data\S2\ACOLITE\2025-03-17,109,870,865,342705.0,2201275.0,0.20098908245563507,0.2550204396247864,0.32798781991004944,0.4136959910392761,0.44291454553604126,0.4729539155960083,0.4964616298675537,0.5167690515518188,0.5407240986824036,0.5396934151649475,0.359928160905838
2025-03-17,Arel,ACOLITE,S2C_MSI_2025_03_17_11_46_19_T28QCH_L2W,C:\Users\Simon\Nextcloud\Project\Mauritania\Science\Arguin - FieldWork Data Processing\Data\S2\ACOLITE\2025-03-17,110,870,866,342715.0,2201275.0,0.20098567008972168,0.25080543756484985,0.32591429352760315,0.4167708456516266,0.44291335344314575,0.4729529321193695,0.4964607059955597,0.5182451009750366,0.5407233238220215,0.5396938323974609,0.35993167757987976
2025-03-17,Arel,ACOLITE,S2C_MSI_2025_03_17_11_46_19_T28QCH_L2W,C:\Users\Simon\Nextcloud\Project\Mauritania\Science\Arguin - FieldWork Data Processing\Data\S2\ACOLITE\2025-03-17,111,870,867,342725.0,2201275.0,0.20659522712230682,0.25419652462005615,0.3289046287536621,0.4194198548793793,0.44576340913772583,0.47315993905067444,0.4979797899723053,0.5209861993789673,0.5437910556793213,0.5411340594291687,0.35588809847831726
2025-03-17,Arel,ACOLITE,S2C_MSI_2025_03_17_11_46_19_T28QCH_L2W,C:\Users\Simon\Nextcloud\Project\Mauritania\Science\Arguin - FieldWork Data Processing\Data\S2\ACOLITE\2025-03-17,112,870,868,342735.0,2201275.0,0.2065919041633606,0.25068289041519165,0.3260258138179779,0.4137982428073883,0.4457622468471527,0.47315892577171326,0.4979788661003113,0.5172940492630005,0.5437902808189392,0.5411344766616821,0.35589155554771423
2025-03-17,Arel,ACOLITE,S2C_MSI_2025_03_17_11_46_19_T28QCH_L2W,C:\Users\Simon\Nextcloud\Project\Mauritania\Science\Arguin - FieldWork Data Processing\Data\S2\ACOLITE\2025-03-17,113,870,869,342745.0,2201275.0,0.20658855140209198,0.2558280825614929,0.3328101933002472,0.41284191608428955,0.43804848194122314,0.4718055725097656,0.49280837178230286,0.5122272968292236,0.5308125019073486,0.5299193263053894,0.3417203724384308
2025-03-17,Arel,ACOLITE,S2C_MSI_2025_03_17_11_46_19_T28QCH_L2W,C:\Users\Simon\Nextcloud\Project\Mauritania\Science\Arguin - FieldWork Data Processing\Data\S2\ACOLITE\2025-03-17,114,870,870,342755.0,2201275.0,0.20658521354198456,0.2613138258457184,0.32625243067741394,0.40806251764297485,0.43804728984832764,0.47180455923080444,0.49280744791030884,0.5078960657119751,0.5308117270469666,0.5299197435379028,0.3417236804962158
2025-03-17,Arel,ACOLITE,S2C_MSI_2025_03_17_11_46_19_T28QCH_L2W,C:\Users\Simon\Nextcloud\Project\Mauritania\Science\Arguin - FieldWork Data Processing\Data\S2\ACOLITE\2025-03-17,115,871,845,342505.0,2201265.0,0.19292588531970978,0.24722975492477417,0.3221510350704193,0.41488802433013916,0.4428320825099945,0.4674583971500397,0.48684412240982056,0.5009400844573975,0.5167355537414551,0.5187842845916748,0.3616572320461273
2025-03-17,Arel,ACOLITE,S2C_MSI_2025_03_17_11_46_19_T28QCH_L2W,C:\Users\Simon\Nextcloud\Project\Mauritania\Science\Arguin - FieldWork Data Processing\Data\S2\ACOLITE\2025-03-17,116,871,846,342515.0,2201265.0,0.19292233884334564,0.2705727517604828,0.35427141189575195,0.43594926595687866,0.442830890417099,0.4674573540687561,0.48684319853782654,0.5127742290496826,0.516734778881073,0.5187847018241882,0.36166077852249146
2025-03-17,Arel,ACOLITE,S2C_MSI_2025_03_17_11_46_19_T28QCH_L2W,C:\Users\Simon\Nextcloud\Project\Mauritania\Science\Arguin - FieldWork Data Processing\Data\S2\ACOLITE\2025-03-17,117,871,847,342525.0,2201265.0,0.1929187774658203,0.26265478134155273,0.34523525834083557,0.4317217171192169,0.4525381624698639,0.47297170758247375,0.4962748885154724,0.5139345526695251,0.5285486578941345,0.5337190628051758,0.3782840669155121
2025-03-17,Arel,ACOLITE,S2C_MSI_2025_03_17_11_46_19_T28QCH_L2W,C:\Users\Simon\Nextcloud\Project\Mauritania\Science\Arguin - FieldWork Data Processing\Data\S2\ACOLITE\2025-03-17,118,871,848,342535.0,2201265.0,0.19291523098945618,0.247104212641716,0.3293977677822113,0.4228331446647644,0.45253702998161316,0.4729706943035126,0.4962739646434784,0.5085483193397522,0.5285478234291077,0.5337194204330444,0.37828782200813293
2025-03-17,Arel,ACOLITE,S2C_MSI_2025_03_17_11_46_19_T28QCH_L2W,C:\Users\Simon\Nextcloud\Project\Mauritania\Science\Arguin - FieldWork Data Processing\Data\S2\ACOLITE\2025-03-17,119,871,849,342545.0,2201265.0,0.20702704787254333,0.26090043783187866,0.33824044466018677,0.4322477877140045,0.4572780728340149,0.4861636757850647,0.5019456744194031,0.5183644890785217,0.5381616353988647,0.544108510017395,0.38289228081703186
2025-03-17,Arel,ACOLITE,S2C_MSI_2025_03_17_11_46_19_T28QCH_L2W,C:\Users\Simon\Nextcloud\Project\Mauritania\Science\Arguin - FieldWork Data Processing\Data\S2\ACOLITE\2025-03-17,120,871,850,342555.0,2201265.0,0.2070237100124359,0.2818150222301483,0.36304959654808044,0.4568110406398773,0.45727694034576416,0.4861626625061035,0.5019447803497314,0.5373206734657288,0.5381608605384827,0.5441089272499084,0.3828960657119751
2025-03-17,Arel,ACOLITE,S2C_MSI_2025_03_17_11_46_19_T28QCH_L2W,C:\Users\Simon\Nextcloud\Project\Mauritania\Science\Arguin - FieldWork Data Processing\Data\S2\ACOLITE\2025-03-17,121,871,851,342565.0,2201265.0,0.2070203721523285,0.2742775082588196,0.36430132389068604,0.4560737907886505,0.467273086309433,0.49165859818458557,0.517717719078064,0.5402635931968689,0.5508255958557129,0.5656737685203552,0.4091287851333618
2025-03-17,Arel,ACOLITE,S2C_MSI_2025_03_17_11_46_19_T28QCH_L2W,C:\Users\Simon\Nextcloud\Project\Mauritania\Science\Arguin - FieldWork Data Processing\Data\S2\ACOLITE\2025-03-17,122,871,852,342575.0,2201265.0,0.20701704919338226,0.2542353570461273,0.34018513560295105,0.4338293671607971,0.46727198362350464,0.49165764451026917,0.5177168846130371,0.527953028678894,0.5508248209953308,0.5656741857528687,0.40913286805152893
2025-03-17,Arel,ACOLITE,S2C_MSI_2025_03_17_11_46_19_T28QCH_L2W,C:\Users\Simon\Nextcloud\Project\Mauritania\Science\Arguin - FieldWork Data Processing\Data\S2\ACOLITE\2025-03-17,123,871,853,342585.0,2201265.0,0.20701369643211365,0.24814526736736298,0.33122843503952026,0.4273785352706909,0.4586426913738251,0.48771601915359497,0.5093287229537964,0.5201539397239685,0.5444943308830261,0.5645462274551392,0.41697371006011963
2025-03-17,Arel,ACOLITE,S2C_MSI_2025_03_17_11_46_19_T28QCH_L2W,C:\Users\Simon\Nextcloud\Project\Mauritania\Science\Arguin - FieldWork Data Processing\Data\S2\ACOLITE\2025-03-17,124,871,854,342595.0,2201265.0,0.20701037347316742,0.2578526735305786,0.3413282632827759,0.44343265891075134,0.45864155888557434,0.4877150058746338,0.5093278288841248,0.5270034074783325,0.544493556022644,0.5645467042922974,0.4169779121875763
2025-03-17,Arel,ACOLITE,S2C_MSI_2025_03_17_11_46_19_T28QCH_L2W,C:\Users\Simon\Nextcloud\Project\Mauritania\Science\Arguin - FieldWork Data Processing\Data\S2\ACOLITE\2025-03-17,125,871,855,342605.0,2201265.0,0.20625974237918854,0.26275065541267395,0.34648141264915466,0.4456455111503601,0.4675840437412262,0.49341675639152527,0.5178152322769165,0.5298458933830261,0.5475594997406006,0.560340166091919,0.40724125504493713
2025-03-17,Arel,ACOLITE,S2C_MSI_2025_03_17_11_46_19_T28QCH_L2W,C:\Users\Simon\Nextcloud\Project\Mauritania\Science\Arguin - FieldWork Data Processing\Data\S2\ACOLITE\2025-03-17,126,871,856,342615.0,2201265.0,0.20625638961791992,0.2630978226661682,0.34888288378715515,0.44522273540496826,0.46758294105529785,0.49341580271720886,0.5178143382072449,0.5343706607818604,0.5475586652755737,0.5603405833244324,0.40724533796310425
2025-03-17,Arel,ACOLITE,S2C_MSI_2025_03_17_11_46_19_T28QCH_L2W,C:\Users\Simon\Nextcloud\Project\Mauritania\Science\Arguin - FieldWork Data Processing\Data\S2\ACOLITE\2025-03-17,127,871,857,342625.0,2201265.0,0.2062530517578125,0.2663571238517761,0.34796592593193054,0.4470132887363434,0.46568915247917175,0.49320757389068604,0.5143792033195496,0.5353165864944458,0.5480524301528931,0.555721640586853,0.40063944458961487
2025-03-17,Arel,ACOLITE,S2C_MSI_2025_03_17_11_46_19_T28QCH_L2W,C:\Users\Simon\Nextcloud\Project\Mauritania\Science\Arguin - FieldWork Data Processing\Data\S2\ACOLITE\2025-03-17,128,871,858,342635.0,2201265.0,0.20624969899654388,0.2633257210254669,0.3470487892627716,0.4406854510307312,0.465688019990921,0.49320659041404724,0.5143783092498779,0.5265787243843079,0.548051655292511,0.5557220578193665,0.4006434679031372
2025-03-17,Arel,ACOLITE,S2C_MSI_2025_03_17_11_46_19_T28QCH_L2W,C:\Users\Simon\Nextcloud\Project\Mauritania\Science\Arguin - FieldWork Data Processing\Data\S2\ACOLITE\2025-03-17,129,871,859,342645.0,2201265.0,0.20624634623527527,0.2504717707633972,0.3321372866630554,0.42493700981140137,0.4438715875148773,0.47462350130081177,0.4982905387878418,0.5185670256614685,0.5372622013092041,0.5513062477111816,0.38360345363616943
2025-03-17,Arel,ACOLITE,S2C_MSI_2025_03_17_11_46_19_T28QCH_L2W,C:\Users\Simon\Nextcloud\Project\Mauritania\Science\Arguin - FieldWork Data Processing\Data\S2\ACOLITE\2025-03-17,130,871,860,342655.0,2201265.0,0.20624299347400665,0.23791012167930603,0.31808748841285706,0.4097742736339569,0.4438704252243042,0.4746224880218506,0.49828964471817017,0.5097000002861023,0.5372613668441772,0.5513067245483398,0.38360726833343506
2025-03-17,Arel,ACOLITE,S2C_MSI_2025_03_17_11_46_19_T28QCH_L2W,C:\Users\Simon\Nextcloud\Project\Mauritania\Science\Arguin - FieldWork Data Processing\Data\S2\ACOLITE\2025-03-17,131,871,861,342665.0,2201265.0,0.2010008543729782,0.2393185794353485,0.31416091322898865,0.4090295732021332,0.439431756734848,0.4679624140262604,0.4921053349971771,0.5083259344100952,0.536666214466095,0.542160153388977,0.36721962690353394
2025-03-17,Arel,ACOLITE,S2C_MSI_2025_03_17_11_46_19_T28QCH_L2W,C:\Users\Simon\Nextcloud\Project\Mauritania\Science\Arguin - FieldWork Data Processing\Data\S2\ACOLITE\2025-03-17,132,871,862,342675.0,2201265.0,0.20099742710590363,0.2469479888677597,0.32304131984710693,0.4096654951572418,0.4394305646419525,0.4679613709449768,0.4921044111251831,0.5124439597129822,0.5366654396057129,0.5421605706214905,0.36722323298454285
2025-03-17,Arel,ACOLITE,S2C_MSI_2025_03_17_11_46_19_T28QCH_L2W,C:\Users\Simon\Nextcloud\Project\Mauritania\Science\Arguin - FieldWork Data Processing\Data\S2\ACOLITE\2025-03-17,133,871,863,342685.0,2201265.0,0.20099399983882904,0.2566606104373932,0.3294858932495117,0.4160316288471222,0.44228246808052063,0.4711868464946747,0.49504396319389343,0.5181417465209961,0.5441896319389343,0.5372241139411926,0.3565504550933838
2025-03-17,Arel,ACOLITE,S2C_MSI_2025_03_17_11_46_19_T28QCH_L2W,C:\Users\Simon\Nextcloud\Project\Mauritania\Science\Arguin - FieldWork Data Processing\Data\S2\ACOLITE\2025-03-17,134,871,864,342695.0,2201265.0,0.20099057257175446,0.2579430043697357,0.32591691613197327,0.41316601634025574,0.44228124618530273,0.4711858332157135,0.4950430691242218,0.5142368078231812,0.5441887974739075,0.537224531173706,0.35655397176742554
2025-03-17,Arel,ACOLITE,S2C_MSI_2025_03_17_11_46_19_T28QCH_L2W,C:\Users\Simon\Nextcloud\Project\Mauritania\Science\Arguin - FieldWork Data Processing\Data\S2\ACOLITE\2025-03-17,135,871,865,342705.0,2201265.0,0.20098714530467987,0.2543173134326935,0.3262604773044586,0.4129524827003479,0.4429139196872711,0.4729533791542053,0.4964611232280731,0.5139192938804626,0.5407236814498901,0.5396936535835266,0.3599299192428589
2025-03-17,Arel,ACOLITE,S2C_MSI_2025_03_17_11_46_19_T28QCH_L2W,C:\Users\Simon\Nextcloud\Project\Mauritania\Science\Arguin - FieldWork Data Processing\Data\S2\ACOLITE\2025-03-17,136,871,866,342715.0,2201265.0,0.20098371803760529,0.25337886810302734,0.3290204107761383,0.4150731861591339,0.4429127275943756,0.47295233607292175,0.4964602291584015,0.5169788002967834,0.5407229065895081,0.53969407081604,0.359933465719223
2025-03-17,Arel,ACOLITE,S2C_MSI_2025_03_17_11_46_19_T28QCH_L2W,C:\Users\Simon\Nextcloud\Project\Mauritania\Science\Arguin - FieldWork Data Processing\Data\S2\ACOLITE\2025-03-17,137,871,867,342725.0,2201265.0,0.20659330487251282,0.254428893327713,0.3312035799026489,0.41846519708633423,0.4457627832889557,0.4731593728065491,0.4979793131351471,0.5177164077758789,0.5437906384468079,0.5411342978477478,0.35588985681533813
2025-03-17,Arel,ACOLITE,S2C_MSI_2025_03_17_11_46_19_T28QCH_L2W,C:\Users\Simon\Nextcloud\Project\Mauritania\Science\Arguin - FieldWork Data Processing\Data\S2\ACOLITE\2025-03-17,138,871,868,342735.0,2201265.0,0.2065899670124054,0.2504470944404602,0.3278663456439972,0.4152827858924866,0.4457615911960602,0.4731583595275879,0.4979783892631531,0.518137514591217,0.543789803981781,0.5411347150802612,0.3558933138847351
2025-03-17,Arel,ACOLITE,S2C_MSI_2025_03_17_11_46_19_T28QCH_L2W,C:\Users\Simon\Nextcloud\Project\Mauritania\Science\Arguin - FieldWork Data Processing\Data\S2\ACOLITE\2025-03-17,139,871,869,342745.0,2201265.0,0.20658662915229797,0.2553589642047882,0.3227979242801666,0.41061198711395264,0.4380478262901306,0.47180500626564026,0.49280786514282227,0.5090585350990295,0.5308120846748352,0.5299195051193237,0.3417220711708069
2025-03-17,Arel,ACOLITE,S2C_MSI_2025_03_17_11_46_19_T28QCH_L2W,C:\Users\Simon\Nextcloud\Project\Mauritania\Science\Arguin - FieldWork Data Processing\Data\S2\ACOLITE\2025-03-17,140,871,870,342755.0,2201265.0,0.20658329129219055,0.25465473532676697,0.3207213282585144,0.4015772044658661,0.4380466341972351,0.4718039631843567,0.49280694127082825,0.49816763401031494,0.5308112502098083,0.5299199223518372,0.34172534942626953
2025-03-17,Arel,ACOLITE,S2C_MSI_2025_03_17_11_46_19_T28QCH_L2W,C:\Users\Simon\Nextcloud\Project\Mauritania\Science\Arguin - FieldWork Data Processing\Data\S2\ACOLITE\2025-03-17,141,871,871,342765.0,2201265.0,0.20657993853092194,0.26934751868247986,0.34198734164237976,0.4233339726924896,0.45219412446022034,0.47627490758895874,0.5057722330093384,0.5164470076560974,0.5419068932533264,0.5162172913551331,0.3171690106391907
2025-03-17,Arel,ACOLITE,S2C_MSI_2025_03_17_11_46_19_T28QCH_L2W,C:\Users\Simon\Nextcloud\Project\Mauritania\Science\Arguin - FieldWork Data Processing\Data\S2\ACOLITE\2025-03-17,142,872,843,342485.0,2201255.0,0.19293110072612762,0.24160154163837433,0.31431007385253906,0.4056530296802521,0.43913573026657104,0.45995861291885376,0.481463223695755,0.48760032653808594,0.5132578015327454,0.5138348937034607,0.36558377742767334
2025-03-17,Arel,ACOLITE,S2C_MSI_2025_03_17_11_46_19_T28QCH_L2W,C:\Users\Simon\Nextcloud\Project\Mauritania\Science\Arguin - FieldWork Data Processing\Data\S2\ACOLITE\2025-03-17,143,872,844,342495.0,2201255.0,0.1929275393486023,0.23206788301467896,0.3140771985054016,0.40310049057006836,0.43913453817367554,0.4599575698375702,0.4814622700214386,0.49321457743644714,0.5132569670677185,0.5138353109359741,0.36558738350868225
2025-03-17,Arel,ACOLITE,S2C_MSI_2025_03_17_11_46_19_T28QCH_L2W,C:\Users\Simon\Nextcloud\Project\Mauritania\Science\Arguin - FieldWork Data Processing\Data\S2\ACOLITE\2025-03-17,144,872,845,342505.0,2201255.0,0.19292399287223816,0.24394409358501434,0.32744666934013367,0.4210355877876282,0.4558071792125702,0.48606330156326294,0.5032649636268616,0.5045347809791565,0.5330119132995605,0.5348503589630127,0.38074713945388794
2025-03-17,Arel,ACOLITE,S2C_MSI_2025_03_17_11_46_19_T28QCH_L2W,C:\Users\Simon\Nextcloud\Project\Mauritania\Science\Arguin - FieldWork Data Processing\Data\S2\ACOLITE\2025-03-17,145,872,846,342515.0,2201255.0,0.19292041659355164,0.2761450409889221,0.35917869210243225,0.4438630938529968,0.45580604672431946,0.48606231808662415,0.5032640695571899,0.521530032157898,0.5330111384391785,0.5348507761955261,0.3807509243488312
2025-03-17,Arel,ACOLITE,S2C_MSI_2025_03_17_11_46_19_T28QCH_L2W,C:\Users\Simon\Nextcloud\Project\Mauritania\Science\Arguin - FieldWork Data Processing\Data\S2\ACOLITE\2025-03-17,146,872,847,342525.0,2201255.0,0.1929168701171875,0.2632361948490143,0.34282898902893066,0.4343630075454712,0.4614914357662201,0.48159751296043396,0.5049837231636047,0.5166778564453125,0.5369741320610046,0.5460609197616577,0.39197102189064026
2025-03-17,Arel,ACOLITE,S2C_MSI_2025_03_17_11_46_19_T28QCH_L2W,C:\Users\Simon\Nextcloud\Project\Mauritania\Science\Arguin - FieldWork Data Processing\Data\S2\ACOLITE\2025-03-17,147,872,848,342535.0,2201255.0,0.19291332364082336,0.2540108263492584,0.3298567533493042,0.42791298031806946,0.46149030327796936,0.4815964996814728,0.5049828290939331,0.5151997208595276,0.5369733572006226,0.5460613369941711,0.39197492599487305
2025-03-17,Arel,ACOLITE,S2C_MSI_2025_03_17_11_46_19_T28QCH_L2W,C:\Users\Simon\Nextcloud\Project\Mauritania\Science\Arguin - FieldWork Data Processing\Data\S2\ACOLITE\2025-03-17,148,872,849,342545.0,2201255.0,0.20702524483203888,0.25131717324256897,0.3334178626537323,0.4300270676612854,0.4613839089870453,0.49311113357543945,0.5094329118728638,0.518047571182251,0.5446950197219849,0.5595167279243469,0.40060943365097046
2025-03-17,Arel,ACOLITE,S2C_MSI_2025_03_17_11_46_19_T28QCH_L2W,C:\Users\Simon\Nextcloud\Project\Mauritania\Science\Arguin - FieldWork Data Processing\Data\S2\ACOLITE\2025-03-17,149,872,850,342555.0,2201255.0,0.20702190697193146,0.25984635949134827,0.3411048352718353,0.43816128373146057,0.46138277649879456,0.49311015009880066,0.5094320178031921,0.5247939229011536,0.544694185256958,0.5595171451568604,0.400613397359848
2025-03-17,Arel,ACOLITE,S2C_MSI_2025_03_17_11_46_19_T28QCH_L2W,C:\Users\Simon\Nextcloud\Project\Mauritania\Science\Arguin - FieldWork Data Processing\Data\S2\ACOLITE\2025-03-17,150,872,851,342565.0,2201255.0,0.20701855421066284,0.25447046756744385,0.3411031663417816,0.43668192625045776,0.4682186245918274,0.49445632100105286,0.5153942704200745,0.5323750376701355,0.5534936785697937,0.5701860785484314,0.4179746210575104
2025-03-17,Arel,ACOLITE,S2C_MSI_2025_03_17_11_46_19_T28QCH_L2W,C:\Users\Simon\Nextcloud\Project\Mauritania\Science\Arguin - FieldWork Data Processing\Data\S2\ACOLITE\2025-03-17,151,872,852,342575.0,2201255.0,0.20701521635055542,0.24720880389213562,0.3329530656337738,0.43203213810920715,0.46821752190589905,0.49445533752441406,0.5153933763504028,0.5266886353492737,0.5534929037094116,0.5701864957809448,0.41797882318496704
2025-03-17,Arel,ACOLITE,S2C_MSI_2025_03_17_11_46_19_T28QCH_L2W,C:\Users\Simon\Nextcloud\Project\Mauritania\Science\Arguin - FieldWork Data Processing\Data\S2\ACOLITE\2025-03-17,152,872,853,342585.0,2201255.0,0.207011878490448,0.2569194734096527,0.3389209508895874,0.43741869926452637,0.4684266448020935,0.49901145696640015,0.5182204246520996,0.5274251103401184,0.55368971824646,0.5698792934417725,0.4185425639152527
2025-03-17,Arel,ACOLITE,S2C_MSI_2025_03_17_11_46_19_T28QCH_L2W,C:\Users\Simon\Nextcloud\Project\Mauritania\Science\Arguin - FieldWork Data Processing\Data\S2\ACOLITE\2025-03-17,153,872,854,342595.0,2201255.0,0.20700852572917938,0.2644999325275421,0.3473978042602539,0.44522443413734436,0.4684255123138428,0.49901053309440613,0.518219530582428,0.5365808010101318,0.5536889433860779,0.5698797702789307,0.41854676604270935
2025-03-17,Arel,ACOLITE,S2C_MSI_2025_03_17_11_46_19_T28QCH_L2W,C:\Users\Simon\Nextcloud\Project\Mauritania\Science\Arguin - FieldWork Data Processing\Data\S2\ACOLITE\2025-03-17,154,872,855,342605.0,2201255.0,0.2062578797340393,0.27368587255477905,0.3567684292793274,0.45322808623313904,0.4777710437774658,0.5049075484275818,0.5261900424957275,0.539208710193634,0.5595153570175171,0.5653679370880127,0.40321049094200134
2025-03-17,Arel,ACOLITE,S2C_MSI_2025_03_17_11_46_19_T28QCH_L2W,C:\Users\Simon\Nextcloud\Project\Mauritania\Science\Arguin - FieldWork Data Processing\Data\S2\ACOLITE\2025-03-17,155,872,856,342615.0,2201255.0,0.2062545269727707,0.274612158536911,0.3573375940322876,0.4511217176914215,0.4777699410915375,0.5049065947532654,0.5261891484260559,0.5405743718147278,0.559514582157135,0.5653683543205261,0.40321454405784607
2025-03-17,Arel,ACOLITE,S2C_MSI_2025_03_17_11_46_19_T28QCH_L2W,C:\Users\Simon\Nextcloud\Project\Mauritania\Science\Arguin - FieldWork Data Processing\Data\S2\ACOLITE\2025-03-17,156,872,857,342625.0,2201255.0,0.20625115931034088,0.2698463499546051,0.3492235243320465,0.4463803768157959,0.46768638491630554,0.49610811471939087,0.5173080563545227,0.5366834998130798,0.5563539266586304,0.560751736164093,0.39470094442367554
2025-03-17,Arel,ACOLITE,S2C_MSI_2025_03_17_11_46_19_T28QCH_L2W,C:\Users\Simon\Nextcloud\Project\Mauritania\Science\Arguin - FieldWork Data Processing\Data\S2\ACOLITE\2025-03-17,157,872,858,342635.0,2201255.0,0.20624782145023346,0.2618086636066437,0.3387976884841919,0.43973508477211,0.4676852524280548,0.4961071312427521,0.5173072218894958,0.5290006399154663,0.5563531517982483,0.5607521533966064,0.3947048783302307
2025-03-17,Arel,ACOLITE,S2C_MSI_2025_03_17_11_46_19_T28QCH_L2W,C:\Users\Simon\Nextcloud\Project\Mauritania\Science\Arguin - FieldWork Data Processing\Data\S2\ACOLITE\2025-03-17,158,872,859,342645.0,2201255.0,0.20624446868896484,0.24777552485466003,0.32523423433303833,0.4234541058540344,0.4459826946258545,0.4749349057674408,0.5008223056793213,0.5186720490455627,0.5426088571548462,0.5534634590148926,0.3763103187084198
2025-03-17,Arel,ACOLITE,S2C_MSI_2025_03_17_11_46_19_T28QCH_L2W,C:\Users\Simon\Nextcloud\Project\Mauritania\Science\Arguin - FieldWork Data Processing\Data\S2\ACOLITE\2025-03-17,159,872,860,342655.0,2201255.0,0.20624111592769623,0.23920226097106934,0.3160092234611511,0.4100921154022217,0.445981502532959,0.4749338924884796,0.5008214116096497,0.5156117081642151,0.5426080226898193,0.553463876247406,0.37631404399871826
2025-03-17,Arel,ACOLITE,S2C_MSI_2025_03_17_11_46_19_T28QCH_L2W,C:\Users\Simon\Nextcloud\Project\Mauritania\Science\Arguin - FieldWork Data Processing\Data\S2\ACOLITE\2025-03-17,160,872,861,342665.0,2201255.0,0.2009989321231842,0.24882476031780243,0.3206218481063843,0.4161395728588104,0.44196727871894836,0.4703558683395386,0.49575480818748474,0.5153998136520386,0.5394391417503357,0.5394865274429321,0.3533969819545746
2025-03-17,Arel,ACOLITE,S2C_MSI_2025_03_17_11_46_19_T28QCH_L2W,C:\Users\Simon\Nextcloud\Project\Mauritania\Science\Arguin - FieldWork Data Processing\Data\S2\ACOLITE\2025-03-17,161,872,862,342675.0,2201255.0,0.20099548995494843,0.2559606730937958,0.32753098011016846,0.4152897894382477,0.44196605682373047,0.470354825258255,0.4957539141178131,0.5149768590927124,0.5394383668899536,0.5394868850708008,0.35340043902397156
2025-03-17,Arel,ACOLITE,S2C_MSI_2025_03_17_11_46_19_T28QCH_L2W,C:\Users\Simon\Nextcloud\Project\Mauritania\Science\Arguin - FieldWork Data Processing\Data\S2\ACOLITE\2025-03-17,162,872,863,342685.0,2201255.0,0.20099207758903503,0.2592286169528961,0.3277592957019806,0.4155006408691406,0.4422818124294281,0.4680638909339905,0.4957529902458191,0.5148704648017883,0.537852942943573,0.5361954569816589,0.3478925824165344
2025-03-17,Arel,ACOLITE,S2C_MSI_2025_03_17_11_46_19_T28QCH_L2W,C:\Users\Simon\Nextcloud\Project\Mauritania\Science\Arguin - FieldWork Data Processing\Data\S2\ACOLITE\2025-03-17,163,872,864,342695.0,2201255.0,0.20098863542079926,0.2550201117992401,0.3286779224872589,0.41231629252433777,0.4422805905342102,0.4680628776550293,0.49575209617614746,0.5130752325057983,0.5378521680831909,0.5361958742141724,0.3478959798812866
2025-03-17,Arel,ACOLITE,S2C_MSI_2025_03_17_11_46_19_T28QCH_L2W,C:\Users\Simon\Nextcloud\Project\Mauritania\Science\Arguin - FieldWork Data Processing\Data\S2\ACOLITE\2025-03-17,164,872,865,342705.0,2201255.0,0.20098519325256348,0.2505708932876587,0.32372602820396423,0.41252729296684265,0.4388977587223053,0.4669165015220642,0.49443337321281433,0.5125464797019958,0.536563515663147,0.5355789065361023,0.34778690338134766
2025-03-17,Arel,ACOLITE,S2C_MSI_2025_03_17_11_46_19_T28QCH_L2W,C:\Users\Simon\Nextcloud\Project\Mauritania\Science\Arguin - FieldWork Data Processing\Data\S2\ACOLITE\2025-03-17,165,872,866,342715.0,2201255.0,0.2009817659854889,0.2566511332988739,0.3282141089439392,0.414117693901062,0.4388965368270874,0.46691545844078064,0.4944324493408203,0.5130735039710999,0.5365627408027649,0.5355793237686157,0.34779030084609985
2025-03-17,Arel,ACOLITE,S2C_MSI_2025_03_17_11_46_19_T28QCH_L2W,C:\Users\Simon\Nextcloud\Project\Mauritania\Science\Arguin - FieldWork Data Processing\Data\S2\ACOLITE\2025-03-17,166,872,867,342725.0,2201255.0,0.20659139752388,0.2626015841960907,0.33843809366226196,0.4187825322151184,0.4441782832145691,0.4711821973323822,0.4944315254688263,0.5161333680152893,0.5389392375946045,0.5342420339584351,0.3503810167312622
2025-03-17,Arel,ACOLITE,S2C_MSI_2025_03_17_11_46_19_T28QCH_L2W,C:\Users\Simon\Nextcloud\Project\Mauritania\Science\Arguin - FieldWork Data Processing\Data\S2\ACOLITE\2025-03-17,167,872,868,342735.0,2201255.0,0.2065880447626114,0.26248234510421753,0.3388952910900116,0.421536386013031,0.4441770613193512,0.47118115425109863,0.4944306015968323,0.5186644792556763,0.5389384627342224,0.5342424511909485,0.3503844439983368
2025-03-17,Arel,ACOLITE,S2C_MSI_2025_03_17_11_46_19_T28QCH_L2W,C:\Users\Simon\Nextcloud\Project\Mauritania\Science\Arguin - FieldWork Data Processing\Data\S2\ACOLITE\2025-03-17,168,872,869,342745.0,2201255.0,0.20658470690250397,0.2624797821044922,0.32889899611473083,0.4154929518699646,0.43878722190856934,0.47170037031173706,0.4943282902240753,0.510748028755188,0.5330919027328491,0.5340370535850525,0.34757542610168457
2025-03-17,Arel,ACOLITE,S2C_MSI_2025_03_17_11_46_19_T28QCH_L2W,C:\Users\Simon\Nextcloud\Project\Mauritania\Science\Arguin - FieldWork Data Processing\Data\S2\ACOLITE\2025-03-17,169,872,870,342755.0,2201255.0,0.20658135414123535,0.2643422782421112,0.3347594439983368,0.4123085141181946,0.43878600001335144,0.4716993272304535,0.4943273961544037,0.5034559369087219,0.533091127872467,0.5340374708175659,0.34757882356643677
2025-03-17,Arel,ACOLITE,S2C_MSI_2025_03_17_11_46_19_T28QCH_L2W,C:\Users\Simon\Nextcloud\Project\Mauritania\Science\Arguin - FieldWork Data Processing\Data\S2\ACOLITE\2025-03-17,170,872,871,342765.0,2201255.0,0.20657800137996674,0.2723686993122101,0.3371688723564148,0.4240745007991791,0.4491346776485443,0.46753501892089844,0.49726584553718567,0.515285849571228,0.5408174395561218,0.5218865275382996,0.3087109327316284
2025-03-17,Arel,ACOLITE,S2C_MSI_2025_03_17_11_46_19_T28QCH_L2W,C:\Users\Simon\Nextcloud\Project\Mauritania\Science\Arguin - FieldWork Data Processing\Data\S2\ACOLITE\2025-03-17,171,872,872,342775.0,2201255.0,0.20657466351985931,0.2578035593032837,0.3396914005279541,0.41124436259269714,0.4491335153579712,0.46753400564193726,0.49726495146751404,0.5089498162269592,0.5408166646957397,0.5218868851661682,0.3087138533592224
2025-03-17,Arel,ACOLITE,S2C_MSI_2025_03_17_11_46_19_T28QCH_L2W,C:\Users\Simon\Nextcloud\Project\Mauritania\Science\Arguin - FieldWork Data Processing\Data\S2\ACOLITE\2025-03-17,172,873,842,342475.0,2201245.0,0.1263062059879303,0.23619449138641357,0.31719666719436646,0.40533480048179626,0.4033949375152588,0.42848989367485046,0.44927161931991577,0.4867527484893799,0.47516632080078125,0.475706547498703,0.3394976854324341
2025-03-17,Arel,ACOLITE,S2C_MSI_2025_03_17_11_46_19_T28QCH_L2W,C:\Users\Simon\Nextcloud\Project\Mauritania\Science\Arguin - FieldWork Data Processing\Data\S2\ACOLITE\2025-03-17,173,873,843,342485.0,2201245.0,0.192929208278656,0.23619157075881958,0.3124610185623169,0.4085208475589752,0.4391351044178009,0.4599580764770508,0.4814627170562744,0.4963912069797516,0.5132573843002319,0.513835072517395,0.3655855059623718
2025-03-17,Arel,ACOLITE,S2C_MSI_2025_03_17_11_46_19_T28QCH_L2W,C:\Users\Simon\Nextcloud\Project\Mauritania\Science\Arguin - FieldWork Data Processing\Data\S2\ACOLITE\2025-03-17,174,873,844,342495.0,2201245.0,0.19292564690113068,0.24147973954677582,0.31973034143447876,0.41637274622917175,0.4391339123249054,0.4599570035934448,0.481461763381958,0.4989301264286041,0.5132565498352051,0.5138354897499084,0.36558908224105835
2025-03-17,Arel,ACOLITE,S2C_MSI_2025_03_17_11_46_19_T28QCH_L2W,C:\Users\Simon\Nextcloud\Project\Mauritania\Science\Arguin - FieldWork Data Processing\Data\S2\ACOLITE\2025-03-17,175,873,845,342505.0,2201245.0,0.19292210042476654,0.2662685215473175,0.3478693962097168,0.4405938982963562,0.45580655336380005,0.48606276512145996,0.5032644867897034,0.5126686692237854,0.5330114960670471,0.534850537776947,0.3807489275932312
2025-03-17,Arel,ACOLITE,S2C_MSI_2025_03_17_11_46_19_T28QCH_L2W,C:\Users\Simon\Nextcloud\Project\Mauritania\Science\Arguin - FieldWork Data Processing\Data\S2\ACOLITE\2025-03-17,176,873,846,342515.0,2201245.0,0.19291852414608002,0.27533164620399475,0.3550691604614258,0.4420696794986725,0.4558054208755493,0.48606181144714355,0.503263533115387,0.5175222158432007,0.533010721206665,0.5348509550094604,0.38075271248817444
2025-03-17,Arel,ACOLITE,S2C_MSI_2025_03_17_11_46_19_T28QCH_L2W,C:\Users\Simon\Nextcloud\Project\Mauritania\Science\Arguin - FieldWork Data Processing\Data\S2\ACOLITE\2025-03-17,177,873,847,342525.0,2201245.0,0.1929149627685547,0.25716763734817505,0.33766838908195496,0.43066325783729553,0.46149083971977234,0.481596976518631,0.5049832463264465,0.5115055441856384,0.5369737148284912,0.546061098575592,0.3919728696346283
2025-03-17,Arel,ACOLITE,S2C_MSI_2025_03_17_11_46_19_T28QCH_L2W,C:\Users\Simon\Nextcloud\Project\Mauritania\Science\Arguin - FieldWork Data Processing\Data\S2\ACOLITE\2025-03-17,178,873,848,342535.0,2201245.0,0.19291138648986816,0.2565808892250061,0.3349117934703827,0.4307677745819092,0.4614897072315216,0.4815959930419922,0.5049823522567749,0.5202627182006836,0.5369728803634644,0.5460615158081055,0.3919767737388611
2025-03-17,Arel,ACOLITE,S2C_MSI_2025_03_17_11_46_19_T28QCH_L2W,C:\Users\Simon\Nextcloud\Project\Mauritania\Science\Arguin - FieldWork Data Processing\Data\S2\ACOLITE\2025-03-17,179,873,849,342545.0,2201245.0,0.20702342689037323,0.24920788407325745,0.3337615430355072,0.431400865316391,0.46138331294059753,0.49311062693595886,0.5094324350357056,0.5237405896186829,0.5446946024894714,0.5595169067382812,0.4006113111972809
2025-03-17,Arel,ACOLITE,S2C_MSI_2025_03_17_11_46_19_T28QCH_L2W,C:\Users\Simon\Nextcloud\Project\Mauritania\Science\Arguin - FieldWork Data Processing\Data\S2\ACOLITE\2025-03-17,180,873,850,342555.0,2201245.0,0.20702007412910461,0.24908795952796936,0.33065706491470337,0.4333021342754364,0.4613821804523468,0.49310964345932007,0.5094315409660339,0.5258470773696899,0.5446938276290894,0.5595173239707947,0.4006153643131256
2025-03-17,Arel,ACOLITE,S2C_MSI_2025_03_17_11_46_19_T28QCH_L2W,C:\Users\Simon\Nextcloud\Project\Mauritania\Science\Arguin - FieldWork Data Processing\Data\S2\ACOLITE\2025-03-17,181,873,851,342565.0,2201245.0,0.207016721367836,0.24814783036708832,0.33295387029647827,0.42991822957992554,0.46821802854537964,0.49445581436157227,0.5153937935829163,0.5290060043334961,0.553493320941925,0.5701862573623657,0.4179766774177551
2025-03-17,Arel,ACOLITE,S2C_MSI_2025_03_17_11_46_19_T28QCH_L2W,C:\Users\Simon\Nextcloud\Project\Mauritania\Science\Arguin - FieldWork Data Processing\Data\S2\ACOLITE\2025-03-17,182,873,852,342575.0,2201245.0,0.20701338350772858,0.24908243119716644,0.331458181142807,0.4346733093261719,0.4682169258594513,0.49445483088493347,0.5153928995132446,0.5272148251533508,0.5534924864768982,0.5701867341995239,0.4179808497428894
2025-03-17,Arel,ACOLITE,S2C_MSI_2025_03_17_11_46_19_T28QCH_L2W,C:\Users\Simon\Nextcloud\Project\Mauritania\Science\Arguin - FieldWork Data Processing\Data\S2\ACOLITE\2025-03-17,183,873,853,342585.0,2201245.0,0.20701004564762115,0.25937020778656006,0.3397228717803955,0.4421669840812683,0.46842604875564575,0.49901095032691956,0.5182199478149414,0.5352137684822083,0.5536893010139465,0.5698794722557068,0.4185446500778198
2025-03-17,Arel,ACOLITE,S2C_MSI_2025_03_17_11_46_19_T28QCH_L2W,C:\Users\Simon\Nextcloud\Project\Mauritania\Science\Arguin - FieldWork Data Processing\Data\S2\ACOLITE\2025-03-17,184,873,854,342595.0,2201245.0,0.20700667798519135,0.2649645209312439,0.3460233509540558,0.4441695511341095,0.468424916267395,0.49901002645492554,0.5182191133499146,0.5340557098388672,0.5536885261535645,0.569879949092865,0.4185488522052765
2025-03-17,Arel,ACOLITE,S2C_MSI_2025_03_17_11_46_19_T28QCH_L2W,C:\Users\Simon\Nextcloud\Project\Mauritania\Science\Arguin - FieldWork Data Processing\Data\S2\ACOLITE\2025-03-17,185,873,855,342605.0,2201245.0,0.20625603199005127,0.27948418259620667,0.3566534221172333,0.45470064878463745,0.47777044773101807,0.5049070119857788,0.5261895656585693,0.539103090763092,0.5595149397850037,0.565368115901947,0.4032124876976013
2025-03-17,Arel,ACOLITE,S2C_MSI_2025_03_17_11_46_19_T28QCH_L2W,C:\Users\Simon\Nextcloud\Project\Mauritania\Science\Arguin - FieldWork Data Processing\Data\S2\ACOLITE\2025-03-17,186,873,856,342615.0,2201245.0,0.20625267922878265,0.27925002574920654,0.36007484793663025,0.45459431409835815,0.4777693748474121,0.5049060583114624,0.5261887311935425,0.5426756739616394,0.5595141649246216,0.5653685331344604,0.40321651101112366
2025-03-17,Arel,ACOLITE,S2C_MSI_2025_03_17_11_46_19_T28QCH_L2W,C:\Users\Simon\Nextcloud\Project\Mauritania\Science\Arguin - FieldWork Data Processing\Data\S2\ACOLITE\2025-03-17,187,873,857,342625.0,2201245.0,0.20624931156635284,0.2722858190536499,0.35288119316101074,0.44785502552986145,0.4676857888698578,0.4961075782775879,0.5173075795173645,0.5382604002952576,0.5563535094261169,0.5607519149780273,0.39470288157463074
2025-03-17,Arel,ACOLITE,S2C_MSI_2025_03_17_11_46_19_T28QCH_L2W,C:\Users\Simon\Nextcloud\Project\Mauritania\Science\Arguin - FieldWork Data Processing\Data\S2\ACOLITE\2025-03-17,188,873,858,342635.0,2201245.0,0.20624595880508423,0.26262345910072327,0.3438407778739929,0.43815118074417114,0.46768468618392944,0.4961065948009491,0.5173067450523376,0.5295266509056091,0.5563527345657349,0.5607523918151855,0.3947068154811859
2025-03-17,Arel,ACOLITE,S2C_MSI_2025_03_17_11_46_19_T28QCH_L2W,C:\Users\Simon\Nextcloud\Project\Mauritania\Science\Arguin - FieldWork Data Processing\Data\S2\ACOLITE\2025-03-17,189,873,859,342645.0,2201245.0,0.20624259114265442,0.24624969065189362,0.3277655243873596,0.42239442467689514,0.44598206877708435,0.47493433952331543,0.5008218288421631,0.5209915041923523,0.542608380317688,0.5534636378288269,0.37631213665008545
2025-03-17,Arel,ACOLITE,S2C_MSI_2025_03_17_11_46_19_T28QCH_L2W,C:\Users\Simon\Nextcloud\Project\Mauritania\Science\Arguin - FieldWork Data Processing\Data\S2\ACOLITE\2025-03-17,190,873,860,342655.0,2201245.0,0.2062392383813858,0.24835725128650665,0.3217754065990448,0.4153977632522583,0.44598087668418884,0.47493332624435425,0.5008209347724915,0.5161388516426086,0.5426076054573059,0.5534640550613403,0.3763158917427063
2025-03-17,Arel,ACOLITE,S2C_MSI_2025_03_17_11_46_19_T28QCH_L2W,C:\Users\Simon\Nextcloud\Project\Mauritania\Science\Arguin - FieldWork Data Processing\Data\S2\ACOLITE\2025-03-17,191,873,861,342665.0,2201245.0,0.2009970098733902,0.25946587324142456,0.3322467505931854,0.41815343499183655,0.44196662306785583,0.4703553020954132,0.49575433135032654,0.5167710781097412,0.5394387245178223,0.5394867062568665,0.35339871048927307
2025-03-17,Arel,ACOLITE,S2C_MSI_2025_03_17_11_46_19_T28QCH_L2W,C:\Users\Simon\Nextcloud\Project\Mauritania\Science\Arguin - FieldWork Data Processing\Data\S2\ACOLITE\2025-03-17,192,873,862,342675.0,2201245.0,0.20099356770515442,0.2598133981227875,0.33270463347435,0.417091965675354,0.4419654309749603,0.470354288816452,0.4957534372806549,0.5180361270904541,0.5394379496574402,0.5394870638847351,0.35340216755867004
2025-03-17,Arel,ACOLITE,S2C_MSI_2025_03_17_11_46_19_T28QCH_L2W,C:\Users\Simon\Nextcloud\Project\Mauritania\Science\Arguin - FieldWork Data Processing\Data\S2\ACOLITE\2025-03-17,193,873,863,342685.0,2201245.0,0.20099012553691864,0.25373491644859314,0.3293688893318176,0.4136964678764343,0.44228115677833557,0.4680633246898651,0.4957525134086609,0.5174024105072021,0.5378525257110596,0.5361956357955933,0.3478942811489105
2025-03-17,Arel,ACOLITE,S2C_MSI_2025_03_17_11_46_19_T28QCH_L2W,C:\Users\Simon\Nextcloud\Project\Mauritania\Science\Arguin - FieldWork Data Processing\Data\S2\ACOLITE\2025-03-17,194,873,864,342695.0,2201245.0,0.20098669826984406,0.2525622248649597,0.32706600427627563,0.4107232689857483,0.4422799348831177,0.46806228160858154,0.4957515597343445,0.5140247941017151,0.5378517508506775,0.5361960530281067,0.3478976786136627
2025-03-17,Arel,ACOLITE,S2C_MSI_2025_03_17_11_46_19_T28QCH_L2W,C:\Users\Simon\Nextcloud\Project\Mauritania\Science\Arguin - FieldWork Data Processing\Data\S2\ACOLITE\2025-03-17,195,873,865,342705.0,2201245.0,0.20098324120044708,0.2506864666938782,0.3213050365447998,0.4124204218387604,0.43889710307121277,0.46691593527793884,0.49443283677101135,0.5138128399848938,0.5365630984306335,0.5355790853500366,0.34778857231140137
2025-03-17,Arel,ACOLITE,S2C_MSI_2025_03_17_11_46_19_T28QCH_L2W,C:\Users\Simon\Nextcloud\Project\Mauritania\Science\Arguin - FieldWork Data Processing\Data\S2\ACOLITE\2025-03-17,196,873,866,342715.0,2201245.0,0.2009798139333725,0.254896342754364,0.3283281922340393,0.41284364461898804,0.43889591097831726,0.4669148921966553,0.4944319427013397,0.5114893317222595,0.5365622639656067,0.53557950258255,0.34779196977615356
2025-03-17,Arel,ACOLITE,S2C_MSI_2025_03_17_11_46_19_T28QCH_L2W,C:\Users\Simon\Nextcloud\Project\Mauritania\Science\Arguin - FieldWork Data Processing\Data\S2\ACOLITE\2025-03-17,197,873,867,342725.0,2201245.0,0.206589475274086,0.26504766941070557,0.3362565040588379,0.4182518422603607,0.44417762756347656,0.47118160128593445,0.4944310188293457,0.5121220350265503,0.5389388203620911,0.5342422127723694,0.3503827452659607
2025-03-17,Arel,ACOLITE,S2C_MSI_2025_03_17_11_46_19_T28QCH_L2W,C:\Users\Simon\Nextcloud\Project\Mauritania\Science\Arguin - FieldWork Data Processing\Data\S2\ACOLITE\2025-03-17,198,873,868,342735.0,2201245.0,0.20658612251281738,0.266093373298645,0.33877959847450256,0.41888657212257385,0.44417643547058105,0.47118061780929565,0.4944300949573517,0.5141269564628601,0.538938045501709,0.5342426300048828,0.3503861725330353
2025-03-17,Arel,ACOLITE,S2C_MSI_2025_03_17_11_46_19_T28QCH_L2W,C:\Users\Simon\Nextcloud\Project\Mauritania\Science\Arguin - FieldWork Data Processing\Data\S2\ACOLITE\2025-03-17,199,873,869,342745.0,2201245.0,0.20658278465270996,0.25523900985717773,0.32383278012275696,0.4096548557281494,0.4387865364551544,0.4716998040676117,0.4943277835845947,0.5091632008552551,0.5330914855003357,0.5340372323989868,0.34757715463638306
2025-03-17,Arel,ACOLITE,S2C_MSI_2025_03_17_11_46_19_T28QCH_L2W,C:\Users\Simon\Nextcloud\Project\Mauritania\Science\Arguin - FieldWork Data Processing\Data\S2\ACOLITE\2025-03-17,200,873,870,342755.0,2201245.0,0.20657941699028015,0.2676018178462982,0.33934974670410156,0.4183540344238281,0.4387853145599365,0.4716987609863281,0.4943268597126007,0.5139141082763672,0.5330906510353088,0.5340376496315002,0.34758052229881287
2025-03-17,Arel,ACOLITE,S2C_MSI_2025_03_17_11_46_19_T28QCH_L2W,C:\Users\Simon\Nextcloud\Project\Mauritania\Science\Arguin - FieldWork Data Processing\Data\S2\ACOLITE\2025-03-17,201,873,871,342765.0,2201245.0,0.20657607913017273,0.28754642605781555,0.35685664415359497,0.43655189871788025,0.4491340219974518,0.46753445267677307,0.49726536870002747,0.5206651091575623,0.5408170223236084,0.5218867063522339,0.3087124228477478
2025-03-17,Arel,ACOLITE,S2C_MSI_2025_03_17_11_46_19_T28QCH_L2W,C:\Users\Simon\Nextcloud\Project\Mauritania\Science\Arguin - FieldWork Data Processing\Data\S2\ACOLITE\2025-03-17,202,873,872,342775.0,2201245.0,0.2065727263689041,0.26526781916618347,0.33532923460006714,0.4095447063446045,0.44913288950920105,0.4675334095954895,0.49726441502571106,0.5075759291648865,0.5408162474632263,0.5218871235847473,0.3087153434753418
2025-03-17,Arel,ACOLITE,S2C_MSI_2025_03_17_11_46_19_T28QCH_L2W,C:\Users\Simon\Nextcloud\Project\Mauritania\Science\Arguin - FieldWork Data Processing\Data\S2\ACOLITE\2025-03-17,203,873,873,342785.0,2201245.0,0.14915429055690765,0.251835435628891,0.3134424686431885,0.40114614367485046,0.44543763995170593,0.47689545154571533,0.49645280838012695,0.513594925403595,0.5463575124740601,0.5138468146324158,0.3026239275932312
2025-03-17,Arel,ACOLITE,S2C_MSI_2025_03_17_11_46_19_T28QCH_L2W,C:\Users\Simon\Nextcloud\Project\Mauritania\Science\Arguin - FieldWork Data Processing\Data\S2\ACOLITE\2025-03-17,204,874,841,342465.0,2201235.0,0.12630845606327057,0.23207373917102814,0.30529412627220154,0.3946959972381592,0.42156174778938293,0.4471215605735779,0.4650843143463135,0.47115063667297363,0.49683263897895813,0.4972171187400818,0.3511948883533478
2025-03-17,Arel,ACOLITE,S2C_MSI_2025_03_17_11_46_19_T28QCH_L2W,C:\Users\Simon\Nextcloud\Project\Mauritania\Science\Arguin - FieldWork Data Processing\Data\S2\ACOLITE\2025-03-17,205,874,842,342475.0,2201235.0,0.1263037770986557,0.22971242666244507,0.31038182973861694,0.39905962347984314,0.42156046628952026,0.4471204876899719,0.4650833010673523,0.48494985699653625,0.4968317747116089,0.4972175061702728,0.35119831562042236
2025-03-17,Arel,ACOLITE,S2C_MSI_2025_03_17_11_46_19_T28QCH_L2W,C:\Users\Simon\Nextcloud\Project\Mauritania\Science\Arguin - FieldWork Data Processing\Data\S2\ACOLITE\2025-03-17,206,874,843,342485.0,2201235.0,0.1929273158311844,0.2400711178779602,0.3226126730442047,0.41255447268486023,0.4523301124572754,0.47432616353034973,0.4956689774990082,0.4991421401500702,0.5258718132972717,0.5294975638389587,0.37861111760139465
2025-03-17,Arel,ACOLITE,S2C_MSI_2025_03_17_11_46_19_T28QCH_L2W,C:\Users\Simon\Nextcloud\Project\Mauritania\Science\Arguin - FieldWork Data Processing\Data\S2\ACOLITE\2025-03-17,207,874,844,342495.0,2201235.0,0.19292375445365906,0.2592758536338806,0.3341140151023865,0.4280223846435547,0.45232897996902466,0.47432515025138855,0.49566805362701416,0.5133024454116821,0.5258709788322449,0.5294979810714722,0.3786148726940155
2025-03-17,Arel,ACOLITE,S2C_MSI_2025_03_17_11_46_19_T28QCH_L2W,C:\Users\Simon\Nextcloud\Project\Mauritania\Science\Arguin - FieldWork Data Processing\Data\S2\ACOLITE\2025-03-17,208,874,845,342505.0,2201235.0,0.19292017817497253,0.2733595073223114,0.35598331689834595,0.4434412717819214,0.4559113085269928,0.4839865267276764,0.5046809911727905,0.5210028290748596,0.5349933505058289,0.5430792570114136,0.3897244334220886
2025-03-17,Arel,ACOLITE,S2C_MSI_2025_03_17_11_46_19_T28QCH_L2W,C:\Users\Simon\Nextcloud\Project\Mauritania\Science\Arguin - FieldWork Data Processing\Data\S2\ACOLITE\2025-03-17,209,874,846,342515.0,2201235.0,0.1929166167974472,0.2610207498073578,0.3385870158672333,0.4309810400009155,0.45591017603874207,0.4839855432510376,0.5046800374984741,0.5149894952774048,0.534992516040802,0.5430797338485718,0.3897283375263214
2025-03-17,Arel,ACOLITE,S2C_MSI_2025_03_17_11_46_19_T28QCH_L2W,C:\Users\Simon\Nextcloud\Project\Mauritania\Science\Arguin - FieldWork Data Processing\Data\S2\ACOLITE\2025-03-17,210,874,847,342525.0,2201235.0,0.19291305541992188,0.25003182888031006,0.3354867100715637,0.4267490804195404,0.45843711495399475,0.48356929421424866,0.5067028403282166,0.5109770894050598,0.5424195528030396,0.5571553111076355,0.40497443079948425
2025-03-17,Arel,ACOLITE,S2C_MSI_2025_03_17_11_46_19_T28QCH_L2W,C:\Users\Simon\Nextcloud\Project\Mauritania\Science\Arguin - FieldWork Data Processing\Data\S2\ACOLITE\2025-03-17,211,874,848,342535.0,2201235.0,0.19290949404239655,0.25307223200798035,0.33594420552253723,0.4296039938926697,0.45843595266342163,0.48356831073760986,0.5067019462585449,0.5247947573661804,0.5424187779426575,0.5571557283401489,0.40497851371765137
2025-03-17,Arel,ACOLITE,S2C_MSI_2025_03_17_11_46_19_T28QCH_L2W,C:\Users\Simon\Nextcloud\Project\Mauritania\Science\Arguin - FieldWork Data Processing\Data\S2\ACOLITE\2025-03-17,212,874,849,342545.0,2201235.0,0.20702160894870758,0.25108012557029724,0.33835241198539734,0.4335140287876129,0.4658014476299286,0.49673622846603394,0.518222987651825,0.5322705507278442,0.5506282448768616,0.5710057020187378,0.4165153503417969
2025-03-17,Arel,ACOLITE,S2C_MSI_2025_03_17_11_46_19_T28QCH_L2W,C:\Users\Simon\Nextcloud\Project\Mauritania\Science\Arguin - FieldWork Data Processing\Data\S2\ACOLITE\2025-03-17,213,874,850,342555.0,2201235.0,0.20701825618743896,0.2573918402194977,0.34213459491729736,0.44111496210098267,0.46580034494400024,0.49673524498939514,0.5182220935821533,0.5333220958709717,0.5506274700164795,0.571006178855896,0.41651955246925354
2025-03-17,Arel,ACOLITE,S2C_MSI_2025_03_17_11_46_19_T28QCH_L2W,C:\Users\Simon\Nextcloud\Project\Mauritania\Science\Arguin - FieldWork Data Processing\Data\S2\ACOLITE\2025-03-17,214,874,851,342565.0,2201235.0,0.20701488852500916,0.25949081778526306,0.3446533679962158,0.44058623909950256,0.47073960304260254,0.5015999674797058,0.5214514136314392,0.5319532155990601,0.5534928441047668,0.57469642162323,0.4218951165676117
2025-03-17,Arel,ACOLITE,S2C_MSI_2025_03_17_11_46_19_T28QCH_L2W,C:\Users\Simon\Nextcloud\Project\Mauritania\Science\Arguin - FieldWork Data Processing\Data\S2\ACOLITE\2025-03-17,215,874,852,342575.0,2201235.0,0.20701155066490173,0.26415279507637024,0.3456823229789734,0.44764938950538635,0.4707385003566742,0.5015990138053894,0.5214505791664124,0.5361608862876892,0.5534921288490295,0.5746968388557434,0.42189934849739075
2025-03-17,Arel,ACOLITE,S2C_MSI_2025_03_17_11_46_19_T28QCH_L2W,C:\Users\Simon\Nextcloud\Project\Mauritania\Science\Arguin - FieldWork Data Processing\Data\S2\ACOLITE\2025-03-17,216,874,853,342585.0,2201235.0,0.20700819790363312,0.26554805040359497,0.34888511896133423,0.45049214363098145,0.4744133949279785,0.5048049092292786,0.5285095572471619,0.5361601114273071,0.5597134828567505,0.5715200304985046,0.4154128432273865
2025-03-17,Arel,ACOLITE,S2C_MSI_2025_03_17_11_46_19_T28QCH_L2W,C:\Users\Simon\Nextcloud\Project\Mauritania\Science\Arguin - FieldWork Data Processing\Data\S2\ACOLITE\2025-03-17,217,874,854,342595.0,2201235.0,0.2070048451423645,0.26787370443344116,0.35025596618652344,0.44490692019462585,0.47441232204437256,0.5048040151596069,0.528508722782135,0.5397342443466187,0.5597127079963684,0.5715204477310181,0.41541701555252075
2025-03-17,Arel,ACOLITE,S2C_MSI_2025_03_17_11_46_19_T28QCH_L2W,C:\Users\Simon\Nextcloud\Project\Mauritania\Science\Arguin - FieldWork Data Processing\Data\S2\ACOLITE\2025-03-17,218,874,855,342605.0,2201235.0,0.20625416934490204,0.26973235607147217,0.34945377707481384,0.4439568817615509,0.4730461537837982,0.49797314405441284,0.5244746208190918,0.5353169441223145,0.5616859793663025,0.5662914514541626,0.39637842774391174
2025-03-17,Arel,ACOLITE,S2C_MSI_2025_03_17_11_46_19_T28QCH_L2W,C:\Users\Simon\Nextcloud\Project\Mauritania\Science\Arguin - FieldWork Data Processing\Data\S2\ACOLITE\2025-03-17,219,874,856,342615.0,2201235.0,0.20625080168247223,0.27437731623649597,0.35448139905929565,0.446485698223114,0.4730450510978699,0.49797219038009644,0.5244737267494202,0.5353161096572876,0.5616852641105652,0.566291868686676,0.3963824212551117
2025-03-17,Arel,ACOLITE,S2C_MSI_2025_03_17_11_46_19_T28QCH_L2W,C:\Users\Simon\Nextcloud\Project\Mauritania\Science\Arguin - FieldWork Data Processing\Data\S2\ACOLITE\2025-03-17,220,874,857,342625.0,2201235.0,0.2062474489212036,0.2714710831642151,0.3518517017364502,0.4462737739086151,0.4568457305431366,0.4890589416027069,0.5096270442008972,0.5364723205566406,0.5527964234352112,0.5582888126373291,0.3784393072128296
2025-03-17,Arel,ACOLITE,S2C_MSI_2025_03_17_11_46_19_T28QCH_L2W,C:\Users\Simon\Nextcloud\Project\Mauritania\Science\Arguin - FieldWork Data Processing\Data\S2\ACOLITE\2025-03-17,221,874,858,342635.0,2201235.0,0.2062440812587738,0.2606393098831177,0.33799272775650024,0.4285341203212738,0.45684459805488586,0.4890579581260681,0.5096262097358704,0.521308183670044,0.5527956485748291,0.5582892298698425,0.37844306230545044
2025-03-17,Arel,ACOLITE,S2C_MSI_2025_03_17_11_46_19_T28QCH_L2W,C:\Users\Simon\Nextcloud\Project\Mauritania\Science\Arguin - FieldWork Data Processing\Data\S2\ACOLITE\2025-03-17,222,874,859,342645.0,2201235.0,0.2062407284975052,0.24577896296977997,0.3241958022117615,0.4087114632129669,0.4407004415988922,0.4704608619213104,0.49605971574783325,0.5128673911094666,0.5396379828453064,0.5465802550315857,0.3504694998264313
2025-03-17,Arel,ACOLITE,S2C_MSI_2025_03_17_11_46_19_T28QCH_L2W,C:\Users\Simon\Nextcloud\Project\Mauritania\Science\Arguin - FieldWork Data Processing\Data\S2\ACOLITE\2025-03-17,223,874,860,342655.0,2201235.0,0.20623736083507538,0.2490588128566742,0.3258060812950134,0.415397047996521,0.4406992197036743,0.47045984864234924,0.49605879187583923,0.5117051601409912,0.5396371483802795,0.5465806722640991,0.35047289729118347
2025-03-17,Arel,ACOLITE,S2C_MSI_2025_03_17_11_46_19_T28QCH_L2W,C:\Users\Simon\Nextcloud\Project\Mauritania\Science\Arguin - FieldWork Data Processing\Data\S2\ACOLITE\2025-03-17,224,874,861,342665.0,2201235.0,0.2009950876235962,0.2556097209453583,0.3330501616001129,0.41571393609046936,0.43710389733314514,0.4637947082519531,0.488147109746933,0.5138157606124878,0.5307180285453796,0.5369151830673218,0.3281882405281067
2025-03-17,Arel,ACOLITE,S2C_MSI_2025_03_17_11_46_19_T28QCH_L2W,C:\Users\Simon\Nextcloud\Project\Mauritania\Science\Arguin - FieldWork Data Processing\Data\S2\ACOLITE\2025-03-17,225,874,862,342675.0,2201235.0,0.20099163055419922,0.2572430372238159,0.33109453320503235,0.4101942777633667,0.43710267543792725,0.46379366517066956,0.4881461560726166,0.512759268283844,0.5307171940803528,0.5369156002998352,0.3281913697719574
2025-03-17,Arel,ACOLITE,S2C_MSI_2025_03_17_11_46_19_T28QCH_L2W,C:\Users\Simon\Nextcloud\Project\Mauritania\Science\Arguin - FieldWork Data Processing\Data\S2\ACOLITE\2025-03-17,226,874,863,342685.0,2201235.0,0.20098818838596344,0.25338247418403625,0.32637619972229004,0.4124222993850708,0.4333990216255188,0.46129152178764343,0.48895710706710815,0.5121249556541443,0.5320053696632385,0.5373275279998779,0.3333759307861328
2025-03-17,Arel,ACOLITE,S2C_MSI_2025_03_17_11_46_19_T28QCH_L2W,C:\Users\Simon\Nextcloud\Project\Mauritania\Science\Arguin - FieldWork Data Processing\Data\S2\ACOLITE\2025-03-17,227,874,864,342695.0,2201235.0,0.20098474621772766,0.2513902187347412,0.3256836235523224,0.41051018238067627,0.4333977699279785,0.4612904489040375,0.48895618319511414,0.5126520395278931,0.5320045351982117,0.5373279452323914,0.3333791494369507
2025-03-17,Arel,ACOLITE,S2C_MSI_2025_03_17_11_46_19_T28QCH_L2W,C:\Users\Simon\Nextcloud\Project\Mauritania\Science\Arguin - FieldWork Data Processing\Data\S2\ACOLITE\2025-03-17,228,874,865,342705.0,2201235.0,0.20098130404949188,0.2555989623069763,0.3271782696247101,0.4105088710784912,0.43762776255607605,0.46212321519851685,0.48966550827026367,0.5087436437606812,0.534977376461029,0.5381513237953186,0.3431769013404846
2025-03-17,Arel,ACOLITE,S2C_MSI_2025_03_17_11_46_19_T28QCH_L2W,C:\Users\Simon\Nextcloud\Project\Mauritania\Science\Arguin - FieldWork Data Processing\Data\S2\ACOLITE\2025-03-17,229,874,866,342715.0,2201235.0,0.2009778618812561,0.26201820373535156,0.3326965868473053,0.4100828468799591,0.43762654066085815,0.4621221721172333,0.48966458439826965,0.5078976154327393,0.5349765419960022,0.538151741027832,0.34318023920059204
2025-03-17,Arel,ACOLITE,S2C_MSI_2025_03_17_11_46_19_T28QCH_L2W,C:\Users\Simon\Nextcloud\Project\Mauritania\Science\Arguin - FieldWork Data Processing\Data\S2\ACOLITE\2025-03-17,230,874,867,342725.0,2201235.0,0.20658756792545319,0.2621321976184845,0.33200526237487793,0.41199252009391785,0.43952828645706177,0.46805861592292786,0.4944305121898651,0.5106431841850281,0.5362638831138611,0.5380493402481079,0.34633442759513855
2025-03-17,Arel,ACOLITE,S2C_MSI_2025_03_17_11_46_19_T28QCH_L2W,C:\Users\Simon\Nextcloud\Project\Mauritania\Science\Arguin - FieldWork Data Processing\Data\S2\ACOLITE\2025-03-17,231,874,868,342735.0,2201235.0,0.20658421516418457,0.2572270333766937,0.3318885266780853,0.41135433316230774,0.43952706456184387,0.4680576026439667,0.4944295883178711,0.5157095789909363,0.5362630486488342,0.5380497574806213,0.34633779525756836
2025-03-17,Arel,ACOLITE,S2C_MSI_2025_03_17_11_46_19_T28QCH_L2W,C:\Users\Simon\Nextcloud\Project\Mauritania\Science\Arguin - FieldWork Data Processing\Data\S2\ACOLITE\2025-03-17,232,874,869,342745.0,2201235.0,0.20658086240291595,0.25465285778045654,0.32198813557624817,0.410397469997406,0.43910303711891174,0.47357168793678284,0.49716535210609436,0.5126477479934692,0.5400261282920837,0.539181649684906,0.33508458733558655
2025-03-17,Arel,ACOLITE,S2C_MSI_2025_03_17_11_46_19_T28QCH_L2W,C:\Users\Simon\Nextcloud\Project\Mauritania\Science\Arguin - FieldWork Data Processing\Data\S2\ACOLITE\2025-03-17,233,874,870,342755.0,2201235.0,0.20657749474048615,0.276432067155838,0.3454234004020691,0.4231213331222534,0.43910181522369385,0.47357064485549927,0.49716442823410034,0.519189178943634,0.5400253534317017,0.5391820669174194,0.3350878059864044
2025-03-17,Arel,ACOLITE,S2C_MSI_2025_03_17_11_46_19_T28QCH_L2W,C:\Users\Simon\Nextcloud\Project\Mauritania\Science\Arguin - FieldWork Data Processing\Data\S2\ACOLITE\2025-03-17,234,874,871,342765.0,2201235.0,0.20657414197921753,0.2708549499511719,0.35274362564086914,0.42396724224090576,0.43084871768951416,0.454607754945755,0.48509228229522705,0.5158125162124634,0.5400245189666748,0.5309503674507141,0.3105190694332123
2025-03-17,Arel,ACOLITE,S2C_MSI_2025_03_17_11_46_19_T28QCH_L2W,C:\Users\Simon\Nextcloud\Project\Mauritania\Science\Arguin - FieldWork Data Processing\Data\S2\ACOLITE\2025-03-17,235,874,872,342775.0,2201235.0,0.20657077431678772,0.25733324885368347,0.33934536576271057,0.4072069525718689,0.4308474659919739,0.45460668206214905,0.48509132862091064,0.5111669301986694,0.5400237441062927,0.5309507846832275,0.31052201986312866
2025-03-17,Arel,ACOLITE,S2C_MSI_2025_03_17_11_46_19_T28QCH_L2W,C:\Users\Simon\Nextcloud\Project\Mauritania\Science\Arguin - FieldWork Data Processing\Data\S2\ACOLITE\2025-03-17,236,874,873,342785.0,2201235.0,0.14915186166763306,0.23669064044952393,0.31621307134628296,0.40050697326660156,0.42088428139686584,0.45794427394866943,0.48112887144088745,0.5076802372932434,0.5314024686813354,0.5382575392723083,0.3425283133983612
2025-03-17,Arel,ACOLITE,S2C_MSI_2025_03_17_11_46_19_T28QCH_L2W,C:\Users\Simon\Nextcloud\Project\Mauritania\Science\Arguin - FieldWork Data Processing\Data\S2\ACOLITE\2025-03-17,237,874,874,342795.0,2201235.0,0.14914758503437042,0.24080461263656616,0.3211718797683716,0.3989093601703644,0.4208829998970032,0.45794323086738586,0.48112794756889343,0.5136991739273071,0.5314016938209534,0.5382579565048218,0.34253165125846863
2025-03-17,Arel,ACOLITE,S2C_MSI_2025_03_17_11_46_19_T28QCH_L2W,C:\Users\Simon\Nextcloud\Project\Mauritania\Science\Arguin - FieldWork Data Processing\Data\S2\ACOLITE\2025-03-17,238,875,841,342465.0,2201225.0,0.12630605697631836,0.22534574568271637,0.306913286447525,0.38638031482696533,0.4215610921382904,0.4471210241317749,0.4650837779045105,0.46774858236312866,0.4968321919441223,0.4972172677516937,0.3511965274810791
2025-03-17,Arel,ACOLITE,S2C_MSI_2025_03_17_11_46_19_T28QCH_L2W,C:\Users\Simon\Nextcloud\Project\Mauritania\Science\Arguin - FieldWork Data Processing\Data\S2\ACOLITE\2025-03-17,239,875,842,342475.0,2201225.0,0.1263013780117035,0.2311261147260666,0.315117210149765,0.40054851770401,0.42155981063842773,0.44711992144584656,0.4650827646255493,0.48696380853652954,0.49683135747909546,0.4972176253795624,0.3511999547481537
2025-03-17,Arel,ACOLITE,S2C_MSI_2025_03_17_11_46_19_T28QCH_L2W,C:\Users\Simon\Nextcloud\Project\Mauritania\Science\Arguin - FieldWork Data Processing\Data\S2\ACOLITE\2025-03-17,240,875,843,342485.0,2201225.0,0.19292543828487396,0.24816712737083435,0.32917293906211853,0.42071834206581116,0.45232951641082764,0.47432562708854675,0.49566850066185,0.5055921673774719,0.5258713960647583,0.5294977426528931,0.3786129057407379
2025-03-17,Arel,ACOLITE,S2C_MSI_2025_03_17_11_46_19_T28QCH_L2W,C:\Users\Simon\Nextcloud\Project\Mauritania\Science\Arguin - FieldWork Data Processing\Data\S2\ACOLITE\2025-03-17,241,875,844,342495.0,2201225.0,0.19292184710502625,0.25857406854629517,0.33617982268333435,0.43087708950042725,0.4523283839225769,0.4743245840072632,0.49566757678985596,0.5123518705368042,0.5258705615997314,0.5294981598854065,0.37861666083335876
2025-03-17,Arel,ACOLITE,S2C_MSI_2025_03_17_11_46_19_T28QCH_L2W,C:\Users\Simon\Nextcloud\Project\Mauritania\Science\Arguin - FieldWork Data Processing\Data\S2\ACOLITE\2025-03-17,242,875,845,342505.0,2201225.0,0.19291828572750092,0.26207154989242554,0.34603649377822876,0.434257835149765,0.45591071248054504,0.4839859902858734,0.5046805143356323,0.5159396529197693,0.5349928736686707,0.5430794358253479,0.38972631096839905
2025-03-17,Arel,ACOLITE,S2C_MSI_2025_03_17_11_46_19_T28QCH_L2W,C:\Users\Simon\Nextcloud\Project\Mauritania\Science\Arguin - FieldWork Data Processing\Data\S2\ACOLITE\2025-03-17,243,875,846,342515.0,2201225.0,0.1929147094488144,0.2523742914199829,0.32916751503944397,0.4284423887729645,0.4559095501899719,0.48398497700691223,0.5046795606613159,0.5111886858940125,0.5349920988082886,0.5430798530578613,0.38973018527030945
2025-03-17,Arel,ACOLITE,S2C_MSI_2025_03_17_11_46_19_T28QCH_L2W,C:\Users\Simon\Nextcloud\Project\Mauritania\Science\Arguin - FieldWork Data Processing\Data\S2\ACOLITE\2025-03-17,244,875,847,342525.0,2201225.0,0.19291114807128906,0.24874185025691986,0.32674968242645264,0.42632514238357544,0.458436518907547,0.4835687577724457,0.5067023634910583,0.5128771662712097,0.5424191355705261,0.5571554899215698,0.40497636795043945
2025-03-17,Arel,ACOLITE,S2C_MSI_2025_03_17_11_46_19_T28QCH_L2W,C:\Users\Simon\Nextcloud\Project\Mauritania\Science\Arguin - FieldWork Data Processing\Data\S2\ACOLITE\2025-03-17,245,875,848,342535.0,2201225.0,0.19290755689144135,0.25260287523269653,0.3306587338447571,0.43203505873680115,0.4584353566169739,0.4835677742958069,0.5067014694213867,0.5245835185050964,0.542418360710144,0.5571559071540833,0.40498045086860657
2025-03-17,Arel,ACOLITE,S2C_MSI_2025_03_17_11_46_19_T28QCH_L2W,C:\Users\Simon\Nextcloud\Project\Mauritania\Science\Arguin - FieldWork Data Processing\Data\S2\ACOLITE\2025-03-17,246,875,849,342545.0,2201225.0,0.20701979100704193,0.25832730531692505,0.34121841192245483,0.4375271201133728,0.4658008813858032,0.49673569202423096,0.5182225108146667,0.5338485836982727,0.5506278276443481,0.5710058808326721,0.41651737689971924
2025-03-17,Arel,ACOLITE,S2C_MSI_2025_03_17_11_46_19_T28QCH_L2W,C:\Users\Simon\Nextcloud\Project\Mauritania\Science\Arguin - FieldWork Data Processing\Data\S2\ACOLITE\2025-03-17,247,875,850,342555.0,2201225.0,0.20701642334461212,0.26602014899253845,0.34934669733047485,0.44775640964508057,0.4657997488975525,0.49673473834991455,0.5182216167449951,0.5399473309516907,0.5506270527839661,0.5710063576698303,0.4165215790271759
2025-03-17,Arel,ACOLITE,S2C_MSI_2025_03_17_11_46_19_T28QCH_L2W,C:\Users\Simon\Nextcloud\Project\Mauritania\Science\Arguin - FieldWork Data Processing\Data\S2\ACOLITE\2025-03-17,248,875,851,342565.0,2201225.0,0.2070130854845047,0.26741448044776917,0.35106030106544495,0.44923004508018494,0.4707390069961548,0.5015994310379028,0.5214509963989258,0.5362664461135864,0.5534924864768982,0.5746966004371643,0.42189717292785645
2025-03-17,Arel,ACOLITE,S2C_MSI_2025_03_17_11_46_19_T28QCH_L2W,C:\Users\Simon\Nextcloud\Project\Mauritania\Science\Arguin - FieldWork Data Processing\Data\S2\ACOLITE\2025-03-17,249,875,852,342575.0,2201225.0,0.20700973272323608,0.2703198790550232,0.35494372248649597,0.45122969150543213,0.47073793411254883,0.5015984773635864,0.5214501023292542,0.5366863012313843,0.5534917116165161,0.5746970176696777,0.4219014346599579
2025-03-17,Arel,ACOLITE,S2C_MSI_2025_03_17_11_46_19_T28QCH_L2W,C:\Users\Simon\Nextcloud\Project\Mauritania\Science\Arguin - FieldWork Data Processing\Data\S2\ACOLITE\2025-03-17,250,875,853,342585.0,2201225.0,0.20700636506080627,0.2755439579486847,0.3591653108596802,0.45754143595695496,0.47441279888153076,0.5048044323921204,0.5285090804100037,0.5427823066711426,0.5597130656242371,0.571520209312439,0.41541483998298645
2025-03-17,Arel,ACOLITE,S2C_MSI_2025_03_17_11_46_19_T28QCH_L2W,C:\Users\Simon\Nextcloud\Project\Mauritania\Science\Arguin - FieldWork Data Processing\Data\S2\ACOLITE\2025-03-17,251,875,854,342595.0,2201225.0,0.20700299739837646,0.27925220131874084,0.359620064496994,0.45711973309516907,0.4744117259979248,0.504803478717804,0.5285082459449768,0.5415205955505371,0.559712290763855,0.5715206265449524,0.4154190421104431
2025-03-17,Arel,ACOLITE,S2C_MSI_2025_03_17_11_46_19_T28QCH_L2W,C:\Users\Simon\Nextcloud\Project\Mauritania\Science\Arguin - FieldWork Data Processing\Data\S2\ACOLITE\2025-03-17,252,875,855,342605.0,2201225.0,0.2062523066997528,0.2706610858440399,0.3463633060455322,0.4438508152961731,0.47304555773735046,0.49797263741493225,0.5244741439819336,0.535316526889801,0.5616856217384338,0.5662916302680969,0.39638036489486694
2025-03-17,Arel,ACOLITE,S2C_MSI_2025_03_17_11_46_19_T28QCH_L2W,C:\Users\Simon\Nextcloud\Project\Mauritania\Science\Arguin - FieldWork Data Processing\Data\S2\ACOLITE\2025-03-17,253,875,856,342615.0,2201225.0,0.206248939037323,0.269379585981369,0.3459037244319916,0.44089627265930176,0.47304442524909973,0.49797165393829346,0.524473249912262,0.531843364238739,0.5616848468780518,0.5662920475006104,0.3963843584060669
2025-03-17,Arel,ACOLITE,S2C_MSI_2025_03_17_11_46_19_T28QCH_L2W,C:\Users\Simon\Nextcloud\Project\Mauritania\Science\Arguin - FieldWork Data Processing\Data\S2\ACOLITE\2025-03-17,254,875,857,342625.0,2201225.0,0.20624558627605438,0.2692607641220093,0.34864887595176697,0.44195011258125305,0.45684513449668884,0.48905840516090393,0.509626567363739,0.5344732403755188,0.5527960062026978,0.5582889914512634,0.3784411549568176
2025-03-17,Arel,ACOLITE,S2C_MSI_2025_03_17_11_46_19_T28QCH_L2W,C:\Users\Simon\Nextcloud\Project\Mauritania\Science\Arguin - FieldWork Data Processing\Data\S2\ACOLITE\2025-03-17,255,875,858,342635.0,2201225.0,0.20624221861362457,0.2542133033275604,0.33362895250320435,0.4216528832912445,0.4568439722061157,0.4890574514865875,0.5096256732940674,0.5203588008880615,0.5527952313423157,0.5582894086837769,0.3784449100494385
2025-03-17,Arel,ACOLITE,S2C_MSI_2025_03_17_11_46_19_T28QCH_L2W,C:\Users\Simon\Nextcloud\Project\Mauritania\Science\Arguin - FieldWork Data Processing\Data\S2\ACOLITE\2025-03-17,256,875,859,342645.0,2201225.0,0.20623885095119476,0.24800534546375275,0.32315805554389954,0.4109407365322113,0.4406997561454773,0.47046032547950745,0.49605923891067505,0.5098046660423279,0.539637565612793,0.54658043384552,0.350471168756485
2025-03-17,Arel,ACOLITE,S2C_MSI_2025_03_17_11_46_19_T28QCH_L2W,C:\Users\Simon\Nextcloud\Project\Mauritania\Science\Arguin - FieldWork Data Processing\Data\S2\ACOLITE\2025-03-17,257,875,860,342655.0,2201225.0,0.20623546838760376,0.25022873282432556,0.3275316059589386,0.4153963327407837,0.4406985938549042,0.4704592823982239,0.49605831503868103,0.508536159992218,0.5396367311477661,0.5465808510780334,0.35047459602355957
2025-03-17,Arel,ACOLITE,S2C_MSI_2025_03_17_11_46_19_T28QCH_L2W,C:\Users\Simon\Nextcloud\Project\Mauritania\Science\Arguin - FieldWork Data Processing\Data\S2\ACOLITE\2025-03-17,258,875,861,342665.0,2201225.0,0.200993150472641,0.24835141003131866,0.3267241418361664,0.407858282327652,0.4371032118797302,0.46379414200782776,0.4881466031074524,0.5075844526290894,0.5307175517082214,0.5369153618812561,0.32818979024887085
2025-03-17,Arel,ACOLITE,S2C_MSI_2025_03_17_11_46_19_T28QCH_L2W,C:\Users\Simon\Nextcloud\Project\Mauritania\Science\Arguin - FieldWork Data Processing\Data\S2\ACOLITE\2025-03-17,259,875,862,342675.0,2201225.0,0.2009897083044052,0.25326669216156006,0.32153910398483276,0.4045625925064087,0.4371020197868347,0.4637930989265442,0.488145649433136,0.5014522671699524,0.5307167768478394,0.5369158387184143,0.32819294929504395
2025-03-17,Arel,ACOLITE,S2C_MSI_2025_03_17_11_46_19_T28QCH_L2W,C:\Users\Simon\Nextcloud\Project\Mauritania\Science\Arguin - FieldWork Data Processing\Data\S2\ACOLITE\2025-03-17,260,875,863,342685.0,2201225.0,0.20098626613616943,0.2513914406299591,0.32176774740219116,0.4022219479084015,0.4333983361721039,0.46129095554351807,0.48895660042762756,0.5016629099845886,0.5320048928260803,0.537327766418457,0.33337754011154175
2025-03-17,Arel,ACOLITE,S2C_MSI_2025_03_17_11_46_19_T28QCH_L2W,C:\Users\Simon\Nextcloud\Project\Mauritania\Science\Arguin - FieldWork Data Processing\Data\S2\ACOLITE\2025-03-17,261,875,864,342695.0,2201225.0,0.20098280906677246,0.25711941719055176,0.32591286301612854,0.4078543186187744,0.433397114276886,0.4612899124622345,0.48895564675331116,0.5068421959877014,0.5320041179656982,0.5373281836509705,0.3333807587623596
2025-03-17,Arel,ACOLITE,S2C_MSI_2025_03_17_11_46_19_T28QCH_L2W,C:\Users\Simon\Nextcloud\Project\Mauritania\Science\Arguin - FieldWork Data Processing\Data\S2\ACOLITE\2025-03-17,262,875,865,342705.0,2201225.0,0.2009793519973755,0.25921890139579773,0.3284430205821991,0.408171683549881,0.4376271069049835,0.46212267875671387,0.48966503143310547,0.5052560567855835,0.5349768996238708,0.5381515026092529,0.34317857027053833
2025-03-17,Arel,ACOLITE,S2C_MSI_2025_03_17_11_46_19_T28QCH_L2W,C:\Users\Simon\Nextcloud\Project\Mauritania\Science\Arguin - FieldWork Data Processing\Data\S2\ACOLITE\2025-03-17,263,875,866,342715.0,2201225.0,0.2009759098291397,0.2581653594970703,0.3278658986091614,0.40625783801078796,0.4376258850097656,0.4621215760707855,0.48966407775878906,0.507368803024292,0.5349761247634888,0.5381519198417664,0.34318193793296814
2025-03-17,Arel,ACOLITE,S2C_MSI_2025_03_17_11_46_19_T28QCH_L2W,C:\Users\Simon\Nextcloud\Project\Mauritania\Science\Arguin - FieldWork Data Processing\Data\S2\ACOLITE\2025-03-17,264,875,867,342725.0,2201225.0,0.20658564567565918,0.2592136263847351,0.3272887170314789,0.41061174869537354,0.43952760100364685,0.4680580496788025,0.49442997574806213,0.5115931034088135,0.5362634062767029,0.5380495190620422,0.34633612632751465
2025-03-17,Arel,ACOLITE,S2C_MSI_2025_03_17_11_46_19_T28QCH_L2W,C:\Users\Simon\Nextcloud\Project\Mauritania\Science\Arguin - FieldWork Data Processing\Data\S2\ACOLITE\2025-03-17,265,875,868,342735.0,2201225.0,0.20658229291439056,0.25465404987335205,0.32820746302604675,0.4086988568305969,0.43952640891075134,0.4680570065975189,0.4944290816783905,0.5124369859695435,0.5362626314163208,0.5380499362945557,0.34633952379226685
2025-03-17,Arel,ACOLITE,S2C_MSI_2025_03_17_11_46_19_T28QCH_L2W,C:\Users\Simon\Nextcloud\Project\Mauritania\Science\Arguin - FieldWork Data Processing\Data\S2\ACOLITE\2025-03-17,266,875,869,342745.0,2201225.0,0.20657892525196075,0.25441744923591614,0.3274001479148865,0.41485434770584106,0.4391023516654968,0.47357112169265747,0.4971648156642914,0.5176073908805847,0.5400256514549255,0.5391818284988403,0.3350861966609955
2025-03-17,Arel,ACOLITE,S2C_MSI_2025_03_17_11_46_19_T28QCH_L2W,C:\Users\Simon\Nextcloud\Project\Mauritania\Science\Arguin - FieldWork Data Processing\Data\S2\ACOLITE\2025-03-17,267,875,870,342755.0,2201225.0,0.20657557249069214,0.26468750834465027,0.34164130687713623,0.4170803427696228,0.4391011595726013,0.4735700786113739,0.49716392159461975,0.5153907537460327,0.5400248765945435,0.5391822457313538,0.33508944511413574
2025-03-17,Arel,ACOLITE,S2C_MSI_2025_03_17_11_46_19_T28QCH_L2W,C:\Users\Simon\Nextcloud\Project\Mauritania\Science\Arguin - FieldWork Data Processing\Data\S2\ACOLITE\2025-03-17,268,875,871,342765.0,2201225.0,0.20657220482826233,0.25943654775619507,0.3263605833053589,0.40231746435165405,0.43084803223609924,0.45460712909698486,0.4850917458534241,0.5051451325416565,0.5400241017341614,0.5309505462646484,0.31052055954933167
2025-03-17,Arel,ACOLITE,S2C_MSI_2025_03_17_11_46_19_T28QCH_L2W,C:\Users\Simon\Nextcloud\Project\Mauritania\Science\Arguin - FieldWork Data Processing\Data\S2\ACOLITE\2025-03-17,269,875,872,342775.0,2201225.0,0.20656883716583252,0.236927330493927,0.30071184039115906,0.37597349286079407,0.43084681034088135,0.4546060562133789,0.48509082198143005,0.49159955978393555,0.5400233268737793,0.5309509634971619,0.31052350997924805
2025-03-17,Arel,ACOLITE,S2C_MSI_2025_03_17_11_46_19_T28QCH_L2W,C:\Users\Simon\Nextcloud\Project\Mauritania\Science\Arguin - FieldWork Data Processing\Data\S2\ACOLITE\2025-03-17,270,875,873,342785.0,2201225.0,0.14914943277835846,0.22784636914730072,0.2971140742301941,0.3836655914783478,0.42088356614112854,0.45794370770454407,0.4811283349990845,0.4969989061355591,0.531402051448822,0.5382577180862427,0.3425300121307373
2025-03-17,Arel,ACOLITE,S2C_MSI_2025_03_17_11_46_19_T28QCH_L2W,C:\Users\Simon\Nextcloud\Project\Mauritania\Science\Arguin - FieldWork Data Processing\Data\S2\ACOLITE\2025-03-17,271,875,874,342795.0,2201225.0,0.14914515614509583,0.2435050755739212,0.3149399757385254,0.40050485730171204,0.42088228464126587,0.4579426348209381,0.48112741112709045,0.5129597187042236,0.5314012169837952,0.5382581353187561,0.3425333499908447
2025-03-17,Arel,ACOLITE,S2C_MSI_2025_03_17_11_46_19_T28QCH_L2W,C:\Users\Simon\Nextcloud\Project\Mauritania\Science\Arguin - FieldWork Data Processing\Data\S2\ACOLITE\2025-03-17,272,876,841,342465.0,2201215.0,0.13852892816066742,0.23053796589374542,0.3017018437385559,0.38840633630752563,0.4228329062461853,0.445552796125412,0.46549075841903687,0.4761424660682678,0.5002198815345764,0.5108436942100525,0.36479705572128296
2025-03-17,Arel,ACOLITE,S2C_MSI_2025_03_17_11_46_19_T28QCH_L2W,C:\Users\Simon\Nextcloud\Project\Mauritania\Science\Arguin - FieldWork Data Processing\Data\S2\ACOLITE\2025-03-17,273,876,842,342475.0,2201215.0,0.13852447271347046,0.23348167538642883,0.31800127029418945,0.4085201323032379,0.42283159494400024,0.44555166363716125,0.46548977494239807,0.4913080334663391,0.5002190470695496,0.5108440518379211,0.36480066180229187
2025-03-17,Arel,ACOLITE,S2C_MSI_2025_03_17_11_46_19_T28QCH_L2W,C:\Users\Simon\Nextcloud\Project\Mauritania\Science\Arguin - FieldWork Data Processing\Data\S2\ACOLITE\2025-03-17,274,876,843,342485.0,2201215.0,0.1956784874200821,0.24370907247066498,0.32548993825912476,0.41828036308288574,0.44430989027023315,0.47442910075187683,0.49505987763404846,0.5037947297096252,0.5259702205657959,0.5325861573219299,0.38467341661453247
2025-03-17,Arel,ACOLITE,S2C_MSI_2025_03_17_11_46_19_T28QCH_L2W,C:\Users\Simon\Nextcloud\Project\Mauritania\Science\Arguin - FieldWork Data Processing\Data\S2\ACOLITE\2025-03-17,275,876,844,342495.0,2201215.0,0.19567494094371796,0.2527293264865875,0.33365270495414734,0.42632824182510376,0.44430869817733765,0.47442808747291565,0.49505895376205444,0.5055908560752869,0.525969386100769,0.5325865149497986,0.3846772611141205
2025-03-17,Arel,ACOLITE,S2C_MSI_2025_03_17_11_46_19_T28QCH_L2W,C:\Users\Simon\Nextcloud\Project\Mauritania\Science\Arguin - FieldWork Data Processing\Data\S2\ACOLITE\2025-03-17,276,876,845,342505.0,2201215.0,0.19567140936851501,0.26218676567077637,0.33629193902015686,0.43309494853019714,0.4589647054672241,0.4836740493774414,0.5042752027511597,0.5127728581428528,0.5362805724143982,0.548424482345581,0.3971271216869354
2025-03-17,Arel,ACOLITE,S2C_MSI_2025_03_17_11_46_19_T28QCH_L2W,C:\Users\Simon\Nextcloud\Project\Mauritania\Science\Arguin - FieldWork Data Processing\Data\S2\ACOLITE\2025-03-17,277,876,846,342515.0,2201215.0,0.19566786289215088,0.2556471526622772,0.33915868401527405,0.4333050549030304,0.4589635729789734,0.4836730360984802,0.504274308681488,0.5151996612548828,0.5362797379493713,0.5484248995780945,0.397131085395813
2025-03-17,Arel,ACOLITE,S2C_MSI_2025_03_17_11_46_19_T28QCH_L2W,C:\Users\Simon\Nextcloud\Project\Mauritania\Science\Arguin - FieldWork Data Processing\Data\S2\ACOLITE\2025-03-17,278,876,847,342525.0,2201215.0,0.19566434621810913,0.2519020438194275,0.3330730199813843,0.4292866885662079,0.45601320266723633,0.4875117838382721,0.5079157948493958,0.5178364515304565,0.5437053442001343,0.5617743730545044,0.4082264006137848
2025-03-17,Arel,ACOLITE,S2C_MSI_2025_03_17_11_46_19_T28QCH_L2W,C:\Users\Simon\Nextcloud\Project\Mauritania\Science\Arguin - FieldWork Data Processing\Data\S2\ACOLITE\2025-03-17,279,876,848,342535.0,2201215.0,0.195660799741745,0.2446337640285492,0.3298529386520386,0.42917969822883606,0.4560120105743408,0.4875108301639557,0.5079149007797241,0.5266901850700378,0.5437045693397522,0.5617747902870178,0.4082304835319519
2025-03-17,Arel,ACOLITE,S2C_MSI_2025_03_17_11_46_19_T28QCH_L2W,C:\Users\Simon\Nextcloud\Project\Mauritania\Science\Arguin - FieldWork Data Processing\Data\S2\ACOLITE\2025-03-17,280,876,849,342545.0,2201215.0,0.20190653204917908,0.26007673144340515,0.34144678711891174,0.4395321011543274,0.46979498863220215,0.49787434935569763,0.5217549800872803,0.5352157950401306,0.5593209266662598,0.5759255886077881,0.41954100131988525
2025-03-17,Arel,ACOLITE,S2C_MSI_2025_03_17_11_46_19_T28QCH_L2W,C:\Users\Simon\Nextcloud\Project\Mauritania\Science\Arguin - FieldWork Data Processing\Data\S2\ACOLITE\2025-03-17,281,876,850,342555.0,2201215.0,0.2019030749797821,0.2703235447406769,0.35048937797546387,0.44859862327575684,0.4697938859462738,0.49787336587905884,0.5217540860176086,0.5412080883979797,0.5593200922012329,0.5759260058403015,0.4195452630519867
2025-03-17,Arel,ACOLITE,S2C_MSI_2025_03_17_11_46_19_T28QCH_L2W,C:\Users\Simon\Nextcloud\Project\Mauritania\Science\Arguin - FieldWork Data Processing\Data\S2\ACOLITE\2025-03-17,282,876,851,342565.0,2201215.0,0.20189964771270752,0.2704373002052307,0.3544876277446747,0.4474385678768158,0.4717889726161957,0.497354656457901,0.5227622389793396,0.5389999747276306,0.5547764301300049,0.5770534873008728,0.41932570934295654
2025-03-17,Arel,ACOLITE,S2C_MSI_2025_03_17_11_46_19_T28QCH_L2W,C:\Users\Simon\Nextcloud\Project\Mauritania\Science\Arguin - FieldWork Data Processing\Data\S2\ACOLITE\2025-03-17,283,876,852,342575.0,2201215.0,0.20189619064331055,0.2693883180618286,0.3438480794429779,0.4433264434337616,0.47178786993026733,0.4973537027835846,0.522761344909668,0.5317410230636597,0.5547756552696228,0.577053964138031,0.4193299114704132
2025-03-17,Arel,ACOLITE,S2C_MSI_2025_03_17_11_46_19_T28QCH_L2W,C:\Users\Simon\Nextcloud\Project\Mauritania\Science\Arguin - FieldWork Data Processing\Data\S2\ACOLITE\2025-03-17,284,876,853,342585.0,2201215.0,0.20189276337623596,0.2762387692928314,0.3556264638900757,0.44764700531959534,0.4680038094520569,0.49414145946502686,0.5141782760620117,0.5397341847419739,0.5543797016143799,0.571212887763977,0.4101548194885254
2025-03-17,Arel,ACOLITE,S2C_MSI_2025_03_17_11_46_19_T28QCH_L2W,C:\Users\Simon\Nextcloud\Project\Mauritania\Science\Arguin - FieldWork Data Processing\Data\S2\ACOLITE\2025-03-17,285,876,854,342595.0,2201215.0,0.20188932120800018,0.2812201976776123,0.36098766326904297,0.45522597432136536,0.46800270676612854,0.49414050579071045,0.5141774415969849,0.5439366102218628,0.554378867149353,0.5712133049964905,0.4101589322090149
2025-03-17,Arel,ACOLITE,S2C_MSI_2025_03_17_11_46_19_T28QCH_L2W,C:\Users\Simon\Nextcloud\Project\Mauritania\Science\Arguin - FieldWork Data Processing\Data\S2\ACOLITE\2025-03-17,286,876,855,342605.0,2201215.0,0.2022603303194046,0.27669787406921387,0.3553948998451233,0.4478554427623749,0.47272989153862,0.49693652987480164,0.5201348662376404,0.5405734181404114,0.5587238073348999,0.5653687119483948,0.39414021372795105
2025-03-17,Arel,ACOLITE,S2C_MSI_2025_03_17_11_46_19_T28QCH_L2W,C:\Users\Simon\Nextcloud\Project\Mauritania\Science\Arguin - FieldWork Data Processing\Data\S2\ACOLITE\2025-03-17,287,876,856,342615.0,2201215.0,0.2022569179534912,0.2703084647655487,0.35128000378608704,0.4421616196632385,0.47272878885269165,0.49693557620048523,0.5201340317726135,0.5381547808647156,0.5587230920791626,0.5653691291809082,0.3941441774368286
2025-03-17,Arel,ACOLITE,S2C_MSI_2025_03_17_11_46_19_T28QCH_L2W,C:\Users\Simon\Nextcloud\Project\Mauritania\Science\Arguin - FieldWork Data Processing\Data\S2\ACOLITE\2025-03-17,288,876,857,342625.0,2201215.0,0.20225346088409424,0.2658843696117401,0.3456721901893616,0.43825599551200867,0.4544209837913513,0.4867756962776184,0.5077045559883118,0.5329997539520264,0.5496324896812439,0.5569546222686768,0.3709206283092499
2025-03-17,Arel,ACOLITE,S2C_MSI_2025_03_17_11_46_19_T28QCH_L2W,C:\Users\Simon\Nextcloud\Project\Mauritania\Science\Arguin - FieldWork Data Processing\Data\S2\ACOLITE\2025-03-17,289,876,858,342635.0,2201215.0,0.20225004851818085,0.2556148171424866,0.33362799882888794,0.42292317748069763,0.4544197916984558,0.4867746829986572,0.5077036619186401,0.5190929174423218,0.5496317148208618,0.5569550395011902,0.37092429399490356
2025-03-17,Arel,ACOLITE,S2C_MSI_2025_03_17_11_46_19_T28QCH_L2W,C:\Users\Simon\Nextcloud\Project\Mauritania\Science\Arguin - FieldWork Data Processing\Data\S2\ACOLITE\2025-03-17,290,876,859,342645.0,2201215.0,0.20224659144878387,0.2535073459148407,0.3293731212615967,0.41698768734931946,0.439853698015213,0.46514996886253357,0.4939299523830414,0.5099098086357117,0.5383496284484863,0.5456556081771851,0.3421472907066345
2025-03-17,Arel,ACOLITE,S2C_MSI_2025_03_17_11_46_19_T28QCH_L2W,C:\Users\Simon\Nextcloud\Project\Mauritania\Science\Arguin - FieldWork Data Processing\Data\S2\ACOLITE\2025-03-17,291,876,860,342655.0,2201215.0,0.20224317908287048,0.2544403076171875,0.3302913308143616,0.41327381134033203,0.4398525059223175,0.46514892578125,0.49392902851104736,0.5054712891578674,0.5383488535881042,0.5456559658050537,0.34215062856674194
2025-03-17,Arel,ACOLITE,S2C_MSI_2025_03_17_11_46_19_T28QCH_L2W,C:\Users\Simon\Nextcloud\Project\Mauritania\Science\Arguin - FieldWork Data Processing\Data\S2\ACOLITE\2025-03-17,292,876,861,342665.0,2201215.0,0.19786697626113892,0.25361886620521545,0.32603251934051514,0.402117520570755,0.4316008388996124,0.45899882912635803,0.48449140787124634,0.5019814968109131,0.5286344289779663,0.5371212959289551,0.3248111605644226
2025-03-17,Arel,ACOLITE,S2C_MSI_2025_03_17_11_46_19_T28QCH_L2W,C:\Users\Simon\Nextcloud\Project\Mauritania\Science\Arguin - FieldWork Data Processing\Data\S2\ACOLITE\2025-03-17,293,876,862,342675.0,2201215.0,0.19786347448825836,0.2570064663887024,0.32971274852752686,0.41008666157722473,0.43159961700439453,0.4589977562427521,0.48449045419692993,0.5000767111778259,0.5286336541175842,0.5371217131614685,0.3248142898082733
2025-03-17,Arel,ACOLITE,S2C_MSI_2025_03_17_11_46_19_T28QCH_L2W,C:\Users\Simon\Nextcloud\Project\Mauritania\Science\Arguin - FieldWork Data Processing\Data\S2\ACOLITE\2025-03-17,294,876,863,342685.0,2201215.0,0.1978599727153778,0.24740652740001678,0.3224582374095917,0.4036036431789398,0.42948076128959656,0.4564933776855469,0.48438796401023865,0.49637216329574585,0.526152491569519,0.5373279452323914,0.3322528898715973
2025-03-17,Arel,ACOLITE,S2C_MSI_2025_03_17_11_46_19_T28QCH_L2W,C:\Users\Simon\Nextcloud\Project\Mauritania\Science\Arguin - FieldWork Data Processing\Data\S2\ACOLITE\2025-03-17,295,876,864,342695.0,2201215.0,0.19785647094249725,0.2532597482204437,0.32487553358078003,0.40253889560699463,0.4294795095920563,0.4564923346042633,0.48438698053359985,0.5015558004379272,0.526151716709137,0.53732830286026,0.33225613832473755
2025-03-17,Arel,ACOLITE,S2C_MSI_2025_03_17_11_46_19_T28QCH_L2W,C:\Users\Simon\Nextcloud\Project\Mauritania\Science\Arguin - FieldWork Data Processing\Data\S2\ACOLITE\2025-03-17,296,876,865,342705.0,2201215.0,0.1978529691696167,0.25407588481903076,0.32429784536361694,0.4071085751056671,0.4365689158439636,0.4632683992385864,0.4895630478858948,0.5029296875,0.5346791744232178,0.5455552935600281,0.3493686318397522
2025-03-17,Arel,ACOLITE,S2C_MSI_2025_03_17_11_46_19_T28QCH_L2W,C:\Users\Simon\Nextcloud\Project\Mauritania\Science\Arguin - FieldWork Data Processing\Data\S2\ACOLITE\2025-03-17,297,876,866,342715.0,2201215.0,0.19784945249557495,0.24833597242832184,0.3192245066165924,0.4040248990058899,0.4365677237510681,0.46326732635498047,0.48956212401390076,0.506734311580658,0.5346783995628357,0.5455557107925415,0.3493720591068268
2025-03-17,Arel,ACOLITE,S2C_MSI_2025_03_17_11_46_19_T28QCH_L2W,C:\Users\Simon\Nextcloud\Project\Mauritania\Science\Arguin - FieldWork Data Processing\Data\S2\ACOLITE\2025-03-17,298,876,867,342725.0,2201215.0,0.19734561443328857,0.2543043792247772,0.319222629070282,0.4101862907409668,0.43920978903770447,0.4664955735206604,0.49341562390327454,0.5147596597671509,0.538937509059906,0.5478172302246094,0.3445374071598053
2025-03-17,Arel,ACOLITE,S2C_MSI_2025_03_17_11_46_19_T28QCH_L2W,C:\Users\Simon\Nextcloud\Project\Mauritania\Science\Arguin - FieldWork Data Processing\Data\S2\ACOLITE\2025-03-17,299,876,868,342735.0,2201215.0,0.19734211266040802,0.2547694742679596,0.3322313725948334,0.4123082458972931,0.43920859694480896,0.4664945602416992,0.49341467022895813,0.5163417458534241,0.5389367341995239,0.5478176474571228,0.3445407748222351
2025-03-17,Arel,ACOLITE,S2C_MSI_2025_03_17_11_46_19_T28QCH_L2W,C:\Users\Simon\Nextcloud\Project\Mauritania\Science\Arguin - FieldWork Data Processing\Data\S2\ACOLITE\2025-03-17,300,876,869,342745.0,2201215.0,0.19733859598636627,0.26410600543022156,0.33693885803222656,0.4195191562175751,0.42661306262016296,0.4574258327484131,0.4861084520816803,0.5191891193389893,0.539034903049469,0.5433982014656067,0.3259631097316742
2025-03-17,Arel,ACOLITE,S2C_MSI_2025_03_17_11_46_19_T28QCH_L2W,C:\Users\Simon\Nextcloud\Project\Mauritania\Science\Arguin - FieldWork Data Processing\Data\S2\ACOLITE\2025-03-17,301,876,870,342755.0,2201215.0,0.19733507931232452,0.24574489891529083,0.32451897859573364,0.39390829205513,0.4266118109226227,0.45742475986480713,0.4861075282096863,0.5113788843154907,0.5390341281890869,0.5433986186981201,0.3259662389755249
2025-03-17,Arel,ACOLITE,S2C_MSI_2025_03_17_11_46_19_T28QCH_L2W,C:\Users\Simon\Nextcloud\Project\Mauritania\Science\Arguin - FieldWork Data Processing\Data\S2\ACOLITE\2025-03-17,302,876,871,342765.0,2201215.0,0.19733157753944397,0.23822303116321564,0.3106693625450134,0.3939068913459778,0.41940009593963623,0.44896799325942993,0.4775722622871399,0.5092657208442688,0.5331876873970032,0.542782187461853,0.3349817097187042
2025-03-17,Arel,ACOLITE,S2C_MSI_2025_03_17_11_46_19_T28QCH_L2W,C:\Users\Simon\Nextcloud\Project\Mauritania\Science\Arguin - FieldWork Data Processing\Data\S2\ACOLITE\2025-03-17,303,876,872,342775.0,2201215.0,0.19732806086540222,0.22961845993995667,0.2988553047180176,0.37725576758384705,0.41939881443977356,0.4489668905735016,0.4775713086128235,0.5004910826683044,0.5331868529319763,0.5427826046943665,0.3349849581718445
2025-03-17,Arel,ACOLITE,S2C_MSI_2025_03_17_11_46_19_T28QCH_L2W,C:\Users\Simon\Nextcloud\Project\Mauritania\Science\Arguin - FieldWork Data Processing\Data\S2\ACOLITE\2025-03-17,304,876,873,342785.0,2201215.0,0.15195702016353607,0.23091329634189606,0.3003607988357544,0.3887871503829956,0.4154700040817261,0.4547087550163269,0.47818031907081604,0.4977392554283142,0.5239608883857727,0.5436055660247803,0.36423835158348083
2025-03-17,Arel,ACOLITE,S2C_MSI_2025_03_17_11_46_19_T28QCH_L2W,C:\Users\Simon\Nextcloud\Project\Mauritania\Science\Arguin - FieldWork Data Processing\Data\S2\ACOLITE\2025-03-17,305,876,874,342795.0,2201215.0,0.15195275843143463,0.23291492462158203,0.30904442071914673,0.3950745761394501,0.41546866297721863,0.45470768213272095,0.47817936539649963,0.49699753522872925,0.5239601135253906,0.5436059832572937,0.36424198746681213
2025-03-17,Arel,ACOLITE,S2C_MSI_2025_03_17_11_46_19_T28QCH_L2W,C:\Users\Simon\Nextcloud\Project\Mauritania\Science\Arguin - FieldWork Data Processing\Data\S2\ACOLITE\2025-03-17,306,877,841,342465.0,2201205.0,0.13852663338184357,0.22368794679641724,0.2962508499622345,0.3858453035354614,0.4228322505950928,0.44555220007896423,0.4654902517795563,0.4752923846244812,0.5002194046974182,0.5108438730239868,0.36479875445365906
2025-03-17,Arel,ACOLITE,S2C_MSI_2025_03_17_11_46_19_T28QCH_L2W,C:\Users\Simon\Nextcloud\Project\Mauritania\Science\Arguin - FieldWork Data Processing\Data\S2\ACOLITE\2025-03-17,307,877,842,342475.0,2201205.0,0.13852214813232422,0.23830604553222656,0.31949958205223083,0.4070322811603546,0.4228309690952301,0.4455510973930359,0.4654892683029175,0.49533170461654663,0.5002185702323914,0.5108442306518555,0.36480236053466797
2025-03-17,Arel,ACOLITE,S2C_MSI_2025_03_17_11_46_19_T28QCH_L2W,C:\Users\Simon\Nextcloud\Project\Mauritania\Science\Arguin - FieldWork Data Processing\Data\S2\ACOLITE\2025-03-17,308,877,843,342485.0,2201205.0,0.19567662477493286,0.24441176652908325,0.3246830403804779,0.4161592721939087,0.444309264421463,0.47442856431007385,0.49505940079689026,0.5012564063072205,0.5259698033332825,0.5325862765312195,0.3846752345561981
2025-03-17,Arel,ACOLITE,S2C_MSI_2025_03_17_11_46_19_T28QCH_L2W,C:\Users\Simon\Nextcloud\Project\Mauritania\Science\Arguin - FieldWork Data Processing\Data\S2\ACOLITE\2025-03-17,309,877,844,342495.0,2201205.0,0.19567307829856873,0.250387042760849,0.3312388062477112,0.4202919602394104,0.4443080723285675,0.47442755103111267,0.49505847692489624,0.5050618648529053,0.5259689688682556,0.5325866937637329,0.38467907905578613
2025-03-17,Arel,ACOLITE,S2C_MSI_2025_03_17_11_46_19_T28QCH_L2W,C:\Users\Simon\Nextcloud\Project\Mauritania\Science\Arguin - FieldWork Data Processing\Data\S2\ACOLITE\2025-03-17,310,877,845,342505.0,2201205.0,0.1956695318222046,0.2656809091567993,0.3456912934780121,0.4366859495639801,0.45896410942077637,0.4836735129356384,0.5042747259140015,0.5189979672431946,0.5362801551818848,0.5484246611595154,0.39712899923324585
2025-03-17,Arel,ACOLITE,S2C_MSI_2025_03_17_11_46_19_T28QCH_L2W,C:\Users\Simon\Nextcloud\Project\Mauritania\Science\Arguin - FieldWork Data Processing\Data\S2\ACOLITE\2025-03-17,311,877,846,342515.0,2201205.0,0.19566598534584045,0.262882262468338,0.34752100706100464,0.43974608182907104,0.45896297693252563,0.48367252945899963,0.5042738318443298,0.5242682099342346,0.5362793207168579,0.5484250783920288,0.3971329927444458
2025-03-17,Arel,ACOLITE,S2C_MSI_2025_03_17_11_46_19_T28QCH_L2W,C:\Users\Simon\Nextcloud\Project\Mauritania\Science\Arguin - FieldWork Data Processing\Data\S2\ACOLITE\2025-03-17,312,877,847,342525.0,2201205.0,0.1956624537706375,0.2561105191707611,0.331693172454834,0.42960330843925476,0.4560126066207886,0.4875112771987915,0.5079153180122375,0.5193126797676086,0.5437049269676208,0.5617745518684387,0.40822833776474
2025-03-17,Arel,ACOLITE,S2C_MSI_2025_03_17_11_46_19_T28QCH_L2W,C:\Users\Simon\Nextcloud\Project\Mauritania\Science\Arguin - FieldWork Data Processing\Data\S2\ACOLITE\2025-03-17,313,877,848,342535.0,2201205.0,0.19565890729427338,0.24439756572246552,0.32582515478134155,0.42558181285858154,0.45601144433021545,0.4875102937221527,0.5079144239425659,0.5165692567825317,0.5437041521072388,0.5617749691009521,0.4082324504852295
2025-03-17,Arel,ACOLITE,S2C_MSI_2025_03_17_11_46_19_T28QCH_L2W,C:\Users\Simon\Nextcloud\Project\Mauritania\Science\Arguin - FieldWork Data Processing\Data\S2\ACOLITE\2025-03-17,314,877,849,342545.0,2201205.0,0.20190465450286865,0.25505322217941284,0.3383496403694153,0.43530818819999695,0.4697944223880768,0.49787384271621704,0.5217545032501221,0.5350049734115601,0.5593205094337463,0.5759257674217224,0.4195430278778076
2025-03-17,Arel,ACOLITE,S2C_MSI_2025_03_17_11_46_19_T28QCH_L2W,C:\Users\Simon\Nextcloud\Project\Mauritania\Science\Arguin - FieldWork Data Processing\Data\S2\ACOLITE\2025-03-17,315,877,850,342555.0,2201205.0,0.20190122723579407,0.262638658285141,0.3429340422153473,0.44512054324150085,0.46979328989982605,0.49787285923957825,0.5217536091804504,0.5373180508613586,0.5593196749687195,0.5759261846542358,0.41954728960990906
2025-03-17,Arel,ACOLITE,S2C_MSI_2025_03_17_11_46_19_T28QCH_L2W,C:\Users\Simon\Nextcloud\Project\Mauritania\Science\Arguin - FieldWork Data Processing\Data\S2\ACOLITE\2025-03-17,316,877,851,342565.0,2201205.0,0.2018977850675583,0.2751981019973755,0.3524302542209625,0.44754332304000854,0.4717884063720703,0.4973541498184204,0.5227617621421814,0.53920978307724,0.5547760725021362,0.5770536661148071,0.4193277657032013
2025-03-17,Arel,ACOLITE,S2C_MSI_2025_03_17_11_46_19_T28QCH_L2W,C:\Users\Simon\Nextcloud\Project\Mauritania\Science\Arguin - FieldWork Data Processing\Data\S2\ACOLITE\2025-03-17,317,877,852,342575.0,2201205.0,0.20189432799816132,0.2746153175830841,0.3526571989059448,0.44733142852783203,0.47178730368614197,0.4973531663417816,0.5227609276771545,0.5362647771835327,0.5547752380371094,0.5770541429519653,0.41933196783065796
2025-03-17,Arel,ACOLITE,S2C_MSI_2025_03_17_11_46_19_T28QCH_L2W,C:\Users\Simon\Nextcloud\Project\Mauritania\Science\Arguin - FieldWork Data Processing\Data\S2\ACOLITE\2025-03-17,318,877,853,342585.0,2201205.0,0.20189088582992554,0.2636798918247223,0.344303697347641,0.43456390500068665,0.46800321340560913,0.49414095282554626,0.5141777992248535,0.5298449397087097,0.5543792843818665,0.5712130665779114,0.41015681624412537
2025-03-17,Arel,ACOLITE,S2C_MSI_2025_03_17_11_46_19_T28QCH_L2W,C:\Users\Simon\Nextcloud\Project\Mauritania\Science\Arguin - FieldWork Data Processing\Data\S2\ACOLITE\2025-03-17,319,877,854,342595.0,2201205.0,0.20188744366168976,0.26682209968566895,0.3440729081630707,0.43625277280807495,0.4680021107196808,0.49413996934890747,0.5141769051551819,0.529001772403717,0.5543785095214844,0.5712134838104248,0.41016092896461487
2025-03-17,Arel,ACOLITE,S2C_MSI_2025_03_17_11_46_19_T28QCH_L2W,C:\Users\Simon\Nextcloud\Project\Mauritania\Science\Arguin - FieldWork Data Processing\Data\S2\ACOLITE\2025-03-17,320,877,855,342605.0,2201205.0,0.20225846767425537,0.2762325704097748,0.3575631082057953,0.440896213054657,0.47272929549217224,0.49693602323532104,0.520134449005127,0.5380499958992004,0.5587233901023865,0.5653688907623291,0.39414215087890625
2025-03-17,Arel,ACOLITE,S2C_MSI_2025_03_17_11_46_19_T28QCH_L2W,C:\Users\Simon\Nextcloud\Project\Mauritania\Science\Arguin - FieldWork Data Processing\Data\S2\ACOLITE\2025-03-17,321,877,856,342615.0,2201205.0,0.2022550106048584,0.27483758330345154,0.3513934314250946,0.44395387172698975,0.4727281928062439,0.49693503975868225,0.5201335549354553,0.5393107533454895,0.5587226748466492,0.5653693079948425,0.3941461145877838
2025-03-17,Arel,ACOLITE,S2C_MSI_2025_03_17_11_46_19_T28QCH_L2W,C:\Users\Simon\Nextcloud\Project\Mauritania\Science\Arguin - FieldWork Data Processing\Data\S2\ACOLITE\2025-03-17,322,877,857,342625.0,2201205.0,0.2022515833377838,0.2657665014266968,0.344526082277298,0.43730515241622925,0.4544203281402588,0.48677515983581543,0.5077040791511536,0.5341567397117615,0.5496320724487305,0.5569548010826111,0.37092241644859314
2025-03-17,Arel,ACOLITE,S2C_MSI_2025_03_17_11_46_19_T28QCH_L2W,C:\Users\Simon\Nextcloud\Project\Mauritania\Science\Arguin - FieldWork Data Processing\Data\S2\ACOLITE\2025-03-17,323,877,858,342635.0,2201205.0,0.20224814116954803,0.2590010464191437,0.3354646563529968,0.4252518117427826,0.45441916584968567,0.48677417635917664,0.5077031850814819,0.5190924406051636,0.5496312379837036,0.5569552183151245,0.3709261119365692
2025-03-17,Arel,ACOLITE,S2C_MSI_2025_03_17_11_46_19_T28QCH_L2W,C:\Users\Simon\Nextcloud\Project\Mauritania\Science\Arguin - FieldWork Data Processing\Data\S2\ACOLITE\2025-03-17,324,877,859,342645.0,2201205.0,0.20224469900131226,0.2566624879837036,0.3343144953250885,0.41889524459838867,0.4398530423641205,0.4651494026184082,0.4939294457435608,0.5141327381134033,0.5383492112159729,0.5456557273864746,0.34214892983436584
2025-03-17,Arel,ACOLITE,S2C_MSI_2025_03_17_11_46_19_T28QCH_L2W,C:\Users\Simon\Nextcloud\Project\Mauritania\Science\Arguin - FieldWork Data Processing\Data\S2\ACOLITE\2025-03-17,325,877,860,342655.0,2201205.0,0.20224125683307648,0.25549107789993286,0.3285651206970215,0.41316697001457214,0.4398518204689026,0.46514835953712463,0.4939285218715668,0.5124428868293762,0.538348376750946,0.5456562042236328,0.34215226769447327
2025-03-17,Arel,ACOLITE,S2C_MSI_2025_03_17_11_46_19_T28QCH_L2W,C:\Users\Simon\Nextcloud\Project\Mauritania\Science\Arguin - FieldWork Data Processing\Data\S2\ACOLITE\2025-03-17,326,877,861,342665.0,2201205.0,0.19786502420902252,0.2489342987537384,0.3169254660606384,0.4044561982154846,0.4316001832485199,0.4589982330799103,0.48449087142944336,0.4991249442100525,0.5286340117454529,0.5371214747428894,0.32481271028518677
2025-03-17,Arel,ACOLITE,S2C_MSI_2025_03_17_11_46_19_T28QCH_L2W,C:\Users\Simon\Nextcloud\Project\Mauritania\Science\Arguin - FieldWork Data Processing\Data\S2\ACOLITE\2025-03-17,327,877,862,342675.0,2201205.0,0.19786152243614197,0.25501805543899536,0.327065646648407,0.4072180688381195,0.4315989315509796,0.4589971601963043,0.48448994755744934,0.5016628503799438,0.528633177280426,0.5371218919754028,0.3248158097267151
2025-03-17,Arel,ACOLITE,S2C_MSI_2025_03_17_11_46_19_T28QCH_L2W,C:\Users\Simon\Nextcloud\Project\Mauritania\Science\Arguin - FieldWork Data Processing\Data\S2\ACOLITE\2025-03-17,328,877,863,342685.0,2201205.0,0.19785800576210022,0.25478148460388184,0.3262580931186676,0.4077479839324951,0.42948007583618164,0.4564927816390991,0.48438742756843567,0.5036711096763611,0.5261520743370056,0.5373281240463257,0.3322544991970062
2025-03-17,Arel,ACOLITE,S2C_MSI_2025_03_17_11_46_19_T28QCH_L2W,C:\Users\Simon\Nextcloud\Project\Mauritania\Science\Arguin - FieldWork Data Processing\Data\S2\ACOLITE\2025-03-17,329,877,864,342695.0,2201205.0,0.19785448908805847,0.2520880401134491,0.3240683078765869,0.4047710597515106,0.42947882413864136,0.45649173855781555,0.48438650369644165,0.5033530592918396,0.5261512398719788,0.5373285412788391,0.3322577476501465
2025-03-17,Arel,ACOLITE,S2C_MSI_2025_03_17_11_46_19_T28QCH_L2W,C:\Users\Simon\Nextcloud\Project\Mauritania\Science\Arguin - FieldWork Data Processing\Data\S2\ACOLITE\2025-03-17,330,877,865,342705.0,2201205.0,0.1978510022163391,0.24939186871051788,0.31887927651405334,0.40647026896476746,0.4365682601928711,0.46326780319213867,0.4895625412464142,0.5046208500862122,0.5346787571907043,0.5455555319786072,0.3493703603744507
2025-03-17,Arel,ACOLITE,S2C_MSI_2025_03_17_11_46_19_T28QCH_L2W,C:\Users\Simon\Nextcloud\Project\Mauritania\Science\Arguin - FieldWork Data Processing\Data\S2\ACOLITE\2025-03-17,331,877,866,342715.0,2201205.0,0.19784748554229736,0.24903756380081177,0.3212990164756775,0.4042368233203888,0.4365670382976532,0.4632667601108551,0.4895615875720978,0.5090582966804504,0.5346779823303223,0.5455558896064758,0.34937378764152527
2025-03-17,Arel,ACOLITE,S2C_MSI_2025_03_17_11_46_19_T28QCH_L2W,C:\Users\Simon\Nextcloud\Project\Mauritania\Science\Arguin - FieldWork Data Processing\Data\S2\ACOLITE\2025-03-17,332,877,867,342725.0,2201205.0,0.1973436325788498,0.25406894087791443,0.3231411278247833,0.4096545875072479,0.43920913338661194,0.4664950370788574,0.49341508746147156,0.5159200429916382,0.5389370918273926,0.5478174090385437,0.3445391058921814
2025-03-17,Arel,ACOLITE,S2C_MSI_2025_03_17_11_46_19_T28QCH_L2W,C:\Users\Simon\Nextcloud\Project\Mauritania\Science\Arguin - FieldWork Data Processing\Data\S2\ACOLITE\2025-03-17,333,877,868,342735.0,2201205.0,0.19734011590480804,0.2521941065788269,0.3272848427295685,0.41039660573005676,0.43920791149139404,0.46649396419525146,0.49341416358947754,0.5132805705070496,0.5389363169670105,0.5478178858757019,0.3445424735546112
2025-03-17,Arel,ACOLITE,S2C_MSI_2025_03_17_11_46_19_T28QCH_L2W,C:\Users\Simon\Nextcloud\Project\Mauritania\Science\Arguin - FieldWork Data Processing\Data\S2\ACOLITE\2025-03-17,334,877,869,342745.0,2201205.0,0.1973365992307663,0.24809160828590393,0.3188716769218445,0.40082940459251404,0.42661237716674805,0.45742523670196533,0.4861079454421997,0.5090557336807251,0.5390344858169556,0.543398380279541,0.32596468925476074
2025-03-17,Arel,ACOLITE,S2C_MSI_2025_03_17_11_46_19_T28QCH_L2W,C:\Users\Simon\Nextcloud\Project\Mauritania\Science\Arguin - FieldWork Data Processing\Data\S2\ACOLITE\2025-03-17,335,877,870,342755.0,2201205.0,0.19733309745788574,0.23551712930202484,0.2994382083415985,0.37971627712249756,0.4266110956668854,0.4574241638183594,0.4861069917678833,0.5072587728500366,0.5390337109565735,0.5433988571166992,0.32596781849861145
2025-03-17,Arel,ACOLITE,S2C_MSI_2025_03_17_11_46_19_T28QCH_L2W,C:\Users\Simon\Nextcloud\Project\Mauritania\Science\Arguin - FieldWork Data Processing\Data\S2\ACOLITE\2025-03-17,336,877,871,342765.0,2201205.0,0.1973295509815216,0.23103561997413635,0.29688382148742676,0.3862287402153015,0.4193993806838989,0.4489673674106598,0.4775717258453369,0.5021837949752808,0.5331872701644897,0.5427823662757874,0.33498334884643555
2025-03-17,Arel,ACOLITE,S2C_MSI_2025_03_17_11_46_19_T28QCH_L2W,C:\Users\Simon\Nextcloud\Project\Mauritania\Science\Arguin - FieldWork Data Processing\Data\S2\ACOLITE\2025-03-17,337,877,872,342775.0,2201205.0,0.19732604920864105,0.23868900537490845,0.30603858828544617,0.38505327701568604,0.41939806938171387,0.44896623492240906,0.4775707423686981,0.5000674724578857,0.5331864356994629,0.5427827835083008,0.3349866271018982
2025-03-17,Arel,ACOLITE,S2C_MSI_2025_03_17_11_46_19_T28QCH_L2W,C:\Users\Simon\Nextcloud\Project\Mauritania\Science\Arguin - FieldWork Data Processing\Data\S2\ACOLITE\2025-03-17,338,877,873,342785.0,2201205.0,0.15195460617542267,0.23845084011554718,0.3076569437980652,0.3962467908859253,0.415469229221344,0.45470815896987915,0.47817978262901306,0.5065164566040039,0.5239604711532593,0.5436057448387146,0.36424019932746887
2025-03-17,Arel,ACOLITE,S2C_MSI_2025_03_17_11_46_19_T28QCH_L2W,C:\Users\Simon\Nextcloud\Project\Mauritania\Science\Arguin - FieldWork Data Processing\Data\S2\ACOLITE\2025-03-17,339,877,874,342795.0,2201205.0,0.15195035934448242,0.233148992061615,0.3081177771091461,0.392942875623703,0.41546791791915894,0.4547070562839508,0.47817885875701904,0.5000656843185425,0.5239596962928772,0.543606162071228,0.3642438054084778
2025-03-17,Arel,ACOLITE,S2C_MSI_2025_03_17_11_46_19_T28QCH_L2W,C:\Users\Simon\Nextcloud\Project\Mauritania\Science\Arguin - FieldWork Data Processing\Data\S2\ACOLITE\2025-03-17,340,878,841,342465.0,2201195.0,0.13852432370185852,0.20910653471946716,0.28427794575691223,0.36734944581985474,0.40956151485443115,0.44115984439849854,0.455293744802475,0.46296045184135437,0.4894505739212036,0.5145569443702698,0.36760851740837097
2025-03-17,Arel,ACOLITE,S2C_MSI_2025_03_17_11_46_19_T28QCH_L2W,C:\Users\Simon\Nextcloud\Project\Mauritania\Science\Arguin - FieldWork Data Processing\Data\S2\ACOLITE\2025-03-17,341,878,842,342475.0,2201195.0,0.13851983845233917,0.23795169591903687,0.3109557032585144,0.40118470788002014,0.4095601737499237,0.4411587119102478,0.4552927315235138,0.4922603964805603,0.489449679851532,0.5145573616027832,0.36761218309402466
2025-03-17,Arel,ACOLITE,S2C_MSI_2025_03_17_11_46_19_T28QCH_L2W,C:\Users\Simon\Nextcloud\Project\Mauritania\Science\Arguin - FieldWork Data Processing\Data\S2\ACOLITE\2025-03-17,342,878,843,342485.0,2201195.0,0.19567474722862244,0.24229727685451508,0.3199579417705536,0.41074734926223755,0.44145679473876953,0.4686018228530884,0.4909014105796814,0.4981880187988281,0.5223960280418396,0.538040041923523,0.39331182837486267
2025-03-17,Arel,ACOLITE,S2C_MSI_2025_03_17_11_46_19_T28QCH_L2W,C:\Users\Simon\Nextcloud\Project\Mauritania\Science\Arguin - FieldWork Data Processing\Data\S2\ACOLITE\2025-03-17,343,878,844,342495.0,2201195.0,0.1956712007522583,0.2440553605556488,0.3246802091598511,0.4152028262615204,0.441455602645874,0.4686007797718048,0.490900456905365,0.5023126006126404,0.5223951935768127,0.5380403995513916,0.39331579208374023
2025-03-17,Arel,ACOLITE,S2C_MSI_2025_03_17_11_46_19_T28QCH_L2W,C:\Users\Simon\Nextcloud\Project\Mauritania\Science\Arguin - FieldWork Data Processing\Data\S2\ACOLITE\2025-03-17,344,878,845,342505.0,2201195.0,0.19566765427589417,0.26090115308761597,0.3392733037471771,0.43457290530204773,0.4554874300956726,0.47847995162010193,0.5034645199775696,0.5175208449363708,0.5440030097961426,0.5589002370834351,0.407102108001709
2025-03-17,Arel,ACOLITE,S2C_MSI_2025_03_17_11_46_19_T28QCH_L2W,C:\Users\Simon\Nextcloud\Project\Mauritania\Science\Arguin - FieldWork Data Processing\Data\S2\ACOLITE\2025-03-17,345,878,846,342515.0,2201195.0,0.19566410779953003,0.2600818872451782,0.3400743305683136,0.43636730313301086,0.4554862678050995,0.47847893834114075,0.5034635663032532,0.5233193039894104,0.5440022349357605,0.5589006543159485,0.4071062207221985
2025-03-17,Arel,ACOLITE,S2C_MSI_2025_03_17_11_46_19_T28QCH_L2W,C:\Users\Simon\Nextcloud\Project\Mauritania\Science\Arguin - FieldWork Data Processing\Data\S2\ACOLITE\2025-03-17,346,878,847,342525.0,2201195.0,0.1956605613231659,0.24733112752437592,0.329047828912735,0.4231474697589874,0.45063579082489014,0.4828404486179352,0.5058915615081787,0.5203667879104614,0.5467716455459595,0.5709031224250793,0.40867823362350464
2025-03-17,Arel,ACOLITE,S2C_MSI_2025_03_17_11_46_19_T28QCH_L2W,C:\Users\Simon\Nextcloud\Project\Mauritania\Science\Arguin - FieldWork Data Processing\Data\S2\ACOLITE\2025-03-17,347,878,848,342535.0,2201195.0,0.19565701484680176,0.2453346997499466,0.3276655972003937,0.4250519275665283,0.4506346583366394,0.482839435338974,0.5058906674385071,0.5206822156906128,0.5467708110809326,0.5709035396575928,0.40868234634399414
2025-03-17,Arel,ACOLITE,S2C_MSI_2025_03_17_11_46_19_T28QCH_L2W,C:\Users\Simon\Nextcloud\Project\Mauritania\Science\Arguin - FieldWork Data Processing\Data\S2\ACOLITE\2025-03-17,348,878,849,342545.0,2201195.0,0.2019028216600418,0.25201064348220825,0.33364200592041016,0.432771772146225,0.46422138810157776,0.49600914120674133,0.5190287828445435,0.5348993539810181,0.5567528009414673,0.5765407085418701,0.41372501850128174
2025-03-17,Arel,ACOLITE,S2C_MSI_2025_03_17_11_46_19_T28QCH_L2W,C:\Users\Simon\Nextcloud\Project\Mauritania\Science\Arguin - FieldWork Data Processing\Data\S2\ACOLITE\2025-03-17,349,878,850,342555.0,2201195.0,0.20189936459064484,0.26112130284309387,0.34362056851387024,0.44396018981933594,0.464220255613327,0.49600815773010254,0.5190279483795166,0.5318470001220703,0.5567520260810852,0.5765411853790283,0.4137292206287384
2025-03-17,Arel,ACOLITE,S2C_MSI_2025_03_17_11_46_19_T28QCH_L2W,C:\Users\Simon\Nextcloud\Project\Mauritania\Science\Arguin - FieldWork Data Processing\Data\S2\ACOLITE\2025-03-17,350,878,851,342565.0,2201195.0,0.20189590752124786,0.27740082144737244,0.35380053520202637,0.44406452775001526,0.4610622823238373,0.48075947165489197,0.51003497838974,0.534266471862793,0.5497351884841919,0.5732624530792236,0.40533459186553955
2025-03-17,Arel,ACOLITE,S2C_MSI_2025_03_17_11_46_19_T28QCH_L2W,C:\Users\Simon\Nextcloud\Project\Mauritania\Science\Arguin - FieldWork Data Processing\Data\S2\ACOLITE\2025-03-17,351,878,852,342575.0,2201195.0,0.20189246535301208,0.26752418279647827,0.34350261092185974,0.4332965314388275,0.46106114983558655,0.4807584583759308,0.5100340843200684,0.5241574048995972,0.5497344136238098,0.5732628107070923,0.40533867478370667
2025-03-17,Arel,ACOLITE,S2C_MSI_2025_03_17_11_46_19_T28QCH_L2W,C:\Users\Simon\Nextcloud\Project\Mauritania\Science\Arguin - FieldWork Data Processing\Data\S2\ACOLITE\2025-03-17,352,878,853,342585.0,2201195.0,0.2018890082836151,0.23980098962783813,0.3141690790653229,0.3970192074775696,0.4274795353412628,0.4657800793647766,0.4870361387729645,0.49542737007141113,0.5252665877342224,0.5674194693565369,0.3948087990283966
2025-03-17,Arel,ACOLITE,S2C_MSI_2025_03_17_11_46_19_T28QCH_L2W,C:\Users\Simon\Nextcloud\Project\Mauritania\Science\Arguin - FieldWork Data Processing\Data\S2\ACOLITE\2025-03-17,353,878,854,342595.0,2201195.0,0.20188556611537933,0.2486007660627365,0.3225882351398468,0.41529595851898193,0.42747828364372253,0.46577900648117065,0.48703518509864807,0.5058982968330383,0.5252657532691956,0.5674198865890503,0.39481276273727417
2025-03-17,Arel,ACOLITE,S2C_MSI_2025_03_17_11_46_19_T28QCH_L2W,C:\Users\Simon\Nextcloud\Project\Mauritania\Science\Arguin - FieldWork Data Processing\Data\S2\ACOLITE\2025-03-17,354,878,855,342605.0,2201195.0,0.20225659012794495,0.27588316798210144,0.3540226221084595,0.4415285885334015,0.46705418825149536,0.49051058292388916,0.5187206268310547,0.5395214557647705,0.5596115589141846,0.5659844875335693,0.38820070028305054
2025-03-17,Arel,ACOLITE,S2C_MSI_2025_03_17_11_46_19_T28QCH_L2W,C:\Users\Simon\Nextcloud\Project\Mauritania\Science\Arguin - FieldWork Data Processing\Data\S2\ACOLITE\2025-03-17,355,878,856,342615.0,2201195.0,0.20225313305854797,0.27657678723335266,0.3542494773864746,0.44922250509262085,0.467053085565567,0.49050959944725037,0.5187197327613831,0.5418328642845154,0.5596107840538025,0.5659849047660828,0.3882046043872833
2025-03-17,Arel,ACOLITE,S2C_MSI_2025_03_17_11_46_19_T28QCH_L2W,C:\Users\Simon\Nextcloud\Project\Mauritania\Science\Arguin - FieldWork Data Processing\Data\S2\ACOLITE\2025-03-17,356,878,857,342625.0,2201195.0,0.2022496908903122,0.265182763338089,0.3456703722476959,0.43920475244522095,0.45736995339393616,0.4893679618835449,0.5117482542991638,0.5368912220001221,0.5551660656929016,0.5605476498603821,0.3733947277069092
2025-03-17,Arel,ACOLITE,S2C_MSI_2025_03_17_11_46_19_T28QCH_L2W,C:\Users\Simon\Nextcloud\Project\Mauritania\Science\Arguin - FieldWork Data Processing\Data\S2\ACOLITE\2025-03-17,357,878,858,342635.0,2201195.0,0.20224623382091522,0.25046396255493164,0.3331665098667145,0.42228636145591736,0.4573688209056854,0.48936697840690613,0.5117473602294922,0.521200954914093,0.5551652908325195,0.5605481266975403,0.37339845299720764
2025-03-17,Arel,ACOLITE,S2C_MSI_2025_03_17_11_46_19_T28QCH_L2W,C:\Users\Simon\Nextcloud\Project\Mauritania\Science\Arguin - FieldWork Data Processing\Data\S2\ACOLITE\2025-03-17,358,878,859,342645.0,2201195.0,0.20224279165267944,0.25373831391334534,0.33144089579582214,0.4142286479473114,0.43604615330696106,0.4646280109882355,0.4892632067203522,0.513710081577301,0.5381506681442261,0.5516157150268555,0.3498013913631439
2025-03-17,Arel,ACOLITE,S2C_MSI_2025_03_17_11_46_19_T28QCH_L2W,C:\Users\Simon\Nextcloud\Project\Mauritania\Science\Arguin - FieldWork Data Processing\Data\S2\ACOLITE\2025-03-17,359,878,860,342655.0,2201195.0,0.20223934948444366,0.2527996897697449,0.33155402541160583,0.4107249677181244,0.4360449016094208,0.4646269679069519,0.48926225304603577,0.5144480466842651,0.538149893283844,0.5516161322593689,0.3498048484325409
2025-03-17,Arel,ACOLITE,S2C_MSI_2025_03_17_11_46_19_T28QCH_L2W,C:\Users\Simon\Nextcloud\Project\Mauritania\Science\Arguin - FieldWork Data Processing\Data\S2\ACOLITE\2025-03-17,360,878,861,342665.0,2201195.0,0.19786307215690613,0.2393074780702591,0.32153791189193726,0.40030762553215027,0.42662182450294495,0.4573289155960083,0.47961390018463135,0.4981721341609955,0.5261532664299011,0.5477122664451599,0.3406940698623657
2025-03-17,Arel,ACOLITE,S2C_MSI_2025_03_17_11_46_19_T28QCH_L2W,C:\Users\Simon\Nextcloud\Project\Mauritania\Science\Arguin - FieldWork Data Processing\Data\S2\ACOLITE\2025-03-17,361,878,862,342675.0,2201195.0,0.19785957038402557,0.24435624480247498,0.3201525807380676,0.40232744812965393,0.4266205430030823,0.45732784271240234,0.47961291670799255,0.503565788269043,0.5261524319648743,0.5477126836776733,0.34069740772247314
2025-03-17,Arel,ACOLITE,S2C_MSI_2025_03_17_11_46_19_T28QCH_L2W,C:\Users\Simon\Nextcloud\Project\Mauritania\Science\Arguin - FieldWork Data Processing\Data\S2\ACOLITE\2025-03-17,362,878,863,342685.0,2201195.0,0.19785605370998383,0.24916157126426697,0.32614192366600037,0.40594086050987244,0.43106770515441895,0.4625399112701416,0.4877372682094574,0.505784809589386,0.5338870286941528,0.5511038303375244,0.35240209102630615
2025-03-17,Arel,ACOLITE,S2C_MSI_2025_03_17_11_46_19_T28QCH_L2W,C:\Users\Simon\Nextcloud\Project\Mauritania\Science\Arguin - FieldWork Data Processing\Data\S2\ACOLITE\2025-03-17,363,878,864,342695.0,2201195.0,0.19785253703594208,0.24517206847667694,0.3199181854724884,0.4018992483615875,0.43106645345687866,0.46253883838653564,0.487736314535141,0.5084257125854492,0.5338862538337708,0.5511042475700378,0.3524055778980255
2025-03-17,Arel,ACOLITE,S2C_MSI_2025_03_17_11_46_19_T28QCH_L2W,C:\Users\Simon\Nextcloud\Project\Mauritania\Science\Arguin - FieldWork Data Processing\Data\S2\ACOLITE\2025-03-17,364,878,865,342705.0,2201195.0,0.19784902036190033,0.24985896050930023,0.32106930017471313,0.40785083174705505,0.4330763518810272,0.46524670720100403,0.4936192035675049,0.5121213793754578,0.537749707698822,0.5503855347633362,0.3519591689109802
2025-03-17,Arel,ACOLITE,S2C_MSI_2025_03_17_11_46_19_T28QCH_L2W,C:\Users\Simon\Nextcloud\Project\Mauritania\Science\Arguin - FieldWork Data Processing\Data\S2\ACOLITE\2025-03-17,365,878,866,342715.0,2201195.0,0.19784550368785858,0.2585112452507019,0.3279779255390167,0.40795573592185974,0.4330751299858093,0.46524566411972046,0.49361827969551086,0.5108534097671509,0.5377489328384399,0.5503859519958496,0.3519626259803772
2025-03-17,Arel,ACOLITE,S2C_MSI_2025_03_17_11_46_19_T28QCH_L2W,C:\Users\Simon\Nextcloud\Project\Mauritania\Science\Arguin - FieldWork Data Processing\Data\S2\ACOLITE\2025-03-17,366,878,867,342725.0,2201195.0,0.197341650724411,0.25336554646492004,0.32383134961128235,0.4079544246196747,0.4236464500427246,0.45241761207580566,0.4793032109737396,0.5084230899810791,0.5312072038650513,0.5464816093444824,0.3312552571296692
2025-03-17,Arel,ACOLITE,S2C_MSI_2025_03_17_11_46_19_T28QCH_L2W,C:\Users\Simon\Nextcloud\Project\Mauritania\Science\Arguin - FieldWork Data Processing\Data\S2\ACOLITE\2025-03-17,367,878,868,342735.0,2201195.0,0.19733811914920807,0.24551273882389069,0.32094836235046387,0.3992338478565216,0.42364516854286194,0.4524165093898773,0.4793022871017456,0.5075770020484924,0.5312063694000244,0.5464820265769958,0.33125847578048706
2025-03-17,Arel,ACOLITE,S2C_MSI_2025_03_17_11_46_19_T28QCH_L2W,C:\Users\Simon\Nextcloud\Project\Mauritania\Science\Arguin - FieldWork Data Processing\Data\S2\ACOLITE\2025-03-17,368,878,869,342745.0,2201195.0,0.19733460247516632,0.23092199862003326,0.2966547906398773,0.38420286774635315,0.4214169681072235,0.4471926689147949,0.4779798090457916,0.4982709586620331,0.5347741842269897,0.5460713505744934,0.33317649364471436
2025-03-17,Arel,ACOLITE,S2C_MSI_2025_03_17_11_46_19_T28QCH_L2W,C:\Users\Simon\Nextcloud\Project\Mauritania\Science\Arguin - FieldWork Data Processing\Data\S2\ACOLITE\2025-03-17,369,878,870,342755.0,2201195.0,0.19733108580112457,0.23739904165267944,0.3067360520362854,0.38740313053131104,0.42141565680503845,0.4471915662288666,0.47797882556915283,0.5034530758857727,0.5347734093666077,0.5460717678070068,0.3331797420978546
2025-03-17,Arel,ACOLITE,S2C_MSI_2025_03_17_11_46_19_T28QCH_L2W,C:\Users\Simon\Nextcloud\Project\Mauritania\Science\Arguin - FieldWork Data Processing\Data\S2\ACOLITE\2025-03-17,370,878,871,342765.0,2201195.0,0.19732755422592163,0.24339134991168976,0.3136719763278961,0.3984846770763397,0.42999887466430664,0.4600296914577484,0.4904695451259613,0.50715172290802,0.538141131401062,0.5453526973724365,0.35310471057891846
2025-03-17,Arel,ACOLITE,S2C_MSI_2025_03_17_11_46_19_T28QCH_L2W,C:\Users\Simon\Nextcloud\Project\Mauritania\Science\Arguin - FieldWork Data Processing\Data\S2\ACOLITE\2025-03-17,371,878,872,342775.0,2201195.0,0.19732403755187988,0.24409300088882446,0.3145941197872162,0.4015692472457886,0.42999765276908875,0.46002861857414246,0.4904685914516449,0.5077848434448242,0.5381402969360352,0.54535311460495,0.3531081974506378
2025-03-17,Arel,ACOLITE,S2C_MSI_2025_03_17_11_46_19_T28QCH_L2W,C:\Users\Simon\Nextcloud\Project\Mauritania\Science\Arguin - FieldWork Data Processing\Data\S2\ACOLITE\2025-03-17,372,878,873,342785.0,2201195.0,0.15195220708847046,0.23939014971256256,0.3086971044540405,0.39731085300445557,0.42130571603775024,0.4559597671031952,0.4822443723678589,0.5087348818778992,0.5283262133598328,0.543811559677124,0.3635677099227905
2025-03-17,Arel,ACOLITE,S2C_MSI_2025_03_17_11_46_19_T28QCH_L2W,C:\Users\Simon\Nextcloud\Project\Mauritania\Science\Arguin - FieldWork Data Processing\Data\S2\ACOLITE\2025-03-17,373,879,842,342475.0,2201185.0,0.13851751387119293,0.22391808032989502,0.2994943857192993,0.39170774817466736,0.4095594584941864,0.44115811586380005,0.4552921950817108,0.4871739447116852,0.48944923281669617,0.5145574808120728,0.36761388182640076
2025-03-17,Arel,ACOLITE,S2C_MSI_2025_03_17_11_46_19_T28QCH_L2W,C:\Users\Simon\Nextcloud\Project\Mauritania\Science\Arguin - FieldWork Data Processing\Data\S2\ACOLITE\2025-03-17,374,879,843,342485.0,2201185.0,0.1956728845834732,0.2345341593027115,0.31176167726516724,0.4042664170265198,0.4414561688899994,0.4686012864112854,0.4909009337425232,0.4938476085662842,0.5223956108093262,0.5380401611328125,0.3933137059211731
2025-03-17,Arel,ACOLITE,S2C_MSI_2025_03_17_11_46_19_T28QCH_L2W,C:\Users\Simon\Nextcloud\Project\Mauritania\Science\Arguin - FieldWork Data Processing\Data\S2\ACOLITE\2025-03-17,375,879,844,342495.0,2201185.0,0.19566932320594788,0.2397080957889557,0.3216841220855713,0.4164747893810272,0.4414549767971039,0.46860021352767944,0.4909000098705292,0.5044267773628235,0.5223947763442993,0.5380405783653259,0.39331766963005066
2025-03-17,Arel,ACOLITE,S2C_MSI_2025_03_17_11_46_19_T28QCH_L2W,C:\Users\Simon\Nextcloud\Project\Mauritania\Science\Arguin - FieldWork Data Processing\Data\S2\ACOLITE\2025-03-17,376,879,845,342505.0,2201185.0,0.19566576182842255,0.24780413508415222,0.3275550603866577,0.42569008469581604,0.45548683404922485,0.47847941517829895,0.5034640431404114,0.516465425491333,0.5440025925636292,0.5589004158973694,0.4071040749549866
2025-03-17,Arel,ACOLITE,S2C_MSI_2025_03_17_11_46_19_T28QCH_L2W,C:\Users\Simon\Nextcloud\Project\Mauritania\Science\Arguin - FieldWork Data Processing\Data\S2\ACOLITE\2025-03-17,377,879,846,342515.0,2201185.0,0.1956622302532196,0.24592536687850952,0.32479071617126465,0.42198309302330017,0.45548567175865173,0.4784783720970154,0.503463089466095,0.5184689164161682,0.5440018177032471,0.5589008331298828,0.4071081876754761
2025-03-17,Arel,ACOLITE,S2C_MSI_2025_03_17_11_46_19_T28QCH_L2W,C:\Users\Simon\Nextcloud\Project\Mauritania\Science\Arguin - FieldWork Data Processing\Data\S2\ACOLITE\2025-03-17,378,879,847,342525.0,2201185.0,0.19565866887569427,0.24428005516529083,0.3249039649963379,0.4200749099254608,0.4506351947784424,0.4828399419784546,0.5058911442756653,0.5237396359443665,0.546771228313446,0.5709033012390137,0.4086802005767822
2025-03-17,Arel,ACOLITE,S2C_MSI_2025_03_17_11_46_19_T28QCH_L2W,C:\Users\Simon\Nextcloud\Project\Mauritania\Science\Arguin - FieldWork Data Processing\Data\S2\ACOLITE\2025-03-17,379,879,848,342535.0,2201185.0,0.19565510749816895,0.24674063920974731,0.32916009426116943,0.4276968538761139,0.45063403248786926,0.4828389286994934,0.5058901906013489,0.52711021900177,0.546770453453064,0.5709037184715271,0.40868431329727173
2025-03-17,Arel,ACOLITE,S2C_MSI_2025_03_17_11_46_19_T28QCH_L2W,C:\Users\Simon\Nextcloud\Project\Mauritania\Science\Arguin - FieldWork Data Processing\Data\S2\ACOLITE\2025-03-17,380,879,849,342545.0,2201185.0,0.20190095901489258,0.24966762959957123,0.33295175433158875,0.4308684468269348,0.46422079205513,0.49600863456726074,0.5190283060073853,0.5293208956718445,0.5567523837089539,0.5765408873558044,0.4137270152568817
2025-03-17,Arel,ACOLITE,S2C_MSI_2025_03_17_11_46_19_T28QCH_L2W,C:\Users\Simon\Nextcloud\Project\Mauritania\Science\Arguin - FieldWork Data Processing\Data\S2\ACOLITE\2025-03-17,381,879,850,342555.0,2201185.0,0.2018975019454956,0.26659679412841797,0.34922876954078674,0.43984565138816833,0.4642196595668793,0.49600765109062195,0.5190274715423584,0.5327937602996826,0.5567516088485718,0.5765413641929626,0.4137312173843384
2025-03-17,Arel,ACOLITE,S2C_MSI_2025_03_17_11_46_19_T28QCH_L2W,C:\Users\Simon\Nextcloud\Project\Mauritania\Science\Arguin - FieldWork Data Processing\Data\S2\ACOLITE\2025-03-17,382,879,851,342565.0,2201185.0,0.20189404487609863,0.27484726905822754,0.3520856201648712,0.4427984356880188,0.4610616862773895,0.4807589054107666,0.5100345015525818,0.5321614742279053,0.5497348308563232,0.5732625722885132,0.40533655881881714
2025-03-17,Arel,ACOLITE,S2C_MSI_2025_03_17_11_46_19_T28QCH_L2W,C:\Users\Simon\Nextcloud\Project\Mauritania\Science\Arguin - FieldWork Data Processing\Data\S2\ACOLITE\2025-03-17,383,879,852,342575.0,2201185.0,0.20189058780670166,0.2556266486644745,0.33329111337661743,0.4208102226257324,0.4610605239868164,0.4807578921318054,0.5100336074829102,0.5133989453315735,0.5497339963912964,0.5732630491256714,0.40534064173698425
2025-03-17,Arel,ACOLITE,S2C_MSI_2025_03_17_11_46_19_T28QCH_L2W,C:\Users\Simon\Nextcloud\Project\Mauritania\Science\Arguin - FieldWork Data Processing\Data\S2\ACOLITE\2025-03-17,384,879,853,342585.0,2201185.0,0.2018871307373047,0.23697669804096222,0.2994714081287384,0.3862532377243042,0.4274788796901703,0.46577951312065125,0.4870356619358063,0.48196759819984436,0.525266170501709,0.5674196481704712,0.3948107063770294
2025-03-17,Arel,ACOLITE,S2C_MSI_2025_03_17_11_46_19_T28QCH_L2W,C:\Users\Simon\Nextcloud\Project\Mauritania\Science\Arguin - FieldWork Data Processing\Data\S2\ACOLITE\2025-03-17,385,879,854,342595.0,2201185.0,0.2018836885690689,0.24695821106433868,0.31878283619880676,0.40892699360847473,0.42747762799263,0.4657784700393677,0.4870346784591675,0.4995533525943756,0.5252653360366821,0.5674200654029846,0.394814670085907
2025-03-17,Arel,ACOLITE,S2C_MSI_2025_03_17_11_46_19_T28QCH_L2W,C:\Users\Simon\Nextcloud\Project\Mauritania\Science\Arguin - FieldWork Data Processing\Data\S2\ACOLITE\2025-03-17,386,879,855,342605.0,2201185.0,0.20225468277931213,0.27158546447753906,0.34796208143234253,0.44005078077316284,0.4670535922050476,0.49051007628440857,0.5187201499938965,0.5382593870162964,0.5596111416816711,0.5659846663475037,0.38820260763168335
2025-03-17,Arel,ACOLITE,S2C_MSI_2025_03_17_11_46_19_T28QCH_L2W,C:\Users\Simon\Nextcloud\Project\Mauritania\Science\Arguin - FieldWork Data Processing\Data\S2\ACOLITE\2025-03-17,387,879,856,342615.0,2201185.0,0.20225124061107635,0.27193155884742737,0.35116302967071533,0.4436362683773041,0.46705248951911926,0.4905090928077698,0.5187193155288696,0.5387842655181885,0.5596103668212891,0.5659851431846619,0.38820648193359375
2025-03-17,Arel,ACOLITE,S2C_MSI_2025_03_17_11_46_19_T28QCH_L2W,C:\Users\Simon\Nextcloud\Project\Mauritania\Science\Arguin - FieldWork Data Processing\Data\S2\ACOLITE\2025-03-17,388,879,857,342625.0,2201185.0,0.20224779844284058,0.2640162706375122,0.3376455008983612,0.4357198178768158,0.4573693573474884,0.48936742544174194,0.5117477774620056,0.5301565527915955,0.5551656484603882,0.5605478286743164,0.3733965754508972
2025-03-17,Arel,ACOLITE,S2C_MSI_2025_03_17_11_46_19_T28QCH_L2W,C:\Users\Simon\Nextcloud\Project\Mauritania\Science\Arguin - FieldWork Data Processing\Data\S2\ACOLITE\2025-03-17,389,879,858,342635.0,2201185.0,0.2022443413734436,0.24882246553897858,0.32730114459991455,0.4202728569507599,0.4573681950569153,0.48936641216278076,0.511746883392334,0.5202515721321106,0.5551648139953613,0.5605483055114746,0.3734002709388733
2025-03-17,Arel,ACOLITE,S2C_MSI_2025_03_17_11_46_19_T28QCH_L2W,C:\Users\Simon\Nextcloud\Project\Mauritania\Science\Arguin - FieldWork Data Processing\Data\S2\ACOLITE\2025-03-17,390,879,859,342645.0,2201185.0,0.20224088430404663,0.24577130377292633,0.3202725648880005,0.40902653336524963,0.43604546785354614,0.4646274149417877,0.4892627000808716,0.5124427676200867,0.5381502509117126,0.5516159534454346,0.34980306029319763
2025-03-17,Arel,ACOLITE,S2C_MSI_2025_03_17_11_46_19_T28QCH_L2W,C:\Users\Simon\Nextcloud\Project\Mauritania\Science\Arguin - FieldWork Data Processing\Data\S2\ACOLITE\2025-03-17,391,879,860,342655.0,2201185.0,0.20223742723464966,0.2400142103433609,0.3116125762462616,0.398924857378006,0.43604424595832825,0.46462640166282654,0.48926177620887756,0.5029326677322388,0.5381494760513306,0.551616370677948,0.3498065173625946
2025-03-17,Arel,ACOLITE,S2C_MSI_2025_03_17_11_46_19_T28QCH_L2W,C:\Users\Simon\Nextcloud\Project\Mauritania\Science\Arguin - FieldWork Data Processing\Data\S2\ACOLITE\2025-03-17,392,879,861,342665.0,2201185.0,0.19786113500595093,0.23577599227428436,0.3095296025276184,0.39242684841156006,0.42662113904953003,0.45732834935188293,0.47961336374282837,0.49457278847694397,0.5261527895927429,0.5477124452590942,0.34069570899009705
2025-03-17,Arel,ACOLITE,S2C_MSI_2025_03_17_11_46_19_T28QCH_L2W,C:\Users\Simon\Nextcloud\Project\Mauritania\Science\Arguin - FieldWork Data Processing\Data\S2\ACOLITE\2025-03-17,393,879,862,342675.0,2201185.0,0.19785760343074799,0.2415362447500229,0.31472793221473694,0.39530208706855774,0.42661985754966736,0.457327276468277,0.47961241006851196,0.5037767887115479,0.5261520147323608,0.5477129220962524,0.34069904685020447
2025-03-17,Arel,ACOLITE,S2C_MSI_2025_03_17_11_46_19_T28QCH_L2W,C:\Users\Simon\Nextcloud\Project\Mauritania\Science\Arguin - FieldWork Data Processing\Data\S2\ACOLITE\2025-03-17,394,879,863,342685.0,2201185.0,0.19785408675670624,0.2412983626127243,0.3155342936515808,0.3991335928440094,0.4310670495033264,0.46253931522369385,0.4877367317676544,0.5054672956466675,0.5338866114616394,0.5511040091514587,0.35240378975868225
2025-03-17,Arel,ACOLITE,S2C_MSI_2025_03_17_11_46_19_T28QCH_L2W,C:\Users\Simon\Nextcloud\Project\Mauritania\Science\Arguin - FieldWork Data Processing\Data\S2\ACOLITE\2025-03-17,395,879,864,342695.0,2201185.0,0.1978505551815033,0.24423159658908844,0.3164559006690979,0.40243032574653625,0.43106576800346375,0.4625382721424103,0.487735778093338,0.5092703700065613,0.5338858366012573,0.5511044263839722,0.3524072766304016
2025-03-17,Arel,ACOLITE,S2C_MSI_2025_03_17_11_46_19_T28QCH_L2W,C:\Users\Simon\Nextcloud\Project\Mauritania\Science\Arguin - FieldWork Data Processing\Data\S2\ACOLITE\2025-03-17,396,879,865,342705.0,2201185.0,0.19784705340862274,0.2525504231452942,0.32325801253318787,0.4116731286048889,0.4330756962299347,0.46524614095687866,0.4936186969280243,0.5153931975364685,0.5377492904663086,0.5503857135772705,0.3519608676433563
2025-03-17,Arel,ACOLITE,S2C_MSI_2025_03_17_11_46_19_T28QCH_L2W,C:\Users\Simon\Nextcloud\Project\Mauritania\Science\Arguin - FieldWork Data Processing\Data\S2\ACOLITE\2025-03-17,397,879,866,342715.0,2201185.0,0.1978435218334198,0.250908762216568,0.32291048765182495,0.3989166021347046,0.4330744445323944,0.4652450680732727,0.4936177730560303,0.509057343006134,0.5377484560012817,0.5503861904144287,0.3519643247127533
2025-03-17,Arel,ACOLITE,S2C_MSI_2025_03_17_11_46_19_T28QCH_L2W,C:\Users\Simon\Nextcloud\Project\Mauritania\Science\Arguin - FieldWork Data Processing\Data\S2\ACOLITE\2025-03-17,398,879,867,342725.0,2201185.0,0.19733965396881104,0.242461696267128,0.31737348437309265,0.3934839963912964,0.4236457645893097,0.4524170160293579,0.47930267453193665,0.4973197877407074,0.5312067866325378,0.5464818477630615,0.3312568664550781
2025-03-17,Arel,ACOLITE,S2C_MSI_2025_03_17_11_46_19_T28QCH_L2W,C:\Users\Simon\Nextcloud\Project\Mauritania\Science\Arguin - FieldWork Data Processing\Data\S2\ACOLITE\2025-03-17,399,879,868,342735.0,2201185.0,0.1973361372947693,0.250669002532959,0.32348284125328064,0.3939087986946106,0.423644483089447,0.45241591334342957,0.47930172085762024,0.503454327583313,0.531205952167511,0.546482264995575,0.331260085105896
2025-03-17,Arel,ACOLITE,S2C_MSI_2025_03_17_11_46_19_T28QCH_L2W,C:\Users\Simon\Nextcloud\Project\Mauritania\Science\Arguin - FieldWork Data Processing\Data\S2\ACOLITE\2025-03-17,400,879,869,342745.0,2201185.0,0.19733260571956635,0.23292486369609833,0.2986261248588562,0.38526952266693115,0.4214162528514862,0.44719207286834717,0.47797927260398865,0.4971063435077667,0.5347737669944763,0.5460715293884277,0.3331781327724457
2025-03-17,Arel,ACOLITE,S2C_MSI_2025_03_17_11_46_19_T28QCH_L2W,C:\Users\Simon\Nextcloud\Project\Mauritania\Science\Arguin - FieldWork Data Processing\Data\S2\ACOLITE\2025-03-17,401,879,870,342755.0,2201185.0,0.1973290592432022,0.24409711360931396,0.31401941180229187,0.3971012830734253,0.42141497135162354,0.4471909701824188,0.47797828912734985,0.5086313486099243,0.5347729325294495,0.5460719466209412,0.33318138122558594
2025-03-17,Arel,ACOLITE,S2C_MSI_2025_03_17_11_46_19_T28QCH_L2W,C:\Users\Simon\Nextcloud\Project\Mauritania\Science\Arguin - FieldWork Data Processing\Data\S2\ACOLITE\2025-03-17,402,879,871,342765.0,2201185.0,0.19732554256916046,0.2521827816963196,0.3232468068599701,0.40571683645248413,0.4299981892108917,0.46002909541130066,0.4904690086841583,0.5132771134376526,0.5381407141685486,0.5453528761863708,0.35310646891593933
2025-03-17,Arel,ACOLITE,S2C_MSI_2025_03_17_11_46_19_T28QCH_L2W,C:\Users\Simon\Nextcloud\Project\Mauritania\Science\Arguin - FieldWork Data Processing\Data\S2\ACOLITE\2025-03-17,403,879,872,342775.0,2201185.0,0.1973220258951187,0.24596914649009705,0.3192099630832672,0.4015685021877289,0.42999696731567383,0.4600280225276947,0.4904680848121643,0.5114813446998596,0.5381398797035217,0.5453532934188843,0.3531099557876587
2025-03-17,Arel,ACOLITE,S2C_MSI_2025_03_17_11_46_19_T28QCH_L2W,C:\Users\Simon\Nextcloud\Project\Mauritania\Science\Arguin - FieldWork Data Processing\Data\S2\ACOLITE\2025-03-17,404,879,873,342785.0,2201185.0,0.15194980800151825,0.23832988739013672,0.30510807037353516,0.3916637599468231,0.42130500078201294,0.45595917105674744,0.4822438359260559,0.5076778531074524,0.5283257961273193,0.5438117384910583,0.3635695278644562
2025-03-17,Arel,ACOLITE,S2C_MSI_2025_03_17_11_46_19_T28QCH_L2W,C:\Users\Simon\Nextcloud\Project\Mauritania\Science\Arguin - FieldWork Data Processing\Data\S2\ACOLITE\2025-03-17,405,880,842,342475.0,2201175.0,0.13851521909236908,0.2175253927707672,0.2969416677951813,0.39064109325408936,0.4177371859550476,0.4516085386276245,0.4720039665699005,0.487173467874527,0.5050971508026123,0.5257909893989563,0.38063791394233704
2025-03-17,Arel,ACOLITE,S2C_MSI_2025_03_17_11_46_19_T28QCH_L2W,C:\Users\Simon\Nextcloud\Project\Mauritania\Science\Arguin - FieldWork Data Processing\Data\S2\ACOLITE\2025-03-17,406,880,843,342485.0,2201175.0,0.19567102193832397,0.23158690333366394,0.31060490012168884,0.40245819091796875,0.442934513092041,0.47297096252441406,0.49961769580841064,0.5004088282585144,0.5336049199104309,0.5625942945480347,0.415718674659729
2025-03-17,Arel,ACOLITE,S2C_MSI_2025_03_17_11_46_19_T28QCH_L2W,C:\Users\Simon\Nextcloud\Project\Mauritania\Science\Arguin - FieldWork Data Processing\Data\S2\ACOLITE\2025-03-17,407,880,844,342495.0,2201175.0,0.19566744565963745,0.2359425127506256,0.3209916055202484,0.41848841309547424,0.4429333209991455,0.4729699194431305,0.4996167719364166,0.5142497420310974,0.5336041450500488,0.5625947117805481,0.41572290658950806
2025-03-17,Arel,ACOLITE,S2C_MSI_2025_03_17_11_46_19_T28QCH_L2W,C:\Users\Simon\Nextcloud\Project\Mauritania\Science\Arguin - FieldWork Data Processing\Data\S2\ACOLITE\2025-03-17,408,880,845,342505.0,2201175.0,0.19566389918327332,0.24111388623714447,0.3244461417198181,0.42643025517463684,0.4512697458267212,0.47868672013282776,0.5055888295173645,0.5179418921470642,0.5467724204063416,0.5741825699806213,0.4216580092906952
2025-03-17,Arel,ACOLITE,S2C_MSI_2025_03_17_11_46_19_T28QCH_L2W,C:\Users\Simon\Nextcloud\Project\Mauritania\Science\Arguin - FieldWork Data Processing\Data\S2\ACOLITE\2025-03-17,409,880,846,342515.0,2201175.0,0.19566033780574799,0.2425205409526825,0.3250200152397156,0.42230015993118286,0.4512685537338257,0.4786856770515442,0.5055879354476929,0.5228968262672424,0.5467715859413147,0.5741830468177795,0.42166227102279663
2025-03-17,Arel,ACOLITE,S2C_MSI_2025_03_17_11_46_19_T28QCH_L2W,C:\Users\Simon\Nextcloud\Project\Mauritania\Science\Arguin - FieldWork Data Processing\Data\S2\ACOLITE\2025-03-17,410,880,847,342525.0,2201175.0,0.19565677642822266,0.2435743510723114,0.3157951235771179,0.4186965525150299,0.4524272680282593,0.48294320702552795,0.5075092911720276,0.526057243347168,0.5489465594291687,0.5758230090141296,0.41808590292930603
2025-03-17,Arel,ACOLITE,S2C_MSI_2025_03_17_11_46_19_T28QCH_L2W,C:\Users\Simon\Nextcloud\Project\Mauritania\Science\Arguin - FieldWork Data Processing\Data\S2\ACOLITE\2025-03-17,411,880,848,342535.0,2201175.0,0.19565321505069733,0.24861456453800201,0.3273184597492218,0.4274846315383911,0.45242610573768616,0.4829421937465668,0.507508397102356,0.5265830755233765,0.5489457845687866,0.5758234262466431,0.4180901348590851
2025-03-17,Arel,ACOLITE,S2C_MSI_2025_03_17_11_46_19_T28QCH_L2W,C:\Users\Simon\Nextcloud\Project\Mauritania\Science\Arguin - FieldWork Data Processing\Data\S2\ACOLITE\2025-03-17,412,880,849,342545.0,2201175.0,0.20189911127090454,0.25364571809768677,0.3368551433086395,0.43329888582229614,0.4594842195510864,0.4899969696998596,0.5133715271949768,0.5276355147361755,0.550428032875061,0.574594259262085,0.41496041417121887
2025-03-17,Arel,ACOLITE,S2C_MSI_2025_03_17_11_46_19_T28QCH_L2W,C:\Users\Simon\Nextcloud\Project\Mauritania\Science\Arguin - FieldWork Data Processing\Data\S2\ACOLITE\2025-03-17,413,880,850,342555.0,2201175.0,0.20189563930034637,0.2631007730960846,0.35014286637306213,0.4384729266166687,0.4594830572605133,0.4899960160255432,0.51337069272995,0.5306882262229919,0.5504271984100342,0.5745946764945984,0.41496461629867554
2025-03-17,Arel,ACOLITE,S2C_MSI_2025_03_17_11_46_19_T28QCH_L2W,C:\Users\Simon\Nextcloud\Project\Mauritania\Science\Arguin - FieldWork Data Processing\Data\S2\ACOLITE\2025-03-17,414,880,851,342565.0,2201175.0,0.2018921822309494,0.2676403820514679,0.3436170816421509,0.4378383159637451,0.45305514335632324,0.4784727692604065,0.5030531883239746,0.5287923216819763,0.5476577877998352,0.5726478099822998,0.4073547124862671
2025-03-17,Arel,ACOLITE,S2C_MSI_2025_03_17_11_46_19_T28QCH_L2W,C:\Users\Simon\Nextcloud\Project\Mauritania\Science\Arguin - FieldWork Data Processing\Data\S2\ACOLITE\2025-03-17,415,880,852,342575.0,2201175.0,0.20188872516155243,0.2548069357872009,0.3294968903064728,0.4218689203262329,0.4530539810657501,0.4784717857837677,0.503052294254303,0.5138207077980042,0.5476569533348083,0.572648286819458,0.407358855009079
2025-03-17,Arel,ACOLITE,S2C_MSI_2025_03_17_11_46_19_T28QCH_L2W,C:\Users\Simon\Nextcloud\Project\Mauritania\Science\Arguin - FieldWork Data Processing\Data\S2\ACOLITE\2025-03-17,416,880,853,342585.0,2201175.0,0.20188525319099426,0.23932765424251556,0.31266531348228455,0.3989337980747223,0.4329841136932373,0.4669244885444641,0.48896342515945435,0.4960615634918213,0.5322091579437256,0.5661891102790833,0.38898178935050964
2025-03-17,Arel,ACOLITE,S2C_MSI_2025_03_17_11_46_19_T28QCH_L2W,C:\Users\Simon\Nextcloud\Project\Mauritania\Science\Arguin - FieldWork Data Processing\Data\S2\ACOLITE\2025-03-17,417,880,854,342595.0,2201175.0,0.2018817961215973,0.24531467258930206,0.322471022605896,0.40775784850120544,0.4329828917980194,0.46692344546318054,0.4889625012874603,0.5055803060531616,0.5322083234786987,0.5661895871162415,0.38898569345474243
2025-03-17,Arel,ACOLITE,S2C_MSI_2025_03_17_11_46_19_T28QCH_L2W,C:\Users\Simon\Nextcloud\Project\Mauritania\Science\Arguin - FieldWork Data Processing\Data\S2\ACOLITE\2025-03-17,418,880,855,342605.0,2201175.0,0.2022528052330017,0.25888797640800476,0.3348929286003113,0.4267352819442749,0.4508361220359802,0.48033884167671204,0.5093225836753845,0.5286836624145508,0.5541788339614868,0.567215621471405,0.3800140917301178
2025-03-17,Arel,ACOLITE,S2C_MSI_2025_03_17_11_46_19_T28QCH_L2W,C:\Users\Simon\Nextcloud\Project\Mauritania\Science\Arguin - FieldWork Data Processing\Data\S2\ACOLITE\2025-03-17,419,880,856,342615.0,2201175.0,0.20224936306476593,0.26133593916893005,0.3409726321697235,0.43455836176872253,0.4508349597454071,0.48033785820007324,0.5093216896057129,0.5325778722763062,0.5541780591011047,0.5672160983085632,0.3800179064273834
2025-03-17,Arel,ACOLITE,S2C_MSI_2025_03_17_11_46_19_T28QCH_L2W,C:\Users\Simon\Nextcloud\Project\Mauritania\Science\Arguin - FieldWork Data Processing\Data\S2\ACOLITE\2025-03-17,420,880,857,342625.0,2201175.0,0.20224589109420776,0.2600499093532562,0.34085625410079956,0.4388868510723114,0.45378604531288147,0.48812222480773926,0.5136675834655762,0.5343658328056335,0.5562518239021301,0.5623951554298401,0.3635135293006897
2025-03-17,Arel,ACOLITE,S2C_MSI_2025_03_17_11_46_19_T28QCH_L2W,C:\Users\Simon\Nextcloud\Project\Mauritania\Science\Arguin - FieldWork Data Processing\Data\S2\ACOLITE\2025-03-17,421,880,858,342635.0,2201175.0,0.20224244892597198,0.25327014923095703,0.335921049118042,0.43043383955955505,0.45378488302230835,0.48812127113342285,0.5136666893959045,0.5313132405281067,0.5562509894371033,0.5623955726623535,0.363517165184021
2025-03-17,Arel,ACOLITE,S2C_MSI_2025_03_17_11_46_19_T28QCH_L2W,C:\Users\Simon\Nextcloud\Project\Mauritania\Science\Arguin - FieldWork Data Processing\Data\S2\ACOLITE\2025-03-17,422,880,859,342645.0,2201175.0,0.20223897695541382,0.23766343295574188,0.3131156861782074,0.4076448976993561,0.4306478798389435,0.4602498412132263,0.4943334758281708,0.5191957354545593,0.5402294993400574,0.5551080107688904,0.3473299443721771
2025-03-17,Arel,ACOLITE,S2C_MSI_2025_03_17_11_46_19_T28QCH_L2W,C:\Users\Simon\Nextcloud\Project\Mauritania\Science\Arguin - FieldWork Data Processing\Data\S2\ACOLITE\2025-03-17,423,880,860,342655.0,2201175.0,0.20223551988601685,0.2276415377855301,0.29817983508110046,0.391681432723999,0.4306466281414032,0.46024879813194275,0.49433255195617676,0.49774879217147827,0.5402287244796753,0.5551084876060486,0.3473333418369293
2025-03-17,Arel,ACOLITE,S2C_MSI_2025_03_17_11_46_19_T28QCH_L2W,C:\Users\Simon\Nextcloud\Project\Mauritania\Science\Arguin - FieldWork Data Processing\Data\S2\ACOLITE\2025-03-17,424,880,861,342665.0,2201175.0,0.19785916805267334,0.23047104477882385,0.3007289469242096,0.3910404443740845,0.4219561815261841,0.4532581567764282,0.48164522647857666,0.49361929297447205,0.5327974557876587,0.5542874336242676,0.35689640045166016
2025-03-17,Arel,ACOLITE,S2C_MSI_2025_03_17_11_46_19_T28QCH_L2W,C:\Users\Simon\Nextcloud\Project\Mauritania\Science\Arguin - FieldWork Data Processing\Data\S2\ACOLITE\2025-03-17,425,880,862,342675.0,2201175.0,0.1978556513786316,0.2348293513059616,0.3082541823387146,0.39263781905174255,0.4219549000263214,0.4532570540904999,0.48164427280426025,0.5022959113121033,0.5327966809272766,0.554287850856781,0.3568999171257019
2025-03-17,Arel,ACOLITE,S2C_MSI_2025_03_17_11_46_19_T28QCH_L2W,C:\Users\Simon\Nextcloud\Project\Mauritania\Science\Arguin - FieldWork Data Processing\Data\S2\ACOLITE\2025-03-17,426,880,863,342685.0,2201175.0,0.19785213470458984,0.23517967760562897,0.3055903911590576,0.39732322096824646,0.42545223236083984,0.46055835485458374,0.4890555143356323,0.5044097304344177,0.5377504229545593,0.5561366081237793,0.35993874073028564
2025-03-17,Arel,ACOLITE,S2C_MSI_2025_03_17_11_46_19_T28QCH_L2W,C:\Users\Simon\Nextcloud\Project\Mauritania\Science\Arguin - FieldWork Data Processing\Data\S2\ACOLITE\2025-03-17,427,880,864,342695.0,2201175.0,0.1978486031293869,0.2425861805677414,0.3174935579299927,0.399025022983551,0.4254509508609772,0.4605572819709778,0.4890545606613159,0.506100058555603,0.5377496480941772,0.5561370849609375,0.35994231700897217
2025-03-17,Arel,ACOLITE,S2C_MSI_2025_03_17_11_46_19_T28QCH_L2W,C:\Users\Simon\Nextcloud\Project\Mauritania\Science\Arguin - FieldWork Data Processing\Data\S2\ACOLITE\2025-03-17,428,880,865,342705.0,2201175.0,0.19784507155418396,0.25418683886528015,0.32256561517715454,0.4076369106769562,0.42968735098838806,0.4590964913368225,0.48722681403160095,0.5159204006195068,0.5335872769355774,0.5482282042503357,0.3412735164165497
2025-03-17,Arel,ACOLITE,S2C_MSI_2025_03_17_11_46_19_T28QCH_L2W,C:\Users\Simon\Nextcloud\Project\Mauritania\Science\Arguin - FieldWork Data Processing\Data\S2\ACOLITE\2025-03-17,429,880,866,342715.0,2201175.0,0.19784153997898102,0.23928971588611603,0.3109061121940613,0.39391085505485535,0.4296860694885254,0.45909538865089417,0.48722589015960693,0.503244161605835,0.5335864424705505,0.5482286214828491,0.3412768542766571
2025-03-17,Arel,ACOLITE,S2C_MSI_2025_03_17_11_46_19_T28QCH_L2W,C:\Users\Simon\Nextcloud\Project\Mauritania\Science\Arguin - FieldWork Data Processing\Data\S2\ACOLITE\2025-03-17,430,880,867,342725.0,2201175.0,0.19733767211437225,0.23752225935459137,0.3095165491104126,0.38708582520484924,0.419826865196228,0.45074567198753357,0.476557195186615,0.4939316213130951,0.5298179984092712,0.5467903017997742,0.3268646001815796
2025-03-17,Arel,ACOLITE,S2C_MSI_2025_03_17_11_46_19_T28QCH_L2W,C:\Users\Simon\Nextcloud\Project\Mauritania\Science\Arguin - FieldWork Data Processing\Data\S2\ACOLITE\2025-03-17,431,880,868,342735.0,2201175.0,0.19733412563800812,0.23716627061367035,0.30233708024024963,0.3771515488624573,0.41982558369636536,0.4507445693016052,0.4765562415122986,0.4909650385379791,0.5298171639442444,0.5467907786369324,0.3268677294254303
2025-03-17,Arel,ACOLITE,S2C_MSI_2025_03_17_11_46_19_T28QCH_L2W,C:\Users\Simon\Nextcloud\Project\Mauritania\Science\Arguin - FieldWork Data Processing\Data\S2\ACOLITE\2025-03-17,432,880,869,342745.0,2201175.0,0.19733060896396637,0.23221586644649506,0.2994368374347687,0.38633596897125244,0.42766982316970825,0.45585858821868896,0.48102790117263794,0.49647077918052673,0.530113935470581,0.5467911958694458,0.33588269352912903
2025-03-17,Arel,ACOLITE,S2C_MSI_2025_03_17_11_46_19_T28QCH_L2W,C:\Users\Simon\Nextcloud\Project\Mauritania\Science\Arguin - FieldWork Data Processing\Data\S2\ACOLITE\2025-03-17,433,880,870,342755.0,2201175.0,0.19732706248760223,0.25487491488456726,0.3203659951686859,0.40369758009910583,0.42766857147216797,0.4558574855327606,0.48102694749832153,0.5120105743408203,0.5301131010055542,0.5467916131019592,0.3358859419822693
2025-03-17,Arel,ACOLITE,S2C_MSI_2025_03_17_11_46_19_T28QCH_L2W,C:\Users\Simon\Nextcloud\Project\Mauritania\Science\Arguin - FieldWork Data Processing\Data\S2\ACOLITE\2025-03-17,434,880,871,342765.0,2201175.0,0.1973235309123993,0.2549891173839569,0.323591411113739,0.404334157705307,0.4269256293773651,0.4573170244693756,0.48366737365722656,0.5101088285446167,0.5333841443061829,0.5357887744903564,0.33994269371032715
2025-03-17,Arel,ACOLITE,S2C_MSI_2025_03_17_11_46_19_T28QCH_L2W,C:\Users\Simon\Nextcloud\Project\Mauritania\Science\Arguin - FieldWork Data Processing\Data\S2\ACOLITE\2025-03-17,435,880,872,342775.0,2201175.0,0.19731999933719635,0.2503049671649933,0.32116928696632385,0.4050769805908203,0.42692437767982483,0.45731592178344727,0.48366641998291016,0.5086291432380676,0.533383309841156,0.5357891321182251,0.33994603157043457
2025-03-17,Arel,ACOLITE,S2C_MSI_2025_03_17_11_46_19_T28QCH_L2W,C:\Users\Simon\Nextcloud\Project\Mauritania\Science\Arguin - FieldWork Data Processing\Data\S2\ACOLITE\2025-03-17,436,881,842,342475.0,2201165.0,0.13851290941238403,0.22616009414196014,0.306905061006546,0.4021398425102234,0.4177365005016327,0.45160800218582153,0.4720034599304199,0.5010439157485962,0.5050967335700989,0.5257911086082458,0.3806396722793579
2025-03-17,Arel,ACOLITE,S2C_MSI_2025_03_17_11_46_19_T28QCH_L2W,C:\Users\Simon\Nextcloud\Project\Mauritania\Science\Arguin - FieldWork Data Processing\Data\S2\ACOLITE\2025-03-17,437,881,843,342485.0,2201165.0,0.19566914439201355,0.2326461672782898,0.31303057074546814,0.4130803346633911,0.4429338872432709,0.4729704260826111,0.49961718916893005,0.5166772603988647,0.5336045026779175,0.5625944137573242,0.415720671415329
2025-03-17,Arel,ACOLITE,S2C_MSI_2025_03_17_11_46_19_T28QCH_L2W,C:\Users\Simon\Nextcloud\Project\Mauritania\Science\Arguin - FieldWork Data Processing\Data\S2\ACOLITE\2025-03-17,438,881,844,342495.0,2201165.0,0.19566556811332703,0.2349991351366043,0.3167232871055603,0.4209250509738922,0.44293269515037537,0.4729693830013275,0.49961626529693604,0.5203679800033569,0.5336037278175354,0.5625948905944824,0.41572487354278564
2025-03-17,Arel,ACOLITE,S2C_MSI_2025_03_17_11_46_19_T28QCH_L2W,C:\Users\Simon\Nextcloud\Project\Mauritania\Science\Arguin - FieldWork Data Processing\Data\S2\ACOLITE\2025-03-17,439,881,845,342505.0,2201165.0,0.1956620216369629,0.2372325211763382,0.3206429183483124,0.4202880561351776,0.45126911997795105,0.4786861538887024,0.5055883526802063,0.5174140334129333,0.5467720031738281,0.5741827487945557,0.42166000604629517
2025-03-17,Arel,ACOLITE,S2C_MSI_2025_03_17_11_46_19_T28QCH_L2W,C:\Users\Simon\Nextcloud\Project\Mauritania\Science\Arguin - FieldWork Data Processing\Data\S2\ACOLITE\2025-03-17,440,881,846,342515.0,2201165.0,0.19565844535827637,0.24463199079036713,0.327436238527298,0.42441731691360474,0.45126792788505554,0.4786851406097412,0.5055874586105347,0.523634135723114,0.5467711687088013,0.5741832256317139,0.421664297580719
2025-03-17,Arel,ACOLITE,S2C_MSI_2025_03_17_11_46_19_T28QCH_L2W,C:\Users\Simon\Nextcloud\Project\Mauritania\Science\Arguin - FieldWork Data Processing\Data\S2\ACOLITE\2025-03-17,441,881,847,342525.0,2201165.0,0.19565488398075104,0.24451176822185516,0.3243262767791748,0.42431020736694336,0.45242664217948914,0.48294270038604736,0.5075088143348694,0.5245816707611084,0.5489461421966553,0.5758231282234192,0.418087899684906
2025-03-17,Arel,ACOLITE,S2C_MSI_2025_03_17_11_46_19_T28QCH_L2W,C:\Users\Simon\Nextcloud\Project\Mauritania\Science\Arguin - FieldWork Data Processing\Data\S2\ACOLITE\2025-03-17,442,881,848,342535.0,2201165.0,0.1956513226032257,0.24826152622699738,0.3286980986595154,0.4289649426937103,0.452425479888916,0.4829416573047638,0.5075079202651978,0.5263720154762268,0.5489453673362732,0.5758236050605774,0.41809213161468506
2025-03-17,Arel,ACOLITE,S2C_MSI_2025_03_17_11_46_19_T28QCH_L2W,C:\Users\Simon\Nextcloud\Project\Mauritania\Science\Arguin - FieldWork Data Processing\Data\S2\ACOLITE\2025-03-17,443,881,849,342545.0,2201165.0,0.2018972486257553,0.25188928842544556,0.3334094285964966,0.4324527978897095,0.45948362350463867,0.48999646306037903,0.5133711099624634,0.5266871452331543,0.5504276156425476,0.5745944380760193,0.41496241092681885
2025-03-17,Arel,ACOLITE,S2C_MSI_2025_03_17_11_46_19_T28QCH_L2W,C:\Users\Simon\Nextcloud\Project\Mauritania\Science\Arguin - FieldWork Data Processing\Data\S2\ACOLITE\2025-03-17,444,881,850,342555.0,2201165.0,0.20189377665519714,0.2539924085140228,0.336622953414917,0.4279046952724457,0.45948246121406555,0.48999547958374023,0.5133702158927917,0.5242630839347839,0.5504267811775208,0.5745948553085327,0.4149666428565979
2025-03-17,Arel,ACOLITE,S2C_MSI_2025_03_17_11_46_19_T28QCH_L2W,C:\Users\Simon\Nextcloud\Project\Mauritania\Science\Arguin - FieldWork Data Processing\Data\S2\ACOLITE\2025-03-17,445,881,851,342565.0,2201165.0,0.20189031958580017,0.25878047943115234,0.33375048637390137,0.42991307377815247,0.4530545175075531,0.4784722626209259,0.5030527114868164,0.5239461064338684,0.5476573705673218,0.5726480484008789,0.40735670924186707
2025-03-17,Arel,ACOLITE,S2C_MSI_2025_03_17_11_46_19_T28QCH_L2W,C:\Users\Simon\Nextcloud\Project\Mauritania\Science\Arguin - FieldWork Data Processing\Data\S2\ACOLITE\2025-03-17,446,881,852,342575.0,2201165.0,0.201886847615242,0.25293415784835815,0.3317953646183014,0.4228214919567108,0.45305335521698,0.47847121953964233,0.5030518174171448,0.5146645903587341,0.5476565361022949,0.5726484656333923,0.40736082196235657
2025-03-17,Arel,ACOLITE,S2C_MSI_2025_03_17_11_46_19_T28QCH_L2W,C:\Users\Simon\Nextcloud\Project\Mauritania\Science\Arguin - FieldWork Data Processing\Data\S2\ACOLITE\2025-03-17,447,881,853,342585.0,2201165.0,0.20188339054584503,0.24766145646572113,0.3233936131000519,0.41179364919662476,0.4329834580421448,0.46692392230033875,0.48896294832229614,0.5085394382476807,0.5322086811065674,0.5661892890930176,0.38898366689682007
2025-03-17,Arel,ACOLITE,S2C_MSI_2025_03_17_11_46_19_T28QCH_L2W,C:\Users\Simon\Nextcloud\Project\Mauritania\Science\Arguin - FieldWork Data Processing\Data\S2\ACOLITE\2025-03-17,448,881,854,342595.0,2201165.0,0.20187991857528687,0.2475414276123047,0.31855010986328125,0.41200461983680725,0.4329822361469269,0.4669228792190552,0.48896199464797974,0.5081160068511963,0.5322079062461853,0.5661897659301758,0.38898760080337524
2025-03-17,Arel,ACOLITE,S2C_MSI_2025_03_17_11_46_19_T28QCH_L2W,C:\Users\Simon\Nextcloud\Project\Mauritania\Science\Arguin - FieldWork Data Processing\Data\S2\ACOLITE\2025-03-17,449,881,855,342605.0,2201165.0,0.20225092768669128,0.24660059809684753,0.3187789022922516,0.4146561324596405,0.45083552598953247,0.48033833503723145,0.5093221068382263,0.5165615081787109,0.5541784763336182,0.5672158002853394,0.38001593947410583
2025-03-17,Arel,ACOLITE,S2C_MSI_2025_03_17_11_46_19_T28QCH_L2W,C:\Users\Simon\Nextcloud\Project\Mauritania\Science\Arguin - FieldWork Data Processing\Data\S2\ACOLITE\2025-03-17,450,881,856,342615.0,2201165.0,0.20224745571613312,0.24788744747638702,0.3225814700126648,0.4196382164955139,0.45083433389663696,0.4803372919559479,0.5093212127685547,0.524047315120697,0.5541776418685913,0.5672162771224976,0.38001975417137146
2025-03-17,Arel,ACOLITE,S2C_MSI_2025_03_17_11_46_19_T28QCH_L2W,C:\Users\Simon\Nextcloud\Project\Mauritania\Science\Arguin - FieldWork Data Processing\Data\S2\ACOLITE\2025-03-17,451,881,857,342625.0,2201165.0,0.20224399864673615,0.2546749413013458,0.3413139283657074,0.4327601194381714,0.45378541946411133,0.48812171816825867,0.513667106628418,0.5386773943901062,0.5562513470649719,0.5623953342437744,0.36351531744003296
2025-03-17,Arel,ACOLITE,S2C_MSI_2025_03_17_11_46_19_T28QCH_L2W,C:\Users\Simon\Nextcloud\Project\Mauritania\Science\Arguin - FieldWork Data Processing\Data\S2\ACOLITE\2025-03-17,452,881,858,342635.0,2201165.0,0.20224054157733917,0.2509278655052185,0.3362645208835602,0.4362454116344452,0.4537842571735382,0.4881207346916199,0.5136662125587463,0.5388869047164917,0.5562505722045898,0.5623957514762878,0.36351892352104187
2025-03-17,Arel,ACOLITE,S2C_MSI_2025_03_17_11_46_19_T28QCH_L2W,C:\Users\Simon\Nextcloud\Project\Mauritania\Science\Arguin - FieldWork Data Processing\Data\S2\ACOLITE\2025-03-17,453,881,859,342645.0,2201165.0,0.2022370845079422,0.23930858075618744,0.3190019428730011,0.4102994501590729,0.43064719438552856,0.46024927496910095,0.4943329989910126,0.522990882396698,0.540229082107544,0.5551082491874695,0.34733158349990845
2025-03-17,Arel,ACOLITE,S2C_MSI_2025_03_17_11_46_19_T28QCH_L2W,C:\Users\Simon\Nextcloud\Project\Mauritania\Science\Arguin - FieldWork Data Processing\Data\S2\ACOLITE\2025-03-17,454,881,860,342655.0,2201165.0,0.20223362743854523,0.23377349972724915,0.3099919855594635,0.39626190066337585,0.4306459426879883,0.4602481722831726,0.49433204531669617,0.5083221197128296,0.5402283072471619,0.5551086664199829,0.34733501076698303
2025-03-17,Arel,ACOLITE,S2C_MSI_2025_03_17_11_46_19_T28QCH_L2W,C:\Users\Simon\Nextcloud\Project\Mauritania\Science\Arguin - FieldWork Data Processing\Data\S2\ACOLITE\2025-03-17,455,881,861,342665.0,2201165.0,0.19785721600055695,0.23965546488761902,0.3107993006706238,0.40009260177612305,0.42195549607276917,0.45325756072998047,0.4816446900367737,0.5019791126251221,0.5327970385551453,0.5542876124382019,0.35689812898635864
2025-03-17,Arel,ACOLITE,S2C_MSI_2025_03_17_11_46_19_T28QCH_L2W,C:\Users\Simon\Nextcloud\Project\Mauritania\Science\Arguin - FieldWork Data Processing\Data\S2\ACOLITE\2025-03-17,456,881,862,342675.0,2201165.0,0.197853684425354,0.23730002343654633,0.3083688020706177,0.3958331048488617,0.4219541847705841,0.4532564580440521,0.4816437065601349,0.5050444006919861,0.5327962040901184,0.5542880892753601,0.3569016754627228
2025-03-17,Arel,ACOLITE,S2C_MSI_2025_03_17_11_46_19_T28QCH_L2W,C:\Users\Simon\Nextcloud\Project\Mauritania\Science\Arguin - FieldWork Data Processing\Data\S2\ACOLITE\2025-03-17,457,881,863,342685.0,2201165.0,0.19785016775131226,0.23517806828022003,0.3063996136188507,0.39679011702537537,0.4254515469074249,0.4605577886104584,0.48905500769615173,0.5043035745620728,0.5377500057220459,0.5561367869377136,0.3599404990673065
2025-03-17,Arel,ACOLITE,S2C_MSI_2025_03_17_11_46_19_T28QCH_L2W,C:\Users\Simon\Nextcloud\Project\Mauritania\Science\Arguin - FieldWork Data Processing\Data\S2\ACOLITE\2025-03-17,458,881,864,342695.0,2201165.0,0.19784663617610931,0.2478649616241455,0.32072219252586365,0.4013651907444,0.42545026540756226,0.46055668592453003,0.4890540540218353,0.5062053203582764,0.5377492308616638,0.5561372637748718,0.35994407534599304
2025-03-17,Arel,ACOLITE,S2C_MSI_2025_03_17_11_46_19_T28QCH_L2W,C:\Users\Simon\Nextcloud\Project\Mauritania\Science\Arguin - FieldWork Data Processing\Data\S2\ACOLITE\2025-03-17,459,881,865,342705.0,2201165.0,0.19784310460090637,0.25336647033691406,0.321296751499176,0.4090171456336975,0.42968666553497314,0.45909589529037476,0.487226277589798,0.514336884021759,0.5335868000984192,0.54822838306427,0.3412751853466034
2025-03-17,Arel,ACOLITE,S2C_MSI_2025_03_17_11_46_19_T28QCH_L2W,C:\Users\Simon\Nextcloud\Project\Mauritania\Science\Arguin - FieldWork Data Processing\Data\S2\ACOLITE\2025-03-17,460,881,866,342715.0,2201165.0,0.19783957302570343,0.24469225108623505,0.31263867020606995,0.3933773338794708,0.42968541383743286,0.4590948224067688,0.48722535371780396,0.504723846912384,0.5335860252380371,0.5482288599014282,0.3412785232067108
2025-03-17,Arel,ACOLITE,S2C_MSI_2025_03_17_11_46_19_T28QCH_L2W,C:\Users\Simon\Nextcloud\Project\Mauritania\Science\Arguin - FieldWork Data Processing\Data\S2\ACOLITE\2025-03-17,461,881,867,342725.0,2201165.0,0.19733567535877228,0.2438676953315735,0.31390759348869324,0.39667806029319763,0.4198261499404907,0.4507450759410858,0.476556658744812,0.503031313419342,0.5298175811767578,0.5467905402183533,0.32686614990234375
2025-03-17,Arel,ACOLITE,S2C_MSI_2025_03_17_11_46_19_T28QCH_L2W,C:\Users\Simon\Nextcloud\Project\Mauritania\Science\Arguin - FieldWork Data Processing\Data\S2\ACOLITE\2025-03-17,462,881,868,342735.0,2201165.0,0.19733214378356934,0.23834127187728882,0.300481379032135,0.38302746415138245,0.41982486844062805,0.4507439434528351,0.4765556752681732,0.4974237382411957,0.529816746711731,0.5467909574508667,0.32686933875083923
2025-03-17,Arel,ACOLITE,S2C_MSI_2025_03_17_11_46_19_T28QCH_L2W,C:\Users\Simon\Nextcloud\Project\Mauritania\Science\Arguin - FieldWork Data Processing\Data\S2\ACOLITE\2025-03-17,463,881,869,342745.0,2201165.0,0.1973286122083664,0.2425701916217804,0.3108990490436554,0.3946516215801239,0.42766913771629333,0.4558579623699188,0.48102736473083496,0.5032410621643066,0.5301134586334229,0.5467913746833801,0.33588433265686035
2025-03-17,Arel,ACOLITE,S2C_MSI_2025_03_17_11_46_19_T28QCH_L2W,C:\Users\Simon\Nextcloud\Project\Mauritania\Science\Arguin - FieldWork Data Processing\Data\S2\ACOLITE\2025-03-17,464,881,870,342755.0,2201165.0,0.19732506573200226,0.2538207471370697,0.3246289789676666,0.3996545374393463,0.42766785621643066,0.45585688948631287,0.48102641105651855,0.5105317234992981,0.5301126837730408,0.5467918515205383,0.335887610912323
2025-03-17,Arel,ACOLITE,S2C_MSI_2025_03_17_11_46_19_T28QCH_L2W,C:\Users\Simon\Nextcloud\Project\Mauritania\Science\Arguin - FieldWork Data Processing\Data\S2\ACOLITE\2025-03-17,465,881,871,342765.0,2201165.0,0.19732153415679932,0.24655532836914062,0.3151702582836151,0.3962465226650238,0.4269249737262726,0.45731639862060547,0.4836668372154236,0.5001721978187561,0.5333837270736694,0.5357889533042908,0.33994436264038086
2025-03-17,Arel,ACOLITE,S2C_MSI_2025_03_17_11_46_19_T28QCH_L2W,C:\Users\Simon\Nextcloud\Project\Mauritania\Science\Arguin - FieldWork Data Processing\Data\S2\ACOLITE\2025-03-17,466,881,872,342775.0,2201165.0,0.197317972779274,0.2403288185596466,0.3115867078304291,0.3930491507053375,0.4269236922264099,0.4573153257369995,0.4836658835411072,0.5036613345146179,0.5333828926086426,0.5357893705368042,0.3399477005004883
2025-03-17,Arel,ACOLITE,S2C_MSI_2025_03_17_11_46_19_T28QCH_L2W,C:\Users\Simon\Nextcloud\Project\Mauritania\Science\Arguin - FieldWork Data Processing\Data\S2\ACOLITE\2025-03-17,467,882,842,342475.0,2201155.0,0.14734964072704315,0.2415894865989685,0.32110872864723206,0.42251574993133545,0.4387078583240509,0.4646436870098114,0.49617278575897217,0.5231100916862488,0.5340014100074768,0.5547930002212524,0.398583322763443
2025-03-17,Arel,ACOLITE,S2C_MSI_2025_03_17_11_46_19_T28QCH_L2W,C:\Users\Simon\Nextcloud\Project\Mauritania\Science\Arguin - FieldWork Data Processing\Data\S2\ACOLITE\2025-03-17,468,882,843,342485.0,2201155.0,0.19791889190673828,0.23758982121944427,0.3197233974933624,0.42367932200431824,0.44968876242637634,0.4783759117126465,0.5041729211807251,0.5265864133834839,0.541825532913208,0.5770511031150818,0.4261278510093689
2025-03-17,Arel,ACOLITE,S2C_MSI_2025_03_17_11_46_19_T28QCH_L2W,C:\Users\Simon\Nextcloud\Project\Mauritania\Science\Arguin - FieldWork Data Processing\Data\S2\ACOLITE\2025-03-17,469,882,844,342495.0,2201155.0,0.19791537523269653,0.23099122941493988,0.31614524126052856,0.4176390767097473,0.4496876001358032,0.4783749282360077,0.5041720271110535,0.5175199508666992,0.5418247580528259,0.5770515203475952,0.4261322319507599
2025-03-17,Arel,ACOLITE,S2C_MSI_2025_03_17_11_46_19_T28QCH_L2W,C:\Users\Simon\Nextcloud\Project\Mauritania\Science\Arguin - FieldWork Data Processing\Data\S2\ACOLITE\2025-03-17,470,882,845,342505.0,2201155.0,0.1979118436574936,0.23028060793876648,0.31163910031318665,0.4138197898864746,0.4418744742870331,0.4718236029148102,0.49890580773353577,0.513297975063324,0.5334042310714722,0.5694675445556641,0.41964805126190186
2025-03-17,Arel,ACOLITE,S2C_MSI_2025_03_17_11_46_19_T28QCH_L2W,C:\Users\Simon\Nextcloud\Project\Mauritania\Science\Arguin - FieldWork Data Processing\Data\S2\ACOLITE\2025-03-17,471,882,846,342515.0,2201155.0,0.19790831208229065,0.2420477569103241,0.3229449391365051,0.4244166612625122,0.4418732821941376,0.4718225598335266,0.49890491366386414,0.5153025388717651,0.5334034562110901,0.5694680213928223,0.4196523129940033
2025-03-17,Arel,ACOLITE,S2C_MSI_2025_03_17_11_46_19_T28QCH_L2W,C:\Users\Simon\Nextcloud\Project\Mauritania\Science\Arguin - FieldWork Data Processing\Data\S2\ACOLITE\2025-03-17,472,882,847,342525.0,2201155.0,0.1979047656059265,0.2440408319234848,0.3280087411403656,0.42145025730133057,0.4435621201992035,0.47223761677742004,0.4962695240974426,0.5166733860969543,0.5375643372535706,0.5679304003715515,0.41047778725624084
2025-03-17,Arel,ACOLITE,S2C_MSI_2025_03_17_11_46_19_T28QCH_L2W,C:\Users\Simon\Nextcloud\Project\Mauritania\Science\Arguin - FieldWork Data Processing\Data\S2\ACOLITE\2025-03-17,473,882,848,342535.0,2201155.0,0.19790123403072357,0.2430988848209381,0.3243234157562256,0.4212370812892914,0.443560928106308,0.4722365736961365,0.496268630027771,0.5194150805473328,0.5375635623931885,0.5679308176040649,0.4104819595813751
2025-03-17,Arel,ACOLITE,S2C_MSI_2025_03_17_11_46_19_T28QCH_L2W,C:\Users\Simon\Nextcloud\Project\Mauritania\Science\Arguin - FieldWork Data Processing\Data\S2\ACOLITE\2025-03-17,474,882,849,342545.0,2201155.0,0.19063366949558258,0.24614697694778442,0.32708457112312317,0.4239893853664398,0.4493652284145355,0.4794088900089264,0.5029528141021729,0.5260546803474426,0.5438002347946167,0.5720322728157043,0.41037413477897644
2025-03-17,Arel,ACOLITE,S2C_MSI_2025_03_17_11_46_19_T28QCH_L2W,C:\Users\Simon\Nextcloud\Project\Mauritania\Science\Arguin - FieldWork Data Processing\Data\S2\ACOLITE\2025-03-17,475,882,850,342555.0,2201155.0,0.1906300187110901,0.24813725054264069,0.3303035497665405,0.42335283756256104,0.44936403632164,0.4794078767299652,0.5029519200325012,0.5221547484397888,0.5437994003295898,0.5720327496528625,0.41037827730178833
2025-03-17,Arel,ACOLITE,S2C_MSI_2025_03_17_11_46_19_T28QCH_L2W,C:\Users\Simon\Nextcloud\Project\Mauritania\Science\Arguin - FieldWork Data Processing\Data\S2\ACOLITE\2025-03-17,476,882,851,342565.0,2201155.0,0.1906263679265976,0.2490718811750412,0.3292667865753174,0.42419862747192383,0.44872981309890747,0.47504153847694397,0.5028497576713562,0.5220484733581543,0.544788122177124,0.5751078128814697,0.407470703125
2025-03-17,Arel,ACOLITE,S2C_MSI_2025_03_17_11_46_19_T28QCH_L2W,C:\Users\Simon\Nextcloud\Project\Mauritania\Science\Arguin - FieldWork Data Processing\Data\S2\ACOLITE\2025-03-17,477,882,852,342575.0,2201155.0,0.1906227171421051,0.24649032950401306,0.32949498295783997,0.42154979705810547,0.44872865080833435,0.4750405251979828,0.5028488636016846,0.5196225643157959,0.5447873473167419,0.5751082897186279,0.4074748456478119
2025-03-17,Arel,ACOLITE,S2C_MSI_2025_03_17_11_46_19_T28QCH_L2W,C:\Users\Simon\Nextcloud\Project\Mauritania\Science\Arguin - FieldWork Data Processing\Data\S2\ACOLITE\2025-03-17,478,882,853,342585.0,2201155.0,0.1906190663576126,0.24918344616889954,0.3245444595813751,0.41953542828559875,0.4374257028102875,0.4715031385421753,0.494540810585022,0.5136078596115112,0.5389461517333984,0.5676252841949463,0.38954636454582214
2025-03-17,Arel,ACOLITE,S2C_MSI_2025_03_17_11_46_19_T28QCH_L2W,C:\Users\Simon\Nextcloud\Project\Mauritania\Science\Arguin - FieldWork Data Processing\Data\S2\ACOLITE\2025-03-17,479,882,854,342595.0,2201155.0,0.19061541557312012,0.24894630908966064,0.3268451690673828,0.41423240303993225,0.4374244809150696,0.4715021252632141,0.49453985691070557,0.5136069655418396,0.5389453768730164,0.5676257610321045,0.3895502984523773
2025-03-17,Arel,ACOLITE,S2C_MSI_2025_03_17_11_46_19_T28QCH_L2W,C:\Users\Simon\Nextcloud\Project\Mauritania\Science\Arguin - FieldWork Data Processing\Data\S2\ACOLITE\2025-03-17,480,882,855,342605.0,2201155.0,0.18671931326389313,0.24096433818340302,0.318777859210968,0.4094545543193817,0.43499064445495605,0.46692126989364624,0.4953499436378479,0.5171940922737122,0.5460711717605591,0.5650620460510254,0.3717101216316223
2025-03-17,Arel,ACOLITE,S2C_MSI_2025_03_17_11_46_19_T28QCH_L2W,C:\Users\Simon\Nextcloud\Project\Mauritania\Science\Arguin - FieldWork Data Processing\Data\S2\ACOLITE\2025-03-17,481,882,856,342615.0,2201155.0,0.18671560287475586,0.2362569272518158,0.31358155608177185,0.41380539536476135,0.43498939275741577,0.46692022681236267,0.4953490197658539,0.5214117169380188,0.5460703372955322,0.5650625228881836,0.3717138171195984
2025-03-17,Arel,ACOLITE,S2C_MSI_2025_03_17_11_46_19_T28QCH_L2W,C:\Users\Simon\Nextcloud\Project\Mauritania\Science\Arguin - FieldWork Data Processing\Data\S2\ACOLITE\2025-03-17,482,882,857,342625.0,2201155.0,0.1867118924856186,0.24706247448921204,0.32799041271209717,0.42344990372657776,0.44513410329818726,0.4801279604434967,0.5064876675605774,0.5342597365379333,0.5567448139190674,0.5598300099372864,0.34563878178596497
2025-03-17,Arel,ACOLITE,S2C_MSI_2025_03_17_11_46_19_T28QCH_L2W,C:\Users\Simon\Nextcloud\Project\Mauritania\Science\Arguin - FieldWork Data Processing\Data\S2\ACOLITE\2025-03-17,483,882,858,342635.0,2201155.0,0.18670816719532013,0.24119064211845398,0.32211580872535706,0.42196589708328247,0.44513288140296936,0.4801269471645355,0.5064867734909058,0.531522810459137,0.5567440390586853,0.5598304271697998,0.34564217925071716
2025-03-17,Arel,ACOLITE,S2C_MSI_2025_03_17_11_46_19_T28QCH_L2W,C:\Users\Simon\Nextcloud\Project\Mauritania\Science\Arguin - FieldWork Data Processing\Data\S2\ACOLITE\2025-03-17,484,882,859,342645.0,2201155.0,0.18670445680618286,0.23648345470428467,0.31484612822532654,0.4057307839393616,0.430117130279541,0.45440730452537537,0.48438864946365356,0.518667459487915,0.5390403270721436,0.5480205416679382,0.32853230834007263
2025-03-17,Arel,ACOLITE,S2C_MSI_2025_03_17_11_46_19_T28QCH_L2W,C:\Users\Simon\Nextcloud\Project\Mauritania\Science\Arguin - FieldWork Data Processing\Data\S2\ACOLITE\2025-03-17,485,882,860,342655.0,2201155.0,0.1867007464170456,0.23070672154426575,0.2973654866218567,0.3910403549671173,0.43011584877967834,0.454406201839447,0.48438769578933716,0.501133382320404,0.5390395522117615,0.5480209589004517,0.3285354971885681
2025-03-17,Arel,ACOLITE,S2C_MSI_2025_03_17_11_46_19_T28QCH_L2W,C:\Users\Simon\Nextcloud\Project\Mauritania\Science\Arguin - FieldWork Data Processing\Data\S2\ACOLITE\2025-03-17,486,882,861,342665.0,2201155.0,0.18983696401119232,0.2420043796300888,0.31230083107948303,0.39689862728118896,0.4229092001914978,0.45503124594688416,0.4786970317363739,0.5030360817909241,0.5278382301330566,0.5467881560325623,0.33777374029159546
2025-03-17,Arel,ACOLITE,S2C_MSI_2025_03_17_11_46_19_T28QCH_L2W,C:\Users\Simon\Nextcloud\Project\Mauritania\Science\Arguin - FieldWork Data Processing\Data\S2\ACOLITE\2025-03-17,487,882,862,342675.0,2201155.0,0.18983329832553864,0.2422364354133606,0.3128765821456909,0.3982812166213989,0.42290788888931274,0.4550302028656006,0.4786960482597351,0.5090594291687012,0.5278373956680298,0.5467885732650757,0.3377770483493805
2025-03-17,Arel,ACOLITE,S2C_MSI_2025_03_17_11_46_19_T28QCH_L2W,C:\Users\Simon\Nextcloud\Project\Mauritania\Science\Arguin - FieldWork Data Processing\Data\S2\ACOLITE\2025-03-17,488,882,863,342685.0,2201155.0,0.18982964754104614,0.23976558446884155,0.31368333101272583,0.39817342162132263,0.42979443073272705,0.4590974748134613,0.48682165145874023,0.5070511102676392,0.5351736545562744,0.5499745011329651,0.3416077792644501
2025-03-17,Arel,ACOLITE,S2C_MSI_2025_03_17_11_46_19_T28QCH_L2W,C:\Users\Simon\Nextcloud\Project\Mauritania\Science\Arguin - FieldWork Data Processing\Data\S2\ACOLITE\2025-03-17,489,882,864,342695.0,2201155.0,0.18982596695423126,0.25126099586486816,0.3230263590812683,0.40625545382499695,0.4297931492328644,0.45909640192985535,0.48682069778442383,0.5094801783561707,0.5351728200912476,0.5499749183654785,0.3416111469268799
2025-03-17,Arel,ACOLITE,S2C_MSI_2025_03_17_11_46_19_T28QCH_L2W,C:\Users\Simon\Nextcloud\Project\Mauritania\Science\Arguin - FieldWork Data Processing\Data\S2\ACOLITE\2025-03-17,490,882,865,342705.0,2201155.0,0.18982233107089996,0.2533649504184723,0.32774558663368225,0.4065729081630707,0.4320152699947357,0.46097204089164734,0.4869212806224823,0.5124362707138062,0.5367573499679565,0.5461732149124146,0.32967808842658997
2025-03-17,Arel,ACOLITE,S2C_MSI_2025_03_17_11_46_19_T28QCH_L2W,C:\Users\Simon\Nextcloud\Project\Mauritania\Science\Arguin - FieldWork Data Processing\Data\S2\ACOLITE\2025-03-17,491,882,866,342715.0,2201155.0,0.18981866538524628,0.24914702773094177,0.3188721537590027,0.3995529115200043,0.43201398849487305,0.4609709680080414,0.4869202971458435,0.5071541666984558,0.5367565751075745,0.546173632144928,0.32968127727508545
2025-03-17,Arel,ACOLITE,S2C_MSI_2025_03_17_11_46_19_T28QCH_L2W,C:\Users\Simon\Nextcloud\Project\Mauritania\Science\Arguin - FieldWork Data Processing\Data\S2\ACOLITE\2025-03-17,492,882,867,342725.0,2201155.0,0.18038113415241241,0.2528914213180542,0.3276268541812897,0.40678277611732483,0.4338119626045227,0.4660755395889282,0.4933111369609833,0.5130680203437805,0.5395290851593018,0.5504899024963379,0.33373963832855225
2025-03-17,Arel,ACOLITE,S2C_MSI_2025_03_17_11_46_19_T28QCH_L2W,C:\Users\Simon\Nextcloud\Project\Mauritania\Science\Arguin - FieldWork Data Processing\Data\S2\ACOLITE\2025-03-17,493,882,868,342735.0,2201155.0,0.18037733435630798,0.25628018379211426,0.3309608995914459,0.4060375392436981,0.4338107109069824,0.46607449650764465,0.49331021308898926,0.5157058238983154,0.5395283102989197,0.5504903793334961,0.3337429165840149
2025-03-17,Arel,ACOLITE,S2C_MSI_2025_03_17_11_46_19_T28QCH_L2W,C:\Users\Simon\Nextcloud\Project\Mauritania\Science\Arguin - FieldWork Data Processing\Data\S2\ACOLITE\2025-03-17,494,882,869,342745.0,2201155.0,0.18037350475788116,0.251012921333313,0.32221028208732605,0.4034847617149353,0.4270327389240265,0.45856958627700806,0.4879325330257416,0.512327253818512,0.5334839820861816,0.5458665490150452,0.3432037830352783
2025-03-17,Arel,ACOLITE,S2C_MSI_2025_03_17_11_46_19_T28QCH_L2W,C:\Users\Simon\Nextcloud\Project\Mauritania\Science\Arguin - FieldWork Data Processing\Data\S2\ACOLITE\2025-03-17,495,882,870,342755.0,2201155.0,0.18036969006061554,0.24444448947906494,0.31655654311180115,0.39656662940979004,0.4270314574241638,0.4585685133934021,0.48793157935142517,0.5064109563827515,0.5334832072257996,0.5458669662475586,0.34320715069770813
2025-03-17,Arel,ACOLITE,S2C_MSI_2025_03_17_11_46_19_T28QCH_L2W,C:\Users\Simon\Nextcloud\Project\Mauritania\Science\Arguin - FieldWork Data Processing\Data\S2\ACOLITE\2025-03-17,496,882,871,342765.0,2201155.0,0.1803658902645111,0.23668332397937775,0.3012854754924774,0.38718512654304504,0.4144062399864197,0.4435290992259979,0.47054943442344666,0.49678555130958557,0.526837944984436,0.5325988531112671,0.33532947301864624
2025-03-17,Arel,ACOLITE,S2C_MSI_2025_03_17_11_46_19_T28QCH_L2W,C:\Users\Simon\Nextcloud\Project\Mauritania\Science\Arguin - FieldWork Data Processing\Data\S2\ACOLITE\2025-03-17,497,883,842,342475.0,2201145.0,0.14734740555286407,0.23770888149738312,0.32076191902160645,0.4209262728691101,0.43870723247528076,0.4646431505680084,0.49617230892181396,0.5263761281967163,0.5340009331703186,0.5547931790351868,0.3985852301120758
2025-03-17,Arel,ACOLITE,S2C_MSI_2025_03_17_11_46_19_T28QCH_L2W,C:\Users\Simon\Nextcloud\Project\Mauritania\Science\Arguin - FieldWork Data Processing\Data\S2\ACOLITE\2025-03-17,498,883,843,342485.0,2201145.0,0.19791704416275024,0.23723536729812622,0.3167232275009155,0.4171096086502075,0.4496881663799286,0.4783753752708435,0.5041724443435669,0.5215277075767517,0.5418251156806946,0.5770512819290161,0.42612990736961365
2025-03-17,Arel,ACOLITE,S2C_MSI_2025_03_17_11_46_19_T28QCH_L2W,C:\Users\Simon\Nextcloud\Project\Mauritania\Science\Arguin - FieldWork Data Processing\Data\S2\ACOLITE\2025-03-17,499,883,844,342495.0,2201145.0,0.1979135125875473,0.23370049893856049,0.31475892663002014,0.4133960008621216,0.44968700408935547,0.4783743917942047,0.5041715502738953,0.5120315551757812,0.5418243408203125,0.5770517587661743,0.42613425850868225
2025-03-17,Arel,ACOLITE,S2C_MSI_2025_03_17_11_46_19_T28QCH_L2W,C:\Users\Simon\Nextcloud\Project\Mauritania\Science\Arguin - FieldWork Data Processing\Data\S2\ACOLITE\2025-03-17,500,883,845,342505.0,2201145.0,0.19790996611118317,0.2327549010515213,0.3087478578090668,0.40649285912513733,0.4418738782405853,0.4718230366706848,0.49890536069869995,0.5089679956436157,0.5334038138389587,0.5694677233695984,0.4196500778198242
2025-03-17,Arel,ACOLITE,S2C_MSI_2025_03_17_11_46_19_T28QCH_L2W,C:\Users\Simon\Nextcloud\Project\Mauritania\Science\Arguin - FieldWork Data Processing\Data\S2\ACOLITE\2025-03-17,501,883,846,342515.0,2201145.0,0.19790641963481903,0.23687347769737244,0.3129070997238159,0.4122260510921478,0.44187262654304504,0.47182199358940125,0.49890443682670593,0.5090727806091309,0.5334030389785767,0.5694682002067566,0.41965433955192566
2025-03-17,Arel,ACOLITE,S2C_MSI_2025_03_17_11_46_19_T28QCH_L2W,C:\Users\Simon\Nextcloud\Project\Mauritania\Science\Arguin - FieldWork Data Processing\Data\S2\ACOLITE\2025-03-17,502,883,847,342525.0,2201145.0,0.1979028880596161,0.23545807600021362,0.31336718797683716,0.40776512026786804,0.44356149435043335,0.47223708033561707,0.4962690770626068,0.5037880539894104,0.5375639200210571,0.5679305791854858,0.4104797840118408
2025-03-17,Arel,ACOLITE,S2C_MSI_2025_03_17_11_46_19_T28QCH_L2W,C:\Users\Simon\Nextcloud\Project\Mauritania\Science\Arguin - FieldWork Data Processing\Data\S2\ACOLITE\2025-03-17,503,883,848,342535.0,2201145.0,0.19789935648441315,0.23722058534622192,0.3147510886192322,0.4107373058795929,0.44356030225753784,0.4722360372543335,0.4962681233882904,0.5099160671234131,0.5375630855560303,0.5679309964179993,0.4104839265346527
2025-03-17,Arel,ACOLITE,S2C_MSI_2025_03_17_11_46_19_T28QCH_L2W,C:\Users\Simon\Nextcloud\Project\Mauritania\Science\Arguin - FieldWork Data Processing\Data\S2\ACOLITE\2025-03-17,504,883,849,342545.0,2201145.0,0.19063173234462738,0.2420375645160675,0.31809622049331665,0.4169957935810089,0.4493646025657654,0.479408323764801,0.5029523372650146,0.5187810063362122,0.5437998175621033,0.5720324516296387,0.4103761315345764
2025-03-17,Arel,ACOLITE,S2C_MSI_2025_03_17_11_46_19_T28QCH_L2W,C:\Users\Simon\Nextcloud\Project\Mauritania\Science\Arguin - FieldWork Data Processing\Data\S2\ACOLITE\2025-03-17,505,883,850,342555.0,2201145.0,0.1906280815601349,0.24637721478939056,0.3258156180381775,0.41975054144859314,0.4493634104728699,0.47940734028816223,0.502951443195343,0.519623875617981,0.5437990427017212,0.5720329284667969,0.4103803038597107
2025-03-17,Arel,ACOLITE,S2C_MSI_2025_03_17_11_46_19_T28QCH_L2W,C:\Users\Simon\Nextcloud\Project\Mauritania\Science\Arguin - FieldWork Data Processing\Data\S2\ACOLITE\2025-03-17,506,883,851,342565.0,2201145.0,0.1906244158744812,0.24672619998455048,0.32270413637161255,0.4176293611526489,0.44872918725013733,0.475041002035141,0.502849280834198,0.5200448036193848,0.5447877645492554,0.5751080513000488,0.4074726700782776
2025-03-17,Arel,ACOLITE,S2C_MSI_2025_03_17_11_46_19_T28QCH_L2W,C:\Users\Simon\Nextcloud\Project\Mauritania\Science\Arguin - FieldWork Data Processing\Data\S2\ACOLITE\2025-03-17,507,883,852,342575.0,2201145.0,0.1906207650899887,0.24038392305374146,0.32454532384872437,0.41826415061950684,0.4487280249595642,0.4750399887561798,0.5028483867645264,0.5173016786575317,0.5447869300842285,0.5751084685325623,0.4074768126010895
2025-03-17,Arel,ACOLITE,S2C_MSI_2025_03_17_11_46_19_T28QCH_L2W,C:\Users\Simon\Nextcloud\Project\Mauritania\Science\Arguin - FieldWork Data Processing\Data\S2\ACOLITE\2025-03-17,508,883,853,342585.0,2201145.0,0.19061711430549622,0.24871326982975006,0.32569488883018494,0.4173087179660797,0.43742504715919495,0.4715026021003723,0.49454033374786377,0.5161402225494385,0.538945734500885,0.5676255226135254,0.38954827189445496
2025-03-17,Arel,ACOLITE,S2C_MSI_2025_03_17_11_46_19_T28QCH_L2W,C:\Users\Simon\Nextcloud\Project\Mauritania\Science\Arguin - FieldWork Data Processing\Data\S2\ACOLITE\2025-03-17,509,883,854,342595.0,2201145.0,0.19061344861984253,0.2406131625175476,0.3150857985019684,0.4029728174209595,0.43742382526397705,0.47150155901908875,0.49453938007354736,0.5090658664703369,0.5389449000358582,0.5676259398460388,0.38955217599868774
2025-03-17,Arel,ACOLITE,S2C_MSI_2025_03_17_11_46_19_T28QCH_L2W,C:\Users\Simon\Nextcloud\Project\Mauritania\Science\Arguin - FieldWork Data Processing\Data\S2\ACOLITE\2025-03-17,510,883,855,342605.0,2201145.0,0.18671730160713196,0.23296043276786804,0.30571919679641724,0.40095055103302,0.4349899888038635,0.46692073345184326,0.4953494369983673,0.5102269053459167,0.5460707545280457,0.5650622248649597,0.3717119097709656
2025-03-17,Arel,ACOLITE,S2C_MSI_2025_03_17_11_46_19_T28QCH_L2W,C:\Users\Simon\Nextcloud\Project\Mauritania\Science\Arguin - FieldWork Data Processing\Data\S2\ACOLITE\2025-03-17,511,883,856,342615.0,2201145.0,0.1867135912179947,0.22871142625808716,0.3049067556858063,0.4042460024356842,0.43498876690864563,0.4669196605682373,0.4953485429286957,0.5144492387771606,0.5460699200630188,0.5650626420974731,0.37171563506126404
2025-03-17,Arel,ACOLITE,S2C_MSI_2025_03_17_11_46_19_T28QCH_L2W,C:\Users\Simon\Nextcloud\Project\Mauritania\Science\Arguin - FieldWork Data Processing\Data\S2\ACOLITE\2025-03-17,512,883,857,342625.0,2201145.0,0.18670986592769623,0.23095011711120605,0.31300094723701477,0.40838906168937683,0.4451334476470947,0.4801274240016937,0.5064871907234192,0.5267848968505859,0.556744396686554,0.5598301887512207,0.3456404209136963
2025-03-17,Arel,ACOLITE,S2C_MSI_2025_03_17_11_46_19_T28QCH_L2W,C:\Users\Simon\Nextcloud\Project\Mauritania\Science\Arguin - FieldWork Data Processing\Data\S2\ACOLITE\2025-03-17,513,883,858,342635.0,2201145.0,0.18670615553855896,0.23424750566482544,0.3108031451702118,0.4144386649131775,0.4451322555541992,0.48012644052505493,0.5064862966537476,0.5260466933250427,0.5567436218261719,0.5598306059837341,0.3456438481807709
2025-03-17,Arel,ACOLITE,S2C_MSI_2025_03_17_11_46_19_T28QCH_L2W,C:\Users\Simon\Nextcloud\Project\Mauritania\Science\Arguin - FieldWork Data Processing\Data\S2\ACOLITE\2025-03-17,514,883,859,342645.0,2201145.0,0.1867024302482605,0.23106199502944946,0.3072156608104706,0.4012642204761505,0.4301164448261261,0.4544067084789276,0.484388142824173,0.5126521587371826,0.5390399098396301,0.5480207204818726,0.3285338580608368
2025-03-17,Arel,ACOLITE,S2C_MSI_2025_03_17_11_46_19_T28QCH_L2W,C:\Users\Simon\Nextcloud\Project\Mauritania\Science\Arguin - FieldWork Data Processing\Data\S2\ACOLITE\2025-03-17,515,883,860,342655.0,2201145.0,0.18669871985912323,0.22338217496871948,0.29585564136505127,0.3792988955974579,0.4301151931285858,0.45440560579299927,0.48438718914985657,0.4944658875465393,0.539039134979248,0.548021137714386,0.32853707671165466
2025-03-17,Arel,ACOLITE,S2C_MSI_2025_03_17_11_46_19_T28QCH_L2W,C:\Users\Simon\Nextcloud\Project\Mauritania\Science\Arguin - FieldWork Data Processing\Data\S2\ACOLITE\2025-03-17,516,883,861,342665.0,2201145.0,0.18983495235443115,0.23576954007148743,0.3048965036869049,0.3892255425453186,0.4229085147380829,0.4550306797027588,0.4786964952945709,0.497534841299057,0.5278377532958984,0.5467883348464966,0.3377753496170044
2025-03-17,Arel,ACOLITE,S2C_MSI_2025_03_17_11_46_19_T28QCH_L2W,C:\Users\Simon\Nextcloud\Project\Mauritania\Science\Arguin - FieldWork Data Processing\Data\S2\ACOLITE\2025-03-17,517,883,862,342675.0,2201145.0,0.18983128666877747,0.25044530630111694,0.3218767046928406,0.4018983244895935,0.4229072034358978,0.45502957701683044,0.4786955416202545,0.505254864692688,0.5278369784355164,0.54678875207901,0.33777865767478943
2025-03-17,Arel,ACOLITE,S2C_MSI_2025_03_17_11_46_19_T28QCH_L2W,C:\Users\Simon\Nextcloud\Project\Mauritania\Science\Arguin - FieldWork Data Processing\Data\S2\ACOLITE\2025-03-17,518,883,863,342685.0,2201145.0,0.18982762098312378,0.24645760655403137,0.31345123052597046,0.39987555146217346,0.42979374527931213,0.45909684896469116,0.48682114481925964,0.5091637372970581,0.5351731777191162,0.5499746799468994,0.3416094481945038
2025-03-17,Arel,ACOLITE,S2C_MSI_2025_03_17_11_46_19_T28QCH_L2W,C:\Users\Simon\Nextcloud\Project\Mauritania\Science\Arguin - FieldWork Data Processing\Data\S2\ACOLITE\2025-03-17,519,883,864,342695.0,2201145.0,0.1898239552974701,0.2408190369606018,0.3095192611217499,0.3989163637161255,0.42979246377944946,0.4590958058834076,0.4868202209472656,0.508740246295929,0.5351724028587341,0.5499750971794128,0.3416128158569336
2025-03-17,Arel,ACOLITE,S2C_MSI_2025_03_17_11_46_19_T28QCH_L2W,C:\Users\Simon\Nextcloud\Project\Mauritania\Science\Arguin - FieldWork Data Processing\Data\S2\ACOLITE\2025-03-17,520,883,865,342705.0,2201145.0,0.1898202747106552,0.24949979782104492,0.3186422884464264,0.40008559823036194,0.4320145845413208,0.4609714448451996,0.4869207441806793,0.5104294419288635,0.5367569327354431,0.5461733937263489,0.3296796679496765
2025-03-17,Arel,ACOLITE,S2C_MSI_2025_03_17_11_46_19_T28QCH_L2W,C:\Users\Simon\Nextcloud\Project\Mauritania\Science\Arguin - FieldWork Data Processing\Data\S2\ACOLITE\2025-03-17,521,883,866,342715.0,2201145.0,0.18981660902500153,0.2510197162628174,0.32474955916404724,0.40625202655792236,0.4320133328437805,0.46097034215927124,0.4869197905063629,0.5076820254325867,0.536756157875061,0.5461738109588623,0.3296828866004944
2025-03-17,Arel,ACOLITE,S2C_MSI_2025_03_17_11_46_19_T28QCH_L2W,C:\Users\Simon\Nextcloud\Project\Mauritania\Science\Arguin - FieldWork Data Processing\Data\S2\ACOLITE\2025-03-17,522,883,867,342725.0,2201145.0,0.1803790032863617,0.26491668820381165,0.3346390724182129,0.4149573743343353,0.4338113069534302,0.46607497334480286,0.4933106005191803,0.5149675011634827,0.5395286679267883,0.550490140914917,0.33374127745628357
2025-03-17,Arel,ACOLITE,S2C_MSI_2025_03_17_11_46_19_T28QCH_L2W,C:\Users\Simon\Nextcloud\Project\Mauritania\Science\Arguin - FieldWork Data Processing\Data\S2\ACOLITE\2025-03-17,523,883,868,342735.0,2201145.0,0.18037520349025726,0.26281610131263733,0.333258718252182,0.4127277433872223,0.4338100254535675,0.4660739004611969,0.4933096766471863,0.5173935294151306,0.5395278334617615,0.5504905581474304,0.33374452590942383
2025-03-17,Arel,ACOLITE,S2C_MSI_2025_03_17_11_46_19_T28QCH_L2W,C:\Users\Simon\Nextcloud\Project\Mauritania\Science\Arguin - FieldWork Data Processing\Data\S2\ACOLITE\2025-03-17,524,883,869,342745.0,2201145.0,0.18037137389183044,0.24948860704898834,0.3163265883922577,0.4024205505847931,0.4270320534706116,0.4585689902305603,0.4879319965839386,0.5112708806991577,0.5334835648536682,0.5458667278289795,0.34320545196533203
2025-03-17,Arel,ACOLITE,S2C_MSI_2025_03_17_11_46_19_T28QCH_L2W,C:\Users\Simon\Nextcloud\Project\Mauritania\Science\Arguin - FieldWork Data Processing\Data\S2\ACOLITE\2025-03-17,525,883,870,342755.0,2201145.0,0.18036754429340363,0.2404489368200302,0.3088132441043854,0.3919846713542938,0.4270307719707489,0.45856791734695435,0.4879310727119446,0.5020759701728821,0.5334827303886414,0.5458671450614929,0.34320881962776184
2025-03-17,Arel,ACOLITE,S2C_MSI_2025_03_17_11_46_19_T28QCH_L2W,C:\Users\Simon\Nextcloud\Project\Mauritania\Science\Arguin - FieldWork Data Processing\Data\S2\ACOLITE\2025-03-17,526,883,871,342765.0,2201145.0,0.1803637444972992,0.23161521553993225,0.29641255736351013,0.3813125491142273,0.4144055247306824,0.4435284733772278,0.4705488979816437,0.49551478028297424,0.5268375277519226,0.5325990319252014,0.33533111214637756
2025-03-17,Arel,ACOLITE,S2C_MSI_2025_03_17_11_46_19_T28QCH_L2W,C:\Users\Simon\Nextcloud\Project\Mauritania\Science\Arguin - FieldWork Data Processing\Data\S2\ACOLITE\2025-03-17,527,884,842,342475.0,2201135.0,0.147345170378685,0.2379426211118698,0.31372252106666565,0.4114876985549927,0.436697781085968,0.4634966254234314,0.4925222396850586,0.5170987844467163,0.5345951914787292,0.5621840953826904,0.39376744627952576
2025-03-17,Arel,ACOLITE,S2C_MSI_2025_03_17_11_46_19_T28QCH_L2W,C:\Users\Simon\Nextcloud\Project\Mauritania\Science\Arguin - FieldWork Data Processing\Data\S2\ACOLITE\2025-03-17,528,884,843,342485.0,2201135.0,0.1979151964187622,0.24205344915390015,0.31868353486061096,0.4139271378517151,0.438071072101593,0.46818214654922485,0.49059417843818665,0.511398434638977,0.532314658164978,0.5658777952194214,0.40296101570129395
2025-03-17,Arel,ACOLITE,S2C_MSI_2025_03_17_11_46_19_T28QCH_L2W,C:\Users\Simon\Nextcloud\Project\Mauritania\Science\Arguin - FieldWork Data Processing\Data\S2\ACOLITE\2025-03-17,529,884,844,342495.0,2201135.0,0.19791164994239807,0.23875996470451355,0.315335214138031,0.4107419550418854,0.4380698502063751,0.4681811034679413,0.49059322476387024,0.5072780251502991,0.5323138236999512,0.5658782124519348,0.40296509861946106
2025-03-17,Arel,ACOLITE,S2C_MSI_2025_03_17_11_46_19_T28QCH_L2W,C:\Users\Simon\Nextcloud\Project\Mauritania\Science\Arguin - FieldWork Data Processing\Data\S2\ACOLITE\2025-03-17,530,884,845,342505.0,2201135.0,0.19790811836719513,0.2335781455039978,0.31117478013038635,0.40574830770492554,0.43214482069015503,0.45828142762184143,0.482471227645874,0.5004052519798279,0.5239802598953247,0.5583881139755249,0.3926582634449005
2025-03-17,Arel,ACOLITE,S2C_MSI_2025_03_17_11_46_19_T28QCH_L2W,C:\Users\Simon\Nextcloud\Project\Mauritania\Science\Arguin - FieldWork Data Processing\Data\S2\ACOLITE\2025-03-17,531,884,846,342515.0,2201135.0,0.1979045569896698,0.23522403836250305,0.3102480173110962,0.40372732281684875,0.43214356899261475,0.4582803547382355,0.48247030377388,0.5008274912834167,0.5239794254302979,0.5583885908126831,0.3926622271537781
2025-03-17,Arel,ACOLITE,S2C_MSI_2025_03_17_11_46_19_T28QCH_L2W,C:\Users\Simon\Nextcloud\Project\Mauritania\Science\Arguin - FieldWork Data Processing\Data\S2\ACOLITE\2025-03-17,532,884,847,342525.0,2201135.0,0.19790102541446686,0.23545652627944946,0.3080487847328186,0.4008544981479645,0.4301309287548065,0.45953062176704407,0.4824693500995636,0.5001919269561768,0.5320139527320862,0.5580810308456421,0.3831327259540558
2025-03-17,Arel,ACOLITE,S2C_MSI_2025_03_17_11_46_19_T28QCH_L2W,C:\Users\Simon\Nextcloud\Project\Mauritania\Science\Arguin - FieldWork Data Processing\Data\S2\ACOLITE\2025-03-17,533,884,848,342535.0,2201135.0,0.19789746403694153,0.24145162105560303,0.3113999366760254,0.40542542934417725,0.43012964725494385,0.4595295190811157,0.4824683666229248,0.5060064792633057,0.5320131778717041,0.5580814480781555,0.3831366002559662
2025-03-17,Arel,ACOLITE,S2C_MSI_2025_03_17_11_46_19_T28QCH_L2W,C:\Users\Simon\Nextcloud\Project\Mauritania\Science\Arguin - FieldWork Data Processing\Data\S2\ACOLITE\2025-03-17,534,884,849,342545.0,2201135.0,0.190629780292511,0.24191856384277344,0.31497904658317566,0.40988588333129883,0.4353141486644745,0.46598923206329346,0.4934283196926117,0.5126602649688721,0.5415228605270386,0.5662906765937805,0.3865060806274414
2025-03-17,Arel,ACOLITE,S2C_MSI_2025_03_17_11_46_19_T28QCH_L2W,C:\Users\Simon\Nextcloud\Project\Mauritania\Science\Arguin - FieldWork Data Processing\Data\S2\ACOLITE\2025-03-17,535,884,850,342555.0,2201135.0,0.1906261295080185,0.24144579470157623,0.31855475902557373,0.40786659717559814,0.4353129267692566,0.4659881889820099,0.4934273660182953,0.5188851356506348,0.5415220856666565,0.5662911534309387,0.3865099549293518
2025-03-17,Arel,ACOLITE,S2C_MSI_2025_03_17_11_46_19_T28QCH_L2W,C:\Users\Simon\Nextcloud\Project\Mauritania\Science\Arguin - FieldWork Data Processing\Data\S2\ACOLITE\2025-03-17,536,884,851,342565.0,2201135.0,0.1906224638223648,0.24261748790740967,0.3161296248435974,0.40913987159729004,0.4372153878211975,0.46359124779701233,0.49332502484321594,0.5196225643157959,0.5385507345199585,0.5717260241508484,0.3901030123233795
2025-03-17,Arel,ACOLITE,S2C_MSI_2025_03_17_11_46_19_T28QCH_L2W,C:\Users\Simon\Nextcloud\Project\Mauritania\Science\Arguin - FieldWork Data Processing\Data\S2\ACOLITE\2025-03-17,537,884,852,342575.0,2201135.0,0.19061881303787231,0.24073496460914612,0.3163585364818573,0.4125358760356903,0.4372141361236572,0.46359020471572876,0.4933241307735443,0.5139244198799133,0.5385499596595764,0.5717264413833618,0.3901069462299347
2025-03-17,Arel,ACOLITE,S2C_MSI_2025_03_17_11_46_19_T28QCH_L2W,C:\Users\Simon\Nextcloud\Project\Mauritania\Science\Arguin - FieldWork Data Processing\Data\S2\ACOLITE\2025-03-17,538,884,853,342585.0,2201135.0,0.19061516225337982,0.23861588537693024,0.31485578417778015,0.40913718938827515,0.431287944316864,0.4604624807834625,0.4895702600479126,0.5141347050666809,0.5403316617012024,0.5673180222511292,0.3834925591945648
2025-03-17,Arel,ACOLITE,S2C_MSI_2025_03_17_11_46_19_T28QCH_L2W,C:\Users\Simon\Nextcloud\Project\Mauritania\Science\Arguin - FieldWork Data Processing\Data\S2\ACOLITE\2025-03-17,539,884,854,342595.0,2201135.0,0.19061148166656494,0.22989600896835327,0.30328837037086487,0.39743930101394653,0.4312867224216461,0.46046140789985657,0.4895693063735962,0.5105441212654114,0.5403308272361755,0.5673184394836426,0.38349640369415283
2025-03-17,Arel,ACOLITE,S2C_MSI_2025_03_17_11_46_19_T28QCH_L2W,C:\Users\Simon\Nextcloud\Project\Mauritania\Science\Arguin - FieldWork Data Processing\Data\S2\ACOLITE\2025-03-17,540,884,855,342605.0,2201135.0,0.18671530485153198,0.2250513881444931,0.29632946848869324,0.3940299153327942,0.42620155215263367,0.460981547832489,0.48885807394981384,0.5089588761329651,0.5393398404121399,0.5630106329917908,0.3648616671562195
2025-03-17,Arel,ACOLITE,S2C_MSI_2025_03_17_11_46_19_T28QCH_L2W,C:\Users\Simon\Nextcloud\Project\Mauritania\Science\Arguin - FieldWork Data Processing\Data\S2\ACOLITE\2025-03-17,541,884,856,342615.0,2201135.0,0.18671157956123352,0.22185523808002472,0.29748770594596863,0.3963717520236969,0.426200270652771,0.46098050475120544,0.48885712027549744,0.5146598219871521,0.539339005947113,0.563011109828949,0.3648653030395508
2025-03-17,Arel,ACOLITE,S2C_MSI_2025_03_17_11_46_19_T28QCH_L2W,C:\Users\Simon\Nextcloud\Project\Mauritania\Science\Arguin - FieldWork Data Processing\Data\S2\ACOLITE\2025-03-17,542,884,857,342625.0,2201135.0,0.18670783936977386,0.23130229115486145,0.3108040690422058,0.409450501203537,0.43297648429870605,0.46650150418281555,0.4990963935852051,0.5244666337966919,0.5456730127334595,0.5537729263305664,0.3331471383571625
2025-03-17,Arel,ACOLITE,S2C_MSI_2025_03_17_11_46_19_T28QCH_L2W,C:\Users\Simon\Nextcloud\Project\Mauritania\Science\Arguin - FieldWork Data Processing\Data\S2\ACOLITE\2025-03-17,543,884,858,342635.0,2201135.0,0.1867041289806366,0.24001216888427734,0.32568463683128357,0.4181497097015381,0.43297523260116577,0.466500461101532,0.49909546971321106,0.5232011079788208,0.5456721782684326,0.5537734031677246,0.33315038681030273
2025-03-17,Arel,ACOLITE,S2C_MSI_2025_03_17_11_46_19_T28QCH_L2W,C:\Users\Simon\Nextcloud\Project\Mauritania\Science\Arguin - FieldWork Data Processing\Data\S2\ACOLITE\2025-03-17,544,884,859,342645.0,2201135.0,0.18670041859149933,0.23553840816020966,0.31553682684898376,0.3965804874897003,0.42004668712615967,0.45190078020095825,0.48123863339424133,0.5118069648742676,0.5281365513801575,0.5362988710403442,0.30993422865867615
2025-03-17,Arel,ACOLITE,S2C_MSI_2025_03_17_11_46_19_T28QCH_L2W,C:\Users\Simon\Nextcloud\Project\Mauritania\Science\Arguin - FieldWork Data Processing\Data\S2\ACOLITE\2025-03-17,545,884,860,342655.0,2201135.0,0.18669667840003967,0.23011361062526703,0.29863932728767395,0.38922619819641113,0.4200453758239746,0.4518996775150299,0.4812376797199249,0.5008151531219482,0.5281357765197754,0.5362992882728577,0.30993717908859253
2025-03-17,Arel,ACOLITE,S2C_MSI_2025_03_17_11_46_19_T28QCH_L2W,C:\Users\Simon\Nextcloud\Project\Mauritania\Science\Arguin - FieldWork Data Processing\Data\S2\ACOLITE\2025-03-17,546,884,861,342665.0,2201135.0,0.18983294069766998,0.23105427622795105,0.30362147092819214,0.3889048099517822,0.4186646640300751,0.44761595129966736,0.4767642617225647,0.4965817928314209,0.527242124080658,0.5383572578430176,0.3173838257789612
2025-03-17,Arel,ACOLITE,S2C_MSI_2025_03_17_11_46_19_T28QCH_L2W,C:\Users\Simon\Nextcloud\Project\Mauritania\Science\Arguin - FieldWork Data Processing\Data\S2\ACOLITE\2025-03-17,547,884,862,342675.0,2201135.0,0.1898292601108551,0.24481633305549622,0.31691622734069824,0.39806684851646423,0.41866335272789,0.447614848613739,0.4767633378505707,0.5066283345222473,0.5272412896156311,0.538357675075531,0.3173868954181671
2025-03-17,Arel,ACOLITE,S2C_MSI_2025_03_17_11_46_19_T28QCH_L2W,C:\Users\Simon\Nextcloud\Project\Mauritania\Science\Arguin - FieldWork Data Processing\Data\S2\ACOLITE\2025-03-17,548,884,863,342685.0,2201135.0,0.18982559442520142,0.23952727019786835,0.3132191300392151,0.398491233587265,0.4304283857345581,0.45701032876968384,0.48692214488983154,0.5102195143699646,0.5373525023460388,0.545967161655426,0.32798492908477783
2025-03-17,Arel,ACOLITE,S2C_MSI_2025_03_17_11_46_19_T28QCH_L2W,C:\Users\Simon\Nextcloud\Project\Mauritania\Science\Arguin - FieldWork Data Processing\Data\S2\ACOLITE\2025-03-17,549,884,864,342695.0,2201135.0,0.18982192873954773,0.23575899004936218,0.31402578949928284,0.39699941873550415,0.43042710423469543,0.4570092558860779,0.48692119121551514,0.5077889561653137,0.537351667881012,0.5459675788879395,0.3279881179332733
2025-03-17,Arel,ACOLITE,S2C_MSI_2025_03_17_11_46_19_T28QCH_L2W,C:\Users\Simon\Nextcloud\Project\Mauritania\Science\Arguin - FieldWork Data Processing\Data\S2\ACOLITE\2025-03-17,550,884,865,342705.0,2201135.0,0.18981823325157166,0.25020116567611694,0.3245200514793396,0.40316975116729736,0.4364578425884247,0.4647223949432373,0.49239930510520935,0.5120130181312561,0.5381433367729187,0.541650116443634,0.3275406062602997
2025-03-17,Arel,ACOLITE,S2C_MSI_2025_03_17_11_46_19_T28QCH_L2W,C:\Users\Simon\Nextcloud\Project\Mauritania\Science\Arguin - FieldWork Data Processing\Data\S2\ACOLITE\2025-03-17,551,884,866,342715.0,2201135.0,0.18981456756591797,0.2648013234138489,0.33383575081825256,0.41686710715293884,0.4364565908908844,0.46472132205963135,0.49239835143089294,0.5140179991722107,0.5381425023078918,0.5416505336761475,0.32754379510879517
2025-03-17,Arel,ACOLITE,S2C_MSI_2025_03_17_11_46_19_T28QCH_L2W,C:\Users\Simon\Nextcloud\Project\Mauritania\Science\Arguin - FieldWork Data Processing\Data\S2\ACOLITE\2025-03-17,552,884,867,342725.0,2201135.0,0.18037688732147217,0.26491525769233704,0.3362457752227783,0.41495662927627563,0.4364553689956665,0.4666992723941803,0.4936142861843109,0.5144393444061279,0.5396272540092468,0.5442214012145996,0.3388102054595947
2025-03-17,Arel,ACOLITE,S2C_MSI_2025_03_17_11_46_19_T28QCH_L2W,C:\Users\Simon\Nextcloud\Project\Mauritania\Science\Arguin - FieldWork Data Processing\Data\S2\ACOLITE\2025-03-17,553,884,868,342735.0,2201135.0,0.18037305772304535,0.25686150789260864,0.3254357874393463,0.40688619017601013,0.4364541471004486,0.46669822931289673,0.4936133921146393,0.5143329501152039,0.5396264791488647,0.544221818447113,0.33881354331970215
2025-03-17,Arel,ACOLITE,S2C_MSI_2025_03_17_11_46_19_T28QCH_L2W,C:\Users\Simon\Nextcloud\Project\Mauritania\Science\Arguin - FieldWork Data Processing\Data\S2\ACOLITE\2025-03-17,554,885,842,342475.0,2201125.0,0.14734293520450592,0.24487216770648956,0.318684458732605,0.4092574417591095,0.4366971254348755,0.4634960889816284,0.4925217628479004,0.5149880051612854,0.5345947742462158,0.5621842741966248,0.3937693238258362
2025-03-17,Arel,ACOLITE,S2C_MSI_2025_03_17_11_46_19_T28QCH_L2W,C:\Users\Simon\Nextcloud\Project\Mauritania\Science\Arguin - FieldWork Data Processing\Data\S2\ACOLITE\2025-03-17,555,885,843,342485.0,2201125.0,0.19791334867477417,0.2442825883626938,0.320181667804718,0.4123348295688629,0.4380704164505005,0.4681816101074219,0.49059370160102844,0.5057989954948425,0.5323141813278198,0.5658779740333557,0.40296292304992676
2025-03-17,Arel,ACOLITE,S2C_MSI_2025_03_17_11_46_19_T28QCH_L2W,C:\Users\Simon\Nextcloud\Project\Mauritania\Science\Arguin - FieldWork Data Processing\Data\S2\ACOLITE\2025-03-17,556,885,844,342495.0,2201125.0,0.19790978729724884,0.24533571302890778,0.31891128420829773,0.4080864191055298,0.438069224357605,0.4681805670261383,0.49059274792671204,0.5055867433547974,0.532313346862793,0.5658783912658691,0.40296700596809387
2025-03-17,Arel,ACOLITE,S2C_MSI_2025_03_17_11_46_19_T28QCH_L2W,C:\Users\Simon\Nextcloud\Project\Mauritania\Science\Arguin - FieldWork Data Processing\Data\S2\ACOLITE\2025-03-17,557,885,845,342505.0,2201125.0,0.1979062408208847,0.24051883816719055,0.3170635402202606,0.40457844734191895,0.4321441650390625,0.45828089118003845,0.4824707508087158,0.4997701048851013,0.5239798426628113,0.5583882927894592,0.39266014099121094
2025-03-17,Arel,ACOLITE,S2C_MSI_2025_03_17_11_46_19_T28QCH_L2W,C:\Users\Simon\Nextcloud\Project\Mauritania\Science\Arguin - FieldWork Data Processing\Data\S2\ACOLITE\2025-03-17,558,885,846,342515.0,2201125.0,0.19790269434452057,0.2462683767080307,0.31544575095176697,0.4014933705329895,0.4321429133415222,0.4582798182964325,0.482469767332077,0.4973355829715729,0.5239790081977844,0.5583887696266174,0.3926641047000885
2025-03-17,Arel,ACOLITE,S2C_MSI_2025_03_17_11_46_19_T28QCH_L2W,C:\Users\Simon\Nextcloud\Project\Mauritania\Science\Arguin - FieldWork Data Processing\Data\S2\ACOLITE\2025-03-17,559,885,847,342525.0,2201125.0,0.19789914786815643,0.24427108466625214,0.3165980577468872,0.4029809832572937,0.430130273103714,0.4595300555229187,0.482468843460083,0.5025182962417603,0.5320135354995728,0.5580811500549316,0.38313454389572144
2025-03-17,Arel,ACOLITE,S2C_MSI_2025_03_17_11_46_19_T28QCH_L2W,C:\Users\Simon\Nextcloud\Project\Mauritania\Science\Arguin - FieldWork Data Processing\Data\S2\ACOLITE\2025-03-17,560,885,848,342535.0,2201125.0,0.1978956013917923,0.24579350650310516,0.31694233417510986,0.4025542438030243,0.4301289916038513,0.45952898263931274,0.4824678599834442,0.5069571137428284,0.5320127010345459,0.5580816268920898,0.3831384479999542
2025-03-17,Arel,ACOLITE,S2C_MSI_2025_03_17_11_46_19_T28QCH_L2W,C:\Users\Simon\Nextcloud\Project\Mauritania\Science\Arguin - FieldWork Data Processing\Data\S2\ACOLITE\2025-03-17,561,885,849,342545.0,2201125.0,0.19062785804271698,0.24297401309013367,0.3147470951080322,0.40414780378341675,0.43531352281570435,0.4659886956214905,0.4934278428554535,0.510442316532135,0.5415224432945251,0.5662908554077148,0.38650792837142944
2025-03-17,Arel,ACOLITE,S2C_MSI_2025_03_17_11_46_19_T28QCH_L2W,C:\Users\Simon\Nextcloud\Project\Mauritania\Science\Arguin - FieldWork Data Processing\Data\S2\ACOLITE\2025-03-17,562,885,850,342555.0,2201125.0,0.1906241923570633,0.2405042201280594,0.3153224587440491,0.4030831754207611,0.43531227111816406,0.4659876525402069,0.4934268891811371,0.5121310949325562,0.5415216684341431,0.566291332244873,0.38651183247566223
2025-03-17,Arel,ACOLITE,S2C_MSI_2025_03_17_11_46_19_T28QCH_L2W,C:\Users\Simon\Nextcloud\Project\Mauritania\Science\Arguin - FieldWork Data Processing\Data\S2\ACOLITE\2025-03-17,563,885,851,342565.0,2201125.0,0.1906205266714096,0.23897302150726318,0.3118552267551422,0.40201833844184875,0.437214732170105,0.46359071135520935,0.49332454800605774,0.5120246410369873,0.5385503768920898,0.5717262029647827,0.39010488986968994
2025-03-17,Arel,ACOLITE,S2C_MSI_2025_03_17_11_46_19_T28QCH_L2W,C:\Users\Simon\Nextcloud\Project\Mauritania\Science\Arguin - FieldWork Data Processing\Data\S2\ACOLITE\2025-03-17,564,885,852,342575.0,2201125.0,0.19061684608459473,0.2326127141714096,0.30977246165275574,0.40074044466018677,0.4372135102748871,0.4635896384716034,0.49332359433174133,0.5095947980880737,0.538549542427063,0.5717266201972961,0.3901088237762451
2025-03-17,Arel,ACOLITE,S2C_MSI_2025_03_17_11_46_19_T28QCH_L2W,C:\Users\Simon\Nextcloud\Project\Mauritania\Science\Arguin - FieldWork Data Processing\Data\S2\ACOLITE\2025-03-17,565,885,853,342585.0,2201125.0,0.19061318039894104,0.22576503455638885,0.3010878264904022,0.397227019071579,0.43128731846809387,0.46046191453933716,0.489569753408432,0.5079037547111511,0.540331244468689,0.5673182010650635,0.38349440693855286
2025-03-17,Arel,ACOLITE,S2C_MSI_2025_03_17_11_46_19_T28QCH_L2W,C:\Users\Simon\Nextcloud\Project\Mauritania\Science\Arguin - FieldWork Data Processing\Data\S2\ACOLITE\2025-03-17,566,885,854,342595.0,2201125.0,0.19060951471328735,0.2280060201883316,0.30514025688171387,0.39477628469467163,0.4312860667705536,0.4604608416557312,0.4895687997341156,0.511810839176178,0.5403304100036621,0.5673186779022217,0.38349828124046326
2025-03-17,Arel,ACOLITE,S2C_MSI_2025_03_17_11_46_19_T28QCH_L2W,C:\Users\Simon\Nextcloud\Project\Mauritania\Science\Arguin - FieldWork Data Processing\Data\S2\ACOLITE\2025-03-17,567,885,855,342605.0,2201125.0,0.1867132931947708,0.22315803170204163,0.2965604364871979,0.39083200693130493,0.42620089650154114,0.46098101139068604,0.48885756731033325,0.506633996963501,0.5393394231796265,0.5630108118057251,0.36486342549324036
2025-03-17,Arel,ACOLITE,S2C_MSI_2025_03_17_11_46_19_T28QCH_L2W,C:\Users\Simon\Nextcloud\Project\Mauritania\Science\Arguin - FieldWork Data Processing\Data\S2\ACOLITE\2025-03-17,568,885,856,342615.0,2201125.0,0.18670955300331116,0.22256344556808472,0.30061787366867065,0.3953060209751129,0.4261995851993561,0.4609799087047577,0.48885661363601685,0.508851945400238,0.5393385887145996,0.5630112886428833,0.36486706137657166
2025-03-17,Arel,ACOLITE,S2C_MSI_2025_03_17_11_46_19_T28QCH_L2W,C:\Users\Simon\Nextcloud\Project\Mauritania\Science\Arguin - FieldWork Data Processing\Data\S2\ACOLITE\2025-03-17,569,885,857,342625.0,2201125.0,0.1867058426141739,0.22988519072532654,0.3116121292114258,0.4048810303211212,0.4329758286476135,0.4665009379386902,0.4990958869457245,0.516979992389679,0.545672595500946,0.5537731051445007,0.33314868807792664
2025-03-17,Arel,ACOLITE,S2C_MSI_2025_03_17_11_46_19_T28QCH_L2W,C:\Users\Simon\Nextcloud\Project\Mauritania\Science\Arguin - FieldWork Data Processing\Data\S2\ACOLITE\2025-03-17,570,885,858,342635.0,2201125.0,0.18670211732387543,0.23565757274627686,0.31438302993774414,0.4071114957332611,0.43297457695007324,0.4664998948574066,0.49909496307373047,0.5152909159660339,0.5456717610359192,0.5537735819816589,0.3331519663333893
2025-03-17,Arel,ACOLITE,S2C_MSI_2025_03_17_11_46_19_T28QCH_L2W,C:\Users\Simon\Nextcloud\Project\Mauritania\Science\Arguin - FieldWork Data Processing\Data\S2\ACOLITE\2025-03-17,571,885,859,342645.0,2201125.0,0.18669837713241577,0.23247365653514862,0.3116081655025482,0.3958343267440796,0.42004597187042236,0.4519001841545105,0.48123812675476074,0.5070531964302063,0.528136134147644,0.5362990498542786,0.30993565917015076
2025-03-17,Arel,ACOLITE,S2C_MSI_2025_03_17_11_46_19_T28QCH_L2W,C:\Users\Simon\Nextcloud\Project\Mauritania\Science\Arguin - FieldWork Data Processing\Data\S2\ACOLITE\2025-03-17,572,885,860,342655.0,2201125.0,0.1866946518421173,0.22633396089076996,0.296433687210083,0.3832496702671051,0.4200446903705597,0.45189908146858215,0.48123714327812195,0.4963705241680145,0.5281352996826172,0.536299467086792,0.30993860960006714
2025-03-17,Arel,ACOLITE,S2C_MSI_2025_03_17_11_46_19_T28QCH_L2W,C:\Users\Simon\Nextcloud\Project\Mauritania\Science\Arguin - FieldWork Data Processing\Data\S2\ACOLITE\2025-03-17,573,885,861,342665.0,2201125.0,0.1898309290409088,0.22408515214920044,0.2987520694732666,0.38068485260009766,0.41866397857666016,0.4476153552532196,0.4767637550830841,0.49351099133491516,0.5272416472434998,0.5383574366569519,0.31738531589508057
2025-03-17,Arel,ACOLITE,S2C_MSI_2025_03_17_11_46_19_T28QCH_L2W,C:\Users\Simon\Nextcloud\Project\Mauritania\Science\Arguin - FieldWork Data Processing\Data\S2\ACOLITE\2025-03-17,574,885,862,342675.0,2201125.0,0.18982724845409393,0.2306956946849823,0.3010690212249756,0.38826265931129456,0.4186626672744751,0.44761422276496887,0.4767627716064453,0.506205141544342,0.5272408723831177,0.5383578538894653,0.3173883855342865
2025-03-17,Arel,ACOLITE,S2C_MSI_2025_03_17_11_46_19_T28QCH_L2W,C:\Users\Simon\Nextcloud\Project\Mauritania\Science\Arguin - FieldWork Data Processing\Data\S2\ACOLITE\2025-03-17,575,885,863,342685.0,2201125.0,0.18982356786727905,0.2326972931623459,0.3096347749233246,0.3927391767501831,0.4304277002811432,0.4570097327232361,0.48692160844802856,0.5108526945114136,0.5373520851135254,0.5459673404693604,0.327986478805542
2025-03-17,Arel,ACOLITE,S2C_MSI_2025_03_17_11_46_19_T28QCH_L2W,C:\Users\Simon\Nextcloud\Project\Mauritania\Science\Arguin - FieldWork Data Processing\Data\S2\ACOLITE\2025-03-17,576,885,864,342695.0,2201125.0,0.18981988728046417,0.2458651065826416,0.32037216424942017,0.40274500846862793,0.4304264485836029,0.4570086598396301,0.48692065477371216,0.512224555015564,0.5373512506484985,0.5459677577018738,0.32798969745635986
2025-03-17,Arel,ACOLITE,S2C_MSI_2025_03_17_11_46_19_T28QCH_L2W,C:\Users\Simon\Nextcloud\Project\Mauritania\Science\Arguin - FieldWork Data Processing\Data\S2\ACOLITE\2025-03-17,577,885,865,342705.0,2201125.0,0.1898162066936493,0.2588539123535156,0.3299283981323242,0.4107133746147156,0.43645718693733215,0.46472182869911194,0.49239879846572876,0.5104285478591919,0.5381428599357605,0.5416502952575684,0.32754218578338623
2025-03-17,Arel,ACOLITE,S2C_MSI_2025_03_17_11_46_19_T28QCH_L2W,C:\Users\Simon\Nextcloud\Project\Mauritania\Science\Arguin - FieldWork Data Processing\Data\S2\ACOLITE\2025-03-17,578,885,866,342715.0,2201125.0,0.1898125261068344,0.26479989290237427,0.3340645432472229,0.4153815805912018,0.43645593523979187,0.464720755815506,0.49239784479141235,0.5146507620811462,0.5381420850753784,0.5416507124900818,0.3275453746318817
2025-03-17,Arel,ACOLITE,S2C_MSI_2025_03_17_11_46_19_T28QCH_L2W,C:\Users\Simon\Nextcloud\Project\Mauritania\Science\Arguin - FieldWork Data Processing\Data\S2\ACOLITE\2025-03-17,579,886,842,342475.0,2201115.0,0.14734070003032684,0.24158354103565216,0.3127964437007904,0.39756107330322266,0.4181576669216156,0.447113573551178,0.47108498215675354,0.5022050142288208,0.5137497186660767,0.5451361536979675,0.35987380146980286
2025-03-17,Arel,ACOLITE,S2C_MSI_2025_03_17_11_46_19_T28QCH_L2W,C:\Users\Simon\Nextcloud\Project\Mauritania\Science\Arguin - FieldWork Data Processing\Data\S2\ACOLITE\2025-03-17,580,886,843,342485.0,2201115.0,0.19791148602962494,0.24357691407203674,0.31325653195381165,0.39947545528411865,0.4253678321838379,0.45483991503715515,0.47952553629875183,0.49839597940444946,0.5230876207351685,0.5497611165046692,0.3636978566646576
2025-03-17,Arel,ACOLITE,S2C_MSI_2025_03_17_11_46_19_T28QCH_L2W,C:\Users\Simon\Nextcloud\Project\Mauritania\Science\Arguin - FieldWork Data Processing\Data\S2\ACOLITE\2025-03-17,581,886,844,342495.0,2201115.0,0.1979079395532608,0.24779672920703888,0.3177568018436432,0.4055356979370117,0.4253665506839752,0.4548388123512268,0.4795245826244354,0.5009341239929199,0.5230867862701416,0.5497615337371826,0.3637014925479889
2025-03-17,Arel,ACOLITE,S2C_MSI_2025_03_17_11_46_19_T28QCH_L2W,C:\Users\Simon\Nextcloud\Project\Mauritania\Science\Arguin - FieldWork Data Processing\Data\S2\ACOLITE\2025-03-17,582,886,845,342505.0,2201115.0,0.19790437817573547,0.2495514452457428,0.3204074501991272,0.40765950083732605,0.43224936723709106,0.4608869254589081,0.48541542887687683,0.5036826729774475,0.5291390419006348,0.5543842315673828,0.36550265550613403
2025-03-17,Arel,ACOLITE,S2C_MSI_2025_03_17_11_46_19_T28QCH_L2W,C:\Users\Simon\Nextcloud\Project\Mauritania\Science\Arguin - FieldWork Data Processing\Data\S2\ACOLITE\2025-03-17,583,886,846,342515.0,2201115.0,0.19790083169937134,0.25177332758903503,0.32259535789489746,0.40553298592567444,0.4322481155395508,0.4608858823776245,0.48541444540023804,0.4999803602695465,0.5291382074356079,0.554384708404541,0.3655063509941101
2025-03-17,Arel,ACOLITE,S2C_MSI_2025_03_17_11_46_19_T28QCH_L2W,C:\Users\Simon\Nextcloud\Project\Mauritania\Science\Arguin - FieldWork Data Processing\Data\S2\ACOLITE\2025-03-17,584,886,847,342525.0,2201115.0,0.197897270321846,0.2500143349170685,0.32305434346199036,0.4030865728855133,0.430553138256073,0.46015506982803345,0.48642873764038086,0.5024120807647705,0.5317156910896301,0.5544878244400024,0.3646112382411957
2025-03-17,Arel,ACOLITE,S2C_MSI_2025_03_17_11_46_19_T28QCH_L2W,C:\Users\Simon\Nextcloud\Project\Mauritania\Science\Arguin - FieldWork Data Processing\Data\S2\ACOLITE\2025-03-17,585,886,848,342535.0,2201115.0,0.19789370894432068,0.24743369221687317,0.3197098672389984,0.40191540122032166,0.4305518567562103,0.4601539671421051,0.48642781376838684,0.501565158367157,0.531714916229248,0.5544883012771606,0.364614874124527
2025-03-17,Arel,ACOLITE,S2C_MSI_2025_03_17_11_46_19_T28QCH_L2W,C:\Users\Simon\Nextcloud\Project\Mauritania\Science\Arguin - FieldWork Data Processing\Data\S2\ACOLITE\2025-03-17,586,886,849,342545.0,2201115.0,0.19062590599060059,0.24696189165115356,0.3179778456687927,0.40404075384140015,0.4295976459980011,0.46036139130592346,0.4882538616657257,0.5143483281135559,0.5341922640800476,0.5609561800956726,0.36596670746803284
2025-03-17,Arel,ACOLITE,S2C_MSI_2025_03_17_11_46_19_T28QCH_L2W,C:\Users\Simon\Nextcloud\Project\Mauritania\Science\Arguin - FieldWork Data Processing\Data\S2\ACOLITE\2025-03-17,587,886,850,342555.0,2201115.0,0.1906222254037857,0.24402619898319244,0.3156677782535553,0.39872077107429504,0.4295963644981384,0.4603603482246399,0.4882529377937317,0.509067952632904,0.5341914296150208,0.560956597328186,0.3659703731536865
2025-03-17,Arel,ACOLITE,S2C_MSI_2025_03_17_11_46_19_T28QCH_L2W,C:\Users\Simon\Nextcloud\Project\Mauritania\Science\Arguin - FieldWork Data Processing\Data\S2\ACOLITE\2025-03-17,588,886,851,342565.0,2201115.0,0.1906185746192932,0.24049976468086243,0.3119697868824005,0.39754846692085266,0.4293832778930664,0.4575437605381012,0.48480045795440674,0.504311740398407,0.5358752012252808,0.564548134803772,0.3760812282562256
2025-03-17,Arel,ACOLITE,S2C_MSI_2025_03_17_11_46_19_T28QCH_L2W,C:\Users\Simon\Nextcloud\Project\Mauritania\Science\Arguin - FieldWork Data Processing\Data\S2\ACOLITE\2025-03-17,589,886,852,342575.0,2201115.0,0.19061489403247833,0.2341429442167282,0.3052590489387512,0.39594992995262146,0.4293820261955261,0.45754265785217285,0.48479950428009033,0.5062134265899658,0.5358744263648987,0.5645486116409302,0.3760850131511688
2025-03-17,Arel,ACOLITE,S2C_MSI_2025_03_17_11_46_19_T28QCH_L2W,C:\Users\Simon\Nextcloud\Project\Mauritania\Science\Arguin - FieldWork Data Processing\Data\S2\ACOLITE\2025-03-17,590,886,853,342585.0,2201115.0,0.19061122834682465,0.22505435347557068,0.2972598075866699,0.3882749378681183,0.423446923494339,0.4559767544269562,0.48164981603622437,0.5031470060348511,0.532107412815094,0.563625693321228,0.3802419602870941
2025-03-17,Arel,ACOLITE,S2C_MSI_2025_03_17_11_46_19_T28QCH_L2W,C:\Users\Simon\Nextcloud\Project\Mauritania\Science\Arguin - FieldWork Data Processing\Data\S2\ACOLITE\2025-03-17,591,886,854,342595.0,2201115.0,0.19060754776000977,0.23166196048259735,0.3042128086090088,0.3999921977519989,0.4234456419944763,0.4559756815433502,0.48164886236190796,0.5089588761329651,0.5321065783500671,0.5636261701583862,0.38024580478668213
2025-03-17,Arel,ACOLITE,S2C_MSI_2025_03_17_11_46_19_T28QCH_L2W,C:\Users\Simon\Nextcloud\Project\Mauritania\Science\Arguin - FieldWork Data Processing\Data\S2\ACOLITE\2025-03-17,592,886,855,342605.0,2201115.0,0.18671128153800964,0.22823742032051086,0.30212557315826416,0.3961586654186249,0.42598825693130493,0.45899948477745056,0.4871317148208618,0.5080071687698364,0.5324031710624695,0.5654731392860413,0.37025728821754456
2025-03-17,Arel,ACOLITE,S2C_MSI_2025_03_17_11_46_19_T28QCH_L2W,C:\Users\Simon\Nextcloud\Project\Mauritania\Science\Arguin - FieldWork Data Processing\Data\S2\ACOLITE\2025-03-17,593,886,856,342615.0,2201115.0,0.18670755624771118,0.21972110867500305,0.29725342988967896,0.38933709263801575,0.42598697543144226,0.4589984118938446,0.4871307611465454,0.5052586793899536,0.5324023962020874,0.5654735565185547,0.370261013507843
2025-03-17,Arel,ACOLITE,S2C_MSI_2025_03_17_11_46_19_T28QCH_L2W,C:\Users\Simon\Nextcloud\Project\Mauritania\Science\Arguin - FieldWork Data Processing\Data\S2\ACOLITE\2025-03-17,594,886,857,342625.0,2201115.0,0.18670383095741272,0.22066514194011688,0.2951621115207672,0.38869574666023254,0.42312368750572205,0.4555550217628479,0.48052823543548584,0.5047293305397034,0.5349785685539246,0.557264506816864,0.34463268518447876
2025-03-17,Arel,ACOLITE,S2C_MSI_2025_03_17_11_46_19_T28QCH_L2W,C:\Users\Simon\Nextcloud\Project\Mauritania\Science\Arguin - FieldWork Data Processing\Data\S2\ACOLITE\2025-03-17,595,886,858,342635.0,2201115.0,0.18670007586479187,0.22350168228149414,0.2978293001651764,0.39658042788505554,0.423122376203537,0.45555394887924194,0.48052728176116943,0.5068422555923462,0.5349777936935425,0.5572649836540222,0.34463611245155334
2025-03-17,Arel,ACOLITE,S2C_MSI_2025_03_17_11_46_19_T28QCH_L2W,C:\Users\Simon\Nextcloud\Project\Mauritania\Science\Arguin - FieldWork Data Processing\Data\S2\ACOLITE\2025-03-17,596,886,859,342645.0,2201115.0,0.1866963505744934,0.22468091547489166,0.3083694279193878,0.3923178017139435,0.41802915930747986,0.4521084129810333,0.47747695446014404,0.5064187049865723,0.5277388691902161,0.5421620607376099,0.3229043781757355
2025-03-17,Arel,ACOLITE,S2C_MSI_2025_03_17_11_46_19_T28QCH_L2W,C:\Users\Simon\Nextcloud\Project\Mauritania\Science\Arguin - FieldWork Data Processing\Data\S2\ACOLITE\2025-03-17,597,886,860,342655.0,2201115.0,0.18669261038303375,0.23317621648311615,0.29828906059265137,0.38549065589904785,0.4180278480052948,0.452107310295105,0.47747594118118286,0.4974284768104553,0.527738094329834,0.5421624779701233,0.32290753722190857
2025-03-17,Arel,ACOLITE,S2C_MSI_2025_03_17_11_46_19_T28QCH_L2W,C:\Users\Simon\Nextcloud\Project\Mauritania\Science\Arguin - FieldWork Data Processing\Data\S2\ACOLITE\2025-03-17,598,886,861,342665.0,2201115.0,0.18982890248298645,0.22680172324180603,0.3021130859851837,0.3870898485183716,0.4226943552494049,0.4514797031879425,0.48143887519836426,0.49361640214920044,0.5347771644592285,0.5407232046127319,0.3229106664657593
2025-03-17,Arel,ACOLITE,S2C_MSI_2025_03_17_11_46_19_T28QCH_L2W,C:\Users\Simon\Nextcloud\Project\Mauritania\Science\Arguin - FieldWork Data Processing\Data\S2\ACOLITE\2025-03-17,599,886,862,342675.0,2201115.0,0.18982523679733276,0.2284519076347351,0.30002447962760925,0.3884751796722412,0.42269304394721985,0.45147860050201416,0.48143792152404785,0.5051477551460266,0.5347763299942017,0.5407236814498901,0.32291379570961
2025-03-17,Arel,ACOLITE,S2C_MSI_2025_03_17_11_46_19_T28QCH_L2W,C:\Users\Simon\Nextcloud\Project\Mauritania\Science\Arguin - FieldWork Data Processing\Data\S2\ACOLITE\2025-03-17,600,886,863,342685.0,2201115.0,0.1898215413093567,0.23128074407577515,0.3065098822116852,0.39327120780944824,0.4253421127796173,0.45826083421707153,0.4843827784061432,0.507683277130127,0.5347755551338196,0.5341400504112244,0.3239313066005707
2025-03-17,Arel,ACOLITE,S2C_MSI_2025_03_17_11_46_19_T28QCH_L2W,C:\Users\Simon\Nextcloud\Project\Mauritania\Science\Arguin - FieldWork Data Processing\Data\S2\ACOLITE\2025-03-17,601,887,842,342475.0,2201105.0,0.14733844995498657,0.23993700742721558,0.3094436228275299,0.3865833878517151,0.41815701127052307,0.4471130073070526,0.47108447551727295,0.48579201102256775,0.5137492418289185,0.5451363325119019,0.35987547039985657
2025-03-17,Arel,ACOLITE,S2C_MSI_2025_03_17_11_46_19_T28QCH_L2W,C:\Users\Simon\Nextcloud\Project\Mauritania\Science\Arguin - FieldWork Data Processing\Data\S2\ACOLITE\2025-03-17,602,887,843,342485.0,2201105.0,0.1979096382856369,0.24263615906238556,0.3115224242210388,0.39063456654548645,0.42536717653274536,0.4548393487930298,0.47952502965927124,0.4915138781070709,0.523087203502655,0.5497612953186035,0.3636995553970337
2025-03-17,Arel,ACOLITE,S2C_MSI_2025_03_17_11_46_19_T28QCH_L2W,C:\Users\Simon\Nextcloud\Project\Mauritania\Science\Arguin - FieldWork Data Processing\Data\S2\ACOLITE\2025-03-17,603,887,844,342495.0,2201105.0,0.19790607690811157,0.25013840198516846,0.32075420022010803,0.40245193243026733,0.4253658950328827,0.45483821630477905,0.47952407598495483,0.49977007508277893,0.5230863690376282,0.5497617125511169,0.363703191280365
2025-03-17,Arel,ACOLITE,S2C_MSI_2025_03_17_11_46_19_T28QCH_L2W,C:\Users\Simon\Nextcloud\Project\Mauritania\Science\Arguin - FieldWork Data Processing\Data\S2\ACOLITE\2025-03-17,604,887,845,342505.0,2201105.0,0.19790251553058624,0.255984902381897,0.326051265001297,0.4097830057144165,0.4322487413883209,0.4608863890171051,0.48541489243507385,0.506007730960846,0.5291386246681213,0.5543844103813171,0.3655043840408325
2025-03-17,Arel,ACOLITE,S2C_MSI_2025_03_17_11_46_19_T28QCH_L2W,C:\Users\Simon\Nextcloud\Project\Mauritania\Science\Arguin - FieldWork Data Processing\Data\S2\ACOLITE\2025-03-17,605,887,846,342515.0,2201105.0,0.1978989541530609,0.2568000853061676,0.32328563928604126,0.4086134731769562,0.43224748969078064,0.46088528633117676,0.48541393876075745,0.5063239336013794,0.5291377902030945,0.5543848276138306,0.3655080497264862
2025-03-17,Arel,ACOLITE,S2C_MSI_2025_03_17_11_46_19_T28QCH_L2W,C:\Users\Simon\Nextcloud\Project\Mauritania\Science\Arguin - FieldWork Data Processing\Data\S2\ACOLITE\2025-03-17,606,887,847,342525.0,2201105.0,0.19789540767669678,0.25340721011161804,0.3213248550891876,0.40223515033721924,0.43055248260498047,0.4601545035839081,0.48642826080322266,0.5049490332603455,0.5317152738571167,0.5544880032539368,0.3646129369735718
2025-03-17,Arel,ACOLITE,S2C_MSI_2025_03_17_11_46_19_T28QCH_L2W,C:\Users\Simon\Nextcloud\Project\Mauritania\Science\Arguin - FieldWork Data Processing\Data\S2\ACOLITE\2025-03-17,607,887,848,342535.0,2201105.0,0.19789183139801025,0.2508297562599182,0.32259058952331543,0.40340349078178406,0.4305512309074402,0.4601534307003021,0.48642730712890625,0.5023049712181091,0.5317144989967346,0.554488480091095,0.36461660265922546
2025-03-17,Arel,ACOLITE,S2C_MSI_2025_03_17_11_46_19_T28QCH_L2W,C:\Users\Simon\Nextcloud\Project\Mauritania\Science\Arguin - FieldWork Data Processing\Data\S2\ACOLITE\2025-03-17,608,887,849,342545.0,2201105.0,0.19062396883964539,0.2510611414909363,0.318553626537323,0.40180695056915283,0.42959699034690857,0.4603608548641205,0.4882533848285675,0.5093852877616882,0.5341918468475342,0.5609563589096069,0.3659684360027313
2025-03-17,Arel,ACOLITE,S2C_MSI_2025_03_17_11_46_19_T28QCH_L2W,C:\Users\Simon\Nextcloud\Project\Mauritania\Science\Arguin - FieldWork Data Processing\Data\S2\ACOLITE\2025-03-17,609,887,850,342555.0,2201105.0,0.1906202882528305,0.2511754035949707,0.3167056143283844,0.39925217628479004,0.4295957088470459,0.4603597819805145,0.4882524311542511,0.5051577687263489,0.5341910123825073,0.5609567761421204,0.3659721314907074
2025-03-17,Arel,ACOLITE,S2C_MSI_2025_03_17_11_46_19_T28QCH_L2W,C:\Users\Simon\Nextcloud\Project\Mauritania\Science\Arguin - FieldWork Data Processing\Data\S2\ACOLITE\2025-03-17,610,887,851,342565.0,2201105.0,0.19061660766601562,0.25035297870635986,0.31820371747016907,0.4022296369075775,0.42938265204429626,0.45754316449165344,0.48479998111724854,0.5058967471122742,0.5358747839927673,0.5645483732223511,0.37608304619789124
2025-03-17,Arel,ACOLITE,S2C_MSI_2025_03_17_11_46_19_T28QCH_L2W,C:\Users\Simon\Nextcloud\Project\Mauritania\Science\Arguin - FieldWork Data Processing\Data\S2\ACOLITE\2025-03-17,611,887,852,342575.0,2201105.0,0.19061292707920074,0.23896697163581848,0.31023287773132324,0.40073901414871216,0.4293813705444336,0.4575420916080475,0.48479899764060974,0.5087488293647766,0.5358740091323853,0.5645487904548645,0.3760868310928345
2025-03-17,Arel,ACOLITE,S2C_MSI_2025_03_17_11_46_19_T28QCH_L2W,C:\Users\Simon\Nextcloud\Project\Mauritania\Science\Arguin - FieldWork Data Processing\Data\S2\ACOLITE\2025-03-17,612,887,853,342585.0,2201105.0,0.19060926139354706,0.22351579368114471,0.29505351185798645,0.38902077078819275,0.42344626784324646,0.4559761881828308,0.4816493093967438,0.5024063587188721,0.5321069955825806,0.5636258721351624,0.38024380803108215
2025-03-17,Arel,ACOLITE,S2C_MSI_2025_03_17_11_46_19_T28QCH_L2W,C:\Users\Simon\Nextcloud\Project\Mauritania\Science\Arguin - FieldWork Data Processing\Data\S2\ACOLITE\2025-03-17,613,887,854,342595.0,2201105.0,0.19060558080673218,0.23000915348529816,0.30270588397979736,0.3959463834762573,0.4234449565410614,0.45597508549690247,0.481648325920105,0.5064225792884827,0.5321061611175537,0.5636263489723206,0.38024765253067017
2025-03-17,Arel,ACOLITE,S2C_MSI_2025_03_17_11_46_19_T28QCH_L2W,C:\Users\Simon\Nextcloud\Project\Mauritania\Science\Arguin - FieldWork Data Processing\Data\S2\ACOLITE\2025-03-17,614,887,855,342605.0,2201105.0,0.18670928478240967,0.24130909144878387,0.309533029794693,0.4023304879665375,0.42598757147789,0.4589989185333252,0.4871312081813812,0.5108587145805359,0.532402753829956,0.5654733180999756,0.3702590763568878
2025-03-17,Arel,ACOLITE,S2C_MSI_2025_03_17_11_46_19_T28QCH_L2W,C:\Users\Simon\Nextcloud\Project\Mauritania\Science\Arguin - FieldWork Data Processing\Data\S2\ACOLITE\2025-03-17,615,887,856,342615.0,2201105.0,0.18670554459095,0.22042986750602722,0.29225954413414,0.38816314935684204,0.42598628997802734,0.45899784564971924,0.4871302545070648,0.50705486536026,0.5324019193649292,0.565473735332489,0.3702628016471863
2025-03-17,Arel,ACOLITE,S2C_MSI_2025_03_17_11_46_19_T28QCH_L2W,C:\Users\Simon\Nextcloud\Project\Mauritania\Science\Arguin - FieldWork Data Processing\Data\S2\ACOLITE\2025-03-17,616,887,857,342625.0,2201105.0,0.18670178949832916,0.21556830406188965,0.29051411151885986,0.3814370334148407,0.42312297224998474,0.45555445551872253,0.48052772879600525,0.5002874732017517,0.5349782109260559,0.5572646856307983,0.34463435411453247
2025-03-17,Arel,ACOLITE,S2C_MSI_2025_03_17_11_46_19_T28QCH_L2W,C:\Users\Simon\Nextcloud\Project\Mauritania\Science\Arguin - FieldWork Data Processing\Data\S2\ACOLITE\2025-03-17,617,887,858,342635.0,2201105.0,0.1866980642080307,0.22077862918376923,0.29341691732406616,0.38474568724632263,0.42312169075012207,0.4555533528327942,0.48052674531936646,0.5018731951713562,0.534977376461029,0.5572651624679565,0.34463775157928467
2025-03-17,Arel,ACOLITE,S2C_MSI_2025_03_17_11_46_19_T28QCH_L2W,C:\Users\Simon\Nextcloud\Project\Mauritania\Science\Arguin - FieldWork Data Processing\Data\S2\ACOLITE\2025-03-17,618,887,859,342645.0,2201105.0,0.18669432401657104,0.22420634329319,0.2988700270652771,0.3859182596206665,0.41802844405174255,0.45210784673690796,0.4774763882160187,0.5016607642173767,0.5277384519577026,0.5421622395515442,0.32290592789649963
2025-03-17,Arel,ACOLITE,S2C_MSI_2025_03_17_11_46_19_T28QCH_L2W,C:\Users\Simon\Nextcloud\Project\Mauritania\Science\Arguin - FieldWork Data Processing\Data\S2\ACOLITE\2025-03-17,619,887,860,342655.0,2201105.0,0.1866905838251114,0.23494179546833038,0.30408352613449097,0.39124977588653564,0.4180271327495575,0.4521067142486572,0.47747546434402466,0.49954429268836975,0.5277376174926758,0.5421627163887024,0.32290905714035034
2025-03-17,Arel,ACOLITE,S2C_MSI_2025_03_17_11_46_19_T28QCH_L2W,C:\Users\Simon\Nextcloud\Project\Mauritania\Science\Arguin - FieldWork Data Processing\Data\S2\ACOLITE\2025-03-17,620,887,861,342665.0,2201105.0,0.18982689082622528,0.24023377895355225,0.3092896342277527,0.3972143232822418,0.4226936399936676,0.45147910714149475,0.48143839836120605,0.5028222799301147,0.5347766876220703,0.5407233834266663,0.32291221618652344
2025-03-17,Arel,ACOLITE,S2C_MSI_2025_03_17_11_46_19_T28QCH_L2W,C:\Users\Simon\Nextcloud\Project\Mauritania\Science\Arguin - FieldWork Data Processing\Data\S2\ACOLITE\2025-03-17,621,888,842,342475.0,2201095.0,0.15091347694396973,0.2427549958229065,0.31036752462387085,0.3843415677547455,0.41221004724502563,0.4389556348323822,0.4645666182041168,0.4801696538925171,0.5074824094772339,0.5307348966598511,0.3341176509857178
2025-03-17,Arel,ACOLITE,S2C_MSI_2025_03_17_11_46_19_T28QCH_L2W,C:\Users\Simon\Nextcloud\Project\Mauritania\Science\Arguin - FieldWork Data Processing\Data\S2\ACOLITE\2025-03-17,622,888,843,342485.0,2201095.0,0.1854953020811081,0.24650706350803375,0.3142939805984497,0.3886079490184784,0.41942834854125977,0.44543907046318054,0.4719989001750946,0.48791077733039856,0.5187171697616577,0.5417442321777344,0.34076231718063354
2025-03-17,Arel,ACOLITE,S2C_MSI_2025_03_17_11_46_19_T28QCH_L2W,C:\Users\Simon\Nextcloud\Project\Mauritania\Science\Arguin - FieldWork Data Processing\Data\S2\ACOLITE\2025-03-17,623,888,844,342495.0,2201095.0,0.18549153208732605,0.25446662306785583,0.32190582156181335,0.3995790481567383,0.4194270372390747,0.4454379081726074,0.4719978868961334,0.4961717426776886,0.5187163352966309,0.5417446494102478,0.34076568484306335
2025-03-17,Arel,ACOLITE,S2C_MSI_2025_03_17_11_46_19_T28QCH_L2W,C:\Users\Simon\Nextcloud\Project\Mauritania\Science\Arguin - FieldWork Data Processing\Data\S2\ACOLITE\2025-03-17,624,888,845,342505.0,2201095.0,0.185487762093544,0.25855323672294617,0.3273163437843323,0.40765810012817383,0.430660218000412,0.457549124956131,0.48389124870300293,0.5047389268875122,0.5318156480789185,0.5488375425338745,0.34763240814208984
2025-03-17,Arel,ACOLITE,S2C_MSI_2025_03_17_11_46_19_T28QCH_L2W,C:\Users\Simon\Nextcloud\Project\Mauritania\Science\Arguin - FieldWork Data Processing\Data\S2\ACOLITE\2025-03-17,625,888,846,342515.0,2201095.0,0.18548400700092316,0.25866732001304626,0.3262786865234375,0.40882518887519836,0.4306589663028717,0.457548052072525,0.48389026522636414,0.5083310604095459,0.5318148136138916,0.5488380193710327,0.3476358652114868
2025-03-17,Arel,ACOLITE,S2C_MSI_2025_03_17_11_46_19_T28QCH_L2W,C:\Users\Simon\Nextcloud\Project\Mauritania\Science\Arguin - FieldWork Data Processing\Data\S2\ACOLITE\2025-03-17,626,888,847,342525.0,2201095.0,0.1854802370071411,0.25808078050613403,0.32501041889190674,0.40627413988113403,0.430869460105896,0.4591112732887268,0.48642778396606445,0.50780189037323,0.5331027507781982,0.5528450012207031,0.3527003824710846
2025-03-17,Arel,ACOLITE,S2C_MSI_2025_03_17_11_46_19_T28QCH_L2W,C:\Users\Simon\Nextcloud\Project\Mauritania\Science\Arguin - FieldWork Data Processing\Data\S2\ACOLITE\2025-03-17,627,888,848,342535.0,2201095.0,0.18547648191452026,0.25539088249206543,0.32397204637527466,0.4008502662181854,0.4308681786060333,0.45911020040512085,0.48642680048942566,0.5061103105545044,0.5331019163131714,0.5528454184532166,0.35270389914512634
2025-03-17,Arel,ACOLITE,S2C_MSI_2025_03_17_11_46_19_T28QCH_L2W,C:\Users\Simon\Nextcloud\Project\Mauritania\Science\Arguin - FieldWork Data Processing\Data\S2\ACOLITE\2025-03-17,628,888,849,342545.0,2201095.0,0.18672974407672882,0.2553881108760834,0.3232790231704712,0.4040393531322479,0.43097278475761414,0.4595262110233307,0.48530906438827515,0.5067435503005981,0.5341914296150208,0.5568507313728333,0.3579915761947632
2025-03-17,Arel,ACOLITE,S2C_MSI_2025_03_17_11_46_19_T28QCH_L2W,C:\Users\Simon\Nextcloud\Project\Mauritania\Science\Arguin - FieldWork Data Processing\Data\S2\ACOLITE\2025-03-17,629,888,850,342555.0,2201095.0,0.18672600388526917,0.25760549306869507,0.3225858211517334,0.40488845109939575,0.43097153306007385,0.45952513813972473,0.48530811071395874,0.5067426562309265,0.5341905951499939,0.5568511486053467,0.3579951524734497
2025-03-17,Arel,ACOLITE,S2C_MSI_2025_03_17_11_46_19_T28QCH_L2W,C:\Users\Simon\Nextcloud\Project\Mauritania\Science\Arguin - FieldWork Data Processing\Data\S2\ACOLITE\2025-03-17,630,888,851,342565.0,2201095.0,0.1867222636938095,0.25093701481819153,0.32039397954940796,0.4024416208267212,0.4220697283744812,0.4513852000236511,0.47738200426101685,0.5069531202316284,0.5275461673736572,0.5601363778114319,0.36912283301353455
2025-03-17,Arel,ACOLITE,S2C_MSI_2025_03_17_11_46_19_T28QCH_L2W,C:\Users\Simon\Nextcloud\Project\Mauritania\Science\Arguin - FieldWork Data Processing\Data\S2\ACOLITE\2025-03-17,631,888,852,342575.0,2201095.0,0.18671852350234985,0.23001369833946228,0.29957953095436096,0.39094072580337524,0.42206841707229614,0.4513840675354004,0.47738105058670044,0.5017722249031067,0.5275453329086304,0.5601368546485901,0.3691265285015106
2025-03-17,Arel,ACOLITE,S2C_MSI_2025_03_17_11_46_19_T28QCH_L2W,C:\Users\Simon\Nextcloud\Project\Mauritania\Science\Arguin - FieldWork Data Processing\Data\S2\ACOLITE\2025-03-17,632,888,853,342585.0,2201095.0,0.186714768409729,0.21368147432804108,0.28912657499313354,0.38176265358924866,0.4101760685443878,0.4458458721637726,0.4756513833999634,0.4935167729854584,0.5235748887062073,0.5622922778129578,0.3739592432975769
2025-03-17,Arel,ACOLITE,S2C_MSI_2025_03_17_11_46_19_T28QCH_L2W,C:\Users\Simon\Nextcloud\Project\Mauritania\Science\Arguin - FieldWork Data Processing\Data\S2\ACOLITE\2025-03-17,633,888,854,342595.0,2201095.0,0.18671102821826935,0.22197319567203522,0.2951663136482239,0.3862449526786804,0.41017472743988037,0.44584473967552185,0.4756503999233246,0.4996549189090729,0.5235741138458252,0.5622926950454712,0.37396299839019775
2025-03-17,Arel,ACOLITE,S2C_MSI_2025_03_17_11_46_19_T28QCH_L2W,C:\Users\Simon\Nextcloud\Project\Mauritania\Science\Arguin - FieldWork Data Processing\Data\S2\ACOLITE\2025-03-17,634,888,855,342605.0,2201095.0,0.17271357774734497,0.2367212474346161,0.3074498474597931,0.40041497349739075,0.42694059014320374,0.45680806040763855,0.48865312337875366,0.5080062747001648,0.5373572111129761,0.5630114078521729,0.37362995743751526
2025-03-17,Arel,ACOLITE,S2C_MSI_2025_03_17_11_46_19_T28QCH_L2W,C:\Users\Simon\Nextcloud\Project\Mauritania\Science\Arguin - FieldWork Data Processing\Data\S2\ACOLITE\2025-03-17,635,888,856,342615.0,2201095.0,0.1727095991373062,0.2298833727836609,0.304206520318985,0.39583632349967957,0.4269392788410187,0.4568069875240326,0.48865216970443726,0.5114910006523132,0.5373563766479492,0.5630118250846863,0.3736337125301361
2025-03-17,Arel,ACOLITE,S2C_MSI_2025_03_17_11_46_19_T28QCH_L2W,C:\Users\Simon\Nextcloud\Project\Mauritania\Science\Arguin - FieldWork Data Processing\Data\S2\ACOLITE\2025-03-17,636,888,857,342625.0,2201095.0,0.17270562052726746,0.22468386590480804,0.2985251843929291,0.3926388919353485,0.42524248361587524,0.4589962065219879,0.4894629716873169,0.509800374507904,0.5402277112007141,0.5638330578804016,0.35824504494667053
2025-03-17,Arel,ACOLITE,S2C_MSI_2025_03_17_11_46_19_T28QCH_L2W,C:\Users\Simon\Nextcloud\Project\Mauritania\Science\Arguin - FieldWork Data Processing\Data\S2\ACOLITE\2025-03-17,637,888,858,342635.0,2201095.0,0.1727016568183899,0.2260989248752594,0.29805904626846313,0.39018577337265015,0.4252412021160126,0.45899510383605957,0.4894620478153229,0.5138118863105774,0.540226936340332,0.5638335347175598,0.35824865102767944
2025-03-17,Arel,ACOLITE,S2C_MSI_2025_03_17_11_46_19_T28QCH_L2W,C:\Users\Simon\Nextcloud\Project\Mauritania\Science\Arguin - FieldWork Data Processing\Data\S2\ACOLITE\2025-03-17,638,888,859,342645.0,2201095.0,0.17269769310951233,0.22656838595867157,0.29852092266082764,0.3910372257232666,0.4273592531681061,0.4570123255252838,0.4862132668495178,0.5050437450408936,0.5375521183013916,0.5502821803092957,0.33563750982284546
2025-03-17,Arel,ACOLITE,S2C_MSI_2025_03_17_11_46_19_T28QCH_L2W,C:\Users\Simon\Nextcloud\Project\Mauritania\Science\Arguin - FieldWork Data Processing\Data\S2\ACOLITE\2025-03-17,639,888,860,342655.0,2201095.0,0.17269369959831238,0.23600000143051147,0.30940625071525574,0.39529815316200256,0.4273579716682434,0.45701125264167786,0.4862123429775238,0.5064168572425842,0.5375513434410095,0.5502825975418091,0.3356407880783081
2025-03-17,Arel,ACOLITE,S2C_MSI_2025_03_17_11_46_19_T28QCH_L2W,C:\Users\Simon\Nextcloud\Project\Mauritania\Science\Arguin - FieldWork Data Processing\Data\S2\ACOLITE\2025-03-17,640,889,842,342475.0,2201085.0,0.15091127157211304,0.2454528957605362,0.30978846549987793,0.3859417140483856,0.4122093617916107,0.43895503878593445,0.46456608176231384,0.4791078269481659,0.5074819922447205,0.5307350754737854,0.33411917090415955
2025-03-17,Arel,ACOLITE,S2C_MSI_2025_03_17_11_46_19_T28QCH_L2W,C:\Users\Simon\Nextcloud\Project\Mauritania\Science\Arguin - FieldWork Data Processing\Data\S2\ACOLITE\2025-03-17,641,889,843,342485.0,2201085.0,0.1854933500289917,0.24884986877441406,0.3164864480495453,0.3904199004173279,0.41942766308784485,0.4454384744167328,0.471998393535614,0.48738032579421997,0.5187167525291443,0.5417444109916687,0.3407638967037201
2025-03-17,Arel,ACOLITE,S2C_MSI_2025_03_17_11_46_19_T28QCH_L2W,C:\Users\Simon\Nextcloud\Project\Mauritania\Science\Arguin - FieldWork Data Processing\Data\S2\ACOLITE\2025-03-17,642,889,844,342495.0,2201085.0,0.18548958003520966,0.2525937557220459,0.3193686604499817,0.39468100666999817,0.4194263517856598,0.44543734192848206,0.4719974100589752,0.494795024394989,0.5187159180641174,0.5417448282241821,0.3407672643661499
2025-03-17,Arel,ACOLITE,S2C_MSI_2025_03_17_11_46_19_T28QCH_L2W,C:\Users\Simon\Nextcloud\Project\Mauritania\Science\Arguin - FieldWork Data Processing\Data\S2\ACOLITE\2025-03-17,643,889,845,342505.0,2201085.0,0.1854858249425888,0.25481319427490234,0.32294002175331116,0.40255552530288696,0.43065956234931946,0.457548588514328,0.48389074206352234,0.5042099356651306,0.531815230846405,0.5488377213478088,0.3476340174674988
2025-03-17,Arel,ACOLITE,S2C_MSI_2025_03_17_11_46_19_T28QCH_L2W,C:\Users\Simon\Nextcloud\Project\Mauritania\Science\Arguin - FieldWork Data Processing\Data\S2\ACOLITE\2025-03-17,644,889,846,342515.0,2201085.0,0.18548204004764557,0.25504425168037415,0.32742857933044434,0.4041490852832794,0.4306583106517792,0.45754748582839966,0.48388978838920593,0.5086475014686584,0.5318143963813782,0.548838198184967,0.34763747453689575
2025-03-17,Arel,ACOLITE,S2C_MSI_2025_03_17_11_46_19_T28QCH_L2W,C:\Users\Simon\Nextcloud\Project\Mauritania\Science\Arguin - FieldWork Data Processing\Data\S2\ACOLITE\2025-03-17,645,889,847,342525.0,2201085.0,0.18547827005386353,0.2580793797969818,0.3245488107204437,0.4040413796901703,0.43086880445480347,0.45911070704460144,0.48642727732658386,0.507484495639801,0.5331023335456848,0.5528451800346375,0.3527020514011383
2025-03-17,Arel,ACOLITE,S2C_MSI_2025_03_17_11_46_19_T28QCH_L2W,C:\Users\Simon\Nextcloud\Project\Mauritania\Science\Arguin - FieldWork Data Processing\Data\S2\ACOLITE\2025-03-17,646,889,848,342535.0,2201085.0,0.18547450006008148,0.2559738755226135,0.32397109270095825,0.4020196497440338,0.4308675229549408,0.4591096341609955,0.48642632365226746,0.5069553256034851,0.533101499080658,0.5528456568717957,0.35270553827285767
2025-03-17,Arel,ACOLITE,S2C_MSI_2025_03_17_11_46_19_T28QCH_L2W,C:\Users\Simon\Nextcloud\Project\Mauritania\Science\Arguin - FieldWork Data Processing\Data\S2\ACOLITE\2025-03-17,647,889,849,342545.0,2201085.0,0.18672777712345123,0.2576068043708801,0.3209732174873352,0.40265634655952454,0.430972158908844,0.45952561497688293,0.48530855774879456,0.5089618563652039,0.5341910123825073,0.5568509101867676,0.3579932451248169
2025-03-17,Arel,ACOLITE,S2C_MSI_2025_03_17_11_46_19_T28QCH_L2W,C:\Users\Simon\Nextcloud\Project\Mauritania\Science\Arguin - FieldWork Data Processing\Data\S2\ACOLITE\2025-03-17,648,889,850,342555.0,2201085.0,0.18672403693199158,0.2550332248210907,0.3220086693763733,0.4011659026145935,0.4309708774089813,0.45952457189559937,0.48530760407447815,0.5070592164993286,0.5341901779174805,0.556851327419281,0.3579968214035034
2025-03-17,Arel,ACOLITE,S2C_MSI_2025_03_17_11_46_19_T28QCH_L2W,C:\Users\Simon\Nextcloud\Project\Mauritania\Science\Arguin - FieldWork Data Processing\Data\S2\ACOLITE\2025-03-17,649,889,851,342565.0,2201085.0,0.18672028183937073,0.235789954662323,0.3071098029613495,0.39264675974845886,0.4220690429210663,0.45138463377952576,0.47738152742385864,0.502618670463562,0.5275457501411438,0.5601365566253662,0.36912456154823303
2025-03-17,Arel,ACOLITE,S2C_MSI_2025_03_17_11_46_19_T28QCH_L2W,C:\Users\Simon\Nextcloud\Project\Mauritania\Science\Arguin - FieldWork Data Processing\Data\S2\ACOLITE\2025-03-17,650,889,852,342575.0,2201085.0,0.18671652674674988,0.22067609429359436,0.28877878189086914,0.3789856433868408,0.42206770181655884,0.451383501291275,0.47738051414489746,0.4959523677825928,0.5275449156761169,0.5601369738578796,0.3691283166408539
2025-03-17,Arel,ACOLITE,S2C_MSI_2025_03_17_11_46_19_T28QCH_L2W,C:\Users\Simon\Nextcloud\Project\Mauritania\Science\Arguin - FieldWork Data Processing\Data\S2\ACOLITE\2025-03-17,651,889,853,342585.0,2201085.0,0.18671277165412903,0.21379844844341278,0.28458747267723083,0.37181878089904785,0.4101753830909729,0.44584527611732483,0.4756508767604828,0.48896104097366333,0.5235744714736938,0.5622924566268921,0.37396103143692017
2025-03-17,Arel,ACOLITE,S2C_MSI_2025_03_17_11_46_19_T28QCH_L2W,C:\Users\Simon\Nextcloud\Project\Mauritania\Science\Arguin - FieldWork Data Processing\Data\S2\ACOLITE\2025-03-17,652,889,854,342595.0,2201085.0,0.18670903146266937,0.22031450271606445,0.2909833490848541,0.3816535770893097,0.41017404198646545,0.4458441436290741,0.475649893283844,0.4962681531906128,0.523573637008667,0.5622928738594055,0.3739648163318634
2025-03-17,Arel,ACOLITE,S2C_MSI_2025_03_17_11_46_19_T28QCH_L2W,C:\Users\Simon\Nextcloud\Project\Mauritania\Science\Arguin - FieldWork Data Processing\Data\S2\ACOLITE\2025-03-17,653,889,855,342605.0,2201085.0,0.17271146178245544,0.23047469556331635,0.3027016222476959,0.3962629735469818,0.4269399046897888,0.4568074941635132,0.4886525869369507,0.5051524639129639,0.5373567938804626,0.5630115866661072,0.3736317455768585
2025-03-17,Arel,ACOLITE,S2C_MSI_2025_03_17_11_46_19_T28QCH_L2W,C:\Users\Simon\Nextcloud\Project\Mauritania\Science\Arguin - FieldWork Data Processing\Data\S2\ACOLITE\2025-03-17,654,889,856,342615.0,2201085.0,0.1727074682712555,0.2370697557926178,0.31496015191078186,0.40211495757102966,0.42693862318992615,0.45680639147758484,0.48865166306495667,0.5164515376091003,0.5373559594154358,0.5630120635032654,0.37363550066947937
2025-03-17,Arel,ACOLITE,S2C_MSI_2025_03_17_11_46_19_T28QCH_L2W,C:\Users\Simon\Nextcloud\Project\Mauritania\Science\Arguin - FieldWork Data Processing\Data\S2\ACOLITE\2025-03-17,655,889,857,342625.0,2201085.0,0.17270350456237793,0.23765510320663452,0.313918799161911,0.4017944633960724,0.4252417981624603,0.45899561047554016,0.4894624948501587,0.5183495879173279,0.5402272939682007,0.5638332366943359,0.358246773481369
2025-03-17,Arel,ACOLITE,S2C_MSI_2025_03_17_11_46_19_T28QCH_L2W,C:\Users\Simon\Nextcloud\Project\Mauritania\Science\Arguin - FieldWork Data Processing\Data\S2\ACOLITE\2025-03-17,656,889,858,342635.0,2201085.0,0.17269952595233917,0.2340022623538971,0.3072111904621124,0.39923954010009766,0.42524051666259766,0.4589945375919342,0.4894615113735199,0.5158166885375977,0.5402264595031738,0.5638337135314941,0.35825037956237793
2025-03-17,Arel,ACOLITE,S2C_MSI_2025_03_17_11_46_19_T28QCH_L2W,C:\Users\Simon\Nextcloud\Project\Mauritania\Science\Arguin - FieldWork Data Processing\Data\S2\ACOLITE\2025-03-17,657,890,842,342475.0,2201075.0,0.15090905129909515,0.24204744398593903,0.30631712079048157,0.3846603035926819,0.41539502143859863,0.44052401185035706,0.46853792667388916,0.4837757647037506,0.5158355236053467,0.5359840393066406,0.33580949902534485
2025-03-17,Arel,ACOLITE,S2C_MSI_2025_03_17_11_46_19_T28QCH_L2W,C:\Users\Simon\Nextcloud\Project\Mauritania\Science\Arguin - FieldWork Data Processing\Data\S2\ACOLITE\2025-03-17,658,890,843,342485.0,2201075.0,0.1854914128780365,0.23934176564216614,0.3073565363883972,0.38487228751182556,0.4063606262207031,0.4332992434501648,0.46232253313064575,0.4861077666282654,0.5094707012176514,0.5380420684814453,0.3343491852283478
2025-03-17,Arel,ACOLITE,S2C_MSI_2025_03_17_11_46_19_T28QCH_L2W,C:\Users\Simon\Nextcloud\Project\Mauritania\Science\Arguin - FieldWork Data Processing\Data\S2\ACOLITE\2025-03-17,659,890,844,342495.0,2201075.0,0.18548762798309326,0.23992659151554108,0.309783399105072,0.3845506012439728,0.4063592553138733,0.4332980811595917,0.46232151985168457,0.4888627529144287,0.5094698667526245,0.5380424857139587,0.3343524932861328
2025-03-17,Arel,ACOLITE,S2C_MSI_2025_03_17_11_46_19_T28QCH_L2W,C:\Users\Simon\Nextcloud\Project\Mauritania\Science\Arguin - FieldWork Data Processing\Data\S2\ACOLITE\2025-03-17,660,890,845,342505.0,2201075.0,0.18548384308815002,0.24579469859600067,0.31463444232940674,0.3962763845920563,0.41347941756248474,0.441880464553833,0.47291168570518494,0.49691081047058105,0.520899772644043,0.540511429309845,0.33063963055610657
2025-03-17,Arel,ACOLITE,S2C_MSI_2025_03_17_11_46_19_T28QCH_L2W,C:\Users\Simon\Nextcloud\Project\Mauritania\Science\Arguin - FieldWork Data Processing\Data\S2\ACOLITE\2025-03-17,661,890,846,342515.0,2201075.0,0.18548008799552917,0.24673005938529968,0.31855645775794983,0.39840418100357056,0.4134780764579773,0.4418793320655823,0.47291070222854614,0.502199649810791,0.5208989381790161,0.5405118465423584,0.3306428790092468
2025-03-17,Arel,ACOLITE,S2C_MSI_2025_03_17_11_46_19_T28QCH_L2W,C:\Users\Simon\Nextcloud\Project\Mauritania\Science\Arguin - FieldWork Data Processing\Data\S2\ACOLITE\2025-03-17,662,890,847,342525.0,2201075.0,0.18547630310058594,0.24895420670509338,0.31843915581703186,0.3982963263988495,0.4169808328151703,0.44710564613342285,0.47555458545684814,0.5060045719146729,0.5272509455680847,0.547400176525116,0.3380776345729828
2025-03-17,Arel,ACOLITE,S2C_MSI_2025_03_17_11_46_19_T28QCH_L2W,C:\Users\Simon\Nextcloud\Project\Mauritania\Science\Arguin - FieldWork Data Processing\Data\S2\ACOLITE\2025-03-17,663,890,848,342535.0,2201075.0,0.1854725182056427,0.24801386892795563,0.3157830834388733,0.39829492568969727,0.41697952151298523,0.4471045136451721,0.47555360198020935,0.5064265131950378,0.5272501111030579,0.5474005937576294,0.3380809724330902
2025-03-17,Arel,ACOLITE,S2C_MSI_2025_03_17_11_46_19_T28QCH_L2W,C:\Users\Simon\Nextcloud\Project\Mauritania\Science\Arguin - FieldWork Data Processing\Data\S2\ACOLITE\2025-03-17,664,890,849,342545.0,2201075.0,0.18672581017017365,0.24038200080394745,0.3076913356781006,0.3922226130962372,0.4142175316810608,0.4455356299877167,0.4759593904018402,0.5028314590454102,0.5240736603736877,0.5527435541152954,0.349224328994751
2025-03-17,Arel,ACOLITE,S2C_MSI_2025_03_17_11_46_19_T28QCH_L2W,C:\Users\Simon\Nextcloud\Project\Mauritania\Science\Arguin - FieldWork Data Processing\Data\S2\ACOLITE\2025-03-17,665,890,850,342555.0,2201075.0,0.1867220550775528,0.23520268499851227,0.3039851486682892,0.38582244515419006,0.41421619057655334,0.44553449749946594,0.4759584069252014,0.5006096363067627,0.5240728259086609,0.5527439713478088,0.34922781586647034
2025-03-17,Arel,ACOLITE,S2C_MSI_2025_03_17_11_46_19_T28QCH_L2W,C:\Users\Simon\Nextcloud\Project\Mauritania\Science\Arguin - FieldWork Data Processing\Data\S2\ACOLITE\2025-03-17,666,890,851,342565.0,2201075.0,0.18671828508377075,0.22233441472053528,0.2902913987636566,0.38090959191322327,0.4109213650226593,0.4423965811729431,0.47331273555755615,0.49531763792037964,0.5218878984451294,0.554284930229187,0.3506934642791748
2025-03-17,Arel,ACOLITE,S2C_MSI_2025_03_17_11_46_19_T28QCH_L2W,C:\Users\Simon\Nextcloud\Project\Mauritania\Science\Arguin - FieldWork Data Processing\Data\S2\ACOLITE\2025-03-17,667,890,852,342575.0,2201075.0,0.1867145299911499,0.21830588579177856,0.2868000268936157,0.37641942501068115,0.41092002391815186,0.44239541888237,0.47331172227859497,0.4977512061595917,0.5218870639801025,0.5542854070663452,0.35069698095321655
2025-03-17,Arel,ACOLITE,S2C_MSI_2025_03_17_11_46_19_T28QCH_L2W,C:\Users\Simon\Nextcloud\Project\Mauritania\Science\Arguin - FieldWork Data Processing\Data\S2\ACOLITE\2025-03-17,668,890,853,342585.0,2201075.0,0.18671078979969025,0.2183026224374771,0.28423699736595154,0.37385106086730957,0.4130437672138214,0.4427080452442169,0.47473496198654175,0.49203306436538696,0.528337299823761,0.5520262718200684,0.35002562403678894
2025-03-17,Arel,ACOLITE,S2C_MSI_2025_03_17_11_46_19_T28QCH_L2W,C:\Users\Simon\Nextcloud\Project\Mauritania\Science\Arguin - FieldWork Data Processing\Data\S2\ACOLITE\2025-03-17,669,890,854,342595.0,2201075.0,0.1867070347070694,0.2224431335926056,0.29237669706344604,0.3819732069969177,0.4130423963069916,0.4427068829536438,0.47473397850990295,0.4963735342025757,0.5283364653587341,0.5520267486572266,0.3500291407108307
2025-03-17,Arel,ACOLITE,S2C_MSI_2025_03_17_11_46_19_T28QCH_L2W,C:\Users\Simon\Nextcloud\Project\Mauritania\Science\Arguin - FieldWork Data Processing\Data\S2\ACOLITE\2025-03-17,670,890,855,342605.0,2201075.0,0.17270933091640472,0.228703111410141,0.2995709776878357,0.39232054352760315,0.42577362060546875,0.45889294147491455,0.4874342083930969,0.5050463080406189,0.5379506945610046,0.5495615601539612,0.35183221101760864
2025-03-17,Arel,ACOLITE,S2C_MSI_2025_03_17_11_46_19_T28QCH_L2W,C:\Users\Simon\Nextcloud\Project\Mauritania\Science\Arguin - FieldWork Data Processing\Data\S2\ACOLITE\2025-03-17,671,890,856,342615.0,2201075.0,0.17270535230636597,0.24282865226268768,0.3143817186355591,0.40211421251296997,0.4257723391056061,0.4588918387889862,0.4874332547187805,0.5150792598724365,0.5379498600959778,0.5495619773864746,0.3518357276916504
2025-03-17,Arel,ACOLITE,S2C_MSI_2025_03_17_11_46_19_T28QCH_L2W,C:\Users\Simon\Nextcloud\Project\Mauritania\Science\Arguin - FieldWork Data Processing\Data\S2\ACOLITE\2025-03-17,672,891,842,342475.0,2201065.0,0.15090684592723846,0.2354607731103897,0.301452100276947,0.3810291588306427,0.4153943657875061,0.4405234158039093,0.46853742003440857,0.4838813543319702,0.5158351063728333,0.535984218120575,0.3358110189437866
2025-03-17,Arel,ACOLITE,S2C_MSI_2025_03_17_11_46_19_T28QCH_L2W,C:\Users\Simon\Nextcloud\Project\Mauritania\Science\Arguin - FieldWork Data Processing\Data\S2\ACOLITE\2025-03-17,673,891,843,342485.0,2201065.0,0.1854894608259201,0.22224000096321106,0.2905404567718506,0.3733308017253876,0.4063599407672882,0.43329864740371704,0.46232202649116516,0.4774074852466583,0.5094702839851379,0.5380422472953796,0.33435070514678955
2025-03-17,Arel,ACOLITE,S2C_MSI_2025_03_17_11_46_19_T28QCH_L2W,C:\Users\Simon\Nextcloud\Project\Mauritania\Science\Arguin - FieldWork Data Processing\Data\S2\ACOLITE\2025-03-17,674,891,844,342495.0,2201065.0,0.18548567593097687,0.2261379510164261,0.29472026228904724,0.37354323267936707,0.406358540058136,0.43329745531082153,0.4623209834098816,0.479423463344574,0.5094694495201111,0.5380426645278931,0.3343540132045746
2025-03-17,Arel,ACOLITE,S2C_MSI_2025_03_17_11_46_19_T28QCH_L2W,C:\Users\Simon\Nextcloud\Project\Mauritania\Science\Arguin - FieldWork Data Processing\Data\S2\ACOLITE\2025-03-17,675,891,845,342505.0,2201065.0,0.18548190593719482,0.22955858707427979,0.30132991075515747,0.38508203625679016,0.4134787321090698,0.44187986850738525,0.47291117906570435,0.48801353573799133,0.5208993554115295,0.5405116081237793,0.33064112067222595
2025-03-17,Arel,ACOLITE,S2C_MSI_2025_03_17_11_46_19_T28QCH_L2W,C:\Users\Simon\Nextcloud\Project\Mauritania\Science\Arguin - FieldWork Data Processing\Data\S2\ACOLITE\2025-03-17,676,891,846,342515.0,2201065.0,0.1854781210422516,0.2281392514705658,0.3038766086101532,0.3802753686904907,0.41347736120224,0.44187870621681213,0.47291019558906555,0.49140337109565735,0.5208985209465027,0.5405120253562927,0.3306443989276886
2025-03-17,Arel,ACOLITE,S2C_MSI_2025_03_17_11_46_19_T28QCH_L2W,C:\Users\Simon\Nextcloud\Project\Mauritania\Science\Arguin - FieldWork Data Processing\Data\S2\ACOLITE\2025-03-17,677,891,847,342525.0,2201065.0,0.18547433614730835,0.23273633420467377,0.3015574812889099,0.3836914002895355,0.41698017716407776,0.4471050500869751,0.47555404901504517,0.4941561222076416,0.5272505283355713,0.5474003553390503,0.33807918429374695
2025-03-17,Arel,ACOLITE,S2C_MSI_2025_03_17_11_46_19_T28QCH_L2W,C:\Users\Simon\Nextcloud\Project\Mauritania\Science\Arguin - FieldWork Data Processing\Data\S2\ACOLITE\2025-03-17,678,891,848,342535.0,2201065.0,0.1854705512523651,0.23249755799770355,0.29854103922843933,0.384757399559021,0.4169788658618927,0.44710391759872437,0.47555309534072876,0.4957433044910431,0.5272497534751892,0.5474007725715637,0.33808255195617676
2025-03-17,Arel,ACOLITE,S2C_MSI_2025_03_17_11_46_19_T28QCH_L2W,C:\Users\Simon\Nextcloud\Project\Mauritania\Science\Arguin - FieldWork Data Processing\Data\S2\ACOLITE\2025-03-17,679,891,849,342545.0,2201065.0,0.18672384321689606,0.22683100402355194,0.2940126955509186,0.3794161081314087,0.41421687602996826,0.4455350637435913,0.4759588837623596,0.49690675735473633,0.5240731835365295,0.5527437329292297,0.3492259681224823
2025-03-17,Arel,ACOLITE,S2C_MSI_2025_03_17_11_46_19_T28QCH_L2W,C:\Users\Simon\Nextcloud\Project\Mauritania\Science\Arguin - FieldWork Data Processing\Data\S2\ACOLITE\2025-03-17,680,891,850,342555.0,2201065.0,0.186720073223114,0.22008724510669708,0.2892461121082306,0.3769562840461731,0.4142155051231384,0.4455339014530182,0.47595787048339844,0.4969058632850647,0.5240724086761475,0.5527441501617432,0.34922945499420166
2025-03-17,Arel,ACOLITE,S2C_MSI_2025_03_17_11_46_19_T28QCH_L2W,C:\Users\Simon\Nextcloud\Project\Mauritania\Science\Arguin - FieldWork Data Processing\Data\S2\ACOLITE\2025-03-17,681,891,851,342565.0,2201065.0,0.18671631813049316,0.218425914645195,0.28633570671081543,0.3738533556461334,0.4109206795692444,0.44239598512649536,0.4733121991157532,0.4921403229236603,0.521887481212616,0.5542851686477661,0.35069510340690613
2025-03-17,Arel,ACOLITE,S2C_MSI_2025_03_17_11_46_19_T28QCH_L2W,C:\Users\Simon\Nextcloud\Project\Mauritania\Science\Arguin - FieldWork Data Processing\Data\S2\ACOLITE\2025-03-17,682,891,852,342575.0,2201065.0,0.18671256303787231,0.2197255641222,0.2885438799858093,0.37759461998939514,0.41091930866241455,0.44239482283592224,0.4733112156391144,0.49732744693756104,0.5218866467475891,0.5542855858802795,0.3506986200809479
2025-03-17,Arel,ACOLITE,S2C_MSI_2025_03_17_11_46_19_T28QCH_L2W,C:\Users\Simon\Nextcloud\Project\Mauritania\Science\Arguin - FieldWork Data Processing\Data\S2\ACOLITE\2025-03-17,683,891,853,342585.0,2201065.0,0.18670879304409027,0.22504612803459167,0.29086703062057495,0.38240113854408264,0.4130430519580841,0.44270744919776917,0.47473445534706116,0.4991254508495331,0.5283368229866028,0.5520264506340027,0.35002729296684265
2025-03-17,Arel,ACOLITE,S2C_MSI_2025_03_17_11_46_19_T28QCH_L2W,C:\Users\Simon\Nextcloud\Project\Mauritania\Science\Arguin - FieldWork Data Processing\Data\S2\ACOLITE\2025-03-17,684,891,854,342595.0,2201065.0,0.18670502305030823,0.2245701402425766,0.2922593653202057,0.38186565041542053,0.41304171085357666,0.44270628690719604,0.4747334420681,0.5021920800209045,0.5283359885215759,0.5520269274711609,0.350030779838562
2025-03-17,Arel,ACOLITE,S2C_MSI_2025_03_17_11_46_19_T28QCH_L2W,C:\Users\Simon\Nextcloud\Project\Mauritania\Science\Arguin - FieldWork Data Processing\Data\S2\ACOLITE\2025-03-17,685,892,842,342475.0,2201055.0,0.15090464055538177,0.2327500581741333,0.29669663310050964,0.37493613362312317,0.4102945625782013,0.44156894087791443,0.4661945700645447,0.48483535647392273,0.5125539898872375,0.5424642562866211,0.3472909927368164
2025-03-17,Arel,ACOLITE,S2C_MSI_2025_03_17_11_46_19_T28QCH_L2W,C:\Users\Simon\Nextcloud\Project\Mauritania\Science\Arguin - FieldWork Data Processing\Data\S2\ACOLITE\2025-03-17,686,892,843,342485.0,2201055.0,0.1854875236749649,0.2175024300813675,0.2832094132900238,0.36101117730140686,0.3936866819858551,0.42438647150993347,0.4549780488014221,0.4722025990486145,0.5068827271461487,0.5408194065093994,0.33615362644195557
2025-03-17,Arel,ACOLITE,S2C_MSI_2025_03_17_11_46_19_T28QCH_L2W,C:\Users\Simon\Nextcloud\Project\Mauritania\Science\Arguin - FieldWork Data Processing\Data\S2\ACOLITE\2025-03-17,687,892,844,342495.0,2201055.0,0.18548372387886047,0.21417909860610962,0.2857684791088104,0.36529791355133057,0.3936852514743805,0.4243852496147156,0.45497700572013855,0.47549474239349365,0.5068818926811218,0.5408198237419128,0.3361569344997406
2025-03-17,Arel,ACOLITE,S2C_MSI_2025_03_17_11_46_19_T28QCH_L2W,C:\Users\Simon\Nextcloud\Project\Mauritania\Science\Arguin - FieldWork Data Processing\Data\S2\ACOLITE\2025-03-17,688,892,845,342505.0,2201055.0,0.18547993898391724,0.2158363163471222,0.2853006422519684,0.3695809543132782,0.39784035086631775,0.4277406930923462,0.4607902765274048,0.4824991822242737,0.512551486492157,0.5422598719596863,0.32985424995422363
2025-03-17,Arel,ACOLITE,S2C_MSI_2025_03_17_11_46_19_T28QCH_L2W,C:\Users\Simon\Nextcloud\Project\Mauritania\Science\Arguin - FieldWork Data Processing\Data\S2\ACOLITE\2025-03-17,689,892,846,342515.0,2201055.0,0.185476154088974,0.21547728776931763,0.2826201617717743,0.3682944178581238,0.3978389501571655,0.4277395009994507,0.4607892632484436,0.4830286502838135,0.5125506520271301,0.5422603487968445,0.3298574984073639
2025-03-17,Arel,ACOLITE,S2C_MSI_2025_03_17_11_46_19_T28QCH_L2W,C:\Users\Simon\Nextcloud\Project\Mauritania\Science\Arguin - FieldWork Data Processing\Data\S2\ACOLITE\2025-03-17,690,892,847,342525.0,2201055.0,0.18547236919403076,0.2171337902545929,0.28576168417930603,0.3701131343841553,0.4061409533023834,0.43674930930137634,0.4666987657546997,0.48631513118743896,0.5191094279289246,0.5409240126609802,0.3270445466041565
2025-03-17,Arel,ACOLITE,S2C_MSI_2025_03_17_11_46_19_T28QCH_L2W,C:\Users\Simon\Nextcloud\Project\Mauritania\Science\Arguin - FieldWork Data Processing\Data\S2\ACOLITE\2025-03-17,691,892,848,342535.0,2201055.0,0.18546858429908752,0.22021044790744781,0.28890055418014526,0.37385720014572144,0.4061395525932312,0.4367481470108032,0.4666977524757385,0.4905535578727722,0.5191085934638977,0.5409244298934937,0.32704776525497437
2025-03-17,Arel,ACOLITE,S2C_MSI_2025_03_17_11_46_19_T28QCH_L2W,C:\Users\Simon\Nextcloud\Project\Mauritania\Science\Arguin - FieldWork Data Processing\Data\S2\ACOLITE\2025-03-17,692,892,849,342545.0,2201055.0,0.18672186136245728,0.2230471968650818,0.29145583510398865,0.3759947717189789,0.41538429260253906,0.44574353098869324,0.47677189111709595,0.49680042266845703,0.5253630876541138,0.5389707684516907,0.3244595527648926
2025-03-17,Arel,ACOLITE,S2C_MSI_2025_03_17_11_46_19_T28QCH_L2W,C:\Users\Simon\Nextcloud\Project\Mauritania\Science\Arguin - FieldWork Data Processing\Data\S2\ACOLITE\2025-03-17,693,892,850,342555.0,2201055.0,0.18671809136867523,0.22233431041240692,0.295866996049881,0.3804822564125061,0.4153829514980316,0.4457423985004425,0.47677090764045715,0.4988102316856384,0.5253623127937317,0.5389711856842041,0.3244627118110657
2025-03-17,Arel,ACOLITE,S2C_MSI_2025_03_17_11_46_19_T28QCH_L2W,C:\Users\Simon\Nextcloud\Project\Mauritania\Science\Arguin - FieldWork Data Processing\Data\S2\ACOLITE\2025-03-17,694,892,851,342565.0,2201055.0,0.18671433627605438,0.22434157133102417,0.2908703088760376,0.38389819860458374,0.4167618453502655,0.4457412362098694,0.476973295211792,0.49732786417007446,0.5286356806755066,0.5337243676185608,0.3166883587837219
2025-03-17,Arel,ACOLITE,S2C_MSI_2025_03_17_11_46_19_T28QCH_L2W,C:\Users\Simon\Nextcloud\Project\Mauritania\Science\Arguin - FieldWork Data Processing\Data\S2\ACOLITE\2025-03-17,695,892,852,342575.0,2201055.0,0.18671056628227234,0.22599303722381592,0.2952822744846344,0.3815474510192871,0.41676053404808044,0.44574013352394104,0.4769722819328308,0.49859681725502014,0.5286348462104797,0.5337247848510742,0.31669145822525024
2025-03-17,Arel,ACOLITE,S2C_MSI_2025_03_17_11_46_19_T28QCH_L2W,C:\Users\Simon\Nextcloud\Project\Mauritania\Science\Arguin - FieldWork Data Processing\Data\S2\ACOLITE\2025-03-17,696,892,853,342585.0,2201055.0,0.1867067962884903,0.22468988597393036,0.29551228880882263,0.3830410838127136,0.4153789281845093,0.4466796815395355,0.47758135199546814,0.4999713599681854,0.5285348296165466,0.5273424386978149,0.3144393265247345
2025-03-17,Arel,ACOLITE,S2C_MSI_2025_03_17_11_46_19_T28QCH_L2W,C:\Users\Simon\Nextcloud\Project\Mauritania\Science\Arguin - FieldWork Data Processing\Data\S2\ACOLITE\2025-03-17,697,893,842,342475.0,2201045.0,0.1509024202823639,0.2299186736345291,0.2912377417087555,0.37097659707069397,0.4102938771247864,0.44156837463378906,0.4661940336227417,0.48324403166770935,0.5125535726547241,0.5424644351005554,0.34729260206222534
2025-03-17,Arel,ACOLITE,S2C_MSI_2025_03_17_11_46_19_T28QCH_L2W,C:\Users\Simon\Nextcloud\Project\Mauritania\Science\Arguin - FieldWork Data Processing\Data\S2\ACOLITE\2025-03-17,698,893,843,342485.0,2201045.0,0.1854855716228485,0.22105354070663452,0.2822764217853546,0.36079585552215576,0.3936859667301178,0.4243858754634857,0.45497751235961914,0.4766632914543152,0.5068823099136353,0.5408195853233337,0.3361551761627197
2025-03-17,Arel,ACOLITE,S2C_MSI_2025_03_17_11_46_19_T28QCH_L2W,C:\Users\Simon\Nextcloud\Project\Mauritania\Science\Arguin - FieldWork Data Processing\Data\S2\ACOLITE\2025-03-17,699,893,844,342495.0,2201045.0,0.18548178672790527,0.21429608762264252,0.2800600528717041,0.35982877016067505,0.3936845064163208,0.42438462376594543,0.45497646927833557,0.47644999623298645,0.5068814754486084,0.5408200025558472,0.33615851402282715
2025-03-17,Arel,ACOLITE,S2C_MSI_2025_03_17_11_46_19_T28QCH_L2W,C:\Users\Simon\Nextcloud\Project\Mauritania\Science\Arguin - FieldWork Data Processing\Data\S2\ACOLITE\2025-03-17,700,893,845,342505.0,2201045.0,0.18547798693180084,0.21832364797592163,0.2850666642189026,0.36636704206466675,0.39783966541290283,0.42774009704589844,0.4607897698879242,0.4817560613155365,0.5125510692596436,0.5422600507736206,0.3298557698726654
2025-03-17,Arel,ACOLITE,S2C_MSI_2025_03_17_11_46_19_T28QCH_L2W,C:\Users\Simon\Nextcloud\Project\Mauritania\Science\Arguin - FieldWork Data Processing\Data\S2\ACOLITE\2025-03-17,701,893,846,342515.0,2201045.0,0.1854742020368576,0.21749095618724823,0.2849479615688324,0.3684006631374359,0.39783820509910583,0.42773887515068054,0.4607887268066406,0.48546740412712097,0.5125502347946167,0.5422605276107788,0.32985901832580566
2025-03-17,Arel,ACOLITE,S2C_MSI_2025_03_17_11_46_19_T28QCH_L2W,C:\Users\Simon\Nextcloud\Project\Mauritania\Science\Arguin - FieldWork Data Processing\Data\S2\ACOLITE\2025-03-17,702,893,847,342525.0,2201045.0,0.18547038733959198,0.21914631128311157,0.2890179455280304,0.3711828291416168,0.4061402380466461,0.4367487132549286,0.4666982591152191,0.4920370876789093,0.5191090106964111,0.5409241318702698,0.32704606652259827
2025-03-17,Arel,ACOLITE,S2C_MSI_2025_03_17_11_46_19_T28QCH_L2W,C:\Users\Simon\Nextcloud\Project\Mauritania\Science\Arguin - FieldWork Data Processing\Data\S2\ACOLITE\2025-03-17,703,893,848,342535.0,2201045.0,0.18546660244464874,0.2251768410205841,0.2940126359462738,0.38144588470458984,0.4061388671398163,0.43674755096435547,0.46669724583625793,0.49859994649887085,0.5191081762313843,0.540924608707428,0.32704928517341614
2025-03-17,Arel,ACOLITE,S2C_MSI_2025_03_17_11_46_19_T28QCH_L2W,C:\Users\Simon\Nextcloud\Project\Mauritania\Science\Arguin - FieldWork Data Processing\Data\S2\ACOLITE\2025-03-17,704,893,849,342545.0,2201045.0,0.1867198944091797,0.23249134421348572,0.2999282777309418,0.38411393761634827,0.41538360714912415,0.4457429349422455,0.47677135467529297,0.5016668438911438,0.5253626704216003,0.538970947265625,0.32446104288101196
2025-03-17,Arel,ACOLITE,S2C_MSI_2025_03_17_11_46_19_T28QCH_L2W,C:\Users\Simon\Nextcloud\Project\Mauritania\Science\Arguin - FieldWork Data Processing\Data\S2\ACOLITE\2025-03-17,705,893,850,342555.0,2201045.0,0.18671612441539764,0.23225250840187073,0.305024117231369,0.3860336244106293,0.4153822660446167,0.44574180245399475,0.4767703711986542,0.5026177167892456,0.5253618359565735,0.5389713644981384,0.32446423172950745
2025-03-17,Arel,ACOLITE,S2C_MSI_2025_03_17_11_46_19_T28QCH_L2W,C:\Users\Simon\Nextcloud\Project\Mauritania\Science\Arguin - FieldWork Data Processing\Data\S2\ACOLITE\2025-03-17,706,893,851,342565.0,2201045.0,0.1867123395204544,0.230834499001503,0.3005037009716034,0.3856052756309509,0.4167611598968506,0.445740669965744,0.476972758769989,0.505682647228241,0.5286352634429932,0.5337245464324951,0.3166898190975189
2025-03-17,Arel,ACOLITE,S2C_MSI_2025_03_17_11_46_19_T28QCH_L2W,C:\Users\Simon\Nextcloud\Project\Mauritania\Science\Arguin - FieldWork Data Processing\Data\S2\ACOLITE\2025-03-17,707,894,842,342475.0,2201035.0,0.14681123197078705,0.22708438336849213,0.2886791527271271,0.3665853440761566,0.40178361535072327,0.43895208835601807,0.4674157202243805,0.48175838589668274,0.5154362320899963,0.5509949326515198,0.36404478549957275
2025-03-17,Arel,ACOLITE,S2C_MSI_2025_03_17_11_46_19_T28QCH_L2W,C:\Users\Simon\Nextcloud\Project\Mauritania\Science\Arguin - FieldWork Data Processing\Data\S2\ACOLITE\2025-03-17,708,894,843,342485.0,2201035.0,0.18170855939388275,0.218802347779274,0.2793617248535156,0.3609022796154022,0.40242087841033936,0.4335063695907593,0.46201464533805847,0.47836148738861084,0.517820417881012,0.5499680042266846,0.34752264618873596
2025-03-17,Arel,ACOLITE,S2C_MSI_2025_03_17_11_46_19_T28QCH_L2W,C:\Users\Simon\Nextcloud\Project\Mauritania\Science\Arguin - FieldWork Data Processing\Data\S2\ACOLITE\2025-03-17,709,894,844,342495.0,2201035.0,0.18170469999313354,0.21796980500221252,0.28075820207595825,0.3644389510154724,0.40241944789886475,0.4335051476955414,0.4620136320590973,0.4814382493495941,0.5178195834159851,0.549968421459198,0.3475261330604553
2025-03-17,Arel,ACOLITE,S2C_MSI_2025_03_17_11_46_19_T28QCH_L2W,C:\Users\Simon\Nextcloud\Project\Mauritania\Science\Arguin - FieldWork Data Processing\Data\S2\ACOLITE\2025-03-17,710,894,845,342505.0,2201035.0,0.18170084059238434,0.22506657242774963,0.28762564063072205,0.3728974163532257,0.404972106218338,0.4365410804748535,0.4662923216819763,0.48621004819869995,0.5216925144195557,0.54184889793396,0.33075833320617676
2025-03-17,Arel,ACOLITE,S2C_MSI_2025_03_17_11_46_19_T28QCH_L2W,C:\Users\Simon\Nextcloud\Project\Mauritania\Science\Arguin - FieldWork Data Processing\Data\S2\ACOLITE\2025-03-17,711,894,846,342515.0,2201035.0,0.18169696629047394,0.22246211767196655,0.28890275955200195,0.3703272342681885,0.4049707055091858,0.436539888381958,0.46629130840301514,0.49013063311576843,0.5216917395591736,0.5418493747711182,0.3307616114616394
2025-03-17,Arel,ACOLITE,S2C_MSI_2025_03_17_11_46_19_T28QCH_L2W,C:\Users\Simon\Nextcloud\Project\Mauritania\Science\Arguin - FieldWork Data Processing\Data\S2\ACOLITE\2025-03-17,712,894,847,342525.0,2201035.0,0.18169312179088593,0.22482384741306305,0.29401370882987976,0.3737502098083496,0.41007375717163086,0.4373762309551239,0.4689381420612335,0.49298983812332153,0.5266538858413696,0.5267223119735718,0.3113788962364197
2025-03-17,Arel,ACOLITE,S2C_MSI_2025_03_17_11_46_19_T28QCH_L2W,C:\Users\Simon\Nextcloud\Project\Mauritania\Science\Arguin - FieldWork Data Processing\Data\S2\ACOLITE\2025-03-17,713,894,848,342535.0,2201035.0,0.18168926239013672,0.2295445203781128,0.2996974587440491,0.38454166054725647,0.410072386264801,0.4373750686645508,0.46893712878227234,0.5000806450843811,0.5266531109809875,0.5267227292060852,0.31138190627098083
2025-03-17,Arel,ACOLITE,S2C_MSI_2025_03_17_11_46_19_T28QCH_L2W,C:\Users\Simon\Nextcloud\Project\Mauritania\Science\Arguin - FieldWork Data Processing\Data\S2\ACOLITE\2025-03-17,714,894,849,342545.0,2201035.0,0.15035879611968994,0.23366820812225342,0.3076871335506439,0.38646119832992554,0.41368368268013,0.4421873092651367,0.473312646150589,0.501031756401062,0.5240719318389893,0.5163156390190125,0.2964884638786316
2025-03-17,Arel,ACOLITE,S2C_MSI_2025_03_17_11_46_19_T28QCH_L2W,C:\Users\Simon\Nextcloud\Project\Mauritania\Science\Arguin - FieldWork Data Processing\Data\S2\ACOLITE\2025-03-17,715,895,842,342475.0,2201025.0,0.14680899679660797,0.22743704915046692,0.2901895046234131,0.3708679676055908,0.4017828702926636,0.4389515221118927,0.4674152135848999,0.48706045746803284,0.5154358148574829,0.5509951114654541,0.36404648423194885
2025-03-17,Arel,ACOLITE,S2C_MSI_2025_03_17_11_46_19_T28QCH_L2W,C:\Users\Simon\Nextcloud\Project\Mauritania\Science\Arguin - FieldWork Data Processing\Data\S2\ACOLITE\2025-03-17,716,895,843,342485.0,2201025.0,0.18170657753944397,0.22448036074638367,0.28762900829315186,0.37043824791908264,0.40242016315460205,0.4335057735443115,0.4620141386985779,0.4852571487426758,0.5178200006484985,0.5499681234359741,0.3475242555141449
2025-03-17,Arel,ACOLITE,S2C_MSI_2025_03_17_11_46_19_T28QCH_L2W,C:\Users\Simon\Nextcloud\Project\Mauritania\Science\Arguin - FieldWork Data Processing\Data\S2\ACOLITE\2025-03-17,717,895,844,342495.0,2201025.0,0.18170271813869476,0.22813916206359863,0.2929738759994507,0.37567928433418274,0.40241876244544983,0.433504581451416,0.4620131254196167,0.4898141324520111,0.5178191065788269,0.5499686002731323,0.34752774238586426
2025-03-17,Arel,ACOLITE,S2C_MSI_2025_03_17_11_46_19_T28QCH_L2W,C:\Users\Simon\Nextcloud\Project\Mauritania\Science\Arguin - FieldWork Data Processing\Data\S2\ACOLITE\2025-03-17,718,895,845,342505.0,2201025.0,0.18169885873794556,0.23120366036891937,0.29796314239501953,0.37888479232788086,0.4049713909626007,0.43654048442840576,0.46629178524017334,0.49468544125556946,0.5216920971870422,0.5418490767478943,0.33075985312461853
2025-03-17,Arel,ACOLITE,S2C_MSI_2025_03_17_11_46_19_T28QCH_L2W,C:\Users\Simon\Nextcloud\Project\Mauritania\Science\Arguin - FieldWork Data Processing\Data\S2\ACOLITE\2025-03-17,719,895,846,342515.0,2201025.0,0.18169498443603516,0.22754251956939697,0.29366639256477356,0.3763177990913391,0.4049700200557709,0.43653929233551025,0.46629080176353455,0.49394336342811584,0.5216912627220154,0.5418495535850525,0.3307631313800812
2025-03-17,Arel,ACOLITE,S2C_MSI_2025_03_17_11_46_19_T28QCH_L2W,C:\Users\Simon\Nextcloud\Project\Mauritania\Science\Arguin - FieldWork Data Processing\Data\S2\ACOLITE\2025-03-17,720,895,847,342525.0,2201025.0,0.18169112503528595,0.22612208127975464,0.2919216752052307,0.37524688243865967,0.41007307171821594,0.43737563490867615,0.46893760561943054,0.4888576865196228,0.5266534686088562,0.5267224311828613,0.3113802969455719
2025-03-17,Arel,ACOLITE,S2C_MSI_2025_03_17_11_46_19_T28QCH_L2W,C:\Users\Simon\Nextcloud\Project\Mauritania\Science\Arguin - FieldWork Data Processing\Data\S2\ACOLITE\2025-03-17,721,896,842,342475.0,2201015.0,0.1468067467212677,0.23156508803367615,0.2971564531326294,0.37867486476898193,0.41634654998779297,0.45180827379226685,0.4802328944206238,0.4932052493095398,0.530129075050354,0.554692804813385,0.3734826445579529
2025-03-17,Arel,ACOLITE,S2C_MSI_2025_03_17_11_46_19_T28QCH_L2W,C:\Users\Simon\Nextcloud\Project\Mauritania\Science\Arguin - FieldWork Data Processing\Data\S2\ACOLITE\2025-03-17,722,896,843,342485.0,2201015.0,0.18170461058616638,0.23474356532096863,0.2998218834400177,0.38337332010269165,0.41783127188682556,0.447733610868454,0.47809749841690063,0.49659228324890137,0.5262594819068909,0.5475022792816162,0.3511250615119934
2025-03-17,Arel,ACOLITE,S2C_MSI_2025_03_17_11_46_19_T28QCH_L2W,C:\Users\Simon\Nextcloud\Project\Mauritania\Science\Arguin - FieldWork Data Processing\Data\S2\ACOLITE\2025-03-17,723,896,844,342495.0,2201015.0,0.18170073628425598,0.23438720405101776,0.299471914768219,0.38379886746406555,0.4178299307823181,0.44773250818252563,0.47809651494026184,0.5005064606666565,0.526258647441864,0.5475026965141296,0.35112857818603516
2025-03-17,Arel,ACOLITE,S2C_MSI_2025_03_17_11_46_19_T28QCH_L2W,C:\Users\Simon\Nextcloud\Project\Mauritania\Science\Arguin - FieldWork Data Processing\Data\S2\ACOLITE\2025-03-17,724,896,845,342505.0,2201015.0,0.18169686198234558,0.23132000863552094,0.29401588439941406,0.3793114721775055,0.413156658411026,0.44710442423820496,0.4732138514518738,0.4983896017074585,0.5264562964439392,0.5302228331565857,0.3235512673854828
2025-03-17,Arel,ACOLITE,S2C_MSI_2025_03_17_11_46_19_T28QCH_L2W,C:\Users\Simon\Nextcloud\Project\Mauritania\Science\Arguin - FieldWork Data Processing\Data\S2\ACOLITE\2025-03-17,725,896,846,342515.0,2201015.0,0.18169300258159637,0.2287215143442154,0.29529088735580444,0.37834811210632324,0.4131552577018738,0.4471032917499542,0.473212867975235,0.49447235465049744,0.5264554619789124,0.5302232503890991,0.32355445623397827
2025-03-17,Arel,ACOLITE,S2C_MSI_2025_03_17_11_46_19_T28QCH_L2W,C:\Users\Simon\Nextcloud\Project\Mauritania\Science\Arguin - FieldWork Data Processing\Data\S2\ACOLITE\2025-03-17,726,897,842,342475.0,2201005.0,0.14680451154708862,0.23439177870750427,0.2995910346508026,0.3889227509498596,0.41634586453437805,0.4518077075481415,0.4802324175834656,0.5005077719688416,0.5301285982131958,0.5546930432319641,0.37348437309265137
2025-03-17,Arel,ACOLITE,S2C_MSI_2025_03_17_11_46_19_T28QCH_L2W,C:\Users\Simon\Nextcloud\Project\Mauritania\Science\Arguin - FieldWork Data Processing\Data\S2\ACOLITE\2025-03-17,727,897,843,342485.0,2201005.0,0.1817026287317276,0.23756705224514008,0.3066549599170685,0.39137348532676697,0.41783061623573303,0.4477330446243286,0.47809699177742004,0.5030450224876404,0.5262590646743774,0.5475024580955505,0.35112664103507996
2025-03-17,Arel,ACOLITE,S2C_MSI_2025_03_17_11_46_19_T28QCH_L2W,C:\Users\Simon\Nextcloud\Project\Mauritania\Science\Arguin - FieldWork Data Processing\Data\S2\ACOLITE\2025-03-17,728,897,844,342495.0,2201005.0,0.1816987544298172,0.2353277951478958,0.3037585914134979,0.38657301664352417,0.4178292751312256,0.44773194193840027,0.47809600830078125,0.5001886487007141,0.5262582302093506,0.547502875328064,0.3511302173137665
2025-03-17,Arel,ACOLITE,S2C_MSI_2025_03_17_11_46_19_T28QCH_L2W,C:\Users\Simon\Nextcloud\Project\Mauritania\Science\Arguin - FieldWork Data Processing\Data\S2\ACOLITE\2025-03-17,729,898,842,342475.0,2200995.0,0.14680226147174835,0.24168312549591064,0.30596160888671875,0.3986170291900635,0.43351539969444275,0.4671345055103302,0.4935294985771179,0.509069561958313,0.5421167016029358,0.5499682426452637,0.3774152994155884
2025-03-17,Iwik,ACOLITE,S2C_MSI_2025_03_17_11_46_19_T28QCH_L2W,C:\Users\Simon\Nextcloud\Project\Mauritania\Science\Arguin - FieldWork Data Processing\Data\S2\ACOLITE\2025-03-17,0,1015,2943,363485.0,2199825.0,0.15997052192687988,0.19960223138332367,0.3012370467185974,0.43023982644081116,0.4522038996219635,0.4784260392189026,0.4927904009819031,0.5041064023971558,0.5163127779960632,0.622490644454956,0.5780080556869507
2025-03-17,Iwik,ACOLITE,S2C_MSI_2025_03_17_11_46_19_T28QCH_L2W,C:\Users\Simon\Nextcloud\Project\Mauritania\Science\Arguin - FieldWork Data Processing\Data\S2\ACOLITE\2025-03-17,1,1015,2944,363495.0,2199825.0,0.15997304022312164,0.20056435465812683,0.30077263712882996,0.43066418170928955,0.45220446586608887,0.4784264862537384,0.4927907884120941,0.5069617629051208,0.5163130760192871,0.6224902272224426,0.5780049562454224
2025-03-17,Iwik,ACOLITE,S2C_MSI_2025_03_17_11_46_19_T28QCH_L2W,C:\Users\Simon\Nextcloud\Project\Mauritania\Science\Arguin - FieldWork Data Processing\Data\S2\ACOLITE\2025-03-17,2,1016,2942,363475.0,2199815.0,0.1609913557767868,0.2009192705154419,0.29704219102859497,0.42324191331863403,0.44565272331237793,0.4752000868320465,0.49197790026664734,0.5011435747146606,0.5103446841239929,0.6170900464057922,0.5792346000671387
2025-03-17,Iwik,ACOLITE,S2C_MSI_2025_03_17_11_46_19_T28QCH_L2W,C:\Users\Simon\Nextcloud\Project\Mauritania\Science\Arguin - FieldWork Data Processing\Data\S2\ACOLITE\2025-03-17,3,1016,2943,363485.0,2199815.0,0.15996937453746796,0.2026004195213318,0.29576125741004944,0.424833744764328,0.4466046988964081,0.47572091221809387,0.4898466169834137,0.4965917766094208,0.5119369626045227,0.6206567883491516,0.5764538645744324
2025-03-17,Iwik,ACOLITE,S2C_MSI_2025_03_17_11_46_19_T28QCH_L2W,C:\Users\Simon\Nextcloud\Project\Mauritania\Science\Arguin - FieldWork Data Processing\Data\S2\ACOLITE\2025-03-17,4,1016,2944,363495.0,2199815.0,0.1599719077348709,0.2018829882144928,0.29902535676956177,0.4274851083755493,0.44660529494285583,0.4757213592529297,0.4898470342159271,0.5017791390419006,0.5119372606277466,0.6206563711166382,0.576450765132904
2025-03-17,Iwik,ACOLITE,S2C_MSI_2025_03_17_11_46_19_T28QCH_L2W,C:\Users\Simon\Nextcloud\Project\Mauritania\Science\Arguin - FieldWork Data Processing\Data\S2\ACOLITE\2025-03-17,5,1016,2945,363505.0,2199815.0,0.15997444093227386,0.20404288172721863,0.304612934589386,0.43299415707588196,0.4570588767528534,0.48393598198890686,0.49928128719329834,0.507384717464447,0.5201888084411621,0.6268694400787354,0.5827798843383789
2025-03-17,Iwik,ACOLITE,S2C_MSI_2025_03_17_11_46_19_T28QCH_L2W,C:\Users\Simon\Nextcloud\Project\Mauritania\Science\Arguin - FieldWork Data Processing\Data\S2\ACOLITE\2025-03-17,6,1016,2946,363515.0,2199815.0,0.15997695922851562,0.2058417648077011,0.3083333969116211,0.43701592087745667,0.45705944299697876,0.4839364290237427,0.4992816746234894,0.5098158121109009,0.520189106464386,0.6268690228462219,0.5827767848968506
2025-03-17,Iwik,ACOLITE,S2C_MSI_2025_03_17_11_46_19_T28QCH_L2W,C:\Users\Simon\Nextcloud\Project\Mauritania\Science\Arguin - FieldWork Data Processing\Data\S2\ACOLITE\2025-03-17,7,1016,2947,363525.0,2199815.0,0.15997949242591858,0.2068016231060028,0.30566176772117615,0.437651127576828,0.4616985023021698,0.4882985055446625,0.5011060833930969,0.5091820955276489,0.5254522562026978,0.628294050693512,0.5853278040885925
2025-03-17,Iwik,ACOLITE,S2C_MSI_2025_03_17_11_46_19_T28QCH_L2W,C:\Users\Simon\Nextcloud\Project\Mauritania\Science\Arguin - FieldWork Data Processing\Data\S2\ACOLITE\2025-03-17,8,1017,2941,363465.0,2199805.0,0.1609877049922943,0.2057110071182251,0.3025137186050415,0.4285426437854767,0.4456517994403839,0.47519931197166443,0.4919772744178772,0.5031532645225525,0.5103440880775452,0.6170905232429504,0.5792391300201416
2025-03-17,Iwik,ACOLITE,S2C_MSI_2025_03_17_11_46_19_T28QCH_L2W,C:\Users\Simon\Nextcloud\Project\Mauritania\Science\Arguin - FieldWork Data Processing\Data\S2\ACOLITE\2025-03-17,9,1017,2942,363475.0,2199805.0,0.16099022328853607,0.1971965730190277,0.29564282298088074,0.41867712140083313,0.44565239548683167,0.47519978880882263,0.49197766184806824,0.49616751074790955,0.5103444457054138,0.617090106010437,0.5792360305786133
2025-03-17,Iwik,ACOLITE,S2C_MSI_2025_03_17_11_46_19_T28QCH_L2W,C:\Users\Simon\Nextcloud\Project\Mauritania\Science\Arguin - FieldWork Data Processing\Data\S2\ACOLITE\2025-03-17,10,1017,2943,363485.0,2199805.0,0.15996825695037842,0.2010403722524643,0.2951776683330536,0.4215443730354309,0.4466043710708618,0.47572061419487,0.4898463785648346,0.49447301030158997,0.5119367241859436,0.6206568479537964,0.5764552354812622
2025-03-17,Iwik,ACOLITE,S2C_MSI_2025_03_17_11_46_19_T28QCH_L2W,C:\Users\Simon\Nextcloud\Project\Mauritania\Science\Arguin - FieldWork Data Processing\Data\S2\ACOLITE\2025-03-17,11,1017,2944,363495.0,2199805.0,0.15997080504894257,0.20236174762248993,0.29960712790489197,0.4275907278060913,0.44660499691963196,0.4757210910320282,0.48984676599502563,0.4983920156955719,0.5119370818138123,0.620656430721283,0.5764521956443787
2025-03-17,Iwik,ACOLITE,S2C_MSI_2025_03_17_11_46_19_T28QCH_L2W,C:\Users\Simon\Nextcloud\Project\Mauritania\Science\Arguin - FieldWork Data Processing\Data\S2\ACOLITE\2025-03-17,12,1017,2945,363505.0,2199805.0,0.15997332334518433,0.20296329259872437,0.30589136481285095,0.4362744987010956,0.4570585787296295,0.48393571376800537,0.49928101897239685,0.5075958967208862,0.5201886296272278,0.6268695592880249,0.5827813148498535
2025-03-17,Iwik,ACOLITE,S2C_MSI_2025_03_17_11_46_19_T28QCH_L2W,C:\Users\Simon\Nextcloud\Project\Mauritania\Science\Arguin - FieldWork Data Processing\Data\S2\ACOLITE\2025-03-17,13,1017,2946,363515.0,2199805.0,0.15997585654258728,0.20799553394317627,0.30786821246147156,0.4369097948074341,0.4570591151714325,0.4839361608028412,0.4992814362049103,0.509709894657135,0.5201889276504517,0.6268691420555115,0.5827782154083252
2025-03-17,Iwik,ACOLITE,S2C_MSI_2025_03_17_11_46_19_T28QCH_L2W,C:\Users\Simon\Nextcloud\Project\Mauritania\Science\Arguin - FieldWork Data Processing\Data\S2\ACOLITE\2025-03-17,14,1017,2947,363525.0,2199805.0,0.15997838973999023,0.20787790417671204,0.3103083074092865,0.43701621890068054,0.4616982042789459,0.488298237323761,0.5011058449745178,0.5109780430793762,0.5254520773887634,0.6282941102981567,0.5853291749954224
2025-03-17,Iwik,ACOLITE,S2C_MSI_2025_03_17_11_46_19_T28QCH_L2W,C:\Users\Simon\Nextcloud\Project\Mauritania\Science\Arguin - FieldWork Data Processing\Data\S2\ACOLITE\2025-03-17,15,1017,2948,363535.0,2199805.0,0.15998093783855438,0.21051111817359924,0.31239861249923706,0.437439888715744,0.4616987407207489,0.4882986843585968,0.5011062026023865,0.5162578821182251,0.5254523754119873,0.6282936930656433,0.585326075553894
2025-03-17,Iwik,ACOLITE,S2C_MSI_2025_03_17_11_46_19_T28QCH_L2W,C:\Users\Simon\Nextcloud\Project\Mauritania\Science\Arguin - FieldWork Data Processing\Data\S2\ACOLITE\2025-03-17,16,1017,2949,363545.0,2199805.0,0.16305537521839142,0.21326111257076263,0.3146035969257355,0.4429367482662201,0.46075087785720825,0.48861056566238403,0.5042465329170227,0.5194236040115356,0.5256511569023132,0.6278860569000244,0.5882095694541931
2025-03-17,Iwik,ACOLITE,S2C_MSI_2025_03_17_11_46_19_T28QCH_L2W,C:\Users\Simon\Nextcloud\Project\Mauritania\Science\Arguin - FieldWork Data Processing\Data\S2\ACOLITE\2025-03-17,17,1017,2950,363555.0,2199805.0,0.16305787861347198,0.21338249742984772,0.3129810094833374,0.4435711205005646,0.4607514441013336,0.48861101269721985,0.5042468905448914,0.5140417814254761,0.5256514549255371,0.627885639667511,0.58820641040802
2025-03-17,Iwik,ACOLITE,S2C_MSI_2025_03_17_11_46_19_T28QCH_L2W,C:\Users\Simon\Nextcloud\Project\Mauritania\Science\Arguin - FieldWork Data Processing\Data\S2\ACOLITE\2025-03-17,18,1018,2940,363455.0,2199795.0,0.16098400950431824,0.2040308713912964,0.30274462699890137,0.42663371562957764,0.45378464460372925,0.47883978486061096,0.49532467126846313,0.49807271361351013,0.5165099501609802,0.6238165497779846,0.5823540687561035
2025-03-17,Iwik,ACOLITE,S2C_MSI_2025_03_17_11_46_19_T28QCH_L2W,C:\Users\Simon\Nextcloud\Project\Mauritania\Science\Arguin - FieldWork Data Processing\Data\S2\ACOLITE\2025-03-17,19,1018,2941,363465.0,2199795.0,0.16098655760288239,0.20415273308753967,0.30228039622306824,0.4246196150779724,0.45082908868789673,0.47655177116394043,0.49319472908973694,0.5016718506813049,0.5130300521850586,0.6222880482673645,0.5794628262519836
2025-03-17,Iwik,ACOLITE,S2C_MSI_2025_03_17_11_46_19_T28QCH_L2W,C:\Users\Simon\Nextcloud\Project\Mauritania\Science\Arguin - FieldWork Data Processing\Data\S2\ACOLITE\2025-03-17,20,1018,2942,363475.0,2199795.0,0.16098909080028534,0.202596515417099,0.29983702301979065,0.4244081377983093,0.4508296847343445,0.476552277803421,0.493195116519928,0.4962731897830963,0.5130303502082825,0.6222876310348511,0.5794597268104553
2025-03-17,Iwik,ACOLITE,S2C_MSI_2025_03_17_11_46_19_T28QCH_L2W,C:\Users\Simon\Nextcloud\Project\Mauritania\Science\Arguin - FieldWork Data Processing\Data\S2\ACOLITE\2025-03-17,21,1018,2943,363485.0,2199795.0,0.15996712446212769,0.20103944838047028,0.298207551240921,0.4228174686431885,0.44385507702827454,0.4723893105983734,0.4885260760784149,0.4936251640319824,0.507159411907196,0.619739830493927,0.5767900943756104
2025-03-17,Iwik,ACOLITE,S2C_MSI_2025_03_17_11_46_19_T28QCH_L2W,C:\Users\Simon\Nextcloud\Project\Mauritania\Science\Arguin - FieldWork Data Processing\Data\S2\ACOLITE\2025-03-17,22,1018,2944,363495.0,2199795.0,0.15996967256069183,0.19948148727416992,0.2989077568054199,0.42409124970436096,0.4438556730747223,0.4723897874355316,0.48852649331092834,0.49521470069885254,0.5071597099304199,0.6197394132614136,0.576786994934082
2025-03-17,Iwik,ACOLITE,S2C_MSI_2025_03_17_11_46_19_T28QCH_L2W,C:\Users\Simon\Nextcloud\Project\Mauritania\Science\Arguin - FieldWork Data Processing\Data\S2\ACOLITE\2025-03-17,23,1018,2945,363505.0,2199795.0,0.15997222065925598,0.20296236872673035,0.3040303587913513,0.4309815764427185,0.4476621150970459,0.4780100882053375,0.49552950263023376,0.5037890672683716,0.5131308436393738,0.6225919723510742,0.5806723237037659
2025-03-17,Iwik,ACOLITE,S2C_MSI_2025_03_17_11_46_19_T28QCH_L2W,C:\Users\Simon\Nextcloud\Project\Mauritania\Science\Arguin - FieldWork Data Processing\Data\S2\ACOLITE\2025-03-17,24,1018,2946,363515.0,2199795.0,0.15997476875782013,0.2100280374288559,0.3054269850254059,0.4336293041706085,0.44766271114349365,0.47801053524017334,0.4955299198627472,0.5065388679504395,0.5131311416625977,0.6225915551185608,0.5806692242622375
2025-03-17,Iwik,ACOLITE,S2C_MSI_2025_03_17_11_46_19_T28QCH_L2W,C:\Users\Simon\Nextcloud\Project\Mauritania\Science\Arguin - FieldWork Data Processing\Data\S2\ACOLITE\2025-03-17,25,1018,2947,363525.0,2199795.0,0.15997730195522308,0.21110591292381287,0.31274500489234924,0.43817922472953796,0.4603278934955597,0.4908924102783203,0.5057641267776489,0.5125622153282166,0.5257495641708374,0.6292104721069336,0.5859967470169067
2025-03-17,Iwik,ACOLITE,S2C_MSI_2025_03_17_11_46_19_T28QCH_L2W,C:\Users\Simon\Nextcloud\Project\Mauritania\Science\Arguin - FieldWork Data Processing\Data\S2\ACOLITE\2025-03-17,26,1018,2948,363535.0,2199795.0,0.15997985005378723,0.21492964029312134,0.31460192799568176,0.44557592272758484,0.46032842993736267,0.4908928871154785,0.5057645440101624,0.5167853832244873,0.5257498621940613,0.6292100548744202,0.5859935879707336
2025-03-17,Iwik,ACOLITE,S2C_MSI_2025_03_17_11_46_19_T28QCH_L2W,C:\Users\Simon\Nextcloud\Project\Mauritania\Science\Arguin - FieldWork Data Processing\Data\S2\ACOLITE\2025-03-17,27,1018,2949,363545.0,2199795.0,0.16305431723594666,0.21337969601154327,0.3141392469406128,0.4432533383369446,0.4624365568161011,0.49058204889297485,0.5067771673202515,0.5159413814544678,0.5270403027534485,0.6311435699462891,0.5872117877006531
2025-03-17,Iwik,ACOLITE,S2C_MSI_2025_03_17_11_46_19_T28QCH_L2W,C:\Users\Simon\Nextcloud\Project\Mauritania\Science\Arguin - FieldWork Data Processing\Data\S2\ACOLITE\2025-03-17,28,1018,2950,363555.0,2199795.0,0.16305682063102722,0.21135090291500092,0.3140244483947754,0.4439932703971863,0.46243706345558167,0.49058249592781067,0.5067775249481201,0.5116126537322998,0.5270406007766724,0.6311431527137756,0.58720862865448
2025-03-17,Iwik,ACOLITE,S2C_MSI_2025_03_17_11_46_19_T28QCH_L2W,C:\Users\Simon\Nextcloud\Project\Mauritania\Science\Arguin - FieldWork Data Processing\Data\S2\ACOLITE\2025-03-17,29,1018,2951,363565.0,2199795.0,0.16305933892726898,0.20824402570724487,0.3103124797344208,0.43765297532081604,0.45642876625061035,0.4845614731311798,0.49705299735069275,0.5098170042037964,0.5201902389526367,0.624626636505127,0.5789874196052551
2025-03-17,Iwik,ACOLITE,S2C_MSI_2025_03_17_11_46_19_T28QCH_L2W,C:\Users\Simon\Nextcloud\Project\Mauritania\Science\Arguin - FieldWork Data Processing\Data\S2\ACOLITE\2025-03-17,30,1018,2952,363575.0,2199795.0,0.16306185722351074,0.21266907453536987,0.31054583191871643,0.43786510825157166,0.4564293324947357,0.4845619201660156,0.4970533847808838,0.5077037811279297,0.5201905965805054,0.6246262192726135,0.578984260559082
2025-03-17,Iwik,ACOLITE,S2C_MSI_2025_03_17_11_46_19_T28QCH_L2W,C:\Users\Simon\Nextcloud\Project\Mauritania\Science\Arguin - FieldWork Data Processing\Data\S2\ACOLITE\2025-03-17,31,1019,2940,363455.0,2199785.0,0.1609828621149063,0.20438942313194275,0.302744060754776,0.42811739444732666,0.45378434658050537,0.4788395166397095,0.49532443284988403,0.5016712546348572,0.5165097713470459,0.6238166093826294,0.5823555588722229
2025-03-17,Iwik,ACOLITE,S2C_MSI_2025_03_17_11_46_19_T28QCH_L2W,C:\Users\Simon\Nextcloud\Project\Mauritania\Science\Arguin - FieldWork Data Processing\Data\S2\ACOLITE\2025-03-17,32,1019,2941,363465.0,2199785.0,0.16098541021347046,0.2039121389389038,0.30262893438339233,0.42716410756111145,0.45082876086235046,0.47655153274536133,0.49319446086883545,0.5036816596984863,0.5130298733711243,0.6222881078720093,0.579464316368103
2025-03-17,Iwik,ACOLITE,S2C_MSI_2025_03_17_11_46_19_T28QCH_L2W,C:\Users\Simon\Nextcloud\Project\Mauritania\Science\Arguin - FieldWork Data Processing\Data\S2\ACOLITE\2025-03-17,33,1019,2942,363475.0,2199785.0,0.1609879583120346,0.2063099443912506,0.3021647036075592,0.42949625849723816,0.4508293569087982,0.47655197978019714,0.4931948781013489,0.5065372586250305,0.5130301713943481,0.6222876906394958,0.5794611573219299
2025-03-17,Iwik,ACOLITE,S2C_MSI_2025_03_17_11_46_19_T28QCH_L2W,C:\Users\Simon\Nextcloud\Project\Mauritania\Science\Arguin - FieldWork Data Processing\Data\S2\ACOLITE\2025-03-17,34,1019,2943,363485.0,2199785.0,0.15996600687503815,0.20319712162017822,0.29809045791625977,0.4244084656238556,0.44385474920272827,0.47238901257514954,0.4885258078575134,0.498073548078537,0.5071591734886169,0.6197399497032166,0.576791524887085
2025-03-17,Iwik,ACOLITE,S2C_MSI_2025_03_17_11_46_19_T28QCH_L2W,C:\Users\Simon\Nextcloud\Project\Mauritania\Science\Arguin - FieldWork Data Processing\Data\S2\ACOLITE\2025-03-17,35,1019,2944,363495.0,2199785.0,0.1599685400724411,0.20176032185554504,0.29867422580718994,0.4233482778072357,0.443855345249176,0.47238948941230774,0.48852625489234924,0.49542635679244995,0.5071594715118408,0.6197395324707031,0.5767884850502014
2025-03-17,Iwik,ACOLITE,S2C_MSI_2025_03_17_11_46_19_T28QCH_L2W,C:\Users\Simon\Nextcloud\Project\Mauritania\Science\Arguin - FieldWork Data Processing\Data\S2\ACOLITE\2025-03-17,36,1019,2945,363505.0,2199785.0,0.15997110307216644,0.2049986720085144,0.30018946528434753,0.42334896326065063,0.447661817073822,0.47800981998443604,0.4955292344093323,0.49563857913017273,0.5131306052207947,0.6225920915603638,0.5806737542152405
2025-03-17,Iwik,ACOLITE,S2C_MSI_2025_03_17_11_46_19_T28QCH_L2W,C:\Users\Simon\Nextcloud\Project\Mauritania\Science\Arguin - FieldWork Data Processing\Data\S2\ACOLITE\2025-03-17,37,1019,2946,363515.0,2199785.0,0.15997366607189178,0.20835275948047638,0.30135488510131836,0.42981669306755066,0.4476623833179474,0.47801026701927185,0.4955296516418457,0.501990795135498,0.5131309032440186,0.6225916147232056,0.5806706547737122
2025-03-17,Iwik,ACOLITE,S2C_MSI_2025_03_17_11_46_19_T28QCH_L2W,C:\Users\Simon\Nextcloud\Project\Mauritania\Science\Arguin - FieldWork Data Processing\Data\S2\ACOLITE\2025-03-17,38,1019,2947,363525.0,2199785.0,0.15997621417045593,0.20787616074085236,0.31030723452568054,0.43680405616760254,0.4603275954723358,0.4908921420574188,0.5057638883590698,0.5104493498802185,0.5257493853569031,0.6292105317115784,0.5859981775283813
2025-03-17,Iwik,ACOLITE,S2C_MSI_2025_03_17_11_46_19_T28QCH_L2W,C:\Users\Simon\Nextcloud\Project\Mauritania\Science\Arguin - FieldWork Data Processing\Data\S2\ACOLITE\2025-03-17,39,1019,2948,363535.0,2199785.0,0.15997876226902008,0.21301861107349396,0.3143695294857025,0.44325244426727295,0.4603281319141388,0.49089258909225464,0.5057643055915833,0.51731276512146,0.5257496237754822,0.6292101144790649,0.5859950184822083
2025-03-17,Iwik,ACOLITE,S2C_MSI_2025_03_17_11_46_19_T28QCH_L2W,C:\Users\Simon\Nextcloud\Project\Mauritania\Science\Arguin - FieldWork Data Processing\Data\S2\ACOLITE\2025-03-17,40,1019,2949,363545.0,2199785.0,0.1630532443523407,0.21170654892921448,0.31205064058303833,0.43966037034988403,0.4624362289905548,0.49058181047439575,0.5067769289016724,0.5158355832099915,0.5270401239395142,0.6311436295509338,0.5872132182121277
2025-03-17,Iwik,ACOLITE,S2C_MSI_2025_03_17_11_46_19_T28QCH_L2W,C:\Users\Simon\Nextcloud\Project\Mauritania\Science\Arguin - FieldWork Data Processing\Data\S2\ACOLITE\2025-03-17,41,1019,2950,363555.0,2199785.0,0.16305577754974365,0.20524846017360687,0.3096141219139099,0.43617120385169983,0.4624367952346802,0.4905822277069092,0.506777286529541,0.508971095085144,0.527040421962738,0.6311432123184204,0.5872099995613098
2025-03-17,Iwik,ACOLITE,S2C_MSI_2025_03_17_11_46_19_T28QCH_L2W,C:\Users\Simon\Nextcloud\Project\Mauritania\Science\Arguin - FieldWork Data Processing\Data\S2\ACOLITE\2025-03-17,42,1019,2951,363565.0,2199785.0,0.1630582958459854,0.20572955906391144,0.3043859899044037,0.4326793849468231,0.4564284682273865,0.4845612049102783,0.49705275893211365,0.5042140483856201,0.5201900601387024,0.6246267557144165,0.5789887309074402
2025-03-17,Iwik,ACOLITE,S2C_MSI_2025_03_17_11_46_19_T28QCH_L2W,C:\Users\Simon\Nextcloud\Project\Mauritania\Science\Arguin - FieldWork Data Processing\Data\S2\ACOLITE\2025-03-17,43,1019,2952,363575.0,2199785.0,0.16306082904338837,0.20896294713020325,0.30845510959625244,0.43532609939575195,0.45642906427383423,0.4845616817474365,0.4970531165599823,0.5064350366592407,0.5201903581619263,0.6246262788772583,0.5789856314659119
2025-03-17,Iwik,ACOLITE,S2C_MSI_2025_03_17_11_46_19_T28QCH_L2W,C:\Users\Simon\Nextcloud\Project\Mauritania\Science\Arguin - FieldWork Data Processing\Data\S2\ACOLITE\2025-03-17,44,1020,2939,363445.0,2199775.0,0.16890335083007812,0.2102513611316681,0.30925217270851135,0.4341534376144409,0.46074438095092773,0.48870906233787537,0.5021150708198547,0.5113971829414368,0.5224705934524536,0.6304355263710022,0.5858028531074524
2025-03-17,Iwik,ACOLITE,S2C_MSI_2025_03_17_11_46_19_T28QCH_L2W,C:\Users\Simon\Nextcloud\Project\Mauritania\Science\Arguin - FieldWork Data Processing\Data\S2\ACOLITE\2025-03-17,45,1020,2940,363455.0,2199775.0,0.1689058393239975,0.20786111056804657,0.3069298267364502,0.43394234776496887,0.4607449471950531,0.4887094795703888,0.5021154284477234,0.5099184513092041,0.5224708914756775,0.630435049533844,0.5857996940612793
2025-03-17,Iwik,ACOLITE,S2C_MSI_2025_03_17_11_46_19_T28QCH_L2W,C:\Users\Simon\Nextcloud\Project\Mauritania\Science\Arguin - FieldWork Data Processing\Data\S2\ACOLITE\2025-03-17,46,1020,2941,363465.0,2199775.0,0.16890831291675568,0.20822209119796753,0.30937066674232483,0.4377518594264984,0.4575826823711395,0.4841408431529999,0.49856922030448914,0.5111865997314453,0.5230669975280762,0.627686083316803,0.5833534002304077
2025-03-17,Iwik,ACOLITE,S2C_MSI_2025_03_17_11_46_19_T28QCH_L2W,C:\Users\Simon\Nextcloud\Project\Mauritania\Science\Arguin - FieldWork Data Processing\Data\S2\ACOLITE\2025-03-17,47,1020,2942,363475.0,2199775.0,0.16891080141067505,0.20499162375926971,0.3073970675468445,0.43193212151527405,0.4575832486152649,0.4841413199901581,0.4985696077346802,0.5031529068946838,0.5230672955513,0.6276856660842896,0.5833503007888794
2025-03-17,Iwik,ACOLITE,S2C_MSI_2025_03_17_11_46_19_T28QCH_L2W,C:\Users\Simon\Nextcloud\Project\Mauritania\Science\Arguin - FieldWork Data Processing\Data\S2\ACOLITE\2025-03-17,48,1020,2943,363485.0,2199775.0,0.16521047055721283,0.20211711525917053,0.3010014295578003,0.4238777756690979,0.45199114084243774,0.47676026821136475,0.49329647421836853,0.4979674220085144,0.5138259530067444,0.6233060956001282,0.5825697183609009
2025-03-17,Iwik,ACOLITE,S2C_MSI_2025_03_17_11_46_19_T28QCH_L2W,C:\Users\Simon\Nextcloud\Project\Mauritania\Science\Arguin - FieldWork Data Processing\Data\S2\ACOLITE\2025-03-17,49,1020,2944,363495.0,2199775.0,0.1652129888534546,0.20511552691459656,0.2998383343219757,0.4249390959739685,0.4519917070865631,0.47676074504852295,0.49329686164855957,0.4994499683380127,0.5138262510299683,0.6233056783676147,0.5825665593147278
2025-03-17,Iwik,ACOLITE,S2C_MSI_2025_03_17_11_46_19_T28QCH_L2W,C:\Users\Simon\Nextcloud\Project\Mauritania\Science\Arguin - FieldWork Data Processing\Data\S2\ACOLITE\2025-03-17,50,1020,2945,363505.0,2199775.0,0.16521550714969635,0.20427896082401276,0.3035639822483063,0.428438276052475,0.45178115367889404,0.4779055118560791,0.4936016798019409,0.49754461646080017,0.514622151851654,0.6248331069946289,0.5821191668510437
2025-03-17,Iwik,ACOLITE,S2C_MSI_2025_03_17_11_46_19_T28QCH_L2W,C:\Users\Simon\Nextcloud\Project\Mauritania\Science\Arguin - FieldWork Data Processing\Data\S2\ACOLITE\2025-03-17,51,1020,2946,363515.0,2199775.0,0.16521801054477692,0.2067960947751999,0.30705323815345764,0.43076974153518677,0.4517817497253418,0.4779059886932373,0.49360206723213196,0.5037890076637268,0.5146224498748779,0.6248326897621155,0.5821160078048706
2025-03-17,Iwik,ACOLITE,S2C_MSI_2025_03_17_11_46_19_T28QCH_L2W,C:\Users\Simon\Nextcloud\Project\Mauritania\Science\Arguin - FieldWork Data Processing\Data\S2\ACOLITE\2025-03-17,52,1020,2947,363525.0,2199775.0,0.16522052884101868,0.20847351849079132,0.30995842814445496,0.4340526759624481,0.4587460160255432,0.4876745939254761,0.5011050701141357,0.5091812014579773,0.5191950798034668,0.6269708275794983,0.5841119289398193
2025-03-17,Iwik,ACOLITE,S2C_MSI_2025_03_17_11_46_19_T28QCH_L2W,C:\Users\Simon\Nextcloud\Project\Mauritania\Science\Arguin - FieldWork Data Processing\Data\S2\ACOLITE\2025-03-17,53,1020,2948,363535.0,2199775.0,0.16522306203842163,0.2132566124200821,0.3151806592941284,0.44209009408950806,0.4587465822696686,0.4876750409603119,0.5011054873466492,0.5148850083351135,0.5191953778266907,0.6269703507423401,0.5841087698936462
2025-03-17,Iwik,ACOLITE,S2C_MSI_2025_03_17_11_46_19_T28QCH_L2W,C:\Users\Simon\Nextcloud\Project\Mauritania\Science\Arguin - FieldWork Data Processing\Data\S2\ACOLITE\2025-03-17,54,1020,2949,363545.0,2199775.0,0.1663753092288971,0.21242254972457886,0.31193408370018005,0.4428302049636841,0.4589580297470093,0.4854948818683624,0.5019163489341736,0.5169963240623474,0.5199905037879944,0.6261553168296814,0.5822176933288574
2025-03-17,Iwik,ACOLITE,S2C_MSI_2025_03_17_11_46_19_T28QCH_L2W,C:\Users\Simon\Nextcloud\Project\Mauritania\Science\Arguin - FieldWork Data Processing\Data\S2\ACOLITE\2025-03-17,55,1020,2950,363555.0,2199775.0,0.16637781262397766,0.20476843416690826,0.30287209153175354,0.43479540944099426,0.45895859599113464,0.48549532890319824,0.501916766166687,0.5035788416862488,0.5199908018112183,0.626154899597168,0.5822145342826843
2025-03-17,Iwik,ACOLITE,S2C_MSI_2025_03_17_11_46_19_T28QCH_L2W,C:\Users\Simon\Nextcloud\Project\Mauritania\Science\Arguin - FieldWork Data Processing\Data\S2\ACOLITE\2025-03-17,56,1020,2951,363565.0,2199775.0,0.16638031601905823,0.2040516436100006,0.3024078905582428,0.4272763729095459,0.4537903368473053,0.4790523946285248,0.49269092082977295,0.4969114661216736,0.5144251585006714,0.6170865297317505,0.5735453367233276
2025-03-17,Iwik,ACOLITE,S2C_MSI_2025_03_17_11_46_19_T28QCH_L2W,C:\Users\Simon\Nextcloud\Project\Mauritania\Science\Arguin - FieldWork Data Processing\Data\S2\ACOLITE\2025-03-17,57,1020,2952,363575.0,2199775.0,0.1663828194141388,0.20692798495292664,0.30473554134368896,0.43045586347579956,0.45379093289375305,0.479052871465683,0.492691308259964,0.4997704029083252,0.5144254565238953,0.6170861721038818,0.5735422372817993
2025-03-17,Iwik,ACOLITE,S2C_MSI_2025_03_17_11_46_19_T28QCH_L2W,C:\Users\Simon\Nextcloud\Project\Mauritania\Science\Arguin - FieldWork Data Processing\Data\S2\ACOLITE\2025-03-17,58,1020,2953,363585.0,2199775.0,0.16638532280921936,0.20944254100322723,0.3043878674507141,0.43236273527145386,0.4545302391052246,0.4816524386405945,0.4967491030693054,0.49955904483795166,0.5152212381362915,0.6229962110519409,0.5767618417739868
2025-03-17,Iwik,ACOLITE,S2C_MSI_2025_03_17_11_46_19_T28QCH_L2W,C:\Users\Simon\Nextcloud\Project\Mauritania\Science\Arguin - FieldWork Data Processing\Data\S2\ACOLITE\2025-03-17,59,1021,2938,363435.0,2199765.0,0.1688997447490692,0.21741260588169098,0.31748664379119873,0.44303441047668457,0.46443089842796326,0.4953470528125763,0.5107181072235107,0.5187861919403076,0.5334827303886414,0.6373544335365295,0.5903593301773071
2025-03-17,Iwik,ACOLITE,S2C_MSI_2025_03_17_11_46_19_T28QCH_L2W,C:\Users\Simon\Nextcloud\Project\Mauritania\Science\Arguin - FieldWork Data Processing\Data\S2\ACOLITE\2025-03-17,60,1021,2939,363445.0,2199765.0,0.1689022183418274,0.21490930020809174,0.31424206495285034,0.43732723593711853,0.46074405312538147,0.4887087643146515,0.5021148324012756,0.5164650678634644,0.5224703550338745,0.6304356455802917,0.5858043432235718
2025-03-17,Iwik,ACOLITE,S2C_MSI_2025_03_17_11_46_19_T28QCH_L2W,C:\Users\Simon\Nextcloud\Project\Mauritania\Science\Arguin - FieldWork Data Processing\Data\S2\ACOLITE\2025-03-17,61,1021,2940,363455.0,2199765.0,0.16890472173690796,0.21300095319747925,0.3148230314254761,0.44187355041503906,0.4607446491718292,0.4887092411518097,0.5021151900291443,0.5169931054115295,0.5224707126617432,0.6304351687431335,0.5858011245727539
2025-03-17,Iwik,ACOLITE,S2C_MSI_2025_03_17_11_46_19_T28QCH_L2W,C:\Users\Simon\Nextcloud\Project\Mauritania\Science\Arguin - FieldWork Data Processing\Data\S2\ACOLITE\2025-03-17,62,1021,2941,363465.0,2199765.0,0.16890721023082733,0.21240569651126862,0.31204020977020264,0.4415571689605713,0.45758238434791565,0.4841405749320984,0.49856895208358765,0.5115032196044922,0.5230667591094971,0.6276861429214478,0.5833548903465271
2025-03-17,Iwik,ACOLITE,S2C_MSI_2025_03_17_11_46_19_T28QCH_L2W,C:\Users\Simon\Nextcloud\Project\Mauritania\Science\Arguin - FieldWork Data Processing\Data\S2\ACOLITE\2025-03-17,63,1021,2942,363475.0,2199765.0,0.1689096987247467,0.2088213860988617,0.30832594633102417,0.43394333124160767,0.457582950592041,0.4841410517692566,0.4985693395137787,0.5053737163543701,0.5230671167373657,0.6276857256889343,0.583351731300354
2025-03-17,Iwik,ACOLITE,S2C_MSI_2025_03_17_11_46_19_T28QCH_L2W,C:\Users\Simon\Nextcloud\Project\Mauritania\Science\Arguin - FieldWork Data Processing\Data\S2\ACOLITE\2025-03-17,64,1021,2943,363485.0,2199765.0,0.16520938277244568,0.20619045197963715,0.30414262413978577,0.4320383369922638,0.45199084281921387,0.47675999999046326,0.49329620599746704,0.5057970285415649,0.5138257145881653,0.623306155204773,0.5825711488723755
2025-03-17,Iwik,ACOLITE,S2C_MSI_2025_03_17_11_46_19_T28QCH_L2W,C:\Users\Simon\Nextcloud\Project\Mauritania\Science\Arguin - FieldWork Data Processing\Data\S2\ACOLITE\2025-03-17,65,1021,2944,363495.0,2199765.0,0.16521188616752625,0.2076289802789688,0.3028642237186432,0.4312976896762848,0.45199140906333923,0.47676047682762146,0.49329662322998047,0.5064317584037781,0.5138260126113892,0.6233057379722595,0.5825679898262024
2025-03-17,Iwik,ACOLITE,S2C_MSI_2025_03_17_11_46_19_T28QCH_L2W,C:\Users\Simon\Nextcloud\Project\Mauritania\Science\Arguin - FieldWork Data Processing\Data\S2\ACOLITE\2025-03-17,66,1021,2945,363505.0,2199765.0,0.165214404463768,0.20667345821857452,0.30705147981643677,0.4322514235973358,0.45178085565567017,0.4779052734375,0.49360141158103943,0.5064321160316467,0.514621913433075,0.6248331665992737,0.5821205973625183
2025-03-17,Iwik,ACOLITE,S2C_MSI_2025_03_17_11_46_19_T28QCH_L2W,C:\Users\Simon\Nextcloud\Project\Mauritania\Science\Arguin - FieldWork Data Processing\Data\S2\ACOLITE\2025-03-17,67,1021,2946,363515.0,2199765.0,0.16521693766117096,0.20655576884746552,0.3079822361469269,0.4326755404472351,0.45178142189979553,0.4779057502746582,0.49360182881355286,0.5065381526947021,0.5146222114562988,0.6248327493667603,0.5821174383163452
2025-03-17,Iwik,ACOLITE,S2C_MSI_2025_03_17_11_46_19_T28QCH_L2W,C:\Users\Simon\Nextcloud\Project\Mauritania\Science\Arguin - FieldWork Data Processing\Data\S2\ACOLITE\2025-03-17,68,1021,2947,363525.0,2199765.0,0.1652194708585739,0.20919036865234375,0.3093772530555725,0.43352311849594116,0.45874571800231934,0.4876743257045746,0.5011048316955566,0.5071728229522705,0.5191949009895325,0.6269708871841431,0.5841132998466492
2025-03-17,Iwik,ACOLITE,S2C_MSI_2025_03_17_11_46_19_T28QCH_L2W,C:\Users\Simon\Nextcloud\Project\Mauritania\Science\Arguin - FieldWork Data Processing\Data\S2\ACOLITE\2025-03-17,69,1021,2948,363535.0,2199765.0,0.16522198915481567,0.21098579466342926,0.312280535697937,0.44135016202926636,0.4587463140487671,0.4876747727394104,0.5011052489280701,0.511188805103302,0.5191951990127563,0.6269704699516296,0.5841102004051208
2025-03-17,Iwik,ACOLITE,S2C_MSI_2025_03_17_11_46_19_T28QCH_L2W,C:\Users\Simon\Nextcloud\Project\Mauritania\Science\Arguin - FieldWork Data Processing\Data\S2\ACOLITE\2025-03-17,70,1021,2949,363545.0,2199765.0,0.16637425124645233,0.21230222284793854,0.31135329604148865,0.43934258818626404,0.4589577317237854,0.48549458384513855,0.5019161105155945,0.5078077912330627,0.5199902653694153,0.6261553764343262,0.5822190642356873
2025-03-17,Iwik,ACOLITE,S2C_MSI_2025_03_17_11_46_19_T28QCH_L2W,C:\Users\Simon\Nextcloud\Project\Mauritania\Science\Arguin - FieldWork Data Processing\Data\S2\ACOLITE\2025-03-17,71,1021,2950,363555.0,2199765.0,0.1663767695426941,0.20752154290676117,0.30566272139549255,0.43405425548553467,0.45895829796791077,0.48549506068229675,0.5019164681434631,0.502520740032196,0.5199905633926392,0.6261549592018127,0.5822159051895142
2025-03-17,Iwik,ACOLITE,S2C_MSI_2025_03_17_11_46_19_T28QCH_L2W,C:\Users\Simon\Nextcloud\Project\Mauritania\Science\Arguin - FieldWork Data Processing\Data\S2\ACOLITE\2025-03-17,72,1021,2951,363565.0,2199765.0,0.16637928783893585,0.20680542290210724,0.3064776062965393,0.43045490980148315,0.4537900388240814,0.4790521264076233,0.49269065260887146,0.503790557384491,0.5144249200820923,0.61708664894104,0.5735467076301575
2025-03-17,Iwik,ACOLITE,S2C_MSI_2025_03_17_11_46_19_T28QCH_L2W,C:\Users\Simon\Nextcloud\Project\Mauritania\Science\Arguin - FieldWork Data Processing\Data\S2\ACOLITE\2025-03-17,73,1021,2952,363575.0,2199765.0,0.1663818061351776,0.2103961855173111,0.3064787983894348,0.432785302400589,0.4537906348705292,0.4790526032447815,0.4926910698413849,0.4996642768383026,0.5144252777099609,0.6170862317085266,0.5735436081886292
2025-03-17,Iwik,ACOLITE,S2C_MSI_2025_03_17_11_46_19_T28QCH_L2W,C:\Users\Simon\Nextcloud\Project\Mauritania\Science\Arguin - FieldWork Data Processing\Data\S2\ACOLITE\2025-03-17,74,1022,2938,363435.0,2199755.0,0.1688985973596573,0.21824631094932556,0.3204973042011261,0.44546303153038025,0.4681151509284973,0.49721238017082214,0.5119313597679138,0.5198407769203186,0.5314997434616089,0.6370493769645691,0.5901387929916382
2025-03-17,Iwik,ACOLITE,S2C_MSI_2025_03_17_11_46_19_T28QCH_L2W,C:\Users\Simon\Nextcloud\Project\Mauritania\Science\Arguin - FieldWork Data Processing\Data\S2\ACOLITE\2025-03-17,75,1022,2939,363445.0,2199755.0,0.16890111565589905,0.21514710783958435,0.314241498708725,0.43912455439567566,0.46474704146385193,0.48985016345977783,0.5058613419532776,0.5163593292236328,0.5276317596435547,0.6318605542182922,0.5874713063240051
2025-03-17,Iwik,ACOLITE,S2C_MSI_2025_03_17_11_46_19_T28QCH_L2W,C:\Users\Simon\Nextcloud\Project\Mauritania\Science\Arguin - FieldWork Data Processing\Data\S2\ACOLITE\2025-03-17,76,1022,2940,363455.0,2199755.0,0.16890360414981842,0.21276116371154785,0.3134307563304901,0.4383850693702698,0.4647476077079773,0.48985058069229126,0.505861759185791,0.5149874687194824,0.5276320576667786,0.631860077381134,0.587468147277832
2025-03-17,Iwik,ACOLITE,S2C_MSI_2025_03_17_11_46_19_T28QCH_L2W,C:\Users\Simon\Nextcloud\Project\Mauritania\Science\Arguin - FieldWork Data Processing\Data\S2\ACOLITE\2025-03-17,77,1022,2941,363465.0,2199755.0,0.168906107544899,0.21216586232185364,0.3094857335090637,0.43912583589553833,0.46316832304000854,0.493274450302124,0.5058621168136597,0.5098126530647278,0.5289220213890076,0.6305365562438965,0.5856884121894836
2025-03-17,Iwik,ACOLITE,S2C_MSI_2025_03_17_11_46_19_T28QCH_L2W,C:\Users\Simon\Nextcloud\Project\Mauritania\Science\Arguin - FieldWork Data Processing\Data\S2\ACOLITE\2025-03-17,78,1022,2942,363475.0,2199755.0,0.16890859603881836,0.21527239680290222,0.31146055459976196,0.4399721920490265,0.4631688892841339,0.49327489733695984,0.5058625340461731,0.5141435265541077,0.5289223194122314,0.6305361390113831,0.5856852531433105
2025-03-17,Iwik,ACOLITE,S2C_MSI_2025_03_17_11_46_19_T28QCH_L2W,C:\Users\Simon\Nextcloud\Project\Mauritania\Science\Arguin - FieldWork Data Processing\Data\S2\ACOLITE\2025-03-17,79,1022,2943,363485.0,2199755.0,0.16520825028419495,0.21013803780078888,0.3101848363876343,0.4389156401157379,0.45916488766670227,0.4855954647064209,0.5010017156600952,0.5119262337684631,0.5210809111595154,0.6281944513320923,0.5833500027656555
2025-03-17,Iwik,ACOLITE,S2C_MSI_2025_03_17_11_46_19_T28QCH_L2W,C:\Users\Simon\Nextcloud\Project\Mauritania\Science\Arguin - FieldWork Data Processing\Data\S2\ACOLITE\2025-03-17,80,1022,2944,363495.0,2199755.0,0.1652107983827591,0.20846568048000336,0.30693352222442627,0.4337325692176819,0.45916545391082764,0.4855959117412567,0.5010021328926086,0.5069601535797119,0.5210812091827393,0.6281940340995789,0.5833469033241272
2025-03-17,Iwik,ACOLITE,S2C_MSI_2025_03_17_11_46_19_T28QCH_L2W,C:\Users\Simon\Nextcloud\Project\Mauritania\Science\Arguin - FieldWork Data Processing\Data\S2\ACOLITE\2025-03-17,81,1022,2945,363505.0,2199755.0,0.16521331667900085,0.21085937321186066,0.3071671426296234,0.43457990884780884,0.4574788808822632,0.48393434286117554,0.4985702931880951,0.5047400593757629,0.520783543586731,0.6260554194450378,0.5810112953186035
2025-03-17,Iwik,ACOLITE,S2C_MSI_2025_03_17_11_46_19_T28QCH_L2W,C:\Users\Simon\Nextcloud\Project\Mauritania\Science\Arguin - FieldWork Data Processing\Data\S2\ACOLITE\2025-03-17,82,1022,2946,363515.0,2199755.0,0.165215864777565,0.20846973359584808,0.3096078038215637,0.43458056449890137,0.45747947692871094,0.48393481969833374,0.49857068061828613,0.5087577104568481,0.5207838416099548,0.6260549426078796,0.5810081362724304
2025-03-17,Iwik,ACOLITE,S2C_MSI_2025_03_17_11_46_19_T28QCH_L2W,C:\Users\Simon\Nextcloud\Project\Mauritania\Science\Arguin - FieldWork Data Processing\Data\S2\ACOLITE\2025-03-17,83,1022,2947,363525.0,2199755.0,0.16521838307380676,0.21313348412513733,0.3106539249420166,0.43595677614212036,0.4556868374347687,0.48507794737815857,0.5000913739204407,0.5080181956291199,0.5201881527900696,0.6244249939918518,0.580893874168396
2025-03-17,Iwik,ACOLITE,S2C_MSI_2025_03_17_11_46_19_T28QCH_L2W,C:\Users\Simon\Nextcloud\Project\Mauritania\Science\Arguin - FieldWork Data Processing\Data\S2\ACOLITE\2025-03-17,84,1022,2948,363535.0,2199755.0,0.16522091627120972,0.21086543798446655,0.30984243750572205,0.4368037283420563,0.45568740367889404,0.4850784242153168,0.5000917315483093,0.5071729421615601,0.5201884508132935,0.6244245767593384,0.5808907151222229
2025-03-17,Iwik,ACOLITE,S2C_MSI_2025_03_17_11_46_19_T28QCH_L2W,C:\Users\Simon\Nextcloud\Project\Mauritania\Science\Arguin - FieldWork Data Processing\Data\S2\ACOLITE\2025-03-17,85,1022,2949,363545.0,2199755.0,0.16637320816516876,0.21134552359580994,0.3118170201778412,0.43553483486175537,0.45853567123413086,0.48331278562545776,0.4998894929885864,0.5068562030792236,0.5184003114700317,0.6233036518096924,0.5816650986671448
2025-03-17,Iwik,ACOLITE,S2C_MSI_2025_03_17_11_46_19_T28QCH_L2W,C:\Users\Simon\Nextcloud\Project\Mauritania\Science\Arguin - FieldWork Data Processing\Data\S2\ACOLITE\2025-03-17,86,1022,2950,363555.0,2199755.0,0.16637572646141052,0.20991307497024536,0.3092641830444336,0.4356413185596466,0.4585362374782562,0.48331329226493835,0.49988991022109985,0.5071736574172974,0.5184006690979004,0.623303234577179,0.5816619396209717
2025-03-17,Iwik,ACOLITE,S2C_MSI_2025_03_17_11_46_19_T28QCH_L2W,C:\Users\Simon\Nextcloud\Project\Mauritania\Science\Arguin - FieldWork Data Processing\Data\S2\ACOLITE\2025-03-17,87,1022,2951,363565.0,2199755.0,0.16637825965881348,0.21230539679527283,0.30938151478767395,0.4341604709625244,0.4563221037387848,0.4805075228214264,0.4963422417640686,0.5042133927345276,0.516910195350647,0.6219785213470459,0.5778818130493164
2025-03-17,Iwik,ACOLITE,S2C_MSI_2025_03_17_11_46_19_T28QCH_L2W,C:\Users\Simon\Nextcloud\Project\Mauritania\Science\Arguin - FieldWork Data Processing\Data\S2\ACOLITE\2025-03-17,88,1022,2952,363575.0,2199755.0,0.16638076305389404,0.2136211395263672,0.31031161546707153,0.43543097376823425,0.45632266998291016,0.4805079996585846,0.49634262919425964,0.5043194890022278,0.5169104933738708,0.6219780445098877,0.5778787136077881
2025-03-17,Iwik,ACOLITE,S2C_MSI_2025_03_17_11_46_19_T28QCH_L2W,C:\Users\Simon\Nextcloud\Project\Mauritania\Science\Arguin - FieldWork Data Processing\Data\S2\ACOLITE\2025-03-17,89,1023,2937,363425.0,2199745.0,0.168894961476326,0.22384032607078552,0.3206113874912262,0.4471510052680969,0.46811428666114807,0.4972116947174072,0.5119307041168213,0.5219493508338928,0.5314992070198059,0.6370499134063721,0.5901435017585754
2025-03-17,Iwik,ACOLITE,S2C_MSI_2025_03_17_11_46_19_T28QCH_L2W,C:\Users\Simon\Nextcloud\Project\Mauritania\Science\Arguin - FieldWork Data Processing\Data\S2\ACOLITE\2025-03-17,90,1023,2938,363435.0,2199745.0,0.16889747977256775,0.22324740886688232,0.3218856751918793,0.44588497281074524,0.46811485290527344,0.49721211194992065,0.5119310617446899,0.5205788016319275,0.5314995050430298,0.6370494365692139,0.5901402831077576
2025-03-17,Iwik,ACOLITE,S2C_MSI_2025_03_17_11_46_19_T28QCH_L2W,C:\Users\Simon\Nextcloud\Project\Mauritania\Science\Arguin - FieldWork Data Processing\Data\S2\ACOLITE\2025-03-17,91,1023,2939,363445.0,2199745.0,0.16889998316764832,0.21371370553970337,0.31389302015304565,0.4381726086139679,0.46474674344062805,0.48984986543655396,0.5058611035346985,0.5136143565177917,0.5276315212249756,0.631860613822937,0.5874727964401245
2025-03-17,Iwik,ACOLITE,S2C_MSI_2025_03_17_11_46_19_T28QCH_L2W,C:\Users\Simon\Nextcloud\Project\Mauritania\Science\Arguin - FieldWork Data Processing\Data\S2\ACOLITE\2025-03-17,92,1023,2940,363455.0,2199745.0,0.16890248656272888,0.21240189671516418,0.31145763397216797,0.43595197796821594,0.4647473096847534,0.48985031247138977,0.5058615207672119,0.512241780757904,0.5276318788528442,0.6318601965904236,0.5874696373939514
2025-03-17,Iwik,ACOLITE,S2C_MSI_2025_03_17_11_46_19_T28QCH_L2W,C:\Users\Simon\Nextcloud\Project\Mauritania\Science\Arguin - FieldWork Data Processing\Data\S2\ACOLITE\2025-03-17,93,1023,2941,363465.0,2199745.0,0.16890498995780945,0.21872805058956146,0.31957393884658813,0.4450421929359436,0.4631679952144623,0.49327418208122253,0.5058618783950806,0.5198415517807007,0.5289218425750732,0.630536675453186,0.585689902305603
2025-03-17,Iwik,ACOLITE,S2C_MSI_2025_03_17_11_46_19_T28QCH_L2W,C:\Users\Simon\Nextcloud\Project\Mauritania\Science\Arguin - FieldWork Data Processing\Data\S2\ACOLITE\2025-03-17,94,1023,2942,363475.0,2199745.0,0.16890749335289001,0.21753796935081482,0.3188802897930145,0.44662630558013916,0.46316856145858765,0.49327462911605835,0.5058622360229492,0.5200528502464294,0.5289221405982971,0.6305361986160278,0.5856866836547852
2025-03-17,Iwik,ACOLITE,S2C_MSI_2025_03_17_11_46_19_T28QCH_L2W,C:\Users\Simon\Nextcloud\Project\Mauritania\Science\Arguin - FieldWork Data Processing\Data\S2\ACOLITE\2025-03-17,95,1023,2943,363485.0,2199745.0,0.1652071624994278,0.21360228955745697,0.31424564123153687,0.43891531229019165,0.459164559841156,0.485595166683197,0.5010014772415161,0.513826847076416,0.5210806727409363,0.6281945705413818,0.5833514928817749
2025-03-17,Iwik,ACOLITE,S2C_MSI_2025_03_17_11_46_19_T28QCH_L2W,C:\Users\Simon\Nextcloud\Project\Mauritania\Science\Arguin - FieldWork Data Processing\Data\S2\ACOLITE\2025-03-17,96,1023,2944,363495.0,2199745.0,0.16520969569683075,0.21061740815639496,0.3087919056415558,0.4334146976470947,0.45916515588760376,0.4855956435203552,0.5010018348693848,0.5069599151611328,0.5210809707641602,0.6281941533088684,0.5833483338356018
2025-03-17,Iwik,ACOLITE,S2C_MSI_2025_03_17_11_46_19_T28QCH_L2W,C:\Users\Simon\Nextcloud\Project\Mauritania\Science\Arguin - FieldWork Data Processing\Data\S2\ACOLITE\2025-03-17,97,1023,2945,363505.0,2199745.0,0.1652122288942337,0.2116950899362564,0.30716660618782043,0.43457961082458496,0.4574786126613617,0.48393410444259644,0.4985700249671936,0.5066431164741516,0.5207833051681519,0.6260554790496826,0.5810127258300781
2025-03-17,Iwik,ACOLITE,S2C_MSI_2025_03_17_11_46_19_T28QCH_L2W,C:\Users\Simon\Nextcloud\Project\Mauritania\Science\Arguin - FieldWork Data Processing\Data\S2\ACOLITE\2025-03-17,98,1023,2946,363515.0,2199745.0,0.16521476209163666,0.21133862435817719,0.3115808367729187,0.4350035488605499,0.45747917890548706,0.48393455147743225,0.49857044219970703,0.5093914866447449,0.5207836031913757,0.6260550618171692,0.5810095071792603
2025-03-17,Iwik,ACOLITE,S2C_MSI_2025_03_17_11_46_19_T28QCH_L2W,C:\Users\Simon\Nextcloud\Project\Mauritania\Science\Arguin - FieldWork Data Processing\Data\S2\ACOLITE\2025-03-17,99,1023,2947,363525.0,2199745.0,0.1652173101902008,0.2122965157032013,0.31355443596839905,0.4355332553386688,0.4556865096092224,0.4850776791572571,0.5000910758972168,0.5083351135253906,0.5201879739761353,0.6244250535964966,0.5808952450752258
2025-03-17,Iwik,ACOLITE,S2C_MSI_2025_03_17_11_46_19_T28QCH_L2W,C:\Users\Simon\Nextcloud\Project\Mauritania\Science\Arguin - FieldWork Data Processing\Data\S2\ACOLITE\2025-03-17,100,1023,2948,363535.0,2199745.0,0.16521984338760376,0.2108645886182785,0.31088680028915405,0.43690916895866394,0.45568710565567017,0.4850781559944153,0.5000914931297302,0.5084410905838013,0.5201882719993591,0.6244246363639832,0.5808920860290527
2025-03-17,Iwik,ACOLITE,S2C_MSI_2025_03_17_11_46_19_T28QCH_L2W,C:\Users\Simon\Nextcloud\Project\Mauritania\Science\Arguin - FieldWork Data Processing\Data\S2\ACOLITE\2025-03-17,101,1023,2949,363545.0,2199745.0,0.1663721650838852,0.21086660027503967,0.31146830320358276,0.4361693263053894,0.458535373210907,0.48331254720687866,0.4998892545700073,0.5085471868515015,0.5184001326560974,0.6233037710189819,0.5816664695739746
2025-03-17,Iwik,ACOLITE,S2C_MSI_2025_03_17_11_46_19_T28QCH_L2W,C:\Users\Simon\Nextcloud\Project\Mauritania\Science\Arguin - FieldWork Data Processing\Data\S2\ACOLITE\2025-03-17,102,1023,2950,363555.0,2199745.0,0.16637468338012695,0.2118246853351593,0.3107730746269226,0.4383910298347473,0.45853596925735474,0.4833129942417145,0.49988964200019836,0.5060105323791504,0.5184004306793213,0.6233033537864685,0.5816633105278015
2025-03-17,Iwik,ACOLITE,S2C_MSI_2025_03_17_11_46_19_T28QCH_L2W,C:\Users\Simon\Nextcloud\Project\Mauritania\Science\Arguin - FieldWork Data Processing\Data\S2\ACOLITE\2025-03-17,103,1023,2951,363565.0,2199745.0,0.1663772165775299,0.2106315940618515,0.30798718333244324,0.43437182903289795,0.4563218057155609,0.4805072546005249,0.4963420033454895,0.5047419667243958,0.5169099569320679,0.6219785213470459,0.5778831839561462
2025-03-17,Iwik,ACOLITE,S2C_MSI_2025_03_17_11_46_19_T28QCH_L2W,C:\Users\Simon\Nextcloud\Project\Mauritania\Science\Arguin - FieldWork Data Processing\Data\S2\ACOLITE\2025-03-17,104,1023,2952,363575.0,2199745.0,0.16637974977493286,0.21027499437332153,0.3098466694355011,0.4364885985851288,0.4563223719596863,0.4805077314376831,0.49634239077568054,0.5071741342544556,0.5169103145599365,0.6219781637191772,0.5778800249099731
2025-03-17,Iwik,ACOLITE,S2C_MSI_2025_03_17_11_46_19_T28QCH_L2W,C:\Users\Simon\Nextcloud\Project\Mauritania\Science\Arguin - FieldWork Data Processing\Data\S2\ACOLITE\2025-03-17,105,1024,2937,363425.0,2199735.0,0.16889382898807526,0.22264961898326874,0.3202635645866394,0.44620075821876526,0.46527183055877686,0.4927535355091095,0.5088961720466614,0.5192070603370667,0.5280275940895081,0.6336931586265564,0.5882578492164612
2025-03-17,Iwik,ACOLITE,S2C_MSI_2025_03_17_11_46_19_T28QCH_L2W,C:\Users\Simon\Nextcloud\Project\Mauritania\Science\Arguin - FieldWork Data Processing\Data\S2\ACOLITE\2025-03-17,106,1024,2938,363435.0,2199735.0,0.16889634728431702,0.22253252565860748,0.3213064968585968,0.4474678933620453,0.4652723968029022,0.4927539825439453,0.50889652967453,0.5208950042724609,0.5280278921127319,0.6336926817893982,0.5882546305656433
2025-03-17,Iwik,ACOLITE,S2C_MSI_2025_03_17_11_46_19_T28QCH_L2W,C:\Users\Simon\Nextcloud\Project\Mauritania\Science\Arguin - FieldWork Data Processing\Data\S2\ACOLITE\2025-03-17,107,1024,2939,363445.0,2199735.0,0.16889886558055878,0.21812725067138672,0.3188762962818146,0.44271716475486755,0.46411454677581787,0.49182093143463135,0.5070754885673523,0.51519775390625,0.5293177962303162,0.6307411789894104,0.5861419439315796
2025-03-17,Iwik,ACOLITE,S2C_MSI_2025_03_17_11_46_19_T28QCH_L2W,C:\Users\Simon\Nextcloud\Project\Mauritania\Science\Arguin - FieldWork Data Processing\Data\S2\ACOLITE\2025-03-17,108,1024,2940,363455.0,2199735.0,0.16890138387680054,0.215982586145401,0.31366166472435,0.44155558943748474,0.46411511301994324,0.4918213486671448,0.507075846195221,0.517520010471344,0.52931809425354,0.630740761756897,0.5861387252807617
2025-03-17,Iwik,ACOLITE,S2C_MSI_2025_03_17_11_46_19_T28QCH_L2W,C:\Users\Simon\Nextcloud\Project\Mauritania\Science\Arguin - FieldWork Data Processing\Data\S2\ACOLITE\2025-03-17,109,1024,2941,363465.0,2199735.0,0.1689038872718811,0.219680517911911,0.3174884617328644,0.4472586512565613,0.46358904242515564,0.4921330213546753,0.5074810981750488,0.5188919305801392,0.5272350311279297,0.6290099024772644,0.5850251317024231
2025-03-17,Iwik,ACOLITE,S2C_MSI_2025_03_17_11_46_19_T28QCH_L2W,C:\Users\Simon\Nextcloud\Project\Mauritania\Science\Arguin - FieldWork Data Processing\Data\S2\ACOLITE\2025-03-17,110,1024,2942,363475.0,2199735.0,0.16890640556812286,0.21479326486587524,0.3178372383117676,0.44303593039512634,0.463589608669281,0.4921334683895111,0.5074814558029175,0.5158321261405945,0.5272353291511536,0.629009485244751,0.5850219130516052
2025-03-17,Iwik,ACOLITE,S2C_MSI_2025_03_17_11_46_19_T28QCH_L2W,C:\Users\Simon\Nextcloud\Project\Mauritania\Science\Arguin - FieldWork Data Processing\Data\S2\ACOLITE\2025-03-17,111,1024,2943,363485.0,2199735.0,0.16520604491233826,0.2121681123971939,0.31180885434150696,0.43679991364479065,0.4582153260707855,0.4877755045890808,0.500393271446228,0.5137210488319397,0.5204845070838928,0.626056432723999,0.5841303467750549
2025-03-17,Iwik,ACOLITE,S2C_MSI_2025_03_17_11_46_19_T28QCH_L2W,C:\Users\Simon\Nextcloud\Project\Mauritania\Science\Arguin - FieldWork Data Processing\Data\S2\ACOLITE\2025-03-17,112,1024,2944,363495.0,2199735.0,0.1652086079120636,0.2116921991109848,0.30960434675216675,0.435954213142395,0.4582158923149109,0.4877759516239166,0.5003936290740967,0.507171094417572,0.5204848051071167,0.6260559558868408,0.5841271281242371
2025-03-17,Iwik,ACOLITE,S2C_MSI_2025_03_17_11_46_19_T28QCH_L2W,C:\Users\Simon\Nextcloud\Project\Mauritania\Science\Arguin - FieldWork Data Processing\Data\S2\ACOLITE\2025-03-17,113,1024,2945,363505.0,2199735.0,0.16521114110946655,0.21384423971176147,0.31215935945510864,0.4346851110458374,0.4587436616420746,0.48549196124076843,0.5017112493515015,0.5075942873954773,0.5216770768165588,0.625342607498169,0.5809030532836914
2025-03-17,Iwik,ACOLITE,S2C_MSI_2025_03_17_11_46_19_T28QCH_L2W,C:\Users\Simon\Nextcloud\Project\Mauritania\Science\Arguin - FieldWork Data Processing\Data\S2\ACOLITE\2025-03-17,114,1024,2946,363515.0,2199735.0,0.1652136892080307,0.21551728248596191,0.31204450130462646,0.43775373697280884,0.45874425768852234,0.48549243807792664,0.5017116069793701,0.5094969272613525,0.5216773748397827,0.6253421902656555,0.5808998346328735
2025-03-17,Iwik,ACOLITE,S2C_MSI_2025_03_17_11_46_19_T28QCH_L2W,C:\Users\Simon\Nextcloud\Project\Mauritania\Science\Arguin - FieldWork Data Processing\Data\S2\ACOLITE\2025-03-17,115,1024,2947,363525.0,2199735.0,0.16521623730659485,0.21241514384746552,0.31285789608955383,0.4410315752029419,0.45927196741104126,0.48829635977745056,0.5051552653312683,0.5086519122123718,0.52277010679245,0.6249344348907471,0.581785261631012
2025-03-17,Iwik,ACOLITE,S2C_MSI_2025_03_17_11_46_19_T28QCH_L2W,C:\Users\Simon\Nextcloud\Project\Mauritania\Science\Arguin - FieldWork Data Processing\Data\S2\ACOLITE\2025-03-17,116,1024,2948,363535.0,2199735.0,0.165218785405159,0.21420840919017792,0.3144829273223877,0.4415605664253235,0.4592725336551666,0.48829683661460876,0.5051556825637817,0.5090749859809875,0.5227704048156738,0.6249340176582336,0.5817821025848389
2025-03-17,Iwik,ACOLITE,S2C_MSI_2025_03_17_11_46_19_T28QCH_L2W,C:\Users\Simon\Nextcloud\Project\Mauritania\Science\Arguin - FieldWork Data Processing\Data\S2\ACOLITE\2025-03-17,117,1024,2949,363545.0,2199735.0,0.16637110710144043,0.2142104208469391,0.3121640980243683,0.43997591733932495,0.45990562438964844,0.4849745035171509,0.500395655632019,0.5089696049690247,0.5174061059951782,0.6229982376098633,0.5817789435386658
2025-03-17,Iwik,ACOLITE,S2C_MSI_2025_03_17_11_46_19_T28QCH_L2W,C:\Users\Simon\Nextcloud\Project\Mauritania\Science\Arguin - FieldWork Data Processing\Data\S2\ACOLITE\2025-03-17,118,1024,2950,363555.0,2199735.0,0.16637364029884338,0.2117043435573578,0.3119332194328308,0.43839073181152344,0.4599061906337738,0.4849749505519867,0.5003960132598877,0.5084415674209595,0.5174064040184021,0.6229978203773499,0.5817757248878479
2025-03-17,Iwik,ACOLITE,S2C_MSI_2025_03_17_11_46_19_T28QCH_L2W,C:\Users\Simon\Nextcloud\Project\Mauritania\Science\Arguin - FieldWork Data Processing\Data\S2\ACOLITE\2025-03-17,119,1024,2951,363565.0,2199735.0,0.16637617349624634,0.21290099620819092,0.3089159429073334,0.43500643968582153,0.4574817419052124,0.4833132028579712,0.5004977583885193,0.5032609701156616,0.5190961360931396,0.6240159869194031,0.5802174806594849
2025-03-17,Iwik,ACOLITE,S2C_MSI_2025_03_17_11_46_19_T28QCH_L2W,C:\Users\Simon\Nextcloud\Project\Mauritania\Science\Arguin - FieldWork Data Processing\Data\S2\ACOLITE\2025-03-17,120,1024,2952,363575.0,2199735.0,0.1663787066936493,0.21361950039863586,0.31367582082748413,0.43627673387527466,0.45748230814933777,0.4833136796951294,0.5004981756210327,0.5061167478561401,0.5190964341163635,0.6240155696868896,0.5802143812179565
2025-03-17,Iwik,ACOLITE,S2C_MSI_2025_03_17_11_46_19_T28QCH_L2W,C:\Users\Simon\Nextcloud\Project\Mauritania\Science\Arguin - FieldWork Data Processing\Data\S2\ACOLITE\2025-03-17,121,1025,2937,363425.0,2199725.0,0.16889268159866333,0.22002916038036346,0.3162085711956024,0.44567257165908813,0.4652715027332306,0.492753267288208,0.5088958740234375,0.5153024196624756,0.528027355670929,0.633693277835846,0.5882593989372253
2025-03-17,Iwik,ACOLITE,S2C_MSI_2025_03_17_11_46_19_T28QCH_L2W,C:\Users\Simon\Nextcloud\Project\Mauritania\Science\Arguin - FieldWork Data Processing\Data\S2\ACOLITE\2025-03-17,122,1025,2938,363435.0,2199725.0,0.16889522969722748,0.21872039139270782,0.31841129064559937,0.44356125593185425,0.46527206897735596,0.4927537143230438,0.5088962912559509,0.5180466771125793,0.5280276536941528,0.6336928009986877,0.5882561802864075
2025-03-17,Iwik,ACOLITE,S2C_MSI_2025_03_17_11_46_19_T28QCH_L2W,C:\Users\Simon\Nextcloud\Project\Mauritania\Science\Arguin - FieldWork Data Processing\Data\S2\ACOLITE\2025-03-17,123,1025,2939,363445.0,2199725.0,0.16889774799346924,0.22050955891609192,0.3203811049461365,0.4472571313381195,0.4641142189502716,0.49182066321372986,0.5070752501487732,0.5182580351829529,0.5293175578117371,0.6307412981987,0.5861433744430542
2025-03-17,Iwik,ACOLITE,S2C_MSI_2025_03_17_11_46_19_T28QCH_L2W,C:\Users\Simon\Nextcloud\Project\Mauritania\Science\Arguin - FieldWork Data Processing\Data\S2\ACOLITE\2025-03-17,124,1025,2940,363455.0,2199725.0,0.1689002513885498,0.21717453002929688,0.31424105167388916,0.441977858543396,0.464114785194397,0.4918210804462433,0.5070756077766418,0.5144588947296143,0.5293178558349609,0.6307408213615417,0.5861402153968811
2025-03-17,Iwik,ACOLITE,S2C_MSI_2025_03_17_11_46_19_T28QCH_L2W,C:\Users\Simon\Nextcloud\Project\Mauritania\Science\Arguin - FieldWork Data Processing\Data\S2\ACOLITE\2025-03-17,125,1025,2941,363465.0,2199725.0,0.16890278458595276,0.21335765719413757,0.31470608711242676,0.44282370805740356,0.46358874440193176,0.4921327531337738,0.507480800151825,0.5110797882080078,0.5272348523139954,0.6290099620819092,0.5850266218185425
2025-03-17,Iwik,ACOLITE,S2C_MSI_2025_03_17_11_46_19_T28QCH_L2W,C:\Users\Simon\Nextcloud\Project\Mauritania\Science\Arguin - FieldWork Data Processing\Data\S2\ACOLITE\2025-03-17,126,1025,2942,363475.0,2199725.0,0.16890530288219452,0.21443426609039307,0.3156347870826721,0.43965408205986023,0.46358928084373474,0.492133229970932,0.5074812173843384,0.5119251608848572,0.5272351503372192,0.6290095448493958,0.5850234031677246
2025-03-17,Iwik,ACOLITE,S2C_MSI_2025_03_17_11_46_19_T28QCH_L2W,C:\Users\Simon\Nextcloud\Project\Mauritania\Science\Arguin - FieldWork Data Processing\Data\S2\ACOLITE\2025-03-17,127,1025,2943,363485.0,2199725.0,0.1652049571275711,0.2133616805076599,0.31204041838645935,0.43775150179862976,0.45821502804756165,0.4877752363681793,0.5003930330276489,0.5086502432823181,0.5204842686653137,0.6260564923286438,0.5841317772865295
2025-03-17,Iwik,ACOLITE,S2C_MSI_2025_03_17_11_46_19_T28QCH_L2W,C:\Users\Simon\Nextcloud\Project\Mauritania\Science\Arguin - FieldWork Data Processing\Data\S2\ACOLITE\2025-03-17,128,1025,2944,363495.0,2199725.0,0.16520749032497406,0.21204976737499237,0.3128538131713867,0.4374348223209381,0.458215594291687,0.48777568340301514,0.5003933906555176,0.503787100315094,0.5204845666885376,0.6260560750961304,0.5841286182403564
2025-03-17,Iwik,ACOLITE,S2C_MSI_2025_03_17_11_46_19_T28QCH_L2W,C:\Users\Simon\Nextcloud\Project\Mauritania\Science\Arguin - FieldWork Data Processing\Data\S2\ACOLITE\2025-03-17,129,1025,2945,363505.0,2199725.0,0.1652100682258606,0.21348516643047333,0.31227490305900574,0.43669506907463074,0.4587433636188507,0.48549169301986694,0.5017109513282776,0.5069597959518433,0.5216768383979797,0.6253427267074585,0.5809044241905212
2025-03-17,Iwik,ACOLITE,S2C_MSI_2025_03_17_11_46_19_T28QCH_L2W,C:\Users\Simon\Nextcloud\Project\Mauritania\Science\Arguin - FieldWork Data Processing\Data\S2\ACOLITE\2025-03-17,130,1025,2946,363515.0,2199725.0,0.16521261632442474,0.2138453871011734,0.3157553970813751,0.4394451975822449,0.45874395966529846,0.48549216985702515,0.501711368560791,0.5107645988464355,0.5216771960258484,0.6253422498703003,0.5809012651443481
2025-03-17,Iwik,ACOLITE,S2C_MSI_2025_03_17_11_46_19_T28QCH_L2W,C:\Users\Simon\Nextcloud\Project\Mauritania\Science\Arguin - FieldWork Data Processing\Data\S2\ACOLITE\2025-03-17,131,1025,2947,363525.0,2199725.0,0.1652151644229889,0.2173076719045639,0.3179583251476288,0.44166526198387146,0.4592716693878174,0.48829612135887146,0.505155086517334,0.5128774046897888,0.5227699279785156,0.6249344944953918,0.5817866921424866
2025-03-17,Iwik,ACOLITE,S2C_MSI_2025_03_17_11_46_19_T28QCH_L2W,C:\Users\Simon\Nextcloud\Project\Mauritania\Science\Arguin - FieldWork Data Processing\Data\S2\ACOLITE\2025-03-17,132,1025,2948,363535.0,2199725.0,0.16521772742271423,0.21778659522533417,0.31784364581108093,0.4421941936016083,0.45927223563194275,0.4882965683937073,0.5051554441452026,0.5108709335327148,0.5227701663970947,0.6249340772628784,0.5817835330963135
2025-03-17,Iwik,ACOLITE,S2C_MSI_2025_03_17_11_46_19_T28QCH_L2W,C:\Users\Simon\Nextcloud\Project\Mauritania\Science\Arguin - FieldWork Data Processing\Data\S2\ACOLITE\2025-03-17,133,1025,2949,363545.0,2199725.0,0.16637004911899567,0.21790778636932373,0.3136717677116394,0.44092684984207153,0.45990532636642456,0.4849742352962494,0.5003954172134399,0.5099204182624817,0.5174059271812439,0.6229982972145081,0.5817803144454956
2025-03-17,Iwik,ACOLITE,S2C_MSI_2025_03_17_11_46_19_T28QCH_L2W,C:\Users\Simon\Nextcloud\Project\Mauritania\Science\Arguin - FieldWork Data Processing\Data\S2\ACOLITE\2025-03-17,134,1025,2950,363555.0,2199725.0,0.16637259721755981,0.21540512144565582,0.3121647834777832,0.43754443526268005,0.4599058926105499,0.4849746823310852,0.5003957748413086,0.5084413886070251,0.5174062252044678,0.6229978799819946,0.5817771553993225
2025-03-17,Iwik,ACOLITE,S2C_MSI_2025_03_17_11_46_19_T28QCH_L2W,C:\Users\Simon\Nextcloud\Project\Mauritania\Science\Arguin - FieldWork Data Processing\Data\S2\ACOLITE\2025-03-17,135,1025,2951,363565.0,2199725.0,0.16637513041496277,0.21122752130031586,0.3104249835014343,0.4352177679538727,0.4574814438819885,0.4833129346370697,0.5004975199699402,0.5062218904495239,0.5190958976745605,0.6240161061286926,0.5802189111709595
2025-03-17,Iwik,ACOLITE,S2C_MSI_2025_03_17_11_46_19_T28QCH_L2W,C:\Users\Simon\Nextcloud\Project\Mauritania\Science\Arguin - FieldWork Data Processing\Data\S2\ACOLITE\2025-03-17,136,1025,2952,363575.0,2199725.0,0.16637767851352692,0.2155284434556961,0.313095360994339,0.43786296248435974,0.4574820101261139,0.4833134412765503,0.5004979372024536,0.5059050917625427,0.5190961956977844,0.6240156292915344,0.5802156925201416
2025-03-17,Iwik,ACOLITE,S2C_MSI_2025_03_17_11_46_19_T28QCH_L2W,C:\Users\Simon\Nextcloud\Project\Mauritania\Science\Arguin - FieldWork Data Processing\Data\S2\ACOLITE\2025-03-17,137,1026,2936,363415.0,2199715.0,0.1793263852596283,0.22109825909137726,0.31968241930007935,0.4453549087047577,0.47053253650665283,0.4974176585674286,0.5126373767852783,0.519733726978302,0.5343730449676514,0.6356266140937805,0.5924821496009827
2025-03-17,Iwik,ACOLITE,S2C_MSI_2025_03_17_11_46_19_T28QCH_L2W,C:\Users\Simon\Nextcloud\Project\Mauritania\Science\Arguin - FieldWork Data Processing\Data\S2\ACOLITE\2025-03-17,138,1026,2937,363425.0,2199715.0,0.1711868941783905,0.21835994720458984,0.3170192837715149,0.44102463126182556,0.46642929315567017,0.49316784739494324,0.5075801610946655,0.5148798823356628,0.5292176008224487,0.6311493515968323,0.5862624049186707
2025-03-17,Iwik,ACOLITE,S2C_MSI_2025_03_17_11_46_19_T28QCH_L2W,C:\Users\Simon\Nextcloud\Project\Mauritania\Science\Arguin - FieldWork Data Processing\Data\S2\ACOLITE\2025-03-17,139,1026,2938,363435.0,2199715.0,0.17118941247463226,0.21669258177280426,0.31620916724205017,0.4407082200050354,0.4664298892021179,0.49316829442977905,0.507580578327179,0.5128741264343262,0.5292178988456726,0.6311489343643188,0.5862591862678528
2025-03-17,Iwik,ACOLITE,S2C_MSI_2025_03_17_11_46_19_T28QCH_L2W,C:\Users\Simon\Nextcloud\Project\Mauritania\Science\Arguin - FieldWork Data Processing\Data\S2\ACOLITE\2025-03-17,140,1026,2939,363445.0,2199715.0,0.17119191586971283,0.21729087829589844,0.31760096549987793,0.4430334270000458,0.4625338613986969,0.49047166109085083,0.504746675491333,0.5142471790313721,0.5251498818397522,0.6278910636901855,0.5819247961044312
2025-03-17,Iwik,ACOLITE,S2C_MSI_2025_03_17_11_46_19_T28QCH_L2W,C:\Users\Simon\Nextcloud\Project\Mauritania\Science\Arguin - FieldWork Data Processing\Data\S2\ACOLITE\2025-03-17,141,1026,2940,363455.0,2199715.0,0.1711944341659546,0.21765057742595673,0.3166750967502594,0.43870097398757935,0.46253445744514465,0.49047210812568665,0.5047470927238464,0.5139307379722595,0.5251501798629761,0.6278906464576721,0.5819215774536133
2025-03-17,Iwik,ACOLITE,S2C_MSI_2025_03_17_11_46_19_T28QCH_L2W,C:\Users\Simon\Nextcloud\Project\Mauritania\Science\Arguin - FieldWork Data Processing\Data\S2\ACOLITE\2025-03-17,142,1026,2941,363465.0,2199715.0,0.17119693756103516,0.21574418246746063,0.31656038761138916,0.44335153698921204,0.45926791429519653,0.48600882291793823,0.5020130276679993,0.5118189454078674,0.5241578221321106,0.6244279146194458,0.5806965231895447
2025-03-17,Iwik,ACOLITE,S2C_MSI_2025_03_17_11_46_19_T28QCH_L2W,C:\Users\Simon\Nextcloud\Project\Mauritania\Science\Arguin - FieldWork Data Processing\Data\S2\ACOLITE\2025-03-17,143,1026,2942,363475.0,2199715.0,0.17119944095611572,0.21479150652885437,0.3147067427635193,0.43658706545829773,0.4592684805393219,0.48600929975509644,0.5020134449005127,0.5094950795173645,0.5241581201553345,0.6244274973869324,0.5806933045387268
2025-03-17,Iwik,ACOLITE,S2C_MSI_2025_03_17_11_46_19_T28QCH_L2W,C:\Users\Simon\Nextcloud\Project\Mauritania\Science\Arguin - FieldWork Data Processing\Data\S2\ACOLITE\2025-03-17,144,1026,2943,363485.0,2199715.0,0.16763058304786682,0.2151515632867813,0.3108792304992676,0.4367992579936981,0.458847314119339,0.48476338386535645,0.4980616569519043,0.5064302682876587,0.5216760039329529,0.6243252158164978,0.5809122920036316
2025-03-17,Iwik,ACOLITE,S2C_MSI_2025_03_17_11_46_19_T28QCH_L2W,C:\Users\Simon\Nextcloud\Project\Mauritania\Science\Arguin - FieldWork Data Processing\Data\S2\ACOLITE\2025-03-17,145,1026,2944,363495.0,2199715.0,0.16763311624526978,0.21228784322738647,0.30902257561683655,0.437222957611084,0.45884791016578674,0.48476386070251465,0.49806204438209534,0.5041041970252991,0.5216763019561768,0.6243247389793396,0.5809090733528137
2025-03-17,Iwik,ACOLITE,S2C_MSI_2025_03_17_11_46_19_T28QCH_L2W,C:\Users\Simon\Nextcloud\Project\Mauritania\Science\Arguin - FieldWork Data Processing\Data\S2\ACOLITE\2025-03-17,146,1026,2945,363505.0,2199715.0,0.16763566434383392,0.21348430216312408,0.3121583163738251,0.4374351501464844,0.4595864415168762,0.48538756370544434,0.5028249621391296,0.5084393620491028,0.5210806727409363,0.6246299147605896,0.5787951946258545
2025-03-17,Iwik,ACOLITE,S2C_MSI_2025_03_17_11_46_19_T28QCH_L2W,C:\Users\Simon\Nextcloud\Project\Mauritania\Science\Arguin - FieldWork Data Processing\Data\S2\ACOLITE\2025-03-17,147,1026,2946,363515.0,2199715.0,0.16763821244239807,0.21730482578277588,0.3174932301044464,0.4408189654350281,0.459587037563324,0.48538804054260254,0.5028253197669983,0.5103417634963989,0.5210809707641602,0.6246294379234314,0.5787920355796814
2025-03-17,Iwik,ACOLITE,S2C_MSI_2025_03_17_11_46_19_T28QCH_L2W,C:\Users\Simon\Nextcloud\Project\Mauritania\Science\Arguin - FieldWork Data Processing\Data\S2\ACOLITE\2025-03-17,148,1026,2947,363525.0,2199715.0,0.16764074563980103,0.21599483489990234,0.3172627091407776,0.4416649639606476,0.46285444498062134,0.4895413815975189,0.5039397478103638,0.510025143623352,0.5224717855453491,0.6244253516197205,0.5798997282981873
2025-03-17,Iwik,ACOLITE,S2C_MSI_2025_03_17_11_46_19_T28QCH_L2W,C:\Users\Simon\Nextcloud\Project\Mauritania\Science\Arguin - FieldWork Data Processing\Data\S2\ACOLITE\2025-03-17,149,1026,2948,363535.0,2199715.0,0.16764327883720398,0.21766652166843414,0.31865400075912476,0.44251084327697754,0.4628550112247467,0.48954182863235474,0.5039401650428772,0.5089688301086426,0.522472083568573,0.6244248747825623,0.5798965692520142
2025-03-17,Iwik,ACOLITE,S2C_MSI_2025_03_17_11_46_19_T28QCH_L2W,C:\Users\Simon\Nextcloud\Project\Mauritania\Science\Arguin - FieldWork Data Processing\Data\S2\ACOLITE\2025-03-17,150,1026,2949,363545.0,2199715.0,0.16521921753883362,0.21945630013942719,0.316801518201828,0.44092655181884766,0.46074819564819336,0.4869471490383148,0.5013070702552795,0.5120329856872559,0.5198898911476135,0.6238133311271667,0.5781158208847046
2025-03-17,Iwik,ACOLITE,S2C_MSI_2025_03_17_11_46_19_T28QCH_L2W,C:\Users\Simon\Nextcloud\Project\Mauritania\Science\Arguin - FieldWork Data Processing\Data\S2\ACOLITE\2025-03-17,151,1026,2950,363555.0,2199715.0,0.16522179543972015,0.21647801995277405,0.31645503640174866,0.4386015832424164,0.4607487618923187,0.48694756627082825,0.501307487487793,0.5091809034347534,0.5198902487754822,0.6238129138946533,0.5781126022338867
2025-03-17,Iwik,ACOLITE,S2C_MSI_2025_03_17_11_46_19_T28QCH_L2W,C:\Users\Simon\Nextcloud\Project\Mauritania\Science\Arguin - FieldWork Data Processing\Data\S2\ACOLITE\2025-03-17,152,1026,2951,363565.0,2199715.0,0.1652243584394455,0.2123020738363266,0.3150651752948761,0.4351116418838501,0.4567428231239319,0.48133811354637146,0.5002946257591248,0.5060101747512817,0.5158158540725708,0.6202465891838074,0.5747759938240051
2025-03-17,Iwik,ACOLITE,S2C_MSI_2025_03_17_11_46_19_T28QCH_L2W,C:\Users\Simon\Nextcloud\Project\Mauritania\Science\Arguin - FieldWork Data Processing\Data\S2\ACOLITE\2025-03-17,153,1026,2952,363575.0,2199715.0,0.16522692143917084,0.21767447888851166,0.31390678882598877,0.43923723697662354,0.45674341917037964,0.48133859038352966,0.5002949833869934,0.5075963139533997,0.5158162117004395,0.620246171951294,0.5747727751731873
2025-03-17,Iwik,ACOLITE,S2C_MSI_2025_03_17_11_46_19_T28QCH_L2W,C:\Users\Simon\Nextcloud\Project\Mauritania\Science\Arguin - FieldWork Data Processing\Data\S2\ACOLITE\2025-03-17,154,1027,2936,363415.0,2199705.0,0.17932528257369995,0.22324000298976898,0.3236166834831238,0.4497867524623871,0.47053226828575134,0.4974173605442047,0.5126370787620544,0.5211045145988464,0.5343728065490723,0.6356266736984253,0.5924836993217468
2025-03-17,Iwik,ACOLITE,S2C_MSI_2025_03_17_11_46_19_T28QCH_L2W,C:\Users\Simon\Nextcloud\Project\Mauritania\Science\Arguin - FieldWork Data Processing\Data\S2\ACOLITE\2025-03-17,155,1027,2937,363425.0,2199705.0,0.17118577659130096,0.2206229418516159,0.3206092119216919,0.4435599744319916,0.4664289951324463,0.49316757917404175,0.5075799226760864,0.5175182819366455,0.5292173624038696,0.631149411201477,0.5862639546394348
2025-03-17,Iwik,ACOLITE,S2C_MSI_2025_03_17_11_46_19_T28QCH_L2W,C:\Users\Simon\Nextcloud\Project\Mauritania\Science\Arguin - FieldWork Data Processing\Data\S2\ACOLITE\2025-03-17,156,1027,2938,363435.0,2199705.0,0.17118829488754272,0.21883781254291534,0.3173675239086151,0.4437718391418457,0.46642956137657166,0.49316802620887756,0.5075803399085999,0.5118176937103271,0.5292176604270935,0.6311489939689636,0.5862606763839722
2025-03-17,Iwik,ACOLITE,S2C_MSI_2025_03_17_11_46_19_T28QCH_L2W,C:\Users\Simon\Nextcloud\Project\Mauritania\Science\Arguin - FieldWork Data Processing\Data\S2\ACOLITE\2025-03-17,157,1027,2939,363445.0,2199705.0,0.17119081318378448,0.21609723567962646,0.31933796405792236,0.44176530838012695,0.462533563375473,0.49047139286994934,0.5047464370727539,0.5119236707687378,0.5251496434211731,0.6278911232948303,0.5819262862205505
2025-03-17,Iwik,ACOLITE,S2C_MSI_2025_03_17_11_46_19_T28QCH_L2W,C:\Users\Simon\Nextcloud\Project\Mauritania\Science\Arguin - FieldWork Data Processing\Data\S2\ACOLITE\2025-03-17,158,1027,2940,363455.0,2199705.0,0.17119331657886505,0.21669568121433258,0.3155154287815094,0.4401806890964508,0.4625341296195984,0.49047183990478516,0.5047468543052673,0.5099167823791504,0.525149941444397,0.6278907060623169,0.5819230675697327
2025-03-17,Iwik,ACOLITE,S2C_MSI_2025_03_17_11_46_19_T28QCH_L2W,C:\Users\Simon\Nextcloud\Project\Mauritania\Science\Arguin - FieldWork Data Processing\Data\S2\ACOLITE\2025-03-17,159,1027,2941,363465.0,2199705.0,0.171195849776268,0.21800939738750458,0.31389322876930237,0.4417665898799896,0.45926758646965027,0.48600858449935913,0.5020127892494202,0.5094944834709167,0.5241575837135315,0.6244279742240906,0.5806979537010193
2025-03-17,Iwik,ACOLITE,S2C_MSI_2025_03_17_11_46_19_T28QCH_L2W,C:\Users\Simon\Nextcloud\Project\Mauritania\Science\Arguin - FieldWork Data Processing\Data\S2\ACOLITE\2025-03-17,160,1027,2942,363475.0,2199705.0,0.17119836807250977,0.21431313455104828,0.3147061765193939,0.43817317485809326,0.45926815271377563,0.48600903153419495,0.5020132064819336,0.5096005201339722,0.5241579413414001,0.6244275569915771,0.5806947350502014
2025-03-17,Iwik,ACOLITE,S2C_MSI_2025_03_17_11_46_19_T28QCH_L2W,C:\Users\Simon\Nextcloud\Project\Mauritania\Science\Arguin - FieldWork Data Processing\Data\S2\ACOLITE\2025-03-17,161,1027,2943,363485.0,2199705.0,0.16762949526309967,0.21467325091362,0.3114590346813202,0.43489450216293335,0.4588470458984375,0.48476311564445496,0.4980613887310028,0.504526674747467,0.5216757655143738,0.6243252754211426,0.5809137225151062
2025-03-17,Iwik,ACOLITE,S2C_MSI_2025_03_17_11_46_19_T28QCH_L2W,C:\Users\Simon\Nextcloud\Project\Mauritania\Science\Arguin - FieldWork Data Processing\Data\S2\ACOLITE\2025-03-17,162,1027,2944,363495.0,2199705.0,0.16763202846050262,0.21264538168907166,0.3113442063331604,0.4371168911457062,0.45884761214256287,0.48476359248161316,0.49806180596351624,0.5069589614868164,0.5216761231422424,0.6243247985839844,0.5809105038642883
2025-03-17,Iwik,ACOLITE,S2C_MSI_2025_03_17_11_46_19_T28QCH_L2W,C:\Users\Simon\Nextcloud\Project\Mauritania\Science\Arguin - FieldWork Data Processing\Data\S2\ACOLITE\2025-03-17,163,1027,2945,363505.0,2199705.0,0.16763457655906677,0.21157211065292358,0.3120417296886444,0.4366944134235382,0.45958614349365234,0.48538729548454285,0.5028246641159058,0.5072764754295349,0.5210804343223572,0.6246299147605896,0.5787966251373291
2025-03-17,Iwik,ACOLITE,S2C_MSI_2025_03_17_11_46_19_T28QCH_L2W,C:\Users\Simon\Nextcloud\Project\Mauritania\Science\Arguin - FieldWork Data Processing\Data\S2\ACOLITE\2025-03-17,164,1027,2946,363515.0,2199705.0,0.16763713955879211,0.21599198877811432,0.31331920623779297,0.4379642903804779,0.4595867395401001,0.48538777232170105,0.5028250813484192,0.506325364112854,0.5210807919502258,0.6246294975280762,0.5787934064865112
2025-03-17,Iwik,ACOLITE,S2C_MSI_2025_03_17_11_46_19_T28QCH_L2W,C:\Users\Simon\Nextcloud\Project\Mauritania\Science\Arguin - FieldWork Data Processing\Data\S2\ACOLITE\2025-03-17,165,1027,2947,363525.0,2199705.0,0.16763968765735626,0.21468134224414825,0.3135523498058319,0.4383878707885742,0.46285414695739746,0.48954108357429504,0.5039395093917847,0.5082284808158875,0.52247154712677,0.6244254112243652,0.5799011588096619
2025-03-17,Iwik,ACOLITE,S2C_MSI_2025_03_17_11_46_19_T28QCH_L2W,C:\Users\Simon\Nextcloud\Project\Mauritania\Science\Arguin - FieldWork Data Processing\Data\S2\ACOLITE\2025-03-17,166,1027,2948,363535.0,2199705.0,0.16764222085475922,0.2176656872034073,0.3173792064189911,0.4407142102718353,0.4628547132015228,0.48954156041145325,0.5039398670196533,0.5115042924880981,0.5224719047546387,0.6244249939918518,0.579897940158844
2025-03-17,Iwik,ACOLITE,S2C_MSI_2025_03_17_11_46_19_T28QCH_L2W,C:\Users\Simon\Nextcloud\Project\Mauritania\Science\Arguin - FieldWork Data Processing\Data\S2\ACOLITE\2025-03-17,167,1027,2949,363545.0,2199705.0,0.16521817445755005,0.21659444272518158,0.31541016697883606,0.44219422340393066,0.4607478976249695,0.48694685101509094,0.5013068318367004,0.5109764933586121,0.5198897123336792,0.6238133907318115,0.5781171917915344
2025-03-17,Iwik,ACOLITE,S2C_MSI_2025_03_17_11_46_19_T28QCH_L2W,C:\Users\Simon\Nextcloud\Project\Mauritania\Science\Arguin - FieldWork Data Processing\Data\S2\ACOLITE\2025-03-17,168,1027,2950,363555.0,2199705.0,0.1652207374572754,0.21420994400978088,0.31088709831237793,0.43616873025894165,0.46074846386909485,0.48694732785224915,0.5013072490692139,0.5044234395027161,0.5198900103569031,0.6238129734992981,0.5781140327453613
2025-03-17,Iwik,ACOLITE,S2C_MSI_2025_03_17_11_46_19_T28QCH_L2W,C:\Users\Simon\Nextcloud\Project\Mauritania\Science\Arguin - FieldWork Data Processing\Data\S2\ACOLITE\2025-03-17,169,1027,2951,363565.0,2199705.0,0.16522331535816193,0.21277904510498047,0.3128611445426941,0.4346880316734314,0.4567425549030304,0.48133784532546997,0.5002943873405457,0.5060099959373474,0.5158156752586365,0.6202466487884521,0.5747773051261902
2025-03-17,Iwik,ACOLITE,S2C_MSI_2025_03_17_11_46_19_T28QCH_L2W,C:\Users\Simon\Nextcloud\Project\Mauritania\Science\Arguin - FieldWork Data Processing\Data\S2\ACOLITE\2025-03-17,170,1027,2952,363575.0,2199705.0,0.16522587835788727,0.21254217624664307,0.3125142455101013,0.4378623366355896,0.45674312114715576,0.48133835196495056,0.5002947449684143,0.5046356320381165,0.5158159732818604,0.6202462315559387,0.5747741460800171
2025-03-17,Iwik,ACOLITE,S2C_MSI_2025_03_17_11_46_19_T28QCH_L2W,C:\Users\Simon\Nextcloud\Project\Mauritania\Science\Arguin - FieldWork Data Processing\Data\S2\ACOLITE\2025-03-17,171,1028,2936,363415.0,2199695.0,0.1793241798877716,0.2230011224746704,0.3238474726676941,0.4477819502353668,0.4705319404602051,0.4986604154109955,0.5128390789031982,0.5199441909790039,0.5357599258422852,0.6334903836250305,0.5884892344474792
2025-03-17,Iwik,ACOLITE,S2C_MSI_2025_03_17_11_46_19_T28QCH_L2W,C:\Users\Simon\Nextcloud\Project\Mauritania\Science\Arguin - FieldWork Data Processing\Data\S2\ACOLITE\2025-03-17,172,1028,2937,363425.0,2199695.0,0.17118464410305023,0.22252704203128815,0.32361727952957153,0.4471493661403656,0.46621814370155334,0.49233755469322205,0.5076808929443359,0.5183621644973755,0.5269352197647095,0.6297245621681213,0.5827116966247559
2025-03-17,Iwik,ACOLITE,S2C_MSI_2025_03_17_11_46_19_T28QCH_L2W,C:\Users\Simon\Nextcloud\Project\Mauritania\Science\Arguin - FieldWork Data Processing\Data\S2\ACOLITE\2025-03-17,173,1028,2938,363435.0,2199695.0,0.171187162399292,0.21847932040691376,0.32072561979293823,0.44186997413635254,0.4662186801433563,0.49233800172805786,0.5076813101768494,0.5093874931335449,0.5269355773925781,0.6297240853309631,0.5827085375785828
2025-03-17,Iwik,ACOLITE,S2C_MSI_2025_03_17_11_46_19_T28QCH_L2W,C:\Users\Simon\Nextcloud\Project\Mauritania\Science\Arguin - FieldWork Data Processing\Data\S2\ACOLITE\2025-03-17,174,1028,2939,363445.0,2199695.0,0.17118969559669495,0.2175275832414627,0.31539779901504517,0.441342294216156,0.4606364667415619,0.49047109484672546,0.5007959604263306,0.5067455172538757,0.5215749740600586,0.6242252588272095,0.577595055103302
2025-03-17,Iwik,ACOLITE,S2C_MSI_2025_03_17_11_46_19_T28QCH_L2W,C:\Users\Simon\Nextcloud\Project\Mauritania\Science\Arguin - FieldWork Data Processing\Data\S2\ACOLITE\2025-03-17,175,1028,2940,363455.0,2199695.0,0.1711922287940979,0.2205089032649994,0.3178327679634094,0.4411315619945526,0.46063706278800964,0.49047157168388367,0.500796377658844,0.5120294094085693,0.5215752720832825,0.624224841594696,0.5775918960571289
2025-03-17,Iwik,ACOLITE,S2C_MSI_2025_03_17_11_46_19_T28QCH_L2W,C:\Users\Simon\Nextcloud\Project\Mauritania\Science\Arguin - FieldWork Data Processing\Data\S2\ACOLITE\2025-03-17,176,1028,2941,363465.0,2199695.0,0.17119474709033966,0.21836614608764648,0.31748634576797485,0.4406037926673889,0.4615860879421234,0.48922672867774963,0.5028228759765625,0.5110790729522705,0.5244552493095398,0.6256502270698547,0.5784775018692017
2025-03-17,Iwik,ACOLITE,S2C_MSI_2025_03_17_11_46_19_T28QCH_L2W,C:\Users\Simon\Nextcloud\Project\Mauritania\Science\Arguin - FieldWork Data Processing\Data\S2\ACOLITE\2025-03-17,177,1028,2942,363475.0,2199695.0,0.17119726538658142,0.2137152999639511,0.31586503982543945,0.4393359422683716,0.4615866541862488,0.48922717571258545,0.5028232336044312,0.5107625126838684,0.5244555473327637,0.6256498098373413,0.5784742832183838
2025-03-17,Iwik,ACOLITE,S2C_MSI_2025_03_17_11_46_19_T28QCH_L2W,C:\Users\Simon\Nextcloud\Project\Mauritania\Science\Arguin - FieldWork Data Processing\Data\S2\ACOLITE\2025-03-17,178,1028,2943,363485.0,2199695.0,0.16762839257717133,0.21538850665092468,0.313895046710968,0.438385009765625,0.46053338050842285,0.4861131012439728,0.4999869167804718,0.5089666247367859,0.5202849507331848,0.6228992938995361,0.577804446220398
2025-03-17,Iwik,ACOLITE,S2C_MSI_2025_03_17_11_46_19_T28QCH_L2W,C:\Users\Simon\Nextcloud\Project\Mauritania\Science\Arguin - FieldWork Data Processing\Data\S2\ACOLITE\2025-03-17,179,1028,2944,363495.0,2199695.0,0.16763095557689667,0.21431632339954376,0.3121560513973236,0.4373281002044678,0.4605339467525482,0.4861135482788086,0.49998730421066284,0.5137204527854919,0.5202852487564087,0.6228988170623779,0.5778012871742249
2025-03-17,Iwik,ACOLITE,S2C_MSI_2025_03_17_11_46_19_T28QCH_L2W,C:\Users\Simon\Nextcloud\Project\Mauritania\Science\Arguin - FieldWork Data Processing\Data\S2\ACOLITE\2025-03-17,180,1028,2945,363505.0,2199695.0,0.16763350367546082,0.21228814125061035,0.3152889311313629,0.4384920597076416,0.45800432562828064,0.48767155408859253,0.49998772144317627,0.5056903958320618,0.5174039602279663,0.6220833659172058,0.5771313905715942
2025-03-17,Iwik,ACOLITE,S2C_MSI_2025_03_17_11_46_19_T28QCH_L2W,C:\Users\Simon\Nextcloud\Project\Mauritania\Science\Arguin - FieldWork Data Processing\Data\S2\ACOLITE\2025-03-17,181,1028,2946,363515.0,2199695.0,0.16763606667518616,0.215752512216568,0.31308668851852417,0.4391270577907562,0.4580049216747284,0.48767200112342834,0.4999881386756897,0.5056907534599304,0.517404317855835,0.6220829486846924,0.5771282315254211
2025-03-17,Iwik,ACOLITE,S2C_MSI_2025_03_17_11_46_19_T28QCH_L2W,C:\Users\Simon\Nextcloud\Project\Mauritania\Science\Arguin - FieldWork Data Processing\Data\S2\ACOLITE\2025-03-17,182,1028,2947,363525.0,2199695.0,0.1676386147737503,0.21491922438144684,0.3134358525276184,0.4384933412075043,0.4613787829875946,0.48871052265167236,0.500495195388794,0.5103416442871094,0.5192927122116089,0.6217768788337708,0.5759027004241943
2025-03-17,Iwik,ACOLITE,S2C_MSI_2025_03_17_11_46_19_T28QCH_L2W,C:\Users\Simon\Nextcloud\Project\Mauritania\Science\Arguin - FieldWork Data Processing\Data\S2\ACOLITE\2025-03-17,183,1028,2948,363535.0,2199695.0,0.16764117777347565,0.2142050415277481,0.31390100717544556,0.440925270318985,0.46137934923171997,0.4887109696865082,0.5004956126213074,0.514144241809845,0.5192930102348328,0.6217764616012573,0.5758994817733765
2025-03-17,Iwik,ACOLITE,S2C_MSI_2025_03_17_11_46_19_T28QCH_L2W,C:\Users\Simon\Nextcloud\Project\Mauritania\Science\Arguin - FieldWork Data Processing\Data\S2\ACOLITE\2025-03-17,184,1028,2949,363545.0,2199695.0,0.16521711647510529,0.21253523230552673,0.31448206305503845,0.4394461512565613,0.4565301239490509,0.48383069038391113,0.49988803267478943,0.5085460543632507,0.5125331282615662,0.6196361780166626,0.5722286701202393
2025-03-17,Iwik,ACOLITE,S2C_MSI_2025_03_17_11_46_19_T28QCH_L2W,C:\Users\Simon\Nextcloud\Project\Mauritania\Science\Arguin - FieldWork Data Processing\Data\S2\ACOLITE\2025-03-17,185,1028,2950,363555.0,2199695.0,0.16521969437599182,0.2125372737646103,0.3101900517940521,0.4324641823768616,0.45653071999549866,0.48383116722106934,0.49988842010498047,0.49712106585502625,0.51253342628479,0.6196357607841492,0.5722254514694214
2025-03-17,Iwik,ACOLITE,S2C_MSI_2025_03_17_11_46_19_T28QCH_L2W,C:\Users\Simon\Nextcloud\Project\Mauritania\Science\Arguin - FieldWork Data Processing\Data\S2\ACOLITE\2025-03-17,186,1028,2951,363565.0,2199695.0,0.16522227227687836,0.21265879273414612,0.31007513403892517,0.43151184916496277,0.4526268541812897,0.476657897233963,0.49451518058776855,0.501990556716919,0.5081554651260376,0.6151500940322876,0.5655511617660522
2025-03-17,Iwik,ACOLITE,S2C_MSI_2025_03_17_11_46_19_T28QCH_L2W,C:\Users\Simon\Nextcloud\Project\Mauritania\Science\Arguin - FieldWork Data Processing\Data\S2\ACOLITE\2025-03-17,187,1028,2952,363575.0,2199695.0,0.1652248650789261,0.20955342054367065,0.3089151382446289,0.43225374817848206,0.45262742042541504,0.4766584038734436,0.494515597820282,0.49828654527664185,0.5081558227539062,0.6151496767997742,0.5655480027198792
2025-03-17,Iwik,ACOLITE,S2C_MSI_2025_03_17_11_46_19_T28QCH_L2W,C:\Users\Simon\Nextcloud\Project\Mauritania\Science\Arguin - FieldWork Data Processing\Data\S2\ACOLITE\2025-03-17,188,1029,2936,363415.0,2199685.0,0.17932307720184326,0.22371414303779602,0.32269012928009033,0.44978612661361694,0.4705316126346588,0.4986601173877716,0.5128387808799744,0.5224748253822327,0.535759687423706,0.6334905028343201,0.5884907841682434
2025-03-17,Iwik,ACOLITE,S2C_MSI_2025_03_17_11_46_19_T28QCH_L2W,C:\Users\Simon\Nextcloud\Project\Mauritania\Science\Arguin - FieldWork Data Processing\Data\S2\ACOLITE\2025-03-17,189,1029,2937,363425.0,2199685.0,0.1711835116147995,0.22205005586147308,0.3233853876590729,0.4477822482585907,0.4662178158760071,0.49233728647232056,0.5076806545257568,0.5183619260787964,0.5269350409507751,0.6297246217727661,0.58271324634552
2025-03-17,Iwik,ACOLITE,S2C_MSI_2025_03_17_11_46_19_T28QCH_L2W,C:\Users\Simon\Nextcloud\Project\Mauritania\Science\Arguin - FieldWork Data Processing\Data\S2\ACOLITE\2025-03-17,190,1029,2938,363435.0,2199685.0,0.17118604481220245,0.21967017650604248,0.31667110323905945,0.4410242736339569,0.46621838212013245,0.49233776330947876,0.5076810121536255,0.5095986127853394,0.526935338973999,0.6297241449356079,0.5827100276947021
2025-03-17,Iwik,ACOLITE,S2C_MSI_2025_03_17_11_46_19_T28QCH_L2W,C:\Users\Simon\Nextcloud\Project\Mauritania\Science\Arguin - FieldWork Data Processing\Data\S2\ACOLITE\2025-03-17,191,1029,2939,363445.0,2199685.0,0.1711885780096054,0.21859964728355408,0.3159768879413605,0.4380648732185364,0.460636168718338,0.4904707968235016,0.5007957220077515,0.5083308815956116,0.5215747356414795,0.624225378036499,0.5775965452194214
2025-03-17,Iwik,ACOLITE,S2C_MSI_2025_03_17_11_46_19_T28QCH_L2W,C:\Users\Simon\Nextcloud\Project\Mauritania\Science\Arguin - FieldWork Data Processing\Data\S2\ACOLITE\2025-03-17,192,1029,2940,363455.0,2199685.0,0.17119111120700836,0.22003155946731567,0.31817978620529175,0.4416595995426178,0.4606367349624634,0.4904712736606598,0.5007961392402649,0.5130853056907654,0.5215750932693481,0.6242249011993408,0.5775933265686035
2025-03-17,Iwik,ACOLITE,S2C_MSI_2025_03_17_11_46_19_T28QCH_L2W,C:\Users\Simon\Nextcloud\Project\Mauritania\Science\Arguin - FieldWork Data Processing\Data\S2\ACOLITE\2025-03-17,193,1029,2941,363465.0,2199685.0,0.17119364440441132,0.22027181088924408,0.32107579708099365,0.444723516702652,0.46158578991889954,0.48922643065452576,0.5028226375579834,0.5151972770690918,0.5244550108909607,0.6256503462791443,0.5784789323806763
2025-03-17,Iwik,ACOLITE,S2C_MSI_2025_03_17_11_46_19_T28QCH_L2W,C:\Users\Simon\Nextcloud\Project\Mauritania\Science\Arguin - FieldWork Data Processing\Data\S2\ACOLITE\2025-03-17,194,1029,2942,363475.0,2199685.0,0.17119619250297546,0.21550489962100983,0.31725528836250305,0.4425061345100403,0.4615863561630249,0.4892268776893616,0.502822995185852,0.5131915807723999,0.5244553089141846,0.6256499290466309,0.5784757137298584
2025-03-17,Iwik,ACOLITE,S2C_MSI_2025_03_17_11_46_19_T28QCH_L2W,C:\Users\Simon\Nextcloud\Project\Mauritania\Science\Arguin - FieldWork Data Processing\Data\S2\ACOLITE\2025-03-17,195,1029,2943,363485.0,2199685.0,0.16762728989124298,0.21550694108009338,0.31377851963043213,0.4382789433002472,0.4605330526828766,0.4861128032207489,0.4999866783618927,0.5093890428543091,0.5202847719192505,0.6228993535041809,0.5778058767318726
2025-03-17,Iwik,ACOLITE,S2C_MSI_2025_03_17_11_46_19_T28QCH_L2W,C:\Users\Simon\Nextcloud\Project\Mauritania\Science\Arguin - FieldWork Data Processing\Data\S2\ACOLITE\2025-03-17,196,1029,2944,363495.0,2199685.0,0.16762985289096832,0.2153896540403366,0.3115752637386322,0.43806809186935425,0.46053361892700195,0.4861132800579071,0.49998706579208374,0.5082269310951233,0.5202850699424744,0.6228989362716675,0.5778027176856995
2025-03-17,Iwik,ACOLITE,S2C_MSI_2025_03_17_11_46_19_T28QCH_L2W,C:\Users\Simon\Nextcloud\Project\Mauritania\Science\Arguin - FieldWork Data Processing\Data\S2\ACOLITE\2025-03-17,197,1029,2945,363505.0,2199685.0,0.16763243079185486,0.21348169445991516,0.3128529191017151,0.4403946101665497,0.45800402760505676,0.48767125606536865,0.4999874532222748,0.507487416267395,0.517403781414032,0.6220834851264954,0.5771328210830688
2025-03-17,Iwik,ACOLITE,S2C_MSI_2025_03_17_11_46_19_T28QCH_L2W,C:\Users\Simon\Nextcloud\Project\Mauritania\Science\Arguin - FieldWork Data Processing\Data\S2\ACOLITE\2025-03-17,198,1029,2946,363515.0,2199685.0,0.1676349937915802,0.21300603449344635,0.31494179368019104,0.43859806656837463,0.4580046236515045,0.48767173290252686,0.4999878704547882,0.5050560235977173,0.5174040794372559,0.6220830678939819,0.577129602432251
2025-03-17,Iwik,ACOLITE,S2C_MSI_2025_03_17_11_46_19_T28QCH_L2W,C:\Users\Simon\Nextcloud\Project\Mauritania\Science\Arguin - FieldWork Data Processing\Data\S2\ACOLITE\2025-03-17,199,1029,2947,363525.0,2199685.0,0.16763755679130554,0.21324695646762848,0.31355130672454834,0.4387044608592987,0.46137845516204834,0.4887102544307709,0.5004949569702148,0.5054793953895569,0.5192924737930298,0.6217769384384155,0.5759040713310242
2025-03-17,Iwik,ACOLITE,S2C_MSI_2025_03_17_11_46_19_T28QCH_L2W,C:\Users\Simon\Nextcloud\Project\Mauritania\Science\Arguin - FieldWork Data Processing\Data\S2\ACOLITE\2025-03-17,200,1029,2948,363535.0,2199685.0,0.16764011979103088,0.21324898302555084,0.31123191118240356,0.43849363923072815,0.4613790512084961,0.4887107014656067,0.5004953742027283,0.5056912302970886,0.5192928314208984,0.6217765212059021,0.5759009122848511
2025-03-17,Iwik,ACOLITE,S2C_MSI_2025_03_17_11_46_19_T28QCH_L2W,C:\Users\Simon\Nextcloud\Project\Mauritania\Science\Arguin - FieldWork Data Processing\Data\S2\ACOLITE\2025-03-17,201,1029,2949,363545.0,2199685.0,0.16521605849266052,0.2140868604183197,0.311117023229599,0.4346861243247986,0.456529825925827,0.48383042216300964,0.4998877942562103,0.5078060030937195,0.5125329494476318,0.6196362972259521,0.5722300410270691
2025-03-17,Iwik,ACOLITE,S2C_MSI_2025_03_17_11_46_19_T28QCH_L2W,C:\Users\Simon\Nextcloud\Project\Mauritania\Science\Arguin - FieldWork Data Processing\Data\S2\ACOLITE\2025-03-17,202,1029,2950,363555.0,2199685.0,0.16521865129470825,0.21552112698554993,0.3107700049877167,0.4334166944026947,0.4565304219722748,0.48383092880249023,0.49988821148872375,0.5004026889801025,0.5125332474708557,0.619635820388794,0.5722268223762512
2025-03-17,Iwik,ACOLITE,S2C_MSI_2025_03_17_11_46_19_T28QCH_L2W,C:\Users\Simon\Nextcloud\Project\Mauritania\Science\Arguin - FieldWork Data Processing\Data\S2\ACOLITE\2025-03-17,203,1029,2951,363565.0,2199685.0,0.16522124409675598,0.21110470592975616,0.3100746273994446,0.4310879111289978,0.4526265561580658,0.4766576290130615,0.49451494216918945,0.5011438727378845,0.5081552863121033,0.6151502132415771,0.5655524730682373
2025-03-17,Iwik,ACOLITE,S2C_MSI_2025_03_17_11_46_19_T28QCH_L2W,C:\Users\Simon\Nextcloud\Project\Mauritania\Science\Arguin - FieldWork Data Processing\Data\S2\ACOLITE\2025-03-17,204,1029,2952,363575.0,2199685.0,0.16522382199764252,0.2095525860786438,0.30844998359680176,0.43045303225517273,0.45262715220451355,0.4766581356525421,0.4945153594017029,0.4951092302799225,0.5081555843353271,0.615149736404419,0.5655493140220642
2025-03-17,Iwik,ACOLITE,S2C_MSI_2025_03_17_11_46_19_T28QCH_L2W,C:\Users\Simon\Nextcloud\Project\Mauritania\Science\Arguin - FieldWork Data Processing\Data\S2\ACOLITE\2025-03-17,205,1029,2953,363585.0,2199685.0,0.16522641479969025,0.2079996019601822,0.30496469140052795,0.428546667098999,0.449037104845047,0.47593027353286743,0.4893398582935333,0.49362635612487793,0.509250819683075,0.6100496649742126,0.5624316930770874
2025-03-17,Iwik,ACOLITE,S2C_MSI_2025_03_17_11_46_19_T28QCH_L2W,C:\Users\Simon\Nextcloud\Project\Mauritania\Science\Arguin - FieldWork Data Processing\Data\S2\ACOLITE\2025-03-17,206,1030,2935,363405.0,2199675.0,0.17931950092315674,0.22561411559581757,0.32534849643707275,0.45073437690734863,0.4712669849395752,0.4958615303039551,0.5117259621620178,0.5242663025856018,0.5307037234306335,0.6313541531562805,0.5840539336204529
2025-03-17,Iwik,ACOLITE,S2C_MSI_2025_03_17_11_46_19_T28QCH_L2W,C:\Users\Simon\Nextcloud\Project\Mauritania\Science\Arguin - FieldWork Data Processing\Data\S2\ACOLITE\2025-03-17,207,1030,2936,363415.0,2199675.0,0.1793219894170761,0.2246648222208023,0.3228053152561188,0.4507350027561188,0.47126755118370056,0.4958620071411133,0.5117263793945312,0.5188888311386108,0.5307040810585022,0.6313536763191223,0.584050714969635
2025-03-17,Iwik,ACOLITE,S2C_MSI_2025_03_17_11_46_19_T28QCH_L2W,C:\Users\Simon\Nextcloud\Project\Mauritania\Science\Arguin - FieldWork Data Processing\Data\S2\ACOLITE\2025-03-17,208,1030,2937,363425.0,2199675.0,0.17118239402770996,0.222406268119812,0.32095491886138916,0.44841498136520386,0.4655858278274536,0.4901583194732666,0.5019091367721558,0.5175175666809082,0.5236592292785645,0.6252448558807373,0.5777155160903931
2025-03-17,Iwik,ACOLITE,S2C_MSI_2025_03_17_11_46_19_T28QCH_L2W,C:\Users\Simon\Nextcloud\Project\Mauritania\Science\Arguin - FieldWork Data Processing\Data\S2\ACOLITE\2025-03-17,209,1030,2938,363435.0,2199675.0,0.17118492722511292,0.22026494145393372,0.31585919857025146,0.4427145719528198,0.465586394071579,0.4901587665081024,0.5019095540046692,0.5115000605583191,0.5236595869064331,0.6252443790435791,0.5777122974395752
2025-03-17,Iwik,ACOLITE,S2C_MSI_2025_03_17_11_46_19_T28QCH_L2W,C:\Users\Simon\Nextcloud\Project\Mauritania\Science\Arguin - FieldWork Data Processing\Data\S2\ACOLITE\2025-03-17,210,1030,2939,363445.0,2199675.0,0.17118747532367706,0.2172873169183731,0.3167876601219177,0.43795880675315857,0.45884376764297485,0.4849681556224823,0.5001875162124634,0.5083306431770325,0.5212765336036682,0.6213729381561279,0.5749309062957764
2025-03-17,Iwik,ACOLITE,S2C_MSI_2025_03_17_11_46_19_T28QCH_L2W,C:\Users\Simon\Nextcloud\Project\Mauritania\Science\Arguin - FieldWork Data Processing\Data\S2\ACOLITE\2025-03-17,211,1030,2940,363455.0,2199675.0,0.17119000852108002,0.2203880399465561,0.3169047236442566,0.4437721073627472,0.4588443338871002,0.4849686324596405,0.5001879334449768,0.5119233131408691,0.5212768912315369,0.6213725209236145,0.5749276876449585
2025-03-17,Iwik,ACOLITE,S2C_MSI_2025_03_17_11_46_19_T28QCH_L2W,C:\Users\Simon\Nextcloud\Project\Mauritania\Science\Arguin - FieldWork Data Processing\Data\S2\ACOLITE\2025-03-17,212,1030,2941,363465.0,2199675.0,0.17119254171848297,0.21919867396354675,0.3202649652957916,0.44282209873199463,0.4600045680999756,0.4876691401004791,0.5026198029518127,0.5134022235870361,0.5217737555503845,0.624122679233551,0.5753690600395203
2025-03-17,Iwik,ACOLITE,S2C_MSI_2025_03_17_11_46_19_T28QCH_L2W,C:\Users\Simon\Nextcloud\Project\Mauritania\Science\Arguin - FieldWork Data Processing\Data\S2\ACOLITE\2025-03-17,213,1030,2942,363475.0,2199675.0,0.17119508981704712,0.2172933667898178,0.31655943393707275,0.4380664825439453,0.46000516414642334,0.48766958713531494,0.5026202201843262,0.5130857229232788,0.5217741131782532,0.6241222620010376,0.5753658413887024
2025-03-17,Iwik,ACOLITE,S2C_MSI_2025_03_17_11_46_19_T28QCH_L2W,C:\Users\Simon\Nextcloud\Project\Mauritania\Science\Arguin - FieldWork Data Processing\Data\S2\ACOLITE\2025-03-17,214,1030,2943,363485.0,2199675.0,0.16762618720531464,0.21467065811157227,0.3134300112724304,0.43774986267089844,0.46032193303108215,0.48632022738456726,0.5003917813301086,0.5081206560134888,0.5204831957817078,0.6224919557571411,0.5756960511207581
2025-03-17,Iwik,ACOLITE,S2C_MSI_2025_03_17_11_46_19_T28QCH_L2W,C:\Users\Simon\Nextcloud\Project\Mauritania\Science\Arguin - FieldWork Data Processing\Data\S2\ACOLITE\2025-03-17,215,1030,2944,363495.0,2199675.0,0.16762878000736237,0.21491141617298126,0.31203892827033997,0.4393365681171417,0.4603224992752075,0.48632073402404785,0.5003921985626221,0.5071697235107422,0.5204834938049316,0.6224914789199829,0.5756928324699402
2025-03-17,Iwik,ACOLITE,S2C_MSI_2025_03_17_11_46_19_T28QCH_L2W,C:\Users\Simon\Nextcloud\Project\Mauritania\Science\Arguin - FieldWork Data Processing\Data\S2\ACOLITE\2025-03-17,216,1030,2945,363505.0,2199675.0,0.1676313430070877,0.21312254667282104,0.31064730882644653,0.4390200674533844,0.4566326439380646,0.4829970598220825,0.5002912282943726,0.506852924823761,0.5159124732017517,0.6206570863723755,0.5746894478797913
2025-03-17,Iwik,ACOLITE,S2C_MSI_2025_03_17_11_46_19_T28QCH_L2W,C:\Users\Simon\Nextcloud\Project\Mauritania\Science\Arguin - FieldWork Data Processing\Data\S2\ACOLITE\2025-03-17,217,1030,2946,363515.0,2199675.0,0.16763390600681305,0.2128857523202896,0.31494128704071045,0.43500128388404846,0.45663323998451233,0.4829975366592407,0.500291645526886,0.5034693479537964,0.5159128308296204,0.6206566691398621,0.5746862292289734
2025-03-17,Iwik,ACOLITE,S2C_MSI_2025_03_17_11_46_19_T28QCH_L2W,C:\Users\Simon\Nextcloud\Project\Mauritania\Science\Arguin - FieldWork Data Processing\Data\S2\ACOLITE\2025-03-17,218,1030,2947,363525.0,2199675.0,0.16763649880886078,0.21276836097240448,0.314014732837677,0.43468448519706726,0.4564228355884552,0.4818548262119293,0.49654144048690796,0.5052676796913147,0.5152171850204468,0.619127631187439,0.571237325668335
2025-03-17,Iwik,ACOLITE,S2C_MSI_2025_03_17_11_46_19_T28QCH_L2W,C:\Users\Simon\Nextcloud\Project\Mauritania\Science\Arguin - FieldWork Data Processing\Data\S2\ACOLITE\2025-03-17,219,1030,2948,363535.0,2199675.0,0.16763906180858612,0.21277040243148804,0.31215980648994446,0.4371185302734375,0.45642343163490295,0.4818553328514099,0.4965418577194214,0.5061139464378357,0.5152175426483154,0.6191271543502808,0.5712341070175171
2025-03-17,Iwik,ACOLITE,S2C_MSI_2025_03_17_11_46_19_T28QCH_L2W,C:\Users\Simon\Nextcloud\Project\Mauritania\Science\Arguin - FieldWork Data Processing\Data\S2\ACOLITE\2025-03-17,220,1030,2949,363545.0,2199675.0,0.16521500051021576,0.2145635336637497,0.3099555969238281,0.4346857964992523,0.45346954464912415,0.4778006970882416,0.49329641461372375,0.5029415488243103,0.5081543922424316,0.6166804432868958,0.5663386583328247
2025-03-17,Iwik,ACOLITE,S2C_MSI_2025_03_17_11_46_19_T28QCH_L2W,C:\Users\Simon\Nextcloud\Project\Mauritania\Science\Arguin - FieldWork Data Processing\Data\S2\ACOLITE\2025-03-17,221,1030,2950,363555.0,2199675.0,0.1652175933122635,0.21002590656280518,0.30774998664855957,0.4310868978500366,0.4534701406955719,0.4778011739253998,0.4932968318462372,0.5007199048995972,0.5081546902656555,0.6166800260543823,0.5663354992866516
2025-03-17,Iwik,ACOLITE,S2C_MSI_2025_03_17_11_46_19_T28QCH_L2W,C:\Users\Simon\Nextcloud\Project\Mauritania\Science\Arguin - FieldWork Data Processing\Data\S2\ACOLITE\2025-03-17,222,1030,2951,363565.0,2199675.0,0.16522018611431122,0.2117013782262802,0.30868056416511536,0.43140530586242676,0.44924691319465637,0.4730146527290344,0.4895418584346771,0.5016726851463318,0.5077568292617798,0.6112748384475708,0.5607705116271973
2025-03-17,Iwik,ACOLITE,S2C_MSI_2025_03_17_11_46_19_T28QCH_L2W,C:\Users\Simon\Nextcloud\Project\Mauritania\Science\Arguin - FieldWork Data Processing\Data\S2\ACOLITE\2025-03-17,223,1030,2952,363575.0,2199675.0,0.16522279381752014,0.2094321846961975,0.3082171380519867,0.43108823895454407,0.4492475092411041,0.473015159368515,0.48954227566719055,0.49415549635887146,0.5077571868896484,0.6112743616104126,0.560767412185669
2025-03-17,Iwik,ACOLITE,S2C_MSI_2025_03_17_11_46_19_T28QCH_L2W,C:\Users\Simon\Nextcloud\Project\Mauritania\Science\Arguin - FieldWork Data Processing\Data\S2\ACOLITE\2025-03-17,224,1030,2953,363585.0,2199675.0,0.16522538661956787,0.2090754359960556,0.30519673228263855,0.4266384541988373,0.4469234347343445,0.4756178557872772,0.4874100983142853,0.4927784204483032,0.5065627694129944,0.6086212992668152,0.5593178272247314
2025-03-17,Iwik,ACOLITE,S2C_MSI_2025_03_17_11_46_19_T28QCH_L2W,C:\Users\Simon\Nextcloud\Project\Mauritania\Science\Arguin - FieldWork Data Processing\Data\S2\ACOLITE\2025-03-17,225,1031,2935,363405.0,2199665.0,0.1793183982372284,0.2254943549633026,0.3248854875564575,0.45653036236763,0.4712666869163513,0.4958612620830536,0.5117257237434387,0.5219468474388123,0.5307035446166992,0.6313542127609253,0.5840555429458618
2025-03-17,Iwik,ACOLITE,S2C_MSI_2025_03_17_11_46_19_T28QCH_L2W,C:\Users\Simon\Nextcloud\Project\Mauritania\Science\Arguin - FieldWork Data Processing\Data\S2\ACOLITE\2025-03-17,226,1031,2936,363415.0,2199665.0,0.17932087182998657,0.22513960301876068,0.3244240880012512,0.44788646697998047,0.4712672233581543,0.4958617091178894,0.5117260813713074,0.5161450505256653,0.5307038426399231,0.6313537359237671,0.5840522646903992
2025-03-17,Iwik,ACOLITE,S2C_MSI_2025_03_17_11_46_19_T28QCH_L2W,C:\Users\Simon\Nextcloud\Project\Mauritania\Science\Arguin - FieldWork Data Processing\Data\S2\ACOLITE\2025-03-17,227,1031,2937,363425.0,2199665.0,0.17118124663829803,0.22240538895130157,0.31921762228012085,0.4439811110496521,0.46558550000190735,0.4901580214500427,0.5019088387489319,0.5135061740875244,0.5236590504646301,0.6252449154853821,0.5777170062065125
2025-03-17,Iwik,ACOLITE,S2C_MSI_2025_03_17_11_46_19_T28QCH_L2W,C:\Users\Simon\Nextcloud\Project\Mauritania\Science\Arguin - FieldWork Data Processing\Data\S2\ACOLITE\2025-03-17,228,1031,2938,363435.0,2199665.0,0.17118380963802338,0.2195492386817932,0.31504711508750916,0.441023588180542,0.4655860662460327,0.49015846848487854,0.5019092559814453,0.5066387057304382,0.523659348487854,0.6252444982528687,0.5777137875556946
2025-03-17,Iwik,ACOLITE,S2C_MSI_2025_03_17_11_46_19_T28QCH_L2W,C:\Users\Simon\Nextcloud\Project\Mauritania\Science\Arguin - FieldWork Data Processing\Data\S2\ACOLITE\2025-03-17,229,1031,2939,363445.0,2199665.0,0.17118635773658752,0.2162129282951355,0.31597578525543213,0.43753543496131897,0.4588434398174286,0.4849678575992584,0.5001872777938843,0.503995418548584,0.5212763547897339,0.6213730573654175,0.5749323964118958
2025-03-17,Iwik,ACOLITE,S2C_MSI_2025_03_17_11_46_19_T28QCH_L2W,C:\Users\Simon\Nextcloud\Project\Mauritania\Science\Arguin - FieldWork Data Processing\Data\S2\ACOLITE\2025-03-17,230,1031,2940,363455.0,2199665.0,0.17118890583515167,0.2177654206752777,0.3158610463142395,0.43795910477638245,0.45884400606155396,0.4849683344364166,0.5001876354217529,0.5076965689659119,0.5212766528129578,0.621372640132904,0.5749291777610779
2025-03-17,Iwik,ACOLITE,S2C_MSI_2025_03_17_11_46_19_T28QCH_L2W,C:\Users\Simon\Nextcloud\Project\Mauritania\Science\Arguin - FieldWork Data Processing\Data\S2\ACOLITE\2025-03-17,231,1031,2941,363465.0,2199665.0,0.17119145393371582,0.2172904759645462,0.31563037633895874,0.44239917397499084,0.4600042700767517,0.48766884207725525,0.5026195645332336,0.5082253813743591,0.5217735767364502,0.6241227984428406,0.5753704905509949
2025-03-17,Iwik,ACOLITE,S2C_MSI_2025_03_17_11_46_19_T28QCH_L2W,C:\Users\Simon\Nextcloud\Project\Mauritania\Science\Arguin - FieldWork Data Processing\Data\S2\ACOLITE\2025-03-17,232,1031,2942,363475.0,2199665.0,0.17119400203227997,0.2171732634305954,0.31447213888168335,0.4360564649105072,0.4600048363208771,0.48766931891441345,0.5026199817657471,0.5107617974281311,0.5217738747596741,0.6241223812103271,0.575367271900177
2025-03-17,Iwik,ACOLITE,S2C_MSI_2025_03_17_11_46_19_T28QCH_L2W,C:\Users\Simon\Nextcloud\Project\Mauritania\Science\Arguin - FieldWork Data Processing\Data\S2\ACOLITE\2025-03-17,233,1031,2943,363485.0,2199665.0,0.16762509942054749,0.21538588404655457,0.31528499722480774,0.4383840262889862,0.4603216350078583,0.48631995916366577,0.5003914833068848,0.5062175989151001,0.5204829573631287,0.6224920153617859,0.5756974816322327
2025-03-17,Iwik,ACOLITE,S2C_MSI_2025_03_17_11_46_19_T28QCH_L2W,C:\Users\Simon\Nextcloud\Project\Mauritania\Science\Arguin - FieldWork Data Processing\Data\S2\ACOLITE\2025-03-17,234,1031,2944,363495.0,2199665.0,0.16762769222259521,0.21323907375335693,0.3133147060871124,0.436692476272583,0.46032220125198364,0.48632046580314636,0.5003919005393982,0.5064294338226318,0.5204833149909973,0.6224915981292725,0.5756942629814148
2025-03-17,Iwik,ACOLITE,S2C_MSI_2025_03_17_11_46_19_T28QCH_L2W,C:\Users\Simon\Nextcloud\Project\Mauritania\Science\Arguin - FieldWork Data Processing\Data\S2\ACOLITE\2025-03-17,235,1031,2945,363505.0,2199665.0,0.16763027012348175,0.21455451846122742,0.3112272322177887,0.4369046986103058,0.4566323459148407,0.48299676179885864,0.5002909898757935,0.5046321749687195,0.5159122347831726,0.620657205581665,0.5746908783912659
2025-03-17,Iwik,ACOLITE,S2C_MSI_2025_03_17_11_46_19_T28QCH_L2W,C:\Users\Simon\Nextcloud\Project\Mauritania\Science\Arguin - FieldWork Data Processing\Data\S2\ACOLITE\2025-03-17,236,1031,2946,363515.0,2199665.0,0.1676328480243683,0.21312373876571655,0.31447693705558777,0.43627068400382996,0.45663291215896606,0.48299723863601685,0.5002913475036621,0.5034691095352173,0.5159125924110413,0.6206567883491516,0.574687659740448
2025-03-17,Iwik,ACOLITE,S2C_MSI_2025_03_17_11_46_19_T28QCH_L2W,C:\Users\Simon\Nextcloud\Project\Mauritania\Science\Arguin - FieldWork Data Processing\Data\S2\ACOLITE\2025-03-17,237,1031,2947,363525.0,2199665.0,0.16763542592525482,0.21217021346092224,0.31366628408432007,0.4362713396549225,0.4564225375652313,0.48185455799102783,0.49654120206832886,0.5042098760604858,0.5152170062065125,0.6191276907920837,0.5712386965751648
2025-03-17,Iwik,ACOLITE,S2C_MSI_2025_03_17_11_46_19_T28QCH_L2W,C:\Users\Simon\Nextcloud\Project\Mauritania\Science\Arguin - FieldWork Data Processing\Data\S2\ACOLITE\2025-03-17,238,1031,2948,363535.0,2199665.0,0.16763801872730255,0.21300843358039856,0.3111147880554199,0.4356371760368347,0.4564231336116791,0.4818550646305084,0.4965415894985199,0.5050563216209412,0.5152173042297363,0.6191272735595703,0.5712355375289917
2025-03-17,Iwik,ACOLITE,S2C_MSI_2025_03_17_11_46_19_T28QCH_L2W,C:\Users\Simon\Nextcloud\Project\Mauritania\Science\Arguin - FieldWork Data Processing\Data\S2\ACOLITE\2025-03-17,239,1031,2949,363545.0,2199665.0,0.165213942527771,0.2142045497894287,0.30914220213890076,0.4353204071521759,0.45346924662590027,0.4778004288673401,0.49329617619514465,0.5012484788894653,0.5081541538238525,0.6166805624961853,0.5663399696350098
2025-03-17,Iwik,ACOLITE,S2C_MSI_2025_03_17_11_46_19_T28QCH_L2W,C:\Users\Simon\Nextcloud\Project\Mauritania\Science\Arguin - FieldWork Data Processing\Data\S2\ACOLITE\2025-03-17,240,1031,2950,363555.0,2199665.0,0.16521655023097992,0.210264191031456,0.3069360554218292,0.4290738105773926,0.45346981287002563,0.4778009355068207,0.4932965934276581,0.49913203716278076,0.5081545114517212,0.6166800856590271,0.5663368105888367
2025-03-17,Iwik,ACOLITE,S2C_MSI_2025_03_17_11_46_19_T28QCH_L2W,C:\Users\Simon\Nextcloud\Project\Mauritania\Science\Arguin - FieldWork Data Processing\Data\S2\ACOLITE\2025-03-17,241,1031,2951,363565.0,2199665.0,0.16521915793418884,0.21229791641235352,0.3068211078643799,0.4294983148574829,0.4492465853691101,0.47301435470581055,0.48954159021377563,0.4994499981403351,0.5077566504478455,0.6112748980522156,0.5607718825340271
2025-03-17,Iwik,ACOLITE,S2C_MSI_2025_03_17_11_46_19_T28QCH_L2W,C:\Users\Simon\Nextcloud\Project\Mauritania\Science\Arguin - FieldWork Data Processing\Data\S2\ACOLITE\2025-03-17,242,1031,2952,363575.0,2199665.0,0.16522175073623657,0.2096705287694931,0.30391573905944824,0.4253651201725006,0.44924721121788025,0.47301486134529114,0.48954203724861145,0.49192988872528076,0.5077570080757141,0.6112744808197021,0.560768723487854
2025-03-17,Iwik,ACOLITE,S2C_MSI_2025_03_17_11_46_19_T28QCH_L2W,C:\Users\Simon\Nextcloud\Project\Mauritania\Science\Arguin - FieldWork Data Processing\Data\S2\ACOLITE\2025-03-17,243,1031,2953,363585.0,2199665.0,0.1652243584394455,0.20560382306575775,0.30263733863830566,0.4258959889411926,0.4469231367111206,0.47561755776405334,0.48740988969802856,0.4909762740135193,0.5065625905990601,0.60862135887146,0.5593191385269165
2025-03-17,Iwik,ACOLITE,S2C_MSI_2025_03_17_11_46_19_T28QCH_L2W,C:\Users\Simon\Nextcloud\Project\Mauritania\Science\Arguin - FieldWork Data Processing\Data\S2\ACOLITE\2025-03-17,244,1032,2934,363395.0,2199655.0,0.17829863727092743,0.22477805614471436,0.3266177475452423,0.4486234784126282,0.4729481637477875,0.49907276034355164,0.5143536329269409,0.5220516920089722,0.5354611873626709,0.6336951851844788,0.5917211174964905
2025-03-17,Iwik,ACOLITE,S2C_MSI_2025_03_17_11_46_19_T28QCH_L2W,C:\Users\Simon\Nextcloud\Project\Mauritania\Science\Arguin - FieldWork Data Processing\Data\S2\ACOLITE\2025-03-17,245,1032,2935,363405.0,2199655.0,0.1783011257648468,0.22513674199581146,0.32511618733406067,0.4464079737663269,0.4695833921432495,0.49451327323913574,0.5107141733169556,0.5230008959770203,0.5316949486732483,0.6278933882713318,0.5817245841026306
2025-03-17,Iwik,ACOLITE,S2C_MSI_2025_03_17_11_46_19_T28QCH_L2W,C:\Users\Simon\Nextcloud\Project\Mauritania\Science\Arguin - FieldWork Data Processing\Data\S2\ACOLITE\2025-03-17,246,1032,2936,363415.0,2199655.0,0.17830361425876617,0.22632752358913422,0.3245392143726349,0.4459863603115082,0.4695839285850525,0.49451375007629395,0.5107145309448242,0.5167780518531799,0.5316952466964722,0.6278929114341736,0.581721305847168
2025-03-17,Iwik,ACOLITE,S2C_MSI_2025_03_17_11_46_19_T28QCH_L2W,C:\Users\Simon\Nextcloud\Project\Mauritania\Science\Arguin - FieldWork Data Processing\Data\S2\ACOLITE\2025-03-17,247,1032,2937,363425.0,2199655.0,0.1711801290512085,0.22240449488162994,0.32245829701423645,0.44355830550193787,0.4643215537071228,0.48995018005371094,0.5044406056404114,0.5153007507324219,0.5245523452758789,0.6242265105247498,0.5759406089782715
2025-03-17,Iwik,ACOLITE,S2C_MSI_2025_03_17_11_46_19_T28QCH_L2W,C:\Users\Simon\Nextcloud\Project\Mauritania\Science\Arguin - FieldWork Data Processing\Data\S2\ACOLITE\2025-03-17,248,1032,2938,363435.0,2199655.0,0.17118269205093384,0.21907171607017517,0.31481465697288513,0.43901488184928894,0.46432211995124817,0.48995065689086914,0.5044410228729248,0.5066384673118591,0.5245527029037476,0.6242260932922363,0.5759373307228088
2025-03-17,Iwik,ACOLITE,S2C_MSI_2025_03_17_11_46_19_T28QCH_L2W,C:\Users\Simon\Nextcloud\Project\Mauritania\Science\Arguin - FieldWork Data Processing\Data\S2\ACOLITE\2025-03-17,249,1032,2939,363445.0,2199655.0,0.17118524014949799,0.21513812243938446,0.316670686006546,0.434361070394516,0.46031898260116577,0.4855908155441284,0.5004909634590149,0.505158543586731,0.5186930298805237,0.6222901344299316,0.5718215703964233
2025-03-17,Iwik,ACOLITE,S2C_MSI_2025_03_17_11_46_19_T28QCH_L2W,C:\Users\Simon\Nextcloud\Project\Mauritania\Science\Arguin - FieldWork Data Processing\Data\S2\ACOLITE\2025-03-17,250,1032,2940,363455.0,2199655.0,0.17118780314922333,0.21633337438106537,0.3164401054382324,0.4342558979988098,0.4603195786476135,0.4855912923812866,0.5004913806915283,0.5049474239349365,0.5186933875083923,0.6222897171974182,0.5718183517456055
2025-03-17,Iwik,ACOLITE,S2C_MSI_2025_03_17_11_46_19_T28QCH_L2W,C:\Users\Simon\Nextcloud\Project\Mauritania\Science\Arguin - FieldWork Data Processing\Data\S2\ACOLITE\2025-03-17,251,1032,2941,363465.0,2199655.0,0.17119036614894867,0.21645471453666687,0.3147023320198059,0.43859389424324036,0.4562076926231384,0.4815395474433899,0.4946114420890808,0.5062166452407837,0.5160101652145386,0.618416965007782,0.5694804191589355
2025-03-17,Iwik,ACOLITE,S2C_MSI_2025_03_17_11_46_19_T28QCH_L2W,C:\Users\Simon\Nextcloud\Project\Mauritania\Science\Arguin - FieldWork Data Processing\Data\S2\ACOLITE\2025-03-17,252,1032,2942,363475.0,2199655.0,0.17119291424751282,0.2155022770166397,0.3137756884098053,0.43552708625793457,0.4562082886695862,0.4815400540828705,0.49461185932159424,0.5025153160095215,0.5160104632377625,0.6184165477752686,0.5694772601127625
2025-03-17,Iwik,ACOLITE,S2C_MSI_2025_03_17_11_46_19_T28QCH_L2W,C:\Users\Simon\Nextcloud\Project\Mauritania\Science\Arguin - FieldWork Data Processing\Data\S2\ACOLITE\2025-03-17,253,1032,2943,363485.0,2199655.0,0.1669856160879135,0.2162202000617981,0.3113403022289276,0.43595096468925476,0.45219850540161133,0.4781092703342438,0.49156826734542847,0.5057944655418396,0.5127292275428772,0.6181102991104126,0.5673612952232361
2025-03-17,Iwik,ACOLITE,S2C_MSI_2025_03_17_11_46_19_T28QCH_L2W,C:\Users\Simon\Nextcloud\Project\Mauritania\Science\Arguin - FieldWork Data Processing\Data\S2\ACOLITE\2025-03-17,254,1032,2944,363495.0,2199655.0,0.16698822379112244,0.21443220973014832,0.3140101134777069,0.43510517477989197,0.4521991014480591,0.478109747171402,0.4915686845779419,0.5041027665138245,0.5127295851707458,0.6181098818778992,0.5673580765724182
2025-03-17,Iwik,ACOLITE,S2C_MSI_2025_03_17_11_46_19_T28QCH_L2W,C:\Users\Simon\Nextcloud\Project\Mauritania\Science\Arguin - FieldWork Data Processing\Data\S2\ACOLITE\2025-03-17,255,1032,2945,363505.0,2199655.0,0.16699081659317017,0.21395672857761383,0.3123871982097626,0.43425920605659485,0.4533609449863434,0.47956621646881104,0.4921780228614807,0.5042089819908142,0.5134261250495911,0.6185171604156494,0.5682445764541626
2025-03-17,Iwik,ACOLITE,S2C_MSI_2025_03_17_11_46_19_T28QCH_L2W,C:\Users\Simon\Nextcloud\Project\Mauritania\Science\Arguin - FieldWork Data Processing\Data\S2\ACOLITE\2025-03-17,256,1032,2946,363515.0,2199655.0,0.1669934093952179,0.21371999382972717,0.31238842010498047,0.43267199397087097,0.45336154103279114,0.47956669330596924,0.49217844009399414,0.5068528056144714,0.5134264826774597,0.618516743183136,0.5682413578033447
2025-03-17,Iwik,ACOLITE,S2C_MSI_2025_03_17_11_46_19_T28QCH_L2W,C:\Users\Simon\Nextcloud\Project\Mauritania\Science\Arguin - FieldWork Data Processing\Data\S2\ACOLITE\2025-03-17,257,1032,2947,363525.0,2199655.0,0.16699601709842682,0.21240827441215515,0.3096037209033966,0.43531879782676697,0.4513562321662903,0.4771750569343567,0.49075788259506226,0.5023055672645569,0.5124321579933167,0.61515212059021,0.5660140514373779
2025-03-17,Iwik,ACOLITE,S2C_MSI_2025_03_17_11_46_19_T28QCH_L2W,C:\Users\Simon\Nextcloud\Project\Mauritania\Science\Arguin - FieldWork Data Processing\Data\S2\ACOLITE\2025-03-17,258,1032,2948,363535.0,2199655.0,0.16699860990047455,0.21169346570968628,0.3071654736995697,0.4305553436279297,0.4513568580150604,0.4771755337715149,0.49075835943222046,0.4977547526359558,0.5124325156211853,0.6151517629623413,0.5660108923912048
2025-03-17,Iwik,ACOLITE,S2C_MSI_2025_03_17_11_46_19_T28QCH_L2W,C:\Users\Simon\Nextcloud\Project\Mauritania\Science\Arguin - FieldWork Data Processing\Data\S2\ACOLITE\2025-03-17,259,1032,2949,363545.0,2199655.0,0.16457384824752808,0.21181505918502808,0.308677077293396,0.43045008182525635,0.447977215051651,0.472492516040802,0.48629048466682434,0.500613272190094,0.5045692324638367,0.6102557182312012,0.5600006580352783
2025-03-17,Iwik,ACOLITE,S2C_MSI_2025_03_17_11_46_19_T28QCH_L2W,C:\Users\Simon\Nextcloud\Project\Mauritania\Science\Arguin - FieldWork Data Processing\Data\S2\ACOLITE\2025-03-17,260,1032,2950,363555.0,2199655.0,0.164576455950737,0.20846939086914062,0.30600571632385254,0.422817587852478,0.44797781109809875,0.4724930226802826,0.48629090189933777,0.4963788390159607,0.5045695304870605,0.610255241394043,0.5599974989891052
2025-03-17,Iwik,ACOLITE,S2C_MSI_2025_03_17_11_46_19_T28QCH_L2W,C:\Users\Simon\Nextcloud\Project\Mauritania\Science\Arguin - FieldWork Data Processing\Data\S2\ACOLITE\2025-03-17,261,1032,2951,363565.0,2199655.0,0.16457907855510712,0.2073945552110672,0.30286699533462524,0.424939900636673,0.4449130594730377,0.47020223736763,0.4837509095668793,0.49182331562042236,0.5042710304260254,0.6079080104827881,0.5548749566078186
2025-03-17,Iwik,ACOLITE,S2C_MSI_2025_03_17_11_46_19_T28QCH_L2W,C:\Users\Simon\Nextcloud\Project\Mauritania\Science\Arguin - FieldWork Data Processing\Data\S2\ACOLITE\2025-03-17,262,1032,2952,363575.0,2199655.0,0.16458170115947723,0.2084735929965973,0.3018209636211395,0.42197006940841675,0.4449136555194855,0.4702027440071106,0.4837513566017151,0.4918237030506134,0.504271388053894,0.6079075932502747,0.5548718571662903
2025-03-17,Iwik,ACOLITE,S2C_MSI_2025_03_17_11_46_19_T28QCH_L2W,C:\Users\Simon\Nextcloud\Project\Mauritania\Science\Arguin - FieldWork Data Processing\Data\S2\ACOLITE\2025-03-17,263,1032,2953,363585.0,2199655.0,0.16458430886268616,0.2100304812192917,0.30426540970802307,0.4264258146286011,0.4448085427284241,0.4733274281024933,0.4895422160625458,0.4963799715042114,0.5068610310554504,0.6083153486251831,0.5576512813568115
2025-03-17,Iwik,ACOLITE,S2C_MSI_2025_03_17_11_46_19_T28QCH_L2W,C:\Users\Simon\Nextcloud\Project\Mauritania\Science\Arguin - FieldWork Data Processing\Data\S2\ACOLITE\2025-03-17,264,1033,2934,363395.0,2199645.0,0.1782975196838379,0.2257283478975296,0.32430508732795715,0.44946712255477905,0.4729478657245636,0.49907249212265015,0.514353334903717,0.5215242505073547,0.5354609489440918,0.6336952447891235,0.5917226672172546
2025-03-17,Iwik,ACOLITE,S2C_MSI_2025_03_17_11_46_19_T28QCH_L2W,C:\Users\Simon\Nextcloud\Project\Mauritania\Science\Arguin - FieldWork Data Processing\Data\S2\ACOLITE\2025-03-17,265,1033,2935,363405.0,2199645.0,0.17830002307891846,0.22656238079071045,0.32569369673728943,0.44704094529151917,0.46958306431770325,0.49451300501823425,0.5107138752937317,0.5209972858428955,0.5316947102546692,0.6278934478759766,0.5817261338233948
2025-03-17,Iwik,ACOLITE,S2C_MSI_2025_03_17_11_46_19_T28QCH_L2W,C:\Users\Simon\Nextcloud\Project\Mauritania\Science\Arguin - FieldWork Data Processing\Data\S2\ACOLITE\2025-03-17,266,1033,2936,363415.0,2199645.0,0.17830251157283783,0.2250189483165741,0.32372909784317017,0.44788581132888794,0.4695836305618286,0.49451348185539246,0.5107142925262451,0.5154057145118713,0.5316950082778931,0.6278930306434631,0.5817228555679321
2025-03-17,Iwik,ACOLITE,S2C_MSI_2025_03_17_11_46_19_T28QCH_L2W,C:\Users\Simon\Nextcloud\Project\Mauritania\Science\Arguin - FieldWork Data Processing\Data\S2\ACOLITE\2025-03-17,267,1033,2937,363425.0,2199645.0,0.17117899656295776,0.22180841863155365,0.3238459527492523,0.44588109850883484,0.46432119607925415,0.48994991183280945,0.5044403672218323,0.516672670841217,0.5245521068572998,0.6242266297340393,0.5759420394897461
2025-03-17,Iwik,ACOLITE,S2C_MSI_2025_03_17_11_46_19_T28QCH_L2W,C:\Users\Simon\Nextcloud\Project\Mauritania\Science\Arguin - FieldWork Data Processing\Data\S2\ACOLITE\2025-03-17,268,1033,2938,363435.0,2199645.0,0.1711815744638443,0.22157230973243713,0.31840696930885315,0.4411286413669586,0.4643217921257019,0.48995038866996765,0.5044407844543457,0.5145618915557861,0.5245524644851685,0.6242261528968811,0.5759388208389282
2025-03-17,Iwik,ACOLITE,S2C_MSI_2025_03_17_11_46_19_T28QCH_L2W,C:\Users\Simon\Nextcloud\Project\Mauritania\Science\Arguin - FieldWork Data Processing\Data\S2\ACOLITE\2025-03-17,269,1033,2939,363445.0,2199645.0,0.17118413746356964,0.22026430070400238,0.31806060671806335,0.4394381046295166,0.4603186845779419,0.48559051752090454,0.5004907250404358,0.5089640021324158,0.5186928510665894,0.6222902536392212,0.571823000907898
2025-03-17,Iwik,ACOLITE,S2C_MSI_2025_03_17_11_46_19_T28QCH_L2W,C:\Users\Simon\Nextcloud\Project\Mauritania\Science\Arguin - FieldWork Data Processing\Data\S2\ACOLITE\2025-03-17,270,1033,2940,363455.0,2199645.0,0.17118670046329498,0.2159745991230011,0.31585997343063354,0.43457305431365967,0.46031925082206726,0.48559099435806274,0.5004911422729492,0.5039952993392944,0.5186931490898132,0.6222898364067078,0.5718198418617249
2025-03-17,Iwik,ACOLITE,S2C_MSI_2025_03_17_11_46_19_T28QCH_L2W,C:\Users\Simon\Nextcloud\Project\Mauritania\Science\Arguin - FieldWork Data Processing\Data\S2\ACOLITE\2025-03-17,271,1033,2941,363465.0,2199645.0,0.17118924856185913,0.216095969080925,0.31191763281822205,0.4338328242301941,0.45620736479759216,0.481539249420166,0.4946111738681793,0.5035725831985474,0.5160099267959595,0.6184170842170715,0.5694818496704102
2025-03-17,Iwik,ACOLITE,S2C_MSI_2025_03_17_11_46_19_T28QCH_L2W,C:\Users\Simon\Nextcloud\Project\Mauritania\Science\Arguin - FieldWork Data Processing\Data\S2\ACOLITE\2025-03-17,272,1033,2942,363475.0,2199645.0,0.17119184136390686,0.21526272594928741,0.3094809055328369,0.4327748715877533,0.4562079906463623,0.4815397560596466,0.49461162090301514,0.5025150775909424,0.5160102844238281,0.6184166669845581,0.5694786906242371
2025-03-17,Iwik,ACOLITE,S2C_MSI_2025_03_17_11_46_19_T28QCH_L2W,C:\Users\Simon\Nextcloud\Project\Mauritania\Science\Arguin - FieldWork Data Processing\Data\S2\ACOLITE\2025-03-17,273,1033,2943,363485.0,2199645.0,0.16698452830314636,0.2121601700782776,0.3077397048473358,0.42938631772994995,0.45219817757606506,0.4781089723110199,0.491567999124527,0.4972231388092041,0.5127289891242981,0.6181104183197021,0.5673627257347107
2025-03-17,Iwik,ACOLITE,S2C_MSI_2025_03_17_11_46_19_T28QCH_L2W,C:\Users\Simon\Nextcloud\Project\Mauritania\Science\Arguin - FieldWork Data Processing\Data\S2\ACOLITE\2025-03-17,274,1033,2944,363495.0,2199645.0,0.1669871211051941,0.21144528687000275,0.30936720967292786,0.42800936102867126,0.4521988034248352,0.4781094789505005,0.4915684461593628,0.49849411845207214,0.5127293467521667,0.6181100010871887,0.5673595070838928
2025-03-17,Iwik,ACOLITE,S2C_MSI_2025_03_17_11_46_19_T28QCH_L2W,C:\Users\Simon\Nextcloud\Project\Mauritania\Science\Arguin - FieldWork Data Processing\Data\S2\ACOLITE\2025-03-17,275,1033,2945,363505.0,2199645.0,0.16698972880840302,0.2135976403951645,0.3106456995010376,0.43171799182891846,0.4533606469631195,0.47956591844558716,0.4921777844429016,0.5016697645187378,0.513425886631012,0.618517279624939,0.5682458877563477
2025-03-17,Iwik,ACOLITE,S2C_MSI_2025_03_17_11_46_19_T28QCH_L2W,C:\Users\Simon\Nextcloud\Project\Mauritania\Science\Arguin - FieldWork Data Processing\Data\S2\ACOLITE\2025-03-17,276,1033,2946,363515.0,2199645.0,0.16699235141277313,0.21407732367515564,0.3109952211380005,0.43235403299331665,0.45336124300956726,0.47956642508506775,0.49217820167541504,0.5001885890960693,0.5134262442588806,0.6185168027877808,0.5682427287101746
2025-03-17,Iwik,ACOLITE,S2C_MSI_2025_03_17_11_46_19_T28QCH_L2W,C:\Users\Simon\Nextcloud\Project\Mauritania\Science\Arguin - FieldWork Data Processing\Data\S2\ACOLITE\2025-03-17,277,1033,2947,363525.0,2199645.0,0.16699494421482086,0.2120489925146103,0.30948707461357117,0.4294949471950531,0.4513559341430664,0.4771747589111328,0.49075764417648315,0.4997655749320984,0.5124319195747375,0.6151522397994995,0.5660154223442078
2025-03-17,Iwik,ACOLITE,S2C_MSI_2025_03_17_11_46_19_T28QCH_L2W,C:\Users\Simon\Nextcloud\Project\Mauritania\Science\Arguin - FieldWork Data Processing\Data\S2\ACOLITE\2025-03-17,278,1033,2948,363535.0,2199645.0,0.16699755191802979,0.20966045558452606,0.3057701885700226,0.4282240867614746,0.45135655999183655,0.477175235748291,0.49075809121131897,0.4941532611846924,0.5124322772026062,0.6151518225669861,0.5660122632980347
2025-03-17,Iwik,ACOLITE,S2C_MSI_2025_03_17_11_46_19_T28QCH_L2W,C:\Users\Simon\Nextcloud\Project\Mauritania\Science\Arguin - FieldWork Data Processing\Data\S2\ACOLITE\2025-03-17,279,1033,2949,363545.0,2199645.0,0.16457277536392212,0.2096625566482544,0.3061201870441437,0.42769482731819153,0.44797688722610474,0.4724922180175781,0.48629021644592285,0.49542492628097534,0.5045689940452576,0.610255777835846,0.5600019693374634
2025-03-17,Iwik,ACOLITE,S2C_MSI_2025_03_17_11_46_19_T28QCH_L2W,C:\Users\Simon\Nextcloud\Project\Mauritania\Science\Arguin - FieldWork Data Processing\Data\S2\ACOLITE\2025-03-17,280,1033,2950,363555.0,2199645.0,0.16457541286945343,0.2088274210691452,0.30263248085975647,0.4221805930137634,0.4479775130748749,0.4724927246570587,0.48629066348075867,0.49097466468811035,0.5045693516731262,0.6102553606033325,0.5599988102912903
2025-03-17,Iwik,ACOLITE,S2C_MSI_2025_03_17_11_46_19_T28QCH_L2W,C:\Users\Simon\Nextcloud\Project\Mauritania\Science\Arguin - FieldWork Data Processing\Data\S2\ACOLITE\2025-03-17,281,1033,2951,363565.0,2199645.0,0.16457803547382355,0.20715433359146118,0.3022846281528473,0.42419713735580444,0.44491273164749146,0.4702019989490509,0.4837506413459778,0.4899148643016815,0.5042707920074463,0.6079080700874329,0.5548762679100037
2025-03-17,Iwik,ACOLITE,S2C_MSI_2025_03_17_11_46_19_T28QCH_L2W,C:\Users\Simon\Nextcloud\Project\Mauritania\Science\Arguin - FieldWork Data Processing\Data\S2\ACOLITE\2025-03-17,282,1033,2952,363575.0,2199645.0,0.16458065807819366,0.20775488018989563,0.30205321311950684,0.42366743087768555,0.4449133574962616,0.4702025055885315,0.4837510883808136,0.4918234646320343,0.5042711496353149,0.6079076528549194,0.5548731684684753
2025-03-17,Iwik,ACOLITE,S2C_MSI_2025_03_17_11_46_19_T28QCH_L2W,C:\Users\Simon\Nextcloud\Project\Mauritania\Science\Arguin - FieldWork Data Processing\Data\S2\ACOLITE\2025-03-17,283,1033,2953,363585.0,2199645.0,0.16458328068256378,0.20871412754058838,0.30356699228286743,0.4264254868030548,0.4448082149028778,0.4733271896839142,0.4895419776439667,0.4919298589229584,0.5068608522415161,0.6083154082298279,0.5576525330543518
2025-03-17,Iwik,ACOLITE,S2C_MSI_2025_03_17_11_46_19_T28QCH_L2W,C:\Users\Simon\Nextcloud\Project\Mauritania\Science\Arguin - FieldWork Data Processing\Data\S2\ACOLITE\2025-03-17,284,1034,2933,363385.0,2199635.0,0.17829389870166779,0.22655755281448364,0.32152679562568665,0.4479891359806061,0.4691608250141144,0.49720680713653564,0.5134429335594177,0.5225780010223389,0.5340730547904968,0.6321695446968079,0.5883973836898804
2025-03-17,Iwik,ACOLITE,S2C_MSI_2025_03_17_11_46_19_T28QCH_L2W,C:\Users\Simon\Nextcloud\Project\Mauritania\Science\Arguin - FieldWork Data Processing\Data\S2\ACOLITE\2025-03-17,285,1034,2934,363395.0,2199635.0,0.17829640209674835,0.2248951643705368,0.3216436803340912,0.44893938302993774,0.46916139125823975,0.49720725417137146,0.5134433507919312,0.5195201635360718,0.5340733528137207,0.6321690678596497,0.5883941054344177
2025-03-17,Iwik,ACOLITE,S2C_MSI_2025_03_17_11_46_19_T28QCH_L2W,C:\Users\Simon\Nextcloud\Project\Mauritania\Science\Arguin - FieldWork Data Processing\Data\S2\ACOLITE\2025-03-17,286,1034,2935,363405.0,2199635.0,0.17829890549182892,0.22477824985980988,0.32580873370170593,0.4494674503803253,0.4682149589061737,0.49700045585632324,0.5116237998008728,0.5187820792198181,0.5310003757476807,0.6296241879463196,0.5835047960281372
2025-03-17,Iwik,ACOLITE,S2C_MSI_2025_03_17_11_46_19_T28QCH_L2W,C:\Users\Simon\Nextcloud\Project\Mauritania\Science\Arguin - FieldWork Data Processing\Data\S2\ACOLITE\2025-03-17,287,1034,2936,363415.0,2199635.0,0.1783013939857483,0.2239476442337036,0.32361292839050293,0.4473578631877899,0.4682155251502991,0.49700090289115906,0.5116241574287415,0.5175162553787231,0.5310007333755493,0.6296237707138062,0.5835015177726746
2025-03-17,Iwik,ACOLITE,S2C_MSI_2025_03_17_11_46_19_T28QCH_L2W,C:\Users\Simon\Nextcloud\Project\Mauritania\Science\Arguin - FieldWork Data Processing\Data\S2\ACOLITE\2025-03-17,288,1034,2937,363425.0,2199635.0,0.17117786407470703,0.22442543506622314,0.3229199945926666,0.4458807706832886,0.46421557664871216,0.49098727107048035,0.5076793432235718,0.5177276730537415,0.5265369415283203,0.6234117746353149,0.577610433101654
2025-03-17,Iwik,ACOLITE,S2C_MSI_2025_03_17_11_46_19_T28QCH_L2W,C:\Users\Simon\Nextcloud\Project\Mauritania\Science\Arguin - FieldWork Data Processing\Data\S2\ACOLITE\2025-03-17,289,1034,2938,363435.0,2199635.0,0.17118044197559357,0.21835479140281677,0.31921717524528503,0.4416566789150238,0.4642161726951599,0.49098777770996094,0.5076797604560852,0.5114991664886475,0.526537299156189,0.6234113574028015,0.5776071548461914
2025-03-17,Iwik,ACOLITE,S2C_MSI_2025_03_17_11_46_19_T28QCH_L2W,C:\Users\Simon\Nextcloud\Project\Mauritania\Science\Arguin - FieldWork Data Processing\Data\S2\ACOLITE\2025-03-17,290,1034,2939,363445.0,2199635.0,0.1711830198764801,0.21919111907482147,0.32014474272727966,0.4454597532749176,0.4612669050693512,0.4876670837402344,0.5028205513954163,0.5104430913925171,0.5224674940109253,0.6227996349334717,0.5738253593444824
2025-03-17,Iwik,ACOLITE,S2C_MSI_2025_03_17_11_46_19_T28QCH_L2W,C:\Users\Simon\Nextcloud\Project\Mauritania\Science\Arguin - FieldWork Data Processing\Data\S2\ACOLITE\2025-03-17,291,1034,2940,363455.0,2199635.0,0.17118559777736664,0.2183588594198227,0.3179454207420349,0.44271454215049744,0.46126750111579895,0.4876675605773926,0.5028209686279297,0.5107603669166565,0.522467851638794,0.6227992177009583,0.5738221406936646
2025-03-17,Iwik,ACOLITE,S2C_MSI_2025_03_17_11_46_19_T28QCH_L2W,C:\Users\Simon\Nextcloud\Project\Mauritania\Science\Arguin - FieldWork Data Processing\Data\S2\ACOLITE\2025-03-17,292,1034,2941,363465.0,2199635.0,0.17118816077709198,0.21716861426830292,0.31412139534950256,0.43838176131248474,0.4585273563861847,0.48216262459754944,0.496233731508255,0.5070619583129883,0.5176995396614075,0.617601752281189,0.5699280500411987
2025-03-17,Iwik,ACOLITE,S2C_MSI_2025_03_17_11_46_19_T28QCH_L2W,C:\Users\Simon\Nextcloud\Project\Mauritania\Science\Arguin - FieldWork Data Processing\Data\S2\ACOLITE\2025-03-17,293,1034,2942,363475.0,2199635.0,0.17119073867797852,0.2138293832540512,0.3093641996383667,0.43203336000442505,0.45852792263031006,0.48216310143470764,0.49623414874076843,0.5025148391723633,0.5176998376846313,0.6176013350486755,0.5699248313903809
2025-03-17,Iwik,ACOLITE,S2C_MSI_2025_03_17_11_46_19_T28QCH_L2W,C:\Users\Simon\Nextcloud\Project\Mauritania\Science\Arguin - FieldWork Data Processing\Data\S2\ACOLITE\2025-03-17,294,1034,2943,363485.0,2199635.0,0.1669834405183792,0.21192032098770142,0.30901703238487244,0.43002161383628845,0.45135319232940674,0.47800469398498535,0.4934958219528198,0.49923455715179443,0.5110375881195068,0.6141344308853149,0.5651398301124573
2025-03-17,Iwik,ACOLITE,S2C_MSI_2025_03_17_11_46_19_T28QCH_L2W,C:\Users\Simon\Nextcloud\Project\Mauritania\Science\Arguin - FieldWork Data Processing\Data\S2\ACOLITE\2025-03-17,295,1034,2944,363495.0,2199635.0,0.16698604822158813,0.21299757063388824,0.3095989525318146,0.42981043457984924,0.4513537883758545,0.47800517082214355,0.49349626898765564,0.49722325801849365,0.5110379457473755,0.6141339540481567,0.5651366114616394
2025-03-17,Iwik,ACOLITE,S2C_MSI_2025_03_17_11_46_19_T28QCH_L2W,C:\Users\Simon\Nextcloud\Project\Mauritania\Science\Arguin - FieldWork Data Processing\Data\S2\ACOLITE\2025-03-17,296,1034,2945,363505.0,2199635.0,0.16698865592479706,0.2122829258441925,0.3080902397632599,0.42853960394859314,0.45124876499176025,0.4766533076763153,0.4895382821559906,0.498176634311676,0.5103417038917542,0.6119917631149292,0.5625749230384827
2025-03-17,Iwik,ACOLITE,S2C_MSI_2025_03_17_11_46_19_T28QCH_L2W,C:\Users\Simon\Nextcloud\Project\Mauritania\Science\Arguin - FieldWork Data Processing\Data\S2\ACOLITE\2025-03-17,297,1034,2946,363515.0,2199635.0,0.16699126362800598,0.21288231015205383,0.3080914616584778,0.4309770166873932,0.4512494206428528,0.4766538143157959,0.48953869938850403,0.49658864736557007,0.510342001914978,0.6119913458824158,0.5625717639923096
2025-03-17,Iwik,ACOLITE,S2C_MSI_2025_03_17_11_46_19_T28QCH_L2W,C:\Users\Simon\Nextcloud\Project\Mauritania\Science\Arguin - FieldWork Data Processing\Data\S2\ACOLITE\2025-03-17,298,1034,2947,363525.0,2199635.0,0.1669938713312149,0.21300381422042847,0.30762797594070435,0.4286469519138336,0.44956013560295105,0.47478121519088745,0.487508088350296,0.49319902062416077,0.5061615109443665,0.6089302897453308,0.5596758723258972
2025-03-17,Iwik,ACOLITE,S2C_MSI_2025_03_17_11_46_19_T28QCH_L2W,C:\Users\Simon\Nextcloud\Project\Mauritania\Science\Arguin - FieldWork Data Processing\Data\S2\ACOLITE\2025-03-17,299,1034,2948,363535.0,2199635.0,0.16699649393558502,0.20918121933937073,0.3062346279621124,0.4249371588230133,0.4495607316493988,0.47478172183036804,0.48750850558280945,0.49309343099594116,0.5061618685722351,0.6089298725128174,0.5596726536750793
2025-03-17,Iwik,ACOLITE,S2C_MSI_2025_03_17_11_46_19_T28QCH_L2W,C:\Users\Simon\Nextcloud\Project\Mauritania\Science\Arguin - FieldWork Data Processing\Data\S2\ACOLITE\2025-03-17,300,1034,2949,363545.0,2199635.0,0.16457171738147736,0.21049867570400238,0.3060034215450287,0.4250439405441284,0.4449111521244049,0.4711381196975708,0.48649317026138306,0.4911860227584839,0.5046682953834534,0.608113169670105,0.5565534830093384
2025-03-17,Iwik,ACOLITE,S2C_MSI_2025_03_17_11_46_19_T28QCH_L2W,C:\Users\Simon\Nextcloud\Project\Mauritania\Science\Arguin - FieldWork Data Processing\Data\S2\ACOLITE\2025-03-17,301,1034,2950,363555.0,2199635.0,0.16457436978816986,0.21396537125110626,0.3079802691936493,0.42864900827407837,0.44491180777549744,0.4711386561393738,0.4864935874938965,0.4920344352722168,0.504668653011322,0.6081127524375916,0.5565503239631653
2025-03-17,Iwik,ACOLITE,S2C_MSI_2025_03_17_11_46_19_T28QCH_L2W,C:\Users\Simon\Nextcloud\Project\Mauritania\Science\Arguin - FieldWork Data Processing\Data\S2\ACOLITE\2025-03-17,302,1034,2951,363565.0,2199635.0,0.16457699239253998,0.2089483141899109,0.3083299994468689,0.42515134811401367,0.4468153119087219,0.47145161032676697,0.4856812357902527,0.4946839511394501,0.5051670670509338,0.605458676815033,0.554543673992157
2025-03-17,Iwik,ACOLITE,S2C_MSI_2025_03_17_11_46_19_T28QCH_L2W,C:\Users\Simon\Nextcloud\Project\Mauritania\Science\Arguin - FieldWork Data Processing\Data\S2\ACOLITE\2025-03-17,303,1034,2952,363575.0,2199635.0,0.1645796298980713,0.21002674102783203,0.3025181293487549,0.4239853322505951,0.44681593775749207,0.47145211696624756,0.4856816828250885,0.48885461688041687,0.5051674246788025,0.6054582595825195,0.5545405149459839
2025-03-17,Iwik,ACOLITE,S2C_MSI_2025_03_17_11_46_19_T28QCH_L2W,C:\Users\Simon\Nextcloud\Project\Mauritania\Science\Arguin - FieldWork Data Processing\Data\S2\ACOLITE\2025-03-17,304,1034,2953,363585.0,2199635.0,0.1645822674036026,0.20871329307556152,0.305543452501297,0.4285450875759125,0.44882431626319885,0.475408673286438,0.48771384358406067,0.4904455542564392,0.5067611336708069,0.6095399260520935,0.5557617545127869
2025-03-17,Iwik,ACOLITE,S2C_MSI_2025_03_17_11_46_19_T28QCH_L2W,C:\Users\Simon\Nextcloud\Project\Mauritania\Science\Arguin - FieldWork Data Processing\Data\S2\ACOLITE\2025-03-17,305,1035,2933,363385.0,2199625.0,0.17829275131225586,0.2247733771800995,0.3245341181755066,0.45020419359207153,0.4691604971885681,0.49720653891563416,0.5134426951408386,0.5204688310623169,0.5340728163719177,0.6321696043014526,0.5883989334106445
2025-03-17,Iwik,ACOLITE,S2C_MSI_2025_03_17_11_46_19_T28QCH_L2W,C:\Users\Simon\Nextcloud\Project\Mauritania\Science\Arguin - FieldWork Data Processing\Data\S2\ACOLITE\2025-03-17,306,1035,2934,363395.0,2199625.0,0.17829526960849762,0.2262020707130432,0.32441964745521545,0.450099378824234,0.4691610634326935,0.49720698595046997,0.5134430527687073,0.5180429220199585,0.5340731143951416,0.6321691870689392,0.5883956551551819
2025-03-17,Iwik,ACOLITE,S2C_MSI_2025_03_17_11_46_19_T28QCH_L2W,C:\Users\Simon\Nextcloud\Project\Mauritania\Science\Arguin - FieldWork Data Processing\Data\S2\ACOLITE\2025-03-17,307,1035,2935,363405.0,2199625.0,0.17829778790473938,0.2239447683095932,0.32546138763427734,0.44609031081199646,0.46821463108062744,0.49700015783309937,0.5116235613822937,0.5186763405799866,0.5310001969337463,0.6296243071556091,0.5835063457489014
2025-03-17,Iwik,ACOLITE,S2C_MSI_2025_03_17_11_46_19_T28QCH_L2W,C:\Users\Simon\Nextcloud\Project\Mauritania\Science\Arguin - FieldWork Data Processing\Data\S2\ACOLITE\2025-03-17,308,1035,2936,363415.0,2199625.0,0.17830030620098114,0.22335189580917358,0.32754281163215637,0.4510497450828552,0.4682151973247528,0.4970006048679352,0.5116239190101624,0.5164607167243958,0.5310004949569702,0.6296238303184509,0.5835030674934387
2025-03-17,Iwik,ACOLITE,S2C_MSI_2025_03_17_11_46_19_T28QCH_L2W,C:\Users\Simon\Nextcloud\Project\Mauritania\Science\Arguin - FieldWork Data Processing\Data\S2\ACOLITE\2025-03-17,309,1035,2937,363425.0,2199625.0,0.1711767315864563,0.2231159210205078,0.32268810272216797,0.44514140486717224,0.4642152786254883,0.49098700284957886,0.5076791048049927,0.5154055953025818,0.526536762714386,0.6234118938446045,0.5776119232177734
2025-03-17,Iwik,ACOLITE,S2C_MSI_2025_03_17_11_46_19_T28QCH_L2W,C:\Users\Simon\Nextcloud\Project\Mauritania\Science\Arguin - FieldWork Data Processing\Data\S2\ACOLITE\2025-03-17,310,1035,2938,363435.0,2199625.0,0.17117932438850403,0.22049875557422638,0.320027232170105,0.43985965847969055,0.46421587467193604,0.49098747968673706,0.5076795220375061,0.5111820101737976,0.5265370607376099,0.6234114766120911,0.5776087045669556
2025-03-17,Iwik,ACOLITE,S2C_MSI_2025_03_17_11_46_19_T28QCH_L2W,C:\Users\Simon\Nextcloud\Project\Mauritania\Science\Arguin - FieldWork Data Processing\Data\S2\ACOLITE\2025-03-17,311,1035,2939,363445.0,2199625.0,0.17118190228939056,0.22002428770065308,0.3210703134536743,0.4437698721885681,0.4612666070461273,0.4876667857170105,0.5028203129768372,0.511393666267395,0.5224672555923462,0.6227997541427612,0.5738268494606018
2025-03-17,Iwik,ACOLITE,S2C_MSI_2025_03_17_11_46_19_T28QCH_L2W,C:\Users\Simon\Nextcloud\Project\Mauritania\Science\Arguin - FieldWork Data Processing\Data\S2\ACOLITE\2025-03-17,312,1035,2940,363455.0,2199625.0,0.1711844801902771,0.22062189877033234,0.3204927146434784,0.44197461009025574,0.4612671434879303,0.4876672625541687,0.5028206706047058,0.5124502182006836,0.5224676132202148,0.622799277305603,0.5738235712051392
2025-03-17,Iwik,ACOLITE,S2C_MSI_2025_03_17_11_46_19_T28QCH_L2W,C:\Users\Simon\Nextcloud\Project\Mauritania\Science\Arguin - FieldWork Data Processing\Data\S2\ACOLITE\2025-03-17,313,1035,2941,363465.0,2199625.0,0.17118707299232483,0.21895596385002136,0.3156282305717468,0.4383814334869385,0.4585270285606384,0.48216235637664795,0.4962334930896759,0.5058987736701965,0.5176993012428284,0.6176018714904785,0.5699294805526733
2025-03-17,Iwik,ACOLITE,S2C_MSI_2025_03_17_11_46_19_T28QCH_L2W,C:\Users\Simon\Nextcloud\Project\Mauritania\Science\Arguin - FieldWork Data Processing\Data\S2\ACOLITE\2025-03-17,314,1035,2942,363475.0,2199625.0,0.17118965089321136,0.21370910108089447,0.3141220808029175,0.4359493553638458,0.4585276246070862,0.48216283321380615,0.49623391032218933,0.5057933926582336,0.517699658870697,0.6176013946533203,0.5699262619018555
2025-03-17,Iwik,ACOLITE,S2C_MSI_2025_03_17_11_46_19_T28QCH_L2W,C:\Users\Simon\Nextcloud\Project\Mauritania\Science\Arguin - FieldWork Data Processing\Data\S2\ACOLITE\2025-03-17,315,1035,2943,363485.0,2199625.0,0.16698232293128967,0.2126362919807434,0.31249919533729553,0.4361615777015686,0.4513528645038605,0.4780043959617615,0.4934955835342407,0.5041016936302185,0.5110373497009277,0.6141344904899597,0.5651412606239319
2025-03-17,Iwik,ACOLITE,S2C_MSI_2025_03_17_11_46_19_T28QCH_L2W,C:\Users\Simon\Nextcloud\Project\Mauritania\Science\Arguin - FieldWork Data Processing\Data\S2\ACOLITE\2025-03-17,316,1035,2944,363495.0,2199625.0,0.1669849455356598,0.2123994529247284,0.31064340472221375,0.4328814148902893,0.4513534903526306,0.47800490260124207,0.49349600076675415,0.49838775396347046,0.5110377073287964,0.6141340732574463,0.565138041973114
2025-03-17,Iwik,ACOLITE,S2C_MSI_2025_03_17_11_46_19_T28QCH_L2W,C:\Users\Simon\Nextcloud\Project\Mauritania\Science\Arguin - FieldWork Data Processing\Data\S2\ACOLITE\2025-03-17,317,1035,2945,363505.0,2199625.0,0.1669875830411911,0.21311821043491364,0.3092512786388397,0.43012863397598267,0.4512484669685364,0.4766530394554138,0.4895380437374115,0.49902334809303284,0.510341465473175,0.6119918823242188,0.5625763535499573
2025-03-17,Iwik,ACOLITE,S2C_MSI_2025_03_17_11_46_19_T28QCH_L2W,C:\Users\Simon\Nextcloud\Project\Mauritania\Science\Arguin - FieldWork Data Processing\Data\S2\ACOLITE\2025-03-17,318,1035,2946,363515.0,2199625.0,0.16699019074440002,0.21431440114974976,0.31215476989746094,0.4319298267364502,0.4512490928173065,0.4766535460948944,0.4895384907722473,0.4978591501712799,0.5103418231010437,0.6119914054870605,0.5625731348991394
2025-03-17,Iwik,ACOLITE,S2C_MSI_2025_03_17_11_46_19_T28QCH_L2W,C:\Users\Simon\Nextcloud\Project\Mauritania\Science\Arguin - FieldWork Data Processing\Data\S2\ACOLITE\2025-03-17,319,1035,2947,363525.0,2199625.0,0.16699282824993134,0.212047278881073,0.31053102016448975,0.430235892534256,0.4495598077774048,0.47478094696998596,0.4875078499317169,0.4940464496612549,0.5061613321304321,0.6089304089546204,0.559677243232727
2025-03-17,Iwik,ACOLITE,S2C_MSI_2025_03_17_11_46_19_T28QCH_L2W,C:\Users\Simon\Nextcloud\Project\Mauritania\Science\Arguin - FieldWork Data Processing\Data\S2\ACOLITE\2025-03-17,320,1035,2948,363535.0,2199625.0,0.16699543595314026,0.2109738439321518,0.30646654963493347,0.42567917704582214,0.4495604336261749,0.47478145360946655,0.48750829696655273,0.4945766031742096,0.5061616897583008,0.6089299917221069,0.5596740245819092
2025-03-17,Iwik,ACOLITE,S2C_MSI_2025_03_17_11_46_19_T28QCH_L2W,C:\Users\Simon\Nextcloud\Project\Mauritania\Science\Arguin - FieldWork Data Processing\Data\S2\ACOLITE\2025-03-17,321,1035,2949,363545.0,2199625.0,0.1645706743001938,0.21181252598762512,0.30658406019210815,0.4262100160121918,0.44491085410118103,0.4711378514766693,0.48649293184280396,0.49245771765708923,0.504668116569519,0.6081132292747498,0.5565547943115234
2025-03-17,Iwik,ACOLITE,S2C_MSI_2025_03_17_11_46_19_T28QCH_L2W,C:\Users\Simon\Nextcloud\Project\Mauritania\Science\Arguin - FieldWork Data Processing\Data\S2\ACOLITE\2025-03-17,322,1035,2950,363555.0,2199625.0,0.1645732969045639,0.21300922334194183,0.30902519822120667,0.42727088928222656,0.44491147994995117,0.4711383581161499,0.48649337887763977,0.4931999742984772,0.5046684741973877,0.6081128120422363,0.5565516352653503
2025-03-17,Iwik,ACOLITE,S2C_MSI_2025_03_17_11_46_19_T28QCH_L2W,C:\Users\Simon\Nextcloud\Project\Mauritania\Science\Arguin - FieldWork Data Processing\Data\S2\ACOLITE\2025-03-17,323,1035,2951,363565.0,2199625.0,0.1645759493112564,0.21157771348953247,0.3062378764152527,0.4249389171600342,0.44681501388549805,0.4714513421058655,0.4856809675693512,0.49404802918434143,0.5051668882369995,0.6054587960243225,0.554544985294342
2025-03-17,Iwik,ACOLITE,S2C_MSI_2025_03_17_11_46_19_T28QCH_L2W,C:\Users\Simon\Nextcloud\Project\Mauritania\Science\Arguin - FieldWork Data Processing\Data\S2\ACOLITE\2025-03-17,324,1035,2952,363575.0,2199625.0,0.16457858681678772,0.21205773949623108,0.30542537569999695,0.4266361892223358,0.4468156397342682,0.47145184874534607,0.485681414604187,0.49341267347335815,0.5051671862602234,0.6054583191871643,0.554541826248169
2025-03-17,Iwik,ACOLITE,S2C_MSI_2025_03_17_11_46_19_T28QCH_L2W,C:\Users\Simon\Nextcloud\Project\Mauritania\Science\Arguin - FieldWork Data Processing\Data\S2\ACOLITE\2025-03-17,325,1035,2953,363585.0,2199625.0,0.16458123922348022,0.20895171165466309,0.3065890967845917,0.4256826639175415,0.448824018239975,0.4754084050655365,0.4877135753631592,0.4957438111305237,0.5067608952522278,0.6095400452613831,0.5557630658149719
2025-03-17,Iwik,ACOLITE,S2C_MSI_2025_03_17_11_46_19_T28QCH_L2W,C:\Users\Simon\Nextcloud\Project\Mauritania\Science\Arguin - FieldWork Data Processing\Data\S2\ACOLITE\2025-03-17,326,1036,2932,363375.0,2199615.0,0.17828910052776337,0.22131936252117157,0.32198742032051086,0.4459824860095978,0.46568629145622253,0.49513280391693115,0.5095993280410767,0.5190970301628113,0.5308998227119446,0.6319665908813477,0.588181734085083
2025-03-17,Iwik,ACOLITE,S2C_MSI_2025_03_17_11_46_19_T28QCH_L2W,C:\Users\Simon\Nextcloud\Project\Mauritania\Science\Arguin - FieldWork Data Processing\Data\S2\ACOLITE\2025-03-17,327,1036,2933,363385.0,2199615.0,0.17829161882400513,0.22322598099708557,0.3243022859096527,0.44830501079559326,0.47115880250930786,0.49513328075408936,0.5114202499389648,0.5192028284072876,0.5306026339530945,0.6304395794868469,0.5858467221260071
2025-03-17,Iwik,ACOLITE,S2C_MSI_2025_03_17_11_46_19_T28QCH_L2W,C:\Users\Simon\Nextcloud\Project\Mauritania\Science\Arguin - FieldWork Data Processing\Data\S2\ACOLITE\2025-03-17,328,1036,2934,363395.0,2199615.0,0.17829415202140808,0.22620117664337158,0.32580649852752686,0.4477780759334564,0.4711593687534332,0.49513372778892517,0.5114206671714783,0.5185702443122864,0.5306029915809631,0.6304391622543335,0.5858433246612549
2025-03-17,Iwik,ACOLITE,S2C_MSI_2025_03_17_11_46_19_T28QCH_L2W,C:\Users\Simon\Nextcloud\Project\Mauritania\Science\Arguin - FieldWork Data Processing\Data\S2\ACOLITE\2025-03-17,329,1036,2935,363405.0,2199615.0,0.17829667031764984,0.2237059473991394,0.3239576518535614,0.4450342059135437,0.4688456654548645,0.49409741163253784,0.510308563709259,0.5197309851646423,0.5274289846420288,0.6285046339035034,0.5820639133453369
2025-03-17,Iwik,ACOLITE,S2C_MSI_2025_03_17_11_46_19_T28QCH_L2W,C:\Users\Simon\Nextcloud\Project\Mauritania\Science\Arguin - FieldWork Data Processing\Data\S2\ACOLITE\2025-03-17,330,1036,2936,363415.0,2199615.0,0.1782991886138916,0.22406482696533203,0.3241901397705078,0.4480958878993988,0.4688462018966675,0.49409788846969604,0.5103089213371277,0.5192039012908936,0.5274293422698975,0.6285041570663452,0.5820605754852295
2025-03-17,Iwik,ACOLITE,S2C_MSI_2025_03_17_11_46_19_T28QCH_L2W,C:\Users\Simon\Nextcloud\Project\Mauritania\Science\Arguin - FieldWork Data Processing\Data\S2\ACOLITE\2025-03-17,331,1036,2937,363425.0,2199615.0,0.17117561399936676,0.22323402762413025,0.32442256808280945,0.44598567485809326,0.46379366517066956,0.49005284905433655,0.505856990814209,0.5139272809028625,0.525345504283905,0.6223933100700378,0.575279712677002
2025-03-17,Iwik,ACOLITE,S2C_MSI_2025_03_17_11_46_19_T28QCH_L2W,C:\Users\Simon\Nextcloud\Project\Mauritania\Science\Arguin - FieldWork Data Processing\Data\S2\ACOLITE\2025-03-17,332,1036,2938,363435.0,2199615.0,0.1711782068014145,0.21906816959381104,0.31724676489830017,0.4398593306541443,0.4637942314147949,0.49005332589149475,0.5058574080467224,0.5078003406524658,0.5253458619117737,0.6223928332328796,0.5752764344215393
2025-03-17,Iwik,ACOLITE,S2C_MSI_2025_03_17_11_46_19_T28QCH_L2W,C:\Users\Simon\Nextcloud\Project\Mauritania\Science\Arguin - FieldWork Data Processing\Data\S2\ACOLITE\2025-03-17,333,1036,2939,363445.0,2199615.0,0.17118079960346222,0.21740120649337769,0.31423383951187134,0.43890851736068726,0.4622146487236023,0.4869396984577179,0.5010979175567627,0.5066378712654114,0.5194870829582214,0.6206602454185486,0.5701597332954407
2025-03-17,Iwik,ACOLITE,S2C_MSI_2025_03_17_11_46_19_T28QCH_L2W,C:\Users\Simon\Nextcloud\Project\Mauritania\Science\Arguin - FieldWork Data Processing\Data\S2\ACOLITE\2025-03-17,334,1036,2940,363455.0,2199615.0,0.17118337750434875,0.21883387863636017,0.3181760311126709,0.4411289691925049,0.46221521496772766,0.4869401752948761,0.5010982751846313,0.5137172341346741,0.5194874405860901,0.6206598281860352,0.5701565146446228
2025-03-17,Iwik,ACOLITE,S2C_MSI_2025_03_17_11_46_19_T28QCH_L2W,C:\Users\Simon\Nextcloud\Project\Mauritania\Science\Arguin - FieldWork Data Processing\Data\S2\ACOLITE\2025-03-17,335,1036,2941,363465.0,2199615.0,0.17118597030639648,0.2190742790699005,0.3181772530078888,0.43996697664260864,0.46189969778060913,0.4879789352416992,0.5022131204605103,0.510549008846283,0.5197858214378357,0.6199460625648499,0.570709228515625
2025-03-17,Iwik,ACOLITE,S2C_MSI_2025_03_17_11_46_19_T28QCH_L2W,C:\Users\Simon\Nextcloud\Project\Mauritania\Science\Arguin - FieldWork Data Processing\Data\S2\ACOLITE\2025-03-17,336,1036,2942,363475.0,2199615.0,0.17118854820728302,0.21776512265205383,0.317830890417099,0.4388047158718109,0.4619002938270569,0.48797938227653503,0.5022134780883789,0.5078018307685852,0.5197861194610596,0.6199456453323364,0.5707059502601624
2025-03-17,Iwik,ACOLITE,S2C_MSI_2025_03_17_11_46_19_T28QCH_L2W,C:\Users\Simon\Nextcloud\Project\Mauritania\Science\Arguin - FieldWork Data Processing\Data\S2\ACOLITE\2025-03-17,337,1036,2943,363485.0,2199615.0,0.16698123514652252,0.21609744429588318,0.3141227662563324,0.4376421570777893,0.45800068974494934,0.48528000712394714,0.49846458435058594,0.5090704560279846,0.5193890333175659,0.618110716342926,0.5663660764694214
2025-03-17,Iwik,ACOLITE,S2C_MSI_2025_03_17_11_46_19_T28QCH_L2W,C:\Users\Simon\Nextcloud\Project\Mauritania\Science\Arguin - FieldWork Data Processing\Data\S2\ACOLITE\2025-03-17,338,1036,2944,363495.0,2199615.0,0.16698385775089264,0.21562224626541138,0.3131960332393646,0.43774858117103577,0.4580012857913971,0.48528048396110535,0.49846500158309937,0.5003988146781921,0.5193893909454346,0.6181102395057678,0.5663628578186035
2025-03-17,Iwik,ACOLITE,S2C_MSI_2025_03_17_11_46_19_T28QCH_L2W,C:\Users\Simon\Nextcloud\Project\Mauritania\Science\Arguin - FieldWork Data Processing\Data\S2\ACOLITE\2025-03-17,339,1036,2945,363505.0,2199615.0,0.16698649525642395,0.2155049741268158,0.3119209110736847,0.4334111213684082,0.45219847559928894,0.4786291718482971,0.48974084854125977,0.5002933144569397,0.5134252905845642,0.61301189661026,0.5596849322319031
2025-03-17,Iwik,ACOLITE,S2C_MSI_2025_03_17_11_46_19_T28QCH_L2W,C:\Users\Simon\Nextcloud\Project\Mauritania\Science\Arguin - FieldWork Data Processing\Data\S2\ACOLITE\2025-03-17,340,1036,2946,363515.0,2199615.0,0.16698911786079407,0.21288059651851654,0.31018099188804626,0.43108227849006653,0.4521991014480591,0.4786296784877777,0.4897412955760956,0.49944695830345154,0.5134255886077881,0.6130114793777466,0.55968177318573
2025-03-17,Iwik,ACOLITE,S2C_MSI_2025_03_17_11_46_19_T28QCH_L2W,C:\Users\Simon\Nextcloud\Project\Mauritania\Science\Arguin - FieldWork Data Processing\Data\S2\ACOLITE\2025-03-17,341,1036,2947,363525.0,2199615.0,0.16699175536632538,0.21371865272521973,0.31215548515319824,0.4316125214099884,0.44924259185791016,0.4748847186565399,0.48913249373435974,0.49457597732543945,0.5106405019760132,0.6089305281639099,0.558343231678009
2025-03-17,Iwik,ACOLITE,S2C_MSI_2025_03_17_11_46_19_T28QCH_L2W,C:\Users\Simon\Nextcloud\Project\Mauritania\Science\Arguin - FieldWork Data Processing\Data\S2\ACOLITE\2025-03-17,342,1036,2948,363535.0,2199615.0,0.1669943779706955,0.21276532113552094,0.30634981393814087,0.4273751676082611,0.4492432177066803,0.4748852252960205,0.48913294076919556,0.494364470243454,0.5106408596038818,0.6089301109313965,0.5583400130271912
2025-03-17,Iwik,ACOLITE,S2C_MSI_2025_03_17_11_46_19_T28QCH_L2W,C:\Users\Simon\Nextcloud\Project\Mauritania\Science\Arguin - FieldWork Data Processing\Data\S2\ACOLITE\2025-03-17,343,1036,2949,363545.0,2199615.0,0.16456960141658783,0.21324515342712402,0.3055373430252075,0.42801180481910706,0.4471305012702942,0.47269967198371887,0.48628947138786316,0.49447083473205566,0.5054646730422974,0.6064804196357727,0.5537732839584351
2025-03-17,Iwik,ACOLITE,S2C_MSI_2025_03_17_11_46_19_T28QCH_L2W,C:\Users\Simon\Nextcloud\Project\Mauritania\Science\Arguin - FieldWork Data Processing\Data\S2\ACOLITE\2025-03-17,344,1036,2950,363555.0,2199615.0,0.16457225382328033,0.2109772115945816,0.30844393372535706,0.42843642830848694,0.4471311569213867,0.47270017862319946,0.486289918422699,0.49616608023643494,0.505465030670166,0.6064799427986145,0.5537701845169067
2025-03-17,Iwik,ACOLITE,S2C_MSI_2025_03_17_11_46_19_T28QCH_L2W,C:\Users\Simon\Nextcloud\Project\Mauritania\Science\Arguin - FieldWork Data Processing\Data\S2\ACOLITE\2025-03-17,345,1036,2951,363565.0,2199615.0,0.16457490622997284,0.21062071621418,0.30681851506233215,0.42642316222190857,0.4509350657463074,0.47675982117652893,0.49075865745544434,0.49425971508026123,0.5096467137336731,0.6089287400245667,0.5551028847694397
2025-03-17,Iwik,ACOLITE,S2C_MSI_2025_03_17_11_46_19_T28QCH_L2W,C:\Users\Simon\Nextcloud\Project\Mauritania\Science\Arguin - FieldWork Data Processing\Data\S2\ACOLITE\2025-03-17,346,1036,2952,363575.0,2199615.0,0.16457757353782654,0.21253477036952972,0.3067035377025604,0.4297093152999878,0.4509356617927551,0.47676029801368713,0.49075907468795776,0.49648457765579224,0.5096470713615417,0.6089283227920532,0.5550997257232666
2025-03-17,Iwik,ACOLITE,S2C_MSI_2025_03_17_11_46_19_T28QCH_L2W,C:\Users\Simon\Nextcloud\Project\Mauritania\Science\Arguin - FieldWork Data Processing\Data\S2\ACOLITE\2025-03-17,347,1036,2953,363585.0,2199615.0,0.16458021104335785,0.21337291598320007,0.3065885901451111,0.4338398873806,0.456741064786911,0.48227187991142273,0.495832622051239,0.49976715445518494,0.5139251947402954,0.615863561630249,0.5581015348434448
2025-03-17,Iwik,ACOLITE,S2C_MSI_2025_03_17_11_46_19_T28QCH_L2W,C:\Users\Simon\Nextcloud\Project\Mauritania\Science\Arguin - FieldWork Data Processing\Data\S2\ACOLITE\2025-03-17,348,1037,2932,363375.0,2199605.0,0.17828796803951263,0.22238995134830475,0.3210609555244446,0.44513756036758423,0.46568599343299866,0.49513253569602966,0.5095990300178528,0.5174086689949036,0.5308995842933655,0.6319666504859924,0.5881833434104919
2025-03-17,Iwik,ACOLITE,S2C_MSI_2025_03_17_11_46_19_T28QCH_L2W,C:\Users\Simon\Nextcloud\Project\Mauritania\Science\Arguin - FieldWork Data Processing\Data\S2\ACOLITE\2025-03-17,349,1037,2933,363385.0,2199605.0,0.1782905012369156,0.22417686879634857,0.3231450915336609,0.4470383822917938,0.4711584746837616,0.49513301253318787,0.5114200115203857,0.5177255868911743,0.5306023955345154,0.6304396986961365,0.5858482718467712
2025-03-17,Iwik,ACOLITE,S2C_MSI_2025_03_17_11_46_19_T28QCH_L2W,C:\Users\Simon\Nextcloud\Project\Mauritania\Science\Arguin - FieldWork Data Processing\Data\S2\ACOLITE\2025-03-17,350,1037,2934,363395.0,2199605.0,0.17829301953315735,0.225249245762825,0.3241872489452362,0.449887752532959,0.47115904092788696,0.4951334595680237,0.5114204287528992,0.5145595073699951,0.530602753162384,0.630439281463623,0.585844874382019
2025-03-17,Iwik,ACOLITE,S2C_MSI_2025_03_17_11_46_19_T28QCH_L2W,C:\Users\Simon\Nextcloud\Project\Mauritania\Science\Arguin - FieldWork Data Processing\Data\S2\ACOLITE\2025-03-17,351,1037,2935,363405.0,2199605.0,0.1782955527305603,0.22215794026851654,0.3197909891605377,0.44440028071403503,0.46884533762931824,0.49409711360931396,0.5103082656860352,0.5149821639060974,0.5274287462234497,0.6285046935081482,0.5820654630661011
2025-03-17,Iwik,ACOLITE,S2C_MSI_2025_03_17_11_46_19_T28QCH_L2W,C:\Users\Simon\Nextcloud\Project\Mauritania\Science\Arguin - FieldWork Data Processing\Data\S2\ACOLITE\2025-03-17,352,1037,2936,363415.0,2199605.0,0.17829808592796326,0.2196589857339859,0.320371150970459,0.44154873490333557,0.4688459038734436,0.49409762024879456,0.5103086829185486,0.5141379237174988,0.5274291038513184,0.6285042762756348,0.5820621252059937
2025-03-17,Iwik,ACOLITE,S2C_MSI_2025_03_17_11_46_19_T28QCH_L2W,C:\Users\Simon\Nextcloud\Project\Mauritania\Science\Arguin - FieldWork Data Processing\Data\S2\ACOLITE\2025-03-17,353,1037,2937,363425.0,2199605.0,0.17117448151111603,0.22192390263080597,0.32580944895744324,0.4442959725856781,0.4637933373451233,0.49005258083343506,0.5058567523956299,0.5124486684799194,0.5253453254699707,0.6223933696746826,0.5752811431884766
2025-03-17,Iwik,ACOLITE,S2C_MSI_2025_03_17_11_46_19_T28QCH_L2W,C:\Users\Simon\Nextcloud\Project\Mauritania\Science\Arguin - FieldWork Data Processing\Data\S2\ACOLITE\2025-03-17,354,1037,2938,363435.0,2199605.0,0.17117707431316376,0.2213306427001953,0.3206050395965576,0.44387415051460266,0.46379390358924866,0.49005305767059326,0.5058571100234985,0.5121321678161621,0.5253456234931946,0.6223929524421692,0.5752779245376587
2025-03-17,Iwik,ACOLITE,S2C_MSI_2025_03_17_11_46_19_T28QCH_L2W,C:\Users\Simon\Nextcloud\Project\Mauritania\Science\Arguin - FieldWork Data Processing\Data\S2\ACOLITE\2025-03-17,355,1037,2939,363445.0,2199605.0,0.17117968201637268,0.21656544506549835,0.31643620133399963,0.4404938519001007,0.46221429109573364,0.4869394302368164,0.5010976195335388,0.5071662068367004,0.5194868445396423,0.6206603646278381,0.5701612234115601
2025-03-17,Iwik,ACOLITE,S2C_MSI_2025_03_17_11_46_19_T28QCH_L2W,C:\Users\Simon\Nextcloud\Project\Mauritania\Science\Arguin - FieldWork Data Processing\Data\S2\ACOLITE\2025-03-17,356,1037,2940,363455.0,2199605.0,0.1711822748184204,0.2182370275259018,0.3157418966293335,0.4363705515861511,0.4622148871421814,0.4869398772716522,0.5010980367660522,0.5093861222267151,0.519487202167511,0.6206598877906799,0.5701579451560974
2025-03-17,Iwik,ACOLITE,S2C_MSI_2025_03_17_11_46_19_T28QCH_L2W,C:\Users\Simon\Nextcloud\Project\Mauritania\Science\Arguin - FieldWork Data Processing\Data\S2\ACOLITE\2025-03-17,357,1037,2941,363465.0,2199605.0,0.17118488252162933,0.21883507072925568,0.31748154759407043,0.4396495223045349,0.46189939975738525,0.48797863721847534,0.5022128820419312,0.5099148154258728,0.5197855830192566,0.6199461817741394,0.5707106590270996
2025-03-17,Iwik,ACOLITE,S2C_MSI_2025_03_17_11_46_19_T28QCH_L2W,C:\Users\Simon\Nextcloud\Project\Mauritania\Science\Arguin - FieldWork Data Processing\Data\S2\ACOLITE\2025-03-17,358,1037,2942,363475.0,2199605.0,0.17118746042251587,0.21859872341156006,0.31840959191322327,0.4427148401737213,0.461899995803833,0.48797911405563354,0.5022132396697998,0.5125560760498047,0.5197858810424805,0.619945764541626,0.570707380771637
2025-03-17,Iwik,ACOLITE,S2C_MSI_2025_03_17_11_46_19_T28QCH_L2W,C:\Users\Simon\Nextcloud\Project\Mauritania\Science\Arguin - FieldWork Data Processing\Data\S2\ACOLITE\2025-03-17,359,1037,2943,363485.0,2199605.0,0.16698013246059418,0.22038805484771729,0.31806328892707825,0.4429267346858978,0.45800039172172546,0.48527973890304565,0.49846434593200684,0.5127676725387573,0.5193887948989868,0.6181107759475708,0.5663674473762512
2025-03-17,Iwik,ACOLITE,S2C_MSI_2025_03_17_11_46_19_T28QCH_L2W,C:\Users\Simon\Nextcloud\Project\Mauritania\Science\Arguin - FieldWork Data Processing\Data\S2\ACOLITE\2025-03-17,360,1037,2944,363495.0,2199605.0,0.1669827699661255,0.21478599309921265,0.3157467544078827,0.4385942220687866,0.4580009877681732,0.48528021574020386,0.49846476316452026,0.5050534605979919,0.5193891525268555,0.6181103587150574,0.5663642883300781
2025-03-17,Iwik,ACOLITE,S2C_MSI_2025_03_17_11_46_19_T28QCH_L2W,C:\Users\Simon\Nextcloud\Project\Mauritania\Science\Arguin - FieldWork Data Processing\Data\S2\ACOLITE\2025-03-17,361,1037,2945,363505.0,2199605.0,0.1669854074716568,0.2153848111629486,0.31354472041130066,0.43351665139198303,0.4521981477737427,0.47862890362739563,0.48974061012268066,0.5039962530136108,0.5134250521659851,0.6130119562149048,0.5596863031387329
2025-03-17,Iwik,ACOLITE,S2C_MSI_2025_03_17_11_46_19_T28QCH_L2W,C:\Users\Simon\Nextcloud\Project\Mauritania\Science\Arguin - FieldWork Data Processing\Data\S2\ACOLITE\2025-03-17,362,1037,2946,363515.0,2199605.0,0.1669880449771881,0.21335743367671967,0.3073927164077759,0.4302345812320709,0.4521987736225128,0.4786294102668762,0.4897410273551941,0.49934083223342896,0.5134254097938538,0.6130115389823914,0.559683084487915
2025-03-17,Iwik,ACOLITE,S2C_MSI_2025_03_17_11_46_19_T28QCH_L2W,C:\Users\Simon\Nextcloud\Project\Mauritania\Science\Arguin - FieldWork Data Processing\Data\S2\ACOLITE\2025-03-17,363,1037,2947,363525.0,2199605.0,0.16699068248271942,0.21634343266487122,0.30994945764541626,0.4333062469959259,0.4492422938346863,0.4748844504356384,0.48913222551345825,0.5019870400428772,0.5106402635574341,0.6089305877685547,0.5583446025848389
2025-03-17,Iwik,ACOLITE,S2C_MSI_2025_03_17_11_46_19_T28QCH_L2W,C:\Users\Simon\Nextcloud\Project\Mauritania\Science\Arguin - FieldWork Data Processing\Data\S2\ACOLITE\2025-03-17,364,1037,2948,363535.0,2199605.0,0.16699331998825073,0.212645024061203,0.30786001682281494,0.4304477870464325,0.4492429196834564,0.474884957075119,0.48913267254829407,0.49616506695747375,0.5106406211853027,0.6089301109313965,0.558341383934021
2025-03-17,Iwik,ACOLITE,S2C_MSI_2025_03_17_11_46_19_T28QCH_L2W,C:\Users\Simon\Nextcloud\Project\Mauritania\Science\Arguin - FieldWork Data Processing\Data\S2\ACOLITE\2025-03-17,365,1037,2949,363545.0,2199605.0,0.16456855833530426,0.21252766251564026,0.3078612685203552,0.4247247576713562,0.4471302032470703,0.4726994037628174,0.48628920316696167,0.4964832067489624,0.505464494228363,0.6064804792404175,0.5537746548652649
2025-03-17,Iwik,ACOLITE,S2C_MSI_2025_03_17_11_46_19_T28QCH_L2W,C:\Users\Simon\Nextcloud\Project\Mauritania\Science\Arguin - FieldWork Data Processing\Data\S2\ACOLITE\2025-03-17,366,1037,2950,363555.0,2199605.0,0.16457119584083557,0.21312695741653442,0.30867573618888855,0.4274822473526001,0.44713082909584045,0.472699910402298,0.4862896502017975,0.48980748653411865,0.5054648518562317,0.606480062007904,0.5537714958190918
2025-03-17,Iwik,ACOLITE,S2C_MSI_2025_03_17_11_46_19_T28QCH_L2W,C:\Users\Simon\Nextcloud\Project\Mauritania\Science\Arguin - FieldWork Data Processing\Data\S2\ACOLITE\2025-03-17,367,1037,2951,363565.0,2199605.0,0.16457386314868927,0.21384556591510773,0.31076714396476746,0.42790690064430237,0.4509347379207611,0.47675955295562744,0.49075841903686523,0.49489516019821167,0.5096465349197388,0.6089287996292114,0.5551041960716248
2025-03-17,Iwik,ACOLITE,S2C_MSI_2025_03_17_11_46_19_T28QCH_L2W,C:\Users\Simon\Nextcloud\Project\Mauritania\Science\Arguin - FieldWork Data Processing\Data\S2\ACOLITE\2025-03-17,368,1037,2952,363575.0,2199605.0,0.16457653045654297,0.2149219959974289,0.3127412796020508,0.4322509169578552,0.45093536376953125,0.47676002979278564,0.49075883626937866,0.5001899600028992,0.5096468925476074,0.608928382396698,0.5551009774208069
2025-03-17,Iwik,ACOLITE,S2C_MSI_2025_03_17_11_46_19_T28QCH_L2W,C:\Users\Simon\Nextcloud\Project\Mauritania\Science\Arguin - FieldWork Data Processing\Data\S2\ACOLITE\2025-03-17,369,1037,2953,363585.0,2199605.0,0.16457919776439667,0.21420788764953613,0.31169819831848145,0.4387059211730957,0.45674076676368713,0.48227161169052124,0.4958323836326599,0.501777708530426,0.5139250159263611,0.6158636212348938,0.5581029057502747
2025-03-17,Iwik,ACOLITE,S2C_MSI_2025_03_17_11_46_19_T28QCH_L2W,C:\Users\Simon\Nextcloud\Project\Mauritania\Science\Arguin - FieldWork Data Processing\Data\S2\ACOLITE\2025-03-17,370,1038,2931,363365.0,2199595.0,0.1758689433336258,0.22333912551403046,0.3232578933238983,0.44408053159713745,0.46642205119132996,0.49056828022003174,0.5061577558517456,0.5178301334381104,0.5314940214157104,0.6259610652923584,0.5847460031509399
2025-03-17,Iwik,ACOLITE,S2C_MSI_2025_03_17_11_46_19_T28QCH_L2W,C:\Users\Simon\Nextcloud\Project\Mauritania\Science\Arguin - FieldWork Data Processing\Data\S2\ACOLITE\2025-03-17,371,1038,2932,363375.0,2199595.0,0.17587150633335114,0.22179381549358368,0.3208288848400116,0.44471484422683716,0.4664226174354553,0.49056875705718994,0.5061581134796143,0.5150864124298096,0.5314943194389343,0.625960648059845,0.5847426652908325
2025-03-17,Iwik,ACOLITE,S2C_MSI_2025_03_17_11_46_19_T28QCH_L2W,C:\Users\Simon\Nextcloud\Project\Mauritania\Science\Arguin - FieldWork Data Processing\Data\S2\ACOLITE\2025-03-17,372,1038,2933,363385.0,2199595.0,0.17587405443191528,0.22227205336093903,0.32221895456314087,0.4438706040382385,0.46958035230636597,0.4949253797531128,0.5080814957618713,0.5131862163543701,0.5284200310707092,0.6269784569740295,0.5824068784713745
2025-03-17,Iwik,ACOLITE,S2C_MSI_2025_03_17_11_46_19_T28QCH_L2W,C:\Users\Simon\Nextcloud\Project\Mauritania\Science\Arguin - FieldWork Data Processing\Data\S2\ACOLITE\2025-03-17,373,1038,2934,363395.0,2199595.0,0.17587663233280182,0.2241780012845993,0.3230300545692444,0.4502038359642029,0.46958091855049133,0.494925856590271,0.5080819129943848,0.5171980261802673,0.5284203290939331,0.6269780397415161,0.5824035406112671
2025-03-17,Iwik,ACOLITE,S2C_MSI_2025_03_17_11_46_19_T28QCH_L2W,C:\Users\Simon\Nextcloud\Project\Mauritania\Science\Arguin - FieldWork Data Processing\Data\S2\ACOLITE\2025-03-17,374,1038,2935,363405.0,2199595.0,0.17587918043136597,0.22263318300247192,0.3223370313644409,0.44577258825302124,0.46600326895713806,0.49440792202949524,0.5098022818565369,0.514031708240509,0.5268331170082092,0.6269775629043579,0.5788452625274658
2025-03-17,Iwik,ACOLITE,S2C_MSI_2025_03_17_11_46_19_T28QCH_L2W,C:\Users\Simon\Nextcloud\Project\Mauritania\Science\Arguin - FieldWork Data Processing\Data\S2\ACOLITE\2025-03-17,375,1038,2936,363415.0,2199595.0,0.1758817434310913,0.2176317274570465,0.3192126452922821,0.4410199820995331,0.46600380539894104,0.49440836906433105,0.5098026394844055,0.5125536918640137,0.5268334746360779,0.6269771456718445,0.5788419842720032
2025-03-17,Iwik,ACOLITE,S2C_MSI_2025_03_17_11_46_19_T28QCH_L2W,C:\Users\Simon\Nextcloud\Project\Mauritania\Science\Arguin - FieldWork Data Processing\Data\S2\ACOLITE\2025-03-17,376,1038,2937,363425.0,2199595.0,0.1721927970647812,0.21882595121860504,0.32176080346107483,0.44387319684028625,0.46505677700042725,0.4897409677505493,0.5047428607940674,0.5143491625785828,0.5224659442901611,0.6207632422447205,0.57072514295578
2025-03-17,Iwik,ACOLITE,S2C_MSI_2025_03_17_11_46_19_T28QCH_L2W,C:\Users\Simon\Nextcloud\Project\Mauritania\Science\Arguin - FieldWork Data Processing\Data\S2\ACOLITE\2025-03-17,377,1038,2938,363435.0,2199595.0,0.17219538986682892,0.222639262676239,0.3231504261493683,0.44651347398757935,0.465057373046875,0.4897414445877075,0.5047432780265808,0.511709451675415,0.5224663019180298,0.620762825012207,0.5707218647003174
2025-03-17,Iwik,ACOLITE,S2C_MSI_2025_03_17_11_46_19_T28QCH_L2W,C:\Users\Simon\Nextcloud\Project\Mauritania\Science\Arguin - FieldWork Data Processing\Data\S2\ACOLITE\2025-03-17,378,1038,2939,363445.0,2199595.0,0.17219799757003784,0.21716094017028809,0.3196794390678406,0.4418673515319824,0.45694297552108765,0.4868353307247162,0.4990706443786621,0.5080115795135498,0.5186917185783386,0.6176030039787292,0.5654920935630798
2025-03-17,Iwik,ACOLITE,S2C_MSI_2025_03_17_11_46_19_T28QCH_L2W,C:\Users\Simon\Nextcloud\Project\Mauritania\Science\Arguin - FieldWork Data Processing\Data\S2\ACOLITE\2025-03-17,379,1038,2940,363455.0,2199595.0,0.17220059037208557,0.21930880844593048,0.3148137927055359,0.4365817904472351,0.4569435715675354,0.4868358075618744,0.49907103180885315,0.5071663856506348,0.5186920762062073,0.6176025867462158,0.565488874912262
2025-03-17,Iwik,ACOLITE,S2C_MSI_2025_03_17_11_46_19_T28QCH_L2W,C:\Users\Simon\Nextcloud\Project\Mauritania\Science\Arguin - FieldWork Data Processing\Data\S2\ACOLITE\2025-03-17,380,1038,2941,363465.0,2199595.0,0.1722031682729721,0.21788053214550018,0.3153948187828064,0.4364766478538513,0.46084529161453247,0.48735544085502625,0.4994768798351288,0.504840612411499,0.5187917351722717,0.6193348169326782,0.5665977597236633
2025-03-17,Iwik,ACOLITE,S2C_MSI_2025_03_17_11_46_19_T28QCH_L2W,C:\Users\Simon\Nextcloud\Project\Mauritania\Science\Arguin - FieldWork Data Processing\Data\S2\ACOLITE\2025-03-17,381,1038,2942,363475.0,2199595.0,0.17220577597618103,0.21883624792099,0.3179456889629364,0.4409182369709015,0.4608458876609802,0.48735591769218445,0.4994772970676422,0.5124502182006836,0.5187920928001404,0.61933434009552,0.5665945410728455
2025-03-17,Iwik,ACOLITE,S2C_MSI_2025_03_17_11_46_19_T28QCH_L2W,C:\Users\Simon\Nextcloud\Project\Mauritania\Science\Arguin - FieldWork Data Processing\Data\S2\ACOLITE\2025-03-17,382,1038,2943,363485.0,2199595.0,0.17106153070926666,0.22324439883232117,0.3207262456417084,0.44482746720314026,0.46348056197166443,0.488809734582901,0.5019095540046692,0.5136122107505798,0.5217726826667786,0.6187224388122559,0.5674809813499451
2025-03-17,Iwik,ACOLITE,S2C_MSI_2025_03_17_11_46_19_T28QCH_L2W,C:\Users\Simon\Nextcloud\Project\Mauritania\Science\Arguin - FieldWork Data Processing\Data\S2\ACOLITE\2025-03-17,383,1038,2944,363495.0,2199595.0,0.17106413841247559,0.2147851288318634,0.31644174456596375,0.4384881854057312,0.4634811580181122,0.4888102114200592,0.5019099116325378,0.5084362626075745,0.5217730402946472,0.6187220215797424,0.5674777626991272
2025-03-17,Iwik,ACOLITE,S2C_MSI_2025_03_17_11_46_19_T28QCH_L2W,C:\Users\Simon\Nextcloud\Project\Mauritania\Science\Arguin - FieldWork Data Processing\Data\S2\ACOLITE\2025-03-17,384,1038,2945,363505.0,2199595.0,0.1710667461156845,0.2145484834909439,0.31180381774902344,0.43277525901794434,0.4558917284011841,0.48237136006355286,0.4943073093891144,0.5018802285194397,0.5139220356941223,0.6129100322723389,0.5616904497146606
2025-03-17,Iwik,ACOLITE,S2C_MSI_2025_03_17_11_46_19_T28QCH_L2W,C:\Users\Simon\Nextcloud\Project\Mauritania\Science\Arguin - FieldWork Data Processing\Data\S2\ACOLITE\2025-03-17,385,1038,2946,363515.0,2199595.0,0.17106935381889343,0.21228154003620148,0.31284937262535095,0.4299164414405823,0.4558923542499542,0.48237183690071106,0.4943077266216278,0.49944648146629333,0.513922393321991,0.6129096150398254,0.5616872310638428
2025-03-17,Iwik,ACOLITE,S2C_MSI_2025_03_17_11_46_19_T28QCH_L2W,C:\Users\Simon\Nextcloud\Project\Mauritania\Science\Arguin - FieldWork Data Processing\Data\S2\ACOLITE\2025-03-17,386,1038,2947,363525.0,2199595.0,0.17107196152210236,0.2151494324207306,0.31099385023117065,0.42949333786964417,0.4525158405303955,0.47758951783180237,0.4910609722137451,0.499870240688324,0.5132265686988831,0.6104611158370972,0.5557860732078552
2025-03-17,Iwik,ACOLITE,S2C_MSI_2025_03_17_11_46_19_T28QCH_L2W,C:\Users\Simon\Nextcloud\Project\Mauritania\Science\Arguin - FieldWork Data Processing\Data\S2\ACOLITE\2025-03-17,387,1038,2948,363535.0,2199595.0,0.17107456922531128,0.2119273543357849,0.3080918490886688,0.42928212881088257,0.45251643657684326,0.47759002447128296,0.49106138944625854,0.4975415766239166,0.5132269263267517,0.610460638999939,0.5557828545570374
2025-03-17,Iwik,ACOLITE,S2C_MSI_2025_03_17_11_46_19_T28QCH_L2W,C:\Users\Simon\Nextcloud\Project\Mauritania\Science\Arguin - FieldWork Data Processing\Data\S2\ACOLITE\2025-03-17,388,1038,2949,363545.0,2199595.0,0.17158690094947815,0.20965830981731415,0.3071635663509369,0.42610305547714233,0.45188358426094055,0.4768623113632202,0.48791423439979553,0.4951059818267822,0.5086503028869629,0.6070929169654846,0.5529966354370117
2025-03-17,Iwik,ACOLITE,S2C_MSI_2025_03_17_11_46_19_T28QCH_L2W,C:\Users\Simon\Nextcloud\Project\Mauritania\Science\Arguin - FieldWork Data Processing\Data\S2\ACOLITE\2025-03-17,389,1038,2950,363555.0,2199595.0,0.17158952355384827,0.21479767560958862,0.3104170858860016,0.43013104796409607,0.4518841803073883,0.4768627882003784,0.48791468143463135,0.4953182339668274,0.5086506605148315,0.6070924997329712,0.5529934763908386
2025-03-17,Iwik,ACOLITE,S2C_MSI_2025_03_17_11_46_19_T28QCH_L2W,C:\Users\Simon\Nextcloud\Project\Mauritania\Science\Arguin - FieldWork Data Processing\Data\S2\ACOLITE\2025-03-17,390,1038,2951,363565.0,2199595.0,0.171592116355896,0.21635089814662933,0.3134355843067169,0.43542537093162537,0.4545237123966217,0.48039937019348145,0.49684539437294006,0.503680944442749,0.5173044204711914,0.6122955083847046,0.5554394125938416
2025-03-17,Iwik,ACOLITE,S2C_MSI_2025_03_17_11_46_19_T28QCH_L2W,C:\Users\Simon\Nextcloud\Project\Mauritania\Science\Arguin - FieldWork Data Processing\Data\S2\ACOLITE\2025-03-17,391,1038,2952,363575.0,2199595.0,0.17159470915794373,0.21694937348365784,0.31506040692329407,0.4376474916934967,0.45452433824539185,0.48039987683296204,0.4968457818031311,0.5055849552154541,0.5173047780990601,0.6122950315475464,0.5554361939430237
2025-03-17,Iwik,ACOLITE,S2C_MSI_2025_03_17_11_46_19_T28QCH_L2W,C:\Users\Simon\Nextcloud\Project\Mauritania\Science\Arguin - FieldWork Data Processing\Data\S2\ACOLITE\2025-03-17,392,1039,2931,363365.0,2199585.0,0.17586778104305267,0.22321920096874237,0.32348868250846863,0.4469308853149414,0.4664217233657837,0.49056798219680786,0.5061574578285217,0.5174078345298767,0.5314937829971313,0.625961184501648,0.5847475528717041
2025-03-17,Iwik,ACOLITE,S2C_MSI_2025_03_17_11_46_19_T28QCH_L2W,C:\Users\Simon\Nextcloud\Project\Mauritania\Science\Arguin - FieldWork Data Processing\Data\S2\ACOLITE\2025-03-17,393,1039,2932,363375.0,2199585.0,0.1758703589439392,0.22250713407993317,0.3231428265571594,0.4485144317150116,0.46642231941223145,0.49056845903396606,0.5061578750610352,0.5144527554512024,0.5314940810203552,0.6259607076644897,0.5847441554069519
2025-03-17,Iwik,ACOLITE,S2C_MSI_2025_03_17_11_46_19_T28QCH_L2W,C:\Users\Simon\Nextcloud\Project\Mauritania\Science\Arguin - FieldWork Data Processing\Data\S2\ACOLITE\2025-03-17,394,1039,2933,363385.0,2199585.0,0.17587293684482574,0.22274722158908844,0.32082951068878174,0.44503191113471985,0.4695800244808197,0.4949250817298889,0.5080812573432922,0.5138195753097534,0.5284197926521301,0.6269785761833191,0.5824084281921387
2025-03-17,Iwik,ACOLITE,S2C_MSI_2025_03_17_11_46_19_T28QCH_L2W,C:\Users\Simon\Nextcloud\Project\Mauritania\Science\Arguin - FieldWork Data Processing\Data\S2\ACOLITE\2025-03-17,395,1039,2934,363395.0,2199585.0,0.1758754998445511,0.22358223795890808,0.32048341631889343,0.44756603240966797,0.46958059072494507,0.4949255883693695,0.5080816745758057,0.5206791758537292,0.5284201502799988,0.6269780993461609,0.5824050903320312
2025-03-17,Iwik,ACOLITE,S2C_MSI_2025_03_17_11_46_19_T28QCH_L2W,C:\Users\Simon\Nextcloud\Project\Mauritania\Science\Arguin - FieldWork Data Processing\Data\S2\ACOLITE\2025-03-17,396,1039,2935,363405.0,2199585.0,0.17587806284427643,0.22215615212917328,0.3237247169017792,0.44767218828201294,0.4660029113292694,0.49440762400627136,0.509801983833313,0.5187808871269226,0.5268328785896301,0.6269776821136475,0.57884681224823
2025-03-17,Iwik,ACOLITE,S2C_MSI_2025_03_17_11_46_19_T28QCH_L2W,C:\Users\Simon\Nextcloud\Project\Mauritania\Science\Arguin - FieldWork Data Processing\Data\S2\ACOLITE\2025-03-17,397,1039,2936,363415.0,2199585.0,0.17588062584400177,0.22227725386619568,0.32175907492637634,0.44619518518447876,0.46600353717803955,0.49440810084342957,0.5098024010658264,0.5177261233329773,0.5268332362174988,0.6269772052764893,0.5788434743881226
2025-03-17,Iwik,ACOLITE,S2C_MSI_2025_03_17_11_46_19_T28QCH_L2W,C:\Users\Simon\Nextcloud\Project\Mauritania\Science\Arguin - FieldWork Data Processing\Data\S2\ACOLITE\2025-03-17,398,1039,2937,363425.0,2199585.0,0.17219166457653046,0.22025491297245026,0.32048699259757996,0.44123169779777527,0.46505647897720337,0.48974066972732544,0.5047425627708435,0.5133986473083496,0.522465705871582,0.62076336145401,0.5707266330718994
2025-03-17,Iwik,ACOLITE,S2C_MSI_2025_03_17_11_46_19_T28QCH_L2W,C:\Users\Simon\Nextcloud\Project\Mauritania\Science\Arguin - FieldWork Data Processing\Data\S2\ACOLITE\2025-03-17,399,1039,2938,363435.0,2199585.0,0.17219427227973938,0.21823112666606903,0.3177085816860199,0.4379551410675049,0.46505704522132874,0.48974114656448364,0.5047429800033569,0.5074825286865234,0.5224660634994507,0.6207628846168518,0.5707233548164368
2025-03-17,Iwik,ACOLITE,S2C_MSI_2025_03_17_11_46_19_T28QCH_L2W,C:\Users\Simon\Nextcloud\Project\Mauritania\Science\Arguin - FieldWork Data Processing\Data\S2\ACOLITE\2025-03-17,400,1039,2939,363445.0,2199585.0,0.1721968799829483,0.21847157180309296,0.3177098035812378,0.4381673038005829,0.4569426476955414,0.4868350327014923,0.499070405960083,0.5077999830245972,0.5186915397644043,0.6176031231880188,0.5654935240745544
2025-03-17,Iwik,ACOLITE,S2C_MSI_2025_03_17_11_46_19_T28QCH_L2W,C:\Users\Simon\Nextcloud\Project\Mauritania\Science\Arguin - FieldWork Data Processing\Data\S2\ACOLITE\2025-03-17,401,1039,2940,363455.0,2199585.0,0.17219947278499603,0.21906960010528564,0.3141174912452698,0.4366872310638428,0.4569432735443115,0.4868355095386505,0.49907079339027405,0.5062146186828613,0.5186918377876282,0.6176026463508606,0.5654903054237366
2025-03-17,Iwik,ACOLITE,S2C_MSI_2025_03_17_11_46_19_T28QCH_L2W,C:\Users\Simon\Nextcloud\Project\Mauritania\Science\Arguin - FieldWork Data Processing\Data\S2\ACOLITE\2025-03-17,402,1039,2941,363465.0,2199585.0,0.17220209538936615,0.21716421842575073,0.3134227395057678,0.43330153822898865,0.4608449935913086,0.48735514283180237,0.4994766116142273,0.5067436099052429,0.5187915563583374,0.619334876537323,0.5665991902351379
2025-03-17,Iwik,ACOLITE,S2C_MSI_2025_03_17_11_46_19_T28QCH_L2W,C:\Users\Simon\Nextcloud\Project\Mauritania\Science\Arguin - FieldWork Data Processing\Data\S2\ACOLITE\2025-03-17,403,1039,2942,363475.0,2199585.0,0.17220468819141388,0.21764326095581055,0.3159751296043396,0.44007235765457153,0.46084555983543396,0.48735564947128296,0.4994770586490631,0.509492039680481,0.518791913986206,0.6193344593048096,0.5665959715843201
2025-03-17,Iwik,ACOLITE,S2C_MSI_2025_03_17_11_46_19_T28QCH_L2W,C:\Users\Simon\Nextcloud\Project\Mauritania\Science\Arguin - FieldWork Data Processing\Data\S2\ACOLITE\2025-03-17,404,1039,2943,363485.0,2199585.0,0.1710604429244995,0.2215772271156311,0.3210729658603668,0.4436655342578888,0.46348023414611816,0.4888094663619995,0.5019092559814453,0.5107603073120117,0.5217725038528442,0.6187225580215454,0.5674824118614197
2025-03-17,Iwik,ACOLITE,S2C_MSI_2025_03_17_11_46_19_T28QCH_L2W,C:\Users\Simon\Nextcloud\Project\Mauritania\Science\Arguin - FieldWork Data Processing\Data\S2\ACOLITE\2025-03-17,405,1039,2944,363495.0,2199585.0,0.17106306552886963,0.2201501876115799,0.31956911087036133,0.44070786237716675,0.4634808301925659,0.4888099431991577,0.5019096732139587,0.5081189274787903,0.5217728018760681,0.6187220811843872,0.567479133605957
2025-03-17,Iwik,ACOLITE,S2C_MSI_2025_03_17_11_46_19_T28QCH_L2W,C:\Users\Simon\Nextcloud\Project\Mauritania\Science\Arguin - FieldWork Data Processing\Data\S2\ACOLITE\2025-03-17,406,1039,2945,363505.0,2199585.0,0.17106568813323975,0.21454761922359467,0.3148193955421448,0.4357384443283081,0.4558914303779602,0.482371062040329,0.4943070709705353,0.5041015148162842,0.513921856880188,0.6129101514816284,0.5616918206214905
2025-03-17,Iwik,ACOLITE,S2C_MSI_2025_03_17_11_46_19_T28QCH_L2W,C:\Users\Simon\Nextcloud\Project\Mauritania\Science\Arguin - FieldWork Data Processing\Data\S2\ACOLITE\2025-03-17,407,1039,2946,363515.0,2199585.0,0.17106829583644867,0.21622039377689362,0.3122687339782715,0.43573909997940063,0.45589202642440796,0.48237156867980957,0.4943074882030487,0.5038903951644897,0.5139222145080566,0.612909734249115,0.5616886019706726
2025-03-17,Iwik,ACOLITE,S2C_MSI_2025_03_17_11_46_19_T28QCH_L2W,C:\Users\Simon\Nextcloud\Project\Mauritania\Science\Arguin - FieldWork Data Processing\Data\S2\ACOLITE\2025-03-17,408,1039,2947,363525.0,2199585.0,0.1710709035396576,0.21741513907909393,0.3114575743675232,0.43457576632499695,0.45251551270484924,0.4775892198085785,0.49106070399284363,0.501986563205719,0.513226330280304,0.6104611754417419,0.5557874441146851
2025-03-17,Iwik,ACOLITE,S2C_MSI_2025_03_17_11_46_19_T28QCH_L2W,C:\Users\Simon\Nextcloud\Project\Mauritania\Science\Arguin - FieldWork Data Processing\Data\S2\ACOLITE\2025-03-17,409,1039,2948,363535.0,2199585.0,0.1710735261440277,0.21300165355205536,0.31064626574516296,0.4302352964878082,0.452516108751297,0.47758975625038147,0.49106115102767944,0.49743545055389404,0.5132266879081726,0.6104607582092285,0.5557842254638672
2025-03-17,Iwik,ACOLITE,S2C_MSI_2025_03_17_11_46_19_T28QCH_L2W,C:\Users\Simon\Nextcloud\Project\Mauritania\Science\Arguin - FieldWork Data Processing\Data\S2\ACOLITE\2025-03-17,410,1039,2949,363545.0,2199585.0,0.17158588767051697,0.21240653097629547,0.3120403587818146,0.4290705621242523,0.4518832862377167,0.4768620431423187,0.48791399598121643,0.4973299503326416,0.5086501240730286,0.6070930361747742,0.5529980063438416
2025-03-17,Iwik,ACOLITE,S2C_MSI_2025_03_17_11_46_19_T28QCH_L2W,C:\Users\Simon\Nextcloud\Project\Mauritania\Science\Arguin - FieldWork Data Processing\Data\S2\ACOLITE\2025-03-17,411,1039,2950,363555.0,2199585.0,0.1715884953737259,0.21777909994125366,0.31447768211364746,0.43309593200683594,0.45188388228416443,0.47686251997947693,0.48791441321372986,0.5031514763832092,0.5086504817008972,0.6070926189422607,0.5529948472976685
2025-03-17,Iwik,ACOLITE,S2C_MSI_2025_03_17_11_46_19_T28QCH_L2W,C:\Users\Simon\Nextcloud\Project\Mauritania\Science\Arguin - FieldWork Data Processing\Data\S2\ACOLITE\2025-03-17,412,1039,2951,363565.0,2199585.0,0.17159110307693481,0.21670792996883392,0.317608505487442,0.4384925067424774,0.4545234143733978,0.48039910197257996,0.49684515595436096,0.5019880533218384,0.5173042416572571,0.6122955083847046,0.5554407238960266
2025-03-17,Iwik,ACOLITE,S2C_MSI_2025_03_17_11_46_19_T28QCH_L2W,C:\Users\Simon\Nextcloud\Project\Mauritania\Science\Arguin - FieldWork Data Processing\Data\S2\ACOLITE\2025-03-17,413,1039,2952,363575.0,2199585.0,0.17159372568130493,0.21885602176189423,0.31645098328590393,0.43669524788856506,0.4545240104198456,0.48039957880973816,0.496845543384552,0.501247763633728,0.517304539680481,0.6122950911521912,0.5554375052452087
2025-03-17,Iwik,ACOLITE,S2C_MSI_2025_03_17_11_46_19_T28QCH_L2W,C:\Users\Simon\Nextcloud\Project\Mauritania\Science\Arguin - FieldWork Data Processing\Data\S2\ACOLITE\2025-03-17,414,1040,2931,363365.0,2199575.0,0.17586661875247955,0.22559718787670135,0.3233724534511566,0.4450303018093109,0.4671582579612732,0.49419811367988586,0.5078778266906738,0.5212051868438721,0.5291133522987366,0.6237205862998962,0.5785282254219055
2025-03-17,Iwik,ACOLITE,S2C_MSI_2025_03_17_11_46_19_T28QCH_L2W,C:\Users\Simon\Nextcloud\Project\Mauritania\Science\Arguin - FieldWork Data Processing\Data\S2\ACOLITE\2025-03-17,415,1040,2932,363375.0,2199575.0,0.17586921155452728,0.2228633165359497,0.32186946272850037,0.4465089738368988,0.46715885400772095,0.4941985607147217,0.5078782439231873,0.5144525170326233,0.5291136503219604,0.6237201690673828,0.5785248875617981
2025-03-17,Iwik,ACOLITE,S2C_MSI_2025_03_17_11_46_19_T28QCH_L2W,C:\Users\Simon\Nextcloud\Project\Mauritania\Science\Arguin - FieldWork Data Processing\Data\S2\ACOLITE\2025-03-17,416,1040,2933,363385.0,2199575.0,0.17587177455425262,0.22381725907325745,0.32094472646713257,0.4440811574459076,0.46642255783081055,0.4912949502468109,0.5091939568519592,0.5135025978088379,0.527725100517273,0.6241271495819092,0.5784105062484741
2025-03-17,Iwik,ACOLITE,S2C_MSI_2025_03_17_11_46_19_T28QCH_L2W,C:\Users\Simon\Nextcloud\Project\Mauritania\Science\Arguin - FieldWork Data Processing\Data\S2\ACOLITE\2025-03-17,417,1040,2934,363395.0,2199575.0,0.17587435245513916,0.22370034456253052,0.32025131583213806,0.4433424770832062,0.4664231240749359,0.49129539728164673,0.5091943740844727,0.5120243430137634,0.5277253985404968,0.6241267323493958,0.5784072279930115
2025-03-17,Iwik,ACOLITE,S2C_MSI_2025_03_17_11_46_19_T28QCH_L2W,C:\Users\Simon\Nextcloud\Project\Mauritania\Science\Arguin - FieldWork Data Processing\Data\S2\ACOLITE\2025-03-17,418,1040,2935,363405.0,2199575.0,0.1758769452571869,0.22394029796123505,0.32811665534973145,0.44724971055984497,0.4689496159553528,0.4967915415763855,0.5091947913169861,0.5157203674316406,0.5295113921165466,0.6268759369850159,0.5780705213546753
2025-03-17,Iwik,ACOLITE,S2C_MSI_2025_03_17_11_46_19_T28QCH_L2W,C:\Users\Simon\Nextcloud\Project\Mauritania\Science\Arguin - FieldWork Data Processing\Data\S2\ACOLITE\2025-03-17,419,1040,2936,363415.0,2199575.0,0.17587952315807343,0.2240612804889679,0.32592231035232544,0.44703927636146545,0.46895021200180054,0.4967919886112213,0.5091952085494995,0.5217341780662537,0.5295117497444153,0.6268754601478577,0.5780672430992126
2025-03-17,Iwik,ACOLITE,S2C_MSI_2025_03_17_11_46_19_T28QCH_L2W,C:\Users\Simon\Nextcloud\Project\Mauritania\Science\Arguin - FieldWork Data Processing\Data\S2\ACOLITE\2025-03-17,420,1040,2937,363425.0,2199575.0,0.17219054698944092,0.22037313878536224,0.31909695267677307,0.44355568289756775,0.46358174085617065,0.48911768198013306,0.5033246278762817,0.5124479532241821,0.5260394811630249,0.6210691332817078,0.5679482817649841
2025-03-17,Iwik,ACOLITE,S2C_MSI_2025_03_17_11_46_19_T28QCH_L2W,C:\Users\Simon\Nextcloud\Project\Mauritania\Science\Arguin - FieldWork Data Processing\Data\S2\ACOLITE\2025-03-17,421,1040,2938,363435.0,2199575.0,0.17219316959381104,0.21966040134429932,0.31921395659446716,0.44154903292655945,0.46358227729797363,0.48911818861961365,0.5033250451087952,0.5084335207939148,0.5260397791862488,0.6210686564445496,0.5679450035095215
2025-03-17,Iwik,ACOLITE,S2C_MSI_2025_03_17_11_46_19_T28QCH_L2W,C:\Users\Simon\Nextcloud\Project\Mauritania\Science\Arguin - FieldWork Data Processing\Data\S2\ACOLITE\2025-03-17,422,1040,2939,363445.0,2199575.0,0.17219576239585876,0.21942415833473206,0.3207204043865204,0.43880143761634827,0.462634801864624,0.4920239746570587,0.5026164650917053,0.508539617061615,0.5217709541320801,0.620660662651062,0.5672745108604431
2025-03-17,Iwik,ACOLITE,S2C_MSI_2025_03_17_11_46_19_T28QCH_L2W,C:\Users\Simon\Nextcloud\Project\Mauritania\Science\Arguin - FieldWork Data Processing\Data\S2\ACOLITE\2025-03-17,423,1040,2940,363455.0,2199575.0,0.17219838500022888,0.21811515092849731,0.31574028730392456,0.436052143573761,0.4626353979110718,0.4920244514942169,0.5026168823242188,0.5069544315338135,0.521771252155304,0.6206601858139038,0.5672712326049805
2025-03-17,Iwik,ACOLITE,S2C_MSI_2025_03_17_11_46_19_T28QCH_L2W,C:\Users\Simon\Nextcloud\Project\Mauritania\Science\Arguin - FieldWork Data Processing\Data\S2\ACOLITE\2025-03-17,424,1040,2941,363465.0,2199575.0,0.1722009927034378,0.21835564076900482,0.31272608041763306,0.43668755888938904,0.4635840654373169,0.4907799959182739,0.5029211044311523,0.5035709142684937,0.5210763216018677,0.6211692094802856,0.5654884576797485
2025-03-17,Iwik,ACOLITE,S2C_MSI_2025_03_17_11_46_19_T28QCH_L2W,C:\Users\Simon\Nextcloud\Project\Mauritania\Science\Arguin - FieldWork Data Processing\Data\S2\ACOLITE\2025-03-17,425,1040,2942,363475.0,2199575.0,0.17220360040664673,0.21776163578033447,0.3173653185367584,0.4384862184524536,0.46358466148376465,0.49078047275543213,0.5029215216636658,0.5089634656906128,0.5210766196250916,0.6211687922477722,0.5654851794242859
2025-03-17,Iwik,ACOLITE,S2C_MSI_2025_03_17_11_46_19_T28QCH_L2W,C:\Users\Simon\Nextcloud\Project\Mauritania\Science\Arguin - FieldWork Data Processing\Data\S2\ACOLITE\2025-03-17,426,1040,2943,363485.0,2199575.0,0.17105937004089355,0.21907493472099304,0.3199147880077362,0.4430314302444458,0.46189966797828674,0.4874596893787384,0.5031245350837708,0.5102318525314331,0.519686222076416,0.6179071664810181,0.5664829015731812
2025-03-17,Iwik,ACOLITE,S2C_MSI_2025_03_17_11_46_19_T28QCH_L2W,C:\Users\Simon\Nextcloud\Project\Mauritania\Science\Arguin - FieldWork Data Processing\Data\S2\ACOLITE\2025-03-17,427,1040,2944,363495.0,2199575.0,0.17106197774410248,0.2203875482082367,0.3208421468734741,0.4420813024044037,0.4619002342224121,0.487460196018219,0.5031249523162842,0.5079073309898376,0.5196865797042847,0.6179067492485046,0.5664796233177185
2025-03-17,Iwik,ACOLITE,S2C_MSI_2025_03_17_11_46_19_T28QCH_L2W,C:\Users\Simon\Nextcloud\Project\Mauritania\Science\Arguin - FieldWork Data Processing\Data\S2\ACOLITE\2025-03-17,428,1040,2945,363505.0,2199575.0,0.1710646152496338,0.21609815955162048,0.3159782886505127,0.43901684880256653,0.46010926365852356,0.4882911741733551,0.4990726411342621,0.5046300888061523,0.5191901326179504,0.6141340732574463,0.5629169940948486
2025-03-17,Iwik,ACOLITE,S2C_MSI_2025_03_17_11_46_19_T28QCH_L2W,C:\Users\Simon\Nextcloud\Project\Mauritania\Science\Arguin - FieldWork Data Processing\Data\S2\ACOLITE\2025-03-17,429,1040,2946,363515.0,2199575.0,0.1710672378540039,0.2157423049211502,0.31551578640937805,0.43827739357948303,0.4601098597049713,0.4882916510105133,0.4990730583667755,0.5071681141853333,0.5191904902458191,0.6141335964202881,0.5629137754440308
2025-03-17,Iwik,ACOLITE,S2C_MSI_2025_03_17_11_46_19_T28QCH_L2W,C:\Users\Simon\Nextcloud\Project\Mauritania\Science\Arguin - FieldWork Data Processing\Data\S2\ACOLITE\2025-03-17,430,1040,2947,363525.0,2199575.0,0.17106986045837402,0.21848727762699127,0.3115731179714203,0.4352104067802429,0.4527263641357422,0.4788370728492737,0.4926843047142029,0.5020921230316162,0.5104405879974365,0.6075022220611572,0.5511128902435303
2025-03-17,Iwik,ACOLITE,S2C_MSI_2025_03_17_11_46_19_T28QCH_L2W,C:\Users\Simon\Nextcloud\Project\Mauritania\Science\Arguin - FieldWork Data Processing\Data\S2\ACOLITE\2025-03-17,431,1040,2948,363535.0,2199575.0,0.17107248306274414,0.21574649214744568,0.31273481249809265,0.4318237006664276,0.45272698998451233,0.4788375794887543,0.4926847517490387,0.5002935528755188,0.5104409456253052,0.607501745223999,0.5511096715927124
2025-03-17,Iwik,ACOLITE,S2C_MSI_2025_03_17_11_46_19_T28QCH_L2W,C:\Users\Simon\Nextcloud\Project\Mauritania\Science\Arguin - FieldWork Data Processing\Data\S2\ACOLITE\2025-03-17,432,1040,2949,363545.0,2199575.0,0.1715848445892334,0.21574857831001282,0.3159831762313843,0.43171846866607666,0.4535720646381378,0.47811004519462585,0.49187329411506653,0.5027276873588562,0.5100432634353638,0.6048474907875061,0.548433780670166
2025-03-17,Iwik,ACOLITE,S2C_MSI_2025_03_17_11_46_19_T28QCH_L2W,C:\Users\Simon\Nextcloud\Project\Mauritania\Science\Arguin - FieldWork Data Processing\Data\S2\ACOLITE\2025-03-17,433,1040,2950,363555.0,2199575.0,0.17158746719360352,0.21455727517604828,0.31621620059013367,0.4308719038963318,0.4535726308822632,0.47811058163642883,0.49187374114990234,0.5024107098579407,0.5100436210632324,0.6048470735549927,0.5484306216239929
2025-03-17,Iwik,ACOLITE,S2C_MSI_2025_03_17_11_46_19_T28QCH_L2W,C:\Users\Simon\Nextcloud\Project\Mauritania\Science\Arguin - FieldWork Data Processing\Data\S2\ACOLITE\2025-03-17,434,1040,2951,363565.0,2199575.0,0.17159008979797363,0.21515615284442902,0.3141305446624756,0.43743467330932617,0.45483967661857605,0.4794630706310272,0.4972504675388336,0.49944794178009033,0.5170058608055115,0.6100513935089111,0.552102267742157
2025-03-17,Iwik,ACOLITE,S2C_MSI_2025_03_17_11_46_19_T28QCH_L2W,C:\Users\Simon\Nextcloud\Project\Mauritania\Science\Arguin - FieldWork Data Processing\Data\S2\ACOLITE\2025-03-17,435,1040,2952,363575.0,2199575.0,0.17159269750118256,0.2162320911884308,0.31366783380508423,0.43383798003196716,0.4548403024673462,0.4794635772705078,0.49725091457366943,0.4990249276161194,0.5170061588287354,0.6100509762763977,0.5520990490913391
2025-03-17,Iwik,ACOLITE,S2C_MSI_2025_03_17_11_46_19_T28QCH_L2W,C:\Users\Simon\Nextcloud\Project\Mauritania\Science\Arguin - FieldWork Data Processing\Data\S2\ACOLITE\2025-03-17,436,1041,2930,363355.0,2199565.0,0.17446325719356537,0.22273927927017212,0.3242960274219513,0.4443957209587097,0.46399858593940735,0.49222686886787415,0.5085854530334473,0.5162460803985596,0.5285176634788513,0.6264709234237671,0.5836434364318848
2025-03-17,Iwik,ACOLITE,S2C_MSI_2025_03_17_11_46_19_T28QCH_L2W,C:\Users\Simon\Nextcloud\Project\Mauritania\Science\Arguin - FieldWork Data Processing\Data\S2\ACOLITE\2025-03-17,437,1041,2931,363365.0,2199565.0,0.17586547136306763,0.225477397441864,0.3263782560825348,0.44502994418144226,0.46715793013572693,0.494197815656662,0.50787752866745,0.5176183581352234,0.5291131138801575,0.6237207055091858,0.5785298347473145
2025-03-17,Iwik,ACOLITE,S2C_MSI_2025_03_17_11_46_19_T28QCH_L2W,C:\Users\Simon\Nextcloud\Project\Mauritania\Science\Arguin - FieldWork Data Processing\Data\S2\ACOLITE\2025-03-17,438,1041,2932,363375.0,2199565.0,0.17586806416511536,0.22488485276699066,0.32441404461860657,0.4438689351081848,0.4671584963798523,0.4941982626914978,0.5078780055046082,0.514241099357605,0.5291134715080261,0.6237202882766724,0.578526496887207
2025-03-17,Iwik,ACOLITE,S2C_MSI_2025_03_17_11_46_19_T28QCH_L2W,C:\Users\Simon\Nextcloud\Project\Mauritania\Science\Arguin - FieldWork Data Processing\Data\S2\ACOLITE\2025-03-17,439,1041,2933,363385.0,2199565.0,0.1758706420660019,0.22310246527194977,0.3234899640083313,0.44545361399650574,0.46642225980758667,0.49129465222358704,0.5091937184333801,0.5124462246894836,0.5277248620986938,0.6241272687911987,0.5784120559692383
2025-03-17,Iwik,ACOLITE,S2C_MSI_2025_03_17_11_46_19_T28QCH_L2W,C:\Users\Simon\Nextcloud\Project\Mauritania\Science\Arguin - FieldWork Data Processing\Data\S2\ACOLITE\2025-03-17,440,1041,2934,363395.0,2199565.0,0.17587321996688843,0.22191421687602997,0.3223342001438141,0.44471511244773865,0.46642282605171204,0.49129512906074524,0.5091941356658936,0.5143473744392395,0.5277251601219177,0.6241267919540405,0.5784087181091309
2025-03-17,Iwik,ACOLITE,S2C_MSI_2025_03_17_11_46_19_T28QCH_L2W,C:\Users\Simon\Nextcloud\Project\Mauritania\Science\Arguin - FieldWork Data Processing\Data\S2\ACOLITE\2025-03-17,441,1041,2935,363405.0,2199565.0,0.17587582767009735,0.2215590924024582,0.32557380199432373,0.4467216730117798,0.4689493179321289,0.496791273355484,0.5091944932937622,0.5188858509063721,0.5295112133026123,0.6268759965896606,0.5780720710754395
2025-03-17,Iwik,ACOLITE,S2C_MSI_2025_03_17_11_46_19_T28QCH_L2W,C:\Users\Simon\Nextcloud\Project\Mauritania\Science\Arguin - FieldWork Data Processing\Data\S2\ACOLITE\2025-03-17,442,1041,2936,363415.0,2199565.0,0.1758784055709839,0.22655735909938812,0.3263840973377228,0.4500986635684967,0.4689498841762543,0.4967917203903198,0.5091949105262756,0.518464207649231,0.5295115113258362,0.6268755793571472,0.578068733215332
2025-03-17,Iwik,ACOLITE,S2C_MSI_2025_03_17_11_46_19_T28QCH_L2W,C:\Users\Simon\Nextcloud\Project\Mauritania\Science\Arguin - FieldWork Data Processing\Data\S2\ACOLITE\2025-03-17,443,1041,2937,363425.0,2199565.0,0.17218941450119019,0.22227752208709717,0.320254385471344,0.4411253333091736,0.463581383228302,0.48911741375923157,0.5033243298530579,0.5090669989585876,0.5260392427444458,0.6210691928863525,0.5679497718811035
2025-03-17,Iwik,ACOLITE,S2C_MSI_2025_03_17_11_46_19_T28QCH_L2W,C:\Users\Simon\Nextcloud\Project\Mauritania\Science\Arguin - FieldWork Data Processing\Data\S2\ACOLITE\2025-03-17,444,1041,2938,363435.0,2199565.0,0.1721920222043991,0.2193020135164261,0.3187501132488251,0.43731990456581116,0.46358200907707214,0.48911792039871216,0.5033247470855713,0.5081162452697754,0.5260395407676697,0.6210687160491943,0.5679464340209961
2025-03-17,Iwik,ACOLITE,S2C_MSI_2025_03_17_11_46_19_T28QCH_L2W,C:\Users\Simon\Nextcloud\Project\Mauritania\Science\Arguin - FieldWork Data Processing\Data\S2\ACOLITE\2025-03-17,445,1041,2939,363445.0,2199565.0,0.17219465970993042,0.21930408477783203,0.3186355233192444,0.44133803248405457,0.46263447403907776,0.4920237064361572,0.5026161670684814,0.5104414224624634,0.521770715713501,0.6206607222557068,0.5672760009765625
2025-03-17,Iwik,ACOLITE,S2C_MSI_2025_03_17_11_46_19_T28QCH_L2W,C:\Users\Simon\Nextcloud\Project\Mauritania\Science\Arguin - FieldWork Data Processing\Data\S2\ACOLITE\2025-03-17,446,1041,2940,363455.0,2199565.0,0.17219728231430054,0.2179950475692749,0.31886839866638184,0.44450780749320984,0.4626350998878479,0.49202415347099304,0.5026165843009949,0.5111812949180603,0.5217710137367249,0.6206603050231934,0.5672726631164551
2025-03-17,Iwik,ACOLITE,S2C_MSI_2025_03_17_11_46_19_T28QCH_L2W,C:\Users\Simon\Nextcloud\Project\Mauritania\Science\Arguin - FieldWork Data Processing\Data\S2\ACOLITE\2025-03-17,447,1041,2941,363465.0,2199565.0,0.17219989001750946,0.21787789463996887,0.3177111744880676,0.4461977481842041,0.463583767414093,0.49077972769737244,0.502920925617218,0.5097025632858276,0.5210760831832886,0.6211693286895752,0.5654898881912231
2025-03-17,Iwik,ACOLITE,S2C_MSI_2025_03_17_11_46_19_T28QCH_L2W,C:\Users\Simon\Nextcloud\Project\Mauritania\Science\Arguin - FieldWork Data Processing\Data\S2\ACOLITE\2025-03-17,448,1041,2942,363475.0,2199565.0,0.17220251262187958,0.21811842918395996,0.3189866244792938,0.44038882851600647,0.4635843336582184,0.49078020453453064,0.5029212832450867,0.5097029209136963,0.5210764408111572,0.621168851852417,0.5654866099357605
2025-03-17,Iwik,ACOLITE,S2C_MSI_2025_03_17_11_46_19_T28QCH_L2W,C:\Users\Simon\Nextcloud\Project\Mauritania\Science\Arguin - FieldWork Data Processing\Data\S2\ACOLITE\2025-03-17,449,1041,2943,363485.0,2199565.0,0.1710582971572876,0.2172858715057373,0.3164389431476593,0.439860999584198,0.4618993401527405,0.4874594211578369,0.5031242966651917,0.5045233368873596,0.5196859836578369,0.6179072856903076,0.5664843320846558
2025-03-17,Iwik,ACOLITE,S2C_MSI_2025_03_17_11_46_19_T28QCH_L2W,C:\Users\Simon\Nextcloud\Project\Mauritania\Science\Arguin - FieldWork Data Processing\Data\S2\ACOLITE\2025-03-17,450,1041,2944,363495.0,2199565.0,0.17106091976165771,0.21907615661621094,0.32118889689445496,0.4416583180427551,0.46189993619918823,0.4874598979949951,0.5031247138977051,0.5106545686721802,0.5196863412857056,0.6179068684577942,0.5664810538291931
2025-03-17,Iwik,ACOLITE,S2C_MSI_2025_03_17_11_46_19_T28QCH_L2W,C:\Users\Simon\Nextcloud\Project\Mauritania\Science\Arguin - FieldWork Data Processing\Data\S2\ACOLITE\2025-03-17,451,1041,2945,363505.0,2199565.0,0.17106354236602783,0.2195548415184021,0.3181794583797455,0.44208163022994995,0.4601089656352997,0.4882908761501312,0.499072402715683,0.5061103105545044,0.5191899538040161,0.6141341328620911,0.5629184246063232
2025-03-17,Iwik,ACOLITE,S2C_MSI_2025_03_17_11_46_19_T28QCH_L2W,C:\Users\Simon\Nextcloud\Project\Mauritania\Science\Arguin - FieldWork Data Processing\Data\S2\ACOLITE\2025-03-17,452,1041,2946,363515.0,2199565.0,0.17106617987155914,0.21478673815727234,0.31829655170440674,0.43848854303359985,0.46010956168174744,0.4882913827896118,0.4990728199481964,0.5055819749832153,0.51919025182724,0.6141336560249329,0.5629151463508606
2025-03-17,Iwik,ACOLITE,S2C_MSI_2025_03_17_11_46_19_T28QCH_L2W,C:\Users\Simon\Nextcloud\Project\Mauritania\Science\Arguin - FieldWork Data Processing\Data\S2\ACOLITE\2025-03-17,453,1041,2947,363525.0,2199565.0,0.17106881737709045,0.21455012261867523,0.30936670303344727,0.4307635724544525,0.4527260661125183,0.4788368344306946,0.4926840662956238,0.49986952543258667,0.5104403495788574,0.607502281665802,0.5511142015457153
2025-03-17,Iwik,ACOLITE,S2C_MSI_2025_03_17_11_46_19_T28QCH_L2W,C:\Users\Simon\Nextcloud\Project\Mauritania\Science\Arguin - FieldWork Data Processing\Data\S2\ACOLITE\2025-03-17,454,1041,2948,363535.0,2199565.0,0.17107143998146057,0.21634215116500854,0.3114577829837799,0.4337291121482849,0.45272666215896606,0.4788373112678528,0.4926844835281372,0.49870550632476807,0.5104407668113708,0.6075018644332886,0.5511110424995422
2025-03-17,Iwik,ACOLITE,S2C_MSI_2025_03_17_11_46_19_T28QCH_L2W,C:\Users\Simon\Nextcloud\Project\Mauritania\Science\Arguin - FieldWork Data Processing\Data\S2\ACOLITE\2025-03-17,455,1041,2949,363545.0,2199565.0,0.17158381640911102,0.21622498333454132,0.31308361887931824,0.4330946207046509,0.45357173681259155,0.47810977697372437,0.4918730556964874,0.49722355604171753,0.5100430250167847,0.6048476099967957,0.5484350919723511
2025-03-17,Iwik,ACOLITE,S2C_MSI_2025_03_17_11_46_19_T28QCH_L2W,C:\Users\Simon\Nextcloud\Project\Mauritania\Science\Arguin - FieldWork Data Processing\Data\S2\ACOLITE\2025-03-17,456,1041,2950,363555.0,2199565.0,0.17158643901348114,0.21670421957969666,0.31227269768714905,0.4294944405555725,0.4535723626613617,0.47811031341552734,0.49187347292900085,0.4946819543838501,0.5100433826446533,0.6048471927642822,0.548431932926178
2025-03-17,Iwik,ACOLITE,S2C_MSI_2025_03_17_11_46_19_T28QCH_L2W,C:\Users\Simon\Nextcloud\Project\Mauritania\Science\Arguin - FieldWork Data Processing\Data\S2\ACOLITE\2025-03-17,457,1041,2951,363565.0,2199565.0,0.17158907651901245,0.21813717484474182,0.30995240807533264,0.43203723430633545,0.4548393785953522,0.47946280241012573,0.4972502291202545,0.4962712228298187,0.5170056223869324,0.6100515127182007,0.552103579044342
2025-03-17,Iwik,ACOLITE,S2C_MSI_2025_03_17_11_46_19_T28QCH_L2W,C:\Users\Simon\Nextcloud\Project\Mauritania\Science\Arguin - FieldWork Data Processing\Data\S2\ACOLITE\2025-03-17,458,1041,2952,363575.0,2199565.0,0.17159169912338257,0.21992677450180054,0.3155226409435272,0.43806958198547363,0.4548400044441223,0.47946327924728394,0.49725064635276794,0.5025169849395752,0.517005980014801,0.6100510358810425,0.5521003603935242
2025-03-17,Iwik,ACOLITE,S2C_MSI_2025_03_17_11_46_19_T28QCH_L2W,C:\Users\Simon\Nextcloud\Project\Mauritania\Science\Arguin - FieldWork Data Processing\Data\S2\ACOLITE\2025-03-17,459,1042,2930,363355.0,2199555.0,0.17446209490299225,0.2265443354845047,0.3251049220561981,0.4474569261074066,0.4676832854747772,0.4923303425312042,0.5070672631263733,0.519622266292572,0.5282196998596191,0.6259618997573853,0.5833117365837097
2025-03-17,Iwik,ACOLITE,S2C_MSI_2025_03_17_11_46_19_T28QCH_L2W,C:\Users\Simon\Nextcloud\Project\Mauritania\Science\Arguin - FieldWork Data Processing\Data\S2\ACOLITE\2025-03-17,460,1042,2931,363365.0,2199555.0,0.1758643090724945,0.23177066445350647,0.3323826193809509,0.45620834827423096,0.46842053532600403,0.4984470307826996,0.5116201639175415,0.5253158807754517,0.5267317295074463,0.6259614825248718,0.577420175075531
2025-03-17,Iwik,ACOLITE,S2C_MSI_2025_03_17_11_46_19_T28QCH_L2W,C:\Users\Simon\Nextcloud\Project\Mauritania\Science\Arguin - FieldWork Data Processing\Data\S2\ACOLITE\2025-03-17,461,1042,2932,363375.0,2199555.0,0.17586691677570343,0.22821176052093506,0.3278810381889343,0.4511503577232361,0.4684211313724518,0.4984474778175354,0.5116205811500549,0.5184625387191772,0.5267320871353149,0.6259610652923584,0.5774168372154236
2025-03-17,Iwik,ACOLITE,S2C_MSI_2025_03_17_11_46_19_T28QCH_L2W,C:\Users\Simon\Nextcloud\Project\Mauritania\Science\Arguin - FieldWork Data Processing\Data\S2\ACOLITE\2025-03-17,462,1042,2933,363385.0,2199555.0,0.17586950957775116,0.2236965000629425,0.32591772079467773,0.4500964283943176,0.46968427300453186,0.4979299008846283,0.5136430859565735,0.515191376209259,0.5322869420051575,0.6257568597793579,0.5755242705345154
2025-03-17,Iwik,ACOLITE,S2C_MSI_2025_03_17_11_46_19_T28QCH_L2W,C:\Users\Simon\Nextcloud\Project\Mauritania\Science\Arguin - FieldWork Data Processing\Data\S2\ACOLITE\2025-03-17,463,1042,2934,363395.0,2199555.0,0.1758721023797989,0.22536367177963257,0.32719019055366516,0.4485146999359131,0.4696848690509796,0.4979303479194641,0.5136435031890869,0.5200456380844116,0.5322872400283813,0.6257564425468445,0.575520932674408
2025-03-17,Iwik,ACOLITE,S2C_MSI_2025_03_17_11_46_19_T28QCH_L2W,C:\Users\Simon\Nextcloud\Project\Mauritania\Science\Arguin - FieldWork Data Processing\Data\S2\ACOLITE\2025-03-17,464,1042,2935,363405.0,2199555.0,0.17587468028068542,0.22203442454338074,0.32487958669662476,0.44682690501213074,0.46821239590644836,0.49585816264152527,0.5086883902549744,0.5208897590637207,0.5256413221359253,0.6243301630020142,0.5731834769248962
2025-03-17,Iwik,ACOLITE,S2C_MSI_2025_03_17_11_46_19_T28QCH_L2W,C:\Users\Simon\Nextcloud\Project\Mauritania\Science\Arguin - FieldWork Data Processing\Data\S2\ACOLITE\2025-03-17,465,1042,2936,363415.0,2199555.0,0.17587727308273315,0.22643759846687317,0.32441821694374084,0.4473552405834198,0.4682129919528961,0.49585866928100586,0.508688747882843,0.51772540807724,0.525641679763794,0.624329686164856,0.5731801390647888
2025-03-17,Iwik,ACOLITE,S2C_MSI_2025_03_17_11_46_19_T28QCH_L2W,C:\Users\Simon\Nextcloud\Project\Mauritania\Science\Arguin - FieldWork Data Processing\Data\S2\ACOLITE\2025-03-17,466,1042,2937,363425.0,2199555.0,0.17218828201293945,0.22322872281074524,0.3186325430870056,0.44101929664611816,0.4642130434513092,0.4893247187137604,0.5043367743492126,0.5083270072937012,0.5235572457313538,0.6190311908721924,0.5660605430603027
2025-03-17,Iwik,ACOLITE,S2C_MSI_2025_03_17_11_46_19_T28QCH_L2W,C:\Users\Simon\Nextcloud\Project\Mauritania\Science\Arguin - FieldWork Data Processing\Data\S2\ACOLITE\2025-03-17,467,1042,2938,363435.0,2199555.0,0.17219091951847076,0.21834763884544373,0.318286269903183,0.43996304273605347,0.46421363949775696,0.4893251955509186,0.5043371915817261,0.5113916397094727,0.5235576033592224,0.619030773639679,0.5660572648048401
2025-03-17,Iwik,ACOLITE,S2C_MSI_2025_03_17_11_46_19_T28QCH_L2W,C:\Users\Simon\Nextcloud\Project\Mauritania\Science\Arguin - FieldWork Data Processing\Data\S2\ACOLITE\2025-03-17,468,1042,2939,363445.0,2199555.0,0.17219355702400208,0.22466032207012177,0.32338085770606995,0.44851791858673096,0.46453016996383667,0.4952380955219269,0.5100051760673523,0.5178320407867432,0.5249478816986084,0.6220872402191162,0.5683894753456116
2025-03-17,Iwik,ACOLITE,S2C_MSI_2025_03_17_11_46_19_T28QCH_L2W,C:\Users\Simon\Nextcloud\Project\Mauritania\Science\Arguin - FieldWork Data Processing\Data\S2\ACOLITE\2025-03-17,469,1042,2940,363455.0,2199555.0,0.1721961796283722,0.22097310423851013,0.32338204979896545,0.44894057512283325,0.4645307660102844,0.4952385723590851,0.5100055932998657,0.5155105590820312,0.5249481797218323,0.6220868229866028,0.5683861374855042
2025-03-17,Iwik,ACOLITE,S2C_MSI_2025_03_17_11_46_19_T28QCH_L2W,C:\Users\Simon\Nextcloud\Project\Mauritania\Science\Arguin - FieldWork Data Processing\Data\S2\ACOLITE\2025-03-17,470,1042,2941,363465.0,2199555.0,0.1721988022327423,0.22133243083953857,0.32349893450737,0.44672518968582153,0.462213933467865,0.4909869432449341,0.5053510069847107,0.5157220959663391,0.5220691561698914,0.6212713122367859,0.5646014213562012
2025-03-17,Iwik,ACOLITE,S2C_MSI_2025_03_17_11_46_19_T28QCH_L2W,C:\Users\Simon\Nextcloud\Project\Mauritania\Science\Arguin - FieldWork Data Processing\Data\S2\ACOLITE\2025-03-17,471,1042,2942,363475.0,2199555.0,0.17220143973827362,0.21895194053649902,0.31852278113365173,0.4396485686302185,0.46221452951431274,0.4909874498844147,0.5053513646125793,0.5095970034599304,0.5220694541931152,0.6212708950042725,0.5645982027053833
2025-03-17,Iwik,ACOLITE,S2C_MSI_2025_03_17_11_46_19_T28QCH_L2W,C:\Users\Simon\Nextcloud\Project\Mauritania\Science\Arguin - FieldWork Data Processing\Data\S2\ACOLITE\2025-03-17,472,1042,2943,363485.0,2199555.0,0.17105720937252045,0.21728502213954926,0.3151632249355316,0.43838047981262207,0.46042364835739136,0.48548609018325806,0.5016046166419983,0.5043116211891174,0.5205799341201782,0.6157665848731995,0.5621474981307983
2025-03-17,Iwik,ACOLITE,S2C_MSI_2025_03_17_11_46_19_T28QCH_L2W,C:\Users\Simon\Nextcloud\Project\Mauritania\Science\Arguin - FieldWork Data Processing\Data\S2\ACOLITE\2025-03-17,473,1042,2944,363495.0,2199555.0,0.17105984687805176,0.21859855949878693,0.3192201554775238,0.44250327348709106,0.4604242444038391,0.48548656702041626,0.5016050338745117,0.5083296298980713,0.5205802917480469,0.6157661080360413,0.5621442794799805
2025-03-17,Iwik,ACOLITE,S2C_MSI_2025_03_17_11_46_19_T28QCH_L2W,C:\Users\Simon\Nextcloud\Project\Mauritania\Science\Arguin - FieldWork Data Processing\Data\S2\ACOLITE\2025-03-17,474,1042,2945,363505.0,2199555.0,0.17106248438358307,0.22026881575584412,0.31980037689208984,0.4432434141635895,0.45873814821243286,0.48486390709877014,0.4975515604019165,0.5102320909500122,0.5157110095024109,0.6095441579818726,0.5596932172775269
2025-03-17,Iwik,ACOLITE,S2C_MSI_2025_03_17_11_46_19_T28QCH_L2W,C:\Users\Simon\Nextcloud\Project\Mauritania\Science\Arguin - FieldWork Data Processing\Data\S2\ACOLITE\2025-03-17,475,1042,2946,363515.0,2199555.0,0.17106512188911438,0.21669498085975647,0.31609436869621277,0.4373249411582947,0.4587387442588806,0.48486438393592834,0.4975520074367523,0.5071676969528198,0.5157113671302795,0.6095436811447144,0.5596899390220642
2025-03-17,Iwik,ACOLITE,S2C_MSI_2025_03_17_11_46_19_T28QCH_L2W,C:\Users\Simon\Nextcloud\Project\Mauritania\Science\Arguin - FieldWork Data Processing\Data\S2\ACOLITE\2025-03-17,476,1042,2947,363525.0,2199555.0,0.1710677593946457,0.21526537835597992,0.31087562441825867,0.43393978476524353,0.4540978968143463,0.47675615549087524,0.4914659261703491,0.49965763092041016,0.509843111038208,0.6063797473907471,0.5503360629081726
2025-03-17,Iwik,ACOLITE,S2C_MSI_2025_03_17_11_46_19_T28QCH_L2W,C:\Users\Simon\Nextcloud\Project\Mauritania\Science\Arguin - FieldWork Data Processing\Data\S2\ACOLITE\2025-03-17,477,1042,2948,363535.0,2199555.0,0.1710704118013382,0.21669918298721313,0.313545823097229,0.432987779378891,0.45409852266311646,0.4767566919326782,0.49146637320518494,0.4972229599952698,0.5098434686660767,0.6063792705535889,0.5503328442573547
2025-03-17,Iwik,ACOLITE,S2C_MSI_2025_03_17_11_46_19_T28QCH_L2W,C:\Users\Simon\Nextcloud\Project\Mauritania\Science\Arguin - FieldWork Data Processing\Data\S2\ACOLITE\2025-03-17,478,1042,2949,363545.0,2199555.0,0.17158278822898865,0.2194431722164154,0.3159821629524231,0.4332002103328705,0.46042725443840027,0.4847619831562042,0.5008979439735413,0.5000817775726318,0.5177004933357239,0.6116847395896912,0.5516659021377563
2025-03-17,Iwik,ACOLITE,S2C_MSI_2025_03_17_11_46_19_T28QCH_L2W,C:\Users\Simon\Nextcloud\Project\Mauritania\Science\Arguin - FieldWork Data Processing\Data\S2\ACOLITE\2025-03-17,479,1042,2950,363555.0,2199555.0,0.17158544063568115,0.21884945034980774,0.3184167146682739,0.43690454959869385,0.460427850484848,0.4847624599933624,0.5008983612060547,0.5012463331222534,0.5177008509635925,0.611684262752533,0.5516626834869385
2025-03-17,Iwik,ACOLITE,S2C_MSI_2025_03_17_11_46_19_T28QCH_L2W,C:\Users\Simon\Nextcloud\Project\Mauritania\Science\Arguin - FieldWork Data Processing\Data\S2\ACOLITE\2025-03-17,480,1042,2951,363565.0,2199555.0,0.17158804833889008,0.22063854336738586,0.3163323402404785,0.4395488202571869,0.4695894718170166,0.4927552044391632,0.5134479999542236,0.5055837035179138,0.5290201306343079,0.6224893927574158,0.5640126466751099
2025-03-17,Iwik,ACOLITE,S2C_MSI_2025_03_17_11_46_19_T28QCH_L2W,C:\Users\Simon\Nextcloud\Project\Mauritania\Science\Arguin - FieldWork Data Processing\Data\S2\ACOLITE\2025-03-17,481,1042,2952,363575.0,2199555.0,0.1715906858444214,0.22385427355766296,0.3222395181655884,0.445360004901886,0.46959006786346436,0.4927556812763214,0.5134484171867371,0.5109742283821106,0.5290204882621765,0.6224889159202576,0.5640093684196472
2025-03-17,Iwik,ACOLITE,S2C_MSI_2025_03_17_11_46_19_T28QCH_L2W,C:\Users\Simon\Nextcloud\Project\Mauritania\Science\Arguin - FieldWork Data Processing\Data\S2\ACOLITE\2025-03-17,482,1043,2930,363355.0,2199545.0,0.17446091771125793,0.22392739355564117,0.32406359910964966,0.44386693835258484,0.46768298745155334,0.49233001470565796,0.5070669651031494,0.5148733258247375,0.52821946144104,0.6259620189666748,0.5833133459091187
2025-03-17,Iwik,ACOLITE,S2C_MSI_2025_03_17_11_46_19_T28QCH_L2W,C:\Users\Simon\Nextcloud\Project\Mauritania\Science\Arguin - FieldWork Data Processing\Data\S2\ACOLITE\2025-03-17,483,1043,2931,363365.0,2199545.0,0.1758631467819214,0.22892138361930847,0.32845696806907654,0.4516766369342804,0.46842020750045776,0.4984467327594757,0.5116198658943176,0.5229968428611755,0.5267314910888672,0.6259615421295166,0.5774217247962952
2025-03-17,Iwik,ACOLITE,S2C_MSI_2025_03_17_11_46_19_T28QCH_L2W,C:\Users\Simon\Nextcloud\Project\Mauritania\Science\Arguin - FieldWork Data Processing\Data\S2\ACOLITE\2025-03-17,484,1043,2932,363375.0,2199545.0,0.1758657693862915,0.22714166343212128,0.328573614358902,0.4477744698524475,0.4684208035469055,0.4984472095966339,0.511620283126831,0.5174071788787842,0.5267318487167358,0.6259611248970032,0.5774183869361877
2025-03-17,Iwik,ACOLITE,S2C_MSI_2025_03_17_11_46_19_T28QCH_L2W,C:\Users\Simon\Nextcloud\Project\Mauritania\Science\Arguin - FieldWork Data Processing\Data\S2\ACOLITE\2025-03-17,485,1043,2933,363385.0,2199545.0,0.17586834728717804,0.22833162546157837,0.3307687044143677,0.45083433389663696,0.469683974981308,0.4979296028614044,0.5136428475379944,0.5192011594772339,0.5322867035865784,0.6257569789886475,0.5755258202552795
2025-03-17,Iwik,ACOLITE,S2C_MSI_2025_03_17_11_46_19_T28QCH_L2W,C:\Users\Simon\Nextcloud\Project\Mauritania\Science\Arguin - FieldWork Data Processing\Data\S2\ACOLITE\2025-03-17,486,1043,2934,363395.0,2199545.0,0.17587096989154816,0.22857119143009186,0.330077201128006,0.453048974275589,0.46968454122543335,0.4979300796985626,0.513643205165863,0.5202563405036926,0.532287061214447,0.6257565021514893,0.5755224823951721
2025-03-17,Iwik,ACOLITE,S2C_MSI_2025_03_17_11_46_19_T28QCH_L2W,C:\Users\Simon\Nextcloud\Project\Mauritania\Science\Arguin - FieldWork Data Processing\Data\S2\ACOLITE\2025-03-17,487,1043,2935,363405.0,2199545.0,0.1758735477924347,0.22643469274044037,0.3274219036102295,0.44819846749305725,0.4682120978832245,0.4958578944206238,0.5086881518363953,0.5192018747329712,0.525641143321991,0.6243302226066589,0.5731849670410156
2025-03-17,Iwik,ACOLITE,S2C_MSI_2025_03_17_11_46_19_T28QCH_L2W,C:\Users\Simon\Nextcloud\Project\Mauritania\Science\Arguin - FieldWork Data Processing\Data\S2\ACOLITE\2025-03-17,488,1043,2936,363415.0,2199545.0,0.1758761703968048,0.22417759895324707,0.32279834151268005,0.4499925374984741,0.46821266412734985,0.495858371257782,0.5086885094642639,0.5149810910224915,0.5256414413452148,0.6243298053741455,0.5731816291809082
2025-03-17,Iwik,ACOLITE,S2C_MSI_2025_03_17_11_46_19_T28QCH_L2W,C:\Users\Simon\Nextcloud\Project\Mauritania\Science\Arguin - FieldWork Data Processing\Data\S2\ACOLITE\2025-03-17,489,1043,2937,363425.0,2199545.0,0.17218716442584991,0.22275182604789734,0.31990593671798706,0.4396449029445648,0.4642127454280853,0.4893244504928589,0.5043365359306335,0.5090665817260742,0.5235570669174194,0.6190313100814819,0.5660620331764221
2025-03-17,Iwik,ACOLITE,S2C_MSI_2025_03_17_11_46_19_T28QCH_L2W,C:\Users\Simon\Nextcloud\Project\Mauritania\Science\Arguin - FieldWork Data Processing\Data\S2\ACOLITE\2025-03-17,490,1043,2938,363435.0,2199545.0,0.17218980193138123,0.2213253378868103,0.3231477737426758,0.4401741027832031,0.4642133414745331,0.4893249273300171,0.504336953163147,0.5116026401519775,0.5235573649406433,0.6190308332443237,0.5660587549209595
2025-03-17,Iwik,ACOLITE,S2C_MSI_2025_03_17_11_46_19_T28QCH_L2W,C:\Users\Simon\Nextcloud\Project\Mauritania\Science\Arguin - FieldWork Data Processing\Data\S2\ACOLITE\2025-03-17,491,1043,2939,363445.0,2199545.0,0.17219243943691254,0.22442162036895752,0.32453688979148865,0.4525250792503357,0.4645298719406128,0.4952378273010254,0.5100049376487732,0.516882061958313,0.5249476432800293,0.6220873594284058,0.5683909058570862
2025-03-17,Iwik,ACOLITE,S2C_MSI_2025_03_17_11_46_19_T28QCH_L2W,C:\Users\Simon\Nextcloud\Project\Mauritania\Science\Arguin - FieldWork Data Processing\Data\S2\ACOLITE\2025-03-17,492,1043,2940,363455.0,2199545.0,0.17219507694244385,0.22144855558872223,0.3163182735443115,0.4449295401573181,0.46453046798706055,0.4952383041381836,0.5100052952766418,0.5133988261222839,0.5249479413032532,0.6220868825912476,0.5683876276016235
2025-03-17,Iwik,ACOLITE,S2C_MSI_2025_03_17_11_46_19_T28QCH_L2W,C:\Users\Simon\Nextcloud\Project\Mauritania\Science\Arguin - FieldWork Data Processing\Data\S2\ACOLITE\2025-03-17,493,1043,2941,363465.0,2199545.0,0.17219771444797516,0.22145061194896698,0.32025814056396484,0.44545814394950867,0.4622136056423187,0.4909866750240326,0.5053507089614868,0.510653018951416,0.5220689177513123,0.6212713718414307,0.5646029114723206
2025-03-17,Iwik,ACOLITE,S2C_MSI_2025_03_17_11_46_19_T28QCH_L2W,C:\Users\Simon\Nextcloud\Project\Mauritania\Science\Arguin - FieldWork Data Processing\Data\S2\ACOLITE\2025-03-17,494,1043,2942,363475.0,2199545.0,0.17220035195350647,0.22109545767307281,0.3214169442653656,0.44440287351608276,0.46221423149108887,0.4909871518611908,0.5053511261940002,0.51308274269104,0.5220692753791809,0.6212709546089172,0.5645996332168579
2025-03-17,Iwik,ACOLITE,S2C_MSI_2025_03_17_11_46_19_T28QCH_L2W,C:\Users\Simon\Nextcloud\Project\Mauritania\Science\Arguin - FieldWork Data Processing\Data\S2\ACOLITE\2025-03-17,495,1043,2943,363485.0,2199545.0,0.1710561215877533,0.21966814994812012,0.3179442882537842,0.4423966109752655,0.4604233503341675,0.48548582196235657,0.5016043782234192,0.5076948404312134,0.5205796957015991,0.6157666444778442,0.562148928642273
2025-03-17,Iwik,ACOLITE,S2C_MSI_2025_03_17_11_46_19_T28QCH_L2W,C:\Users\Simon\Nextcloud\Project\Mauritania\Science\Arguin - FieldWork Data Processing\Data\S2\ACOLITE\2025-03-17,496,1043,2944,363495.0,2199545.0,0.1710587739944458,0.21824011206626892,0.317482054233551,0.4388037919998169,0.46042394638061523,0.48548632860183716,0.5016047954559326,0.5074837803840637,0.5205800533294678,0.6157662272453308,0.5621456503868103
2025-03-17,Iwik,ACOLITE,S2C_MSI_2025_03_17_11_46_19_T28QCH_L2W,C:\Users\Simon\Nextcloud\Project\Mauritania\Science\Arguin - FieldWork Data Processing\Data\S2\ACOLITE\2025-03-17,497,1043,2945,363505.0,2199545.0,0.1710614114999771,0.2203870713710785,0.3150492310523987,0.44482719898223877,0.458737850189209,0.48486360907554626,0.4975513517856598,0.5112883448600769,0.5157107710838318,0.6095442175865173,0.5596945881843567
2025-03-17,Iwik,ACOLITE,S2C_MSI_2025_03_17_11_46_19_T28QCH_L2W,C:\Users\Simon\Nextcloud\Project\Mauritania\Science\Arguin - FieldWork Data Processing\Data\S2\ACOLITE\2025-03-17,498,1043,2946,363515.0,2199545.0,0.17106406390666962,0.217290461063385,0.3130788207054138,0.43552619218826294,0.45873844623565674,0.48486411571502686,0.49755173921585083,0.5025142431259155,0.5157111287117004,0.6095437407493591,0.559691309928894
2025-03-17,Iwik,ACOLITE,S2C_MSI_2025_03_17_11_46_19_T28QCH_L2W,C:\Users\Simon\Nextcloud\Project\Mauritania\Science\Arguin - FieldWork Data Processing\Data\S2\ACOLITE\2025-03-17,499,1043,2947,363525.0,2199545.0,0.17106671631336212,0.21645769476890564,0.3128480315208435,0.43150436878204346,0.45409759879112244,0.47675588726997375,0.49146568775177,0.49944570660591125,0.5098428726196289,0.6063798069953918,0.5503373742103577
2025-03-17,Iwik,ACOLITE,S2C_MSI_2025_03_17_11_46_19_T28QCH_L2W,C:\Users\Simon\Nextcloud\Project\Mauritania\Science\Arguin - FieldWork Data Processing\Data\S2\ACOLITE\2025-03-17,500,1043,2948,363535.0,2199545.0,0.17106936872005463,0.2171754240989685,0.3130813241004944,0.43288156390190125,0.4540981948375702,0.47675639390945435,0.49146613478660583,0.4992343783378601,0.5098432302474976,0.6063793301582336,0.5503342151641846
2025-03-17,Iwik,ACOLITE,S2C_MSI_2025_03_17_11_46_19_T28QCH_L2W,C:\Users\Simon\Nextcloud\Project\Mauritania\Science\Arguin - FieldWork Data Processing\Data\S2\ACOLITE\2025-03-17,501,1043,2949,363545.0,2199545.0,0.17158176004886627,0.22444207966327667,0.31992053985595703,0.4403928518295288,0.4604269564151764,0.48476171493530273,0.5008977055549622,0.5086483359336853,0.5177002549171448,0.6116847991943359,0.5516672134399414
2025-03-17,Iwik,ACOLITE,S2C_MSI_2025_03_17_11_46_19_T28QCH_L2W,C:\Users\Simon\Nextcloud\Project\Mauritania\Science\Arguin - FieldWork Data Processing\Data\S2\ACOLITE\2025-03-17,502,1043,2950,363555.0,2199545.0,0.17158439755439758,0.23026524484157562,0.3283636271953583,0.4506342113018036,0.46042758226394653,0.4847622215747833,0.5008981227874756,0.5222655534744263,0.5177006125450134,0.6116843223571777,0.5516639947891235
2025-03-17,Iwik,ACOLITE,S2C_MSI_2025_03_17_11_46_19_T28QCH_L2W,C:\Users\Simon\Nextcloud\Project\Mauritania\Science\Arguin - FieldWork Data Processing\Data\S2\ACOLITE\2025-03-17,503,1043,2951,363565.0,2199545.0,0.1715870350599289,0.2268236130475998,0.3247824013233185,0.45190009474754333,0.4695892035961151,0.4927549362182617,0.5134477615356445,0.5204733610153198,0.5290199518203735,0.6224894523620605,0.5640139579772949
2025-03-17,Iwik,ACOLITE,S2C_MSI_2025_03_17_11_46_19_T28QCH_L2W,C:\Users\Simon\Nextcloud\Project\Mauritania\Science\Arguin - FieldWork Data Processing\Data\S2\ACOLITE\2025-03-17,504,1043,2952,363575.0,2199545.0,0.1715896874666214,0.22563719749450684,0.3294053077697754,0.4542194902896881,0.4695897698402405,0.4927554130554199,0.513448178768158,0.5230042338371277,0.5290203094482422,0.6224890351295471,0.5640106797218323
2025-03-17,Iwik,ACOLITE,S2C_MSI_2025_03_17_11_46_19_T28QCH_L2W,C:\Users\Simon\Nextcloud\Project\Mauritania\Science\Arguin - FieldWork Data Processing\Data\S2\ACOLITE\2025-03-17,505,1044,2930,363355.0,2199535.0,0.16923508048057556,0.2226174920797348,0.3219805955886841,0.4400627017021179,0.45967724919319153,0.48693302273750305,0.5010920166969299,0.5110712051391602,0.5211710929870605,0.6223971843719482,0.5825374126434326
2025-03-17,Iwik,ACOLITE,S2C_MSI_2025_03_17_11_46_19_T28QCH_L2W,C:\Users\Simon\Nextcloud\Project\Mauritania\Science\Arguin - FieldWork Data Processing\Data\S2\ACOLITE\2025-03-17,506,1044,2931,363365.0,2199535.0,0.1756075918674469,0.22452329099178314,0.32371723651885986,0.44481775164604187,0.46536725759506226,0.49181151390075684,0.5092933177947998,0.5168789625167847,0.526235044002533,0.6227023601531982,0.578645646572113
2025-03-17,Iwik,ACOLITE,S2C_MSI_2025_03_17_11_46_19_T28QCH_L2W,C:\Users\Simon\Nextcloud\Project\Mauritania\Science\Arguin - FieldWork Data Processing\Data\S2\ACOLITE\2025-03-17,507,1044,2932,363375.0,2199535.0,0.17561019957065582,0.22500106692314148,0.32730230689048767,0.44809070229530334,0.46536785364151,0.4918120205402374,0.5092936754226685,0.5131844282150269,0.5262354016304016,0.62270188331604,0.5786422491073608
2025-03-17,Iwik,ACOLITE,S2C_MSI_2025_03_17_11_46_19_T28QCH_L2W,C:\Users\Simon\Nextcloud\Project\Mauritania\Science\Arguin - FieldWork Data Processing\Data\S2\ACOLITE\2025-03-17,508,1044,2933,363385.0,2199535.0,0.17561280727386475,0.22999301552772522,0.33030644059181213,0.45452338457107544,0.47147172689437866,0.4963749051094055,0.5138447284698486,0.520466685295105,0.530501663684845,0.6238219738006592,0.5735266208648682
2025-03-17,Iwik,ACOLITE,S2C_MSI_2025_03_17_11_46_19_T28QCH_L2W,C:\Users\Simon\Nextcloud\Project\Mauritania\Science\Arguin - FieldWork Data Processing\Data\S2\ACOLITE\2025-03-17,509,1044,2934,363395.0,2199535.0,0.17561541497707367,0.22952021658420563,0.3277668058872223,0.4533648192882538,0.4714723229408264,0.4963753819465637,0.5138450860977173,0.5193067789077759,0.5305020213127136,0.623821496963501,0.5735232830047607
2025-03-17,Iwik,ACOLITE,S2C_MSI_2025_03_17_11_46_19_T28QCH_L2W,C:\Users\Simon\Nextcloud\Project\Mauritania\Science\Arguin - FieldWork Data Processing\Data\S2\ACOLITE\2025-03-17,510,1044,2935,363405.0,2199535.0,0.1756180226802826,0.22583948075771332,0.3240690231323242,0.4460873305797577,0.46410587430000305,0.48984208703041077,0.507574737071991,0.5160360336303711,0.5242512226104736,0.621070384979248,0.5711854100227356
2025-03-17,Iwik,ACOLITE,S2C_MSI_2025_03_17_11_46_19_T28QCH_L2W,C:\Users\Simon\Nextcloud\Project\Mauritania\Science\Arguin - FieldWork Data Processing\Data\S2\ACOLITE\2025-03-17,511,1044,2936,363415.0,2199535.0,0.1756206452846527,0.22322490811347961,0.321061909198761,0.4450322091579437,0.4641064703464508,0.48984259366989136,0.5075752139091492,0.5122354030609131,0.5242515206336975,0.6210699081420898,0.5711820721626282
2025-03-17,Iwik,ACOLITE,S2C_MSI_2025_03_17_11_46_19_T28QCH_L2W,C:\Users\Simon\Nextcloud\Project\Mauritania\Science\Arguin - FieldWork Data Processing\Data\S2\ACOLITE\2025-03-17,512,1044,2937,363425.0,2199535.0,0.17320503294467926,0.21989306807518005,0.3200211822986603,0.437423974275589,0.46516022086143494,0.4906732141971588,0.5029184818267822,0.5100173354148865,0.5262370705604553,0.6177063584327698,0.5673980712890625
2025-03-17,Iwik,ACOLITE,S2C_MSI_2025_03_17_11_46_19_T28QCH_L2W,C:\Users\Simon\Nextcloud\Project\Mauritania\Science\Arguin - FieldWork Data Processing\Data\S2\ACOLITE\2025-03-17,513,1044,2938,363435.0,2199535.0,0.17320767045021057,0.22251497209072113,0.32256880402565,0.4418647289276123,0.4651608169078827,0.49067366123199463,0.5029188394546509,0.5133978128433228,0.5262373685836792,0.6177059412002563,0.5673947930335999
2025-03-17,Iwik,ACOLITE,S2C_MSI_2025_03_17_11_46_19_T28QCH_L2W,C:\Users\Simon\Nextcloud\Project\Mauritania\Science\Arguin - FieldWork Data Processing\Data\S2\ACOLITE\2025-03-17,514,1044,2939,363445.0,2199535.0,0.17321030795574188,0.22263605892658234,0.3269639015197754,0.44904476404190063,0.4636869728565216,0.49254149198532104,0.5059570074081421,0.5183591246604919,0.5249474048614502,0.6192343235015869,0.5662793517112732
2025-03-17,Iwik,ACOLITE,S2C_MSI_2025_03_17_11_46_19_T28QCH_L2W,C:\Users\Simon\Nextcloud\Project\Mauritania\Science\Arguin - FieldWork Data Processing\Data\S2\ACOLITE\2025-03-17,515,1044,2940,363455.0,2199535.0,0.1732129454612732,0.21715772151947021,0.3162018358707428,0.44059792160987854,0.46368756890296936,0.49254196882247925,0.5059574246406555,0.5105467438697815,0.5249477624893188,0.6192338466644287,0.5662760734558105
2025-03-17,Iwik,ACOLITE,S2C_MSI_2025_03_17_11_46_19_T28QCH_L2W,C:\Users\Simon\Nextcloud\Project\Mauritania\Science\Arguin - FieldWork Data Processing\Data\S2\ACOLITE\2025-03-17,516,1044,2941,363465.0,2199535.0,0.1732155829668045,0.219305619597435,0.3165507912635803,0.43827274441719055,0.46189719438552856,0.48673081398010254,0.5017046332359314,0.5065310001373291,0.5204794406890869,0.6168890595436096,0.5621569156646729
2025-03-17,Iwik,ACOLITE,S2C_MSI_2025_03_17_11_46_19_T28QCH_L2W,C:\Users\Simon\Nextcloud\Project\Mauritania\Science\Arguin - FieldWork Data Processing\Data\S2\ACOLITE\2025-03-17,517,1044,2942,363475.0,2199535.0,0.17321820557117462,0.22037997841835022,0.321416437625885,0.4412333369255066,0.4618978202342987,0.48673129081726074,0.5017049908638,0.5088568329811096,0.5204797983169556,0.6168886423110962,0.5621536374092102
2025-03-17,Iwik,ACOLITE,S2C_MSI_2025_03_17_11_46_19_T28QCH_L2W,C:\Users\Simon\Nextcloud\Project\Mauritania\Science\Arguin - FieldWork Data Processing\Data\S2\ACOLITE\2025-03-17,518,1044,2943,363485.0,2199535.0,0.17334817349910736,0.21966730058193207,0.3165532350540161,0.4396485984325409,0.459579735994339,0.48434293270111084,0.5008949041366577,0.5079060196876526,0.5199834108352661,0.6146451830863953,0.5614827871322632
2025-03-17,Iwik,ACOLITE,S2C_MSI_2025_03_17_11_46_19_T28QCH_L2W,C:\Users\Simon\Nextcloud\Project\Mauritania\Science\Arguin - FieldWork Data Processing\Data\S2\ACOLITE\2025-03-17,519,1044,2944,363495.0,2199535.0,0.17335081100463867,0.21835844218730927,0.31840837001800537,0.4365825355052948,0.45958033204078674,0.48434340953826904,0.5008953213691711,0.5110764503479004,0.5199837684631348,0.6146447062492371,0.5614795088768005
2025-03-17,Iwik,ACOLITE,S2C_MSI_2025_03_17_11_46_19_T28QCH_L2W,C:\Users\Simon\Nextcloud\Project\Mauritania\Science\Arguin - FieldWork Data Processing\Data\S2\ACOLITE\2025-03-17,520,1044,2945,363505.0,2199535.0,0.17335344851016998,0.21943317353725433,0.312612920999527,0.4401784837245941,0.45979177951812744,0.48642122745513916,0.49552300572395325,0.501032292842865,0.5180962085723877,0.6129105687141418,0.5579153895378113
2025-03-17,Iwik,ACOLITE,S2C_MSI_2025_03_17_11_46_19_T28QCH_L2W,C:\Users\Simon\Nextcloud\Project\Mauritania\Science\Arguin - FieldWork Data Processing\Data\S2\ACOLITE\2025-03-17,521,1044,2946,363515.0,2199535.0,0.1733560711145401,0.21669329702854156,0.31365829706192017,0.4349968135356903,0.4597923755645752,0.48642170429229736,0.4955234229564667,0.4995509386062622,0.5180965662002563,0.6129101514816284,0.5579121708869934
2025-03-17,Iwik,ACOLITE,S2C_MSI_2025_03_17_11_46_19_T28QCH_L2W,C:\Users\Simon\Nextcloud\Project\Mauritania\Science\Arguin - FieldWork Data Processing\Data\S2\ACOLITE\2025-03-17,522,1044,2947,363525.0,2199535.0,0.1733587235212326,0.2181263417005539,0.31771695613861084,0.44271591305732727,0.4614793360233307,0.4865260720252991,0.5023149251937866,0.5074847340583801,0.5166060328483582,0.6134196519851685,0.5611359477043152
2025-03-17,Iwik,ACOLITE,S2C_MSI_2025_03_17_11_46_19_T28QCH_L2W,C:\Users\Simon\Nextcloud\Project\Mauritania\Science\Arguin - FieldWork Data Processing\Data\S2\ACOLITE\2025-03-17,523,1044,2948,363535.0,2199535.0,0.17336136102676392,0.2200351357460022,0.32084494829177856,0.44303348660469055,0.46147993206977844,0.4865265488624573,0.5023153424263,0.5103384256362915,0.5166063904762268,0.6134191751480103,0.5611326694488525
2025-03-17,Iwik,ACOLITE,S2C_MSI_2025_03_17_11_46_19_T28QCH_L2W,C:\Users\Simon\Nextcloud\Project\Mauritania\Science\Arguin - FieldWork Data Processing\Data\S2\ACOLITE\2025-03-17,524,1044,2949,363545.0,2199535.0,0.17412777245044708,0.22467908263206482,0.3210776448249817,0.446624219417572,0.4692721366882324,0.49576058983802795,0.5082888007164001,0.5148800015449524,0.529217541217804,0.622694194316864,0.5636880993843079
2025-03-17,Iwik,ACOLITE,S2C_MSI_2025_03_17_11_46_19_T28QCH_L2W,C:\Users\Simon\Nextcloud\Project\Mauritania\Science\Arguin - FieldWork Data Processing\Data\S2\ACOLITE\2025-03-17,525,1044,2950,363555.0,2199535.0,0.1741303950548172,0.22872133553028107,0.3277856111526489,0.453585684299469,0.4692727327346802,0.49576103687286377,0.5082892775535583,0.5240573883056641,0.5292178392410278,0.6226937770843506,0.5636848211288452
2025-03-17,Iwik,ACOLITE,S2C_MSI_2025_03_17_11_46_19_T28QCH_L2W,C:\Users\Simon\Nextcloud\Project\Mauritania\Science\Arguin - FieldWork Data Processing\Data\S2\ACOLITE\2025-03-17,526,1044,2951,363565.0,2199535.0,0.17413301765918732,0.22789204120635986,0.32755571603775024,0.4551668167114258,0.478312611579895,0.5036331415176392,0.5175905227661133,0.5239524245262146,0.5385347604751587,0.6297196745872498,0.5739111304283142
2025-03-17,Iwik,ACOLITE,S2C_MSI_2025_03_17_11_46_19_T28QCH_L2W,C:\Users\Simon\Nextcloud\Project\Mauritania\Science\Arguin - FieldWork Data Processing\Data\S2\ACOLITE\2025-03-17,527,1044,2952,363575.0,2199535.0,0.17413565516471863,0.2274189293384552,0.33009761571884155,0.45780035853385925,0.4783132076263428,0.5036335587501526,0.5175909399986267,0.5262710452079773,0.5385350584983826,0.6297191977500916,0.5739077925682068
2025-03-17,Iwik,ACOLITE,S2C_MSI_2025_03_17_11_46_19_T28QCH_L2W,C:\Users\Simon\Nextcloud\Project\Mauritania\Science\Arguin - FieldWork Data Processing\Data\S2\ACOLITE\2025-03-17,528,1045,2929,363345.0,2199525.0,0.16923120617866516,0.217729851603508,0.311199426651001,0.43593716621398926,0.4596763253211975,0.48693224787712097,0.5010913610458374,0.5037766695022583,0.5211704969406128,0.6223977208137512,0.582542359828949
2025-03-17,Iwik,ACOLITE,S2C_MSI_2025_03_17_11_46_19_T28QCH_L2W,C:\Users\Simon\Nextcloud\Project\Mauritania\Science\Arguin - FieldWork Data Processing\Data\S2\ACOLITE\2025-03-17,529,1045,2930,363355.0,2199525.0,0.16923388838768005,0.21916250884532928,0.31734785437583923,0.43699580430984497,0.45967692136764526,0.48693275451660156,0.5010917782783508,0.508640706539154,0.5211708545684814,0.622397243976593,0.5825389623641968
2025-03-17,Iwik,ACOLITE,S2C_MSI_2025_03_17_11_46_19_T28QCH_L2W,C:\Users\Simon\Nextcloud\Project\Mauritania\Science\Arguin - FieldWork Data Processing\Data\S2\ACOLITE\2025-03-17,530,1045,2931,363365.0,2199525.0,0.17560642957687378,0.22511699795722961,0.32255980372428894,0.4435500502586365,0.465366929769516,0.49181124567985535,0.5092930197715759,0.5163509845733643,0.5262348055839539,0.622702419757843,0.5786471962928772
2025-03-17,Iwik,ACOLITE,S2C_MSI_2025_03_17_11_46_19_T28QCH_L2W,C:\Users\Simon\Nextcloud\Project\Mauritania\Science\Arguin - FieldWork Data Processing\Data\S2\ACOLITE\2025-03-17,531,1045,2932,363375.0,2199525.0,0.1756090521812439,0.22476230561733246,0.3259148895740509,0.4494619071483612,0.46536752581596375,0.49181175231933594,0.5092934370040894,0.5188838839530945,0.5262351632118225,0.6227020025253296,0.578643798828125
2025-03-17,Iwik,ACOLITE,S2C_MSI_2025_03_17_11_46_19_T28QCH_L2W,C:\Users\Simon\Nextcloud\Project\Mauritania\Science\Arguin - FieldWork Data Processing\Data\S2\ACOLITE\2025-03-17,532,1045,2933,363385.0,2199525.0,0.175611674785614,0.22821110486984253,0.3282272219657898,0.4505172669887543,0.4714713990688324,0.49637463688850403,0.5138444304466248,0.5194116830825806,0.5305014252662659,0.6238220930099487,0.5735281705856323
2025-03-17,Iwik,ACOLITE,S2C_MSI_2025_03_17_11_46_19_T28QCH_L2W,C:\Users\Simon\Nextcloud\Project\Mauritania\Science\Arguin - FieldWork Data Processing\Data\S2\ACOLITE\2025-03-17,533,1045,2934,363395.0,2199525.0,0.17561428248882294,0.2289256602525711,0.32672634720802307,0.446614146232605,0.47147199511528015,0.49637511372566223,0.5138448476791382,0.5196229815483093,0.5305017828941345,0.6238216161727905,0.5735248327255249
2025-03-17,Iwik,ACOLITE,S2C_MSI_2025_03_17_11_46_19_T28QCH_L2W,C:\Users\Simon\Nextcloud\Project\Mauritania\Science\Arguin - FieldWork Data Processing\Data\S2\ACOLITE\2025-03-17,534,1045,2935,363405.0,2199525.0,0.17561690509319305,0.2233409732580185,0.31932342052459717,0.44439762830734253,0.4641055762767792,0.4898418188095093,0.5075744986534119,0.5141355991363525,0.5242509841918945,0.6210705041885376,0.5711869597434998
2025-03-17,Iwik,ACOLITE,S2C_MSI_2025_03_17_11_46_19_T28QCH_L2W,C:\Users\Simon\Nextcloud\Project\Mauritania\Science\Arguin - FieldWork Data Processing\Data\S2\ACOLITE\2025-03-17,535,1045,2936,363415.0,2199525.0,0.17561952769756317,0.22215282917022705,0.3209456503391266,0.44249701499938965,0.46410617232322693,0.4898422956466675,0.5075749158859253,0.5126575827598572,0.5242512822151184,0.6210700273513794,0.5711835622787476
2025-03-17,Iwik,ACOLITE,S2C_MSI_2025_03_17_11_46_19_T28QCH_L2W,C:\Users\Simon\Nextcloud\Project\Mauritania\Science\Arguin - FieldWork Data Processing\Data\S2\ACOLITE\2025-03-17,536,1045,2937,363425.0,2199525.0,0.17320391535758972,0.21881967782974243,0.31712472438812256,0.4377409517765045,0.4651598632335663,0.49067291617393494,0.5029181838035583,0.509066104888916,0.5262367725372314,0.6177064776420593,0.5673995614051819
2025-03-17,Iwik,ACOLITE,S2C_MSI_2025_03_17_11_46_19_T28QCH_L2W,C:\Users\Simon\Nextcloud\Project\Mauritania\Science\Arguin - FieldWork Data Processing\Data\S2\ACOLITE\2025-03-17,537,1045,2938,363435.0,2199525.0,0.17320655286312103,0.22394202649593353,0.3262687623500824,0.4459833800792694,0.4651604890823364,0.49067339301109314,0.5029186010360718,0.5141367316246033,0.5262371301651001,0.6177060008049011,0.5673962831497192
2025-03-17,Iwik,ACOLITE,S2C_MSI_2025_03_17_11_46_19_T28QCH_L2W,C:\Users\Simon\Nextcloud\Project\Mauritania\Science\Arguin - FieldWork Data Processing\Data\S2\ACOLITE\2025-03-17,538,1045,2939,363445.0,2199525.0,0.17320919036865234,0.22311122715473175,0.32603880763053894,0.4491499662399292,0.46368667483329773,0.49254119396209717,0.505956768989563,0.5185698866844177,0.5249472260475159,0.6192344427108765,0.5662807822227478
2025-03-17,Iwik,ACOLITE,S2C_MSI_2025_03_17_11_46_19_T28QCH_L2W,C:\Users\Simon\Nextcloud\Project\Mauritania\Science\Arguin - FieldWork Data Processing\Data\S2\ACOLITE\2025-03-17,539,1045,2940,363455.0,2199525.0,0.17321184277534485,0.22001758217811584,0.3207189738750458,0.44070327281951904,0.4636872708797455,0.49254170060157776,0.5059571862220764,0.5102295279502869,0.5249475240707397,0.6192339658737183,0.5662775039672852
2025-03-17,Iwik,ACOLITE,S2C_MSI_2025_03_17_11_46_19_T28QCH_L2W,C:\Users\Simon\Nextcloud\Project\Mauritania\Science\Arguin - FieldWork Data Processing\Data\S2\ACOLITE\2025-03-17,540,1045,2941,363465.0,2199525.0,0.17321449518203735,0.21942393481731415,0.3162025213241577,0.4366859197616577,0.4618969261646271,0.48673054575920105,0.5017043352127075,0.5088562369346619,0.5204792618751526,0.6168891787528992,0.5621583461761475
2025-03-17,Iwik,ACOLITE,S2C_MSI_2025_03_17_11_46_19_T28QCH_L2W,C:\Users\Simon\Nextcloud\Project\Mauritania\Science\Arguin - FieldWork Data Processing\Data\S2\ACOLITE\2025-03-17,541,1045,2942,363475.0,2199525.0,0.17321711778640747,0.2176380455493927,0.3180578649044037,0.43636924028396606,0.46189749240875244,0.48673102259635925,0.501704752445221,0.508645236492157,0.5204795598983765,0.616888701915741,0.56215500831604
2025-03-17,Iwik,ACOLITE,S2C_MSI_2025_03_17_11_46_19_T28QCH_L2W,C:\Users\Simon\Nextcloud\Project\Mauritania\Science\Arguin - FieldWork Data Processing\Data\S2\ACOLITE\2025-03-17,542,1045,2943,363485.0,2199525.0,0.1733471006155014,0.22133398056030273,0.3177115023136139,0.4384852647781372,0.4595794081687927,0.48434263467788696,0.5008946657180786,0.503253161907196,0.519983172416687,0.61464524269104,0.5614842176437378
2025-03-17,Iwik,ACOLITE,S2C_MSI_2025_03_17_11_46_19_T28QCH_L2W,C:\Users\Simon\Nextcloud\Project\Mauritania\Science\Arguin - FieldWork Data Processing\Data\S2\ACOLITE\2025-03-17,543,1045,2944,363495.0,2199525.0,0.1733497530221939,0.2200259417295456,0.3196818232536316,0.437957227230072,0.45958003401756287,0.48434314131736755,0.500895082950592,0.5094914436340332,0.5199835300445557,0.6146448254585266,0.5614808797836304
2025-03-17,Iwik,ACOLITE,S2C_MSI_2025_03_17_11_46_19_T28QCH_L2W,C:\Users\Simon\Nextcloud\Project\Mauritania\Science\Arguin - FieldWork Data Processing\Data\S2\ACOLITE\2025-03-17,544,1045,2945,363505.0,2199525.0,0.17335239052772522,0.21764437854290009,0.3136565387248993,0.4378521144390106,0.45979148149490356,0.48642095923423767,0.49552276730537415,0.4975387752056122,0.5180959701538086,0.6129106879234314,0.5579167604446411
2025-03-17,Iwik,ACOLITE,S2C_MSI_2025_03_17_11_46_19_T28QCH_L2W,C:\Users\Simon\Nextcloud\Project\Mauritania\Science\Arguin - FieldWork Data Processing\Data\S2\ACOLITE\2025-03-17,545,1045,2946,363515.0,2199525.0,0.17335502803325653,0.22074481844902039,0.31898942589759827,0.4413414001464844,0.4597920775413513,0.4864214360713959,0.4955231845378876,0.5108656883239746,0.5180963277816772,0.6129102110862732,0.5579135417938232
2025-03-17,Iwik,ACOLITE,S2C_MSI_2025_03_17_11_46_19_T28QCH_L2W,C:\Users\Simon\Nextcloud\Project\Mauritania\Science\Arguin - FieldWork Data Processing\Data\S2\ACOLITE\2025-03-17,546,1045,2947,363525.0,2199525.0,0.17335766553878784,0.22407950460910797,0.32373589277267456,0.4472558796405792,0.4614790081977844,0.4865258038043976,0.5023146867752075,0.5165678858757019,0.516605794429779,0.6134197115898132,0.5611372590065002
2025-03-17,Iwik,ACOLITE,S2C_MSI_2025_03_17_11_46_19_T28QCH_L2W,C:\Users\Simon\Nextcloud\Project\Mauritania\Science\Arguin - FieldWork Data Processing\Data\S2\ACOLITE\2025-03-17,547,1045,2948,363535.0,2199525.0,0.17336031794548035,0.22289185225963593,0.32258033752441406,0.4444062113761902,0.46147963404655457,0.4865262806415558,0.502315104007721,0.5106551647186279,0.5166061520576477,0.6134192943572998,0.5611340403556824
2025-03-17,Iwik,ACOLITE,S2C_MSI_2025_03_17_11_46_19_T28QCH_L2W,C:\Users\Simon\Nextcloud\Project\Mauritania\Science\Arguin - FieldWork Data Processing\Data\S2\ACOLITE\2025-03-17,548,1045,2949,363545.0,2199525.0,0.1741267442703247,0.2225368767976761,0.31968796253204346,0.4425056576728821,0.46927186846733093,0.49576032161712646,0.5082886219024658,0.5094932913780212,0.5292173027992249,0.6226943135261536,0.5636894702911377
2025-03-17,Iwik,ACOLITE,S2C_MSI_2025_03_17_11_46_19_T28QCH_L2W,C:\Users\Simon\Nextcloud\Project\Mauritania\Science\Arguin - FieldWork Data Processing\Data\S2\ACOLITE\2025-03-17,549,1045,2950,363555.0,2199525.0,0.17412938177585602,0.2262258529663086,0.3287091553211212,0.45084452629089355,0.4692724645137787,0.49576079845428467,0.5082889795303345,0.5217379331588745,0.5292176008224487,0.6226938962936401,0.5636861324310303
2025-03-17,Iwik,ACOLITE,S2C_MSI_2025_03_17_11_46_19_T28QCH_L2W,C:\Users\Simon\Nextcloud\Project\Mauritania\Science\Arguin - FieldWork Data Processing\Data\S2\ACOLITE\2025-03-17,550,1045,2951,363565.0,2199525.0,0.17413203418254852,0.22884130477905273,0.32790181040763855,0.45653584599494934,0.47831234335899353,0.5036328434944153,0.5175902843475342,0.5280613303184509,0.5385345220565796,0.6297197341918945,0.573912501335144
2025-03-17,Iwik,ACOLITE,S2C_MSI_2025_03_17_11_46_19_T28QCH_L2W,C:\Users\Simon\Nextcloud\Project\Mauritania\Science\Arguin - FieldWork Data Processing\Data\S2\ACOLITE\2025-03-17,551,1045,2952,363575.0,2199525.0,0.17413467168807983,0.22622992098331451,0.326863169670105,0.45485109090805054,0.4783129096031189,0.5036333203315735,0.5175907015800476,0.5243741273880005,0.5385348200798035,0.6297193169593811,0.5739091634750366
2025-03-17,Iwik,ACOLITE,S2C_MSI_2025_03_17_11_46_19_T28QCH_L2W,C:\Users\Simon\Nextcloud\Project\Mauritania\Science\Arguin - FieldWork Data Processing\Data\S2\ACOLITE\2025-03-17,552,1046,2929,363345.0,2199515.0,0.16922999918460846,0.21975532174110413,0.31340378522872925,0.43561938405036926,0.46073007583618164,0.48776257038116455,0.5027120113372803,0.5065259337425232,0.5245465636253357,0.6218883991241455,0.5792111158370972
2025-03-17,Iwik,ACOLITE,S2C_MSI_2025_03_17_11_46_19_T28QCH_L2W,C:\Users\Simon\Nextcloud\Project\Mauritania\Science\Arguin - FieldWork Data Processing\Data\S2\ACOLITE\2025-03-17,553,1046,2930,363355.0,2199515.0,0.16923269629478455,0.2216632217168808,0.3172314167022705,0.440062016248703,0.4607307016849518,0.48776307702064514,0.5027124285697937,0.5085347890853882,0.5245468616485596,0.6218879222869873,0.579207718372345
2025-03-17,Iwik,ACOLITE,S2C_MSI_2025_03_17_11_46_19_T28QCH_L2W,C:\Users\Simon\Nextcloud\Project\Mauritania\Science\Arguin - FieldWork Data Processing\Data\S2\ACOLITE\2025-03-17,554,1046,2931,363365.0,2199515.0,0.17560525238513947,0.22309379279613495,0.32198068499565125,0.44439464807510376,0.46431347727775574,0.49046221375465393,0.5059531927108765,0.51265549659729,0.5272269248962402,0.6200534105300903,0.5774263739585876
2025-03-17,Iwik,ACOLITE,S2C_MSI_2025_03_17_11_46_19_T28QCH_L2W,C:\Users\Simon\Nextcloud\Project\Mauritania\Science\Arguin - FieldWork Data Processing\Data\S2\ACOLITE\2025-03-17,555,1046,2932,363375.0,2199515.0,0.17560790479183197,0.22547490894794464,0.3249894678592682,0.4446065425872803,0.4643140733242035,0.4904627203941345,0.5059536099433899,0.5167732834815979,0.5272272825241089,0.6200529336929321,0.5774230360984802
2025-03-17,Iwik,ACOLITE,S2C_MSI_2025_03_17_11_46_19_T28QCH_L2W,C:\Users\Simon\Nextcloud\Project\Mauritania\Science\Arguin - FieldWork Data Processing\Data\S2\ACOLITE\2025-03-17,556,1046,2933,363385.0,2199515.0,0.1756105273962021,0.22642795741558075,0.32707127928733826,0.4462965130805969,0.46705225110054016,0.49357515573501587,0.5073710680007935,0.5169847011566162,0.5268306732177734,0.6207658052444458,0.5726403594017029
2025-03-17,Iwik,ACOLITE,S2C_MSI_2025_03_17_11_46_19_T28QCH_L2W,C:\Users\Simon\Nextcloud\Project\Mauritania\Science\Arguin - FieldWork Data Processing\Data\S2\ACOLITE\2025-03-17,557,1046,2934,363395.0,2199515.0,0.1756131500005722,0.2280934453010559,0.32452934980392456,0.44608601927757263,0.4670528173446655,0.49357566237449646,0.5073714852333069,0.5168795585632324,0.5268310308456421,0.6207653284072876,0.5726370215415955
2025-03-17,Iwik,ACOLITE,S2C_MSI_2025_03_17_11_46_19_T28QCH_L2W,C:\Users\Simon\Nextcloud\Project\Mauritania\Science\Arguin - FieldWork Data Processing\Data\S2\ACOLITE\2025-03-17,558,1046,2935,363405.0,2199515.0,0.17561578750610352,0.2220308482646942,0.31967028975486755,0.44175639748573303,0.4628411829471588,0.48973774909973145,0.5033222436904907,0.5130794048309326,0.5226620435714722,0.6200516223907471,0.5706324577331543
2025-03-17,Iwik,ACOLITE,S2C_MSI_2025_03_17_11_46_19_T28QCH_L2W,C:\Users\Simon\Nextcloud\Project\Mauritania\Science\Arguin - FieldWork Data Processing\Data\S2\ACOLITE\2025-03-17,559,1046,2936,363415.0,2199515.0,0.17561841011047363,0.2221519500017166,0.3202504515647888,0.4394317865371704,0.46284180879592896,0.48973819613456726,0.5033226609230042,0.5111786127090454,0.5226624011993408,0.6200511455535889,0.5706291198730469
2025-03-17,Iwik,ACOLITE,S2C_MSI_2025_03_17_11_46_19_T28QCH_L2W,C:\Users\Simon\Nextcloud\Project\Mauritania\Science\Arguin - FieldWork Data Processing\Data\S2\ACOLITE\2025-03-17,560,1046,2937,363425.0,2199515.0,0.17320279777050018,0.2197721302509308,0.31805115938186646,0.43900954723358154,0.4665282964706421,0.49523603916168213,0.5056520104408264,0.5080089569091797,0.5245492458343506,0.6192353963851929,0.5676235556602478
2025-03-17,Iwik,ACOLITE,S2C_MSI_2025_03_17_11_46_19_T28QCH_L2W,C:\Users\Simon\Nextcloud\Project\Mauritania\Science\Arguin - FieldWork Data Processing\Data\S2\ACOLITE\2025-03-17,561,1046,2938,363435.0,2199515.0,0.1732054501771927,0.2219180017709732,0.3236089050769806,0.44746077060699463,0.46652889251708984,0.49523651599884033,0.5056524276733398,0.5170920491218567,0.5245495438575745,0.6192349791526794,0.5676202178001404
2025-03-17,Iwik,ACOLITE,S2C_MSI_2025_03_17_11_46_19_T28QCH_L2W,C:\Users\Simon\Nextcloud\Project\Mauritania\Science\Arguin - FieldWork Data Processing\Data\S2\ACOLITE\2025-03-17,562,1046,2939,363445.0,2199515.0,0.173208087682724,0.22299134731292725,0.32569149136543274,0.45062628388404846,0.4685291647911072,0.49554795026779175,0.5102064609527588,0.5182530879974365,0.5271303653717041,0.6202535629272461,0.5643913745880127
2025-03-17,Iwik,ACOLITE,S2C_MSI_2025_03_17_11_46_19_T28QCH_L2W,C:\Users\Simon\Nextcloud\Project\Mauritania\Science\Arguin - FieldWork Data Processing\Data\S2\ACOLITE\2025-03-17,563,1046,2940,363455.0,2199515.0,0.1732107549905777,0.22251735627651215,0.32395827770233154,0.4445061981678009,0.46852976083755493,0.49554845690727234,0.5102068781852722,0.5128700733184814,0.527130663394928,0.6202531456947327,0.5643880367279053
2025-03-17,Iwik,ACOLITE,S2C_MSI_2025_03_17_11_46_19_T28QCH_L2W,C:\Users\Simon\Nextcloud\Project\Mauritania\Science\Arguin - FieldWork Data Processing\Data\S2\ACOLITE\2025-03-17,564,1046,2941,363465.0,2199515.0,0.173213392496109,0.22025705873966217,0.31689736247062683,0.4390122592449188,0.46042120456695557,0.4854840040206909,0.5012988448143005,0.5081161856651306,0.5194855332374573,0.6149520874023438,0.5607133507728577
2025-03-17,Iwik,ACOLITE,S2C_MSI_2025_03_17_11_46_19_T28QCH_L2W,C:\Users\Simon\Nextcloud\Project\Mauritania\Science\Arguin - FieldWork Data Processing\Data\S2\ACOLITE\2025-03-17,565,1046,2942,363475.0,2199515.0,0.1732160449028015,0.21823331713676453,0.31655094027519226,0.43763822317123413,0.4604218006134033,0.4854845106601715,0.501299262046814,0.5064252018928528,0.5194858908653259,0.6149516701698303,0.5607100129127502
2025-03-17,Iwik,ACOLITE,S2C_MSI_2025_03_17_11_46_19_T28QCH_L2W,C:\Users\Simon\Nextcloud\Project\Mauritania\Science\Arguin - FieldWork Data Processing\Data\S2\ACOLITE\2025-03-17,566,1046,2943,363485.0,2199515.0,0.17334604263305664,0.21918894350528717,0.321879506111145,0.4402821660041809,0.4596845507621765,0.4861081540584564,0.49998238682746887,0.5103361010551453,0.5190888047218323,0.6137275695800781,0.5631544589996338
2025-03-17,Iwik,ACOLITE,S2C_MSI_2025_03_17_11_46_19_T28QCH_L2W,C:\Users\Simon\Nextcloud\Project\Mauritania\Science\Arguin - FieldWork Data Processing\Data\S2\ACOLITE\2025-03-17,567,1046,2944,363495.0,2199515.0,0.17334868013858795,0.22073979675769806,0.32037603855133057,0.4378511309623718,0.45968517661094666,0.486108660697937,0.4999828338623047,0.509068489074707,0.5190891027450562,0.6137270927429199,0.5631511807441711
2025-03-17,Iwik,ACOLITE,S2C_MSI_2025_03_17_11_46_19_T28QCH_L2W,C:\Users\Simon\Nextcloud\Project\Mauritania\Science\Arguin - FieldWork Data Processing\Data\S2\ACOLITE\2025-03-17,568,1046,2945,363505.0,2199515.0,0.17335133254528046,0.22050367295742035,0.3187560439109802,0.4399664103984833,0.4645325243473053,0.48984643816947937,0.5016044974327087,0.503253698348999,0.5212750434875488,0.616071879863739,0.5623691082000732
2025-03-17,Iwik,ACOLITE,S2C_MSI_2025_03_17_11_46_19_T28QCH_L2W,C:\Users\Simon\Nextcloud\Project\Mauritania\Science\Arguin - FieldWork Data Processing\Data\S2\ACOLITE\2025-03-17,569,1046,2946,363515.0,2199515.0,0.17335398495197296,0.2238387018442154,0.32350289821624756,0.4480991065502167,0.46453312039375305,0.4898468852043152,0.5016049146652222,0.5141394734382629,0.5212754011154175,0.6160714030265808,0.5623657703399658
2025-03-17,Iwik,ACOLITE,S2C_MSI_2025_03_17_11_46_19_T28QCH_L2W,C:\Users\Simon\Nextcloud\Project\Mauritania\Science\Arguin - FieldWork Data Processing\Data\S2\ACOLITE\2025-03-17,570,1046,2947,363525.0,2199515.0,0.17335662245750427,0.222293883562088,0.32153719663619995,0.4447219967842102,0.46411246061325073,0.49181872606277466,0.5064659118652344,0.5102319717407227,0.5226660966873169,0.6167846322059631,0.5652546882629395
2025-03-17,Iwik,ACOLITE,S2C_MSI_2025_03_17_11_46_19_T28QCH_L2W,C:\Users\Simon\Nextcloud\Project\Mauritania\Science\Arguin - FieldWork Data Processing\Data\S2\ACOLITE\2025-03-17,571,1046,2948,363535.0,2199515.0,0.17335928976535797,0.21943779289722443,0.31899139285087585,0.44049692153930664,0.4641130268573761,0.49181920289993286,0.5064663290977478,0.5055816173553467,0.5226664543151855,0.6167841553688049,0.5652514100074768
2025-03-17,Iwik,ACOLITE,S2C_MSI_2025_03_17_11_46_19_T28QCH_L2W,C:\Users\Simon\Nextcloud\Project\Mauritania\Science\Arguin - FieldWork Data Processing\Data\S2\ACOLITE\2025-03-17,572,1046,2949,363545.0,2199515.0,0.17412573099136353,0.2249153107404709,0.3252410292625427,0.44430091977119446,0.4713752567768097,0.4960709810256958,0.5143560171127319,0.513401448726654,0.5322911739349365,0.6231018900871277,0.5705856680870056
2025-03-17,Iwik,ACOLITE,S2C_MSI_2025_03_17_11_46_19_T28QCH_L2W,C:\Users\Simon\Nextcloud\Project\Mauritania\Science\Arguin - FieldWork Data Processing\Data\S2\ACOLITE\2025-03-17,573,1046,2950,363555.0,2199515.0,0.17412836849689484,0.22824476659297943,0.32951703667640686,0.4539012610912323,0.47137585282325745,0.496071457862854,0.5143564343452454,0.5230029225349426,0.5322915315628052,0.6231014728546143,0.5705823302268982
2025-03-17,Iwik,ACOLITE,S2C_MSI_2025_03_17_11_46_19_T28QCH_L2W,C:\Users\Simon\Nextcloud\Project\Mauritania\Science\Arguin - FieldWork Data Processing\Data\S2\ACOLITE\2025-03-17,574,1046,2951,363565.0,2199515.0,0.17413102090358734,0.22955283522605896,0.3307880759239197,0.45706209540367126,0.471271276473999,0.49835169315338135,0.5122339725494385,0.5282716751098633,0.5299120545387268,0.6247307062149048,0.5688000917434692
2025-03-17,Iwik,ACOLITE,S2C_MSI_2025_03_17_11_46_19_T28QCH_L2W,C:\Users\Simon\Nextcloud\Project\Mauritania\Science\Arguin - FieldWork Data Processing\Data\S2\ACOLITE\2025-03-17,575,1047,2929,363345.0,2199505.0,0.16922880709171295,0.22142204642295837,0.31896743178367615,0.4371001720428467,0.460729718208313,0.48776230216026306,0.5027117729187012,0.5092739462852478,0.5245463252067566,0.6218884587287903,0.5792126655578613
2025-03-17,Iwik,ACOLITE,S2C_MSI_2025_03_17_11_46_19_T28QCH_L2W,C:\Users\Simon\Nextcloud\Project\Mauritania\Science\Arguin - FieldWork Data Processing\Data\S2\ACOLITE\2025-03-17,576,1047,2930,363355.0,2199505.0,0.16923150420188904,0.22297175228595734,0.3201267719268799,0.4409072697162628,0.46073034405708313,0.48776280879974365,0.5027121901512146,0.5110704898834229,0.5245466828346252,0.6218880414962769,0.5792092680931091
2025-03-17,Iwik,ACOLITE,S2C_MSI_2025_03_17_11_46_19_T28QCH_L2W,C:\Users\Simon\Nextcloud\Project\Mauritania\Science\Arguin - FieldWork Data Processing\Data\S2\ACOLITE\2025-03-17,577,1047,2931,363365.0,2199505.0,0.17560411989688873,0.2199968844652176,0.321401447057724,0.44280993938446045,0.4643131494522095,0.49046191573143005,0.5059529542922974,0.5112821459770203,0.5272266864776611,0.6200535297393799,0.5774279832839966
2025-03-17,Iwik,ACOLITE,S2C_MSI_2025_03_17_11_46_19_T28QCH_L2W,C:\Users\Simon\Nextcloud\Project\Mauritania\Science\Arguin - FieldWork Data Processing\Data\S2\ACOLITE\2025-03-17,578,1047,2932,363375.0,2199505.0,0.17560675740242004,0.22190459072589874,0.3200134038925171,0.4414370059967041,0.4643137454986572,0.49046239256858826,0.5059533715248108,0.5118106603622437,0.5272270441055298,0.6200530529022217,0.5774245858192444
2025-03-17,Iwik,ACOLITE,S2C_MSI_2025_03_17_11_46_19_T28QCH_L2W,C:\Users\Simon\Nextcloud\Project\Mauritania\Science\Arguin - FieldWork Data Processing\Data\S2\ACOLITE\2025-03-17,579,1047,2933,363385.0,2199505.0,0.17560939490795135,0.22523824870586395,0.32279255986213684,0.44492363929748535,0.4670518934726715,0.4935748875141144,0.5073707699775696,0.5180397033691406,0.5268304347991943,0.6207658648490906,0.572641909122467
2025-03-17,Iwik,ACOLITE,S2C_MSI_2025_03_17_11_46_19_T28QCH_L2W,C:\Users\Simon\Nextcloud\Project\Mauritania\Science\Arguin - FieldWork Data Processing\Data\S2\ACOLITE\2025-03-17,580,1047,2934,363395.0,2199505.0,0.17561201751232147,0.2248835414648056,0.32279375195503235,0.4450298845767975,0.46705248951911926,0.4935753643512726,0.507371187210083,0.5151905417442322,0.526830792427063,0.6207654476165771,0.5726385116577148
2025-03-17,Iwik,ACOLITE,S2C_MSI_2025_03_17_11_46_19_T28QCH_L2W,C:\Users\Simon\Nextcloud\Project\Mauritania\Science\Arguin - FieldWork Data Processing\Data\S2\ACOLITE\2025-03-17,581,1047,2935,363405.0,2199505.0,0.17561465501785278,0.22191086411476135,0.321522057056427,0.4432351589202881,0.46284088492393494,0.48973745107650757,0.5033219456672668,0.5112836360931396,0.5226618647575378,0.6200516819953918,0.5706340074539185
2025-03-17,Iwik,ACOLITE,S2C_MSI_2025_03_17_11_46_19_T28QCH_L2W,C:\Users\Simon\Nextcloud\Project\Mauritania\Science\Arguin - FieldWork Data Processing\Data\S2\ACOLITE\2025-03-17,582,1047,2936,363415.0,2199505.0,0.1756172925233841,0.22274620831012726,0.3180493712425232,0.43869131803512573,0.4628414809703827,0.48973792791366577,0.5033223628997803,0.5112840533256531,0.5226621627807617,0.6200512051582336,0.5706306099891663
2025-03-17,Iwik,ACOLITE,S2C_MSI_2025_03_17_11_46_19_T28QCH_L2W,C:\Users\Simon\Nextcloud\Project\Mauritania\Science\Arguin - FieldWork Data Processing\Data\S2\ACOLITE\2025-03-17,583,1047,2937,363425.0,2199505.0,0.17320168018341064,0.2240571528673172,0.3175871670246124,0.44070059061050415,0.4665279686450958,0.49523577094078064,0.5056517124176025,0.5120238065719604,0.5245490074157715,0.6192354559898376,0.5676249861717224
2025-03-17,Iwik,ACOLITE,S2C_MSI_2025_03_17_11_46_19_T28QCH_L2W,C:\Users\Simon\Nextcloud\Project\Mauritania\Science\Arguin - FieldWork Data Processing\Data\S2\ACOLITE\2025-03-17,584,1047,2938,363435.0,2199505.0,0.17320433259010315,0.22477290034294128,0.32441794872283936,0.4475659728050232,0.4665285646915436,0.49523621797561646,0.505652129650116,0.5167752504348755,0.5245493650436401,0.6192350387573242,0.567621648311615
2025-03-17,Iwik,ACOLITE,S2C_MSI_2025_03_17_11_46_19_T28QCH_L2W,C:\Users\Simon\Nextcloud\Project\Mauritania\Science\Arguin - FieldWork Data Processing\Data\S2\ACOLITE\2025-03-17,585,1047,2939,363445.0,2199505.0,0.17320699989795685,0.2291715294122696,0.3295036554336548,0.45484232902526855,0.4685288667678833,0.49554768204689026,0.5102061629295349,0.5208899974822998,0.527130126953125,0.6202536821365356,0.5643928050994873
2025-03-17,Iwik,ACOLITE,S2C_MSI_2025_03_17_11_46_19_T28QCH_L2W,C:\Users\Simon\Nextcloud\Project\Mauritania\Science\Arguin - FieldWork Data Processing\Data\S2\ACOLITE\2025-03-17,586,1047,2940,363455.0,2199505.0,0.17320965230464935,0.2241823524236679,0.323032408952713,0.44619515538215637,0.46852946281433105,0.49554818868637085,0.5102065801620483,0.51688152551651,0.5271304249763489,0.6202532052993774,0.5643894672393799
2025-03-17,Iwik,ACOLITE,S2C_MSI_2025_03_17_11_46_19_T28QCH_L2W,C:\Users\Simon\Nextcloud\Project\Mauritania\Science\Arguin - FieldWork Data Processing\Data\S2\ACOLITE\2025-03-17,587,1047,2941,363465.0,2199505.0,0.17321230471134186,0.2200179398059845,0.31736040115356445,0.44133737683296204,0.4604208767414093,0.48548373579978943,0.5012986063957214,0.5110746026039124,0.5194852948188782,0.6149522662162781,0.5607147812843323
2025-03-17,Iwik,ACOLITE,S2C_MSI_2025_03_17_11_46_19_T28QCH_L2W,C:\Users\Simon\Nextcloud\Project\Mauritania\Science\Arguin - FieldWork Data Processing\Data\S2\ACOLITE\2025-03-17,588,1047,2942,363475.0,2199505.0,0.17321497201919556,0.2191859781742096,0.3167822062969208,0.43721482157707214,0.46042150259017944,0.48548421263694763,0.5012990236282349,0.5069535374641418,0.5194856524467468,0.6149517893791199,0.5607114434242249
2025-03-17,Iwik,ACOLITE,S2C_MSI_2025_03_17_11_46_19_T28QCH_L2W,C:\Users\Simon\Nextcloud\Project\Mauritania\Science\Arguin - FieldWork Data Processing\Data\S2\ACOLITE\2025-03-17,589,1047,2943,363485.0,2199505.0,0.17334496974945068,0.2183537781238556,0.3166675567626953,0.4362635016441345,0.45968425273895264,0.48610788583755493,0.49998217821121216,0.5054737329483032,0.5190885663032532,0.6137276291847229,0.5631558299064636
2025-03-17,Iwik,ACOLITE,S2C_MSI_2025_03_17_11_46_19_T28QCH_L2W,C:\Users\Simon\Nextcloud\Project\Mauritania\Science\Arguin - FieldWork Data Processing\Data\S2\ACOLITE\2025-03-17,590,1047,2944,363495.0,2199505.0,0.1733476221561432,0.223476842045784,0.3196808099746704,0.4435580372810364,0.4596848487854004,0.4861083924770355,0.4999825954437256,0.509596586227417,0.5190889239311218,0.6137271523475647,0.563152551651001
2025-03-17,Iwik,ACOLITE,S2C_MSI_2025_03_17_11_46_19_T28QCH_L2W,C:\Users\Simon\Nextcloud\Project\Mauritania\Science\Arguin - FieldWork Data Processing\Data\S2\ACOLITE\2025-03-17,591,1047,2945,363505.0,2199505.0,0.1733502745628357,0.22359786927700043,0.32280710339546204,0.44683176279067993,0.4645322263240814,0.4898461401462555,0.5016042590141296,0.5095970034599304,0.5212748050689697,0.6160719990730286,0.5623704791069031
2025-03-17,Iwik,ACOLITE,S2C_MSI_2025_03_17_11_46_19_T28QCH_L2W,C:\Users\Simon\Nextcloud\Project\Mauritania\Science\Arguin - FieldWork Data Processing\Data\S2\ACOLITE\2025-03-17,592,1047,2946,363515.0,2199505.0,0.1733529418706894,0.22002846002578735,0.3223455250263214,0.4419747292995453,0.4645328223705292,0.4898466169834137,0.5016046762466431,0.5073779225349426,0.5212751626968384,0.6160715222358704,0.5623672008514404
2025-03-17,Iwik,ACOLITE,S2C_MSI_2025_03_17_11_46_19_T28QCH_L2W,C:\Users\Simon\Nextcloud\Project\Mauritania\Science\Arguin - FieldWork Data Processing\Data\S2\ACOLITE\2025-03-17,593,1047,2947,363525.0,2199505.0,0.1733555942773819,0.22181689739227295,0.3198002874851227,0.4418697655200958,0.46411216259002686,0.49181845784187317,0.5064656734466553,0.5043119788169861,0.5226659178733826,0.6167846918106079,0.5652560591697693
2025-03-17,Iwik,ACOLITE,S2C_MSI_2025_03_17_11_46_19_T28QCH_L2W,C:\Users\Simon\Nextcloud\Project\Mauritania\Science\Arguin - FieldWork Data Processing\Data\S2\ACOLITE\2025-03-17,594,1047,2948,363535.0,2199505.0,0.1733582615852356,0.22455570101737976,0.3238517940044403,0.4468337595462799,0.4641127586364746,0.49181893467903137,0.5064660906791687,0.5128728151321411,0.5226662755012512,0.6167842149734497,0.5652527809143066
2025-03-17,Iwik,ACOLITE,S2C_MSI_2025_03_17_11_46_19_T28QCH_L2W,C:\Users\Simon\Nextcloud\Project\Mauritania\Science\Arguin - FieldWork Data Processing\Data\S2\ACOLITE\2025-03-17,595,1047,2949,363545.0,2199505.0,0.17412471771240234,0.22836066782474518,0.33136236667633057,0.4507378041744232,0.4713749885559082,0.4960707426071167,0.5143557786941528,0.519944429397583,0.5322909951210022,0.6231020092964172,0.5705870389938354
2025-03-17,Iwik,ACOLITE,S2C_MSI_2025_03_17_11_46_19_T28QCH_L2W,C:\Users\Simon\Nextcloud\Project\Mauritania\Science\Arguin - FieldWork Data Processing\Data\S2\ACOLITE\2025-03-17,596,1047,2950,363555.0,2199505.0,0.17412737011909485,0.22788764536380768,0.32951658964157104,0.45284703373908997,0.47137555480003357,0.4960712194442749,0.5143561959266663,0.5191009044647217,0.5322913527488708,0.623101532459259,0.570583701133728
2025-03-17,Iwik,ACOLITE,S2C_MSI_2025_03_17_11_46_19_T28QCH_L2W,C:\Users\Simon\Nextcloud\Project\Mauritania\Science\Arguin - FieldWork Data Processing\Data\S2\ACOLITE\2025-03-17,597,1048,2928,363335.0,2199495.0,0.16922488808631897,0.22153809666633606,0.32255449891090393,0.4383682906627655,0.4580931067466736,0.487761527299881,0.5006847977638245,0.517932116985321,0.5245457291603088,0.6245376467704773,0.5788843631744385
2025-03-17,Iwik,ACOLITE,S2C_MSI_2025_03_17_11_46_19_T28QCH_L2W,C:\Users\Simon\Nextcloud\Project\Mauritania\Science\Arguin - FieldWork Data Processing\Data\S2\ACOLITE\2025-03-17,598,1048,2929,363345.0,2199495.0,0.16922760009765625,0.22368274629116058,0.3238282799720764,0.4446038603782654,0.46547001600265503,0.49398744106292725,0.5096961259841919,0.516032874584198,0.5289124250411987,0.6258611679077148,0.5788809657096863
2025-03-17,Iwik,ACOLITE,S2C_MSI_2025_03_17_11_46_19_T28QCH_L2W,C:\Users\Simon\Nextcloud\Project\Mauritania\Science\Arguin - FieldWork Data Processing\Data\S2\ACOLITE\2025-03-17,599,1048,2930,363355.0,2199495.0,0.16923031210899353,0.2266577035188675,0.3286840617656708,0.44893214106559753,0.4654706120491028,0.49398794770240784,0.5096964836120605,0.5220464468002319,0.5289127826690674,0.6258606314659119,0.5788775682449341
2025-03-17,Iwik,ACOLITE,S2C_MSI_2025_03_17_11_46_19_T28QCH_L2W,C:\Users\Simon\Nextcloud\Project\Mauritania\Science\Arguin - FieldWork Data Processing\Data\S2\ACOLITE\2025-03-17,600,1048,2931,363365.0,2199495.0,0.17560294270515442,0.22428172826766968,0.32394635677337646,0.44724446535110474,0.4643128216266632,0.4935736358165741,0.5059526562690735,0.5169835090637207,0.5252416133880615,0.6238232851028442,0.5779851675033569
2025-03-17,Iwik,ACOLITE,S2C_MSI_2025_03_17_11_46_19_T28QCH_L2W,C:\Users\Simon\Nextcloud\Project\Mauritania\Science\Arguin - FieldWork Data Processing\Data\S2\ACOLITE\2025-03-17,601,1048,2932,363375.0,2199495.0,0.17560561001300812,0.2199980616569519,0.3187389075756073,0.440379798412323,0.46431344747543335,0.4935741126537323,0.5059530735015869,0.510225772857666,0.5252419710159302,0.623822808265686,0.5779817700386047
2025-03-17,Iwik,ACOLITE,S2C_MSI_2025_03_17_11_46_19_T28QCH_L2W,C:\Users\Simon\Nextcloud\Project\Mauritania\Science\Arguin - FieldWork Data Processing\Data\S2\ACOLITE\2025-03-17,602,1048,2933,363385.0,2199495.0,0.17560823261737823,0.22226294875144958,0.3214033544063568,0.4410146176815033,0.4616803228855133,0.49046260118484497,0.5031183362007141,0.5124445557594299,0.5235545635223389,0.6205621957778931,0.5729769468307495
2025-03-17,Iwik,ACOLITE,S2C_MSI_2025_03_17_11_46_19_T28QCH_L2W,C:\Users\Simon\Nextcloud\Project\Mauritania\Science\Arguin - FieldWork Data Processing\Data\S2\ACOLITE\2025-03-17,603,1048,2934,363395.0,2199495.0,0.17561088502407074,0.22238408029079437,0.3187413811683655,0.4416493773460388,0.46168094873428345,0.49046310782432556,0.5031187534332275,0.5100152492523193,0.5235549211502075,0.6205617785453796,0.5729735493659973
2025-03-17,Iwik,ACOLITE,S2C_MSI_2025_03_17_11_46_19_T28QCH_L2W,C:\Users\Simon\Nextcloud\Project\Mauritania\Science\Arguin - FieldWork Data Processing\Data\S2\ACOLITE\2025-03-17,604,1048,2935,363405.0,2199495.0,0.17561353743076324,0.22119556367397308,0.32267871499061584,0.4405932128429413,0.46389397978782654,0.4889068901538849,0.5025113821029663,0.512445330619812,0.5233566761016846,0.6189307570457458,0.568856418132782
2025-03-17,Iwik,ACOLITE,S2C_MSI_2025_03_17_11_46_19_T28QCH_L2W,C:\Users\Simon\Nextcloud\Project\Mauritania\Science\Arguin - FieldWork Data Processing\Data\S2\ACOLITE\2025-03-17,605,1048,2936,363415.0,2199495.0,0.17561617493629456,0.2225072681903839,0.3196704089641571,0.43869102001190186,0.4638945758342743,0.4889073967933655,0.5025117993354797,0.5104386210441589,0.5233570337295532,0.6189302802085876,0.5688530802726746
2025-03-17,Iwik,ACOLITE,S2C_MSI_2025_03_17_11_46_19_T28QCH_L2W,C:\Users\Simon\Nextcloud\Project\Mauritania\Science\Arguin - FieldWork Data Processing\Data\S2\ACOLITE\2025-03-17,606,1048,2937,363425.0,2199495.0,0.1732005476951599,0.22322344779968262,0.32233402132987976,0.44228535890579224,0.4681064486503601,0.4944060742855072,0.5080805420875549,0.5140300393104553,0.5226622819900513,0.6210698485374451,0.5661805868148804
2025-03-17,Iwik,ACOLITE,S2C_MSI_2025_03_17_11_46_19_T28QCH_L2W,C:\Users\Simon\Nextcloud\Project\Mauritania\Science\Arguin - FieldWork Data Processing\Data\S2\ACOLITE\2025-03-17,607,1048,2938,363435.0,2199495.0,0.17320320010185242,0.22536657750606537,0.32696062326431274,0.44798773527145386,0.4681070148944855,0.494406521320343,0.5080810189247131,0.516986072063446,0.5226626396179199,0.6210694313049316,0.566177248954773
2025-03-17,Iwik,ACOLITE,S2C_MSI_2025_03_17_11_46_19_T28QCH_L2W,C:\Users\Simon\Nextcloud\Project\Mauritania\Science\Arguin - FieldWork Data Processing\Data\S2\ACOLITE\2025-03-17,608,1048,2939,363445.0,2199495.0,0.1732058823108673,0.2271515280008316,0.33042678236961365,0.45389366149902344,0.47084298729896545,0.49544376134872437,0.509093165397644,0.5228930711746216,0.5260383486747742,0.6195403933525085,0.5646166801452637
2025-03-17,Iwik,ACOLITE,S2C_MSI_2025_03_17_11_46_19_T28QCH_L2W,C:\Users\Simon\Nextcloud\Project\Mauritania\Science\Arguin - FieldWork Data Processing\Data\S2\ACOLITE\2025-03-17,609,1048,2940,363455.0,2199495.0,0.173208549618721,0.22441938519477844,0.32199057936668396,0.4498880207538605,0.4708435535430908,0.49544423818588257,0.5090935826301575,0.5150868892669678,0.5260387063026428,0.6195399761199951,0.5646133422851562
2025-03-17,Iwik,ACOLITE,S2C_MSI_2025_03_17_11_46_19_T28QCH_L2W,C:\Users\Simon\Nextcloud\Project\Mauritania\Science\Arguin - FieldWork Data Processing\Data\S2\ACOLITE\2025-03-17,610,1048,2941,363465.0,2199495.0,0.1732112169265747,0.21954047679901123,0.3172439932823181,0.43975162506103516,0.4582066237926483,0.4857950508594513,0.4999810457229614,0.505472719669342,0.5196837782859802,0.6124027967453003,0.5594921112060547
2025-03-17,Iwik,ACOLITE,S2C_MSI_2025_03_17_11_46_19_T28QCH_L2W,C:\Users\Simon\Nextcloud\Project\Mauritania\Science\Arguin - FieldWork Data Processing\Data\S2\ACOLITE\2025-03-17,611,1048,2942,363475.0,2199495.0,0.1732138842344284,0.21835078299045563,0.31399911642074585,0.4330875277519226,0.45820724964141846,0.4857955574989319,0.49998146295547485,0.5003951787948608,0.5196841359138489,0.6124023199081421,0.559488832950592
2025-03-17,Iwik,ACOLITE,S2C_MSI_2025_03_17_11_46_19_T28QCH_L2W,C:\Users\Simon\Nextcloud\Project\Mauritania\Science\Arguin - FieldWork Data Processing\Data\S2\ACOLITE\2025-03-17,612,1048,2943,363485.0,2199495.0,0.17334389686584473,0.2179952710866928,0.315044105052948,0.4347817897796631,0.46200257539749146,0.49316462874412537,0.5033251047134399,0.5034640431404114,0.5221678018569946,0.6170923709869385,0.5617108941078186
2025-03-17,Iwik,ACOLITE,S2C_MSI_2025_03_17_11_46_19_T28QCH_L2W,C:\Users\Simon\Nextcloud\Project\Mauritania\Science\Arguin - FieldWork Data Processing\Data\S2\ACOLITE\2025-03-17,613,1048,2944,363495.0,2199495.0,0.17334654927253723,0.22216691076755524,0.32118532061576843,0.44091638922691345,0.4620032012462616,0.49316510558128357,0.5033255219459534,0.5138214826583862,0.5221680998802185,0.617091953754425,0.5617075562477112
2025-03-17,Iwik,ACOLITE,S2C_MSI_2025_03_17_11_46_19_T28QCH_L2W,C:\Users\Simon\Nextcloud\Project\Mauritania\Science\Arguin - FieldWork Data Processing\Data\S2\ACOLITE\2025-03-17,614,1048,2945,363505.0,2199495.0,0.17334921658039093,0.22454868257045746,0.3238476514816284,0.44630372524261475,0.4673745036125183,0.4892231822013855,0.508185088634491,0.5130826830863953,0.5242536664009094,0.6196395754814148,0.5637068152427673
2025-03-17,Iwik,ACOLITE,S2C_MSI_2025_03_17_11_46_19_T28QCH_L2W,C:\Users\Simon\Nextcloud\Project\Mauritania\Science\Arguin - FieldWork Data Processing\Data\S2\ACOLITE\2025-03-17,615,1048,2946,363515.0,2199495.0,0.17335188388824463,0.22050410509109497,0.3201459050178528,0.43933215737342834,0.46737509965896606,0.4892236590385437,0.5081855058670044,0.5072720050811768,0.5242540240287781,0.6196391582489014,0.5637034773826599
2025-03-17,Iwik,ACOLITE,S2C_MSI_2025_03_17_11_46_19_T28QCH_L2W,C:\Users\Simon\Nextcloud\Project\Mauritania\Science\Arguin - FieldWork Data Processing\Data\S2\ACOLITE\2025-03-17,616,1048,2947,363525.0,2199495.0,0.17335455119609833,0.22455282509326935,0.31817832589149475,0.44451022148132324,0.46642833948135376,0.4930628538131714,0.507174015045166,0.5092805027961731,0.5235593318939209,0.6183137893676758,0.5641450881958008
2025-03-17,Iwik,ACOLITE,S2C_MSI_2025_03_17_11_46_19_T28QCH_L2W,C:\Users\Simon\Nextcloud\Project\Mauritania\Science\Arguin - FieldWork Data Processing\Data\S2\ACOLITE\2025-03-17,617,1048,2948,363535.0,2199495.0,0.17335721850395203,0.22277037799358368,0.32396695017814636,0.4489438533782959,0.4664289653301239,0.493063360452652,0.5071743726730347,0.5175173878669739,0.5235596895217896,0.6183133721351624,0.5641417503356934
2025-03-17,Iwik,ACOLITE,S2C_MSI_2025_03_17_11_46_19_T28QCH_L2W,C:\Users\Simon\Nextcloud\Project\Mauritania\Science\Arguin - FieldWork Data Processing\Data\S2\ACOLITE\2025-03-17,618,1048,2949,363545.0,2199495.0,0.17412368953227997,0.22907233238220215,0.3293994665145874,0.4505265951156616,0.4726364314556122,0.4954485595226288,0.5117270946502686,0.520893394947052,0.5285223126411438,0.6224907636642456,0.569810152053833
2025-03-17,Iwik,ACOLITE,S2C_MSI_2025_03_17_11_46_19_T28QCH_L2W,C:\Users\Simon\Nextcloud\Project\Mauritania\Science\Arguin - FieldWork Data Processing\Data\S2\ACOLITE\2025-03-17,619,1049,2928,363335.0,2199485.0,0.16922368109226227,0.22034607827663422,0.3182700276374817,0.4357234239578247,0.45809274911880493,0.4877611994743347,0.5006845593452454,0.515926718711853,0.5245454907417297,0.6245377063751221,0.5788859724998474
2025-03-17,Iwik,ACOLITE,S2C_MSI_2025_03_17_11_46_19_T28QCH_L2W,C:\Users\Simon\Nextcloud\Project\Mauritania\Science\Arguin - FieldWork Data Processing\Data\S2\ACOLITE\2025-03-17,620,1049,2929,363345.0,2199485.0,0.16922639310359955,0.2272488921880722,0.32741156220436096,0.4475594162940979,0.46546968817710876,0.49398720264434814,0.509695827960968,0.5201476216316223,0.5289121866226196,0.6258612275123596,0.5788825154304504
2025-03-17,Iwik,ACOLITE,S2C_MSI_2025_03_17_11_46_19_T28QCH_L2W,C:\Users\Simon\Nextcloud\Project\Mauritania\Science\Arguin - FieldWork Data Processing\Data\S2\ACOLITE\2025-03-17,621,1049,2930,363355.0,2199485.0,0.16922910511493683,0.23093193769454956,0.33306995034217834,0.4534660279750824,0.4654702842235565,0.49398764967918396,0.5096962451934814,0.5272103548049927,0.5289125442504883,0.6258607506752014,0.5788791179656982
2025-03-17,Iwik,ACOLITE,S2C_MSI_2025_03_17_11_46_19_T28QCH_L2W,C:\Users\Simon\Nextcloud\Project\Mauritania\Science\Arguin - FieldWork Data Processing\Data\S2\ACOLITE\2025-03-17,622,1049,2931,363365.0,2199485.0,0.1756017953157425,0.2282034456729889,0.3260270953178406,0.4506201446056366,0.46431252360343933,0.4935733377933502,0.5059523582458496,0.5187770128250122,0.5252413749694824,0.6238234043121338,0.5779867172241211
2025-03-17,Iwik,ACOLITE,S2C_MSI_2025_03_17_11_46_19_T28QCH_L2W,C:\Users\Simon\Nextcloud\Project\Mauritania\Science\Arguin - FieldWork Data Processing\Data\S2\ACOLITE\2025-03-17,623,1049,2932,363375.0,2199485.0,0.175604447722435,0.2216646373271942,0.32302162051200867,0.4413306713104248,0.4643131196498871,0.4935738444328308,0.5059528350830078,0.5115989446640015,0.5252417325973511,0.6238229274749756,0.5779833197593689
2025-03-17,Iwik,ACOLITE,S2C_MSI_2025_03_17_11_46_19_T28QCH_L2W,C:\Users\Simon\Nextcloud\Project\Mauritania\Science\Arguin - FieldWork Data Processing\Data\S2\ACOLITE\2025-03-17,624,1049,2933,363385.0,2199485.0,0.1756071001291275,0.2194034904241562,0.3157266080379486,0.43911153078079224,0.46168002486228943,0.4904623031616211,0.5031180381774902,0.5065267086029053,0.5235543251037598,0.6205623149871826,0.5729784369468689
2025-03-17,Iwik,ACOLITE,S2C_MSI_2025_03_17_11_46_19_T28QCH_L2W,C:\Users\Simon\Nextcloud\Project\Mauritania\Science\Arguin - FieldWork Data Processing\Data\S2\ACOLITE\2025-03-17,625,1049,2934,363395.0,2199485.0,0.17560975253582,0.2210734337568283,0.3193199932575226,0.44259995222091675,0.4616806209087372,0.4904628098011017,0.5031184554100037,0.5111771821975708,0.5235546827316284,0.6205618977546692,0.5729750394821167
2025-03-17,Iwik,ACOLITE,S2C_MSI_2025_03_17_11_46_19_T28QCH_L2W,C:\Users\Simon\Nextcloud\Project\Mauritania\Science\Arguin - FieldWork Data Processing\Data\S2\ACOLITE\2025-03-17,626,1049,2935,363405.0,2199485.0,0.1756124049425125,0.22155189514160156,0.3186262547969818,0.4378439784049988,0.4638936519622803,0.488906592130661,0.5025111436843872,0.5116000771522522,0.5233564972877502,0.6189308166503906,0.5688579678535461
2025-03-17,Iwik,ACOLITE,S2C_MSI_2025_03_17_11_46_19_T28QCH_L2W,C:\Users\Simon\Nextcloud\Project\Mauritania\Science\Arguin - FieldWork Data Processing\Data\S2\ACOLITE\2025-03-17,627,1049,2936,363415.0,2199485.0,0.17561505734920502,0.2234584540128708,0.3199014663696289,0.44175606966018677,0.463894248008728,0.4889070987701416,0.5025115609169006,0.5118116736412048,0.5233567953109741,0.6189303994178772,0.568854570388794
2025-03-17,Iwik,ACOLITE,S2C_MSI_2025_03_17_11_46_19_T28QCH_L2W,C:\Users\Simon\Nextcloud\Project\Mauritania\Science\Arguin - FieldWork Data Processing\Data\S2\ACOLITE\2025-03-17,628,1049,2937,363425.0,2199485.0,0.17319943010807037,0.2225084751844406,0.3251095116138458,0.4445032477378845,0.46810612082481384,0.4944057762622833,0.5080803036689758,0.5169854760169983,0.5226621031761169,0.6210699081420898,0.5661820769309998
2025-03-17,Iwik,ACOLITE,S2C_MSI_2025_03_17_11_46_19_T28QCH_L2W,C:\Users\Simon\Nextcloud\Project\Mauritania\Science\Arguin - FieldWork Data Processing\Data\S2\ACOLITE\2025-03-17,629,1049,2938,363435.0,2199485.0,0.17320209741592407,0.22548462450504303,0.32823100686073303,0.44988641142845154,0.4681067168712616,0.4944062829017639,0.5080807209014893,0.5169858336448669,0.5226624011993408,0.6210694909095764,0.5661786794662476
2025-03-17,Iwik,ACOLITE,S2C_MSI_2025_03_17_11_46_19_T28QCH_L2W,C:\Users\Simon\Nextcloud\Project\Mauritania\Science\Arguin - FieldWork Data Processing\Data\S2\ACOLITE\2025-03-17,630,1049,2939,363445.0,2199485.0,0.17320477962493896,0.22703184187412262,0.3286941945552826,0.4503089189529419,0.4708426892757416,0.4954434931278229,0.5090929269790649,0.521311342716217,0.5260381698608398,0.6195404529571533,0.5646181702613831
2025-03-17,Iwik,ACOLITE,S2C_MSI_2025_03_17_11_46_19_T28QCH_L2W,C:\Users\Simon\Nextcloud\Project\Mauritania\Science\Arguin - FieldWork Data Processing\Data\S2\ACOLITE\2025-03-17,631,1049,2940,363455.0,2199485.0,0.17320746183395386,0.22346681356430054,0.3225685954093933,0.44524437189102173,0.47084325551986694,0.49544399976730347,0.5090933442115784,0.5113906860351562,0.5260384678840637,0.6195400357246399,0.5646148324012756
2025-03-17,Iwik,ACOLITE,S2C_MSI_2025_03_17_11_46_19_T28QCH_L2W,C:\Users\Simon\Nextcloud\Project\Mauritania\Science\Arguin - FieldWork Data Processing\Data\S2\ACOLITE\2025-03-17,632,1049,2941,363465.0,2199485.0,0.17321012914180756,0.22013534605503082,0.3187495470046997,0.4391169846057892,0.45820629596710205,0.4857947826385498,0.49998077750205994,0.5051552653312683,0.5196835994720459,0.6124029159545898,0.5594935417175293
2025-03-17,Iwik,ACOLITE,S2C_MSI_2025_03_17_11_46_19_T28QCH_L2W,C:\Users\Simon\Nextcloud\Project\Mauritania\Science\Arguin - FieldWork Data Processing\Data\S2\ACOLITE\2025-03-17,633,1049,2942,363475.0,2199485.0,0.17321281135082245,0.22061391174793243,0.3212980628013611,0.4384832978248596,0.4582069218158722,0.4857952892780304,0.49998122453689575,0.505155622959137,0.5196838974952698,0.6124024391174316,0.5594902038574219
2025-03-17,Iwik,ACOLITE,S2C_MSI_2025_03_17_11_46_19_T28QCH_L2W,C:\Users\Simon\Nextcloud\Project\Mauritania\Science\Arguin - FieldWork Data Processing\Data\S2\ACOLITE\2025-03-17,634,1049,2943,363485.0,2199485.0,0.17334280908107758,0.22430580854415894,0.32592594623565674,0.44566869735717773,0.4620022475719452,0.4931643605232239,0.5033248662948608,0.5132929086685181,0.5221675634384155,0.617092490196228,0.5617123246192932
2025-03-17,Iwik,ACOLITE,S2C_MSI_2025_03_17_11_46_19_T28QCH_L2W,C:\Users\Simon\Nextcloud\Project\Mauritania\Science\Arguin - FieldWork Data Processing\Data\S2\ACOLITE\2025-03-17,635,1049,2944,363495.0,2199485.0,0.17334549129009247,0.22573478519916534,0.32719841599464417,0.44967934489250183,0.4620029032230377,0.4931648373603821,0.5033252835273743,0.5176212191581726,0.5221678614616394,0.6170920133590698,0.5617089867591858
2025-03-17,Iwik,ACOLITE,S2C_MSI_2025_03_17_11_46_19_T28QCH_L2W,C:\Users\Simon\Nextcloud\Project\Mauritania\Science\Arguin - FieldWork Data Processing\Data\S2\ACOLITE\2025-03-17,636,1049,2945,363505.0,2199485.0,0.17334817349910736,0.22430996596813202,0.3237314820289612,0.45062920451164246,0.46737420558929443,0.489222913980484,0.5081848502159119,0.516566276550293,0.5242534279823303,0.6196396946907043,0.5637081861495972
2025-03-17,Iwik,ACOLITE,S2C_MSI_2025_03_17_11_46_19_T28QCH_L2W,C:\Users\Simon\Nextcloud\Project\Mauritania\Science\Arguin - FieldWork Data Processing\Data\S2\ACOLITE\2025-03-17,637,1049,2946,363515.0,2199485.0,0.17335084080696106,0.22169408202171326,0.32153448462486267,0.4433474540710449,0.4673748016357422,0.4892234206199646,0.5081852674484253,0.5106534957885742,0.524253785610199,0.6196392774581909,0.5637048482894897
2025-03-17,Iwik,ACOLITE,S2C_MSI_2025_03_17_11_46_19_T28QCH_L2W,C:\Users\Simon\Nextcloud\Project\Mauritania\Science\Arguin - FieldWork Data Processing\Data\S2\ACOLITE\2025-03-17,638,1049,2947,363525.0,2199485.0,0.17335350811481476,0.22193428874015808,0.3207255005836487,0.4458824694156647,0.4664280414581299,0.4930626153945923,0.5071737170219421,0.5125551819801331,0.5235590934753418,0.6183139085769653,0.5641464591026306
2025-03-17,Iwik,ACOLITE,S2C_MSI_2025_03_17_11_46_19_T28QCH_L2W,C:\Users\Simon\Nextcloud\Project\Mauritania\Science\Arguin - FieldWork Data Processing\Data\S2\ACOLITE\2025-03-17,639,1049,2948,363535.0,2199485.0,0.17335619032382965,0.2221744805574417,0.32604750990867615,0.4469386637210846,0.4664286673069,0.4930630624294281,0.5071741342544556,0.5157230496406555,0.5235594511032104,0.6183134317398071,0.5641431212425232
2025-03-17,Iwik,ACOLITE,S2C_MSI_2025_03_17_11_46_19_T28QCH_L2W,C:\Users\Simon\Nextcloud\Project\Mauritania\Science\Arguin - FieldWork Data Processing\Data\S2\ACOLITE\2025-03-17,640,1049,2949,363545.0,2199485.0,0.1741226762533188,0.22443725168704987,0.3244302272796631,0.4504208564758301,0.4726361632347107,0.4954483211040497,0.5117268562316895,0.5188891291618347,0.5285220742225647,0.6224908232688904,0.5698115229606628
2025-03-17,Iwik,ACOLITE,S2C_MSI_2025_03_17_11_46_19_T28QCH_L2W,C:\Users\Simon\Nextcloud\Project\Mauritania\Science\Arguin - FieldWork Data Processing\Data\S2\ACOLITE\2025-03-17,641,1050,2928,363335.0,2199475.0,0.16654150187969208,0.21127571165561676,0.3117755651473999,0.4345589876174927,0.457986980676651,0.48599565029144287,0.49916407465934753,0.5076873898506165,0.5222615599632263,0.624639630317688,0.5815539956092834
2025-03-17,Iwik,ACOLITE,S2C_MSI_2025_03_17_11_46_19_T28QCH_L2W,C:\Users\Simon\Nextcloud\Project\Mauritania\Science\Arguin - FieldWork Data Processing\Data\S2\ACOLITE\2025-03-17,642,1050,2929,363345.0,2199475.0,0.16654425859451294,0.2158164232969284,0.31583690643310547,0.4351946711540222,0.4592529237270355,0.48516523838043213,0.5050401091575623,0.5115975737571716,0.5249426960945129,0.6223982572555542,0.5796619057655334
2025-03-17,Iwik,ACOLITE,S2C_MSI_2025_03_17_11_46_19_T28QCH_L2W,C:\Users\Simon\Nextcloud\Project\Mauritania\Science\Arguin - FieldWork Data Processing\Data\S2\ACOLITE\2025-03-17,643,1050,2930,363355.0,2199475.0,0.1665470004081726,0.22046852111816406,0.3187353014945984,0.4395320415496826,0.45925354957580566,0.4851657450199127,0.5050405263900757,0.5146604180335999,0.5249430537223816,0.622397780418396,0.5796584486961365
2025-03-17,Iwik,ACOLITE,S2C_MSI_2025_03_17_11_46_19_T28QCH_L2W,C:\Users\Simon\Nextcloud\Project\Mauritania\Science\Arguin - FieldWork Data Processing\Data\S2\ACOLITE\2025-03-17,644,1050,2931,363365.0,2199475.0,0.1716534048318863,0.22118529677391052,0.3213997781276703,0.44534364342689514,0.46083536744117737,0.4871394634246826,0.5048384666442871,0.5171940922737122,0.521368682384491,0.6206651926040649,0.5790994763374329
2025-03-17,Iwik,ACOLITE,S2C_MSI_2025_03_17_11_46_19_T28QCH_L2W,C:\Users\Simon\Nextcloud\Project\Mauritania\Science\Arguin - FieldWork Data Processing\Data\S2\ACOLITE\2025-03-17,645,1050,2932,363375.0,2199475.0,0.17165610194206238,0.2222590297460556,0.32186394929885864,0.44259828329086304,0.4608359932899475,0.4871399700641632,0.5048388838768005,0.5110704898834229,0.5213690400123596,0.6206647157669067,0.5790960192680359
2025-03-17,Iwik,ACOLITE,S2C_MSI_2025_03_17_11_46_19_T28QCH_L2W,C:\Users\Simon\Nextcloud\Project\Mauritania\Science\Arguin - FieldWork Data Processing\Data\S2\ACOLITE\2025-03-17,646,1050,2933,363385.0,2199475.0,0.17165879905223846,0.21761439740657806,0.31769636273384094,0.4381594955921173,0.4612581431865692,0.48734810948371887,0.5041305422782898,0.5040942430496216,0.520276665687561,0.6184222102165222,0.5729799270629883
2025-03-17,Iwik,ACOLITE,S2C_MSI_2025_03_17_11_46_19_T28QCH_L2W,C:\Users\Simon\Nextcloud\Project\Mauritania\Science\Arguin - FieldWork Data Processing\Data\S2\ACOLITE\2025-03-17,647,1050,2934,363395.0,2199475.0,0.17166151106357574,0.22262032330036163,0.3220978379249573,0.4425996243953705,0.46125876903533936,0.48734861612319946,0.5041309595108032,0.5120219588279724,0.5202770829200745,0.6184217929840088,0.5729765892028809
2025-03-17,Iwik,ACOLITE,S2C_MSI_2025_03_17_11_46_19_T28QCH_L2W,C:\Users\Simon\Nextcloud\Project\Mauritania\Science\Arguin - FieldWork Data Processing\Data\S2\ACOLITE\2025-03-17,648,1050,2935,363405.0,2199475.0,0.17166419327259064,0.22286047041416168,0.3188574016094208,0.4410153031349182,0.46484121680259705,0.4893215000629425,0.507472038269043,0.5102264285087585,0.526334285736084,0.6191347241401672,0.5678585171699524
2025-03-17,Iwik,ACOLITE,S2C_MSI_2025_03_17_11_46_19_T28QCH_L2W,C:\Users\Simon\Nextcloud\Project\Mauritania\Science\Arguin - FieldWork Data Processing\Data\S2\ACOLITE\2025-03-17,649,1050,2936,363415.0,2199475.0,0.17166689038276672,0.22286257147789001,0.3216373920440674,0.44429102540016174,0.4648418128490448,0.4893219769001007,0.5074725151062012,0.5124451518058777,0.5263346433639526,0.619134247303009,0.567855179309845
2025-03-17,Iwik,ACOLITE,S2C_MSI_2025_03_17_11_46_19_T28QCH_L2W,C:\Users\Simon\Nextcloud\Project\Mauritania\Science\Arguin - FieldWork Data Processing\Data\S2\ACOLITE\2025-03-17,650,1050,2937,363425.0,2199475.0,0.17370763421058655,0.22631382942199707,0.3239525556564331,0.4455588459968567,0.4695788621902466,0.4953385591506958,0.5082824230194092,0.516246497631073,0.5278233885765076,0.6209681630134583,0.5655161738395691
2025-03-17,Iwik,ACOLITE,S2C_MSI_2025_03_17_11_46_19_T28QCH_L2W,C:\Users\Simon\Nextcloud\Project\Mauritania\Science\Arguin - FieldWork Data Processing\Data\S2\ACOLITE\2025-03-17,651,1050,2938,363435.0,2199475.0,0.17371031641960144,0.22595927119255066,0.32511016726493835,0.4490421712398529,0.46957945823669434,0.4953390657901764,0.5082827806472778,0.5160357356071472,0.5278236865997314,0.6209676861763,0.5655128359794617
2025-03-17,Iwik,ACOLITE,S2C_MSI_2025_03_17_11_46_19_T28QCH_L2W,C:\Users\Simon\Nextcloud\Project\Mauritania\Science\Arguin - FieldWork Data Processing\Data\S2\ACOLITE\2025-03-17,652,1050,2939,363445.0,2199475.0,0.17371298372745514,0.22358281910419464,0.3218725323677063,0.44735458493232727,0.4664229452610016,0.49171000719070435,0.5030190348625183,0.5145582556724548,0.5242512226104736,0.6176040768623352,0.5610594749450684
2025-03-17,Iwik,ACOLITE,S2C_MSI_2025_03_17_11_46_19_T28QCH_L2W,C:\Users\Simon\Nextcloud\Project\Mauritania\Science\Arguin - FieldWork Data Processing\Data\S2\ACOLITE\2025-03-17,653,1050,2940,363455.0,2199475.0,0.17371566593647003,0.22156155109405518,0.32175806164741516,0.4428149461746216,0.46642354130744934,0.49171048402786255,0.5030195116996765,0.5128691792488098,0.5242515206336975,0.6176036596298218,0.5610561370849609
2025-03-17,Iwik,ACOLITE,S2C_MSI_2025_03_17_11_46_19_T28QCH_L2W,C:\Users\Simon\Nextcloud\Project\Mauritania\Science\Arguin - FieldWork Data Processing\Data\S2\ACOLITE\2025-03-17,654,1050,2941,363465.0,2199475.0,0.17371834814548492,0.22227796912193298,0.3195596933364868,0.442287415266037,0.4638969898223877,0.4860021770000458,0.5028173327445984,0.5114964842796326,0.5226632356643677,0.6167876720428467,0.5609415769577026
2025-03-17,Iwik,ACOLITE,S2C_MSI_2025_03_17_11_46_19_T28QCH_L2W,C:\Users\Simon\Nextcloud\Project\Mauritania\Science\Arguin - FieldWork Data Processing\Data\S2\ACOLITE\2025-03-17,655,1050,2942,363475.0,2199475.0,0.17372101545333862,0.22477862238883972,0.32361167669296265,0.4449286162853241,0.46389758586883545,0.48600268363952637,0.5028177499771118,0.5126586556434631,0.5226635336875916,0.6167871952056885,0.5609381794929504
2025-03-17,Iwik,ACOLITE,S2C_MSI_2025_03_17_11_46_19_T28QCH_L2W,C:\Users\Simon\Nextcloud\Project\Mauritania\Science\Arguin - FieldWork Data Processing\Data\S2\ACOLITE\2025-03-17,656,1050,2943,363485.0,2199475.0,0.17270497977733612,0.22668278217315674,0.3270811438560486,0.450100302696228,0.46663591265678406,0.4897405505180359,0.5050460696220398,0.5158265233039856,0.5255429744720459,0.6170925498008728,0.5602672696113586
2025-03-17,Iwik,ACOLITE,S2C_MSI_2025_03_17_11_46_19_T28QCH_L2W,C:\Users\Simon\Nextcloud\Project\Mauritania\Science\Arguin - FieldWork Data Processing\Data\S2\ACOLITE\2025-03-17,657,1050,2944,363495.0,2199475.0,0.172707661986351,0.22692251205444336,0.32650452852249146,0.44704127311706543,0.4666364789009094,0.4897410273551941,0.5050464272499084,0.5169878005981445,0.5255433320999146,0.6170921325683594,0.5602639317512512
2025-03-17,Iwik,ACOLITE,S2C_MSI_2025_03_17_11_46_19_T28QCH_L2W,C:\Users\Simon\Nextcloud\Project\Mauritania\Science\Arguin - FieldWork Data Processing\Data\S2\ACOLITE\2025-03-17,658,1050,2945,363505.0,2199475.0,0.1727103590965271,0.22038118541240692,0.32106977701187134,0.4427126944065094,0.46411004662513733,0.4906754791736603,0.505350649356842,0.5120261311531067,0.5232603549957275,0.6178052425384521,0.5604831576347351
2025-03-17,Iwik,ACOLITE,S2C_MSI_2025_03_17_11_46_19_T28QCH_L2W,C:\Users\Simon\Nextcloud\Project\Mauritania\Science\Arguin - FieldWork Data Processing\Data\S2\ACOLITE\2025-03-17,659,1050,2946,363515.0,2199475.0,0.172713041305542,0.21692675352096558,0.31887108087539673,0.44334718585014343,0.4641106426715851,0.4906759560108185,0.5053510665893555,0.5089626312255859,0.5232606530189514,0.617804765701294,0.5604798197746277
2025-03-17,Iwik,ACOLITE,S2C_MSI_2025_03_17_11_46_19_T28QCH_L2W,C:\Users\Simon\Nextcloud\Project\Mauritania\Science\Arguin - FieldWork Data Processing\Data\S2\ACOLITE\2025-03-17,660,1050,2947,363525.0,2199475.0,0.17271573841571808,0.22193346917629242,0.3229236900806427,0.44714879989624023,0.4674803614616394,0.4946177303791046,0.5095006823539734,0.5153002142906189,0.5255443453788757,0.6197407841682434,0.5653713941574097
2025-03-17,Iwik,ACOLITE,S2C_MSI_2025_03_17_11_46_19_T28QCH_L2W,C:\Users\Simon\Nextcloud\Project\Mauritania\Science\Arguin - FieldWork Data Processing\Data\S2\ACOLITE\2025-03-17,661,1050,2948,363535.0,2199475.0,0.17271840572357178,0.22455327212810516,0.32593145966529846,0.45041993260383606,0.46748095750808716,0.4946182072162628,0.5095010995864868,0.5180445313453674,0.5255446434020996,0.6197403073310852,0.5653679966926575
2025-03-17,Iwik,ACOLITE,S2C_MSI_2025_03_17_11_46_19_T28QCH_L2W,C:\Users\Simon\Nextcloud\Project\Mauritania\Science\Arguin - FieldWork Data Processing\Data\S2\ACOLITE\2025-03-17,662,1050,2949,363545.0,2199475.0,0.17272110283374786,0.2249121218919754,0.321769118309021,0.45052602887153625,0.4703223705291748,0.4975208640098572,0.5100073218345642,0.5183613896369934,0.5287202596664429,0.621166467666626,0.5672553777694702
2025-03-17,Iwik,ACOLITE,S2C_MSI_2025_03_17_11_46_19_T28QCH_L2W,C:\Users\Simon\Nextcloud\Project\Mauritania\Science\Arguin - FieldWork Data Processing\Data\S2\ACOLITE\2025-03-17,663,1051,2927,363325.0,2199465.0,0.16653752326965332,0.211033433675766,0.31072890758514404,0.4342404007911682,0.4579859972000122,0.485994815826416,0.49916335940361023,0.5095891356468201,0.5222609639167786,0.624640166759491,0.5815590620040894
2025-03-17,Iwik,ACOLITE,S2C_MSI_2025_03_17_11_46_19_T28QCH_L2W,C:\Users\Simon\Nextcloud\Project\Mauritania\Science\Arguin - FieldWork Data Processing\Data\S2\ACOLITE\2025-03-17,664,1051,2928,363335.0,2199465.0,0.16654027998447418,0.21235033869743347,0.3085234761238098,0.43487614393234253,0.45798662304878235,0.485995352268219,0.49916380643844604,0.5063127875328064,0.5222612619400024,0.6246397495269775,0.5815556049346924
2025-03-17,Iwik,ACOLITE,S2C_MSI_2025_03_17_11_46_19_T28QCH_L2W,C:\Users\Simon\Nextcloud\Project\Mauritania\Science\Arguin - FieldWork Data Processing\Data\S2\ACOLITE\2025-03-17,665,1051,2929,363345.0,2199465.0,0.16654303669929504,0.21187452971935272,0.30980250239372253,0.43403008580207825,0.45925256609916687,0.48516494035720825,0.5050398111343384,0.5083217620849609,0.5249424576759338,0.622398316860199,0.5796634554862976
2025-03-17,Iwik,ACOLITE,S2C_MSI_2025_03_17_11_46_19_T28QCH_L2W,C:\Users\Simon\Nextcloud\Project\Mauritania\Science\Arguin - FieldWork Data Processing\Data\S2\ACOLITE\2025-03-17,666,1051,2930,363355.0,2199465.0,0.1665458083152771,0.21199622750282288,0.30864229798316956,0.44080018997192383,0.4592532217502594,0.48516544699668884,0.5050402283668518,0.5088505744934082,0.5249428153038025,0.6223978996276855,0.5796599984169006
2025-03-17,Iwik,ACOLITE,S2C_MSI_2025_03_17_11_46_19_T28QCH_L2W,C:\Users\Simon\Nextcloud\Project\Mauritania\Science\Arguin - FieldWork Data Processing\Data\S2\ACOLITE\2025-03-17,667,1051,2931,363365.0,2199465.0,0.17165222764015198,0.21677426993846893,0.3134034276008606,0.4378405511379242,0.4608350396156311,0.48713916540145874,0.504838228225708,0.5104359984397888,0.5213685035705566,0.6206653118133545,0.579101026058197
2025-03-17,Iwik,ACOLITE,S2C_MSI_2025_03_17_11_46_19_T28QCH_L2W,C:\Users\Simon\Nextcloud\Project\Mauritania\Science\Arguin - FieldWork Data Processing\Data\S2\ACOLITE\2025-03-17,668,1051,2932,363375.0,2199465.0,0.17165493965148926,0.21916113793849945,0.3176945447921753,0.44080156087875366,0.46083566546440125,0.48713967204093933,0.5048386454582214,0.5074772834777832,0.5213688611984253,0.6206648349761963,0.5790975689888
2025-03-17,Iwik,ACOLITE,S2C_MSI_2025_03_17_11_46_19_T28QCH_L2W,C:\Users\Simon\Nextcloud\Project\Mauritania\Science\Arguin - FieldWork Data Processing\Data\S2\ACOLITE\2025-03-17,669,1051,2933,363385.0,2199465.0,0.17165765166282654,0.21832887828350067,0.31943342089653015,0.43794769048690796,0.46125781536102295,0.487347811460495,0.5041302442550659,0.5044113397598267,0.5202764868736267,0.6184223294258118,0.5729814767837524
2025-03-17,Iwik,ACOLITE,S2C_MSI_2025_03_17_11_46_19_T28QCH_L2W,C:\Users\Simon\Nextcloud\Project\Mauritania\Science\Arguin - FieldWork Data Processing\Data\S2\ACOLITE\2025-03-17,670,1051,2934,363395.0,2199465.0,0.17166036367416382,0.22250036895275116,0.32198160886764526,0.44069722294807434,0.4612584412097931,0.4873483180999756,0.5041306614875793,0.5112823247909546,0.5202768445014954,0.6184218525886536,0.5729780793190002
2025-03-17,Iwik,ACOLITE,S2C_MSI_2025_03_17_11_46_19_T28QCH_L2W,C:\Users\Simon\Nextcloud\Project\Mauritania\Science\Arguin - FieldWork Data Processing\Data\S2\ACOLITE\2025-03-17,671,1051,2935,363405.0,2199465.0,0.1716630458831787,0.2215500771999359,0.32279279828071594,0.44460684061050415,0.4648408591747284,0.48932120203971863,0.5074717998504639,0.51191645860672,0.5263340473175049,0.6191348433494568,0.5678600668907166
2025-03-17,Iwik,ACOLITE,S2C_MSI_2025_03_17_11_46_19_T28QCH_L2W,C:\Users\Simon\Nextcloud\Project\Mauritania\Science\Arguin - FieldWork Data Processing\Data\S2\ACOLITE\2025-03-17,672,1051,2936,363415.0,2199465.0,0.171665757894516,0.22381360828876495,0.32591646909713745,0.4462968111038208,0.46484148502349854,0.4893217086791992,0.5074722170829773,0.5162458419799805,0.5263344049453735,0.6191343665122986,0.5678566098213196
2025-03-17,Iwik,ACOLITE,S2C_MSI_2025_03_17_11_46_19_T28QCH_L2W,C:\Users\Simon\Nextcloud\Project\Mauritania\Science\Arguin - FieldWork Data Processing\Data\S2\ACOLITE\2025-03-17,673,1051,2937,363425.0,2199465.0,0.173706516623497,0.22429154813289642,0.3255709111690521,0.44735294580459595,0.4695785641670227,0.4953382909297943,0.5082821249961853,0.5169849991798401,0.5278230905532837,0.620968222618103,0.5655176639556885
2025-03-17,Iwik,ACOLITE,S2C_MSI_2025_03_17_11_46_19_T28QCH_L2W,C:\Users\Simon\Nextcloud\Project\Mauritania\Science\Arguin - FieldWork Data Processing\Data\S2\ACOLITE\2025-03-17,674,1051,2938,363435.0,2199465.0,0.1737091988325119,0.22548288106918335,0.32441583275794983,0.447037011384964,0.46957916021347046,0.4953387677669525,0.5082826018333435,0.5126569271087646,0.5278235077857971,0.6209677457809448,0.5655142664909363
2025-03-17,Iwik,ACOLITE,S2C_MSI_2025_03_17_11_46_19_T28QCH_L2W,C:\Users\Simon\Nextcloud\Project\Mauritania\Science\Arguin - FieldWork Data Processing\Data\S2\ACOLITE\2025-03-17,675,1051,2939,363445.0,2199465.0,0.1737118810415268,0.2207249402999878,0.3200198709964752,0.4413347542285919,0.4664226472377777,0.49170973896980286,0.5030187964439392,0.5095937848091125,0.5242509841918945,0.6176041960716248,0.561060905456543
2025-03-17,Iwik,ACOLITE,S2C_MSI_2025_03_17_11_46_19_T28QCH_L2W,C:\Users\Simon\Nextcloud\Project\Mauritania\Science\Arguin - FieldWork Data Processing\Data\S2\ACOLITE\2025-03-17,676,1051,2940,363455.0,2199465.0,0.17371457815170288,0.22048883140087128,0.318168044090271,0.43911564350128174,0.46642324328422546,0.49171021580696106,0.5030192732810974,0.5077975392341614,0.5242513418197632,0.6176037192344666,0.5610575675964355
2025-03-17,Iwik,ACOLITE,S2C_MSI_2025_03_17_11_46_19_T28QCH_L2W,C:\Users\Simon\Nextcloud\Project\Mauritania\Science\Arguin - FieldWork Data Processing\Data\S2\ACOLITE\2025-03-17,677,1051,2941,363465.0,2199465.0,0.17371726036071777,0.2197761833667755,0.3223373591899872,0.4412304162979126,0.46389666199684143,0.4860019087791443,0.5028170347213745,0.5105454921722412,0.5226629972457886,0.6167877912521362,0.5609430074691772
2025-03-17,Iwik,ACOLITE,S2C_MSI_2025_03_17_11_46_19_T28QCH_L2W,C:\Users\Simon\Nextcloud\Project\Mauritania\Science\Arguin - FieldWork Data Processing\Data\S2\ACOLITE\2025-03-17,678,1051,2942,363475.0,2199465.0,0.17371994256973267,0.22323131561279297,0.3249988555908203,0.44608965516090393,0.4638972878456116,0.4860024154186249,0.5028175115585327,0.5125528573989868,0.5226633548736572,0.616787314414978,0.5609396696090698
2025-03-17,Iwik,ACOLITE,S2C_MSI_2025_03_17_11_46_19_T28QCH_L2W,C:\Users\Simon\Nextcloud\Project\Mauritania\Science\Arguin - FieldWork Data Processing\Data\S2\ACOLITE\2025-03-17,679,1051,2943,363485.0,2199465.0,0.17270389199256897,0.22335243225097656,0.32164546847343445,0.44492897391319275,0.4666355848312378,0.4897402822971344,0.5050457715988159,0.5125532150268555,0.5255427360534668,0.6170926690101624,0.5602686405181885
2025-03-17,Iwik,ACOLITE,S2C_MSI_2025_03_17_11_46_19_T28QCH_L2W,C:\Users\Simon\Nextcloud\Project\Mauritania\Science\Arguin - FieldWork Data Processing\Data\S2\ACOLITE\2025-03-17,680,1051,2944,363495.0,2199465.0,0.17270660400390625,0.22323553264141083,0.32106801867485046,0.4439792335033417,0.46663618087768555,0.4897407591342926,0.5050461888313293,0.5114973783493042,0.5255430936813354,0.6170921921730042,0.560265302658081
2025-03-17,Iwik,ACOLITE,S2C_MSI_2025_03_17_11_46_19_T28QCH_L2W,C:\Users\Simon\Nextcloud\Project\Mauritania\Science\Arguin - FieldWork Data Processing\Data\S2\ACOLITE\2025-03-17,681,1051,2945,363505.0,2199465.0,0.17270930111408234,0.22026124596595764,0.31956416368484497,0.442289799451828,0.46410974860191345,0.4906751811504364,0.5053504109382629,0.5081165432929993,0.5232601165771484,0.6178053021430969,0.5604845285415649
2025-03-17,Iwik,ACOLITE,S2C_MSI_2025_03_17_11_46_19_T28QCH_L2W,C:\Users\Simon\Nextcloud\Project\Mauritania\Science\Arguin - FieldWork Data Processing\Data\S2\ACOLITE\2025-03-17,682,1051,2946,363515.0,2199465.0,0.17271199822425842,0.21632948517799377,0.31736454367637634,0.441973477602005,0.4641103446483612,0.490675687789917,0.5053508281707764,0.5080112218856812,0.5232604742050171,0.6178048253059387,0.5604811906814575
2025-03-17,Iwik,ACOLITE,S2C_MSI_2025_03_17_11_46_19_T28QCH_L2W,C:\Users\Simon\Nextcloud\Project\Mauritania\Science\Arguin - FieldWork Data Processing\Data\S2\ACOLITE\2025-03-17,683,1051,2947,363525.0,2199465.0,0.1727146953344345,0.22383670508861542,0.32234475016593933,0.4479927122592926,0.4674800634384155,0.4946174621582031,0.5095004439353943,0.5155110955238342,0.5255441665649414,0.6197408437728882,0.5653727650642395
2025-03-17,Iwik,ACOLITE,S2C_MSI_2025_03_17_11_46_19_T28QCH_L2W,C:\Users\Simon\Nextcloud\Project\Mauritania\Science\Arguin - FieldWork Data Processing\Data\S2\ACOLITE\2025-03-17,684,1051,2948,363535.0,2199465.0,0.1727173775434494,0.2243146002292633,0.3253529965877533,0.4504196345806122,0.46748068928718567,0.49461793899536133,0.5095008611679077,0.5175166726112366,0.5255444645881653,0.6197404265403748,0.5653693675994873
2025-03-17,Iwik,ACOLITE,S2C_MSI_2025_03_17_11_46_19_T28QCH_L2W,C:\Users\Simon\Nextcloud\Project\Mauritania\Science\Arguin - FieldWork Data Processing\Data\S2\ACOLITE\2025-03-17,685,1052,2927,363325.0,2199455.0,0.16653628647327423,0.2141389101743698,0.31061217188835144,0.43508675694465637,0.45956727862358093,0.4887979030609131,0.5030133724212646,0.51011723279953,0.5227572917938232,0.6265752911567688,0.5812274217605591
2025-03-17,Iwik,ACOLITE,S2C_MSI_2025_03_17_11_46_19_T28QCH_L2W,C:\Users\Simon\Nextcloud\Project\Mauritania\Science\Arguin - FieldWork Data Processing\Data\S2\ACOLITE\2025-03-17,686,1052,2928,363335.0,2199455.0,0.1665390580892563,0.21246884763240814,0.3123546838760376,0.4394242763519287,0.4595678746700287,0.4887984097003937,0.5030137896537781,0.510540246963501,0.5227576494216919,0.6265747547149658,0.5812239050865173
2025-03-17,Iwik,ACOLITE,S2C_MSI_2025_03_17_11_46_19_T28QCH_L2W,C:\Users\Simon\Nextcloud\Project\Mauritania\Science\Arguin - FieldWork Data Processing\Data\S2\ACOLITE\2025-03-17,687,1052,2929,363345.0,2199455.0,0.16654181480407715,0.21127595007419586,0.3131682276725769,0.4385790526866913,0.4576704800128937,0.48630714416503906,0.5023052096366882,0.5106462836265564,0.5241480469703674,0.6242320537567139,0.5802205801010132
2025-03-17,Iwik,ACOLITE,S2C_MSI_2025_03_17_11_46_19_T28QCH_L2W,C:\Users\Simon\Nextcloud\Project\Mauritania\Science\Arguin - FieldWork Data Processing\Data\S2\ACOLITE\2025-03-17,688,1052,2930,363355.0,2199455.0,0.1665446013212204,0.21235376596450806,0.3098032474517822,0.4383682608604431,0.4576711356639862,0.48630765080451965,0.5023056268692017,0.51201993227005,0.5241483449935913,0.6242315769195557,0.5802170634269714
2025-03-17,Iwik,ACOLITE,S2C_MSI_2025_03_17_11_46_19_T28QCH_L2W,C:\Users\Simon\Nextcloud\Project\Mauritania\Science\Arguin - FieldWork Data Processing\Data\S2\ACOLITE\2025-03-17,689,1052,2931,363365.0,2199455.0,0.17165105044841766,0.21677334606647491,0.31479474902153015,0.43709978461265564,0.4569334387779236,0.48672354221343994,0.5044329166412354,0.5099074244499207,0.5221627354621887,0.6234161853790283,0.5787692070007324
2025-03-17,Iwik,ACOLITE,S2C_MSI_2025_03_17_11_46_19_T28QCH_L2W,C:\Users\Simon\Nextcloud\Project\Mauritania\Science\Arguin - FieldWork Data Processing\Data\S2\ACOLITE\2025-03-17,690,1052,2932,363375.0,2199455.0,0.17165377736091614,0.2180873602628708,0.3167669177055359,0.4385811388492584,0.4569340944290161,0.48672401905059814,0.5044333338737488,0.5084283351898193,0.5221630930900574,0.6234157681465149,0.5787658095359802
2025-03-17,Iwik,ACOLITE,S2C_MSI_2025_03_17_11_46_19_T28QCH_L2W,C:\Users\Simon\Nextcloud\Project\Mauritania\Science\Arguin - FieldWork Data Processing\Data\S2\ACOLITE\2025-03-17,691,1052,2933,363385.0,2199455.0,0.17165648937225342,0.21880480647087097,0.3165363669395447,0.4386875629425049,0.4605197310447693,0.48828190565109253,0.5032185316085815,0.5068431496620178,0.521766185760498,0.6198492050170898,0.572093665599823
2025-03-17,Iwik,ACOLITE,S2C_MSI_2025_03_17_11_46_19_T28QCH_L2W,C:\Users\Simon\Nextcloud\Project\Mauritania\Science\Arguin - FieldWork Data Processing\Data\S2\ACOLITE\2025-03-17,692,1052,2934,363395.0,2199455.0,0.1716592013835907,0.22142796218395233,0.3201289176940918,0.4386882781982422,0.46052035689353943,0.4882824122905731,0.503218948841095,0.5096973180770874,0.5217665433883667,0.6198487877845764,0.5720903277397156
2025-03-17,Iwik,ACOLITE,S2C_MSI_2025_03_17_11_46_19_T28QCH_L2W,C:\Users\Simon\Nextcloud\Project\Mauritania\Science\Arguin - FieldWork Data Processing\Data\S2\ACOLITE\2025-03-17,693,1052,2935,363405.0,2199455.0,0.17166191339492798,0.21988165378570557,0.3200143575668335,0.4439728558063507,0.4659987688064575,0.49357444047927856,0.5056496262550354,0.5127611756324768,0.5264330506324768,0.6205616593360901,0.5685287714004517
2025-03-17,Iwik,ACOLITE,S2C_MSI_2025_03_17_11_46_19_T28QCH_L2W,C:\Users\Simon\Nextcloud\Project\Mauritania\Science\Arguin - FieldWork Data Processing\Data\S2\ACOLITE\2025-03-17,694,1052,2936,363415.0,2199455.0,0.17166462540626526,0.2227417677640915,0.32499104738235474,0.44703537225723267,0.46599939465522766,0.49357491731643677,0.5056500434875488,0.5177230834960938,0.5264333486557007,0.6205612421035767,0.5685253739356995
2025-03-17,Iwik,ACOLITE,S2C_MSI_2025_03_17_11_46_19_T28QCH_L2W,C:\Users\Simon\Nextcloud\Project\Mauritania\Science\Arguin - FieldWork Data Processing\Data\S2\ACOLITE\2025-03-17,695,1052,2937,363425.0,2199455.0,0.17370538413524628,0.22750039398670197,0.32892125844955444,0.4530479609966278,0.4693678617477417,0.49741092324256897,0.5140464901924133,0.5240509510040283,0.5325834155082703,0.6199493408203125,0.5625154972076416
2025-03-17,Iwik,ACOLITE,S2C_MSI_2025_03_17_11_46_19_T28QCH_L2W,C:\Users\Simon\Nextcloud\Project\Mauritania\Science\Arguin - FieldWork Data Processing\Data\S2\ACOLITE\2025-03-17,696,1052,2938,363435.0,2199455.0,0.17370808124542236,0.2246495932340622,0.32522472739219666,0.45083463191986084,0.46936848759651184,0.4974114000797272,0.5140469074249268,0.5195173621177673,0.5325837731361389,0.6199488639831543,0.5625120997428894
2025-03-17,Iwik,ACOLITE,S2C_MSI_2025_03_17_11_46_19_T28QCH_L2W,C:\Users\Simon\Nextcloud\Project\Mauritania\Science\Arguin - FieldWork Data Processing\Data\S2\ACOLITE\2025-03-17,697,1052,2939,363445.0,2199455.0,0.17371079325675964,0.22310514748096466,0.324069619178772,0.44334182143211365,0.4632631242275238,0.4902569055557251,0.5030185580253601,0.5149800777435303,0.5230593085289001,0.6153614521026611,0.557278573513031
2025-03-17,Iwik,ACOLITE,S2C_MSI_2025_03_17_11_46_19_T28QCH_L2W,C:\Users\Simon\Nextcloud\Project\Mauritania\Science\Arguin - FieldWork Data Processing\Data\S2\ACOLITE\2025-03-17,698,1052,2940,363455.0,2199455.0,0.17371347546577454,0.22203604876995087,0.321525514125824,0.4407009780406952,0.46326375007629395,0.4902574121952057,0.5030189752578735,0.513396680355072,0.523059606552124,0.6153609752655029,0.5572752356529236
2025-03-17,Iwik,ACOLITE,S2C_MSI_2025_03_17_11_46_19_T28QCH_L2W,C:\Users\Simon\Nextcloud\Project\Mauritania\Science\Arguin - FieldWork Data Processing\Data\S2\ACOLITE\2025-03-17,699,1052,2941,363465.0,2199455.0,0.17371617257595062,0.2218000590801239,0.3223368227481842,0.44387125968933105,0.4632643461227417,0.4881821274757385,0.5026142597198486,0.5110734701156616,0.5194842219352722,0.615666389465332,0.561278223991394
2025-03-17,Iwik,ACOLITE,S2C_MSI_2025_03_17_11_46_19_T28QCH_L2W,C:\Users\Simon\Nextcloud\Project\Mauritania\Science\Arguin - FieldWork Data Processing\Data\S2\ACOLITE\2025-03-17,700,1052,2942,363475.0,2199455.0,0.1737188696861267,0.22442013025283813,0.3231479227542877,0.44672268629074097,0.46326494216918945,0.4881826341152191,0.5026146769523621,0.5110738277435303,0.5194845795631409,0.6156659126281738,0.5612748265266418
2025-03-17,Iwik,ACOLITE,S2C_MSI_2025_03_17_11_46_19_T28QCH_L2W,C:\Users\Simon\Nextcloud\Project\Mauritania\Science\Arguin - FieldWork Data Processing\Data\S2\ACOLITE\2025-03-17,701,1052,2943,363485.0,2199455.0,0.1727028340101242,0.2216852307319641,0.32048746943473816,0.4421824514865875,0.4643188416957855,0.4891173243522644,0.5043367743492126,0.5116024017333984,0.5184913277626038,0.6151556372642517,0.5623841285705566
2025-03-17,Iwik,ACOLITE,S2C_MSI_2025_03_17_11_46_19_T28QCH_L2W,C:\Users\Simon\Nextcloud\Project\Mauritania\Science\Arguin - FieldWork Data Processing\Data\S2\ACOLITE\2025-03-17,702,1052,2944,363495.0,2199455.0,0.1727055311203003,0.21990089118480682,0.32014137506484985,0.44281700253486633,0.46431946754455566,0.489117830991745,0.5043371915817261,0.5086444020271301,0.5184916257858276,0.6151551604270935,0.5623807907104492
2025-03-17,Iwik,ACOLITE,S2C_MSI_2025_03_17_11_46_19_T28QCH_L2W,C:\Users\Simon\Nextcloud\Project\Mauritania\Science\Arguin - FieldWork Data Processing\Data\S2\ACOLITE\2025-03-17,703,1052,2945,363505.0,2199455.0,0.17270822823047638,0.21918807923793793,0.32072147727012634,0.44292330741882324,0.4652678370475769,0.48963725566864014,0.5060587525367737,0.5099128484725952,0.5243520140647888,0.6152567267417908,0.5587054491043091
2025-03-17,Iwik,ACOLITE,S2C_MSI_2025_03_17_11_46_19_T28QCH_L2W,C:\Users\Simon\Nextcloud\Project\Mauritania\Science\Arguin - FieldWork Data Processing\Data\S2\ACOLITE\2025-03-17,704,1052,2946,363515.0,2199455.0,0.17271094024181366,0.22061985731124878,0.3207227289676666,0.4473585784435272,0.46526843309402466,0.4896377623081207,0.5060592293739319,0.5138213634490967,0.5243523716926575,0.6152563095092773,0.5587021112442017
2025-03-17,Iwik,ACOLITE,S2C_MSI_2025_03_17_11_46_19_T28QCH_L2W,C:\Users\Simon\Nextcloud\Project\Mauritania\Science\Arguin - FieldWork Data Processing\Data\S2\ACOLITE\2025-03-17,705,1052,2947,363525.0,2199455.0,0.17271363735198975,0.22074109315872192,0.32199710607528687,0.44693711400032043,0.4677954912185669,0.49461719393730164,0.5036296248435974,0.5121320486068726,0.5299094915390015,0.6183141469955444,0.5624818801879883
2025-03-17,Iwik,ACOLITE,S2C_MSI_2025_03_17_11_46_19_T28QCH_L2W,C:\Users\Simon\Nextcloud\Project\Mauritania\Science\Arguin - FieldWork Data Processing\Data\S2\ACOLITE\2025-03-17,706,1053,2929,363345.0,2199445.0,0.16654062271118164,0.2085241973400116,0.30910447239875793,0.43519359827041626,0.4576701521873474,0.4863068461418152,0.5023049116134644,0.506735622882843,0.5241478085517883,0.6242321133613586,0.5802221298217773
2025-03-17,Iwik,ACOLITE,S2C_MSI_2025_03_17_11_46_19_T28QCH_L2W,C:\Users\Simon\Nextcloud\Project\Mauritania\Science\Arguin - FieldWork Data Processing\Data\S2\ACOLITE\2025-03-17,707,1053,2930,363355.0,2199445.0,0.1665433794260025,0.2116357535123825,0.3098026514053345,0.4368871748447418,0.45767080783843994,0.4863073527812958,0.5023053884506226,0.5062073469161987,0.524148166179657,0.6242316365242004,0.5802186727523804
2025-03-17,Iwik,ACOLITE,S2C_MSI_2025_03_17_11_46_19_T28QCH_L2W,C:\Users\Simon\Nextcloud\Project\Mauritania\Science\Arguin - FieldWork Data Processing\Data\S2\ACOLITE\2025-03-17,708,1053,2931,363365.0,2199445.0,0.17164988815784454,0.21653379499912262,0.3127061128616333,0.44016599655151367,0.4569331109523773,0.48672324419021606,0.5044326186180115,0.5123369693756104,0.5221624970436096,0.6234163045883179,0.5787708163261414
2025-03-17,Iwik,ACOLITE,S2C_MSI_2025_03_17_11_46_19_T28QCH_L2W,C:\Users\Simon\Nextcloud\Project\Mauritania\Science\Arguin - FieldWork Data Processing\Data\S2\ACOLITE\2025-03-17,709,1053,2932,363375.0,2199445.0,0.17165261507034302,0.21605874598026276,0.31630271673202515,0.4397438168525696,0.45693376660346985,0.48672375082969666,0.5044330954551697,0.5090622305870056,0.5221628546714783,0.6234158873558044,0.5787673592567444
2025-03-17,Iwik,ACOLITE,S2C_MSI_2025_03_17_11_46_19_T28QCH_L2W,C:\Users\Simon\Nextcloud\Project\Mauritania\Science\Arguin - FieldWork Data Processing\Data\S2\ACOLITE\2025-03-17,710,1053,2933,363385.0,2199445.0,0.1716553270816803,0.21844623982906342,0.31711527705192566,0.43815848231315613,0.460519403219223,0.48828160762786865,0.5032182335853577,0.5076886415481567,0.521765947341919,0.6198493242263794,0.5720952153205872
2025-03-17,Iwik,ACOLITE,S2C_MSI_2025_03_17_11_46_19_T28QCH_L2W,C:\Users\Simon\Nextcloud\Project\Mauritania\Science\Arguin - FieldWork Data Processing\Data\S2\ACOLITE\2025-03-17,711,1053,2934,363395.0,2199445.0,0.17165805399417877,0.22130799293518066,0.31966519355773926,0.4432324767112732,0.46052002906799316,0.48828211426734924,0.5032186508178711,0.5061032176017761,0.5217663049697876,0.6198488473892212,0.572091817855835
2025-03-17,Iwik,ACOLITE,S2C_MSI_2025_03_17_11_46_19_T28QCH_L2W,C:\Users\Simon\Nextcloud\Project\Mauritania\Science\Arguin - FieldWork Data Processing\Data\S2\ACOLITE\2025-03-17,712,1053,2935,363405.0,2199445.0,0.17166078090667725,0.2204764187335968,0.32209745049476624,0.44534531235694885,0.46599847078323364,0.4935741722583771,0.5056493878364563,0.5138169527053833,0.5264328122138977,0.6205617785453796,0.568530261516571
2025-03-17,Iwik,ACOLITE,S2C_MSI_2025_03_17_11_46_19_T28QCH_L2W,C:\Users\Simon\Nextcloud\Project\Mauritania\Science\Arguin - FieldWork Data Processing\Data\S2\ACOLITE\2025-03-17,713,1053,2936,363415.0,2199445.0,0.17166349291801453,0.22404977679252625,0.3210570216178894,0.4476682245731354,0.4659990668296814,0.49357467889785767,0.505649745464325,0.514767587184906,0.5264331698417664,0.6205613613128662,0.5685268640518188
2025-03-17,Iwik,ACOLITE,S2C_MSI_2025_03_17_11_46_19_T28QCH_L2W,C:\Users\Simon\Nextcloud\Project\Mauritania\Science\Arguin - FieldWork Data Processing\Data\S2\ACOLITE\2025-03-17,714,1053,2937,363425.0,2199445.0,0.17370428144931793,0.22773714363574982,0.3285742402076721,0.4523097574710846,0.4693675637245178,0.4974106252193451,0.5140462517738342,0.5238399505615234,0.5325831770896912,0.6199494004249573,0.5625169277191162
2025-03-17,Iwik,ACOLITE,S2C_MSI_2025_03_17_11_46_19_T28QCH_L2W,C:\Users\Simon\Nextcloud\Project\Mauritania\Science\Arguin - FieldWork Data Processing\Data\S2\ACOLITE\2025-03-17,715,1053,2938,363435.0,2199445.0,0.17370697855949402,0.22488658130168915,0.3251086175441742,0.45431292057037354,0.4693681597709656,0.4974111020565033,0.5140466690063477,0.5217317938804626,0.5325835347175598,0.6199489235877991,0.562513530254364
2025-03-17,Iwik,ACOLITE,S2C_MSI_2025_03_17_11_46_19_T28QCH_L2W,C:\Users\Simon\Nextcloud\Project\Mauritania\Science\Arguin - FieldWork Data Processing\Data\S2\ACOLITE\2025-03-17,716,1053,2939,363445.0,2199445.0,0.1737096905708313,0.22369921207427979,0.3236064612865448,0.4487254023551941,0.4632628262042999,0.4902566373348236,0.5030182600021362,0.5158243179321289,0.523059070110321,0.6153615117073059,0.5572800040245056
2025-03-17,Iwik,ACOLITE,S2C_MSI_2025_03_17_11_46_19_T28QCH_L2W,C:\Users\Simon\Nextcloud\Project\Mauritania\Science\Arguin - FieldWork Data Processing\Data\S2\ACOLITE\2025-03-17,717,1053,2940,363455.0,2199445.0,0.17371238768100739,0.22072532773017883,0.3166605830192566,0.44291961193084717,0.4632634222507477,0.4902571439743042,0.5030187368392944,0.5079027414321899,0.5230594277381897,0.6153610944747925,0.5572766661643982
2025-03-17,Iwik,ACOLITE,S2C_MSI_2025_03_17_11_46_19_T28QCH_L2W,C:\Users\Simon\Nextcloud\Project\Mauritania\Science\Arguin - FieldWork Data Processing\Data\S2\ACOLITE\2025-03-17,718,1053,2941,363465.0,2199445.0,0.17371508479118347,0.22025099396705627,0.31805241107940674,0.44249773025512695,0.4632640480995178,0.48818185925483704,0.5026139616966248,0.508431613445282,0.5194839835166931,0.6156665086746216,0.5612795948982239
2025-03-17,Iwik,ACOLITE,S2C_MSI_2025_03_17_11_46_19_T28QCH_L2W,C:\Users\Simon\Nextcloud\Project\Mauritania\Science\Arguin - FieldWork Data Processing\Data\S2\ACOLITE\2025-03-17,719,1053,2942,363475.0,2199445.0,0.17371779680252075,0.2225155383348465,0.3203699290752411,0.4423927664756775,0.4632646441459656,0.4881823658943176,0.502614438533783,0.5083262920379639,0.5194843411445618,0.6156660318374634,0.5612762570381165
2025-03-17,Iwik,ACOLITE,S2C_MSI_2025_03_17_11_46_19_T28QCH_L2W,C:\Users\Simon\Nextcloud\Project\Mauritania\Science\Arguin - FieldWork Data Processing\Data\S2\ACOLITE\2025-03-17,720,1053,2943,363485.0,2199445.0,0.17270176112651825,0.22156532108783722,0.3206027150154114,0.44271039962768555,0.46431854367256165,0.4891170561313629,0.5043365359306335,0.5110740065574646,0.5184910893440247,0.6151557564735413,0.5623854994773865
2025-03-17,Iwik,ACOLITE,S2C_MSI_2025_03_17_11_46_19_T28QCH_L2W,C:\Users\Simon\Nextcloud\Project\Mauritania\Science\Arguin - FieldWork Data Processing\Data\S2\ACOLITE\2025-03-17,721,1053,2944,363495.0,2199445.0,0.17270445823669434,0.21954256296157837,0.31875118613243103,0.44281670451164246,0.4643191695213318,0.4891175627708435,0.504336953163147,0.5121306777000427,0.5184913873672485,0.6151552796363831,0.562382161617279
2025-03-17,Iwik,ACOLITE,S2C_MSI_2025_03_17_11_46_19_T28QCH_L2W,C:\Users\Simon\Nextcloud\Project\Mauritania\Science\Arguin - FieldWork Data Processing\Data\S2\ACOLITE\2025-03-17,722,1053,2945,363505.0,2199445.0,0.17270717024803162,0.2188297063112259,0.32060518860816956,0.4432399272918701,0.465267539024353,0.48963698744773865,0.5060585737228394,0.5082218050956726,0.5243518352508545,0.6152568459510803,0.5587068200111389
2025-03-17,Iwik,ACOLITE,S2C_MSI_2025_03_17_11_46_19_T28QCH_L2W,C:\Users\Simon\Nextcloud\Project\Mauritania\Science\Arguin - FieldWork Data Processing\Data\S2\ACOLITE\2025-03-17,723,1054,2933,363385.0,2199435.0,0.17165416479110718,0.2190413475036621,0.32012656331062317,0.43974417448043823,0.4657863676548004,0.4899420142173767,0.5041294693946838,0.5142382979393005,0.5241489410400391,0.6203590035438538,0.573875367641449
2025-03-17,Iwik,ACOLITE,S2C_MSI_2025_03_17_11_46_19_T28QCH_L2W,C:\Users\Simon\Nextcloud\Project\Mauritania\Science\Arguin - FieldWork Data Processing\Data\S2\ACOLITE\2025-03-17,724,1054,2934,363395.0,2199435.0,0.17165690660476685,0.22190244495868683,0.32059094309806824,0.44523870944976807,0.46578699350357056,0.4899425208568573,0.5041298866271973,0.5090627670288086,0.5241492986679077,0.6203585267066956,0.5738719701766968
2025-03-17,Iwik,ACOLITE,S2C_MSI_2025_03_17_11_46_19_T28QCH_L2W,C:\Users\Simon\Nextcloud\Project\Mauritania\Science\Arguin - FieldWork Data Processing\Data\S2\ACOLITE\2025-03-17,725,1054,2935,363405.0,2199435.0,0.17165963351726532,0.21833042800426483,0.319434255361557,0.4439722001552582,0.4634706974029541,0.491706907749176,0.5056490898132324,0.5086404085159302,0.5201771259307861,0.6197466850280762,0.566641092300415
2025-03-17,Iwik,ACOLITE,S2C_MSI_2025_03_17_11_46_19_T28QCH_L2W,C:\Users\Simon\Nextcloud\Project\Mauritania\Science\Arguin - FieldWork Data Processing\Data\S2\ACOLITE\2025-03-17,726,1054,2936,363415.0,2199435.0,0.1716623604297638,0.21964368224143982,0.3219824433326721,0.443022221326828,0.46347132325172424,0.4917074143886566,0.5056495070457458,0.5111767053604126,0.5201774835586548,0.6197461485862732,0.5666377544403076
2025-03-17,Iwik,ACOLITE,S2C_MSI_2025_03_17_11_46_19_T28QCH_L2W,C:\Users\Simon\Nextcloud\Project\Mauritania\Science\Arguin - FieldWork Data Processing\Data\S2\ACOLITE\2025-03-17,727,1054,2937,363425.0,2199435.0,0.1737031638622284,0.22524037957191467,0.32580047845840454,0.44861823320388794,0.4671573340892792,0.493367463350296,0.5076742768287659,0.5178284645080566,0.525738537311554,0.6152605414390564,0.5606268644332886
2025-03-17,Iwik,ACOLITE,S2C_MSI_2025_03_17_11_46_19_T28QCH_L2W,C:\Users\Simon\Nextcloud\Project\Mauritania\Science\Arguin - FieldWork Data Processing\Data\S2\ACOLITE\2025-03-17,728,1054,2938,363435.0,2199435.0,0.17370587587356567,0.224766805768013,0.3245299458503723,0.44904088973999023,0.46715793013572693,0.4933679699897766,0.5076746940612793,0.5159292817115784,0.5257388949394226,0.615260124206543,0.5606235265731812
2025-03-17,Iwik,ACOLITE,S2C_MSI_2025_03_17_11_46_19_T28QCH_L2W,C:\Users\Simon\Nextcloud\Project\Mauritania\Science\Arguin - FieldWork Data Processing\Data\S2\ACOLITE\2025-03-17,729,1054,2939,363445.0,2199435.0,0.17370857298374176,0.22060318291187286,0.32163894176483154,0.4433411657810211,0.46020662784576416,0.48651933670043945,0.4976472854614258,0.5093817114830017,0.5155074596405029,0.6117922067642212,0.5560570359230042
2025-03-17,Iwik,ACOLITE,S2C_MSI_2025_03_17_11_46_19_T28QCH_L2W,C:\Users\Simon\Nextcloud\Project\Mauritania\Science\Arguin - FieldWork Data Processing\Data\S2\ACOLITE\2025-03-17,730,1054,2940,363455.0,2199435.0,0.17371129989624023,0.2188180685043335,0.3145731985569,0.4377400279045105,0.4602072536945343,0.48651984333992004,0.4976477324962616,0.5043076276779175,0.5155078172683716,0.6117917895317078,0.556053638458252
2025-03-17,Iwik,ACOLITE,S2C_MSI_2025_03_17_11_46_19_T28QCH_L2W,C:\Users\Simon\Nextcloud\Project\Mauritania\Science\Arguin - FieldWork Data Processing\Data\S2\ACOLITE\2025-03-17,731,1054,2941,363465.0,2199435.0,0.17371399700641632,0.21822421252727509,0.3168931305408478,0.43636560440063477,0.45968082547187805,0.4842352867126465,0.4997768700122833,0.5064229369163513,0.5186888575553894,0.6127093434333801,0.5597231984138489
2025-03-17,Iwik,ACOLITE,S2C_MSI_2025_03_17_11_46_19_T28QCH_L2W,C:\Users\Simon\Nextcloud\Project\Mauritania\Science\Arguin - FieldWork Data Processing\Data\S2\ACOLITE\2025-03-17,732,1054,2942,363475.0,2199435.0,0.1737167090177536,0.2188223898410797,0.3200220465660095,0.4396446943283081,0.4596814513206482,0.4842357635498047,0.49977731704711914,0.5077975988388062,0.5186892151832581,0.6127088665962219,0.5597198009490967
