date,AOI,atmospheric_correction,scene_id,source,pixel_id,row,col,x,y,B01,B02,B03,B04,B05,B06,B07,B08,B8A,B11,B12
2025-06-30,Arel,ACOLITE,S2B_MSI_2025_06_30_11_45_58_T28QCH_L2W,C:\Users\Simon\Nextcloud\Project\Mauritania\Science\Arguin - FieldWork Data Processing\Data\S2\ACOLITE\2025-06-30,0,864,864,342695.0,2201335.0,0.1535894125699997,0.20397812128067017,0.28058457374572754,0.33625420928001404,0.36753880977630615,0.3981325626373291,0.4204855263233185,0.4184204041957855,0.4432540833950043,0.4198635518550873,0.31694141030311584
2025-06-30,Arel,ACOLITE,S2B_MSI_2025_06_30_11_45_58_T28QCH_L2W,C:\Users\Simon\Nextcloud\Project\Mauritania\Science\Arguin - FieldWork Data Processing\Data\S2\ACOLITE\2025-06-30,1,864,865,342705.0,2201335.0,0.15358872711658478,0.19723822176456451,0.2716559171676636,0.3306986093521118,0.3641524910926819,0.3932242691516876,0.41960853338241577,0.4134807288646698,0.44253072142601013,0.42239898443222046,0.3181587755680084
2025-06-30,Arel,ACOLITE,S2B_MSI_2025_06_30_11_45_58_T28QCH_L2W,C:\Users\Simon\Nextcloud\Project\Mauritania\Science\Arguin - FieldWork Data Processing\Data\S2\ACOLITE\2025-06-30,2,864,866,342715.0,2201335.0,0.15358801186084747,0.20622305572032928,0.27756503224372864,0.3330676853656769,0.3641577363014221,0.39323005080223083,0.4196147620677948,0.41179323196411133,0.44253700971603394,0.4224024713039398,0.31816181540489197
2025-06-30,Arel,ACOLITE,S2B_MSI_2025_06_30_11_45_58_T28QCH_L2W,C:\Users\Simon\Nextcloud\Project\Mauritania\Science\Arguin - FieldWork Data Processing\Data\S2\ACOLITE\2025-06-30,3,865,859,342645.0,2201325.0,0.1528053879737854,0.2032821923494339,0.2840675413608551,0.34302976727485657,0.36548125743865967,0.3926614224910736,0.421341210603714,0.4225537180900574,0.4444422125816345,0.4269822835922241,0.32372716069221497
2025-06-30,Arel,ACOLITE,S2B_MSI_2025_06_30_11_45_58_T28QCH_L2W,C:\Users\Simon\Nextcloud\Project\Mauritania\Science\Arguin - FieldWork Data Processing\Data\S2\ACOLITE\2025-06-30,4,865,860,342655.0,2201325.0,0.1528046578168869,0.21224050223827362,0.2883602976799011,0.34552761912345886,0.3654865622520447,0.3926672041416168,0.4213474690914154,0.4225597679615021,0.4444485902786255,0.42698580026626587,0.3237302601337433
2025-06-30,Arel,ACOLITE,S2B_MSI_2025_06_30_11_45_58_T28QCH_L2W,C:\Users\Simon\Nextcloud\Project\Mauritania\Science\Arguin - FieldWork Data Processing\Data\S2\ACOLITE\2025-06-30,5,865,861,342665.0,2201325.0,0.15359048545360565,0.21327318251132965,0.28598257899284363,0.3469167649745941,0.3660344183444977,0.3949320316314697,0.4218582510948181,0.42607206106185913,0.44506269693374634,0.42204225063323975,0.3174200654029846
2025-06-30,Arel,ACOLITE,S2B_MSI_2025_06_30_11_45_58_T28QCH_L2W,C:\Users\Simon\Nextcloud\Project\Mauritania\Science\Arguin - FieldWork Data Processing\Data\S2\ACOLITE\2025-06-30,6,865,862,342675.0,2201325.0,0.15358978509902954,0.21172773838043213,0.2905896008014679,0.34678342938423157,0.3660397231578827,0.3949379026889801,0.4218645393848419,0.4240007996559143,0.4450690448284149,0.4220457375049591,0.31742313504219055
2025-06-30,Arel,ACOLITE,S2B_MSI_2025_06_30_11_45_58_T28QCH_L2W,C:\Users\Simon\Nextcloud\Project\Mauritania\Science\Arguin - FieldWork Data Processing\Data\S2\ACOLITE\2025-06-30,7,865,863,342685.0,2201325.0,0.15358908474445343,0.21533739566802979,0.29091084003448486,0.34803372621536255,0.36753684282302856,0.3981304168701172,0.4204832911491394,0.4230976700782776,0.4432518482208252,0.41986244916915894,0.31694042682647705
2025-06-30,Arel,ACOLITE,S2B_MSI_2025_06_30_11_45_58_T28QCH_L2W,C:\Users\Simon\Nextcloud\Project\Mauritania\Science\Arguin - FieldWork Data Processing\Data\S2\ACOLITE\2025-06-30,8,865,864,342695.0,2201325.0,0.15358836948871613,0.21190272271633148,0.28742408752441406,0.346793532371521,0.36754217743873596,0.39813634753227234,0.4204895496368408,0.4242727756500244,0.4432581663131714,0.4198659062385559,0.3169434368610382
2025-06-30,Arel,ACOLITE,S2B_MSI_2025_06_30_11_45_58_T28QCH_L2W,C:\Users\Simon\Nextcloud\Project\Mauritania\Science\Arguin - FieldWork Data Processing\Data\S2\ACOLITE\2025-06-30,9,865,865,342705.0,2201325.0,0.15358765423297882,0.20915116369724274,0.28933295607566833,0.3427823781967163,0.36415576934814453,0.3932279646396637,0.4196125268936157,0.4250580072402954,0.44253480434417725,0.4224013686180115,0.3181608021259308
2025-06-30,Arel,ACOLITE,S2B_MSI_2025_06_30_11_45_58_T28QCH_L2W,C:\Users\Simon\Nextcloud\Project\Mauritania\Science\Arguin - FieldWork Data Processing\Data\S2\ACOLITE\2025-06-30,10,865,866,342715.0,2201325.0,0.1535869538784027,0.21190573275089264,0.28933706879615784,0.34237152338027954,0.36416101455688477,0.3932337760925293,0.41961878538131714,0.42454472184181213,0.44254112243652344,0.42240482568740845,0.31816384196281433
2025-06-30,Arel,ACOLITE,S2B_MSI_2025_06_30_11_45_58_T28QCH_L2W,C:\Users\Simon\Nextcloud\Project\Mauritania\Science\Arguin - FieldWork Data Processing\Data\S2\ACOLITE\2025-06-30,11,865,867,342725.0,2201325.0,0.1294449269771576,0.19775965809822083,0.275657057762146,0.33057159185409546,0.346606582403183,0.37871983647346497,0.40216657519340515,0.41805195808410645,0.42939040064811707,0.4069759249687195,0.2970258891582489
2025-06-30,Arel,ACOLITE,S2B_MSI_2025_06_30_11_45_58_T28QCH_L2W,C:\Users\Simon\Nextcloud\Project\Mauritania\Science\Arguin - FieldWork Data Processing\Data\S2\ACOLITE\2025-06-30,12,866,854,342595.0,2201315.0,0.13423678278923035,0.19999532401561737,0.27863991260528564,0.33843302726745605,0.3669499456882477,0.3958243429660797,0.4195478856563568,0.4072990417480469,0.44076672196388245,0.42995691299438477,0.3263838589191437
2025-06-30,Arel,ACOLITE,S2B_MSI_2025_06_30_11_45_58_T28QCH_L2W,C:\Users\Simon\Nextcloud\Project\Mauritania\Science\Arguin - FieldWork Data Processing\Data\S2\ACOLITE\2025-06-30,13,866,855,342605.0,2201315.0,0.1528072953224182,0.2089654803276062,0.28738999366760254,0.3431515693664551,0.37332162261009216,0.4002092480659485,0.42434555292129517,0.41616278886795044,0.4469726085662842,0.42881062626838684,0.32359540462493896
2025-06-30,Arel,ACOLITE,S2B_MSI_2025_06_30_11_45_58_T28QCH_L2W,C:\Users\Simon\Nextcloud\Project\Mauritania\Science\Arguin - FieldWork Data Processing\Data\S2\ACOLITE\2025-06-30,14,866,856,342615.0,2201315.0,0.15280655026435852,0.21240684390068054,0.29040852189064026,0.34869274497032166,0.3733271062374115,0.400215208530426,0.42435187101364136,0.42474713921546936,0.44697898626327515,0.4288141429424286,0.3235984742641449
2025-06-30,Arel,ACOLITE,S2B_MSI_2025_06_30_11_45_58_T28QCH_L2W,C:\Users\Simon\Nextcloud\Project\Mauritania\Science\Arguin - FieldWork Data Processing\Data\S2\ACOLITE\2025-06-30,15,866,857,342625.0,2201315.0,0.15280582010746002,0.2086239755153656,0.2883504331111908,0.34828299283981323,0.37265586853027344,0.40128201246261597,0.42675164341926575,0.4255322217941284,0.4488070607185364,0.42847269773483276,0.3222663104534149
2025-06-30,Arel,ACOLITE,S2B_MSI_2025_06_30_11_45_58_T28QCH_L2W,C:\Users\Simon\Nextcloud\Project\Mauritania\Science\Arguin - FieldWork Data Processing\Data\S2\ACOLITE\2025-06-30,16,866,858,342635.0,2201315.0,0.15280508995056152,0.20586881041526794,0.28867194056510925,0.3473198115825653,0.372661292552948,0.4012880027294159,0.4267580211162567,0.4277445673942566,0.4488134980201721,0.4284762442111969,0.32226938009262085
2025-06-30,Arel,ACOLITE,S2B_MSI_2025_06_30_11_45_58_T28QCH_L2W,C:\Users\Simon\Nextcloud\Project\Mauritania\Science\Arguin - FieldWork Data Processing\Data\S2\ACOLITE\2025-06-30,17,866,859,342645.0,2201315.0,0.15280434489250183,0.21327067911624908,0.291213721036911,0.34926119446754456,0.371989905834198,0.3989066779613495,0.42411884665489197,0.4260637164115906,0.4469982087612152,0.42893972992897034,0.32494303584098816
2025-06-30,Arel,ACOLITE,S2B_MSI_2025_06_30_11_45_58_T28QCH_L2W,C:\Users\Simon\Nextcloud\Project\Mauritania\Science\Arguin - FieldWork Data Processing\Data\S2\ACOLITE\2025-06-30,18,866,860,342655.0,2201315.0,0.15280359983444214,0.21275672316551208,0.2913764417171478,0.3488515019416809,0.37199532985687256,0.39891260862350464,0.42412522435188293,0.42386260628700256,0.4470045864582062,0.4289432466030121,0.3249461054801941
2025-06-30,Arel,ACOLITE,S2B_MSI_2025_06_30_11_45_58_T28QCH_L2W,C:\Users\Simon\Nextcloud\Project\Mauritania\Science\Arguin - FieldWork Data Processing\Data\S2\ACOLITE\2025-06-30,19,866,861,342665.0,2201315.0,0.15358947217464447,0.20880171656608582,0.28820809721946716,0.3462279736995697,0.3711882531642914,0.3994492292404175,0.42501363158226013,0.4262057840824127,0.45041102170944214,0.42457592487335205,0.3158434331417084
2025-06-30,Arel,ACOLITE,S2B_MSI_2025_06_30_11_45_58_T28QCH_L2W,C:\Users\Simon\Nextcloud\Project\Mauritania\Science\Arguin - FieldWork Data Processing\Data\S2\ACOLITE\2025-06-30,20,866,862,342675.0,2201315.0,0.15358875691890717,0.2112123966217041,0.2924942970275879,0.3487234115600586,0.37119370698928833,0.399455189704895,0.4250200092792511,0.4250435531139374,0.45041748881340027,0.4245794117450714,0.31584644317626953
2025-06-30,Arel,ACOLITE,S2B_MSI_2025_06_30_11_45_58_T28QCH_L2W,C:\Users\Simon\Nextcloud\Project\Mauritania\Science\Arguin - FieldWork Data Processing\Data\S2\ACOLITE\2025-06-30,21,866,863,342685.0,2201315.0,0.15358804166316986,0.21465124189853668,0.2905961871147156,0.34997299313545227,0.3702509105205536,0.4026436507701874,0.4265380799770355,0.4242706000804901,0.45309358835220337,0.42803382873535156,0.3180353343486786
2025-06-30,Arel,ACOLITE,S2B_MSI_2025_06_30_11_45_58_T28QCH_L2W,C:\Users\Simon\Nextcloud\Project\Mauritania\Science\Arguin - FieldWork Data Processing\Data\S2\ACOLITE\2025-06-30,22,866,864,342695.0,2201315.0,0.15358732640743256,0.2125910073518753,0.2871088981628418,0.346658319234848,0.3702562749385834,0.4026496708393097,0.4265444874763489,0.42804110050201416,0.4531001150608063,0.4280373454093933,0.31803834438323975
2025-06-30,Arel,ACOLITE,S2B_MSI_2025_06_30_11_45_58_T28QCH_L2W,C:\Users\Simon\Nextcloud\Project\Mauritania\Science\Arguin - FieldWork Data Processing\Data\S2\ACOLITE\2025-06-30,23,866,865,342705.0,2201315.0,0.15358662605285645,0.21242067217826843,0.29044589400291443,0.3509509265422821,0.3751353919506073,0.4058353900909424,0.43523144721984863,0.4309007227420807,0.46304190158843994,0.4465407729148865,0.3391585946083069
2025-06-30,Arel,ACOLITE,S2B_MSI_2025_06_30_11_45_58_T28QCH_L2W,C:\Users\Simon\Nextcloud\Project\Mauritania\Science\Arguin - FieldWork Data Processing\Data\S2\ACOLITE\2025-06-30,24,866,866,342715.0,2201315.0,0.15358592569828033,0.21276600658893585,0.2888634502887726,0.35040318965911865,0.37514087557792664,0.4058414399623871,0.4352380037307739,0.4332400858402252,0.4630486071109772,0.44654446840286255,0.33916184306144714
2025-06-30,Arel,ACOLITE,S2B_MSI_2025_06_30_11_45_58_T28QCH_L2W,C:\Users\Simon\Nextcloud\Project\Mauritania\Science\Arguin - FieldWork Data Processing\Data\S2\ACOLITE\2025-06-30,25,866,867,342725.0,2201315.0,0.12944315373897552,0.20932669937610626,0.28569120168685913,0.34791892766952515,0.37284576892852783,0.40439051389694214,0.4294596314430237,0.43182069063186646,0.4566362500190735,0.4442518353462219,0.33952897787094116
2025-06-30,Arel,ACOLITE,S2B_MSI_2025_06_30_11_45_58_T28QCH_L2W,C:\Users\Simon\Nextcloud\Project\Mauritania\Science\Arguin - FieldWork Data Processing\Data\S2\ACOLITE\2025-06-30,26,867,850,342555.0,2201305.0,0.1342414915561676,0.2053419053554535,0.28657838702201843,0.34506842494010925,0.3377861976623535,0.3699481785297394,0.3958568572998047,0.4213375747203827,0.4187909662723541,0.393085777759552,0.2871336340904236
2025-06-30,Arel,ACOLITE,S2B_MSI_2025_06_30_11_45_58_T28QCH_L2W,C:\Users\Simon\Nextcloud\Project\Mauritania\Science\Arguin - FieldWork Data Processing\Data\S2\ACOLITE\2025-06-30,27,867,851,342565.0,2201305.0,0.13423991203308105,0.21119660139083862,0.2951418161392212,0.3526774048805237,0.3643603026866913,0.3931538760662079,0.4165038466453552,0.4273160398006439,0.4401436448097229,0.4238531291484833,0.31496521830558777
2025-06-30,Arel,ACOLITE,S2B_MSI_2025_06_30_11_45_58_T28QCH_L2W,C:\Users\Simon\Nextcloud\Project\Mauritania\Science\Arguin - FieldWork Data Processing\Data\S2\ACOLITE\2025-06-30,28,867,852,342575.0,2201305.0,0.1342383474111557,0.21360386908054352,0.29086992144584656,0.35585689544677734,0.36436551809310913,0.3931596875190735,0.41651004552841187,0.431212455034256,0.4401499032974243,0.42385661602020264,0.3149682283401489
2025-06-30,Arel,ACOLITE,S2B_MSI_2025_06_30_11_45_58_T28QCH_L2W,C:\Users\Simon\Nextcloud\Project\Mauritania\Science\Arguin - FieldWork Data Processing\Data\S2\ACOLITE\2025-06-30,29,867,853,342585.0,2201305.0,0.13423672318458557,0.2120591104030609,0.2888125479221344,0.35227352380752563,0.3669479489326477,0.3958221673965454,0.41954559087753296,0.4252519905567169,0.44076448678970337,0.42995575070381165,0.3263827860355377
2025-06-30,Arel,ACOLITE,S2B_MSI_2025_06_30_11_45_58_T28QCH_L2W,C:\Users\Simon\Nextcloud\Project\Mauritania\Science\Arguin - FieldWork Data Processing\Data\S2\ACOLITE\2025-06-30,30,867,854,342595.0,2201305.0,0.13423515856266022,0.20224130153656006,0.2878645062446594,0.34771764278411865,0.3669532537460327,0.3958280682563782,0.4195518493652344,0.4157702624797821,0.4407707154750824,0.4299592971801758,0.3263859152793884
2025-06-30,Arel,ACOLITE,S2B_MSI_2025_06_30_11_45_58_T28QCH_L2W,C:\Users\Simon\Nextcloud\Project\Mauritania\Science\Arguin - FieldWork Data Processing\Data\S2\ACOLITE\2025-06-30,31,867,855,342605.0,2201305.0,0.15280626714229584,0.21137450635433197,0.29167497158050537,0.3503497540950775,0.37332504987716675,0.4002130329608917,0.4243496060371399,0.42318663001060486,0.4469766914844513,0.42881298065185547,0.32359743118286133
2025-06-30,Arel,ACOLITE,S2B_MSI_2025_06_30_11_45_58_T28QCH_L2W,C:\Users\Simon\Nextcloud\Project\Mauritania\Science\Arguin - FieldWork Data Processing\Data\S2\ACOLITE\2025-06-30,32,867,856,342615.0,2201305.0,0.15280550718307495,0.21395370364189148,0.2929467260837555,0.35187476873397827,0.3733305037021637,0.40021899342536926,0.42435595393180847,0.4294223189353943,0.44698309898376465,0.4288164973258972,0.32360056042671204
2025-06-30,Arel,ACOLITE,S2B_MSI_2025_06_30_11_45_58_T28QCH_L2W,C:\Users\Simon\Nextcloud\Project\Mauritania\Science\Arguin - FieldWork Data Processing\Data\S2\ACOLITE\2025-06-30,33,867,857,342625.0,2201305.0,0.15280476212501526,0.207074373960495,0.2900979518890381,0.3482861816883087,0.37265926599502563,0.4012857973575592,0.42675572633743286,0.42748287320137024,0.44881120324134827,0.4284750819206238,0.32226836681365967
2025-06-30,Arel,ACOLITE,S2B_MSI_2025_06_30_11_45_58_T28QCH_L2W,C:\Users\Simon\Nextcloud\Project\Mauritania\Science\Arguin - FieldWork Data Processing\Data\S2\ACOLITE\2025-06-30,34,867,858,342635.0,2201305.0,0.15280403196811676,0.2079370617866516,0.2891503870487213,0.3481529653072357,0.3726647198200226,0.40129178762435913,0.42676210403442383,0.42346471548080444,0.448817640542984,0.4284785985946655,0.3222714364528656
2025-06-30,Arel,ACOLITE,S2B_MSI_2025_06_30_11_45_58_T28QCH_L2W,C:\Users\Simon\Nextcloud\Project\Mauritania\Science\Arguin - FieldWork Data Processing\Data\S2\ACOLITE\2025-06-30,35,867,859,342645.0,2201305.0,0.15280330181121826,0.21619026362895966,0.2940680980682373,0.353547602891922,0.3719933032989502,0.39891043305397034,0.4241229295730591,0.4277547001838684,0.4470023214817047,0.42894211411476135,0.3249450623989105
2025-06-30,Arel,ACOLITE,S2B_MSI_2025_06_30_11_45_58_T28QCH_L2W,C:\Users\Simon\Nextcloud\Project\Mauritania\Science\Arguin - FieldWork Data Processing\Data\S2\ACOLITE\2025-06-30,36,867,860,342655.0,2201305.0,0.15280252695083618,0.21310104429721832,0.2932804822921753,0.3518955409526825,0.37199872732162476,0.3989163935184479,0.4241292476654053,0.42646321654319763,0.4470086991786957,0.4289456307888031,0.32494819164276123
2025-06-30,Arel,ACOLITE,S2B_MSI_2025_06_30_11_45_58_T28QCH_L2W,C:\Users\Simon\Nextcloud\Project\Mauritania\Science\Arguin - FieldWork Data Processing\Data\S2\ACOLITE\2025-06-30,37,867,861,342665.0,2201305.0,0.1535884290933609,0.20639030635356903,0.287099152803421,0.3469230830669403,0.37119168043136597,0.3994530439376831,0.42501774430274963,0.42361289262771606,0.4504152238368988,0.4245782792568207,0.31584542989730835
2025-06-30,Arel,ACOLITE,S2B_MSI_2025_06_30_11_45_58_T28QCH_L2W,C:\Users\Simon\Nextcloud\Project\Mauritania\Science\Arguin - FieldWork Data Processing\Data\S2\ACOLITE\2025-06-30,38,867,862,342675.0,2201305.0,0.1535877138376236,0.20880363881587982,0.29043588042259216,0.35080045461654663,0.37119707465171814,0.39945900440216064,0.4250240623950958,0.42167016863822937,0.45042169094085693,0.42458176612854004,0.3158484697341919
2025-06-30,Arel,ACOLITE,S2B_MSI_2025_06_30_11_45_58_T28QCH_L2W,C:\Users\Simon\Nextcloud\Project\Mauritania\Science\Arguin - FieldWork Data Processing\Data\S2\ACOLITE\2025-06-30,39,867,863,342685.0,2201305.0,0.15358702838420868,0.21173042058944702,0.28805994987487793,0.34859341382980347,0.3702543079853058,0.4026474952697754,0.426542192697525,0.42401477694511414,0.45309779047966003,0.4280362129211426,0.31803733110427856
2025-06-30,Arel,ACOLITE,S2B_MSI_2025_06_30_11_45_58_T28QCH_L2W,C:\Users\Simon\Nextcloud\Project\Mauritania\Science\Arguin - FieldWork Data Processing\Data\S2\ACOLITE\2025-06-30,40,867,864,342695.0,2201305.0,0.153586283326149,0.21327917277812958,0.28488689661026,0.3474918007850647,0.37025967240333557,0.4026535451412201,0.4265486001968384,0.43232443928718567,0.45310431718826294,0.4280397593975067,0.3180403709411621
2025-06-30,Arel,ACOLITE,S2B_MSI_2025_06_30_11_45_58_T28QCH_L2W,C:\Users\Simon\Nextcloud\Project\Mauritania\Science\Arguin - FieldWork Data Processing\Data\S2\ACOLITE\2025-06-30,41,867,865,342705.0,2201305.0,0.15358559787273407,0.2143116444349289,0.292826384305954,0.35247406363487244,0.3751388490200043,0.40583929419517517,0.4352356791496277,0.43802928924560547,0.46304628252983093,0.44654327630996704,0.3391607403755188
2025-06-30,Arel,ACOLITE,S2B_MSI_2025_06_30_11_45_58_T28QCH_L2W,C:\Users\Simon\Nextcloud\Project\Mauritania\Science\Arguin - FieldWork Data Processing\Data\S2\ACOLITE\2025-06-30,42,867,866,342715.0,2201305.0,0.15358488261699677,0.212766632437706,0.29409801959991455,0.35524094104766846,0.375144362449646,0.40584537386894226,0.43524226546287537,0.4388120770454407,0.4630529582500458,0.4465469717979431,0.33916401863098145
2025-06-30,Arel,ACOLITE,S2B_MSI_2025_06_30_11_45_58_T28QCH_L2W,C:\Users\Simon\Nextcloud\Project\Mauritania\Science\Arguin - FieldWork Data Processing\Data\S2\ACOLITE\2025-06-30,43,867,867,342725.0,2201305.0,0.12944138050079346,0.21671858429908752,0.30137762427330017,0.36296552419662476,0.3728492259979248,0.4043944180011749,0.42946380376815796,0.43998289108276367,0.4566405117511749,0.4442543387413025,0.33953115344047546
2025-06-30,Arel,ACOLITE,S2B_MSI_2025_06_30_11_45_58_T28QCH_L2W,C:\Users\Simon\Nextcloud\Project\Mauritania\Science\Arguin - FieldWork Data Processing\Data\S2\ACOLITE\2025-06-30,44,867,868,342735.0,2201305.0,0.1294395476579666,0.2110498994588852,0.28982624411582947,0.35304224491119385,0.37285465002059937,0.404400497674942,0.4294702708721161,0.4324791729450226,0.4566470980644226,0.4442580044269562,0.3395344316959381
2025-06-30,Arel,ACOLITE,S2B_MSI_2025_06_30_11_45_58_T28QCH_L2W,C:\Users\Simon\Nextcloud\Project\Mauritania\Science\Arguin - FieldWork Data Processing\Data\S2\ACOLITE\2025-06-30,45,868,849,342545.0,2201295.0,0.1342414915561676,0.20775309205055237,0.2821270525455475,0.3424352705478668,0.3712654709815979,0.4009764492511749,0.4264568090438843,0.4208155870437622,0.4492494463920593,0.427414208650589,0.32018202543258667
2025-06-30,Arel,ACOLITE,S2B_MSI_2025_06_30_11_45_58_T28QCH_L2W,C:\Users\Simon\Nextcloud\Project\Mauritania\Science\Arguin - FieldWork Data Processing\Data\S2\ACOLITE\2025-06-30,46,868,850,342555.0,2201295.0,0.13423988223075867,0.2091316133737564,0.2881680130958557,0.34908321499824524,0.37127089500427246,0.40098243951797485,0.42646315693855286,0.4235496520996094,0.44925591349601746,0.42741772532463074,0.3201850950717926
2025-06-30,Arel,ACOLITE,S2B_MSI_2025_06_30_11_45_58_T28QCH_L2W,C:\Users\Simon\Nextcloud\Project\Mauritania\Science\Arguin - FieldWork Data Processing\Data\S2\ACOLITE\2025-06-30,47,868,851,342565.0,2201295.0,0.13423830270767212,0.2148047834634781,0.2965681552886963,0.3541991710662842,0.3816848695278168,0.4105202257633209,0.4356503188610077,0.42615216970443726,0.45641830563545227,0.439489483833313,0.3326883316040039
2025-06-30,Arel,ACOLITE,S2B_MSI_2025_06_30_11_45_58_T28QCH_L2W,C:\Users\Simon\Nextcloud\Project\Mauritania\Science\Arguin - FieldWork Data Processing\Data\S2\ACOLITE\2025-06-30,48,868,852,342575.0,2201295.0,0.13423670828342438,0.21257375180721283,0.2943573594093323,0.35503238439559937,0.38169050216674805,0.41052642464637756,0.43565690517425537,0.4301793873310089,0.45642489194869995,0.4394931197166443,0.3326915204524994
2025-06-30,Arel,ACOLITE,S2B_MSI_2025_06_30_11_45_58_T28QCH_L2W,C:\Users\Simon\Nextcloud\Project\Mauritania\Science\Arguin - FieldWork Data Processing\Data\S2\ACOLITE\2025-06-30,49,868,853,342585.0,2201295.0,0.13423512876033783,0.20965208113193512,0.2929365038871765,0.3522767424583435,0.3771041929721832,0.4078874886035919,0.4303840696811676,0.4270728528499603,0.45194515585899353,0.44190871715545654,0.33742576837539673
2025-06-30,Arel,ACOLITE,S2B_MSI_2025_06_30_11_45_58_T28QCH_L2W,C:\Users\Simon\Nextcloud\Project\Mauritania\Science\Arguin - FieldWork Data Processing\Data\S2\ACOLITE\2025-06-30,50,868,854,342595.0,2201295.0,0.1342335194349289,0.20879298448562622,0.2911977767944336,0.35048598051071167,0.3771097660064697,0.4078936278820038,0.43039053678512573,0.4259110391139984,0.45195162296295166,0.44191235303878784,0.3374289870262146
2025-06-30,Arel,ACOLITE,S2B_MSI_2025_06_30_11_45_58_T28QCH_L2W,C:\Users\Simon\Nextcloud\Project\Mauritania\Science\Arguin - FieldWork Data Processing\Data\S2\ACOLITE\2025-06-30,51,868,855,342605.0,2201295.0,0.15280520915985107,0.2130938470363617,0.2910434305667877,0.3535299599170685,0.3790070116519928,0.4088258743286133,0.43127748370170593,0.4296794533729553,0.45595985651016235,0.4382403790950775,0.332215815782547
2025-06-30,Arel,ACOLITE,S2B_MSI_2025_06_30_11_45_58_T28QCH_L2W,C:\Users\Simon\Nextcloud\Project\Mauritania\Science\Arguin - FieldWork Data Processing\Data\S2\ACOLITE\2025-06-30,52,868,856,342615.0,2201295.0,0.15280446410179138,0.2122361660003662,0.2916816771030426,0.3589147627353668,0.3790126144886017,0.40883204340934753,0.43128398060798645,0.4312414526939392,0.45596641302108765,0.4382440149784088,0.3322190046310425
2025-06-30,Arel,ACOLITE,S2B_MSI_2025_06_30_11_45_58_T28QCH_L2W,C:\Users\Simon\Nextcloud\Project\Mauritania\Science\Arguin - FieldWork Data Processing\Data\S2\ACOLITE\2025-06-30,53,868,857,342625.0,2201295.0,0.1528037041425705,0.21447113156318665,0.29390373826026917,0.3550587296485901,0.3765856921672821,0.40923506021499634,0.43355366587638855,0.4274868369102478,0.4567001461982727,0.4341108202934265,0.32676151394844055
2025-06-30,Arel,ACOLITE,S2B_MSI_2025_06_30_11_45_58_T28QCH_L2W,C:\Users\Simon\Nextcloud\Project\Mauritania\Science\Arguin - FieldWork Data Processing\Data\S2\ACOLITE\2025-06-30,54,868,858,342635.0,2201295.0,0.152802973985672,0.2149878591299057,0.29169005155563354,0.3543739914894104,0.37659120559692383,0.4092412292957306,0.43356019258499146,0.42749297618865967,0.456706702709198,0.43411439657211304,0.32676464319229126
2025-06-30,Arel,ACOLITE,S2B_MSI_2025_06_30_11_45_58_T28QCH_L2W,C:\Users\Simon\Nextcloud\Project\Mauritania\Science\Arguin - FieldWork Data Processing\Data\S2\ACOLITE\2025-06-30,55,868,859,342645.0,2201295.0,0.1528022140264511,0.21687723696231842,0.2932787537574768,0.3556212782859802,0.3809201717376709,0.4058065116405487,0.4326867461204529,0.4282776117324829,0.45186275243759155,0.43112918734550476,0.32373329997062683
2025-06-30,Arel,ACOLITE,S2B_MSI_2025_06_30_11_45_58_T28QCH_L2W,C:\Users\Simon\Nextcloud\Project\Mauritania\Science\Arguin - FieldWork Data Processing\Data\S2\ACOLITE\2025-06-30,56,868,860,342655.0,2201295.0,0.1528014838695526,0.21825087070465088,0.29565802216529846,0.35300374031066895,0.38092583417892456,0.40581265091896057,0.4326932728290558,0.4306182563304901,0.45186924934387207,0.4311327636241913,0.32373639941215515
2025-06-30,Arel,ACOLITE,S2B_MSI_2025_06_30_11_45_58_T28QCH_L2W,C:\Users\Simon\Nextcloud\Project\Mauritania\Science\Arguin - FieldWork Data Processing\Data\S2\ACOLITE\2025-06-30,57,868,861,342665.0,2201295.0,0.15358740091323853,0.2139623463153839,0.28662508726119995,0.3495543897151947,0.37566128373146057,0.4064807593822479,0.42917752265930176,0.4275115132331848,0.4559992551803589,0.42837652564048767,0.3165760934352875
2025-06-30,Arel,ACOLITE,S2B_MSI_2025_06_30_11_45_58_T28QCH_L2W,C:\Users\Simon\Nextcloud\Project\Mauritania\Science\Arguin - FieldWork Data Processing\Data\S2\ACOLITE\2025-06-30,58,868,862,342675.0,2201295.0,0.15358667075634003,0.21258917450904846,0.28901058435440063,0.34900638461112976,0.3756668269634247,0.4064868688583374,0.4291839599609375,0.42673906683921814,0.45600584149360657,0.4283800721168518,0.316579133272171
2025-06-30,Arel,ACOLITE,S2B_MSI_2025_06_30_11_45_58_T28QCH_L2W,C:\Users\Simon\Nextcloud\Project\Mauritania\Science\Arguin - FieldWork Data Processing\Data\S2\ACOLITE\2025-06-30,59,868,863,342685.0,2201295.0,0.1535859853029251,0.21568278968334198,0.29155248403549194,0.3517761528491974,0.37715980410575867,0.4062281847000122,0.43195831775665283,0.43076664209365845,0.4611005485057831,0.43217816948890686,0.3185250759124756
2025-06-30,Arel,ACOLITE,S2B_MSI_2025_06_30_11_45_58_T28QCH_L2W,C:\Users\Simon\Nextcloud\Project\Mauritania\Science\Arguin - FieldWork Data Processing\Data\S2\ACOLITE\2025-06-30,60,868,864,342695.0,2201295.0,0.1535852551460266,0.21808643639087677,0.2894948422908783,0.3526102900505066,0.3771653175354004,0.4062342643737793,0.43196481466293335,0.4338834285736084,0.46110719442367554,0.432181715965271,0.31852811574935913
2025-06-30,Arel,ACOLITE,S2B_MSI_2025_06_30_11_45_58_T28QCH_L2W,C:\Users\Simon\Nextcloud\Project\Mauritania\Science\Arguin - FieldWork Data Processing\Data\S2\ACOLITE\2025-06-30,61,868,865,342705.0,2201295.0,0.1535845547914505,0.21482758224010468,0.29520469903945923,0.3544107675552368,0.3836536109447479,0.4108716547489166,0.441642701625824,0.4393273591995239,0.46365565061569214,0.44734933972358704,0.3377073109149933
2025-06-30,Arel,ACOLITE,S2B_MSI_2025_06_30_11_45_58_T28QCH_L2W,C:\Users\Simon\Nextcloud\Project\Mauritania\Science\Arguin - FieldWork Data Processing\Data\S2\ACOLITE\2025-06-30,62,868,866,342715.0,2201295.0,0.153583824634552,0.21671761572360992,0.29837337136268616,0.36172425746917725,0.38365933299064636,0.41087785363197327,0.4416493773460388,0.442696213722229,0.46366235613822937,0.4473530352115631,0.33771055936813354
2025-06-30,Arel,ACOLITE,S2B_MSI_2025_06_30_11_45_58_T28QCH_L2W,C:\Users\Simon\Nextcloud\Project\Mauritania\Science\Arguin - FieldWork Data Processing\Data\S2\ACOLITE\2025-06-30,63,868,867,342725.0,2201295.0,0.129439577460289,0.2186061590909958,0.30485236644744873,0.3648957312107086,0.3836650252342224,0.415905237197876,0.4421577751636505,0.44825729727745056,0.4640320837497711,0.45022621750831604,0.34220167994499207
2025-06-30,Arel,ACOLITE,S2B_MSI_2025_06_30_11_45_58_T28QCH_L2W,C:\Users\Simon\Nextcloud\Project\Mauritania\Science\Arguin - FieldWork Data Processing\Data\S2\ACOLITE\2025-06-30,64,868,868,342735.0,2201295.0,0.12943778932094574,0.21740733087062836,0.29964691400527954,0.35649681091308594,0.38367077708244324,0.41591155529022217,0.44216451048851013,0.43688756227493286,0.46403878927230835,0.4502299427986145,0.3422049582004547
2025-06-30,Arel,ACOLITE,S2B_MSI_2025_06_30_11_45_58_T28QCH_L2W,C:\Users\Simon\Nextcloud\Project\Mauritania\Science\Arguin - FieldWork Data Processing\Data\S2\ACOLITE\2025-06-30,65,868,869,342745.0,2201295.0,0.1294359564781189,0.21277190744876862,0.28792804479599,0.34945717453956604,0.37611129879951477,0.4053378105163574,0.43388357758522034,0.43533995747566223,0.4570215940475464,0.4387507438659668,0.3349299132823944
2025-06-30,Arel,ACOLITE,S2B_MSI_2025_06_30_11_45_58_T28QCH_L2W,C:\Users\Simon\Nextcloud\Project\Mauritania\Science\Arguin - FieldWork Data Processing\Data\S2\ACOLITE\2025-06-30,66,869,847,342525.0,2201285.0,0.09980461746454239,0.21050405502319336,0.28530052304267883,0.3415970802307129,0.3625814616680145,0.38648784160614014,0.41320258378982544,0.41729721426963806,0.43537911772727966,0.41452106833457947,0.3105851113796234
2025-06-30,Arel,ACOLITE,S2B_MSI_2025_06_30_11_45_58_T28QCH_L2W,C:\Users\Simon\Nextcloud\Project\Mauritania\Science\Arguin - FieldWork Data Processing\Data\S2\ACOLITE\2025-06-30,67,869,848,342535.0,2201285.0,0.09980142116546631,0.209989532828331,0.28927263617515564,0.34437236189842224,0.3625866770744324,0.3864935040473938,0.4132087230682373,0.4195137023925781,0.4353853464126587,0.41452449560165405,0.3105880618095398
2025-06-30,Arel,ACOLITE,S2B_MSI_2025_06_30_11_45_58_T28QCH_L2W,C:\Users\Simon\Nextcloud\Project\Mauritania\Science\Arguin - FieldWork Data Processing\Data\S2\ACOLITE\2025-06-30,68,869,849,342545.0,2201285.0,0.13423986732959747,0.20913071930408478,0.2862614691257477,0.3443773686885834,0.3712688386440277,0.4009802043437958,0.4264608323574066,0.4186096489429474,0.4492535889148712,0.4274165630340576,0.32018402218818665
2025-06-30,Arel,ACOLITE,S2B_MSI_2025_06_30_11_45_58_T28QCH_L2W,C:\Users\Simon\Nextcloud\Project\Mauritania\Science\Arguin - FieldWork Data Processing\Data\S2\ACOLITE\2025-06-30,69,869,850,342555.0,2201285.0,0.13423827290534973,0.21325846016407013,0.29292628169059753,0.35336899757385254,0.37127426266670227,0.4009862244129181,0.42646723985671997,0.429781973361969,0.44925999641418457,0.427420049905777,0.3201870918273926
2025-06-30,Arel,ACOLITE,S2B_MSI_2025_06_30_11_45_58_T28QCH_L2W,C:\Users\Simon\Nextcloud\Project\Mauritania\Science\Arguin - FieldWork Data Processing\Data\S2\ACOLITE\2025-06-30,70,869,851,342565.0,2201285.0,0.13423670828342438,0.21703577041625977,0.29720327258110046,0.35999345779418945,0.3816883862018585,0.4105241298675537,0.43565449118614197,0.4295288920402527,0.4564225375652313,0.4394919276237488,0.33269041776657104
2025-06-30,Arel,ACOLITE,S2B_MSI_2025_06_30_11_45_58_T28QCH_L2W,C:\Users\Simon\Nextcloud\Project\Mauritania\Science\Arguin - FieldWork Data Processing\Data\S2\ACOLITE\2025-06-30,71,869,852,342575.0,2201285.0,0.13423509895801544,0.21326158940792084,0.29388493299484253,0.35641512274742126,0.3816940486431122,0.41053035855293274,0.43566107749938965,0.432904988527298,0.4564290940761566,0.4394955635070801,0.33269360661506653
2025-06-30,Arel,ACOLITE,S2B_MSI_2025_06_30_11_45_58_T28QCH_L2W,C:\Users\Simon\Nextcloud\Project\Mauritania\Science\Arguin - FieldWork Data Processing\Data\S2\ACOLITE\2025-06-30,72,869,853,342585.0,2201285.0,0.1342334896326065,0.21223220229148865,0.291513055562973,0.35310855507850647,0.3771076500415802,0.4078913927078247,0.4303881824016571,0.431356281042099,0.4519492983818054,0.44191113114356995,0.33742788434028625
2025-06-30,Arel,ACOLITE,S2B_MSI_2025_06_30_11_45_58_T28QCH_L2W,C:\Users\Simon\Nextcloud\Project\Mauritania\Science\Arguin - FieldWork Data Processing\Data\S2\ACOLITE\2025-06-30,73,869,854,342595.0,2201285.0,0.13423192501068115,0.21412350237369537,0.29072466492652893,0.35504621267318726,0.3771132230758667,0.4078975319862366,0.4303946793079376,0.4313625693321228,0.45195576548576355,0.441914826631546,0.3374311327934265
2025-06-30,Arel,ACOLITE,S2B_MSI_2025_06_30_11_45_58_T28QCH_L2W,C:\Users\Simon\Nextcloud\Project\Mauritania\Science\Arguin - FieldWork Data Processing\Data\S2\ACOLITE\2025-06-30,74,869,855,342605.0,2201285.0,0.15280413627624512,0.21275082230567932,0.2927890717983246,0.354499489068985,0.37901052832603455,0.40882977843284607,0.4312816262245178,0.43279433250427246,0.4559640884399414,0.4382427930831909,0.3322179317474365
2025-06-30,Arel,ACOLITE,S2B_MSI_2025_06_30_11_45_58_T28QCH_L2W,C:\Users\Simon\Nextcloud\Project\Mauritania\Science\Arguin - FieldWork Data Processing\Data\S2\ACOLITE\2025-06-30,75,869,856,342615.0,2201285.0,0.15280340611934662,0.21223679184913635,0.2932685315608978,0.3579532504081726,0.37901613116264343,0.4088359475135803,0.43128812313079834,0.43901506066322327,0.4559706449508667,0.4382464289665222,0.332221120595932
2025-06-30,Arel,ACOLITE,S2B_MSI_2025_06_30_11_45_58_T28QCH_L2W,C:\Users\Simon\Nextcloud\Project\Mauritania\Science\Arguin - FieldWork Data Processing\Data\S2\ACOLITE\2025-06-30,76,869,857,342625.0,2201285.0,0.15280264616012573,0.21807490289211273,0.296122282743454,0.36002588272094727,0.37658917903900146,0.4092389941215515,0.4335578382015228,0.4347500205039978,0.45670437812805176,0.4341132342815399,0.3267635703086853
2025-06-30,Arel,ACOLITE,S2B_MSI_2025_06_30_11_45_58_T28QCH_L2W,C:\Users\Simon\Nextcloud\Project\Mauritania\Science\Arguin - FieldWork Data Processing\Data\S2\ACOLITE\2025-06-30,77,869,858,342635.0,2201285.0,0.15280193090438843,0.21876229345798492,0.2961266040802002,0.36140868067741394,0.3765946924686432,0.40924516320228577,0.4335643947124481,0.43384963274002075,0.4567109942436218,0.43411681056022644,0.326766699552536
2025-06-30,Arel,ACOLITE,S2B_MSI_2025_06_30_11_45_58_T28QCH_L2W,C:\Users\Simon\Nextcloud\Project\Mauritania\Science\Arguin - FieldWork Data Processing\Data\S2\ACOLITE\2025-06-30,78,869,859,342645.0,2201285.0,0.15280117094516754,0.21739251911640167,0.29644739627838135,0.35727986693382263,0.38092371821403503,0.4058103859424591,0.43269091844558716,0.4347626864910126,0.45186692476272583,0.43113160133361816,0.3237353563308716
2025-06-30,Arel,ACOLITE,S2B_MSI_2025_06_30_11_45_58_T28QCH_L2W,C:\Users\Simon\Nextcloud\Project\Mauritania\Science\Arguin - FieldWork Data Processing\Data\S2\ACOLITE\2025-06-30,79,869,860,342655.0,2201285.0,0.15280044078826904,0.22133536636829376,0.298349529504776,0.35631969571113586,0.3809293806552887,0.40581652522087097,0.43269744515419006,0.43386223912239075,0.45187342166900635,0.4311351478099823,0.3237384557723999
2025-06-30,Arel,ACOLITE,S2B_MSI_2025_06_30_11_45_58_T28QCH_L2W,C:\Users\Simon\Nextcloud\Project\Mauritania\Science\Arguin - FieldWork Data Processing\Data\S2\ACOLITE\2025-06-30,80,869,861,342665.0,2201285.0,0.15358634293079376,0.21859626471996307,0.2924976050853729,0.3549451231956482,0.37566477060317993,0.4064846336841583,0.42918166518211365,0.4333503544330597,0.45600348711013794,0.4283789098262787,0.31657809019088745
2025-06-30,Arel,ACOLITE,S2B_MSI_2025_06_30_11_45_58_T28QCH_L2W,C:\Users\Simon\Nextcloud\Project\Mauritania\Science\Arguin - FieldWork Data Processing\Data\S2\ACOLITE\2025-06-30,81,869,862,342675.0,2201285.0,0.15358562767505646,0.2189408391714096,0.2936108410358429,0.35522642731666565,0.37567031383514404,0.4064907729625702,0.4291881024837494,0.4332270920276642,0.4560100734233856,0.4283824563026428,0.3165811002254486
2025-06-30,Arel,ACOLITE,S2B_MSI_2025_06_30_11_45_58_T28QCH_L2W,C:\Users\Simon\Nextcloud\Project\Mauritania\Science\Arguin - FieldWork Data Processing\Data\S2\ACOLITE\2025-06-30,82,869,863,342685.0,2201285.0,0.15358494222164154,0.21928542852401733,0.2978884279727936,0.3573012053966522,0.377163290977478,0.406232088804245,0.4319624900817871,0.4351765215396881,0.4611048400402069,0.4321805536746979,0.31852707266807556
2025-06-30,Arel,ACOLITE,S2B_MSI_2025_06_30_11_45_58_T28QCH_L2W,C:\Users\Simon\Nextcloud\Project\Mauritania\Science\Arguin - FieldWork Data Processing\Data\S2\ACOLITE\2025-06-30,83,869,864,342695.0,2201285.0,0.15358421206474304,0.21860159933567047,0.2940945625305176,0.35399457812309265,0.3771688640117645,0.4062381982803345,0.4319689869880676,0.4355713725090027,0.46111151576042175,0.4321841299533844,0.3185301423072815
2025-06-30,Arel,ACOLITE,S2B_MSI_2025_06_30_11_45_58_T28QCH_L2W,C:\Users\Simon\Nextcloud\Project\Mauritania\Science\Arguin - FieldWork Data Processing\Data\S2\ACOLITE\2025-06-30,84,869,865,342705.0,2201285.0,0.15358351171016693,0.21705979108810425,0.29584047198295593,0.35551831126213074,0.38365721702575684,0.4108756184577942,0.4416469931602478,0.4372609257698059,0.46366000175476074,0.4473518431186676,0.3377094566822052
2025-06-30,Arel,ACOLITE,S2B_MSI_2025_06_30_11_45_58_T28QCH_L2W,C:\Users\Simon\Nextcloud\Project\Mauritania\Science\Arguin - FieldWork Data Processing\Data\S2\ACOLITE\2025-06-30,85,869,866,342715.0,2201285.0,0.15358279645442963,0.22049029171466827,0.295369952917099,0.3611766993999481,0.3836629390716553,0.41088181734085083,0.4416537284851074,0.4411488175392151,0.463666707277298,0.44735556840896606,0.33771270513534546
2025-06-30,Arel,ACOLITE,S2B_MSI_2025_06_30_11_45_58_T28QCH_L2W,C:\Users\Simon\Nextcloud\Project\Mauritania\Science\Arguin - FieldWork Data Processing\Data\S2\ACOLITE\2025-06-30,86,869,867,342725.0,2201285.0,0.12943781912326813,0.2172347903251648,0.29664045572280884,0.36090660095214844,0.3836686611175537,0.4159093201160431,0.4421621263027191,0.4443870186805725,0.4640364646911621,0.4502287209033966,0.34220385551452637
2025-06-30,Arel,ACOLITE,S2B_MSI_2025_06_30_11_45_58_T28QCH_L2W,C:\Users\Simon\Nextcloud\Project\Mauritania\Science\Arguin - FieldWork Data Processing\Data\S2\ACOLITE\2025-06-30,87,869,868,342735.0,2201285.0,0.12943598628044128,0.21706494688987732,0.30154547095298767,0.35498204827308655,0.38367438316345215,0.4159156382083893,0.44216886162757874,0.4383155107498169,0.46404317021369934,0.45023247599601746,0.3422071933746338
2025-06-30,Arel,ACOLITE,S2B_MSI_2025_06_30_11_45_58_T28QCH_L2W,C:\Users\Simon\Nextcloud\Project\Mauritania\Science\Arguin - FieldWork Data Processing\Data\S2\ACOLITE\2025-06-30,88,869,869,342745.0,2201285.0,0.12943416833877563,0.21809598803520203,0.3006022274494171,0.3570573031902313,0.3761148154735565,0.4053416848182678,0.4338878393173218,0.43922778964042664,0.4570258557796478,0.4387531876564026,0.3349320590496063
2025-06-30,Arel,ACOLITE,S2B_MSI_2025_06_30_11_45_58_T28QCH_L2W,C:\Users\Simon\Nextcloud\Project\Mauritania\Science\Arguin - FieldWork Data Processing\Data\S2\ACOLITE\2025-06-30,89,869,870,342755.0,2201285.0,0.12943238019943237,0.21380549669265747,0.29918429255485535,0.3583039939403534,0.37612035870552063,0.4053477942943573,0.4338943660259247,0.441433310508728,0.4570324420928955,0.4387568235397339,0.3349352777004242
2025-06-30,Arel,ACOLITE,S2B_MSI_2025_06_30_11_45_58_T28QCH_L2W,C:\Users\Simon\Nextcloud\Project\Mauritania\Science\Arguin - FieldWork Data Processing\Data\S2\ACOLITE\2025-06-30,90,870,846,342515.0,2201275.0,0.1571296900510788,0.2141113430261612,0.29132771492004395,0.34768638014793396,0.37233880162239075,0.3959248661994934,0.4253123104572296,0.42288365960121155,0.44085413217544556,0.4191248416900635,0.3144703209400177
2025-06-30,Arel,ACOLITE,S2B_MSI_2025_06_30_11_45_58_T28QCH_L2W,C:\Users\Simon\Nextcloud\Project\Mauritania\Science\Arguin - FieldWork Data Processing\Data\S2\ACOLITE\2025-06-30,91,870,847,342525.0,2201275.0,0.15712913870811462,0.2177153378725052,0.29244092106819153,0.35100889205932617,0.3745090067386627,0.4030923545360565,0.4309822916984558,0.42327940464019775,0.4498516917228699,0.42936667799949646,0.3233359456062317
2025-06-30,Arel,ACOLITE,S2B_MSI_2025_06_30_11_45_58_T28QCH_L2W,C:\Users\Simon\Nextcloud\Project\Mauritania\Science\Arguin - FieldWork Data Processing\Data\S2\ACOLITE\2025-06-30,92,870,848,342535.0,2201275.0,0.15712861716747284,0.20964600145816803,0.2897508144378662,0.34658995270729065,0.37451449036598206,0.4030984044075012,0.43098875880241394,0.4230257570743561,0.4498581290245056,0.4293701946735382,0.3233390748500824
2025-06-30,Arel,ACOLITE,S2B_MSI_2025_06_30_11_45_58_T28QCH_L2W,C:\Users\Simon\Nextcloud\Project\Mauritania\Science\Arguin - FieldWork Data Processing\Data\S2\ACOLITE\2025-06-30,93,870,849,342545.0,2201275.0,0.17334163188934326,0.2170330435037613,0.29292452335357666,0.35226237773895264,0.3842436373233795,0.4130263924598694,0.4350174367427826,0.4258881211280823,0.4605315923690796,0.4360404908657074,0.3244345784187317
2025-06-30,Arel,ACOLITE,S2B_MSI_2025_06_30_11_45_58_T28QCH_L2W,C:\Users\Simon\Nextcloud\Project\Mauritania\Science\Arguin - FieldWork Data Processing\Data\S2\ACOLITE\2025-06-30,94,870,850,342555.0,2201275.0,0.1733417958021164,0.2254207283258438,0.3076151907444,0.36879435181617737,0.38424935936927795,0.4130326807498932,0.4350239932537079,0.44440966844558716,0.46053823828697205,0.4360440969467163,0.32443767786026
2025-06-30,Arel,ACOLITE,S2B_MSI_2025_06_30_11_45_58_T28QCH_L2W,C:\Users\Simon\Nextcloud\Project\Mauritania\Science\Arguin - FieldWork Data Processing\Data\S2\ACOLITE\2025-06-30,95,870,851,342565.0,2201275.0,0.17334195971488953,0.23037081956863403,0.3128106892108917,0.3733290433883667,0.39193230867385864,0.41581201553344727,0.4446909427642822,0.4438994228839874,0.4662308692932129,0.44890907406806946,0.33936411142349243
2025-06-30,Arel,ACOLITE,S2B_MSI_2025_06_30_11_45_58_T28QCH_L2W,C:\Users\Simon\Nextcloud\Project\Mauritania\Science\Arguin - FieldWork Data Processing\Data\S2\ACOLITE\2025-06-30,96,870,852,342575.0,2201275.0,0.17334215342998505,0.22662022709846497,0.30368489027023315,0.3663322329521179,0.3919382095336914,0.41581833362579346,0.4446977376937866,0.44157975912094116,0.4662376046180725,0.4489127993583679,0.3393673598766327
2025-06-30,Arel,ACOLITE,S2B_MSI_2025_06_30_11_45_58_T28QCH_L2W,C:\Users\Simon\Nextcloud\Project\Mauritania\Science\Arguin - FieldWork Data Processing\Data\S2\ACOLITE\2025-06-30,97,870,853,342585.0,2201275.0,0.17334233224391937,0.21669691801071167,0.29484161734580994,0.3584918975830078,0.3815682828426361,0.4122587740421295,0.4341641962528229,0.43796491622924805,0.46152663230895996,0.4492608606815338,0.346767395734787
2025-06-30,Arel,ACOLITE,S2B_MSI_2025_06_30_11_45_58_T28QCH_L2W,C:\Users\Simon\Nextcloud\Project\Mauritania\Science\Arguin - FieldWork Data Processing\Data\S2\ACOLITE\2025-06-30,98,870,854,342595.0,2201275.0,0.1733424961566925,0.2127498984336853,0.2946875989437103,0.3587729036808014,0.38157394528388977,0.41226500272750854,0.43417075276374817,0.4317553639411926,0.4615333378314972,0.4492645859718323,0.3467707335948944
2025-06-30,Arel,ACOLITE,S2B_MSI_2025_06_30_11_45_58_T28QCH_L2W,C:\Users\Simon\Nextcloud\Project\Mauritania\Science\Arguin - FieldWork Data Processing\Data\S2\ACOLITE\2025-06-30,99,870,855,342605.0,2201275.0,0.17878316342830658,0.21034428477287292,0.2921577990055084,0.35643434524536133,0.38630035519599915,0.4112139046192169,0.4369409680366516,0.43681296706199646,0.462871253490448,0.44548049569129944,0.33998358249664307
2025-06-30,Arel,ACOLITE,S2B_MSI_2025_06_30_11_45_58_T28QCH_L2W,C:\Users\Simon\Nextcloud\Project\Mauritania\Science\Arguin - FieldWork Data Processing\Data\S2\ACOLITE\2025-06-30,100,870,856,342615.0,2201275.0,0.17878358066082,0.21309666335582733,0.29453787207603455,0.35850799083709717,0.38630613684654236,0.41122016310691833,0.4369475841522217,0.43643099069595337,0.46287795901298523,0.4454841911792755,0.3399868309497833
2025-06-30,Arel,ACOLITE,S2B_MSI_2025_06_30_11_45_58_T28QCH_L2W,C:\Users\Simon\Nextcloud\Project\Mauritania\Science\Arguin - FieldWork Data Processing\Data\S2\ACOLITE\2025-06-30,101,870,857,342625.0,2201275.0,0.17878398299217224,0.22269956767559052,0.30118271708488464,0.3651224970817566,0.38792887330055237,0.4176976680755615,0.44410499930381775,0.4399310350418091,0.4678429067134857,0.44204312562942505,0.33525949716567993
2025-06-30,Arel,ACOLITE,S2B_MSI_2025_06_30_11_45_58_T28QCH_L2W,C:\Users\Simon\Nextcloud\Project\Mauritania\Science\Arguin - FieldWork Data Processing\Data\S2\ACOLITE\2025-06-30,102,870,858,342635.0,2201275.0,0.17878440022468567,0.22902221977710724,0.3067077696323395,0.3696634769439697,0.38793474435806274,0.4177040457725525,0.44411176443099976,0.4400668144226074,0.4678497016429901,0.44204679131507874,0.3352627158164978
2025-06-30,Arel,ACOLITE,S2B_MSI_2025_06_30_11_45_58_T28QCH_L2W,C:\Users\Simon\Nextcloud\Project\Mauritania\Science\Arguin - FieldWork Data Processing\Data\S2\ACOLITE\2025-06-30,103,870,859,342645.0,2201275.0,0.1787848323583603,0.2235586792230606,0.30639728903770447,0.3644457459449768,0.3841661214828491,0.4125605821609497,0.4401056468486786,0.4405905604362488,0.46265602111816406,0.4390639364719391,0.32507264614105225
2025-06-30,Arel,ACOLITE,S2B_MSI_2025_06_30_11_45_58_T28QCH_L2W,C:\Users\Simon\Nextcloud\Project\Mauritania\Science\Arguin - FieldWork Data Processing\Data\S2\ACOLITE\2025-06-30,104,870,860,342655.0,2201275.0,0.17878523468971252,0.22373166680335999,0.29851028323173523,0.36211147904396057,0.38417184352874756,0.4125668704509735,0.44011232256889343,0.4363269805908203,0.4626627564430237,0.4390675723552704,0.32507577538490295
2025-06-30,Arel,ACOLITE,S2B_MSI_2025_06_30_11_45_58_T28QCH_L2W,C:\Users\Simon\Nextcloud\Project\Mauritania\Science\Arguin - FieldWork Data Processing\Data\S2\ACOLITE\2025-06-30,105,870,861,342665.0,2201275.0,0.1822759509086609,0.22202280163764954,0.2940842807292938,0.35756969451904297,0.3791827857494354,0.40966445207595825,0.4350963532924652,0.43594494462013245,0.4609747529029846,0.43068116903305054,0.31220778822898865
2025-06-30,Arel,ACOLITE,S2B_MSI_2025_06_30_11_45_58_T28QCH_L2W,C:\Users\Simon\Nextcloud\Project\Mauritania\Science\Arguin - FieldWork Data Processing\Data\S2\ACOLITE\2025-06-30,106,870,862,342675.0,2201275.0,0.18227653205394745,0.21877020597457886,0.29393020272254944,0.35495367646217346,0.3791883885860443,0.4096706807613373,0.4351029396057129,0.43349024653434753,0.46098145842552185,0.43068474531173706,0.3122107684612274
2025-06-30,Arel,ACOLITE,S2B_MSI_2025_06_30_11_45_58_T28QCH_L2W,C:\Users\Simon\Nextcloud\Project\Mauritania\Science\Arguin - FieldWork Data Processing\Data\S2\ACOLITE\2025-06-30,107,870,863,342685.0,2201275.0,0.18227709829807281,0.22185541689395905,0.29583439230918884,0.355925053358078,0.3806798458099365,0.41258567571640015,0.43875178694725037,0.4359576106071472,0.46280384063720703,0.4303433299064636,0.3082048296928406
2025-06-30,Arel,ACOLITE,S2B_MSI_2025_06_30_11_45_58_T28QCH_L2W,C:\Users\Simon\Nextcloud\Project\Mauritania\Science\Arguin - FieldWork Data Processing\Data\S2\ACOLITE\2025-06-30,108,870,864,342695.0,2201275.0,0.18227766454219818,0.22356851398944855,0.29662996530532837,0.35730990767478943,0.3806854784488678,0.4125919044017792,0.4387584328651428,0.4373880624771118,0.4628105163574219,0.43034690618515015,0.30820778012275696
2025-06-30,Arel,ACOLITE,S2B_MSI_2025_06_30_11_45_58_T28QCH_L2W,C:\Users\Simon\Nextcloud\Project\Mauritania\Science\Arguin - FieldWork Data Processing\Data\S2\ACOLITE\2025-06-30,109,870,865,342705.0,2201275.0,0.18227826058864594,0.22168803215026855,0.299164742231369,0.35676345229148865,0.38352593779563904,0.4149763286113739,0.4410240352153778,0.43998250365257263,0.46838074922561646,0.4367877244949341,0.31307002902030945
2025-06-30,Arel,ACOLITE,S2B_MSI_2025_06_30_11_45_58_T28QCH_L2W,C:\Users\Simon\Nextcloud\Project\Mauritania\Science\Arguin - FieldWork Data Processing\Data\S2\ACOLITE\2025-06-30,110,870,866,342715.0,2201275.0,0.1822788268327713,0.21843445301055908,0.2972715497016907,0.3593888282775879,0.3835316598415375,0.4149826169013977,0.44103074073791504,0.44102370738983154,0.46838754415512085,0.4367913603782654,0.3130730390548706
2025-06-30,Arel,ACOLITE,S2B_MSI_2025_06_30_11_45_58_T28QCH_L2W,C:\Users\Simon\Nextcloud\Project\Mauritania\Science\Arguin - FieldWork Data Processing\Data\S2\ACOLITE\2025-06-30,111,870,867,342725.0,2201275.0,0.1741233468055725,0.22323225438594818,0.3021753132343292,0.36270052194595337,0.38583043217658997,0.4210590124130249,0.44667884707450867,0.44400355219841003,0.4698445200920105,0.4395526051521301,0.3221839964389801
2025-06-30,Arel,ACOLITE,S2B_MSI_2025_06_30_11_45_58_T28QCH_L2W,C:\Users\Simon\Nextcloud\Project\Mauritania\Science\Arguin - FieldWork Data Processing\Data\S2\ACOLITE\2025-06-30,112,870,868,342735.0,2201275.0,0.17412355542182922,0.2211800068616867,0.2979130744934082,0.36050212383270264,0.3858362138271332,0.42106544971466064,0.44668570160865784,0.4418124854564667,0.4698513150215149,0.4395562708377838,0.32218706607818604
2025-06-30,Arel,ACOLITE,S2B_MSI_2025_06_30_11_45_58_T28QCH_L2W,C:\Users\Simon\Nextcloud\Project\Mauritania\Science\Arguin - FieldWork Data Processing\Data\S2\ACOLITE\2025-06-30,113,870,869,342745.0,2201275.0,0.17412379384040833,0.21981126070022583,0.2991825342178345,0.35871565341949463,0.37909260392189026,0.41262322664260864,0.4395449757575989,0.4401376247406006,0.4606648087501526,0.43507829308509827,0.316604346036911
2025-06-30,Arel,ACOLITE,S2B_MSI_2025_06_30_11_45_58_T28QCH_L2W,C:\Users\Simon\Nextcloud\Project\Mauritania\Science\Arguin - FieldWork Data Processing\Data\S2\ACOLITE\2025-06-30,114,870,870,342755.0,2201275.0,0.17412398755550385,0.22323812544345856,0.2964979112148285,0.3549959361553192,0.37909820675849915,0.41262951493263245,0.4395516514778137,0.4374263882637024,0.46067145466804504,0.4350818693637848,0.31660738587379456
2025-06-30,Arel,ACOLITE,S2B_MSI_2025_06_30_11_45_58_T28QCH_L2W,C:\Users\Simon\Nextcloud\Project\Mauritania\Science\Arguin - FieldWork Data Processing\Data\S2\ACOLITE\2025-06-30,115,871,845,342505.0,2201265.0,0.15712931752204895,0.2043028175830841,0.2862500846385956,0.34879064559936523,0.372336745262146,0.3959226608276367,0.425309956073761,0.4200231432914734,0.4408518671989441,0.41912367939949036,0.31446927785873413
2025-06-30,Arel,ACOLITE,S2B_MSI_2025_06_30_11_45_58_T28QCH_L2W,C:\Users\Simon\Nextcloud\Project\Mauritania\Science\Arguin - FieldWork Data Processing\Data\S2\ACOLITE\2025-06-30,116,871,846,342515.0,2201265.0,0.15712879598140717,0.22421766817569733,0.3011358380317688,0.35707929730415344,0.37234219908714294,0.3959285318851471,0.42531633377075195,0.4324865937232971,0.4408581256866455,0.41912710666656494,0.3144722878932953
2025-06-30,Arel,ACOLITE,S2B_MSI_2025_06_30_11_45_58_T28QCH_L2W,C:\Users\Simon\Nextcloud\Project\Mauritania\Science\Arguin - FieldWork Data Processing\Data\S2\ACOLITE\2025-06-30,117,871,847,342525.0,2201265.0,0.1571282297372818,0.22524473071098328,0.3017716705799103,0.3574981987476349,0.3745124042034149,0.40309616923332214,0.4309863746166229,0.4322337508201599,0.4498558044433594,0.4293690323829651,0.32333800196647644
2025-06-30,Arel,ACOLITE,S2B_MSI_2025_06_30_11_45_58_T28QCH_L2W,C:\Users\Simon\Nextcloud\Project\Mauritania\Science\Arguin - FieldWork Data Processing\Data\S2\ACOLITE\2025-06-30,118,871,848,342535.0,2201265.0,0.15712767839431763,0.21239760518074036,0.2916554808616638,0.351431667804718,0.37451791763305664,0.40310221910476685,0.43099287152290344,0.42679423093795776,0.4498622715473175,0.42937254905700684,0.32334110140800476
2025-06-30,Arel,ACOLITE,S2B_MSI_2025_06_30_11_45_58_T28QCH_L2W,C:\Users\Simon\Nextcloud\Project\Mauritania\Science\Arguin - FieldWork Data Processing\Data\S2\ACOLITE\2025-06-30,119,871,849,342545.0,2201265.0,0.17334118485450745,0.22114518284797668,0.29735782742500305,0.3590249717235565,0.3842472434043884,0.41303038597106934,0.4350215792655945,0.4331532418727875,0.46053582429885864,0.4360429048538208,0.32443657517433167
2025-06-30,Arel,ACOLITE,S2B_MSI_2025_06_30_11_45_58_T28QCH_L2W,C:\Users\Simon\Nextcloud\Project\Mauritania\Science\Arguin - FieldWork Data Processing\Data\S2\ACOLITE\2025-06-30,120,871,850,342555.0,2201265.0,0.17334134876728058,0.22849416732788086,0.3146935701370239,0.3715435266494751,0.38425296545028687,0.41303661465644836,0.43502819538116455,0.44493046402931213,0.4605425000190735,0.4360464811325073,0.3244397044181824
2025-06-30,Arel,ACOLITE,S2B_MSI_2025_06_30_11_45_58_T28QCH_L2W,C:\Users\Simon\Nextcloud\Project\Mauritania\Science\Arguin - FieldWork Data Processing\Data\S2\ACOLITE\2025-06-30,121,871,851,342565.0,2201265.0,0.1733415275812149,0.23632879555225372,0.3203447163105011,0.3766222298145294,0.3919360041618347,0.4158160090446472,0.44469526410102844,0.4476483166217804,0.4662351906299591,0.44891157746315,0.33936625719070435
2025-06-30,Arel,ACOLITE,S2B_MSI_2025_06_30_11_45_58_T28QCH_L2W,C:\Users\Simon\Nextcloud\Project\Mauritania\Science\Arguin - FieldWork Data Processing\Data\S2\ACOLITE\2025-06-30,122,871,852,342575.0,2201265.0,0.17334170639514923,0.22849848866462708,0.3054218888282776,0.3715549409389496,0.3919419050216675,0.4158223569393158,0.44470202922821045,0.44546008110046387,0.4662419259548187,0.4489152729511261,0.3393695056438446
2025-06-30,Arel,ACOLITE,S2B_MSI_2025_06_30_11_45_58_T28QCH_L2W,C:\Users\Simon\Nextcloud\Project\Mauritania\Science\Arguin - FieldWork Data Processing\Data\S2\ACOLITE\2025-06-30,123,871,853,342585.0,2201265.0,0.17334190011024475,0.2185835838317871,0.297375351190567,0.3604242503643036,0.38157179951667786,0.4122627377510071,0.43416836857795715,0.4391333758831024,0.4615309536457062,0.449263334274292,0.3467696011066437
2025-06-30,Arel,ACOLITE,S2B_MSI_2025_06_30_11_45_58_T28QCH_L2W,C:\Users\Simon\Nextcloud\Project\Mauritania\Science\Arguin - FieldWork Data Processing\Data\S2\ACOLITE\2025-06-30,124,871,854,342595.0,2201265.0,0.17334206402301788,0.21704235672950745,0.2950066924095154,0.3620820939540863,0.3815775215625763,0.4122689664363861,0.43417495489120483,0.4360339343547821,0.46153759956359863,0.44926708936691284,0.3467729389667511
2025-06-30,Arel,ACOLITE,S2B_MSI_2025_06_30_11_45_58_T28QCH_L2W,C:\Users\Simon\Nextcloud\Project\Mauritania\Science\Arguin - FieldWork Data Processing\Data\S2\ACOLITE\2025-06-30,125,871,855,342605.0,2201265.0,0.1787828803062439,0.21378293633460999,0.2999129295349121,0.3613991141319275,0.38630399107933044,0.4112178683280945,0.43694519996643066,0.44082751870155334,0.4628755450248718,0.4454829692840576,0.339985728263855
2025-06-30,Arel,ACOLITE,S2B_MSI_2025_06_30_11_45_58_T28QCH_L2W,C:\Users\Simon\Nextcloud\Project\Mauritania\Science\Arguin - FieldWork Data Processing\Data\S2\ACOLITE\2025-06-30,126,871,856,342615.0,2201265.0,0.17878328263759613,0.218931645154953,0.29991742968559265,0.36305665969848633,0.38630977272987366,0.4112240970134735,0.43695181608200073,0.4430316090583801,0.46288228034973145,0.4454866647720337,0.3399890065193176
2025-06-30,Arel,ACOLITE,S2B_MSI_2025_06_30_11_45_58_T28QCH_L2W,C:\Users\Simon\Nextcloud\Project\Mauritania\Science\Arguin - FieldWork Data Processing\Data\S2\ACOLITE\2025-06-30,127,871,857,342625.0,2201265.0,0.17878369987010956,0.22714388370513916,0.30497220158576965,0.37240681052207947,0.38793253898620605,0.41770172119140625,0.44410935044288635,0.4442010521888733,0.4678472578525543,0.44204556941986084,0.33526161313056946
2025-06-30,Arel,ACOLITE,S2B_MSI_2025_06_30_11_45_58_T28QCH_L2W,C:\Users\Simon\Nextcloud\Project\Mauritania\Science\Arguin - FieldWork Data Processing\Data\S2\ACOLITE\2025-06-30,128,871,858,342635.0,2201265.0,0.17878411710262299,0.22902323305606842,0.307025671005249,0.3726869523525238,0.38793838024139404,0.41770806908607483,0.44411608576774597,0.44058823585510254,0.4678540825843811,0.4420492351055145,0.33526483178138733
2025-06-30,Arel,ACOLITE,S2B_MSI_2025_06_30_11_45_58_T28QCH_L2W,C:\Users\Simon\Nextcloud\Project\Mauritania\Science\Arguin - FieldWork Data Processing\Data\S2\ACOLITE\2025-06-30,129,871,859,342645.0,2201265.0,0.1787845343351364,0.22458548843860626,0.30813291668891907,0.36774933338165283,0.38416972756385803,0.41256457567214966,0.44010990858078003,0.44318029284477234,0.46266037225723267,0.4390663802623749,0.325074702501297
2025-06-30,Arel,ACOLITE,S2B_MSI_2025_06_30_11_45_58_T28QCH_L2W,C:\Users\Simon\Nextcloud\Project\Mauritania\Science\Arguin - FieldWork Data Processing\Data\S2\ACOLITE\2025-06-30,130,871,860,342655.0,2201265.0,0.17878496646881104,0.2215082347393036,0.30230408906936646,0.3589463531970978,0.38417544960975647,0.4125708341598511,0.44011661410331726,0.43801379203796387,0.4626670479774475,0.4390700161457062,0.3250778317451477
2025-06-30,Arel,ACOLITE,S2B_MSI_2025_06_30_11_45_58_T28QCH_L2W,C:\Users\Simon\Nextcloud\Project\Mauritania\Science\Arguin - FieldWork Data Processing\Data\S2\ACOLITE\2025-06-30,131,871,861,342665.0,2201265.0,0.18227577209472656,0.21911200881004333,0.2944035530090332,0.3564695715904236,0.3791863024234772,0.4096684157848358,0.43510058522224426,0.4377613365650177,0.46097907423973083,0.43068355321884155,0.31220975518226624
2025-06-30,Arel,ACOLITE,S2B_MSI_2025_06_30_11_45_58_T28QCH_L2W,C:\Users\Simon\Nextcloud\Project\Mauritania\Science\Arguin - FieldWork Data Processing\Data\S2\ACOLITE\2025-06-30,132,871,862,342675.0,2201265.0,0.18227635324001312,0.2168845385313034,0.2966238260269165,0.3542667627334595,0.37919190526008606,0.40967464447021484,0.43510717153549194,0.43453073501586914,0.4609857201576233,0.4306871294975281,0.312212735414505
2025-06-30,Arel,ACOLITE,S2B_MSI_2025_06_30_11_45_58_T28QCH_L2W,C:\Users\Simon\Nextcloud\Project\Mauritania\Science\Arguin - FieldWork Data Processing\Data\S2\ACOLITE\2025-06-30,133,871,863,342685.0,2201265.0,0.1822769194841385,0.22459354996681213,0.30168622732162476,0.3618558943271637,0.38068339228630066,0.4125896394252777,0.4387560784816742,0.4424307644367218,0.46280816197395325,0.430345743894577,0.3082067668437958
2025-06-30,Arel,ACOLITE,S2B_MSI_2025_06_30_11_45_58_T28QCH_L2W,C:\Users\Simon\Nextcloud\Project\Mauritania\Science\Arguin - FieldWork Data Processing\Data\S2\ACOLITE\2025-06-30,134,871,864,342695.0,2201265.0,0.18227748572826385,0.22835370898246765,0.3046891689300537,0.3628252148628235,0.3806890547275543,0.4125958979129791,0.43876272439956665,0.44075629115104675,0.46281489729881287,0.43034929037094116,0.30820971727371216
2025-06-30,Arel,ACOLITE,S2B_MSI_2025_06_30_11_45_58_T28QCH_L2W,C:\Users\Simon\Nextcloud\Project\Mauritania\Science\Arguin - FieldWork Data Processing\Data\S2\ACOLITE\2025-06-30,135,871,865,342705.0,2201265.0,0.18227805197238922,0.22511041164398193,0.3024846911430359,0.3610403537750244,0.38352954387664795,0.41498035192489624,0.4410283863544464,0.44515761733055115,0.46838515996932983,0.4367901682853699,0.3130720257759094
2025-06-30,Arel,ACOLITE,S2B_MSI_2025_06_30_11_45_58_T28QCH_L2W,C:\Users\Simon\Nextcloud\Project\Mauritania\Science\Arguin - FieldWork Data Processing\Data\S2\ACOLITE\2025-06-30,136,871,866,342715.0,2201265.0,0.18227864801883698,0.22545431554317474,0.3037518560886383,0.36366212368011475,0.3835352659225464,0.41498667001724243,0.44103509187698364,0.44089850783348083,0.4683919847011566,0.4367937743663788,0.3130750060081482
2025-06-30,Arel,ACOLITE,S2B_MSI_2025_06_30_11_45_58_T28QCH_L2W,C:\Users\Simon\Nextcloud\Project\Mauritania\Science\Arguin - FieldWork Data Processing\Data\S2\ACOLITE\2025-06-30,137,871,867,342725.0,2201265.0,0.17412294447422028,0.22921347618103027,0.3094305098056793,0.36628177762031555,0.38583409786224365,0.4210631549358368,0.44668325781822205,0.4442662298679352,0.4698489308357239,0.4395550787448883,0.32218602299690247
2025-06-30,Arel,ACOLITE,S2B_MSI_2025_06_30_11_45_58_T28QCH_L2W,C:\Users\Simon\Nextcloud\Project\Mauritania\Science\Arguin - FieldWork Data Processing\Data\S2\ACOLITE\2025-06-30,138,871,868,342735.0,2201265.0,0.174123153090477,0.2283623218536377,0.3028141260147095,0.36463651061058044,0.3858398497104645,0.42106959223747253,0.44669008255004883,0.44582313299179077,0.46985575556755066,0.4395587146282196,0.3221891224384308
2025-06-30,Arel,ACOLITE,S2B_MSI_2025_06_30_11_45_58_T28QCH_L2W,C:\Users\Simon\Nextcloud\Project\Mauritania\Science\Arguin - FieldWork Data Processing\Data\S2\ACOLITE\2025-06-30,139,871,869,342745.0,2201265.0,0.1741233468055725,0.22648583352565765,0.30139750242233276,0.3627149164676666,0.3790961503982544,0.412627249956131,0.4395492672920227,0.44169384241104126,0.4606691598892212,0.43508070707321167,0.3166063725948334
2025-06-30,Arel,ACOLITE,S2B_MSI_2025_06_30_11_45_58_T28QCH_L2W,C:\Users\Simon\Nextcloud\Project\Mauritania\Science\Arguin - FieldWork Data Processing\Data\S2\ACOLITE\2025-06-30,140,871,870,342755.0,2201265.0,0.17412355542182922,0.2239234298467636,0.3004540801048279,0.3527895510196686,0.3791017532348633,0.4126335382461548,0.43955594301223755,0.4301740825176239,0.46067577600479126,0.4350843131542206,0.3166094124317169
2025-06-30,Arel,ACOLITE,S2B_MSI_2025_06_30_11_45_58_T28QCH_L2W,C:\Users\Simon\Nextcloud\Project\Mauritania\Science\Arguin - FieldWork Data Processing\Data\S2\ACOLITE\2025-06-30,141,871,871,342765.0,2201265.0,0.17412376403808594,0.22015845775604248,0.2991940975189209,0.3503068685531616,0.37870192527770996,0.4109209179878235,0.4440787732601166,0.43212535977363586,0.46588677167892456,0.43347862362861633,0.30968838930130005
2025-06-30,Arel,ACOLITE,S2B_MSI_2025_06_30_11_45_58_T28QCH_L2W,C:\Users\Simon\Nextcloud\Project\Mauritania\Science\Arguin - FieldWork Data Processing\Data\S2\ACOLITE\2025-06-30,142,872,843,342485.0,2201255.0,0.15712951123714447,0.2055075317621231,0.282748818397522,0.3453254997730255,0.3670468032360077,0.39591455459594727,0.42252928018569946,0.4176747798919678,0.4457055926322937,0.41911906003952026,0.3170150816440582
2025-06-30,Arel,ACOLITE,S2B_MSI_2025_06_30_11_45_58_T28QCH_L2W,C:\Users\Simon\Nextcloud\Project\Mauritania\Science\Arguin - FieldWork Data Processing\Data\S2\ACOLITE\2025-06-30,143,872,844,342495.0,2201255.0,0.1571289598941803,0.20395706593990326,0.282593697309494,0.34020525217056274,0.3670521378517151,0.39592045545578003,0.42253562808036804,0.4209306240081787,0.44571197032928467,0.41912248730659485,0.3170181214809418
2025-06-30,Arel,ACOLITE,S2B_MSI_2025_06_30_11_45_58_T28QCH_L2W,C:\Users\Simon\Nextcloud\Project\Mauritania\Science\Arguin - FieldWork Data Processing\Data\S2\ACOLITE\2025-06-30,144,872,845,342505.0,2201255.0,0.15712840855121613,0.20378577709197998,0.2854583263397217,0.34644263982772827,0.3763977289199829,0.4079860746860504,0.4292164742946625,0.42132648825645447,0.45300135016441345,0.4268344044685364,0.3196921646595001
2025-06-30,Arel,ACOLITE,S2B_MSI_2025_06_30_11_45_58_T28QCH_L2W,C:\Users\Simon\Nextcloud\Project\Mauritania\Science\Arguin - FieldWork Data Processing\Data\S2\ACOLITE\2025-06-30,145,872,846,342515.0,2201255.0,0.15712785720825195,0.2199421525001526,0.30082276463508606,0.3597009778022766,0.376403272151947,0.40799224376678467,0.4292229413986206,0.4330087900161743,0.45300787687301636,0.4268379509449005,0.31969523429870605
2025-06-30,Arel,ACOLITE,S2B_MSI_2025_06_30_11_45_58_T28QCH_L2W,C:\Users\Simon\Nextcloud\Project\Mauritania\Science\Arguin - FieldWork Data Processing\Data\S2\ACOLITE\2025-06-30,146,872,847,342525.0,2201255.0,0.15712730586528778,0.2218267023563385,0.3019321858882904,0.36080819368362427,0.37843582034111023,0.4076014757156372,0.43438446521759033,0.43223777413368225,0.455802857875824,0.43396955728530884,0.3274664580821991
2025-06-30,Arel,ACOLITE,S2B_MSI_2025_06_30_11_45_58_T28QCH_L2W,C:\Users\Simon\Nextcloud\Project\Mauritania\Science\Arguin - FieldWork Data Processing\Data\S2\ACOLITE\2025-06-30,147,872,848,342535.0,2201255.0,0.1571267545223236,0.2209729701280594,0.29656538367271423,0.3576446771621704,0.37844139337539673,0.40760764479637146,0.4343910217285156,0.42874401807785034,0.45580944418907166,0.43397316336631775,0.3274696171283722
2025-06-30,Arel,ACOLITE,S2B_MSI_2025_06_30_11_45_58_T28QCH_L2W,C:\Users\Simon\Nextcloud\Project\Mauritania\Science\Arguin - FieldWork Data Processing\Data\S2\ACOLITE\2025-06-30,148,872,849,342545.0,2201255.0,0.17334073781967163,0.22114601731300354,0.3011520206928253,0.35847708582878113,0.3799327313899994,0.4113166034221649,0.43753743171691895,0.43445250391960144,0.4612663984298706,0.440295934677124,0.3313557505607605
2025-06-30,Arel,ACOLITE,S2B_MSI_2025_06_30_11_45_58_T28QCH_L2W,C:\Users\Simon\Nextcloud\Project\Mauritania\Science\Arguin - FieldWork Data Processing\Data\S2\ACOLITE\2025-06-30,149,872,850,342555.0,2201255.0,0.17334093153476715,0.22525176405906677,0.3036811649799347,0.3664655089378357,0.3799383342266083,0.41132283210754395,0.437544047832489,0.4398942291736603,0.46127310395240784,0.4402995705604553,0.331358939409256
2025-06-30,Arel,ACOLITE,S2B_MSI_2025_06_30_11_45_58_T28QCH_L2W,C:\Users\Simon\Nextcloud\Project\Mauritania\Science\Arguin - FieldWork Data Processing\Data\S2\ACOLITE\2025-06-30,150,872,851,342565.0,2201255.0,0.17334109544754028,0.22286073863506317,0.304947167634964,0.3659211993217468,0.3854757249355316,0.4151599705219269,0.4406879246234894,0.4400300085544586,0.4656350016593933,0.44788113236427307,0.33876195549964905
2025-06-30,Arel,ACOLITE,S2B_MSI_2025_06_30_11_45_58_T28QCH_L2W,C:\Users\Simon\Nextcloud\Project\Mauritania\Science\Arguin - FieldWork Data Processing\Data\S2\ACOLITE\2025-06-30,151,872,852,342575.0,2201255.0,0.1733412742614746,0.216696634888649,0.29626649618148804,0.3624875843524933,0.38548147678375244,0.41516631841659546,0.4406946003437042,0.441717267036438,0.46564173698425293,0.4478848874568939,0.3387652337551117
2025-06-30,Arel,ACOLITE,S2B_MSI_2025_06_30_11_45_58_T28QCH_L2W,C:\Users\Simon\Nextcloud\Project\Mauritania\Science\Arguin - FieldWork Data Processing\Data\S2\ACOLITE\2025-06-30,152,872,853,342585.0,2201255.0,0.17334145307540894,0.2202974408864975,0.30290618538856506,0.36373165249824524,0.3892597258090973,0.4176802337169647,0.4432092308998108,0.4417237341403961,0.46722012758255005,0.45064282417297363,0.3450744152069092
2025-06-30,Arel,ACOLITE,S2B_MSI_2025_06_30_11_45_58_T28QCH_L2W,C:\Users\Simon\Nextcloud\Project\Mauritania\Science\Arguin - FieldWork Data Processing\Data\S2\ACOLITE\2025-06-30,153,872,854,342595.0,2201255.0,0.17334161698818207,0.22372162342071533,0.30354177951812744,0.37005987763404846,0.3892655670642853,0.4176866114139557,0.4432159662246704,0.44534823298454285,0.46722695231437683,0.45064660906791687,0.3450777232646942
2025-06-30,Arel,ACOLITE,S2B_MSI_2025_06_30_11_45_58_T28QCH_L2W,C:\Users\Simon\Nextcloud\Project\Mauritania\Science\Arguin - FieldWork Data Processing\Data\S2\ACOLITE\2025-06-30,154,872,855,342605.0,2201255.0,0.17878258228302002,0.22918829321861267,0.3112639784812927,0.3728105127811432,0.3941153287887573,0.42533671855926514,0.44873419404029846,0.44961458444595337,0.4735144376754761,0.4529450237751007,0.3421708345413208
2025-06-30,Arel,ACOLITE,S2B_MSI_2025_06_30_11_45_58_T28QCH_L2W,C:\Users\Simon\Nextcloud\Project\Mauritania\Science\Arguin - FieldWork Data Processing\Data\S2\ACOLITE\2025-06-30,155,872,856,342615.0,2201255.0,0.17878301441669464,0.2250930815935135,0.30701908469200134,0.36965927481651306,0.39412131905555725,0.42534324526786804,0.44874104857444763,0.45000824332237244,0.47352135181427,0.45294877886772156,0.34217414259910583
2025-06-30,Arel,ACOLITE,S2B_MSI_2025_06_30_11_45_58_T28QCH_L2W,C:\Users\Simon\Nextcloud\Project\Mauritania\Science\Arguin - FieldWork Data Processing\Data\S2\ACOLITE\2025-06-30,156,872,857,342625.0,2201255.0,0.17878341674804688,0.22833965718746185,0.3082837164402008,0.3718614876270294,0.3958747088909149,0.42429646849632263,0.44949883222579956,0.44795021414756775,0.47678565979003906,0.44962507486343384,0.3378111720085144
2025-06-30,Arel,ACOLITE,S2B_MSI_2025_06_30_11_45_58_T28QCH_L2W,C:\Users\Simon\Nextcloud\Project\Mauritania\Science\Arguin - FieldWork Data Processing\Data\S2\ACOLITE\2025-06-30,157,872,858,342635.0,2201255.0,0.1787838339805603,0.2264639139175415,0.30702847242355347,0.37063178420066833,0.3958807587623596,0.42430299520492554,0.4495057165622711,0.4464075267314911,0.4767926335334778,0.4496288001537323,0.33781445026397705
2025-06-30,Arel,ACOLITE,S2B_MSI_2025_06_30_11_45_58_T28QCH_L2W,C:\Users\Simon\Nextcloud\Project\Mauritania\Science\Arguin - FieldWork Data Processing\Data\S2\ACOLITE\2025-06-30,158,872,859,342645.0,2201255.0,0.17878426611423492,0.2232183814048767,0.3018287122249603,0.3674779534339905,0.39252522587776184,0.4166627526283264,0.44450318813323975,0.444218248128891,0.47197264432907104,0.4452705979347229,0.3272615373134613
2025-06-30,Arel,ACOLITE,S2B_MSI_2025_06_30_11_45_58_T28QCH_L2W,C:\Users\Simon\Nextcloud\Project\Mauritania\Science\Arguin - FieldWork Data Processing\Data\S2\ACOLITE\2025-06-30,159,872,860,342655.0,2201255.0,0.17878468334674835,0.2187681794166565,0.29835742712020874,0.3622560203075409,0.392531156539917,0.416669100522995,0.44451001286506653,0.4382767081260681,0.471979558467865,0.44527432322502136,0.3272646963596344
2025-06-30,Arel,ACOLITE,S2B_MSI_2025_06_30_11_45_58_T28QCH_L2W,C:\Users\Simon\Nextcloud\Project\Mauritania\Science\Arguin - FieldWork Data Processing\Data\S2\ACOLITE\2025-06-30,160,872,861,342665.0,2201255.0,0.18227559328079224,0.22168214619159698,0.3024692237377167,0.36129748821258545,0.3880942761898041,0.42010563611984253,0.4432632327079773,0.443068265914917,0.4707787334918976,0.4363185167312622,0.3124546408653259
2025-06-30,Arel,ACOLITE,S2B_MSI_2025_06_30_11_45_58_T28QCH_L2W,C:\Users\Simon\Nextcloud\Project\Mauritania\Science\Arguin - FieldWork Data Processing\Data\S2\ACOLITE\2025-06-30,161,872,862,342675.0,2201255.0,0.1822761595249176,0.2273261696100235,0.3065744936466217,0.3619915246963501,0.3881000876426697,0.42011207342147827,0.4432700276374817,0.443979412317276,0.47078558802604675,0.43632209300994873,0.3124576210975647
2025-06-30,Arel,ACOLITE,S2B_MSI_2025_06_30_11_45_58_T28QCH_L2W,C:\Users\Simon\Nextcloud\Project\Mauritania\Science\Arguin - FieldWork Data Processing\Data\S2\ACOLITE\2025-06-30,162,872,863,342685.0,2201255.0,0.18227674067020416,0.22835257649421692,0.3086271286010742,0.3653002381324768,0.3879711627960205,0.4191953241825104,0.44478100538253784,0.44346898794174194,0.4738110899925232,0.4331074357032776,0.3061431646347046
2025-06-30,Arel,ACOLITE,S2B_MSI_2025_06_30_11_45_58_T28QCH_L2W,C:\Users\Simon\Nextcloud\Project\Mauritania\Science\Arguin - FieldWork Data Processing\Data\S2\ACOLITE\2025-06-30,163,872,864,342695.0,2201255.0,0.18227730691432953,0.2339799404144287,0.30894678831100464,0.3668186068534851,0.3879770040512085,0.41920173168182373,0.44478780031204224,0.44476771354675293,0.47381800413131714,0.4331110119819641,0.3061460852622986
2025-06-30,Arel,ACOLITE,S2B_MSI_2025_06_30_11_45_58_T28QCH_L2W,C:\Users\Simon\Nextcloud\Project\Mauritania\Science\Arguin - FieldWork Data Processing\Data\S2\ACOLITE\2025-06-30,164,872,865,342705.0,2201255.0,0.1822778880596161,0.23381203413009644,0.3076915442943573,0.36696168780326843,0.3897339999675751,0.41802075505256653,0.4470497965812683,0.44748654961586,0.47237616777420044,0.4326547384262085,0.30687808990478516
2025-06-30,Arel,ACOLITE,S2B_MSI_2025_06_30_11_45_58_T28QCH_L2W,C:\Users\Simon\Nextcloud\Project\Mauritania\Science\Arguin - FieldWork Data Processing\Data\S2\ACOLITE\2025-06-30,165,872,866,342715.0,2201255.0,0.18227845430374146,0.2321111112833023,0.3087988793849945,0.36572957038879395,0.38973990082740784,0.4180271327495575,0.4470566511154175,0.44542673230171204,0.4723830223083496,0.4326583445072174,0.30688101053237915
2025-06-30,Arel,ACOLITE,S2B_MSI_2025_06_30_11_45_58_T28QCH_L2W,C:\Users\Simon\Nextcloud\Project\Mauritania\Science\Arguin - FieldWork Data Processing\Data\S2\ACOLITE\2025-06-30,166,872,867,342725.0,2201255.0,0.17412249743938446,0.23517850041389465,0.31588003039360046,0.3693093955516815,0.39095762372016907,0.4219900667667389,0.44568538665771484,0.44711238145828247,0.4738387167453766,0.432891845703125,0.31065040826797485
2025-06-30,Arel,ACOLITE,S2B_MSI_2025_06_30_11_45_58_T28QCH_L2W,C:\Users\Simon\Nextcloud\Project\Mauritania\Science\Arguin - FieldWork Data Processing\Data\S2\ACOLITE\2025-06-30,167,872,868,342735.0,2201255.0,0.17412270605564117,0.2384117692708969,0.3143141269683838,0.37055131793022156,0.39096352458000183,0.421996533870697,0.44569218158721924,0.4491845369338989,0.47384563088417053,0.4328954219818115,0.310653418302536
2025-06-30,Arel,ACOLITE,S2B_MSI_2025_06_30_11_45_58_T28QCH_L2W,C:\Users\Simon\Nextcloud\Project\Mauritania\Science\Arguin - FieldWork Data Processing\Data\S2\ACOLITE\2025-06-30,168,872,869,342745.0,2201255.0,0.1741229146718979,0.2326291799545288,0.30708014965057373,0.3662964403629303,0.3876018524169922,0.4114414155483246,0.44068312644958496,0.4451880156993866,0.46430501341819763,0.4317493140697479,0.3094414174556732
2025-06-30,Arel,ACOLITE,S2B_MSI_2025_06_30_11_45_58_T28QCH_L2W,C:\Users\Simon\Nextcloud\Project\Mauritania\Science\Arguin - FieldWork Data Processing\Data\S2\ACOLITE\2025-06-30,169,872,870,342755.0,2201255.0,0.1741231232881546,0.2264888882637024,0.3026680648326874,0.35817626118659973,0.3876076936721802,0.411447674036026,0.4406898021697998,0.43458548188209534,0.46431177854537964,0.43175286054611206,0.309444397687912
2025-06-30,Arel,ACOLITE,S2B_MSI_2025_06_30_11_45_58_T28QCH_L2W,C:\Users\Simon\Nextcloud\Project\Mauritania\Science\Arguin - FieldWork Data Processing\Data\S2\ACOLITE\2025-06-30,170,872,871,342765.0,2201255.0,0.1741233468055725,0.2285405397415161,0.3048820495605469,0.35707807540893555,0.3899039030075073,0.4226749837398529,0.4459632337093353,0.4417109787464142,0.47169286012649536,0.4289965033531189,0.297171950340271
2025-06-30,Arel,ACOLITE,S2B_MSI_2025_06_30_11_45_58_T28QCH_L2W,C:\Users\Simon\Nextcloud\Project\Mauritania\Science\Arguin - FieldWork Data Processing\Data\S2\ACOLITE\2025-06-30,171,872,872,342775.0,2201255.0,0.17412355542182922,0.2319544553756714,0.3108740448951721,0.36287254095077515,0.3899097740650177,0.4226814806461334,0.4459700286388397,0.4449491798877716,0.4716997444629669,0.4290000796318054,0.2971747815608978
2025-06-30,Arel,ACOLITE,S2B_MSI_2025_06_30_11_45_58_T28QCH_L2W,C:\Users\Simon\Nextcloud\Project\Mauritania\Science\Arguin - FieldWork Data Processing\Data\S2\ACOLITE\2025-06-30,172,873,842,342475.0,2201245.0,0.1096816435456276,0.20757384598255157,0.28401878476142883,0.34643054008483887,0.3534601926803589,0.3787434697151184,0.4062301516532898,0.420272558927536,0.42524251341819763,0.40345290303230286,0.3069339394569397
2025-06-30,Arel,ACOLITE,S2B_MSI_2025_06_30_11_45_58_T28QCH_L2W,C:\Users\Simon\Nextcloud\Project\Mauritania\Science\Arguin - FieldWork Data Processing\Data\S2\ACOLITE\2025-06-30,173,873,843,342485.0,2201245.0,0.15712860226631165,0.20671406388282776,0.28338703513145447,0.345190167427063,0.3670501112937927,0.39591822028160095,0.4225332736968994,0.4243052899837494,0.4457096457481384,0.41912132501602173,0.3170170485973358
2025-06-30,Arel,ACOLITE,S2B_MSI_2025_06_30_11_45_58_T28QCH_L2W,C:\Users\Simon\Nextcloud\Project\Mauritania\Science\Arguin - FieldWork Data Processing\Data\S2\ACOLITE\2025-06-30,174,873,844,342495.0,2201245.0,0.15712805092334747,0.2048196792602539,0.2806870639324188,0.34477993845939636,0.36705541610717773,0.3959241211414337,0.4225395917892456,0.41872483491897583,0.4457160532474518,0.4191247820854187,0.31702008843421936
2025-06-30,Arel,ACOLITE,S2B_MSI_2025_06_30_11_45_58_T28QCH_L2W,C:\Users\Simon\Nextcloud\Project\Mauritania\Science\Arguin - FieldWork Data Processing\Data\S2\ACOLITE\2025-06-30,175,873,845,342505.0,2201245.0,0.1571274995803833,0.21290956437587738,0.2930734157562256,0.35169875621795654,0.3764011561870575,0.4079899191856384,0.4292205572128296,0.4273025095462799,0.45300552248954773,0.426836758852005,0.3196941614151001
2025-06-30,Arel,ACOLITE,S2B_MSI_2025_06_30_11_45_58_T28QCH_L2W,C:\Users\Simon\Nextcloud\Project\Mauritania\Science\Arguin - FieldWork Data Processing\Data\S2\ACOLITE\2025-06-30,176,873,846,342515.0,2201245.0,0.15712694823741913,0.22165453433990479,0.3020881116390228,0.3584643006324768,0.3764066994190216,0.4079960882663727,0.4292270243167877,0.42977285385131836,0.45301204919815063,0.42684027552604675,0.31969723105430603
2025-06-30,Arel,ACOLITE,S2B_MSI_2025_06_30_11_45_58_T28QCH_L2W,C:\Users\Simon\Nextcloud\Project\Mauritania\Science\Arguin - FieldWork Data Processing\Data\S2\ACOLITE\2025-06-30,177,873,847,342525.0,2201245.0,0.15712641179561615,0.21565961837768555,0.2938736379146576,0.35474637150764465,0.3784392774105072,0.4076053500175476,0.4343886077404022,0.43120506405830383,0.45580706000328064,0.43397194147109985,0.32746851444244385
2025-06-30,Arel,ACOLITE,S2B_MSI_2025_06_30_11_45_58_T28QCH_L2W,C:\Users\Simon\Nextcloud\Project\Mauritania\Science\Arguin - FieldWork Data Processing\Data\S2\ACOLITE\2025-06-30,178,873,848,342535.0,2201245.0,0.1571258306503296,0.2184048742055893,0.2935612201690674,0.3555794656276703,0.3784449100494385,0.40761151909828186,0.4343951940536499,0.4291369915008545,0.4558136463165283,0.43397554755210876,0.32747164368629456
2025-06-30,Arel,ACOLITE,S2B_MSI_2025_06_30_11_45_58_T28QCH_L2W,C:\Users\Simon\Nextcloud\Project\Mauritania\Science\Arguin - FieldWork Data Processing\Data\S2\ACOLITE\2025-06-30,179,873,849,342545.0,2201245.0,0.173340305685997,0.2180638611316681,0.2968885898590088,0.35834255814552307,0.37993621826171875,0.4113205075263977,0.4375416040420532,0.4335498809814453,0.46127068996429443,0.4402983784675598,0.33135783672332764
2025-06-30,Arel,ACOLITE,S2B_MSI_2025_06_30_11_45_58_T28QCH_L2W,C:\Users\Simon\Nextcloud\Project\Mauritania\Science\Arguin - FieldWork Data Processing\Data\S2\ACOLITE\2025-06-30,180,873,850,342555.0,2201245.0,0.17334048449993134,0.21205812692642212,0.29230257868766785,0.3558659851551056,0.37994185090065,0.4113267660140991,0.43754827976226807,0.4353693127632141,0.4612773656845093,0.4403020143508911,0.3313610255718231
2025-06-30,Arel,ACOLITE,S2B_MSI_2025_06_30_11_45_58_T28QCH_L2W,C:\Users\Simon\Nextcloud\Project\Mauritania\Science\Arguin - FieldWork Data Processing\Data\S2\ACOLITE\2025-06-30,181,873,851,342565.0,2201245.0,0.17334066331386566,0.213090717792511,0.29278212785720825,0.35380133986473083,0.38547930121421814,0.41516396403312683,0.4406921863555908,0.43291476368904114,0.4656393229961395,0.44788360595703125,0.33876410126686096
2025-06-30,Arel,ACOLITE,S2B_MSI_2025_06_30_11_45_58_T28QCH_L2W,C:\Users\Simon\Nextcloud\Project\Mauritania\Science\Arguin - FieldWork Data Processing\Data\S2\ACOLITE\2025-06-30,182,873,852,342575.0,2201245.0,0.1733408421278,0.2139512002468109,0.2910431921482086,0.3576693832874298,0.38548508286476135,0.415170282125473,0.44069886207580566,0.4368060231208801,0.46564608812332153,0.4478873610496521,0.3387673795223236
2025-06-30,Arel,ACOLITE,S2B_MSI_2025_06_30_11_45_58_T28QCH_L2W,C:\Users\Simon\Nextcloud\Project\Mauritania\Science\Arguin - FieldWork Data Processing\Data\S2\ACOLITE\2025-06-30,183,873,853,342585.0,2201245.0,0.17334102094173431,0.2211543470621109,0.30054113268852234,0.36703547835350037,0.389263391494751,0.41768425703048706,0.4432135224342346,0.44082286953926086,0.46722447872161865,0.4506453573703766,0.3450765907764435
2025-06-30,Arel,ACOLITE,S2B_MSI_2025_06_30_11_45_58_T28QCH_L2W,C:\Users\Simon\Nextcloud\Project\Mauritania\Science\Arguin - FieldWork Data Processing\Data\S2\ACOLITE\2025-06-30,184,873,854,342595.0,2201245.0,0.17334119975566864,0.22508998215198517,0.30748501420021057,0.37390562891960144,0.38926923274993896,0.417690634727478,0.4432202875614166,0.4484509229660034,0.46723127365112305,0.45064908266067505,0.3450799286365509
2025-06-30,Arel,ACOLITE,S2B_MSI_2025_06_30_11_45_58_T28QCH_L2W,C:\Users\Simon\Nextcloud\Project\Mauritania\Science\Arguin - FieldWork Data Processing\Data\S2\ACOLITE\2025-06-30,185,873,855,342605.0,2201245.0,0.17878229916095734,0.23447027802467346,0.31299614906311035,0.3807603716850281,0.3941190838813782,0.4253408908843994,0.44873854517936707,0.4489736557006836,0.47351884841918945,0.4529475271701813,0.3421730101108551
2025-06-30,Arel,ACOLITE,S2B_MSI_2025_06_30_11_45_58_T28QCH_L2W,C:\Users\Simon\Nextcloud\Project\Mauritania\Science\Arguin - FieldWork Data Processing\Data\S2\ACOLITE\2025-06-30,186,873,856,342615.0,2201245.0,0.17878271639347076,0.233621746301651,0.31504321098327637,0.3807663023471832,0.3941250443458557,0.4253474175930023,0.4487454295158386,0.455684632062912,0.4735257625579834,0.4529513120651245,0.34217631816864014
2025-06-30,Arel,ACOLITE,S2B_MSI_2025_06_30_11_45_58_T28QCH_L2W,C:\Users\Simon\Nextcloud\Project\Mauritania\Science\Arguin - FieldWork Data Processing\Data\S2\ACOLITE\2025-06-30,187,873,857,342625.0,2201245.0,0.17878314852714539,0.23004640638828278,0.31080466508865356,0.37611639499664307,0.39587849378585815,0.4243006408214569,0.44950321316719055,0.45066413283348083,0.4767901301383972,0.4496275782585144,0.3378133177757263
2025-06-30,Arel,ACOLITE,S2B_MSI_2025_06_30_11_45_58_T28QCH_L2W,C:\Users\Simon\Nextcloud\Project\Mauritania\Science\Arguin - FieldWork Data Processing\Data\S2\ACOLITE\2025-06-30,188,873,858,342635.0,2201245.0,0.1787835657596588,0.2293664664030075,0.30892109870910645,0.3715963065624237,0.39588451385498047,0.4243071377277374,0.4495100975036621,0.4506707489490509,0.47679710388183594,0.44963130354881287,0.3378165662288666
2025-06-30,Arel,ACOLITE,S2B_MSI_2025_06_30_11_45_58_T28QCH_L2W,C:\Users\Simon\Nextcloud\Project\Mauritania\Science\Arguin - FieldWork Data Processing\Data\S2\ACOLITE\2025-06-30,189,873,859,342645.0,2201245.0,0.17878398299217224,0.2280036360025406,0.30609047412872314,0.36844342947006226,0.3925289511680603,0.41666677594184875,0.44450756907463074,0.4468057453632355,0.4719770848751068,0.44527310132980347,0.32726359367370605
2025-06-30,Arel,ACOLITE,S2B_MSI_2025_06_30_11_45_58_T28QCH_L2W,C:\Users\Simon\Nextcloud\Project\Mauritania\Science\Arguin - FieldWork Data Processing\Data\S2\ACOLITE\2025-06-30,190,873,860,342655.0,2201245.0,0.17878441512584686,0.2280057966709137,0.3042030930519104,0.3677619397640228,0.39253491163253784,0.41667312383651733,0.44451433420181274,0.4465540647506714,0.47198396921157837,0.44527679681777954,0.32726675271987915
2025-06-30,Arel,ACOLITE,S2B_MSI_2025_06_30_11_45_58_T28QCH_L2W,C:\Users\Simon\Nextcloud\Project\Mauritania\Science\Arguin - FieldWork Data Processing\Data\S2\ACOLITE\2025-06-30,191,873,861,342665.0,2201245.0,0.1822754293680191,0.23295241594314575,0.31538206338882446,0.3702404499053955,0.3880979120731354,0.42010971903800964,0.4432675838470459,0.4515935778617859,0.47078317403793335,0.4363209307193756,0.3124566078186035
2025-06-30,Arel,ACOLITE,S2B_MSI_2025_06_30_11_45_58_T28QCH_L2W,C:\Users\Simon\Nextcloud\Project\Mauritania\Science\Arguin - FieldWork Data Processing\Data\S2\ACOLITE\2025-06-30,192,873,862,342675.0,2201245.0,0.18227596580982208,0.238737553358078,0.31350189447402954,0.3716191351413727,0.38810375332832336,0.4201161563396454,0.4432743489742279,0.4519871473312378,0.4707900285720825,0.4363245368003845,0.3124596178531647
2025-06-30,Arel,ACOLITE,S2B_MSI_2025_06_30_11_45_58_T28QCH_L2W,C:\Users\Simon\Nextcloud\Project\Mauritania\Science\Arguin - FieldWork Data Processing\Data\S2\ACOLITE\2025-06-30,193,873,863,342685.0,2201245.0,0.18227654695510864,0.23670078814029694,0.3141353726387024,0.3703891336917877,0.3879748582839966,0.4191994369029999,0.44478535652160645,0.4504460096359253,0.47381553053855896,0.433109849691391,0.3061451017856598
2025-06-30,Arel,ACOLITE,S2B_MSI_2025_06_30_11_45_58_T28QCH_L2W,C:\Users\Simon\Nextcloud\Project\Mauritania\Science\Arguin - FieldWork Data Processing\Data\S2\ACOLITE\2025-06-30,194,873,864,342695.0,2201245.0,0.1822771281003952,0.23857277631759644,0.3100515902042389,0.3719050884246826,0.3879806697368622,0.41920584440231323,0.44479215145111084,0.44825881719589233,0.4738224744796753,0.4331134259700775,0.3061480224132538
2025-06-30,Arel,ACOLITE,S2B_MSI_2025_06_30_11_45_58_T28QCH_L2W,C:\Users\Simon\Nextcloud\Project\Mauritania\Science\Arguin - FieldWork Data Processing\Data\S2\ACOLITE\2025-06-30,195,873,865,342705.0,2201245.0,0.18227770924568176,0.23857533931732178,0.3105284869670868,0.3728714883327484,0.38973772525787354,0.41802483797073364,0.4470542073249817,0.44555360078811646,0.4723806381225586,0.4326571822166443,0.30688002705574036
2025-06-30,Arel,ACOLITE,S2B_MSI_2025_06_30_11_45_58_T28QCH_L2W,C:\Users\Simon\Nextcloud\Project\Mauritania\Science\Arguin - FieldWork Data Processing\Data\S2\ACOLITE\2025-06-30,196,873,866,342715.0,2201245.0,0.18227827548980713,0.2333047240972519,0.31006118655204773,0.3688950836658478,0.3897435963153839,0.4180312156677246,0.44706103205680847,0.4454309940338135,0.47238752245903015,0.4326607286930084,0.30688297748565674
2025-06-30,Arel,ACOLITE,S2B_MSI_2025_06_30_11_45_58_T28QCH_L2W,C:\Users\Simon\Nextcloud\Project\Mauritania\Science\Arguin - FieldWork Data Processing\Data\S2\ACOLITE\2025-06-30,197,873,867,342725.0,2201245.0,0.17412209510803223,0.23993924260139465,0.31116753816604614,0.3705492317676544,0.39096134901046753,0.4219942092895508,0.44568976759910583,0.4454375207424164,0.47384321689605713,0.4328942596912384,0.31065240502357483
2025-06-30,Arel,ACOLITE,S2B_MSI_2025_06_30_11_45_58_T28QCH_L2W,C:\Users\Simon\Nextcloud\Project\Mauritania\Science\Arguin - FieldWork Data Processing\Data\S2\ACOLITE\2025-06-30,198,873,868,342735.0,2201245.0,0.17412230372428894,0.2399418205022812,0.313845694065094,0.3724770247936249,0.3909672796726227,0.4220006763935089,0.44569656252861023,0.4480270445346832,0.4738501310348511,0.4328978657722473,0.3106553852558136
2025-06-30,Arel,ACOLITE,S2B_MSI_2025_06_30_11_45_58_T28QCH_L2W,C:\Users\Simon\Nextcloud\Project\Mauritania\Science\Arguin - FieldWork Data Processing\Data\S2\ACOLITE\2025-06-30,199,873,869,342745.0,2201245.0,0.17412248253822327,0.22939059138298035,0.30629482865333557,0.363960862159729,0.3876055181026459,0.41144540905952454,0.4406874477863312,0.4448046386241913,0.4643093943595886,0.43175172805786133,0.3094433844089508
2025-06-30,Arel,ACOLITE,S2B_MSI_2025_06_30_11_45_58_T28QCH_L2W,C:\Users\Simon\Nextcloud\Project\Mauritania\Science\Arguin - FieldWork Data Processing\Data\S2\ACOLITE\2025-06-30,200,873,870,342755.0,2201245.0,0.17412270605564117,0.22546438872814178,0.30298659205436707,0.35859331488609314,0.38761135935783386,0.41145163774490356,0.4406941533088684,0.44054463505744934,0.46431612968444824,0.43175527453422546,0.3094463646411896
2025-06-30,Arel,ACOLITE,S2B_MSI_2025_06_30_11_45_58_T28QCH_L2W,C:\Users\Simon\Nextcloud\Project\Mauritania\Science\Arguin - FieldWork Data Processing\Data\S2\ACOLITE\2025-06-30,201,873,871,342765.0,2201245.0,0.1741229146718979,0.239609956741333,0.3171590566635132,0.37345489859580994,0.3899076282978058,0.4226791560649872,0.4459676444530487,0.4517892897129059,0.4716973602771759,0.4289989173412323,0.2971738278865814
2025-06-30,Arel,ACOLITE,S2B_MSI_2025_06_30_11_45_58_T28QCH_L2W,C:\Users\Simon\Nextcloud\Project\Mauritania\Science\Arguin - FieldWork Data Processing\Data\S2\ACOLITE\2025-06-30,202,873,872,342775.0,2201245.0,0.1741231232881546,0.24148012697696686,0.3206152617931366,0.38113513588905334,0.38991352915763855,0.4226856529712677,0.4459744691848755,0.45424598455429077,0.47170424461364746,0.42900246381759644,0.29717668890953064
2025-06-30,Arel,ACOLITE,S2B_MSI_2025_06_30_11_45_58_T28QCH_L2W,C:\Users\Simon\Nextcloud\Project\Mauritania\Science\Arguin - FieldWork Data Processing\Data\S2\ACOLITE\2025-06-30,203,873,873,342785.0,2201245.0,0.1210346445441246,0.22273321449756622,0.2992083430290222,0.3638452887535095,0.38007164001464844,0.4096185266971588,0.4377010762691498,0.4434090256690979,0.46288400888442993,0.42175740003585815,0.28805869817733765
2025-06-30,Arel,ACOLITE,S2B_MSI_2025_06_30_11_45_58_T28QCH_L2W,C:\Users\Simon\Nextcloud\Project\Mauritania\Science\Arguin - FieldWork Data Processing\Data\S2\ACOLITE\2025-06-30,204,874,841,342465.0,2201235.0,0.10968205332756042,0.19566012918949127,0.2722298800945282,0.3269976079463959,0.35536354780197144,0.38220876455307007,0.4066077768802643,0.39654654264450073,0.42755940556526184,0.4013766646385193,0.3038956820964813
2025-06-30,Arel,ACOLITE,S2B_MSI_2025_06_30_11_45_58_T28QCH_L2W,C:\Users\Simon\Nextcloud\Project\Mauritania\Science\Arguin - FieldWork Data Processing\Data\S2\ACOLITE\2025-06-30,205,874,842,342475.0,2201235.0,0.10967932641506195,0.2068854570388794,0.28338536620140076,0.34047871828079224,0.35536858439445496,0.38221436738967896,0.4066137373447418,0.4098658561706543,0.42756545543670654,0.40137991309165955,0.3038986027240753
2025-06-30,Arel,ACOLITE,S2B_MSI_2025_06_30_11_45_58_T28QCH_L2W,C:\Users\Simon\Nextcloud\Project\Mauritania\Science\Arguin - FieldWork Data Processing\Data\S2\ACOLITE\2025-06-30,206,874,843,342485.0,2201235.0,0.15712767839431763,0.20757567882537842,0.2857726216316223,0.34242382645606995,0.3694925904273987,0.39976975321769714,0.4270721971988678,0.4201525151729584,0.45081308484077454,0.42453160881996155,0.31896159052848816
2025-06-30,Arel,ACOLITE,S2B_MSI_2025_06_30_11_45_58_T28QCH_L2W,C:\Users\Simon\Nextcloud\Project\Mauritania\Science\Arguin - FieldWork Data Processing\Data\S2\ACOLITE\2025-06-30,207,874,844,342495.0,2201235.0,0.15712714195251465,0.20723259449005127,0.28784042596817017,0.35003891587257385,0.36949798464775085,0.3997757136821747,0.42707863450050354,0.42483457922935486,0.45081958174705505,0.4245350956916809,0.3189646601676941
2025-06-30,Arel,ACOLITE,S2B_MSI_2025_06_30_11_45_58_T28QCH_L2W,C:\Users\Simon\Nextcloud\Project\Mauritania\Science\Arguin - FieldWork Data Processing\Data\S2\ACOLITE\2025-06-30,208,874,845,342505.0,2201235.0,0.15712659060955048,0.22062669694423676,0.3017706274986267,0.3624560236930847,0.38018718361854553,0.40667062997817993,0.43199166655540466,0.4361182749271393,0.4543434977531433,0.4312084913253784,0.3241874575614929
2025-06-30,Arel,ACOLITE,S2B_MSI_2025_06_30_11_45_58_T28QCH_L2W,C:\Users\Simon\Nextcloud\Project\Mauritania\Science\Arguin - FieldWork Data Processing\Data\S2\ACOLITE\2025-06-30,209,874,846,342515.0,2201235.0,0.1571260243654251,0.21874473989009857,0.2960872948169708,0.35819193720817566,0.3801928460597992,0.4066767394542694,0.43199819326400757,0.4304250180721283,0.4543500542640686,0.43121206760406494,0.32419058680534363
2025-06-30,Arel,ACOLITE,S2B_MSI_2025_06_30_11_45_58_T28QCH_L2W,C:\Users\Simon\Nextcloud\Project\Mauritania\Science\Arguin - FieldWork Data Processing\Data\S2\ACOLITE\2025-06-30,210,874,847,342525.0,2201235.0,0.15712547302246094,0.20930258929729462,0.28880470991134644,0.3507453203201294,0.37925323843955994,0.4065505564212799,0.4318789541721344,0.426540344953537,0.45496276021003723,0.43845558166503906,0.3305041790008545
2025-06-30,Arel,ACOLITE,S2B_MSI_2025_06_30_11_45_58_T28QCH_L2W,C:\Users\Simon\Nextcloud\Project\Mauritania\Science\Arguin - FieldWork Data Processing\Data\S2\ACOLITE\2025-06-30,211,874,848,342535.0,2201235.0,0.15712492167949677,0.21343021094799042,0.2910289168357849,0.35434094071388245,0.3792588710784912,0.4065566956996918,0.4318854808807373,0.42991894483566284,0.4549693167209625,0.43845924735069275,0.33050736784935
2025-06-30,Arel,ACOLITE,S2B_MSI_2025_06_30_11_45_58_T28QCH_L2W,C:\Users\Simon\Nextcloud\Project\Mauritania\Science\Arguin - FieldWork Data Processing\Data\S2\ACOLITE\2025-06-30,212,874,849,342545.0,2201235.0,0.17333988845348358,0.21875008940696716,0.29435962438583374,0.3575187921524048,0.3862801194190979,0.41224950551986694,0.4390520453453064,0.4376968443393707,0.4612749218940735,0.44741955399513245,0.33766812086105347
2025-06-30,Arel,ACOLITE,S2B_MSI_2025_06_30_11_45_58_T28QCH_L2W,C:\Users\Simon\Nextcloud\Project\Mauritania\Science\Arguin - FieldWork Data Processing\Data\S2\ACOLITE\2025-06-30,213,874,850,342555.0,2201235.0,0.17334003746509552,0.21600846946239471,0.29610469937324524,0.3601425588130951,0.3862858712673187,0.41225576400756836,0.43905872106552124,0.4375738203525543,0.46128159761428833,0.4474232792854309,0.3376713991165161
2025-06-30,Arel,ACOLITE,S2B_MSI_2025_06_30_11_45_58_T28QCH_L2W,C:\Users\Simon\Nextcloud\Project\Mauritania\Science\Arguin - FieldWork Data Processing\Data\S2\ACOLITE\2025-06-30,214,874,851,342565.0,2201235.0,0.17334021627902985,0.21892501413822174,0.30021893978118896,0.3615252375602722,0.38965922594070435,0.41965392231941223,0.4450840651988983,0.4364154040813446,0.4666108787059784,0.45052558183670044,0.3414343297481537
2025-06-30,Arel,ACOLITE,S2B_MSI_2025_06_30_11_45_58_T28QCH_L2W,C:\Users\Simon\Nextcloud\Project\Mauritania\Science\Arguin - FieldWork Data Processing\Data\S2\ACOLITE\2025-06-30,215,874,852,342575.0,2201235.0,0.17334039509296417,0.22406138479709625,0.3043266236782074,0.36565864086151123,0.3896650969982147,0.419660359621048,0.4450908303260803,0.4422425925731659,0.4666176736354828,0.4505293667316437,0.3414376378059387
2025-06-30,Arel,ACOLITE,S2B_MSI_2025_06_30_11_45_58_T28QCH_L2W,C:\Users\Simon\Nextcloud\Project\Mauritania\Science\Arguin - FieldWork Data Processing\Data\S2\ACOLITE\2025-06-30,216,874,853,342585.0,2201235.0,0.1733405590057373,0.2262846678495407,0.3081130087375641,0.37321770191192627,0.3989473581314087,0.4277005195617676,0.45198190212249756,0.44302457571029663,0.47507813572883606,0.45386019349098206,0.343866229057312
2025-06-30,Arel,ACOLITE,S2B_MSI_2025_06_30_11_45_58_T28QCH_L2W,C:\Users\Simon\Nextcloud\Project\Mauritania\Science\Arguin - FieldWork Data Processing\Data\S2\ACOLITE\2025-06-30,217,874,854,342595.0,2201235.0,0.17334075272083282,0.2286764532327652,0.31205108761787415,0.37404632568359375,0.39895346760749817,0.42770716547966003,0.4519888460636139,0.4527115523815155,0.47508504986763,0.4538639783859253,0.34386956691741943
2025-06-30,Arel,ACOLITE,S2B_MSI_2025_06_30_11_45_58_T28QCH_L2W,C:\Users\Simon\Nextcloud\Project\Mauritania\Science\Arguin - FieldWork Data Processing\Data\S2\ACOLITE\2025-06-30,218,874,855,342605.0,2201235.0,0.17878204584121704,0.23549208045005798,0.3156692683696747,0.3763824701309204,0.39922797679901123,0.4328402578830719,0.4526210427284241,0.4519446790218353,0.47907134890556335,0.4563910961151123,0.33732375502586365
2025-06-30,Arel,ACOLITE,S2B_MSI_2025_06_30_11_45_58_T28QCH_L2W,C:\Users\Simon\Nextcloud\Project\Mauritania\Science\Arguin - FieldWork Data Processing\Data\S2\ACOLITE\2025-06-30,219,874,856,342615.0,2201235.0,0.17878244817256927,0.2407604157924652,0.3177143335342407,0.3769363462924957,0.3992340862751007,0.43284696340560913,0.4526280164718628,0.4540139436721802,0.47907835245132446,0.45639488101005554,0.3373269736766815
2025-06-30,Arel,ACOLITE,S2B_MSI_2025_06_30_11_45_58_T28QCH_L2W,C:\Users\Simon\Nextcloud\Project\Mauritania\Science\Arguin - FieldWork Data Processing\Data\S2\ACOLITE\2025-06-30,220,874,857,342625.0,2201235.0,0.1787828654050827,0.2424590289592743,0.3180330991744995,0.37666815519332886,0.39494141936302185,0.4270690679550171,0.4477551579475403,0.4500233829021454,0.47582969069480896,0.45158082246780396,0.3287157416343689
2025-06-30,Arel,ACOLITE,S2B_MSI_2025_06_30_11_45_58_T28QCH_L2W,C:\Users\Simon\Nextcloud\Project\Mauritania\Science\Arguin - FieldWork Data Processing\Data\S2\ACOLITE\2025-06-30,221,874,858,342635.0,2201235.0,0.17878329753875732,0.23600956797599792,0.3133280575275421,0.3753034770488739,0.39494743943214417,0.42707568407058716,0.44776201248168945,0.45041701197624207,0.4758366346359253,0.4515846073627472,0.328718900680542
2025-06-30,Arel,ACOLITE,S2B_MSI_2025_06_30_11_45_58_T28QCH_L2W,C:\Users\Simon\Nextcloud\Project\Mauritania\Science\Arguin - FieldWork Data Processing\Data\S2\ACOLITE\2025-06-30,222,874,859,342645.0,2201235.0,0.17878371477127075,0.22902853786945343,0.30971571803092957,0.3665226697921753,0.395625501871109,0.4191778004169464,0.4480192959308624,0.4464225471019745,0.4759642779827118,0.44573482871055603,0.3190106451511383
2025-06-30,Arel,ACOLITE,S2B_MSI_2025_06_30_11_45_58_T28QCH_L2W,C:\Users\Simon\Nextcloud\Project\Mauritania\Science\Arguin - FieldWork Data Processing\Data\S2\ACOLITE\2025-06-30,223,874,860,342655.0,2201235.0,0.17878411710262299,0.23346206545829773,0.3133378326892853,0.3738066554069519,0.3956315219402313,0.41918420791625977,0.4480261504650116,0.4501723051071167,0.4759712219238281,0.4457385241985321,0.31901368498802185
2025-06-30,Arel,ACOLITE,S2B_MSI_2025_06_30_11_45_58_T28QCH_L2W,C:\Users\Simon\Nextcloud\Project\Mauritania\Science\Arguin - FieldWork Data Processing\Data\S2\ACOLITE\2025-06-30,224,874,861,342665.0,2201235.0,0.18227523565292358,0.24314798414707184,0.3227549195289612,0.37408673763275146,0.39550313353538513,0.42538437247276306,0.44915974140167236,0.4499209225177765,0.47899290919303894,0.44011494517326355,0.3054121136665344
2025-06-30,Arel,ACOLITE,S2B_MSI_2025_06_30_11_45_58_T28QCH_L2W,C:\Users\Simon\Nextcloud\Project\Mauritania\Science\Arguin - FieldWork Data Processing\Data\S2\ACOLITE\2025-06-30,225,874,862,342675.0,2201235.0,0.18227581679821014,0.24315069615840912,0.32244691252708435,0.3772454857826233,0.39550915360450745,0.42539092898368835,0.4491666257381439,0.4521203935146332,0.47899991273880005,0.44011858105659485,0.3054150342941284
2025-06-30,Arel,ACOLITE,S2B_MSI_2025_06_30_11_45_58_T28QCH_L2W,C:\Users\Simon\Nextcloud\Project\Mauritania\Science\Arguin - FieldWork Data Processing\Data\S2\ACOLITE\2025-06-30,226,874,863,342685.0,2201235.0,0.18227636814117432,0.24111823737621307,0.31523796916007996,0.3740983009338379,0.3936326801776886,0.421972393989563,0.44867274165153503,0.4513532519340515,0.47309571504592896,0.4348364770412445,0.3003135621547699
2025-06-30,Arel,ACOLITE,S2B_MSI_2025_06_30_11_45_58_T28QCH_L2W,C:\Users\Simon\Nextcloud\Project\Mauritania\Science\Arguin - FieldWork Data Processing\Data\S2\ACOLITE\2025-06-30,227,874,864,342695.0,2201235.0,0.18227694928646088,0.2365344911813736,0.3125714361667633,0.3701237142086029,0.39363864064216614,0.4219789206981659,0.4486796259880066,0.4473593533039093,0.4731026291847229,0.4348400831222534,0.3003164231777191
2025-06-30,Arel,ACOLITE,S2B_MSI_2025_06_30_11_45_58_T28QCH_L2W,C:\Users\Simon\Nextcloud\Project\Mauritania\Science\Arguin - FieldWork Data Processing\Data\S2\ACOLITE\2025-06-30,228,874,865,342705.0,2201235.0,0.18227753043174744,0.2406143695116043,0.31524789333343506,0.3764408230781555,0.39095327258110046,0.42053520679473877,0.44655752182006836,0.4455578327178955,0.47045260667800903,0.4335792660713196,0.3044516146183014
2025-06-30,Arel,ACOLITE,S2B_MSI_2025_06_30_11_45_58_T28QCH_L2W,C:\Users\Simon\Nextcloud\Project\Mauritania\Science\Arguin - FieldWork Data Processing\Data\S2\ACOLITE\2025-06-30,229,874,866,342715.0,2201235.0,0.182278111577034,0.24061699211597443,0.3174508810043335,0.37123367190361023,0.3909592032432556,0.4205416440963745,0.44656437635421753,0.44582271575927734,0.4704594612121582,0.4335828721523285,0.3044545352458954
2025-06-30,Arel,ACOLITE,S2B_MSI_2025_06_30_11_45_58_T28QCH_L2W,C:\Users\Simon\Nextcloud\Project\Mauritania\Science\Arguin - FieldWork Data Processing\Data\S2\ACOLITE\2025-06-30,230,874,867,342725.0,2201235.0,0.1741216480731964,0.24146820604801178,0.31525784730911255,0.37123939394950867,0.39042651653289795,0.42292091250419617,0.4449422359466553,0.4478955864906311,0.47348552942276,0.4322068989276886,0.3067663609981537
2025-06-30,Arel,ACOLITE,S2B_MSI_2025_06_30_11_45_58_T28QCH_L2W,C:\Users\Simon\Nextcloud\Project\Mauritania\Science\Arguin - FieldWork Data Processing\Data\S2\ACOLITE\2025-06-30,231,874,868,342735.0,2201235.0,0.17412187159061432,0.2367144227027893,0.31211915612220764,0.3720687925815582,0.3904323875904083,0.4229274094104767,0.4449490010738373,0.44828951358795166,0.47349244356155396,0.4322104752063751,0.3067692816257477
2025-06-30,Arel,ACOLITE,S2B_MSI_2025_06_30_11_45_58_T28QCH_L2W,C:\Users\Simon\Nextcloud\Project\Mauritania\Science\Arguin - FieldWork Data Processing\Data\S2\ACOLITE\2025-06-30,232,874,869,342745.0,2201235.0,0.17412209510803223,0.22922100126743317,0.30424734950065613,0.364927738904953,0.3955512046813965,0.423724502325058,0.45121726393699646,0.4437749683856964,0.4737407863140106,0.43508803844451904,0.3033694624900818
2025-06-30,Arel,ACOLITE,S2B_MSI_2025_06_30_11_45_58_T28QCH_L2W,C:\Users\Simon\Nextcloud\Project\Mauritania\Science\Arguin - FieldWork Data Processing\Data\S2\ACOLITE\2025-06-30,233,874,870,342755.0,2201235.0,0.17412227392196655,0.23705948889255524,0.31291523575782776,0.36768412590026855,0.3955572247505188,0.4237310290336609,0.4512242078781128,0.44571980834007263,0.47374770045280457,0.43509161472320557,0.3033723831176758
2025-06-30,Arel,ACOLITE,S2B_MSI_2025_06_30_11_45_58_T28QCH_L2W,C:\Users\Simon\Nextcloud\Project\Mauritania\Science\Arguin - FieldWork Data Processing\Data\S2\ACOLITE\2025-06-30,234,874,871,342765.0,2201235.0,0.17412249743938446,0.24487026035785675,0.3248421549797058,0.380722314119339,0.3892378807067871,0.4232105016708374,0.45010483264923096,0.4564344584941864,0.4783395528793335,0.4330260157585144,0.29437920451164246
2025-06-30,Arel,ACOLITE,S2B_MSI_2025_06_30_11_45_58_T28QCH_L2W,C:\Users\Simon\Nextcloud\Project\Mauritania\Science\Arguin - FieldWork Data Processing\Data\S2\ACOLITE\2025-06-30,235,874,872,342775.0,2201235.0,0.17412272095680237,0.24283872544765472,0.32171547412872314,0.38141265511512756,0.3892437517642975,0.4232169985771179,0.4501117467880249,0.4573429524898529,0.4783465564250946,0.4330296218395233,0.2943820059299469
2025-06-30,Arel,ACOLITE,S2B_MSI_2025_06_30_11_45_58_T28QCH_L2W,C:\Users\Simon\Nextcloud\Project\Mauritania\Science\Arguin - FieldWork Data Processing\Data\S2\ACOLITE\2025-06-30,236,874,873,342785.0,2201235.0,0.12103260308504105,0.22050738334655762,0.30489692091941833,0.35309144854545593,0.3712807297706604,0.3979584872722626,0.42802077531814575,0.44108566641807556,0.4565887749195099,0.4291234612464905,0.29949134588241577
2025-06-30,Arel,ACOLITE,S2B_MSI_2025_06_30_11_45_58_T28QCH_L2W,C:\Users\Simon\Nextcloud\Project\Mauritania\Science\Arguin - FieldWork Data Processing\Data\S2\ACOLITE\2025-06-30,237,874,874,342795.0,2201235.0,0.12103037536144257,0.20692786574363708,0.2803270220756531,0.3366098701953888,0.37128618359565735,0.3979644477367401,0.4280272424221039,0.4277458190917969,0.45659539103507996,0.4291270077228546,0.2994941771030426
2025-06-30,Arel,ACOLITE,S2B_MSI_2025_06_30_11_45_58_T28QCH_L2W,C:\Users\Simon\Nextcloud\Project\Mauritania\Science\Arguin - FieldWork Data Processing\Data\S2\ACOLITE\2025-06-30,238,875,841,342465.0,2201225.0,0.1096796914935112,0.1947944611310959,0.2683970630168915,0.3235172629356384,0.35536664724349976,0.38221225142478943,0.40661153197288513,0.39445748925209045,0.42756325006484985,0.4013788104057312,0.30389758944511414
2025-06-30,Arel,ACOLITE,S2B_MSI_2025_06_30_11_45_58_T28QCH_L2W,C:\Users\Simon\Nextcloud\Project\Mauritania\Science\Arguin - FieldWork Data Processing\Data\S2\ACOLITE\2025-06-30,239,875,842,342475.0,2201225.0,0.10967697203159332,0.20292069017887115,0.2779770493507385,0.33770790696144104,0.3553716838359833,0.3822178542613983,0.40661752223968506,0.4106513559818268,0.42756929993629456,0.40138211846351624,0.30390048027038574
2025-06-30,Arel,ACOLITE,S2B_MSI_2025_06_30_11_45_58_T28QCH_L2W,C:\Users\Simon\Nextcloud\Project\Mauritania\Science\Arguin - FieldWork Data Processing\Data\S2\ACOLITE\2025-06-30,240,875,843,342485.0,2201225.0,0.1571267694234848,0.20809267461299896,0.28847336769104004,0.3467184901237488,0.3694958984851837,0.3997734785079956,0.4270762503147125,0.424442857503891,0.45081719756126404,0.4245339334011078,0.31896358728408813
2025-06-30,Arel,ACOLITE,S2B_MSI_2025_06_30_11_45_58_T28QCH_L2W,C:\Users\Simon\Nextcloud\Project\Mauritania\Science\Arguin - FieldWork Data Processing\Data\S2\ACOLITE\2025-06-30,241,875,844,342495.0,2201225.0,0.15712621808052063,0.21136265993118286,0.29386579990386963,0.3551509380340576,0.3695012927055359,0.3997794985771179,0.42708268761634827,0.4314533472061157,0.45082366466522217,0.42453745007514954,0.31896665692329407
2025-06-30,Arel,ACOLITE,S2B_MSI_2025_06_30_11_45_58_T28QCH_L2W,C:\Users\Simon\Nextcloud\Project\Mauritania\Science\Arguin - FieldWork Data Processing\Data\S2\ACOLITE\2025-06-30,242,875,845,342505.0,2201225.0,0.15712565183639526,0.22490273416042328,0.30335092544555664,0.35653555393218994,0.3801907002925873,0.40667444467544556,0.43199577927589417,0.4300338327884674,0.4543476700782776,0.43121081590652466,0.3241894841194153
2025-06-30,Arel,ACOLITE,S2B_MSI_2025_06_30_11_45_58_T28QCH_L2W,C:\Users\Simon\Nextcloud\Project\Mauritania\Science\Arguin - FieldWork Data Processing\Data\S2\ACOLITE\2025-06-30,243,875,846,342515.0,2201225.0,0.15712511539459229,0.21497291326522827,0.29529884457588196,0.35557541251182556,0.38019633293151855,0.4066806137561798,0.43200230598449707,0.4297807812690735,0.4543541967868805,0.4312143921852112,0.324192613363266
2025-06-30,Arel,ACOLITE,S2B_MSI_2025_06_30_11_45_58_T28QCH_L2W,C:\Users\Simon\Nextcloud\Project\Mauritania\Science\Arguin - FieldWork Data Processing\Data\S2\ACOLITE\2025-06-30,244,875,847,342525.0,2201225.0,0.1571245640516281,0.21480290591716766,0.29340365529060364,0.35461491346359253,0.3792567253112793,0.4065544009208679,0.4318830966949463,0.42771196365356445,0.4549669325351715,0.4384579658508301,0.33050626516342163
2025-06-30,Arel,ACOLITE,S2B_MSI_2025_06_30_11_45_58_T28QCH_L2W,C:\Users\Simon\Nextcloud\Project\Mauritania\Science\Arguin - FieldWork Data Processing\Data\S2\ACOLITE\2025-06-30,245,875,848,342535.0,2201225.0,0.15712399780750275,0.2168634682893753,0.2957821488380432,0.3597218096256256,0.37926235795021057,0.4065605700016022,0.4318896234035492,0.43445825576782227,0.4549735188484192,0.43846163153648376,0.3305094242095947
2025-06-30,Arel,ACOLITE,S2B_MSI_2025_06_30_11_45_58_T28QCH_L2W,C:\Users\Simon\Nextcloud\Project\Mauritania\Science\Arguin - FieldWork Data Processing\Data\S2\ACOLITE\2025-06-30,246,875,849,342545.0,2201225.0,0.17333944141864777,0.22012124955654144,0.2975262403488159,0.36537042260169983,0.3862836956977844,0.4122534692287445,0.43905630707740784,0.43977075815200806,0.4612791836261749,0.4474220275878906,0.3376702666282654
2025-06-30,Arel,ACOLITE,S2B_MSI_2025_06_30_11_45_58_T28QCH_L2W,C:\Users\Simon\Nextcloud\Project\Mauritania\Science\Arguin - FieldWork Data Processing\Data\S2\ACOLITE\2025-06-30,247,875,850,342555.0,2201225.0,0.1733396053314209,0.22234822809696198,0.3033738434314728,0.36730051040649414,0.38628947734832764,0.4122597575187683,0.4390629827976227,0.439906507730484,0.46128588914871216,0.4474257528781891,0.33767351508140564
2025-06-30,Arel,ACOLITE,S2B_MSI_2025_06_30_11_45_58_T28QCH_L2W,C:\Users\Simon\Nextcloud\Project\Mauritania\Science\Arguin - FieldWork Data Processing\Data\S2\ACOLITE\2025-06-30,248,875,851,342565.0,2201225.0,0.17333978414535522,0.22542744874954224,0.3109387755393982,0.37115171551704407,0.38966289162635803,0.41965797543525696,0.44508838653564453,0.4453411400318146,0.466615229845047,0.450528085231781,0.341436505317688
2025-06-30,Arel,ACOLITE,S2B_MSI_2025_06_30_11_45_58_T28QCH_L2W,C:\Users\Simon\Nextcloud\Project\Mauritania\Science\Arguin - FieldWork Data Processing\Data\S2\ACOLITE\2025-06-30,249,875,852,342575.0,2201225.0,0.17333994805812836,0.2302079200744629,0.3129873275756836,0.37335270643234253,0.3896687626838684,0.4196644425392151,0.4450952112674713,0.4489622712135315,0.466621994972229,0.45053184032440186,0.34143978357315063
2025-06-30,Arel,ACOLITE,S2B_MSI_2025_06_30_11_45_58_T28QCH_L2W,C:\Users\Simon\Nextcloud\Project\Mauritania\Science\Arguin - FieldWork Data Processing\Data\S2\ACOLITE\2025-06-30,250,875,853,342585.0,2201225.0,0.17334012687206268,0.23463797569274902,0.3140920102596283,0.3781551420688629,0.3989511728286743,0.42770472168922424,0.4519863426685333,0.45103293657302856,0.4750825762748718,0.4538626968860626,0.3438684046268463
2025-06-30,Arel,ACOLITE,S2B_MSI_2025_06_30_11_45_58_T28QCH_L2W,C:\Users\Simon\Nextcloud\Project\Mauritania\Science\Arguin - FieldWork Data Processing\Data\S2\ACOLITE\2025-06-30,251,875,854,342595.0,2201225.0,0.17334029078483582,0.24075651168823242,0.32052910327911377,0.3810354769229889,0.3989572525024414,0.4277113378047943,0.45199328660964966,0.4569677412509918,0.47508949041366577,0.45386648178100586,0.34387174248695374
2025-06-30,Arel,ACOLITE,S2B_MSI_2025_06_30_11_45_58_T28QCH_L2W,C:\Users\Simon\Nextcloud\Project\Mauritania\Science\Arguin - FieldWork Data Processing\Data\S2\ACOLITE\2025-06-30,252,875,855,342605.0,2201225.0,0.17878176271915436,0.2377031147480011,0.32006409764289856,0.3761120140552521,0.39923182129859924,0.43284448981285095,0.45262545347213745,0.4555576741695404,0.4790758490562439,0.45639362931251526,0.3373258709907532
2025-06-30,Arel,ACOLITE,S2B_MSI_2025_06_30_11_45_58_T28QCH_L2W,C:\Users\Simon\Nextcloud\Project\Mauritania\Science\Arguin - FieldWork Data Processing\Data\S2\ACOLITE\2025-06-30,253,875,856,342615.0,2201225.0,0.17878217995166779,0.23464514315128326,0.31661906838417053,0.37076833844184875,0.39923790097236633,0.43285122513771057,0.45263242721557617,0.45208460092544556,0.479082852602005,0.4563974440097809,0.3373291492462158
2025-06-30,Arel,ACOLITE,S2B_MSI_2025_06_30_11_45_58_T28QCH_L2W,C:\Users\Simon\Nextcloud\Project\Mauritania\Science\Arguin - FieldWork Data Processing\Data\S2\ACOLITE\2025-06-30,254,875,857,342625.0,2201225.0,0.17878258228302002,0.2397461086511612,0.3177223801612854,0.3762607276439667,0.3949452042579651,0.42707327008247375,0.4477595388889313,0.4536382853984833,0.4758341610431671,0.4515833556652069,0.32871779799461365
2025-06-30,Arel,ACOLITE,S2B_MSI_2025_06_30_11_45_58_T28QCH_L2W,C:\Users\Simon\Nextcloud\Project\Mauritania\Science\Arguin - FieldWork Data Processing\Data\S2\ACOLITE\2025-06-30,255,875,858,342635.0,2201225.0,0.17878301441669464,0.23482011258602142,0.31427374482154846,0.37352439761161804,0.394951194524765,0.4270798861980438,0.44776639342308044,0.447453111410141,0.47584113478660583,0.45158711075782776,0.32872098684310913
2025-06-30,Arel,ACOLITE,S2B_MSI_2025_06_30_11_45_58_T28QCH_L2W,C:\Users\Simon\Nextcloud\Project\Mauritania\Science\Arguin - FieldWork Data Processing\Data\S2\ACOLITE\2025-06-30,256,875,859,342645.0,2201225.0,0.17878341674804688,0.23175759613513947,0.31066277623176575,0.36721354722976685,0.39562928676605225,0.4191818833351135,0.4480236768722534,0.44642674922943115,0.47596874833106995,0.4457373023033142,0.3190126419067383
2025-06-30,Arel,ACOLITE,S2B_MSI_2025_06_30_11_45_58_T28QCH_L2W,C:\Users\Simon\Nextcloud\Project\Mauritania\Science\Arguin - FieldWork Data Processing\Data\S2\ACOLITE\2025-06-30,257,875,860,342655.0,2201225.0,0.1787838488817215,0.23618575930595398,0.31569716334342957,0.3738102912902832,0.39563530683517456,0.41918832063674927,0.4480305314064026,0.44836995005607605,0.4759756922721863,0.44574102759361267,0.3190157115459442
2025-06-30,Arel,ACOLITE,S2B_MSI_2025_06_30_11_45_58_T28QCH_L2W,C:\Users\Simon\Nextcloud\Project\Mauritania\Science\Arguin - FieldWork Data Processing\Data\S2\ACOLITE\2025-06-30,258,875,861,342665.0,2201225.0,0.18227504193782806,0.2406051754951477,0.31884056329727173,0.3757357597351074,0.39550691843032837,0.42538854479789734,0.44916412234306335,0.44618162512779236,0.47899743914604187,0.44011738896369934,0.3054140508174896
2025-06-30,Arel,ACOLITE,S2B_MSI_2025_06_30_11_45_58_T28QCH_L2W,C:\Users\Simon\Nextcloud\Project\Mauritania\Science\Arguin - FieldWork Data Processing\Data\S2\ACOLITE\2025-06-30,259,875,862,342675.0,2201225.0,0.18227563798427582,0.24230435490608215,0.32025671005249023,0.3786190152168274,0.3955129384994507,0.42539507150650024,0.4491710066795349,0.45302727818489075,0.479004442691803,0.44012102484703064,0.3054169714450836
2025-06-30,Arel,ACOLITE,S2B_MSI_2025_06_30_11_45_58_T28QCH_L2W,C:\Users\Simon\Nextcloud\Project\Mauritania\Science\Arguin - FieldWork Data Processing\Data\S2\ACOLITE\2025-06-30,260,875,863,342685.0,2201225.0,0.18227621912956238,0.2404407411813736,0.3161831498146057,0.3723182678222656,0.39363646507263184,0.4219765365123749,0.4486771523952484,0.4461947977542877,0.4731001853942871,0.4348389208316803,0.3003154695034027
2025-06-30,Arel,ACOLITE,S2B_MSI_2025_06_30_11_45_58_T28QCH_L2W,C:\Users\Simon\Nextcloud\Project\Mauritania\Science\Arguin - FieldWork Data Processing\Data\S2\ACOLITE\2025-06-30,261,875,864,342695.0,2201225.0,0.18227678537368774,0.24044334888458252,0.31618809700012207,0.3731473982334137,0.3936424255371094,0.421983003616333,0.44868403673171997,0.447105348110199,0.47310706973075867,0.4348425269126892,0.30031833052635193
2025-06-30,Arel,ACOLITE,S2B_MSI_2025_06_30_11_45_58_T28QCH_L2W,C:\Users\Simon\Nextcloud\Project\Mauritania\Science\Arguin - FieldWork Data Processing\Data\S2\ACOLITE\2025-06-30,262,875,865,342705.0,2201225.0,0.1822773665189743,0.24248197674751282,0.31854715943336487,0.37329035997390747,0.3909569978713989,0.42053931951522827,0.44656190276145935,0.4445284605026245,0.4704570770263672,0.43358170986175537,0.3044535517692566
2025-06-30,Arel,ACOLITE,S2B_MSI_2025_06_30_11_45_58_T28QCH_L2W,C:\Users\Simon\Nextcloud\Project\Mauritania\Science\Arguin - FieldWork Data Processing\Data\S2\ACOLITE\2025-06-30,263,875,866,342715.0,2201225.0,0.18227791786193848,0.23824062943458557,0.3133702278137207,0.3664277195930481,0.3909628987312317,0.420545756816864,0.4465687572956085,0.44285479187965393,0.47046393156051636,0.4335852861404419,0.3044564723968506
2025-06-30,Arel,ACOLITE,S2B_MSI_2025_06_30_11_45_58_T28QCH_L2W,C:\Users\Simon\Nextcloud\Project\Mauritania\Science\Arguin - FieldWork Data Processing\Data\S2\ACOLITE\2025-06-30,264,875,867,342725.0,2201225.0,0.17412124574184418,0.2380732297897339,0.3130607604980469,0.37508514523506165,0.3904302418231964,0.42292505502700806,0.4449465870857239,0.44777071475982666,0.47348999977111816,0.4322092831134796,0.3067682981491089
2025-06-30,Arel,ACOLITE,S2B_MSI_2025_06_30_11_45_58_T28QCH_L2W,C:\Users\Simon\Nextcloud\Project\Mauritania\Science\Arguin - FieldWork Data Processing\Data\S2\ACOLITE\2025-06-30,265,875,868,342735.0,2201225.0,0.1741214245557785,0.2407933473587036,0.3169931471347809,0.37179791927337646,0.3904361128807068,0.4229315519332886,0.44495338201522827,0.4498426616191864,0.4734969139099121,0.4322128891944885,0.30677124857902527
2025-06-30,Arel,ACOLITE,S2B_MSI_2025_06_30_11_45_58_T28QCH_L2W,C:\Users\Simon\Nextcloud\Project\Mauritania\Science\Arguin - FieldWork Data Processing\Data\S2\ACOLITE\2025-06-30,266,875,869,342745.0,2201225.0,0.1741216629743576,0.23450610041618347,0.31432804465293884,0.3696061372756958,0.3955550193786621,0.42372867465019226,0.4512217342853546,0.4521715044975281,0.47374528646469116,0.43509045243263245,0.303371399641037
2025-06-30,Arel,ACOLITE,S2B_MSI_2025_06_30_11_45_58_T28QCH_L2W,C:\Users\Simon\Nextcloud\Project\Mauritania\Science\Arguin - FieldWork Data Processing\Data\S2\ACOLITE\2025-06-30,267,875,870,342755.0,2201225.0,0.17412187159061432,0.24249547719955444,0.32233500480651855,0.38154134154319763,0.3955610394477844,0.42373520135879517,0.45122867822647095,0.456560879945755,0.4737522006034851,0.43509405851364136,0.303374320268631
2025-06-30,Arel,ACOLITE,S2B_MSI_2025_06_30_11_45_58_T28QCH_L2W,C:\Users\Simon\Nextcloud\Project\Mauritania\Science\Arguin - FieldWork Data Processing\Data\S2\ACOLITE\2025-06-30,268,875,871,342765.0,2201225.0,0.17412208020687103,0.24571874737739563,0.31998923420906067,0.3816841244697571,0.3892415761947632,0.4232146739959717,0.4501092731952667,0.4575982093811035,0.4783441126346588,0.4330284297466278,0.2943810522556305
2025-06-30,Arel,ACOLITE,S2B_MSI_2025_06_30_11_45_58_T28QCH_L2W,C:\Users\Simon\Nextcloud\Project\Mauritania\Science\Arguin - FieldWork Data Processing\Data\S2\ACOLITE\2025-06-30,269,875,872,342775.0,2201225.0,0.17412228882312775,0.22735033929347992,0.3041061460971832,0.36012744903564453,0.38924744725227356,0.4232211709022522,0.45011618733406067,0.4408246576786041,0.4783511161804199,0.4330320358276367,0.29438385367393494
2025-06-30,Arel,ACOLITE,S2B_MSI_2025_06_30_11_45_58_T28QCH_L2W,C:\Users\Simon\Nextcloud\Project\Mauritania\Science\Arguin - FieldWork Data Processing\Data\S2\ACOLITE\2025-06-30,270,875,873,342785.0,2201225.0,0.1210305318236351,0.20813383162021637,0.28589558601379395,0.34077292680740356,0.3712841868400574,0.3979623019695282,0.42802494764328003,0.4309871792793274,0.4565930962562561,0.4291258454322815,0.2994932532310486
2025-06-30,Arel,ACOLITE,S2B_MSI_2025_06_30_11_45_58_T28QCH_L2W,C:\Users\Simon\Nextcloud\Project\Mauritania\Science\Arguin - FieldWork Data Processing\Data\S2\ACOLITE\2025-06-30,271,875,874,342795.0,2201225.0,0.12102833390235901,0.2034764289855957,0.27809765934944153,0.3399452865123749,0.3712896406650543,0.39796823263168335,0.42803141474723816,0.42787966132164,0.4565996825695038,0.42912939190864563,0.2994961142539978
2025-06-30,Arel,ACOLITE,S2B_MSI_2025_06_30_11_45_58_T28QCH_L2W,C:\Users\Simon\Nextcloud\Project\Mauritania\Science\Arguin - FieldWork Data Processing\Data\S2\ACOLITE\2025-06-30,272,876,841,342465.0,2201215.0,0.12529033422470093,0.19427496194839478,0.2693582773208618,0.3272815942764282,0.3584975302219391,0.3868778944015503,0.4095260500907898,0.40099650621414185,0.434151291847229,0.40875738859176636,0.3049929141998291
2025-06-30,Arel,ACOLITE,S2B_MSI_2025_06_30_11_45_58_T28QCH_L2W,C:\Users\Simon\Nextcloud\Project\Mauritania\Science\Arguin - FieldWork Data Processing\Data\S2\ACOLITE\2025-06-30,273,876,842,342475.0,2201215.0,0.12528833746910095,0.20602498948574066,0.28036773204803467,0.3418706953525543,0.35850265622138977,0.38688355684280396,0.4095321297645569,0.4175538718700409,0.43415746092796326,0.4087607264518738,0.3049958646297455
2025-06-30,Arel,ACOLITE,S2B_MSI_2025_06_30_11_45_58_T28QCH_L2W,C:\Users\Simon\Nextcloud\Project\Mauritania\Science\Arguin - FieldWork Data Processing\Data\S2\ACOLITE\2025-06-30,274,876,843,342485.0,2201215.0,0.16573716700077057,0.20981407165527344,0.2848241925239563,0.3472749590873718,0.37139514088630676,0.40110310912132263,0.42859068512916565,0.424706369638443,0.44645071029663086,0.4274117350578308,0.32369980216026306
2025-06-30,Arel,ACOLITE,S2B_MSI_2025_06_30_11_45_58_T28QCH_L2W,C:\Users\Simon\Nextcloud\Project\Mauritania\Science\Arguin - FieldWork Data Processing\Data\S2\ACOLITE\2025-06-30,275,876,844,342495.0,2201215.0,0.16573700308799744,0.21325340867042542,0.29196783900260925,0.35059797763824463,0.3714005947113037,0.40110912919044495,0.4285971522331238,0.42704859375953674,0.4464571177959442,0.42741525173187256,0.32370293140411377
2025-06-30,Arel,ACOLITE,S2B_MSI_2025_06_30_11_45_58_T28QCH_L2W,C:\Users\Simon\Nextcloud\Project\Mauritania\Science\Arguin - FieldWork Data Processing\Data\S2\ACOLITE\2025-06-30,276,876,845,342505.0,2201215.0,0.1657368242740631,0.21994349360466003,0.29735317826271057,0.35598716139793396,0.37992414832115173,0.4082661271095276,0.43727657198905945,0.42731425166130066,0.45568525791168213,0.4353509247303009,0.32916727662086487
2025-06-30,Arel,ACOLITE,S2B_MSI_2025_06_30_11_45_58_T28QCH_L2W,C:\Users\Simon\Nextcloud\Project\Mauritania\Science\Arguin - FieldWork Data Processing\Data\S2\ACOLITE\2025-06-30,277,876,846,342515.0,2201215.0,0.16573667526245117,0.2201165407896042,0.3013070225715637,0.3569578528404236,0.379929780960083,0.40827229619026184,0.4372832477092743,0.430692195892334,0.4556918442249298,0.4353545308113098,0.32917043566703796
2025-06-30,Arel,ACOLITE,S2B_MSI_2025_06_30_11_45_58_T28QCH_L2W,C:\Users\Simon\Nextcloud\Project\Mauritania\Science\Arguin - FieldWork Data Processing\Data\S2\ACOLITE\2025-06-30,278,876,847,342525.0,2201215.0,0.16573649644851685,0.22302746772766113,0.2992585003376007,0.3590308427810669,0.38492774963378906,0.4117162525653839,0.4367876648902893,0.4327719807624817,0.46260130405426025,0.4429396986961365,0.33451202511787415
2025-06-30,Arel,ACOLITE,S2B_MSI_2025_06_30_11_45_58_T28QCH_L2W,C:\Users\Simon\Nextcloud\Project\Mauritania\Science\Arguin - FieldWork Data Processing\Data\S2\ACOLITE\2025-06-30,279,876,848,342535.0,2201215.0,0.16573631763458252,0.21634961664676666,0.2968919277191162,0.3591740131378174,0.3849335014820099,0.4117225408554077,0.43679431080818176,0.43562763929367065,0.4626080095767975,0.44294339418411255,0.334515243768692
2025-06-30,Arel,ACOLITE,S2B_MSI_2025_06_30_11_45_58_T28QCH_L2W,C:\Users\Simon\Nextcloud\Project\Mauritania\Science\Arguin - FieldWork Data Processing\Data\S2\ACOLITE\2025-06-30,280,876,849,342545.0,2201215.0,0.17780868709087372,0.2206357717514038,0.2983192503452301,0.3630352318286896,0.3908661901950836,0.41925355792045593,0.44507908821105957,0.440421462059021,0.470110148191452,0.45304709672927856,0.34337225556373596
2025-06-30,Arel,ACOLITE,S2B_MSI_2025_06_30_11_45_58_T28QCH_L2W,C:\Users\Simon\Nextcloud\Project\Mauritania\Science\Arguin - FieldWork Data Processing\Data\S2\ACOLITE\2025-06-30,281,876,850,342555.0,2201215.0,0.17780905961990356,0.2262803614139557,0.3073170781135559,0.3688153326511383,0.39087215065956116,0.4192599952220917,0.44508588314056396,0.4483080506324768,0.4701169729232788,0.4530508518218994,0.343375563621521
2025-06-30,Arel,ACOLITE,S2B_MSI_2025_06_30_11_45_58_T28QCH_L2W,C:\Users\Simon\Nextcloud\Project\Mauritania\Science\Arguin - FieldWork Data Processing\Data\S2\ACOLITE\2025-06-30,282,876,851,342565.0,2201215.0,0.1778094470500946,0.22986577451229095,0.3117278814315796,0.3752700388431549,0.39545056223869324,0.42519545555114746,0.4522269368171692,0.4505079686641693,0.47483184933662415,0.45752763748168945,0.34604641795158386
2025-06-30,Arel,ACOLITE,S2B_MSI_2025_06_30_11_45_58_T28QCH_L2W,C:\Users\Simon\Nextcloud\Project\Mauritania\Science\Arguin - FieldWork Data Processing\Data\S2\ACOLITE\2025-06-30,283,876,852,342575.0,2201215.0,0.17780980467796326,0.23174269497394562,0.31236159801483154,0.3751388192176819,0.39545658230781555,0.42520198225975037,0.4522339105606079,0.4487084150314331,0.4748387634754181,0.4575314521789551,0.3460497558116913
2025-06-30,Arel,ACOLITE,S2B_MSI_2025_06_30_11_45_58_T28QCH_L2W,C:\Users\Simon\Nextcloud\Project\Mauritania\Science\Arguin - FieldWork Data Processing\Data\S2\ACOLITE\2025-06-30,284,876,853,342585.0,2201215.0,0.1778101921081543,0.23718959093093872,0.31880301237106323,0.37596696615219116,0.3934459984302521,0.4244185984134674,0.4504898488521576,0.4528423547744751,0.4758107662200928,0.45787927508354187,0.3444768488407135
2025-06-30,Arel,ACOLITE,S2B_MSI_2025_06_30_11_45_58_T28QCH_L2W,C:\Users\Simon\Nextcloud\Project\Mauritania\Science\Arguin - FieldWork Data Processing\Data\S2\ACOLITE\2025-06-30,285,876,854,342595.0,2201215.0,0.17781054973602295,0.23923040926456451,0.3206888437271118,0.38035500049591064,0.3934519588947296,0.4244251549243927,0.45049676299095154,0.4561993181705475,0.4758177697658539,0.4578830897808075,0.3444801867008209
2025-06-30,Arel,ACOLITE,S2B_MSI_2025_06_30_11_45_58_T28QCH_L2W,C:\Users\Simon\Nextcloud\Project\Mauritania\Science\Arguin - FieldWork Data Processing\Data\S2\ACOLITE\2025-06-30,286,876,855,342605.0,2201215.0,0.17955757677555084,0.2373645305633545,0.31928348541259766,0.3787183463573456,0.40030941367149353,0.42416828870773315,0.45000317692756653,0.45362916588783264,0.4779954254627228,0.4537581205368042,0.33077651262283325
2025-06-30,Arel,ACOLITE,S2B_MSI_2025_06_30_11_45_58_T28QCH_L2W,C:\Users\Simon\Nextcloud\Project\Mauritania\Science\Arguin - FieldWork Data Processing\Data\S2\ACOLITE\2025-06-30,287,876,856,342615.0,2201215.0,0.17955805361270905,0.23872609436511993,0.3161511719226837,0.37475070357322693,0.400315523147583,0.42417484521865845,0.4500100910663605,0.45041224360466003,0.4780024290084839,0.45376190543174744,0.33077970147132874
2025-06-30,Arel,ACOLITE,S2B_MSI_2025_06_30_11_45_58_T28QCH_L2W,C:\Users\Simon\Nextcloud\Project\Mauritania\Science\Arguin - FieldWork Data Processing\Data\S2\ACOLITE\2025-06-30,288,876,857,342625.0,2201215.0,0.17955848574638367,0.2385587990283966,0.31537118554115295,0.37461942434310913,0.3962930142879486,0.4237862527370453,0.44626107811927795,0.45274025201797485,0.4772859811782837,0.44837260246276855,0.3199799060821533
2025-06-30,Arel,ACOLITE,S2B_MSI_2025_06_30_11_45_58_T28QCH_L2W,C:\Users\Simon\Nextcloud\Project\Mauritania\Science\Arguin - FieldWork Data Processing\Data\S2\ACOLITE\2025-06-30,289,876,858,342635.0,2201215.0,0.17955894768238068,0.2363521009683609,0.3141196370124817,0.37188151478767395,0.3962990343570709,0.4237927496433258,0.4462679326534271,0.44810280203819275,0.4772929847240448,0.448376327753067,0.31998297572135925
2025-06-30,Arel,ACOLITE,S2B_MSI_2025_06_30_11_45_58_T28QCH_L2W,C:\Users\Simon\Nextcloud\Project\Mauritania\Science\Arguin - FieldWork Data Processing\Data\S2\ACOLITE\2025-06-30,290,876,859,342645.0,2201215.0,0.1795593947172165,0.2397526055574417,0.3166370987892151,0.37325942516326904,0.39375078678131104,0.41852641105651855,0.4482784867286682,0.4477221667766571,0.4770587384700775,0.4429839551448822,0.31197068095207214
2025-06-30,Arel,ACOLITE,S2B_MSI_2025_06_30_11_45_58_T28QCH_L2W,C:\Users\Simon\Nextcloud\Project\Mauritania\Science\Arguin - FieldWork Data Processing\Data\S2\ACOLITE\2025-06-30,291,876,860,342655.0,2201215.0,0.1795598268508911,0.24755078554153442,0.3218163549900055,0.37422534823417664,0.3937567472457886,0.4185328483581543,0.44828537106513977,0.44901952147483826,0.477065771818161,0.4429876506328583,0.3119736909866333
2025-06-30,Arel,ACOLITE,S2B_MSI_2025_06_30_11_45_58_T28QCH_L2W,C:\Users\Simon\Nextcloud\Project\Mauritania\Science\Arguin - FieldWork Data Processing\Data\S2\ACOLITE\2025-06-30,292,876,861,342665.0,2201215.0,0.18149970471858978,0.23805932700634003,0.31507694721221924,0.3743683099746704,0.3916100859642029,0.41985827684402466,0.44854262471199036,0.44773536920547485,0.47200414538383484,0.4395454227924347,0.3038361966609955
2025-06-30,Arel,ACOLITE,S2B_MSI_2025_06_30_11_45_58_T28QCH_L2W,C:\Users\Simon\Nextcloud\Project\Mauritania\Science\Arguin - FieldWork Data Processing\Data\S2\ACOLITE\2025-06-30,293,876,862,342675.0,2201215.0,0.18150022625923157,0.24179692566394806,0.32307955622673035,0.37505975365638733,0.39161598682403564,0.4198647141456604,0.4485495090484619,0.45109719038009644,0.4720110595226288,0.4395490884780884,0.3038390874862671
2025-06-30,Arel,ACOLITE,S2B_MSI_2025_06_30_11_45_58_T28QCH_L2W,C:\Users\Simon\Nextcloud\Project\Mauritania\Science\Arguin - FieldWork Data Processing\Data\S2\ACOLITE\2025-06-30,294,876,863,342685.0,2201215.0,0.18150077760219574,0.2421387881040573,0.3201081454753876,0.3728708326816559,0.3897370994091034,0.41776034235954285,0.44567564129829407,0.4476194679737091,0.4654916822910309,0.4353010952472687,0.29837244749069214
2025-06-30,Arel,ACOLITE,S2B_MSI_2025_06_30_11_45_58_T28QCH_L2W,C:\Users\Simon\Nextcloud\Project\Mauritania\Science\Arguin - FieldWork Data Processing\Data\S2\ACOLITE\2025-06-30,295,876,864,342695.0,2201215.0,0.18150129914283752,0.24095384776592255,0.3165051341056824,0.3712294399738312,0.38974297046661377,0.4177667200565338,0.44568249583244324,0.4459472596645355,0.4654984772205353,0.4353047013282776,0.29837527871131897
2025-06-30,Arel,ACOLITE,S2B_MSI_2025_06_30_11_45_58_T28QCH_L2W,C:\Users\Simon\Nextcloud\Project\Mauritania\Science\Arguin - FieldWork Data Processing\Data\S2\ACOLITE\2025-06-30,296,876,865,342705.0,2201215.0,0.1815018504858017,0.2404472976922989,0.3155680298805237,0.36793801188468933,0.38611045479774475,0.4143400192260742,0.4430568814277649,0.4423353374004364,0.46961572766304016,0.4341588616371155,0.3045770227909088
2025-06-30,Arel,ACOLITE,S2B_MSI_2025_06_30_11_45_58_T28QCH_L2W,C:\Users\Simon\Nextcloud\Project\Mauritania\Science\Arguin - FieldWork Data Processing\Data\S2\ACOLITE\2025-06-30,297,876,866,342715.0,2201215.0,0.18150238692760468,0.2295577973127365,0.30912521481513977,0.36023610830307007,0.38611623644828796,0.4143463373184204,0.4430636465549469,0.4391081631183624,0.46962258219718933,0.4341624677181244,0.3045799434185028
2025-06-30,Arel,ACOLITE,S2B_MSI_2025_06_30_11_45_58_T28QCH_L2W,C:\Users\Simon\Nextcloud\Project\Mauritania\Science\Arguin - FieldWork Data Processing\Data\S2\ACOLITE\2025-06-30,298,876,867,342725.0,2201215.0,0.1824721097946167,0.23296983540058136,0.31400683522224426,0.3694609999656677,0.3947400450706482,0.4217429757118225,0.4495854377746582,0.44415804743766785,0.47868233919143677,0.4384184181690216,0.30810680985450745
2025-06-30,Arel,ACOLITE,S2B_MSI_2025_06_30_11_45_58_T28QCH_L2W,C:\Users\Simon\Nextcloud\Project\Mauritania\Science\Arguin - FieldWork Data Processing\Data\S2\ACOLITE\2025-06-30,299,876,868,342735.0,2201215.0,0.18247270584106445,0.2470661699771881,0.32373714447021484,0.3753688633441925,0.3947460353374481,0.421749472618103,0.44959232211112976,0.4533297121524811,0.4786893427371979,0.4384220540523529,0.3081097900867462
2025-06-30,Arel,ACOLITE,S2B_MSI_2025_06_30_11_45_58_T28QCH_L2W,C:\Users\Simon\Nextcloud\Project\Mauritania\Science\Arguin - FieldWork Data Processing\Data\S2\ACOLITE\2025-06-30,300,876,869,342745.0,2201215.0,0.182473286986351,0.2465612292289734,0.3253074884414673,0.3826337456703186,0.38721221685409546,0.420833021402359,0.44446316361427307,0.4574601948261261,0.4790581166744232,0.43750637769699097,0.29753854870796204
2025-06-30,Arel,ACOLITE,S2B_MSI_2025_06_30_11_45_58_T28QCH_L2W,C:\Users\Simon\Nextcloud\Project\Mauritania\Science\Arguin - FieldWork Data Processing\Data\S2\ACOLITE\2025-06-30,301,876,870,342755.0,2201215.0,0.18247388303279877,0.2311018854379654,0.3126066327095032,0.36934059858322144,0.38721805810928345,0.42083948850631714,0.44446998834609985,0.4481821656227112,0.4790651202201843,0.43751001358032227,0.29754137992858887
2025-06-30,Arel,ACOLITE,S2B_MSI_2025_06_30_11_45_58_T28QCH_L2W,C:\Users\Simon\Nextcloud\Project\Mauritania\Science\Arguin - FieldWork Data Processing\Data\S2\ACOLITE\2025-06-30,302,876,871,342765.0,2201215.0,0.18247444927692413,0.2179332673549652,0.2954096794128418,0.35308754444122314,0.37574461102485657,0.40816226601600647,0.43355339765548706,0.43784600496292114,0.4622783660888672,0.4303862154483795,0.2958420515060425
2025-06-30,Arel,ACOLITE,S2B_MSI_2025_06_30_11_45_58_T28QCH_L2W,C:\Users\Simon\Nextcloud\Project\Mauritania\Science\Arguin - FieldWork Data Processing\Data\S2\ACOLITE\2025-06-30,303,876,872,342775.0,2201215.0,0.1824750155210495,0.21346941590309143,0.2885950207710266,0.34368300437927246,0.3757501542568207,0.4081684648990631,0.43355998396873474,0.43085530400276184,0.4622850716114044,0.43038979172706604,0.2958448827266693
2025-06-30,Arel,ACOLITE,S2B_MSI_2025_06_30_11_45_58_T28QCH_L2W,C:\Users\Simon\Nextcloud\Project\Mauritania\Science\Arguin - FieldWork Data Processing\Data\S2\ACOLITE\2025-06-30,304,876,873,342785.0,2201215.0,0.13021114468574524,0.2096850425004959,0.2870105504989624,0.3428562581539154,0.36464163661003113,0.39703646302223206,0.4231138229370117,0.43060219287872314,0.45562735199928284,0.4274028539657593,0.3072739541530609
2025-06-30,Arel,ACOLITE,S2B_MSI_2025_06_30_11_45_58_T28QCH_L2W,C:\Users\Simon\Nextcloud\Project\Mauritania\Science\Arguin - FieldWork Data Processing\Data\S2\ACOLITE\2025-06-30,305,876,874,342795.0,2201215.0,0.13020935654640198,0.2069288194179535,0.28653785586357117,0.33606016635894775,0.36464691162109375,0.3970424234867096,0.4231201708316803,0.4248971939086914,0.4556339383125305,0.4274064004421234,0.3072769045829773
2025-06-30,Arel,ACOLITE,S2B_MSI_2025_06_30_11_45_58_T28QCH_L2W,C:\Users\Simon\Nextcloud\Project\Mauritania\Science\Arguin - FieldWork Data Processing\Data\S2\ACOLITE\2025-06-30,306,877,841,342465.0,2201205.0,0.1252884864807129,0.1939285695552826,0.27063876390457153,0.3275628089904785,0.3585006594657898,0.38688141107559204,0.40952983498573303,0.40661200881004333,0.4341551959514618,0.40875959396362305,0.3049948215484619
2025-06-30,Arel,ACOLITE,S2B_MSI_2025_06_30_11_45_58_T28QCH_L2W,C:\Users\Simon\Nextcloud\Project\Mauritania\Science\Arguin - FieldWork Data Processing\Data\S2\ACOLITE\2025-06-30,307,877,842,342475.0,2201205.0,0.12528645992279053,0.2077479511499405,0.2849813401699066,0.34270498156547546,0.3585057854652405,0.3868871033191681,0.4095359146595001,0.4198979437351227,0.43416139483451843,0.40876293182373047,0.3049977421760559
2025-06-30,Arel,ACOLITE,S2B_MSI_2025_06_30_11_45_58_T28QCH_L2W,C:\Users\Simon\Nextcloud\Project\Mauritania\Science\Arguin - FieldWork Data Processing\Data\S2\ACOLITE\2025-06-30,308,877,843,342485.0,2201205.0,0.16573649644851685,0.2111903876066208,0.2860972285270691,0.34589454531669617,0.3713985085487366,0.4011068642139435,0.42859476804733276,0.42548906803131104,0.4464547336101532,0.42741405963897705,0.3237018287181854
2025-06-30,Arel,ACOLITE,S2B_MSI_2025_06_30_11_45_58_T28QCH_L2W,C:\Users\Simon\Nextcloud\Project\Mauritania\Science\Arguin - FieldWork Data Processing\Data\S2\ACOLITE\2025-06-30,309,877,844,342495.0,2201205.0,0.1657363474369049,0.21428434550762177,0.28911682963371277,0.35115379095077515,0.37140393257141113,0.4011128842830658,0.4286012351512909,0.4226386845111847,0.44646117091178894,0.4274175763130188,0.32370495796203613
2025-06-30,Arel,ACOLITE,S2B_MSI_2025_06_30_11_45_58_T28QCH_L2W,C:\Users\Simon\Nextcloud\Project\Mauritania\Science\Arguin - FieldWork Data Processing\Data\S2\ACOLITE\2025-06-30,310,877,845,342505.0,2201205.0,0.16573618352413177,0.22028672695159912,0.29814612865448,0.3579208254814148,0.3799276351928711,0.408270001411438,0.4372807741165161,0.4321155250072479,0.4556894302368164,0.4353533089160919,0.3291693329811096
2025-06-30,Arel,ACOLITE,S2B_MSI_2025_06_30_11_45_58_T28QCH_L2W,C:\Users\Simon\Nextcloud\Project\Mauritania\Science\Arguin - FieldWork Data Processing\Data\S2\ACOLITE\2025-06-30,311,877,846,342515.0,2201205.0,0.16573600471019745,0.22678518295288086,0.30414944887161255,0.36384767293930054,0.37993329763412476,0.40827617049217224,0.43728742003440857,0.4373015761375427,0.4556960165500641,0.4353569447994232,0.3291724920272827
2025-06-30,Arel,ACOLITE,S2B_MSI_2025_06_30_11_45_58_T28QCH_L2W,C:\Users\Simon\Nextcloud\Project\Mauritania\Science\Arguin - FieldWork Data Processing\Data\S2\ACOLITE\2025-06-30,312,877,847,342525.0,2201205.0,0.16573582589626312,0.22302833199501038,0.2987871468067169,0.36192652583122253,0.3849313259124756,0.4117202162742615,0.43679186701774597,0.43640199303627014,0.4626055657863617,0.44294214248657227,0.3345141112804413
2025-06-30,Arel,ACOLITE,S2B_MSI_2025_06_30_11_45_58_T28QCH_L2W,C:\Users\Simon\Nextcloud\Project\Mauritania\Science\Arguin - FieldWork Data Processing\Data\S2\ACOLITE\2025-06-30,313,877,848,342535.0,2201205.0,0.16573567688465118,0.21789368987083435,0.29784321784973145,0.3561443090438843,0.3849370777606964,0.4117264449596405,0.43679848313331604,0.4379614293575287,0.4626123011112213,0.44294583797454834,0.33451735973358154
2025-06-30,Arel,ACOLITE,S2B_MSI_2025_06_30_11_45_58_T28QCH_L2W,C:\Users\Simon\Nextcloud\Project\Mauritania\Science\Arguin - FieldWork Data Processing\Data\S2\ACOLITE\2025-06-30,314,877,849,342545.0,2201205.0,0.17780838906764984,0.21926642954349518,0.301007479429245,0.36262574791908264,0.3908699154853821,0.41925758123397827,0.4450834095478058,0.4424939751625061,0.47011449933052063,0.45304960012435913,0.34337443113327026
2025-06-30,Arel,ACOLITE,S2B_MSI_2025_06_30_11_45_58_T28QCH_L2W,C:\Users\Simon\Nextcloud\Project\Mauritania\Science\Arguin - FieldWork Data Processing\Data\S2\ACOLITE\2025-06-30,315,877,850,342555.0,2201205.0,0.1778087466955185,0.22662284970283508,0.3070048689842224,0.370604008436203,0.39087578654289246,0.419264018535614,0.4450902044773102,0.4476669430732727,0.4701213538646698,0.45305338501930237,0.3433777391910553
2025-06-30,Arel,ACOLITE,S2B_MSI_2025_06_30_11_45_58_T28QCH_L2W,C:\Users\Simon\Nextcloud\Project\Mauritania\Science\Arguin - FieldWork Data Processing\Data\S2\ACOLITE\2025-06-30,316,877,851,342565.0,2201205.0,0.17780914902687073,0.23037827014923096,0.3148733079433441,0.37705501914024353,0.3954543173313141,0.42519956827163696,0.45223134756088257,0.4508991241455078,0.4748362898826599,0.4575301706790924,0.34604859352111816
2025-06-30,Arel,ACOLITE,S2B_MSI_2025_06_30_11_45_58_T28QCH_L2W,C:\Users\Simon\Nextcloud\Project\Mauritania\Science\Arguin - FieldWork Data Processing\Data\S2\ACOLITE\2025-06-30,317,877,852,342575.0,2201205.0,0.17780950665473938,0.2354883849620819,0.31644806265830994,0.3781566023826599,0.3954603374004364,0.42520612478256226,0.4522383213043213,0.44909974932670593,0.47484320402145386,0.4575340151786804,0.3460519313812256
2025-06-30,Arel,ACOLITE,S2B_MSI_2025_06_30_11_45_58_T28QCH_L2W,C:\Users\Simon\Nextcloud\Project\Mauritania\Science\Arguin - FieldWork Data Processing\Data\S2\ACOLITE\2025-06-30,318,877,853,342585.0,2201205.0,0.17780987918376923,0.23685094714164734,0.31661003828048706,0.37446269392967224,0.39344972372055054,0.4244227409362793,0.4504942297935486,0.4472994804382324,0.4758152663707733,0.4578818380832672,0.3444790244102478
2025-06-30,Arel,ACOLITE,S2B_MSI_2025_06_30_11_45_58_T28QCH_L2W,C:\Users\Simon\Nextcloud\Project\Mauritania\Science\Arguin - FieldWork Data Processing\Data\S2\ACOLITE\2025-06-30,319,877,854,342595.0,2201205.0,0.17781023681163788,0.2303849756717682,0.30954304337501526,0.37145042419433594,0.3934556841850281,0.4244292974472046,0.45050114393234253,0.44808056950569153,0.47582221031188965,0.4578856825828552,0.3444823622703552
2025-06-30,Arel,ACOLITE,S2B_MSI_2025_06_30_11_45_58_T28QCH_L2W,C:\Users\Simon\Nextcloud\Project\Mauritania\Science\Arguin - FieldWork Data Processing\Data\S2\ACOLITE\2025-06-30,320,877,855,342605.0,2201205.0,0.17955733835697174,0.2421186864376068,0.31599223613739014,0.3740629255771637,0.40031325817108154,0.42417243123054504,0.4500075876712799,0.4470544755458832,0.4779999256134033,0.45376062393188477,0.3307785987854004
2025-06-30,Arel,ACOLITE,S2B_MSI_2025_06_30_11_45_58_T28QCH_L2W,C:\Users\Simon\Nextcloud\Project\Mauritania\Science\Arguin - FieldWork Data Processing\Data\S2\ACOLITE\2025-06-30,321,877,856,342615.0,2201205.0,0.17955778539180756,0.23957638442516327,0.31803715229034424,0.37571394443511963,0.400319367647171,0.42417895793914795,0.45001450181007385,0.4513193666934967,0.47800692915916443,0.453764408826828,0.3307817876338959
2025-06-30,Arel,ACOLITE,S2B_MSI_2025_06_30_11_45_58_T28QCH_L2W,C:\Users\Simon\Nextcloud\Project\Mauritania\Science\Arguin - FieldWork Data Processing\Data\S2\ACOLITE\2025-06-30,322,877,857,342625.0,2201205.0,0.17955823242664337,0.23839020729064941,0.31725776195526123,0.37283989787101746,0.39629676938056946,0.4237903654575348,0.44626542925834656,0.45222875475883484,0.47729045152664185,0.44837507605552673,0.3199819326400757
2025-06-30,Arel,ACOLITE,S2B_MSI_2025_06_30_11_45_58_T28QCH_L2W,C:\Users\Simon\Nextcloud\Project\Mauritania\Science\Arguin - FieldWork Data Processing\Data\S2\ACOLITE\2025-06-30,323,877,858,342635.0,2201205.0,0.1795586794614792,0.24093936383724213,0.315693199634552,0.3720223009586334,0.39630281925201416,0.4237968921661377,0.4462722837924957,0.4473324716091156,0.47729745507240295,0.4483788013458252,0.3199850022792816
2025-06-30,Arel,ACOLITE,S2B_MSI_2025_06_30_11_45_58_T28QCH_L2W,C:\Users\Simon\Nextcloud\Project\Mauritania\Science\Arguin - FieldWork Data Processing\Data\S2\ACOLITE\2025-06-30,324,877,859,342645.0,2201205.0,0.1795591413974762,0.23567551374435425,0.3175816535949707,0.37518310546875,0.3937545418739319,0.4185304641723633,0.4482828676700592,0.44656431674957275,0.47706326842308044,0.4429864287376404,0.3119726777076721
2025-06-30,Arel,ACOLITE,S2B_MSI_2025_06_30_11_45_58_T28QCH_L2W,C:\Users\Simon\Nextcloud\Project\Mauritania\Science\Arguin - FieldWork Data Processing\Data\S2\ACOLITE\2025-06-30,325,877,860,342655.0,2201205.0,0.179559588432312,0.2395867556333542,0.31428954005241394,0.3743661344051361,0.3937605023384094,0.418536901473999,0.44828975200653076,0.44824936985969543,0.47707024216651917,0.44299012422561646,0.3119756579399109
2025-06-30,Arel,ACOLITE,S2B_MSI_2025_06_30_11_45_58_T28QCH_L2W,C:\Users\Simon\Nextcloud\Project\Mauritania\Science\Arguin - FieldWork Data Processing\Data\S2\ACOLITE\2025-06-30,326,877,861,342665.0,2201205.0,0.18149948120117188,0.23329757153987885,0.31177935004234314,0.3702546954154968,0.39161381125450134,0.41986238956451416,0.44854703545570374,0.44399383664131165,0.472008615732193,0.4395478665828705,0.3038381040096283
2025-06-30,Arel,ACOLITE,S2B_MSI_2025_06_30_11_45_58_T28QCH_L2W,C:\Users\Simon\Nextcloud\Project\Mauritania\Science\Arguin - FieldWork Data Processing\Data\S2\ACOLITE\2025-06-30,327,877,862,342675.0,2201205.0,0.18150003254413605,0.23636318743228912,0.31429943442344666,0.37204521894454956,0.3916197419166565,0.4198687970638275,0.4485539197921753,0.4421907663345337,0.47201552987098694,0.43955153226852417,0.3038410246372223
2025-06-30,Arel,ACOLITE,S2B_MSI_2025_06_30_11_45_58_T28QCH_L2W,C:\Users\Simon\Nextcloud\Project\Mauritania\Science\Arguin - FieldWork Data Processing\Data\S2\ACOLITE\2025-06-30,328,877,863,342685.0,2201205.0,0.18150056898593903,0.24163129925727844,0.31666016578674316,0.3734232783317566,0.38974079489707947,0.4177643954753876,0.44567999243736267,0.44671982526779175,0.4654960632324219,0.4353035092353821,0.29837432503700256
2025-06-30,Arel,ACOLITE,S2B_MSI_2025_06_30_11_45_58_T28QCH_L2W,C:\Users\Simon\Nextcloud\Project\Mauritania\Science\Arguin - FieldWork Data Processing\Data\S2\ACOLITE\2025-06-30,329,877,864,342695.0,2201205.0,0.181501105427742,0.23874782025814056,0.3149377703666687,0.3706837594509125,0.38974669575691223,0.4177708029747009,0.44568684697151184,0.444659560918808,0.46550285816192627,0.435307115316391,0.2983771860599518
2025-06-30,Arel,ACOLITE,S2B_MSI_2025_06_30_11_45_58_T28QCH_L2W,C:\Users\Simon\Nextcloud\Project\Mauritania\Science\Arguin - FieldWork Data Processing\Data\S2\ACOLITE\2025-06-30,330,877,865,342705.0,2201205.0,0.1815016269683838,0.23330698907375336,0.30439493060112,0.3661540746688843,0.38611409068107605,0.41434404253959656,0.4430612027645111,0.4424688518047333,0.46962013840675354,0.43416130542755127,0.3045789301395416
2025-06-30,Arel,ACOLITE,S2B_MSI_2025_06_30_11_45_58_T28QCH_L2W,C:\Users\Simon\Nextcloud\Project\Mauritania\Science\Arguin - FieldWork Data Processing\Data\S2\ACOLITE\2025-06-30,331,877,866,342715.0,2201205.0,0.18150219321250916,0.22938822209835052,0.30739539861679077,0.36037734150886536,0.38611987233161926,0.41435036063194275,0.4430679678916931,0.4410528838634491,0.4696270227432251,0.4341649115085602,0.304581880569458
2025-06-30,Arel,ACOLITE,S2B_MSI_2025_06_30_11_45_58_T28QCH_L2W,C:\Users\Simon\Nextcloud\Project\Mauritania\Science\Arguin - FieldWork Data Processing\Data\S2\ACOLITE\2025-06-30,332,877,867,342725.0,2201205.0,0.18247196078300476,0.23433342576026917,0.31165122985839844,0.36864006519317627,0.39474382996559143,0.4217471480369568,0.44958987832069397,0.4448084533214569,0.4786868989467621,0.4384208619594574,0.3081088066101074
2025-06-30,Arel,ACOLITE,S2B_MSI_2025_06_30_11_45_58_T28QCH_L2W,C:\Users\Simon\Nextcloud\Project\Mauritania\Science\Arguin - FieldWork Data Processing\Data\S2\ACOLITE\2025-06-30,333,877,868,342735.0,2201205.0,0.18247252702713013,0.24249286949634552,0.320293664932251,0.3752354085445404,0.39474985003471375,0.4217536449432373,0.4495967626571655,0.4533340632915497,0.4786939024925232,0.4384244978427887,0.3081117272377014
2025-06-30,Arel,ACOLITE,S2B_MSI_2025_06_30_11_45_58_T28QCH_L2W,C:\Users\Simon\Nextcloud\Project\Mauritania\Science\Arguin - FieldWork Data Processing\Data\S2\ACOLITE\2025-06-30,334,877,869,342745.0,2201205.0,0.1824730932712555,0.23552975058555603,0.3171612024307251,0.37359508872032166,0.38721588253974915,0.4208371341228485,0.44446754455566406,0.45011600852012634,0.47906267642974854,0.43750885128974915,0.29754042625427246
2025-06-30,Arel,ACOLITE,S2B_MSI_2025_06_30_11_45_58_T28QCH_L2W,C:\Users\Simon\Nextcloud\Project\Mauritania\Science\Arguin - FieldWork Data Processing\Data\S2\ACOLITE\2025-06-30,335,877,870,342755.0,2201205.0,0.18247370421886444,0.2194758653640747,0.29493284225463867,0.35405251383781433,0.3872217535972595,0.42084363102912903,0.44447436928749084,0.4400438666343689,0.47906970977783203,0.43751248717308044,0.2975432872772217
2025-06-30,Arel,ACOLITE,S2B_MSI_2025_06_30_11_45_58_T28QCH_L2W,C:\Users\Simon\Nextcloud\Project\Mauritania\Science\Arguin - FieldWork Data Processing\Data\S2\ACOLITE\2025-06-30,336,877,871,342765.0,2201205.0,0.182474285364151,0.2129526138305664,0.28525638580322266,0.34271079301834106,0.3757480978965759,0.40816619992256165,0.4335576295852661,0.4313718378543854,0.4622827172279358,0.4303886294364929,0.2958439290523529
2025-06-30,Arel,ACOLITE,S2B_MSI_2025_06_30_11_45_58_T28QCH_L2W,C:\Users\Simon\Nextcloud\Project\Mauritania\Science\Arguin - FieldWork Data Processing\Data\S2\ACOLITE\2025-06-30,337,877,872,342775.0,2201205.0,0.18247485160827637,0.217764213681221,0.29557493329048157,0.34659528732299805,0.37575364112854004,0.4081723988056183,0.4335641860961914,0.4321560859680176,0.4622894525527954,0.43039220571517944,0.29584676027297974
2025-06-30,Arel,ACOLITE,S2B_MSI_2025_06_30_11_45_58_T28QCH_L2W,C:\Users\Simon\Nextcloud\Project\Mauritania\Science\Arguin - FieldWork Data Processing\Data\S2\ACOLITE\2025-06-30,338,877,873,342785.0,2201205.0,0.13020938634872437,0.22016707062721252,0.2935197353363037,0.34729263186454773,0.36464497447013855,0.3970402777194977,0.42311790585517883,0.4339771270751953,0.4556316137313843,0.4274052381515503,0.3072759211063385
2025-06-30,Arel,ACOLITE,S2B_MSI_2025_06_30_11_45_58_T28QCH_L2W,C:\Users\Simon\Nextcloud\Project\Mauritania\Science\Arguin - FieldWork Data Processing\Data\S2\ACOLITE\2025-06-30,339,877,874,342795.0,2201205.0,0.1302075982093811,0.21347323060035706,0.2897171378135681,0.3413389325141907,0.36465024948120117,0.3970462381839752,0.4231242537498474,0.4287962019443512,0.45563822984695435,0.42740878462791443,0.3072788715362549
2025-06-30,Arel,ACOLITE,S2B_MSI_2025_06_30_11_45_58_T28QCH_L2W,C:\Users\Simon\Nextcloud\Project\Mauritania\Science\Arguin - FieldWork Data Processing\Data\S2\ACOLITE\2025-06-30,340,878,841,342465.0,2201195.0,0.12528659403324127,0.19618014991283417,0.2698417603969574,0.3239436149597168,0.3599986732006073,0.39114201068878174,0.40864798426628113,0.40283167362213135,0.4328186810016632,0.4108354449272156,0.3069405257701874
2025-06-30,Arel,ACOLITE,S2B_MSI_2025_06_30_11_45_58_T28QCH_L2W,C:\Users\Simon\Nextcloud\Project\Mauritania\Science\Arguin - FieldWork Data Processing\Data\S2\ACOLITE\2025-06-30,341,878,842,342475.0,2201195.0,0.1252845823764801,0.2079205960035324,0.28434810042381287,0.3425694704055786,0.36000382900238037,0.39114782214164734,0.40865403413772583,0.4199017286300659,0.43282485008239746,0.4108388125896454,0.30694344639778137
2025-06-30,Arel,ACOLITE,S2B_MSI_2025_06_30_11_45_58_T28QCH_L2W,C:\Users\Simon\Nextcloud\Project\Mauritania\Science\Arguin - FieldWork Data Processing\Data\S2\ACOLITE\2025-06-30,342,878,843,342485.0,2201195.0,0.16573584079742432,0.20861057937145233,0.2849876582622528,0.3440980613231659,0.3700477182865143,0.39925417304039,0.42482149600982666,0.4227663576602936,0.4479162395000458,0.427531361579895,0.32418933510780334
2025-06-30,Arel,ACOLITE,S2B_MSI_2025_06_30_11_45_58_T28QCH_L2W,C:\Users\Simon\Nextcloud\Project\Mauritania\Science\Arguin - FieldWork Data Processing\Data\S2\ACOLITE\2025-06-30,343,878,844,342495.0,2201195.0,0.16573569178581238,0.20912832021713257,0.2854682505130768,0.3464561998844147,0.37005311250686646,0.39926016330718994,0.42482790350914,0.4230322539806366,0.4479226768016815,0.42753493785858154,0.32419246435165405
2025-06-30,Arel,ACOLITE,S2B_MSI_2025_06_30_11_45_58_T28QCH_L2W,C:\Users\Simon\Nextcloud\Project\Mauritania\Science\Arguin - FieldWork Data Processing\Data\S2\ACOLITE\2025-06-30,344,878,845,342505.0,2201195.0,0.16573551297187805,0.22097229957580566,0.2960931360721588,0.3586132526397705,0.3795260190963745,0.40959644317626953,0.4386657178401947,0.4293973743915558,0.4607810080051422,0.44052553176879883,0.3339031934738159
2025-06-30,Arel,ACOLITE,S2B_MSI_2025_06_30_11_45_58_T28QCH_L2W,C:\Users\Simon\Nextcloud\Project\Mauritania\Science\Arguin - FieldWork Data Processing\Data\S2\ACOLITE\2025-06-30,345,878,846,342515.0,2201195.0,0.16573534905910492,0.22593246400356293,0.302890419960022,0.36577650904655457,0.3795316815376282,0.40960267186164856,0.43867239356040955,0.43782323598861694,0.46078768372535706,0.4405291974544525,0.3339064419269562
2025-06-30,Arel,ACOLITE,S2B_MSI_2025_06_30_11_45_58_T28QCH_L2W,C:\Users\Simon\Nextcloud\Project\Mauritania\Science\Arguin - FieldWork Data Processing\Data\S2\ACOLITE\2025-06-30,346,878,847,342525.0,2201195.0,0.1657351702451706,0.21994873881340027,0.3003694713115692,0.3595886528491974,0.3845304250717163,0.41357383131980896,0.43893006443977356,0.43795907497406006,0.46454542875289917,0.4479958415031433,0.3360932171344757
2025-06-30,Arel,ACOLITE,S2B_MSI_2025_06_30_11_45_58_T28QCH_L2W,C:\Users\Simon\Nextcloud\Project\Mauritania\Science\Arguin - FieldWork Data Processing\Data\S2\ACOLITE\2025-06-30,347,878,848,342535.0,2201195.0,0.16573500633239746,0.2216625213623047,0.30037397146224976,0.3611092269420624,0.38453617691993713,0.41358011960983276,0.4389367699623108,0.442879319190979,0.4645521938800812,0.44799959659576416,0.33609649538993835
2025-06-30,Arel,ACOLITE,S2B_MSI_2025_06_30_11_45_58_T28QCH_L2W,C:\Users\Simon\Nextcloud\Project\Mauritania\Science\Arguin - FieldWork Data Processing\Data\S2\ACOLITE\2025-06-30,348,878,849,342545.0,2201195.0,0.17780807614326477,0.2216644287109375,0.3010101318359375,0.3635924756526947,0.3910081386566162,0.41794270277023315,0.443458616733551,0.4428858458995819,0.4703604280948639,0.45465803146362305,0.34107255935668945
2025-06-30,Arel,ACOLITE,S2B_MSI_2025_06_30_11_45_58_T28QCH_L2W,C:\Users\Simon\Nextcloud\Project\Mauritania\Science\Arguin - FieldWork Data Processing\Data\S2\ACOLITE\2025-06-30,349,878,850,342555.0,2201195.0,0.17780844867229462,0.22423198819160461,0.304170697927475,0.3689597249031067,0.391014039516449,0.4179491102695465,0.4434654116630554,0.44767114520072937,0.47036731243133545,0.4546618163585663,0.3410758376121521
2025-06-30,Arel,ACOLITE,S2B_MSI_2025_06_30_11_45_58_T28QCH_L2W,C:\Users\Simon\Nextcloud\Project\Mauritania\Science\Arguin - FieldWork Data Processing\Data\S2\ACOLITE\2025-06-30,350,878,851,342565.0,2201195.0,0.17780880630016327,0.23310498893260956,0.31660300493240356,0.37842825055122375,0.39384493231773376,0.4194064438343048,0.44973406195640564,0.45116132497787476,0.47170257568359375,0.4582206606864929,0.34423205256462097
2025-06-30,Arel,ACOLITE,S2B_MSI_2025_06_30_11_45_58_T28QCH_L2W,C:\Users\Simon\Nextcloud\Project\Mauritania\Science\Arguin - FieldWork Data Processing\Data\S2\ACOLITE\2025-06-30,351,878,852,342575.0,2201195.0,0.1778092086315155,0.23973704874515533,0.31833359599113464,0.3761054277420044,0.3938509225845337,0.41941285133361816,0.449741005897522,0.44936203956604004,0.4717094600200653,0.4582245349884033,0.3442353904247284
2025-06-30,Arel,ACOLITE,S2B_MSI_2025_06_30_11_45_58_T28QCH_L2W,C:\Users\Simon\Nextcloud\Project\Mauritania\Science\Arguin - FieldWork Data Processing\Data\S2\ACOLITE\2025-06-30,352,878,853,342585.0,2201195.0,0.17780958116054535,0.23055428266525269,0.30150189995765686,0.35948336124420166,0.38105663657188416,0.4107041656970978,0.4323119521141052,0.43566760420799255,0.4607134759426117,0.45616424083709717,0.340115487575531
2025-06-30,Arel,ACOLITE,S2B_MSI_2025_06_30_11_45_58_T28QCH_L2W,C:\Users\Simon\Nextcloud\Project\Mauritania\Science\Arguin - FieldWork Data Processing\Data\S2\ACOLITE\2025-06-30,353,878,854,342595.0,2201195.0,0.1778099536895752,0.22252963483333588,0.30024299025535583,0.3534191846847534,0.3810623288154602,0.4107104241847992,0.4323185384273529,0.43347206711769104,0.4607201814651489,0.4561680555343628,0.34011879563331604
2025-06-30,Arel,ACOLITE,S2B_MSI_2025_06_30_11_45_58_T28QCH_L2W,C:\Users\Simon\Nextcloud\Project\Mauritania\Science\Arguin - FieldWork Data Processing\Data\S2\ACOLITE\2025-06-30,354,878,855,342605.0,2201195.0,0.17955707013607025,0.23685714602470398,0.3158382475376129,0.3758488595485687,0.3948100507259369,0.41982778906822205,0.4472580552101135,0.448478639125824,0.4712471067905426,0.45066535472869873,0.32495519518852234
2025-06-30,Arel,ACOLITE,S2B_MSI_2025_06_30_11_45_58_T28QCH_L2W,C:\Users\Simon\Nextcloud\Project\Mauritania\Science\Arguin - FieldWork Data Processing\Data\S2\ACOLITE\2025-06-30,355,878,856,342615.0,2201195.0,0.17955753207206726,0.2371995598077774,0.3186675012111664,0.3751692771911621,0.3948160707950592,0.4198342263698578,0.4472649097442627,0.44977569580078125,0.47125399112701416,0.45066913962364197,0.32495829463005066
2025-06-30,Arel,ACOLITE,S2B_MSI_2025_06_30_11_45_58_T28QCH_L2W,C:\Users\Simon\Nextcloud\Project\Mauritania\Science\Arguin - FieldWork Data Processing\Data\S2\ACOLITE\2025-06-30,356,878,857,342625.0,2201195.0,0.17955796420574188,0.23686209321022034,0.3175745904445648,0.3707846999168396,0.39078623056411743,0.4228723645210266,0.44351285696029663,0.44887906312942505,0.47403767704963684,0.4470001459121704,0.31111830472946167
2025-06-30,Arel,ACOLITE,S2B_MSI_2025_06_30_11_45_58_T28QCH_L2W,C:\Users\Simon\Nextcloud\Project\Mauritania\Science\Arguin - FieldWork Data Processing\Data\S2\ACOLITE\2025-06-30,357,878,858,342635.0,2201195.0,0.1795584261417389,0.23414289951324463,0.31286829710006714,0.3705158233642578,0.3907921612262726,0.4228788912296295,0.443519651889801,0.44552871584892273,0.4740446209907532,0.44700387120246887,0.3111213147640228
2025-06-30,Arel,ACOLITE,S2B_MSI_2025_06_30_11_45_58_T28QCH_L2W,C:\Users\Simon\Nextcloud\Project\Mauritania\Science\Arguin - FieldWork Data Processing\Data\S2\ACOLITE\2025-06-30,358,878,859,342645.0,2201195.0,0.1795588582754135,0.2312496304512024,0.31098610162734985,0.36832359433174133,0.3863525390625,0.41325318813323975,0.4431503117084503,0.44631028175354004,0.46994590759277344,0.4433334469795227,0.31282490491867065
2025-06-30,Arel,ACOLITE,S2B_MSI_2025_06_30_11_45_58_T28QCH_L2W,C:\Users\Simon\Nextcloud\Project\Mauritania\Science\Arguin - FieldWork Data Processing\Data\S2\ACOLITE\2025-06-30,359,878,860,342655.0,2201195.0,0.17955933511257172,0.23363696038722992,0.3092597723007202,0.3668172359466553,0.386358380317688,0.41325947642326355,0.4431571066379547,0.4425697326660156,0.4699527621269226,0.4433371126651764,0.3128279149532318
2025-06-30,Arel,ACOLITE,S2B_MSI_2025_06_30_11_45_58_T28QCH_L2W,C:\Users\Simon\Nextcloud\Project\Mauritania\Science\Arguin - FieldWork Data Processing\Data\S2\ACOLITE\2025-06-30,360,878,861,342665.0,2201195.0,0.18149930238723755,0.231765478849411,0.3075321614742279,0.36352109909057617,0.3813721239566803,0.4133979082107544,0.43814486265182495,0.4397311210632324,0.4647611081600189,0.4402396082878113,0.3071209788322449
2025-06-30,Arel,ACOLITE,S2B_MSI_2025_06_30_11_45_58_T28QCH_L2W,C:\Users\Simon\Nextcloud\Project\Mauritania\Science\Arguin - FieldWork Data Processing\Data\S2\ACOLITE\2025-06-30,361,878,862,342675.0,2201195.0,0.18149983882904053,0.2300628423690796,0.31052854657173157,0.36710336804389954,0.38137781620025635,0.4134042263031006,0.4381515681743622,0.43818479776382446,0.46476784348487854,0.44024327397346497,0.30712392926216125
2025-06-30,Arel,ACOLITE,S2B_MSI_2025_06_30_11_45_58_T28QCH_L2W,C:\Users\Simon\Nextcloud\Project\Mauritania\Science\Arguin - FieldWork Data Processing\Data\S2\ACOLITE\2025-06-30,362,878,863,342685.0,2201195.0,0.1815003603696823,0.233644038438797,0.3083292245864868,0.36669647693634033,0.3819235861301422,0.4111633598804474,0.43652546405792236,0.44026148319244385,0.46308058500289917,0.4365701675415039,0.30676233768463135
2025-06-30,Arel,ACOLITE,S2B_MSI_2025_06_30_11_45_58_T28QCH_L2W,C:\Users\Simon\Nextcloud\Project\Mauritania\Science\Arguin - FieldWork Data Processing\Data\S2\ACOLITE\2025-06-30,363,878,864,342695.0,2201195.0,0.1815008968114853,0.22682395577430725,0.3036041557788849,0.3633999824523926,0.38192930817604065,0.4111695885658264,0.4365321099758148,0.43638524413108826,0.4630873203277588,0.4365737736225128,0.30676528811454773
2025-06-30,Arel,ACOLITE,S2B_MSI_2025_06_30_11_45_58_T28QCH_L2W,C:\Users\Simon\Nextcloud\Project\Mauritania\Science\Arguin - FieldWork Data Processing\Data\S2\ACOLITE\2025-06-30,364,878,865,342705.0,2201195.0,0.18150143325328827,0.22870445251464844,0.3009244203567505,0.3596861958503723,0.38557833433151245,0.4109113812446594,0.4370412528514862,0.4363916218280792,0.4667234420776367,0.435543030500412,0.3067682385444641
2025-06-30,Arel,ACOLITE,S2B_MSI_2025_06_30_11_45_58_T28QCH_L2W,C:\Users\Simon\Nextcloud\Project\Mauritania\Science\Arguin - FieldWork Data Processing\Data\S2\ACOLITE\2025-06-30,365,878,866,342715.0,2201195.0,0.18150196969509125,0.23875422775745392,0.31196388602256775,0.3663007318973541,0.38558411598205566,0.41091760993003845,0.43704789876937866,0.4432551860809326,0.4667302668094635,0.4355466663837433,0.3067711889743805
2025-06-30,Arel,ACOLITE,S2B_MSI_2025_06_30_11_45_58_T28QCH_L2W,C:\Users\Simon\Nextcloud\Project\Mauritania\Science\Arguin - FieldWork Data Processing\Data\S2\ACOLITE\2025-06-30,366,878,867,342725.0,2201195.0,0.18247176706790924,0.2394362986087799,0.3140127956867218,0.3735871911048889,0.39609214663505554,0.4209602177143097,0.4475909173488617,0.4462337791919708,0.47398632764816284,0.4399169385433197,0.3020343780517578
2025-06-30,Arel,ACOLITE,S2B_MSI_2025_06_30_11_45_58_T28QCH_L2W,C:\Users\Simon\Nextcloud\Project\Mauritania\Science\Arguin - FieldWork Data Processing\Data\S2\ACOLITE\2025-06-30,367,878,868,342735.0,2201195.0,0.1824723780155182,0.24096710979938507,0.3226473927497864,0.3737301826477051,0.39609816670417786,0.4209667146205902,0.44759777188301086,0.45075878500938416,0.4739932715892792,0.4399206042289734,0.3020372688770294
2025-06-30,Arel,ACOLITE,S2B_MSI_2025_06_30_11_45_58_T28QCH_L2W,C:\Users\Simon\Nextcloud\Project\Mauritania\Science\Arguin - FieldWork Data Processing\Data\S2\ACOLITE\2025-06-30,368,878,869,342745.0,2201195.0,0.18247295916080475,0.22751781344413757,0.30457404255867004,0.3603970408439636,0.38087746500968933,0.41569438576698303,0.4366909861564636,0.44327476620674133,0.4718267023563385,0.4378560185432434,0.2997306287288666
2025-06-30,Arel,ACOLITE,S2B_MSI_2025_06_30_11_45_58_T28QCH_L2W,C:\Users\Simon\Nextcloud\Project\Mauritania\Science\Arguin - FieldWork Data Processing\Data\S2\ACOLITE\2025-06-30,369,878,870,342755.0,2201195.0,0.18247352540493011,0.2220468819141388,0.29778483510017395,0.3528125286102295,0.380883127450943,0.4157007336616516,0.4366976022720337,0.43914222717285156,0.47183358669281006,0.4378596544265747,0.2997334599494934
2025-06-30,Arel,ACOLITE,S2B_MSI_2025_06_30_11_45_58_T28QCH_L2W,C:\Users\Simon\Nextcloud\Project\Mauritania\Science\Arguin - FieldWork Data Processing\Data\S2\ACOLITE\2025-06-30,370,878,871,342765.0,2201195.0,0.18247410655021667,0.21982136368751526,0.29493972659111023,0.35364675521850586,0.37656328082084656,0.4075081944465637,0.434190571308136,0.4368184506893158,0.46410277485847473,0.43154099583625793,0.30228906869888306
2025-06-30,Arel,ACOLITE,S2B_MSI_2025_06_30_11_45_58_T28QCH_L2W,C:\Users\Simon\Nextcloud\Project\Mauritania\Science\Arguin - FieldWork Data Processing\Data\S2\ACOLITE\2025-06-30,371,878,872,342775.0,2201195.0,0.18247467279434204,0.22170817852020264,0.296210914850235,0.35392826795578003,0.37656885385513306,0.407514363527298,0.4341971278190613,0.4333268404006958,0.46410951018333435,0.43154457211494446,0.30229195952415466
2025-06-30,Arel,ACOLITE,S2B_MSI_2025_06_30_11_45_58_T28QCH_L2W,C:\Users\Simon\Nextcloud\Project\Mauritania\Science\Arguin - FieldWork Data Processing\Data\S2\ACOLITE\2025-06-30,372,878,873,342785.0,2201195.0,0.1302075982093811,0.218453049659729,0.2933637797832489,0.34840312600135803,0.36939701437950134,0.4051363468170166,0.42639970779418945,0.4326850473880768,0.45842424035072327,0.4261421263217926,0.3067918121814728
2025-06-30,Arel,ACOLITE,S2B_MSI_2025_06_30_11_45_58_T28QCH_L2W,C:\Users\Simon\Nextcloud\Project\Mauritania\Science\Arguin - FieldWork Data Processing\Data\S2\ACOLITE\2025-06-30,373,879,842,342475.0,2201185.0,0.12528270483016968,0.20585395395755768,0.2806926667690277,0.34464994072914124,0.36000701785087585,0.39115142822265625,0.40865781903266907,0.41899561882019043,0.43282875418663025,0.41084104776382446,0.3069453537464142
2025-06-30,Arel,ACOLITE,S2B_MSI_2025_06_30_11_45_58_T28QCH_L2W,C:\Users\Simon\Nextcloud\Project\Mauritania\Science\Arguin - FieldWork Data Processing\Data\S2\ACOLITE\2025-06-30,374,879,843,342485.0,2201185.0,0.1657351702451706,0.20619992911815643,0.2830826938152313,0.3434086740016937,0.3700510263442993,0.3992578983306885,0.424825519323349,0.4234195649623871,0.4479203224182129,0.42753371596336365,0.3241913616657257
2025-06-30,Arel,ACOLITE,S2B_MSI_2025_06_30_11_45_58_T28QCH_L2W,C:\Users\Simon\Nextcloud\Project\Mauritania\Science\Arguin - FieldWork Data Processing\Data\S2\ACOLITE\2025-06-30,375,879,844,342495.0,2201185.0,0.16573500633239746,0.21153686940670013,0.28785228729248047,0.34770438075065613,0.3700564503669739,0.3992638885974884,0.42483189702033997,0.426411509513855,0.447926789522171,0.4275372624397278,0.3241944909095764
2025-06-30,Arel,ACOLITE,S2B_MSI_2025_06_30_11_45_58_T28QCH_L2W,C:\Users\Simon\Nextcloud\Project\Mauritania\Science\Arguin - FieldWork Data Processing\Data\S2\ACOLITE\2025-06-30,376,879,845,342505.0,2201185.0,0.16573484241962433,0.21291325986385345,0.29197946190834045,0.3569623529911041,0.37952953577041626,0.4096003770828247,0.43866991996765137,0.4310866892337799,0.46078523993492126,0.44052794575691223,0.33390527963638306
2025-06-30,Arel,ACOLITE,S2B_MSI_2025_06_30_11_45_58_T28QCH_L2W,C:\Users\Simon\Nextcloud\Project\Mauritania\Science\Arguin - FieldWork Data Processing\Data\S2\ACOLITE\2025-06-30,377,879,846,342515.0,2201185.0,0.1657346785068512,0.21840587258338928,0.30147284269332886,0.3588975965976715,0.37953513860702515,0.40960657596588135,0.4386766254901886,0.43640369176864624,0.4607919454574585,0.4405316412448883,0.3339085280895233
2025-06-30,Arel,ACOLITE,S2B_MSI_2025_06_30_11_45_58_T28QCH_L2W,C:\Users\Simon\Nextcloud\Project\Mauritania\Science\Arguin - FieldWork Data Processing\Data\S2\ACOLITE\2025-06-30,378,879,847,342525.0,2201185.0,0.16573449969291687,0.21806484460830688,0.3010037839412689,0.3579382002353668,0.38453397154808044,0.4135777950286865,0.4389342963695526,0.4377043545246124,0.4645497500896454,0.4479983150959015,0.33609533309936523
2025-06-30,Arel,ACOLITE,S2B_MSI_2025_06_30_11_45_58_T28QCH_L2W,C:\Users\Simon\Nextcloud\Project\Mauritania\Science\Arguin - FieldWork Data Processing\Data\S2\ACOLITE\2025-06-30,379,879,848,342535.0,2201185.0,0.16573432087898254,0.2175522744655609,0.2994288206100464,0.3615257143974304,0.38453975319862366,0.4135840833187103,0.43894100189208984,0.44482144713401794,0.4645565152168274,0.44800204038619995,0.3360985815525055
2025-06-30,Arel,ACOLITE,S2B_MSI_2025_06_30_11_45_58_T28QCH_L2W,C:\Users\Simon\Nextcloud\Project\Mauritania\Science\Arguin - FieldWork Data Processing\Data\S2\ACOLITE\2025-06-30,380,879,849,342545.0,2201185.0,0.1778077632188797,0.21978195011615753,0.2984851598739624,0.3620818853378296,0.3910117745399475,0.4179467558860779,0.44346290826797485,0.44327765703201294,0.47036483883857727,0.4546605348587036,0.34107470512390137
2025-06-30,Arel,ACOLITE,S2B_MSI_2025_06_30_11_45_58_T28QCH_L2W,C:\Users\Simon\Nextcloud\Project\Mauritania\Science\Arguin - FieldWork Data Processing\Data\S2\ACOLITE\2025-06-30,381,879,850,342555.0,2201185.0,0.17780813574790955,0.2281610369682312,0.3063802719116211,0.3706110715866089,0.39101770520210266,0.41795313358306885,0.44346967339515686,0.44651347398757935,0.47037169337272644,0.45466434955596924,0.3410780131816864
2025-06-30,Arel,ACOLITE,S2B_MSI_2025_06_30_11_45_58_T28QCH_L2W,C:\Users\Simon\Nextcloud\Project\Mauritania\Science\Arguin - FieldWork Data Processing\Data\S2\ACOLITE\2025-06-30,382,879,851,342565.0,2201185.0,0.1778085082769394,0.23854734003543854,0.31895872950553894,0.3802114725112915,0.3938486874103546,0.41941046714782715,0.44973844289779663,0.45284175872802734,0.47170698642730713,0.45822325348854065,0.3442342281341553
2025-06-30,Arel,ACOLITE,S2B_MSI_2025_06_30_11_45_58_T28QCH_L2W,C:\Users\Simon\Nextcloud\Project\Mauritania\Science\Arguin - FieldWork Data Processing\Data\S2\ACOLITE\2025-06-30,383,879,852,342575.0,2201185.0,0.17780888080596924,0.2383800595998764,0.3137846887111664,0.3717206120491028,0.39385467767715454,0.4194169044494629,0.44974538683891296,0.4453643560409546,0.4717138409614563,0.4582270681858063,0.3442375659942627
2025-06-30,Arel,ACOLITE,S2B_MSI_2025_06_30_11_45_58_T28QCH_L2W,C:\Users\Simon\Nextcloud\Project\Mauritania\Science\Arguin - FieldWork Data Processing\Data\S2\ACOLITE\2025-06-30,384,879,853,342585.0,2201185.0,0.17780925333499908,0.22304180264472961,0.29122069478034973,0.3528647720813751,0.3810601830482483,0.41070806980133057,0.4323161542415619,0.42984044551849365,0.46071773767471313,0.45616674423217773,0.3401176333427429
2025-06-30,Arel,ACOLITE,S2B_MSI_2025_06_30_11_45_58_T28QCH_L2W,C:\Users\Simon\Nextcloud\Project\Mauritania\Science\Arguin - FieldWork Data Processing\Data\S2\ACOLITE\2025-06-30,385,879,854,342595.0,2201185.0,0.17780962586402893,0.22389890253543854,0.2962931990623474,0.35204121470451355,0.38106587529182434,0.41071435809135437,0.4323226809501648,0.43062466382980347,0.460724413394928,0.45617058873176575,0.34012094140052795
2025-06-30,Arel,ACOLITE,S2B_MSI_2025_06_30_11_45_58_T28QCH_L2W,C:\Users\Simon\Nextcloud\Project\Mauritania\Science\Arguin - FieldWork Data Processing\Data\S2\ACOLITE\2025-06-30,386,879,855,342605.0,2201185.0,0.17955681681632996,0.2354980707168579,0.31505611538887024,0.37475576996803284,0.39481380581855774,0.4198318421840668,0.4472624361515045,0.44835376739501953,0.4712514877319336,0.4506678581237793,0.3249572217464447
2025-06-30,Arel,ACOLITE,S2B_MSI_2025_06_30_11_45_58_T28QCH_L2W,C:\Users\Simon\Nextcloud\Project\Mauritania\Science\Arguin - FieldWork Data Processing\Data\S2\ACOLITE\2025-06-30,387,879,856,342615.0,2201185.0,0.17955726385116577,0.2349901795387268,0.3161601722240448,0.3731157183647156,0.39481979608535767,0.4198383092880249,0.4472692906856537,0.4460364282131195,0.47125837206840515,0.45067161321640015,0.3249603807926178
2025-06-30,Arel,ACOLITE,S2B_MSI_2025_06_30_11_45_58_T28QCH_L2W,C:\Users\Simon\Nextcloud\Project\Mauritania\Science\Arguin - FieldWork Data Processing\Data\S2\ACOLITE\2025-06-30,388,879,857,342625.0,2201185.0,0.1795577108860016,0.23533281683921814,0.3116084933280945,0.37078824639320374,0.3907899260520935,0.4228764772415161,0.44351717829704285,0.448754221200943,0.4740421175956726,0.4470026195049286,0.31112027168273926
2025-06-30,Arel,ACOLITE,S2B_MSI_2025_06_30_11_45_58_T28QCH_L2W,C:\Users\Simon\Nextcloud\Project\Mauritania\Science\Arguin - FieldWork Data Processing\Data\S2\ACOLITE\2025-06-30,389,879,858,342635.0,2201185.0,0.1795581579208374,0.23431427776813507,0.3111414611339569,0.3663969933986664,0.39079585671424866,0.4228830337524414,0.44352397322654724,0.44527459144592285,0.47404906153678894,0.44700634479522705,0.3111232817173004
2025-06-30,Arel,ACOLITE,S2B_MSI_2025_06_30_11_45_58_T28QCH_L2W,C:\Users\Simon\Nextcloud\Project\Mauritania\Science\Arguin - FieldWork Data Processing\Data\S2\ACOLITE\2025-06-30,390,879,859,342645.0,2201185.0,0.1795586198568344,0.22647278010845184,0.3043726980686188,0.36488956212997437,0.3863562047481537,0.4132571816444397,0.4431546628475189,0.4404984712600708,0.46995028853416443,0.4433358907699585,0.31282690167427063
2025-06-30,Arel,ACOLITE,S2B_MSI_2025_06_30_11_45_58_T28QCH_L2W,C:\Users\Simon\Nextcloud\Project\Mauritania\Science\Arguin - FieldWork Data Processing\Data\S2\ACOLITE\2025-06-30,391,879,860,342655.0,2201185.0,0.17955906689167023,0.22031603753566742,0.2977432906627655,0.3588353991508484,0.3863619863986969,0.4132634699344635,0.44316139817237854,0.4364931881427765,0.4699571430683136,0.44333958625793457,0.3128299117088318
2025-06-30,Arel,ACOLITE,S2B_MSI_2025_06_30_11_45_58_T28QCH_L2W,C:\Users\Simon\Nextcloud\Project\Mauritania\Science\Arguin - FieldWork Data Processing\Data\S2\ACOLITE\2025-06-30,392,879,861,342665.0,2201185.0,0.18149909377098083,0.22357070446014404,0.2972731292247772,0.3529067635536194,0.3813757002353668,0.41340190172195435,0.4381491541862488,0.43585216999053955,0.46476542949676514,0.44024205207824707,0.3071229159832001
2025-06-30,Arel,ACOLITE,S2B_MSI_2025_06_30_11_45_58_T28QCH_L2W,C:\Users\Simon\Nextcloud\Project\Mauritania\Science\Arguin - FieldWork Data Processing\Data\S2\ACOLITE\2025-06-30,393,879,862,342675.0,2201185.0,0.1814996302127838,0.2304050177335739,0.3045443594455719,0.3616022765636444,0.38138139247894287,0.41340821981430054,0.4381558299064636,0.4380595088005066,0.46477219462394714,0.44024571776390076,0.30712586641311646
2025-06-30,Arel,ACOLITE,S2B_MSI_2025_06_30_11_45_58_T28QCH_L2W,C:\Users\Simon\Nextcloud\Project\Mauritania\Science\Arguin - FieldWork Data Processing\Data\S2\ACOLITE\2025-06-30,394,879,863,342685.0,2201185.0,0.1815001666545868,0.2244299203157425,0.299811989068985,0.3574725389480591,0.38192716240882874,0.41116732358932495,0.4365297257900238,0.43573543429374695,0.4630849063396454,0.4365725815296173,0.30676430463790894
2025-06-30,Arel,ACOLITE,S2B_MSI_2025_06_30_11_45_58_T28QCH_L2W,C:\Users\Simon\Nextcloud\Project\Mauritania\Science\Arguin - FieldWork Data Processing\Data\S2\ACOLITE\2025-06-30,395,879,864,342695.0,2201185.0,0.18150068819522858,0.2189522236585617,0.29491204023361206,0.35844334959983826,0.3819328844547272,0.41117358207702637,0.43653634190559387,0.437684029340744,0.463091641664505,0.4365762174129486,0.30676722526550293
2025-06-30,Arel,ACOLITE,S2B_MSI_2025_06_30_11_45_58_T28QCH_L2W,C:\Users\Simon\Nextcloud\Project\Mauritania\Science\Arguin - FieldWork Data Processing\Data\S2\ACOLITE\2025-06-30,396,879,865,342705.0,2201185.0,0.18150123953819275,0.2258017510175705,0.304716020822525,0.3596895635128021,0.38558197021484375,0.410915344953537,0.43704551458358765,0.4427357614040375,0.4667278230190277,0.4355454742908478,0.3067701756954193
2025-06-30,Arel,ACOLITE,S2B_MSI_2025_06_30_11_45_58_T28QCH_L2W,C:\Users\Simon\Nextcloud\Project\Mauritania\Science\Arguin - FieldWork Data Processing\Data\S2\ACOLITE\2025-06-30,397,879,866,342715.0,2201185.0,0.18150177597999573,0.23382256925106049,0.31196680665016174,0.3628637492656708,0.38558775186538696,0.4109216034412384,0.4370521605014801,0.4422250986099243,0.4667346477508545,0.4355491101741791,0.3067731261253357
2025-06-30,Arel,ACOLITE,S2B_MSI_2025_06_30_11_45_58_T28QCH_L2W,C:\Users\Simon\Nextcloud\Project\Mauritania\Science\Arguin - FieldWork Data Processing\Data\S2\ACOLITE\2025-06-30,398,879,867,342725.0,2201185.0,0.1824716031551361,0.23909786343574524,0.3160582184791565,0.37276744842529297,0.39609596133232117,0.42096439003944397,0.4475952982902527,0.445204496383667,0.4739908277988434,0.4399193823337555,0.3020362854003906
2025-06-30,Arel,ACOLITE,S2B_MSI_2025_06_30_11_45_58_T28QCH_L2W,C:\Users\Simon\Nextcloud\Project\Mauritania\Science\Arguin - FieldWork Data Processing\Data\S2\ACOLITE\2025-06-30,399,879,868,342735.0,2201185.0,0.18247218430042267,0.24181707203388214,0.32218053936958313,0.3825022578239441,0.39610201120376587,0.4209708571434021,0.44760218262672424,0.4550185799598694,0.47399774193763733,0.43992307782173157,0.30203917622566223
2025-06-30,Arel,ACOLITE,S2B_MSI_2025_06_30_11_45_58_T28QCH_L2W,C:\Users\Simon\Nextcloud\Project\Mauritania\Science\Arguin - FieldWork Data Processing\Data\S2\ACOLITE\2025-06-30,400,879,869,342745.0,2201185.0,0.18247276544570923,0.22734799981117249,0.30441901087760925,0.36205387115478516,0.38088104128837585,0.41569843888282776,0.43669524788856506,0.4437960684299469,0.47183117270469666,0.4378584921360016,0.299732506275177
2025-06-30,Arel,ACOLITE,S2B_MSI_2025_06_30_11_45_58_T28QCH_L2W,C:\Users\Simon\Nextcloud\Project\Mauritania\Science\Arguin - FieldWork Data Processing\Data\S2\ACOLITE\2025-06-30,401,879,870,342755.0,2201185.0,0.1824733465909958,0.22717925906181335,0.29952719807624817,0.3544734716415405,0.3808867037296295,0.4157048165798187,0.4367018938064575,0.44005218148231506,0.4718380570411682,0.4378621280193329,0.2997353971004486
2025-06-30,Arel,ACOLITE,S2B_MSI_2025_06_30_11_45_58_T28QCH_L2W,C:\Users\Simon\Nextcloud\Project\Mauritania\Science\Arguin - FieldWork Data Processing\Data\S2\ACOLITE\2025-06-30,402,879,871,342765.0,2201185.0,0.18247394263744354,0.227523073554039,0.3012702763080597,0.3569636344909668,0.3765667676925659,0.4075121283531189,0.43419480323791504,0.44174033403396606,0.46410712599754333,0.43154340982437134,0.30229100584983826
2025-06-30,Arel,ACOLITE,S2B_MSI_2025_06_30_11_45_58_T28QCH_L2W,C:\Users\Simon\Nextcloud\Project\Mauritania\Science\Arguin - FieldWork Data Processing\Data\S2\ACOLITE\2025-06-30,403,879,872,342775.0,2201185.0,0.1824745088815689,0.22564521431922913,0.30016854405403137,0.3590381145477295,0.3765723705291748,0.40751832723617554,0.4342013895511627,0.4385121464729309,0.46411389112472534,0.43154698610305786,0.30229389667510986
2025-06-30,Arel,ACOLITE,S2B_MSI_2025_06_30_11_45_58_T28QCH_L2W,C:\Users\Simon\Nextcloud\Project\Mauritania\Science\Arguin - FieldWork Data Processing\Data\S2\ACOLITE\2025-06-30,404,879,873,342785.0,2201185.0,0.13020583987236023,0.2196543961763382,0.29384177923202515,0.3488214612007141,0.36940041184425354,0.4051402807235718,0.42640382051467896,0.43398532271385193,0.4584285616874695,0.4261445105075836,0.30679377913475037
2025-06-30,Arel,ACOLITE,S2B_MSI_2025_06_30_11_45_58_T28QCH_L2W,C:\Users\Simon\Nextcloud\Project\Mauritania\Science\Arguin - FieldWork Data Processing\Data\S2\ACOLITE\2025-06-30,405,880,842,342475.0,2201175.0,0.12528085708618164,0.2079215794801712,0.2857825458049774,0.3422984480857849,0.36638984084129333,0.3919526934623718,0.4195280969142914,0.4204292595386505,0.44099047780036926,0.4171769320964813,0.31459927558898926
2025-06-30,Arel,ACOLITE,S2B_MSI_2025_06_30_11_45_58_T28QCH_L2W,C:\Users\Simon\Nextcloud\Project\Mauritania\Science\Arguin - FieldWork Data Processing\Data\S2\ACOLITE\2025-06-30,406,880,843,342485.0,2201175.0,0.16573451459407806,0.20792295038700104,0.28324395418167114,0.34285762906074524,0.37208542227745056,0.40310603380203247,0.42734822630882263,0.42368316650390625,0.4545977711677551,0.43765124678611755,0.3294118046760559
2025-06-30,Arel,ACOLITE,S2B_MSI_2025_06_30_11_45_58_T28QCH_L2W,C:\Users\Simon\Nextcloud\Project\Mauritania\Science\Arguin - FieldWork Data Processing\Data\S2\ACOLITE\2025-06-30,407,880,844,342495.0,2201175.0,0.16573435068130493,0.21445797383785248,0.2903926968574524,0.34867551922798157,0.3720909059047699,0.40311214327812195,0.42735469341278076,0.42875057458877563,0.4546043872833252,0.43765488266944885,0.329414963722229
2025-06-30,Arel,ACOLITE,S2B_MSI_2025_06_30_11_45_58_T28QCH_L2W,C:\Users\Simon\Nextcloud\Project\Mauritania\Science\Arguin - FieldWork Data Processing\Data\S2\ACOLITE\2025-06-30,408,880,845,342505.0,2201175.0,0.1657341867685318,0.21136702597141266,0.29198193550109863,0.3539304733276367,0.3776416480541229,0.4070907533168793,0.4339018762111664,0.4330344498157501,0.46187883615493774,0.44673073291778564,0.3375464975833893
2025-06-30,Arel,ACOLITE,S2B_MSI_2025_06_30_11_45_58_T28QCH_L2W,C:\Users\Simon\Nextcloud\Project\Mauritania\Science\Arguin - FieldWork Data Processing\Data\S2\ACOLITE\2025-06-30,409,880,846,342515.0,2201175.0,0.16573402285575867,0.21703512966632843,0.29673531651496887,0.35876309871673584,0.3776472508907318,0.40709689259529114,0.43390846252441406,0.43744316697120667,0.46188557147979736,0.4467344582080841,0.33754977583885193
2025-06-30,Arel,ACOLITE,S2B_MSI_2025_06_30_11_45_58_T28QCH_L2W,C:\Users\Simon\Nextcloud\Project\Mauritania\Science\Arguin - FieldWork Data Processing\Data\S2\ACOLITE\2025-06-30,410,880,847,342525.0,2201175.0,0.16573385894298553,0.2192651480436325,0.2972141206264496,0.3590441346168518,0.38345861434936523,0.4115998148918152,0.43918952345848083,0.44120073318481445,0.46721404790878296,0.45041072368621826,0.3364613652229309
2025-06-30,Arel,ACOLITE,S2B_MSI_2025_06_30_11_45_58_T28QCH_L2W,C:\Users\Simon\Nextcloud\Project\Mauritania\Science\Arguin - FieldWork Data Processing\Data\S2\ACOLITE\2025-06-30,411,880,848,342535.0,2201175.0,0.1657336801290512,0.22097957134246826,0.30022135376930237,0.3616667687892914,0.38346436619758606,0.4116060733795166,0.4391961991786957,0.441336452960968,0.46722087264060974,0.4504144787788391,0.33646461367607117
2025-06-30,Arel,ACOLITE,S2B_MSI_2025_06_30_11_45_58_T28QCH_L2W,C:\Users\Simon\Nextcloud\Project\Mauritania\Science\Arguin - FieldWork Data Processing\Data\S2\ACOLITE\2025-06-30,412,880,849,342545.0,2201175.0,0.17780748009681702,0.22269275784492493,0.3018048405647278,0.3649750351905823,0.39101549983024597,0.4159712791442871,0.4439685344696045,0.44237715005874634,0.4687986969947815,0.4534012973308563,0.3397427797317505
2025-06-30,Arel,ACOLITE,S2B_MSI_2025_06_30_11_45_58_T28QCH_L2W,C:\Users\Simon\Nextcloud\Project\Mauritania\Science\Arguin - FieldWork Data Processing\Data\S2\ACOLITE\2025-06-30,413,880,850,342555.0,2201175.0,0.17780783772468567,0.23054969310760498,0.3118918240070343,0.3697907626628876,0.39102140069007874,0.4159776270389557,0.4439753592014313,0.4484539330005646,0.46880555152893066,0.45340508222579956,0.3397460877895355
2025-06-30,Arel,ACOLITE,S2B_MSI_2025_06_30_11_45_58_T28QCH_L2W,C:\Users\Simon\Nextcloud\Project\Mauritania\Science\Arguin - FieldWork Data Processing\Data\S2\ACOLITE\2025-06-30,414,880,851,342565.0,2201175.0,0.17780821025371552,0.23548954725265503,0.31425395607948303,0.37569567561149597,0.38941189646720886,0.4194144904613495,0.44460874795913696,0.45168566703796387,0.4674831032752991,0.45650574564933777,0.3412047326564789
2025-06-30,Arel,ACOLITE,S2B_MSI_2025_06_30_11_45_58_T28QCH_L2W,C:\Users\Simon\Nextcloud\Project\Mauritania\Science\Arguin - FieldWork Data Processing\Data\S2\ACOLITE\2025-06-30,415,880,852,342575.0,2201175.0,0.17780858278274536,0.23345012962818146,0.3095420002937317,0.3698021173477173,0.3894177973270416,0.4194209575653076,0.44461557269096375,0.443559855222702,0.46748989820480347,0.4565095603466034,0.3412080407142639
2025-06-30,Arel,ACOLITE,S2B_MSI_2025_06_30_11_45_58_T28QCH_L2W,C:\Users\Simon\Nextcloud\Project\Mauritania\Science\Arguin - FieldWork Data Processing\Data\S2\ACOLITE\2025-06-30,416,880,853,342585.0,2201175.0,0.1778089553117752,0.22252944111824036,0.2967660129070282,0.3561808168888092,0.37998339533805847,0.4066106081008911,0.4335775077342987,0.43230754137039185,0.45745161175727844,0.45272812247276306,0.3347824811935425
2025-06-30,Arel,ACOLITE,S2B_MSI_2025_06_30_11_45_58_T28QCH_L2W,C:\Users\Simon\Nextcloud\Project\Mauritania\Science\Arguin - FieldWork Data Processing\Data\S2\ACOLITE\2025-06-30,417,880,854,342595.0,2201175.0,0.17780934274196625,0.22817064821720123,0.29645398259162903,0.3559102714061737,0.37998905777931213,0.40661677718162537,0.4335840940475464,0.4324434697628021,0.4574582576751709,0.4527319073677063,0.33478572964668274
2025-06-30,Arel,ACOLITE,S2B_MSI_2025_06_30_11_45_58_T28QCH_L2W,C:\Users\Simon\Nextcloud\Project\Mauritania\Science\Arguin - FieldWork Data Processing\Data\S2\ACOLITE\2025-06-30,418,880,855,342605.0,2201175.0,0.17955657839775085,0.22714854776859283,0.3089267313480377,0.36610865592956543,0.38741475343704224,0.4153493344783783,0.4426303207874298,0.4428040087223053,0.4695647954940796,0.4497523009777069,0.32325980067253113
2025-06-30,Arel,ACOLITE,S2B_MSI_2025_06_30_11_45_58_T28QCH_L2W,C:\Users\Simon\Nextcloud\Project\Mauritania\Science\Arguin - FieldWork Data Processing\Data\S2\ACOLITE\2025-06-30,419,880,856,342615.0,2201175.0,0.17955701053142548,0.2276628464460373,0.31019070744514465,0.36913806200027466,0.3874205946922302,0.4153556525707245,0.44263705611228943,0.4466862976551056,0.46957165002822876,0.44975608587265015,0.32326292991638184
2025-06-30,Arel,ACOLITE,S2B_MSI_2025_06_30_11_45_58_T28QCH_L2W,C:\Users\Simon\Nextcloud\Project\Mauritania\Science\Arguin - FieldWork Data Processing\Data\S2\ACOLITE\2025-06-30,420,880,857,342625.0,2201175.0,0.1795574575662613,0.22988329827785492,0.30830642580986023,0.37065452337265015,0.3909282684326172,0.4226170778274536,0.4452762007713318,0.4478549361228943,0.47706273198127747,0.44620150327682495,0.3099074065685272
2025-06-30,Arel,ACOLITE,S2B_MSI_2025_06_30_11_45_58_T28QCH_L2W,C:\Users\Simon\Nextcloud\Project\Mauritania\Science\Arguin - FieldWork Data Processing\Data\S2\ACOLITE\2025-06-30,421,880,858,342635.0,2201175.0,0.1795579046010971,0.23397502303123474,0.3149169385433197,0.37230750918388367,0.39093419909477234,0.42262357473373413,0.44528302550315857,0.44657039642333984,0.4770697355270386,0.4462052285671234,0.309910386800766
2025-06-30,Arel,ACOLITE,S2B_MSI_2025_06_30_11_45_58_T28QCH_L2W,C:\Users\Simon\Nextcloud\Project\Mauritania\Science\Arguin - FieldWork Data Processing\Data\S2\ACOLITE\2025-06-30,422,880,859,342645.0,2201175.0,0.17955836653709412,0.22390975058078766,0.3031132221221924,0.3650306463241577,0.3847416937351227,0.41048505902290344,0.4400229752063751,0.44425174593925476,0.46765854954719543,0.44356802105903625,0.309427410364151
2025-06-30,Arel,ACOLITE,S2B_MSI_2025_06_30_11_45_58_T28QCH_L2W,C:\Users\Simon\Nextcloud\Project\Mauritania\Science\Arguin - FieldWork Data Processing\Data\S2\ACOLITE\2025-06-30,423,880,860,342655.0,2201175.0,0.17955882847309113,0.2137967050075531,0.29267939925193787,0.354147732257843,0.3847474753856659,0.41049128770828247,0.44002971053123474,0.4354613721370697,0.4676653742790222,0.4435717463493347,0.30943039059638977
2025-06-30,Arel,ACOLITE,S2B_MSI_2025_06_30_11_45_58_T28QCH_L2W,C:\Users\Simon\Nextcloud\Project\Mauritania\Science\Arguin - FieldWork Data Processing\Data\S2\ACOLITE\2025-06-30,424,880,861,342665.0,2201175.0,0.18149890005588531,0.21911905705928802,0.2933175563812256,0.3518046736717224,0.3750265836715698,0.40732190012931824,0.4331272542476654,0.43145063519477844,0.4639228582382202,0.4403593838214874,0.30846139788627625
2025-06-30,Arel,ACOLITE,S2B_MSI_2025_06_30_11_45_58_T28QCH_L2W,C:\Users\Simon\Nextcloud\Project\Mauritania\Science\Arguin - FieldWork Data Processing\Data\S2\ACOLITE\2025-06-30,425,880,862,342675.0,2201175.0,0.1814994066953659,0.22682170569896698,0.29996824264526367,0.35484862327575684,0.37503209710121155,0.4073280692100525,0.4331338405609131,0.4344378113746643,0.4639296233654022,0.4403630495071411,0.308464378118515
2025-06-30,Arel,ACOLITE,S2B_MSI_2025_06_30_11_45_58_T28QCH_L2W,C:\Users\Simon\Nextcloud\Project\Mauritania\Science\Arguin - FieldWork Data Processing\Data\S2\ACOLITE\2025-06-30,426,880,863,342685.0,2201175.0,0.18149995803833008,0.22408878803253174,0.2972845733165741,0.35871705412864685,0.3782833218574524,0.40653979778289795,0.4335176646709442,0.4347032606601715,0.46284717321395874,0.4381837844848633,0.31028974056243896
2025-06-30,Arel,ACOLITE,S2B_MSI_2025_06_30_11_45_58_T28QCH_L2W,C:\Users\Simon\Nextcloud\Project\Mauritania\Science\Arguin - FieldWork Data Processing\Data\S2\ACOLITE\2025-06-30,427,880,864,342695.0,2201175.0,0.18150049448013306,0.22648420929908752,0.2971307337284088,0.3558255136013031,0.3782889246940613,0.4065459966659546,0.4335242211818695,0.43458011746406555,0.46285390853881836,0.43818745017051697,0.31029272079467773
2025-06-30,Arel,ACOLITE,S2B_MSI_2025_06_30_11_45_58_T28QCH_L2W,C:\Users\Simon\Nextcloud\Project\Mauritania\Science\Arguin - FieldWork Data Processing\Data\S2\ACOLITE\2025-06-30,428,880,865,342705.0,2201175.0,0.18150104582309723,0.2317768931388855,0.30282503366470337,0.3614843487739563,0.3843716084957123,0.4122415781021118,0.4411926865577698,0.4401533901691437,0.46890828013420105,0.4386507272720337,0.3043416440486908
2025-06-30,Arel,ACOLITE,S2B_MSI_2025_06_30_11_45_58_T28QCH_L2W,C:\Users\Simon\Nextcloud\Project\Mauritania\Science\Arguin - FieldWork Data Processing\Data\S2\ACOLITE\2025-06-30,429,880,866,342715.0,2201175.0,0.1815015822649002,0.22785498201847076,0.30061835050582886,0.35721611976623535,0.3843773603439331,0.4122478663921356,0.4411994516849518,0.43847763538360596,0.4689151644706726,0.438654363155365,0.3043445944786072
2025-06-30,Arel,ACOLITE,S2B_MSI_2025_06_30_11_45_58_T28QCH_L2W,C:\Users\Simon\Nextcloud\Project\Mauritania\Science\Arguin - FieldWork Data Processing\Data\S2\ACOLITE\2025-06-30,430,880,867,342725.0,2201175.0,0.18247145414352417,0.23007610440254211,0.3074086308479309,0.36301037669181824,0.38613665103912354,0.41529354453086853,0.4428369700908661,0.44171851873397827,0.4707346558570862,0.4388878047466278,0.29523026943206787
2025-06-30,Arel,ACOLITE,S2B_MSI_2025_06_30_11_45_58_T28QCH_L2W,C:\Users\Simon\Nextcloud\Project\Mauritania\Science\Arguin - FieldWork Data Processing\Data\S2\ACOLITE\2025-06-30,431,880,868,342735.0,2201175.0,0.18247200548648834,0.23263594508171082,0.3122941255569458,0.3648054897785187,0.38614246249198914,0.4152998924255371,0.4428437650203705,0.4430180788040161,0.47074154019355774,0.4388914406299591,0.2952331006526947
2025-06-30,Arel,ACOLITE,S2B_MSI_2025_06_30_11_45_58_T28QCH_L2W,C:\Users\Simon\Nextcloud\Project\Mauritania\Science\Arguin - FieldWork Data Processing\Data\S2\ACOLITE\2025-06-30,432,880,869,342745.0,2201175.0,0.1824725866317749,0.22529804706573486,0.30394840240478516,0.35847368836402893,0.3802091181278229,0.41345643997192383,0.4374532401561737,0.4400498569011688,0.4717148542404175,0.435562402009964,0.2997344136238098
2025-06-30,Arel,ACOLITE,S2B_MSI_2025_06_30_11_45_58_T28QCH_L2W,C:\Users\Simon\Nextcloud\Project\Mauritania\Science\Arguin - FieldWork Data Processing\Data\S2\ACOLITE\2025-06-30,433,880,870,342755.0,2201175.0,0.18247316777706146,0.22922950983047485,0.3022162616252899,0.3579273521900177,0.3802148103713989,0.41346272826194763,0.43745991587638855,0.44238463044166565,0.47172173857688904,0.4355660080909729,0.2997373044490814
2025-06-30,Arel,ACOLITE,S2B_MSI_2025_06_30_11_45_58_T28QCH_L2W,C:\Users\Simon\Nextcloud\Project\Mauritania\Science\Arguin - FieldWork Data Processing\Data\S2\ACOLITE\2025-06-30,434,880,871,342765.0,2201175.0,0.18247374892234802,0.23162014782428741,0.3025366961956024,0.3594498038291931,0.3769761025905609,0.4068540036678314,0.4357075095176697,0.4417445659637451,0.4668940305709839,0.4292457699775696,0.2991323173046112
2025-06-30,Arel,ACOLITE,S2B_MSI_2025_06_30_11_45_58_T28QCH_L2W,C:\Users\Simon\Nextcloud\Project\Mauritania\Science\Arguin - FieldWork Data Processing\Data\S2\ACOLITE\2025-06-30,435,880,872,342775.0,2201175.0,0.18247434496879578,0.2288924753665924,0.3017515242099762,0.3590415120124817,0.3769816756248474,0.4068601727485657,0.43571412563323975,0.43812793493270874,0.4669008255004883,0.4292493164539337,0.2991351783275604
2025-06-30,Arel,ACOLITE,S2B_MSI_2025_06_30_11_45_58_T28QCH_L2W,C:\Users\Simon\Nextcloud\Project\Mauritania\Science\Arguin - FieldWork Data Processing\Data\S2\ACOLITE\2025-06-30,436,881,842,342475.0,2201165.0,0.12527897953987122,0.2077498584985733,0.2889595329761505,0.3493596315383911,0.366393119096756,0.3919563293457031,0.41953203082084656,0.4269259572029114,0.4409944713115692,0.4171791970729828,0.31460121273994446
2025-06-30,Arel,ACOLITE,S2B_MSI_2025_06_30_11_45_58_T28QCH_L2W,C:\Users\Simon\Nextcloud\Project\Mauritania\Science\Arguin - FieldWork Data Processing\Data\S2\ACOLITE\2025-06-30,437,881,843,342485.0,2201165.0,0.16573388874530792,0.21136461198329926,0.2851535379886627,0.3471522033214569,0.37208881974220276,0.4031098186969757,0.42735227942466736,0.4287482798099518,0.4546019732952118,0.43765363097190857,0.32941386103630066
2025-06-30,Arel,ACOLITE,S2B_MSI_2025_06_30_11_45_58_T28QCH_L2W,C:\Users\Simon\Nextcloud\Project\Mauritania\Science\Arguin - FieldWork Data Processing\Data\S2\ACOLITE\2025-06-30,438,881,844,342495.0,2201165.0,0.1657336950302124,0.2099902331829071,0.28611060976982117,0.34936997294425964,0.3720942735671997,0.4031158983707428,0.4273587465286255,0.43108832836151123,0.4546085298061371,0.43765729665756226,0.32941704988479614
2025-06-30,Arel,ACOLITE,S2B_MSI_2025_06_30_11_45_58_T28QCH_L2W,C:\Users\Simon\Nextcloud\Project\Mauritania\Science\Arguin - FieldWork Data Processing\Data\S2\ACOLITE\2025-06-30,439,881,845,342505.0,2201165.0,0.16573353111743927,0.21291449666023254,0.2884959578514099,0.35034269094467163,0.3776451349258423,0.4070945978164673,0.43390601873397827,0.4312242567539215,0.4618830978870392,0.44673317670822144,0.3375486135482788
2025-06-30,Arel,ACOLITE,S2B_MSI_2025_06_30_11_45_58_T28QCH_L2W,C:\Users\Simon\Nextcloud\Project\Mauritania\Science\Arguin - FieldWork Data Processing\Data\S2\ACOLITE\2025-06-30,440,881,846,342515.0,2201165.0,0.16573336720466614,0.21909280121326447,0.295155793428421,0.3586285710334778,0.37765073776245117,0.40710076689720154,0.43391263484954834,0.43654122948646545,0.4618898034095764,0.4467369019985199,0.33755189180374146
2025-06-30,Arel,ACOLITE,S2B_MSI_2025_06_30_11_45_58_T28QCH_L2W,C:\Users\Simon\Nextcloud\Project\Mauritania\Science\Arguin - FieldWork Data Processing\Data\S2\ACOLITE\2025-06-30,441,881,847,342525.0,2201165.0,0.16573317348957062,0.22217650711536407,0.2969004213809967,0.35863399505615234,0.38346216082572937,0.41160374879837036,0.4391937553882599,0.43978238105773926,0.4672183692455292,0.45041319727897644,0.33646345138549805
2025-06-30,Arel,ACOLITE,S2B_MSI_2025_06_30_11_45_58_T28QCH_L2W,C:\Users\Simon\Nextcloud\Project\Mauritania\Science\Arguin - FieldWork Data Processing\Data\S2\ACOLITE\2025-06-30,442,881,848,342535.0,2201165.0,0.16573302447795868,0.2214939296245575,0.2975373864173889,0.36277148127555847,0.3834679126739502,0.4116100072860718,0.4392004609107971,0.441728413105011,0.46722522377967834,0.4504169821739197,0.3364666998386383
2025-06-30,Arel,ACOLITE,S2B_MSI_2025_06_30_11_45_58_T28QCH_L2W,C:\Users\Simon\Nextcloud\Project\Mauritania\Science\Arguin - FieldWork Data Processing\Data\S2\ACOLITE\2025-06-30,443,881,849,342545.0,2201165.0,0.17780716717243195,0.22525812685489655,0.3003864288330078,0.36387792229652405,0.39101916551589966,0.41597527265548706,0.4439728558063507,0.4448363184928894,0.4688030779361725,0.4534038007259369,0.3397449254989624
2025-06-30,Arel,ACOLITE,S2B_MSI_2025_06_30_11_45_58_T28QCH_L2W,C:\Users\Simon\Nextcloud\Project\Mauritania\Science\Arguin - FieldWork Data Processing\Data\S2\ACOLITE\2025-06-30,444,881,850,342555.0,2201165.0,0.1778075248003006,0.22799240052700043,0.3051249384880066,0.3670465052127838,0.3910250663757324,0.41598162055015564,0.4439796507358551,0.44600528478622437,0.46880993247032166,0.4534075856208801,0.33974820375442505
2025-06-30,Arel,ACOLITE,S2B_MSI_2025_06_30_11_45_58_T28QCH_L2W,C:\Users\Simon\Nextcloud\Project\Mauritania\Science\Arguin - FieldWork Data Processing\Data\S2\ACOLITE\2025-06-30,445,881,851,342565.0,2201165.0,0.17780791223049164,0.22970052063465118,0.30639052391052246,0.37089839577674866,0.38941553235054016,0.4194185733795166,0.4446130692958832,0.44652843475341797,0.4674873948097229,0.4565082788467407,0.3412068784236908
2025-06-30,Arel,ACOLITE,S2B_MSI_2025_06_30_11_45_58_T28QCH_L2W,C:\Users\Simon\Nextcloud\Project\Mauritania\Science\Arguin - FieldWork Data Processing\Data\S2\ACOLITE\2025-06-30,446,881,852,342575.0,2201165.0,0.17780828475952148,0.23140741884708405,0.30765554308891296,0.3658203184604645,0.3894214332103729,0.41942504048347473,0.44461989402770996,0.4452435076236725,0.46749424934387207,0.45651206374168396,0.34121018648147583
2025-06-30,Arel,ACOLITE,S2B_MSI_2025_06_30_11_45_58_T28QCH_L2W,C:\Users\Simon\Nextcloud\Project\Mauritania\Science\Arguin - FieldWork Data Processing\Data\S2\ACOLITE\2025-06-30,447,881,853,342585.0,2201165.0,0.17780864238739014,0.2225302904844284,0.29787570238113403,0.3592177629470825,0.3799869418144226,0.4066144824028015,0.433581680059433,0.43710386753082275,0.4574558436870575,0.45273062586784363,0.334784597158432
2025-06-30,Arel,ACOLITE,S2B_MSI_2025_06_30_11_45_58_T28QCH_L2W,C:\Users\Simon\Nextcloud\Project\Mauritania\Science\Arguin - FieldWork Data Processing\Data\S2\ACOLITE\2025-06-30,448,881,854,342595.0,2201165.0,0.17780901491641998,0.22663509845733643,0.2999350130558014,0.35660335421562195,0.37999260425567627,0.40662068128585815,0.43358826637268066,0.4359451234340668,0.45746245980262756,0.45273441076278687,0.33478784561157227
2025-06-30,Arel,ACOLITE,S2B_MSI_2025_06_30_11_45_58_T28QCH_L2W,C:\Users\Simon\Nextcloud\Project\Mauritania\Science\Arguin - FieldWork Data Processing\Data\S2\ACOLITE\2025-06-30,449,881,855,342605.0,2201165.0,0.17955631017684937,0.22424471378326416,0.30278196930885315,0.36212158203125,0.3874184191226959,0.41535332798957825,0.44263458251953125,0.4403514862060547,0.46956920623779297,0.44975483417510986,0.3232618570327759
2025-06-30,Arel,ACOLITE,S2B_MSI_2025_06_30_11_45_58_T28QCH_L2W,C:\Users\Simon\Nextcloud\Project\Mauritania\Science\Arguin - FieldWork Data Processing\Data\S2\ACOLITE\2025-06-30,450,881,856,342615.0,2201165.0,0.17955677211284637,0.22646845877170563,0.3012077212333679,0.36639276146888733,0.3874242603778839,0.4153597056865692,0.44264137744903564,0.4452698230743408,0.46957606077194214,0.4497585594654083,0.3232649564743042
2025-06-30,Arel,ACOLITE,S2B_MSI_2025_06_30_11_45_58_T28QCH_L2W,C:\Users\Simon\Nextcloud\Project\Mauritania\Science\Arguin - FieldWork Data Processing\Data\S2\ACOLITE\2025-06-30,451,881,857,342625.0,2201165.0,0.179557204246521,0.22954320907592773,0.3090965449810028,0.37052080035209656,0.39093196392059326,0.4226211905479431,0.445280522108078,0.4491499066352844,0.4770672023296356,0.44620397686958313,0.3099093437194824
2025-06-30,Arel,ACOLITE,S2B_MSI_2025_06_30_11_45_58_T28QCH_L2W,C:\Users\Simon\Nextcloud\Project\Mauritania\Science\Arguin - FieldWork Data Processing\Data\S2\ACOLITE\2025-06-30,452,881,858,342635.0,2201165.0,0.179557666182518,0.23108015954494476,0.31366297602653503,0.37656256556510925,0.3909378945827484,0.422627717256546,0.4452873766422272,0.45367082953453064,0.4770742356777191,0.446207731962204,0.3099123537540436
2025-06-30,Arel,ACOLITE,S2B_MSI_2025_06_30_11_45_58_T28QCH_L2W,C:\Users\Simon\Nextcloud\Project\Mauritania\Science\Arguin - FieldWork Data Processing\Data\S2\ACOLITE\2025-06-30,453,881,859,342645.0,2201165.0,0.17955811321735382,0.22237077355384827,0.30295810103416443,0.3679218292236328,0.3847452998161316,0.410489022731781,0.44002723693847656,0.4505825638771057,0.4676629304885864,0.44357049465179443,0.3094293773174286
2025-06-30,Arel,ACOLITE,S2B_MSI_2025_06_30_11_45_58_T28QCH_L2W,C:\Users\Simon\Nextcloud\Project\Mauritania\Science\Arguin - FieldWork Data Processing\Data\S2\ACOLITE\2025-06-30,454,881,860,342655.0,2201165.0,0.17955854535102844,0.2153434157371521,0.29679930210113525,0.3562214970588684,0.3847510814666748,0.41049525141716003,0.4400339722633362,0.43740764260292053,0.4676697552204132,0.4435742199420929,0.30943232774734497
2025-06-30,Arel,ACOLITE,S2B_MSI_2025_06_30_11_45_58_T28QCH_L2W,C:\Users\Simon\Nextcloud\Project\Mauritania\Science\Arguin - FieldWork Data Processing\Data\S2\ACOLITE\2025-06-30,455,881,861,342665.0,2201165.0,0.1814986914396286,0.22408568859100342,0.3009144365787506,0.35719263553619385,0.3750300109386444,0.407325804233551,0.43313145637512207,0.43456509709358215,0.4639272093772888,0.4403618276119232,0.30846336483955383
2025-06-30,Arel,ACOLITE,S2B_MSI_2025_06_30_11_45_58_T28QCH_L2W,C:\Users\Simon\Nextcloud\Project\Mauritania\Science\Arguin - FieldWork Data Processing\Data\S2\ACOLITE\2025-06-30,456,881,862,342675.0,2201165.0,0.18149924278259277,0.2239166498184204,0.2987062335014343,0.353609174489975,0.3750355839729309,0.4073319733142853,0.43313804268836975,0.43547818064689636,0.4639339745044708,0.4403655230998993,0.3084663152694702
2025-06-30,Arel,ACOLITE,S2B_MSI_2025_06_30_11_45_58_T28QCH_L2W,C:\Users\Simon\Nextcloud\Project\Mauritania\Science\Arguin - FieldWork Data Processing\Data\S2\ACOLITE\2025-06-30,457,881,863,342685.0,2201165.0,0.18149974942207336,0.22220727801322937,0.29554617404937744,0.35609951615333557,0.37828683853149414,0.4065437316894531,0.4335218667984009,0.43613213300704956,0.46285152435302734,0.4381862282752991,0.31029170751571655
2025-06-30,Arel,ACOLITE,S2B_MSI_2025_06_30_11_45_58_T28QCH_L2W,C:\Users\Simon\Nextcloud\Project\Mauritania\Science\Arguin - FieldWork Data Processing\Data\S2\ACOLITE\2025-06-30,458,881,864,342695.0,2201165.0,0.18150030076503754,0.23126426339149475,0.3051901161670685,0.3612067699432373,0.378292441368103,0.4065499007701874,0.43352845311164856,0.4401510953903198,0.46285825967788696,0.43818989396095276,0.3102946877479553
2025-06-30,Arel,ACOLITE,S2B_MSI_2025_06_30_11_45_58_T28QCH_L2W,C:\Users\Simon\Nextcloud\Project\Mauritania\Science\Arguin - FieldWork Data Processing\Data\S2\ACOLITE\2025-06-30,459,881,865,342705.0,2201165.0,0.18150083720684052,0.2309255301952362,0.3091348111629486,0.3639664947986603,0.3843752145767212,0.41224557161331177,0.4411970376968384,0.44209763407707214,0.4689127206802368,0.4386531412601471,0.304343581199646
2025-06-30,Arel,ACOLITE,S2B_MSI_2025_06_30_11_45_58_T28QCH_L2W,C:\Users\Simon\Nextcloud\Project\Mauritania\Science\Arguin - FieldWork Data Processing\Data\S2\ACOLITE\2025-06-30,460,881,866,342715.0,2201165.0,0.1815013587474823,0.22785599529743195,0.3031481206417084,0.3588745892047882,0.3843810260295868,0.41225185990333557,0.441203773021698,0.4414575397968292,0.468919575214386,0.43865683674812317,0.3043465316295624
2025-06-30,Arel,ACOLITE,S2B_MSI_2025_06_30_11_45_58_T28QCH_L2W,C:\Users\Simon\Nextcloud\Project\Mauritania\Science\Arguin - FieldWork Data Processing\Data\S2\ACOLITE\2025-06-30,461,881,867,342725.0,2201165.0,0.18247126042842865,0.22649145126342773,0.30567729473114014,0.3594314754009247,0.3861403167247772,0.41529759764671326,0.4428413212299347,0.4454713761806488,0.47073906660079956,0.438890278339386,0.2952321469783783
2025-06-30,Arel,ACOLITE,S2B_MSI_2025_06_30_11_45_58_T28QCH_L2W,C:\Users\Simon\Nextcloud\Project\Mauritania\Science\Arguin - FieldWork Data Processing\Data\S2\ACOLITE\2025-06-30,462,881,868,342735.0,2201165.0,0.1824718564748764,0.2275187075138092,0.30252572894096375,0.36067748069763184,0.3861461281776428,0.4153039753437042,0.4428481161594391,0.4444441795349121,0.4707459807395935,0.4388939142227173,0.2952349781990051
2025-06-30,Arel,ACOLITE,S2B_MSI_2025_06_30_11_45_58_T28QCH_L2W,C:\Users\Simon\Nextcloud\Project\Mauritania\Science\Arguin - FieldWork Data Processing\Data\S2\ACOLITE\2025-06-30,463,881,869,342745.0,2201165.0,0.18247240781784058,0.22273249924182892,0.29968616366386414,0.3537842035293579,0.3802126944065094,0.4134604334831238,0.43745753169059753,0.4351342022418976,0.47171932458877563,0.4355648458003998,0.2997363209724426
2025-06-30,Arel,ACOLITE,S2B_MSI_2025_06_30_11_45_58_T28QCH_L2W,C:\Users\Simon\Nextcloud\Project\Mauritania\Science\Arguin - FieldWork Data Processing\Data\S2\ACOLITE\2025-06-30,464,881,870,342755.0,2201165.0,0.18247300386428833,0.22666862607002258,0.3026927709579468,0.3572409451007843,0.38021835684776306,0.41346678137779236,0.4374642074108124,0.44044870138168335,0.4717262089252472,0.4355684518814087,0.29973918199539185
2025-06-30,Arel,ACOLITE,S2B_MSI_2025_06_30_11_45_58_T28QCH_L2W,C:\Users\Simon\Nextcloud\Project\Mauritania\Science\Arguin - FieldWork Data Processing\Data\S2\ACOLITE\2025-06-30,465,881,871,342765.0,2201165.0,0.1824735850095749,0.22718338668346405,0.29890450835227966,0.35476160049438477,0.37697961926460266,0.4068579375743866,0.4357117712497711,0.43799617886543274,0.46689844131469727,0.4292481541633606,0.29913419485092163
2025-06-30,Arel,ACOLITE,S2B_MSI_2025_06_30_11_45_58_T28QCH_L2W,C:\Users\Simon\Nextcloud\Project\Mauritania\Science\Arguin - FieldWork Data Processing\Data\S2\ACOLITE\2025-06-30,466,881,872,342775.0,2201165.0,0.18247416615486145,0.22376540303230286,0.2974851131439209,0.3474387228488922,0.37698522210121155,0.40686410665512085,0.4357183873653412,0.43450552225112915,0.46690526604652405,0.42925170063972473,0.29913705587387085
2025-06-30,Arel,ACOLITE,S2B_MSI_2025_06_30_11_45_58_T28QCH_L2W,C:\Users\Simon\Nextcloud\Project\Mauritania\Science\Arguin - FieldWork Data Processing\Data\S2\ACOLITE\2025-06-30,467,882,842,342475.0,2201155.0,0.13045501708984375,0.21342575550079346,0.2930830121040344,0.35461118817329407,0.3715452253818512,0.3988651931285858,0.425838828086853,0.4330234229564667,0.44756177067756653,0.4274221658706665,0.32346606254577637
2025-06-30,Arel,ACOLITE,S2B_MSI_2025_06_30_11_45_58_T28QCH_L2W,C:\Users\Simon\Nextcloud\Project\Mauritania\Science\Arguin - FieldWork Data Processing\Data\S2\ACOLITE\2025-06-30,468,882,843,342485.0,2201155.0,0.17333537340164185,0.212396502494812,0.2891246974468231,0.3546164631843567,0.373039573431015,0.40457072854042053,0.42760810256004333,0.43471354246139526,0.45751479268074036,0.4435136914253235,0.3295373022556305
2025-06-30,Arel,ACOLITE,S2B_MSI_2025_06_30_11_45_58_T28QCH_L2W,C:\Users\Simon\Nextcloud\Project\Mauritania\Science\Arguin - FieldWork Data Processing\Data\S2\ACOLITE\2025-06-30,469,882,844,342495.0,2201155.0,0.17333552241325378,0.2106788605451584,0.28674817085266113,0.35034069418907166,0.37304508686065674,0.40457683801651,0.42761456966400146,0.43471992015838623,0.4575214087963104,0.44351738691329956,0.329540491104126
2025-06-30,Arel,ACOLITE,S2B_MSI_2025_06_30_11_45_58_T28QCH_L2W,C:\Users\Simon\Nextcloud\Project\Mauritania\Science\Arguin - FieldWork Data Processing\Data\S2\ACOLITE\2025-06-30,470,882,845,342505.0,2201155.0,0.1733357012271881,0.21033629775047302,0.29182836413383484,0.34605854749679565,0.3753504157066345,0.4048478603363037,0.43026381731033325,0.4320058226585388,0.4586183428764343,0.4438655376434326,0.32468920946121216
2025-06-30,Arel,ACOLITE,S2B_MSI_2025_06_30_11_45_58_T28QCH_L2W,C:\Users\Simon\Nextcloud\Project\Mauritania\Science\Arguin - FieldWork Data Processing\Data\S2\ACOLITE\2025-06-30,471,882,846,342515.0,2201155.0,0.17333585023880005,0.21840812265872955,0.2981635332107544,0.35656386613845825,0.375355988740921,0.4048539996147156,0.43027037382125854,0.4344736337661743,0.4586249887943268,0.4438692629337311,0.32469233870506287
2025-06-30,Arel,ACOLITE,S2B_MSI_2025_06_30_11_45_58_T28QCH_L2W,C:\Users\Simon\Nextcloud\Project\Mauritania\Science\Arguin - FieldWork Data Processing\Data\S2\ACOLITE\2025-06-30,472,882,847,342525.0,2201155.0,0.17333604395389557,0.22576750814914703,0.30038005113601685,0.3611172139644623,0.3819814920425415,0.4113433063030243,0.43530556559562683,0.43758708238601685,0.4656510651111603,0.4457099437713623,0.3255451023578644
2025-06-30,Arel,ACOLITE,S2B_MSI_2025_06_30_11_45_58_T28QCH_L2W,C:\Users\Simon\Nextcloud\Project\Mauritania\Science\Arguin - FieldWork Data Processing\Data\S2\ACOLITE\2025-06-30,473,882,848,342535.0,2201155.0,0.1733361929655075,0.22508615255355835,0.30322593450546265,0.3598829507827759,0.38198721408843994,0.4113495647907257,0.4353121817111969,0.4378523528575897,0.4656578302383423,0.44571366906166077,0.32554829120635986
2025-06-30,Arel,ACOLITE,S2B_MSI_2025_06_30_11_45_58_T28QCH_L2W,C:\Users\Simon\Nextcloud\Project\Mauritania\Science\Arguin - FieldWork Data Processing\Data\S2\ACOLITE\2025-06-30,474,882,849,342545.0,2201155.0,0.17177896201610565,0.22474639117717743,0.30354607105255127,0.3634684979915619,0.38711756467819214,0.41531917452812195,0.44059157371520996,0.44238540530204773,0.4680824279785156,0.4498494565486908,0.33465245366096497
2025-06-30,Arel,ACOLITE,S2B_MSI_2025_06_30_11_45_58_T28QCH_L2W,C:\Users\Simon\Nextcloud\Project\Mauritania\Science\Arguin - FieldWork Data Processing\Data\S2\ACOLITE\2025-06-30,475,882,850,342555.0,2201155.0,0.17177905142307281,0.22748138010501862,0.3040238618850708,0.36883634328842163,0.38712337613105774,0.4153255522251129,0.44059833884239197,0.4409698247909546,0.4680892527103424,0.44985324144363403,0.33465567231178284
2025-06-30,Arel,ACOLITE,S2B_MSI_2025_06_30_11_45_58_T28QCH_L2W,C:\Users\Simon\Nextcloud\Project\Mauritania\Science\Arguin - FieldWork Data Processing\Data\S2\ACOLITE\2025-06-30,476,882,851,342565.0,2201155.0,0.17177915573120117,0.22799555957317352,0.3040284812450409,0.36911672353744507,0.3869944214820862,0.41889503598213196,0.4428625702857971,0.44175201654434204,0.46978771686553955,0.45444631576538086,0.33829814195632935
2025-06-30,Arel,ACOLITE,S2B_MSI_2025_06_30_11_45_58_T28QCH_L2W,C:\Users\Simon\Nextcloud\Project\Mauritania\Science\Arguin - FieldWork Data Processing\Data\S2\ACOLITE\2025-06-30,477,882,852,342575.0,2201155.0,0.17177924513816833,0.22560693323612213,0.30434855818748474,0.36348509788513184,0.38700026273727417,0.4189015030860901,0.4428693354129791,0.4415000081062317,0.4697946012020111,0.4544501006603241,0.3383014500141144
2025-06-30,Arel,ACOLITE,S2B_MSI_2025_06_30_11_45_58_T28QCH_L2W,C:\Users\Simon\Nextcloud\Project\Mauritania\Science\Arguin - FieldWork Data Processing\Data\S2\ACOLITE\2025-06-30,478,882,853,342585.0,2201155.0,0.17177936434745789,0.2264631688594818,0.3002491593360901,0.362527072429657,0.3821507692337036,0.4084712862968445,0.43597349524497986,0.43827271461486816,0.46581271290779114,0.45089733600616455,0.3305399715900421
2025-06-30,Arel,ACOLITE,S2B_MSI_2025_06_30_11_45_58_T28QCH_L2W,C:\Users\Simon\Nextcloud\Project\Mauritania\Science\Arguin - FieldWork Data Processing\Data\S2\ACOLITE\2025-06-30,479,882,854,342595.0,2201155.0,0.17177946865558624,0.2218484878540039,0.3026222586631775,0.3568825423717499,0.38215646147727966,0.4084774851799011,0.4359801709651947,0.43491312861442566,0.4658195376396179,0.4509011209011078,0.3305431604385376
2025-06-30,Arel,ACOLITE,S2B_MSI_2025_06_30_11_45_58_T28QCH_L2W,C:\Users\Simon\Nextcloud\Project\Mauritania\Science\Arguin - FieldWork Data Processing\Data\S2\ACOLITE\2025-06-30,480,882,855,342605.0,2201155.0,0.16670796275138855,0.22065183520317078,0.30231112241744995,0.36281344294548035,0.3833767771720886,0.41126129031181335,0.4377451539039612,0.4389326274394989,0.4695735573768616,0.447346955537796,0.3210785984992981
2025-06-30,Arel,ACOLITE,S2B_MSI_2025_06_30_11_45_58_T28QCH_L2W,C:\Users\Simon\Nextcloud\Project\Mauritania\Science\Arguin - FieldWork Data Processing\Data\S2\ACOLITE\2025-06-30,481,882,856,342615.0,2201155.0,0.1667078584432602,0.2223658263683319,0.30215781927108765,0.3624058663845062,0.38338249921798706,0.4112675189971924,0.437751829624176,0.4451448321342468,0.46958044171333313,0.44735071063041687,0.32108166813850403
2025-06-30,Arel,ACOLITE,S2B_MSI_2025_06_30_11_45_58_T28QCH_L2W,C:\Users\Simon\Nextcloud\Project\Mauritania\Science\Arguin - FieldWork Data Processing\Data\S2\ACOLITE\2025-06-30,482,882,857,342625.0,2201155.0,0.16670770943164825,0.22544631361961365,0.3102012574672699,0.3735438585281372,0.3908010423183441,0.41866984963417053,0.44841623306274414,0.4521212577819824,0.4736933410167694,0.44758403301239014,0.310518741607666
2025-06-30,Arel,ACOLITE,S2B_MSI_2025_06_30_11_45_58_T28QCH_L2W,C:\Users\Simon\Nextcloud\Project\Mauritania\Science\Arguin - FieldWork Data Processing\Data\S2\ACOLITE\2025-06-30,483,882,858,342635.0,2201155.0,0.1667076051235199,0.2300582081079483,0.311464786529541,0.374646931886673,0.3908069431781769,0.4186762869358063,0.4484231173992157,0.4534173011779785,0.47370031476020813,0.4475877583026886,0.3105217218399048
2025-06-30,Arel,ACOLITE,S2B_MSI_2025_06_30_11_45_58_T28QCH_L2W,C:\Users\Simon\Nextcloud\Project\Mauritania\Science\Arguin - FieldWork Data Processing\Data\S2\ACOLITE\2025-06-30,484,882,859,342645.0,2201155.0,0.16670745611190796,0.22168684005737305,0.29996010661125183,0.362422376871109,0.37651026248931885,0.4094347357749939,0.4376462697982788,0.44438934326171875,0.4654906988143921,0.439667671918869,0.2994663119316101
2025-06-30,Arel,ACOLITE,S2B_MSI_2025_06_30_11_45_58_T28QCH_L2W,C:\Users\Simon\Nextcloud\Project\Mauritania\Science\Arguin - FieldWork Data Processing\Data\S2\ACOLITE\2025-06-30,485,882,860,342655.0,2201155.0,0.1667073369026184,0.21396984159946442,0.29189181327819824,0.35166776180267334,0.37651586532592773,0.4094409644603729,0.43765294551849365,0.4337853789329529,0.46549752354621887,0.4396713376045227,0.2994691729545593
2025-06-30,Arel,ACOLITE,S2B_MSI_2025_06_30_11_45_58_T28QCH_L2W,C:\Users\Simon\Nextcloud\Project\Mauritania\Science\Arguin - FieldWork Data Processing\Data\S2\ACOLITE\2025-06-30,486,882,861,342665.0,2201155.0,0.16846473515033722,0.22357340157032013,0.29680630564689636,0.35333094000816345,0.3751687705516815,0.4073297083377838,0.43175214529037476,0.4366413652896881,0.4602997899055481,0.43519338965415955,0.300322949886322
2025-06-30,Arel,ACOLITE,S2B_MSI_2025_06_30_11_45_58_T28QCH_L2W,C:\Users\Simon\Nextcloud\Project\Mauritania\Science\Arguin - FieldWork Data Processing\Data\S2\ACOLITE\2025-06-30,487,882,862,342675.0,2201155.0,0.16846469044685364,0.2254565805196762,0.30155351758003235,0.3570633828639984,0.375174343585968,0.40733587741851807,0.43175870180130005,0.4375540614128113,0.4603064954280853,0.43519702553749084,0.30032584071159363
2025-06-30,Arel,ACOLITE,S2B_MSI_2025_06_30_11_45_58_T28QCH_L2W,C:\Users\Simon\Nextcloud\Project\Mauritania\Science\Arguin - FieldWork Data Processing\Data\S2\ACOLITE\2025-06-30,488,882,863,342685.0,2201155.0,0.16846463084220886,0.22015267610549927,0.2939649820327759,0.3544463515281677,0.38342276215553284,0.4076068699359894,0.43855202198028564,0.4344522953033447,0.46430811285972595,0.43692463636398315,0.30032873153686523
2025-06-30,Arel,ACOLITE,S2B_MSI_2025_06_30_11_45_58_T28QCH_L2W,C:\Users\Simon\Nextcloud\Project\Mauritania\Science\Arguin - FieldWork Data Processing\Data\S2\ACOLITE\2025-06-30,489,882,864,342695.0,2201155.0,0.16846460103988647,0.2310948669910431,0.3044041693210602,0.36148571968078613,0.38342854380607605,0.40761303901672363,0.4385586977005005,0.4422246217727661,0.46431490778923035,0.43692827224731445,0.30033159255981445
2025-06-30,Arel,ACOLITE,S2B_MSI_2025_06_30_11_45_58_T28QCH_L2W,C:\Users\Simon\Nextcloud\Project\Mauritania\Science\Arguin - FieldWork Data Processing\Data\S2\ACOLITE\2025-06-30,490,882,865,342705.0,2201155.0,0.1684645563364029,0.228196382522583,0.31385767459869385,0.36589646339416504,0.3851882815361023,0.4133070409297943,0.4433337450027466,0.44765815138816833,0.4750766456127167,0.44003432989120483,0.29583629965782166
2025-06-30,Arel,ACOLITE,S2B_MSI_2025_06_30_11_45_58_T28QCH_L2W,C:\Users\Simon\Nextcloud\Project\Mauritania\Science\Arguin - FieldWork Data Processing\Data\S2\ACOLITE\2025-06-30,491,882,866,342715.0,2201155.0,0.16846449673175812,0.23178140819072723,0.3059908151626587,0.3648013174533844,0.3851940631866455,0.4133133590221405,0.443340539932251,0.44495218992233276,0.4750836491584778,0.4400380253791809,0.2958391308784485
2025-06-30,Arel,ACOLITE,S2B_MSI_2025_06_30_11_45_58_T28QCH_L2W,C:\Users\Simon\Nextcloud\Project\Mauritania\Science\Arguin - FieldWork Data Processing\Data\S2\ACOLITE\2025-06-30,492,882,867,342725.0,2201155.0,0.15337176620960236,0.2317837029695511,0.3089897930622101,0.36343032121658325,0.38425546884536743,0.41358402371406555,0.442218542098999,0.4439248740673065,0.4717099666595459,0.4396970272064209,0.2957203984260559
2025-06-30,Arel,ACOLITE,S2B_MSI_2025_06_30_11_45_58_T28QCH_L2W,C:\Users\Simon\Nextcloud\Project\Mauritania\Science\Arguin - FieldWork Data Processing\Data\S2\ACOLITE\2025-06-30,493,882,868,342735.0,2201155.0,0.15337102115154266,0.23093339800834656,0.3025284707546234,0.36068087816238403,0.38426128029823303,0.41359034180641174,0.44222530722618103,0.44431912899017334,0.47171688079833984,0.4397006928920746,0.29572322964668274
2025-06-30,Arel,ACOLITE,S2B_MSI_2025_06_30_11_45_58_T28QCH_L2W,C:\Users\Simon\Nextcloud\Project\Mauritania\Science\Arguin - FieldWork Data Processing\Data\S2\ACOLITE\2025-06-30,494,882,869,342745.0,2201155.0,0.15337029099464417,0.22461584210395813,0.3000050485134125,0.3571009039878845,0.3787297308444977,0.40883538126945496,0.437461793422699,0.44186922907829285,0.46966978907585144,0.4366017282009125,0.3005891442298889
2025-06-30,Arel,ACOLITE,S2B_MSI_2025_06_30_11_45_58_T28QCH_L2W,C:\Users\Simon\Nextcloud\Project\Mauritania\Science\Arguin - FieldWork Data Processing\Data\S2\ACOLITE\2025-06-30,495,882,870,342755.0,2201155.0,0.15336954593658447,0.22307772934436798,0.2977953851222992,0.35241109132766724,0.37873536348342896,0.408841609954834,0.4374684691429138,0.44174641370773315,0.469676673412323,0.4366053342819214,0.3005920648574829
2025-06-30,Arel,ACOLITE,S2B_MSI_2025_06_30_11_45_58_T28QCH_L2W,C:\Users\Simon\Nextcloud\Project\Mauritania\Science\Arguin - FieldWork Data Processing\Data\S2\ACOLITE\2025-06-30,496,882,871,342765.0,2201155.0,0.15336883068084717,0.21725134551525116,0.2954252064228058,0.346744567155838,0.37021318078041077,0.39864084124565125,0.42829301953315735,0.43553975224494934,0.4577009379863739,0.425914466381073,0.29548853635787964
2025-06-30,Arel,ACOLITE,S2B_MSI_2025_06_30_11_45_58_T28QCH_L2W,C:\Users\Simon\Nextcloud\Project\Mauritania\Science\Arguin - FieldWork Data Processing\Data\S2\ACOLITE\2025-06-30,497,883,842,342475.0,2201145.0,0.13045328855514526,0.21084842085838318,0.2908672094345093,0.35199129581451416,0.371548593044281,0.3988688886165619,0.42584285140037537,0.4321204423904419,0.44756585359573364,0.42742449045181274,0.32346805930137634
2025-06-30,Arel,ACOLITE,S2B_MSI_2025_06_30_11_45_58_T28QCH_L2W,C:\Users\Simon\Nextcloud\Project\Mauritania\Science\Arguin - FieldWork Data Processing\Data\S2\ACOLITE\2025-06-30,498,883,843,342485.0,2201145.0,0.17333492636680603,0.213943213224411,0.29324811697006226,0.35130587220191956,0.3730429708957672,0.40457454323768616,0.42761215567588806,0.43342235684394836,0.45751896500587463,0.4435161352157593,0.32953935861587524
2025-06-30,Arel,ACOLITE,S2B_MSI_2025_06_30_11_45_58_T28QCH_L2W,C:\Users\Simon\Nextcloud\Project\Mauritania\Science\Arguin - FieldWork Data Processing\Data\S2\ACOLITE\2025-06-30,499,883,844,342495.0,2201145.0,0.17333509027957916,0.21497498452663422,0.29372745752334595,0.35020560026168823,0.37304848432540894,0.40458065271377563,0.4276186227798462,0.4331696033477783,0.4575256109237671,0.44351983070373535,0.3295425474643707
2025-06-30,Arel,ACOLITE,S2B_MSI_2025_06_30_11_45_58_T28QCH_L2W,C:\Users\Simon\Nextcloud\Project\Mauritania\Science\Arguin - FieldWork Data Processing\Data\S2\ACOLITE\2025-06-30,500,883,845,342505.0,2201145.0,0.1733352392911911,0.21325932443141937,0.29357340931892395,0.3493814766407013,0.3753538429737091,0.40485167503356934,0.43026793003082275,0.4309729337692261,0.458622545003891,0.4438679814338684,0.3246912360191345
2025-06-30,Arel,ACOLITE,S2B_MSI_2025_06_30_11_45_58_T28QCH_L2W,C:\Users\Simon\Nextcloud\Project\Mauritania\Science\Arguin - FieldWork Data Processing\Data\S2\ACOLITE\2025-06-30,501,883,846,342515.0,2201145.0,0.17333543300628662,0.223544642329216,0.2992723882198334,0.3568429946899414,0.3753594160079956,0.4048577845096588,0.43027448654174805,0.43305274844169617,0.45862919092178345,0.44387170672416687,0.3246943950653076
2025-06-30,Arel,ACOLITE,S2B_MSI_2025_06_30_11_45_58_T28QCH_L2W,C:\Users\Simon\Nextcloud\Project\Mauritania\Science\Arguin - FieldWork Data Processing\Data\S2\ACOLITE\2025-06-30,502,883,847,342525.0,2201145.0,0.17333559691905975,0.22645160555839539,0.30022478103637695,0.3575378358364105,0.38198503851890564,0.41134724020957947,0.4353097081184387,0.4338363707065582,0.4656553566455841,0.4457124173641205,0.32554715871810913
2025-06-30,Arel,ACOLITE,S2B_MSI_2025_06_30_11_45_58_T28QCH_L2W,C:\Users\Simon\Nextcloud\Project\Mauritania\Science\Arguin - FieldWork Data Processing\Data\S2\ACOLITE\2025-06-30,503,883,848,342535.0,2201145.0,0.17333577573299408,0.22457440197467804,0.30575162172317505,0.36085057258605957,0.3819907307624817,0.4113534986972809,0.43531638383865356,0.4377270042896271,0.4656621813774109,0.44571614265441895,0.3255503177642822
2025-06-30,Arel,ACOLITE,S2B_MSI_2025_06_30_11_45_58_T28QCH_L2W,C:\Users\Simon\Nextcloud\Project\Mauritania\Science\Arguin - FieldWork Data Processing\Data\S2\ACOLITE\2025-06-30,504,883,849,342545.0,2201145.0,0.17177847027778625,0.22525998950004578,0.30197077989578247,0.36704781651496887,0.38712117075920105,0.4153231680393219,0.4405958354473114,0.4417431354522705,0.46808674931526184,0.44985195994377136,0.3346545398235321
2025-06-30,Arel,ACOLITE,S2B_MSI_2025_06_30_11_45_58_T28QCH_L2W,C:\Users\Simon\Nextcloud\Project\Mauritania\Science\Arguin - FieldWork Data Processing\Data\S2\ACOLITE\2025-06-30,505,883,850,342555.0,2201145.0,0.17177855968475342,0.2273116558790207,0.3059186339378357,0.3678780496120453,0.38712698221206665,0.4153295159339905,0.440602570772171,0.44149109721183777,0.468093603849411,0.4498557150363922,0.33465778827667236
2025-06-30,Arel,ACOLITE,S2B_MSI_2025_06_30_11_45_58_T28QCH_L2W,C:\Users\Simon\Nextcloud\Project\Mauritania\Science\Arguin - FieldWork Data Processing\Data\S2\ACOLITE\2025-06-30,506,883,851,342565.0,2201145.0,0.17177867889404297,0.22509318590164185,0.30261120200157166,0.36788371205329895,0.3869980573654175,0.4188991189002991,0.44286686182022095,0.4421440362930298,0.46979206800460815,0.4544488191604614,0.33830028772354126
2025-06-30,Arel,ACOLITE,S2B_MSI_2025_06_30_11_45_58_T28QCH_L2W,C:\Users\Simon\Nextcloud\Project\Mauritania\Science\Arguin - FieldWork Data Processing\Data\S2\ACOLITE\2025-06-30,507,883,852,342575.0,2201145.0,0.17177876830101013,0.22492431104183197,0.30261579155921936,0.3645893335342407,0.3870038688182831,0.4189055562019348,0.44287362694740295,0.43969351053237915,0.4697989821434021,0.45445263385772705,0.3383035659790039
2025-06-30,Arel,ACOLITE,S2B_MSI_2025_06_30_11_45_58_T28QCH_L2W,C:\Users\Simon\Nextcloud\Project\Mauritania\Science\Arguin - FieldWork Data Processing\Data\S2\ACOLITE\2025-06-30,508,883,853,342585.0,2201145.0,0.17177888751029968,0.2259516716003418,0.30119946599006653,0.3606024384498596,0.38215431571006775,0.40847519040107727,0.4359777271747589,0.4393119215965271,0.46581709384918213,0.45089980959892273,0.33054205775260925
2025-06-30,Arel,ACOLITE,S2B_MSI_2025_06_30_11_45_58_T28QCH_L2W,C:\Users\Simon\Nextcloud\Project\Mauritania\Science\Arguin - FieldWork Data Processing\Data\S2\ACOLITE\2025-06-30,509,883,854,342595.0,2201145.0,0.17177897691726685,0.21636474132537842,0.29456228017807007,0.35605812072753906,0.3821600079536438,0.4084813892841339,0.435984343290329,0.43388083577156067,0.46582385897636414,0.45090359449386597,0.33054524660110474
2025-06-30,Arel,ACOLITE,S2B_MSI_2025_06_30_11_45_58_T28QCH_L2W,C:\Users\Simon\Nextcloud\Project\Mauritania\Science\Arguin - FieldWork Data Processing\Data\S2\ACOLITE\2025-06-30,510,883,855,342605.0,2201145.0,0.16670732200145721,0.2143060266971588,0.29409146308898926,0.35854604840278625,0.38338035345077515,0.41126522421836853,0.43774935603141785,0.4345349967479706,0.46957796812057495,0.4473494589328766,0.32108059525489807
2025-06-30,Arel,ACOLITE,S2B_MSI_2025_06_30_11_45_58_T28QCH_L2W,C:\Users\Simon\Nextcloud\Project\Mauritania\Science\Arguin - FieldWork Data Processing\Data\S2\ACOLITE\2025-06-30,511,883,856,342615.0,2201145.0,0.16670721769332886,0.22014057636260986,0.2966287136077881,0.3557927906513214,0.38338610529899597,0.41127151250839233,0.4377560615539551,0.4414008557796478,0.4695848524570465,0.44735321402549744,0.3210837244987488
2025-06-30,Arel,ACOLITE,S2B_MSI_2025_06_30_11_45_58_T28QCH_L2W,C:\Users\Simon\Nextcloud\Project\Mauritania\Science\Arguin - FieldWork Data Processing\Data\S2\ACOLITE\2025-06-30,512,883,857,342625.0,2201145.0,0.16670706868171692,0.22134143114089966,0.30121761560440063,0.3635161519050598,0.3908047378063202,0.41867393255233765,0.44842061400413513,0.4434758126735687,0.4736977815628052,0.4475865066051483,0.3105206787586212
2025-06-30,Arel,ACOLITE,S2B_MSI_2025_06_30_11_45_58_T28QCH_L2W,C:\Users\Simon\Nextcloud\Project\Mauritania\Science\Arguin - FieldWork Data Processing\Data\S2\ACOLITE\2025-06-30,513,883,858,342635.0,2201145.0,0.16670696437358856,0.21843022108078003,0.3002743124961853,0.3628333806991577,0.39081066846847534,0.4186803698539734,0.4484275281429291,0.4447746276855469,0.4737047553062439,0.44759026169776917,0.31052365899086
2025-06-30,Arel,ACOLITE,S2B_MSI_2025_06_30_11_45_58_T28QCH_L2W,C:\Users\Simon\Nextcloud\Project\Mauritania\Science\Arguin - FieldWork Data Processing\Data\S2\ACOLITE\2025-06-30,514,883,859,342645.0,2201145.0,0.16670683026313782,0.2162015736103058,0.29410868883132935,0.3563607633113861,0.3765137493610382,0.4094386696815491,0.43765050172805786,0.4380566477775574,0.4654950797557831,0.4396701157093048,0.29946818947792053
2025-06-30,Arel,ACOLITE,S2B_MSI_2025_06_30_11_45_58_T28QCH_L2W,C:\Users\Simon\Nextcloud\Project\Mauritania\Science\Arguin - FieldWork Data Processing\Data\S2\ACOLITE\2025-06-30,515,883,860,342655.0,2201145.0,0.16670668125152588,0.20846454799175262,0.2860211133956909,0.34530702233314514,0.3765193521976471,0.4094448685646057,0.4376571774482727,0.43015968799591064,0.4655018448829651,0.4396737813949585,0.29947108030319214
2025-06-30,Arel,ACOLITE,S2B_MSI_2025_06_30_11_45_58_T28QCH_L2W,C:\Users\Simon\Nextcloud\Project\Mauritania\Science\Arguin - FieldWork Data Processing\Data\S2\ACOLITE\2025-06-30,516,883,861,342665.0,2201145.0,0.16846415400505066,0.21414390206336975,0.29253268241882324,0.3493258059024811,0.3751722276210785,0.4073335826396942,0.4317563474178314,0.4330182671546936,0.4603040814399719,0.43519580364227295,0.30032482743263245
2025-06-30,Arel,ACOLITE,S2B_MSI_2025_06_30_11_45_58_T28QCH_L2W,C:\Users\Simon\Nextcloud\Project\Mauritania\Science\Arguin - FieldWork Data Processing\Data\S2\ACOLITE\2025-06-30,517,883,862,342675.0,2201145.0,0.16846410930156708,0.23126192390918732,0.3077085614204407,0.3625800609588623,0.375177800655365,0.40733978152275085,0.4317628741264343,0.4410519003868103,0.46031081676483154,0.43519943952560425,0.30032774806022644
2025-06-30,Arel,ACOLITE,S2B_MSI_2025_06_30_11_45_58_T28QCH_L2W,C:\Users\Simon\Nextcloud\Project\Mauritania\Science\Arguin - FieldWork Data Processing\Data\S2\ACOLITE\2025-06-30,518,883,863,342685.0,2201145.0,0.1684640645980835,0.22049623727798462,0.2960262894630432,0.3578997552394867,0.38342636823654175,0.40761077404022217,0.4385562837123871,0.4378235340118408,0.46431246399879456,0.43692705035209656,0.30033060908317566
2025-06-30,Arel,ACOLITE,S2B_MSI_2025_06_30_11_45_58_T28QCH_L2W,C:\Users\Simon\Nextcloud\Project\Mauritania\Science\Arguin - FieldWork Data Processing\Data\S2\ACOLITE\2025-06-30,519,883,864,342695.0,2201145.0,0.16846400499343872,0.22084076702594757,0.29302099347114563,0.35404062271118164,0.3834321200847626,0.4076169431209564,0.43856295943260193,0.437700480222702,0.46431925892829895,0.43693071603775024,0.30033349990844727
2025-06-30,Arel,ACOLITE,S2B_MSI_2025_06_30_11_45_58_T28QCH_L2W,C:\Users\Simon\Nextcloud\Project\Mauritania\Science\Arguin - FieldWork Data Processing\Data\S2\ACOLITE\2025-06-30,520,883,865,342705.0,2201145.0,0.16846394538879395,0.22597652673721313,0.3006219267845154,0.3601166307926178,0.3851919174194336,0.41331106424331665,0.4433381259441376,0.44365745782852173,0.4750811755657196,0.4400367736816406,0.2958381474018097
2025-06-30,Arel,ACOLITE,S2B_MSI_2025_06_30_11_45_58_T28QCH_L2W,C:\Users\Simon\Nextcloud\Project\Mauritania\Science\Arguin - FieldWork Data Processing\Data\S2\ACOLITE\2025-06-30,521,883,866,342715.0,2201145.0,0.16846391558647156,0.22922386229038239,0.30504730343818665,0.3624643385410309,0.3851977288722992,0.41331738233566284,0.4433448910713196,0.4443102478981018,0.47508811950683594,0.4400404691696167,0.2958409786224365
2025-06-30,Arel,ACOLITE,S2B_MSI_2025_06_30_11_45_58_T28QCH_L2W,C:\Users\Simon\Nextcloud\Project\Mauritania\Science\Arguin - FieldWork Data Processing\Data\S2\ACOLITE\2025-06-30,522,883,867,342725.0,2201145.0,0.1533706933259964,0.23604266345500946,0.310409814119339,0.36494800448417664,0.38425910472869873,0.4135880470275879,0.44222283363342285,0.4425069987773895,0.47171443700790405,0.4396994709968567,0.29572224617004395
2025-06-30,Arel,ACOLITE,S2B_MSI_2025_06_30_11_45_58_T28QCH_L2W,C:\Users\Simon\Nextcloud\Project\Mauritania\Science\Arguin - FieldWork Data Processing\Data\S2\ACOLITE\2025-06-30,523,883,868,342735.0,2201145.0,0.1533699780702591,0.23451317846775055,0.309942364692688,0.36357706785202026,0.38426488637924194,0.4135943651199341,0.44222962856292725,0.4457448124885559,0.4717213213443756,0.43970316648483276,0.29572510719299316
2025-06-30,Arel,ACOLITE,S2B_MSI_2025_06_30_11_45_58_T28QCH_L2W,C:\Users\Simon\Nextcloud\Project\Mauritania\Science\Arguin - FieldWork Data Processing\Data\S2\ACOLITE\2025-06-30,524,883,869,342745.0,2201145.0,0.1533692330121994,0.22615577280521393,0.30095604062080383,0.35793209075927734,0.37873324751853943,0.4088393449783325,0.4374660849571228,0.4436836540699005,0.4696742296218872,0.4366041421890259,0.3005910813808441
2025-06-30,Arel,ACOLITE,S2B_MSI_2025_06_30_11_45_58_T28QCH_L2W,C:\Users\Simon\Nextcloud\Project\Mauritania\Science\Arguin - FieldWork Data Processing\Data\S2\ACOLITE\2025-06-30,525,883,870,342755.0,2201145.0,0.1533684879541397,0.22239375114440918,0.2946314215660095,0.3504789173603058,0.3787388801574707,0.40884557366371155,0.43747279047966003,0.43864527344703674,0.46968111395835876,0.4366077780723572,0.30059394240379333
2025-06-30,Arel,ACOLITE,S2B_MSI_2025_06_30_11_45_58_T28QCH_L2W,C:\Users\Simon\Nextcloud\Project\Mauritania\Science\Arguin - FieldWork Data Processing\Data\S2\ACOLITE\2025-06-30,526,883,871,342765.0,2201145.0,0.1533677726984024,0.21278440952301025,0.2868603765964508,0.3461938202381134,0.37021660804748535,0.39864465594291687,0.4282971918582916,0.4343777894973755,0.45770522952079773,0.425916850566864,0.29549041390419006
2025-06-30,Arel,ACOLITE,S2B_MSI_2025_06_30_11_45_58_T28QCH_L2W,C:\Users\Simon\Nextcloud\Project\Mauritania\Science\Arguin - FieldWork Data Processing\Data\S2\ACOLITE\2025-06-30,527,884,842,342475.0,2201135.0,0.13045157492160797,0.21291163563728333,0.2900769114494324,0.3484013080596924,0.36897844076156616,0.403247594833374,0.4258468747138977,0.4332904815673828,0.45594125986099243,0.4342099130153656,0.31484997272491455
2025-06-30,Arel,ACOLITE,S2B_MSI_2025_06_30_11_45_58_T28QCH_L2W,C:\Users\Simon\Nextcloud\Project\Mauritania\Science\Arguin - FieldWork Data Processing\Data\S2\ACOLITE\2025-06-30,528,884,843,342485.0,2201135.0,0.1733344942331314,0.21857567131519318,0.29214173555374146,0.3486829400062561,0.37588703632354736,0.40285617113113403,0.4298815429210663,0.4332968294620514,0.45691734552383423,0.4383501708507538,0.31205976009368896
2025-06-30,Arel,ACOLITE,S2B_MSI_2025_06_30_11_45_58_T28QCH_L2W,C:\Users\Simon\Nextcloud\Project\Mauritania\Science\Arguin - FieldWork Data Processing\Data\S2\ACOLITE\2025-06-30,529,884,844,342495.0,2201135.0,0.17333465814590454,0.22063294053077698,0.2953129708766937,0.34993234276771545,0.37589260935783386,0.4028622508049011,0.4298880696296692,0.4287663400173187,0.4569239914417267,0.43835383653640747,0.31206274032592773
2025-06-30,Arel,ACOLITE,S2B_MSI_2025_06_30_11_45_58_T28QCH_L2W,C:\Users\Simon\Nextcloud\Project\Mauritania\Science\Arguin - FieldWork Data Processing\Data\S2\ACOLITE\2025-06-30,530,884,845,342505.0,2201135.0,0.17333482205867767,0.2206348180770874,0.2989545464515686,0.35435751080513,0.3776555061340332,0.40472307801246643,0.4309009909629822,0.4286428987979889,0.4594745635986328,0.4378979206085205,0.3050197958946228
2025-06-30,Arel,ACOLITE,S2B_MSI_2025_06_30_11_45_58_T28QCH_L2W,C:\Users\Simon\Nextcloud\Project\Mauritania\Science\Arguin - FieldWork Data Processing\Data\S2\ACOLITE\2025-06-30,531,884,846,342515.0,2201135.0,0.1733349710702896,0.22542564570903778,0.3003808557987213,0.35532885789871216,0.3776611089706421,0.4047292172908783,0.43090754747390747,0.4320200979709625,0.45948120951652527,0.4379015862941742,0.3050227463245392
2025-06-30,Arel,ACOLITE,S2B_MSI_2025_06_30_11_45_58_T28QCH_L2W,C:\Users\Simon\Nextcloud\Project\Mauritania\Science\Arguin - FieldWork Data Processing\Data\S2\ACOLITE\2025-06-30,532,884,847,342525.0,2201135.0,0.17333516478538513,0.22747696936130524,0.3016486167907715,0.3558860719203949,0.38320299983024597,0.41016125679016113,0.43443435430526733,0.4342289865016937,0.46396639943122864,0.43951359391212463,0.3091564476490021
2025-06-30,Arel,ACOLITE,S2B_MSI_2025_06_30_11_45_58_T28QCH_L2W,C:\Users\Simon\Nextcloud\Project\Mauritania\Science\Arguin - FieldWork Data Processing\Data\S2\ACOLITE\2025-06-30,533,884,848,342535.0,2201135.0,0.17333532869815826,0.22560060024261475,0.30748751759529114,0.3614048361778259,0.3832087814807892,0.41016751527786255,0.4344409704208374,0.43967172503471375,0.46397316455841064,0.4395172595977783,0.30915945768356323
2025-06-30,Arel,ACOLITE,S2B_MSI_2025_06_30_11_45_58_T28QCH_L2W,C:\Users\Simon\Nextcloud\Project\Mauritania\Science\Arguin - FieldWork Data Processing\Data\S2\ACOLITE\2025-06-30,534,884,849,342545.0,2201135.0,0.17177797853946686,0.22474822402000427,0.3032359480857849,0.3659514784812927,0.3807850182056427,0.4093802273273468,0.4373367726802826,0.44071289896965027,0.46555235981941223,0.4437704384326935,0.32045698165893555
2025-06-30,Arel,ACOLITE,S2B_MSI_2025_06_30_11_45_58_T28QCH_L2W,C:\Users\Simon\Nextcloud\Project\Mauritania\Science\Arguin - FieldWork Data Processing\Data\S2\ACOLITE\2025-06-30,535,884,850,342555.0,2201135.0,0.17177808284759521,0.22697116434574127,0.2997669577598572,0.3651318848133087,0.38079071044921875,0.40938645601272583,0.4373434782028198,0.4429171681404114,0.465559184551239,0.44377413392066956,0.32046008110046387
2025-06-30,Arel,ACOLITE,S2B_MSI_2025_06_30_11_45_58_T28QCH_L2W,C:\Users\Simon\Nextcloud\Project\Mauritania\Science\Arguin - FieldWork Data Processing\Data\S2\ACOLITE\2025-06-30,536,884,851,342565.0,2201135.0,0.17177820205688477,0.22441039979457855,0.29929739236831665,0.3630734980106354,0.38039129972457886,0.4104507565498352,0.43621984124183655,0.4422774016857147,0.4677421748638153,0.44848477840423584,0.32568320631980896
2025-06-30,Arel,ACOLITE,S2B_MSI_2025_06_30_11_45_58_T28QCH_L2W,C:\Users\Simon\Nextcloud\Project\Mauritania\Science\Arguin - FieldWork Data Processing\Data\S2\ACOLITE\2025-06-30,537,884,852,342575.0,2201135.0,0.17177829146385193,0.2208191305398941,0.2970883250236511,0.36280372738838196,0.3803969621658325,0.410457044839859,0.4362264573574066,0.4381450414657593,0.4677489995956421,0.4484885632991791,0.32568633556365967
2025-06-30,Arel,ACOLITE,S2B_MSI_2025_06_30_11_45_58_T28QCH_L2W,C:\Users\Simon\Nextcloud\Project\Mauritania\Science\Arguin - FieldWork Data Processing\Data\S2\ACOLITE\2025-06-30,538,884,853,342585.0,2201135.0,0.1717783808708191,0.21962188184261322,0.2980416417121887,0.3601924180984497,0.3783762454986572,0.40702325105667114,0.43334275484085083,0.43698662519454956,0.4647328853607178,0.44711485505104065,0.3242328464984894
2025-06-30,Arel,ACOLITE,S2B_MSI_2025_06_30_11_45_58_T28QCH_L2W,C:\Users\Simon\Nextcloud\Project\Mauritania\Science\Arguin - FieldWork Data Processing\Data\S2\ACOLITE\2025-06-30,539,884,854,342595.0,2201135.0,0.17177847027778625,0.21533553302288055,0.292188435792923,0.3556474447250366,0.3783818483352661,0.4070294499397278,0.4333493411540985,0.43466219305992126,0.4647396504878998,0.4471186101436615,0.3242359757423401
2025-06-30,Arel,ACOLITE,S2B_MSI_2025_06_30_11_45_58_T28QCH_L2W,C:\Users\Simon\Nextcloud\Project\Mauritania\Science\Arguin - FieldWork Data Processing\Data\S2\ACOLITE\2025-06-30,540,884,855,342605.0,2201135.0,0.16670671105384827,0.21207235753536224,0.2860032618045807,0.3534439504146576,0.3721647262573242,0.40518176555633545,0.4315953850746155,0.43337300419807434,0.4649884104728699,0.4436778724193573,0.3136749565601349
2025-06-30,Arel,ACOLITE,S2B_MSI_2025_06_30_11_45_58_T28QCH_L2W,C:\Users\Simon\Nextcloud\Project\Mauritania\Science\Arguin - FieldWork Data Processing\Data\S2\ACOLITE\2025-06-30,541,884,856,342615.0,2201135.0,0.16670656204223633,0.21104180812835693,0.28680169582366943,0.3476431667804718,0.37217020988464355,0.4051879048347473,0.43160194158554077,0.4331201910972595,0.46499520540237427,0.44368159770965576,0.31367796659469604
2025-06-30,Arel,ACOLITE,S2B_MSI_2025_06_30_11_45_58_T28QCH_L2W,C:\Users\Simon\Nextcloud\Project\Mauritania\Science\Arguin - FieldWork Data Processing\Data\S2\ACOLITE\2025-06-30,542,884,857,342625.0,2201135.0,0.16670642793178558,0.21413810551166534,0.29616090655326843,0.3564913272857666,0.38514915108680725,0.4103560447692871,0.44090497493743896,0.4389537572860718,0.47116658091545105,0.4413882791996002,0.3014090955257416
2025-06-30,Arel,ACOLITE,S2B_MSI_2025_06_30_11_45_58_T28QCH_L2W,C:\Users\Simon\Nextcloud\Project\Mauritania\Science\Arguin - FieldWork Data Processing\Data\S2\ACOLITE\2025-06-30,543,884,858,342635.0,2201135.0,0.16670630872249603,0.2198023796081543,0.30296170711517334,0.3701251149177551,0.38515496253967285,0.4103623032569885,0.44091174006462097,0.44516637921333313,0.471173495054245,0.4413919746875763,0.30141201615333557
2025-06-30,Arel,ACOLITE,S2B_MSI_2025_06_30_11_45_58_T28QCH_L2W,C:\Users\Simon\Nextcloud\Project\Mauritania\Science\Arguin - FieldWork Data Processing\Data\S2\ACOLITE\2025-06-30,544,884,859,342645.0,2201135.0,0.16670618951320648,0.218089759349823,0.2982264459133148,0.3589846193790436,0.37286376953125,0.40639832615852356,0.43438807129859924,0.43948420882225037,0.46477359533309937,0.43496111035346985,0.2896212935447693
2025-06-30,Arel,ACOLITE,S2B_MSI_2025_06_30_11_45_58_T28QCH_L2W,C:\Users\Simon\Nextcloud\Project\Mauritania\Science\Arguin - FieldWork Data Processing\Data\S2\ACOLITE\2025-06-30,545,884,860,342655.0,2201135.0,0.16670605540275574,0.20932631194591522,0.2865001857280731,0.3461410105228424,0.37286925315856934,0.4064045250415802,0.4343946874141693,0.43120110034942627,0.46478039026260376,0.43496474623680115,0.28962406516075134
2025-06-30,Arel,ACOLITE,S2B_MSI_2025_06_30_11_45_58_T28QCH_L2W,C:\Users\Simon\Nextcloud\Project\Mauritania\Science\Arguin - FieldWork Data Processing\Data\S2\ACOLITE\2025-06-30,546,884,861,342665.0,2201135.0,0.1684635579586029,0.21362899243831635,0.290473610162735,0.34946736693382263,0.372739315032959,0.40256813168525696,0.4284883141517639,0.4267963171005249,0.46164044737815857,0.4324393570423126,0.2882889211177826
2025-06-30,Arel,ACOLITE,S2B_MSI_2025_06_30_11_45_58_T28QCH_L2W,C:\Users\Simon\Nextcloud\Project\Mauritania\Science\Arguin - FieldWork Data Processing\Data\S2\ACOLITE\2025-06-30,547,884,862,342675.0,2201135.0,0.16846349835395813,0.22340607643127441,0.3025064468383789,0.3587251305580139,0.3727448582649231,0.40257421135902405,0.42849478125572205,0.43950363993644714,0.4616471529006958,0.43244293332099915,0.28829169273376465
2025-06-30,Arel,ACOLITE,S2B_MSI_2025_06_30_11_45_58_T28QCH_L2W,C:\Users\Simon\Nextcloud\Project\Mauritania\Science\Arguin - FieldWork Data Processing\Data\S2\ACOLITE\2025-06-30,548,884,863,342685.0,2201135.0,0.16846346855163574,0.21758213639259338,0.29428690671920776,0.35348615050315857,0.3722086250782013,0.40549588203430176,0.4346659481525421,0.4366624057292938,0.46528467535972595,0.43520548939704895,0.28938913345336914
2025-06-30,Arel,ACOLITE,S2B_MSI_2025_06_30_11_45_58_T28QCH_L2W,C:\Users\Simon\Nextcloud\Project\Mauritania\Science\Arguin - FieldWork Data Processing\Data\S2\ACOLITE\2025-06-30,549,884,864,342695.0,2201135.0,0.16846342384815216,0.2148367464542389,0.29064488410949707,0.3456074297428131,0.372214138507843,0.4055020213127136,0.4346725642681122,0.43563273549079895,0.46529150009155273,0.43520912528038025,0.2893919050693512
2025-06-30,Arel,ACOLITE,S2B_MSI_2025_06_30_11_45_58_T28QCH_L2W,C:\Users\Simon\Nextcloud\Project\Mauritania\Science\Arguin - FieldWork Data Processing\Data\S2\ACOLITE\2025-06-30,550,884,865,342705.0,2201135.0,0.1684633493423462,0.2230697125196457,0.2995181381702423,0.35625818371772766,0.37830865383148193,0.40895071625709534,0.43794605135917664,0.43939363956451416,0.4669916331768036,0.4365920126438141,0.29073259234428406
2025-06-30,Arel,ACOLITE,S2B_MSI_2025_06_30_11_45_58_T28QCH_L2W,C:\Users\Simon\Nextcloud\Project\Mauritania\Science\Arguin - FieldWork Data Processing\Data\S2\ACOLITE\2025-06-30,551,884,866,342715.0,2201135.0,0.1684633046388626,0.23058997094631195,0.307888001203537,0.36191684007644653,0.3783143162727356,0.40895694494247437,0.43795275688171387,0.44418519735336304,0.46699845790863037,0.4365956783294678,0.2907353639602661
2025-06-30,Arel,ACOLITE,S2B_MSI_2025_06_30_11_45_58_T28QCH_L2W,C:\Users\Simon\Nextcloud\Project\Mauritania\Science\Arguin - FieldWork Data Processing\Data\S2\ACOLITE\2025-06-30,552,884,867,342725.0,2201135.0,0.15336966514587402,0.23485250771045685,0.30678948760032654,0.3628864884376526,0.37737348675727844,0.408830851316452,0.4397173523902893,0.4431576430797577,0.46990662813186646,0.43602463603019714,0.2951161563396454
2025-06-30,Arel,ACOLITE,S2B_MSI_2025_06_30_11_45_58_T28QCH_L2W,C:\Users\Simon\Nextcloud\Project\Mauritania\Science\Arguin - FieldWork Data Processing\Data\S2\ACOLITE\2025-06-30,553,884,868,342735.0,2201135.0,0.15336892008781433,0.2273508906364441,0.30158621072769165,0.3587576150894165,0.37737908959388733,0.40883708000183105,0.4397240877151489,0.44044825434684753,0.4699134826660156,0.43602824211120605,0.2951189875602722
2025-06-30,Arel,ACOLITE,S2B_MSI_2025_06_30_11_45_58_T28QCH_L2W,C:\Users\Simon\Nextcloud\Project\Mauritania\Science\Arguin - FieldWork Data Processing\Data\S2\ACOLITE\2025-06-30,554,885,842,342475.0,2201125.0,0.13044987618923187,0.22028760612010956,0.2921399772167206,0.34674447774887085,0.3689817488193512,0.40325140953063965,0.42585092782974243,0.43251708149909973,0.4559454321861267,0.43421226739883423,0.31485193967819214
2025-06-30,Arel,ACOLITE,S2B_MSI_2025_06_30_11_45_58_T28QCH_L2W,C:\Users\Simon\Nextcloud\Project\Mauritania\Science\Arguin - FieldWork Data Processing\Data\S2\ACOLITE\2025-06-30,555,885,843,342485.0,2201125.0,0.1733340620994568,0.21909047663211823,0.2943614721298218,0.3481329381465912,0.37589049339294434,0.40285995602607727,0.429885596036911,0.43122750520706177,0.4569215476512909,0.4383525550365448,0.31206169724464417
2025-06-30,Arel,ACOLITE,S2B_MSI_2025_06_30_11_45_58_T28QCH_L2W,C:\Users\Simon\Nextcloud\Project\Mauritania\Science\Arguin - FieldWork Data Processing\Data\S2\ACOLITE\2025-06-30,556,885,844,342495.0,2201125.0,0.17333422601222992,0.22148968279361725,0.2967393696308136,0.3515937924385071,0.37589606642723083,0.40286606550216675,0.4298921525478363,0.4269540309906006,0.45692819356918335,0.4383562207221985,0.31206467747688293
2025-06-30,Arel,ACOLITE,S2B_MSI_2025_06_30_11_45_58_T28QCH_L2W,C:\Users\Simon\Nextcloud\Project\Mauritania\Science\Arguin - FieldWork Data Processing\Data\S2\ACOLITE\2025-06-30,557,885,845,342505.0,2201125.0,0.17333438992500305,0.22969140112400055,0.30337798595428467,0.3551887571811676,0.3776589334011078,0.40472689270973206,0.4309051036834717,0.4304623305797577,0.45947879552841187,0.4379003047943115,0.3050217032432556
2025-06-30,Arel,ACOLITE,S2B_MSI_2025_06_30_11_45_58_T28QCH_L2W,C:\Users\Simon\Nextcloud\Project\Mauritania\Science\Arguin - FieldWork Data Processing\Data\S2\ACOLITE\2025-06-30,558,885,846,342515.0,2201125.0,0.17333455383777618,0.22815844416618347,0.3054325580596924,0.3593309819698334,0.37766456604003906,0.40473300218582153,0.430911660194397,0.4335789680480957,0.4594854712486267,0.4379039704799652,0.3050246238708496
2025-06-30,Arel,ACOLITE,S2B_MSI_2025_06_30_11_45_58_T28QCH_L2W,C:\Users\Simon\Nextcloud\Project\Mauritania\Science\Arguin - FieldWork Data Processing\Data\S2\ACOLITE\2025-06-30,559,885,847,342525.0,2201125.0,0.17333471775054932,0.2267950475215912,0.3068554997444153,0.3619535267353058,0.3832065761089325,0.4101651906967163,0.434438556432724,0.4356575608253479,0.46397072076797485,0.43951600790023804,0.3091583847999573
2025-06-30,Arel,ACOLITE,S2B_MSI_2025_06_30_11_45_58_T28QCH_L2W,C:\Users\Simon\Nextcloud\Project\Mauritania\Science\Arguin - FieldWork Data Processing\Data\S2\ACOLITE\2025-06-30,560,885,848,342535.0,2201125.0,0.17333488166332245,0.22833342850208282,0.3074902892112732,0.35989299416542053,0.3832123279571533,0.41017141938209534,0.4344451427459717,0.4370880126953125,0.46397748589515686,0.4395196735858917,0.30916136503219604
2025-06-30,Arel,ACOLITE,S2B_MSI_2025_06_30_11_45_58_T28QCH_L2W,C:\Users\Simon\Nextcloud\Project\Mauritania\Science\Arguin - FieldWork Data Processing\Data\S2\ACOLITE\2025-06-30,561,885,849,342545.0,2201125.0,0.17177748680114746,0.22457824647426605,0.3037119209766388,0.3607250452041626,0.38078856468200684,0.4093841314315796,0.43734100461006165,0.43631771206855774,0.46555665135383606,0.4437728822231293,0.3204590082168579
2025-06-30,Arel,ACOLITE,S2B_MSI_2025_06_30_11_45_58_T28QCH_L2W,C:\Users\Simon\Nextcloud\Project\Mauritania\Science\Arguin - FieldWork Data Processing\Data\S2\ACOLITE\2025-06-30,562,885,850,342555.0,2201125.0,0.17177759110927582,0.2242383360862732,0.29644933342933655,0.35852569341659546,0.3807942271232605,0.409390389919281,0.4373477101325989,0.43645361065864563,0.46556347608566284,0.44377657771110535,0.32046207785606384
2025-06-30,Arel,ACOLITE,S2B_MSI_2025_06_30_11_45_58_T28QCH_L2W,C:\Users\Simon\Nextcloud\Project\Mauritania\Science\Arguin - FieldWork Data Processing\Data\S2\ACOLITE\2025-06-30,563,885,851,342565.0,2201125.0,0.17177772521972656,0.22030426561832428,0.2970865070819855,0.3575659394264221,0.3803947865962982,0.4104546904563904,0.4362240433692932,0.4374955892562866,0.4677465260028839,0.448487251996994,0.3256852626800537
2025-06-30,Arel,ACOLITE,S2B_MSI_2025_06_30_11_45_58_T28QCH_L2W,C:\Users\Simon\Nextcloud\Project\Mauritania\Science\Arguin - FieldWork Data Processing\Data\S2\ACOLITE\2025-06-30,564,885,852,342575.0,2201125.0,0.17177781462669373,0.2139589488506317,0.2936084568500519,0.35550203919410706,0.38040047883987427,0.4104609489440918,0.4362306594848633,0.43335798382759094,0.4677533507347107,0.44849103689193726,0.3256883919239044
2025-06-30,Arel,ACOLITE,S2B_MSI_2025_06_30_11_45_58_T28QCH_L2W,C:\Users\Simon\Nextcloud\Project\Mauritania\Science\Arguin - FieldWork Data Processing\Data\S2\ACOLITE\2025-06-30,565,885,853,342585.0,2201125.0,0.17177791893482208,0.20345516502857208,0.2896493971347809,0.34970569610595703,0.3783797323703766,0.40702712535858154,0.4333469271659851,0.43219801783561707,0.4647371768951416,0.44711732864379883,0.32423490285873413
2025-06-30,Arel,ACOLITE,S2B_MSI_2025_06_30_11_45_58_T28QCH_L2W,C:\Users\Simon\Nextcloud\Project\Mauritania\Science\Arguin - FieldWork Data Processing\Data\S2\ACOLITE\2025-06-30,566,885,854,342595.0,2201125.0,0.17177800834178925,0.21258720755577087,0.2888600826263428,0.3513696789741516,0.37838536500930786,0.4070333242416382,0.4333535134792328,0.43427759408950806,0.464743971824646,0.4471210837364197,0.32423803210258484
2025-06-30,Arel,ACOLITE,S2B_MSI_2025_06_30_11_45_58_T28QCH_L2W,C:\Users\Simon\Nextcloud\Project\Mauritania\Science\Arguin - FieldWork Data Processing\Data\S2\ACOLITE\2025-06-30,567,885,855,342605.0,2201125.0,0.16670607030391693,0.2098361998796463,0.2852109968662262,0.34874793887138367,0.3721681237220764,0.40518561005592346,0.43159955739974976,0.4327290952205658,0.4649927020072937,0.4436803460121155,0.3136769235134125
2025-06-30,Arel,ACOLITE,S2B_MSI_2025_06_30_11_45_58_T28QCH_L2W,C:\Users\Simon\Nextcloud\Project\Mauritania\Science\Arguin - FieldWork Data Processing\Data\S2\ACOLITE\2025-06-30,568,885,856,342615.0,2201125.0,0.1667059361934662,0.20932114124298096,0.2839429974555969,0.3472311794757843,0.37217360734939575,0.4051917493343353,0.43160608410835266,0.4316984713077545,0.4649994969367981,0.44368407130241394,0.31367993354797363
2025-06-30,Arel,ACOLITE,S2B_MSI_2025_06_30_11_45_58_T28QCH_L2W,C:\Users\Simon\Nextcloud\Project\Mauritania\Science\Arguin - FieldWork Data Processing\Data\S2\ACOLITE\2025-06-30,569,885,857,342625.0,2201125.0,0.16670580208301544,0.21894432604312897,0.2980619966983795,0.3588393032550812,0.38515278697013855,0.4103600084781647,0.4409092664718628,0.4406396150588989,0.47117099165916443,0.4413907527923584,0.3014110028743744
2025-06-30,Arel,ACOLITE,S2B_MSI_2025_06_30_11_45_58_T28QCH_L2W,C:\Users\Simon\Nextcloud\Project\Mauritania\Science\Arguin - FieldWork Data Processing\Data\S2\ACOLITE\2025-06-30,570,885,858,342635.0,2201125.0,0.1667056679725647,0.21963180601596832,0.3032801151275635,0.3691670298576355,0.38515856862068176,0.4103662371635437,0.4409160315990448,0.4483990967273712,0.4711779057979584,0.4413944482803345,0.301413893699646
2025-06-30,Arel,ACOLITE,S2B_MSI_2025_06_30_11_45_58_T28QCH_L2W,C:\Users\Simon\Nextcloud\Project\Mauritania\Science\Arguin - FieldWork Data Processing\Data\S2\ACOLITE\2025-06-30,571,885,859,342645.0,2201125.0,0.16670553386211395,0.21860501170158386,0.29775458574295044,0.35788488388061523,0.3728671669960022,0.40640220046043396,0.4343922734260559,0.44375571608543396,0.46477794647216797,0.43496352434158325,0.28962311148643494
2025-06-30,Arel,ACOLITE,S2B_MSI_2025_06_30_11_45_58_T28QCH_L2W,C:\Users\Simon\Nextcloud\Project\Mauritania\Science\Arguin - FieldWork Data Processing\Data\S2\ACOLITE\2025-06-30,572,885,860,342655.0,2201125.0,0.1667054295539856,0.20898237824440002,0.2852310836315155,0.3450362980365753,0.3728726804256439,0.4064083993434906,0.434398889541626,0.4305567741394043,0.46478474140167236,0.43496716022491455,0.289625883102417
2025-06-30,Arel,ACOLITE,S2B_MSI_2025_06_30_11_45_58_T28QCH_L2W,C:\Users\Simon\Nextcloud\Project\Mauritania\Science\Arguin - FieldWork Data Processing\Data\S2\ACOLITE\2025-06-30,573,885,861,342665.0,2201125.0,0.16846299171447754,0.20967267453670502,0.2874599099159241,0.3471183478832245,0.37274277210235596,0.40257197618484497,0.4284924268722534,0.4308224320411682,0.4616447389125824,0.432441771030426,0.28829073905944824
2025-06-30,Arel,ACOLITE,S2B_MSI_2025_06_30_11_45_58_T28QCH_L2W,C:\Users\Simon\Nextcloud\Project\Mauritania\Science\Arguin - FieldWork Data Processing\Data\S2\ACOLITE\2025-06-30,574,885,862,342675.0,2201125.0,0.16846293210983276,0.2105349749326706,0.289210706949234,0.3480922281742096,0.3727482557296753,0.40257805585861206,0.42849892377853394,0.4375663995742798,0.461651474237442,0.43244537711143494,0.2882934808731079
2025-06-30,Arel,ACOLITE,S2B_MSI_2025_06_30_11_45_58_T28QCH_L2W,C:\Users\Simon\Nextcloud\Project\Mauritania\Science\Arguin - FieldWork Data Processing\Data\S2\ACOLITE\2025-06-30,575,885,863,342685.0,2201125.0,0.168462872505188,0.21517935395240784,0.2904844582080841,0.3468517065048218,0.3722120523452759,0.40549978613853455,0.43467018008232117,0.4361485242843628,0.46528905630111694,0.43520790338516235,0.2893909513950348
2025-06-30,Arel,ACOLITE,S2B_MSI_2025_06_30_11_45_58_T28QCH_L2W,C:\Users\Simon\Nextcloud\Project\Mauritania\Science\Arguin - FieldWork Data Processing\Data\S2\ACOLITE\2025-06-30,576,885,864,342695.0,2201125.0,0.1684628278017044,0.2160397469997406,0.2889014780521393,0.34741052985191345,0.3722175359725952,0.4055059254169464,0.4346768260002136,0.4399089217185974,0.46529585123062134,0.43521153926849365,0.28939372301101685
2025-06-30,Arel,ACOLITE,S2B_MSI_2025_06_30_11_45_58_T28QCH_L2W,C:\Users\Simon\Nextcloud\Project\Mauritania\Science\Arguin - FieldWork Data Processing\Data\S2\ACOLITE\2025-06-30,577,885,865,342705.0,2201125.0,0.16846276819705963,0.22512361407279968,0.2995207905769348,0.35405251383781433,0.37831220030784607,0.4089546501636505,0.4379503130912781,0.43978598713874817,0.4669959843158722,0.4365944564342499,0.2907344102859497
2025-06-30,Arel,ACOLITE,S2B_MSI_2025_06_30_11_45_58_T28QCH_L2W,C:\Users\Simon\Nextcloud\Project\Mauritania\Science\Arguin - FieldWork Data Processing\Data\S2\ACOLITE\2025-06-30,578,885,866,342715.0,2201125.0,0.16846270859241486,0.23110270500183105,0.3044217526912689,0.35681888461112976,0.37831786274909973,0.40896090865135193,0.4379570186138153,0.4434138536453247,0.46700283885002136,0.4365980923175812,0.29073718190193176
2025-06-30,Arel,ACOLITE,S2B_MSI_2025_06_30_11_45_58_T28QCH_L2W,C:\Users\Simon\Nextcloud\Project\Mauritania\Science\Arguin - FieldWork Data Processing\Data\S2\ACOLITE\2025-06-30,579,886,842,342475.0,2201115.0,0.13044816255569458,0.21600335836410522,0.29166704416275024,0.3457788825035095,0.3689850866794586,0.40259262919425964,0.42509910464286804,0.42785367369651794,0.4565555453300476,0.42731645703315735,0.29966795444488525
2025-06-30,Arel,ACOLITE,S2B_MSI_2025_06_30_11_45_58_T28QCH_L2W,C:\Users\Simon\Nextcloud\Project\Mauritania\Science\Arguin - FieldWork Data Processing\Data\S2\ACOLITE\2025-06-30,580,886,843,342485.0,2201115.0,0.17333362996578217,0.2214886099100113,0.29563018679618835,0.35062456130981445,0.3721056282520294,0.4040561318397522,0.428379625082016,0.4282490611076355,0.45498645305633545,0.42904505133628845,0.29310664534568787
2025-06-30,Arel,ACOLITE,S2B_MSI_2025_06_30_11_45_58_T28QCH_L2W,C:\Users\Simon\Nextcloud\Project\Mauritania\Science\Arguin - FieldWork Data Processing\Data\S2\ACOLITE\2025-06-30,581,886,844,342495.0,2201115.0,0.1733337938785553,0.22422721982002258,0.2986392080783844,0.3575315773487091,0.37211111187934875,0.40406227111816406,0.4283861219882965,0.42916327714920044,0.4549930691719055,0.429048627614975,0.2931094467639923
2025-06-30,Arel,ACOLITE,S2B_MSI_2025_06_30_11_45_58_T28QCH_L2W,C:\Users\Simon\Nextcloud\Project\Mauritania\Science\Arguin - FieldWork Data Processing\Data\S2\ACOLITE\2025-06-30,582,886,845,342505.0,2201115.0,0.17333395779132843,0.23054485023021698,0.3074789047241211,0.35919106006622314,0.3821191191673279,0.4084370732307434,0.43493208289146423,0.4338356554508209,0.4623885154724121,0.43342098593711853,0.29153162240982056
2025-06-30,Arel,ACOLITE,S2B_MSI_2025_06_30_11_45_58_T28QCH_L2W,C:\Users\Simon\Nextcloud\Project\Mauritania\Science\Arguin - FieldWork Data Processing\Data\S2\ACOLITE\2025-06-30,583,886,846,342515.0,2201115.0,0.17333412170410156,0.23173990845680237,0.3128328025341034,0.3649789094924927,0.3821248412132263,0.4084433317184448,0.4349386990070343,0.43785569071769714,0.46239525079727173,0.43342459201812744,0.2915343940258026
2025-06-30,Arel,ACOLITE,S2B_MSI_2025_06_30_11_45_58_T28QCH_L2W,C:\Users\Simon\Nextcloud\Project\Mauritania\Science\Arguin - FieldWork Data Processing\Data\S2\ACOLITE\2025-06-30,584,886,847,342525.0,2201115.0,0.1733343005180359,0.23071978986263275,0.30937767028808594,0.3638838827610016,0.3818606436252594,0.4110945761203766,0.43607601523399353,0.4420010447502136,0.46409595012664795,0.4352671504020691,0.29433369636535645
2025-06-30,Arel,ACOLITE,S2B_MSI_2025_06_30_11_45_58_T28QCH_L2W,C:\Users\Simon\Nextcloud\Project\Mauritania\Science\Arguin - FieldWork Data Processing\Data\S2\ACOLITE\2025-06-30,585,886,848,342535.0,2201115.0,0.17333446443080902,0.23021064698696136,0.3087528645992279,0.36141157150268555,0.38186636567115784,0.4111008942127228,0.436082661151886,0.43812739849090576,0.46410271525382996,0.4352707862854004,0.29433655738830566
2025-06-30,Arel,ACOLITE,S2B_MSI_2025_06_30_11_45_58_T28QCH_L2W,C:\Users\Simon\Nextcloud\Project\Mauritania\Science\Arguin - FieldWork Data Processing\Data\S2\ACOLITE\2025-06-30,586,886,849,342545.0,2201115.0,0.17177700996398926,0.2262878566980362,0.3038724362850189,0.35838577151298523,0.37917131185531616,0.4081973433494568,0.43885180354118347,0.43878084421157837,0.462536484003067,0.43860673904418945,0.3038202226161957
2025-06-30,Arel,ACOLITE,S2B_MSI_2025_06_30_11_45_58_T28QCH_L2W,C:\Users\Simon\Nextcloud\Project\Mauritania\Science\Arguin - FieldWork Data Processing\Data\S2\ACOLITE\2025-06-30,587,886,850,342555.0,2201115.0,0.17177711427211761,0.22458118200302124,0.2974010407924652,0.35770174860954285,0.3791769742965698,0.4082035720348358,0.4388585090637207,0.43321970105171204,0.462543249130249,0.43861040472984314,0.3038231432437897
2025-06-30,Arel,ACOLITE,S2B_MSI_2025_06_30_11_45_58_T28QCH_L2W,C:\Users\Simon\Nextcloud\Project\Mauritania\Science\Arguin - FieldWork Data Processing\Data\S2\ACOLITE\2025-06-30,588,886,851,342565.0,2201115.0,0.17177720367908478,0.22167499363422394,0.2986704111099243,0.3555000126361847,0.3768850862979889,0.4056946337223053,0.43698182702064514,0.4407341182231903,0.46327611804008484,0.4428640902042389,0.30977970361709595
2025-06-30,Arel,ACOLITE,S2B_MSI_2025_06_30_11_45_58_T28QCH_L2W,C:\Users\Simon\Nextcloud\Project\Mauritania\Science\Arguin - FieldWork Data Processing\Data\S2\ACOLITE\2025-06-30,589,886,852,342575.0,2201115.0,0.17177730798721313,0.21602019667625427,0.2945612370967865,0.35080963373184204,0.3768906891345978,0.40570080280303955,0.43698850274086,0.43271404504776,0.46328291296958923,0.44286778569221497,0.3097826838493347
2025-06-30,Arel,ACOLITE,S2B_MSI_2025_06_30_11_45_58_T28QCH_L2W,C:\Users\Simon\Nextcloud\Project\Mauritania\Science\Arguin - FieldWork Data Processing\Data\S2\ACOLITE\2025-06-30,590,886,853,342585.0,2201115.0,0.1717774122953415,0.20483623445034027,0.28091004490852356,0.3474957346916199,0.37121254205703735,0.4022619426250458,0.4285704493522644,0.42934945225715637,0.4630476236343384,0.44298630952835083,0.31318697333335876
2025-06-30,Arel,ACOLITE,S2B_MSI_2025_06_30_11_45_58_T28QCH_L2W,C:\Users\Simon\Nextcloud\Project\Mauritania\Science\Arguin - FieldWork Data Processing\Data\S2\ACOLITE\2025-06-30,591,886,854,342595.0,2201115.0,0.17177750170230865,0.21035167574882507,0.28489136695861816,0.349990576505661,0.3712180256843567,0.40226805210113525,0.4285769462585449,0.43246760964393616,0.4630543887615204,0.4429900348186493,0.3131899833679199
2025-06-30,Arel,ACOLITE,S2B_MSI_2025_06_30_11_45_58_T28QCH_L2W,C:\Users\Simon\Nextcloud\Project\Mauritania\Science\Arguin - FieldWork Data Processing\Data\S2\ACOLITE\2025-06-30,592,886,855,342605.0,2201115.0,0.1667054146528244,0.21413619816303253,0.28854918479919434,0.34861278533935547,0.370410680770874,0.400815486907959,0.42908698320388794,0.4332514703273773,0.4571267068386078,0.4411560595035553,0.30954867601394653
2025-06-30,Arel,ACOLITE,S2B_MSI_2025_06_30_11_45_58_T28QCH_L2W,C:\Users\Simon\Nextcloud\Project\Mauritania\Science\Arguin - FieldWork Data Processing\Data\S2\ACOLITE\2025-06-30,593,886,856,342615.0,2201115.0,0.16670528054237366,0.20328643918037415,0.2775755226612091,0.34197065234184265,0.37041613459587097,0.4008215367794037,0.42909350991249084,0.42975741624832153,0.45713338255882263,0.44115975499153137,0.3095516860485077
2025-06-30,Arel,ACOLITE,S2B_MSI_2025_06_30_11_45_58_T28QCH_L2W,C:\Users\Simon\Nextcloud\Project\Mauritania\Science\Arguin - FieldWork Data Processing\Data\S2\ACOLITE\2025-06-30,594,886,857,342625.0,2201115.0,0.1667051613330841,0.20880642533302307,0.2839492857456207,0.3433617055416107,0.36472567915916443,0.39817380905151367,0.4280928373336792,0.428596168756485,0.45665520429611206,0.43518853187561035,0.2937540113925934
2025-06-30,Arel,ACOLITE,S2B_MSI_2025_06_30_11_45_58_T28QCH_L2W,C:\Users\Simon\Nextcloud\Project\Mauritania\Science\Arguin - FieldWork Data Processing\Data\S2\ACOLITE\2025-06-30,595,886,858,342635.0,2201115.0,0.16670502722263336,0.2088078260421753,0.2871323227882385,0.35084089636802673,0.36473098397254944,0.3981797993183136,0.4280993342399597,0.43327054381370544,0.4566618800163269,0.43519216775894165,0.2937568426132202
2025-06-30,Arel,ACOLITE,S2B_MSI_2025_06_30_11_45_58_T28QCH_L2W,C:\Users\Simon\Nextcloud\Project\Mauritania\Science\Arguin - FieldWork Data Processing\Data\S2\ACOLITE\2025-06-30,596,886,859,342645.0,2201115.0,0.16670489311218262,0.20846468210220337,0.28729522228240967,0.34517285227775574,0.3651435077190399,0.39592835307121277,0.425586462020874,0.43288809061050415,0.4583652913570404,0.43048223853111267,0.2812310457229614
2025-06-30,Arel,ACOLITE,S2B_MSI_2025_06_30_11_45_58_T28QCH_L2W,C:\Users\Simon\Nextcloud\Project\Mauritania\Science\Arguin - FieldWork Data Processing\Data\S2\ACOLITE\2025-06-30,597,886,860,342655.0,2201115.0,0.16670477390289307,0.2063976228237152,0.2810964584350586,0.34379252791404724,0.3651488423347473,0.3959343135356903,0.42559289932250977,0.4310795068740845,0.45837193727493286,0.4304858148097992,0.2812337577342987
2025-06-30,Arel,ACOLITE,S2B_MSI_2025_06_30_11_45_58_T28QCH_L2W,C:\Users\Simon\Nextcloud\Project\Mauritania\Science\Arguin - FieldWork Data Processing\Data\S2\ACOLITE\2025-06-30,598,886,861,342665.0,2201115.0,0.1684623807668686,0.21328647434711456,0.2900025248527527,0.3468446433544159,0.36583274602890015,0.39660435914993286,0.4268592596054077,0.4349740743637085,0.4603169858455658,0.42887938022613525,0.28135812282562256
2025-06-30,Arel,ACOLITE,S2B_MSI_2025_06_30_11_45_58_T28QCH_L2W,C:\Users\Simon\Nextcloud\Project\Mauritania\Science\Arguin - FieldWork Data Processing\Data\S2\ACOLITE\2025-06-30,599,886,862,342675.0,2201115.0,0.168462336063385,0.2050200253725052,0.2803078591823578,0.33978113532066345,0.36583808064460754,0.3966103494167328,0.42686572670936584,0.4284977614879608,0.460323691368103,0.4288829267024994,0.28136080503463745
2025-06-30,Arel,ACOLITE,S2B_MSI_2025_06_30_11_45_58_T28QCH_L2W,C:\Users\Simon\Nextcloud\Project\Mauritania\Science\Arguin - FieldWork Data Processing\Data\S2\ACOLITE\2025-06-30,600,886,863,342685.0,2201115.0,0.16846227645874023,0.20571152865886688,0.27999305725097656,0.3395085334777832,0.3678784668445587,0.3990062475204468,0.42586424946784973,0.42915278673171997,0.4660192131996155,0.43049660325050354,0.2814851999282837
2025-06-30,Arel,ACOLITE,S2B_MSI_2025_06_30_11_45_58_T28QCH_L2W,C:\Users\Simon\Nextcloud\Project\Mauritania\Science\Arguin - FieldWork Data Processing\Data\S2\ACOLITE\2025-06-30,601,887,842,342475.0,2201105.0,0.1304464340209961,0.21583247184753418,0.2924617826938629,0.3430124521255493,0.36898839473724365,0.4025964140892029,0.4251031279563904,0.4253919720649719,0.4565597474575043,0.4273187816143036,0.2996698021888733
2025-06-30,Arel,ACOLITE,S2B_MSI_2025_06_30_11_45_58_T28QCH_L2W,C:\Users\Simon\Nextcloud\Project\Mauritania\Science\Arguin - FieldWork Data Processing\Data\S2\ACOLITE\2025-06-30,602,887,843,342485.0,2201105.0,0.17333318293094635,0.22200283408164978,0.29294127225875854,0.34744760394096375,0.37210899591445923,0.40405991673469543,0.4283836781978607,0.4281232953071594,0.4549906253814697,0.4290473759174347,0.2931084632873535
2025-06-30,Arel,ACOLITE,S2B_MSI_2025_06_30_11_45_58_T28QCH_L2W,C:\Users\Simon\Nextcloud\Project\Mauritania\Science\Arguin - FieldWork Data Processing\Data\S2\ACOLITE\2025-06-30,603,887,844,342495.0,2201105.0,0.17333336174488068,0.226107656955719,0.30022183060646057,0.3573969602584839,0.37211447954177856,0.4040660560131073,0.4283902049064636,0.4302046000957489,0.4549972414970398,0.4290509521961212,0.29311126470565796
2025-06-30,Arel,ACOLITE,S2B_MSI_2025_06_30_11_45_58_T28QCH_L2W,C:\Users\Simon\Nextcloud\Project\Mauritania\Science\Arguin - FieldWork Data Processing\Data\S2\ACOLITE\2025-06-30,604,887,845,342505.0,2201105.0,0.17333349585533142,0.22747567296028137,0.31031501293182373,0.3624999523162842,0.382122665643692,0.4084409773349762,0.4349362254142761,0.43552330136299133,0.46239277720451355,0.43342334032058716,0.2915334105491638
2025-06-30,Arel,ACOLITE,S2B_MSI_2025_06_30_11_45_58_T28QCH_L2W,C:\Users\Simon\Nextcloud\Project\Mauritania\Science\Arguin - FieldWork Data Processing\Data\S2\ACOLITE\2025-06-30,605,887,846,342515.0,2201105.0,0.17333367466926575,0.2324223518371582,0.3120497763156891,0.3658074736595154,0.38212838768959045,0.40844717621803284,0.4349428713321686,0.4414815306663513,0.46239951252937317,0.43342694640159607,0.29153621196746826
2025-06-30,Arel,ACOLITE,S2B_MSI_2025_06_30_11_45_58_T28QCH_L2W,C:\Users\Simon\Nextcloud\Project\Mauritania\Science\Arguin - FieldWork Data Processing\Data\S2\ACOLITE\2025-06-30,606,887,847,342525.0,2201105.0,0.17333385348320007,0.23242466151714325,0.30953794717788696,0.36402490735054016,0.38186416029930115,0.41109851002693176,0.4360801875591278,0.43967753648757935,0.4641002118587494,0.4352695643901825,0.2943355441093445
2025-06-30,Arel,ACOLITE,S2B_MSI_2025_06_30_11_45_58_T28QCH_L2W,C:\Users\Simon\Nextcloud\Project\Mauritania\Science\Arguin - FieldWork Data Processing\Data\S2\ACOLITE\2025-06-30,607,887,848,342535.0,2201105.0,0.1733340322971344,0.23021170496940613,0.31253117322921753,0.3626541495323181,0.3818698823451996,0.41110479831695557,0.43608683347702026,0.43826085329055786,0.4641070067882538,0.4352732002735138,0.2943383753299713
2025-06-30,Arel,ACOLITE,S2B_MSI_2025_06_30_11_45_58_T28QCH_L2W,C:\Users\Simon\Nextcloud\Project\Mauritania\Science\Arguin - FieldWork Data Processing\Data\S2\ACOLITE\2025-06-30,608,887,849,342545.0,2201105.0,0.17177654802799225,0.2302139401435852,0.30639779567718506,0.3596295714378357,0.3791747987270355,0.4082012474536896,0.43885600566864014,0.4407252073287964,0.46254077553749084,0.43860915303230286,0.3038221299648285
2025-06-30,Arel,ACOLITE,S2B_MSI_2025_06_30_11_45_58_T28QCH_L2W,C:\Users\Simon\Nextcloud\Project\Mauritania\Science\Arguin - FieldWork Data Processing\Data\S2\ACOLITE\2025-06-30,609,887,850,342555.0,2201105.0,0.17177662253379822,0.22953402996063232,0.30198606848716736,0.3604617118835449,0.3791804909706116,0.4082074463367462,0.43886271119117737,0.4372384250164032,0.46254754066467285,0.43861281871795654,0.3038250505924225
2025-06-30,Arel,ACOLITE,S2B_MSI_2025_06_30_11_45_58_T28QCH_L2W,C:\Users\Simon\Nextcloud\Project\Mauritania\Science\Arguin - FieldWork Data Processing\Data\S2\ACOLITE\2025-06-30,610,887,851,342565.0,2201105.0,0.17177672684192657,0.22987735271453857,0.30325329303741455,0.362257719039917,0.37688854336738586,0.4056985080242157,0.4369860589504242,0.4417726695537567,0.46328040957450867,0.4428665339946747,0.30978164076805115
2025-06-30,Arel,ACOLITE,S2B_MSI_2025_06_30_11_45_58_T28QCH_L2W,C:\Users\Simon\Nextcloud\Project\Mauritania\Science\Arguin - FieldWork Data Processing\Data\S2\ACOLITE\2025-06-30,611,887,852,342575.0,2201105.0,0.17177683115005493,0.2262950986623764,0.29930979013442993,0.35799163579940796,0.37689414620399475,0.40570467710494995,0.4369927644729614,0.4350500702857971,0.46328720450401306,0.44287022948265076,0.3097846210002899
2025-06-30,Arel,ACOLITE,S2B_MSI_2025_06_30_11_45_58_T28QCH_L2W,C:\Users\Simon\Nextcloud\Project\Mauritania\Science\Arguin - FieldWork Data Processing\Data\S2\ACOLITE\2025-06-30,612,887,853,342585.0,2201105.0,0.1717769354581833,0.2108670026063919,0.2860022485256195,0.3502650856971741,0.37121590971946716,0.4022657573223114,0.4285745620727539,0.4297425150871277,0.4630519151687622,0.442988783121109,0.31318894028663635
2025-06-30,Arel,ACOLITE,S2B_MSI_2025_06_30_11_45_58_T28QCH_L2W,C:\Users\Simon\Nextcloud\Project\Mauritania\Science\Arguin - FieldWork Data Processing\Data\S2\ACOLITE\2025-06-30,613,887,854,342595.0,2201105.0,0.17177703976631165,0.21104055643081665,0.28648293018341064,0.34764236211776733,0.3712213933467865,0.4022718369960785,0.4285810589790344,0.4337674677371979,0.4630586802959442,0.44299250841140747,0.3131919503211975
2025-06-30,Arel,ACOLITE,S2B_MSI_2025_06_30_11_45_58_T28QCH_L2W,C:\Users\Simon\Nextcloud\Project\Mauritania\Science\Arguin - FieldWork Data Processing\Data\S2\ACOLITE\2025-06-30,614,887,855,342605.0,2201105.0,0.16670478880405426,0.21962791681289673,0.2901385426521301,0.35069024562835693,0.3704140782356262,0.4008193016052246,0.42909112572669983,0.43545788526535034,0.45713096857070923,0.4411585330963135,0.30955061316490173
2025-06-30,Arel,ACOLITE,S2B_MSI_2025_06_30_11_45_58_T28QCH_L2W,C:\Users\Simon\Nextcloud\Project\Mauritania\Science\Arguin - FieldWork Data Processing\Data\S2\ACOLITE\2025-06-30,615,887,856,342615.0,2201105.0,0.16670463979244232,0.20553047955036163,0.2775776982307434,0.342805415391922,0.37041953206062317,0.4008253216743469,0.42909762263298035,0.4280748665332794,0.4571376144886017,0.44116219878196716,0.3095536231994629
2025-06-30,Arel,ACOLITE,S2B_MSI_2025_06_30_11_45_58_T28QCH_L2W,C:\Users\Simon\Nextcloud\Project\Mauritania\Science\Arguin - FieldWork Data Processing\Data\S2\ACOLITE\2025-06-30,616,887,857,342625.0,2201105.0,0.16670452058315277,0.2032880038022995,0.2737516462802887,0.3342045247554779,0.3647289574146271,0.3981775641441345,0.4280969500541687,0.4270429015159607,0.4566594362258911,0.43519094586372375,0.2937558591365814
2025-06-30,Arel,ACOLITE,S2B_MSI_2025_06_30_11_45_58_T28QCH_L2W,C:\Users\Simon\Nextcloud\Project\Mauritania\Science\Arguin - FieldWork Data Processing\Data\S2\ACOLITE\2025-06-30,617,887,858,342635.0,2201105.0,0.16670438647270203,0.20035144686698914,0.27183812856674194,0.3349042534828186,0.3647342920303345,0.39818358421325684,0.4281034469604492,0.4245821535587311,0.45666611194610596,0.43519458174705505,0.29375869035720825
2025-06-30,Arel,ACOLITE,S2B_MSI_2025_06_30_11_45_58_T28QCH_L2W,C:\Users\Simon\Nextcloud\Project\Mauritania\Science\Arguin - FieldWork Data Processing\Data\S2\ACOLITE\2025-06-30,618,887,859,342645.0,2201105.0,0.16670426726341248,0.2003525048494339,0.2747170031070709,0.3329627513885498,0.36514678597450256,0.39593207836151123,0.42559051513671875,0.42263954877853394,0.45836952328681946,0.4304845929145813,0.2812328040599823
2025-06-30,Arel,ACOLITE,S2B_MSI_2025_06_30_11_45_58_T28QCH_L2W,C:\Users\Simon\Nextcloud\Project\Mauritania\Science\Arguin - FieldWork Data Processing\Data\S2\ACOLITE\2025-06-30,619,887,860,342655.0,2201105.0,0.16670413315296173,0.20915566384792328,0.2812579572200775,0.34282544255256653,0.36515215039253235,0.39593803882598877,0.42559701204299927,0.4295271039009094,0.4583761990070343,0.4304882287979126,0.2812355160713196
2025-06-30,Arel,ACOLITE,S2B_MSI_2025_06_30_11_45_58_T28QCH_L2W,C:\Users\Simon\Nextcloud\Project\Mauritania\Science\Arguin - FieldWork Data Processing\Data\S2\ACOLITE\2025-06-30,620,887,861,342665.0,2201105.0,0.16846178472042084,0.2180955708026886,0.2930182218551636,0.34587857127189636,0.3658360540866852,0.3966081440448761,0.4268634021282196,0.4325160086154938,0.4603212773799896,0.4288817346096039,0.28135988116264343
2025-06-30,Arel,ACOLITE,S2B_MSI_2025_06_30_11_45_58_T28QCH_L2W,C:\Users\Simon\Nextcloud\Project\Mauritania\Science\Arguin - FieldWork Data Processing\Data\S2\ACOLITE\2025-06-30,621,888,842,342475.0,2201095.0,0.12964887917041779,0.22011876106262207,0.2916719615459442,0.3423227071762085,0.370481938123703,0.3970296382904053,0.4277518689632416,0.4239676296710968,0.45074278116226196,0.41535285115242004,0.28082382678985596
2025-06-30,Arel,ACOLITE,S2B_MSI_2025_06_30_11_45_58_T28QCH_L2W,C:\Users\Simon\Nextcloud\Project\Mauritania\Science\Arguin - FieldWork Data Processing\Data\S2\ACOLITE\2025-06-30,622,888,843,342485.0,2201095.0,0.17508316040039062,0.2208055704832077,0.29262691736221313,0.3467589318752289,0.3696746230125427,0.40048518776893616,0.4254915416240692,0.4266999661922455,0.4535396993160248,0.4203064739704132,0.2758377492427826
2025-06-30,Arel,ACOLITE,S2B_MSI_2025_06_30_11_45_58_T28QCH_L2W,C:\Users\Simon\Nextcloud\Project\Mauritania\Science\Arguin - FieldWork Data Processing\Data\S2\ACOLITE\2025-06-30,623,888,844,342495.0,2201095.0,0.17508338391780853,0.22798651456832886,0.30322375893592834,0.35519322752952576,0.3696800470352173,0.40049123764038086,0.42549797892570496,0.4289117753505707,0.45354631543159485,0.42030996084213257,0.2758404016494751
2025-06-30,Arel,ACOLITE,S2B_MSI_2025_06_30_11_45_58_T28QCH_L2W,C:\Users\Simon\Nextcloud\Project\Mauritania\Science\Arguin - FieldWork Data Processing\Data\S2\ACOLITE\2025-06-30,624,888,845,342505.0,2201095.0,0.17508363723754883,0.2305469810962677,0.30795690417289734,0.35988667607307434,0.3801010847091675,0.40989986062049866,0.43343228101730347,0.434879869222641,0.4607023596763611,0.42848190665245056,0.28192681074142456
2025-06-30,Arel,ACOLITE,S2B_MSI_2025_06_30_11_45_58_T28QCH_L2W,C:\Users\Simon\Nextcloud\Project\Mauritania\Science\Arguin - FieldWork Data Processing\Data\S2\ACOLITE\2025-06-30,625,888,846,342515.0,2201095.0,0.17508389055728912,0.23225314915180206,0.3101654052734375,0.3625088632106781,0.3801068067550659,0.4099061191082001,0.4334389269351959,0.43695783615112305,0.4607090950012207,0.4284854531288147,0.28192952275276184
2025-06-30,Arel,ACOLITE,S2B_MSI_2025_06_30_11_45_58_T28QCH_L2W,C:\Users\Simon\Nextcloud\Project\Mauritania\Science\Arguin - FieldWork Data Processing\Data\S2\ACOLITE\2025-06-30,626,888,847,342525.0,2201095.0,0.17508411407470703,0.23055148124694824,0.31064218282699585,0.3616882562637329,0.38200268149375916,0.41136685013771057,0.43658679723739624,0.43825846910476685,0.46422550082206726,0.43331798911094666,0.2872844636440277
2025-06-30,Arel,ACOLITE,S2B_MSI_2025_06_30_11_45_58_T28QCH_L2W,C:\Users\Simon\Nextcloud\Project\Mauritania\Science\Arguin - FieldWork Data Processing\Data\S2\ACOLITE\2025-06-30,627,888,848,342535.0,2201095.0,0.17508436739444733,0.23072418570518494,0.3056078553199768,0.3623822033405304,0.3820084035396576,0.4113731384277344,0.4365934431552887,0.43787673115730286,0.46423229575157166,0.43332162499427795,0.2872872054576874
2025-06-30,Arel,ACOLITE,S2B_MSI_2025_06_30_11_45_58_T28QCH_L2W,C:\Users\Simon\Nextcloud\Project\Mauritania\Science\Arguin - FieldWork Data Processing\Data\S2\ACOLITE\2025-06-30,628,888,849,342545.0,2201095.0,0.16690023243427277,0.23140820860862732,0.30750346183776855,0.36252540349960327,0.38565653562545776,0.4138903021812439,0.43973878026008606,0.4386596381664276,0.461092472076416,0.43516427278518677,0.2939782738685608
2025-06-30,Arel,ACOLITE,S2B_MSI_2025_06_30_11_45_58_T28QCH_L2W,C:\Users\Simon\Nextcloud\Project\Mauritania\Science\Arguin - FieldWork Data Processing\Data\S2\ACOLITE\2025-06-30,629,888,850,342555.0,2201095.0,0.1669001281261444,0.23396523296833038,0.30766570568084717,0.3632192313671112,0.385662317276001,0.4138966202735901,0.4397455155849457,0.440477192401886,0.461099237203598,0.43516790866851807,0.2939811050891876
2025-06-30,Arel,ACOLITE,S2B_MSI_2025_06_30_11_45_58_T28QCH_L2W,C:\Users\Simon\Nextcloud\Project\Mauritania\Science\Arguin - FieldWork Data Processing\Data\S2\ACOLITE\2025-06-30,630,888,851,342565.0,2201095.0,0.16689997911453247,0.23090142011642456,0.30688273906707764,0.3658389449119568,0.37594544887542725,0.40596717596054077,0.43271756172180176,0.43906068801879883,0.46352672576904297,0.43792951107025146,0.29994073510169983
2025-06-30,Arel,ACOLITE,S2B_MSI_2025_06_30_11_45_58_T28QCH_L2W,C:\Users\Simon\Nextcloud\Project\Mauritania\Science\Arguin - FieldWork Data Processing\Data\S2\ACOLITE\2025-06-30,631,888,852,342575.0,2201095.0,0.16689985990524292,0.2225344181060791,0.29646581411361694,0.3556499183177948,0.37595105171203613,0.4059733748435974,0.4327241778373718,0.43155553936958313,0.46353352069854736,0.43793320655822754,0.29994362592697144
2025-06-30,Arel,ACOLITE,S2B_MSI_2025_06_30_11_45_58_T28QCH_L2W,C:\Users\Simon\Nextcloud\Project\Mauritania\Science\Arguin - FieldWork Data Processing\Data\S2\ACOLITE\2025-06-30,632,888,853,342585.0,2201095.0,0.16689975559711456,0.20656172931194305,0.28171056509017944,0.3382163941860199,0.36185941100120544,0.3929767608642578,0.42038625478744507,0.42754101753234863,0.4560309648513794,0.4380517303943634,0.30262047052383423
2025-06-30,Arel,ACOLITE,S2B_MSI_2025_06_30_11_45_58_T28QCH_L2W,C:\Users\Simon\Nextcloud\Project\Mauritania\Science\Arguin - FieldWork Data Processing\Data\S2\ACOLITE\2025-06-30,633,888,854,342595.0,2201095.0,0.16689960658550262,0.2050108015537262,0.28044068813323975,0.33613839745521545,0.3618646562099457,0.3929826617240906,0.42039257287979126,0.4271579086780548,0.45603764057159424,0.4380553960800171,0.30262336134910583
2025-06-30,Arel,ACOLITE,S2B_MSI_2025_06_30_11_45_58_T28QCH_L2W,C:\Users\Simon\Nextcloud\Project\Mauritania\Science\Arguin - FieldWork Data Processing\Data\S2\ACOLITE\2025-06-30,634,888,855,342605.0,2201095.0,0.15160316228866577,0.21619834005832672,0.288077712059021,0.34529727697372437,0.3651287853717804,0.39697447419166565,0.4264507591724396,0.4310559332370758,0.45871052145957947,0.4379441738128662,0.299466073513031
2025-06-30,Arel,ACOLITE,S2B_MSI_2025_06_30_11_45_58_T28QCH_L2W,C:\Users\Simon\Nextcloud\Project\Mauritania\Science\Arguin - FieldWork Data Processing\Data\S2\ACOLITE\2025-06-30,635,888,856,342615.0,2201095.0,0.1516023427248001,0.21465453505516052,0.28792300820350647,0.34336286783218384,0.3651340901851654,0.3969804644584656,0.4264572262763977,0.42833834886550903,0.4587172269821167,0.4379478394985199,0.2994689643383026
2025-06-30,Arel,ACOLITE,S2B_MSI_2025_06_30_11_45_58_T28QCH_L2W,C:\Users\Simon\Nextcloud\Project\Mauritania\Science\Arguin - FieldWork Data Processing\Data\S2\ACOLITE\2025-06-30,636,888,857,342625.0,2201095.0,0.15160150825977325,0.20880745351314545,0.279018372297287,0.33712515234947205,0.3602496087551117,0.3923355042934418,0.4210425019264221,0.4313279092311859,0.4579969048500061,0.4327794015407562,0.28731203079223633
2025-06-30,Arel,ACOLITE,S2B_MSI_2025_06_30_11_45_58_T28QCH_L2W,C:\Users\Simon\Nextcloud\Project\Mauritania\Science\Arguin - FieldWork Data Processing\Data\S2\ACOLITE\2025-06-30,637,888,858,342635.0,2201095.0,0.1516007035970688,0.20501583814620972,0.27519434690475464,0.3298998475074768,0.36025482416152954,0.39234134554862976,0.4210488200187683,0.4239365756511688,0.45800358057022095,0.43278300762176514,0.287314772605896
2025-06-30,Arel,ACOLITE,S2B_MSI_2025_06_30_11_45_58_T28QCH_L2W,C:\Users\Simon\Nextcloud\Project\Mauritania\Science\Arguin - FieldWork Data Processing\Data\S2\ACOLITE\2025-06-30,638,888,859,342645.0,2201095.0,0.15159989893436432,0.20190869271755219,0.27216339111328125,0.32753700017929077,0.3606678545475006,0.39035189151763916,0.4209290146827698,0.42173367738723755,0.4529172480106354,0.4270365834236145,0.2762450575828552
2025-06-30,Arel,ACOLITE,S2B_MSI_2025_06_30_11_45_58_T28QCH_L2W,C:\Users\Simon\Nextcloud\Project\Mauritania\Science\Arguin - FieldWork Data Processing\Data\S2\ACOLITE\2025-06-30,639,888,860,342655.0,2201095.0,0.15159906446933746,0.21191038191318512,0.28078246116638184,0.3343607783317566,0.36067306995391846,0.39035773277282715,0.42093533277511597,0.42875272035598755,0.45292386412620544,0.427040159702301,0.27624770998954773
2025-06-30,Arel,ACOLITE,S2B_MSI_2025_06_30_11_45_58_T28QCH_L2W,C:\Users\Simon\Nextcloud\Project\Mauritania\Science\Arguin - FieldWork Data Processing\Data\S2\ACOLITE\2025-06-30,640,889,842,342475.0,2201085.0,0.1296471357345581,0.2228579819202423,0.2938922345638275,0.34703364968299866,0.3704852759838104,0.39703330397605896,0.4277559220790863,0.4229324162006378,0.4507468640804291,0.4153550863265991,0.28082555532455444
2025-06-30,Arel,ACOLITE,S2B_MSI_2025_06_30_11_45_58_T28QCH_L2W,C:\Users\Simon\Nextcloud\Project\Mauritania\Science\Arguin - FieldWork Data Processing\Data\S2\ACOLITE\2025-06-30,641,889,843,342485.0,2201085.0,0.17508277297019958,0.22388599812984467,0.29516300559043884,0.3473154604434967,0.36967793107032776,0.4004889130592346,0.42549556493759155,0.4269634485244751,0.45354387164115906,0.42030879855155945,0.2758394479751587
2025-06-30,Arel,ACOLITE,S2B_MSI_2025_06_30_11_45_58_T28QCH_L2W,C:\Users\Simon\Nextcloud\Project\Mauritania\Science\Arguin - FieldWork Data Processing\Data\S2\ACOLITE\2025-06-30,642,889,844,342495.0,2201085.0,0.1750829964876175,0.2223486602306366,0.2984890043735504,0.3516065776348114,0.3696833550930023,0.4004950225353241,0.4255020022392273,0.4267101287841797,0.45355045795440674,0.4203122854232788,0.2758421003818512
2025-06-30,Arel,ACOLITE,S2B_MSI_2025_06_30_11_45_58_T28QCH_L2W,C:\Users\Simon\Nextcloud\Project\Mauritania\Science\Arguin - FieldWork Data Processing\Data\S2\ACOLITE\2025-06-30,643,889,845,342505.0,2201085.0,0.17508326470851898,0.22969557344913483,0.30275771021842957,0.36044108867645264,0.38010460138320923,0.40990376472473145,0.43343642354011536,0.43384769558906555,0.46070659160614014,0.4284842312335968,0.28192856907844543
2025-06-30,Arel,ACOLITE,S2B_MSI_2025_06_30_11_45_58_T28QCH_L2W,C:\Users\Simon\Nextcloud\Project\Mauritania\Science\Arguin - FieldWork Data Processing\Data\S2\ACOLITE\2025-06-30,644,889,846,342515.0,2201085.0,0.1750834882259369,0.23123203217983246,0.30859431624412537,0.359482079744339,0.3801102638244629,0.40991005301475525,0.4334430694580078,0.43424269556999207,0.46071335673332214,0.4284878373146057,0.2819312512874603
2025-06-30,Arel,ACOLITE,S2B_MSI_2025_06_30_11_45_58_T28QCH_L2W,C:\Users\Simon\Nextcloud\Project\Mauritania\Science\Arguin - FieldWork Data Processing\Data\S2\ACOLITE\2025-06-30,645,889,847,342525.0,2201085.0,0.17508374154567719,0.2266281694173813,0.30592116713523865,0.35893625020980835,0.3820062279701233,0.41137078404426575,0.4365909695625305,0.43787431716918945,0.4642298221588135,0.43332037329673767,0.2872862219810486
2025-06-30,Arel,ACOLITE,S2B_MSI_2025_06_30_11_45_58_T28QCH_L2W,C:\Users\Simon\Nextcloud\Project\Mauritania\Science\Arguin - FieldWork Data Processing\Data\S2\ACOLITE\2025-06-30,646,889,848,342535.0,2201085.0,0.1750839799642563,0.23208853602409363,0.3078165352344513,0.36334919929504395,0.3820119798183441,0.41137707233428955,0.43659764528274536,0.4396921694278717,0.4642365872859955,0.4333239793777466,0.28728899359703064
2025-06-30,Arel,ACOLITE,S2B_MSI_2025_06_30_11_45_58_T28QCH_L2W,C:\Users\Simon\Nextcloud\Project\Mauritania\Science\Arguin - FieldWork Data Processing\Data\S2\ACOLITE\2025-06-30,647,889,849,342545.0,2201085.0,0.16689959168434143,0.23140928149223328,0.3108120262622833,0.36404284834861755,0.3856601119041443,0.41389426589012146,0.4397430121898651,0.4398280382156372,0.46109676361083984,0.4351666569709778,0.29398009181022644
2025-06-30,Arel,ACOLITE,S2B_MSI_2025_06_30_11_45_58_T28QCH_L2W,C:\Users\Simon\Nextcloud\Project\Mauritania\Science\Arguin - FieldWork Data Processing\Data\S2\ACOLITE\2025-06-30,648,889,850,342555.0,2201085.0,0.16689948737621307,0.23532773554325104,0.31065958738327026,0.36349791288375854,0.3856659531593323,0.41390061378479004,0.4397497773170471,0.44255006313323975,0.46110349893569946,0.4351702928543091,0.29398292303085327
2025-06-30,Arel,ACOLITE,S2B_MSI_2025_06_30_11_45_58_T28QCH_L2W,C:\Users\Simon\Nextcloud\Project\Mauritania\Science\Arguin - FieldWork Data Processing\Data\S2\ACOLITE\2025-06-30,649,889,851,342565.0,2201085.0,0.16689933836460114,0.22834394872188568,0.3040476143360138,0.35937151312828064,0.37594887614250183,0.40597105026245117,0.43272170424461365,0.43958228826522827,0.4635310173034668,0.43793192505836487,0.29994261264801025
2025-06-30,Arel,ACOLITE,S2B_MSI_2025_06_30_11_45_58_T28QCH_L2W,C:\Users\Simon\Nextcloud\Project\Mauritania\Science\Arguin - FieldWork Data Processing\Data\S2\ACOLITE\2025-06-30,650,889,852,342575.0,2201085.0,0.16689923405647278,0.21636559069156647,0.29187530279159546,0.3487451374530792,0.3759544789791107,0.4059772491455078,0.4327283203601837,0.4333740472793579,0.4635378122329712,0.43793562054634094,0.29994550347328186
2025-06-30,Arel,ACOLITE,S2B_MSI_2025_06_30_11_45_58_T28QCH_L2W,C:\Users\Simon\Nextcloud\Project\Mauritania\Science\Arguin - FieldWork Data Processing\Data\S2\ACOLITE\2025-06-30,651,889,853,342585.0,2201085.0,0.16689909994602203,0.1979246884584427,0.2700657844543457,0.33029690384864807,0.3618626296520233,0.3929804563522339,0.420390248298645,0.4233899712562561,0.45603519678115845,0.4380541443824768,0.30262234807014465
2025-06-30,Arel,ACOLITE,S2B_MSI_2025_06_30_11_45_58_T28QCH_L2W,C:\Users\Simon\Nextcloud\Project\Mauritania\Science\Arguin - FieldWork Data Processing\Data\S2\ACOLITE\2025-06-30,652,889,854,342595.0,2201085.0,0.16689899563789368,0.20103923976421356,0.27597954869270325,0.33155393600463867,0.36186790466308594,0.39298632740974426,0.4203965961933136,0.42456522583961487,0.4560418426990509,0.4380578100681305,0.30262526869773865
2025-06-30,Arel,ACOLITE,S2B_MSI_2025_06_30_11_45_58_T28QCH_L2W,C:\Users\Simon\Nextcloud\Project\Mauritania\Science\Arguin - FieldWork Data Processing\Data\S2\ACOLITE\2025-06-30,653,889,855,342605.0,2201085.0,0.15160205960273743,0.21035480499267578,0.2841072976589203,0.343776673078537,0.36513209342956543,0.3969781994819641,0.4264548420906067,0.4279468059539795,0.4587147831916809,0.437946617603302,0.29946795105934143
2025-06-30,Arel,ACOLITE,S2B_MSI_2025_06_30_11_45_58_T28QCH_L2W,C:\Users\Simon\Nextcloud\Project\Mauritania\Science\Arguin - FieldWork Data Processing\Data\S2\ACOLITE\2025-06-30,654,889,856,342615.0,2201085.0,0.15160125494003296,0.2175736278295517,0.2876077890396118,0.3437816798686981,0.36513739824295044,0.39698415994644165,0.4264613091945648,0.42808279395103455,0.45872148871421814,0.4379502534866333,0.29947084188461304
2025-06-30,Arel,ACOLITE,S2B_MSI_2025_06_30_11_45_58_T28QCH_L2W,C:\Users\Simon\Nextcloud\Project\Mauritania\Science\Arguin - FieldWork Data Processing\Data\S2\ACOLITE\2025-06-30,655,889,857,342625.0,2201085.0,0.1516004204750061,0.21637408435344696,0.2890409231185913,0.34295520186424255,0.36025282740592957,0.39233916997909546,0.42104649543762207,0.43185049295425415,0.45800113677978516,0.43278175592422485,0.2873138189315796
2025-06-30,Arel,ACOLITE,S2B_MSI_2025_06_30_11_45_58_T28QCH_L2W,C:\Users\Simon\Nextcloud\Project\Mauritania\Science\Arguin - FieldWork Data Processing\Data\S2\ACOLITE\2025-06-30,656,889,858,342635.0,2201085.0,0.15159961581230164,0.21483024954795837,0.28252825140953064,0.3371330201625824,0.3602580428123474,0.39234504103660583,0.42105287313461304,0.42731666564941406,0.4580078423023224,0.43278539180755615,0.28731656074523926
2025-06-30,Arel,ACOLITE,S2B_MSI_2025_06_30_11_45_58_T28QCH_L2W,C:\Users\Simon\Nextcloud\Project\Mauritania\Science\Arguin - FieldWork Data Processing\Data\S2\ACOLITE\2025-06-30,657,890,842,342475.0,2201075.0,0.1296454221010208,0.22320091724395752,0.2945280373096466,0.34883496165275574,0.369133859872818,0.39902764558792114,0.42927035689353943,0.42786934971809387,0.4502655267715454,0.4124782085418701,0.27267423272132874
2025-06-30,Arel,ACOLITE,S2B_MSI_2025_06_30_11_45_58_T28QCH_L2W,C:\Users\Simon\Nextcloud\Project\Mauritania\Science\Arguin - FieldWork Data Processing\Data\S2\ACOLITE\2025-06-30,658,890,843,342485.0,2201075.0,0.17508237063884735,0.22029347717761993,0.29342395067214966,0.346488356590271,0.3660210072994232,0.39996224641799927,0.4256255626678467,0.42761608958244324,0.45439690351486206,0.41466987133026123,0.26841631531715393
2025-06-30,Arel,ACOLITE,S2B_MSI_2025_06_30_11_45_58_T28QCH_L2W,C:\Users\Simon\Nextcloud\Project\Mauritania\Science\Arguin - FieldWork Data Processing\Data\S2\ACOLITE\2025-06-30,659,890,844,342495.0,2201075.0,0.17508260905742645,0.21926750242710114,0.2931114435195923,0.34593984484672546,0.366026371717453,0.3999682664871216,0.42563197016716003,0.4260650873184204,0.45440351963043213,0.4146732985973358,0.2684188783168793
2025-06-30,Arel,ACOLITE,S2B_MSI_2025_06_30_11_45_58_T28QCH_L2W,C:\Users\Simon\Nextcloud\Project\Mauritania\Science\Arguin - FieldWork Data Processing\Data\S2\ACOLITE\2025-06-30,660,890,845,342505.0,2201075.0,0.17508287727832794,0.2259417623281479,0.2994442880153656,0.3561708927154541,0.3753778338432312,0.4055405855178833,0.4284088909626007,0.43346306681632996,0.45962104201316833,0.4226197302341461,0.27523794770240784
2025-06-30,Arel,ACOLITE,S2B_MSI_2025_06_30_11_45_58_T28QCH_L2W,C:\Users\Simon\Nextcloud\Project\Mauritania\Science\Arguin - FieldWork Data Processing\Data\S2\ACOLITE\2025-06-30,661,890,846,342515.0,2201075.0,0.17508311569690704,0.22406385838985443,0.30308061838150024,0.35493436455726624,0.3753833770751953,0.40554672479629517,0.4284154176712036,0.4342467188835144,0.45962774753570557,0.42262324690818787,0.27524057030677795
2025-06-30,Arel,ACOLITE,S2B_MSI_2025_06_30_11_45_58_T28QCH_L2W,C:\Users\Simon\Nextcloud\Project\Mauritania\Science\Arguin - FieldWork Data Processing\Data\S2\ACOLITE\2025-06-30,662,890,847,342525.0,2201075.0,0.17508335411548615,0.22440782189369202,0.3043472468852997,0.3588017523288727,0.37890371680259705,0.4079357385635376,0.4352132976055145,0.4343825876712799,0.4629031717777252,0.42814871668815613,0.28205737471580505
2025-06-30,Arel,ACOLITE,S2B_MSI_2025_06_30_11_45_58_T28QCH_L2W,C:\Users\Simon\Nextcloud\Project\Mauritania\Science\Arguin - FieldWork Data Processing\Data\S2\ACOLITE\2025-06-30,663,890,848,342535.0,2201075.0,0.17508360743522644,0.22953271865844727,0.31018075346946716,0.3621135950088501,0.3789094090461731,0.407941997051239,0.435219943523407,0.44111892580986023,0.4629099369049072,0.42815226316452026,0.28206008672714233
2025-06-30,Arel,ACOLITE,S2B_MSI_2025_06_30_11_45_58_T28QCH_L2W,C:\Users\Simon\Nextcloud\Project\Mauritania\Science\Arguin - FieldWork Data Processing\Data\S2\ACOLITE\2025-06-30,664,890,849,342545.0,2201075.0,0.1668989658355713,0.23089905083179474,0.3082965612411499,0.3630828857421875,0.38148126006126404,0.41138729453086853,0.4374876618385315,0.43776193261146545,0.46485254168510437,0.4329851567745209,0.2883881628513336
2025-06-30,Arel,ACOLITE,S2B_MSI_2025_06_30_11_45_58_T28QCH_L2W,C:\Users\Simon\Nextcloud\Project\Mauritania\Science\Arguin - FieldWork Data Processing\Data\S2\ACOLITE\2025-06-30,665,890,850,342555.0,2201075.0,0.16689886152744293,0.22885474562644958,0.3059380054473877,0.36157381534576416,0.3814869523048401,0.41139358282089233,0.43749433755874634,0.44307127594947815,0.46485936641693115,0.4329887628555298,0.2883909344673157
2025-06-30,Arel,ACOLITE,S2B_MSI_2025_06_30_11_45_58_T28QCH_L2W,C:\Users\Simon\Nextcloud\Project\Mauritania\Science\Arguin - FieldWork Data Processing\Data\S2\ACOLITE\2025-06-30,666,890,851,342565.0,2201075.0,0.1668987274169922,0.21945159137248993,0.297573983669281,0.3546850085258484,0.3716214597225189,0.40504777431488037,0.4293290972709656,0.4388100802898407,0.46438226103782654,0.4341418743133545,0.28827208280563354
2025-06-30,Arel,ACOLITE,S2B_MSI_2025_06_30_11_45_58_T28QCH_L2W,C:\Users\Simon\Nextcloud\Project\Mauritania\Science\Arguin - FieldWork Data Processing\Data\S2\ACOLITE\2025-06-30,667,890,852,342575.0,2201075.0,0.16689859330654144,0.21379032731056213,0.2871173024177551,0.34667277336120605,0.37162694334983826,0.405053973197937,0.42933565378189087,0.4324709177017212,0.46438905596733093,0.4341455101966858,0.2882748544216156
2025-06-30,Arel,ACOLITE,S2B_MSI_2025_06_30_11_45_58_T28QCH_L2W,C:\Users\Simon\Nextcloud\Project\Mauritania\Science\Arguin - FieldWork Data Processing\Data\S2\ACOLITE\2025-06-30,668,890,853,342585.0,2201075.0,0.16689848899841309,0.20069271326065063,0.2751801013946533,0.33252575993537903,0.36376723647117615,0.39045730233192444,0.4240516722202301,0.4230041205883026,0.45519065856933594,0.43219485878944397,0.28547999262809753
2025-06-30,Arel,ACOLITE,S2B_MSI_2025_06_30_11_45_58_T28QCH_L2W,C:\Users\Simon\Nextcloud\Project\Mauritania\Science\Arguin - FieldWork Data Processing\Data\S2\ACOLITE\2025-06-30,669,890,854,342595.0,2201075.0,0.16689835488796234,0.20777057111263275,0.2820373475551605,0.3372553884983063,0.36377257108688354,0.3904631435871124,0.42405810952186584,0.4275551736354828,0.4551973044872284,0.43219849467277527,0.2854827344417572
2025-06-30,Arel,ACOLITE,S2B_MSI_2025_06_30_11_45_58_T28QCH_L2W,C:\Users\Simon\Nextcloud\Project\Mauritania\Science\Arguin - FieldWork Data Processing\Data\S2\ACOLITE\2025-06-30,670,890,855,342605.0,2201075.0,0.15160095691680908,0.21413880586624146,0.2847456932067871,0.3446109890937805,0.36635664105415344,0.3984423279762268,0.42759254574775696,0.4314529001712799,0.4589613676071167,0.43082231283187866,0.28560712933540344
2025-06-30,Arel,ACOLITE,S2B_MSI_2025_06_30_11_45_58_T28QCH_L2W,C:\Users\Simon\Nextcloud\Project\Mauritania\Science\Arguin - FieldWork Data Processing\Data\S2\ACOLITE\2025-06-30,671,890,856,342615.0,2201075.0,0.15160015225410461,0.22014623880386353,0.29015007615089417,0.34461602568626404,0.3663620054721832,0.39844831824302673,0.4275990128517151,0.43301475048065186,0.45896807312965393,0.43082594871520996,0.2856098711490631
2025-06-30,Arel,ACOLITE,S2B_MSI_2025_06_30_11_45_58_T28QCH_L2W,C:\Users\Simon\Nextcloud\Project\Mauritania\Science\Arguin - FieldWork Data Processing\Data\S2\ACOLITE\2025-06-30,672,891,842,342475.0,2201065.0,0.12964367866516113,0.22200429439544678,0.29247164726257324,0.34786996245384216,0.369137167930603,0.3990313708782196,0.42927441000938416,0.42968910932540894,0.4502696394920349,0.4124804437160492,0.27267590165138245
2025-06-30,Arel,ACOLITE,S2B_MSI_2025_06_30_11_45_58_T28QCH_L2W,C:\Users\Simon\Nextcloud\Project\Mauritania\Science\Arguin - FieldWork Data Processing\Data\S2\ACOLITE\2025-06-30,673,891,843,342485.0,2201065.0,0.1750819981098175,0.2216639220714569,0.29358482360839844,0.34787511825561523,0.3660242557525635,0.39996597170829773,0.42562955617904663,0.429825097322464,0.45440104603767395,0.4146721065044403,0.26841795444488525
2025-06-30,Arel,ACOLITE,S2B_MSI_2025_06_30_11_45_58_T28QCH_L2W,C:\Users\Simon\Nextcloud\Project\Mauritania\Science\Arguin - FieldWork Data Processing\Data\S2\ACOLITE\2025-06-30,674,891,844,342495.0,2201065.0,0.1750822365283966,0.21772557497024536,0.29200479388237,0.34635818004608154,0.36602962017059326,0.39997202157974243,0.42563602328300476,0.4289235770702362,0.454407662153244,0.4146755635738373,0.2684205174446106
2025-06-30,Arel,ACOLITE,S2B_MSI_2025_06_30_11_45_58_T28QCH_L2W,C:\Users\Simon\Nextcloud\Project\Mauritania\Science\Arguin - FieldWork Data Processing\Data\S2\ACOLITE\2025-06-30,675,891,845,342505.0,2201065.0,0.1750824749469757,0.2201266884803772,0.2913750112056732,0.34913018345832825,0.3753812313079834,0.4055444002151489,0.42841294407844543,0.4326895773410797,0.459625244140625,0.42262202501296997,0.27523961663246155
2025-06-30,Arel,ACOLITE,S2B_MSI_2025_06_30_11_45_58_T28QCH_L2W,C:\Users\Simon\Nextcloud\Project\Mauritania\Science\Arguin - FieldWork Data Processing\Data\S2\ACOLITE\2025-06-30,676,891,846,342515.0,2201065.0,0.1750827431678772,0.2180720567703247,0.29549771547317505,0.35162341594696045,0.3753868043422699,0.40555059909820557,0.42841947078704834,0.43165916204452515,0.4596319794654846,0.4226255714893341,0.27524226903915405
2025-06-30,Arel,ACOLITE,S2B_MSI_2025_06_30_11_45_58_T28QCH_L2W,C:\Users\Simon\Nextcloud\Project\Mauritania\Science\Arguin - FieldWork Data Processing\Data\S2\ACOLITE\2025-06-30,677,891,847,342525.0,2201065.0,0.1750829815864563,0.21567197144031525,0.2964515686035156,0.3531481921672821,0.3789072036743164,0.407939612865448,0.4352174699306488,0.4308876395225525,0.46290743350982666,0.42815104126930237,0.28205910325050354
2025-06-30,Arel,ACOLITE,S2B_MSI_2025_06_30_11_45_58_T28QCH_L2W,C:\Users\Simon\Nextcloud\Project\Mauritania\Science\Arguin - FieldWork Data Processing\Data\S2\ACOLITE\2025-06-30,678,891,848,342535.0,2201065.0,0.1750832051038742,0.21876133978366852,0.29677242040634155,0.35550037026405334,0.37891289591789246,0.4079458713531494,0.43522411584854126,0.437241792678833,0.46291419863700867,0.4281546175479889,0.2820618152618408
2025-06-30,Arel,ACOLITE,S2B_MSI_2025_06_30_11_45_58_T28QCH_L2W,C:\Users\Simon\Nextcloud\Project\Mauritania\Science\Arguin - FieldWork Data Processing\Data\S2\ACOLITE\2025-06-30,679,891,849,342545.0,2201065.0,0.16689832508563995,0.22201775014400482,0.2959856688976288,0.35136276483535767,0.3814847767353058,0.4113912284374237,0.43749183416366577,0.4390600025653839,0.4648568332195282,0.4329875111579895,0.2883899509906769
2025-06-30,Arel,ACOLITE,S2B_MSI_2025_06_30_11_45_58_T28QCH_L2W,C:\Users\Simon\Nextcloud\Project\Mauritania\Science\Arguin - FieldWork Data Processing\Data\S2\ACOLITE\2025-06-30,680,891,850,342555.0,2201065.0,0.1668982356786728,0.22030726075172424,0.2967812120914459,0.3552350103855133,0.3814904987812042,0.4113975167274475,0.4374985694885254,0.43984276056289673,0.464863657951355,0.4329911470413208,0.28839272260665894
2025-06-30,Arel,ACOLITE,S2B_MSI_2025_06_30_11_45_58_T28QCH_L2W,C:\Users\Simon\Nextcloud\Project\Mauritania\Science\Arguin - FieldWork Data Processing\Data\S2\ACOLITE\2025-06-30,681,891,851,342565.0,2201065.0,0.16689810156822205,0.21688011288642883,0.2936192452907562,0.3530312180519104,0.3716248571872711,0.4050516188144684,0.4293332099914551,0.4389435946941376,0.46438658237457275,0.4341442883014679,0.2882738709449768
2025-06-30,Arel,ACOLITE,S2B_MSI_2025_06_30_11_45_58_T28QCH_L2W,C:\Users\Simon\Nextcloud\Project\Mauritania\Science\Arguin - FieldWork Data Processing\Data\S2\ACOLITE\2025-06-30,682,891,852,342575.0,2201065.0,0.1668979674577713,0.21207194030284882,0.285371869802475,0.3461221754550934,0.37163034081459045,0.40505778789520264,0.429339736700058,0.43571385741233826,0.46439337730407715,0.4341478943824768,0.28827664256095886
2025-06-30,Arel,ACOLITE,S2B_MSI_2025_06_30_11_45_58_T28QCH_L2W,C:\Users\Simon\Nextcloud\Project\Mauritania\Science\Arguin - FieldWork Data Processing\Data\S2\ACOLITE\2025-06-30,683,891,853,342585.0,2201065.0,0.16689783334732056,0.2055283635854721,0.28394490480422974,0.339613139629364,0.3637705445289612,0.39046093821525574,0.4240557551383972,0.4297584593296051,0.4551948606967926,0.4321972727775574,0.2854817807674408
2025-06-30,Arel,ACOLITE,S2B_MSI_2025_06_30_11_45_58_T28QCH_L2W,C:\Users\Simon\Nextcloud\Project\Mauritania\Science\Arguin - FieldWork Data Processing\Data\S2\ACOLITE\2025-06-30,684,891,854,342595.0,2201065.0,0.166897714138031,0.20673683285713196,0.282039612531662,0.33725836873054504,0.3637758493423462,0.3904667794704437,0.42406216263771057,0.42755910754203796,0.45520147681236267,0.4322008788585663,0.28548452258110046
2025-06-30,Arel,ACOLITE,S2B_MSI_2025_06_30_11_45_58_T28QCH_L2W,C:\Users\Simon\Nextcloud\Project\Mauritania\Science\Arguin - FieldWork Data Processing\Data\S2\ACOLITE\2025-06-30,685,892,842,342475.0,2201055.0,0.12964192032814026,0.2165222465991974,0.28993767499923706,0.34108731150627136,0.3623576760292053,0.3966461718082428,0.4209631383419037,0.42502185702323914,0.4523366689682007,0.41121557354927063,0.27158209681510925
2025-06-30,Arel,ACOLITE,S2B_MSI_2025_06_30_11_45_58_T28QCH_L2W,C:\Users\Simon\Nextcloud\Project\Mauritania\Science\Arguin - FieldWork Data Processing\Data\S2\ACOLITE\2025-06-30,686,892,843,342485.0,2201055.0,0.17508161067962646,0.2160091996192932,0.2918444871902466,0.34386390447616577,0.3667057454586029,0.3974486291408539,0.4261374771595001,0.4265858232975006,0.4577990770339966,0.4138682186603546,0.2670803666114807
2025-06-30,Arel,ACOLITE,S2B_MSI_2025_06_30_11_45_58_T28QCH_L2W,C:\Users\Simon\Nextcloud\Project\Mauritania\Science\Arguin - FieldWork Data Processing\Data\S2\ACOLITE\2025-06-30,687,892,844,342495.0,2201055.0,0.17508186399936676,0.21635408699512482,0.29169026017189026,0.3484366834163666,0.3667111098766327,0.3974546194076538,0.42614394426345825,0.43113192915916443,0.4578057527542114,0.4138716459274292,0.26708292961120605
2025-06-30,Arel,ACOLITE,S2B_MSI_2025_06_30_11_45_58_T28QCH_L2W,C:\Users\Simon\Nextcloud\Project\Mauritania\Science\Arguin - FieldWork Data Processing\Data\S2\ACOLITE\2025-06-30,688,892,845,342505.0,2201055.0,0.17508208751678467,0.21223372220993042,0.28995025157928467,0.34913334250450134,0.375384658575058,0.4038262665271759,0.429423987865448,0.4337301552295685,0.4628981351852417,0.42135846614837646,0.27037256956100464
2025-06-30,Arel,ACOLITE,S2B_MSI_2025_06_30_11_45_58_T28QCH_L2W,C:\Users\Simon\Nextcloud\Project\Mauritania\Science\Arguin - FieldWork Data Processing\Data\S2\ACOLITE\2025-06-30,689,892,846,342515.0,2201055.0,0.17508234083652496,0.20999908447265625,0.28931984305381775,0.3477553129196167,0.37539026141166687,0.4038323760032654,0.4294305145740509,0.4324408173561096,0.4629049599170685,0.4213619828224182,0.27037516236305237
2025-06-30,Arel,ACOLITE,S2B_MSI_2025_06_30_11_45_58_T28QCH_L2W,C:\Users\Simon\Nextcloud\Project\Mauritania\Science\Arguin - FieldWork Data Processing\Data\S2\ACOLITE\2025-06-30,690,892,847,342525.0,2201055.0,0.17508257925510406,0.2098284214735031,0.2902758717536926,0.3452690541744232,0.3741782307624817,0.40383854508399963,0.4315759241580963,0.43205830454826355,0.4608539044857025,0.4251627027988434,0.2751249074935913
2025-06-30,Arel,ACOLITE,S2B_MSI_2025_06_30_11_45_58_T28QCH_L2W,C:\Users\Simon\Nextcloud\Project\Mauritania\Science\Arguin - FieldWork Data Processing\Data\S2\ACOLITE\2025-06-30,691,892,848,342535.0,2201055.0,0.17508281767368317,0.21034619212150574,0.2853580415248871,0.3509461581707001,0.3741837739944458,0.4038446843624115,0.4315824806690216,0.4353036880493164,0.46086063981056213,0.4251662492752075,0.2751275300979614
2025-06-30,Arel,ACOLITE,S2B_MSI_2025_06_30_11_45_58_T28QCH_L2W,C:\Users\Simon\Nextcloud\Project\Mauritania\Science\Arguin - FieldWork Data Processing\Data\S2\ACOLITE\2025-06-30,692,892,849,342545.0,2201055.0,0.1668977290391922,0.21567599475383759,0.2913943827152252,0.351642370223999,0.3767593801021576,0.4072941839694977,0.4362400472164154,0.4362165927886963,0.46558690071105957,0.4278154969215393,0.2778075635433197
2025-06-30,Arel,ACOLITE,S2B_MSI_2025_06_30_11_45_58_T28QCH_L2W,C:\Users\Simon\Nextcloud\Project\Mauritania\Science\Arguin - FieldWork Data Processing\Data\S2\ACOLITE\2025-06-30,693,892,850,342555.0,2201055.0,0.16689759492874146,0.2179083675146103,0.29488447308540344,0.35399582982063293,0.37676501274108887,0.4073004126548767,0.43624672293663025,0.4369998276233673,0.46559372544288635,0.42781907320022583,0.2778102159500122
2025-06-30,Arel,ACOLITE,S2B_MSI_2025_06_30_11_45_58_T28QCH_L2W,C:\Users\Simon\Nextcloud\Project\Mauritania\Science\Arguin - FieldWork Data Processing\Data\S2\ACOLITE\2025-06-30,694,892,851,342565.0,2201055.0,0.1668974757194519,0.2141336351633072,0.294572114944458,0.35607168078422546,0.37433576583862305,0.40571773052215576,0.434242844581604,0.44153472781181335,0.4641489088535309,0.42621228098869324,0.274161696434021
2025-06-30,Arel,ACOLITE,S2B_MSI_2025_06_30_11_45_58_T28QCH_L2W,C:\Users\Simon\Nextcloud\Project\Mauritania\Science\Arguin - FieldWork Data Processing\Data\S2\ACOLITE\2025-06-30,695,892,852,342575.0,2201055.0,0.16689734160900116,0.2088024914264679,0.29045549035072327,0.3501376211643219,0.37434133887290955,0.4057239294052124,0.43424949049949646,0.4389541745185852,0.46415573358535767,0.4262158274650574,0.2741643190383911
2025-06-30,Arel,ACOLITE,S2B_MSI_2025_06_30_11_45_58_T28QCH_L2W,C:\Users\Simon\Nextcloud\Project\Mauritania\Science\Arguin - FieldWork Data Processing\Data\S2\ACOLITE\2025-06-30,696,892,853,342585.0,2201055.0,0.1668972223997116,0.20380306243896484,0.2844243049621582,0.3408646285533905,0.3636379837989807,0.39498504996299744,0.42720991373062134,0.4333924949169159,0.4593198597431183,0.42391833662986755,0.27246278524398804
2025-06-30,Arel,ACOLITE,S2B_MSI_2025_06_30_11_45_58_T28QCH_L2W,C:\Users\Simon\Nextcloud\Project\Mauritania\Science\Arguin - FieldWork Data Processing\Data\S2\ACOLITE\2025-06-30,697,893,842,342475.0,2201045.0,0.12964017689228058,0.2154933661222458,0.2829514741897583,0.3376222848892212,0.3623609244823456,0.39664986729621887,0.42096710205078125,0.42294785380363464,0.4523407816886902,0.4112178087234497,0.27158376574516296
2025-06-30,Arel,ACOLITE,S2B_MSI_2025_06_30_11_45_58_T28QCH_L2W,C:\Users\Simon\Nextcloud\Project\Mauritania\Science\Arguin - FieldWork Data Processing\Data\S2\ACOLITE\2025-06-30,698,893,843,342485.0,2201045.0,0.17508122324943542,0.21515168249607086,0.28788143396377563,0.3422043025493622,0.36670902371406555,0.39745235443115234,0.42614150047302246,0.4290548264980316,0.45780327916145325,0.4138704836368561,0.26708200573921204
2025-06-30,Arel,ACOLITE,S2B_MSI_2025_06_30_11_45_58_T28QCH_L2W,C:\Users\Simon\Nextcloud\Project\Mauritania\Science\Arguin - FieldWork Data Processing\Data\S2\ACOLITE\2025-06-30,699,893,844,342495.0,2201045.0,0.17508147656917572,0.21188890933990479,0.28883787989616394,0.3484398424625397,0.36671438813209534,0.3974583148956299,0.4261479675769806,0.4367062747478485,0.4578099548816681,0.4138738811016083,0.2670845687389374
2025-06-30,Arel,ACOLITE,S2B_MSI_2025_06_30_11_45_58_T28QCH_L2W,C:\Users\Simon\Nextcloud\Project\Mauritania\Science\Arguin - FieldWork Data Processing\Data\S2\ACOLITE\2025-06-30,700,893,845,342505.0,2201045.0,0.17508171498775482,0.21378105878829956,0.2902699112892151,0.35065725445747375,0.37538808584213257,0.40383005142211914,0.4294280707836151,0.4360654056072235,0.46290239691734314,0.4213607609272003,0.27037423849105835
2025-06-30,Arel,ACOLITE,S2B_MSI_2025_06_30_11_45_58_T28QCH_L2W,C:\Users\Simon\Nextcloud\Project\Mauritania\Science\Arguin - FieldWork Data Processing\Data\S2\ACOLITE\2025-06-30,701,893,846,342515.0,2201045.0,0.17508196830749512,0.21137601137161255,0.29201820492744446,0.3505242168903351,0.37539368867874146,0.4038362205028534,0.429434597492218,0.4347768723964691,0.4629092216491699,0.42136427760124207,0.2703768312931061
2025-06-30,Arel,ACOLITE,S2B_MSI_2025_06_30_11_45_58_T28QCH_L2W,C:\Users\Simon\Nextcloud\Project\Mauritania\Science\Arguin - FieldWork Data Processing\Data\S2\ACOLITE\2025-06-30,702,893,847,342525.0,2201045.0,0.17508220672607422,0.2115495353937149,0.28948506712913513,0.34942343831062317,0.3741816580295563,0.40384235978126526,0.4315800368785858,0.4343946576118469,0.46085813641548157,0.4251650273799896,0.275126576423645
2025-06-30,Arel,ACOLITE,S2B_MSI_2025_06_30_11_45_58_T28QCH_L2W,C:\Users\Simon\Nextcloud\Project\Mauritania\Science\Arguin - FieldWork Data Processing\Data\S2\ACOLITE\2025-06-30,703,893,848,342535.0,2201045.0,0.17508246004581451,0.20845289528369904,0.28917190432548523,0.34970518946647644,0.3741872012615204,0.40384846925735474,0.4315865933895111,0.43414196372032166,0.4608648717403412,0.42516854405403137,0.2751292288303375
2025-06-30,Arel,ACOLITE,S2B_MSI_2025_06_30_11_45_58_T28QCH_L2W,C:\Users\Simon\Nextcloud\Project\Mauritania\Science\Arguin - FieldWork Data Processing\Data\S2\ACOLITE\2025-06-30,704,893,849,342545.0,2201045.0,0.16689710319042206,0.21413105726242065,0.291396826505661,0.35551226139068604,0.37676286697387695,0.4072980582714081,0.4362442195415497,0.43738576769828796,0.4655912220478058,0.42781785130500793,0.2778092622756958
2025-06-30,Arel,ACOLITE,S2B_MSI_2025_06_30_11_45_58_T28QCH_L2W,C:\Users\Simon\Nextcloud\Project\Mauritania\Science\Arguin - FieldWork Data Processing\Data\S2\ACOLITE\2025-06-30,705,893,850,342555.0,2201045.0,0.1668969690799713,0.21585005521774292,0.29567858576774597,0.35579362511634827,0.37676846981048584,0.4073042869567871,0.4362509548664093,0.4386864900588989,0.46559804677963257,0.42782142758369446,0.2778119444847107
2025-06-30,Arel,ACOLITE,S2B_MSI_2025_06_30_11_45_58_T28QCH_L2W,C:\Users\Simon\Nextcloud\Project\Mauritania\Science\Arguin - FieldWork Data Processing\Data\S2\ACOLITE\2025-06-30,706,893,851,342565.0,2201045.0,0.16689683496952057,0.21000687777996063,0.28759679198265076,0.35345205664634705,0.37433919310569763,0.40572160482406616,0.4342470169067383,0.43701034784317017,0.4641532003879547,0.42621463537216187,0.2741633951663971
2025-06-30,Arel,ACOLITE,S2B_MSI_2025_06_30_11_45_58_T28QCH_L2W,C:\Users\Simon\Nextcloud\Project\Mauritania\Science\Arguin - FieldWork Data Processing\Data\S2\ACOLITE\2025-06-30,707,894,842,342475.0,2201035.0,0.11284707486629486,0.20706696808338165,0.2753073573112488,0.3308160603046417,0.3533884584903717,0.38121703267097473,0.4130154252052307,0.4213925302028656,0.44530221819877625,0.409837543964386,0.2752368152141571
2025-06-30,Arel,ACOLITE,S2B_MSI_2025_06_30_11_45_58_T28QCH_L2W,C:\Users\Simon\Nextcloud\Project\Mauritania\Science\Arguin - FieldWork Data Processing\Data\S2\ACOLITE\2025-06-30,708,894,843,342485.0,2201035.0,0.1559315174818039,0.210856094956398,0.2853425145149231,0.33985021710395813,0.3664410412311554,0.3953315317630768,0.4251376986503601,0.4272425174713135,0.4540497064590454,0.4168667197227478,0.26890987157821655
2025-06-30,Arel,ACOLITE,S2B_MSI_2025_06_30_11_45_58_T28QCH_L2W,C:\Users\Simon\Nextcloud\Project\Mauritania\Science\Arguin - FieldWork Data Processing\Data\S2\ACOLITE\2025-06-30,709,894,844,342495.0,2201035.0,0.15593090653419495,0.21240529417991638,0.29137811064720154,0.34788963198661804,0.36644643545150757,0.3953374922275543,0.42514413595199585,0.43891042470932007,0.45405635237693787,0.41687020659446716,0.2689124345779419
2025-06-30,Arel,ACOLITE,S2B_MSI_2025_06_30_11_45_58_T28QCH_L2W,C:\Users\Simon\Nextcloud\Project\Mauritania\Science\Arguin - FieldWork Data Processing\Data\S2\ACOLITE\2025-06-30,710,894,845,342505.0,2201035.0,0.1559302806854248,0.2146405130624771,0.2975577414035797,0.35010749101638794,0.3730912208557129,0.4025086760520935,0.43031299114227295,0.43490397930145264,0.46193844079971313,0.4183703660964966,0.26745402812957764
2025-06-30,Arel,ACOLITE,S2B_MSI_2025_06_30_11_45_58_T28QCH_L2W,C:\Users\Simon\Nextcloud\Project\Mauritania\Science\Arguin - FieldWork Data Processing\Data\S2\ACOLITE\2025-06-30,711,894,846,342515.0,2201035.0,0.15592963993549347,0.2118925303220749,0.2926546037197113,0.3501127064228058,0.3730967938899994,0.4025147557258606,0.43031957745552063,0.43749991059303284,0.46194520592689514,0.41837385296821594,0.2674565613269806
2025-06-30,Arel,ACOLITE,S2B_MSI_2025_06_30_11_45_58_T28QCH_L2W,C:\Users\Simon\Nextcloud\Project\Mauritania\Science\Arguin - FieldWork Data Processing\Data\S2\ACOLITE\2025-06-30,712,894,847,342525.0,2201035.0,0.15592901408672333,0.2125818282365799,0.2901220917701721,0.34928828477859497,0.3722900450229645,0.4007972180843353,0.4294452369213104,0.43672966957092285,0.45831888914108276,0.4134257435798645,0.2636842727661133
2025-06-30,Arel,ACOLITE,S2B_MSI_2025_06_30_11_45_58_T28QCH_L2W,C:\Users\Simon\Nextcloud\Project\Mauritania\Science\Arguin - FieldWork Data Processing\Data\S2\ACOLITE\2025-06-30,713,894,848,342535.0,2201035.0,0.15592838823795319,0.21223953366279602,0.2947224974632263,0.3502613604068756,0.3722955882549286,0.4008032977581024,0.4294517934322357,0.4349232316017151,0.4583256244659424,0.4134292006492615,0.26368680596351624
2025-06-30,Arel,ACOLITE,S2B_MSI_2025_06_30_11_45_58_T28QCH_L2W,C:\Users\Simon\Nextcloud\Project\Mauritania\Science\Arguin - FieldWork Data Processing\Data\S2\ACOLITE\2025-06-30,714,894,849,342545.0,2201035.0,0.132808655500412,0.2156773954629898,0.2961515486240387,0.3530302941799164,0.37203025817871094,0.4025331139564514,0.43021339178085327,0.4336341917514801,0.45954373478889465,0.41066789627075195,0.2599136233329773
2025-06-30,Arel,ACOLITE,S2B_MSI_2025_06_30_11_45_58_T28QCH_L2W,C:\Users\Simon\Nextcloud\Project\Mauritania\Science\Arguin - FieldWork Data Processing\Data\S2\ACOLITE\2025-06-30,715,895,842,342475.0,2201025.0,0.11284481734037399,0.19687680900096893,0.26955923438072205,0.3216228783130646,0.35339152812957764,0.3812204897403717,0.4130192995071411,0.41749563813209534,0.4453062415122986,0.4098397493362427,0.2752384841442108
2025-06-30,Arel,ACOLITE,S2B_MSI_2025_06_30_11_45_58_T28QCH_L2W,C:\Users\Simon\Nextcloud\Project\Mauritania\Science\Arguin - FieldWork Data Processing\Data\S2\ACOLITE\2025-06-30,716,895,843,342485.0,2201025.0,0.15593057870864868,0.20413726568222046,0.2816871702671051,0.3351334035396576,0.36644431948661804,0.39533519744873047,0.42514169216156006,0.4243904650211334,0.4540538489818573,0.41686898469924927,0.26891154050827026
2025-06-30,Arel,ACOLITE,S2B_MSI_2025_06_30_11_45_58_T28QCH_L2W,C:\Users\Simon\Nextcloud\Project\Mauritania\Science\Arguin - FieldWork Data Processing\Data\S2\ACOLITE\2025-06-30,717,895,844,342495.0,2201025.0,0.15592995285987854,0.21292153000831604,0.2878902852535248,0.3433239758014679,0.3664496839046478,0.395341157913208,0.4251481592655182,0.43153268098831177,0.45406049489974976,0.41687244176864624,0.2689141035079956
2025-06-30,Arel,ACOLITE,S2B_MSI_2025_06_30_11_45_58_T28QCH_L2W,C:\Users\Simon\Nextcloud\Project\Mauritania\Science\Arguin - FieldWork Data Processing\Data\S2\ACOLITE\2025-06-30,718,895,845,342505.0,2201025.0,0.1559293121099472,0.2141258865594864,0.28837063908576965,0.34651410579681396,0.3730946183204651,0.40251246094703674,0.43031707406044006,0.4307612478733063,0.4619426727294922,0.41837263107299805,0.26745566725730896
2025-06-30,Arel,ACOLITE,S2B_MSI_2025_06_30_11_45_58_T28QCH_L2W,C:\Users\Simon\Nextcloud\Project\Mauritania\Science\Arguin - FieldWork Data Processing\Data\S2\ACOLITE\2025-06-30,719,895,846,342515.0,2201025.0,0.15592870116233826,0.2112051546573639,0.28964442014694214,0.3463808596134186,0.3731001615524292,0.4025185704231262,0.43032366037368774,0.43750396370887756,0.4619494676589966,0.4183761179447174,0.2674582004547119
2025-06-30,Arel,ACOLITE,S2B_MSI_2025_06_30_11_45_58_T28QCH_L2W,C:\Users\Simon\Nextcloud\Project\Mauritania\Science\Arguin - FieldWork Data Processing\Data\S2\ACOLITE\2025-06-30,720,895,847,342525.0,2201025.0,0.15592807531356812,0.21361368894577026,0.29075899720191956,0.3458321988582611,0.3722934126853943,0.4008009731769562,0.42944931983947754,0.43297749757766724,0.4583231508731842,0.41342800855636597,0.2636858820915222
2025-06-30,Arel,ACOLITE,S2B_MSI_2025_06_30_11_45_58_T28QCH_L2W,C:\Users\Simon\Nextcloud\Project\Mauritania\Science\Arguin - FieldWork Data Processing\Data\S2\ACOLITE\2025-06-30,721,896,842,342475.0,2201015.0,0.11284258961677551,0.19393178820610046,0.26732137799263,0.31939199566841125,0.34971532225608826,0.37842175364494324,0.40783607959747314,0.4160681366920471,0.4440947473049164,0.40845921635627747,0.28205427527427673
2025-06-30,Arel,ACOLITE,S2B_MSI_2025_06_30_11_45_58_T28QCH_L2W,C:\Users\Simon\Nextcloud\Project\Mauritania\Science\Arguin - FieldWork Data Processing\Data\S2\ACOLITE\2025-06-30,722,896,843,342485.0,2201015.0,0.15592961013317108,0.20051081478595734,0.2710035741329193,0.3267890214920044,0.3553057909011841,0.38669392466545105,0.4145461320877075,0.4165947139263153,0.4490826427936554,0.4147985279560089,0.269643634557724
2025-06-30,Arel,ACOLITE,S2B_MSI_2025_06_30_11_45_58_T28QCH_L2W,C:\Users\Simon\Nextcloud\Project\Mauritania\Science\Arguin - FieldWork Data Processing\Data\S2\ACOLITE\2025-06-30,723,896,844,342495.0,2201015.0,0.15592899918556213,0.20913764834403992,0.28328433632850647,0.33680787682533264,0.3553108870983124,0.3866996765136719,0.41455233097076416,0.42582884430885315,0.4490891695022583,0.41480201482772827,0.26964622735977173
2025-06-30,Arel,ACOLITE,S2B_MSI_2025_06_30_11_45_58_T28QCH_L2W,C:\Users\Simon\Nextcloud\Project\Mauritania\Science\Arguin - FieldWork Data Processing\Data\S2\ACOLITE\2025-06-30,724,896,845,342505.0,2201015.0,0.155928373336792,0.21378295123577118,0.28773805499076843,0.3418075144290924,0.3651016056537628,0.39455366134643555,0.4249066710472107,0.43128377199172974,0.45310091972351074,0.4070865213871002,0.2620992660522461
2025-06-30,Arel,ACOLITE,S2B_MSI_2025_06_30_11_45_58_T28QCH_L2W,C:\Users\Simon\Nextcloud\Project\Mauritania\Science\Arguin - FieldWork Data Processing\Data\S2\ACOLITE\2025-06-30,725,896,846,342515.0,2201015.0,0.15592774748802185,0.21120575070381165,0.2885359525680542,0.34499943256378174,0.3651069402694702,0.3945596218109131,0.42491310834884644,0.43064185976982117,0.4531075358390808,0.40708988904953003,0.26210176944732666
2025-06-30,Arel,ACOLITE,S2B_MSI_2025_06_30_11_45_58_T28QCH_L2W,C:\Users\Simon\Nextcloud\Project\Mauritania\Science\Arguin - FieldWork Data Processing\Data\S2\ACOLITE\2025-06-30,726,897,842,342475.0,2201005.0,0.11284033209085464,0.19653089344501495,0.2681235074996948,0.31939461827278137,0.3497183322906494,0.3784251809120178,0.407839834690094,0.41307756304740906,0.4440987706184387,0.40846145153045654,0.2820560038089752
2025-06-30,Arel,ACOLITE,S2B_MSI_2025_06_30_11_45_58_T28QCH_L2W,C:\Users\Simon\Nextcloud\Project\Mauritania\Science\Arguin - FieldWork Data Processing\Data\S2\ACOLITE\2025-06-30,727,897,843,342485.0,2201005.0,0.15592865645885468,0.1899413764476776,0.2602739632129669,0.3187006711959839,0.3553088903427124,0.3866974711418152,0.41454997658729553,0.410999059677124,0.4490867257118225,0.41480082273483276,0.2696452736854553
2025-06-30,Arel,ACOLITE,S2B_MSI_2025_06_30_11_45_58_T28QCH_L2W,C:\Users\Simon\Nextcloud\Project\Mauritania\Science\Arguin - FieldWork Data Processing\Data\S2\ACOLITE\2025-06-30,728,897,844,342495.0,2201005.0,0.15592806041240692,0.1991288661956787,0.2724473178386688,0.326517790555954,0.3553140163421631,0.386703222990036,0.41455620527267456,0.42141634225845337,0.4490932524204254,0.41480427980422974,0.26964786648750305
2025-06-30,Arel,ACOLITE,S2B_MSI_2025_06_30_11_45_58_T28QCH_L2W,C:\Users\Simon\Nextcloud\Project\Mauritania\Science\Arguin - FieldWork Data Processing\Data\S2\ACOLITE\2025-06-30,729,898,842,342475.0,2200995.0,0.11283807456493378,0.19930002093315125,0.2710040211677551,0.32344457507133484,0.34439918398857117,0.3802970349788666,0.40645065903663635,0.418287456035614,0.44130566716194153,0.40592819452285767,0.2776774764060974
2025-06-30,Iwik,ACOLITE,S2B_MSI_2025_06_30_11_45_58_T28QCH_L2W,C:\Users\Simon\Nextcloud\Project\Mauritania\Science\Arguin - FieldWork Data Processing\Data\S2\ACOLITE\2025-06-30,0,1015,2943,363485.0,2199825.0,0.1585680991411209,0.2164354920387268,0.3260941207408905,0.4430449306964874,0.4531548321247101,0.4818551242351532,0.5068039298057556,0.49819251894950867,0.5280186533927917,0.5911668539047241,0.5376707911491394
2025-06-30,Iwik,ACOLITE,S2B_MSI_2025_06_30_11_45_58_T28QCH_L2W,C:\Users\Simon\Nextcloud\Project\Mauritania\Science\Arguin - FieldWork Data Processing\Data\S2\ACOLITE\2025-06-30,1,1015,2944,363495.0,2199825.0,0.15857096016407013,0.21464130282402039,0.33014896512031555,0.4427662789821625,0.45315226912498474,0.4818522334098816,0.5068008899688721,0.5002747178077698,0.5280155539512634,0.5911644101142883,0.5376682877540588
2025-06-30,Iwik,ACOLITE,S2B_MSI_2025_06_30_11_45_58_T28QCH_L2W,C:\Users\Simon\Nextcloud\Project\Mauritania\Science\Arguin - FieldWork Data Processing\Data\S2\ACOLITE\2025-06-30,2,1016,2942,363475.0,2199815.0,0.16083607077598572,0.21607491374015808,0.3270653188228607,0.441937118768692,0.4531514048576355,0.4790607988834381,0.5074310898780823,0.49388474225997925,0.5263112783432007,0.5897933840751648,0.537183403968811
2025-06-30,Iwik,ACOLITE,S2B_MSI_2025_06_30_11_45_58_T28QCH_L2W,C:\Users\Simon\Nextcloud\Project\Mauritania\Science\Arguin - FieldWork Data Processing\Data\S2\ACOLITE\2025-06-30,3,1016,2943,363485.0,2199815.0,0.15856994688510895,0.2153579592704773,0.3249531388282776,0.4423486292362213,0.4532844126224518,0.47958970069885254,0.5059138536453247,0.4921848773956299,0.5235074162483215,0.5884193778038025,0.5341472625732422
2025-06-30,Iwik,ACOLITE,S2B_MSI_2025_06_30_11_45_58_T28QCH_L2W,C:\Users\Simon\Nextcloud\Project\Mauritania\Science\Arguin - FieldWork Data Processing\Data\S2\ACOLITE\2025-06-30,4,1016,2944,363495.0,2199815.0,0.15857280790805817,0.21410195529460907,0.3234895169734955,0.4387546181678772,0.45328181982040405,0.4795868694782257,0.5059107542037964,0.4951838254928589,0.5235043168067932,0.5884169340133667,0.5341448187828064
2025-06-30,Iwik,ACOLITE,S2B_MSI_2025_06_30_11_45_58_T28QCH_L2W,C:\Users\Simon\Nextcloud\Project\Mauritania\Science\Arguin - FieldWork Data Processing\Data\S2\ACOLITE\2025-06-30,5,1016,2945,363505.0,2199815.0,0.15857569873332977,0.21805159747600555,0.3277108669281006,0.44537875056266785,0.4562615156173706,0.4835691452026367,0.5078002214431763,0.5024794340133667,0.5287356376647949,0.5925287008285522,0.5380252599716187
2025-06-30,Iwik,ACOLITE,S2B_MSI_2025_06_30_11_45_58_T28QCH_L2W,C:\Users\Simon\Nextcloud\Project\Mauritania\Science\Arguin - FieldWork Data Processing\Data\S2\ACOLITE\2025-06-30,6,1016,2946,363515.0,2199815.0,0.158578559756279,0.21930742263793945,0.32916954159736633,0.44868361949920654,0.4562588632106781,0.4835662245750427,0.507797122001648,0.5018254518508911,0.5287325382232666,0.5925262570381165,0.5380228161811829
2025-06-30,Iwik,ACOLITE,S2B_MSI_2025_06_30_11_45_58_T28QCH_L2W,C:\Users\Simon\Nextcloud\Project\Mauritania\Science\Arguin - FieldWork Data Processing\Data\S2\ACOLITE\2025-06-30,7,1016,2947,363525.0,2199815.0,0.1585814356803894,0.21625998616218567,0.3322472870349884,0.45102137327194214,0.460182785987854,0.48661521077156067,0.5127094984054565,0.503645122051239,0.5333491563796997,0.5946944355964661,0.5416597723960876
2025-06-30,Iwik,ACOLITE,S2B_MSI_2025_06_30_11_45_58_T28QCH_L2W,C:\Users\Simon\Nextcloud\Project\Mauritania\Science\Arguin - FieldWork Data Processing\Data\S2\ACOLITE\2025-06-30,8,1017,2941,363465.0,2199805.0,0.16083501279354095,0.21894307434558868,0.33144089579582214,0.4413812458515167,0.4531480073928833,0.479057252407074,0.5074273943901062,0.5004010200500488,0.5263077616691589,0.5897914171218872,0.5371813774108887
2025-06-30,Iwik,ACOLITE,S2B_MSI_2025_06_30_11_45_58_T28QCH_L2W,C:\Users\Simon\Nextcloud\Project\Mauritania\Science\Arguin - FieldWork Data Processing\Data\S2\ACOLITE\2025-06-30,9,1017,2942,363475.0,2199805.0,0.16083785891532898,0.2216310054063797,0.3278726637363434,0.4430352449417114,0.4531453549861908,0.47905439138412476,0.5074242949485779,0.49753087759017944,0.5263046622276306,0.5897890329360962,0.5371788740158081
2025-06-30,Iwik,ACOLITE,S2B_MSI_2025_06_30_11_45_58_T28QCH_L2W,C:\Users\Simon\Nextcloud\Project\Mauritania\Science\Arguin - FieldWork Data Processing\Data\S2\ACOLITE\2025-06-30,10,1017,2943,363485.0,2199805.0,0.15857180953025818,0.21840742230415344,0.3252740204334259,0.4413760304450989,0.4532783627510071,0.4795832633972168,0.5059070587158203,0.4963543713092804,0.5235008001327515,0.5884149670600891,0.5341427326202393
2025-06-30,Iwik,ACOLITE,S2B_MSI_2025_06_30_11_45_58_T28QCH_L2W,C:\Users\Simon\Nextcloud\Project\Mauritania\Science\Arguin - FieldWork Data Processing\Data\S2\ACOLITE\2025-06-30,11,1017,2944,363495.0,2199805.0,0.1585746705532074,0.214819997549057,0.32316043972969055,0.4394395351409912,0.45327576994895935,0.4795804023742676,0.5059040188789368,0.49282848834991455,0.5234977006912231,0.5884125828742981,0.5341402292251587
2025-06-30,Iwik,ACOLITE,S2B_MSI_2025_06_30_11_45_58_T28QCH_L2W,C:\Users\Simon\Nextcloud\Project\Mauritania\Science\Arguin - FieldWork Data Processing\Data\S2\ACOLITE\2025-06-30,12,1017,2945,363505.0,2199805.0,0.158577561378479,0.2169749140739441,0.3257589340209961,0.4453725516796112,0.45625534653663635,0.4835626482963562,0.5077934265136719,0.5001286864280701,0.5287289619445801,0.5925242304801941,0.5380207300186157
2025-06-30,Iwik,ACOLITE,S2B_MSI_2025_06_30_11_45_58_T28QCH_L2W,C:\Users\Simon\Nextcloud\Project\Mauritania\Science\Arguin - FieldWork Data Processing\Data\S2\ACOLITE\2025-06-30,13,1017,2946,363515.0,2199805.0,0.15858042240142822,0.21984432637691498,0.3301381468772888,0.45101773738861084,0.45625272393226624,0.4835596978664398,0.5077903270721436,0.4993439316749573,0.528725802898407,0.5925217866897583,0.5380182266235352
2025-06-30,Iwik,ACOLITE,S2B_MSI_2025_06_30_11_45_58_T28QCH_L2W,C:\Users\Simon\Nextcloud\Project\Mauritania\Science\Arguin - FieldWork Data Processing\Data\S2\ACOLITE\2025-06-30,14,1017,2947,363525.0,2199805.0,0.15858329832553864,0.22109898924827576,0.33321455121040344,0.4506021738052368,0.460176557302475,0.4866085648536682,0.5127025842666626,0.5067609548568726,0.5333423018455505,0.5946899652481079,0.5416551232337952
2025-06-30,Iwik,ACOLITE,S2B_MSI_2025_06_30_11_45_58_T28QCH_L2W,C:\Users\Simon\Nextcloud\Project\Mauritania\Science\Arguin - FieldWork Data Processing\Data\S2\ACOLITE\2025-06-30,15,1017,2948,363535.0,2199805.0,0.15858618915081024,0.21895049512386322,0.33207982778549194,0.45018649101257324,0.4601738452911377,0.48660561442375183,0.5126994252204895,0.5064979195594788,0.5333390831947327,0.5946875214576721,0.5416526198387146
2025-06-30,Iwik,ACOLITE,S2B_MSI_2025_06_30_11_45_58_T28QCH_L2W,C:\Users\Simon\Nextcloud\Project\Mauritania\Science\Arguin - FieldWork Data Processing\Data\S2\ACOLITE\2025-06-30,16,1017,2949,363545.0,2199805.0,0.16106367111206055,0.21984745562076569,0.33531537652015686,0.45376044511795044,0.46557843685150146,0.48859137296676636,0.5164723992347717,0.5100045800209045,0.5357650518417358,0.5990246534347534,0.5474715232849121
2025-06-30,Iwik,ACOLITE,S2B_MSI_2025_06_30_11_45_58_T28QCH_L2W,C:\Users\Simon\Nextcloud\Project\Mauritania\Science\Arguin - FieldWork Data Processing\Data\S2\ACOLITE\2025-06-30,17,1017,2950,363555.0,2199805.0,0.161066472530365,0.2211020141839981,0.33385801315307617,0.45719245076179504,0.4655756950378418,0.4885883927345276,0.5164691805839539,0.5054513216018677,0.535761833190918,0.5990222096443176,0.5474690198898315
2025-06-30,Iwik,ACOLITE,S2B_MSI_2025_06_30_11_45_58_T28QCH_L2W,C:\Users\Simon\Nextcloud\Project\Mauritania\Science\Arguin - FieldWork Data Processing\Data\S2\ACOLITE\2025-06-30,18,1018,2940,363455.0,2199795.0,0.1608339548110962,0.2209121286869049,0.33176201581954956,0.4422062039375305,0.45450064539909363,0.4822428524494171,0.5101978778839111,0.5005279183387756,0.5292246341705322,0.5910465717315674,0.5406976938247681
2025-06-30,Iwik,ACOLITE,S2B_MSI_2025_06_30_11_45_58_T28QCH_L2W,C:\Users\Simon\Nextcloud\Project\Mauritania\Science\Arguin - FieldWork Data Processing\Data\S2\ACOLITE\2025-06-30,19,1018,2941,363465.0,2199795.0,0.16083678603172302,0.21840469539165497,0.3290053606033325,0.445376992225647,0.4544979929924011,0.48117727041244507,0.508051335811615,0.4997432231903076,0.5293431282043457,0.5909298658370972,0.5396033525466919
2025-06-30,Iwik,ACOLITE,S2B_MSI_2025_06_30_11_45_58_T28QCH_L2W,C:\Users\Simon\Nextcloud\Project\Mauritania\Science\Arguin - FieldWork Data Processing\Data\S2\ACOLITE\2025-06-30,20,1018,2942,363475.0,2199795.0,0.16083960235118866,0.21732984483242035,0.3311114013195038,0.44592583179473877,0.4544953405857086,0.4811743497848511,0.5080482363700867,0.5027359127998352,0.5293399691581726,0.5909274220466614,0.5396008491516113
2025-06-30,Iwik,ACOLITE,S2B_MSI_2025_06_30_11_45_58_T28QCH_L2W,C:\Users\Simon\Nextcloud\Project\Mauritania\Science\Arguin - FieldWork Data Processing\Data\S2\ACOLITE\2025-06-30,21,1018,2943,363485.0,2199795.0,0.1585736721754074,0.21786898374557495,0.32867851853370667,0.44357848167419434,0.45286545157432556,0.4783802926540375,0.506026566028595,0.4986948072910309,0.5217884182929993,0.5898965001106262,0.5358371734619141
2025-06-30,Iwik,ACOLITE,S2B_MSI_2025_06_30_11_45_58_T28QCH_L2W,C:\Users\Simon\Nextcloud\Project\Mauritania\Science\Arguin - FieldWork Data Processing\Data\S2\ACOLITE\2025-06-30,22,1018,2944,363495.0,2199795.0,0.15857653319835663,0.2175114005804062,0.32737940549850464,0.44191959500312805,0.45286282896995544,0.47837746143341064,0.5060234665870667,0.49308326840400696,0.5217853784561157,0.5898940563201904,0.5358346700668335
2025-06-30,Iwik,ACOLITE,S2B_MSI_2025_06_30_11_45_58_T28QCH_L2W,C:\Users\Simon\Nextcloud\Project\Mauritania\Science\Arguin - FieldWork Data Processing\Data\S2\ACOLITE\2025-06-30,23,1018,2945,363505.0,2199795.0,0.15857940912246704,0.21392260491847992,0.3267289698123932,0.44164085388183594,0.45435184240341187,0.4794381558895111,0.5055155158042908,0.4947769045829773,0.522026002407074,0.5902344584465027,0.5364388227462769
2025-06-30,Iwik,ACOLITE,S2B_MSI_2025_06_30_11_45_58_T28QCH_L2W,C:\Users\Simon\Nextcloud\Project\Mauritania\Science\Arguin - FieldWork Data Processing\Data\S2\ACOLITE\2025-06-30,24,1018,2946,363515.0,2199795.0,0.15858229994773865,0.21769291162490845,0.32640311121940613,0.44426029920578003,0.45434924960136414,0.4794352650642395,0.5055124759674072,0.49842527508735657,0.5220228433609009,0.5902320146560669,0.5364363193511963
2025-06-30,Iwik,ACOLITE,S2B_MSI_2025_06_30_11_45_58_T28QCH_L2W,C:\Users\Simon\Nextcloud\Project\Mauritania\Science\Arguin - FieldWork Data Processing\Data\S2\ACOLITE\2025-06-30,25,1018,2947,363525.0,2199795.0,0.15858517587184906,0.21966558694839478,0.3317529857158661,0.44577455520629883,0.45908769965171814,0.48540815711021423,0.5114359855651855,0.5032416582107544,0.5312695503234863,0.5937716364860535,0.5397096276283264
2025-06-30,Iwik,ACOLITE,S2B_MSI_2025_06_30_11_45_58_T28QCH_L2W,C:\Users\Simon\Nextcloud\Project\Mauritania\Science\Arguin - FieldWork Data Processing\Data\S2\ACOLITE\2025-06-30,26,1018,2948,363535.0,2199795.0,0.15858806669712067,0.221815288066864,0.3322375416755676,0.4530692994594574,0.45908498764038086,0.48540520668029785,0.5114328861236572,0.5054507851600647,0.5312663316726685,0.5937691926956177,0.5397070646286011
2025-06-30,Iwik,ACOLITE,S2B_MSI_2025_06_30_11_45_58_T28QCH_L2W,C:\Users\Simon\Nextcloud\Project\Mauritania\Science\Arguin - FieldWork Data Processing\Data\S2\ACOLITE\2025-06-30,27,1018,2949,363545.0,2199795.0,0.16106542944908142,0.2218163013458252,0.3340168297290802,0.45416632294654846,0.4621937572956085,0.4899097979068756,0.5186032652854919,0.5112968683242798,0.5326000452041626,0.5977641940116882,0.5441925525665283
2025-06-30,Iwik,ACOLITE,S2B_MSI_2025_06_30_11_45_58_T28QCH_L2W,C:\Users\Simon\Nextcloud\Project\Mauritania\Science\Arguin - FieldWork Data Processing\Data\S2\ACOLITE\2025-06-30,28,1018,2950,363555.0,2199795.0,0.16106824576854706,0.22128036618232727,0.3328825831413269,0.4552629888057709,0.46219101548194885,0.48990675806999207,0.5185999870300293,0.5040135979652405,0.5325968861579895,0.5977617502212524,0.5441900491714478
2025-06-30,Iwik,ACOLITE,S2B_MSI_2025_06_30_11_45_58_T28QCH_L2W,C:\Users\Simon\Nextcloud\Project\Mauritania\Science\Arguin - FieldWork Data Processing\Data\S2\ACOLITE\2025-06-30,29,1018,2951,363565.0,2199795.0,0.1610710769891739,0.21966975927352905,0.3359551429748535,0.4569084346294403,0.46340489387512207,0.49056607484817505,0.5130608081817627,0.5105113983154297,0.5345374345779419,0.5959320664405823,0.5412765145301819
2025-06-30,Iwik,ACOLITE,S2B_MSI_2025_06_30_11_45_58_T28QCH_L2W,C:\Users\Simon\Nextcloud\Project\Mauritania\Science\Arguin - FieldWork Data Processing\Data\S2\ACOLITE\2025-06-30,30,1018,2952,363575.0,2199795.0,0.16107389330863953,0.22002902626991272,0.33465999364852905,0.4548451602458954,0.4634021520614624,0.4905630946159363,0.5130575895309448,0.5034869909286499,0.5345341563224792,0.5959296226501465,0.5412740111351013
2025-06-30,Iwik,ACOLITE,S2B_MSI_2025_06_30_11_45_58_T28QCH_L2W,C:\Users\Simon\Nextcloud\Project\Mauritania\Science\Arguin - FieldWork Data Processing\Data\S2\ACOLITE\2025-06-30,31,1019,2940,363455.0,2199785.0,0.16083572804927826,0.21965765953063965,0.3309478163719177,0.44413214921951294,0.45449456572532654,0.482236385345459,0.5101910829544067,0.4981759190559387,0.5292180180549622,0.5910422205924988,0.5406931638717651
2025-06-30,Iwik,ACOLITE,S2B_MSI_2025_06_30_11_45_58_T28QCH_L2W,C:\Users\Simon\Nextcloud\Project\Mauritania\Science\Arguin - FieldWork Data Processing\Data\S2\ACOLITE\2025-06-30,32,1019,2941,363465.0,2199785.0,0.1608385443687439,0.21750757098197937,0.32997405529022217,0.44688722491264343,0.4544919431209564,0.48117080330848694,0.5080446004867554,0.4937383234500885,0.5293364524841309,0.5909254550933838,0.539598822593689
2025-06-30,Iwik,ACOLITE,S2B_MSI_2025_06_30_11_45_58_T28QCH_L2W,C:\Users\Simon\Nextcloud\Project\Mauritania\Science\Arguin - FieldWork Data Processing\Data\S2\ACOLITE\2025-06-30,33,1019,2942,363475.0,2199785.0,0.16084136068820953,0.2205553501844406,0.3311072587966919,0.4459196627140045,0.45448926091194153,0.48116791248321533,0.5080414414405823,0.49830037355422974,0.529333233833313,0.590923011302948,0.5395963191986084
2025-06-30,Iwik,ACOLITE,S2B_MSI_2025_06_30_11_45_58_T28QCH_L2W,C:\Users\Simon\Nextcloud\Project\Mauritania\Science\Arguin - FieldWork Data Processing\Data\S2\ACOLITE\2025-06-30,34,1019,2943,363485.0,2199785.0,0.15857551991939545,0.2189439982175827,0.33402058482170105,0.44536542892456055,0.45285940170288086,0.4783739149570465,0.5060198307037354,0.49686333537101746,0.521781861782074,0.5898920893669128,0.5358325839042664
2025-06-30,Iwik,ACOLITE,S2B_MSI_2025_06_30_11_45_58_T28QCH_L2W,C:\Users\Simon\Nextcloud\Project\Mauritania\Science\Arguin - FieldWork Data Processing\Data\S2\ACOLITE\2025-06-30,35,1019,2944,363495.0,2199785.0,0.15857838094234467,0.21858659386634827,0.3301323354244232,0.445638507604599,0.45285677909851074,0.4783710241317749,0.506016731262207,0.49177148938179016,0.5217787623405457,0.589889645576477,0.5358300805091858
2025-06-30,Iwik,ACOLITE,S2B_MSI_2025_06_30_11_45_58_T28QCH_L2W,C:\Users\Simon\Nextcloud\Project\Mauritania\Science\Arguin - FieldWork Data Processing\Data\S2\ACOLITE\2025-06-30,36,1019,2945,363505.0,2199785.0,0.15858128666877747,0.21410182118415833,0.32704952359199524,0.4431530237197876,0.4543457627296448,0.47943171858787537,0.5055087804794312,0.4959445893764496,0.5220193862915039,0.5902300477027893,0.5364342927932739
2025-06-30,Iwik,ACOLITE,S2B_MSI_2025_06_30_11_45_58_T28QCH_L2W,C:\Users\Simon\Nextcloud\Project\Mauritania\Science\Arguin - FieldWork Data Processing\Data\S2\ACOLITE\2025-06-30,37,1019,2946,363515.0,2199785.0,0.15858416259288788,0.21930557489395142,0.326399028301239,0.44025102257728577,0.45434311032295227,0.47942882776260376,0.5055056810379028,0.4978974759578705,0.5220162272453308,0.5902276039123535,0.5364317893981934
2025-06-30,Iwik,ACOLITE,S2B_MSI_2025_06_30_11_45_58_T28QCH_L2W,C:\Users\Simon\Nextcloud\Project\Mauritania\Science\Arguin - FieldWork Data Processing\Data\S2\ACOLITE\2025-06-30,38,1019,2947,363525.0,2199785.0,0.1585870385169983,0.2173347771167755,0.33417707681655884,0.4425956904888153,0.4590815007686615,0.48540154099464417,0.5114291310310364,0.49646034836769104,0.5312627553939819,0.5937671661376953,0.5397050380706787
2025-06-30,Iwik,ACOLITE,S2B_MSI_2025_06_30_11_45_58_T28QCH_L2W,C:\Users\Simon\Nextcloud\Project\Mauritania\Science\Arguin - FieldWork Data Processing\Data\S2\ACOLITE\2025-06-30,39,1019,2948,363535.0,2199785.0,0.1585899144411087,0.2187700718641281,0.3333665728569031,0.4525127708911896,0.45907875895500183,0.4853985905647278,0.5114259719848633,0.5029718279838562,0.5312595963478088,0.5937646627426147,0.5397024750709534
2025-06-30,Iwik,ACOLITE,S2B_MSI_2025_06_30_11_45_58_T28QCH_L2W,C:\Users\Simon\Nextcloud\Project\Mauritania\Science\Arguin - FieldWork Data Processing\Data\S2\ACOLITE\2025-06-30,40,1019,2949,363545.0,2199785.0,0.1610671877861023,0.22145766019821167,0.33158421516418457,0.4516846835613251,0.4621874690055847,0.489903062582016,0.5185961723327637,0.5075219869613647,0.5325932502746582,0.5977597236633301,0.5441879034042358
2025-06-30,Iwik,ACOLITE,S2B_MSI_2025_06_30_11_45_58_T28QCH_L2W,C:\Users\Simon\Nextcloud\Project\Mauritania\Science\Arguin - FieldWork Data Processing\Data\S2\ACOLITE\2025-06-30,41,1019,2950,363555.0,2199785.0,0.16107003390789032,0.22127968072891235,0.33336392045021057,0.4537447392940521,0.46218475699424744,0.48990005254745483,0.5185929536819458,0.506608784198761,0.5325900316238403,0.5977572202682495,0.5441854000091553
2025-06-30,Iwik,ACOLITE,S2B_MSI_2025_06_30_11_45_58_T28QCH_L2W,C:\Users\Simon\Nextcloud\Project\Mauritania\Science\Arguin - FieldWork Data Processing\Data\S2\ACOLITE\2025-06-30,42,1019,2951,363565.0,2199785.0,0.16107285022735596,0.22289098799228668,0.33417171239852905,0.45167917013168335,0.4633985757827759,0.49055933952331543,0.513053834438324,0.5050449371337891,0.534530520439148,0.5959275960922241,0.5412719249725342
2025-06-30,Iwik,ACOLITE,S2B_MSI_2025_06_30_11_45_58_T28QCH_L2W,C:\Users\Simon\Nextcloud\Project\Mauritania\Science\Arguin - FieldWork Data Processing\Data\S2\ACOLITE\2025-06-30,43,1019,2952,363575.0,2199785.0,0.1610756516456604,0.22235535085201263,0.3341703414916992,0.4520891010761261,0.4633958339691162,0.4905563294887543,0.5130506753921509,0.5051720142364502,0.5345273017883301,0.5959250926971436,0.5412693619728088
2025-06-30,Iwik,ACOLITE,S2B_MSI_2025_06_30_11_45_58_T28QCH_L2W,C:\Users\Simon\Nextcloud\Project\Mauritania\Science\Arguin - FieldWork Data Processing\Data\S2\ACOLITE\2025-06-30,44,1020,2939,363445.0,2199775.0,0.16392414271831512,0.2189391851425171,0.33337435126304626,0.4475754499435425,0.45720139145851135,0.48249849677085876,0.5130852460861206,0.5023414492607117,0.5301874876022339,0.5914973616600037,0.5382648706436157
2025-06-30,Iwik,ACOLITE,S2B_MSI_2025_06_30_11_45_58_T28QCH_L2W,C:\Users\Simon\Nextcloud\Project\Mauritania\Science\Arguin - FieldWork Data Processing\Data\S2\ACOLITE\2025-06-30,45,1020,2940,363455.0,2199775.0,0.163926899433136,0.2173265963792801,0.3322395384311676,0.44398799538612366,0.4571986794471741,0.4824955463409424,0.5130820274353027,0.49986374378204346,0.530184268951416,0.5914949178695679,0.5382623076438904
2025-06-30,Iwik,ACOLITE,S2B_MSI_2025_06_30_11_45_58_T28QCH_L2W,C:\Users\Simon\Nextcloud\Project\Mauritania\Science\Arguin - FieldWork Data Processing\Data\S2\ACOLITE\2025-06-30,46,1020,2941,363465.0,2199775.0,0.16392967104911804,0.22144894301891327,0.33013203740119934,0.44550246000289917,0.4584147334098816,0.4828909933567047,0.5123231410980225,0.4949064254760742,0.5289648771286011,0.5918352603912354,0.5387450456619263
2025-06-30,Iwik,ACOLITE,S2B_MSI_2025_06_30_11_45_58_T28QCH_L2W,C:\Users\Simon\Nextcloud\Project\Mauritania\Science\Arguin - FieldWork Data Processing\Data\S2\ACOLITE\2025-06-30,47,1020,2942,363475.0,2199775.0,0.16393239796161652,0.22055469453334808,0.3322369158267975,0.4446724057197571,0.4584120213985443,0.48288804292678833,0.5123199224472046,0.4981636703014374,0.528961718082428,0.5918327569961548,0.5387425422668457
2025-06-30,Iwik,ACOLITE,S2B_MSI_2025_06_30_11_45_58_T28QCH_L2W,C:\Users\Simon\Nextcloud\Project\Mauritania\Science\Arguin - FieldWork Data Processing\Data\S2\ACOLITE\2025-06-30,48,1020,2943,363485.0,2199775.0,0.16105204820632935,0.21732985973358154,0.32850807905197144,0.4427381157875061,0.455971360206604,0.480228453874588,0.5100488066673279,0.49490055441856384,0.5295665860176086,0.5912589430809021,0.5383760333061218
2025-06-30,Iwik,ACOLITE,S2B_MSI_2025_06_30_11_45_58_T28QCH_L2W,C:\Users\Simon\Nextcloud\Project\Mauritania\Science\Arguin - FieldWork Data Processing\Data\S2\ACOLITE\2025-06-30,49,1020,2944,363495.0,2199775.0,0.16105489432811737,0.21822750568389893,0.32769575715065,0.44577017426490784,0.4559686779975891,0.4802255630493164,0.5100456476211548,0.49437573552131653,0.5295634269714355,0.5912564992904663,0.5383735299110413
2025-06-30,Iwik,ACOLITE,S2B_MSI_2025_06_30_11_45_58_T28QCH_L2W,C:\Users\Simon\Nextcloud\Project\Mauritania\Science\Arguin - FieldWork Data Processing\Data\S2\ACOLITE\2025-06-30,50,1020,2945,363505.0,2199775.0,0.16105769574642181,0.2180493026971817,0.32947853207588196,0.445078045129776,0.45501741766929626,0.4811526834964752,0.5078991055488586,0.4977637529373169,0.5231092572212219,0.5904541611671448,0.5371577739715576
2025-06-30,Iwik,ACOLITE,S2B_MSI_2025_06_30_11_45_58_T28QCH_L2W,C:\Users\Simon\Nextcloud\Project\Mauritania\Science\Arguin - FieldWork Data Processing\Data\S2\ACOLITE\2025-06-30,51,1020,2946,363515.0,2199775.0,0.16106051206588745,0.21715378761291504,0.32834216952323914,0.4446616470813751,0.45501473546028137,0.4811497926712036,0.5078960061073303,0.4973696768283844,0.5231061577796936,0.5904516577720642,0.5371552109718323
2025-06-30,Iwik,ACOLITE,S2B_MSI_2025_06_30_11_45_58_T28QCH_L2W,C:\Users\Simon\Nextcloud\Project\Mauritania\Science\Arguin - FieldWork Data Processing\Data\S2\ACOLITE\2025-06-30,52,1020,2947,363525.0,2199775.0,0.1610633283853531,0.218947634100914,0.3291517496109009,0.4505830705165863,0.4577215313911438,0.4851296544075012,0.5099100470542908,0.5001034736633301,0.5263906717300415,0.5914776921272278,0.5366673469543457
2025-06-30,Iwik,ACOLITE,S2B_MSI_2025_06_30_11_45_58_T28QCH_L2W,C:\Users\Simon\Nextcloud\Project\Mauritania\Science\Arguin - FieldWork Data Processing\Data\S2\ACOLITE\2025-06-30,53,1020,2948,363535.0,2199775.0,0.16106615960597992,0.21823178231716156,0.3354654312133789,0.45181864500045776,0.4577188193798065,0.48512667417526245,0.5099068880081177,0.5037462711334229,0.5263874530792236,0.591475248336792,0.5366648435592651
2025-06-30,Iwik,ACOLITE,S2B_MSI_2025_06_30_11_45_58_T28QCH_L2W,C:\Users\Simon\Nextcloud\Project\Mauritania\Science\Arguin - FieldWork Data Processing\Data\S2\ACOLITE\2025-06-30,54,1020,2949,363545.0,2199775.0,0.16106897592544556,0.22163589298725128,0.3356257677078247,0.44988930225372314,0.45879918336868286,0.4852564036846161,0.5102818608283997,0.5021812319755554,0.5305201411247253,0.5912442207336426,0.5366623401641846
2025-06-30,Iwik,ACOLITE,S2B_MSI_2025_06_30_11_45_58_T28QCH_L2W,C:\Users\Simon\Nextcloud\Project\Mauritania\Science\Arguin - FieldWork Data Processing\Data\S2\ACOLITE\2025-06-30,55,1020,2950,363555.0,2199775.0,0.1610717922449112,0.22002564370632172,0.3310927152633667,0.45318832993507385,0.4587964713573456,0.4852534234523773,0.5102787017822266,0.5004853010177612,0.5305169820785522,0.5912417769432068,0.536659836769104
2025-06-30,Iwik,ACOLITE,S2B_MSI_2025_06_30_11_45_58_T28QCH_L2W,C:\Users\Simon\Nextcloud\Project\Mauritania\Science\Arguin - FieldWork Data Processing\Data\S2\ACOLITE\2025-06-30,56,1020,2951,363565.0,2199775.0,0.16107460856437683,0.2200266718864441,0.3314153850078583,0.44905781745910645,0.460146963596344,0.4824632704257965,0.5090150237083435,0.49878862500190735,0.526621401309967,0.5891823172569275,0.5337451100349426
2025-06-30,Iwik,ACOLITE,S2B_MSI_2025_06_30_11_45_58_T28QCH_L2W,C:\Users\Simon\Nextcloud\Project\Mauritania\Science\Arguin - FieldWork Data Processing\Data\S2\ACOLITE\2025-06-30,57,1020,2952,363575.0,2199775.0,0.16107743978500366,0.22092297673225403,0.33529824018478394,0.4475400745868683,0.4601442217826843,0.4824603497982025,0.5090119242668152,0.4994371831417084,0.5266181826591492,0.5891798734664917,0.5337426066398621
2025-06-30,Iwik,ACOLITE,S2B_MSI_2025_06_30_11_45_58_T28QCH_L2W,C:\Users\Simon\Nextcloud\Project\Mauritania\Science\Arguin - FieldWork Data Processing\Data\S2\ACOLITE\2025-06-30,58,1020,2953,363585.0,2199775.0,0.1610802561044693,0.21949143707752228,0.33400285243988037,0.44960305094718933,0.4596002697944641,0.4852445125579834,0.5144252181053162,0.4995644986629486,0.5281968116760254,0.5923770070075989,0.5385934114456177
2025-06-30,Iwik,ACOLITE,S2B_MSI_2025_06_30_11_45_58_T28QCH_L2W,C:\Users\Simon\Nextcloud\Project\Mauritania\Science\Arguin - FieldWork Data Processing\Data\S2\ACOLITE\2025-06-30,59,1021,2938,363435.0,2199765.0,0.1639230102300644,0.22341346740722656,0.3351513743400574,0.4481230676174164,0.4601763188838959,0.4874047040939331,0.516228437423706,0.5036398768424988,0.5304272174835205,0.5929807424545288,0.5414170026779175
2025-06-30,Iwik,ACOLITE,S2B_MSI_2025_06_30_11_45_58_T28QCH_L2W,C:\Users\Simon\Nextcloud\Project\Mauritania\Science\Arguin - FieldWork Data Processing\Data\S2\ACOLITE\2025-06-30,60,1021,2939,363445.0,2199765.0,0.16392576694488525,0.2219831794500351,0.3333701193332672,0.4481203258037567,0.4571952819824219,0.482492059469223,0.5130783915519714,0.49855729937553406,0.530180811882019,0.5914929509162903,0.538260281085968
2025-06-30,Iwik,ACOLITE,S2B_MSI_2025_06_30_11_45_58_T28QCH_L2W,C:\Users\Simon\Nextcloud\Project\Mauritania\Science\Arguin - FieldWork Data Processing\Data\S2\ACOLITE\2025-06-30,61,1021,2940,363455.0,2199765.0,0.16392852365970612,0.2210891842842102,0.33093950152397156,0.44949474930763245,0.4571925699710846,0.48248913884162903,0.5130751729011536,0.5010297894477844,0.5301775932312012,0.5914905071258545,0.5382577776908875
2025-06-30,Iwik,ACOLITE,S2B_MSI_2025_06_30_11_45_58_T28QCH_L2W,C:\Users\Simon\Nextcloud\Project\Mauritania\Science\Arguin - FieldWork Data Processing\Data\S2\ACOLITE\2025-06-30,62,1021,2941,363465.0,2199765.0,0.16393126547336578,0.22198517620563507,0.3312622606754303,0.4482525587081909,0.4584085941314697,0.4828844964504242,0.5123163461685181,0.5016779899597168,0.5289582014083862,0.5918307900428772,0.5387405157089233
2025-06-30,Iwik,ACOLITE,S2B_MSI_2025_06_30_11_45_58_T28QCH_L2W,C:\Users\Simon\Nextcloud\Project\Mauritania\Science\Arguin - FieldWork Data Processing\Data\S2\ACOLITE\2025-06-30,63,1021,2942,363475.0,2199765.0,0.16393400728702545,0.22019584476947784,0.33352792263031006,0.44494199752807617,0.45840588212013245,0.4828815460205078,0.5123131275177002,0.500111997127533,0.5289549827575684,0.5918283462524414,0.5387380123138428
2025-06-30,Iwik,ACOLITE,S2B_MSI_2025_06_30_11_45_58_T28QCH_L2W,C:\Users\Simon\Nextcloud\Project\Mauritania\Science\Arguin - FieldWork Data Processing\Data\S2\ACOLITE\2025-06-30,64,1021,2943,363485.0,2199765.0,0.1610538214445114,0.21930117905139923,0.32980117201805115,0.44590452313423157,0.4559652805328369,0.4802219867706299,0.5100420117378235,0.4981543719768524,0.5295599102973938,0.5912545323371887,0.5383715033531189
2025-06-30,Iwik,ACOLITE,S2B_MSI_2025_06_30_11_45_58_T28QCH_L2W,C:\Users\Simon\Nextcloud\Project\Mauritania\Science\Arguin - FieldWork Data Processing\Data\S2\ACOLITE\2025-06-30,65,1021,2944,363495.0,2199765.0,0.16105663776397705,0.21679231524467468,0.3302861154079437,0.4431433379650116,0.455962598323822,0.4802190959453583,0.5100387930870056,0.5001060366630554,0.5295566916465759,0.5912520885467529,0.5383689403533936
2025-06-30,Iwik,ACOLITE,S2B_MSI_2025_06_30_11_45_58_T28QCH_L2W,C:\Users\Simon\Nextcloud\Project\Mauritania\Science\Arguin - FieldWork Data Processing\Data\S2\ACOLITE\2025-06-30,66,1021,2945,363505.0,2199765.0,0.1610594540834427,0.21786944568157196,0.3281770646572113,0.44562336802482605,0.4550113081932068,0.4811462163925171,0.5078923106193542,0.5008845925331116,0.5231026411056519,0.5904496908187866,0.5371531844139099
2025-06-30,Iwik,ACOLITE,S2B_MSI_2025_06_30_11_45_58_T28QCH_L2W,C:\Users\Simon\Nextcloud\Project\Mauritania\Science\Arguin - FieldWork Data Processing\Data\S2\ACOLITE\2025-06-30,67,1021,2946,363515.0,2199765.0,0.16106228530406952,0.21876674890518188,0.3296352028846741,0.446309894323349,0.4550086557865143,0.4811432957649231,0.5078891515731812,0.49944862723350525,0.5230995416641235,0.5904472470283508,0.5371506214141846
2025-06-30,Iwik,ACOLITE,S2B_MSI_2025_06_30_11_45_58_T28QCH_L2W,C:\Users\Simon\Nextcloud\Project\Mauritania\Science\Arguin - FieldWork Data Processing\Data\S2\ACOLITE\2025-06-30,68,1021,2947,363525.0,2199765.0,0.16106510162353516,0.22038006782531738,0.3284989595413208,0.4457557797431946,0.45771536231040955,0.48512306809425354,0.5099031925201416,0.4991850256919861,0.5263839364051819,0.5914732217788696,0.5366628170013428
2025-06-30,Iwik,ACOLITE,S2B_MSI_2025_06_30_11_45_58_T28QCH_L2W,C:\Users\Simon\Nextcloud\Project\Mauritania\Science\Arguin - FieldWork Data Processing\Data\S2\ACOLITE\2025-06-30,69,1021,2948,363535.0,2199765.0,0.1610679179430008,0.2202020287513733,0.3328724205493927,0.44713130593299866,0.4577126204967499,0.48512008786201477,0.5099000334739685,0.4965750575065613,0.526380717754364,0.5914707779884338,0.5366602540016174
2025-06-30,Iwik,ACOLITE,S2B_MSI_2025_06_30_11_45_58_T28QCH_L2W,C:\Users\Simon\Nextcloud\Project\Mauritania\Science\Arguin - FieldWork Data Processing\Data\S2\ACOLITE\2025-06-30,70,1021,2949,363545.0,2199765.0,0.16107074916362762,0.21805302798748016,0.3309278190135956,0.4479551613330841,0.45879295468330383,0.48524975776672363,0.5102749466896057,0.49865785241127014,0.5305134057998657,0.5912397503852844,0.5366577506065369
2025-06-30,Iwik,ACOLITE,S2B_MSI_2025_06_30_11_45_58_T28QCH_L2W,C:\Users\Simon\Nextcloud\Project\Mauritania\Science\Arguin - FieldWork Data Processing\Data\S2\ACOLITE\2025-06-30,71,1021,2950,363555.0,2199765.0,0.16107356548309326,0.21859177947044373,0.3307644724845886,0.44974255561828613,0.45879021286964417,0.48524680733680725,0.5102717876434326,0.5046445727348328,0.5305101871490479,0.5912373065948486,0.5366552472114563
2025-06-30,Iwik,ACOLITE,S2B_MSI_2025_06_30_11_45_58_T28QCH_L2W,C:\Users\Simon\Nextcloud\Project\Mauritania\Science\Arguin - FieldWork Data Processing\Data\S2\ACOLITE\2025-06-30,72,1021,2951,363565.0,2199765.0,0.1610763818025589,0.22235289216041565,0.3330303132534027,0.45084086060523987,0.4601407051086426,0.4824567139148712,0.5090081691741943,0.4987821877002716,0.5266146659851074,0.5891778469085693,0.5337405204772949
2025-06-30,Iwik,ACOLITE,S2B_MSI_2025_06_30_11_45_58_T28QCH_L2W,C:\Users\Simon\Nextcloud\Project\Mauritania\Science\Arguin - FieldWork Data Processing\Data\S2\ACOLITE\2025-06-30,73,1021,2952,363575.0,2199765.0,0.16107921302318573,0.22271162271499634,0.3323814570903778,0.4453287124633789,0.4601379632949829,0.48245376348495483,0.5090049505233765,0.4998215436935425,0.5266114473342896,0.5891754031181335,0.5337380170822144
2025-06-30,Iwik,ACOLITE,S2B_MSI_2025_06_30_11_45_58_T28QCH_L2W,C:\Users\Simon\Nextcloud\Project\Mauritania\Science\Arguin - FieldWork Data Processing\Data\S2\ACOLITE\2025-06-30,74,1022,2938,363435.0,2199755.0,0.16392464935779572,0.22305500507354736,0.3364408016204834,0.4472901523113251,0.4615229666233063,0.4847452640533447,0.5125710368156433,0.5045444965362549,0.5307852625846863,0.5908054709434509,0.538500964641571
2025-06-30,Iwik,ACOLITE,S2B_MSI_2025_06_30_11_45_58_T28QCH_L2W,C:\Users\Simon\Nextcloud\Project\Mauritania\Science\Arguin - FieldWork Data Processing\Data\S2\ACOLITE\2025-06-30,75,1022,2939,363445.0,2199755.0,0.16392739117145538,0.22466515004634857,0.3332040011882782,0.4472874104976654,0.4585433304309845,0.48407870531082153,0.5128197073936462,0.4988115727901459,0.5265244841575623,0.5903458595275879,0.5367997884750366
2025-06-30,Iwik,ACOLITE,S2B_MSI_2025_06_30_11_45_58_T28QCH_L2W,C:\Users\Simon\Nextcloud\Project\Mauritania\Science\Arguin - FieldWork Data Processing\Data\S2\ACOLITE\2025-06-30,76,1022,2940,363455.0,2199755.0,0.16393016278743744,0.22287806868553162,0.33239316940307617,0.4448033273220062,0.4585406184196472,0.48407575488090515,0.5128164887428284,0.5037575364112854,0.5265212655067444,0.5903434157371521,0.536797285079956
2025-06-30,Iwik,ACOLITE,S2B_MSI_2025_06_30_11_45_58_T28QCH_L2W,C:\Users\Simon\Nextcloud\Project\Mauritania\Science\Arguin - FieldWork Data Processing\Data\S2\ACOLITE\2025-06-30,77,1022,2941,363465.0,2199755.0,0.1639329046010971,0.22144755721092224,0.3325537443161011,0.44673073291778564,0.4597560167312622,0.48566505312919617,0.5129392147064209,0.5037545561790466,0.5298028588294983,0.5913693904876709,0.538250744342804
2025-06-30,Iwik,ACOLITE,S2B_MSI_2025_06_30_11_45_58_T28QCH_L2W,C:\Users\Simon\Nextcloud\Project\Mauritania\Science\Arguin - FieldWork Data Processing\Data\S2\ACOLITE\2025-06-30,78,1022,2942,363475.0,2199755.0,0.16393567621707916,0.22359535098075867,0.33190470933914185,0.44879448413848877,0.45975327491760254,0.485662043094635,0.5129359364509583,0.5007569193840027,0.5297996401786804,0.5913668870925903,0.5382481813430786
2025-06-30,Iwik,ACOLITE,S2B_MSI_2025_06_30_11_45_58_T28QCH_L2W,C:\Users\Simon\Nextcloud\Project\Mauritania\Science\Arguin - FieldWork Data Processing\Data\S2\ACOLITE\2025-06-30,79,1022,2943,363485.0,2199755.0,0.1610555499792099,0.22180747985839844,0.33206531405448914,0.44948020577430725,0.46164435148239136,0.48459768295288086,0.5110433101654053,0.5025769472122192,0.5333213210105896,0.591707170009613,0.53788161277771
2025-06-30,Iwik,ACOLITE,S2B_MSI_2025_06_30_11_45_58_T28QCH_L2W,C:\Users\Simon\Nextcloud\Project\Mauritania\Science\Arguin - FieldWork Data Processing\Data\S2\ACOLITE\2025-06-30,80,1022,2944,363495.0,2199755.0,0.16105839610099792,0.2212715595960617,0.33141613006591797,0.4446546137332916,0.4616415798664093,0.4845947027206421,0.5110400915145874,0.5020532011985779,0.533318042755127,0.5917047262191772,0.5378791093826294
2025-06-30,Iwik,ACOLITE,S2B_MSI_2025_06_30_11_45_58_T28QCH_L2W,C:\Users\Simon\Nextcloud\Project\Mauritania\Science\Arguin - FieldWork Data Processing\Data\S2\ACOLITE\2025-06-30,81,1022,2945,363505.0,2199755.0,0.16106121242046356,0.2216304987668991,0.33044272661209106,0.44768428802490234,0.45798540115356445,0.4843263030052185,0.5097767114639282,0.5004873871803284,0.5274788737297058,0.5917022824287415,0.5362992882728577
2025-06-30,Iwik,ACOLITE,S2B_MSI_2025_06_30_11_45_58_T28QCH_L2W,C:\Users\Simon\Nextcloud\Project\Mauritania\Science\Arguin - FieldWork Data Processing\Data\S2\ACOLITE\2025-06-30,82,1022,2946,363515.0,2199755.0,0.1610640436410904,0.22216834127902985,0.33108949661254883,0.4486457407474518,0.4579826593399048,0.4843233525753021,0.5097734928131104,0.4986603558063507,0.5274756550788879,0.5916997790336609,0.5362967252731323
2025-06-30,Iwik,ACOLITE,S2B_MSI_2025_06_30_11_45_58_T28QCH_L2W,C:\Users\Simon\Nextcloud\Project\Mauritania\Science\Arguin - FieldWork Data Processing\Data\S2\ACOLITE\2025-06-30,83,1022,2947,363525.0,2199755.0,0.16106685996055603,0.21948391199111938,0.3323838412761688,0.44726553559303284,0.45865681767463684,0.48591238260269165,0.5119123458862305,0.498005747795105,0.5268640518188477,0.5915830731391907,0.5356875061988831
2025-06-30,Iwik,ACOLITE,S2B_MSI_2025_06_30_11_45_58_T28QCH_L2W,C:\Users\Simon\Nextcloud\Project\Mauritania\Science\Arguin - FieldWork Data Processing\Data\S2\ACOLITE\2025-06-30,84,1022,2948,363535.0,2199755.0,0.16106970608234406,0.21805137395858765,0.33335378766059875,0.4472627639770508,0.45865410566329956,0.4859093725681305,0.5119091272354126,0.49487319588661194,0.5268608927726746,0.5915806293487549,0.5356850028038025
2025-06-30,Iwik,ACOLITE,S2B_MSI_2025_06_30_11_45_58_T28QCH_L2W,C:\Users\Simon\Nextcloud\Project\Mauritania\Science\Arguin - FieldWork Data Processing\Data\S2\ACOLITE\2025-06-30,85,1022,2949,363545.0,2199755.0,0.1610725075006485,0.22020238637924194,0.3343232274055481,0.4483620822429657,0.4594634175300598,0.487232506275177,0.5112760663032532,0.501647412776947,0.5278310179710388,0.5908925533294678,0.5360465049743652
2025-06-30,Iwik,ACOLITE,S2B_MSI_2025_06_30_11_45_58_T28QCH_L2W,C:\Users\Simon\Nextcloud\Project\Mauritania\Science\Arguin - FieldWork Data Processing\Data\S2\ACOLITE\2025-06-30,86,1022,2950,363555.0,2199755.0,0.16107532382011414,0.21966616809368134,0.3322179317474365,0.4511123597621918,0.45946067571640015,0.48722946643829346,0.5112728476524353,0.5020350813865662,0.5278278589248657,0.5908900499343872,0.5360440015792847
2025-06-30,Iwik,ACOLITE,S2B_MSI_2025_06_30_11_45_58_T28QCH_L2W,C:\Users\Simon\Nextcloud\Project\Mauritania\Science\Arguin - FieldWork Data Processing\Data\S2\ACOLITE\2025-06-30,87,1022,2951,363565.0,2199755.0,0.16107815504074097,0.21948806941509247,0.32962462306022644,0.450283944606781,0.4589166045188904,0.4821845293045044,0.5106397271156311,0.4974723756313324,0.5256341695785522,0.5900876522064209,0.5355560779571533
2025-06-30,Iwik,ACOLITE,S2B_MSI_2025_06_30_11_45_58_T28QCH_L2W,C:\Users\Simon\Nextcloud\Project\Mauritania\Science\Arguin - FieldWork Data Processing\Data\S2\ACOLITE\2025-06-30,88,1022,2952,363575.0,2199755.0,0.1610809713602066,0.22181640565395355,0.3333483636379242,0.45138195157051086,0.4589138627052307,0.4821816086769104,0.5106365084648132,0.5015081763267517,0.5256310105323792,0.5900852084159851,0.5355535745620728
2025-06-30,Iwik,ACOLITE,S2B_MSI_2025_06_30_11_45_58_T28QCH_L2W,C:\Users\Simon\Nextcloud\Project\Mauritania\Science\Arguin - FieldWork Data Processing\Data\S2\ACOLITE\2025-06-30,89,1023,2937,363425.0,2199745.0,0.1639235019683838,0.22555598616600037,0.33950743079185486,0.4500412940979004,0.4615195691585541,0.48474177718162537,0.5125674605369568,0.5012866258621216,0.5307819247245789,0.5908035635948181,0.5384989976882935
2025-06-30,Iwik,ACOLITE,S2B_MSI_2025_06_30_11_45_58_T28QCH_L2W,C:\Users\Simon\Nextcloud\Project\Mauritania\Science\Arguin - FieldWork Data Processing\Data\S2\ACOLITE\2025-06-30,90,1023,2938,363435.0,2199745.0,0.16392625868320465,0.2248421311378479,0.3359515070915222,0.44824838638305664,0.46151676774024963,0.4847387969493866,0.5125642418861389,0.5034969449043274,0.5307786464691162,0.5908010601997375,0.5384964346885681
2025-06-30,Iwik,ACOLITE,S2B_MSI_2025_06_30_11_45_58_T28QCH_L2W,C:\Users\Simon\Nextcloud\Project\Mauritania\Science\Arguin - FieldWork Data Processing\Data\S2\ACOLITE\2025-06-30,91,1023,2939,363445.0,2199745.0,0.1639290302991867,0.228592649102211,0.33530324697494507,0.4483833611011505,0.458537220954895,0.4840722382068634,0.5128128528594971,0.5003688335418701,0.5265178680419922,0.5903414487838745,0.5367953181266785
2025-06-30,Iwik,ACOLITE,S2B_MSI_2025_06_30_11_45_58_T28QCH_L2W,C:\Users\Simon\Nextcloud\Project\Mauritania\Science\Arguin - FieldWork Data Processing\Data\S2\ACOLITE\2025-06-30,92,1023,2940,363455.0,2199745.0,0.16393178701400757,0.22090882062911987,0.33627206087112427,0.4450729787349701,0.45853447914123535,0.48406925797462463,0.5128096342086792,0.4994538724422455,0.5265146493911743,0.5903390049934387,0.5367927551269531
2025-06-30,Iwik,ACOLITE,S2B_MSI_2025_06_30_11_45_58_T28QCH_L2W,C:\Users\Simon\Nextcloud\Project\Mauritania\Science\Arguin - FieldWork Data Processing\Data\S2\ACOLITE\2025-06-30,93,1023,2941,363465.0,2199745.0,0.16393452882766724,0.22037263214588165,0.3351387083530426,0.44920408725738525,0.45974984765052795,0.48565852642059326,0.512932300567627,0.5033576488494873,0.5297961831092834,0.5913649201393127,0.5382461547851562
2025-06-30,Iwik,ACOLITE,S2B_MSI_2025_06_30_11_45_58_T28QCH_L2W,C:\Users\Simon\Nextcloud\Project\Mauritania\Science\Arguin - FieldWork Data Processing\Data\S2\ACOLITE\2025-06-30,94,1023,2942,363475.0,2199745.0,0.1639372855424881,0.22484585642814636,0.33594590425491333,0.4507155418395996,0.4597471356391907,0.4856555163860321,0.5129290819168091,0.4994478225708008,0.5297929644584656,0.591362476348877,0.5382436513900757
2025-06-30,Iwik,ACOLITE,S2B_MSI_2025_06_30_11_45_58_T28QCH_L2W,C:\Users\Simon\Nextcloud\Project\Mauritania\Science\Arguin - FieldWork Data Processing\Data\S2\ACOLITE\2025-06-30,95,1023,2943,363485.0,2199745.0,0.16105732321739197,0.22377434372901917,0.33513593673706055,0.4502998888492584,0.4616381525993347,0.48459112644195557,0.5110363960266113,0.5012684464454651,0.53331458568573,0.5917027592658997,0.537877082824707
2025-06-30,Iwik,ACOLITE,S2B_MSI_2025_06_30_11_45_58_T28QCH_L2W,C:\Users\Simon\Nextcloud\Project\Mauritania\Science\Arguin - FieldWork Data Processing\Data\S2\ACOLITE\2025-06-30,96,1023,2944,363495.0,2199745.0,0.1610601544380188,0.2223445475101471,0.3323836028575897,0.44905808568000793,0.46163538098335266,0.4845881462097168,0.5110332369804382,0.49931150674819946,0.5333113074302673,0.5917003154754639,0.5378745794296265
2025-06-30,Iwik,ACOLITE,S2B_MSI_2025_06_30_11_45_58_T28QCH_L2W,C:\Users\Simon\Nextcloud\Project\Mauritania\Science\Arguin - FieldWork Data Processing\Data\S2\ACOLITE\2025-06-30,97,1023,2945,363505.0,2199745.0,0.16106298565864563,0.218406081199646,0.332706093788147,0.4504318833351135,0.4579792320728302,0.4843197464942932,0.509769856929779,0.4986569583415985,0.527472198009491,0.5916978120803833,0.53629469871521
2025-06-30,Iwik,ACOLITE,S2B_MSI_2025_06_30_11_45_58_T28QCH_L2W,C:\Users\Simon\Nextcloud\Project\Mauritania\Science\Arguin - FieldWork Data Processing\Data\S2\ACOLITE\2025-06-30,98,1023,2946,363515.0,2199745.0,0.16106577217578888,0.2196613848209381,0.3323809504508972,0.4471242129802704,0.4579765200614929,0.48431676626205444,0.509766697883606,0.49878427386283875,0.5274689197540283,0.5916953086853027,0.5362921953201294
2025-06-30,Iwik,ACOLITE,S2B_MSI_2025_06_30_11_45_58_T28QCH_L2W,C:\Users\Simon\Nextcloud\Project\Mauritania\Science\Arguin - FieldWork Data Processing\Data\S2\ACOLITE\2025-06-30,99,1023,2947,363525.0,2199745.0,0.1610686182975769,0.22019968926906586,0.33254149556159973,0.4471214711666107,0.4586506187915802,0.4859057664871216,0.5119054317474365,0.5008656978607178,0.526857316493988,0.5915786623954773,0.5356829762458801
2025-06-30,Iwik,ACOLITE,S2B_MSI_2025_06_30_11_45_58_T28QCH_L2W,C:\Users\Simon\Nextcloud\Project\Mauritania\Science\Arguin - FieldWork Data Processing\Data\S2\ACOLITE\2025-06-30,100,1023,2948,363535.0,2199745.0,0.16107143461704254,0.22002163529396057,0.3369072377681732,0.4493224024772644,0.45864787697792053,0.4859027564525604,0.5119022130966187,0.5012533664703369,0.5268541574478149,0.5915761590003967,0.5356804132461548
2025-06-30,Iwik,ACOLITE,S2B_MSI_2025_06_30_11_45_58_T28QCH_L2W,C:\Users\Simon\Nextcloud\Project\Mauritania\Science\Arguin - FieldWork Data Processing\Data\S2\ACOLITE\2025-06-30,101,1023,2949,363545.0,2199745.0,0.16107426583766937,0.22467365860939026,0.3393285274505615,0.44987019896507263,0.4594571888446808,0.48722583055496216,0.5112691521644592,0.501901388168335,0.5278242826461792,0.5908880829811096,0.5360419154167175
2025-06-30,Iwik,ACOLITE,S2B_MSI_2025_06_30_11_45_58_T28QCH_L2W,C:\Users\Simon\Nextcloud\Project\Mauritania\Science\Arguin - FieldWork Data Processing\Data\S2\ACOLITE\2025-06-30,102,1023,2950,363555.0,2199745.0,0.1610770970582962,0.2193072885274887,0.3349645435810089,0.4537188410758972,0.45945441722869873,0.487222820520401,0.5112659335136414,0.5037206411361694,0.5278210639953613,0.590885579586029,0.536039412021637
2025-06-30,Iwik,ACOLITE,S2B_MSI_2025_06_30_11_45_58_T28QCH_L2W,C:\Users\Simon\Nextcloud\Project\Mauritania\Science\Arguin - FieldWork Data Processing\Data\S2\ACOLITE\2025-06-30,103,1023,2951,363565.0,2199745.0,0.16107992827892303,0.21912917494773865,0.33237424492836,0.4534411132335663,0.45891037583351135,0.4821779727935791,0.5106327533721924,0.5018953084945679,0.5256274938583374,0.5900831818580627,0.5355514883995056
2025-06-30,Iwik,ACOLITE,S2B_MSI_2025_06_30_11_45_58_T28QCH_L2W,C:\Users\Simon\Nextcloud\Project\Mauritania\Science\Arguin - FieldWork Data Processing\Data\S2\ACOLITE\2025-06-30,104,1023,2952,363575.0,2199745.0,0.16108275949954987,0.22288894653320312,0.3314013183116913,0.4509628117084503,0.4589076042175293,0.48217499256134033,0.5106295943260193,0.5028035044670105,0.5256242752075195,0.590080738067627,0.535548985004425
2025-06-30,Iwik,ACOLITE,S2B_MSI_2025_06_30_11_45_58_T28QCH_L2W,C:\Users\Simon\Nextcloud\Project\Mauritania\Science\Arguin - FieldWork Data Processing\Data\S2\ACOLITE\2025-06-30,105,1024,2937,363425.0,2199735.0,0.1639251559972763,0.22716239094734192,0.3391801714897156,0.45264932513237,0.45989009737968445,0.4871229827404022,0.5121827721595764,0.5036237835884094,0.5249351263046265,0.5893134474754333,0.5363105535507202
2025-06-30,Iwik,ACOLITE,S2B_MSI_2025_06_30_11_45_58_T28QCH_L2W,C:\Users\Simon\Nextcloud\Project\Mauritania\Science\Arguin - FieldWork Data Processing\Data\S2\ACOLITE\2025-06-30,106,1024,2938,363435.0,2199735.0,0.16392789781093597,0.22627052664756775,0.3354620933532715,0.45237138867378235,0.4598873257637024,0.4871199429035187,0.5121795535087585,0.5037508606910706,0.5249319076538086,0.5893109440803528,0.5363079905509949
2025-06-30,Iwik,ACOLITE,S2B_MSI_2025_06_30_11_45_58_T28QCH_L2W,C:\Users\Simon\Nextcloud\Project\Mauritania\Science\Arguin - FieldWork Data Processing\Data\S2\ACOLITE\2025-06-30,107,1024,2939,363445.0,2199735.0,0.16393063962459564,0.22484225034713745,0.3372388780117035,0.4493410885334015,0.45798957347869873,0.485392689704895,0.5144428014755249,0.5034874677658081,0.5294312238693237,0.5898799300193787,0.5350920557975769
2025-06-30,Iwik,ACOLITE,S2B_MSI_2025_06_30_11_45_58_T28QCH_L2W,C:\Users\Simon\Nextcloud\Project\Mauritania\Science\Arguin - FieldWork Data Processing\Data\S2\ACOLITE\2025-06-30,108,1024,2940,363455.0,2199735.0,0.1639334261417389,0.22198206186294556,0.33804529905319214,0.4523657560348511,0.45798683166503906,0.48538967967033386,0.5144395232200623,0.5011409521102905,0.5294279456138611,0.5898774862289429,0.5350895524024963
2025-06-30,Iwik,ACOLITE,S2B_MSI_2025_06_30_11_45_58_T28QCH_L2W,C:\Users\Simon\Nextcloud\Project\Mauritania\Science\Arguin - FieldWork Data Processing\Data\S2\ACOLITE\2025-06-30,109,1024,2941,363465.0,2199735.0,0.16393618285655975,0.22520148754119873,0.33351659774780273,0.45084965229034424,0.4597437083721161,0.4861825704574585,0.5140586495399475,0.5024400353431702,0.5297895073890686,0.5896463990211487,0.5366643667221069
2025-06-30,Iwik,ACOLITE,S2B_MSI_2025_06_30_11_45_58_T28QCH_L2W,C:\Users\Simon\Nextcloud\Project\Mauritania\Science\Arguin - FieldWork Data Processing\Data\S2\ACOLITE\2025-06-30,110,1024,2942,363475.0,2199735.0,0.16393892467021942,0.2260955572128296,0.33820396661758423,0.4512596130371094,0.45974093675613403,0.48617953062057495,0.5140553712844849,0.5013953447341919,0.5297862887382507,0.5896438956260681,0.5366618633270264
2025-06-30,Iwik,ACOLITE,S2B_MSI_2025_06_30_11_45_58_T28QCH_L2W,C:\Users\Simon\Nextcloud\Project\Mauritania\Science\Arguin - FieldWork Data Processing\Data\S2\ACOLITE\2025-06-30,111,1024,2943,363485.0,2199735.0,0.16105905175209045,0.22377356886863708,0.336263507604599,0.44919222593307495,0.4628487527370453,0.48312464356422424,0.5122893452644348,0.5032150149345398,0.5283235311508179,0.5895271897315979,0.5373871922492981
2025-06-30,Iwik,ACOLITE,S2B_MSI_2025_06_30_11_45_58_T28QCH_L2W,C:\Users\Simon\Nextcloud\Project\Mauritania\Science\Arguin - FieldWork Data Processing\Data\S2\ACOLITE\2025-06-30,112,1024,2944,363495.0,2199735.0,0.16106189787387848,0.22037504613399506,0.3322174847126007,0.44808781147003174,0.46284595131874084,0.4831216335296631,0.5122861266136169,0.49982625246047974,0.5283203125,0.5895246863365173,0.5373846888542175
2025-06-30,Iwik,ACOLITE,S2B_MSI_2025_06_30_11_45_58_T28QCH_L2W,C:\Users\Simon\Nextcloud\Project\Mauritania\Science\Arguin - FieldWork Data Processing\Data\S2\ACOLITE\2025-06-30,113,1024,2945,363505.0,2199735.0,0.1610647290945053,0.22109219431877136,0.33189234137535095,0.44794726371765137,0.460814893245697,0.4831186532974243,0.510015070438385,0.4972167909145355,0.5294117331504822,0.5896364450454712,0.5355622172355652
2025-06-30,Iwik,ACOLITE,S2B_MSI_2025_06_30_11_45_58_T28QCH_L2W,C:\Users\Simon\Nextcloud\Project\Mauritania\Science\Arguin - FieldWork Data Processing\Data\S2\ACOLITE\2025-06-30,114,1024,2946,363515.0,2199735.0,0.16106754541397095,0.2193024754524231,0.3309191167354584,0.4473934471607208,0.46081212162971497,0.48311567306518555,0.5100119113922119,0.4990384876728058,0.5294085144996643,0.5896340012550354,0.5355596542358398
2025-06-30,Iwik,ACOLITE,S2B_MSI_2025_06_30_11_45_58_T28QCH_L2W,C:\Users\Simon\Nextcloud\Project\Mauritania\Science\Arguin - FieldWork Data Processing\Data\S2\ACOLITE\2025-06-30,115,1024,2947,363525.0,2199735.0,0.16107039153575897,0.22431360185146332,0.3365810811519623,0.4505575895309448,0.46094459295272827,0.48788806796073914,0.5125283002853394,0.500859260559082,0.52964848279953,0.589402973651886,0.5357997417449951
2025-06-30,Iwik,ACOLITE,S2B_MSI_2025_06_30_11_45_58_T28QCH_L2W,C:\Users\Simon\Nextcloud\Project\Mauritania\Science\Arguin - FieldWork Data Processing\Data\S2\ACOLITE\2025-06-30,116,1024,2948,363535.0,2199735.0,0.1610732078552246,0.22717204689979553,0.3348012864589691,0.4498666524887085,0.4609418213367462,0.4878849983215332,0.5125250220298767,0.5026790499687195,0.5296452045440674,0.5894005298614502,0.5357972383499146
2025-06-30,Iwik,ACOLITE,S2B_MSI_2025_06_30_11_45_58_T28QCH_L2W,C:\Users\Simon\Nextcloud\Project\Mauritania\Science\Arguin - FieldWork Data Processing\Data\S2\ACOLITE\2025-06-30,117,1024,2949,363545.0,2199735.0,0.16107602417469025,0.22342169284820557,0.33399108052253723,0.4509647786617279,0.4621560573577881,0.4876168668270111,0.5111362934112549,0.4988991320133209,0.528547465801239,0.5889408588409424,0.5366439819335938
2025-06-30,Iwik,ACOLITE,S2B_MSI_2025_06_30_11_45_58_T28QCH_L2W,C:\Users\Simon\Nextcloud\Project\Mauritania\Science\Arguin - FieldWork Data Processing\Data\S2\ACOLITE\2025-06-30,118,1024,2950,363555.0,2199735.0,0.16107888519763947,0.22181299328804016,0.3357686400413513,0.449035108089447,0.46215325593948364,0.48761382699012756,0.5111330151557922,0.4979839026927948,0.5285441875457764,0.5889383554458618,0.5366414189338684
2025-06-30,Iwik,ACOLITE,S2B_MSI_2025_06_30_11_45_58_T28QCH_L2W,C:\Users\Simon\Nextcloud\Project\Mauritania\Science\Arguin - FieldWork Data Processing\Data\S2\ACOLITE\2025-06-30,119,1024,2951,363565.0,2199735.0,0.1610817015171051,0.2225295454263687,0.3354438841342926,0.45260968804359436,0.46269115805625916,0.4861523509025574,0.5149070620536804,0.5042315125465393,0.5289058685302734,0.5906500816345215,0.5373668074607849
2025-06-30,Iwik,ACOLITE,S2B_MSI_2025_06_30_11_45_58_T28QCH_L2W,C:\Users\Simon\Nextcloud\Project\Mauritania\Science\Arguin - FieldWork Data Processing\Data\S2\ACOLITE\2025-06-30,120,1024,2952,363575.0,2199735.0,0.16108451783657074,0.22127817571163177,0.33398696780204773,0.4493049085140228,0.4626883566379547,0.48614931106567383,0.5149037837982178,0.5048789381980896,0.5289025902748108,0.5906476378440857,0.5373642444610596
2025-06-30,Iwik,ACOLITE,S2B_MSI_2025_06_30_11_45_58_T28QCH_L2W,C:\Users\Simon\Nextcloud\Project\Mauritania\Science\Arguin - FieldWork Data Processing\Data\S2\ACOLITE\2025-06-30,121,1025,2937,363425.0,2199725.0,0.16392678022384644,0.22412468492984772,0.33675262331962585,0.45126742124557495,0.45988398790359497,0.4871164560317993,0.5121760368347168,0.5023156404495239,0.524928629398346,0.5893090963363647,0.5363060832023621
2025-06-30,Iwik,ACOLITE,S2B_MSI_2025_06_30_11_45_58_T28QCH_L2W,C:\Users\Simon\Nextcloud\Project\Mauritania\Science\Arguin - FieldWork Data Processing\Data\S2\ACOLITE\2025-06-30,122,1025,2938,363435.0,2199725.0,0.1639295071363449,0.22555522620677948,0.3378823399543762,0.449199914932251,0.45988115668296814,0.48711341619491577,0.5121727585792542,0.5012708902359009,0.5249253511428833,0.5893065929412842,0.5363035202026367
2025-06-30,Iwik,ACOLITE,S2B_MSI_2025_06_30_11_45_58_T28QCH_L2W,C:\Users\Simon\Nextcloud\Project\Mauritania\Science\Arguin - FieldWork Data Processing\Data\S2\ACOLITE\2025-06-30,123,1025,2939,363445.0,2199725.0,0.16393227875232697,0.225913405418396,0.3369113802909851,0.4508489668369293,0.45798346400260925,0.4853861927986145,0.5144359469413757,0.4997047781944275,0.5294245481491089,0.5898755788803101,0.5350875854492188
2025-06-30,Iwik,ACOLITE,S2B_MSI_2025_06_30_11_45_58_T28QCH_L2W,C:\Users\Simon\Nextcloud\Project\Mauritania\Science\Arguin - FieldWork Data Processing\Data\S2\ACOLITE\2025-06-30,124,1025,2940,363455.0,2199725.0,0.16393503546714783,0.22573569416999817,0.33707156777381897,0.45043328404426575,0.4579806923866272,0.48538318276405334,0.5144326686859131,0.5000925660133362,0.5294212698936462,0.5898730754852295,0.5350850224494934
2025-06-30,Iwik,ACOLITE,S2B_MSI_2025_06_30_11_45_58_T28QCH_L2W,C:\Users\Simon\Nextcloud\Project\Mauritania\Science\Arguin - FieldWork Data Processing\Data\S2\ACOLITE\2025-06-30,125,1025,2941,363465.0,2199725.0,0.16393780708312988,0.2246646136045456,0.3293009102344513,0.449879914522171,0.4597375690937042,0.4861760437488556,0.5140517950057983,0.5058168768882751,0.5297828316688538,0.5896419882774353,0.5366598963737488
2025-06-30,Iwik,ACOLITE,S2B_MSI_2025_06_30_11_45_58_T28QCH_L2W,C:\Users\Simon\Nextcloud\Project\Mauritania\Science\Arguin - FieldWork Data Processing\Data\S2\ACOLITE\2025-06-30,126,1025,2942,363475.0,2199725.0,0.16394054889678955,0.2223411500453949,0.33334916830062866,0.451665997505188,0.45973479747772217,0.48617297410964966,0.5140485167503357,0.5025607347488403,0.5297795534133911,0.5896395444869995,0.5366573333740234
2025-06-30,Iwik,ACOLITE,S2B_MSI_2025_06_30_11_45_58_T28QCH_L2W,C:\Users\Simon\Nextcloud\Project\Mauritania\Science\Arguin - FieldWork Data Processing\Data\S2\ACOLITE\2025-06-30,127,1025,2943,363485.0,2199725.0,0.16106082499027252,0.22216323018074036,0.33496564626693726,0.4479465186595917,0.46284249424934387,0.48311811685562134,0.5122824907302856,0.5032085180282593,0.528316855430603,0.5895227789878845,0.5373826622962952
2025-06-30,Iwik,ACOLITE,S2B_MSI_2025_06_30_11_45_58_T28QCH_L2W,C:\Users\Simon\Nextcloud\Project\Mauritania\Science\Arguin - FieldWork Data Processing\Data\S2\ACOLITE\2025-06-30,128,1025,2944,363495.0,2199725.0,0.16106365621089935,0.2216273993253708,0.3301074802875519,0.4486323893070221,0.4628397226333618,0.48311513662338257,0.512279212474823,0.49708306789398193,0.5283136367797852,0.5895203351974487,0.5373801589012146
2025-06-30,Iwik,ACOLITE,S2B_MSI_2025_06_30_11_45_58_T28QCH_L2W,C:\Users\Simon\Nextcloud\Project\Mauritania\Science\Arguin - FieldWork Data Processing\Data\S2\ACOLITE\2025-06-30,129,1025,2945,363505.0,2199725.0,0.16106650233268738,0.22001726925373077,0.3314022123813629,0.44794100522994995,0.460808664560318,0.4831121265888214,0.5100082159042358,0.49642816185951233,0.5294049978256226,0.5896320939064026,0.5355576276779175
2025-06-30,Iwik,ACOLITE,S2B_MSI_2025_06_30_11_45_58_T28QCH_L2W,C:\Users\Simon\Nextcloud\Project\Mauritania\Science\Arguin - FieldWork Data Processing\Data\S2\ACOLITE\2025-06-30,130,1025,2946,363515.0,2199725.0,0.16106930375099182,0.22037643194198608,0.3310769200325012,0.4491775631904602,0.46080589294433594,0.48310914635658264,0.510004997253418,0.5007255673408508,0.5294017791748047,0.589629590511322,0.5355550646781921
2025-06-30,Iwik,ACOLITE,S2B_MSI_2025_06_30_11_45_58_T28QCH_L2W,C:\Users\Simon\Nextcloud\Project\Mauritania\Science\Arguin - FieldWork Data Processing\Data\S2\ACOLITE\2025-06-30,131,1025,2947,363525.0,2199725.0,0.16107214987277985,0.22252491116523743,0.3364151120185852,0.451514333486557,0.46093836426734924,0.4878813922405243,0.5125213265419006,0.4995501935482025,0.5296417474746704,0.5893985629081726,0.5357952117919922
2025-06-30,Iwik,ACOLITE,S2B_MSI_2025_06_30_11_45_58_T28QCH_L2W,C:\Users\Simon\Nextcloud\Project\Mauritania\Science\Arguin - FieldWork Data Processing\Data\S2\ACOLITE\2025-06-30,132,1025,2948,363535.0,2199725.0,0.16107498109340668,0.22538569569587708,0.33576712012290955,0.44875895977020264,0.4609355926513672,0.48787835240364075,0.5125181078910828,0.5047546029090881,0.5296384692192078,0.589396059513092,0.5357926487922668
2025-06-30,Iwik,ACOLITE,S2B_MSI_2025_06_30_11_45_58_T28QCH_L2W,C:\Users\Simon\Nextcloud\Project\Mauritania\Science\Arguin - FieldWork Data Processing\Data\S2\ACOLITE\2025-06-30,133,1025,2949,363545.0,2199725.0,0.1610778272151947,0.22270570695400238,0.33253031969070435,0.45412111282348633,0.4621497392654419,0.48761022090911865,0.5111293792724609,0.5070924758911133,0.5285406708717346,0.5889363884925842,0.536639392375946
2025-06-30,Iwik,ACOLITE,S2B_MSI_2025_06_30_11_45_58_T28QCH_L2W,C:\Users\Simon\Nextcloud\Project\Mauritania\Science\Arguin - FieldWork Data Processing\Data\S2\ACOLITE\2025-06-30,134,1025,2950,363555.0,2199725.0,0.16108062863349915,0.2232430875301361,0.3330145478248596,0.45191848278045654,0.46214693784713745,0.4876071810722351,0.5111261606216431,0.5042280554771423,0.5285374522209167,0.5889339447021484,0.5366368293762207
2025-06-30,Iwik,ACOLITE,S2B_MSI_2025_06_30_11_45_58_T28QCH_L2W,C:\Users\Simon\Nextcloud\Project\Mauritania\Science\Arguin - FieldWork Data Processing\Data\S2\ACOLITE\2025-06-30,135,1025,2951,363565.0,2199725.0,0.16108347475528717,0.2234228253364563,0.33220380544662476,0.44861286878585815,0.4626848101615906,0.4861457049846649,0.5149000883102417,0.5059159994125366,0.528899073600769,0.5906456112861633,0.5373622179031372
2025-06-30,Iwik,ACOLITE,S2B_MSI_2025_06_30_11_45_58_T28QCH_L2W,C:\Users\Simon\Nextcloud\Project\Mauritania\Science\Arguin - FieldWork Data Processing\Data\S2\ACOLITE\2025-06-30,136,1025,2952,363575.0,2199725.0,0.161086305975914,0.22181427478790283,0.3351147472858429,0.4499867260456085,0.46268200874328613,0.486142635345459,0.514896810054779,0.5020094513893127,0.5288957953453064,0.5906431674957275,0.5373596549034119
2025-06-30,Iwik,ACOLITE,S2B_MSI_2025_06_30_11_45_58_T28QCH_L2W,C:\Users\Simon\Nextcloud\Project\Mauritania\Science\Arguin - FieldWork Data Processing\Data\S2\ACOLITE\2025-06-30,137,1026,2936,363415.0,2199715.0,0.16618765890598297,0.22448047995567322,0.3343241214752197,0.4491993188858032,0.46082767844200134,0.4861847460269928,0.512172520160675,0.49983784556388855,0.5274813771247864,0.591249942779541,0.5393372774124146
2025-06-30,Iwik,ACOLITE,S2B_MSI_2025_06_30_11_45_58_T28QCH_L2W,C:\Users\Simon\Nextcloud\Project\Mauritania\Science\Arguin - FieldWork Data Processing\Data\S2\ACOLITE\2025-06-30,138,1026,2937,363425.0,2199715.0,0.16372261941432953,0.22126184403896332,0.3364250957965851,0.44850799441337585,0.4563577175140381,0.4849877655506134,0.5071272253990173,0.5002256035804749,0.5277214646339417,0.588047444820404,0.5354521870613098
2025-06-30,Iwik,ACOLITE,S2B_MSI_2025_06_30_11_45_58_T28QCH_L2W,C:\Users\Simon\Nextcloud\Project\Mauritania\Science\Arguin - FieldWork Data Processing\Data\S2\ACOLITE\2025-06-30,139,1026,2938,363435.0,2199715.0,0.1637253761291504,0.21911373734474182,0.33513015508651733,0.44919371604919434,0.4563549757003784,0.48498472571372986,0.5071240663528442,0.49918031692504883,0.527718186378479,0.5880450010299683,0.5354496240615845
2025-06-30,Iwik,ACOLITE,S2B_MSI_2025_06_30_11_45_58_T28QCH_L2W,C:\Users\Simon\Nextcloud\Project\Mauritania\Science\Arguin - FieldWork Data Processing\Data\S2\ACOLITE\2025-06-30,140,1026,2939,363445.0,2199715.0,0.16372813284397125,0.22341066598892212,0.33577555418014526,0.4494662582874298,0.4575711786746979,0.48232701420783997,0.509390652179718,0.49995893239974976,0.5282015800476074,0.5849557518959045,0.5353257656097412
2025-06-30,Iwik,ACOLITE,S2B_MSI_2025_06_30_11_45_58_T28QCH_L2W,C:\Users\Simon\Nextcloud\Project\Mauritania\Science\Arguin - FieldWork Data Processing\Data\S2\ACOLITE\2025-06-30,141,1026,2940,363455.0,2199715.0,0.1637309044599533,0.22555622458457947,0.33706727623939514,0.4479486346244812,0.4575684070587158,0.4823240041732788,0.5093873739242554,0.5016490817070007,0.5281983017921448,0.584953248500824,0.5353232026100159
2025-06-30,Iwik,ACOLITE,S2B_MSI_2025_06_30_11_45_58_T28QCH_L2W,C:\Users\Simon\Nextcloud\Project\Mauritania\Science\Arguin - FieldWork Data Processing\Data\S2\ACOLITE\2025-06-30,142,1026,2941,363465.0,2199715.0,0.16373366117477417,0.2230549305677414,0.333831787109375,0.44794586300849915,0.45905473828315735,0.4849756360054016,0.5108964443206787,0.506590723991394,0.5250309109687805,0.5852938294410706,0.5336218476295471
2025-06-30,Iwik,ACOLITE,S2B_MSI_2025_06_30_11_45_58_T28QCH_L2W,C:\Users\Simon\Nextcloud\Project\Mauritania\Science\Arguin - FieldWork Data Processing\Data\S2\ACOLITE\2025-06-30,143,1026,2942,363475.0,2199715.0,0.1637364625930786,0.22108782827854156,0.33609461784362793,0.4479430615901947,0.4590519666671753,0.48497259616851807,0.5108932256698608,0.49942874908447266,0.5250276327133179,0.58529132604599,0.5336192846298218
2025-06-30,Iwik,ACOLITE,S2B_MSI_2025_06_30_11_45_58_T28QCH_L2W,C:\Users\Simon\Nextcloud\Project\Mauritania\Science\Arguin - FieldWork Data Processing\Data\S2\ACOLITE\2025-06-30,144,1026,2943,363485.0,2199715.0,0.16291603446006775,0.22287800908088684,0.33447617292404175,0.45083141326904297,0.45783087611198425,0.4853675663471222,0.509881854057312,0.500988781452179,0.5253896713256836,0.5866608023643494,0.5338594317436218
2025-06-30,Iwik,ACOLITE,S2B_MSI_2025_06_30_11_45_58_T28QCH_L2W,C:\Users\Simon\Nextcloud\Project\Mauritania\Science\Arguin - FieldWork Data Processing\Data\S2\ACOLITE\2025-06-30,145,1026,2944,363495.0,2199715.0,0.1629188060760498,0.22502394020557404,0.3302653431892395,0.45316675305366516,0.4578281044960022,0.48536449670791626,0.5098785758018494,0.498380184173584,0.525386393070221,0.5866582989692688,0.5338568687438965
2025-06-30,Iwik,ACOLITE,S2B_MSI_2025_06_30_11_45_58_T28QCH_L2W,C:\Users\Simon\Nextcloud\Project\Mauritania\Science\Arguin - FieldWork Data Processing\Data\S2\ACOLITE\2025-06-30,146,1026,2945,363505.0,2199715.0,0.16292159259319305,0.2201957106590271,0.33301714062690735,0.447521448135376,0.4575546085834503,0.4839019775390625,0.5083627104759216,0.49824684858322144,0.5273304581642151,0.5874560475349426,0.5328835248947144
2025-06-30,Iwik,ACOLITE,S2B_MSI_2025_06_30_11_45_58_T28QCH_L2W,C:\Users\Simon\Nextcloud\Project\Mauritania\Science\Arguin - FieldWork Data Processing\Data\S2\ACOLITE\2025-06-30,147,1026,2946,363515.0,2199715.0,0.1629243642091751,0.22055481374263763,0.3364122211933136,0.4519234597682953,0.45755183696746826,0.48389899730682373,0.5083594918251038,0.49915599822998047,0.5273271799087524,0.5874536037445068,0.532880961894989
2025-06-30,Iwik,ACOLITE,S2B_MSI_2025_06_30_11_45_58_T28QCH_L2W,C:\Users\Simon\Nextcloud\Project\Mauritania\Science\Arguin - FieldWork Data Processing\Data\S2\ACOLITE\2025-06-30,148,1026,2947,363525.0,2199715.0,0.16292716562747955,0.22037678956985474,0.33447057008743286,0.44999441504478455,0.45957934856414795,0.4849574565887451,0.5097428560256958,0.49824076890945435,0.5289053320884705,0.5893940925598145,0.5339705944061279
2025-06-30,Iwik,ACOLITE,S2B_MSI_2025_06_30_11_45_58_T28QCH_L2W,C:\Users\Simon\Nextcloud\Project\Mauritania\Science\Arguin - FieldWork Data Processing\Data\S2\ACOLITE\2025-06-30,149,1026,2948,363535.0,2199715.0,0.162929967045784,0.22395548224449158,0.33657094836235046,0.4506796598434448,0.4595765471458435,0.4849544167518616,0.5097396373748779,0.501884937286377,0.5289020538330078,0.5893915891647339,0.5339680314064026
2025-06-30,Iwik,ACOLITE,S2B_MSI_2025_06_30_11_45_58_T28QCH_L2W,C:\Users\Simon\Nextcloud\Project\Mauritania\Science\Arguin - FieldWork Data Processing\Data\S2\ACOLITE\2025-06-30,150,1026,2949,363545.0,2199715.0,0.1606675237417221,0.2239564210176468,0.33963802456855774,0.4545269310474396,0.4610617458820343,0.4824298024177551,0.5130115747451782,0.5040945410728455,0.5307226181030273,0.5885891318321228,0.5329946875572205
2025-06-30,Iwik,ACOLITE,S2B_MSI_2025_06_30_11_45_58_T28QCH_L2W,C:\Users\Simon\Nextcloud\Project\Mauritania\Science\Arguin - FieldWork Data Processing\Data\S2\ACOLITE\2025-06-30,151,1026,2950,363555.0,2199715.0,0.16067035496234894,0.22216936945915222,0.3357599377632141,0.45232462882995605,0.46105894446372986,0.48242679238319397,0.5130083560943604,0.500055730342865,0.5307193398475647,0.5885866284370422,0.5329921245574951
2025-06-30,Iwik,ACOLITE,S2B_MSI_2025_06_30_11_45_58_T28QCH_L2W,C:\Users\Simon\Nextcloud\Project\Mauritania\Science\Arguin - FieldWork Data Processing\Data\S2\ACOLITE\2025-06-30,152,1026,2951,363565.0,2199715.0,0.16067320108413696,0.22413702309131622,0.3354352116584778,0.4469537138938904,0.4602445960044861,0.4837511479854584,0.5137603878974915,0.503307580947876,0.5298650860786438,0.5885841250419617,0.5343243479728699
2025-06-30,Iwik,ACOLITE,S2B_MSI_2025_06_30_11_45_58_T28QCH_L2W,C:\Users\Simon\Nextcloud\Project\Mauritania\Science\Arguin - FieldWork Data Processing\Data\S2\ACOLITE\2025-06-30,153,1026,2952,363575.0,2199715.0,0.1606760323047638,0.22520990669727325,0.33656519651412964,0.45011791586875916,0.46024182438850403,0.48374810814857483,0.5137571096420288,0.5025236010551453,0.5298618078231812,0.5885816216468811,0.5343217849731445
2025-06-30,Iwik,ACOLITE,S2B_MSI_2025_06_30_11_45_58_T28QCH_L2W,C:\Users\Simon\Nextcloud\Project\Mauritania\Science\Arguin - FieldWork Data Processing\Data\S2\ACOLITE\2025-06-30,154,1027,2936,363415.0,2199705.0,0.16618916392326355,0.2266233265399933,0.33383452892303467,0.4498814642429352,0.4608215391635895,0.4861782491207123,0.5121657252311707,0.499961793422699,0.5274747610092163,0.5912455916404724,0.5393328070640564
2025-06-30,Iwik,ACOLITE,S2B_MSI_2025_06_30_11_45_58_T28QCH_L2W,C:\Users\Simon\Nextcloud\Project\Mauritania\Science\Arguin - FieldWork Data Processing\Data\S2\ACOLITE\2025-06-30,155,1027,2937,363425.0,2199705.0,0.16372424364089966,0.2269812673330307,0.33480387926101685,0.450429230928421,0.4563516676425934,0.4849812984466553,0.5071205496788025,0.4995678961277008,0.5277148485183716,0.5880430936813354,0.5354477763175964
2025-06-30,Iwik,ACOLITE,S2B_MSI_2025_06_30_11_45_58_T28QCH_L2W,C:\Users\Simon\Nextcloud\Project\Mauritania\Science\Arguin - FieldWork Data Processing\Data\S2\ACOLITE\2025-06-30,156,1027,2938,363435.0,2199705.0,0.16372698545455933,0.22197799384593964,0.33577272295951843,0.44712141156196594,0.4563489258289337,0.48497822880744934,0.5071173310279846,0.5003464818000793,0.5277115702629089,0.5880405902862549,0.5354451537132263
2025-06-30,Iwik,ACOLITE,S2B_MSI_2025_06_30_11_45_58_T28QCH_L2W,C:\Users\Simon\Nextcloud\Project\Mauritania\Science\Arguin - FieldWork Data Processing\Data\S2\ACOLITE\2025-06-30,157,1027,2939,363445.0,2199705.0,0.16372977197170258,0.22269457578659058,0.3344775438308716,0.4498730003833771,0.4575650990009308,0.48232054710388184,0.5093838572502136,0.49734628200531006,0.5281949639320374,0.5849514007568359,0.5353212952613831
2025-06-30,Iwik,ACOLITE,S2B_MSI_2025_06_30_11_45_58_T28QCH_L2W,C:\Users\Simon\Nextcloud\Project\Mauritania\Science\Arguin - FieldWork Data Processing\Data\S2\ACOLITE\2025-06-30,158,1027,2940,363455.0,2199705.0,0.16373255848884583,0.22341084480285645,0.33512306213378906,0.44615116715431213,0.45756232738494873,0.48231756687164307,0.509380578994751,0.49994957447052,0.5281916856765747,0.5849489569664001,0.5353187322616577
2025-06-30,Iwik,ACOLITE,S2B_MSI_2025_06_30_11_45_58_T28QCH_L2W,C:\Users\Simon\Nextcloud\Project\Mauritania\Science\Arguin - FieldWork Data Processing\Data\S2\ACOLITE\2025-06-30,159,1027,2941,363465.0,2199705.0,0.1637353003025055,0.2223387509584427,0.33350393176078796,0.446837455034256,0.4590485990047455,0.4849691390991211,0.5108896493911743,0.5017698407173157,0.5250242352485657,0.585289478302002,0.5336173176765442
2025-06-30,Iwik,ACOLITE,S2B_MSI_2025_06_30_11_45_58_T28QCH_L2W,C:\Users\Simon\Nextcloud\Project\Mauritania\Science\Arguin - FieldWork Data Processing\Data\S2\ACOLITE\2025-06-30,160,1027,2942,363475.0,2199705.0,0.16373808681964874,0.22216081619262695,0.3338261842727661,0.44890081882476807,0.4590458273887634,0.48496609926223755,0.5108864307403564,0.4989011883735657,0.5250210165977478,0.5852869749069214,0.5336147546768188
2025-06-30,Iwik,ACOLITE,S2B_MSI_2025_06_30_11_45_58_T28QCH_L2W,C:\Users\Simon\Nextcloud\Project\Mauritania\Science\Arguin - FieldWork Data Processing\Data\S2\ACOLITE\2025-06-30,161,1027,2943,363485.0,2199705.0,0.16291767358779907,0.2218039631843567,0.3343101143836975,0.44531577825546265,0.4578247368335724,0.4853610098361969,0.5098750591278076,0.4999403953552246,0.5253829956054688,0.5866564512252808,0.5338549017906189
2025-06-30,Iwik,ACOLITE,S2B_MSI_2025_06_30_11_45_58_T28QCH_L2W,C:\Users\Simon\Nextcloud\Project\Mauritania\Science\Arguin - FieldWork Data Processing\Data\S2\ACOLITE\2025-06-30,162,1027,2944,363495.0,2199705.0,0.1629204899072647,0.21894022822380066,0.3370571434497833,0.45082223415374756,0.4578219950199127,0.48535796999931335,0.509871780872345,0.4991556704044342,0.5253797769546509,0.5866539478302002,0.5338523983955383
2025-06-30,Iwik,ACOLITE,S2B_MSI_2025_06_30_11_45_58_T28QCH_L2W,C:\Users\Simon\Nextcloud\Project\Mauritania\Science\Arguin - FieldWork Data Processing\Data\S2\ACOLITE\2025-06-30,163,1027,2945,363505.0,2199705.0,0.16292329132556915,0.21983692049980164,0.33349838852882385,0.45068177580833435,0.45754843950271606,0.4838954508304596,0.5083558559417725,0.4992828667163849,0.5273237824440002,0.587451696395874,0.5328789949417114
2025-06-30,Iwik,ACOLITE,S2B_MSI_2025_06_30_11_45_58_T28QCH_L2W,C:\Users\Simon\Nextcloud\Project\Mauritania\Science\Arguin - FieldWork Data Processing\Data\S2\ACOLITE\2025-06-30,164,1027,2946,363515.0,2199705.0,0.1629260629415512,0.220733180642128,0.329772412776947,0.448201060295105,0.4575456976890564,0.48389244079589844,0.5083526372909546,0.49954041838645935,0.5273204445838928,0.5874491930007935,0.5328764319419861
2025-06-30,Iwik,ACOLITE,S2B_MSI_2025_06_30_11_45_58_T28QCH_L2W,C:\Users\Simon\Nextcloud\Project\Mauritania\Science\Arguin - FieldWork Data Processing\Data\S2\ACOLITE\2025-06-30,165,1027,2947,363525.0,2199705.0,0.16292886435985565,0.22288112342357635,0.3326864242553711,0.4486113488674164,0.4595731198787689,0.48495084047317505,0.5097360014915466,0.4987556040287018,0.5288985371589661,0.5893896818161011,0.5339660048484802
2025-06-30,Iwik,ACOLITE,S2B_MSI_2025_06_30_11_45_58_T28QCH_L2W,C:\Users\Simon\Nextcloud\Project\Mauritania\Science\Arguin - FieldWork Data Processing\Data\S2\ACOLITE\2025-06-30,166,1027,2948,363535.0,2199705.0,0.1629316359758377,0.2227032631635666,0.3364049792289734,0.4519113600254059,0.45957034826278687,0.4849478006362915,0.5097327828407288,0.5009670257568359,0.5288952589035034,0.5893871784210205,0.5339634418487549
2025-06-30,Iwik,ACOLITE,S2B_MSI_2025_06_30_11_45_58_T28QCH_L2W,C:\Users\Simon\Nextcloud\Project\Mauritania\Science\Arguin - FieldWork Data Processing\Data\S2\ACOLITE\2025-06-30,167,1027,2949,363545.0,2199705.0,0.16066929697990417,0.22288304567337036,0.34108564257621765,0.45452046394348145,0.4610554873943329,0.48242321610450745,0.5130046606063843,0.5040879845619202,0.5307158827781677,0.5885846614837646,0.5329900979995728
2025-06-30,Iwik,ACOLITE,S2B_MSI_2025_06_30_11_45_58_T28QCH_L2W,C:\Users\Simon\Nextcloud\Project\Mauritania\Science\Arguin - FieldWork Data Processing\Data\S2\ACOLITE\2025-06-30,168,1027,2950,363555.0,2199705.0,0.160672128200531,0.22413529455661774,0.3360788822174072,0.4499795436859131,0.46105268597602844,0.4824202358722687,0.5130013823509216,0.4967914819717407,0.5307125449180603,0.5885821580886841,0.5329875349998474
2025-06-30,Iwik,ACOLITE,S2B_MSI_2025_06_30_11_45_58_T28QCH_L2W,C:\Users\Simon\Nextcloud\Project\Mauritania\Science\Arguin - FieldWork Data Processing\Data\S2\ACOLITE\2025-06-30,169,1027,2951,363565.0,2199705.0,0.16067497432231903,0.22699348628520966,0.33656227588653564,0.44873782992362976,0.46023833751678467,0.4837445616722107,0.513753354549408,0.5013484954833984,0.5298582911491394,0.5885796546936035,0.5343197584152222
2025-06-30,Iwik,ACOLITE,S2B_MSI_2025_06_30_11_45_58_T28QCH_L2W,C:\Users\Simon\Nextcloud\Project\Mauritania\Science\Arguin - FieldWork Data Processing\Data\S2\ACOLITE\2025-06-30,170,1027,2952,363575.0,2199705.0,0.16067783534526825,0.22127608954906464,0.3375301659107208,0.4495610296726227,0.4602355659008026,0.48374149203300476,0.5137500762939453,0.49952206015586853,0.529854953289032,0.588577151298523,0.5343171954154968
2025-06-30,Iwik,ACOLITE,S2B_MSI_2025_06_30_11_45_58_T28QCH_L2W,C:\Users\Simon\Nextcloud\Project\Mauritania\Science\Arguin - FieldWork Data Processing\Data\S2\ACOLITE\2025-06-30,171,1028,2936,363415.0,2199695.0,0.16619068384170532,0.22555096447467804,0.33625632524490356,0.45166417956352234,0.4595978260040283,0.4860391616821289,0.5102691054344177,0.5015184879302979,0.5301440954208374,0.5897557139396667,0.5381150841712952
2025-06-30,Iwik,ACOLITE,S2B_MSI_2025_06_30_11_45_58_T28QCH_L2W,C:\Users\Simon\Nextcloud\Project\Mauritania\Science\Arguin - FieldWork Data Processing\Data\S2\ACOLITE\2025-06-30,172,1028,2937,363425.0,2199695.0,0.1637258678674698,0.22662334144115448,0.3370630145072937,0.44904640316963196,0.4575645625591278,0.48165616393089294,0.5093836188316345,0.5020362138748169,0.5294111967086792,0.5874672532081604,0.5354432463645935
2025-06-30,Iwik,ACOLITE,S2B_MSI_2025_06_30_11_45_58_T28QCH_L2W,C:\Users\Simon\Nextcloud\Project\Mauritania\Science\Arguin - FieldWork Data Processing\Data\S2\ACOLITE\2025-06-30,173,1028,2938,363435.0,2199695.0,0.16372863948345184,0.22501683235168457,0.33689993619918823,0.44725301861763,0.45756179094314575,0.4816531240940094,0.5093804001808167,0.49942824244499207,0.5294078588485718,0.5874647498130798,0.5354406833648682
2025-06-30,Iwik,ACOLITE,S2B_MSI_2025_06_30_11_45_58_T28QCH_L2W,C:\Users\Simon\Nextcloud\Project\Mauritania\Science\Arguin - FieldWork Data Processing\Data\S2\ACOLITE\2025-06-30,174,1028,2939,363445.0,2199695.0,0.1637314110994339,0.22466036677360535,0.33285510540008545,0.4468368589878082,0.4583713114261627,0.4800560176372528,0.5084946155548096,0.49981603026390076,0.5257546305656433,0.5848326683044434,0.5322830677032471
2025-06-30,Iwik,ACOLITE,S2B_MSI_2025_06_30_11_45_58_T28QCH_L2W,C:\Users\Simon\Nextcloud\Project\Mauritania\Science\Arguin - FieldWork Data Processing\Data\S2\ACOLITE\2025-06-30,175,1028,2940,363455.0,2199695.0,0.16373418271541595,0.22269481420516968,0.3328537344932556,0.4476606845855713,0.4583685100078583,0.48005300760269165,0.5084913969039917,0.4986402988433838,0.5257513523101807,0.5848302245140076,0.5322805047035217
2025-06-30,Iwik,ACOLITE,S2B_MSI_2025_06_30_11_45_58_T28QCH_L2W,C:\Users\Simon\Nextcloud\Project\Mauritania\Science\Arguin - FieldWork Data Processing\Data\S2\ACOLITE\2025-06-30,176,1028,2941,363465.0,2199695.0,0.163736954331398,0.2223380208015442,0.3326904773712158,0.4498610496520996,0.45714718103408813,0.4835028648376465,0.5110087990760803,0.497203528881073,0.5275734663009644,0.5852851271629333,0.5316711664199829
2025-06-30,Iwik,ACOLITE,S2B_MSI_2025_06_30_11_45_58_T28QCH_L2W,C:\Users\Simon\Nextcloud\Project\Mauritania\Science\Arguin - FieldWork Data Processing\Data\S2\ACOLITE\2025-06-30,177,1028,2942,363475.0,2199695.0,0.16373972594738007,0.2232332080602646,0.3354393541812897,0.4513718783855438,0.4571443796157837,0.4834998548030853,0.5110055208206177,0.49498361349105835,0.5275701880455017,0.5852826237678528,0.5316686034202576
2025-06-30,Iwik,ACOLITE,S2B_MSI_2025_06_30_11_45_58_T28QCH_L2W,C:\Users\Simon\Nextcloud\Project\Mauritania\Science\Arguin - FieldWork Data Processing\Data\S2\ACOLITE\2025-06-30,178,1028,2943,363485.0,2199695.0,0.16291937232017517,0.22377048432826996,0.33398228883743286,0.44737672805786133,0.45551615953445435,0.4842931032180786,0.5101202726364136,0.4991523325443268,0.5273236036300659,0.586423397064209,0.5326368808746338
2025-06-30,Iwik,ACOLITE,S2B_MSI_2025_06_30_11_45_58_T28QCH_L2W,C:\Users\Simon\Nextcloud\Project\Mauritania\Science\Arguin - FieldWork Data Processing\Data\S2\ACOLITE\2025-06-30,179,1028,2944,363495.0,2199695.0,0.16292215883731842,0.22234094142913818,0.33446624875068665,0.4473739564418793,0.4555133879184723,0.4842900335788727,0.5101169943809509,0.5009729266166687,0.5273203253746033,0.5864208936691284,0.5326343178749084
2025-06-30,Iwik,ACOLITE,S2B_MSI_2025_06_30_11_45_58_T28QCH_L2W,C:\Users\Simon\Nextcloud\Project\Mauritania\Science\Arguin - FieldWork Data Processing\Data\S2\ACOLITE\2025-06-30,180,1028,2945,363505.0,2199695.0,0.16292496025562286,0.2209104746580124,0.33575838804244995,0.44654449820518494,0.4572714865207672,0.4809679388999939,0.5091055035591125,0.49653950333595276,0.5262218713760376,0.5857324600219727,0.5311754941940308
2025-06-30,Iwik,ACOLITE,S2B_MSI_2025_06_30_11_45_58_T28QCH_L2W,C:\Users\Simon\Nextcloud\Project\Mauritania\Science\Arguin - FieldWork Data Processing\Data\S2\ACOLITE\2025-06-30,181,1028,2946,363515.0,2199695.0,0.1629277467727661,0.22019541263580322,0.3331691026687622,0.4459904432296753,0.45726871490478516,0.4809649586677551,0.5091022253036499,0.4970579743385315,0.5262186527252197,0.5857299566268921,0.5311729311943054
2025-06-30,Iwik,ACOLITE,S2B_MSI_2025_06_30_11_45_58_T28QCH_L2W,C:\Users\Simon\Nextcloud\Project\Mauritania\Science\Arguin - FieldWork Data Processing\Data\S2\ACOLITE\2025-06-30,182,1028,2947,363525.0,2199695.0,0.16293053328990936,0.22109144926071167,0.33607882261276245,0.4483296871185303,0.45672425627708435,0.4816260039806366,0.5069553852081299,0.4974459409713745,0.529013454914093,0.5869849920272827,0.5305635333061218
2025-06-30,Iwik,ACOLITE,S2B_MSI_2025_06_30_11_45_58_T28QCH_L2W,C:\Users\Simon\Nextcloud\Project\Mauritania\Science\Arguin - FieldWork Data Processing\Data\S2\ACOLITE\2025-06-30,183,1028,2948,363535.0,2199695.0,0.1629333198070526,0.2227025181055069,0.33526912331581116,0.44997885823249817,0.4567214846611023,0.48162299394607544,0.5069522261619568,0.5017418265342712,0.5290101766586304,0.5869824886322021,0.5305610299110413
2025-06-30,Iwik,ACOLITE,S2B_MSI_2025_06_30_11_45_58_T28QCH_L2W,C:\Users\Simon\Nextcloud\Project\Mauritania\Science\Arguin - FieldWork Data Processing\Data\S2\ACOLITE\2025-06-30,184,1028,2949,363545.0,2199695.0,0.16067107021808624,0.22216694056987762,0.33316490054130554,0.45135191082954407,0.4573957622051239,0.4832131564617157,0.5102267265319824,0.49848249554634094,0.5293716788291931,0.5858367681503296,0.5295875072479248
2025-06-30,Iwik,ACOLITE,S2B_MSI_2025_06_30_11_45_58_T28QCH_L2W,C:\Users\Simon\Nextcloud\Project\Mauritania\Science\Arguin - FieldWork Data Processing\Data\S2\ACOLITE\2025-06-30,185,1028,2950,363555.0,2199695.0,0.16067391633987427,0.22395579516887665,0.3331635296344757,0.448734313249588,0.45739296078681946,0.48321011662483215,0.5102234482765198,0.4979581832885742,0.5293684005737305,0.585834264755249,0.5295849442481995
2025-06-30,Iwik,ACOLITE,S2B_MSI_2025_06_30_11_45_58_T28QCH_L2W,C:\Users\Simon\Nextcloud\Project\Mauritania\Science\Arguin - FieldWork Data Processing\Data\S2\ACOLITE\2025-06-30,186,1028,2951,363565.0,2199695.0,0.1606767624616623,0.22377802431583405,0.33251479268074036,0.44804301857948303,0.45996156334877014,0.4810827076435089,0.5090859532356262,0.4969123899936676,0.5252286195755005,0.5853745341300964,0.527154803276062
2025-06-30,Iwik,ACOLITE,S2B_MSI_2025_06_30_11_45_58_T28QCH_L2W,C:\Users\Simon\Nextcloud\Project\Mauritania\Science\Arguin - FieldWork Data Processing\Data\S2\ACOLITE\2025-06-30,187,1028,2952,363575.0,2199695.0,0.16067960858345032,0.2191271185874939,0.33461663126945496,0.44914165139198303,0.4599587619304657,0.48107966780662537,0.5090827345848083,0.49521422386169434,0.5252254009246826,0.5853720307350159,0.5271522402763367
2025-06-30,Iwik,ACOLITE,S2B_MSI_2025_06_30_11_45_58_T28QCH_L2W,C:\Users\Simon\Nextcloud\Project\Mauritania\Science\Arguin - FieldWork Data Processing\Data\S2\ACOLITE\2025-06-30,188,1029,2936,363415.0,2199685.0,0.16619223356246948,0.2268001288175583,0.3339879512786865,0.45014432072639465,0.45959174633026123,0.4860326647758484,0.5102624297142029,0.5033347010612488,0.5301374793052673,0.5897513628005981,0.538110613822937
2025-06-30,Iwik,ACOLITE,S2B_MSI_2025_06_30_11_45_58_T28QCH_L2W,C:\Users\Simon\Nextcloud\Project\Mauritania\Science\Arguin - FieldWork Data Processing\Data\S2\ACOLITE\2025-06-30,189,1029,2937,363425.0,2199685.0,0.16372749209403992,0.22340649366378784,0.33738189935684204,0.4497285485267639,0.4575585126876831,0.4816497564315796,0.5093768835067749,0.5037220120429993,0.5294045209884644,0.5874629020690918,0.5354387760162354
2025-06-30,Iwik,ACOLITE,S2B_MSI_2025_06_30_11_45_58_T28QCH_L2W,C:\Users\Simon\Nextcloud\Project\Mauritania\Science\Arguin - FieldWork Data Processing\Data\S2\ACOLITE\2025-06-30,190,1029,2938,363435.0,2199685.0,0.16373024880886078,0.22143976390361786,0.3351173996925354,0.44642001390457153,0.45755574107170105,0.48164674639701843,0.5093736052513123,0.49772778153419495,0.5294013023376465,0.587460458278656,0.53543621301651
2025-06-30,Iwik,ACOLITE,S2B_MSI_2025_06_30_11_45_58_T28QCH_L2W,C:\Users\Simon\Nextcloud\Project\Mauritania\Science\Arguin - FieldWork Data Processing\Data\S2\ACOLITE\2025-06-30,191,1029,2939,363445.0,2199685.0,0.16373303532600403,0.22501692175865173,0.3336601257324219,0.44545236229896545,0.45836520195007324,0.48004958033561707,0.50848788022995,0.4981157183647156,0.5257480144500732,0.5848283767700195,0.5322785973548889
2025-06-30,Iwik,ACOLITE,S2B_MSI_2025_06_30_11_45_58_T28QCH_L2W,C:\Users\Simon\Nextcloud\Project\Mauritania\Science\Arguin - FieldWork Data Processing\Data\S2\ACOLITE\2025-06-30,192,1029,2940,363455.0,2199685.0,0.16373580694198608,0.22787435352802277,0.3347911536693573,0.45040813088417053,0.4583624303340912,0.4800465703010559,0.5084846019744873,0.5009788870811462,0.5257447957992554,0.584825873374939,0.5322760343551636
2025-06-30,Iwik,ACOLITE,S2B_MSI_2025_06_30_11_45_58_T28QCH_L2W,C:\Users\Simon\Nextcloud\Project\Mauritania\Science\Arguin - FieldWork Data Processing\Data\S2\ACOLITE\2025-06-30,193,1029,2941,363465.0,2199685.0,0.16373859345912933,0.22519738972187042,0.33850663900375366,0.4493041932582855,0.45714107155799866,0.48349639773368835,0.5110020041465759,0.5011059641838074,0.5275668501853943,0.58528071641922,0.5316666960716248
2025-06-30,Iwik,ACOLITE,S2B_MSI_2025_06_30_11_45_58_T28QCH_L2W,C:\Users\Simon\Nextcloud\Project\Mauritania\Science\Arguin - FieldWork Data Processing\Data\S2\ACOLITE\2025-06-30,194,1029,2942,363475.0,2199685.0,0.1637413501739502,0.22144372761249542,0.335273414850235,0.4528784155845642,0.4571382999420166,0.4834933578968048,0.5109987258911133,0.5008424520492554,0.5275635719299316,0.5852782726287842,0.5316641330718994
2025-06-30,Iwik,ACOLITE,S2B_MSI_2025_06_30_11_45_58_T28QCH_L2W,C:\Users\Simon\Nextcloud\Project\Mauritania\Science\Arguin - FieldWork Data Processing\Data\S2\ACOLITE\2025-06-30,195,1029,2943,363485.0,2199685.0,0.16292105615139008,0.2198335975408554,0.3336544632911682,0.4516378343105316,0.45551007986068726,0.4842865467071533,0.5101134181022644,0.500839352607727,0.5273169279098511,0.5864190459251404,0.5326324105262756
2025-06-30,Iwik,ACOLITE,S2B_MSI_2025_06_30_11_45_58_T28QCH_L2W,C:\Users\Simon\Nextcloud\Project\Mauritania\Science\Arguin - FieldWork Data Processing\Data\S2\ACOLITE\2025-06-30,196,1029,2944,363495.0,2199685.0,0.16292382776737213,0.22287674248218536,0.33607882261276245,0.449433296918869,0.4555073082447052,0.4842835068702698,0.5101101398468018,0.4978397488594055,0.5273136496543884,0.586416482925415,0.5326297879219055
2025-06-30,Iwik,ACOLITE,S2B_MSI_2025_06_30_11_45_58_T28QCH_L2W,C:\Users\Simon\Nextcloud\Project\Mauritania\Science\Arguin - FieldWork Data Processing\Data\S2\ACOLITE\2025-06-30,197,1029,2945,363505.0,2199685.0,0.16292661428451538,0.22216230630874634,0.33284252882003784,0.44832903146743774,0.45726534724235535,0.48096147179603577,0.5090986490249634,0.49640271067619324,0.5262151956558228,0.5857280492782593,0.5311709642410278
2025-06-30,Iwik,ACOLITE,S2B_MSI_2025_06_30_11_45_58_T28QCH_L2W,C:\Users\Simon\Nextcloud\Project\Mauritania\Science\Arguin - FieldWork Data Processing\Data\S2\ACOLITE\2025-06-30,198,1029,2946,363515.0,2199685.0,0.16292943060398102,0.22001570463180542,0.332841157913208,0.4497029185295105,0.4572625756263733,0.4809584617614746,0.5090954303741455,0.496921181678772,0.5262119770050049,0.5857255458831787,0.5311684012413025
2025-06-30,Iwik,ACOLITE,S2B_MSI_2025_06_30_11_45_58_T28QCH_L2W,C:\Users\Simon\Nextcloud\Project\Mauritania\Science\Arguin - FieldWork Data Processing\Data\S2\ACOLITE\2025-06-30,199,1029,2947,363525.0,2199685.0,0.16293220221996307,0.2200167328119278,0.33510449528694153,0.44570574164390564,0.4567180871963501,0.4816195070743561,0.5069485902786255,0.4978305697441101,0.5290067195892334,0.5869805812835693,0.5305590033531189
2025-06-30,Iwik,ACOLITE,S2B_MSI_2025_06_30_11_45_58_T28QCH_L2W,C:\Users\Simon\Nextcloud\Project\Mauritania\Science\Arguin - FieldWork Data Processing\Data\S2\ACOLITE\2025-06-30,200,1029,2948,363535.0,2199685.0,0.1629350185394287,0.2198387235403061,0.3321909010410309,0.4490089416503906,0.45671528577804565,0.48161643743515015,0.5069453716278076,0.4975668489933014,0.5290034413337708,0.5869780778884888,0.5305564403533936
2025-06-30,Iwik,ACOLITE,S2B_MSI_2025_06_30_11_45_58_T28QCH_L2W,C:\Users\Simon\Nextcloud\Project\Mauritania\Science\Arguin - FieldWork Data Processing\Data\S2\ACOLITE\2025-06-30,201,1029,2949,363545.0,2199685.0,0.1606728583574295,0.22234505414962769,0.3320276737213135,0.452170729637146,0.45738956332206726,0.483206570148468,0.5102198123931885,0.4948256313800812,0.5293649435043335,0.5858323574066162,0.5295829772949219
2025-06-30,Iwik,ACOLITE,S2B_MSI_2025_06_30_11_45_58_T28QCH_L2W,C:\Users\Simon\Nextcloud\Project\Mauritania\Science\Arguin - FieldWork Data Processing\Data\S2\ACOLITE\2025-06-30,202,1029,2950,363555.0,2199685.0,0.16067571938037872,0.22252485156059265,0.33445343375205994,0.4476262927055359,0.4573867619037628,0.4832035303115845,0.5102165341377258,0.4969089925289154,0.5293616056442261,0.5858298540115356,0.5295804142951965
2025-06-30,Iwik,ACOLITE,S2B_MSI_2025_06_30_11_45_58_T28QCH_L2W,C:\Users\Simon\Nextcloud\Project\Mauritania\Science\Arguin - FieldWork Data Processing\Data\S2\ACOLITE\2025-06-30,203,1029,2951,363565.0,2199685.0,0.16067856550216675,0.21930456161499023,0.33348146080970764,0.447761207818985,0.4599553048610687,0.4810761511325836,0.509079098701477,0.4946891963481903,0.5252219438552856,0.5853700637817383,0.5271502733230591
2025-06-30,Iwik,ACOLITE,S2B_MSI_2025_06_30_11_45_58_T28QCH_L2W,C:\Users\Simon\Nextcloud\Project\Mauritania\Science\Arguin - FieldWork Data Processing\Data\S2\ACOLITE\2025-06-30,204,1029,2952,363575.0,2199685.0,0.16068142652511597,0.21966375410556793,0.33267098665237427,0.44954824447631836,0.4599524736404419,0.4810731112957001,0.5090758204460144,0.49742427468299866,0.525218665599823,0.5853676199913025,0.5271477699279785
2025-06-30,Iwik,ACOLITE,S2B_MSI_2025_06_30_11_45_58_T28QCH_L2W,C:\Users\Simon\Nextcloud\Project\Mauritania\Science\Arguin - FieldWork Data Processing\Data\S2\ACOLITE\2025-06-30,205,1029,2953,363585.0,2199685.0,0.160684272646904,0.22270657122135162,0.33202213048934937,0.44816869497299194,0.45954379439353943,0.4816013276576996,0.5073075294494629,0.49650877714157104,0.5215619802474976,0.5855937004089355,0.5253243446350098
2025-06-30,Iwik,ACOLITE,S2B_MSI_2025_06_30_11_45_58_T28QCH_L2W,C:\Users\Simon\Nextcloud\Project\Mauritania\Science\Arguin - FieldWork Data Processing\Data\S2\ACOLITE\2025-06-30,206,1030,2935,363405.0,2199675.0,0.1661910116672516,0.2278692126274109,0.3388341963291168,0.4516545236110687,0.4640505611896515,0.48748788237571716,0.5134080052375793,0.5046327114105225,0.5295261740684509,0.588263750076294,0.5354394912719727
2025-06-30,Iwik,ACOLITE,S2B_MSI_2025_06_30_11_45_58_T28QCH_L2W,C:\Users\Simon\Nextcloud\Project\Mauritania\Science\Arguin - FieldWork Data Processing\Data\S2\ACOLITE\2025-06-30,207,1030,2936,363415.0,2199675.0,0.16619373857975006,0.22644220292568207,0.33689430356025696,0.44931215047836304,0.4640476703643799,0.48748478293418884,0.5134046673774719,0.5035886168479919,0.5295228362083435,0.5882612466812134,0.5354368686676025
2025-06-30,Iwik,ACOLITE,S2B_MSI_2025_06_30_11_45_58_T28QCH_L2W,C:\Users\Simon\Nextcloud\Project\Mauritania\Science\Arguin - FieldWork Data Processing\Data\S2\ACOLITE\2025-06-30,208,1030,2937,363425.0,2199675.0,0.16372911632061005,0.2266216278076172,0.3360846936702728,0.4497223198413849,0.4576878249645233,0.4831039309501648,0.5100003480911255,0.49915811419487,0.5257480144500732,0.5844860076904297,0.5303374528884888
2025-06-30,Iwik,ACOLITE,S2B_MSI_2025_06_30_11_45_58_T28QCH_L2W,C:\Users\Simon\Nextcloud\Project\Mauritania\Science\Arguin - FieldWork Data Processing\Data\S2\ACOLITE\2025-06-30,209,1030,2938,363435.0,2199675.0,0.1637319028377533,0.2230491191148758,0.3357599377632141,0.4472406208515167,0.4576849937438965,0.48310089111328125,0.5099970698356628,0.5012391805648804,0.5257447361946106,0.5844835042953491,0.5303348898887634
2025-06-30,Iwik,ACOLITE,S2B_MSI_2025_06_30_11_45_58_T28QCH_L2W,C:\Users\Simon\Nextcloud\Project\Mauritania\Science\Arguin - FieldWork Data Processing\Data\S2\ACOLITE\2025-06-30,210,1030,2939,363445.0,2199675.0,0.16373467445373535,0.22448012232780457,0.33462655544281006,0.44365349411964417,0.4544309377670288,0.47884711623191833,0.5064632892608643,0.4956322908401489,0.5244022607803345,0.5817363262176514,0.5264480113983154
2025-06-30,Iwik,ACOLITE,S2B_MSI_2025_06_30_11_45_58_T28QCH_L2W,C:\Users\Simon\Nextcloud\Project\Mauritania\Science\Arguin - FieldWork Data Processing\Data\S2\ACOLITE\2025-06-30,211,1030,2940,363455.0,2199675.0,0.1637374609708786,0.22448104619979858,0.3344633877277374,0.44957610964775085,0.45442816615104675,0.4788440763950348,0.5064600110054016,0.501232922077179,0.5243989825248718,0.5817338228225708,0.5264454483985901
2025-06-30,Iwik,ACOLITE,S2B_MSI_2025_06_30_11_45_58_T28QCH_L2W,C:\Users\Simon\Nextcloud\Project\Mauritania\Science\Arguin - FieldWork Data Processing\Data\S2\ACOLITE\2025-06-30,212,1030,2941,363465.0,2199675.0,0.16374023258686066,0.22519655525684357,0.33510884642601013,0.4487471878528595,0.4567286968231201,0.48269346356391907,0.5073397159576416,0.5004484057426453,0.5229342579841614,0.5826462507247925,0.528020977973938
2025-06-30,Iwik,ACOLITE,S2B_MSI_2025_06_30_11_45_58_T28QCH_L2W,C:\Users\Simon\Nextcloud\Project\Mauritania\Science\Arguin - FieldWork Data Processing\Data\S2\ACOLITE\2025-06-30,213,1030,2942,363475.0,2199675.0,0.16374298930168152,0.21965286135673523,0.331547349691391,0.4486066401004791,0.4567258954048157,0.4826904237270355,0.5073364973068237,0.4981001913547516,0.5229310393333435,0.5826438069343567,0.5280184149742126
2025-06-30,Iwik,ACOLITE,S2B_MSI_2025_06_30_11_45_58_T28QCH_L2W,C:\Users\Simon\Nextcloud\Project\Mauritania\Science\Arguin - FieldWork Data Processing\Data\S2\ACOLITE\2025-06-30,214,1030,2943,363485.0,2199675.0,0.1629227101802826,0.22126507759094238,0.3325173854827881,0.4480529725551605,0.4555039703845978,0.48335108160972595,0.5084680914878845,0.49718475341796875,0.5230495929718018,0.5848140120506287,0.528986930847168
2025-06-30,Iwik,ACOLITE,S2B_MSI_2025_06_30_11_45_58_T28QCH_L2W,C:\Users\Simon\Nextcloud\Project\Mauritania\Science\Arguin - FieldWork Data Processing\Data\S2\ACOLITE\2025-06-30,215,1030,2944,363495.0,2199675.0,0.16292551159858704,0.2237698882818222,0.33316341042518616,0.44736140966415405,0.4555011987686157,0.48334801197052,0.5084648132324219,0.4963994324207306,0.5230463743209839,0.5848115086555481,0.5289843678474426
2025-06-30,Iwik,ACOLITE,S2B_MSI_2025_06_30_11_45_58_T28QCH_L2W,C:\Users\Simon\Nextcloud\Project\Mauritania\Science\Arguin - FieldWork Data Processing\Data\S2\ACOLITE\2025-06-30,216,1030,2945,363505.0,2199675.0,0.16292831301689148,0.22198271751403809,0.3300853967666626,0.4487358033657074,0.4537366032600403,0.4789619743824005,0.5085875988006592,0.5003058314323425,0.5242608785629272,0.5858379602432251,0.5298314690589905
2025-06-30,Iwik,ACOLITE,S2B_MSI_2025_06_30_11_45_58_T28QCH_L2W,C:\Users\Simon\Nextcloud\Project\Mauritania\Science\Arguin - FieldWork Data Processing\Data\S2\ACOLITE\2025-06-30,217,1030,2946,363515.0,2199675.0,0.16293111443519592,0.21929877996444702,0.3321894407272339,0.4469424784183502,0.4537338614463806,0.47895893454551697,0.5085843205451965,0.49561095237731934,0.5242576003074646,0.5858354568481445,0.5298288464546204
2025-06-30,Iwik,ACOLITE,S2B_MSI_2025_06_30_11_45_58_T28QCH_L2W,C:\Users\Simon\Nextcloud\Project\Mauritania\Science\Arguin - FieldWork Data Processing\Data\S2\ACOLITE\2025-06-30,218,1030,2947,363525.0,2199675.0,0.16293391585350037,0.22287887334823608,0.33121660351753235,0.44721519947052,0.4553574025630951,0.47789251804351807,0.508202850818634,0.4962598979473114,0.5246196389198303,0.5840036273002625,0.5288553237915039
2025-06-30,Iwik,ACOLITE,S2B_MSI_2025_06_30_11_45_58_T28QCH_L2W,C:\Users\Simon\Nextcloud\Project\Mauritania\Science\Arguin - FieldWork Data Processing\Data\S2\ACOLITE\2025-06-30,219,1030,2948,363535.0,2199675.0,0.1629367172718048,0.22198565304279327,0.3295951783657074,0.44707465171813965,0.45535463094711304,0.4778895080089569,0.5081995725631714,0.4949527978897095,0.5246163606643677,0.5840010643005371,0.5288527607917786
2025-06-30,Iwik,ACOLITE,S2B_MSI_2025_06_30_11_45_58_T28QCH_L2W,C:\Users\Simon\Nextcloud\Project\Mauritania\Science\Arguin - FieldWork Data Processing\Data\S2\ACOLITE\2025-06-30,220,1030,2949,363545.0,2199675.0,0.16067463159561157,0.22127102315425873,0.3326708972454071,0.44720956683158875,0.45657089352607727,0.47988012433052063,0.5063046216964722,0.49090421199798584,0.5240042805671692,0.583541214466095,0.5261797308921814
2025-06-30,Iwik,ACOLITE,S2B_MSI_2025_06_30_11_45_58_T28QCH_L2W,C:\Users\Simon\Nextcloud\Project\Mauritania\Science\Arguin - FieldWork Data Processing\Data\S2\ACOLITE\2025-06-30,221,1030,2950,363555.0,2199675.0,0.1606774926185608,0.22216646373271942,0.3320220410823822,0.4462423324584961,0.4565681219100952,0.4798770844936371,0.5063013434410095,0.4966418445110321,0.5240010619163513,0.5835387110710144,0.5261772274971008
2025-06-30,Iwik,ACOLITE,S2B_MSI_2025_06_30_11_45_58_T28QCH_L2W,C:\Users\Simon\Nextcloud\Project\Mauritania\Science\Arguin - FieldWork Data Processing\Data\S2\ACOLITE\2025-06-30,222,1030,2951,363565.0,2199675.0,0.16068035364151,0.2230614870786667,0.32991522550582886,0.4467906653881073,0.45737776160240173,0.47960832715034485,0.5042791962623596,0.4968995153903961,0.5191242098808289,0.5813632607460022,0.5227753520011902
2025-06-30,Iwik,ACOLITE,S2B_MSI_2025_06_30_11_45_58_T28QCH_L2W,C:\Users\Simon\Nextcloud\Project\Mauritania\Science\Arguin - FieldWork Data Processing\Data\S2\ACOLITE\2025-06-30,223,1030,2952,363575.0,2199675.0,0.16068319976329803,0.2212739884853363,0.33104780316352844,0.4496794641017914,0.4573749899864197,0.4796052873134613,0.5042759776115417,0.4944188594818115,0.5191210508346558,0.5813607573509216,0.5227727890014648
2025-06-30,Iwik,ACOLITE,S2B_MSI_2025_06_30_11_45_58_T28QCH_L2W,C:\Users\Simon\Nextcloud\Project\Mauritania\Science\Arguin - FieldWork Data Processing\Data\S2\ACOLITE\2025-06-30,224,1030,2953,363585.0,2199675.0,0.16068606078624725,0.22109606862068176,0.33088448643684387,0.4478869140148163,0.45506978034973145,0.4803994297981262,0.5074267387390137,0.4927196800708771,0.5198491811752319,0.5829594135284424,0.5228917598724365
2025-06-30,Iwik,ACOLITE,S2B_MSI_2025_06_30_11_45_58_T28QCH_L2W,C:\Users\Simon\Nextcloud\Project\Mauritania\Science\Arguin - FieldWork Data Processing\Data\S2\ACOLITE\2025-06-30,225,1031,2935,363405.0,2199665.0,0.16619256138801575,0.22768990695476532,0.3364066481590271,0.4491710960865021,0.4640444219112396,0.48748138546943665,0.513401210308075,0.5056670308113098,0.5295195579528809,0.5882593989372253,0.5354350209236145
2025-06-30,Iwik,ACOLITE,S2B_MSI_2025_06_30_11_45_58_T28QCH_L2W,C:\Users\Simon\Nextcloud\Project\Mauritania\Science\Arguin - FieldWork Data Processing\Data\S2\ACOLITE\2025-06-30,226,1031,2936,363415.0,2199665.0,0.16619527339935303,0.22107850015163422,0.33527353405952454,0.4513702690601349,0.46404150128364563,0.48747825622558594,0.5133978724479675,0.5017598867416382,0.5295162200927734,0.5882568955421448,0.5354323983192444
2025-06-30,Iwik,ACOLITE,S2B_MSI_2025_06_30_11_45_58_T28QCH_L2W,C:\Users\Simon\Nextcloud\Project\Mauritania\Science\Arguin - FieldWork Data Processing\Data\S2\ACOLITE\2025-06-30,227,1031,2937,363425.0,2199665.0,0.16373075544834137,0.22626368701457977,0.33575713634490967,0.44916537404060364,0.4576817452907562,0.48309752345085144,0.5099935531616211,0.4985002875328064,0.5257413983345032,0.5844817161560059,0.5303329825401306
2025-06-30,Iwik,ACOLITE,S2B_MSI_2025_06_30_11_45_58_T28QCH_L2W,C:\Users\Simon\Nextcloud\Project\Mauritania\Science\Arguin - FieldWork Data Processing\Data\S2\ACOLITE\2025-06-30,228,1031,2938,363435.0,2199665.0,0.16373351216316223,0.22590747475624084,0.33252018690109253,0.44571855664253235,0.4576789438724518,0.4830944538116455,0.5099903345108032,0.4974544644355774,0.5257381200790405,0.5844792127609253,0.5303304195404053
2025-06-30,Iwik,ACOLITE,S2B_MSI_2025_06_30_11_45_58_T28QCH_L2W,C:\Users\Simon\Nextcloud\Project\Mauritania\Science\Arguin - FieldWork Data Processing\Data\S2\ACOLITE\2025-06-30,229,1031,2939,363445.0,2199665.0,0.16373631358146667,0.2244793325662613,0.33122339844703674,0.442405641078949,0.4544249176979065,0.478840708732605,0.5064565539360046,0.49158087372779846,0.5243957042694092,0.5817320346832275,0.526443600654602
2025-06-30,Iwik,ACOLITE,S2B_MSI_2025_06_30_11_45_58_T28QCH_L2W,C:\Users\Simon\Nextcloud\Project\Mauritania\Science\Arguin - FieldWork Data Processing\Data\S2\ACOLITE\2025-06-30,230,1031,2940,363455.0,2199665.0,0.16373907029628754,0.21965020895004272,0.3312220275402069,0.4457129240036011,0.45442214608192444,0.4788376986980438,0.506453275680542,0.4945794939994812,0.5243924260139465,0.581729531288147,0.5264410376548767
2025-06-30,Iwik,ACOLITE,S2B_MSI_2025_06_30_11_45_58_T28QCH_L2W,C:\Users\Simon\Nextcloud\Project\Mauritania\Science\Arguin - FieldWork Data Processing\Data\S2\ACOLITE\2025-06-30,231,1031,2941,363465.0,2199665.0,0.1637418419122696,0.22787338495254517,0.3317064642906189,0.44571012258529663,0.456722617149353,0.48268699645996094,0.507332980632782,0.4947068989276886,0.5229277014732361,0.5826419591903687,0.5280165076255798
2025-06-30,Iwik,ACOLITE,S2B_MSI_2025_06_30_11_45_58_T28QCH_L2W,C:\Users\Simon\Nextcloud\Project\Mauritania\Science\Arguin - FieldWork Data Processing\Data\S2\ACOLITE\2025-06-30,232,1031,2942,363475.0,2199665.0,0.16374464333057404,0.2219790816307068,0.33316197991371155,0.4444664716720581,0.4567198157310486,0.4826839566230774,0.5073297023773193,0.49496474862098694,0.5229244232177734,0.5826394557952881,0.5280139446258545
2025-06-30,Iwik,ACOLITE,S2B_MSI_2025_06_30_11_45_58_T28QCH_L2W,C:\Users\Simon\Nextcloud\Project\Mauritania\Science\Arguin - FieldWork Data Processing\Data\S2\ACOLITE\2025-06-30,233,1031,2943,363485.0,2199665.0,0.1629243940114975,0.22305311262607574,0.3334842026233673,0.4452909529209137,0.4554978907108307,0.48334458470344543,0.5084612965583801,0.4965265691280365,0.5230429768562317,0.5848096013069153,0.5289824604988098
2025-06-30,Iwik,ACOLITE,S2B_MSI_2025_06_30_11_45_58_T28QCH_L2W,C:\Users\Simon\Nextcloud\Project\Mauritania\Science\Arguin - FieldWork Data Processing\Data\S2\ACOLITE\2025-06-30,234,1031,2944,363495.0,2199665.0,0.16292719542980194,0.22037047147750854,0.3308925926685333,0.4457016587257385,0.45549511909484863,0.4833414852619171,0.5084580183029175,0.49456730484962463,0.5230397582054138,0.5848071575164795,0.5289798974990845
2025-06-30,Iwik,ACOLITE,S2B_MSI_2025_06_30_11_45_58_T28QCH_L2W,C:\Users\Simon\Nextcloud\Project\Mauritania\Science\Arguin - FieldWork Data Processing\Data\S2\ACOLITE\2025-06-30,235,1031,2945,363505.0,2199665.0,0.1629299819469452,0.22180311381816864,0.3313770890235901,0.4465257227420807,0.4537305533885956,0.4789555072784424,0.50858074426651,0.49299857020378113,0.5242542028427124,0.5858335494995117,0.5298269391059875
2025-06-30,Iwik,ACOLITE,S2B_MSI_2025_06_30_11_45_58_T28QCH_L2W,C:\Users\Simon\Nextcloud\Project\Mauritania\Science\Arguin - FieldWork Data Processing\Data\S2\ACOLITE\2025-06-30,236,1031,2946,363515.0,2199665.0,0.16293279826641083,0.21876077353954315,0.331537663936615,0.4451446831226349,0.45372775197029114,0.4789524972438812,0.5085774660110474,0.4937784671783447,0.5242509841918945,0.5858310461044312,0.5298243761062622
2025-06-30,Iwik,ACOLITE,S2B_MSI_2025_06_30_11_45_58_T28QCH_L2W,C:\Users\Simon\Nextcloud\Project\Mauritania\Science\Arguin - FieldWork Data Processing\Data\S2\ACOLITE\2025-06-30,237,1031,2947,363525.0,2199665.0,0.16293558478355408,0.22001543641090393,0.32975447177886963,0.4470711648464203,0.4553512632846832,0.4778860807418823,0.5081959962844849,0.4939059019088745,0.5246129631996155,0.5839992165565491,0.528850793838501
2025-06-30,Iwik,ACOLITE,S2B_MSI_2025_06_30_11_45_58_T28QCH_L2W,C:\Users\Simon\Nextcloud\Project\Mauritania\Science\Arguin - FieldWork Data Processing\Data\S2\ACOLITE\2025-06-30,238,1031,2948,363535.0,2199665.0,0.16293837130069733,0.22252146899700165,0.3302391469478607,0.4452769160270691,0.4553484618663788,0.4778830409049988,0.508192777633667,0.49338093400001526,0.5246096849441528,0.5839967131614685,0.5288482308387756
2025-06-30,Iwik,ACOLITE,S2B_MSI_2025_06_30_11_45_58_T28QCH_L2W,C:\Users\Simon\Nextcloud\Project\Mauritania\Science\Arguin - FieldWork Data Processing\Data\S2\ACOLITE\2025-06-30,239,1031,2949,363545.0,2199665.0,0.16067643463611603,0.22019650042057037,0.33476966619491577,0.4443090260028839,0.456564724445343,0.4798735976219177,0.5062978267669678,0.49350836873054504,0.5239976048469543,0.5835368037223816,0.5261752605438232
2025-06-30,Iwik,ACOLITE,S2B_MSI_2025_06_30_11_45_58_T28QCH_L2W,C:\Users\Simon\Nextcloud\Project\Mauritania\Science\Arguin - FieldWork Data Processing\Data\S2\ACOLITE\2025-06-30,240,1031,2950,363555.0,2199665.0,0.16067928075790405,0.21930229663848877,0.32926419377326965,0.4445820152759552,0.4565619230270386,0.4798705577850342,0.5062945485115051,0.4946794807910919,0.5239943265914917,0.583534300327301,0.5261726975440979
2025-06-30,Iwik,ACOLITE,S2B_MSI_2025_06_30_11_45_58_T28QCH_L2W,C:\Users\Simon\Nextcloud\Project\Mauritania\Science\Arguin - FieldWork Data Processing\Data\S2\ACOLITE\2025-06-30,241,1031,2951,363565.0,2199665.0,0.16068212687969208,0.22055652737617493,0.3316926062107086,0.4430621564388275,0.4573715627193451,0.47960180044174194,0.5042724013328552,0.4966323673725128,0.5191175937652588,0.5813588500022888,0.522770881652832
2025-06-30,Iwik,ACOLITE,S2B_MSI_2025_06_30_11_45_58_T28QCH_L2W,C:\Users\Simon\Nextcloud\Project\Mauritania\Science\Arguin - FieldWork Data Processing\Data\S2\ACOLITE\2025-06-30,242,1031,2952,363575.0,2199665.0,0.1606849730014801,0.2205575406551361,0.33330971002578735,0.4419555962085724,0.45736873149871826,0.4795987606048584,0.5042691826820374,0.49493423104286194,0.5191143751144409,0.5813563466072083,0.5227683186531067
2025-06-30,Iwik,ACOLITE,S2B_MSI_2025_06_30_11_45_58_T28QCH_L2W,C:\Users\Simon\Nextcloud\Project\Mauritania\Science\Arguin - FieldWork Data Processing\Data\S2\ACOLITE\2025-06-30,243,1031,2953,363585.0,2199665.0,0.1606878638267517,0.22216865420341492,0.33136603236198425,0.4440220892429352,0.4550635814666748,0.48039284348487854,0.5074198246002197,0.490885853767395,0.5198425054550171,0.5829549431800842,0.5228872299194336
2025-06-30,Iwik,ACOLITE,S2B_MSI_2025_06_30_11_45_58_T28QCH_L2W,C:\Users\Simon\Nextcloud\Project\Mauritania\Science\Arguin - FieldWork Data Processing\Data\S2\ACOLITE\2025-06-30,244,1032,2934,363395.0,2199655.0,0.16413545608520508,0.2228650003671646,0.3362422585487366,0.4480661451816559,0.45971450209617615,0.4849582612514496,0.5103747844696045,0.499545693397522,0.5284217000007629,0.58562833070755,0.5353118181228638
2025-06-30,Iwik,ACOLITE,S2B_MSI_2025_06_30_11_45_58_T28QCH_L2W,C:\Users\Simon\Nextcloud\Project\Mauritania\Science\Arguin - FieldWork Data Processing\Data\S2\ACOLITE\2025-06-30,245,1032,2935,363405.0,2199655.0,0.16413822770118713,0.22322356700897217,0.33640241622924805,0.4509541690349579,0.46011751890182495,0.4856184124946594,0.5108755230903625,0.5034488439559937,0.5275668501853943,0.5861974358558655,0.5304551124572754
2025-06-30,Iwik,ACOLITE,S2B_MSI_2025_06_30_11_45_58_T28QCH_L2W,C:\Users\Simon\Nextcloud\Project\Mauritania\Science\Arguin - FieldWork Data Processing\Data\S2\ACOLITE\2025-06-30,246,1032,2936,363415.0,2199655.0,0.16414101421833038,0.22536908090114594,0.33543097972869873,0.44682058691978455,0.46011465787887573,0.4856153130531311,0.5108722448348999,0.49836674332618713,0.5275635123252869,0.5861949324607849,0.5304524898529053
2025-06-30,Iwik,ACOLITE,S2B_MSI_2025_06_30_11_45_58_T28QCH_L2W,C:\Users\Simon\Nextcloud\Project\Mauritania\Science\Arguin - FieldWork Data Processing\Data\S2\ACOLITE\2025-06-30,247,1032,2937,363425.0,2199655.0,0.16167394816875458,0.2266198992729187,0.33672264218330383,0.4510859251022339,0.45699867606163025,0.48189616203308105,0.5067086219787598,0.4957562983036041,0.5226906538009644,0.5813894867897034,0.5289934277534485
2025-06-30,Iwik,ACOLITE,S2B_MSI_2025_06_30_11_45_58_T28QCH_L2W,C:\Users\Simon\Nextcloud\Project\Mauritania\Science\Arguin - FieldWork Data Processing\Data\S2\ACOLITE\2025-06-30,248,1032,2938,363435.0,2199655.0,0.1616767942905426,0.22394149005413055,0.3339724838733673,0.4479169547557831,0.45699581503868103,0.4818930923938751,0.5067054033279419,0.4949707090854645,0.5226873755455017,0.5813869833946228,0.5289908647537231
2025-06-30,Iwik,ACOLITE,S2B_MSI_2025_06_30_11_45_58_T28QCH_L2W,C:\Users\Simon\Nextcloud\Project\Mauritania\Science\Arguin - FieldWork Data Processing\Data\S2\ACOLITE\2025-06-30,249,1032,2939,363445.0,2199655.0,0.16167964041233063,0.22358492016792297,0.3315431773662567,0.4440550208091736,0.45428335666656494,0.47710588574409485,0.5050618648529053,0.49131354689598083,0.5191498398780823,0.5798974633216858,0.5247395038604736
2025-06-30,Iwik,ACOLITE,S2B_MSI_2025_06_30_11_45_58_T28QCH_L2W,C:\Users\Simon\Nextcloud\Project\Mauritania\Science\Arguin - FieldWork Data Processing\Data\S2\ACOLITE\2025-06-30,250,1032,2940,363455.0,2199655.0,0.16168245673179626,0.22054481506347656,0.3310559093952179,0.4463958442211151,0.4542805850505829,0.4771028757095337,0.5050586462020874,0.49365997314453125,0.5191466212272644,0.5798949599266052,0.5247370004653931
2025-06-30,Iwik,ACOLITE,S2B_MSI_2025_06_30_11_45_58_T28QCH_L2W,C:\Users\Simon\Nextcloud\Project\Mauritania\Science\Arguin - FieldWork Data Processing\Data\S2\ACOLITE\2025-06-30,251,1032,2941,363465.0,2199655.0,0.1616852879524231,0.22036680579185486,0.331702321767807,0.44308388233184814,0.45617473125457764,0.47563666105270386,0.5042980909347534,0.4940483272075653,0.522190272808075,0.5802356004714966,0.5226704478263855
2025-06-30,Iwik,ACOLITE,S2B_MSI_2025_06_30_11_45_58_T28QCH_L2W,C:\Users\Simon\Nextcloud\Project\Mauritania\Science\Arguin - FieldWork Data Processing\Data\S2\ACOLITE\2025-06-30,252,1032,2942,363475.0,2199655.0,0.16168813407421112,0.22412391006946564,0.3323485255241394,0.4445982575416565,0.4561719298362732,0.4756336808204651,0.5042948126792908,0.4932624101638794,0.5221869945526123,0.5802331566810608,0.5226678848266602
2025-06-30,Iwik,ACOLITE,S2B_MSI_2025_06_30_11_45_58_T28QCH_L2W,C:\Users\Simon\Nextcloud\Project\Mauritania\Science\Arguin - FieldWork Data Processing\Data\S2\ACOLITE\2025-06-30,253,1032,2943,363485.0,2199655.0,0.16045506298542023,0.22090579569339752,0.3328326642513275,0.4448711574077606,0.45156025886535645,0.478556364774704,0.50492262840271,0.49325937032699585,0.5231581926345825,0.5817176699638367,0.5233938097953796
2025-06-30,Iwik,ACOLITE,S2B_MSI_2025_06_30_11_45_58_T28QCH_L2W,C:\Users\Simon\Nextcloud\Project\Mauritania\Science\Arguin - FieldWork Data Processing\Data\S2\ACOLITE\2025-06-30,254,1032,2944,363495.0,2199655.0,0.16045790910720825,0.22108577191829681,0.33234572410583496,0.4445926249027252,0.4515575170516968,0.47855332493782043,0.5049193501472473,0.4923427402973175,0.5231549143791199,0.5817151665687561,0.5233912467956543
2025-06-30,Iwik,ACOLITE,S2B_MSI_2025_06_30_11_45_58_T28QCH_L2W,C:\Users\Simon\Nextcloud\Project\Mauritania\Science\Arguin - FieldWork Data Processing\Data\S2\ACOLITE\2025-06-30,255,1032,2945,363505.0,2199655.0,0.16046077013015747,0.22108674049377441,0.3313728868961334,0.4469327926635742,0.4519616961479187,0.4769548773765564,0.5056732296943665,0.4916870594024658,0.5185207724571228,0.5811407566070557,0.5250884294509888
2025-06-30,Iwik,ACOLITE,S2B_MSI_2025_06_30_11_45_58_T28QCH_L2W,C:\Users\Simon\Nextcloud\Project\Mauritania\Science\Arguin - FieldWork Data Processing\Data\S2\ACOLITE\2025-06-30,256,1032,2946,363515.0,2199655.0,0.16046364605426788,0.21858103573322296,0.33104759454727173,0.44651666283607483,0.45195895433425903,0.47695186734199524,0.5056700110435486,0.4955982565879822,0.5185175538063049,0.5811382532119751,0.5250858664512634
2025-06-30,Iwik,ACOLITE,S2B_MSI_2025_06_30_11_45_58_T28QCH_L2W,C:\Users\Simon\Nextcloud\Project\Mauritania\Science\Arguin - FieldWork Data Processing\Data\S2\ACOLITE\2025-06-30,257,1032,2947,363525.0,2199655.0,0.16046647727489471,0.2200147956609726,0.33282706141471863,0.4459626078605652,0.45642879605293274,0.47641685605049133,0.5052881836891174,0.48998352885246277,0.5182704329490662,0.5811357498168945,0.524597704410553
2025-06-30,Iwik,ACOLITE,S2B_MSI_2025_06_30_11_45_58_T28QCH_L2W,C:\Users\Simon\Nextcloud\Project\Mauritania\Science\Arguin - FieldWork Data Processing\Data\S2\ACOLITE\2025-06-30,258,1032,2948,363535.0,2199655.0,0.16046935319900513,0.2175079584121704,0.3312068283557892,0.4437539875507355,0.4564259648323059,0.4764138460159302,0.5052849650382996,0.49376603960990906,0.5182672142982483,0.581133246421814,0.5245951414108276
2025-06-30,Iwik,ACOLITE,S2B_MSI_2025_06_30_11_45_58_T28QCH_L2W,C:\Users\Simon\Nextcloud\Project\Mauritania\Science\Arguin - FieldWork Data Processing\Data\S2\ACOLITE\2025-06-30,259,1032,2949,363545.0,2199655.0,0.15985405445098877,0.22091178596019745,0.3337949514389038,0.44333744049072266,0.4527643620967865,0.4744151532649994,0.5043982863426208,0.4936324954032898,0.5178980827331543,0.5809019207954407,0.5225286483764648
2025-06-30,Iwik,ACOLITE,S2B_MSI_2025_06_30_11_45_58_T28QCH_L2W,C:\Users\Simon\Nextcloud\Project\Mauritania\Science\Arguin - FieldWork Data Processing\Data\S2\ACOLITE\2025-06-30,260,1032,2950,363555.0,2199655.0,0.1598569005727768,0.22180728614330292,0.3310421109199524,0.4444378614425659,0.45276159048080444,0.4744121730327606,0.5043950080871582,0.492324560880661,0.5178948640823364,0.5808994174003601,0.5225260853767395
2025-06-30,Iwik,ACOLITE,S2B_MSI_2025_06_30_11_45_58_T28QCH_L2W,C:\Users\Simon\Nextcloud\Project\Mauritania\Science\Arguin - FieldWork Data Processing\Data\S2\ACOLITE\2025-06-30,261,1032,2951,363565.0,2199655.0,0.1598597913980484,0.21948175132274628,0.3294207751750946,0.444297194480896,0.4520808160305023,0.47746866941452026,0.5026243925094604,0.49506130814552307,0.5153298377990723,0.5788378119468689,0.5200950503349304
2025-06-30,Iwik,ACOLITE,S2B_MSI_2025_06_30_11_45_58_T28QCH_L2W,C:\Users\Simon\Nextcloud\Project\Mauritania\Science\Arguin - FieldWork Data Processing\Data\S2\ACOLITE\2025-06-30,262,1032,2952,363575.0,2199655.0,0.15986268222332,0.21643662452697754,0.3308773934841156,0.4445701241493225,0.4520780146121979,0.4774656295776367,0.5026211142539978,0.4940147399902344,0.5153266191482544,0.5788353681564331,0.5200925469398499
2025-06-30,Iwik,ACOLITE,S2B_MSI_2025_06_30_11_45_58_T28QCH_L2W,C:\Users\Simon\Nextcloud\Project\Mauritania\Science\Arguin - FieldWork Data Processing\Data\S2\ACOLITE\2025-06-30,263,1032,2953,363585.0,2199655.0,0.1598655730485916,0.2196628600358963,0.3305521011352539,0.44415366649627686,0.45397329330444336,0.4819798767566681,0.5067824125289917,0.495185524225235,0.5214200615882874,0.5810062885284424,0.5197257399559021
2025-06-30,Iwik,ACOLITE,S2B_MSI_2025_06_30_11_45_58_T28QCH_L2W,C:\Users\Simon\Nextcloud\Project\Mauritania\Science\Arguin - FieldWork Data Processing\Data\S2\ACOLITE\2025-06-30,264,1033,2934,363395.0,2199645.0,0.164137065410614,0.22089619934558868,0.33688440918922424,0.4475090205669403,0.45970839262008667,0.48495182394981384,0.5103681087493896,0.5001907348632812,0.5284151434898376,0.5856240391731262,0.5353074073791504
2025-06-30,Iwik,ACOLITE,S2B_MSI_2025_06_30_11_45_58_T28QCH_L2W,C:\Users\Simon\Nextcloud\Project\Mauritania\Science\Arguin - FieldWork Data Processing\Data\S2\ACOLITE\2025-06-30,265,1033,2935,363405.0,2199645.0,0.16413983702659607,0.2228652387857437,0.33865973353385925,0.45108550786972046,0.4601114094257355,0.4856119751930237,0.5108687877655029,0.503832995891571,0.5275602340698242,0.5861931443214417,0.5304506421089172
2025-06-30,Iwik,ACOLITE,S2B_MSI_2025_06_30_11_45_58_T28QCH_L2W,C:\Users\Simon\Nextcloud\Project\Mauritania\Science\Arguin - FieldWork Data Processing\Data\S2\ACOLITE\2025-06-30,266,1033,2936,363415.0,2199645.0,0.16414259374141693,0.22447501122951508,0.3351033329963684,0.4476410150527954,0.46010851860046387,0.4856088161468506,0.5108654499053955,0.5020076036453247,0.5275568962097168,0.5861905813217163,0.5304480791091919
2025-06-30,Iwik,ACOLITE,S2B_MSI_2025_06_30_11_45_58_T28QCH_L2W,C:\Users\Simon\Nextcloud\Project\Mauritania\Science\Arguin - FieldWork Data Processing\Data\S2\ACOLITE\2025-06-30,267,1033,2937,363425.0,2199645.0,0.16167566180229187,0.22661902010440826,0.33413150906562805,0.44956594705581665,0.45699262619018555,0.4818897247314453,0.5067019462585449,0.4983573257923126,0.5226840972900391,0.5813852548599243,0.5289890170097351
2025-06-30,Iwik,ACOLITE,S2B_MSI_2025_06_30_11_45_58_T28QCH_L2W,C:\Users\Simon\Nextcloud\Project\Mauritania\Science\Arguin - FieldWork Data Processing\Data\S2\ACOLITE\2025-06-30,268,1033,2938,363435.0,2199645.0,0.1616785228252411,0.22537003457546234,0.3376862704753876,0.44901242852211,0.45698976516723633,0.4818866550922394,0.5066986680030823,0.5013502836227417,0.5226808786392212,0.5813827514648438,0.5289864540100098
2025-06-30,Iwik,ACOLITE,S2B_MSI_2025_06_30_11_45_58_T28QCH_L2W,C:\Users\Simon\Nextcloud\Project\Mauritania\Science\Arguin - FieldWork Data Processing\Data\S2\ACOLITE\2025-06-30,269,1033,2939,363445.0,2199645.0,0.16168135404586792,0.2234053909778595,0.33364322781562805,0.4472191631793976,0.4542773365974426,0.47709956765174866,0.5050551891326904,0.4950917959213257,0.5191434025764465,0.579893171787262,0.5247350931167603
2025-06-30,Iwik,ACOLITE,S2B_MSI_2025_06_30_11_45_58_T28QCH_L2W,C:\Users\Simon\Nextcloud\Project\Mauritania\Science\Arguin - FieldWork Data Processing\Data\S2\ACOLITE\2025-06-30,270,1033,2940,363455.0,2199645.0,0.16168418526649475,0.22036515176296234,0.3350974917411804,0.44776734709739685,0.45427456498146057,0.4770965278148651,0.5050519108772278,0.4957408308982849,0.5191401243209839,0.5798906683921814,0.5247325897216797
2025-06-30,Iwik,ACOLITE,S2B_MSI_2025_06_30_11_45_58_T28QCH_L2W,C:\Users\Simon\Nextcloud\Project\Mauritania\Science\Arguin - FieldWork Data Processing\Data\S2\ACOLITE\2025-06-30,271,1033,2941,363465.0,2199645.0,0.16168701648712158,0.21749992668628693,0.32861971855163574,0.4445948600769043,0.45616865158081055,0.4756303131580353,0.5042914152145386,0.4894729256629944,0.5221837162971497,0.5802313089370728,0.5226660370826721
2025-06-30,Iwik,ACOLITE,S2B_MSI_2025_06_30_11_45_58_T28QCH_L2W,C:\Users\Simon\Nextcloud\Project\Mauritania\Science\Arguin - FieldWork Data Processing\Data\S2\ACOLITE\2025-06-30,272,1033,2942,363475.0,2199645.0,0.1616898477077484,0.22000910341739655,0.3320205807685852,0.4425230324268341,0.4561658799648285,0.4756273329257965,0.5042881369590759,0.4901230037212372,0.522180438041687,0.5802288055419922,0.5226634740829468
2025-06-30,Iwik,ACOLITE,S2B_MSI_2025_06_30_11_45_58_T28QCH_L2W,C:\Users\Simon\Nextcloud\Project\Mauritania\Science\Arguin - FieldWork Data Processing\Data\S2\ACOLITE\2025-06-30,273,1033,2943,363485.0,2199645.0,0.1604568064212799,0.21875643730163574,0.3294275104999542,0.4405877888202667,0.4515542685985565,0.478549987077713,0.5049159526824951,0.491556316614151,0.5231516361236572,0.5817133188247681,0.5233893990516663
2025-06-30,Iwik,ACOLITE,S2B_MSI_2025_06_30_11_45_58_T28QCH_L2W,C:\Users\Simon\Nextcloud\Project\Mauritania\Science\Arguin - FieldWork Data Processing\Data\S2\ACOLITE\2025-06-30,274,1033,2944,363495.0,2199645.0,0.16045968234539032,0.22001111507415771,0.33169394731521606,0.44306930899620056,0.45155152678489685,0.4785469174385071,0.5049126744270325,0.490900456905365,0.5231482982635498,0.5817108154296875,0.5233868360519409
2025-06-30,Iwik,ACOLITE,S2B_MSI_2025_06_30_11_45_58_T28QCH_L2W,C:\Users\Simon\Nextcloud\Project\Mauritania\Science\Arguin - FieldWork Data Processing\Data\S2\ACOLITE\2025-06-30,275,1033,2945,363505.0,2199645.0,0.16046254336833954,0.21840022504329681,0.33007293939590454,0.44568637013435364,0.451955646276474,0.47694846987724304,0.5056664943695068,0.49089744687080383,0.5185142159461975,0.5811364054679871,0.5250840187072754
2025-06-30,Iwik,ACOLITE,S2B_MSI_2025_06_30_11_45_58_T28QCH_L2W,C:\Users\Simon\Nextcloud\Project\Mauritania\Science\Arguin - FieldWork Data Processing\Data\S2\ACOLITE\2025-06-30,276,1033,2946,363515.0,2199645.0,0.16046543419361115,0.21947601437568665,0.33152925968170166,0.4447186291217804,0.45195287466049194,0.4769454598426819,0.5056632161140442,0.49376583099365234,0.5185109972953796,0.5811338424682617,0.5250813961029053
2025-06-30,Iwik,ACOLITE,S2B_MSI_2025_06_30_11_45_58_T28QCH_L2W,C:\Users\Simon\Nextcloud\Project\Mauritania\Science\Arguin - FieldWork Data Processing\Data\S2\ACOLITE\2025-06-30,277,1033,2947,363525.0,2199645.0,0.16046829521656036,0.2218036651611328,0.33330824971199036,0.44361260533332825,0.4564226269721985,0.476410448551178,0.5052814483642578,0.4928494095802307,0.5182638764381409,0.5811313390731812,0.5245932340621948
2025-06-30,Iwik,ACOLITE,S2B_MSI_2025_06_30_11_45_58_T28QCH_L2W,C:\Users\Simon\Nextcloud\Project\Mauritania\Science\Arguin - FieldWork Data Processing\Data\S2\ACOLITE\2025-06-30,278,1033,2948,363535.0,2199645.0,0.16047115623950958,0.2187616527080536,0.3320121169090271,0.4422302842140198,0.45641979575157166,0.47640740871429443,0.5052781701087952,0.4906271696090698,0.5182605981826782,0.5811288952827454,0.5245906710624695
2025-06-30,Iwik,ACOLITE,S2B_MSI_2025_06_30_11_45_58_T28QCH_L2W,C:\Users\Simon\Nextcloud\Project\Mauritania\Science\Arguin - FieldWork Data Processing\Data\S2\ACOLITE\2025-06-30,279,1033,2949,363545.0,2199645.0,0.15985587239265442,0.22019518911838531,0.3281225264072418,0.44098538160324097,0.4527582824230194,0.47440874576568604,0.5043914914131165,0.48905688524246216,0.517891526222229,0.5808975696563721,0.5225241780281067
2025-06-30,Iwik,ACOLITE,S2B_MSI_2025_06_30_11_45_58_T28QCH_L2W,C:\Users\Simon\Nextcloud\Project\Mauritania\Science\Arguin - FieldWork Data Processing\Data\S2\ACOLITE\2025-06-30,280,1033,2950,363555.0,2199645.0,0.15985873341560364,0.21876373887062073,0.3289317786693573,0.4433283805847168,0.45275548100471497,0.47440576553344727,0.5043882727622986,0.4906211197376251,0.5178883075714111,0.5808950066566467,0.5225216150283813
2025-06-30,Iwik,ACOLITE,S2B_MSI_2025_06_30_11_45_58_T28QCH_L2W,C:\Users\Simon\Nextcloud\Project\Mauritania\Science\Arguin - FieldWork Data Processing\Data\S2\ACOLITE\2025-06-30,281,1033,2951,363565.0,2199645.0,0.15986160933971405,0.22109201550483704,0.3258489668369293,0.44097983837127686,0.45207467675209045,0.47746220231056213,0.502617597579956,0.4924456477165222,0.515323281288147,0.5788334608078003,0.520090639591217
2025-06-30,Iwik,ACOLITE,S2B_MSI_2025_06_30_11_45_58_T28QCH_L2W,C:\Users\Simon\Nextcloud\Project\Mauritania\Science\Arguin - FieldWork Data Processing\Data\S2\ACOLITE\2025-06-30,282,1033,2952,363575.0,2199645.0,0.15986450016498566,0.21876581013202667,0.32698336243629456,0.4433227777481079,0.4520719349384308,0.4774591624736786,0.5026143789291382,0.4925731420516968,0.5153200626373291,0.5788309574127197,0.5200880765914917
2025-06-30,Iwik,ACOLITE,S2B_MSI_2025_06_30_11_45_58_T28QCH_L2W,C:\Users\Simon\Nextcloud\Project\Mauritania\Science\Arguin - FieldWork Data Processing\Data\S2\ACOLITE\2025-06-30,283,1033,2953,363585.0,2199645.0,0.15986737608909607,0.21805031597614288,0.3287656009197235,0.4422163665294647,0.4539671540260315,0.481973260641098,0.5067755579948425,0.49543994665145874,0.5214133858680725,0.5810019373893738,0.519721269607544
2025-06-30,Iwik,ACOLITE,S2B_MSI_2025_06_30_11_45_58_T28QCH_L2W,C:\Users\Simon\Nextcloud\Project\Mauritania\Science\Arguin - FieldWork Data Processing\Data\S2\ACOLITE\2025-06-30,284,1034,2933,363385.0,2199635.0,0.1641358882188797,0.22089453041553497,0.33186718821525574,0.45080995559692383,0.45794573426246643,0.48455050587654114,0.5101127028465271,0.49549534916877747,0.5247611403465271,0.5847075581550598,0.5329999923706055
2025-06-30,Iwik,ACOLITE,S2B_MSI_2025_06_30_11_45_58_T28QCH_L2W,C:\Users\Simon\Nextcloud\Project\Mauritania\Science\Arguin - FieldWork Data Processing\Data\S2\ACOLITE\2025-06-30,285,1034,2934,363395.0,2199635.0,0.16413867473602295,0.22286356985569,0.33591049909591675,0.4480538070201874,0.4579429030418396,0.48454737663269043,0.5101093649864197,0.49796944856643677,0.5247578024864197,0.5847049951553345,0.5329974293708801
2025-06-30,Iwik,ACOLITE,S2B_MSI_2025_06_30_11_45_58_T28QCH_L2W,C:\Users\Simon\Nextcloud\Project\Mauritania\Science\Arguin - FieldWork Data Processing\Data\S2\ACOLITE\2025-06-30,286,1034,2935,363405.0,2199635.0,0.1641414314508438,0.22661644220352173,0.3362322747707367,0.4472244381904602,0.4591582119464874,0.4841461479663849,0.5089716911315918,0.49966028332710266,0.5309586524963379,0.5861888527870178,0.5311744809150696
2025-06-30,Iwik,ACOLITE,S2B_MSI_2025_06_30_11_45_58_T28QCH_L2W,C:\Users\Simon\Nextcloud\Project\Mauritania\Science\Arguin - FieldWork Data Processing\Data\S2\ACOLITE\2025-06-30,287,1034,2936,363415.0,2199635.0,0.16414421796798706,0.22358059883117676,0.33461397886276245,0.449837863445282,0.4591553509235382,0.4841430187225342,0.5089683532714844,0.5006991624832153,0.5309553146362305,0.5861862897872925,0.5311718583106995
2025-06-30,Iwik,ACOLITE,S2B_MSI_2025_06_30_11_45_58_T28QCH_L2W,C:\Users\Simon\Nextcloud\Project\Mauritania\Science\Arguin - FieldWork Data Processing\Data\S2\ACOLITE\2025-06-30,288,1034,2937,363425.0,2199635.0,0.16167737543582916,0.2230452299118042,0.334289014339447,0.4468054175376892,0.45630940794944763,0.48148494958877563,0.508208692073822,0.5006960034370422,0.52596515417099,0.5819528102874756,0.5269210338592529
2025-06-30,Iwik,ACOLITE,S2B_MSI_2025_06_30_11_45_58_T28QCH_L2W,C:\Users\Simon\Nextcloud\Project\Mauritania\Science\Arguin - FieldWork Data Processing\Data\S2\ACOLITE\2025-06-30,289,1034,2938,363435.0,2199635.0,0.1616802215576172,0.22501198947429657,0.33606618642807007,0.4473535716533661,0.4563065767288208,0.4814818501472473,0.5082053542137146,0.5017345547676086,0.5259618163108826,0.581950306892395,0.5269184708595276
2025-06-30,Iwik,ACOLITE,S2B_MSI_2025_06_30_11_45_58_T28QCH_L2W,C:\Users\Simon\Nextcloud\Project\Mauritania\Science\Arguin - FieldWork Data Processing\Data\S2\ACOLITE\2025-06-30,290,1034,2939,363445.0,2199635.0,0.1616830676794052,0.22411957383155823,0.333962619304657,0.44900327920913696,0.45603281259536743,0.48161154985427856,0.5056794285774231,0.4980841875076294,0.5262018442153931,0.5811471343040466,0.5250949263572693
2025-06-30,Iwik,ACOLITE,S2B_MSI_2025_06_30_11_45_58_T28QCH_L2W,C:\Users\Simon\Nextcloud\Project\Mauritania\Science\Arguin - FieldWork Data Processing\Data\S2\ACOLITE\2025-06-30,291,1034,2940,363455.0,2199635.0,0.16168589890003204,0.2210804671049118,0.3315334916114807,0.44817423820495605,0.4560299813747406,0.48160845041275024,0.5056761503219604,0.4993840456008911,0.5261985063552856,0.5811446309089661,0.525092363357544
2025-06-30,Iwik,ACOLITE,S2B_MSI_2025_06_30_11_45_58_T28QCH_L2W,C:\Users\Simon\Nextcloud\Project\Mauritania\Science\Arguin - FieldWork Data Processing\Data\S2\ACOLITE\2025-06-30,292,1034,2941,363465.0,2199635.0,0.16168874502182007,0.21929116547107697,0.32764267921447754,0.44527801871299744,0.4544012248516083,0.4796128571033478,0.5057989954948425,0.49586182832717896,0.5177890062332153,0.5809133052825928,0.5225401520729065
2025-06-30,Iwik,ACOLITE,S2B_MSI_2025_06_30_11_45_58_T28QCH_L2W,C:\Users\Simon\Nextcloud\Project\Mauritania\Science\Arguin - FieldWork Data Processing\Data\S2\ACOLITE\2025-06-30,293,1034,2942,363475.0,2199635.0,0.1616915762424469,0.22036650776863098,0.33136874437332153,0.4422408938407898,0.45439842343330383,0.47960975766181946,0.5057957768440247,0.49233633279800415,0.5177857279777527,0.5809108018875122,0.5225375890731812
2025-06-30,Iwik,ACOLITE,S2B_MSI_2025_06_30_11_45_58_T28QCH_L2W,C:\Users\Simon\Nextcloud\Project\Mauritania\Science\Arguin - FieldWork Data Processing\Data\S2\ACOLITE\2025-06-30,294,1034,2943,363485.0,2199635.0,0.16045860946178436,0.21947230398654938,0.328775018453598,0.43961501121520996,0.45344680547714233,0.4770810902118683,0.5023843050003052,0.49063608050346375,0.5231450200080872,0.5797643661499023,0.5221708416938782
2025-06-30,Iwik,ACOLITE,S2B_MSI_2025_06_30_11_45_58_T28QCH_L2W,C:\Users\Simon\Nextcloud\Project\Mauritania\Science\Arguin - FieldWork Data Processing\Data\S2\ACOLITE\2025-06-30,295,1034,2944,363495.0,2199635.0,0.1604614555835724,0.21696476638317108,0.3313659131526947,0.4422352910041809,0.4534440040588379,0.47707805037498474,0.5023810267448425,0.4881511926651001,0.5231416821479797,0.5797618627548218,0.5221682786941528
2025-06-30,Iwik,ACOLITE,S2B_MSI_2025_06_30_11_45_58_T28QCH_L2W,C:\Users\Simon\Nextcloud\Project\Mauritania\Science\Arguin - FieldWork Data Processing\Data\S2\ACOLITE\2025-06-30,296,1034,2945,363505.0,2199635.0,0.1604643315076828,0.2196534276008606,0.32942062616348267,0.4448530673980713,0.4541189968585968,0.47627705335617065,0.502756655216217,0.4915439486503601,0.5142375826835632,0.5789585709571838,0.5208300352096558
2025-06-30,Iwik,ACOLITE,S2B_MSI_2025_06_30_11_45_58_T28QCH_L2W,C:\Users\Simon\Nextcloud\Project\Mauritania\Science\Arguin - FieldWork Data Processing\Data\S2\ACOLITE\2025-06-30,297,1034,2946,363515.0,2199635.0,0.1604672223329544,0.22484058141708374,0.32909512519836426,0.4394685924053192,0.45411619544029236,0.4762740135192871,0.5027533769607544,0.49023523926734924,0.5142343044281006,0.5789560675621033,0.5208274722099304
2025-06-30,Iwik,ACOLITE,S2B_MSI_2025_06_30_11_45_58_T28QCH_L2W,C:\Users\Simon\Nextcloud\Project\Mauritania\Science\Arguin - FieldWork Data Processing\Data\S2\ACOLITE\2025-06-30,298,1034,2947,363525.0,2199635.0,0.16047006845474243,0.22251830995082855,0.3289317190647125,0.4378078877925873,0.452215313911438,0.47879716753959656,0.5013608336448669,0.48605087399482727,0.5181353688240051,0.5782670974731445,0.5193677544593811
2025-06-30,Iwik,ACOLITE,S2B_MSI_2025_06_30_11_45_58_T28QCH_L2W,C:\Users\Simon\Nextcloud\Project\Mauritania\Science\Arguin - FieldWork Data Processing\Data\S2\ACOLITE\2025-06-30,299,1034,2948,363535.0,2199635.0,0.16047295928001404,0.22108834981918335,0.32876822352409363,0.44181013107299805,0.45221254229545593,0.4787940979003906,0.5013576149940491,0.49022915959358215,0.5181320905685425,0.578264594078064,0.5193651914596558
2025-06-30,Iwik,ACOLITE,S2B_MSI_2025_06_30_11_45_58_T28QCH_L2W,C:\Users\Simon\Nextcloud\Project\Mauritania\Science\Arguin - FieldWork Data Processing\Data\S2\ACOLITE\2025-06-30,300,1034,2949,363545.0,2199635.0,0.15985767543315887,0.2166116088628769,0.33022522926330566,0.4405650198459625,0.45153161883354187,0.47613197565078735,0.5029961466789246,0.49087899923324585,0.5182508230209351,0.577804446220398,0.5193626880645752
2025-06-30,Iwik,ACOLITE,S2B_MSI_2025_06_30_11_45_58_T28QCH_L2W,C:\Users\Simon\Nextcloud\Project\Mauritania\Science\Arguin - FieldWork Data Processing\Data\S2\ACOLITE\2025-06-30,301,1034,2950,363555.0,2199635.0,0.15986058115959167,0.21463949978351593,0.3294137716293335,0.4415285289287567,0.4515288174152374,0.4761289358139038,0.5029929280281067,0.4893088638782501,0.5182475447654724,0.5778018832206726,0.5193601250648499
2025-06-30,Iwik,ACOLITE,S2B_MSI_2025_06_30_11_45_58_T28QCH_L2W,C:\Users\Simon\Nextcloud\Project\Mauritania\Science\Arguin - FieldWork Data Processing\Data\S2\ACOLITE\2025-06-30,302,1034,2951,363565.0,2199635.0,0.1598634421825409,0.22216451168060303,0.330222487449646,0.44662758708000183,0.4526109993457794,0.47652488946914673,0.5021056532859802,0.4934832453727722,0.5212914943695068,0.578600287437439,0.5175359845161438
2025-06-30,Iwik,ACOLITE,S2B_MSI_2025_06_30_11_45_58_T28QCH_L2W,C:\Users\Simon\Nextcloud\Project\Mauritania\Science\Arguin - FieldWork Data Processing\Data\S2\ACOLITE\2025-06-30,303,1034,2952,363575.0,2199635.0,0.1598663330078125,0.22216548025608063,0.32811439037323,0.44579803943634033,0.45260822772979736,0.4765218496322632,0.5021024346351624,0.4908698797225952,0.5212882161140442,0.5785977840423584,0.5175334215164185
2025-06-30,Iwik,ACOLITE,S2B_MSI_2025_06_30_11_45_58_T28QCH_L2W,C:\Users\Simon\Nextcloud\Project\Mauritania\Science\Arguin - FieldWork Data Processing\Data\S2\ACOLITE\2025-06-30,304,1034,2953,363585.0,2199635.0,0.1598692089319229,0.2187662273645401,0.33070558309555054,0.4438652992248535,0.45111358165740967,0.4797089993953705,0.5043716430664062,0.49243319034576416,0.519213080406189,0.5792816877365112,0.5176523923873901
2025-06-30,Iwik,ACOLITE,S2B_MSI_2025_06_30_11_45_58_T28QCH_L2W,C:\Users\Simon\Nextcloud\Project\Mauritania\Science\Arguin - FieldWork Data Processing\Data\S2\ACOLITE\2025-06-30,305,1035,2933,363385.0,2199625.0,0.16413751244544983,0.22196756303310394,0.332834392786026,0.4468107223510742,0.4579397141933441,0.4845440685749054,0.5101060271263123,0.4974449574947357,0.5247545838356018,0.584703266620636,0.5329955816268921
2025-06-30,Iwik,ACOLITE,S2B_MSI_2025_06_30_11_45_58_T28QCH_L2W,C:\Users\Simon\Nextcloud\Project\Mauritania\Science\Arguin - FieldWork Data Processing\Data\S2\ACOLITE\2025-06-30,306,1035,2934,363395.0,2199625.0,0.16414028406143188,0.22393549978733063,0.3359062671661377,0.4488738775253296,0.4579368531703949,0.4845409393310547,0.5101026296615601,0.4999176561832428,0.5247513055801392,0.5847007036209106,0.532992959022522
2025-06-30,Iwik,ACOLITE,S2B_MSI_2025_06_30_11_45_58_T28QCH_L2W,C:\Users\Simon\Nextcloud\Project\Mauritania\Science\Arguin - FieldWork Data Processing\Data\S2\ACOLITE\2025-06-30,307,1035,2935,363405.0,2199625.0,0.16414307057857513,0.22232723236083984,0.3352580666542053,0.44501322507858276,0.45915213227272034,0.48413974046707153,0.5089649558067322,0.5009564161300659,0.5309520363807678,0.5861845016479492,0.5311700701713562
2025-06-30,Iwik,ACOLITE,S2B_MSI_2025_06_30_11_45_58_T28QCH_L2W,C:\Users\Simon\Nextcloud\Project\Mauritania\Science\Arguin - FieldWork Data Processing\Data\S2\ACOLITE\2025-06-30,308,1035,2936,363415.0,2199625.0,0.164145827293396,0.2298269271850586,0.33638811111450195,0.44790413975715637,0.45914924144744873,0.4841366112232208,0.5089616179466248,0.49795693159103394,0.5309486389160156,0.5861819982528687,0.5311673879623413
2025-06-30,Iwik,ACOLITE,S2B_MSI_2025_06_30_11_45_58_T28QCH_L2W,C:\Users\Simon\Nextcloud\Project\Mauritania\Science\Arguin - FieldWork Data Processing\Data\S2\ACOLITE\2025-06-30,309,1035,2937,363425.0,2199625.0,0.16167911887168884,0.2271527349948883,0.33557847142219543,0.45065441727638245,0.45630335807800293,0.4814785420894623,0.5082019567489624,0.5025123953819275,0.5259585976600647,0.5819485187530518,0.5269166231155396
2025-06-30,Iwik,ACOLITE,S2B_MSI_2025_06_30_11_45_58_T28QCH_L2W,C:\Users\Simon\Nextcloud\Project\Mauritania\Science\Arguin - FieldWork Data Processing\Data\S2\ACOLITE\2025-06-30,310,1035,2938,363435.0,2199625.0,0.16168195009231567,0.22304542362689972,0.3339598476886749,0.4487245976924896,0.4563004970550537,0.48147544264793396,0.508198618888855,0.5002958178520203,0.5259552597999573,0.5819460153579712,0.5269140601158142
2025-06-30,Iwik,ACOLITE,S2B_MSI_2025_06_30_11_45_58_T28QCH_L2W,C:\Users\Simon\Nextcloud\Project\Mauritania\Science\Arguin - FieldWork Data Processing\Data\S2\ACOLITE\2025-06-30,311,1035,2939,363445.0,2199625.0,0.1616847962141037,0.22322511672973633,0.33428189158439636,0.44899705052375793,0.4560267925262451,0.4816051423549652,0.5056727528572083,0.5038074851036072,0.5261952877044678,0.5811428427696228,0.5250905752182007
2025-06-30,Iwik,ACOLITE,S2B_MSI_2025_06_30_11_45_58_T28QCH_L2W,C:\Users\Simon\Nextcloud\Project\Mauritania\Science\Arguin - FieldWork Data Processing\Data\S2\ACOLITE\2025-06-30,312,1035,2940,363455.0,2199625.0,0.16168764233589172,0.2210797816514969,0.332338809967041,0.44899415969848633,0.4560239315032959,0.4816020131111145,0.5056694746017456,0.49455443024635315,0.5261919498443604,0.5811403393745422,0.5250879526138306
2025-06-30,Iwik,ACOLITE,S2B_MSI_2025_06_30_11_45_58_T28QCH_L2W,C:\Users\Simon\Nextcloud\Project\Mauritania\Science\Arguin - FieldWork Data Processing\Data\S2\ACOLITE\2025-06-30,313,1035,2941,363465.0,2199625.0,0.16169047355651855,0.22251184284687042,0.3323373794555664,0.44430676102638245,0.4543951749801636,0.47960638999938965,0.5057923197746277,0.49520349502563477,0.5177825093269348,0.580909013748169,0.5225358009338379
2025-06-30,Iwik,ACOLITE,S2B_MSI_2025_06_30_11_45_58_T28QCH_L2W,C:\Users\Simon\Nextcloud\Project\Mauritania\Science\Arguin - FieldWork Data Processing\Data\S2\ACOLITE\2025-06-30,314,1035,2942,363475.0,2199625.0,0.161693274974823,0.21982881426811218,0.332497775554657,0.44002607464790344,0.45439237356185913,0.4796033501625061,0.5057889819145203,0.491416335105896,0.5177792906761169,0.5809064507484436,0.5225332379341125
2025-06-30,Iwik,ACOLITE,S2B_MSI_2025_06_30_11_45_58_T28QCH_L2W,C:\Users\Simon\Nextcloud\Project\Mauritania\Science\Arguin - FieldWork Data Processing\Data\S2\ACOLITE\2025-06-30,315,1035,2943,363485.0,2199625.0,0.16046036779880524,0.22108273208141327,0.33006739616394043,0.4427838921546936,0.45344075560569763,0.4770747125148773,0.5023775696754456,0.49167439341545105,0.5231384038925171,0.5797600746154785,0.52216637134552
2025-06-30,Iwik,ACOLITE,S2B_MSI_2025_06_30_11_45_58_T28QCH_L2W,C:\Users\Simon\Nextcloud\Project\Mauritania\Science\Arguin - FieldWork Data Processing\Data\S2\ACOLITE\2025-06-30,316,1035,2944,363495.0,2199625.0,0.16046322882175446,0.21983082592487335,0.3313617408275604,0.4459523856639862,0.4534379243850708,0.4770716428756714,0.5023742914199829,0.49010446667671204,0.5231350660324097,0.5797575116157532,0.5221638083457947
2025-06-30,Iwik,ACOLITE,S2B_MSI_2025_06_30_11_45_58_T28QCH_L2W,C:\Users\Simon\Nextcloud\Project\Mauritania\Science\Arguin - FieldWork Data Processing\Data\S2\ACOLITE\2025-06-30,317,1035,2945,363505.0,2199625.0,0.16046610474586487,0.21481288969516754,0.33055058121681213,0.4437437951564789,0.4541129171848297,0.4762706458568573,0.5027499198913574,0.49023205041885376,0.5142310857772827,0.5789542198181152,0.5208256244659424
2025-06-30,Iwik,ACOLITE,S2B_MSI_2025_06_30_11_45_58_T28QCH_L2W,C:\Users\Simon\Nextcloud\Project\Mauritania\Science\Arguin - FieldWork Data Processing\Data\S2\ACOLITE\2025-06-30,318,1035,2946,363515.0,2199625.0,0.1604689657688141,0.2207278162240982,0.32957714796066284,0.44222351908683777,0.4541100859642029,0.47626760601997375,0.5027467012405396,0.4924483001232147,0.5142278671264648,0.5789517164230347,0.520823061466217
2025-06-30,Iwik,ACOLITE,S2B_MSI_2025_06_30_11_45_58_T28QCH_L2W,C:\Users\Simon\Nextcloud\Project\Mauritania\Science\Arguin - FieldWork Data Processing\Data\S2\ACOLITE\2025-06-30,319,1035,2947,363525.0,2199625.0,0.1604718416929245,0.21875940263271332,0.3336232602596283,0.44056445360183716,0.4522092640399933,0.4787907302379608,0.5013540983200073,0.48735183477401733,0.5181288123130798,0.5782627463340759,0.5193633437156677
2025-06-30,Iwik,ACOLITE,S2B_MSI_2025_06_30_11_45_58_T28QCH_L2W,C:\Users\Simon\Nextcloud\Project\Mauritania\Science\Arguin - FieldWork Data Processing\Data\S2\ACOLITE\2025-06-30,320,1035,2948,363535.0,2199625.0,0.1604747176170349,0.2191186547279358,0.3298984169960022,0.4405616521835327,0.45220646262168884,0.4787876307964325,0.5013508796691895,0.49244216084480286,0.5181255340576172,0.5782602429389954,0.5193607807159424
2025-06-30,Iwik,ACOLITE,S2B_MSI_2025_06_30_11_45_58_T28QCH_L2W,C:\Users\Simon\Nextcloud\Project\Mauritania\Science\Arguin - FieldWork Data Processing\Data\S2\ACOLITE\2025-06-30,321,1035,2949,363545.0,2199625.0,0.15985949337482452,0.21822410821914673,0.32924890518188477,0.4413870871067047,0.4515255391597748,0.4761255085468292,0.5029894113540649,0.4919170141220093,0.518244206905365,0.5778000354766846,0.5193582773208618
2025-06-30,Iwik,ACOLITE,S2B_MSI_2025_06_30_11_45_58_T28QCH_L2W,C:\Users\Simon\Nextcloud\Project\Mauritania\Science\Arguin - FieldWork Data Processing\Data\S2\ACOLITE\2025-06-30,322,1035,2950,363555.0,2199625.0,0.15986238420009613,0.21983692049980164,0.3313532769680023,0.44124627113342285,0.4515227675437927,0.47612249851226807,0.5029861330986023,0.48786550760269165,0.5182409882545471,0.577797532081604,0.5193556547164917
2025-06-30,Iwik,ACOLITE,S2B_MSI_2025_06_30_11_45_58_T28QCH_L2W,C:\Users\Simon\Nextcloud\Project\Mauritania\Science\Arguin - FieldWork Data Processing\Data\S2\ACOLITE\2025-06-30,323,1035,2951,363565.0,2199625.0,0.15986526012420654,0.21715101599693298,0.33313217759132385,0.4423474967479706,0.45260488986968994,0.476518452167511,0.5020989179611206,0.4907359778881073,0.521284818649292,0.5785959362983704,0.5175315141677856
2025-06-30,Iwik,ACOLITE,S2B_MSI_2025_06_30_11_45_58_T28QCH_L2W,C:\Users\Simon\Nextcloud\Project\Mauritania\Science\Arguin - FieldWork Data Processing\Data\S2\ACOLITE\2025-06-30,324,1035,2952,363575.0,2199625.0,0.15986815094947815,0.21876460313796997,0.3285965621471405,0.44303441047668457,0.4526021182537079,0.47651538252830505,0.502095639705658,0.49321284890174866,0.5212815403938293,0.5785934329032898,0.5175289511680603
2025-06-30,Iwik,ACOLITE,S2B_MSI_2025_06_30_11_45_58_T28QCH_L2W,C:\Users\Simon\Nextcloud\Project\Mauritania\Science\Arguin - FieldWork Data Processing\Data\S2\ACOLITE\2025-06-30,325,1035,2953,363585.0,2199625.0,0.15987102687358856,0.22055584192276,0.33134904503822327,0.44620224833488464,0.4511075019836426,0.4797024130821228,0.5043647885322571,0.49399247765541077,0.5192064642906189,0.5792772769927979,0.517647922039032
2025-06-30,Iwik,ACOLITE,S2B_MSI_2025_06_30_11_45_58_T28QCH_L2W,C:\Users\Simon\Nextcloud\Project\Mauritania\Science\Arguin - FieldWork Data Processing\Data\S2\ACOLITE\2025-06-30,326,1036,2932,363375.0,2199615.0,0.16413633525371552,0.22554084658622742,0.3325079679489136,0.44377458095550537,0.45482122898101807,0.4785645008087158,0.5087162256240845,0.4954860508441925,0.5229247808456421,0.582528829574585,0.5310520529747009
2025-06-30,Iwik,ACOLITE,S2B_MSI_2025_06_30_11_45_58_T28QCH_L2W,C:\Users\Simon\Nextcloud\Project\Mauritania\Science\Arguin - FieldWork Data Processing\Data\S2\ACOLITE\2025-06-30,327,1036,2933,363385.0,2199615.0,0.16413910686969757,0.22268232703208923,0.3316970467567444,0.4423920512199402,0.4587458372116089,0.48307785391807556,0.5069474577903748,0.49717798829078674,0.5215814113616943,0.5833268165588379,0.531292200088501
2025-06-30,Iwik,ACOLITE,S2B_MSI_2025_06_30_11_45_58_T28QCH_L2W,C:\Users\Simon\Nextcloud\Project\Mauritania\Science\Arguin - FieldWork Data Processing\Data\S2\ACOLITE\2025-06-30,328,1036,2934,363395.0,2199615.0,0.16414186358451843,0.22321969270706177,0.3360636234283447,0.4487299919128418,0.4587429463863373,0.48307469487190247,0.5069441795349121,0.4984782338142395,0.5215780735015869,0.5833242535591125,0.5312895774841309
2025-06-30,Iwik,ACOLITE,S2B_MSI_2025_06_30_11_45_58_T28QCH_L2W,C:\Users\Simon\Nextcloud\Project\Mauritania\Science\Arguin - FieldWork Data Processing\Data\S2\ACOLITE\2025-06-30,329,1036,2935,363405.0,2199615.0,0.16414466500282288,0.22196879982948303,0.3370317220687866,0.44734987616539,0.45521923899650574,0.48439866304397583,0.5100926160812378,0.4973021149635315,0.5264454483985901,0.585837185382843,0.5308014750480652
2025-06-30,Iwik,ACOLITE,S2B_MSI_2025_06_30_11_45_58_T28QCH_L2W,C:\Users\Simon\Nextcloud\Project\Mauritania\Science\Arguin - FieldWork Data Processing\Data\S2\ACOLITE\2025-06-30,330,1036,2936,363415.0,2199615.0,0.16414742171764374,0.2259015291929245,0.3378378450870514,0.45010069012641907,0.4552164077758789,0.4843955636024475,0.5100892186164856,0.4999050199985504,0.5264421105384827,0.5858346223831177,0.5307988524436951
2025-06-30,Iwik,ACOLITE,S2B_MSI_2025_06_30_11_45_58_T28QCH_L2W,C:\Users\Simon\Nextcloud\Project\Mauritania\Science\Arguin - FieldWork Data Processing\Data\S2\ACOLITE\2025-06-30,331,1036,2937,363425.0,2199615.0,0.16168081760406494,0.2273302972316742,0.33638232946395874,0.4506481885910034,0.45399388670921326,0.4833308160305023,0.509959876537323,0.5015947818756104,0.5259520411491394,0.582630455493927,0.5281261205673218
2025-06-30,Iwik,ACOLITE,S2B_MSI_2025_06_30_11_45_58_T28QCH_L2W,C:\Users\Simon\Nextcloud\Project\Mauritania\Science\Arguin - FieldWork Data Processing\Data\S2\ACOLITE\2025-06-30,332,1036,2938,363435.0,2199615.0,0.16168366372585297,0.22411710023880005,0.33347031474113464,0.4487183690071106,0.4539910554885864,0.4833276569843292,0.5099565386772156,0.4983353316783905,0.525948703289032,0.5826278924942017,0.5281234979629517
2025-06-30,Iwik,ACOLITE,S2B_MSI_2025_06_30_11_45_58_T28QCH_L2W,C:\Users\Simon\Nextcloud\Project\Mauritania\Science\Arguin - FieldWork Data Processing\Data\S2\ACOLITE\2025-06-30,333,1036,2939,363445.0,2199615.0,0.161686509847641,0.22304563224315643,0.3344394266605377,0.44527140259742737,0.4562916159629822,0.48093464970588684,0.5075581073760986,0.4958554804325104,0.5248498320579529,0.5802234411239624,0.5256931185722351
2025-06-30,Iwik,ACOLITE,S2B_MSI_2025_06_30_11_45_58_T28QCH_L2W,C:\Users\Simon\Nextcloud\Project\Mauritania\Science\Arguin - FieldWork Data Processing\Data\S2\ACOLITE\2025-06-30,334,1036,2940,363455.0,2199615.0,0.16168934106826782,0.22036321461200714,0.33492305874824524,0.44595766067504883,0.45628872513771057,0.4809315800666809,0.5075547695159912,0.4903716444969177,0.5248464941978455,0.5802208781242371,0.525690495967865
2025-06-30,Iwik,ACOLITE,S2B_MSI_2025_06_30_11_45_58_T28QCH_L2W,C:\Users\Simon\Nextcloud\Project\Mauritania\Science\Arguin - FieldWork Data Processing\Data\S2\ACOLITE\2025-06-30,335,1036,2941,363465.0,2199615.0,0.16169217228889465,0.22304750978946686,0.33346596360206604,0.4458169937133789,0.4538470208644867,0.4826546609401703,0.5070470571517944,0.49363186955451965,0.5213112235069275,0.5807903409004211,0.5241097211837769
2025-06-30,Iwik,ACOLITE,S2B_MSI_2025_06_30_11_45_58_T28QCH_L2W,C:\Users\Simon\Nextcloud\Project\Mauritania\Science\Arguin - FieldWork Data Processing\Data\S2\ACOLITE\2025-06-30,336,1036,2942,363475.0,2199615.0,0.16169503331184387,0.22197553515434265,0.3354050815105438,0.4465031027793884,0.45384421944618225,0.4826515316963196,0.507043719291687,0.4919322431087494,0.5213079452514648,0.5807877779006958,0.5241071581840515
2025-06-30,Iwik,ACOLITE,S2B_MSI_2025_06_30_11_45_58_T28QCH_L2W,C:\Users\Simon\Nextcloud\Project\Mauritania\Science\Arguin - FieldWork Data Processing\Data\S2\ACOLITE\2025-06-30,337,1036,2943,363485.0,2199615.0,0.1604621410369873,0.22251300513744354,0.33798858523368835,0.44581127166748047,0.45343470573425293,0.4790623188018799,0.5065358877182007,0.49166813492774963,0.5197203159332275,0.5789549350738525,0.5224047899246216
2025-06-30,Iwik,ACOLITE,S2B_MSI_2025_06_30_11_45_58_T28QCH_L2W,C:\Users\Simon\Nextcloud\Project\Mauritania\Science\Arguin - FieldWork Data Processing\Data\S2\ACOLITE\2025-06-30,338,1036,2944,363495.0,2199615.0,0.1604650318622589,0.22394394874572754,0.33135753870010376,0.4484255909919739,0.4534319043159485,0.47905924916267395,0.5065325498580933,0.4959702789783478,0.5197169780731201,0.578952431678772,0.5224022269248962
2025-06-30,Iwik,ACOLITE,S2B_MSI_2025_06_30_11_45_58_T28QCH_L2W,C:\Users\Simon\Nextcloud\Project\Mauritania\Science\Arguin - FieldWork Data Processing\Data\S2\ACOLITE\2025-06-30,339,1036,2945,363505.0,2199615.0,0.16046790778636932,0.21947312355041504,0.3315180838108063,0.44373762607574463,0.4527512192726135,0.47613126039505005,0.5041319131851196,0.49361950159072876,0.5145907998085022,0.5773481130599976,0.5205783247947693
2025-06-30,Iwik,ACOLITE,S2B_MSI_2025_06_30_11_45_58_T28QCH_L2W,C:\Users\Simon\Nextcloud\Project\Mauritania\Science\Arguin - FieldWork Data Processing\Data\S2\ACOLITE\2025-06-30,340,1036,2946,363515.0,2199615.0,0.16047076880931854,0.22197942435741425,0.330545037984848,0.4429071843624115,0.4527484178543091,0.4761282205581665,0.504128634929657,0.48930850625038147,0.5145875215530396,0.5773455500602722,0.520575761795044
2025-06-30,Iwik,ACOLITE,S2B_MSI_2025_06_30_11_45_58_T28QCH_L2W,C:\Users\Simon\Nextcloud\Project\Mauritania\Science\Arguin - FieldWork Data Processing\Data\S2\ACOLITE\2025-06-30,341,1036,2947,363525.0,2199615.0,0.16047365963459015,0.22037020325660706,0.3294095993041992,0.44345608353614807,0.4524744153022766,0.4757261276245117,0.5029892325401306,0.4902196526527405,0.5173905491828918,0.5759698748588562,0.5163227915763855
2025-06-30,Iwik,ACOLITE,S2B_MSI_2025_06_30_11_45_58_T28QCH_L2W,C:\Users\Simon\Nextcloud\Project\Mauritania\Science\Arguin - FieldWork Data Processing\Data\S2\ACOLITE\2025-06-30,342,1036,2948,363535.0,2199615.0,0.16047650575637817,0.21750573813915253,0.3297322690486908,0.4409696161746979,0.4524715840816498,0.4757230877876282,0.5029858946800232,0.49139168858528137,0.5173872113227844,0.5759673714637756,0.5163202285766602
2025-06-30,Iwik,ACOLITE,S2B_MSI_2025_06_30_11_45_58_T28QCH_L2W,C:\Users\Simon\Nextcloud\Project\Mauritania\Science\Arguin - FieldWork Data Processing\Data\S2\ACOLITE\2025-06-30,343,1036,2949,363545.0,2199615.0,0.15986132621765137,0.21893998980522156,0.32762375473976135,0.4416569173336029,0.45260438323020935,0.47478872537612915,0.5005828738212585,0.487339586019516,0.5112810134887695,0.575621485710144,0.5174107551574707
2025-06-30,Iwik,ACOLITE,S2B_MSI_2025_06_30_11_45_58_T28QCH_L2W,C:\Users\Simon\Nextcloud\Project\Mauritania\Science\Arguin - FieldWork Data Processing\Data\S2\ACOLITE\2025-06-30,344,1036,2950,363555.0,2199615.0,0.15986420214176178,0.22198328375816345,0.32989147305488586,0.4417921304702759,0.4526015818119049,0.474785715341568,0.5005796551704407,0.48903506994247437,0.5112777948379517,0.5756189823150635,0.5174081921577454
2025-06-30,Iwik,ACOLITE,S2B_MSI_2025_06_30_11_45_58_T28QCH_L2W,C:\Users\Simon\Nextcloud\Project\Mauritania\Science\Arguin - FieldWork Data Processing\Data\S2\ACOLITE\2025-06-30,345,1036,2951,363565.0,2199615.0,0.1598670780658722,0.2182256132364273,0.3305380046367645,0.4433068335056305,0.4544963836669922,0.47877195477485657,0.5042383670806885,0.4913824796676636,0.520547091960907,0.5777906775474548,0.5161911249160767
2025-06-30,Iwik,ACOLITE,S2B_MSI_2025_06_30_11_45_58_T28QCH_L2W,C:\Users\Simon\Nextcloud\Project\Mauritania\Science\Arguin - FieldWork Data Processing\Data\S2\ACOLITE\2025-06-30,346,1036,2952,363575.0,2199615.0,0.159869983792305,0.22144868969917297,0.3295647203922272,0.4446828365325928,0.45449355244636536,0.47876885533332825,0.5042350888252258,0.4950326085090637,0.5205438137054443,0.5777881145477295,0.5161886215209961
2025-06-30,Iwik,ACOLITE,S2B_MSI_2025_06_30_11_45_58_T28QCH_L2W,C:\Users\Simon\Nextcloud\Project\Mauritania\Science\Arguin - FieldWork Data Processing\Data\S2\ACOLITE\2025-06-30,347,1036,2953,363585.0,2199615.0,0.1598728597164154,0.22037622332572937,0.33085909485816956,0.4457825720310211,0.45679324865341187,0.48208627104759216,0.5062503814697266,0.4952903091907501,0.5198092460632324,0.5799592733383179,0.5178862810134888
2025-06-30,Iwik,ACOLITE,S2B_MSI_2025_06_30_11_45_58_T28QCH_L2W,C:\Users\Simon\Nextcloud\Project\Mauritania\Science\Arguin - FieldWork Data Processing\Data\S2\ACOLITE\2025-06-30,348,1037,2932,363375.0,2199605.0,0.16413792967796326,0.22393211722373962,0.32942628860473633,0.4454231858253479,0.4548152685165405,0.478558212518692,0.5087095499038696,0.4944364130496979,0.5229183435440063,0.5825245380401611,0.5310476422309875
2025-06-30,Iwik,ACOLITE,S2B_MSI_2025_06_30_11_45_58_T28QCH_L2W,C:\Users\Simon\Nextcloud\Project\Mauritania\Science\Arguin - FieldWork Data Processing\Data\S2\ACOLITE\2025-06-30,349,1037,2933,363385.0,2199605.0,0.1641407161951065,0.21999749541282654,0.3297490179538727,0.4425240457057953,0.4587397873401642,0.4830714762210846,0.5069408416748047,0.4989962875843048,0.5215749144554138,0.5833225250244141,0.5312877297401428
2025-06-30,Iwik,ACOLITE,S2B_MSI_2025_06_30_11_45_58_T28QCH_L2W,C:\Users\Simon\Nextcloud\Project\Mauritania\Science\Arguin - FieldWork Data Processing\Data\S2\ACOLITE\2025-06-30,350,1037,2934,363395.0,2199605.0,0.16414347290992737,0.2242913544178009,0.33622103929519653,0.44734662771224976,0.45873692631721497,0.4830682873725891,0.5069375038146973,0.4983416497707367,0.5215715765953064,0.5833199620246887,0.5312851667404175
2025-06-30,Iwik,ACOLITE,S2B_MSI_2025_06_30_11_45_58_T28QCH_L2W,C:\Users\Simon\Nextcloud\Project\Mauritania\Science\Arguin - FieldWork Data Processing\Data\S2\ACOLITE\2025-06-30,351,1037,2935,363405.0,2199605.0,0.16414625942707062,0.22482824325561523,0.3352496325969696,0.4451388418674469,0.4552132189273834,0.4843922257423401,0.5100858807563782,0.49742618203163147,0.5264389514923096,0.5858328342437744,0.5307970643043518
2025-06-30,Iwik,ACOLITE,S2B_MSI_2025_06_30_11_45_58_T28QCH_L2W,C:\Users\Simon\Nextcloud\Project\Mauritania\Science\Arguin - FieldWork Data Processing\Data\S2\ACOLITE\2025-06-30,352,1037,2936,363415.0,2199605.0,0.16414904594421387,0.2198214828968048,0.3313647508621216,0.44871801137924194,0.4552103877067566,0.4843890964984894,0.510082483291626,0.4984656870365143,0.5264355540275574,0.5858302712440491,0.5307944416999817
2025-06-30,Iwik,ACOLITE,S2B_MSI_2025_06_30_11_45_58_T28QCH_L2W,C:\Users\Simon\Nextcloud\Project\Mauritania\Science\Arguin - FieldWork Data Processing\Data\S2\ACOLITE\2025-06-30,353,1037,2937,363425.0,2199605.0,0.16168253123760223,0.22107547521591187,0.3365396559238434,0.448577344417572,0.45398786664009094,0.4833243489265442,0.5099531412124634,0.49924421310424805,0.5259454250335693,0.5826261043548584,0.5281217098236084
2025-06-30,Iwik,ACOLITE,S2B_MSI_2025_06_30_11_45_58_T28QCH_L2W,C:\Users\Simon\Nextcloud\Project\Mauritania\Science\Arguin - FieldWork Data Processing\Data\S2\ACOLITE\2025-06-30,354,1037,2938,363435.0,2199605.0,0.16168537735939026,0.22286516427993774,0.3354067802429199,0.44912517070770264,0.4539850354194641,0.4833212196826935,0.5099497437477112,0.49689537286758423,0.5259420871734619,0.5826236009597778,0.5281190872192383
2025-06-30,Iwik,ACOLITE,S2B_MSI_2025_06_30_11_45_58_T28QCH_L2W,C:\Users\Simon\Nextcloud\Project\Mauritania\Science\Arguin - FieldWork Data Processing\Data\S2\ACOLITE\2025-06-30,355,1037,2939,363445.0,2199605.0,0.1616882085800171,0.2246532142162323,0.3336264193058014,0.4454030394554138,0.4562855660915375,0.4809282720088959,0.507551372051239,0.49676185846328735,0.5248432755470276,0.5802190899848938,0.5256887078285217
2025-06-30,Iwik,ACOLITE,S2B_MSI_2025_06_30_11_45_58_T28QCH_L2W,C:\Users\Simon\Nextcloud\Project\Mauritania\Science\Arguin - FieldWork Data Processing\Data\S2\ACOLITE\2025-06-30,356,1037,2940,363455.0,2199605.0,0.16169105470180511,0.2221517711877823,0.33508047461509705,0.449256956577301,0.45628267526626587,0.48092517256736755,0.5075480341911316,0.49558529257774353,0.5248398780822754,0.5802165865898132,0.5256861448287964
2025-06-30,Iwik,ACOLITE,S2B_MSI_2025_06_30_11_45_58_T28QCH_L2W,C:\Users\Simon\Nextcloud\Project\Mauritania\Science\Arguin - FieldWork Data Processing\Data\S2\ACOLITE\2025-06-30,357,1037,2941,363465.0,2199605.0,0.16169390082359314,0.22322550415992737,0.33701828122138977,0.4451216161251068,0.4538410007953644,0.48264816403388977,0.5070403218269348,0.49493008852005005,0.5213046669960022,0.5807860493659973,0.5241053104400635
2025-06-30,Iwik,ACOLITE,S2B_MSI_2025_06_30_11_45_58_T28QCH_L2W,C:\Users\Simon\Nextcloud\Project\Mauritania\Science\Arguin - FieldWork Data Processing\Data\S2\ACOLITE\2025-06-30,358,1037,2942,363475.0,2199605.0,0.16169674694538116,0.2228689342737198,0.333622008562088,0.4506272077560425,0.45383819937705994,0.48264503479003906,0.5070369839668274,0.49518778920173645,0.5213013887405396,0.580783486366272,0.5241027474403381
2025-06-30,Iwik,ACOLITE,S2B_MSI_2025_06_30_11_45_58_T28QCH_L2W,C:\Users\Simon\Nextcloud\Project\Mauritania\Science\Arguin - FieldWork Data Processing\Data\S2\ACOLITE\2025-06-30,359,1037,2943,363485.0,2199605.0,0.16046394407749176,0.22126029431819916,0.3347526788711548,0.4464940130710602,0.4534286558628082,0.47905591130256653,0.5065290927886963,0.4950542747974396,0.5197137594223022,0.5789505839347839,0.5224003791809082
2025-06-30,Iwik,ACOLITE,S2B_MSI_2025_06_30_11_45_58_T28QCH_L2W,C:\Users\Simon\Nextcloud\Project\Mauritania\Science\Arguin - FieldWork Data Processing\Data\S2\ACOLITE\2025-06-30,360,1037,2944,363495.0,2199605.0,0.16046682000160217,0.21803854405879974,0.3315153121948242,0.4449751675128937,0.4534258246421814,0.4790528118610382,0.5065257549285889,0.49570319056510925,0.5197104215621948,0.5789480805397034,0.5223978161811829
2025-06-30,Iwik,ACOLITE,S2B_MSI_2025_06_30_11_45_58_T28QCH_L2W,C:\Users\Simon\Nextcloud\Project\Mauritania\Science\Arguin - FieldWork Data Processing\Data\S2\ACOLITE\2025-06-30,361,1037,2945,363505.0,2199605.0,0.1604696661233902,0.2194724977016449,0.3298943042755127,0.4433176517486572,0.4527451694011688,0.4761248528957367,0.50412517786026,0.4926998019218445,0.5145843029022217,0.577343761920929,0.5205739140510559
2025-06-30,Iwik,ACOLITE,S2B_MSI_2025_06_30_11_45_58_T28QCH_L2W,C:\Users\Simon\Nextcloud\Project\Mauritania\Science\Arguin - FieldWork Data Processing\Data\S2\ACOLITE\2025-06-30,362,1037,2946,363515.0,2199605.0,0.1604725420475006,0.2182198166847229,0.32794803380966187,0.43958839774131775,0.452742338180542,0.47612181305885315,0.5041218400001526,0.49361008405685425,0.514581024646759,0.5773412585258484,0.5205713510513306
2025-06-30,Iwik,ACOLITE,S2B_MSI_2025_06_30_11_45_58_T28QCH_L2W,C:\Users\Simon\Nextcloud\Project\Mauritania\Science\Arguin - FieldWork Data Processing\Data\S2\ACOLITE\2025-06-30,363,1037,2947,363525.0,2199605.0,0.16047543287277222,0.21911638975143433,0.33248215913772583,0.44303610920906067,0.45246830582618713,0.47571972012519836,0.502982497215271,0.4945200979709625,0.5173839330673218,0.5759654641151428,0.5163183808326721
2025-06-30,Iwik,ACOLITE,S2B_MSI_2025_06_30_11_45_58_T28QCH_L2W,C:\Users\Simon\Nextcloud\Project\Mauritania\Science\Arguin - FieldWork Data Processing\Data\S2\ACOLITE\2025-06-30,364,1037,2948,363535.0,2199605.0,0.16047830879688263,0.2198336124420166,0.33021408319473267,0.44358494877815247,0.4524655342102051,0.47571665048599243,0.5029791593551636,0.48955732583999634,0.5173807144165039,0.5759629607200623,0.5163158178329468
2025-06-30,Iwik,ACOLITE,S2B_MSI_2025_06_30_11_45_58_T28QCH_L2W,C:\Users\Simon\Nextcloud\Project\Mauritania\Science\Arguin - FieldWork Data Processing\Data\S2\ACOLITE\2025-06-30,365,1037,2949,363545.0,2199605.0,0.15986314415931702,0.22126619517803192,0.3281060457229614,0.44027042388916016,0.45259830355644226,0.4747823178768158,0.5005761384963989,0.48550331592559814,0.511274516582489,0.5756171941757202,0.5174063444137573
2025-06-30,Iwik,ACOLITE,S2B_MSI_2025_06_30_11_45_58_T28QCH_L2W,C:\Users\Simon\Nextcloud\Project\Mauritania\Science\Arguin - FieldWork Data Processing\Data\S2\ACOLITE\2025-06-30,366,1037,2950,363555.0,2199605.0,0.15986603498458862,0.22073043882846832,0.32891517877578735,0.4427517056465149,0.4525955021381378,0.47477927803993225,0.500572919845581,0.49150973558425903,0.5112712979316711,0.5756146311759949,0.517403781414032
2025-06-30,Iwik,ACOLITE,S2B_MSI_2025_06_30_11_45_58_T28QCH_L2W,C:\Users\Simon\Nextcloud\Project\Mauritania\Science\Arguin - FieldWork Data Processing\Data\S2\ACOLITE\2025-06-30,367,1037,2951,363565.0,2199605.0,0.15986891090869904,0.2223411351442337,0.33215272426605225,0.4460575580596924,0.45449021458625793,0.47876545786857605,0.5042315721511841,0.4922897517681122,0.5205404162406921,0.5777862668037415,0.5161867141723633
2025-06-30,Iwik,ACOLITE,S2B_MSI_2025_06_30_11_45_58_T28QCH_L2W,C:\Users\Simon\Nextcloud\Project\Mauritania\Science\Arguin - FieldWork Data Processing\Data\S2\ACOLITE\2025-06-30,368,1037,2952,363575.0,2199605.0,0.15987180173397064,0.2218056619167328,0.3323131501674652,0.44660574197769165,0.4544873833656311,0.47876232862472534,0.5042282342910767,0.492678165435791,0.5205371379852295,0.5777837634086609,0.5161841511726379
2025-06-30,Iwik,ACOLITE,S2B_MSI_2025_06_30_11_45_58_T28QCH_L2W,C:\Users\Simon\Nextcloud\Project\Mauritania\Science\Arguin - FieldWork Data Processing\Data\S2\ACOLITE\2025-06-30,369,1037,2953,363585.0,2199605.0,0.15987469255924225,0.2207334041595459,0.332149863243103,0.44494935870170593,0.4567870497703552,0.4820796549320221,0.5062435269355774,0.49371880292892456,0.5198025703430176,0.5799548625946045,0.5178818702697754
2025-06-30,Iwik,ACOLITE,S2B_MSI_2025_06_30_11_45_58_T28QCH_L2W,C:\Users\Simon\Nextcloud\Project\Mauritania\Science\Arguin - FieldWork Data Processing\Data\S2\ACOLITE\2025-06-30,370,1038,2931,363365.0,2199595.0,0.16187307238578796,0.22446656227111816,0.33152976632118225,0.4426616430282593,0.45237189531326294,0.4788208603858948,0.5042911171913147,0.49443334341049194,0.5244983434677124,0.5812646746635437,0.5294681191444397
2025-06-30,Iwik,ACOLITE,S2B_MSI_2025_06_30_11_45_58_T28QCH_L2W,C:\Users\Simon\Nextcloud\Project\Mauritania\Science\Arguin - FieldWork Data Processing\Data\S2\ACOLITE\2025-06-30,371,1038,2932,363375.0,2199595.0,0.16187593340873718,0.22250111401081085,0.3323378562927246,0.44500353932380676,0.4523690938949585,0.47881776094436646,0.5042877793312073,0.49729907512664795,0.5244949460029602,0.5812621712684631,0.5294654965400696
2025-06-30,Iwik,ACOLITE,S2B_MSI_2025_06_30_11_45_58_T28QCH_L2W,C:\Users\Simon\Nextcloud\Project\Mauritania\Science\Arguin - FieldWork Data Processing\Data\S2\ACOLITE\2025-06-30,372,1038,2933,363385.0,2199595.0,0.161878764629364,0.21748870611190796,0.33152687549591064,0.4445870518684387,0.45507749915122986,0.4813390076160431,0.5075647234916687,0.5001624226570129,0.5236392617225647,0.58217453956604,0.5287346243858337
2025-06-30,Iwik,ACOLITE,S2B_MSI_2025_06_30_11_45_58_T28QCH_L2W,C:\Users\Simon\Nextcloud\Project\Mauritania\Science\Arguin - FieldWork Data Processing\Data\S2\ACOLITE\2025-06-30,373,1038,2934,363395.0,2199595.0,0.16188161075115204,0.21910245716571808,0.3331441581249237,0.4467894732952118,0.45507463812828064,0.4813358783721924,0.5075613856315613,0.49624982476234436,0.5236358642578125,0.5821720361709595,0.5287320017814636
2025-06-30,Iwik,ACOLITE,S2B_MSI_2025_06_30_11_45_58_T28QCH_L2W,C:\Users\Simon\Nextcloud\Project\Mauritania\Science\Arguin - FieldWork Data Processing\Data\S2\ACOLITE\2025-06-30,374,1038,2935,363405.0,2199595.0,0.16188444197177887,0.2276836484670639,0.3316859006881714,0.4465109705924988,0.45845726132392883,0.48372238874435425,0.5086928009986877,0.5018489360809326,0.5220491290092468,0.5828557014465332,0.5289721488952637
2025-06-30,Iwik,ACOLITE,S2B_MSI_2025_06_30_11_45_58_T28QCH_L2W,C:\Users\Simon\Nextcloud\Project\Mauritania\Science\Arguin - FieldWork Data Processing\Data\S2\ACOLITE\2025-06-30,375,1038,2936,363415.0,2199595.0,0.1618873029947281,0.21910452842712402,0.33265575766563416,0.4473346471786499,0.4584543704986572,0.48371919989585876,0.5086894035339355,0.5001529455184937,0.5220457911491394,0.5828531384468079,0.5289695262908936
2025-06-30,Iwik,ACOLITE,S2B_MSI_2025_06_30_11_45_58_T28QCH_L2W,C:\Users\Simon\Nextcloud\Project\Mauritania\Science\Arguin - FieldWork Data Processing\Data\S2\ACOLITE\2025-06-30,376,1038,2937,363425.0,2199595.0,0.16127239167690277,0.21856814622879028,0.33475735783576965,0.44595396518707275,0.4568268954753876,0.4842468202114105,0.5079296231269836,0.49910768866539,0.5238693952560425,0.5807918906211853,0.5262964367866516
2025-06-30,Iwik,ACOLITE,S2B_MSI_2025_06_30_11_45_58_T28QCH_L2W,C:\Users\Simon\Nextcloud\Project\Mauritania\Science\Arguin - FieldWork Data Processing\Data\S2\ACOLITE\2025-06-30,377,1038,2938,363435.0,2199595.0,0.1612752377986908,0.22107580304145813,0.33394718170166016,0.44815516471862793,0.45682403445243835,0.4842436611652374,0.5079262852668762,0.49936506152153015,0.5238660573959351,0.58078932762146,0.5262938737869263
2025-06-30,Iwik,ACOLITE,S2B_MSI_2025_06_30_11_45_58_T28QCH_L2W,C:\Users\Simon\Nextcloud\Project\Mauritania\Science\Arguin - FieldWork Data Processing\Data\S2\ACOLITE\2025-06-30,378,1038,2939,363445.0,2199595.0,0.16127808392047882,0.22179239988327026,0.33459267020225525,0.44787684082984924,0.45478934049606323,0.48025768995285034,0.5075446367263794,0.4968859553337097,0.5226448178291321,0.5795284509658813,0.5230134129524231
2025-06-30,Iwik,ACOLITE,S2B_MSI_2025_06_30_11_45_58_T28QCH_L2W,C:\Users\Simon\Nextcloud\Project\Mauritania\Science\Arguin - FieldWork Data Processing\Data\S2\ACOLITE\2025-06-30,379,1038,2940,363455.0,2199595.0,0.16128095984458923,0.22340255975723267,0.3347528874874115,0.44566968083381653,0.454786479473114,0.480254590511322,0.507541298866272,0.49675244092941284,0.5226414799690247,0.5795259475708008,0.5230108499526978
2025-06-30,Iwik,ACOLITE,S2B_MSI_2025_06_30_11_45_58_T28QCH_L2W,C:\Users\Simon\Nextcloud\Project\Mauritania\Science\Arguin - FieldWork Data Processing\Data\S2\ACOLITE\2025-06-30,380,1038,2941,363465.0,2199595.0,0.16128382086753845,0.22054187953472137,0.3323248028755188,0.4412531852722168,0.4530215859413147,0.48038429021835327,0.5069074034690857,0.4938803017139435,0.520566999912262,0.5808960199356079,0.524343729019165
2025-06-30,Iwik,ACOLITE,S2B_MSI_2025_06_30_11_45_58_T28QCH_L2W,C:\Users\Simon\Nextcloud\Project\Mauritania\Science\Arguin - FieldWork Data Processing\Data\S2\ACOLITE\2025-06-30,381,1038,2942,363475.0,2199595.0,0.16128666698932648,0.22233180701732635,0.3323233723640442,0.4485565423965454,0.45301875472068787,0.48038119077682495,0.5069040656089783,0.4949207305908203,0.5205636620521545,0.5808934569358826,0.5243411064147949
2025-06-30,Iwik,ACOLITE,S2B_MSI_2025_06_30_11_45_58_T28QCH_L2W,C:\Users\Simon\Nextcloud\Project\Mauritania\Science\Arguin - FieldWork Data Processing\Data\S2\ACOLITE\2025-06-30,382,1038,2943,363485.0,2199595.0,0.16087763011455536,0.2230478823184967,0.3323219120502472,0.44924190640449524,0.455997109413147,0.4802452325820923,0.5067746043205261,0.4998701512813568,0.5199509859085083,0.581005334854126,0.5227602124214172
2025-06-30,Iwik,ACOLITE,S2B_MSI_2025_06_30_11_45_58_T28QCH_L2W,C:\Users\Simon\Nextcloud\Project\Mauritania\Science\Arguin - FieldWork Data Processing\Data\S2\ACOLITE\2025-06-30,383,1038,2944,363495.0,2199595.0,0.16088052093982697,0.2185754030942917,0.3341000974178314,0.4478622376918793,0.45599424839019775,0.48024216294288635,0.5067712664604187,0.49347957968711853,0.5199477076530457,0.5810027718544006,0.5227576494216919
2025-06-30,Iwik,ACOLITE,S2B_MSI_2025_06_30_11_45_58_T28QCH_L2W,C:\Users\Simon\Nextcloud\Project\Mauritania\Science\Arguin - FieldWork Data Processing\Data\S2\ACOLITE\2025-06-30,384,1038,2945,363505.0,2199595.0,0.16088338196277618,0.2187555432319641,0.3300521671772003,0.4466197192668915,0.4536880552768707,0.4777141511440277,0.5044970512390137,0.49073556065559387,0.5186034440994263,0.5779115557670593,0.5186265707015991
2025-06-30,Iwik,ACOLITE,S2B_MSI_2025_06_30_11_45_58_T28QCH_L2W,C:\Users\Simon\Nextcloud\Project\Mauritania\Science\Arguin - FieldWork Data Processing\Data\S2\ACOLITE\2025-06-30,385,1038,2946,363515.0,2199595.0,0.1608862429857254,0.2183983474969864,0.3310225009918213,0.44013461470603943,0.4536852240562439,0.4777110517024994,0.504493772983551,0.4951689839363098,0.5186001062393188,0.577908992767334,0.5186240077018738
2025-06-30,Iwik,ACOLITE,S2B_MSI_2025_06_30_11_45_58_T28QCH_L2W,C:\Users\Simon\Nextcloud\Project\Mauritania\Science\Arguin - FieldWork Data Processing\Data\S2\ACOLITE\2025-06-30,386,1038,2947,363525.0,2199595.0,0.16088910400867462,0.21786193549633026,0.3311830163002014,0.4433057904243469,0.45314013957977295,0.47544723749160767,0.5022180676460266,0.4922958314418793,0.5159136056900024,0.574702262878418,0.5159496068954468
2025-06-30,Iwik,ACOLITE,S2B_MSI_2025_06_30_11_45_58_T28QCH_L2W,C:\Users\Simon\Nextcloud\Project\Mauritania\Science\Arguin - FieldWork Data Processing\Data\S2\ACOLITE\2025-06-30,387,1038,2948,363535.0,2199595.0,0.16089199483394623,0.22019092738628387,0.3316672444343567,0.4446817636489868,0.4531373083591461,0.4754441976547241,0.502214789390564,0.4902040660381317,0.5159103274345398,0.5746997594833374,0.5159470438957214
2025-06-30,Iwik,ACOLITE,S2B_MSI_2025_06_30_11_45_58_T28QCH_L2W,C:\Users\Simon\Nextcloud\Project\Mauritania\Science\Arguin - FieldWork Data Processing\Data\S2\ACOLITE\2025-06-30,388,1038,2949,363545.0,2199595.0,0.16151253879070282,0.21911783516407013,0.33004653453826904,0.44150659441947937,0.45259222388267517,0.4745098352432251,0.5005694627761841,0.48993980884552,0.5149309039115906,0.5744683742523193,0.5146084427833557
2025-06-30,Iwik,ACOLITE,S2B_MSI_2025_06_30_11_45_58_T28QCH_L2W,C:\Users\Simon\Nextcloud\Project\Mauritania\Science\Arguin - FieldWork Data Processing\Data\S2\ACOLITE\2025-06-30,389,1038,2950,363555.0,2199595.0,0.16151538491249084,0.22019292414188385,0.3298831284046173,0.4450894892215729,0.45258939266204834,0.47450676560401917,0.5005661249160767,0.48771604895591736,0.5149276256561279,0.574465811252594,0.5146059393882751
2025-06-30,Iwik,ACOLITE,S2B_MSI_2025_06_30_11_45_58_T28QCH_L2W,C:\Users\Simon\Nextcloud\Project\Mauritania\Science\Arguin - FieldWork Data Processing\Data\S2\ACOLITE\2025-06-30,390,1038,2951,363565.0,2199595.0,0.16151823103427887,0.22198280692100525,0.331177294254303,0.44536226987838745,0.4538065493106842,0.4770309329032898,0.5039723515510559,0.4925444424152374,0.5184617042541504,0.5768665671348572,0.5143604278564453
2025-06-30,Iwik,ACOLITE,S2B_MSI_2025_06_30_11_45_58_T28QCH_L2W,C:\Users\Simon\Nextcloud\Project\Mauritania\Science\Arguin - FieldWork Data Processing\Data\S2\ACOLITE\2025-06-30,391,1038,2952,363575.0,2199595.0,0.16152110695838928,0.2198370099067688,0.3324706554412842,0.44480806589126587,0.4538037180900574,0.4770278334617615,0.5039690136909485,0.49319371581077576,0.5184584259986877,0.5768640041351318,0.51435786485672
2025-06-30,Iwik,ACOLITE,S2B_MSI_2025_06_30_11_45_58_T28QCH_L2W,C:\Users\Simon\Nextcloud\Project\Mauritania\Science\Arguin - FieldWork Data Processing\Data\S2\ACOLITE\2025-06-30,392,1039,2931,363365.0,2199585.0,0.16187477111816406,0.2198151797056198,0.3307158350944519,0.4398947060108185,0.4523659944534302,0.47881457209587097,0.5042845606803894,0.4959923028945923,0.5244918465614319,0.5812605023384094,0.5294637084007263
2025-06-30,Iwik,ACOLITE,S2B_MSI_2025_06_30_11_45_58_T28QCH_L2W,C:\Users\Simon\Nextcloud\Project\Mauritania\Science\Arguin - FieldWork Data Processing\Data\S2\ACOLITE\2025-06-30,393,1039,2932,363375.0,2199585.0,0.1618776172399521,0.22339437901973724,0.33524569869041443,0.443480521440506,0.45236316323280334,0.47881147265434265,0.504281222820282,0.49468493461608887,0.5244884490966797,0.5812579393386841,0.5294610857963562
2025-06-30,Iwik,ACOLITE,S2B_MSI_2025_06_30_11_45_58_T28QCH_L2W,C:\Users\Simon\Nextcloud\Project\Mauritania\Science\Arguin - FieldWork Data Processing\Data\S2\ACOLITE\2025-06-30,394,1039,2933,363385.0,2199585.0,0.16188044846057892,0.22321656346321106,0.3336268663406372,0.4454081356525421,0.45507150888442993,0.4813326597213745,0.5075581073760986,0.4901135563850403,0.5236327648162842,0.582170307636261,0.5287302136421204
2025-06-30,Iwik,ACOLITE,S2B_MSI_2025_06_30_11_45_58_T28QCH_L2W,C:\Users\Simon\Nextcloud\Project\Mauritania\Science\Arguin - FieldWork Data Processing\Data\S2\ACOLITE\2025-06-30,395,1039,2934,363395.0,2199585.0,0.16188330948352814,0.2219657450914383,0.3324926495552063,0.4459565281867981,0.4550686478614807,0.4813295304775238,0.5075547099113464,0.5000227689743042,0.523629367351532,0.5821677446365356,0.5287275910377502
2025-06-30,Iwik,ACOLITE,S2B_MSI_2025_06_30_11_45_58_T28QCH_L2W,C:\Users\Simon\Nextcloud\Project\Mauritania\Science\Arguin - FieldWork Data Processing\Data\S2\ACOLITE\2025-06-30,396,1039,2935,363405.0,2199585.0,0.16188615560531616,0.22411204874515533,0.33475613594055176,0.44733136892318726,0.45845118165016174,0.4837159216403961,0.5086861252784729,0.49845629930496216,0.5220426321029663,0.5828514099121094,0.5289677381515503
2025-06-30,Iwik,ACOLITE,S2B_MSI_2025_06_30_11_45_58_T28QCH_L2W,C:\Users\Simon\Nextcloud\Project\Mauritania\Science\Arguin - FieldWork Data Processing\Data\S2\ACOLITE\2025-06-30,397,1039,2936,363415.0,2199585.0,0.161888986825943,0.2233980894088745,0.33394595980644226,0.44663968682289124,0.4584483206272125,0.483712762594223,0.5086827278137207,0.5022298693656921,0.5220392942428589,0.582848846912384,0.5289651155471802
2025-06-30,Iwik,ACOLITE,S2B_MSI_2025_06_30_11_45_58_T28QCH_L2W,C:\Users\Simon\Nextcloud\Project\Mauritania\Science\Arguin - FieldWork Data Processing\Data\S2\ACOLITE\2025-06-30,398,1039,2937,363425.0,2199585.0,0.16127412021160126,0.22411388158798218,0.33135509490966797,0.4474633038043976,0.45682087540626526,0.4842403829097748,0.5079229474067688,0.4985802173614502,0.5238628387451172,0.5807875990867615,0.526292085647583
2025-06-30,Iwik,ACOLITE,S2B_MSI_2025_06_30_11_45_58_T28QCH_L2W,C:\Users\Simon\Nextcloud\Project\Mauritania\Science\Arguin - FieldWork Data Processing\Data\S2\ACOLITE\2025-06-30,399,1039,2938,363435.0,2199585.0,0.16127698123455048,0.22232729196548462,0.3315155804157257,0.4473226070404053,0.45681795477867126,0.4842371940612793,0.5079195499420166,0.49544858932495117,0.5238595008850098,0.5807850360870361,0.5262894630432129
2025-06-30,Iwik,ACOLITE,S2B_MSI_2025_06_30_11_45_58_T28QCH_L2W,C:\Users\Simon\Nextcloud\Project\Mauritania\Science\Arguin - FieldWork Data Processing\Data\S2\ACOLITE\2025-06-30,400,1039,2939,363445.0,2199585.0,0.1612798124551773,0.22232823073863983,0.3352351486682892,0.446355402469635,0.4547833204269409,0.480251282453537,0.5075379014015198,0.49179235100746155,0.5226383209228516,0.5795241594314575,0.5230090022087097
2025-06-30,Iwik,ACOLITE,S2B_MSI_2025_06_30_11_45_58_T28QCH_L2W,C:\Users\Simon\Nextcloud\Project\Mauritania\Science\Arguin - FieldWork Data Processing\Data\S2\ACOLITE\2025-06-30,401,1039,2940,363455.0,2199585.0,0.16128268837928772,0.22447392344474792,0.3328075706958771,0.4433196485042572,0.4547804296016693,0.48024818301200867,0.5075345635414124,0.4934857487678528,0.5226349234580994,0.5795215964317322,0.5230064392089844
2025-06-30,Iwik,ACOLITE,S2B_MSI_2025_06_30_11_45_58_T28QCH_L2W,C:\Users\Simon\Nextcloud\Project\Mauritania\Science\Arguin - FieldWork Data Processing\Data\S2\ACOLITE\2025-06-30,402,1039,2941,363465.0,2199585.0,0.16128556430339813,0.22161473333835602,0.3297296464443207,0.44179919362068176,0.4530155658721924,0.48037785291671753,0.5069006681442261,0.4924387037754059,0.5205604434013367,0.5808917284011841,0.5243393182754517
2025-06-30,Iwik,ACOLITE,S2B_MSI_2025_06_30_11_45_58_T28QCH_L2W,C:\Users\Simon\Nextcloud\Project\Mauritania\Science\Arguin - FieldWork Data Processing\Data\S2\ACOLITE\2025-06-30,403,1039,2942,363475.0,2199585.0,0.16128839552402496,0.22590428590774536,0.3315098285675049,0.4477241337299347,0.45301276445388794,0.4803747236728668,0.5068973302841187,0.4932185709476471,0.5205571055412292,0.5808891654014587,0.5243366956710815
2025-06-30,Iwik,ACOLITE,S2B_MSI_2025_06_30_11_45_58_T28QCH_L2W,C:\Users\Simon\Nextcloud\Project\Mauritania\Science\Arguin - FieldWork Data Processing\Data\S2\ACOLITE\2025-06-30,404,1039,2943,363485.0,2199585.0,0.16087940335273743,0.22286838293075562,0.33069872856140137,0.44978606700897217,0.4559910297393799,0.48023879528045654,0.5067678689956665,0.5023375153541565,0.5199444890022278,0.5810009837150574,0.5227558016777039
2025-06-30,Iwik,ACOLITE,S2B_MSI_2025_06_30_11_45_58_T28QCH_L2W,C:\Users\Simon\Nextcloud\Project\Mauritania\Science\Arguin - FieldWork Data Processing\Data\S2\ACOLITE\2025-06-30,405,1039,2944,363495.0,2199585.0,0.16088227927684784,0.22161765396595,0.3345809280872345,0.4473050832748413,0.4559881389141083,0.4802356958389282,0.5067645311355591,0.4956905245780945,0.5199410915374756,0.580998420715332,0.5227531790733337
2025-06-30,Iwik,ACOLITE,S2B_MSI_2025_06_30_11_45_58_T28QCH_L2W,C:\Users\Simon\Nextcloud\Project\Mauritania\Science\Arguin - FieldWork Data Processing\Data\S2\ACOLITE\2025-06-30,406,1039,2945,363505.0,2199585.0,0.16088512539863586,0.22018727660179138,0.33231478929519653,0.44358110427856445,0.45368197560310364,0.47770771384239197,0.504490315914154,0.4900764226913452,0.518596887588501,0.5779072046279907,0.5186221599578857
2025-06-30,Iwik,ACOLITE,S2B_MSI_2025_06_30_11_45_58_T28QCH_L2W,C:\Users\Simon\Nextcloud\Project\Mauritania\Science\Arguin - FieldWork Data Processing\Data\S2\ACOLITE\2025-06-30,407,1039,2946,363515.0,2199585.0,0.16088801622390747,0.2207251340150833,0.328750342130661,0.445232629776001,0.4536791145801544,0.47770461440086365,0.5044869780540466,0.49216213822364807,0.5185935497283936,0.5779047012329102,0.5186195969581604
2025-06-30,Iwik,ACOLITE,S2B_MSI_2025_06_30_11_45_58_T28QCH_L2W,C:\Users\Simon\Nextcloud\Project\Mauritania\Science\Arguin - FieldWork Data Processing\Data\S2\ACOLITE\2025-06-30,408,1039,2947,363525.0,2199585.0,0.16089089214801788,0.22054718434810638,0.33036914467811584,0.44702091813087463,0.45313405990600586,0.4754408597946167,0.502211332321167,0.49385523796081543,0.5159070491790771,0.5746979713439941,0.5159451961517334
2025-06-30,Iwik,ACOLITE,S2B_MSI_2025_06_30_11_45_58_T28QCH_L2W,C:\Users\Simon\Nextcloud\Project\Mauritania\Science\Arguin - FieldWork Data Processing\Data\S2\ACOLITE\2025-06-30,409,1039,2948,363535.0,2199585.0,0.1608937382698059,0.22054818272590637,0.33231043815612793,0.4432967007160187,0.45313122868537903,0.4754377603530884,0.5022080540657043,0.491111695766449,0.5159037709236145,0.5746954083442688,0.5159426331520081
2025-06-30,Iwik,ACOLITE,S2B_MSI_2025_06_30_11_45_58_T28QCH_L2W,C:\Users\Simon\Nextcloud\Project\Mauritania\Science\Arguin - FieldWork Data Processing\Data\S2\ACOLITE\2025-06-30,410,1039,2949,363545.0,2199585.0,0.1615142822265625,0.22019127011299133,0.3302043080329895,0.44025808572769165,0.4525861144065857,0.47450339794158936,0.5005627274513245,0.49358806014060974,0.5149244070053101,0.5744640231132507,0.5146040916442871
2025-06-30,Iwik,ACOLITE,S2B_MSI_2025_06_30_11_45_58_T28QCH_L2W,C:\Users\Simon\Nextcloud\Project\Mauritania\Science\Arguin - FieldWork Data Processing\Data\S2\ACOLITE\2025-06-30,411,1039,2950,363555.0,2199585.0,0.16151714324951172,0.22215992212295532,0.3331165015697479,0.4471498727798462,0.45258328318595886,0.4745003581047058,0.5005594491958618,0.49162763357162476,0.5149210691452026,0.5744614601135254,0.5146015286445618
2025-06-30,Iwik,ACOLITE,S2B_MSI_2025_06_30_11_45_58_T28QCH_L2W,C:\Users\Simon\Nextcloud\Project\Mauritania\Science\Arguin - FieldWork Data Processing\Data\S2\ACOLITE\2025-06-30,412,1039,2951,363565.0,2199585.0,0.16151997447013855,0.22198207676410675,0.3308492600917816,0.4443911612033844,0.45380041003227234,0.47702446579933167,0.5039655566215515,0.49345138669013977,0.5184550881385803,0.5768621563911438,0.5143560171127319
2025-06-30,Iwik,ACOLITE,S2B_MSI_2025_06_30_11_45_58_T28QCH_L2W,C:\Users\Simon\Nextcloud\Project\Mauritania\Science\Arguin - FieldWork Data Processing\Data\S2\ACOLITE\2025-06-30,413,1039,2952,363575.0,2199585.0,0.16152283549308777,0.21786662936210632,0.33327534794807434,0.44231972098350525,0.4537975490093231,0.47702133655548096,0.5039622187614441,0.49201294779777527,0.5184518098831177,0.5768596529960632,0.5143534541130066
2025-06-30,Iwik,ACOLITE,S2B_MSI_2025_06_30_11_45_58_T28QCH_L2W,C:\Users\Simon\Nextcloud\Project\Mauritania\Science\Arguin - FieldWork Data Processing\Data\S2\ACOLITE\2025-06-30,414,1040,2931,363365.0,2199575.0,0.16187648475170135,0.22017264366149902,0.32779431343078613,0.4387836158275604,0.4543936848640442,0.48119980096817017,0.5023840665817261,0.49689874053001404,0.5211966633796692,0.5786250829696655,0.5271531343460083
2025-06-30,Iwik,ACOLITE,S2B_MSI_2025_06_30_11_45_58_T28QCH_L2W,C:\Users\Simon\Nextcloud\Project\Mauritania\Science\Arguin - FieldWork Data Processing\Data\S2\ACOLITE\2025-06-30,415,1040,2932,363375.0,2199575.0,0.16187931597232819,0.22142647206783295,0.3308723568916321,0.44237083196640015,0.45439082384109497,0.48119664192199707,0.5023807287216187,0.4965044856071472,0.5211933255195618,0.5786225199699402,0.5271505117416382
2025-06-30,Iwik,ACOLITE,S2B_MSI_2025_06_30_11_45_58_T28QCH_L2W,C:\Users\Simon\Nextcloud\Project\Mauritania\Science\Arguin - FieldWork Data Processing\Data\S2\ACOLITE\2025-06-30,416,1040,2933,363385.0,2199575.0,0.1618821620941162,0.22089062631130219,0.3316805958747864,0.44278186559677124,0.4542524516582489,0.47694075107574463,0.504776120185852,0.49558860063552856,0.5249655842781067,0.5802215933799744,0.5271478891372681
2025-06-30,Iwik,ACOLITE,S2B_MSI_2025_06_30_11_45_58_T28QCH_L2W,C:\Users\Simon\Nextcloud\Project\Mauritania\Science\Arguin - FieldWork Data Processing\Data\S2\ACOLITE\2025-06-30,417,1040,2934,363395.0,2199575.0,0.16188500821590424,0.22321674227714539,0.3334594666957855,0.4415370523929596,0.4542495906352997,0.4769376814365387,0.5047727823257446,0.4961070120334625,0.5249621868133545,0.580219030380249,0.527145266532898
2025-06-30,Iwik,ACOLITE,S2B_MSI_2025_06_30_11_45_58_T28QCH_L2W,C:\Users\Simon\Nextcloud\Project\Mauritania\Science\Arguin - FieldWork Data Processing\Data\S2\ACOLITE\2025-06-30,418,1040,2935,363405.0,2199575.0,0.16188785433769226,0.223575159907341,0.33361974358558655,0.4455340504646301,0.45519527792930603,0.48317867517471313,0.5103176832199097,0.49610385298728943,0.524350106716156,0.5812459588050842,0.5271426439285278
2025-06-30,Iwik,ACOLITE,S2B_MSI_2025_06_30_11_45_58_T28QCH_L2W,C:\Users\Simon\Nextcloud\Project\Mauritania\Science\Arguin - FieldWork Data Processing\Data\S2\ACOLITE\2025-06-30,419,1040,2936,363415.0,2199575.0,0.16189070045948029,0.22286108136177063,0.33345651626586914,0.44938766956329346,0.45519235730171204,0.48317548632621765,0.5103142857551575,0.5035249590873718,0.5243467092514038,0.5812433958053589,0.5271399617195129
2025-06-30,Iwik,ACOLITE,S2B_MSI_2025_06_30_11_45_58_T28QCH_L2W,C:\Users\Simon\Nextcloud\Project\Mauritania\Science\Arguin - FieldWork Data Processing\Data\S2\ACOLITE\2025-06-30,420,1040,2937,363425.0,2199575.0,0.16127584874629974,0.22482764720916748,0.33232229948043823,0.44814568758010864,0.4564085602760315,0.479321151971817,0.5043841004371643,0.5006580352783203,0.521054744720459,0.5792961716651917,0.5205814242362976
2025-06-30,Iwik,ACOLITE,S2B_MSI_2025_06_30_11_45_58_T28QCH_L2W,C:\Users\Simon\Nextcloud\Project\Mauritania\Science\Arguin - FieldWork Data Processing\Data\S2\ACOLITE\2025-06-30,421,1040,2938,363435.0,2199575.0,0.16127869486808777,0.22089552879333496,0.33086368441581726,0.4445604085922241,0.4564056694507599,0.4793179929256439,0.5043807625770569,0.4930943250656128,0.5210514068603516,0.5792936086654663,0.5205788016319275
2025-06-30,Iwik,ACOLITE,S2B_MSI_2025_06_30_11_45_58_T28QCH_L2W,C:\Users\Simon\Nextcloud\Project\Mauritania\Science\Arguin - FieldWork Data Processing\Data\S2\ACOLITE\2025-06-30,422,1040,2939,363445.0,2199575.0,0.161281555891037,0.21874816715717316,0.33248117566108704,0.4448331892490387,0.453557550907135,0.48117464780807495,0.5052608251571655,0.4883906841278076,0.5232407450675964,0.5795198678970337,0.5187547206878662
2025-06-30,Iwik,ACOLITE,S2B_MSI_2025_06_30_11_45_58_T28QCH_L2W,C:\Users\Simon\Nextcloud\Project\Mauritania\Science\Arguin - FieldWork Data Processing\Data\S2\ACOLITE\2025-06-30,423,1040,2940,363455.0,2199575.0,0.1612844169139862,0.22304360568523407,0.3313466012477875,0.44400304555892944,0.4535546898841858,0.48117148876190186,0.5052574872970581,0.4928271174430847,0.5232373476028442,0.5795173048973083,0.5187521576881409
2025-06-30,Iwik,ACOLITE,S2B_MSI_2025_06_30_11_45_58_T28QCH_L2W,C:\Users\Simon\Nextcloud\Project\Mauritania\Science\Arguin - FieldWork Data Processing\Data\S2\ACOLITE\2025-06-30,424,1040,2941,363465.0,2199575.0,0.16128727793693542,0.22536695003509521,0.3316689431667328,0.4440001845359802,0.45585522055625916,0.48076990246772766,0.508280873298645,0.49308493733406067,0.5228685736656189,0.579514741897583,0.5216638445854187
2025-06-30,Iwik,ACOLITE,S2B_MSI_2025_06_30_11_45_58_T28QCH_L2W,C:\Users\Simon\Nextcloud\Project\Mauritania\Science\Arguin - FieldWork Data Processing\Data\S2\ACOLITE\2025-06-30,425,1040,2942,363475.0,2199575.0,0.16129016876220703,0.2228667140007019,0.3321530818939209,0.4485439956188202,0.45585235953330994,0.48076674342155457,0.5082775354385376,0.49621203541755676,0.5228652358055115,0.5795122385025024,0.5216612815856934
2025-06-30,Iwik,ACOLITE,S2B_MSI_2025_06_30_11_45_58_T28QCH_L2W,C:\Users\Simon\Nextcloud\Project\Mauritania\Science\Arguin - FieldWork Data Processing\Data\S2\ACOLITE\2025-06-30,426,1040,2943,363485.0,2199575.0,0.1608811765909195,0.22233134508132935,0.33263716101646423,0.44675084948539734,0.4555785655975342,0.48129478096961975,0.5062565803527832,0.4964695870876312,0.5217656493186951,0.5796240568161011,0.5216586589813232
2025-06-30,Iwik,ACOLITE,S2B_MSI_2025_06_30_11_45_58_T28QCH_L2W,C:\Users\Simon\Nextcloud\Project\Mauritania\Science\Arguin - FieldWork Data Processing\Data\S2\ACOLITE\2025-06-30,427,1040,2944,363495.0,2199575.0,0.1608840376138687,0.22697585821151733,0.3347383439540863,0.44674792885780334,0.4555756747722626,0.48129168152809143,0.5062532424926758,0.4949018061161041,0.5217622518539429,0.5796214938163757,0.5216560363769531
2025-06-30,Iwik,ACOLITE,S2B_MSI_2025_06_30_11_45_58_T28QCH_L2W,C:\Users\Simon\Nextcloud\Project\Mauritania\Science\Arguin - FieldWork Data Processing\Data\S2\ACOLITE\2025-06-30,428,1040,2945,363505.0,2199575.0,0.16088691353797913,0.21821703016757965,0.33344313502311707,0.4461939334869385,0.4554373621940613,0.48115575313568115,0.5059975981712341,0.49542027711868286,0.521149754524231,0.5772163271903992,0.5183749198913574
2025-06-30,Iwik,ACOLITE,S2B_MSI_2025_06_30_11_45_58_T28QCH_L2W,C:\Users\Simon\Nextcloud\Project\Mauritania\Science\Arguin - FieldWork Data Processing\Data\S2\ACOLITE\2025-06-30,429,1040,2946,363515.0,2199575.0,0.16088977456092834,0.22179773449897766,0.331499844789505,0.44522640109062195,0.45543450117111206,0.48115259408950806,0.5059942007064819,0.49189481139183044,0.5211464166641235,0.5772137641906738,0.5183722972869873
2025-06-30,Iwik,ACOLITE,S2B_MSI_2025_06_30_11_45_58_T28QCH_L2W,C:\Users\Simon\Nextcloud\Project\Mauritania\Science\Arguin - FieldWork Data Processing\Data\S2\ACOLITE\2025-06-30,430,1040,2947,363525.0,2199575.0,0.16089265048503876,0.2212621569633484,0.33182215690612793,0.44481000304222107,0.45407676696777344,0.48075103759765625,0.5047292709350586,0.49515315890312195,0.520412027835846,0.5743502974510193,0.5143618583679199
2025-06-30,Iwik,ACOLITE,S2B_MSI_2025_06_30_11_45_58_T28QCH_L2W,C:\Users\Simon\Nextcloud\Project\Mauritania\Science\Arguin - FieldWork Data Processing\Data\S2\ACOLITE\2025-06-30,431,1040,2948,363535.0,2199575.0,0.16089551150798798,0.2262655645608902,0.33133503794670105,0.4419110119342804,0.4540739059448242,0.48074787855148315,0.5047259330749512,0.4908443093299866,0.5204086899757385,0.574347734451294,0.5143592953681946
2025-06-30,Iwik,ACOLITE,S2B_MSI_2025_06_30_11_45_58_T28QCH_L2W,C:\Users\Simon\Nextcloud\Project\Mauritania\Science\Arguin - FieldWork Data Processing\Data\S2\ACOLITE\2025-06-30,432,1040,2949,363545.0,2199575.0,0.16151602566242218,0.22519551217556,0.33133360743522644,0.44397708773612976,0.45230886340141296,0.47941648960113525,0.5034605264663696,0.4942339360713959,0.5167478919029236,0.5751463770866394,0.5122917294502258
2025-06-30,Iwik,ACOLITE,S2B_MSI_2025_06_30_11_45_58_T28QCH_L2W,C:\Users\Simon\Nextcloud\Project\Mauritania\Science\Arguin - FieldWork Data Processing\Data\S2\ACOLITE\2025-06-30,433,1040,2950,363555.0,2199575.0,0.1615188717842102,0.22108621895313263,0.3293887972831726,0.44755667448043823,0.45230603218078613,0.47941336035728455,0.5034571886062622,0.4931872487068176,0.5167445540428162,0.5751438140869141,0.5122891664505005
2025-06-30,Iwik,ACOLITE,S2B_MSI_2025_06_30_11_45_58_T28QCH_L2W,C:\Users\Simon\Nextcloud\Project\Mauritania\Science\Arguin - FieldWork Data Processing\Data\S2\ACOLITE\2025-06-30,434,1040,2951,363565.0,2199575.0,0.16152171790599823,0.22323256731033325,0.329387366771698,0.44534966349601746,0.4520319998264313,0.4774167835712433,0.5037063360214233,0.4930536150932312,0.517960786819458,0.575827956199646,0.5120436549186707
2025-06-30,Iwik,ACOLITE,S2B_MSI_2025_06_30_11_45_58_T28QCH_L2W,C:\Users\Simon\Nextcloud\Project\Mauritania\Science\Arguin - FieldWork Data Processing\Data\S2\ACOLITE\2025-06-30,435,1040,2952,363575.0,2199575.0,0.16152460873126984,0.21929870545864105,0.33051973581314087,0.443278968334198,0.45202913880348206,0.47741368412971497,0.5037029385566711,0.4909623861312866,0.5179574489593506,0.5758254528045654,0.5120410919189453
2025-06-30,Iwik,ACOLITE,S2B_MSI_2025_06_30_11_45_58_T28QCH_L2W,C:\Users\Simon\Nextcloud\Project\Mauritania\Science\Arguin - FieldWork Data Processing\Data\S2\ACOLITE\2025-06-30,436,1041,2930,363355.0,2199565.0,0.15713387727737427,0.21981297433376312,0.33265215158462524,0.43753674626350403,0.4485572576522827,0.47388356924057007,0.5007386207580566,0.4888043999671936,0.5208280682563782,0.5795386433601379,0.5250877141952515
2025-06-30,Iwik,ACOLITE,S2B_MSI_2025_06_30_11_45_58_T28QCH_L2W,C:\Users\Simon\Nextcloud\Project\Mauritania\Science\Arguin - FieldWork Data Processing\Data\S2\ACOLITE\2025-06-30,437,1041,2931,363365.0,2199565.0,0.16187815368175507,0.22285567224025726,0.33281251788139343,0.4434713125228882,0.4543877840042114,0.481193482875824,0.5023775100708008,0.4932406544685364,0.5211902856826782,0.5786208510398865,0.5271487832069397
2025-06-30,Iwik,ACOLITE,S2B_MSI_2025_06_30_11_45_58_T28QCH_L2W,C:\Users\Simon\Nextcloud\Project\Mauritania\Science\Arguin - FieldWork Data Processing\Data\S2\ACOLITE\2025-06-30,438,1041,2932,363375.0,2199565.0,0.16188101470470428,0.2217835783958435,0.3300583064556122,0.44346845149993896,0.4543848931789398,0.4811902940273285,0.5023741722106934,0.49349847435951233,0.521186888217926,0.5786182880401611,0.5271461606025696
2025-06-30,Iwik,ACOLITE,S2B_MSI_2025_06_30_11_45_58_T28QCH_L2W,C:\Users\Simon\Nextcloud\Project\Mauritania\Science\Arguin - FieldWork Data Processing\Data\S2\ACOLITE\2025-06-30,439,1041,2933,363385.0,2199565.0,0.16188384592533112,0.22232110798358917,0.3315145671367645,0.4409817159175873,0.45424649119377136,0.4769344925880432,0.5047695636749268,0.49427810311317444,0.5249590277671814,0.5802173018455505,0.5271435379981995
2025-06-30,Iwik,ACOLITE,S2B_MSI_2025_06_30_11_45_58_T28QCH_L2W,C:\Users\Simon\Nextcloud\Project\Mauritania\Science\Arguin - FieldWork Data Processing\Data\S2\ACOLITE\2025-06-30,440,1041,2934,363395.0,2199565.0,0.16188670694828033,0.22482417523860931,0.3326462507247925,0.44470375776290894,0.45424360036849976,0.4769313931465149,0.5047661662101746,0.4957095682621002,0.524955689907074,0.58021479845047,0.5271408557891846
2025-06-30,Iwik,ACOLITE,S2B_MSI_2025_06_30_11_45_58_T28QCH_L2W,C:\Users\Simon\Nextcloud\Project\Mauritania\Science\Arguin - FieldWork Data Processing\Data\S2\ACOLITE\2025-06-30,441,1041,2935,363405.0,2199565.0,0.16188953816890717,0.22178645431995392,0.33183544874191284,0.44566571712493896,0.4551892578601837,0.4831722378730774,0.5103110074996948,0.49779215455055237,0.5243436098098755,0.5812416672706604,0.5271382331848145
2025-06-30,Iwik,ACOLITE,S2B_MSI_2025_06_30_11_45_58_T28QCH_L2W,C:\Users\Simon\Nextcloud\Project\Mauritania\Science\Arguin - FieldWork Data Processing\Data\S2\ACOLITE\2025-06-30,442,1041,2936,363415.0,2199565.0,0.16189241409301758,0.22035600244998932,0.3389464318752289,0.44593846797943115,0.4551863670349121,0.4831690490245819,0.5103075504302979,0.5001339912414551,0.5243402123451233,0.5812391042709351,0.5271356105804443
2025-06-30,Iwik,ACOLITE,S2B_MSI_2025_06_30_11_45_58_T28QCH_L2W,C:\Users\Simon\Nextcloud\Project\Mauritania\Science\Arguin - FieldWork Data Processing\Data\S2\ACOLITE\2025-06-30,443,1041,2937,363425.0,2199565.0,0.16127756237983704,0.22571970522403717,0.33619943261146545,0.4423503875732422,0.4564025104045868,0.47931480407714844,0.5043774247169495,0.49765545129776,0.5210482478141785,0.5792918801307678,0.520577073097229
2025-06-30,Iwik,ACOLITE,S2B_MSI_2025_06_30_11_45_58_T28QCH_L2W,C:\Users\Simon\Nextcloud\Project\Mauritania\Science\Arguin - FieldWork Data Processing\Data\S2\ACOLITE\2025-06-30,444,1041,2938,363435.0,2199565.0,0.16128045320510864,0.22178934514522552,0.3287533223628998,0.4394485354423523,0.4563996493816376,0.47931167483329773,0.5043741464614868,0.49361005425453186,0.521044909954071,0.5792893171310425,0.5205745100975037
2025-06-30,Iwik,ACOLITE,S2B_MSI_2025_06_30_11_45_58_T28QCH_L2W,C:\Users\Simon\Nextcloud\Project\Mauritania\Science\Arguin - FieldWork Data Processing\Data\S2\ACOLITE\2025-06-30,445,1041,2939,363445.0,2199565.0,0.16128328442573547,0.2205379456281662,0.3295622169971466,0.44482704997062683,0.4535515606403351,0.4811682105064392,0.5052541494369507,0.4912577271461487,0.5232341885566711,0.5795155763626099,0.5187503695487976
2025-06-30,Iwik,ACOLITE,S2B_MSI_2025_06_30_11_45_58_T28QCH_L2W,C:\Users\Simon\Nextcloud\Project\Mauritania\Science\Arguin - FieldWork Data Processing\Data\S2\ACOLITE\2025-06-30,446,1041,2940,363455.0,2199565.0,0.16128617525100708,0.22000199556350708,0.3323137164115906,0.4459267556667328,0.4535486698150635,0.4811650514602661,0.5052507519721985,0.4964728355407715,0.523230791091919,0.5795130133628845,0.5187478065490723
2025-06-30,Iwik,ACOLITE,S2B_MSI_2025_06_30_11_45_58_T28QCH_L2W,C:\Users\Simon\Nextcloud\Project\Mauritania\Science\Arguin - FieldWork Data Processing\Data\S2\ACOLITE\2025-06-30,447,1041,2941,363465.0,2199565.0,0.1612890213727951,0.22304381430149078,0.33312129974365234,0.44482120871543884,0.45584920048713684,0.4807634651660919,0.5082741379737854,0.4971213936805725,0.5228620171546936,0.5795104503631592,0.5216594934463501
2025-06-30,Iwik,ACOLITE,S2B_MSI_2025_06_30_11_45_58_T28QCH_L2W,C:\Users\Simon\Nextcloud\Project\Mauritania\Science\Arguin - FieldWork Data Processing\Data\S2\ACOLITE\2025-06-30,448,1041,2942,363475.0,2199565.0,0.16129189729690552,0.22036196291446686,0.33117765188217163,0.44798702001571655,0.45584627985954285,0.4807603061199188,0.5082707405090332,0.4943801164627075,0.5228586196899414,0.5795078873634338,0.52165687084198
2025-06-30,Iwik,ACOLITE,S2B_MSI_2025_06_30_11_45_58_T28QCH_L2W,C:\Users\Simon\Nextcloud\Project\Mauritania\Science\Arguin - FieldWork Data Processing\Data\S2\ACOLITE\2025-06-30,449,1041,2943,363485.0,2199565.0,0.16088292002677917,0.2187517136335373,0.3316619098186493,0.4434366524219513,0.4555724859237671,0.481288343667984,0.5062498450279236,0.496724009513855,0.5217590928077698,0.5796197652816772,0.5216542482376099
2025-06-30,Iwik,ACOLITE,S2B_MSI_2025_06_30_11_45_58_T28QCH_L2W,C:\Users\Simon\Nextcloud\Project\Mauritania\Science\Arguin - FieldWork Data Processing\Data\S2\ACOLITE\2025-06-30,450,1041,2944,363495.0,2199565.0,0.1608857959508896,0.22322529554367065,0.332469642162323,0.44756802916526794,0.4555695652961731,0.4812852144241333,0.5062464475631714,0.49515628814697266,0.5217556953430176,0.5796171426773071,0.5216516256332397
2025-06-30,Iwik,ACOLITE,S2B_MSI_2025_06_30_11_45_58_T28QCH_L2W,C:\Users\Simon\Nextcloud\Project\Mauritania\Science\Arguin - FieldWork Data Processing\Data\S2\ACOLITE\2025-06-30,451,1041,2945,363505.0,2199565.0,0.1608886569738388,0.2235836237668991,0.3350558280944824,0.4482535421848297,0.4554312527179718,0.48114925622940063,0.5059908628463745,0.4961962103843689,0.5211431980133057,0.5772120356559753,0.518370509147644
2025-06-30,Iwik,ACOLITE,S2B_MSI_2025_06_30_11_45_58_T28QCH_L2W,C:\Users\Simon\Nextcloud\Project\Mauritania\Science\Arguin - FieldWork Data Processing\Data\S2\ACOLITE\2025-06-30,452,1041,2946,363515.0,2199565.0,0.1608915477991104,0.221618190407753,0.33456939458847046,0.44397956132888794,0.4554283618927002,0.48114609718322754,0.5059874653816223,0.4925410747528076,0.5211398005485535,0.57720947265625,0.5183678865432739
2025-06-30,Iwik,ACOLITE,S2B_MSI_2025_06_30_11_45_58_T28QCH_L2W,C:\Users\Simon\Nextcloud\Project\Mauritania\Science\Arguin - FieldWork Data Processing\Data\S2\ACOLITE\2025-06-30,453,1041,2947,363525.0,2199565.0,0.16089440882205963,0.2180393934249878,0.33149418234825134,0.44287338852882385,0.45407065749168396,0.48074454069137573,0.504722535610199,0.49214640259742737,0.5204054117202759,0.5743459463119507,0.5143575072288513
2025-06-30,Iwik,ACOLITE,S2B_MSI_2025_06_30_11_45_58_T28QCH_L2W,C:\Users\Simon\Nextcloud\Project\Mauritania\Science\Arguin - FieldWork Data Processing\Data\S2\ACOLITE\2025-06-30,454,1041,2948,363535.0,2199565.0,0.16089729964733124,0.2201889604330063,0.3326255977153778,0.4421807825565338,0.45406779646873474,0.48074138164520264,0.5047191381454468,0.49201279878616333,0.5204020738601685,0.5743433833122253,0.5143548846244812
2025-06-30,Iwik,ACOLITE,S2B_MSI_2025_06_30_11_45_58_T28QCH_L2W,C:\Users\Simon\Nextcloud\Project\Mauritania\Science\Arguin - FieldWork Data Processing\Data\S2\ACOLITE\2025-06-30,455,1041,2949,363545.0,2199565.0,0.16151776909828186,0.2221575230360031,0.3313293755054474,0.44341927766799927,0.4523027837276459,0.47940999269485474,0.5034537315368652,0.49409714341163635,0.5167413353919983,0.5751420259475708,0.5122873187065125
2025-06-30,Iwik,ACOLITE,S2B_MSI_2025_06_30_11_45_58_T28QCH_L2W,C:\Users\Simon\Nextcloud\Project\Mauritania\Science\Arguin - FieldWork Data Processing\Data\S2\ACOLITE\2025-06-30,456,1041,2950,363555.0,2199565.0,0.16152064502239227,0.2239455133676529,0.33019450306892395,0.44272685050964355,0.45229992270469666,0.47940686345100403,0.5034503936767578,0.49213701486587524,0.5167379975318909,0.5751394629478455,0.5122847557067871
2025-06-30,Iwik,ACOLITE,S2B_MSI_2025_06_30_11_45_58_T28QCH_L2W,C:\Users\Simon\Nextcloud\Project\Mauritania\Science\Arguin - FieldWork Data Processing\Data\S2\ACOLITE\2025-06-30,457,1041,2951,363565.0,2199565.0,0.1615234762430191,0.22037090361118317,0.33213570713996887,0.4442407786846161,0.4520258605480194,0.47741031646728516,0.503699541091919,0.4933081567287445,0.5179541707038879,0.5758236050605774,0.5120392441749573
2025-06-30,Iwik,ACOLITE,S2B_MSI_2025_06_30_11_45_58_T28QCH_L2W,C:\Users\Simon\Nextcloud\Project\Mauritania\Science\Arguin - FieldWork Data Processing\Data\S2\ACOLITE\2025-06-30,458,1041,2952,363575.0,2199565.0,0.16152635216712952,0.22394734621047974,0.3319724500179291,0.44520267844200134,0.4520230293273926,0.47740718722343445,0.5036961436271667,0.49343550205230713,0.5179508328437805,0.575821042060852,0.5120366811752319
2025-06-30,Iwik,ACOLITE,S2B_MSI_2025_06_30_11_45_58_T28QCH_L2W,C:\Users\Simon\Nextcloud\Project\Mauritania\Science\Arguin - FieldWork Data Processing\Data\S2\ACOLITE\2025-06-30,459,1042,2930,363355.0,2199555.0,0.1571357548236847,0.2189168930053711,0.33248618245124817,0.4378072917461395,0.44692155718803406,0.4718800485134125,0.4994683265686035,0.49036577343940735,0.5170419812202454,0.5769028067588806,0.5233836770057678
2025-06-30,Iwik,ACOLITE,S2B_MSI_2025_06_30_11_45_58_T28QCH_L2W,C:\Users\Simon\Nextcloud\Project\Mauritania\Science\Arguin - FieldWork Data Processing\Data\S2\ACOLITE\2025-06-30,460,1042,2931,363365.0,2199555.0,0.16187985241413116,0.22285497188568115,0.33361735939979553,0.44180962443351746,0.4541108310222626,0.4785298705101013,0.5051482319831848,0.49388688802719116,0.5149644017219543,0.5777012705802917,0.5233810544013977
2025-06-30,Iwik,ACOLITE,S2B_MSI_2025_06_30_11_45_58_T28QCH_L2W,C:\Users\Simon\Nextcloud\Project\Mauritania\Science\Arguin - FieldWork Data Processing\Data\S2\ACOLITE\2025-06-30,461,1042,2932,363375.0,2199555.0,0.16188271343708038,0.22231946885585785,0.32989218831062317,0.44277265667915344,0.45410794019699097,0.4785267412662506,0.5051448941230774,0.4942750632762909,0.5149611234664917,0.5776986479759216,0.5233784317970276
2025-06-30,Iwik,ACOLITE,S2B_MSI_2025_06_30_11_45_58_T28QCH_L2W,C:\Users\Simon\Nextcloud\Project\Mauritania\Science\Arguin - FieldWork Data Processing\Data\S2\ACOLITE\2025-06-30,462,1042,2933,363385.0,2199555.0,0.1618855595588684,0.2226780503988266,0.33296722173690796,0.44097569584846497,0.4554600119590759,0.47652924060821533,0.5036269426345825,0.4936196208000183,0.525439441204071,0.5792979001998901,0.5213117003440857
2025-06-30,Iwik,ACOLITE,S2B_MSI_2025_06_30_11_45_58_T28QCH_L2W,C:\Users\Simon\Nextcloud\Project\Mauritania\Science\Arguin - FieldWork Data Processing\Data\S2\ACOLITE\2025-06-30,463,1042,2934,363395.0,2199555.0,0.16188837587833405,0.22464478015899658,0.3337746560573578,0.448417603969574,0.4554571211338043,0.4765261113643646,0.5036236047744751,0.49739813804626465,0.5254360437393188,0.5792953372001648,0.5213090777397156
2025-06-30,Iwik,ACOLITE,S2B_MSI_2025_06_30_11_45_58_T28QCH_L2W,C:\Users\Simon\Nextcloud\Project\Mauritania\Science\Arguin - FieldWork Data Processing\Data\S2\ACOLITE\2025-06-30,464,1042,2935,363405.0,2199555.0,0.16189123690128326,0.2221434861421585,0.331669420003891,0.4473128914833069,0.45328596234321594,0.4811744689941406,0.5081617832183838,0.4997401833534241,0.5257977247238159,0.5781486630439758,0.5225206613540649
2025-06-30,Iwik,ACOLITE,S2B_MSI_2025_06_30_11_45_58_T28QCH_L2W,C:\Users\Simon\Nextcloud\Project\Mauritania\Science\Arguin - FieldWork Data Processing\Data\S2\ACOLITE\2025-06-30,465,1042,2936,363415.0,2199555.0,0.1618940830230713,0.22107119858264923,0.3353886008262634,0.4444160759449005,0.45328307151794434,0.48117128014564514,0.5081583857536316,0.4989553689956665,0.5257943272590637,0.5781461000442505,0.5225180387496948
2025-06-30,Iwik,ACOLITE,S2B_MSI_2025_06_30_11_45_58_T28QCH_L2W,C:\Users\Simon\Nextcloud\Project\Mauritania\Science\Arguin - FieldWork Data Processing\Data\S2\ACOLITE\2025-06-30,466,1042,2937,363425.0,2199555.0,0.16127929091453552,0.22214537858963013,0.33377015590667725,0.44193035364151,0.4539579153060913,0.48076966404914856,0.5023508667945862,0.49908241629600525,0.5228690505027771,0.5769993662834167,0.5180225968360901
2025-06-30,Iwik,ACOLITE,S2B_MSI_2025_06_30_11_45_58_T28QCH_L2W,C:\Users\Simon\Nextcloud\Project\Mauritania\Science\Arguin - FieldWork Data Processing\Data\S2\ACOLITE\2025-06-30,467,1042,2938,363435.0,2199555.0,0.16128215193748474,0.22053632140159607,0.3293975293636322,0.4409613609313965,0.4539550244808197,0.48076653480529785,0.5023475289344788,0.49282097816467285,0.5228656530380249,0.5769968032836914,0.51801997423172
2025-06-30,Iwik,ACOLITE,S2B_MSI_2025_06_30_11_45_58_T28QCH_L2W,C:\Users\Simon\Nextcloud\Project\Mauritania\Science\Arguin - FieldWork Data Processing\Data\S2\ACOLITE\2025-06-30,468,1042,2939,363445.0,2199555.0,0.16128502786159515,0.22107411921024323,0.3350606858730316,0.4464746117591858,0.45584893226623535,0.48195844888687134,0.5084003210067749,0.4962089955806732,0.5229840874671936,0.5790536403656006,0.5176530480384827
2025-06-30,Iwik,ACOLITE,S2B_MSI_2025_06_30_11_45_58_T28QCH_L2W,C:\Users\Simon\Nextcloud\Project\Mauritania\Science\Arguin - FieldWork Data Processing\Data\S2\ACOLITE\2025-06-30,469,1042,2940,363455.0,2199555.0,0.16128788888454437,0.22018036246299744,0.3352208435535431,0.4489504098892212,0.45584601163864136,0.48195526003837585,0.5083968639373779,0.5005054473876953,0.5229806900024414,0.57905113697052,0.5176504850387573
2025-06-30,Iwik,ACOLITE,S2B_MSI_2025_06_30_11_45_58_T28QCH_L2W,C:\Users\Simon\Nextcloud\Project\Mauritania\Science\Arguin - FieldWork Data Processing\Data\S2\ACOLITE\2025-06-30,470,1042,2941,363465.0,2199555.0,0.16129076480865479,0.2225067913532257,0.3340875804424286,0.44509074091911316,0.4567910432815552,0.4807570278644562,0.5044835805892944,0.5001115202903748,0.5226119160652161,0.5783621668815613,0.5169191956520081
2025-06-30,Iwik,ACOLITE,S2B_MSI_2025_06_30_11_45_58_T28QCH_L2W,C:\Users\Simon\Nextcloud\Project\Mauritania\Science\Arguin - FieldWork Data Processing\Data\S2\ACOLITE\2025-06-30,471,1042,2942,363475.0,2199555.0,0.1612936407327652,0.22411610186100006,0.3350561261177063,0.4468790590763092,0.4567880928516388,0.4807538390159607,0.504480242729187,0.4964601397514343,0.5226085782051086,0.5783595442771912,0.5169165730476379
2025-06-30,Iwik,ACOLITE,S2B_MSI_2025_06_30_11_45_58_T28QCH_L2W,C:\Users\Simon\Nextcloud\Project\Mauritania\Science\Arguin - FieldWork Data Processing\Data\S2\ACOLITE\2025-06-30,472,1042,2943,363485.0,2199555.0,0.16088467836380005,0.2214357852935791,0.3318195939064026,0.4431546628475189,0.4562435746192932,0.47955524921417236,0.5061169862747192,0.4950227439403534,0.5198029279708862,0.5767551064491272,0.5170354247093201
2025-06-30,Iwik,ACOLITE,S2B_MSI_2025_06_30_11_45_58_T28QCH_L2W,C:\Users\Simon\Nextcloud\Project\Mauritania\Science\Arguin - FieldWork Data Processing\Data\S2\ACOLITE\2025-06-30,473,1042,2944,363495.0,2199555.0,0.16088756918907166,0.22125788033008575,0.333597868680954,0.447424054145813,0.4562406837940216,0.47955209016799927,0.506113588809967,0.49488919973373413,0.5197995901107788,0.5767525434494019,0.51703280210495
2025-06-30,Iwik,ACOLITE,S2B_MSI_2025_06_30_11_45_58_T28QCH_L2W,C:\Users\Simon\Nextcloud\Project\Mauritania\Science\Arguin - FieldWork Data Processing\Data\S2\ACOLITE\2025-06-30,474,1042,2945,363505.0,2199555.0,0.16089044511318207,0.22358287870883942,0.3353748023509979,0.44631919264793396,0.4556960463523865,0.4794160723686218,0.5086318254470825,0.4982750415802002,0.5215021371841431,0.5753768086433411,0.5177589058876038
2025-06-30,Iwik,ACOLITE,S2B_MSI_2025_06_30_11_45_58_T28QCH_L2W,C:\Users\Simon\Nextcloud\Project\Mauritania\Science\Arguin - FieldWork Data Processing\Data\S2\ACOLITE\2025-06-30,475,1042,2946,363515.0,2199555.0,0.16089332103729248,0.22197511792182922,0.33262428641319275,0.444800466299057,0.4556931257247925,0.4794129431247711,0.5086284279823303,0.4959259331226349,0.5214987397193909,0.5753742456436157,0.5177562832832336
2025-06-30,Iwik,ACOLITE,S2B_MSI_2025_06_30_11_45_58_T28QCH_L2W,C:\Users\Simon\Nextcloud\Project\Mauritania\Science\Arguin - FieldWork Data Processing\Data\S2\ACOLITE\2025-06-30,476,1042,2947,363525.0,2199555.0,0.1608961969614029,0.2205451875925064,0.3321373462677002,0.44383254647254944,0.45528391003608704,0.47887828946113586,0.5058512091636658,0.49344494938850403,0.5218607783317566,0.5739982724189758,0.51338130235672
2025-06-30,Iwik,ACOLITE,S2B_MSI_2025_06_30_11_45_58_T28QCH_L2W,C:\Users\Simon\Nextcloud\Project\Mauritania\Science\Arguin - FieldWork Data Processing\Data\S2\ACOLITE\2025-06-30,477,1042,2948,363535.0,2199555.0,0.1608990728855133,0.22072508931159973,0.33165037631988525,0.4449324607849121,0.45528098940849304,0.47887516021728516,0.5058477520942688,0.492919921875,0.5218573808670044,0.5739957094192505,0.5133787989616394
2025-06-30,Iwik,ACOLITE,S2B_MSI_2025_06_30_11_45_58_T28QCH_L2W,C:\Users\Simon\Nextcloud\Project\Mauritania\Science\Arguin - FieldWork Data Processing\Data\S2\ACOLITE\2025-06-30,478,1042,2949,363545.0,2199555.0,0.16151954233646393,0.2187572568655014,0.3327816128730774,0.44892361760139465,0.4556844234466553,0.4809972941875458,0.5078619718551636,0.49304720759391785,0.5256281495094299,0.5758243799209595,0.5134977102279663
2025-06-30,Iwik,ACOLITE,S2B_MSI_2025_06_30_11_45_58_T28QCH_L2W,C:\Users\Simon\Nextcloud\Project\Mauritania\Science\Arguin - FieldWork Data Processing\Data\S2\ACOLITE\2025-06-30,479,1042,2950,363555.0,2199555.0,0.16152240335941315,0.22483763098716736,0.3352055549621582,0.4479570984840393,0.4556815028190613,0.4809941351413727,0.5078585743904114,0.49656495451927185,0.5256247520446777,0.5758217573165894,0.513495147228241
2025-06-30,Iwik,ACOLITE,S2B_MSI_2025_06_30_11_45_58_T28QCH_L2W,C:\Users\Simon\Nextcloud\Project\Mauritania\Science\Arguin - FieldWork Data Processing\Data\S2\ACOLITE\2025-06-30,480,1042,2951,363565.0,2199555.0,0.16152523458003998,0.2192964255809784,0.3334256708621979,0.44630154967308044,0.4585212171077728,0.4840434491634369,0.5101233720779419,0.49669212102890015,0.5268380045890808,0.5783364772796631,0.5168932676315308
2025-06-30,Iwik,ACOLITE,S2B_MSI_2025_06_30_11_45_58_T28QCH_L2W,C:\Users\Simon\Nextcloud\Project\Mauritania\Science\Arguin - FieldWork Data Processing\Data\S2\ACOLITE\2025-06-30,481,1042,2952,363575.0,2199555.0,0.161528080701828,0.2210867702960968,0.3329389691352844,0.44533416628837585,0.45851826667785645,0.4840402603149414,0.5101199746131897,0.49342912435531616,0.5268345475196838,0.5783339142799377,0.5168907046318054
2025-06-30,Iwik,ACOLITE,S2B_MSI_2025_06_30_11_45_58_T28QCH_L2W,C:\Users\Simon\Nextcloud\Project\Mauritania\Science\Arguin - FieldWork Data Processing\Data\S2\ACOLITE\2025-06-30,482,1043,2930,363355.0,2199545.0,0.15713763236999512,0.2201697826385498,0.3268105983734131,0.4382159411907196,0.44691580533981323,0.4718738794326782,0.499461829662323,0.491404265165329,0.5170356631278992,0.5768986344337463,0.5233793258666992
2025-06-30,Iwik,ACOLITE,S2B_MSI_2025_06_30_11_45_58_T28QCH_L2W,C:\Users\Simon\Nextcloud\Project\Mauritania\Science\Arguin - FieldWork Data Processing\Data\S2\ACOLITE\2025-06-30,483,1043,2931,363365.0,2199545.0,0.16188152134418488,0.22321175038814545,0.33134734630584717,0.44125157594680786,0.45410487055778503,0.4785236120223999,0.5051416754722595,0.4942720830440521,0.5149580836296082,0.5776970386505127,0.5233767032623291
2025-06-30,Iwik,ACOLITE,S2B_MSI_2025_06_30_11_45_58_T28QCH_L2W,C:\Users\Simon\Nextcloud\Project\Mauritania\Science\Arguin - FieldWork Data Processing\Data\S2\ACOLITE\2025-06-30,484,1043,2932,363375.0,2199545.0,0.1618843972682953,0.22035077214241028,0.3305361866950989,0.44111064076423645,0.4541019797325134,0.4785204827785492,0.5051382780075073,0.49622511863708496,0.5149547457695007,0.5776944756507874,0.523374080657959
2025-06-30,Iwik,ACOLITE,S2B_MSI_2025_06_30_11_45_58_T28QCH_L2W,C:\Users\Simon\Nextcloud\Project\Mauritania\Science\Arguin - FieldWork Data Processing\Data\S2\ACOLITE\2025-06-30,485,1043,2933,363385.0,2199545.0,0.1618872433900833,0.22142542898654938,0.3323157727718353,0.4423498511314392,0.455454021692276,0.47652295231819153,0.5036203265190125,0.4943961799144745,0.5254329442977905,0.5792936086654663,0.5213074088096619
2025-06-30,Iwik,ACOLITE,S2B_MSI_2025_06_30_11_45_58_T28QCH_L2W,C:\Users\Simon\Nextcloud\Project\Mauritania\Science\Arguin - FieldWork Data Processing\Data\S2\ACOLITE\2025-06-30,486,1043,2934,363395.0,2199545.0,0.16189008951187134,0.22482261061668396,0.33409395813941956,0.4485490620136261,0.4554511308670044,0.4765198230743408,0.503616988658905,0.4986949861049652,0.5254295468330383,0.579291045665741,0.5213047862052917
2025-06-30,Iwik,ACOLITE,S2B_MSI_2025_06_30_11_45_58_T28QCH_L2W,C:\Users\Simon\Nextcloud\Project\Mauritania\Science\Arguin - FieldWork Data Processing\Data\S2\ACOLITE\2025-06-30,487,1043,2935,363405.0,2199545.0,0.16189295053482056,0.220890611410141,0.3306937515735626,0.4466180205345154,0.4532800018787384,0.48116812109947205,0.508155107498169,0.4979099631309509,0.5257911682128906,0.5781444311141968,0.5225163102149963
2025-06-30,Iwik,ACOLITE,S2B_MSI_2025_06_30_11_45_58_T28QCH_L2W,C:\Users\Simon\Nextcloud\Project\Mauritania\Science\Arguin - FieldWork Data Processing\Data\S2\ACOLITE\2025-06-30,488,1043,2936,363415.0,2199545.0,0.16189579665660858,0.22142833471298218,0.33020639419555664,0.4441342055797577,0.4532770812511444,0.4811649024486542,0.5081517100334167,0.4975157678127289,0.5257877707481384,0.5781418085098267,0.5225136876106262
2025-06-30,Iwik,ACOLITE,S2B_MSI_2025_06_30_11_45_58_T28QCH_L2W,C:\Users\Simon\Nextcloud\Project\Mauritania\Science\Arguin - FieldWork Data Processing\Data\S2\ACOLITE\2025-06-30,489,1043,2937,363425.0,2199545.0,0.161281019449234,0.22071364521980286,0.33328068256378174,0.4437176287174225,0.45395195484161377,0.4807632863521576,0.5023443102836609,0.497251957654953,0.5228624939918518,0.5769950747489929,0.5180182456970215
2025-06-30,Iwik,ACOLITE,S2B_MSI_2025_06_30_11_45_58_T28QCH_L2W,C:\Users\Simon\Nextcloud\Project\Mauritania\Science\Arguin - FieldWork Data Processing\Data\S2\ACOLITE\2025-06-30,490,1043,2938,363435.0,2199545.0,0.16128391027450562,0.22446896135807037,0.3323083221912384,0.4409553110599518,0.4539490342140198,0.4807601273059845,0.5023409128189087,0.4926842153072357,0.5228590965270996,0.5769925117492676,0.5180156230926514
2025-06-30,Iwik,ACOLITE,S2B_MSI_2025_06_30_11_45_58_T28QCH_L2W,C:\Users\Simon\Nextcloud\Project\Mauritania\Science\Arguin - FieldWork Data Processing\Data\S2\ACOLITE\2025-06-30,491,1043,2939,363445.0,2199545.0,0.16128677129745483,0.22429123520851135,0.3373185396194458,0.4441254138946533,0.45584288239479065,0.4819519817829132,0.5083935260772705,0.49933022260665894,0.5229775309562683,0.5790493488311768,0.5176487565040588
2025-06-30,Iwik,ACOLITE,S2B_MSI_2025_06_30_11_45_58_T28QCH_L2W,C:\Users\Simon\Nextcloud\Project\Mauritania\Science\Arguin - FieldWork Data Processing\Data\S2\ACOLITE\2025-06-30,492,1043,2940,363455.0,2199545.0,0.16128961741924286,0.2225051075220108,0.3310103118419647,0.44866886734962463,0.45583993196487427,0.4819487929344177,0.5083901286125183,0.5001084208488464,0.5229741334915161,0.5790467858314514,0.517646074295044
2025-06-30,Iwik,ACOLITE,S2B_MSI_2025_06_30_11_45_58_T28QCH_L2W,C:\Users\Simon\Nextcloud\Project\Mauritania\Science\Arguin - FieldWork Data Processing\Data\S2\ACOLITE\2025-06-30,493,1043,2941,363465.0,2199545.0,0.16129250824451447,0.22411441802978516,0.3310088515281677,0.4441196024417877,0.4567849636077881,0.48075059056282043,0.5044769048690796,0.4959355592727661,0.5226053595542908,0.5783578157424927,0.5169147849082947
2025-06-30,Iwik,ACOLITE,S2B_MSI_2025_06_30_11_45_58_T28QCH_L2W,C:\Users\Simon\Nextcloud\Project\Mauritania\Science\Arguin - FieldWork Data Processing\Data\S2\ACOLITE\2025-06-30,494,1043,2942,363475.0,2199545.0,0.1612953543663025,0.22786326706409454,0.3353751301765442,0.4479745328426361,0.4567820131778717,0.48074740171432495,0.5044735074043274,0.4961931109428406,0.5226019620895386,0.5783552527427673,0.5169122219085693
2025-06-30,Iwik,ACOLITE,S2B_MSI_2025_06_30_11_45_58_T28QCH_L2W,C:\Users\Simon\Nextcloud\Project\Mauritania\Science\Arguin - FieldWork Data Processing\Data\S2\ACOLITE\2025-06-30,495,1043,2943,363485.0,2199545.0,0.16088645160198212,0.22304418683052063,0.33391857147216797,0.4485222399234772,0.4562374949455261,0.47954878211021423,0.5061102509498596,0.4950164258480072,0.5197963714599609,0.5767507553100586,0.5170310735702515
2025-06-30,Iwik,ACOLITE,S2B_MSI_2025_06_30_11_45_58_T28QCH_L2W,C:\Users\Simon\Nextcloud\Project\Mauritania\Science\Arguin - FieldWork Data Processing\Data\S2\ACOLITE\2025-06-30,496,1043,2944,363495.0,2199545.0,0.16088932752609253,0.22233010828495026,0.3332701623439789,0.44480010867118835,0.45623454451560974,0.47954562306404114,0.5061068534851074,0.4970991313457489,0.5197930335998535,0.5767481923103333,0.5170284509658813
2025-06-30,Iwik,ACOLITE,S2B_MSI_2025_06_30_11_45_58_T28QCH_L2W,C:\Users\Simon\Nextcloud\Project\Mauritania\Science\Arguin - FieldWork Data Processing\Data\S2\ACOLITE\2025-06-30,497,1043,2945,363505.0,2199545.0,0.16089218854904175,0.2219734638929367,0.3345623314380646,0.44507282972335815,0.455689936876297,0.4794096052646637,0.5086250305175781,0.49670493602752686,0.521495521068573,0.5753724575042725,0.5177545547485352
2025-06-30,Iwik,ACOLITE,S2B_MSI_2025_06_30_11_45_58_T28QCH_L2W,C:\Users\Simon\Nextcloud\Project\Mauritania\Science\Arguin - FieldWork Data Processing\Data\S2\ACOLITE\2025-06-30,498,1043,2946,363515.0,2199545.0,0.16089507937431335,0.22125913202762604,0.3322964608669281,0.4442428648471832,0.455687016248703,0.479406476020813,0.5086216330528259,0.4923979640007019,0.5214921236038208,0.5753698945045471,0.517751932144165
2025-06-30,Iwik,ACOLITE,S2B_MSI_2025_06_30_11_45_58_T28QCH_L2W,C:\Users\Simon\Nextcloud\Project\Mauritania\Science\Arguin - FieldWork Data Processing\Data\S2\ACOLITE\2025-06-30,499,1043,2947,363525.0,2199545.0,0.16089795529842377,0.2187546044588089,0.3300285339355469,0.4457559883594513,0.45527777075767517,0.4788718521595001,0.5058444142341614,0.4893922805786133,0.5218541622161865,0.5739939212799072,0.5133769512176514
2025-06-30,Iwik,ACOLITE,S2B_MSI_2025_06_30_11_45_58_T28QCH_L2W,C:\Users\Simon\Nextcloud\Project\Mauritania\Science\Arguin - FieldWork Data Processing\Data\S2\ACOLITE\2025-06-30,500,1043,2948,363535.0,2199545.0,0.16090081632137299,0.22161871194839478,0.329379141330719,0.4427201747894287,0.4552748501300812,0.47886866331100464,0.5058410167694092,0.4879522919654846,0.5218508243560791,0.5739914178848267,0.513374388217926
2025-06-30,Iwik,ACOLITE,S2B_MSI_2025_06_30_11_45_58_T28QCH_L2W,C:\Users\Simon\Nextcloud\Project\Mauritania\Science\Arguin - FieldWork Data Processing\Data\S2\ACOLITE\2025-06-30,501,1043,2949,363545.0,2199545.0,0.1615212857723236,0.22304974496364594,0.3318065404891968,0.4451989233493805,0.455678254365921,0.48099076747894287,0.5078551173210144,0.4957796335220337,0.5256214737892151,0.5758199691772461,0.5134932994842529
2025-06-30,Iwik,ACOLITE,S2B_MSI_2025_06_30_11_45_58_T28QCH_L2W,C:\Users\Simon\Nextcloud\Project\Mauritania\Science\Arguin - FieldWork Data Processing\Data\S2\ACOLITE\2025-06-30,502,1043,2950,363555.0,2199545.0,0.16152413189411163,0.22555088996887207,0.3374626636505127,0.45249027013778687,0.455675333738327,0.4809875786304474,0.5078517198562622,0.5002062320709229,0.5256180763244629,0.5758174061775208,0.5134907364845276
2025-06-30,Iwik,ACOLITE,S2B_MSI_2025_06_30_11_45_58_T28QCH_L2W,C:\Users\Simon\Nextcloud\Project\Mauritania\Science\Arguin - FieldWork Data Processing\Data\S2\ACOLITE\2025-06-30,503,1043,2951,363565.0,2199545.0,0.16152700781822205,0.2255517542362213,0.3356844484806061,0.4508373737335205,0.4585149884223938,0.4840368330478668,0.510116457939148,0.500203013420105,0.5268312096595764,0.5783320665359497,0.5168888568878174
2025-06-30,Iwik,ACOLITE,S2B_MSI_2025_06_30_11_45_58_T28QCH_L2W,C:\Users\Simon\Nextcloud\Project\Mauritania\Science\Arguin - FieldWork Data Processing\Data\S2\ACOLITE\2025-06-30,504,1043,2952,363575.0,2199545.0,0.16152985394001007,0.22483858466148376,0.33762097358703613,0.4509718418121338,0.45851200819015503,0.48403364419937134,0.5101130604743958,0.49902769923210144,0.5268278121948242,0.5783295035362244,0.5168862342834473
2025-06-30,Iwik,ACOLITE,S2B_MSI_2025_06_30_11_45_58_T28QCH_L2W,C:\Users\Simon\Nextcloud\Project\Mauritania\Science\Arguin - FieldWork Data Processing\Data\S2\ACOLITE\2025-06-30,505,1044,2930,363355.0,2199535.0,0.1525937169790268,0.21837830543518066,0.32469668984413147,0.43419986963272095,0.4417429566383362,0.46466705203056335,0.494648814201355,0.4866953492164612,0.5079920291900635,0.5736898183822632,0.5220394730567932
2025-06-30,Iwik,ACOLITE,S2B_MSI_2025_06_30_11_45_58_T28QCH_L2W,C:\Users\Simon\Nextcloud\Project\Mauritania\Science\Arguin - FieldWork Data Processing\Data\S2\ACOLITE\2025-06-30,506,1044,2931,363365.0,2199535.0,0.16023562848567963,0.22070710361003876,0.33037158846855164,0.44069337844848633,0.4466354548931122,0.473063200712204,0.5024842023849487,0.48943623900413513,0.5171478986740112,0.5748319029808044,0.5216726064682007
2025-06-30,Iwik,ACOLITE,S2B_MSI_2025_06_30_11_45_58_T28QCH_L2W,C:\Users\Simon\Nextcloud\Project\Mauritania\Science\Arguin - FieldWork Data Processing\Data\S2\ACOLITE\2025-06-30,507,1044,2932,363375.0,2199535.0,0.16023853421211243,0.21927596628665924,0.330046147108078,0.4415186941623688,0.44663265347480774,0.47306010127067566,0.5024808049201965,0.4917834401130676,0.5171445608139038,0.5748292803764343,0.5216699242591858
2025-06-30,Iwik,ACOLITE,S2B_MSI_2025_06_30_11_45_58_T28QCH_L2W,C:\Users\Simon\Nextcloud\Project\Mauritania\Science\Arguin - FieldWork Data Processing\Data\S2\ACOLITE\2025-06-30,508,1044,2933,363385.0,2199535.0,0.16024141013622284,0.2219613492488861,0.3336060643196106,0.4444126784801483,0.4523307681083679,0.47824516892433167,0.5019722580909729,0.4926939010620117,0.5226261019706726,0.5759711861610413,0.5206959843635559
2025-06-30,Iwik,ACOLITE,S2B_MSI_2025_06_30_11_45_58_T28QCH_L2W,C:\Users\Simon\Nextcloud\Project\Mauritania\Science\Arguin - FieldWork Data Processing\Data\S2\ACOLITE\2025-06-30,509,1044,2934,363395.0,2199535.0,0.16024431586265564,0.22231996059417725,0.33360451459884644,0.44578817486763,0.4523278474807739,0.47824200987815857,0.5019689202308655,0.497776597738266,0.5226226449012756,0.5759686231613159,0.520693302154541
2025-06-30,Iwik,ACOLITE,S2B_MSI_2025_06_30_11_45_58_T28QCH_L2W,C:\Users\Simon\Nextcloud\Project\Mauritania\Science\Arguin - FieldWork Data Processing\Data\S2\ACOLITE\2025-06-30,510,1044,2935,363405.0,2199535.0,0.16024722158908844,0.22160552442073822,0.33247044682502747,0.4434415102005005,0.45354515314102173,0.4789033532142639,0.5014603137969971,0.49399226903915405,0.5215229392051697,0.5758516192436218,0.5209335684776306
2025-06-30,Iwik,ACOLITE,S2B_MSI_2025_06_30_11_45_58_T28QCH_L2W,C:\Users\Simon\Nextcloud\Project\Mauritania\Science\Arguin - FieldWork Data Processing\Data\S2\ACOLITE\2025-06-30,511,1044,2936,363415.0,2199535.0,0.16025012731552124,0.22089093923568726,0.3298783004283905,0.44399023056030273,0.4535422623157501,0.4789001941680908,0.5014569759368896,0.49646681547164917,0.5215195417404175,0.5758490562438965,0.5209309458732605
2025-06-30,Iwik,ACOLITE,S2B_MSI_2025_06_30_11_45_58_T28QCH_L2W,C:\Users\Simon\Nextcloud\Project\Mauritania\Science\Arguin - FieldWork Data Processing\Data\S2\ACOLITE\2025-06-30,512,1044,2937,363425.0,2199535.0,0.16025298833847046,0.21946007013320923,0.3306867182254791,0.44467663764953613,0.45109856128692627,0.4795614182949066,0.5034739971160889,0.4946381151676178,0.519810140132904,0.5764186382293701,0.5199568867683411
2025-06-30,Iwik,ACOLITE,S2B_MSI_2025_06_30_11_45_58_T28QCH_L2W,C:\Users\Simon\Nextcloud\Project\Mauritania\Science\Arguin - FieldWork Data Processing\Data\S2\ACOLITE\2025-06-30,513,1044,2938,363435.0,2199535.0,0.16025590896606445,0.21910296380519867,0.33068522810935974,0.447842538356781,0.4510956406593323,0.47955822944641113,0.5034705996513367,0.4939827024936676,0.5198067426681519,0.5764160752296448,0.519954264163971
2025-06-30,Iwik,ACOLITE,S2B_MSI_2025_06_30_11_45_58_T28QCH_L2W,C:\Users\Simon\Nextcloud\Project\Mauritania\Science\Arguin - FieldWork Data Processing\Data\S2\ACOLITE\2025-06-30,514,1044,2939,363445.0,2199535.0,0.16025879979133606,0.2223246693611145,0.33408215641975403,0.4496290385723114,0.4554305076599121,0.47928935289382935,0.5105289220809937,0.4971088767051697,0.524797260761261,0.5777866244316101,0.5172799825668335
2025-06-30,Iwik,ACOLITE,S2B_MSI_2025_06_30_11_45_58_T28QCH_L2W,C:\Users\Simon\Nextcloud\Project\Mauritania\Science\Arguin - FieldWork Data Processing\Data\S2\ACOLITE\2025-06-30,515,1044,2940,363455.0,2199535.0,0.16026172041893005,0.22536279261112213,0.33230119943618774,0.4479742646217346,0.4554275870323181,0.47928619384765625,0.5105255246162415,0.49501973390579224,0.524793803691864,0.57778400182724,0.5172774195671082
2025-06-30,Iwik,ACOLITE,S2B_MSI_2025_06_30_11_45_58_T28QCH_L2W,C:\Users\Simon\Nextcloud\Project\Mauritania\Science\Arguin - FieldWork Data Processing\Data\S2\ACOLITE\2025-06-30,516,1044,2941,363465.0,2199535.0,0.16026461124420166,0.21964313089847565,0.3279264271259308,0.44425132870674133,0.45583099126815796,0.4786185920238495,0.5053533911705017,0.4955381453037262,0.5178460478782654,0.5758362412452698,0.5152101516723633
2025-06-30,Iwik,ACOLITE,S2B_MSI_2025_06_30_11_45_58_T28QCH_L2W,C:\Users\Simon\Nextcloud\Project\Mauritania\Science\Arguin - FieldWork Data Processing\Data\S2\ACOLITE\2025-06-30,517,1044,2942,363475.0,2199535.0,0.16026748716831207,0.2241145372390747,0.3314889371395111,0.4460400342941284,0.4558280110359192,0.478615403175354,0.5053499937057495,0.4990536570549011,0.517842710018158,0.5758336782455444,0.5152075290679932
2025-06-30,Iwik,ACOLITE,S2B_MSI_2025_06_30_11_45_58_T28QCH_L2W,C:\Users\Simon\Nextcloud\Project\Mauritania\Science\Arguin - FieldWork Data Processing\Data\S2\ACOLITE\2025-06-30,518,1044,2943,363485.0,2199535.0,0.1615058332681656,0.22143439948558807,0.3342377245426178,0.44672590494155884,0.45677295327186584,0.4792766869068146,0.5045895576477051,0.4954013228416443,0.5212520956993103,0.5743432641029358,0.5166623592376709
2025-06-30,Iwik,ACOLITE,S2B_MSI_2025_06_30_11_45_58_T28QCH_L2W,C:\Users\Simon\Nextcloud\Project\Mauritania\Science\Arguin - FieldWork Data Processing\Data\S2\ACOLITE\2025-06-30,519,1044,2944,363495.0,2199535.0,0.161508709192276,0.2232230305671692,0.33326593041419983,0.4453451931476593,0.45677003264427185,0.4792735278606415,0.5045861601829529,0.4957892894744873,0.5212486982345581,0.5743407011032104,0.5166597366333008
2025-06-30,Iwik,ACOLITE,S2B_MSI_2025_06_30_11_45_58_T28QCH_L2W,C:\Users\Simon\Nextcloud\Project\Mauritania\Science\Arguin - FieldWork Data Processing\Data\S2\ACOLITE\2025-06-30,520,1044,2945,363505.0,2199535.0,0.16151157021522522,0.22054189443588257,0.33099886775016785,0.4431365132331848,0.45487111806869507,0.4786059558391571,0.5039518475532532,0.49200335144996643,0.5200268030166626,0.5736514329910278,0.5139850974082947
2025-06-30,Iwik,ACOLITE,S2B_MSI_2025_06_30_11_45_58_T28QCH_L2W,C:\Users\Simon\Nextcloud\Project\Mauritania\Science\Arguin - FieldWork Data Processing\Data\S2\ACOLITE\2025-06-30,521,1044,2946,363515.0,2199535.0,0.16151444613933563,0.22447533905506134,0.33018776774406433,0.4423060119152069,0.4548681676387787,0.4786027669906616,0.503948450088501,0.49200019240379333,0.5200234055519104,0.5736488103866577,0.5139824748039246
2025-06-30,Iwik,ACOLITE,S2B_MSI_2025_06_30_11_45_58_T28QCH_L2W,C:\Users\Simon\Nextcloud\Project\Mauritania\Science\Arguin - FieldWork Data Processing\Data\S2\ACOLITE\2025-06-30,522,1044,2947,363525.0,2199535.0,0.16151727735996246,0.22608281672000885,0.3318052887916565,0.4483663737773895,0.4548652470111847,0.4792639911174774,0.5044498443603516,0.49447572231292725,0.5229436755180359,0.5741041302680969,0.5149516463279724
2025-06-30,Iwik,ACOLITE,S2B_MSI_2025_06_30_11_45_58_T28QCH_L2W,C:\Users\Simon\Nextcloud\Project\Mauritania\Science\Arguin - FieldWork Data Processing\Data\S2\ACOLITE\2025-06-30,523,1044,2948,363535.0,2199535.0,0.16152013838291168,0.2228693664073944,0.3340684473514557,0.4496019780635834,0.4548623561859131,0.47926080226898193,0.5044464468955994,0.49134132266044617,0.5229402184486389,0.5741015672683716,0.5149490237236023
2025-06-30,Iwik,ACOLITE,S2B_MSI_2025_06_30_11_45_58_T28QCH_L2W,C:\Users\Simon\Nextcloud\Project\Mauritania\Science\Arguin - FieldWork Data Processing\Data\S2\ACOLITE\2025-06-30,524,1044,2949,363545.0,2199535.0,0.16193459928035736,0.22358499467372894,0.3334200978279114,0.44822272658348083,0.4602730870246887,0.483638733625412,0.5078482627868652,0.49629467725753784,0.5229368209838867,0.5770743489265442,0.5170110464096069
2025-06-30,Iwik,ACOLITE,S2B_MSI_2025_06_30_11_45_58_T28QCH_L2W,C:\Users\Simon\Nextcloud\Project\Mauritania\Science\Arguin - FieldWork Data Processing\Data\S2\ACOLITE\2025-06-30,525,1044,2950,363555.0,2199535.0,0.16193744540214539,0.22555004060268402,0.3368123769760132,0.4513840675354004,0.4602700471878052,0.4836355149745941,0.5078448057174683,0.4974643886089325,0.5229334235191345,0.5770717859268188,0.5170084238052368
2025-06-30,Iwik,ACOLITE,S2B_MSI_2025_06_30_11_45_58_T28QCH_L2W,C:\Users\Simon\Nextcloud\Project\Mauritania\Science\Arguin - FieldWork Data Processing\Data\S2\ACOLITE\2025-06-30,526,1044,2951,363565.0,2199535.0,0.1619403213262558,0.22537243366241455,0.3385865390300751,0.45440441370010376,0.46121343970298767,0.48813968896865845,0.5166535377502441,0.5014983415603638,0.5294997096061707,0.5809585452079773,0.5212557315826416
2025-06-30,Iwik,ACOLITE,S2B_MSI_2025_06_30_11_45_58_T28QCH_L2W,C:\Users\Simon\Nextcloud\Project\Mauritania\Science\Arguin - FieldWork Data Processing\Data\S2\ACOLITE\2025-06-30,527,1044,2952,363575.0,2199535.0,0.16194313764572144,0.2244807332754135,0.33858492970466614,0.45275261998176575,0.4612104296684265,0.4881364107131958,0.5166500210762024,0.5037071108818054,0.5294961929321289,0.5809559226036072,0.5212531089782715
2025-06-30,Iwik,ACOLITE,S2B_MSI_2025_06_30_11_45_58_T28QCH_L2W,C:\Users\Simon\Nextcloud\Project\Mauritania\Science\Arguin - FieldWork Data Processing\Data\S2\ACOLITE\2025-06-30,528,1045,2929,363345.0,2199525.0,0.15259267389774323,0.21299517154693604,0.3185161054134369,0.42893362045288086,0.4417400658130646,0.4646640717983246,0.49464571475982666,0.4797579050064087,0.5079891085624695,0.5736882090568542,0.5220378041267395
2025-06-30,Iwik,ACOLITE,S2B_MSI_2025_06_30_11_45_58_T28QCH_L2W,C:\Users\Simon\Nextcloud\Project\Mauritania\Science\Arguin - FieldWork Data Processing\Data\S2\ACOLITE\2025-06-30,529,1045,2930,363355.0,2199525.0,0.15259578824043274,0.21281670033931732,0.31965410709381104,0.43419405817985535,0.4417372941970825,0.46466103196144104,0.4946424067020416,0.4838124215602875,0.5079858303070068,0.5736855864524841,0.5220351815223694
2025-06-30,Iwik,ACOLITE,S2B_MSI_2025_06_30_11_45_58_T28QCH_L2W,C:\Users\Simon\Nextcloud\Project\Mauritania\Science\Arguin - FieldWork Data Processing\Data\S2\ACOLITE\2025-06-30,530,1045,2931,363365.0,2199525.0,0.1602373719215393,0.2153310328722,0.32371705770492554,0.4368191659450531,0.44662967324256897,0.47305700182914734,0.5024776458740234,0.49073606729507446,0.517141580581665,0.5748276710510254,0.5216682553291321
2025-06-30,Iwik,ACOLITE,S2B_MSI_2025_06_30_11_45_58_T28QCH_L2W,C:\Users\Simon\Nextcloud\Project\Mauritania\Science\Arguin - FieldWork Data Processing\Data\S2\ACOLITE\2025-06-30,531,1045,2932,363375.0,2199525.0,0.1602402925491333,0.21802152693271637,0.327935129404068,0.4386129379272461,0.44662681221961975,0.473053902387619,0.502474308013916,0.4929519295692444,0.5171381831169128,0.5748250484466553,0.521665632724762
2025-06-30,Iwik,ACOLITE,S2B_MSI_2025_06_30_11_45_58_T28QCH_L2W,C:\Users\Simon\Nextcloud\Project\Mauritania\Science\Arguin - FieldWork Data Processing\Data\S2\ACOLITE\2025-06-30,532,1045,2933,363385.0,2199525.0,0.1602431833744049,0.22070841491222382,0.33133620023727417,0.4393007457256317,0.45232483744621277,0.4782388508319855,0.5019657015800476,0.4928182363510132,0.5226196050643921,0.5759669542312622,0.5206916332244873
2025-06-30,Iwik,ACOLITE,S2B_MSI_2025_06_30_11_45_58_T28QCH_L2W,C:\Users\Simon\Nextcloud\Project\Mauritania\Science\Arguin - FieldWork Data Processing\Data\S2\ACOLITE\2025-06-30,533,1045,2934,363395.0,2199525.0,0.1602460741996765,0.2199934870004654,0.334085613489151,0.4427487254142761,0.4523219168186188,0.4782356917858124,0.5019623637199402,0.49607589840888977,0.5226162075996399,0.5759643912315369,0.5206890106201172
2025-06-30,Iwik,ACOLITE,S2B_MSI_2025_06_30_11_45_58_T28QCH_L2W,C:\Users\Simon\Nextcloud\Project\Mauritania\Science\Arguin - FieldWork Data Processing\Data\S2\ACOLITE\2025-06-30,534,1045,2935,363405.0,2199525.0,0.16024897992610931,0.22106823325157166,0.3263089656829834,0.4406757950782776,0.4535391926765442,0.4788970351219177,0.5014537572860718,0.49346429109573364,0.5215165019035339,0.5758474469184875,0.520929217338562
2025-06-30,Iwik,ACOLITE,S2B_MSI_2025_06_30_11_45_58_T28QCH_L2W,C:\Users\Simon\Nextcloud\Project\Mauritania\Science\Arguin - FieldWork Data Processing\Data\S2\ACOLITE\2025-06-30,535,1045,2936,363415.0,2199525.0,0.16025187075138092,0.2173088788986206,0.32484695315361023,0.44357043504714966,0.4535362422466278,0.47889384627342224,0.5014503598213196,0.49398285150527954,0.5215131044387817,0.5758448243141174,0.5209265947341919
2025-06-30,Iwik,ACOLITE,S2B_MSI_2025_06_30_11_45_58_T28QCH_L2W,C:\Users\Simon\Nextcloud\Project\Mauritania\Science\Arguin - FieldWork Data Processing\Data\S2\ACOLITE\2025-06-30,536,1045,2937,363425.0,2199525.0,0.16025479137897491,0.22035442292690277,0.3300347924232483,0.4406700134277344,0.4510926306247711,0.47955501079559326,0.5034673810005188,0.49293598532676697,0.5198036432266235,0.5764144062995911,0.5199525356292725
2025-06-30,Iwik,ACOLITE,S2B_MSI_2025_06_30_11_45_58_T28QCH_L2W,C:\Users\Simon\Nextcloud\Project\Mauritania\Science\Arguin - FieldWork Data Processing\Data\S2\ACOLITE\2025-06-30,537,1045,2938,363435.0,2199525.0,0.16025768220424652,0.22089222073554993,0.33116692304611206,0.44783633947372437,0.4510897099971771,0.47955185174942017,0.5034639835357666,0.4960630238056183,0.5198002457618713,0.5764118432998657,0.5199499130249023
2025-06-30,Iwik,ACOLITE,S2B_MSI_2025_06_30_11_45_58_T28QCH_L2W,C:\Users\Simon\Nextcloud\Project\Mauritania\Science\Arguin - FieldWork Data Processing\Data\S2\ACOLITE\2025-06-30,538,1045,2939,363445.0,2199525.0,0.16026058793067932,0.22160868346691132,0.3365023136138916,0.45058587193489075,0.4554244577884674,0.479282945394516,0.510522186756134,0.49775415658950806,0.5247906446456909,0.5777823328971863,0.5172756314277649
2025-06-30,Iwik,ACOLITE,S2B_MSI_2025_06_30_11_45_58_T28QCH_L2W,C:\Users\Simon\Nextcloud\Project\Mauritania\Science\Arguin - FieldWork Data Processing\Data\S2\ACOLITE\2025-06-30,539,1045,2940,363455.0,2199525.0,0.16026347875595093,0.22482633590698242,0.33278241753578186,0.4449373483657837,0.455421507358551,0.4792797863483429,0.5105187296867371,0.4904465079307556,0.5247872471809387,0.5777797698974609,0.5172730684280396
2025-06-30,Iwik,ACOLITE,S2B_MSI_2025_06_30_11_45_58_T28QCH_L2W,C:\Users\Simon\Nextcloud\Project\Mauritania\Science\Arguin - FieldWork Data Processing\Data\S2\ACOLITE\2025-06-30,540,1045,2941,363465.0,2199525.0,0.16026636958122253,0.2180308699607849,0.32873278856277466,0.4436936676502228,0.45582491159439087,0.4786122143268585,0.5053467154502869,0.49292322993278503,0.5178395509719849,0.575831949710846,0.5152058005332947
2025-06-30,Iwik,ACOLITE,S2B_MSI_2025_06_30_11_45_58_T28QCH_L2W,C:\Users\Simon\Nextcloud\Project\Mauritania\Science\Arguin - FieldWork Data Processing\Data\S2\ACOLITE\2025-06-30,541,1045,2942,363475.0,2199525.0,0.16026929020881653,0.22143273055553436,0.3322939872741699,0.44313910603523254,0.4558219611644745,0.47860899567604065,0.5053432583808899,0.4943549931049347,0.5178362131118774,0.5758293867111206,0.5152031779289246
2025-06-30,Iwik,ACOLITE,S2B_MSI_2025_06_30_11_45_58_T28QCH_L2W,C:\Users\Simon\Nextcloud\Project\Mauritania\Science\Arguin - FieldWork Data Processing\Data\S2\ACOLITE\2025-06-30,542,1045,2943,363485.0,2199525.0,0.16150757670402527,0.22107599675655365,0.3340718448162079,0.4482344090938568,0.45676684379577637,0.47927024960517883,0.5045828819274902,0.4940909445285797,0.521245539188385,0.574338972568512,0.5166580080986023
2025-06-30,Iwik,ACOLITE,S2B_MSI_2025_06_30_11_45_58_T28QCH_L2W,C:\Users\Simon\Nextcloud\Project\Mauritania\Science\Arguin - FieldWork Data Processing\Data\S2\ACOLITE\2025-06-30,543,1045,2944,363495.0,2199525.0,0.1615104377269745,0.22304362058639526,0.3311580717563629,0.44671669602394104,0.45676389336586,0.47926706075668335,0.504579484462738,0.4933050572872162,0.521242082118988,0.5743364095687866,0.5166553854942322
2025-06-30,Iwik,ACOLITE,S2B_MSI_2025_06_30_11_45_58_T28QCH_L2W,C:\Users\Simon\Nextcloud\Project\Mauritania\Science\Arguin - FieldWork Data Processing\Data\S2\ACOLITE\2025-06-30,544,1045,2945,363505.0,2199525.0,0.1615132838487625,0.22054123878479004,0.3319658637046814,0.44188883900642395,0.4548650085926056,0.478599488735199,0.5039451122283936,0.49225810170173645,0.5200202465057373,0.5736470818519592,0.5139807462692261
2025-06-30,Iwik,ACOLITE,S2B_MSI_2025_06_30_11_45_58_T28QCH_L2W,C:\Users\Simon\Nextcloud\Project\Mauritania\Science\Arguin - FieldWork Data Processing\Data\S2\ACOLITE\2025-06-30,545,1045,2946,363515.0,2199525.0,0.1615161895751953,0.22340281307697296,0.33455222845077515,0.44436827301979065,0.4548620879650116,0.4785963296890259,0.5039417147636414,0.4970799684524536,0.5200168490409851,0.5736445188522339,0.5139781832695007
2025-06-30,Iwik,ACOLITE,S2B_MSI_2025_06_30_11_45_58_T28QCH_L2W,C:\Users\Simon\Nextcloud\Project\Mauritania\Science\Arguin - FieldWork Data Processing\Data\S2\ACOLITE\2025-06-30,546,1045,2947,363525.0,2199525.0,0.16151903569698334,0.22518958151340485,0.3356819450855255,0.45207422971725464,0.4548591375350952,0.4792575240135193,0.5044430494308472,0.5000728964805603,0.522936999797821,0.5740997791290283,0.514947235584259
2025-06-30,Iwik,ACOLITE,S2B_MSI_2025_06_30_11_45_58_T28QCH_L2W,C:\Users\Simon\Nextcloud\Project\Mauritania\Science\Arguin - FieldWork Data Processing\Data\S2\ACOLITE\2025-06-30,547,1045,2948,363535.0,2199525.0,0.16152189671993256,0.21893347799777985,0.33664965629577637,0.44808176159858704,0.4548562169075012,0.4792543351650238,0.504439651966095,0.4927704632282257,0.5229335427284241,0.574097216129303,0.5149446129798889
2025-06-30,Iwik,ACOLITE,S2B_MSI_2025_06_30_11_45_58_T28QCH_L2W,C:\Users\Simon\Nextcloud\Project\Mauritania\Science\Arguin - FieldWork Data Processing\Data\S2\ACOLITE\2025-06-30,548,1045,2949,363545.0,2199525.0,0.16193631291389465,0.22036626935005188,0.33454760909080505,0.448354035615921,0.4602667987346649,0.4836321473121643,0.5078414082527161,0.4960275888442993,0.5229301452636719,0.5770699977874756,0.5170066356658936
2025-06-30,Iwik,ACOLITE,S2B_MSI_2025_06_30_11_45_58_T28QCH_L2W,C:\Users\Simon\Nextcloud\Project\Mauritania\Science\Arguin - FieldWork Data Processing\Data\S2\ACOLITE\2025-06-30,549,1045,2950,363555.0,2199525.0,0.16193917393684387,0.22661972045898438,0.3372924327850342,0.4515151381492615,0.46026381850242615,0.48362892866134644,0.5078380107879639,0.5013649463653564,0.5229267477989197,0.5770673751831055,0.5170040130615234
2025-06-30,Iwik,ACOLITE,S2B_MSI_2025_06_30_11_45_58_T28QCH_L2W,C:\Users\Simon\Nextcloud\Project\Mauritania\Science\Arguin - FieldWork Data Processing\Data\S2\ACOLITE\2025-06-30,550,1045,2951,363565.0,2199525.0,0.16194204986095428,0.2267989218235016,0.33938875794410706,0.45494723320007324,0.46120715141296387,0.4881329834461212,0.5166465044021606,0.5061745047569275,0.5294929146766663,0.5809541344642639,0.5212512612342834
2025-06-30,Iwik,ACOLITE,S2B_MSI_2025_06_30_11_45_58_T28QCH_L2W,C:\Users\Simon\Nextcloud\Project\Mauritania\Science\Arguin - FieldWork Data Processing\Data\S2\ACOLITE\2025-06-30,551,1045,2952,363575.0,2199525.0,0.1619448959827423,0.22269365191459656,0.33567413687705994,0.45549336075782776,0.4612041413784027,0.48812970519065857,0.5166429877281189,0.5001868009567261,0.5294894576072693,0.5809515118598938,0.5212486386299133
2025-06-30,Iwik,ACOLITE,S2B_MSI_2025_06_30_11_45_58_T28QCH_L2W,C:\Users\Simon\Nextcloud\Project\Mauritania\Science\Arguin - FieldWork Data Processing\Data\S2\ACOLITE\2025-06-30,552,1046,2929,363345.0,2199515.0,0.15259474515914917,0.2138926237821579,0.32079029083251953,0.42920514941215515,0.4409177601337433,0.467326819896698,0.49324673414230347,0.4809304475784302,0.5111605525016785,0.5729971528053284,0.5220335125923157
2025-06-30,Iwik,ACOLITE,S2B_MSI_2025_06_30_11_45_58_T28QCH_L2W,C:\Users\Simon\Nextcloud\Project\Mauritania\Science\Arguin - FieldWork Data Processing\Data\S2\ACOLITE\2025-06-30,553,1046,2930,363355.0,2199515.0,0.1525978446006775,0.21550889313220978,0.32355210185050964,0.43211185932159424,0.4409150183200836,0.46732378005981445,0.4932434558868408,0.4862911105155945,0.511157214641571,0.572994589805603,0.5220308899879456
2025-06-30,Iwik,ACOLITE,S2B_MSI_2025_06_30_11_45_58_T28QCH_L2W,C:\Users\Simon\Nextcloud\Project\Mauritania\Science\Arguin - FieldWork Data Processing\Data\S2\ACOLITE\2025-06-30,554,1046,2931,363365.0,2199515.0,0.16023913025856018,0.2176615297794342,0.32322585582733154,0.4321090877056122,0.44662386178970337,0.4737164378166199,0.4964042603969574,0.48563429713249207,0.5173791646957397,0.5741367340087891,0.5220282077789307
2025-06-30,Iwik,ACOLITE,S2B_MSI_2025_06_30_11_45_58_T28QCH_L2W,C:\Users\Simon\Nextcloud\Project\Mauritania\Science\Arguin - FieldWork Data Processing\Data\S2\ACOLITE\2025-06-30,555,1046,2932,363375.0,2199515.0,0.16024205088615417,0.21820013225078583,0.32679590582847595,0.4379161298274994,0.44662103056907654,0.47371330857276917,0.49640092253685,0.48733052611351013,0.5173757672309875,0.5741341710090637,0.5220255851745605
2025-06-30,Iwik,ACOLITE,S2B_MSI_2025_06_30_11_45_58_T28QCH_L2W,C:\Users\Simon\Nextcloud\Project\Mauritania\Science\Arguin - FieldWork Data Processing\Data\S2\ACOLITE\2025-06-30,556,1046,2933,363385.0,2199515.0,0.16024494171142578,0.22160224616527557,0.33084636926651,0.4423317313194275,0.4510982632637024,0.47597214579582214,0.5023380517959595,0.49385586380958557,0.5182260274887085,0.5749327540397644,0.5206873416900635
2025-06-30,Iwik,ACOLITE,S2B_MSI_2025_06_30_11_45_58_T28QCH_L2W,C:\Users\Simon\Nextcloud\Project\Mauritania\Science\Arguin - FieldWork Data Processing\Data\S2\ACOLITE\2025-06-30,557,1046,2934,363395.0,2199515.0,0.16024784743785858,0.2226760983467102,0.33731359243392944,0.44246676564216614,0.4510953724384308,0.47596898674964905,0.5023345947265625,0.4951569437980652,0.5182226300239563,0.5749301910400391,0.5206846594810486
2025-06-30,Iwik,ACOLITE,S2B_MSI_2025_06_30_11_45_58_T28QCH_L2W,C:\Users\Simon\Nextcloud\Project\Mauritania\Science\Arguin - FieldWork Data Processing\Data\S2\ACOLITE\2025-06-30,558,1046,2935,363405.0,2199515.0,0.1602507382631302,0.22035183012485504,0.3279268443584442,0.439150869846344,0.4502784013748169,0.4774285852909088,0.5033413171768188,0.4925447106361389,0.5173656344413757,0.57618647813797,0.5215319991111755
2025-06-30,Iwik,ACOLITE,S2B_MSI_2025_06_30_11_45_58_T28QCH_L2W,C:\Users\Simon\Nextcloud\Project\Mauritania\Science\Arguin - FieldWork Data Processing\Data\S2\ACOLITE\2025-06-30,559,1046,2936,363415.0,2199515.0,0.160253643989563,0.21963688731193542,0.328411728143692,0.4425988495349884,0.4502755403518677,0.4774254560470581,0.5033379197120667,0.49162793159484863,0.5173622369766235,0.5761839151382446,0.5215293169021606
2025-06-30,Iwik,ACOLITE,S2B_MSI_2025_06_30_11_45_58_T28QCH_L2W,C:\Users\Simon\Nextcloud\Project\Mauritania\Science\Arguin - FieldWork Data Processing\Data\S2\ACOLITE\2025-06-30,560,1046,2937,363425.0,2199515.0,0.16025656461715698,0.22124838829040527,0.3298686742782593,0.4412161111831665,0.4532562792301178,0.4798143804073334,0.5056059956550598,0.49488645792007446,0.522112250328064,0.5766390562057495,0.5178837776184082
2025-06-30,Iwik,ACOLITE,S2B_MSI_2025_06_30_11_45_58_T28QCH_L2W,C:\Users\Simon\Nextcloud\Project\Mauritania\Science\Arguin - FieldWork Data Processing\Data\S2\ACOLITE\2025-06-30,561,1046,2938,363435.0,2199515.0,0.1602594405412674,0.2199968695640564,0.3298672139644623,0.4453505575656891,0.4532533288002014,0.4798111617565155,0.5056025981903076,0.4977511167526245,0.522108793258667,0.5766364336013794,0.5178811550140381
2025-06-30,Iwik,ACOLITE,S2B_MSI_2025_06_30_11_45_58_T28QCH_L2W,C:\Users\Simon\Nextcloud\Project\Mauritania\Science\Arguin - FieldWork Data Processing\Data\S2\ACOLITE\2025-06-30,562,1046,2939,363445.0,2199515.0,0.1602623611688614,0.2216079980134964,0.335851788520813,0.44892844557762146,0.459208607673645,0.48259642720222473,0.5106413960456848,0.4995717406272888,0.5262444615364075,0.5780068039894104,0.515449583530426
2025-06-30,Iwik,ACOLITE,S2B_MSI_2025_06_30_11_45_58_T28QCH_L2W,C:\Users\Simon\Nextcloud\Project\Mauritania\Science\Arguin - FieldWork Data Processing\Data\S2\ACOLITE\2025-06-30,563,1046,2940,363455.0,2199515.0,0.16026528179645538,0.22625352442264557,0.3345572352409363,0.4438283443450928,0.45920562744140625,0.4825931787490845,0.5106378793716431,0.49670204520225525,0.5262409448623657,0.5780042409896851,0.5154469609260559
2025-06-30,Iwik,ACOLITE,S2B_MSI_2025_06_30_11_45_58_T28QCH_L2W,C:\Users\Simon\Nextcloud\Project\Mauritania\Science\Arguin - FieldWork Data Processing\Data\S2\ACOLITE\2025-06-30,564,1046,2941,363465.0,2199515.0,0.1602681577205658,0.22196754813194275,0.33196765184402466,0.4410664439201355,0.45392224192619324,0.47847291827201843,0.5058445930480957,0.4942214787006378,0.5171014070510864,0.5760564804077148,0.5149585008621216
2025-06-30,Iwik,ACOLITE,S2B_MSI_2025_06_30_11_45_58_T28QCH_L2W,C:\Users\Simon\Nextcloud\Project\Mauritania\Science\Arguin - FieldWork Data Processing\Data\S2\ACOLITE\2025-06-30,565,1046,2942,363475.0,2199515.0,0.1602710783481598,0.2189267873764038,0.33099493384361267,0.4446496069431305,0.45391929149627686,0.47846975922584534,0.5058411955833435,0.49395740032196045,0.5170980095863342,0.5760539174079895,0.5149558782577515
2025-06-30,Iwik,ACOLITE,S2B_MSI_2025_06_30_11_45_58_T28QCH_L2W,C:\Users\Simon\Nextcloud\Project\Mauritania\Science\Arguin - FieldWork Data Processing\Data\S2\ACOLITE\2025-06-30,566,1046,2943,363485.0,2199515.0,0.16150932013988495,0.22196945548057556,0.33147913217544556,0.4457491338253021,0.4518830180168152,0.4797951877117157,0.5048285126686096,0.4953887164592743,0.5220916271209717,0.5747925043106079,0.5148318409919739
2025-06-30,Iwik,ACOLITE,S2B_MSI_2025_06_30_11_45_58_T28QCH_L2W,C:\Users\Simon\Nextcloud\Project\Mauritania\Science\Arguin - FieldWork Data Processing\Data\S2\ACOLITE\2025-06-30,567,1046,2944,363495.0,2199515.0,0.16151216626167297,0.22214917838573456,0.3321249485015869,0.4472613036632538,0.4518801271915436,0.4797919690608978,0.5048250555992126,0.49382057785987854,0.5220881700515747,0.5747898817062378,0.5148292183876038
2025-06-30,Iwik,ACOLITE,S2B_MSI_2025_06_30_11_45_58_T28QCH_L2W,C:\Users\Simon\Nextcloud\Project\Mauritania\Science\Arguin - FieldWork Data Processing\Data\S2\ACOLITE\2025-06-30,568,1046,2945,363505.0,2199515.0,0.1615150421857834,0.2205405831336975,0.33179983496665955,0.4465697109699249,0.4562132954597473,0.4813823699951172,0.5048216581344604,0.49381735920906067,0.5209884643554688,0.5754740238189697,0.5148265957832336
2025-06-30,Iwik,ACOLITE,S2B_MSI_2025_06_30_11_45_58_T28QCH_L2W,C:\Users\Simon\Nextcloud\Project\Mauritania\Science\Arguin - FieldWork Data Processing\Data\S2\ACOLITE\2025-06-30,569,1046,2946,363515.0,2199515.0,0.1615178883075714,0.2239379584789276,0.3342246115207672,0.44863206148147583,0.45621031522750854,0.4813791513442993,0.5048182010650635,0.49590054154396057,0.5209850668907166,0.5754714608192444,0.5148240327835083
2025-06-30,Iwik,ACOLITE,S2B_MSI_2025_06_30_11_45_58_T28QCH_L2W,C:\Users\Simon\Nextcloud\Project\Mauritania\Science\Arguin - FieldWork Data Processing\Data\S2\ACOLITE\2025-06-30,570,1046,2947,363525.0,2199515.0,0.16152077913284302,0.2212580442428589,0.3340614140033722,0.44739001989364624,0.4566135108470917,0.477257639169693,0.5068328976631165,0.4978521764278412,0.5207379460334778,0.5772996544837952,0.5161573886871338
2025-06-30,Iwik,ACOLITE,S2B_MSI_2025_06_30_11_45_58_T28QCH_L2W,C:\Users\Simon\Nextcloud\Project\Mauritania\Science\Arguin - FieldWork Data Processing\Data\S2\ACOLITE\2025-06-30,571,1046,2948,363535.0,2199515.0,0.16152365505695343,0.2205435335636139,0.33373650908470154,0.44366687536239624,0.4566105604171753,0.4772544801235199,0.5068294405937195,0.4969367980957031,0.5207345485687256,0.577297031879425,0.5161547660827637
2025-06-30,Iwik,ACOLITE,S2B_MSI_2025_06_30_11_45_58_T28QCH_L2W,C:\Users\Simon\Nextcloud\Project\Mauritania\Science\Arguin - FieldWork Data Processing\Data\S2\ACOLITE\2025-06-30,572,1046,2949,363545.0,2199515.0,0.16193805634975433,0.22304749488830566,0.3364821970462799,0.45247405767440796,0.45931392908096313,0.4838908910751343,0.5077084898948669,0.49914833903312683,0.5268179774284363,0.5802687406539917,0.5199165344238281
2025-06-30,Iwik,ACOLITE,S2B_MSI_2025_06_30_11_45_58_T28QCH_L2W,C:\Users\Simon\Nextcloud\Project\Mauritania\Science\Arguin - FieldWork Data Processing\Data\S2\ACOLITE\2025-06-30,573,1046,2950,363555.0,2199515.0,0.16194091737270355,0.225012868642807,0.33906328678131104,0.45164620876312256,0.459310919046402,0.483887642621994,0.50770503282547,0.5000566244125366,0.5268144607543945,0.5802661180496216,0.519913911819458
2025-06-30,Iwik,ACOLITE,S2B_MSI_2025_06_30_11_45_58_T28QCH_L2W,C:\Users\Simon\Nextcloud\Project\Mauritania\Science\Arguin - FieldWork Data Processing\Data\S2\ACOLITE\2025-06-30,574,1046,2951,363565.0,2199515.0,0.16194377839565277,0.22679804265499115,0.3401907682418823,0.45301762223243713,0.4625522196292877,0.4868013560771942,0.5121105909347534,0.49966272711753845,0.5262027978897095,0.5808353424072266,0.5216110348701477
2025-06-30,Iwik,ACOLITE,S2B_MSI_2025_06_30_11_45_58_T28QCH_L2W,C:\Users\Simon\Nextcloud\Project\Mauritania\Science\Arguin - FieldWork Data Processing\Data\S2\ACOLITE\2025-06-30,575,1047,2929,363345.0,2199505.0,0.15259678661823273,0.21496911346912384,0.3211117684841156,0.4285062849521637,0.4409120976924896,0.4673207700252533,0.4932403564453125,0.48615753650665283,0.511154294013977,0.5729929804801941,0.5220292210578918
2025-06-30,Iwik,ACOLITE,S2B_MSI_2025_06_30_11_45_58_T28QCH_L2W,C:\Users\Simon\Nextcloud\Project\Mauritania\Science\Arguin - FieldWork Data Processing\Data\S2\ACOLITE\2025-06-30,576,1047,2930,363355.0,2199505.0,0.15259990096092224,0.21622584760189056,0.325334370136261,0.43155214190483093,0.44090932607650757,0.46731773018836975,0.49323707818984985,0.48837611079216003,0.5111510157585144,0.5729904174804688,0.522026538848877
2025-06-30,Iwik,ACOLITE,S2B_MSI_2025_06_30_11_45_58_T28QCH_L2W,C:\Users\Simon\Nextcloud\Project\Mauritania\Science\Arguin - FieldWork Data Processing\Data\S2\ACOLITE\2025-06-30,577,1047,2931,363365.0,2199505.0,0.16024087369441986,0.21766099333763123,0.32646891474723816,0.43791303038597107,0.44661810994148254,0.47371020913124084,0.49639782309532166,0.49020159244537354,0.5173727869987488,0.57413250207901,0.5220239162445068
2025-06-30,Iwik,ACOLITE,S2B_MSI_2025_06_30_11_45_58_T28QCH_L2W,C:\Users\Simon\Nextcloud\Project\Mauritania\Science\Arguin - FieldWork Data Processing\Data\S2\ACOLITE\2025-06-30,578,1047,2932,363375.0,2199505.0,0.16024377942085266,0.21855781972408295,0.32776498794555664,0.4350068271160126,0.4466152489185333,0.47370707988739014,0.49639448523521423,0.493461549282074,0.5173693895339966,0.5741299390792847,0.5220212340354919
2025-06-30,Iwik,ACOLITE,S2B_MSI_2025_06_30_11_45_58_T28QCH_L2W,C:\Users\Simon\Nextcloud\Project\Mauritania\Science\Arguin - FieldWork Data Processing\Data\S2\ACOLITE\2025-06-30,579,1047,2933,363385.0,2199505.0,0.16024671494960785,0.22070711851119995,0.33019447326660156,0.4395650029182434,0.45109236240386963,0.4759659171104431,0.5023314356803894,0.49202293157577515,0.5182195901870728,0.5749285221099854,0.5206829905509949
2025-06-30,Iwik,ACOLITE,S2B_MSI_2025_06_30_11_45_58_T28QCH_L2W,C:\Users\Simon\Nextcloud\Project\Mauritania\Science\Arguin - FieldWork Data Processing\Data\S2\ACOLITE\2025-06-30,580,1047,2934,363395.0,2199505.0,0.16024962067604065,0.2228541523218155,0.331974059343338,0.44246071577072144,0.45108944177627563,0.47596272826194763,0.502328097820282,0.4901920557022095,0.5182161927223206,0.57492595911026,0.5206803679466248
2025-06-30,Iwik,ACOLITE,S2B_MSI_2025_06_30_11_45_58_T28QCH_L2W,C:\Users\Simon\Nextcloud\Project\Mauritania\Science\Arguin - FieldWork Data Processing\Data\S2\ACOLITE\2025-06-30,581,1047,2935,363405.0,2199505.0,0.16025251150131226,0.22053012251853943,0.32938152551651,0.4412159025669098,0.45027250051498413,0.477422297000885,0.5033347606658936,0.49110281467437744,0.51735919713974,0.5761822462081909,0.5215276479721069
2025-06-30,Iwik,ACOLITE,S2B_MSI_2025_06_30_11_45_58_T28QCH_L2W,C:\Users\Simon\Nextcloud\Project\Mauritania\Science\Arguin - FieldWork Data Processing\Data\S2\ACOLITE\2025-06-30,582,1047,2936,363415.0,2199505.0,0.16025543212890625,0.21892009675502777,0.3318091928958893,0.44535040855407715,0.4502696394920349,0.4774191379547119,0.5033313035964966,0.4895327389240265,0.5173557996749878,0.5761796832084656,0.521524965763092
2025-06-30,Iwik,ACOLITE,S2B_MSI_2025_06_30_11_45_58_T28QCH_L2W,C:\Users\Simon\Nextcloud\Project\Mauritania\Science\Arguin - FieldWork Data Processing\Data\S2\ACOLITE\2025-06-30,583,1047,2937,363425.0,2199505.0,0.16025832295417786,0.21981626749038696,0.33035051822662354,0.44010570645332336,0.45325031876564026,0.47980797290802,0.5055993795394897,0.4937064051628113,0.5221056938171387,0.5766347646713257,0.5178794264793396
2025-06-30,Iwik,ACOLITE,S2B_MSI_2025_06_30_11_45_58_T28QCH_L2W,C:\Users\Simon\Nextcloud\Project\Mauritania\Science\Arguin - FieldWork Data Processing\Data\S2\ACOLITE\2025-06-30,584,1047,2938,363435.0,2199505.0,0.16026124358177185,0.22071199119091034,0.3314824402332306,0.44079306721687317,0.4532473683357239,0.47980478405952454,0.5055959224700928,0.4927898943424225,0.5221022963523865,0.5766321420669556,0.5178768038749695
2025-06-30,Iwik,ACOLITE,S2B_MSI_2025_06_30_11_45_58_T28QCH_L2W,C:\Users\Simon\Nextcloud\Project\Mauritania\Science\Arguin - FieldWork Data Processing\Data\S2\ACOLITE\2025-06-30,585,1047,2939,363445.0,2199505.0,0.16026413440704346,0.22393088042736053,0.3361707031726837,0.4474078416824341,0.45920249819755554,0.482589989900589,0.5106346607208252,0.49904438853263855,0.5262378454208374,0.5780025124549866,0.5154452919960022
2025-06-30,Iwik,ACOLITE,S2B_MSI_2025_06_30_11_45_58_T28QCH_L2W,C:\Users\Simon\Nextcloud\Project\Mauritania\Science\Arguin - FieldWork Data Processing\Data\S2\ACOLITE\2025-06-30,586,1047,2940,363455.0,2199505.0,0.16026704013347626,0.22500327229499817,0.3316413164138794,0.44616520404815674,0.4591994881629944,0.48258671164512634,0.5106311440467834,0.4990411400794983,0.5262343287467957,0.5779999494552612,0.5154426693916321
2025-06-30,Iwik,ACOLITE,S2B_MSI_2025_06_30_11_45_58_T28QCH_L2W,C:\Users\Simon\Nextcloud\Project\Mauritania\Science\Arguin - FieldWork Data Processing\Data\S2\ACOLITE\2025-06-30,587,1047,2941,363465.0,2199505.0,0.16026994585990906,0.22143040597438812,0.33066844940185547,0.44423285126686096,0.4539162218570709,0.47846654057502747,0.5058379173278809,0.4951280653476715,0.5170949697494507,0.576052188873291,0.5149542093276978
2025-06-30,Iwik,ACOLITE,S2B_MSI_2025_06_30_11_45_58_T28QCH_L2W,C:\Users\Simon\Nextcloud\Project\Mauritania\Science\Arguin - FieldWork Data Processing\Data\S2\ACOLITE\2025-06-30,588,1047,2942,363475.0,2199505.0,0.16027285158634186,0.2198212444782257,0.3324474096298218,0.44574588537216187,0.45391327142715454,0.478463351726532,0.5058344602584839,0.4943424463272095,0.5170915126800537,0.5760496258735657,0.5149515867233276
2025-06-30,Iwik,ACOLITE,S2B_MSI_2025_06_30_11_45_58_T28QCH_L2W,C:\Users\Simon\Nextcloud\Project\Mauritania\Science\Arguin - FieldWork Data Processing\Data\S2\ACOLITE\2025-06-30,589,1047,2943,363485.0,2199505.0,0.16151101887226105,0.21821092069149017,0.3314749598503113,0.44257214665412903,0.45187699794769287,0.47978872060775757,0.50482177734375,0.4940783679485321,0.5220850706100464,0.5747882127761841,0.5148274898529053
2025-06-30,Iwik,ACOLITE,S2B_MSI_2025_06_30_11_45_58_T28QCH_L2W,C:\Users\Simon\Nextcloud\Project\Mauritania\Science\Arguin - FieldWork Data Processing\Data\S2\ACOLITE\2025-06-30,590,1047,2944,363495.0,2199505.0,0.16151389479637146,0.2216120809316635,0.3363242447376251,0.445326566696167,0.4518740773200989,0.4797855317592621,0.504818320274353,0.4940751791000366,0.5220816135406494,0.574785590171814,0.5148248672485352
2025-06-30,Iwik,ACOLITE,S2B_MSI_2025_06_30_11_45_58_T28QCH_L2W,C:\Users\Simon\Nextcloud\Project\Mauritania\Science\Arguin - FieldWork Data Processing\Data\S2\ACOLITE\2025-06-30,591,1047,2945,363505.0,2199505.0,0.16151677072048187,0.224650576710701,0.33389851450920105,0.4505550265312195,0.45620712637901306,0.48137590289115906,0.5048149228096008,0.4961581230163574,0.5209818482398987,0.5754697322845459,0.514822244644165
2025-06-30,Iwik,ACOLITE,S2B_MSI_2025_06_30_11_45_58_T28QCH_L2W,C:\Users\Simon\Nextcloud\Project\Mauritania\Science\Arguin - FieldWork Data Processing\Data\S2\ACOLITE\2025-06-30,592,1047,2946,363515.0,2199505.0,0.16151964664459229,0.2250085324048996,0.3308229446411133,0.4498641788959503,0.45620420575141907,0.4813726544380188,0.5048114657402039,0.49250328540802,0.5209784507751465,0.5754671096801758,0.5148196220397949
2025-06-30,Iwik,ACOLITE,S2B_MSI_2025_06_30_11_45_58_T28QCH_L2W,C:\Users\Simon\Nextcloud\Project\Mauritania\Science\Arguin - FieldWork Data Processing\Data\S2\ACOLITE\2025-06-30,593,1047,2947,363525.0,2199505.0,0.1615225076675415,0.2219725400209427,0.33324867486953735,0.4473837614059448,0.4566073715686798,0.47725123167037964,0.5068261027336121,0.4941959083080292,0.5207313299179077,0.5772953033447266,0.5161529183387756
2025-06-30,Iwik,ACOLITE,S2B_MSI_2025_06_30_11_45_58_T28QCH_L2W,C:\Users\Simon\Nextcloud\Project\Mauritania\Science\Arguin - FieldWork Data Processing\Data\S2\ACOLITE\2025-06-30,594,1047,2948,363535.0,2199505.0,0.16152536869049072,0.22411757707595825,0.3347022235393524,0.4487572908401489,0.45660439133644104,0.47724801301956177,0.5068226456642151,0.4962787330150604,0.5207279324531555,0.5772926807403564,0.5161502957344055
2025-06-30,Iwik,ACOLITE,S2B_MSI_2025_06_30_11_45_58_T28QCH_L2W,C:\Users\Simon\Nextcloud\Project\Mauritania\Science\Arguin - FieldWork Data Processing\Data\S2\ACOLITE\2025-06-30,595,1047,2949,363545.0,2199505.0,0.16193976998329163,0.22840003669261932,0.3387378752231598,0.45452848076820374,0.4593077003955841,0.4838843047618866,0.5077016353607178,0.5014854073524475,0.5268112421035767,0.5802643299102783,0.51991206407547
2025-06-30,Iwik,ACOLITE,S2B_MSI_2025_06_30_11_45_58_T28QCH_L2W,C:\Users\Simon\Nextcloud\Project\Mauritania\Science\Arguin - FieldWork Data Processing\Data\S2\ACOLITE\2025-06-30,596,1047,2950,363555.0,2199505.0,0.16194266080856323,0.22447651624679565,0.33873623609542847,0.45012712478637695,0.45930469036102295,0.48388105630874634,0.5076982378959656,0.5034339427947998,0.5268077254295349,0.5802617073059082,0.5199094414710999
2025-06-30,Iwik,ACOLITE,S2B_MSI_2025_06_30_11_45_58_T28QCH_L2W,C:\Users\Simon\Nextcloud\Project\Mauritania\Science\Arguin - FieldWork Data Processing\Data\S2\ACOLITE\2025-06-30,597,1048,2928,363335.0,2199495.0,0.15259577333927155,0.2119150310754776,0.3181806802749634,0.4261453449726105,0.43913912773132324,0.4618445634841919,0.49247750639915466,0.4830158054828644,0.5068733096122742,0.5747083425521851,0.5212990641593933
2025-06-30,Iwik,ACOLITE,S2B_MSI_2025_06_30_11_45_58_T28QCH_L2W,C:\Users\Simon\Nextcloud\Project\Mauritania\Science\Arguin - FieldWork Data Processing\Data\S2\ACOLITE\2025-06-30,598,1048,2929,363345.0,2199495.0,0.15259885787963867,0.2146097719669342,0.3215957581996918,0.4297481179237366,0.44525912404060364,0.47211265563964844,0.49943286180496216,0.4869358241558075,0.5161533951759338,0.5752780437469482,0.522996187210083
2025-06-30,Iwik,ACOLITE,S2B_MSI_2025_06_30_11_45_58_T28QCH_L2W,C:\Users\Simon\Nextcloud\Project\Mauritania\Science\Arguin - FieldWork Data Processing\Data\S2\ACOLITE\2025-06-30,599,1048,2930,363355.0,2199495.0,0.152601957321167,0.21640467643737793,0.3263041079044342,0.4355599284172058,0.4452562928199768,0.47210952639579773,0.4994294345378876,0.4920264184474945,0.5161499977111816,0.5752754807472229,0.5229935646057129
2025-06-30,Iwik,ACOLITE,S2B_MSI_2025_06_30_11_45_58_T28QCH_L2W,C:\Users\Simon\Nextcloud\Project\Mauritania\Science\Arguin - FieldWork Data Processing\Data\S2\ACOLITE\2025-06-30,600,1048,2931,363365.0,2199495.0,0.16024264693260193,0.22106237709522247,0.32727596163749695,0.4374925494194031,0.4482421576976776,0.47463563084602356,0.4985412359237671,0.49450215697288513,0.5187077522277832,0.5752728581428528,0.5243262648582458
2025-06-30,Iwik,ACOLITE,S2B_MSI_2025_06_30_11_45_58_T28QCH_L2W,C:\Users\Simon\Nextcloud\Project\Mauritania\Science\Arguin - FieldWork Data Processing\Data\S2\ACOLITE\2025-06-30,601,1048,2932,363375.0,2199495.0,0.16024553775787354,0.2156895250082016,0.32548996806144714,0.43444761633872986,0.4482392966747284,0.47463247179985046,0.49853789806365967,0.4908451735973358,0.5187042951583862,0.5752702355384827,0.5243236422538757
2025-06-30,Iwik,ACOLITE,S2B_MSI_2025_06_30_11_45_58_T28QCH_L2W,C:\Users\Simon\Nextcloud\Project\Mauritania\Science\Arguin - FieldWork Data Processing\Data\S2\ACOLITE\2025-06-30,602,1048,2933,363385.0,2199495.0,0.16024845838546753,0.21855825185775757,0.32629984617233276,0.43776318430900574,0.44986534118652344,0.47356462478637695,0.5018197894096375,0.4927997887134552,0.5176035165786743,0.5756109952926636,0.521649956703186
2025-06-30,Iwik,ACOLITE,S2B_MSI_2025_06_30_11_45_58_T28QCH_L2W,C:\Users\Simon\Nextcloud\Project\Mauritania\Science\Arguin - FieldWork Data Processing\Data\S2\ACOLITE\2025-06-30,603,1048,2934,363395.0,2199495.0,0.16025136411190033,0.22106526792049408,0.3288928270339966,0.44079872965812683,0.44986245036125183,0.47356146574020386,0.5018163919448853,0.48874929547309875,0.5176000595092773,0.5756083726882935,0.5216473340988159
2025-06-30,Iwik,ACOLITE,S2B_MSI_2025_06_30_11_45_58_T28QCH_L2W,C:\Users\Simon\Nextcloud\Project\Mauritania\Science\Arguin - FieldWork Data Processing\Data\S2\ACOLITE\2025-06-30,604,1048,2935,363405.0,2199495.0,0.16025428473949432,0.21856030821800232,0.3293774724006653,0.4402436316013336,0.44972383975982666,0.4759533107280731,0.5026969313621521,0.48848485946655273,0.5169869065284729,0.5757202506065369,0.5209161639213562
2025-06-30,Iwik,ACOLITE,S2B_MSI_2025_06_30_11_45_58_T28QCH_L2W,C:\Users\Simon\Nextcloud\Project\Mauritania\Science\Arguin - FieldWork Data Processing\Data\S2\ACOLITE\2025-06-30,605,1048,2936,363415.0,2199495.0,0.16025717556476593,0.22035151720046997,0.3301859498023987,0.44093087315559387,0.44972091913223267,0.47595012187957764,0.5026934742927551,0.4897878170013428,0.5169834494590759,0.5757176280021667,0.5209135413169861
2025-06-30,Iwik,ACOLITE,S2B_MSI_2025_06_30_11_45_58_T28QCH_L2W,C:\Users\Simon\Nextcloud\Project\Mauritania\Science\Arguin - FieldWork Data Processing\Data\S2\ACOLITE\2025-06-30,606,1048,2937,363425.0,2199495.0,0.16026009619235992,0.21712912619113922,0.33083224296569824,0.4409279525279999,0.4535154104232788,0.4767448604106903,0.5047095417976379,0.4943523406982422,0.5199061632156372,0.5752572417259216,0.5167821645736694
2025-06-30,Iwik,ACOLITE,S2B_MSI_2025_06_30_11_45_58_T28QCH_L2W,C:\Users\Simon\Nextcloud\Project\Mauritania\Science\Arguin - FieldWork Data Processing\Data\S2\ACOLITE\2025-06-30,607,1048,2938,363435.0,2199495.0,0.16026298701763153,0.22214210033416748,0.3326111137866974,0.4424428641796112,0.4535124897956848,0.4767416715621948,0.5047061443328857,0.4939577877521515,0.5199027061462402,0.5752546787261963,0.5167794823646545
2025-06-30,Iwik,ACOLITE,S2B_MSI_2025_06_30_11_45_58_T28QCH_L2W,C:\Users\Simon\Nextcloud\Project\Mauritania\Science\Arguin - FieldWork Data Processing\Data\S2\ACOLITE\2025-06-30,608,1048,2939,363445.0,2199495.0,0.16026590764522552,0.2221430391073227,0.3340652883052826,0.44616201519966125,0.4545935392379761,0.4813888370990753,0.5045764446258545,0.49890777468681335,0.5235536098480225,0.5761675834655762,0.5138619542121887
2025-06-30,Iwik,ACOLITE,S2B_MSI_2025_06_30_11_45_58_T28QCH_L2W,C:\Users\Simon\Nextcloud\Project\Mauritania\Science\Arguin - FieldWork Data Processing\Data\S2\ACOLITE\2025-06-30,609,1048,2940,363455.0,2199495.0,0.16026881337165833,0.2192816138267517,0.3316371440887451,0.4487752616405487,0.4545905888080597,0.48138558864593506,0.5045730471611023,0.4994255006313324,0.5235501527786255,0.576164960861206,0.5138593316078186
2025-06-30,Iwik,ACOLITE,S2B_MSI_2025_06_30_11_45_58_T28QCH_L2W,C:\Users\Simon\Nextcloud\Project\Mauritania\Science\Arguin - FieldWork Data Processing\Data\S2\ACOLITE\2025-06-30,610,1048,2941,363465.0,2199495.0,0.16027171909809113,0.21749171614646912,0.33017852902412415,0.44532930850982666,0.45350363850593567,0.4791245460510254,0.5038124322891235,0.494208961725235,0.5184297561645508,0.574674665927887,0.5131279230117798
2025-06-30,Iwik,ACOLITE,S2B_MSI_2025_06_30_11_45_58_T28QCH_L2W,C:\Users\Simon\Nextcloud\Project\Mauritania\Science\Arguin - FieldWork Data Processing\Data\S2\ACOLITE\2025-06-30,611,1048,2942,363475.0,2199495.0,0.16027462482452393,0.220178484916687,0.3300151228904724,0.44118931889533997,0.4535006582736969,0.4791213274002075,0.5038089752197266,0.49394485354423523,0.5184262990951538,0.5746720433235168,0.5131252408027649
2025-06-30,Iwik,ACOLITE,S2B_MSI_2025_06_30_11_45_58_T28QCH_L2W,C:\Users\Simon\Nextcloud\Project\Mauritania\Science\Arguin - FieldWork Data Processing\Data\S2\ACOLITE\2025-06-30,612,1048,2943,363485.0,2199495.0,0.16151277720928192,0.22053731977939606,0.3267723321914673,0.4413243532180786,0.45593616366386414,0.4795166254043579,0.5087239742279053,0.49080997705459595,0.5195199847221375,0.5762715935707092,0.5132441520690918
2025-06-30,Iwik,ACOLITE,S2B_MSI_2025_06_30_11_45_58_T28QCH_L2W,C:\Users\Simon\Nextcloud\Project\Mauritania\Science\Arguin - FieldWork Data Processing\Data\S2\ACOLITE\2025-06-30,613,1048,2944,363495.0,2199495.0,0.16151562333106995,0.22286266088485718,0.33244016766548157,0.44656023383140564,0.45593321323394775,0.47951340675354004,0.5087205171585083,0.4930252730846405,0.5195165276527405,0.5762690305709839,0.5132415294647217
2025-06-30,Iwik,ACOLITE,S2B_MSI_2025_06_30_11_45_58_T28QCH_L2W,C:\Users\Simon\Nextcloud\Project\Mauritania\Science\Arguin - FieldWork Data Processing\Data\S2\ACOLITE\2025-06-30,614,1048,2945,363505.0,2199495.0,0.16151852905750275,0.226612851023674,0.33583372831344604,0.4512362480163574,0.45917826890945435,0.48442137241363525,0.5084649324417114,0.4965428113937378,0.5242632031440735,0.5766096711158752,0.5159109234809875
2025-06-30,Iwik,ACOLITE,S2B_MSI_2025_06_30_11_45_58_T28QCH_L2W,C:\Users\Simon\Nextcloud\Project\Mauritania\Science\Arguin - FieldWork Data Processing\Data\S2\ACOLITE\2025-06-30,615,1048,2946,363515.0,2199495.0,0.16152137517929077,0.2228645235300064,0.33421605825424194,0.44434964656829834,0.4591752588748932,0.4844180941581726,0.5084614753723145,0.4949752390384674,0.5242597460746765,0.5766070485115051,0.5159083008766174
2025-06-30,Iwik,ACOLITE,S2B_MSI_2025_06_30_11_45_58_T28QCH_L2W,C:\Users\Simon\Nextcloud\Project\Mauritania\Science\Arguin - FieldWork Data Processing\Data\S2\ACOLITE\2025-06-30,616,1048,2947,363525.0,2199495.0,0.16152426600456238,0.22215057909488678,0.3342145085334778,0.44710206985473633,0.45660123229026794,0.48295557498931885,0.5080799460411072,0.49744850397109985,0.5226735472679138,0.5774053335189819,0.5172415375709534
2025-06-30,Iwik,ACOLITE,S2B_MSI_2025_06_30_11_45_58_T28QCH_L2W,C:\Users\Simon\Nextcloud\Project\Mauritania\Science\Arguin - FieldWork Data Processing\Data\S2\ACOLITE\2025-06-30,617,1048,2948,363535.0,2199495.0,0.1615271270275116,0.2250094711780548,0.33776676654815674,0.4510895609855652,0.4565982222557068,0.4829522967338562,0.5080764889717102,0.49627235531806946,0.5226700901985168,0.5774027705192566,0.5172389149665833
2025-06-30,Iwik,ACOLITE,S2B_MSI_2025_06_30_11_45_58_T28QCH_L2W,C:\Users\Simon\Nextcloud\Project\Mauritania\Science\Arguin - FieldWork Data Processing\Data\S2\ACOLITE\2025-06-30,618,1048,2949,363545.0,2199495.0,0.1619415283203125,0.22625946998596191,0.33679646253585815,0.45218631625175476,0.4601128399372101,0.4828163683414459,0.5110964775085449,0.4993959367275238,0.5252229571342468,0.5815180540084839,0.5206361413002014
2025-06-30,Iwik,ACOLITE,S2B_MSI_2025_06_30_11_45_58_T28QCH_L2W,C:\Users\Simon\Nextcloud\Project\Mauritania\Science\Arguin - FieldWork Data Processing\Data\S2\ACOLITE\2025-06-30,619,1049,2928,363335.0,2199485.0,0.1525978147983551,0.21173501014709473,0.31345126032829285,0.4261397123336792,0.43913355469703674,0.46183860301971436,0.49247118830680847,0.48418721556663513,0.5068671703338623,0.5747041702270508,0.5212947726249695
2025-06-30,Iwik,ACOLITE,S2B_MSI_2025_06_30_11_45_58_T28QCH_L2W,C:\Users\Simon\Nextcloud\Project\Mauritania\Science\Arguin - FieldWork Data Processing\Data\S2\ACOLITE\2025-06-30,620,1049,2929,363345.0,2199485.0,0.15260092914104462,0.21604448556900024,0.3246786296367645,0.42960381507873535,0.4452534019947052,0.4721065163612366,0.49942636489868164,0.4890204071998596,0.5161470770835876,0.575273871421814,0.5229918956756592
2025-06-30,Iwik,ACOLITE,S2B_MSI_2025_06_30_11_45_58_T28QCH_L2W,C:\Users\Simon\Nextcloud\Project\Mauritania\Science\Arguin - FieldWork Data Processing\Data\S2\ACOLITE\2025-06-30,621,1049,2930,363355.0,2199485.0,0.15260405838489532,0.2169419825077057,0.3275977671146393,0.4395618438720703,0.445250540971756,0.47210338711738586,0.49942299723625183,0.49280333518981934,0.5161436796188354,0.5752712488174438,0.5229892134666443
2025-06-30,Iwik,ACOLITE,S2B_MSI_2025_06_30_11_45_58_T28QCH_L2W,C:\Users\Simon\Nextcloud\Project\Mauritania\Science\Arguin - FieldWork Data Processing\Data\S2\ACOLITE\2025-06-30,622,1049,2931,363365.0,2199485.0,0.160244420170784,0.2158672958612442,0.32710984349250793,0.43582776188850403,0.448236346244812,0.4746294319629669,0.49853479862213135,0.49332195520401,0.5187013745307922,0.5752686262130737,0.524321973323822
2025-06-30,Iwik,ACOLITE,S2B_MSI_2025_06_30_11_45_58_T28QCH_L2W,C:\Users\Simon\Nextcloud\Project\Mauritania\Science\Arguin - FieldWork Data Processing\Data\S2\ACOLITE\2025-06-30,623,1049,2932,363375.0,2199485.0,0.1602472960948944,0.21640631556510925,0.32662177085876465,0.438312828540802,0.4482334554195404,0.47462624311447144,0.49853140115737915,0.4901862144470215,0.5186978578567505,0.5752660632133484,0.5243192911148071
2025-06-30,Iwik,ACOLITE,S2B_MSI_2025_06_30_11_45_58_T28QCH_L2W,C:\Users\Simon\Nextcloud\Project\Mauritania\Science\Arguin - FieldWork Data Processing\Data\S2\ACOLITE\2025-06-30,624,1049,2933,363385.0,2199485.0,0.1602502167224884,0.21784117817878723,0.3264581561088562,0.4349922239780426,0.44985947012901306,0.4735583961009979,0.5018132328987122,0.4909663796424866,0.5175970792770386,0.5756067633628845,0.5216456651687622
2025-06-30,Iwik,ACOLITE,S2B_MSI_2025_06_30_11_45_58_T28QCH_L2W,C:\Users\Simon\Nextcloud\Project\Mauritania\Science\Arguin - FieldWork Data Processing\Data\S2\ACOLITE\2025-06-30,625,1049,2934,363395.0,2199485.0,0.1602531224489212,0.22070680558681488,0.3285646438598633,0.43968823552131653,0.44985657930374146,0.4735552668571472,0.5018097758293152,0.491615891456604,0.5175936818122864,0.5756041407585144,0.5216429829597473
2025-06-30,Iwik,ACOLITE,S2B_MSI_2025_06_30_11_45_58_T28QCH_L2W,C:\Users\Simon\Nextcloud\Project\Mauritania\Science\Arguin - FieldWork Data Processing\Data\S2\ACOLITE\2025-06-30,626,1049,2935,363405.0,2199485.0,0.1602560430765152,0.21891789138317108,0.32726621627807617,0.4387185573577881,0.4497179388999939,0.4759470224380493,0.502690315246582,0.49187368154525757,0.5169805288314819,0.5757160186767578,0.5209118127822876
2025-06-30,Iwik,ACOLITE,S2B_MSI_2025_06_30_11_45_58_T28QCH_L2W,C:\Users\Simon\Nextcloud\Project\Mauritania\Science\Arguin - FieldWork Data Processing\Data\S2\ACOLITE\2025-06-30,627,1049,2936,363415.0,2199485.0,0.160258948802948,0.21730676293373108,0.32888585329055786,0.4413388967514038,0.4497150182723999,0.47594383358955383,0.5026869177818298,0.49108728766441345,0.516977071762085,0.5757133960723877,0.5209091901779175
2025-06-30,Iwik,ACOLITE,S2B_MSI_2025_06_30_11_45_58_T28QCH_L2W,C:\Users\Simon\Nextcloud\Project\Mauritania\Science\Arguin - FieldWork Data Processing\Data\S2\ACOLITE\2025-06-30,628,1049,2937,363425.0,2199485.0,0.160261869430542,0.21981504559516907,0.32823610305786133,0.44202589988708496,0.4535094201564789,0.4767385721206665,0.5047029256820679,0.4933025538921356,0.5198996663093567,0.5752530097961426,0.5167778134346008
2025-06-30,Iwik,ACOLITE,S2B_MSI_2025_06_30_11_45_58_T28QCH_L2W,C:\Users\Simon\Nextcloud\Project\Mauritania\Science\Arguin - FieldWork Data Processing\Data\S2\ACOLITE\2025-06-30,629,1049,2938,363435.0,2199485.0,0.1602647751569748,0.22285640239715576,0.33195969462394714,0.44216087460517883,0.4535064697265625,0.47673535346984863,0.5046994686126709,0.49473410844802856,0.5198962092399597,0.5752503871917725,0.5167751312255859
2025-06-30,Iwik,ACOLITE,S2B_MSI_2025_06_30_11_45_58_T28QCH_L2W,C:\Users\Simon\Nextcloud\Project\Mauritania\Science\Arguin - FieldWork Data Processing\Data\S2\ACOLITE\2025-06-30,630,1049,2939,363445.0,2199485.0,0.1602676957845688,0.22035382688045502,0.3345460593700409,0.4467068612575531,0.45458751916885376,0.48138242959976196,0.5045697689056396,0.49355703592300415,0.5235470533370972,0.5761632919311523,0.5138576626777649
2025-06-30,Iwik,ACOLITE,S2B_MSI_2025_06_30_11_45_58_T28QCH_L2W,C:\Users\Simon\Nextcloud\Project\Mauritania\Science\Arguin - FieldWork Data Processing\Data\S2\ACOLITE\2025-06-30,631,1049,2940,363455.0,2199485.0,0.1602706015110016,0.22107037901878357,0.33389776945114136,0.44904428720474243,0.4545845687389374,0.4813791513442993,0.5045663118362427,0.497465044260025,0.5235435366630554,0.576160728931427,0.5138550400733948
2025-06-30,Iwik,ACOLITE,S2B_MSI_2025_06_30_11_45_58_T28QCH_L2W,C:\Users\Simon\Nextcloud\Project\Mauritania\Science\Arguin - FieldWork Data Processing\Data\S2\ACOLITE\2025-06-30,632,1049,2941,363465.0,2199485.0,0.16027352213859558,0.22089247405529022,0.33146965503692627,0.44284167885780334,0.45349761843681335,0.47911810874938965,0.5038057565689087,0.4926373064517975,0.5184232592582703,0.5746703147888184,0.5131235718727112
2025-06-30,Iwik,ACOLITE,S2B_MSI_2025_06_30_11_45_58_T28QCH_L2W,C:\Users\Simon\Nextcloud\Project\Mauritania\Science\Arguin - FieldWork Data Processing\Data\S2\ACOLITE\2025-06-30,633,1049,2942,363475.0,2199485.0,0.160276398062706,0.22125115990638733,0.33130624890327454,0.44366610050201416,0.4534946382045746,0.4791148900985718,0.5038023591041565,0.49406903982162476,0.5184198617935181,0.574667751789093,0.5131209492683411
2025-06-30,Iwik,ACOLITE,S2B_MSI_2025_06_30_11_45_58_T28QCH_L2W,C:\Users\Simon\Nextcloud\Project\Mauritania\Science\Arguin - FieldWork Data Processing\Data\S2\ACOLITE\2025-06-30,634,1049,2943,363485.0,2199485.0,0.16151447594165802,0.22214609384536743,0.3330845534801483,0.4477963447570801,0.45593008399009705,0.47951018810272217,0.5087172389030457,0.4925004243850708,0.5195134282112122,0.5762673020362854,0.5132398009300232
2025-06-30,Iwik,ACOLITE,S2B_MSI_2025_06_30_11_45_58_T28QCH_L2W,C:\Users\Simon\Nextcloud\Project\Mauritania\Science\Arguin - FieldWork Data Processing\Data\S2\ACOLITE\2025-06-30,635,1049,2944,363495.0,2199485.0,0.16151736676692963,0.22321927547454834,0.33566945791244507,0.44848155975341797,0.4559270739555359,0.4795069694519043,0.5087137222290039,0.4947145879268646,0.5195099711418152,0.5762646794319153,0.5132371783256531
2025-06-30,Iwik,ACOLITE,S2B_MSI_2025_06_30_11_45_58_T28QCH_L2W,C:\Users\Simon\Nextcloud\Project\Mauritania\Science\Arguin - FieldWork Data Processing\Data\S2\ACOLITE\2025-06-30,636,1049,2945,363505.0,2199485.0,0.16152024269104004,0.22429189085960388,0.33712148666381836,0.45205482840538025,0.4591720700263977,0.48441484570503235,0.508458137512207,0.49836069345474243,0.5242565870285034,0.5766053795814514,0.5159065127372742
2025-06-30,Iwik,ACOLITE,S2B_MSI_2025_06_30_11_45_58_T28QCH_L2W,C:\Users\Simon\Nextcloud\Project\Mauritania\Science\Arguin - FieldWork Data Processing\Data\S2\ACOLITE\2025-06-30,637,1049,2946,363515.0,2199485.0,0.16152311861515045,0.22000285983085632,0.337765634059906,0.4469611346721649,0.45916908979415894,0.4844115376472473,0.5084546804428101,0.5004410743713379,0.5242530703544617,0.5766027569770813,0.5159039497375488
2025-06-30,Iwik,ACOLITE,S2B_MSI_2025_06_30_11_45_58_T28QCH_L2W,C:\Users\Simon\Nextcloud\Project\Mauritania\Science\Arguin - FieldWork Data Processing\Data\S2\ACOLITE\2025-06-30,638,1049,2947,363525.0,2199485.0,0.16152600944042206,0.2216135412454605,0.3371182382106781,0.44530510902404785,0.4565950632095337,0.48294904828071594,0.508073091506958,0.49835413694381714,0.5226669311523438,0.5774010419845581,0.51723712682724
2025-06-30,Iwik,ACOLITE,S2B_MSI_2025_06_30_11_45_58_T28QCH_L2W,C:\Users\Simon\Nextcloud\Project\Mauritania\Science\Arguin - FieldWork Data Processing\Data\S2\ACOLITE\2025-06-30,639,1049,2948,363535.0,2199485.0,0.16152888536453247,0.2219720482826233,0.3361477255821228,0.4490198493003845,0.4565920829772949,0.4829457998275757,0.508069634437561,0.49587494134902954,0.5226634740829468,0.577398419380188,0.5172344446182251
2025-06-30,Iwik,ACOLITE,S2B_MSI_2025_06_30_11_45_58_T28QCH_L2W,C:\Users\Simon\Nextcloud\Project\Mauritania\Science\Arguin - FieldWork Data Processing\Data\S2\ACOLITE\2025-06-30,640,1049,2949,363545.0,2199485.0,0.1619432419538498,0.22322385013103485,0.33566150069236755,0.4506675601005554,0.46010661125183105,0.48280978202819824,0.511089563369751,0.4957413673400879,0.5252162218093872,0.5815136432647705,0.520631730556488
2025-06-30,Iwik,ACOLITE,S2B_MSI_2025_06_30_11_45_58_T28QCH_L2W,C:\Users\Simon\Nextcloud\Project\Mauritania\Science\Arguin - FieldWork Data Processing\Data\S2\ACOLITE\2025-06-30,641,1050,2928,363335.0,2199475.0,0.1519792526960373,0.2099369615316391,0.31410008668899536,0.42779868841171265,0.4369480013847351,0.4634355306625366,0.4903111159801483,0.4845736622810364,0.5085727572441101,0.5749289393424988,0.5222617983818054
2025-06-30,Iwik,ACOLITE,S2B_MSI_2025_06_30_11_45_58_T28QCH_L2W,C:\Users\Simon\Nextcloud\Project\Mauritania\Science\Arguin - FieldWork Data Processing\Data\S2\ACOLITE\2025-06-30,642,1050,2929,363345.0,2199475.0,0.151982381939888,0.2093985676765442,0.3171951174736023,0.4300138056278229,0.43898892402648926,0.46930253505706787,0.4953731298446655,0.482869952917099,0.5140662789344788,0.5757274627685547,0.5232303738594055
2025-06-30,Iwik,ACOLITE,S2B_MSI_2025_06_30_11_45_58_T28QCH_L2W,C:\Users\Simon\Nextcloud\Project\Mauritania\Science\Arguin - FieldWork Data Processing\Data\S2\ACOLITE\2025-06-30,643,1050,2930,363355.0,2199475.0,0.1519855260848999,0.20904000103473663,0.31996071338653564,0.4315348267555237,0.4389861524105072,0.46929940581321716,0.4953697919845581,0.48548266291618347,0.5140628218650818,0.5757248401641846,0.5232276916503906
2025-06-30,Iwik,ACOLITE,S2B_MSI_2025_06_30_11_45_58_T28QCH_L2W,C:\Users\Simon\Nextcloud\Project\Mauritania\Science\Arguin - FieldWork Data Processing\Data\S2\ACOLITE\2025-06-30,644,1050,2931,363365.0,2199475.0,0.15591543912887573,0.21299558877944946,0.3238601088523865,0.43194741010665894,0.44347453117370605,0.4704956114292145,0.49637851119041443,0.4870481491088867,0.5136932134628296,0.5746921896934509,0.5229821801185608
2025-06-30,Iwik,ACOLITE,S2B_MSI_2025_06_30_11_45_58_T28QCH_L2W,C:\Users\Simon\Nextcloud\Project\Mauritania\Science\Arguin - FieldWork Data Processing\Data\S2\ACOLITE\2025-06-30,645,1050,2932,363375.0,2199475.0,0.1559184491634369,0.2147916704416275,0.32467058300971985,0.43568071722984314,0.4434716999530792,0.47049248218536377,0.4963751435279846,0.4869142770767212,0.5136898159980774,0.5746895670890808,0.5229794979095459
2025-06-30,Iwik,ACOLITE,S2B_MSI_2025_06_30_11_45_58_T28QCH_L2W,C:\Users\Simon\Nextcloud\Project\Mauritania\Science\Arguin - FieldWork Data Processing\Data\S2\ACOLITE\2025-06-30,646,1050,2933,363385.0,2199475.0,0.15592150390148163,0.21497219800949097,0.3238573372364044,0.43567782640457153,0.44808894395828247,0.47315290570259094,0.49852150678634644,0.48704177141189575,0.5152730345726013,0.5751447677612305,0.5217627882957458
2025-06-30,Iwik,ACOLITE,S2B_MSI_2025_06_30_11_45_58_T28QCH_L2W,C:\Users\Simon\Nextcloud\Project\Mauritania\Science\Arguin - FieldWork Data Processing\Data\S2\ACOLITE\2025-06-30,647,1050,2934,363395.0,2199475.0,0.15592451393604279,0.2192744016647339,0.3300188183784485,0.4384392201900482,0.44808605313301086,0.47314971685409546,0.4985181391239166,0.4926537275314331,0.5152696371078491,0.5751421451568604,0.521760106086731
2025-06-30,Iwik,ACOLITE,S2B_MSI_2025_06_30_11_45_58_T28QCH_L2W,C:\Users\Simon\Nextcloud\Project\Mauritania\Science\Arguin - FieldWork Data Processing\Data\S2\ACOLITE\2025-06-30,648,1050,2935,363405.0,2199475.0,0.15592755377292633,0.21802183985710144,0.3262891173362732,0.44243964552879333,0.45174694061279297,0.47421133518218994,0.5011683106422424,0.49082329869270325,0.5212404131889343,0.5765128135681152,0.5200574994087219
2025-06-30,Iwik,ACOLITE,S2B_MSI_2025_06_30_11_45_58_T28QCH_L2W,C:\Users\Simon\Nextcloud\Project\Mauritania\Science\Arguin - FieldWork Data Processing\Data\S2\ACOLITE\2025-06-30,649,1050,2936,363415.0,2199475.0,0.15593059360980988,0.21802286803722382,0.3296918570995331,0.43953830003738403,0.4517439603805542,0.47420814633369446,0.5011648535728455,0.4909505844116211,0.5212369561195374,0.5765101909637451,0.5200548768043518
2025-06-30,Iwik,ACOLITE,S2B_MSI_2025_06_30_11_45_58_T28QCH_L2W,C:\Users\Simon\Nextcloud\Project\Mauritania\Science\Arguin - FieldWork Data Processing\Data\S2\ACOLITE\2025-06-30,650,1050,2937,363425.0,2199475.0,0.15943960845470428,0.22017230093479156,0.3283941149711609,0.44408851861953735,0.45309680700302124,0.4767322242259979,0.5045700669288635,0.49381816387176514,0.5179428458213806,0.5759353637695312,0.5170163512229919
2025-06-30,Iwik,ACOLITE,S2B_MSI_2025_06_30_11_45_58_T28QCH_L2W,C:\Users\Simon\Nextcloud\Project\Mauritania\Science\Arguin - FieldWork Data Processing\Data\S2\ACOLITE\2025-06-30,651,1050,2938,363435.0,2199475.0,0.15944252908229828,0.21963641047477722,0.3332498371601105,0.43994665145874023,0.45309385657310486,0.47672900557518005,0.5045666098594666,0.49211883544921875,0.5179393887519836,0.5759327411651611,0.5170137286186218
2025-06-30,Iwik,ACOLITE,S2B_MSI_2025_06_30_11_45_58_T28QCH_L2W,C:\Users\Simon\Nextcloud\Project\Mauritania\Science\Arguin - FieldWork Data Processing\Data\S2\ACOLITE\2025-06-30,652,1050,2939,363445.0,2199475.0,0.15944549441337585,0.2185632437467575,0.333733469247818,0.4442203938961029,0.4532264471054077,0.4772576093673706,0.5027961730957031,0.4944637715816498,0.5202518701553345,0.5739845633506775,0.5132459998130798
2025-06-30,Iwik,ACOLITE,S2B_MSI_2025_06_30_11_45_58_T28QCH_L2W,C:\Users\Simon\Nextcloud\Project\Mauritania\Science\Arguin - FieldWork Data Processing\Data\S2\ACOLITE\2025-06-30,653,1050,2940,363455.0,2199475.0,0.15944841504096985,0.21838517487049103,0.33162882924079895,0.44573333859443665,0.45322346687316895,0.47725439071655273,0.5027927756309509,0.4992825984954834,0.5202484130859375,0.5739820003509521,0.5132433772087097
2025-06-30,Iwik,ACOLITE,S2B_MSI_2025_06_30_11_45_58_T28QCH_L2W,C:\Users\Simon\Nextcloud\Project\Mauritania\Science\Arguin - FieldWork Data Processing\Data\S2\ACOLITE\2025-06-30,654,1050,2941,363465.0,2199475.0,0.15945133566856384,0.22160713374614716,0.33211275935173035,0.44435223937034607,0.4556591510772705,0.4801744222640991,0.5070787668228149,0.49576112627983093,0.5240204334259033,0.5744372010231018,0.5140909552574158
2025-06-30,Iwik,ACOLITE,S2B_MSI_2025_06_30_11_45_58_T28QCH_L2W,C:\Users\Simon\Nextcloud\Project\Mauritania\Science\Arguin - FieldWork Data Processing\Data\S2\ACOLITE\2025-06-30,655,1050,2942,363475.0,2199475.0,0.15945430099964142,0.22160810232162476,0.33227303624153137,0.44765546917915344,0.45565614104270935,0.4801711440086365,0.507075309753418,0.49432361125946045,0.5240169763565063,0.5744346380233765,0.5140883326530457
2025-06-30,Iwik,ACOLITE,S2B_MSI_2025_06_30_11_45_58_T28QCH_L2W,C:\Users\Simon\Nextcloud\Project\Mauritania\Science\Arguin - FieldWork Data Processing\Data\S2\ACOLITE\2025-06-30,656,1050,2943,363485.0,2199475.0,0.16028110682964325,0.22303897142410278,0.3361514210700989,0.44944170117378235,0.45890146493911743,0.4826902151107788,0.508332371711731,0.4949723482131958,0.5231612920761108,0.5752331018447876,0.5125066637992859
2025-06-30,Iwik,ACOLITE,S2B_MSI_2025_06_30_11_45_58_T28QCH_L2W,C:\Users\Simon\Nextcloud\Project\Mauritania\Science\Arguin - FieldWork Data Processing\Data\S2\ACOLITE\2025-06-30,657,1050,2944,363495.0,2199475.0,0.16028399765491486,0.22482581436634064,0.33792588114738464,0.44641003012657166,0.4588984251022339,0.48268693685531616,0.5083288550376892,0.4954906105995178,0.5231577754020691,0.5752304792404175,0.5125040411949158
2025-06-30,Iwik,ACOLITE,S2B_MSI_2025_06_30_11_45_58_T28QCH_L2W,C:\Users\Simon\Nextcloud\Project\Mauritania\Science\Arguin - FieldWork Data Processing\Data\S2\ACOLITE\2025-06-30,658,1050,2945,363505.0,2199475.0,0.16028693318367004,0.21964336931705475,0.33404743671417236,0.44530490040779114,0.4572716951370239,0.4801613986492157,0.5061821937561035,0.4953569769859314,0.5202310681343079,0.5749990344047546,0.5154164433479309
2025-06-30,Iwik,ACOLITE,S2B_MSI_2025_06_30_11_45_58_T28QCH_L2W,C:\Users\Simon\Nextcloud\Project\Mauritania\Science\Arguin - FieldWork Data Processing\Data\S2\ACOLITE\2025-06-30,659,1050,2946,363515.0,2199475.0,0.16028983891010284,0.21552447974681854,0.3319433033466339,0.44364798069000244,0.45726871490478516,0.48015815019607544,0.5061786770820618,0.49339762330055237,0.5202276706695557,0.5749964118003845,0.515413761138916
2025-06-30,Iwik,ACOLITE,S2B_MSI_2025_06_30_11_45_58_T28QCH_L2W,C:\Users\Simon\Nextcloud\Project\Mauritania\Science\Arguin - FieldWork Data Processing\Data\S2\ACOLITE\2025-06-30,660,1050,2947,363525.0,2199475.0,0.16029274463653564,0.2214340716600418,0.33404430747032166,0.44832849502563477,0.4576716721057892,0.4846669137477875,0.5066795945167542,0.49626287817955017,0.5219296216964722,0.5773966908454895,0.5163826942443848
2025-06-30,Iwik,ACOLITE,S2B_MSI_2025_06_30_11_45_58_T28QCH_L2W,C:\Users\Simon\Nextcloud\Project\Mauritania\Science\Arguin - FieldWork Data Processing\Data\S2\ACOLITE\2025-06-30,661,1050,2948,363535.0,2199475.0,0.16029566526412964,0.22286488115787506,0.33388105034828186,0.44887593388557434,0.45766863226890564,0.48466363549232483,0.5066760778427124,0.4995165765285492,0.5219261646270752,0.5773940682411194,0.5163800120353699
2025-06-30,Iwik,ACOLITE,S2B_MSI_2025_06_30_11_45_58_T28QCH_L2W,C:\Users\Simon\Nextcloud\Project\Mauritania\Science\Arguin - FieldWork Data Processing\Data\S2\ACOLITE\2025-06-30,662,1050,2949,363545.0,2199475.0,0.16153348982334137,0.22072070837020874,0.33371785283088684,0.4483223855495453,0.46212783455848694,0.4841298460960388,0.5124675035476685,0.49899235367774963,0.524114191532135,0.5802512168884277,0.5192916989326477
2025-06-30,Iwik,ACOLITE,S2B_MSI_2025_06_30_11_45_58_T28QCH_L2W,C:\Users\Simon\Nextcloud\Project\Mauritania\Science\Arguin - FieldWork Data Processing\Data\S2\ACOLITE\2025-06-30,663,1051,2927,363325.0,2199465.0,0.15197820961475372,0.20507411658763885,0.31360846757888794,0.43209150433540344,0.43694519996643066,0.4634326100349426,0.49030813574790955,0.4815616011619568,0.5085698962211609,0.5749273896217346,0.5222601294517517
2025-06-30,Iwik,ACOLITE,S2B_MSI_2025_06_30_11_45_58_T28QCH_L2W,C:\Users\Simon\Nextcloud\Project\Mauritania\Science\Arguin - FieldWork Data Processing\Data\S2\ACOLITE\2025-06-30,664,1051,2928,363335.0,2199465.0,0.15198132395744324,0.20669710636138916,0.31605246663093567,0.4313962161540985,0.4369424283504486,0.4634295701980591,0.4903048574924469,0.48378291726112366,0.5085665583610535,0.5749247670173645,0.5222574472427368
2025-06-30,Iwik,ACOLITE,S2B_MSI_2025_06_30_11_45_58_T28QCH_L2W,C:\Users\Simon\Nextcloud\Project\Mauritania\Science\Arguin - FieldWork Data Processing\Data\S2\ACOLITE\2025-06-30,665,1051,2929,363345.0,2199465.0,0.15198446810245514,0.21101665496826172,0.3152364194393158,0.4273742139339447,0.43898332118988037,0.4692964553833008,0.49536675214767456,0.48430293798446655,0.5140599608421326,0.5757232308387756,0.5232260823249817
2025-06-30,Iwik,ACOLITE,S2B_MSI_2025_06_30_11_45_58_T28QCH_L2W,C:\Users\Simon\Nextcloud\Project\Mauritania\Science\Arguin - FieldWork Data Processing\Data\S2\ACOLITE\2025-06-30,666,1051,2930,363355.0,2199465.0,0.15198761224746704,0.2083200216293335,0.31719017028808594,0.4257066249847412,0.4389805197715759,0.4692933261394501,0.49536335468292236,0.48403820395469666,0.5140565633773804,0.5757206678390503,0.5232234001159668
2025-06-30,Iwik,ACOLITE,S2B_MSI_2025_06_30_11_45_58_T28QCH_L2W,C:\Users\Simon\Nextcloud\Project\Mauritania\Science\Arguin - FieldWork Data Processing\Data\S2\ACOLITE\2025-06-30,667,1051,2931,363365.0,2199465.0,0.15591737627983093,0.2120971530675888,0.31686320900917053,0.43000248074531555,0.4434688091278076,0.470489501953125,0.4963720738887787,0.48181086778640747,0.5136868953704834,0.5746879577636719,0.522977888584137
2025-06-30,Iwik,ACOLITE,S2B_MSI_2025_06_30_11_45_58_T28QCH_L2W,C:\Users\Simon\Nextcloud\Project\Mauritania\Science\Arguin - FieldWork Data Processing\Data\S2\ACOLITE\2025-06-30,668,1051,2932,363375.0,2199465.0,0.1559203863143921,0.2153293788433075,0.32239291071891785,0.43110793828964233,0.4434659779071808,0.4704863727092743,0.4963686764240265,0.48703888058662415,0.5136834979057312,0.5746853947639465,0.5229752063751221
2025-06-30,Iwik,ACOLITE,S2B_MSI_2025_06_30_11_45_58_T28QCH_L2W,C:\Users\Simon\Nextcloud\Project\Mauritania\Science\Arguin - FieldWork Data Processing\Data\S2\ACOLITE\2025-06-30,669,1051,2933,363385.0,2199465.0,0.15592342615127563,0.21425403654575348,0.32417821884155273,0.43235135078430176,0.44808316230773926,0.4731466770172119,0.4985150396823883,0.485990047454834,0.5152666568756104,0.5751405358314514,0.5217584371566772
2025-06-30,Iwik,ACOLITE,S2B_MSI_2025_06_30_11_45_58_T28QCH_L2W,C:\Users\Simon\Nextcloud\Project\Mauritania\Science\Arguin - FieldWork Data Processing\Data\S2\ACOLITE\2025-06-30,670,1051,2934,363395.0,2199465.0,0.15592646598815918,0.21784113347530365,0.3292047381401062,0.43857142329216003,0.44808024168014526,0.4731435179710388,0.4985116124153137,0.4925171136856079,0.5152632594108582,0.5751379132270813,0.5217557549476624
2025-06-30,Iwik,ACOLITE,S2B_MSI_2025_06_30_11_45_58_T28QCH_L2W,C:\Users\Simon\Nextcloud\Project\Mauritania\Science\Arguin - FieldWork Data Processing\Data\S2\ACOLITE\2025-06-30,671,1051,2935,363405.0,2199465.0,0.15592950582504272,0.21748383343219757,0.32644736766815186,0.4454667568206787,0.4517410099506378,0.4742050766944885,0.5011617541313171,0.49473145604133606,0.5212339758872986,0.5765085220336914,0.5200532078742981
2025-06-30,Iwik,ACOLITE,S2B_MSI_2025_06_30_11_45_58_T28QCH_L2W,C:\Users\Simon\Nextcloud\Project\Mauritania\Science\Arguin - FieldWork Data Processing\Data\S2\ACOLITE\2025-06-30,672,1051,2936,363415.0,2199465.0,0.15593251585960388,0.21891772747039795,0.32417404651641846,0.44339603185653687,0.45173805952072144,0.47420188784599304,0.5011582970619202,0.49733537435531616,0.5212304592132568,0.5765058994293213,0.5200505256652832
2025-06-30,Iwik,ACOLITE,S2B_MSI_2025_06_30_11_45_58_T28QCH_L2W,C:\Users\Simon\Nextcloud\Project\Mauritania\Science\Arguin - FieldWork Data Processing\Data\S2\ACOLITE\2025-06-30,673,1051,2937,363425.0,2199465.0,0.15944141149520874,0.21873967349529266,0.3335706293582916,0.44642508029937744,0.4530908167362213,0.4767259359359741,0.5045633912086487,0.4964197874069214,0.5179363489151001,0.5759311318397522,0.5170120596885681
2025-06-30,Iwik,ACOLITE,S2B_MSI_2025_06_30_11_45_58_T28QCH_L2W,C:\Users\Simon\Nextcloud\Project\Mauritania\Science\Arguin - FieldWork Data Processing\Data\S2\ACOLITE\2025-06-30,674,1051,2938,363435.0,2199465.0,0.15944436192512512,0.2183825522661209,0.3332456648349762,0.44173485040664673,0.45308783650398254,0.47672268748283386,0.5045599341392517,0.4918515980243683,0.5179329514503479,0.5759285092353821,0.5170093774795532
2025-06-30,Iwik,ACOLITE,S2B_MSI_2025_06_30_11_45_58_T28QCH_L2W,C:\Users\Simon\Nextcloud\Project\Mauritania\Science\Arguin - FieldWork Data Processing\Data\S2\ACOLITE\2025-06-30,675,1051,2939,363445.0,2199465.0,0.1594472974538803,0.21963678300380707,0.33372923731803894,0.44255954027175903,0.4532204270362854,0.4772512912750244,0.5027895569801331,0.49132633209228516,0.520245373249054,0.5739803314208984,0.513241708278656
2025-06-30,Iwik,ACOLITE,S2B_MSI_2025_06_30_11_45_58_T28QCH_L2W,C:\Users\Simon\Nextcloud\Project\Mauritania\Science\Arguin - FieldWork Data Processing\Data\S2\ACOLITE\2025-06-30,676,1051,2940,363455.0,2199465.0,0.1594502180814743,0.21838459372520447,0.3293578326702118,0.44379764795303345,0.453217476606369,0.47724807262420654,0.5027860999107361,0.4932803809642792,0.5202418565750122,0.5739777088165283,0.5132390260696411
2025-06-30,Iwik,ACOLITE,S2B_MSI_2025_06_30_11_45_58_T28QCH_L2W,C:\Users\Simon\Nextcloud\Project\Mauritania\Science\Arguin - FieldWork Data Processing\Data\S2\ACOLITE\2025-06-30,677,1051,2941,363465.0,2199465.0,0.15945316851139069,0.2219640165567398,0.33081382513046265,0.4459996521472931,0.4556531012058258,0.480167955160141,0.5070720314979553,0.4943206012248993,0.524013876914978,0.574432909488678,0.5140866637229919
2025-06-30,Iwik,ACOLITE,S2B_MSI_2025_06_30_11_45_58_T28QCH_L2W,C:\Users\Simon\Nextcloud\Project\Mauritania\Science\Arguin - FieldWork Data Processing\Data\S2\ACOLITE\2025-06-30,678,1051,2942,363475.0,2199465.0,0.15945610404014587,0.22339461743831635,0.3374405801296234,0.44654759764671326,0.45565009117126465,0.48016470670700073,0.5070685148239136,0.495230108499527,0.524010419845581,0.5744303464889526,0.5140840411186218
2025-06-30,Iwik,ACOLITE,S2B_MSI_2025_06_30_11_45_58_T28QCH_L2W,C:\Users\Simon\Nextcloud\Project\Mauritania\Science\Arguin - FieldWork Data Processing\Data\S2\ACOLITE\2025-06-30,679,1051,2943,363485.0,2199465.0,0.1602828949689865,0.22375276684761047,0.33210548758506775,0.45012325048446655,0.4588952958583832,0.4826837182044983,0.5083255767822266,0.4970516264438629,0.5231547355651855,0.5752288103103638,0.5125023126602173
2025-06-30,Iwik,ACOLITE,S2B_MSI_2025_06_30_11_45_58_T28QCH_L2W,C:\Users\Simon\Nextcloud\Project\Mauritania\Science\Arguin - FieldWork Data Processing\Data\S2\ACOLITE\2025-06-30,680,1051,2944,363495.0,2199465.0,0.16028578579425812,0.22035743296146393,0.3316185474395752,0.447367787361145,0.45889225602149963,0.48268043994903564,0.5083220601081848,0.4963967204093933,0.523151159286499,0.5752261281013489,0.5124996900558472
2025-06-30,Iwik,ACOLITE,S2B_MSI_2025_06_30_11_45_58_T28QCH_L2W,C:\Users\Simon\Nextcloud\Project\Mauritania\Science\Arguin - FieldWork Data Processing\Data\S2\ACOLITE\2025-06-30,681,1051,2945,363505.0,2199465.0,0.1602887064218521,0.2192848026752472,0.33339643478393555,0.44557425379753113,0.45726555585861206,0.48015493154525757,0.5061753988265991,0.4933945834636688,0.5202245116233826,0.574994683265686,0.5154120326042175
2025-06-30,Iwik,ACOLITE,S2B_MSI_2025_06_30_11_45_58_T28QCH_L2W,C:\Users\Simon\Nextcloud\Project\Mauritania\Science\Arguin - FieldWork Data Processing\Data\S2\ACOLITE\2025-06-30,682,1051,2946,363515.0,2199465.0,0.1602916270494461,0.21910682320594788,0.3303205966949463,0.4430902898311615,0.4572625458240509,0.4801516532897949,0.5061718821525574,0.49260857701301575,0.5202210545539856,0.5749920606613159,0.5154094099998474
2025-06-30,Iwik,ACOLITE,S2B_MSI_2025_06_30_11_45_58_T28QCH_L2W,C:\Users\Simon\Nextcloud\Project\Mauritania\Science\Arguin - FieldWork Data Processing\Data\S2\ACOLITE\2025-06-30,683,1051,2947,363525.0,2199465.0,0.1602945476770401,0.22089694440364838,0.3293474316596985,0.4494231045246124,0.45766550302505493,0.4846603572368622,0.5066727995872498,0.4978201985359192,0.5219230055809021,0.5773923397064209,0.5163782835006714
2025-06-30,Iwik,ACOLITE,S2B_MSI_2025_06_30_11_45_58_T28QCH_L2W,C:\Users\Simon\Nextcloud\Project\Mauritania\Science\Arguin - FieldWork Data Processing\Data\S2\ACOLITE\2025-06-30,684,1051,2948,363535.0,2199465.0,0.1602974385023117,0.22447149455547333,0.33274486660957336,0.4496951103210449,0.4576624631881714,0.48465707898139954,0.5066693425178528,0.5001611709594727,0.5219194889068604,0.5773897171020508,0.5163756012916565
2025-06-30,Iwik,ACOLITE,S2B_MSI_2025_06_30_11_45_58_T28QCH_L2W,C:\Users\Simon\Nextcloud\Project\Mauritania\Science\Arguin - FieldWork Data Processing\Data\S2\ACOLITE\2025-06-30,685,1052,2927,363325.0,2199455.0,0.15198025107383728,0.20435287058353424,0.31653881072998047,0.42612558603286743,0.4388470947742462,0.46516212821006775,0.49232885241508484,0.4828643500804901,0.5111298561096191,0.5717180371284485,0.5233485102653503
2025-06-30,Iwik,ACOLITE,S2B_MSI_2025_06_30_11_45_58_T28QCH_L2W,C:\Users\Simon\Nextcloud\Project\Mauritania\Science\Arguin - FieldWork Data Processing\Data\S2\ACOLITE\2025-06-30,686,1052,2928,363335.0,2199455.0,0.15198343992233276,0.2075972855091095,0.3162117600440979,0.42667773365974426,0.43884432315826416,0.46515902876853943,0.4923255145549774,0.4828612208366394,0.5111264586448669,0.5717154145240784,0.5233458280563354
2025-06-30,Iwik,ACOLITE,S2B_MSI_2025_06_30_11_45_58_T28QCH_L2W,C:\Users\Simon\Nextcloud\Project\Mauritania\Science\Arguin - FieldWork Data Processing\Data\S2\ACOLITE\2025-06-30,687,1052,2929,363345.0,2199455.0,0.15198656916618347,0.20975780487060547,0.3181646168231964,0.43014097213745117,0.4393862783908844,0.4684905707836151,0.49422135949134827,0.4806331396102905,0.511978030204773,0.5750324130058289,0.5241929888725281
2025-06-30,Iwik,ACOLITE,S2B_MSI_2025_06_30_11_45_58_T28QCH_L2W,C:\Users\Simon\Nextcloud\Project\Mauritania\Science\Arguin - FieldWork Data Processing\Data\S2\ACOLITE\2025-06-30,688,1052,2930,363355.0,2199455.0,0.15198969841003418,0.21335279941558838,0.322229266166687,0.42986100912094116,0.43938347697257996,0.4684874415397644,0.49421796202659607,0.48651644587516785,0.5119746327400208,0.5750298500061035,0.5241902470588684
2025-06-30,Iwik,ACOLITE,S2B_MSI_2025_06_30_11_45_58_T28QCH_L2W,C:\Users\Simon\Nextcloud\Project\Mauritania\Science\Arguin - FieldWork Data Processing\Data\S2\ACOLITE\2025-06-30,689,1052,2931,363365.0,2199455.0,0.15591929852962494,0.21407192945480347,0.31978923082351685,0.43068942427635193,0.44278308749198914,0.46995043754577637,0.49358171224594116,0.48599040508270264,0.5106276869773865,0.5757138133049011,0.5226093530654907
2025-06-30,Iwik,ACOLITE,S2B_MSI_2025_06_30_11_45_58_T28QCH_L2W,C:\Users\Simon\Nextcloud\Project\Mauritania\Science\Arguin - FieldWork Data Processing\Data\S2\ACOLITE\2025-06-30,690,1052,2932,363375.0,2199455.0,0.1559223234653473,0.214073047041893,0.3209262490272522,0.4352540969848633,0.4427802264690399,0.46994727849960327,0.49357834458351135,0.48637938499450684,0.5106242895126343,0.575711190700531,0.522606611251831
2025-06-30,Iwik,ACOLITE,S2B_MSI_2025_06_30_11_45_58_T28QCH_L2W,C:\Users\Simon\Nextcloud\Project\Mauritania\Science\Arguin - FieldWork Data Processing\Data\S2\ACOLITE\2025-06-30,691,1052,2933,363385.0,2199455.0,0.15592539310455322,0.21173988282680511,0.3223876655101776,0.4324839413166046,0.44699087738990784,0.4718090891838074,0.49699127674102783,0.4824528694152832,0.5112316608428955,0.5739918351173401,0.5215112566947937
2025-06-30,Iwik,ACOLITE,S2B_MSI_2025_06_30_11_45_58_T28QCH_L2W,C:\Users\Simon\Nextcloud\Project\Mauritania\Science\Arguin - FieldWork Data Processing\Data\S2\ACOLITE\2025-06-30,692,1052,2934,363395.0,2199455.0,0.15592841804027557,0.21694467961788177,0.32660701870918274,0.4385654628276825,0.44698795676231384,0.4718059003353119,0.49698787927627563,0.49420684576034546,0.5112282633781433,0.57398921251297,0.5215085744857788
2025-06-30,Iwik,ACOLITE,S2B_MSI_2025_06_30_11_45_58_T28QCH_L2W,C:\Users\Simon\Nextcloud\Project\Mauritania\Science\Arguin - FieldWork Data Processing\Data\S2\ACOLITE\2025-06-30,693,1052,2935,363405.0,2199455.0,0.15593144297599792,0.2174832969903946,0.3282269239425659,0.4435308277606964,0.45078569650650024,0.47526314854621887,0.5031754970550537,0.49224671721458435,0.518912136554718,0.5751310586929321,0.5196846127510071
2025-06-30,Iwik,ACOLITE,S2B_MSI_2025_06_30_11_45_58_T28QCH_L2W,C:\Users\Simon\Nextcloud\Project\Mauritania\Science\Arguin - FieldWork Data Processing\Data\S2\ACOLITE\2025-06-30,694,1052,2936,363415.0,2199455.0,0.15593446791172028,0.21515397727489471,0.3244948089122772,0.44407927989959717,0.45078274607658386,0.4752599596977234,0.503171980381012,0.49054664373397827,0.518908679485321,0.575128436088562,0.5196819305419922
2025-06-30,Iwik,ACOLITE,S2B_MSI_2025_06_30_11_45_58_T28QCH_L2W,C:\Users\Simon\Nextcloud\Project\Mauritania\Science\Arguin - FieldWork Data Processing\Data\S2\ACOLITE\2025-06-30,695,1052,2937,363425.0,2199455.0,0.1594432145357132,0.221065491437912,0.3314633071422577,0.44545456767082214,0.45579445362091064,0.47778308391571045,0.5053137540817261,0.5001915097236633,0.5197583436965942,0.5750114321708679,0.5148216485977173
2025-06-30,Iwik,ACOLITE,S2B_MSI_2025_06_30_11_45_58_T28QCH_L2W,C:\Users\Simon\Nextcloud\Project\Mauritania\Science\Arguin - FieldWork Data Processing\Data\S2\ACOLITE\2025-06-30,696,1052,2938,363435.0,2199455.0,0.15944615006446838,0.2210664600133896,0.33421164751052856,0.4455892741680145,0.4557914733886719,0.4777798354625702,0.5053102374076843,0.4954977035522461,0.5197548866271973,0.5750088095664978,0.5148189663887024
2025-06-30,Iwik,ACOLITE,S2B_MSI_2025_06_30_11_45_58_T28QCH_L2W,C:\Users\Simon\Nextcloud\Project\Mauritania\Science\Arguin - FieldWork Data Processing\Data\S2\ACOLITE\2025-06-30,697,1052,2939,363445.0,2199455.0,0.15944911539554596,0.22142508625984192,0.3337250351905823,0.4433809220790863,0.4529433846473694,0.47724491357803345,0.5049283504486084,0.49223366379737854,0.5197514295578003,0.5732893347740173,0.5119011998176575
2025-06-30,Iwik,ACOLITE,S2B_MSI_2025_06_30_11_45_58_T28QCH_L2W,C:\Users\Simon\Nextcloud\Project\Mauritania\Science\Arguin - FieldWork Data Processing\Data\S2\ACOLITE\2025-06-30,698,1052,2940,363455.0,2199455.0,0.15945205092430115,0.2183840274810791,0.32983964681625366,0.44627198576927185,0.4529403746128082,0.47724172472953796,0.5049248337745667,0.4918389320373535,0.5197479128837585,0.573286771774292,0.5118985772132874
2025-06-30,Iwik,ACOLITE,S2B_MSI_2025_06_30_11_45_58_T28QCH_L2W,C:\Users\Simon\Nextcloud\Project\Mauritania\Science\Arguin - FieldWork Data Processing\Data\S2\ACOLITE\2025-06-30,699,1052,2941,363465.0,2199455.0,0.15945497155189514,0.22160577774047852,0.32902827858924866,0.4469575881958008,0.4540215730667114,0.4777701497077942,0.5045428276062012,0.49548783898353577,0.5213283896446228,0.5743142366409302,0.5137178897857666
2025-06-30,Iwik,ACOLITE,S2B_MSI_2025_06_30_11_45_58_T28QCH_L2W,C:\Users\Simon\Nextcloud\Project\Mauritania\Science\Arguin - FieldWork Data Processing\Data\S2\ACOLITE\2025-06-30,700,1052,2942,363475.0,2199455.0,0.15945792198181152,0.2223217487335205,0.3351750671863556,0.444888174533844,0.45401856303215027,0.47776690125465393,0.5045393705368042,0.4979606568813324,0.521324872970581,0.5743115544319153,0.5137152671813965
2025-06-30,Iwik,ACOLITE,S2B_MSI_2025_06_30_11_45_58_T28QCH_L2W,C:\Users\Simon\Nextcloud\Project\Mauritania\Science\Arguin - FieldWork Data Processing\Data\S2\ACOLITE\2025-06-30,701,1052,2943,363485.0,2199455.0,0.16028466820716858,0.22089242935180664,0.3327484130859375,0.44860345125198364,0.45388007164001465,0.4798893928527832,0.5079406499862671,0.49639371037483215,0.5221739411354065,0.5748811960220337,0.5129838585853577
2025-06-30,Iwik,ACOLITE,S2B_MSI_2025_06_30_11_45_58_T28QCH_L2W,C:\Users\Simon\Nextcloud\Project\Mauritania\Science\Arguin - FieldWork Data Processing\Data\S2\ACOLITE\2025-06-30,702,1052,2944,363495.0,2199455.0,0.16028760373592377,0.22160859405994415,0.3304813504219055,0.4463975727558136,0.4538770914077759,0.47988611459732056,0.5079371333122253,0.49626004695892334,0.5221704840660095,0.5748785734176636,0.5129812359809875
2025-06-30,Iwik,ACOLITE,S2B_MSI_2025_06_30_11_45_58_T28QCH_L2W,C:\Users\Simon\Nextcloud\Project\Mauritania\Science\Arguin - FieldWork Data Processing\Data\S2\ACOLITE\2025-06-30,703,1052,2945,363505.0,2199455.0,0.16029050946235657,0.22214582562446594,0.33581647276878357,0.44584351778030396,0.45509323477745056,0.47908586263656616,0.504150390625,0.4922141432762146,0.5219233632087708,0.5749903917312622,0.5139502286911011
2025-06-30,Iwik,ACOLITE,S2B_MSI_2025_06_30_11_45_58_T28QCH_L2W,C:\Users\Simon\Nextcloud\Project\Mauritania\Science\Arguin - FieldWork Data Processing\Data\S2\ACOLITE\2025-06-30,704,1052,2946,363515.0,2199455.0,0.16029341518878937,0.2212529331445694,0.33403730392456055,0.4477683901786804,0.4550902545452118,0.4790826141834259,0.5041468739509583,0.49560174345970154,0.521919846534729,0.5749877691268921,0.513947606086731
2025-06-30,Iwik,ACOLITE,S2B_MSI_2025_06_30_11_45_58_T28QCH_L2W,C:\Users\Simon\Nextcloud\Project\Mauritania\Science\Arguin - FieldWork Data Processing\Data\S2\ACOLITE\2025-06-30,705,1052,2947,363525.0,2199455.0,0.16029633581638336,0.21982303261756897,0.33080053329467773,0.4477652907371521,0.45806530117988586,0.4857144355773926,0.5079265832901001,0.49872565269470215,0.5255682468414307,0.577502429485321,0.516373872756958
2025-06-30,Iwik,ACOLITE,S2B_MSI_2025_06_30_11_45_58_T28QCH_L2W,C:\Users\Simon\Nextcloud\Project\Mauritania\Science\Arguin - FieldWork Data Processing\Data\S2\ACOLITE\2025-06-30,706,1053,2929,363345.0,2199445.0,0.1519886702299118,0.20741833746433258,0.3176725506782532,0.42999663949012756,0.4393806755542755,0.4684845209121704,0.4942149817943573,0.4865136444568634,0.5119717717170715,0.5750282406806946,0.5241886377334595
2025-06-30,Iwik,ACOLITE,S2B_MSI_2025_06_30_11_45_58_T28QCH_L2W,C:\Users\Simon\Nextcloud\Project\Mauritania\Science\Arguin - FieldWork Data Processing\Data\S2\ACOLITE\2025-06-30,707,1053,2930,363355.0,2199445.0,0.15199178457260132,0.2129933089017868,0.31978681683540344,0.4302709102630615,0.43937787413597107,0.4684813916683197,0.4942116141319275,0.4861183166503906,0.5119683742523193,0.5750256180763245,0.5241859555244446
2025-06-30,Iwik,ACOLITE,S2B_MSI_2025_06_30_11_45_58_T28QCH_L2W,C:\Users\Simon\Nextcloud\Project\Mauritania\Science\Arguin - FieldWork Data Processing\Data\S2\ACOLITE\2025-06-30,708,1053,2931,363365.0,2199445.0,0.15592123568058014,0.2111981362104416,0.32059863209724426,0.4348362386226654,0.4427773952484131,0.4699442982673645,0.4935753345489502,0.48689934611320496,0.5106213688850403,0.5757095813751221,0.5226050019264221
2025-06-30,Iwik,ACOLITE,S2B_MSI_2025_06_30_11_45_58_T28QCH_L2W,C:\Users\Simon\Nextcloud\Project\Mauritania\Science\Arguin - FieldWork Data Processing\Data\S2\ACOLITE\2025-06-30,709,1053,2932,363375.0,2199445.0,0.1559242606163025,0.20832210779190063,0.31929609179496765,0.4348333477973938,0.44277453422546387,0.4699411392211914,0.493571937084198,0.486634761095047,0.5106180310249329,0.575706958770752,0.5226023197174072
2025-06-30,Iwik,ACOLITE,S2B_MSI_2025_06_30_11_45_58_T28QCH_L2W,C:\Users\Simon\Nextcloud\Project\Mauritania\Science\Arguin - FieldWork Data Processing\Data\S2\ACOLITE\2025-06-30,710,1053,2933,363385.0,2199445.0,0.15592730045318604,0.21030181646347046,0.32189637422561646,0.4310935437679291,0.44698506593704224,0.47180289030075073,0.4969848096370697,0.4837551414966583,0.5112254023551941,0.573987603187561,0.5215069055557251
2025-06-30,Iwik,ACOLITE,S2B_MSI_2025_06_30_11_45_58_T28QCH_L2W,C:\Users\Simon\Nextcloud\Project\Mauritania\Science\Arguin - FieldWork Data Processing\Data\S2\ACOLITE\2025-06-30,711,1053,2934,363395.0,2199445.0,0.15593037009239197,0.21550998091697693,0.32481831312179565,0.43662500381469727,0.44698214530944824,0.47179973125457764,0.4969813823699951,0.4875430464744568,0.5112219452857971,0.5739849805831909,0.5215042233467102
2025-06-30,Iwik,ACOLITE,S2B_MSI_2025_06_30_11_45_58_T28QCH_L2W,C:\Users\Simon\Nextcloud\Project\Mauritania\Science\Arguin - FieldWork Data Processing\Data\S2\ACOLITE\2025-06-30,712,1053,2935,363405.0,2199445.0,0.15593338012695312,0.21712440252304077,0.32854706048965454,0.4414557218551636,0.4507797658443451,0.47525691986083984,0.5031688809394836,0.490935355424881,0.5189056992530823,0.5751268267631531,0.5196802616119385
2025-06-30,Iwik,ACOLITE,S2B_MSI_2025_06_30_11_45_58_T28QCH_L2W,C:\Users\Simon\Nextcloud\Project\Mauritania\Science\Arguin - FieldWork Data Processing\Data\S2\ACOLITE\2025-06-30,713,1053,2936,363415.0,2199445.0,0.15593643486499786,0.21891653537750244,0.3309750556945801,0.4446246027946472,0.4507768154144287,0.4752536714076996,0.5031654238700867,0.49367237091064453,0.5189021825790405,0.575124204158783,0.5196775794029236
2025-06-30,Iwik,ACOLITE,S2B_MSI_2025_06_30_11_45_58_T28QCH_L2W,C:\Users\Simon\Nextcloud\Project\Mauritania\Science\Arguin - FieldWork Data Processing\Data\S2\ACOLITE\2025-06-30,714,1053,2937,363425.0,2199445.0,0.15944501757621765,0.22178010642528534,0.33259186148643494,0.4436565935611725,0.45578843355178833,0.47777679562568665,0.5053070783615112,0.49888285994529724,0.5197519063949585,0.5750072002410889,0.5148173570632935
2025-06-30,Iwik,ACOLITE,S2B_MSI_2025_06_30_11_45_58_T28QCH_L2W,C:\Users\Simon\Nextcloud\Project\Mauritania\Science\Arguin - FieldWork Data Processing\Data\S2\ACOLITE\2025-06-30,715,1053,2938,363435.0,2199445.0,0.15944796800613403,0.22267478704452515,0.3311339020729065,0.44530752301216125,0.45578545331954956,0.477773517370224,0.5053035616874695,0.49718591570854187,0.5197483897209167,0.575004518032074,0.5148146748542786
2025-06-30,Iwik,ACOLITE,S2B_MSI_2025_06_30_11_45_58_T28QCH_L2W,C:\Users\Simon\Nextcloud\Project\Mauritania\Science\Arguin - FieldWork Data Processing\Data\S2\ACOLITE\2025-06-30,716,1053,2939,363445.0,2199445.0,0.15945091843605042,0.21945658326148987,0.3308085799217224,0.44392627477645874,0.45293739438056946,0.47723859548568726,0.5049216151237488,0.4934016764163971,0.5197449326515198,0.5732851028442383,0.5118969082832336
2025-06-30,Iwik,ACOLITE,S2B_MSI_2025_06_30_11_45_58_T28QCH_L2W,C:\Users\Simon\Nextcloud\Project\Mauritania\Science\Arguin - FieldWork Data Processing\Data\S2\ACOLITE\2025-06-30,717,1053,2940,363455.0,2199445.0,0.1594538539648056,0.21677127480506897,0.32837754487991333,0.4406127631664276,0.4529344141483307,0.477235347032547,0.5049181580543518,0.49157172441482544,0.519741415977478,0.5732824802398682,0.5118942260742188
2025-06-30,Iwik,ACOLITE,S2B_MSI_2025_06_30_11_45_58_T28QCH_L2W,C:\Users\Simon\Nextcloud\Project\Mauritania\Science\Arguin - FieldWork Data Processing\Data\S2\ACOLITE\2025-06-30,718,1053,2941,363465.0,2199445.0,0.15945680439472198,0.21910060942173004,0.32643070816993713,0.44323086738586426,0.4540155231952667,0.47776374220848083,0.5045361518859863,0.49378636479377747,0.5213218331336975,0.5743099451065063,0.513713538646698
2025-06-30,Iwik,ACOLITE,S2B_MSI_2025_06_30_11_45_58_T28QCH_L2W,C:\Users\Simon\Nextcloud\Project\Mauritania\Science\Arguin - FieldWork Data Processing\Data\S2\ACOLITE\2025-06-30,719,1053,2942,363475.0,2199445.0,0.15945972502231598,0.22089079022407532,0.3316132724285126,0.44515758752822876,0.45401254296302795,0.47776052355766296,0.5045326352119446,0.49691200256347656,0.5213183164596558,0.5743072628974915,0.5137109160423279
2025-06-30,Iwik,ACOLITE,S2B_MSI_2025_06_30_11_45_58_T28QCH_L2W,C:\Users\Simon\Nextcloud\Project\Mauritania\Science\Arguin - FieldWork Data Processing\Data\S2\ACOLITE\2025-06-30,720,1053,2943,363485.0,2199445.0,0.16028645634651184,0.2205340415239334,0.3358154296875,0.4435005486011505,0.45387402176856995,0.4798829257488251,0.5079339146614075,0.49482306838035583,0.5221673846244812,0.5748769044876099,0.5129795074462891
2025-06-30,Iwik,ACOLITE,S2B_MSI_2025_06_30_11_45_58_T28QCH_L2W,C:\Users\Simon\Nextcloud\Project\Mauritania\Science\Arguin - FieldWork Data Processing\Data\S2\ACOLITE\2025-06-30,721,1053,2944,363495.0,2199445.0,0.16028937697410583,0.21964050829410553,0.3327426016330719,0.4423944056034088,0.4538710117340088,0.4798796772956848,0.507930338382721,0.4933852553367615,0.5221638679504395,0.5748742818832397,0.512976884841919
2025-06-30,Iwik,ACOLITE,S2B_MSI_2025_06_30_11_45_58_T28QCH_L2W,C:\Users\Simon\Nextcloud\Project\Mauritania\Science\Arguin - FieldWork Data Processing\Data\S2\ACOLITE\2025-06-30,722,1053,2945,363505.0,2199445.0,0.16029228270053864,0.2189256101846695,0.3322558104991913,0.44680139422416687,0.45508715510368347,0.4790794551372528,0.5041436553001404,0.4949468672275543,0.5219168066978455,0.5749861001968384,0.5139458775520325
2025-06-30,Iwik,ACOLITE,S2B_MSI_2025_06_30_11_45_58_T28QCH_L2W,C:\Users\Simon\Nextcloud\Project\Mauritania\Science\Arguin - FieldWork Data Processing\Data\S2\ACOLITE\2025-06-30,723,1054,2933,363385.0,2199435.0,0.15592923760414124,0.20958232879638672,0.3209173083305359,0.43440958857536316,0.44534897804260254,0.46993184089660645,0.4969783425331116,0.4883240759372711,0.5113412141799927,0.5721518993377686,0.521623969078064
2025-06-30,Iwik,ACOLITE,S2B_MSI_2025_06_30_11_45_58_T28QCH_L2W,C:\Users\Simon\Nextcloud\Project\Mauritania\Science\Arguin - FieldWork Data Processing\Data\S2\ACOLITE\2025-06-30,724,1054,2934,363395.0,2199435.0,0.1559322625398636,0.21533018350601196,0.32497668266296387,0.4378627836704254,0.4453461170196533,0.46992865204811096,0.4969749450683594,0.4921071231365204,0.5113378167152405,0.5721492767333984,0.5216212868690491
2025-06-30,Iwik,ACOLITE,S2B_MSI_2025_06_30_11_45_58_T28QCH_L2W,C:\Users\Simon\Nextcloud\Project\Mauritania\Science\Arguin - FieldWork Data Processing\Data\S2\ACOLITE\2025-06-30,725,1054,2935,363405.0,2199435.0,0.15593531727790833,0.21622779965400696,0.32708412408828735,0.43924111127853394,0.44738084077835083,0.47365403175354004,0.5007631182670593,0.491712361574173,0.5180459022521973,0.5729479789733887,0.5194330811500549
2025-06-30,Iwik,ACOLITE,S2B_MSI_2025_06_30_11_45_58_T28QCH_L2W,C:\Users\Simon\Nextcloud\Project\Mauritania\Science\Arguin - FieldWork Data Processing\Data\S2\ACOLITE\2025-06-30,726,1054,2936,363415.0,2199435.0,0.15593835711479187,0.217483252286911,0.32562291622161865,0.44006651639938354,0.4473779499530792,0.47365081310272217,0.5007596611976624,0.49092596769332886,0.5180424451828003,0.5729453563690186,0.51943039894104
2025-06-30,Iwik,ACOLITE,S2B_MSI_2025_06_30_11_45_58_T28QCH_L2W,C:\Users\Simon\Nextcloud\Project\Mauritania\Science\Arguin - FieldWork Data Processing\Data\S2\ACOLITE\2025-06-30,727,1054,2937,363425.0,2199435.0,0.1594468206167221,0.2167675942182541,0.33080753684043884,0.4417196214199066,0.450496643781662,0.4785677492618561,0.5040388107299805,0.48961713910102844,0.520354688167572,0.5736294984817505,0.5144487023353577
2025-06-30,Iwik,ACOLITE,S2B_MSI_2025_06_30_11_45_58_T28QCH_L2W,C:\Users\Simon\Nextcloud\Project\Mauritania\Science\Arguin - FieldWork Data Processing\Data\S2\ACOLITE\2025-06-30,728,1054,2938,363435.0,2199435.0,0.1594497561454773,0.22160154581069946,0.3291865587234497,0.44378530979156494,0.4504936635494232,0.4785645008087158,0.5040352940559387,0.4941812753677368,0.520351231098175,0.5736268758773804,0.5144460201263428
2025-06-30,Iwik,ACOLITE,S2B_MSI_2025_06_30_11_45_58_T28QCH_L2W,C:\Users\Simon\Nextcloud\Project\Mauritania\Science\Arguin - FieldWork Data Processing\Data\S2\ACOLITE\2025-06-30,729,1054,2939,363445.0,2199435.0,0.15945273637771606,0.22249627113342285,0.330480694770813,0.4437822699546814,0.450762003660202,0.47696638107299805,0.49948590993881226,0.4937867224216461,0.5166906714439392,0.5729374289512634,0.513350248336792
2025-06-30,Iwik,ACOLITE,S2B_MSI_2025_06_30_11_45_58_T28QCH_L2W,C:\Users\Simon\Nextcloud\Project\Mauritania\Science\Arguin - FieldWork Data Processing\Data\S2\ACOLITE\2025-06-30,730,1054,2940,363455.0,2199435.0,0.15945567190647125,0.21874095499515533,0.33015531301498413,0.4403306543827057,0.45075899362564087,0.4769631326198578,0.49948248267173767,0.48999908566474915,0.5166872143745422,0.5729348063468933,0.5133475661277771
2025-06-30,Iwik,ACOLITE,S2B_MSI_2025_06_30_11_45_58_T28QCH_L2W,C:\Users\Simon\Nextcloud\Project\Mauritania\Science\Arguin - FieldWork Data Processing\Data\S2\ACOLITE\2025-06-30,731,1054,2941,363465.0,2199435.0,0.15945860743522644,0.2171301692724228,0.33144882321357727,0.4414316713809967,0.4506203830242157,0.47443312406539917,0.5006160140037537,0.4913012385368347,0.5160739421844482,0.5736189484596252,0.5145595073699951
2025-06-30,Iwik,ACOLITE,S2B_MSI_2025_06_30_11_45_58_T28QCH_L2W,C:\Users\Simon\Nextcloud\Project\Mauritania\Science\Arguin - FieldWork Data Processing\Data\S2\ACOLITE\2025-06-30,732,1054,2942,363475.0,2199435.0,0.15946155786514282,0.2223203182220459,0.32999032735824585,0.4429459571838379,0.45061740279197693,0.4744299054145813,0.5006125569343567,0.4942984879016876,0.5160704255104065,0.5736163258552551,0.5145568251609802
